datetime_local,uptime_ms,acc_x,acc_y,acc_z,gyro_x,gyro_y,gyro_z,speed_mps,turn_rate_deg_s,gps_valid
2026-01-31 17:43:58,7363574,-90.000,-1540.000,7534.000,-308.000,-136.000,-15.000,0.000,11.800,1
2026-01-31 17:43:58,7363614,527.000,-469.000,8544.000,705.000,-7.000,7.000,0.000,11.800,1
2026-01-31 17:43:58,7363654,390.000,-431.000,8316.000,108.000,63.000,-12.000,0.000,11.800,1
2026-01-31 17:43:58,7363695,358.000,-779.000,8502.000,114.000,-25.000,13.000,0.000,11.800,1
2026-01-31 17:43:59,7363735,489.000,-619.000,8580.000,50.000,-29.000,-60.000,0.000,11.800,1
2026-01-31 17:43:59,7363774,565.000,-677.000,8503.000,38.000,-80.000,-56.000,0.000,11.800,1
2026-01-31 17:43:59,7363814,550.000,-476.000,8386.000,75.000,-61.000,-22.000,0.000,3.280,1
2026-01-31 17:43:59,7363854,602.000,-509.000,8438.000,35.000,-91.000,-28.000,0.000,3.280,1
2026-01-31 17:43:59,7363894,626.000,-391.000,8413.000,15.000,-58.000,-9.000,0.000,3.280,1
2026-01-31 17:43:59,7363934,590.000,-364.000,8414.000,-36.000,-67.000,26.000,0.000,3.280,1
2026-01-31 17:43:59,7363974,597.000,-254.000,8309.000,-67.000,-81.000,28.000,0.000,3.280,1
2026-01-31 17:43:59,7364014,638.000,-294.000,8179.000,23.000,-73.000,-14.000,0.000,3.280,1
2026-01-31 17:43:59,7364054,576.000,-248.000,8320.000,34.000,-33.000,59.000,0.000,3.280,1
2026-01-31 17:43:59,7364094,598.000,-221.000,8412.000,30.000,-7.000,50.000,0.000,3.280,1
2026-01-31 17:43:59,7364134,523.000,-46.000,8370.000,133.000,93.000,59.000,0.000,3.280,1
2026-01-31 17:43:59,7364174,542.000,-133.000,8586.000,81.000,71.000,77.000,0.000,3.280,1
2026-01-31 17:43:59,7364214,461.000,-136.000,8203.000,-113.000,112.000,73.000,0.000,3.280,1
2026-01-31 17:43:59,7364254,457.000,-421.000,8305.000,-19.000,2.000,-3.000,0.000,3.280,1
2026-01-31 17:43:59,7364294,491.000,-189.000,8335.000,75.000,63.000,83.000,0.000,3.280,1
2026-01-31 17:43:59,7364334,689.000,-302.000,8396.000,107.000,122.000,68.000,0.000,3.280,1
2026-01-31 17:43:59,7364374,537.000,-250.000,8471.000,605.000,423.000,235.000,0.000,3.280,1
2026-01-31 17:43:59,7364414,556.000,-91.000,8604.000,913.000,616.000,284.000,0.000,3.280,1
2026-01-31 17:43:59,7364454,374.000,-112.000,8615.000,1218.000,865.000,423.000,0.000,3.280,1
2026-01-31 17:43:59,7364494,-70.000,167.000,8488.000,1445.000,480.000,340.000,0.000,3.280,1
2026-01-31 17:43:59,7364534,-177.000,744.000,8750.000,804.000,-375.000,126.000,0.000,3.280,1
2026-01-31 17:43:59,7364574,-85.000,456.000,9252.000,2.000,-1331.000,-161.000,0.000,3.280,1
2026-01-31 17:43:59,7364614,77.000,-56.000,9148.000,-465.000,-1617.000,-300.000,0.000,3.280,1
2026-01-31 17:43:59,7364654,160.000,147.000,8549.000,33.000,-1979.000,-329.000,0.000,3.280,1
2026-01-31 17:43:59,7364694,834.000,256.000,8324.000,-110.000,-2470.000,-351.000,0.000,3.280,1
2026-01-31 17:44:00,7364734,1138.000,315.000,8134.000,-157.000,-2541.000,-488.000,0.000,3.280,1
2026-01-31 17:44:00,7364774,1435.000,70.000,7728.000,277.000,-2596.000,-191.000,0.000,3.280,1
2026-01-31 17:44:00,7364814,1695.000,827.000,8531.000,341.000,-2778.000,-283.000,0.000,0.970,1
2026-01-31 17:44:00,7364854,1897.000,814.000,8572.000,-121.000,-2415.000,-296.000,0.000,0.970,1
2026-01-31 17:44:00,7364894,1192.000,-2669.000,7269.000,-7850.000,-2401.000,391.000,0.000,0.970,1
2026-01-31 17:44:00,7364934,2023.000,-1263.000,8022.000,-938.000,-2233.000,-310.000,0.000,0.970,1
2026-01-31 17:44:00,7364974,1705.000,462.000,8367.000,-173.000,-1620.000,-229.000,0.000,0.970,1
2026-01-31 17:44:00,7365014,1877.000,-869.000,7239.000,-2705.000,-850.000,390.000,0.000,0.970,1
2026-01-31 17:44:00,7365054,2151.000,-1245.000,6643.000,-1559.000,-261.000,960.000,0.000,0.970,1
2026-01-31 17:44:00,7365094,2551.000,-164.000,6770.000,-577.000,187.000,1185.000,0.000,0.970,1
2026-01-31 17:44:00,7365134,3544.000,-1667.000,7389.000,-1394.000,968.000,1536.000,0.000,0.970,1
2026-01-31 17:44:00,7365174,3615.000,-1226.000,7283.000,1627.000,1823.000,1147.000,0.000,0.970,1
2026-01-31 17:44:00,7365214,3700.000,-951.000,8325.000,2648.000,1685.000,1098.000,0.000,0.970,1
2026-01-31 17:44:00,7365254,2538.000,-235.000,7897.000,2684.000,1571.000,437.000,0.000,0.970,1
2026-01-31 17:44:00,7365294,2147.000,-970.000,8250.000,1076.000,867.000,468.000,0.000,0.970,1
2026-01-31 17:44:00,7365337,2287.000,-165.000,9051.000,1366.000,965.000,85.000,0.000,0.970,1
2026-01-31 17:44:00,7365376,1153.000,-1053.000,6693.000,3944.000,620.000,-580.000,0.000,0.970,1
2026-01-31 17:44:00,7365414,1836.000,735.000,7372.000,5173.000,-39.000,-813.000,0.000,0.970,1
2026-01-31 17:44:00,7365454,3025.000,896.000,8829.000,2069.000,-104.000,158.000,0.000,0.970,1
2026-01-31 17:44:00,7365494,1792.000,556.000,8147.000,1061.000,1041.000,402.000,0.000,0.970,1
2026-01-31 17:44:00,7365534,2572.000,1640.000,8843.000,1712.000,1170.000,129.000,0.000,0.970,1
2026-01-31 17:44:00,7365574,1640.000,673.000,8196.000,816.000,1094.000,189.000,0.000,0.970,1
2026-01-31 17:44:00,7365614,1456.000,887.000,8166.000,947.000,580.000,123.000,0.000,0.970,1
2026-01-31 17:44:00,7365654,1248.000,644.000,8092.000,1253.000,-145.000,148.000,0.000,0.970,1
2026-01-31 17:44:00,7365694,1722.000,1868.000,8502.000,1320.000,41.000,77.000,0.000,0.970,1
2026-01-31 17:44:01,7365734,1592.000,1242.000,8667.000,291.000,483.000,63.000,0.000,0.970,1
2026-01-31 17:44:01,7365774,1246.000,1306.000,8432.000,354.000,688.000,-61.000,0.000,0.970,1
2026-01-31 17:44:01,7365814,1067.000,1446.000,8498.000,-14.000,426.000,-153.000,0.000,4.000,1
2026-01-31 17:44:01,7365854,1077.000,1535.000,8293.000,-248.000,370.000,-338.000,0.000,4.000,1
2026-01-31 17:44:01,7365894,1004.000,1252.000,7923.000,-354.000,379.000,-422.000,0.000,4.000,1
2026-01-31 17:44:01,7365934,1355.000,1278.000,8167.000,-32.000,148.000,-333.000,0.000,4.000,1
2026-01-31 17:44:01,7365974,724.000,-124.000,7163.000,306.000,-87.000,67.000,0.000,4.000,1
2026-01-31 17:44:01,7366014,1438.000,1631.000,8531.000,524.000,-640.000,147.000,0.000,4.000,1
2026-01-31 17:44:01,7366054,1557.000,1215.000,8251.000,-316.000,-176.000,-9.000,0.000,4.000,1
2026-01-31 17:44:01,7366094,1482.000,1022.000,8126.000,-78.000,-7.000,46.000,0.000,4.000,1
2026-01-31 17:44:01,7366134,1343.000,847.000,7845.000,235.000,-166.000,268.000,0.000,4.000,1
2026-01-31 17:44:01,7366174,1625.000,1680.000,8221.000,382.000,-366.000,428.000,0.000,4.000,1
2026-01-31 17:44:01,7366214,1242.000,1036.000,7930.000,-182.000,138.000,207.000,0.000,4.000,1
2026-01-31 17:44:01,7366254,1623.000,1289.000,8015.000,182.000,37.000,275.000,0.000,4.000,1
2026-01-31 17:44:01,7366294,1429.000,1584.000,8165.000,242.000,233.000,189.000,0.000,4.000,1
2026-01-31 17:44:01,7366334,1525.000,1341.000,8500.000,319.000,273.000,133.000,0.000,4.000,1
2026-01-31 17:44:01,7366374,1269.000,1525.000,8355.000,363.000,425.000,6.000,0.000,4.000,1
2026-01-31 17:44:01,7366414,1180.000,1627.000,8121.000,231.000,260.000,-155.000,0.000,4.000,1
2026-01-31 17:44:01,7366454,1148.000,1459.000,8012.000,76.000,210.000,-136.000,0.000,4.000,1
2026-01-31 17:44:01,7366494,1191.000,1550.000,8061.000,91.000,61.000,-145.000,0.000,4.000,1
2026-01-31 17:44:01,7366534,1304.000,1648.000,8150.000,-98.000,-289.000,-170.000,0.000,4.000,1
2026-01-31 17:44:01,7366574,1452.000,1591.000,8281.000,123.000,-367.000,14.000,0.000,4.000,1
2026-01-31 17:44:01,7366614,1491.000,1732.000,8114.000,203.000,-510.000,93.000,0.000,4.000,1
2026-01-31 17:44:01,7366654,1110.000,1525.000,8175.000,-171.000,-740.000,71.000,0.000,4.000,1
2026-01-31 17:44:01,7366694,1611.000,1351.000,8061.000,7.000,-840.000,105.000,0.000,4.000,1
2026-01-31 17:44:02,7366734,1796.000,1872.000,8402.000,593.000,-574.000,-2.000,0.000,4.000,1
2026-01-31 17:44:02,7366774,1536.000,1495.000,7858.000,247.000,-239.000,-87.000,0.000,4.000,1
2026-01-31 17:44:02,7366814,1916.000,1692.000,8104.000,209.000,-150.000,-78.000,0.000,6.700,1
2026-01-31 17:44:02,7366854,1602.000,1949.000,8035.000,454.000,128.000,2.000,0.000,6.700,1
2026-01-31 17:44:02,7366894,1690.000,1681.000,8183.000,348.000,182.000,39.000,0.000,6.700,1
2026-01-31 17:44:02,7366934,1693.000,2163.000,8095.000,581.000,180.000,25.000,0.000,6.700,1
2026-01-31 17:44:02,7366974,1528.000,2395.000,7980.000,3.000,99.000,34.000,0.000,6.700,1
2026-01-31 17:44:02,7367014,1582.000,2317.000,7881.000,252.000,-11.000,158.000,0.000,6.700,1
2026-01-31 17:44:02,7367054,1505.000,1971.000,7505.000,90.000,-45.000,153.000,0.000,6.700,1
2026-01-31 17:44:02,7367094,1640.000,2049.000,7788.000,90.000,-237.000,19.000,0.000,6.700,1
2026-01-31 17:44:02,7367134,1706.000,1878.000,7769.000,-82.000,-152.000,94.000,0.000,6.700,1
2026-01-31 17:44:02,7367174,1654.000,2133.000,7963.000,101.000,-51.000,86.000,0.000,6.700,1
2026-01-31 17:44:02,7367214,1709.000,1969.000,7962.000,-54.000,-115.000,103.000,0.000,6.700,1
2026-01-31 17:44:02,7367254,1747.000,2052.000,7989.000,-22.000,-117.000,81.000,0.000,6.700,1
2026-01-31 17:44:02,7367294,1817.000,1994.000,7933.000,-45.000,-132.000,57.000,0.000,6.700,1
2026-01-31 17:44:02,7367337,1878.000,1918.000,7952.000,17.000,-42.000,26.000,0.000,6.700,1
2026-01-31 17:44:02,7367377,1867.000,1992.000,8030.000,114.000,-48.000,-28.000,0.000,6.700,1
2026-01-31 17:44:02,7367414,1866.000,2112.000,8119.000,119.000,-59.000,-26.000,0.000,6.700,1
2026-01-31 17:44:02,7367454,1781.000,2079.000,8135.000,13.000,-32.000,9.000,0.000,6.700,1
2026-01-31 17:44:02,7367494,1823.000,2094.000,8226.000,22.000,-53.000,49.000,0.000,6.700,1
2026-01-31 17:44:02,7367534,1759.000,2173.000,8050.000,192.000,-44.000,76.000,0.000,6.700,1
2026-01-31 17:44:02,7367577,1724.000,1960.000,7771.000,-17.000,-212.000,61.000,0.000,6.700,1
2026-01-31 17:44:02,7367614,1785.000,1938.000,7730.000,-6.000,-210.000,76.000,0.000,6.700,1
2026-01-31 17:44:02,7367654,1889.000,2125.000,7829.000,67.000,-127.000,70.000,0.000,6.700,1
2026-01-31 17:44:02,7367694,1894.000,2043.000,7910.000,27.000,-87.000,37.000,0.000,6.700,1
2026-01-31 17:44:03,7367734,1905.000,2124.000,7887.000,34.000,-106.000,-5.000,0.000,6.700,1
2026-01-31 17:44:03,7367774,1984.000,2084.000,7905.000,10.000,-123.000,-4.000,0.000,6.700,1
2026-01-31 17:44:03,7367814,1940.000,2176.000,7853.000,61.000,-97.000,4.000,0.000,35.060,1
2026-01-31 17:44:03,7367854,1881.000,2036.000,7738.000,2.000,-69.000,29.000,0.000,35.060,1
2026-01-31 17:44:03,7367894,1984.000,2076.000,7838.000,-23.000,-79.000,60.000,0.000,35.060,1
2026-01-31 17:44:03,7367934,2027.000,2116.000,7910.000,-18.000,7.000,35.000,0.000,35.060,1
2026-01-31 17:44:03,7367974,1928.000,2031.000,7760.000,-3.000,59.000,26.000,0.000,35.060,1
2026-01-31 17:44:03,7368014,1919.000,2106.000,7947.000,42.000,67.000,-5.000,0.000,35.060,1
2026-01-31 17:44:03,7368054,1938.000,2182.000,8026.000,-12.000,126.000,20.000,0.000,35.060,1
2026-01-31 17:44:03,7368094,1824.000,2071.000,8023.000,-17.000,124.000,-19.000,0.000,35.060,1
2026-01-31 17:44:03,7368134,1727.000,2099.000,7996.000,1.000,100.000,-6.000,0.000,35.060,1
2026-01-31 17:44:03,7368174,1789.000,2144.000,7911.000,-20.000,-21.000,10.000,0.000,35.060,1
2026-01-31 17:44:03,7368214,1865.000,2053.000,7905.000,-36.000,-33.000,48.000,0.000,35.060,1
2026-01-31 17:44:03,7368254,1809.000,2019.000,7782.000,-10.000,-16.000,-20.000,0.000,35.060,1
2026-01-31 17:44:03,7368294,1884.000,2148.000,7853.000,-13.000,-30.000,9.000,0.000,35.060,1
2026-01-31 17:44:03,7368334,1822.000,2058.000,7868.000,-10.000,-3.000,2.000,0.000,35.060,1
2026-01-31 17:44:03,7368374,1759.000,2113.000,7847.000,3.000,-2.000,23.000,0.000,35.060,1
2026-01-31 17:44:03,7368414,1791.000,2088.000,7784.000,-8.000,-32.000,24.000,0.000,35.060,1
2026-01-31 17:44:03,7368454,1854.000,2123.000,7908.000,-14.000,-9.000,48.000,0.000,35.060,1
2026-01-31 17:44:03,7368494,1779.000,2008.000,7840.000,-11.000,-36.000,-10.000,0.000,35.060,1
2026-01-31 17:44:03,7368534,1799.000,2052.000,7904.000,4.000,-47.000,30.000,0.000,35.060,1
2026-01-31 17:44:03,7368574,2004.000,2132.000,7857.000,-3.000,-56.000,28.000,0.000,35.060,1
2026-01-31 17:44:03,7368614,2077.000,2159.000,8102.000,45.000,-23.000,-28.000,0.000,35.060,1
2026-01-31 17:44:03,7368654,1905.000,2075.000,7892.000,16.000,-8.000,-58.000,0.000,35.060,1
2026-01-31 17:44:03,7368694,1945.000,2030.000,7827.000,-7.000,-28.000,33.000,0.000,35.060,1
2026-01-31 17:44:04,7368734,1979.000,2119.000,7925.000,5.000,21.000,19.000,0.000,35.060,1
2026-01-31 17:44:04,7368774,1941.000,2093.000,8014.000,-19.000,19.000,35.000,0.000,35.060,1
2026-01-31 17:44:04,7368814,1876.000,2054.000,7866.000,17.000,21.000,24.000,0.000,17.610,1
2026-01-31 17:44:04,7368854,1817.000,1865.000,7638.000,-46.000,-50.000,16.000,0.000,17.610,1
2026-01-31 17:44:04,7368894,1975.000,2033.000,8016.000,-1.000,-40.000,85.000,0.000,17.610,1
2026-01-31 17:44:04,7368934,1917.000,1996.000,7855.000,18.000,62.000,43.000,0.000,17.610,1
2026-01-31 17:44:04,7368974,2022.000,2184.000,8323.000,7.000,-15.000,24.000,0.000,17.610,1
2026-01-31 17:44:04,7369014,1949.000,2138.000,7913.000,77.000,45.000,65.000,0.000,17.610,1
2026-01-31 17:44:04,7369054,1920.000,1923.000,7929.000,-29.000,-84.000,20.000,0.000,17.610,1
2026-01-31 17:44:04,7369094,2029.000,2150.000,7805.000,70.000,24.000,83.000,0.000,17.610,1
2026-01-31 17:44:04,7369134,1989.000,2035.000,8079.000,-21.000,29.000,19.000,0.000,17.610,1
2026-01-31 17:44:04,7369174,2010.000,2137.000,7879.000,56.000,24.000,81.000,0.000,17.610,1
2026-01-31 17:44:04,7369214,1902.000,2031.000,7878.000,19.000,24.000,44.000,0.000,17.610,1
2026-01-31 17:44:04,7369254,1965.000,1998.000,7768.000,10.000,-30.000,90.000,0.000,17.610,1
2026-01-31 17:44:04,7369294,2019.000,2140.000,7692.000,22.000,-39.000,88.000,0.000,17.610,1
2026-01-31 17:44:04,7369334,2016.000,2022.000,7768.000,-5.000,0.000,106.000,0.000,17.610,1
2026-01-31 17:44:04,7369374,1902.000,1982.000,7707.000,142.000,35.000,24.000,0.000,17.610,1
2026-01-31 17:44:04,7369415,1921.000,2054.000,7810.000,-12.000,6.000,119.000,0.000,17.610,1
2026-01-31 17:44:04,7369454,1881.000,1883.000,7651.000,4.000,16.000,138.000,0.000,17.610,1
2026-01-31 17:44:04,7369494,1948.000,2138.000,8012.000,103.000,3.000,181.000,0.000,17.610,1
2026-01-31 17:44:04,7369534,1917.000,1981.000,7932.000,62.000,1.000,209.000,0.000,17.610,1
2026-01-31 17:44:04,7369577,1951.000,2082.000,8005.000,-32.000,-177.000,194.000,0.000,17.610,1
2026-01-31 17:44:04,7369614,1991.000,1975.000,7878.000,-60.000,-183.000,218.000,0.000,17.610,1
2026-01-31 17:44:04,7369654,2025.000,2137.000,7945.000,103.000,-212.000,233.000,0.000,17.610,1
2026-01-31 17:44:04,7369694,2156.000,1993.000,7909.000,-117.000,-239.000,280.000,0.000,17.610,1
2026-01-31 17:44:05,7369734,2343.000,2292.000,8183.000,147.000,-184.000,297.000,0.000,17.610,1
2026-01-31 17:44:05,7369774,2397.000,2163.000,8127.000,31.000,-63.000,333.000,0.000,17.610,1
2026-01-31 17:44:05,7369814,1696.000,1505.000,7702.000,-279.000,-327.000,282.000,0.000,3.440,1
2026-01-31 17:44:05,7369854,1978.000,1615.000,7667.000,-285.000,-378.000,471.000,0.000,3.440,1
2026-01-31 17:44:05,7369894,2448.000,1785.000,7751.000,-156.000,-464.000,461.000,0.000,3.440,1
2026-01-31 17:44:05,7369934,2750.000,1648.000,8195.000,-158.000,-247.000,469.000,0.000,3.440,1
2026-01-31 17:44:05,7369974,2352.000,1361.000,7580.000,-270.000,-139.000,481.000,0.000,3.440,1
2026-01-31 17:44:05,7370014,2662.000,1749.000,7958.000,-12.000,-294.000,370.000,0.000,3.440,1
2026-01-31 17:44:05,7370054,2608.000,1418.000,7585.000,-185.000,-103.000,379.000,0.000,3.440,1
2026-01-31 17:44:05,7370094,2666.000,1719.000,7870.000,244.000,64.000,281.000,0.000,3.440,1
2026-01-31 17:44:05,7370134,2472.000,1467.000,7776.000,12.000,228.000,330.000,0.000,3.440,1
2026-01-31 17:44:05,7370174,2404.000,1603.000,8103.000,263.000,63.000,311.000,0.000,3.440,1
2026-01-31 17:44:05,7370214,2265.000,1455.000,7712.000,-12.000,14.000,442.000,0.000,3.440,1
2026-01-31 17:44:05,7370254,2604.000,1623.000,8168.000,60.000,-202.000,461.000,0.000,3.440,1
2026-01-31 17:44:05,7370294,2489.000,1278.000,7727.000,-250.000,-40.000,520.000,0.000,3.440,1
2026-01-31 17:44:05,7370334,2621.000,1391.000,7956.000,97.000,-134.000,410.000,0.000,3.440,1
2026-01-31 17:44:05,7370374,2594.000,1411.000,7891.000,-85.000,-55.000,466.000,0.000,3.440,1
2026-01-31 17:44:05,7370414,2525.000,1314.000,7701.000,-22.000,-144.000,382.000,0.000,3.440,1
2026-01-31 17:44:05,7370454,2590.000,1249.000,7616.000,-70.000,-115.000,345.000,0.000,3.440,1
2026-01-31 17:44:05,7370494,2624.000,1177.000,7409.000,63.000,-86.000,334.000,0.000,3.440,1
2026-01-31 17:44:05,7370534,2808.000,1517.000,7828.000,245.000,-67.000,347.000,0.000,3.440,1
2026-01-31 17:44:05,7370574,2884.000,1505.000,7927.000,121.000,53.000,405.000,0.000,3.440,1
2026-01-31 17:44:05,7370614,2898.000,1488.000,8004.000,26.000,-90.000,474.000,0.000,3.440,1
2026-01-31 17:44:05,7370654,2767.000,1235.000,7630.000,-176.000,-99.000,547.000,0.000,3.440,1
2026-01-31 17:44:05,7370694,2889.000,1403.000,7741.000,82.000,-116.000,553.000,0.000,3.440,1
2026-01-31 17:44:06,7370734,2823.000,1240.000,7647.000,-110.000,-96.000,629.000,0.000,3.440,1
2026-01-31 17:44:06,7370774,2827.000,1217.000,7664.000,59.000,-164.000,621.000,0.000,3.440,1
2026-01-31 17:44:06,7370814,2926.000,1107.000,7722.000,-71.000,-157.000,689.000,0.000,3.250,1
2026-01-31 17:44:06,7370854,3082.000,1192.000,7834.000,77.000,-131.000,705.000,0.000,3.250,1
2026-01-31 17:44:06,7370894,3208.000,1286.000,7935.000,57.000,-81.000,655.000,0.000,3.250,1
2026-01-31 17:44:06,7370934,3139.000,1115.000,7787.000,14.000,-131.000,624.000,0.000,3.250,1
2026-01-31 17:44:06,7370974,3256.000,1254.000,7783.000,68.000,-243.000,599.000,0.000,3.250,1
2026-01-31 17:44:06,7371014,3431.000,1364.000,7750.000,147.000,-234.000,584.000,0.000,3.250,1
2026-01-31 17:44:06,7371054,3417.000,1267.000,7750.000,82.000,-199.000,585.000,0.000,3.250,1
2026-01-31 17:44:06,7371094,3436.000,1270.000,7524.000,102.000,-182.000,582.000,0.000,3.250,1
2026-01-31 17:44:06,7371134,3143.000,902.000,7210.000,-146.000,-292.000,583.000,0.000,3.250,1
2026-01-31 17:44:06,7371174,3346.000,770.000,7004.000,2.000,-148.000,565.000,0.000,3.250,1
2026-01-31 17:44:06,7371214,4170.000,1165.000,7021.000,420.000,19.000,467.000,0.000,3.250,1
2026-01-31 17:44:06,7371254,3857.000,1467.000,7343.000,432.000,267.000,512.000,0.000,3.250,1
2026-01-31 17:44:06,7371294,3744.000,1127.000,7702.000,348.000,333.000,637.000,0.000,3.250,1
2026-01-31 17:44:06,7371337,3859.000,1267.000,7784.000,222.000,131.000,674.000,0.000,3.250,1
2026-01-31 17:44:06,7371377,3761.000,1020.000,7689.000,127.000,281.000,575.000,0.000,3.250,1
2026-01-31 17:44:06,7371414,3594.000,979.000,7644.000,120.000,270.000,532.000,0.000,3.250,1
2026-01-31 17:44:06,7371454,3560.000,1088.000,7486.000,189.000,262.000,560.000,0.000,3.250,1
2026-01-31 17:44:06,7371494,3599.000,1059.000,7458.000,206.000,181.000,581.000,0.000,3.250,1
2026-01-31 17:44:06,7371534,3363.000,835.000,7147.000,157.000,169.000,635.000,0.000,3.250,1
2026-01-31 17:44:06,7371577,3754.000,883.000,7513.000,284.000,183.000,728.000,0.000,3.250,1
2026-01-31 17:44:06,7371614,3710.000,924.000,7401.000,373.000,208.000,758.000,0.000,3.250,1
2026-01-31 17:44:06,7371654,3516.000,1330.000,7753.000,661.000,167.000,838.000,0.000,3.250,1
2026-01-31 17:44:06,7371694,3423.000,1384.000,7771.000,479.000,284.000,754.000,0.000,3.250,1
2026-01-31 17:44:07,7371734,3512.000,803.000,7163.000,453.000,212.000,828.000,0.000,3.250,1
2026-01-31 17:44:07,7371774,3671.000,448.000,6981.000,989.000,12.000,1312.000,0.000,3.250,1
2026-01-31 17:44:07,7371814,3894.000,1165.000,7302.000,1371.000,22.000,1553.000,0.000,-0.050,1
2026-01-31 17:44:07,7371854,4085.000,1232.000,7064.000,1344.000,125.000,1469.000,0.000,-0.050,1
2026-01-31 17:44:07,7371894,4014.000,1388.000,6956.000,1776.000,178.000,1588.000,0.000,-0.050,1
2026-01-31 17:44:07,7371934,4052.000,1723.000,7737.000,1878.000,219.000,1742.000,0.000,-0.050,1
2026-01-31 17:44:07,7371974,2888.000,2838.000,9443.000,1731.000,505.000,1277.000,0.000,-0.050,1
2026-01-31 17:44:07,7372014,3123.000,2634.000,7375.000,-741.000,614.000,376.000,0.000,-0.050,1
2026-01-31 17:44:07,7372054,2865.000,259.000,5942.000,-1131.000,-112.000,604.000,0.000,-0.050,1
2026-01-31 17:44:07,7372094,3775.000,818.000,6787.000,300.000,-480.000,863.000,0.000,-0.050,1
2026-01-31 17:44:07,7372134,4090.000,1542.000,7442.000,507.000,276.000,656.000,0.000,-0.050,1
2026-01-31 17:44:07,7372174,3488.000,1357.000,7553.000,194.000,392.000,483.000,0.000,-0.050,1
2026-01-31 17:44:07,7372214,3736.000,1289.000,7800.000,273.000,169.000,560.000,0.000,-0.050,1
2026-01-31 17:44:07,7372254,3822.000,1431.000,7826.000,170.000,11.000,708.000,0.000,-0.050,1
2026-01-31 17:44:07,7372294,3880.000,1404.000,7496.000,44.000,31.000,708.000,0.000,-0.050,1
2026-01-31 17:44:07,7372334,3840.000,1508.000,7518.000,191.000,120.000,604.000,0.000,-0.050,1
2026-01-31 17:44:07,7372374,3819.000,1194.000,7424.000,131.000,198.000,583.000,0.000,-0.050,1
2026-01-31 17:44:07,7372414,3822.000,1112.000,7514.000,225.000,140.000,637.000,0.000,-0.050,1
2026-01-31 17:44:07,7372454,3919.000,1381.000,7573.000,374.000,127.000,668.000,0.000,-0.050,1
2026-01-31 17:44:07,7372494,3716.000,1367.000,7362.000,225.000,152.000,660.000,0.000,-0.050,1
2026-01-31 17:44:07,7372534,3482.000,1172.000,7084.000,80.000,115.000,625.000,0.000,-0.050,1
2026-01-31 17:44:07,7372574,3498.000,1110.000,6991.000,132.000,28.000,623.000,0.000,-0.050,1
2026-01-31 17:44:07,7372614,3696.000,1299.000,7231.000,315.000,41.000,622.000,0.000,-0.050,1
2026-01-31 17:44:07,7372654,3808.000,1309.000,7335.000,246.000,144.000,602.000,0.000,-0.050,1
2026-01-31 17:44:07,7372694,3870.000,1416.000,7450.000,245.000,166.000,590.000,0.000,-0.050,1
2026-01-31 17:44:08,7372734,3799.000,1406.000,7410.000,157.000,189.000,606.000,0.000,-0.050,1
2026-01-31 17:44:08,7372774,3783.000,1331.000,7485.000,231.000,145.000,618.000,0.000,-0.050,1
2026-01-31 17:44:08,7372814,3902.000,1391.000,7492.000,203.000,198.000,626.000,0.000,-17.080,1
2026-01-31 17:44:08,7372854,3827.000,1249.000,7527.000,204.000,233.000,644.000,0.000,-17.080,1
2026-01-31 17:44:08,7372894,3577.000,1175.000,7348.000,161.000,176.000,706.000,0.000,-17.080,1
2026-01-31 17:44:08,7372934,3723.000,1326.000,7441.000,287.000,127.000,671.000,0.000,-17.080,1
2026-01-31 17:44:08,7372974,3659.000,1263.000,7313.000,211.000,152.000,664.000,0.000,-17.080,1
2026-01-31 17:44:08,7373014,3636.000,1304.000,7347.000,273.000,156.000,671.000,0.000,-17.080,1
2026-01-31 17:44:08,7373054,3519.000,1307.000,7322.000,242.000,142.000,690.000,0.000,-17.080,1
2026-01-31 17:44:08,7373094,3463.000,1276.000,7339.000,189.000,99.000,709.000,0.000,-17.080,1
2026-01-31 17:44:08,7373134,3517.000,1265.000,7351.000,135.000,56.000,719.000,0.000,-17.080,1
2026-01-31 17:44:08,7373174,3571.000,1304.000,7386.000,183.000,4.000,678.000,0.000,-17.080,1
2026-01-31 17:44:08,7373214,3647.000,1231.000,7337.000,-14.000,-15.000,703.000,0.000,-17.080,1
2026-01-31 17:44:08,7373254,3819.000,1237.000,7308.000,83.000,-29.000,622.000,0.000,-17.080,1
2026-01-31 17:44:08,7373294,3910.000,1171.000,7424.000,194.000,43.000,647.000,0.000,-17.080,1
2026-01-31 17:44:08,7373334,3879.000,1037.000,7440.000,170.000,80.000,632.000,0.000,-17.080,1
2026-01-31 17:44:08,7373374,4057.000,1190.000,7644.000,304.000,61.000,622.000,0.000,-17.080,1
2026-01-31 17:44:08,7373414,3958.000,1127.000,7470.000,133.000,92.000,632.000,0.000,-17.080,1
2026-01-31 17:44:08,7373454,4010.000,1162.000,7616.000,264.000,6.000,669.000,0.000,-17.080,1
2026-01-31 17:44:08,7373494,4038.000,1214.000,7500.000,225.000,53.000,667.000,0.000,-17.080,1
2026-01-31 17:44:08,7373534,3906.000,1021.000,7360.000,137.000,25.000,687.000,0.000,-17.080,1
2026-01-31 17:44:08,7373577,3854.000,1108.000,7287.000,130.000,93.000,707.000,0.000,-17.080,1
2026-01-31 17:44:08,7373614,3741.000,1003.000,7280.000,130.000,52.000,707.000,0.000,-17.080,1
2026-01-31 17:44:08,7373654,3819.000,1013.000,7339.000,136.000,38.000,706.000,0.000,-17.080,1
2026-01-31 17:44:08,7373694,3938.000,1136.000,7400.000,286.000,24.000,620.000,0.000,-17.080,1
2026-01-31 17:44:09,7373734,3934.000,992.000,7356.000,208.000,60.000,629.000,0.000,-17.080,1
2026-01-31 17:44:09,7373774,3931.000,1026.000,7292.000,202.000,24.000,601.000,0.000,-17.080,1
2026-01-31 17:44:09,7373814,4016.000,1051.000,7255.000,267.000,4.000,585.000,0.000,-3.900,1
2026-01-31 17:44:09,7373854,4080.000,1170.000,7352.000,339.000,21.000,626.000,0.000,-3.900,1
2026-01-31 17:44:09,7373894,4191.000,1517.000,7546.000,393.000,115.000,653.000,0.000,-3.900,1
2026-01-31 17:44:09,7373934,3648.000,1216.000,7177.000,21.000,67.000,702.000,0.000,-3.900,1
2026-01-31 17:44:09,7373974,3870.000,1119.000,7381.000,227.000,-82.000,728.000,0.000,-3.900,1
2026-01-31 17:44:09,7374014,4035.000,1268.000,7177.000,127.000,51.000,731.000,0.000,-3.900,1
2026-01-31 17:44:09,7374054,4042.000,1137.000,7464.000,336.000,-7.000,724.000,0.000,-3.900,1
2026-01-31 17:44:09,7374094,3694.000,1079.000,7181.000,24.000,78.000,769.000,0.000,-3.900,1
2026-01-31 17:44:09,7374134,3789.000,1054.000,7243.000,150.000,-103.000,755.000,0.000,-3.900,1
2026-01-31 17:44:09,7374174,4054.000,965.000,7223.000,198.000,-21.000,708.000,0.000,-3.900,1
2026-01-31 17:44:09,7374214,4224.000,1122.000,7295.000,258.000,-3.000,623.000,0.000,-3.900,1
2026-01-31 17:44:09,7374254,4424.000,1119.000,7425.000,243.000,72.000,571.000,0.000,-3.900,1
2026-01-31 17:44:09,7374294,3809.000,973.000,7190.000,-48.000,29.000,573.000,0.000,-3.900,1
2026-01-31 17:44:09,7374334,4804.000,766.000,7087.000,144.000,-11.000,655.000,0.000,-3.900,1
2026-01-31 17:44:09,7374374,5007.000,1078.000,7211.000,368.000,-22.000,594.000,0.000,-3.900,1
2026-01-31 17:44:09,7374414,4643.000,1002.000,7372.000,257.000,135.000,726.000,0.000,-3.900,1
2026-01-31 17:44:09,7374454,4326.000,894.000,7176.000,203.000,172.000,825.000,0.000,-3.900,1
2026-01-31 17:44:09,7374494,4506.000,1164.000,7343.000,417.000,164.000,789.000,0.000,-3.900,1
2026-01-31 17:44:09,7374534,4356.000,1022.000,7334.000,349.000,256.000,810.000,0.000,-3.900,1
2026-01-31 17:44:09,7374574,4122.000,864.000,7214.000,251.000,247.000,825.000,0.000,-3.900,1
2026-01-31 17:44:09,7374614,4059.000,770.000,7036.000,270.000,182.000,786.000,0.000,-3.900,1
2026-01-31 17:44:09,7374654,4195.000,877.000,7230.000,453.000,176.000,736.000,0.000,-3.900,1
2026-01-31 17:44:09,7374694,4124.000,975.000,7123.000,359.000,225.000,693.000,0.000,-3.900,1
2026-01-31 17:44:10,7374734,4167.000,966.000,7066.000,292.000,115.000,667.000,0.000,-3.900,1
2026-01-31 17:44:10,7374774,4447.000,1273.000,7356.000,492.000,133.000,708.000,0.000,-3.900,1
2026-01-31 17:44:10,7374814,4359.000,1371.000,7566.000,439.000,276.000,794.000,0.000,-8.290,1
2026-01-31 17:44:10,7374854,3690.000,787.000,7112.000,69.000,219.000,906.000,0.000,-8.290,1
2026-01-31 17:44:10,7374894,3675.000,813.000,6994.000,170.000,70.000,914.000,0.000,-8.290,1
2026-01-31 17:44:10,7374934,4120.000,975.000,7342.000,464.000,61.000,839.000,0.000,-8.290,1
2026-01-31 17:44:10,7374974,4092.000,897.000,7329.000,216.000,117.000,793.000,0.000,-8.290,1
2026-01-31 17:44:10,7375014,4346.000,1107.000,7674.000,441.000,25.000,722.000,0.000,-8.290,1
2026-01-31 17:44:10,7375054,4150.000,1205.000,7398.000,245.000,62.000,753.000,0.000,-8.290,1
2026-01-31 17:44:10,7375094,4335.000,831.000,7647.000,264.000,-26.000,758.000,0.000,-8.290,1
2026-01-31 17:44:10,7375134,4591.000,989.000,7440.000,322.000,111.000,649.000,0.000,-8.290,1
2026-01-31 17:44:10,7375174,4774.000,904.000,7754.000,353.000,13.000,641.000,0.000,-8.290,1
2026-01-31 17:44:10,7375214,4238.000,669.000,7186.000,113.000,106.000,772.000,0.000,-8.290,1
2026-01-31 17:44:10,7375254,4313.000,516.000,6961.000,134.000,-50.000,735.000,0.000,-8.290,1
2026-01-31 17:44:10,7375294,4618.000,450.000,6902.000,258.000,63.000,706.000,0.000,-8.290,1
2026-01-31 17:44:10,7375337,4602.000,511.000,6986.000,367.000,252.000,662.000,0.000,-8.290,1
2026-01-31 17:44:10,7375377,4385.000,843.000,7091.000,497.000,207.000,716.000,0.000,-8.290,1
2026-01-31 17:44:10,7375414,4196.000,849.000,6881.000,354.000,206.000,781.000,0.000,-8.290,1
2026-01-31 17:44:10,7375454,4260.000,844.000,7121.000,466.000,159.000,798.000,0.000,-8.290,1
2026-01-31 17:44:10,7375494,4271.000,894.000,7187.000,443.000,328.000,799.000,0.000,-8.290,1
2026-01-31 17:44:10,7375534,4094.000,792.000,7241.000,421.000,278.000,764.000,0.000,-8.290,1
2026-01-31 17:44:10,7375574,4032.000,738.000,7243.000,381.000,178.000,738.000,0.000,-8.290,1
2026-01-31 17:44:10,7375614,4375.000,882.000,7447.000,349.000,225.000,704.000,0.000,-8.290,1
2026-01-31 17:44:10,7375654,4297.000,1054.000,7442.000,348.000,264.000,673.000,0.000,-8.290,1
2026-01-31 17:44:10,7375694,3905.000,891.000,7379.000,261.000,217.000,763.000,0.000,-8.290,1
2026-01-31 17:44:11,7375734,3774.000,726.000,7220.000,184.000,209.000,828.000,0.000,-8.290,1
2026-01-31 17:44:11,7375774,4105.000,902.000,7531.000,436.000,196.000,776.000,0.000,-8.290,1
2026-01-31 17:44:11,7375814,3820.000,720.000,7352.000,218.000,284.000,740.000,0.000,-5.910,1
2026-01-31 17:44:11,7375854,3692.000,621.000,7440.000,272.000,120.000,744.000,0.000,-5.910,1
2026-01-31 17:44:11,7375894,3863.000,659.000,7445.000,283.000,152.000,716.000,0.000,-5.910,1
2026-01-31 17:44:11,7375934,3742.000,598.000,7329.000,199.000,131.000,671.000,0.000,-5.910,1
2026-01-31 17:44:11,7375974,3811.000,576.000,7382.000,299.000,124.000,648.000,0.000,-5.910,1
2026-01-31 17:44:11,7376014,3872.000,732.000,7529.000,265.000,110.000,636.000,0.000,-5.910,1
2026-01-31 17:44:11,7376054,3926.000,508.000,7454.000,265.000,104.000,593.000,0.000,-5.910,1
2026-01-31 17:44:11,7376094,3970.000,681.000,7556.000,273.000,115.000,608.000,0.000,-5.910,1
2026-01-31 17:44:11,7376134,4080.000,600.000,7469.000,238.000,125.000,575.000,0.000,-5.910,1
2026-01-31 17:44:11,7376174,4258.000,811.000,7924.000,400.000,70.000,559.000,0.000,-5.910,1
2026-01-31 17:44:11,7376214,3980.000,440.000,7440.000,85.000,222.000,589.000,0.000,-5.910,1
2026-01-31 17:44:11,7376254,4070.000,595.000,7544.000,189.000,95.000,591.000,0.000,-5.910,1
2026-01-31 17:44:11,7376294,3755.000,208.000,6852.000,17.000,171.000,588.000,0.000,-5.910,1
2026-01-31 17:44:11,7376334,4242.000,406.000,7559.000,216.000,320.000,588.000,0.000,-5.910,1
2026-01-31 17:44:11,7376374,3741.000,831.000,7304.000,255.000,301.000,578.000,0.000,-5.910,1
2026-01-31 17:44:11,7376414,3478.000,382.000,7348.000,135.000,105.000,700.000,0.000,-5.910,1
2026-01-31 17:44:11,7376454,3810.000,714.000,7317.000,290.000,271.000,625.000,0.000,-5.910,1
2026-01-31 17:44:11,7376494,3648.000,603.000,7544.000,302.000,256.000,566.000,0.000,-5.910,1
2026-01-31 17:44:11,7376534,3687.000,568.000,7822.000,400.000,300.000,517.000,0.000,-5.910,1
2026-01-31 17:44:11,7376574,3514.000,669.000,7632.000,217.000,205.000,518.000,0.000,-5.910,1
2026-01-31 17:44:11,7376614,3864.000,813.000,7919.000,316.000,130.000,448.000,0.000,-5.910,1
2026-01-31 17:44:11,7376654,3568.000,669.000,7585.000,92.000,175.000,471.000,0.000,-5.910,1
2026-01-31 17:44:11,7376694,3808.000,664.000,7799.000,274.000,102.000,443.000,0.000,-5.910,1
2026-01-31 17:44:12,7376734,3685.000,781.000,7853.000,327.000,151.000,456.000,0.000,-5.910,1
2026-01-31 17:44:12,7376774,3737.000,798.000,7826.000,244.000,130.000,457.000,0.000,-5.910,1
2026-01-31 17:44:12,7376814,3545.000,895.000,7636.000,202.000,114.000,475.000,0.000,-13.570,1
2026-01-31 17:44:12,7376854,3511.000,789.000,7563.000,193.000,74.000,478.000,0.000,-13.570,1
2026-01-31 17:44:12,7376894,3436.000,825.000,7450.000,163.000,120.000,463.000,0.000,-13.570,1
2026-01-31 17:44:12,7376934,3354.000,722.000,7341.000,175.000,132.000,424.000,0.000,-13.570,1
2026-01-31 17:44:12,7376974,3281.000,697.000,7285.000,217.000,93.000,412.000,0.000,-13.570,1
2026-01-31 17:44:12,7377014,3435.000,840.000,7540.000,276.000,102.000,394.000,0.000,-13.570,1
2026-01-31 17:44:12,7377054,3320.000,913.000,7470.000,268.000,129.000,320.000,0.000,-13.570,1
2026-01-31 17:44:12,7377094,3530.000,926.000,7698.000,312.000,78.000,282.000,0.000,-13.570,1
2026-01-31 17:44:12,7377134,3441.000,976.000,7666.000,157.000,93.000,276.000,0.000,-13.570,1
2026-01-31 17:44:12,7377174,3582.000,914.000,7863.000,255.000,65.000,290.000,0.000,-13.570,1
2026-01-31 17:44:12,7377214,3545.000,904.000,7661.000,78.000,116.000,312.000,0.000,-13.570,1
2026-01-31 17:44:12,7377254,3496.000,899.000,7770.000,172.000,53.000,327.000,0.000,-13.570,1
2026-01-31 17:44:12,7377294,3447.000,1007.000,7675.000,154.000,102.000,333.000,0.000,-13.570,1
2026-01-31 17:44:12,7377337,3402.000,922.000,7612.000,197.000,73.000,316.000,0.000,-13.570,1
2026-01-31 17:44:12,7377376,3279.000,901.000,7504.000,126.000,102.000,310.000,0.000,-13.570,1
2026-01-31 17:44:12,7377414,3286.000,874.000,7501.000,151.000,66.000,306.000,0.000,-13.570,1
2026-01-31 17:44:12,7377454,3379.000,1014.000,7441.000,212.000,86.000,240.000,0.000,-13.570,1
2026-01-31 17:44:12,7377494,3232.000,973.000,7400.000,157.000,45.000,232.000,0.000,-13.570,1
2026-01-31 17:44:12,7377534,3364.000,1047.000,7607.000,241.000,82.000,203.000,0.000,-13.570,1
2026-01-31 17:44:12,7377576,3418.000,1160.000,7616.000,201.000,62.000,155.000,0.000,-13.570,1
2026-01-31 17:44:12,7377615,3548.000,1258.000,7698.000,256.000,81.000,154.000,0.000,-13.570,1
2026-01-31 17:44:12,7377654,3398.000,1211.000,7545.000,100.000,129.000,164.000,0.000,-13.570,1
2026-01-31 17:44:12,7377694,3273.000,1168.000,7669.000,200.000,91.000,194.000,0.000,-13.570,1
2026-01-31 17:44:13,7377734,3187.000,1178.000,7565.000,68.000,152.000,219.000,0.000,-13.570,1
2026-01-31 17:44:13,7377774,2958.000,1056.000,7367.000,47.000,61.000,222.000,0.000,-13.570,1
2026-01-31 17:44:13,7377814,3064.000,1194.000,7426.000,97.000,40.000,223.000,0.000,-3.520,1
2026-01-31 17:44:13,7377854,3050.000,1264.000,7493.000,141.000,33.000,210.000,0.000,-3.520,1
2026-01-31 17:44:13,7377894,3131.000,1299.000,7598.000,161.000,38.000,196.000,0.000,-3.520,1
2026-01-31 17:44:13,7377934,3036.000,1327.000,7607.000,126.000,63.000,197.000,0.000,-3.520,1
2026-01-31 17:44:13,7377974,2971.000,1345.000,7740.000,165.000,35.000,187.000,0.000,-3.520,1
2026-01-31 17:44:13,7378014,2958.000,1360.000,7768.000,105.000,44.000,177.000,0.000,-3.520,1
2026-01-31 17:44:13,7378054,2962.000,1449.000,7875.000,176.000,9.000,133.000,0.000,-3.520,1
2026-01-31 17:44:13,7378094,2987.000,1504.000,7824.000,71.000,20.000,77.000,0.000,-3.520,1
2026-01-31 17:44:13,7378134,2978.000,1506.000,7671.000,2.000,-84.000,21.000,0.000,-3.520,1
2026-01-31 17:44:13,7378174,3179.000,1499.000,7527.000,-10.000,-108.000,-12.000,0.000,-3.520,1
2026-01-31 17:44:13,7378214,3245.000,1455.000,7538.000,10.000,-80.000,10.000,0.000,-3.520,1
2026-01-31 17:44:13,7378254,3282.000,1406.000,7393.000,-9.000,22.000,33.000,0.000,-3.520,1
2026-01-31 17:44:13,7378294,3143.000,1412.000,7477.000,37.000,-16.000,82.000,0.000,-3.520,1
2026-01-31 17:44:13,7378334,3330.000,1627.000,7491.000,90.000,37.000,68.000,0.000,-3.520,1
2026-01-31 17:44:13,7378374,3147.000,1380.000,7443.000,8.000,-11.000,67.000,0.000,-3.520,1
2026-01-31 17:44:13,7378414,3339.000,1583.000,7658.000,154.000,39.000,47.000,0.000,-3.520,1
2026-01-31 17:44:13,7378454,3169.000,1381.000,7468.000,-14.000,60.000,48.000,0.000,-3.520,1
2026-01-31 17:44:13,7378494,3211.000,1483.000,7478.000,33.000,-5.000,13.000,0.000,-3.520,1
2026-01-31 17:44:13,7378534,3288.000,1575.000,7562.000,92.000,8.000,13.000,0.000,-3.520,1
2026-01-31 17:44:13,7378574,3307.000,1603.000,7592.000,47.000,81.000,-7.000,0.000,-3.520,1
2026-01-31 17:44:13,7378614,3143.000,1629.000,7455.000,-86.000,-16.000,25.000,0.000,-3.520,1
2026-01-31 17:44:13,7378654,3403.000,1917.000,7540.000,151.000,86.000,9.000,0.000,-3.520,1
2026-01-31 17:44:13,7378694,3067.000,1432.000,7339.000,-60.000,61.000,37.000,0.000,-3.520,1
2026-01-31 17:44:14,7378734,3243.000,1898.000,7666.000,248.000,66.000,22.000,0.000,-3.520,1
2026-01-31 17:44:14,7378774,2905.000,1550.000,7420.000,-47.000,128.000,71.000,0.000,-3.520,1
2026-01-31 17:44:14,7378814,2965.000,1735.000,7656.000,201.000,59.000,47.000,0.000,-25.970,1
2026-01-31 17:44:14,7378854,2938.000,1715.000,7609.000,31.000,76.000,66.000,0.000,-25.970,1
2026-01-31 17:44:14,7378894,2980.000,1874.000,7706.000,150.000,-14.000,20.000,0.000,-25.970,1
2026-01-31 17:44:14,7378934,3045.000,1841.000,7722.000,46.000,6.000,18.000,0.000,-25.970,1
2026-01-31 17:44:14,7378974,3023.000,1879.000,7766.000,113.000,-41.000,-2.000,0.000,-25.970,1
2026-01-31 17:44:14,7379014,3128.000,1866.000,7626.000,-58.000,-46.000,-36.000,0.000,-25.970,1
2026-01-31 17:44:14,7379054,2860.000,1482.000,7300.000,-195.000,-124.000,4.000,0.000,-25.970,1
2026-01-31 17:44:14,7379094,3233.000,1904.000,7575.000,162.000,-75.000,-17.000,0.000,-25.970,1
2026-01-31 17:44:14,7379134,2827.000,1236.000,7041.000,-280.000,11.000,42.000,0.000,-25.970,1
2026-01-31 17:44:14,7379174,2870.000,1295.000,7220.000,67.000,-181.000,37.000,0.000,-25.970,1
2026-01-31 17:44:14,7379214,3576.000,2205.000,8114.000,542.000,-20.000,-26.000,0.000,-25.970,1
2026-01-31 17:44:14,7379254,3438.000,1863.000,7867.000,30.000,8.000,-71.000,0.000,-25.970,1
2026-01-31 17:44:14,7379294,3303.000,1824.000,7626.000,-61.000,-145.000,-88.000,0.000,-25.970,1
2026-01-31 17:44:14,7379337,3192.000,1821.000,7195.000,-17.000,-77.000,18.000,0.000,-25.970,1
2026-01-31 17:44:14,7379374,3404.000,1955.000,7524.000,167.000,-8.000,9.000,0.000,-25.970,1
2026-01-31 17:44:14,7379414,3116.000,1555.000,7462.000,-48.000,142.000,32.000,0.000,-25.970,1
2026-01-31 17:44:14,7379454,3038.000,1701.000,7372.000,-67.000,12.000,16.000,0.000,-25.970,1
2026-01-31 17:44:14,7379494,2912.000,1346.000,7099.000,-203.000,-84.000,57.000,0.000,-25.970,1
2026-01-31 17:44:14,7379534,3347.000,1900.000,7358.000,180.000,-37.000,-27.000,0.000,-25.970,1
2026-01-31 17:44:14,7379576,3298.000,1794.000,7416.000,21.000,101.000,-27.000,0.000,-25.970,1
2026-01-31 17:44:14,7379614,3093.000,1816.000,7405.000,79.000,78.000,-39.000,0.000,-25.970,1
2026-01-31 17:44:14,7379654,3110.000,1945.000,7293.000,-16.000,13.000,8.000,0.000,-25.970,1
2026-01-31 17:44:14,7379694,3398.000,2230.000,7569.000,203.000,56.000,-20.000,0.000,-25.970,1
2026-01-31 17:44:15,7379734,3366.000,2097.000,7510.000,16.000,124.000,-7.000,0.000,-25.970,1
2026-01-31 17:44:15,7379774,3252.000,2319.000,7633.000,37.000,19.000,34.000,0.000,-25.970,1
2026-01-31 17:44:15,7379814,3245.000,2495.000,7563.000,15.000,-36.000,73.000,0.000,-0.130,1
2026-01-31 17:44:15,7379854,3264.000,2329.000,7286.000,-76.000,-81.000,24.000,0.000,-0.130,1
2026-01-31 17:44:15,7379894,3312.000,2464.000,7291.000,40.000,-54.000,-14.000,0.000,-0.130,1
2026-01-31 17:44:15,7379934,2832.000,1890.000,6547.000,-355.000,2.000,21.000,0.000,-0.130,1
2026-01-31 17:44:15,7379974,2806.000,1905.000,6530.000,-49.000,-162.000,32.000,0.000,-0.130,1
2026-01-31 17:44:15,7380014,3657.000,2904.000,7733.000,514.000,-38.000,3.000,0.000,-0.130,1
2026-01-31 17:44:15,7380054,4065.000,2785.000,7941.000,185.000,171.000,-26.000,0.000,-0.130,1
2026-01-31 17:44:15,7380094,3486.000,2403.000,7831.000,-105.000,-102.000,-63.000,0.000,-0.130,1
2026-01-31 17:44:15,7380134,3218.000,2086.000,6799.000,-368.000,-235.000,-3.000,0.000,-0.130,1
2026-01-31 17:44:15,7380174,3709.000,2756.000,7562.000,355.000,-110.000,-10.000,0.000,-0.130,1
2026-01-31 17:44:15,7380214,3668.000,2444.000,7404.000,-132.000,176.000,32.000,0.000,-0.130,1
2026-01-31 17:44:15,7380254,3373.000,2456.000,7477.000,77.000,-57.000,-31.000,0.000,-0.130,1
2026-01-31 17:44:15,7380294,3449.000,2382.000,7100.000,-340.000,-170.000,4.000,0.000,-0.130,1
2026-01-31 17:44:15,7380334,3584.000,2596.000,7271.000,186.000,-187.000,-58.000,0.000,-0.130,1
2026-01-31 17:44:15,7380374,3781.000,2750.000,7299.000,-24.000,-42.000,-67.000,0.000,-0.130,1
2026-01-31 17:44:15,7380414,3547.000,2584.000,7217.000,18.000,-17.000,-66.000,0.000,-0.130,1
2026-01-31 17:44:15,7380454,3487.000,2451.000,7169.000,-133.000,-60.000,-37.000,0.000,-0.130,1
2026-01-31 17:44:15,7380494,3628.000,2663.000,7302.000,94.000,-64.000,-58.000,0.000,-0.130,1
2026-01-31 17:44:15,7380534,3689.000,2622.000,7320.000,4.000,-9.000,-79.000,0.000,-0.130,1
2026-01-31 17:44:15,7380574,3422.000,2547.000,7096.000,-113.000,-63.000,-34.000,0.000,-0.130,1
2026-01-31 17:44:15,7380614,3393.000,2503.000,7026.000,-51.000,-118.000,-14.000,0.000,-0.130,1
2026-01-31 17:44:15,7380654,3584.000,2786.000,7114.000,74.000,-53.000,-28.000,0.000,-0.130,1
2026-01-31 17:44:15,7380694,3540.000,2605.000,7205.000,46.000,-4.000,-37.000,0.000,-0.130,1
2026-01-31 17:44:16,7380734,3522.000,2697.000,7230.000,13.000,-26.000,-69.000,0.000,-0.130,1
2026-01-31 17:44:16,7380774,3588.000,2664.000,7166.000,-60.000,-69.000,-94.000,0.000,-0.130,1
2026-01-31 17:44:16,7380814,3652.000,2722.000,7127.000,-24.000,-40.000,-109.000,0.000,0.860,1
2026-01-31 17:44:16,7380854,3499.000,2411.000,6932.000,-154.000,-54.000,-77.000,0.000,0.860,1
2026-01-31 17:44:16,7380894,3539.000,2567.000,6937.000,103.000,-9.000,-63.000,0.000,0.860,1
2026-01-31 17:44:16,7380934,3378.000,2544.000,7157.000,80.000,-9.000,-3.000,0.000,0.860,1
2026-01-31 17:44:16,7380974,3508.000,2616.000,7169.000,-50.000,53.000,-4.000,0.000,0.860,1
2026-01-31 17:44:16,7381014,3398.000,2454.000,7187.000,12.000,3.000,-32.000,0.000,0.860,1
2026-01-31 17:44:16,7381054,3584.000,2715.000,7394.000,83.000,-14.000,-106.000,0.000,0.860,1
2026-01-31 17:44:16,7381094,3490.000,2372.000,7114.000,-119.000,-55.000,-103.000,0.000,0.860,1
2026-01-31 17:44:16,7381134,3658.000,2741.000,7206.000,50.000,-70.000,-139.000,0.000,0.860,1
2026-01-31 17:44:16,7381174,3588.000,2514.000,7164.000,-30.000,-13.000,-49.000,0.000,0.860,1
2026-01-31 17:44:16,7381214,3694.000,2757.000,7362.000,59.000,-13.000,-42.000,0.000,0.860,1
2026-01-31 17:44:16,7381254,3602.000,2589.000,7322.000,-41.000,4.000,-7.000,0.000,0.860,1
2026-01-31 17:44:16,7381294,3432.000,2455.000,7160.000,-65.000,-7.000,34.000,0.000,0.860,1
2026-01-31 17:44:16,7381337,3518.000,2617.000,7297.000,59.000,-15.000,-22.000,0.000,0.860,1
2026-01-31 17:44:16,7381377,3481.000,2369.000,7041.000,-119.000,-60.000,-49.000,0.000,0.860,1
2026-01-31 17:44:16,7381414,3459.000,2480.000,7024.000,-24.000,-91.000,-72.000,0.000,0.860,1
2026-01-31 17:44:16,7381454,3542.000,2479.000,6947.000,-63.000,-99.000,-46.000,0.000,0.860,1
2026-01-31 17:44:16,7381494,3688.000,2601.000,7115.000,99.000,-44.000,-53.000,0.000,0.860,1
2026-01-31 17:44:16,7381534,3806.000,2713.000,7260.000,71.000,38.000,-53.000,0.000,0.860,1
2026-01-31 17:44:16,7381577,3631.000,2584.000,7191.000,65.000,-12.000,-19.000,0.000,0.860,1
2026-01-31 17:44:16,7381614,3645.000,2575.000,7105.000,-5.000,6.000,3.000,0.000,0.860,1
2026-01-31 17:44:16,7381654,3561.000,2566.000,7202.000,-2.000,21.000,19.000,0.000,0.860,1
2026-01-31 17:44:16,7381694,3773.000,2594.000,7357.000,27.000,47.000,-32.000,0.000,0.860,1
2026-01-31 17:44:17,7381734,3597.000,2378.000,7232.000,-84.000,32.000,-9.000,0.000,0.860,1
2026-01-31 17:44:17,7381774,3650.000,2580.000,7307.000,19.000,34.000,-5.000,0.000,0.860,1
2026-01-31 17:44:17,7381814,3584.000,2458.000,7273.000,-17.000,66.000,13.000,0.000,2.790,1
2026-01-31 17:44:17,7381854,3589.000,2507.000,7376.000,0.000,51.000,8.000,0.000,2.790,1
2026-01-31 17:44:17,7381894,3529.000,2380.000,7264.000,-56.000,51.000,4.000,0.000,2.790,1
2026-01-31 17:44:17,7381934,3501.000,2383.000,7351.000,21.000,58.000,-2.000,0.000,2.790,1
2026-01-31 17:44:17,7381974,3478.000,2249.000,7320.000,-20.000,98.000,-7.000,0.000,2.790,1
2026-01-31 17:44:17,7382014,3386.000,2220.000,7395.000,11.000,96.000,-18.000,0.000,2.790,1
2026-01-31 17:44:17,7382054,3138.000,2026.000,7242.000,-61.000,65.000,17.000,0.000,2.790,1
2026-01-31 17:44:17,7382094,3125.000,2246.000,7346.000,56.000,15.000,8.000,0.000,2.790,1
2026-01-31 17:44:17,7382134,3222.000,2394.000,7316.000,22.000,-25.000,-36.000,0.000,2.790,1
2026-01-31 17:44:17,7382174,3262.000,2513.000,7236.000,32.000,-90.000,-83.000,0.000,2.790,1
2026-01-31 17:44:17,7382214,3406.000,2656.000,7214.000,51.000,-102.000,-107.000,0.000,2.790,1
2026-01-31 17:44:17,7382254,3472.000,2641.000,7169.000,40.000,-36.000,-125.000,0.000,2.790,1
2026-01-31 17:44:17,7382294,3496.000,2771.000,7287.000,65.000,2.000,-109.000,0.000,2.790,1
2026-01-31 17:44:17,7382334,3367.000,2639.000,7248.000,-40.000,17.000,-61.000,0.000,2.790,1
2026-01-31 17:44:17,7382374,3322.000,2502.000,7205.000,-133.000,-21.000,-28.000,0.000,2.790,1
2026-01-31 17:44:17,7382414,3315.000,2418.000,7155.000,-146.000,-60.000,5.000,0.000,2.790,1
2026-01-31 17:44:17,7382454,3457.000,2467.000,7210.000,-55.000,-57.000,-26.000,0.000,2.790,1
2026-01-31 17:44:17,7382494,3467.000,2451.000,7172.000,-30.000,-43.000,-76.000,0.000,2.790,1
2026-01-31 17:44:17,7382534,3502.000,2474.000,7229.000,-15.000,-44.000,-101.000,0.000,2.790,1
2026-01-31 17:44:17,7382574,3522.000,2445.000,7191.000,-45.000,-29.000,-88.000,0.000,2.790,1
2026-01-31 17:44:17,7382614,3578.000,2482.000,7319.000,10.000,-24.000,-76.000,0.000,2.790,1
2026-01-31 17:44:17,7382654,3626.000,2486.000,7360.000,-48.000,-13.000,-63.000,0.000,2.790,1
2026-01-31 17:44:17,7382694,3559.000,2382.000,7299.000,-68.000,-30.000,-43.000,0.000,2.790,1
2026-01-31 17:44:18,7382734,3467.000,2369.000,7251.000,-64.000,-3.000,-13.000,0.000,2.790,1
2026-01-31 17:44:18,7382774,3428.000,2428.000,7321.000,44.000,17.000,-29.000,0.000,2.790,1
2026-01-31 17:44:18,7382814,3425.000,2341.000,7377.000,-43.000,2.000,-68.000,0.000,-1.120,1
2026-01-31 17:44:18,7382854,3426.000,2423.000,7356.000,-11.000,-43.000,-86.000,0.000,-1.120,1
2026-01-31 17:44:18,7382894,3480.000,2352.000,7287.000,-56.000,-41.000,-84.000,0.000,-1.120,1
2026-01-31 17:44:18,7382934,3459.000,2372.000,7260.000,-33.000,-33.000,-80.000,0.000,-1.120,1
2026-01-31 17:44:18,7382974,3485.000,2436.000,7321.000,8.000,-22.000,-65.000,0.000,-1.120,1
2026-01-31 17:44:18,7383014,3413.000,2411.000,7260.000,-36.000,-14.000,-55.000,0.000,-1.120,1
2026-01-31 17:44:18,7383054,3439.000,2438.000,7266.000,-8.000,-27.000,-42.000,0.000,-1.120,1
2026-01-31 17:44:18,7383094,3442.000,2472.000,7291.000,-25.000,-7.000,-43.000,0.000,-1.120,1
2026-01-31 17:44:18,7383134,3369.000,2411.000,7254.000,-47.000,-5.000,-43.000,0.000,-1.120,1
2026-01-31 17:44:18,7383174,3353.000,2385.000,7280.000,-50.000,-4.000,-28.000,0.000,-1.120,1
2026-01-31 17:44:18,7383214,3361.000,2301.000,7312.000,-71.000,1.000,-47.000,0.000,-1.120,1
2026-01-31 17:44:18,7383254,3378.000,2212.000,7288.000,-78.000,-9.000,-57.000,0.000,-1.120,1
2026-01-31 17:44:18,7383294,3451.000,2276.000,7307.000,-37.000,-25.000,-70.000,0.000,-1.120,1
2026-01-31 17:44:18,7383334,3500.000,2231.000,7306.000,-14.000,-5.000,-79.000,0.000,-1.120,1
2026-01-31 17:44:18,7383379,3374.000,2191.000,7356.000,-16.000,9.000,-40.000,0.000,-1.120,1
2026-01-31 17:44:18,7383414,3429.000,2262.000,7414.000,30.000,8.000,-36.000,0.000,-1.120,1
2026-01-31 17:44:18,7383454,3400.000,2225.000,7397.000,-8.000,27.000,-15.000,0.000,-1.120,1
2026-01-31 17:44:18,7383494,3373.000,2312.000,7458.000,22.000,9.000,-26.000,0.000,-1.120,1
2026-01-31 17:44:18,7383534,3275.000,2210.000,7358.000,-33.000,-6.000,-19.000,0.000,-1.120,1
2026-01-31 17:44:18,7383577,3289.000,2206.000,7393.000,6.000,21.000,-51.000,0.000,-1.120,1
2026-01-31 17:44:18,7383614,3294.000,2259.000,7425.000,40.000,22.000,-61.000,0.000,-1.120,1
2026-01-31 17:44:18,7383654,3284.000,2196.000,7409.000,-51.000,-19.000,-60.000,0.000,-1.120,1
2026-01-31 17:44:18,7383694,3345.000,2283.000,7406.000,-22.000,-43.000,-78.000,0.000,-1.120,1
2026-01-31 17:44:19,7383734,3341.000,2100.000,7228.000,-117.000,-34.000,-58.000,0.000,-1.120,1
2026-01-31 17:44:19,7383774,3386.000,2188.000,7298.000,-11.000,-2.000,-56.000,0.000,-1.120,1
2026-01-31 17:44:19,7383814,3293.000,2079.000,7242.000,-52.000,32.000,-24.000,0.000,0.340,1
2026-01-31 17:44:19,7383854,3246.000,2134.000,7288.000,-9.000,26.000,-20.000,0.000,0.340,1
2026-01-31 17:44:19,7383894,3191.000,2061.000,7276.000,-41.000,28.000,-5.000,0.000,0.340,1
2026-01-31 17:44:19,7383934,3192.000,2109.000,7350.000,1.000,10.000,-14.000,0.000,0.340,1
2026-01-31 17:44:19,7383974,3241.000,2119.000,7459.000,13.000,24.000,-29.000,0.000,0.340,1
2026-01-31 17:44:19,7384014,3228.000,2082.000,7503.000,-11.000,16.000,-39.000,0.000,0.340,1
2026-01-31 17:44:19,7384054,3291.000,2182.000,7598.000,30.000,1.000,-57.000,0.000,0.340,1
2026-01-31 17:44:19,7384094,3277.000,2137.000,7562.000,-17.000,-14.000,-46.000,0.000,0.340,1
2026-01-31 17:44:19,7384134,3324.000,2181.000,7533.000,-30.000,-20.000,-50.000,0.000,0.340,1
2026-01-31 17:44:19,7384174,3265.000,2124.000,7475.000,-7.000,0.000,-36.000,0.000,0.340,1
2026-01-31 17:44:19,7384214,3229.000,2146.000,7523.000,-13.000,11.000,-14.000,0.000,0.340,1
2026-01-31 17:44:19,7384254,3208.000,2064.000,7436.000,-68.000,-3.000,-15.000,0.000,0.340,1
2026-01-31 17:44:19,7384294,3210.000,2033.000,7376.000,-53.000,-20.000,-38.000,0.000,0.340,1
2026-01-31 17:44:19,7384334,3226.000,1999.000,7365.000,-39.000,-37.000,-56.000,0.000,0.340,1
2026-01-31 17:44:19,7384374,3206.000,1999.000,7339.000,-5.000,-13.000,-49.000,0.000,0.340,1
2026-01-31 17:44:19,7384414,3238.000,2100.000,7449.000,66.000,-4.000,-48.000,0.000,0.340,1
2026-01-31 17:44:19,7384454,3218.000,2041.000,7442.000,-2.000,13.000,-40.000,0.000,0.340,1
2026-01-31 17:44:19,7384494,3220.000,2096.000,7559.000,52.000,7.000,-36.000,0.000,0.340,1
2026-01-31 17:44:19,7384534,3177.000,1937.000,7499.000,-72.000,39.000,-16.000,0.000,0.340,1
2026-01-31 17:44:19,7384574,3096.000,1915.000,7582.000,-14.000,40.000,-22.000,0.000,0.340,1
2026-01-31 17:44:19,7384614,3041.000,1804.000,7523.000,-95.000,59.000,-11.000,0.000,0.340,1
2026-01-31 17:44:19,7384654,2941.000,1706.000,7553.000,-94.000,29.000,3.000,0.000,0.340,1
2026-01-31 17:44:19,7384694,2899.000,1651.000,7530.000,-107.000,26.000,3.000,0.000,0.340,1
2026-01-31 17:44:20,7384734,2828.000,1632.000,7584.000,-67.000,-15.000,13.000,0.000,0.340,1
2026-01-31 17:44:20,7384774,2848.000,1682.000,7598.000,-69.000,-19.000,-6.000,0.000,0.340,1
2026-01-31 17:44:20,7384814,2877.000,1709.000,7647.000,-44.000,-41.000,-31.000,0.000,-2.400,1
2026-01-31 17:44:20,7384854,2918.000,1685.000,7579.000,-76.000,-32.000,-58.000,0.000,-2.400,1
2026-01-31 17:44:20,7384894,2923.000,1653.000,7616.000,-14.000,-32.000,-78.000,0.000,-2.400,1
2026-01-31 17:44:20,7384934,3003.000,1670.000,7646.000,-13.000,-12.000,-106.000,0.000,-2.400,1
2026-01-31 17:44:20,7384974,3024.000,1646.000,7682.000,-19.000,-30.000,-89.000,0.000,-2.400,1
2026-01-31 17:44:20,7385014,3037.000,1694.000,7691.000,-25.000,-26.000,-75.000,0.000,-2.400,1
2026-01-31 17:44:20,7385054,3041.000,1732.000,7721.000,-45.000,-48.000,-46.000,0.000,-2.400,1
2026-01-31 17:44:20,7385094,3129.000,1680.000,7629.000,-78.000,-36.000,-49.000,0.000,-2.400,1
2026-01-31 17:44:20,7385134,3044.000,1641.000,7664.000,-19.000,-11.000,-46.000,0.000,-2.400,1
2026-01-31 17:44:20,7385174,3009.000,1638.000,7637.000,-43.000,3.000,-41.000,0.000,-2.400,1
2026-01-31 17:44:20,7385214,2955.000,1631.000,7638.000,-9.000,-7.000,-36.000,0.000,-2.400,1
2026-01-31 17:44:20,7385254,2902.000,1578.000,7623.000,-61.000,14.000,-33.000,0.000,-2.400,1
2026-01-31 17:44:20,7385294,2912.000,1654.000,7667.000,15.000,-10.000,-50.000,0.000,-2.400,1
2026-01-31 17:44:20,7385337,2928.000,1663.000,7606.000,-65.000,-30.000,-54.000,0.000,-2.400,1
2026-01-31 17:44:20,7385377,2913.000,1653.000,7603.000,-50.000,-33.000,-59.000,0.000,-2.400,1
2026-01-31 17:44:20,7385414,2922.000,1654.000,7611.000,-43.000,-23.000,-53.000,0.000,-2.400,1
2026-01-31 17:44:20,7385454,2923.000,1565.000,7586.000,-74.000,-8.000,-51.000,0.000,-2.400,1
2026-01-31 17:44:20,7385494,3009.000,1625.000,7684.000,-58.000,-13.000,-56.000,0.000,-2.400,1
2026-01-31 17:44:20,7385534,2979.000,1641.000,7724.000,-36.000,-37.000,-44.000,0.000,-2.400,1
2026-01-31 17:44:20,7385577,2944.000,1541.000,7675.000,-43.000,-7.000,-32.000,0.000,-2.400,1
2026-01-31 17:44:20,7385614,2897.000,1530.000,7704.000,-47.000,-14.000,-9.000,0.000,-2.400,1
2026-01-31 17:44:20,7385654,2898.000,1514.000,7782.000,-29.000,-11.000,-23.000,0.000,-2.400,1
2026-01-31 17:44:20,7385694,2893.000,1505.000,7743.000,-73.000,-20.000,-19.000,0.000,-2.400,1
2026-01-31 17:44:21,7385734,2924.000,1528.000,7749.000,-37.000,-47.000,-44.000,0.000,-2.400,1
2026-01-31 17:44:21,7385774,2955.000,1480.000,7731.000,-62.000,-35.000,-51.000,0.000,-2.400,1
2026-01-31 17:44:21,7385814,3005.000,1523.000,7718.000,-10.000,-3.000,-70.000,0.000,-5.030,1
2026-01-31 17:44:21,7385854,3027.000,1519.000,7768.000,-32.000,0.000,-71.000,0.000,-5.030,1
2026-01-31 17:44:21,7385894,3055.000,1454.000,7663.000,-99.000,3.000,-68.000,0.000,-5.030,1
2026-01-31 17:44:21,7385934,3069.000,1486.000,7713.000,-38.000,-11.000,-55.000,0.000,-5.030,1
2026-01-31 17:44:21,7385974,2988.000,1492.000,7672.000,-72.000,-4.000,-26.000,0.000,-5.030,1
2026-01-31 17:44:21,7386014,2938.000,1440.000,7696.000,-55.000,-13.000,-23.000,0.000,-5.030,1
2026-01-31 17:44:21,7386054,2867.000,1452.000,7629.000,-54.000,15.000,-25.000,0.000,-5.030,1
2026-01-31 17:44:21,7386094,2767.000,1395.000,7647.000,-11.000,26.000,-16.000,0.000,-5.030,1
2026-01-31 17:44:21,7386134,2721.000,1464.000,7687.000,-41.000,27.000,-12.000,0.000,-5.030,1
2026-01-31 17:44:21,7386174,2711.000,1397.000,7665.000,-64.000,7.000,-21.000,0.000,-5.030,1
2026-01-31 17:44:21,7386214,2694.000,1421.000,7698.000,-70.000,9.000,-35.000,0.000,-5.030,1
2026-01-31 17:44:21,7386254,2718.000,1365.000,7701.000,-82.000,3.000,-64.000,0.000,-5.030,1
2026-01-31 17:44:21,7386294,2752.000,1362.000,7755.000,-47.000,-8.000,-83.000,0.000,-5.030,1
2026-01-31 17:44:21,7386334,2829.000,1362.000,7799.000,-40.000,13.000,-84.000,0.000,-5.030,1
2026-01-31 17:44:21,7386374,2827.000,1352.000,7883.000,-2.000,22.000,-86.000,0.000,-5.030,1
2026-01-31 17:44:21,7386414,2796.000,1363.000,7894.000,-39.000,8.000,-64.000,0.000,-5.030,1
2026-01-31 17:44:21,7386454,2765.000,1347.000,7878.000,-29.000,5.000,-62.000,0.000,-5.030,1
2026-01-31 17:44:21,7386494,2702.000,1280.000,7884.000,-40.000,-23.000,-50.000,0.000,-5.030,1
2026-01-31 17:44:21,7386534,2714.000,1276.000,7807.000,-65.000,-25.000,-45.000,0.000,-5.030,1
2026-01-31 17:44:21,7386574,2702.000,1164.000,7770.000,-70.000,-24.000,-50.000,0.000,-5.030,1
2026-01-31 17:44:21,7386614,2711.000,1169.000,7863.000,-48.000,-16.000,-50.000,0.000,-5.030,1
2026-01-31 17:44:21,7386654,2718.000,1154.000,7816.000,-71.000,-15.000,-62.000,0.000,-5.030,1
2026-01-31 17:44:21,7386694,2751.000,1203.000,7836.000,-14.000,-26.000,-71.000,0.000,-5.030,1
2026-01-31 17:44:22,7386734,2741.000,1175.000,7791.000,-51.000,-12.000,-64.000,0.000,-5.030,1
2026-01-31 17:44:22,7386774,2769.000,1260.000,7810.000,10.000,11.000,-71.000,0.000,-5.030,1
2026-01-31 17:44:22,7386814,2727.000,1147.000,7778.000,-48.000,24.000,-63.000,0.000,-19.100,1
2026-01-31 17:44:22,7386854,2687.000,1169.000,7807.000,-32.000,39.000,-59.000,0.000,-19.100,1
2026-01-31 17:44:22,7386894,2654.000,1200.000,7873.000,-20.000,12.000,-50.000,0.000,-19.100,1
2026-01-31 17:44:22,7386934,2611.000,1116.000,7844.000,-90.000,-18.000,-40.000,0.000,-19.100,1
2026-01-31 17:44:22,7386974,2675.000,1165.000,7915.000,-50.000,-4.000,-40.000,0.000,-19.100,1
2026-01-31 17:44:22,7387014,2634.000,1127.000,7987.000,-51.000,15.000,-51.000,0.000,-19.100,1
2026-01-31 17:44:22,7387054,2616.000,1116.000,8062.000,-36.000,-10.000,-59.000,0.000,-19.100,1
2026-01-31 17:44:22,7387094,2563.000,1070.000,8051.000,-68.000,-16.000,-51.000,0.000,-19.100,1
2026-01-31 17:44:22,7387134,2541.000,1045.000,8084.000,-61.000,-31.000,-57.000,0.000,-19.100,1
2026-01-31 17:44:22,7387174,2533.000,1051.000,8000.000,-91.000,-45.000,-64.000,0.000,-19.100,1
2026-01-31 17:44:22,7387214,2549.000,1004.000,8012.000,-87.000,-95.000,-83.000,0.000,-19.100,1
2026-01-31 17:44:22,7387254,2484.000,911.000,7875.000,-148.000,-94.000,-78.000,0.000,-19.100,1
2026-01-31 17:44:22,7387294,2510.000,940.000,7844.000,-72.000,-102.000,-67.000,0.000,-19.100,1
2026-01-31 17:44:22,7387337,2441.000,888.000,7856.000,-134.000,-52.000,-47.000,0.000,-19.100,1
2026-01-31 17:44:22,7387376,2401.000,933.000,7843.000,-67.000,-96.000,-35.000,0.000,-19.100,1
2026-01-31 17:44:22,7387414,2388.000,882.000,7840.000,-128.000,-90.000,-31.000,0.000,-19.100,1
2026-01-31 17:44:22,7387454,2411.000,847.000,7900.000,-83.000,-75.000,-22.000,0.000,-19.100,1
2026-01-31 17:44:22,7387494,2396.000,845.000,7983.000,-81.000,-94.000,-39.000,0.000,-19.100,1
2026-01-31 17:44:22,7387534,2419.000,790.000,8031.000,-111.000,-116.000,-42.000,0.000,-19.100,1
2026-01-31 17:44:22,7387577,2529.000,782.000,8037.000,-99.000,-99.000,-106.000,0.000,-19.100,1
2026-01-31 17:44:22,7387614,2542.000,756.000,8103.000,-82.000,-123.000,-115.000,0.000,-19.100,1
2026-01-31 17:44:22,7387654,2648.000,794.000,8128.000,-90.000,-94.000,-125.000,0.000,-19.100,1
2026-01-31 17:44:22,7387694,2605.000,649.000,8003.000,-154.000,-135.000,-109.000,0.000,-19.100,1
2026-01-31 17:44:23,7387734,2693.000,799.000,8109.000,-45.000,-110.000,-80.000,0.000,-19.100,1
2026-01-31 17:44:23,7387774,2570.000,614.000,7952.000,-114.000,-102.000,-67.000,0.000,-19.100,1
2026-01-31 17:44:23,7387814,2703.000,717.000,7984.000,-15.000,-23.000,-85.000,0.000,-7.240,1
2026-01-31 17:44:23,7387854,2529.000,646.000,7951.000,-9.000,14.000,-88.000,0.000,-7.240,1
2026-01-31 17:44:23,7387894,2489.000,795.000,8138.000,39.000,-21.000,-92.000,0.000,-7.240,1
2026-01-31 17:44:23,7387934,2411.000,637.000,8025.000,-129.000,-26.000,-74.000,0.000,-7.240,1
2026-01-31 17:44:23,7387974,2415.000,726.000,8116.000,-61.000,-87.000,-59.000,0.000,-7.240,1
2026-01-31 17:44:23,7388014,2482.000,717.000,8090.000,-85.000,-34.000,-62.000,0.000,-7.240,1
2026-01-31 17:44:23,7388054,2365.000,695.000,7964.000,-108.000,-79.000,-66.000,0.000,-7.240,1
2026-01-31 17:44:23,7388094,2444.000,699.000,7854.000,-161.000,-91.000,-65.000,0.000,-7.240,1
2026-01-31 17:44:23,7388134,2515.000,675.000,7911.000,4.000,-48.000,-105.000,0.000,-7.240,1
2026-01-31 17:44:23,7388174,2480.000,740.000,8018.000,-12.000,39.000,-131.000,0.000,-7.240,1
2026-01-31 17:44:23,7388214,2348.000,732.000,8010.000,-36.000,-22.000,-99.000,0.000,-7.240,1
2026-01-31 17:44:23,7388254,2451.000,791.000,7926.000,-35.000,-11.000,-91.000,0.000,-7.240,1
2026-01-31 17:44:23,7388294,2507.000,744.000,8098.000,40.000,14.000,-96.000,0.000,-7.240,1
2026-01-31 17:44:23,7388334,2484.000,817.000,8109.000,6.000,70.000,-120.000,0.000,-7.240,1
2026-01-31 17:44:23,7388374,2296.000,620.000,8026.000,-95.000,-40.000,-102.000,0.000,-7.240,1
2026-01-31 17:44:23,7388414,2512.000,834.000,8057.000,2.000,-6.000,-132.000,0.000,-7.240,1
2026-01-31 17:44:23,7388454,2431.000,713.000,8048.000,-38.000,-38.000,-125.000,0.000,-7.240,1
2026-01-31 17:44:23,7388494,2567.000,823.000,8143.000,-3.000,-5.000,-151.000,0.000,-7.240,1
2026-01-31 17:44:23,7388534,2503.000,848.000,8077.000,-64.000,-58.000,-122.000,0.000,-7.240,1
2026-01-31 17:44:23,7388574,2555.000,792.000,8076.000,-51.000,-19.000,-104.000,0.000,-7.240,1
2026-01-31 17:44:23,7388614,2441.000,859.000,8027.000,-24.000,-34.000,-117.000,0.000,-7.240,1
2026-01-31 17:44:23,7388654,2468.000,745.000,7987.000,-99.000,-34.000,-91.000,0.000,-7.240,1
2026-01-31 17:44:23,7388694,2390.000,829.000,7967.000,21.000,-5.000,-119.000,0.000,-7.240,1
2026-01-31 17:44:24,7388734,2391.000,845.000,7966.000,-59.000,-50.000,-105.000,0.000,-7.240,1
2026-01-31 17:44:24,7388774,2385.000,866.000,7932.000,-74.000,-36.000,-118.000,0.000,-7.240,1
2026-01-31 17:44:24,7388814,2415.000,806.000,7842.000,-121.000,-46.000,-117.000,0.000,-4.880,1
2026-01-31 17:44:24,7388854,2537.000,868.000,8038.000,34.000,-5.000,-131.000,0.000,-4.880,1
2026-01-31 17:44:24,7388894,2399.000,847.000,8033.000,-55.000,-1.000,-144.000,0.000,-4.880,1
2026-01-31 17:44:24,7388934,2412.000,897.000,7915.000,-54.000,-40.000,-127.000,0.000,-4.880,1
2026-01-31 17:44:24,7388974,2528.000,833.000,7966.000,-45.000,-11.000,-113.000,0.000,-4.880,1
2026-01-31 17:44:24,7389014,2330.000,826.000,8003.000,-75.000,12.000,-103.000,0.000,-4.880,1
2026-01-31 17:44:24,7389054,2374.000,933.000,8005.000,-41.000,-32.000,-104.000,0.000,-4.880,1
2026-01-31 17:44:24,7389094,2480.000,827.000,8135.000,-69.000,-48.000,-92.000,0.000,-4.880,1
2026-01-31 17:44:24,7389134,2562.000,987.000,8133.000,-26.000,-9.000,-144.000,0.000,-4.880,1
2026-01-31 17:44:24,7389174,2412.000,960.000,8020.000,-87.000,-63.000,-127.000,0.000,-4.880,1
2026-01-31 17:44:24,7389214,2438.000,941.000,8032.000,-101.000,-16.000,-96.000,0.000,-4.880,1
2026-01-31 17:44:24,7389254,2442.000,902.000,8032.000,-46.000,-14.000,-107.000,0.000,-4.880,1
2026-01-31 17:44:24,7389294,2384.000,784.000,8016.000,-127.000,-29.000,-109.000,0.000,-4.880,1
2026-01-31 17:44:24,7389337,2566.000,1007.000,7962.000,-127.000,-85.000,-152.000,0.000,-4.880,1
2026-01-31 17:44:24,7389377,2692.000,1102.000,7924.000,-32.000,-93.000,-192.000,0.000,-4.880,1
2026-01-31 17:44:24,7389414,2731.000,1111.000,7935.000,-16.000,-51.000,-182.000,0.000,-4.880,1
2026-01-31 17:44:24,7389454,2668.000,1008.000,7811.000,-79.000,-21.000,-172.000,0.000,-4.880,1
2026-01-31 17:44:24,7389494,2501.000,1038.000,7899.000,-39.000,0.000,-129.000,0.000,-4.880,1
2026-01-31 17:44:24,7389534,2497.000,946.000,7844.000,-90.000,31.000,-80.000,0.000,-4.880,1
2026-01-31 17:44:24,7389574,2501.000,1052.000,7994.000,15.000,37.000,-92.000,0.000,-4.880,1
2026-01-31 17:44:24,7389614,2463.000,1147.000,8019.000,-16.000,-20.000,-123.000,0.000,-4.880,1
2026-01-31 17:44:24,7389654,2458.000,1114.000,7900.000,-137.000,-63.000,-121.000,0.000,-4.880,1
2026-01-31 17:44:24,7389694,2542.000,1230.000,7860.000,-73.000,10.000,-147.000,0.000,-4.880,1
2026-01-31 17:44:25,7389734,2524.000,1015.000,7920.000,-71.000,0.000,-144.000,0.000,-4.880,1
2026-01-31 17:44:25,7389774,2539.000,1224.000,8092.000,9.000,34.000,-122.000,0.000,-4.880,1
2026-01-31 17:44:25,7389814,2411.000,1051.000,7922.000,-139.000,-40.000,-101.000,0.000,2.220,1
2026-01-31 17:44:25,7389854,2574.000,1212.000,7979.000,-31.000,-58.000,-98.000,0.000,2.220,1
2026-01-31 17:44:25,7389894,2483.000,948.000,7817.000,-177.000,-51.000,-73.000,0.000,2.220,1
2026-01-31 17:44:25,7389934,2561.000,1287.000,8105.000,97.000,-32.000,-81.000,0.000,2.220,1
2026-01-31 17:44:25,7389974,2553.000,1139.000,7978.000,-90.000,-36.000,-99.000,0.000,2.220,1
2026-01-31 17:44:25,7390014,2604.000,1224.000,7944.000,-44.000,-83.000,-134.000,0.000,2.220,1
2026-01-31 17:44:25,7390054,2651.000,1114.000,7768.000,-47.000,-33.000,-150.000,0.000,2.220,1
2026-01-31 17:44:25,7390094,2763.000,1314.000,7971.000,63.000,-50.000,-135.000,0.000,2.220,1
2026-01-31 17:44:25,7390134,2690.000,1078.000,7764.000,-137.000,-24.000,-110.000,0.000,2.220,1
2026-01-31 17:44:25,7390174,2768.000,1395.000,7993.000,65.000,-60.000,-99.000,0.000,2.220,1
2026-01-31 17:44:25,7390214,2763.000,1200.000,7714.000,-97.000,-6.000,-85.000,0.000,2.220,1
2026-01-31 17:44:25,7390254,2662.000,1240.000,7838.000,-3.000,-26.000,-76.000,0.000,2.220,1
2026-01-31 17:44:25,7390294,2724.000,1235.000,7758.000,-45.000,4.000,-74.000,0.000,2.220,1
2026-01-31 17:44:25,7390334,2567.000,1275.000,7679.000,-67.000,-1.000,-75.000,0.000,2.220,1
2026-01-31 17:44:25,7390374,2709.000,1451.000,7910.000,86.000,-14.000,-98.000,0.000,2.220,1
2026-01-31 17:44:25,7390414,2681.000,1339.000,7826.000,-48.000,-30.000,-111.000,0.000,2.220,1
2026-01-31 17:44:25,7390454,2762.000,1381.000,7690.000,-91.000,-49.000,-109.000,0.000,2.220,1
2026-01-31 17:44:25,7390494,2769.000,1397.000,7647.000,-44.000,21.000,-109.000,0.000,2.220,1
2026-01-31 17:44:25,7390534,2752.000,1369.000,7856.000,19.000,-4.000,-97.000,0.000,2.220,1
2026-01-31 17:44:25,7390574,2829.000,1563.000,8050.000,85.000,56.000,-100.000,0.000,2.220,1
2026-01-31 17:44:25,7390614,2674.000,1396.000,7791.000,-149.000,-64.000,-99.000,0.000,2.220,1
2026-01-31 17:44:25,7390654,2805.000,1594.000,7845.000,8.000,-38.000,-99.000,0.000,2.220,1
2026-01-31 17:44:25,7390694,2614.000,1295.000,7514.000,-209.000,-50.000,-64.000,0.000,2.220,1
2026-01-31 17:44:26,7390734,2839.000,1571.000,7993.000,206.000,-91.000,-93.000,0.000,2.220,1
2026-01-31 17:44:26,7390774,2724.000,1397.000,7670.000,-193.000,34.000,-81.000,0.000,2.220,1
2026-01-31 17:44:26,7390814,2647.000,1811.000,7896.000,135.000,-99.000,-110.000,0.000,11.920,1
2026-01-31 17:44:26,7390854,2770.000,1362.000,7738.000,-109.000,-48.000,-103.000,0.000,11.920,1
2026-01-31 17:44:26,7390894,2933.000,1702.000,7777.000,10.000,-33.000,-138.000,0.000,11.920,1
2026-01-31 17:44:26,7390934,2791.000,1420.000,7697.000,-86.000,-15.000,-104.000,0.000,11.920,1
2026-01-31 17:44:26,7390974,2796.000,1564.000,7637.000,-26.000,-10.000,-112.000,0.000,11.920,1
2026-01-31 17:44:26,7391014,2791.000,1532.000,7836.000,62.000,-88.000,-94.000,0.000,11.920,1
2026-01-31 17:44:26,7391054,2867.000,1796.000,7526.000,-86.000,-42.000,-115.000,0.000,11.920,1
2026-01-31 17:44:26,7391094,2749.000,1747.000,7560.000,-60.000,-134.000,-60.000,0.000,11.920,1
2026-01-31 17:44:26,7391134,2805.000,1693.000,7358.000,-166.000,-20.000,-54.000,0.000,11.920,1
2026-01-31 17:44:26,7391174,2738.000,1436.000,7473.000,-46.000,-10.000,-50.000,0.000,11.920,1
2026-01-31 17:44:26,7391214,2744.000,1649.000,7742.000,-34.000,106.000,-86.000,0.000,11.920,1
2026-01-31 17:44:26,7391254,2597.000,1586.000,7634.000,-32.000,-114.000,-101.000,0.000,11.920,1
2026-01-31 17:44:26,7391294,3029.000,1941.000,7884.000,41.000,-92.000,-98.000,0.000,11.920,1
2026-01-31 17:44:26,7391334,3047.000,1684.000,7775.000,10.000,-10.000,-165.000,0.000,11.920,1
2026-01-31 17:44:26,7391374,3014.000,1836.000,7926.000,11.000,-48.000,-133.000,0.000,11.920,1
2026-01-31 17:44:26,7391414,3025.000,1762.000,7681.000,-101.000,-6.000,-143.000,0.000,11.920,1
2026-01-31 17:44:26,7391454,3007.000,1895.000,7813.000,14.000,-50.000,-88.000,0.000,11.920,1
2026-01-31 17:44:26,7391494,3032.000,1763.000,7622.000,-151.000,9.000,-67.000,0.000,11.920,1
2026-01-31 17:44:26,7391534,2766.000,1780.000,7420.000,-167.000,-51.000,-58.000,0.000,11.920,1
2026-01-31 17:44:26,7391576,3109.000,1955.000,7547.000,84.000,36.000,-84.000,0.000,11.920,1
2026-01-31 17:44:26,7391615,3008.000,1671.000,7322.000,-129.000,53.000,-97.000,0.000,11.920,1
2026-01-31 17:44:26,7391654,2995.000,1851.000,7721.000,128.000,-46.000,-104.000,0.000,11.920,1
2026-01-31 17:44:26,7391694,3103.000,2032.000,7721.000,36.000,66.000,-158.000,0.000,11.920,1
2026-01-31 17:44:27,7391734,2984.000,1766.000,7797.000,56.000,-63.000,-118.000,0.000,11.920,1
2026-01-31 17:44:27,7391774,3193.000,2044.000,7820.000,-4.000,32.000,-112.000,0.000,11.920,1
2026-01-31 17:44:27,7391814,2882.000,1960.000,7730.000,-9.000,-59.000,-68.000,0.000,8.390,1
2026-01-31 17:44:27,7391854,2886.000,1787.000,7378.000,-203.000,-63.000,-59.000,0.000,8.390,1
2026-01-31 17:44:27,7391894,2799.000,1789.000,7107.000,-151.000,-56.000,-48.000,0.000,8.390,1
2026-01-31 17:44:27,7391934,3070.000,2112.000,7563.000,176.000,-26.000,-85.000,0.000,8.390,1
2026-01-31 17:44:27,7391974,2558.000,1495.000,7203.000,-237.000,37.000,-59.000,0.000,8.390,1
2026-01-31 17:44:27,7392014,2730.000,1983.000,7551.000,62.000,-64.000,-37.000,0.000,8.390,1
2026-01-31 17:44:27,7392054,3074.000,1900.000,7791.000,78.000,28.000,-71.000,0.000,8.390,1
2026-01-31 17:44:27,7392094,2978.000,1796.000,7545.000,-137.000,32.000,-149.000,0.000,8.390,1
2026-01-31 17:44:27,7392134,3131.000,2098.000,7948.000,147.000,-70.000,-161.000,0.000,8.390,1
2026-01-31 17:44:27,7392174,3123.000,1799.000,7406.000,-243.000,37.000,-161.000,0.000,8.390,1
2026-01-31 17:44:27,7392214,3183.000,1959.000,7917.000,150.000,-82.000,-102.000,0.000,8.390,1
2026-01-31 17:44:27,7392254,3056.000,1802.000,7536.000,-229.000,116.000,-95.000,0.000,8.390,1
2026-01-31 17:44:27,7392294,2704.000,1537.000,7499.000,-104.000,-67.000,-36.000,0.000,8.390,1
2026-01-31 17:44:27,7392334,2993.000,1956.000,7477.000,23.000,0.000,-44.000,0.000,8.390,1
2026-01-31 17:44:27,7392374,2950.000,1898.000,7744.000,172.000,-61.000,-63.000,0.000,8.390,1
2026-01-31 17:44:27,7392414,3026.000,2111.000,7852.000,-61.000,64.000,-84.000,0.000,8.390,1
2026-01-31 17:44:27,7392454,2752.000,1794.000,7504.000,-22.000,-56.000,-149.000,0.000,8.390,1
2026-01-31 17:44:27,7392494,3119.000,2206.000,7901.000,35.000,-62.000,-104.000,0.000,8.390,1
2026-01-31 17:44:27,7392534,2945.000,1843.000,7381.000,-250.000,47.000,-120.000,0.000,8.390,1
2026-01-31 17:44:27,7392574,2877.000,2214.000,7804.000,136.000,-64.000,-98.000,0.000,8.390,1
2026-01-31 17:44:27,7392614,2867.000,1729.000,7414.000,-348.000,24.000,-27.000,0.000,8.390,1
2026-01-31 17:44:27,7392654,2694.000,1780.000,7236.000,-83.000,-64.000,-72.000,0.000,8.390,1
2026-01-31 17:44:27,7392694,2827.000,1755.000,7379.000,-91.000,-14.000,-54.000,0.000,8.390,1
2026-01-31 17:44:28,7392734,2779.000,1847.000,7471.000,-89.000,-21.000,-106.000,0.000,8.390,1
2026-01-31 17:44:28,7392774,3144.000,2205.000,8073.000,227.000,34.000,-124.000,0.000,8.390,1
2026-01-31 17:44:28,7392814,2809.000,1737.000,7636.000,-213.000,16.000,-140.000,0.000,5.410,1
2026-01-31 17:44:28,7392854,2962.000,2184.000,7915.000,87.000,-92.000,-110.000,0.000,5.410,1
2026-01-31 17:44:28,7392894,2951.000,1753.000,7497.000,-256.000,16.000,-111.000,0.000,5.410,1
2026-01-31 17:44:28,7392934,3078.000,2117.000,8007.000,194.000,-85.000,-105.000,0.000,5.410,1
2026-01-31 17:44:28,7392974,2905.000,1768.000,7469.000,-365.000,63.000,-93.000,0.000,5.410,1
2026-01-31 17:44:28,7393014,2724.000,1920.000,7503.000,-18.000,-144.000,-69.000,0.000,5.410,1
2026-01-31 17:44:28,7393054,2949.000,2057.000,7603.000,-67.000,-9.000,-37.000,0.000,5.410,1
2026-01-31 17:44:28,7393094,2706.000,1527.000,7204.000,-262.000,-26.000,-72.000,0.000,5.410,1
2026-01-31 17:44:28,7393134,3037.000,2001.000,7789.000,-6.000,37.000,-88.000,0.000,5.410,1
2026-01-31 17:44:28,7393174,2740.000,1575.000,7399.000,-164.000,15.000,-156.000,0.000,5.410,1
2026-01-31 17:44:28,7393214,3048.000,2234.000,8036.000,203.000,-121.000,-131.000,0.000,5.410,1
2026-01-31 17:44:28,7393254,3027.000,1726.000,7754.000,-217.000,9.000,-143.000,0.000,5.410,1
2026-01-31 17:44:28,7393294,2957.000,2056.000,7846.000,17.000,-116.000,-134.000,0.000,5.410,1
2026-01-31 17:44:28,7393334,3182.000,1914.000,7790.000,-80.000,-42.000,-108.000,0.000,5.410,1
2026-01-31 17:44:28,7393374,2871.000,1731.000,7537.000,-146.000,-62.000,-83.000,0.000,5.410,1
2026-01-31 17:44:28,7393414,3080.000,2216.000,7761.000,59.000,-58.000,-83.000,0.000,5.410,1
2026-01-31 17:44:28,7393454,2836.000,1701.000,7520.000,-141.000,-7.000,-82.000,0.000,5.410,1
2026-01-31 17:44:28,7393494,2741.000,1873.000,7499.000,-144.000,-85.000,-33.000,0.000,5.410,1
2026-01-31 17:44:28,7393534,2875.000,1912.000,7503.000,-22.000,6.000,-113.000,0.000,5.410,1
2026-01-31 17:44:28,7393574,2825.000,1642.000,7257.000,-182.000,-67.000,-118.000,0.000,5.410,1
2026-01-31 17:44:28,7393614,2986.000,2115.000,7782.000,188.000,-17.000,-137.000,0.000,5.410,1
2026-01-31 17:44:28,7393654,2897.000,1848.000,7516.000,-164.000,-3.000,-147.000,0.000,5.410,1
2026-01-31 17:44:28,7393694,2954.000,2013.000,7626.000,20.000,-100.000,-130.000,0.000,5.410,1
2026-01-31 17:44:29,7393734,3051.000,1982.000,7577.000,-114.000,-71.000,-91.000,0.000,5.410,1
2026-01-31 17:44:29,7393774,3023.000,2054.000,7611.000,-51.000,-65.000,-101.000,0.000,5.410,1
2026-01-31 17:44:29,7393814,3038.000,2066.000,7741.000,3.000,-76.000,-67.000,0.000,4.400,1
2026-01-31 17:44:29,7393854,3107.000,2142.000,7563.000,-139.000,-46.000,-104.000,0.000,4.400,1
2026-01-31 17:44:29,7393894,3028.000,2058.000,7529.000,-90.000,-58.000,-120.000,0.000,4.400,1
2026-01-31 17:44:29,7393934,2902.000,2011.000,7331.000,-166.000,-70.000,-128.000,0.000,4.400,1
2026-01-31 17:44:29,7393974,3185.000,2168.000,7637.000,55.000,-93.000,-127.000,0.000,4.400,1
2026-01-31 17:44:29,7394014,3156.000,1977.000,7281.000,-256.000,8.000,-132.000,0.000,4.400,1
2026-01-31 17:44:29,7394054,3118.000,2137.000,7396.000,44.000,-120.000,-144.000,0.000,4.400,1
2026-01-31 17:44:29,7394094,3296.000,2271.000,7524.000,-39.000,-34.000,-140.000,0.000,4.400,1
2026-01-31 17:44:29,7394134,3187.000,1999.000,7440.000,-55.000,-12.000,-125.000,0.000,4.400,1
2026-01-31 17:44:29,7394174,3189.000,2199.000,7596.000,-30.000,-4.000,-106.000,0.000,4.400,1
2026-01-31 17:44:29,7394214,3079.000,2178.000,7493.000,-50.000,-16.000,-102.000,0.000,4.400,1
2026-01-31 17:44:29,7394254,3142.000,2249.000,7557.000,-6.000,-61.000,-62.000,0.000,4.400,1
2026-01-31 17:44:29,7394294,3101.000,2350.000,7488.000,-45.000,-18.000,-87.000,0.000,4.400,1
2026-01-31 17:44:29,7394334,3020.000,2220.000,7214.000,-149.000,-68.000,-92.000,0.000,4.400,1
2026-01-31 17:44:29,7394374,3176.000,2407.000,7460.000,54.000,-75.000,-103.000,0.000,4.400,1
2026-01-31 17:44:29,7394414,3152.000,2182.000,7172.000,-194.000,-10.000,-124.000,0.000,4.400,1
2026-01-31 17:44:29,7394454,3044.000,2168.000,7261.000,36.000,-59.000,-134.000,0.000,4.400,1
2026-01-31 17:44:29,7394494,3233.000,2427.000,7553.000,31.000,20.000,-129.000,0.000,4.400,1
2026-01-31 17:44:29,7394534,3115.000,2098.000,7372.000,-128.000,20.000,-132.000,0.000,4.400,1
2026-01-31 17:44:29,7394574,3119.000,2326.000,7432.000,-8.000,-94.000,-93.000,0.000,4.400,1
2026-01-31 17:44:29,7394614,3244.000,2425.000,7663.000,52.000,-76.000,-92.000,0.000,4.400,1
2026-01-31 17:44:29,7394654,3245.000,2299.000,7493.000,-68.000,-48.000,-117.000,0.000,4.400,1
2026-01-31 17:44:29,7394694,3197.000,2383.000,7380.000,-71.000,-70.000,-140.000,0.000,4.400,1
2026-01-31 17:44:30,7394734,3248.000,2225.000,7495.000,-18.000,-79.000,-123.000,0.000,4.400,1
2026-01-31 17:44:30,7394774,3422.000,2555.000,7767.000,27.000,4.000,-120.000,0.000,4.400,1
2026-01-31 17:44:30,7394814,3077.000,2067.000,7197.000,-278.000,-30.000,-124.000,0.000,-11.740,1
2026-01-31 17:44:30,7394854,3041.000,2227.000,7215.000,-77.000,-137.000,-80.000,0.000,-11.740,1
2026-01-31 17:44:30,7394894,3252.000,2100.000,7166.000,-129.000,-34.000,-81.000,0.000,-11.740,1
2026-01-31 17:44:30,7394934,3214.000,2050.000,7225.000,-15.000,-14.000,-119.000,0.000,-11.740,1
2026-01-31 17:44:30,7394974,3326.000,2429.000,7536.000,104.000,-17.000,-157.000,0.000,-11.740,1
2026-01-31 17:44:30,7395014,3294.000,2415.000,7469.000,-13.000,-33.000,-142.000,0.000,-11.740,1
2026-01-31 17:44:30,7395054,3269.000,2376.000,7475.000,-33.000,-21.000,-103.000,0.000,-11.740,1
2026-01-31 17:44:30,7395094,3268.000,2318.000,7515.000,-47.000,-8.000,-76.000,0.000,-11.740,1
2026-01-31 17:44:30,7395134,3206.000,2287.000,7483.000,-106.000,28.000,-72.000,0.000,-11.740,1
2026-01-31 17:44:30,7395174,3058.000,2075.000,7324.000,-142.000,-36.000,-77.000,0.000,-11.740,1
2026-01-31 17:44:30,7395214,3141.000,2232.000,7284.000,-89.000,-61.000,-100.000,0.000,-11.740,1
2026-01-31 17:44:30,7395254,3274.000,2185.000,7324.000,1.000,-31.000,-125.000,0.000,-11.740,1
2026-01-31 17:44:30,7395294,3300.000,2256.000,7450.000,31.000,25.000,-144.000,0.000,-11.740,1
2026-01-31 17:44:30,7395337,3157.000,2216.000,7361.000,-64.000,-31.000,-115.000,0.000,-11.740,1
2026-01-31 17:44:30,7395379,3242.000,2102.000,7329.000,-152.000,-26.000,-82.000,0.000,-11.740,1
2026-01-31 17:44:30,7395414,3308.000,2341.000,7492.000,94.000,-1.000,-97.000,0.000,-11.740,1
2026-01-31 17:44:30,7395454,3242.000,2269.000,7403.000,-50.000,32.000,-108.000,0.000,-11.740,1
2026-01-31 17:44:30,7395494,2998.000,2079.000,7218.000,-124.000,-29.000,-58.000,0.000,-11.740,1
2026-01-31 17:44:30,7395534,3135.000,2436.000,7580.000,103.000,-8.000,-51.000,0.000,-11.740,1
2026-01-31 17:44:30,7395577,3006.000,2287.000,7404.000,-159.000,6.000,-49.000,0.000,-11.740,1
2026-01-31 17:44:30,7395614,2996.000,2307.000,7516.000,-71.000,-72.000,-63.000,0.000,-11.740,1
2026-01-31 17:44:30,7395654,2991.000,2460.000,7471.000,-101.000,-81.000,-51.000,0.000,-11.740,1
2026-01-31 17:44:30,7395694,2989.000,2171.000,7207.000,-193.000,-111.000,-63.000,0.000,-11.740,1
2026-01-31 17:44:31,7395734,3272.000,2592.000,7493.000,78.000,-88.000,-122.000,0.000,-11.740,1
2026-01-31 17:44:31,7395774,3166.000,2671.000,7747.000,-113.000,-94.000,-105.000,0.000,-11.740,1
2026-01-31 17:44:31,7395814,3283.000,2209.000,7464.000,-308.000,-113.000,-130.000,0.000,2.880,1
2026-01-31 17:44:31,7395854,3504.000,2449.000,7518.000,-92.000,-113.000,-185.000,0.000,2.880,1
2026-01-31 17:44:31,7395894,3530.000,2185.000,7379.000,-195.000,-30.000,-175.000,0.000,2.880,1
2026-01-31 17:44:31,7395934,3399.000,1986.000,7302.000,-192.000,-14.000,-116.000,0.000,2.880,1
2026-01-31 17:44:31,7395974,3400.000,2038.000,7149.000,-204.000,12.000,-107.000,0.000,2.880,1
2026-01-31 17:44:31,7396014,3516.000,2149.000,7298.000,42.000,-1.000,-132.000,0.000,2.880,1
2026-01-31 17:44:31,7396054,3424.000,1788.000,7027.000,-241.000,10.000,-70.000,0.000,2.880,1
2026-01-31 17:44:31,7396094,3376.000,2208.000,7372.000,152.000,23.000,-82.000,0.000,2.880,1
2026-01-31 17:44:31,7396134,3181.000,2112.000,7348.000,-11.000,67.000,-28.000,0.000,2.880,1
2026-01-31 17:44:31,7396174,3176.000,2315.000,7583.000,106.000,55.000,-33.000,0.000,2.880,1
2026-01-31 17:44:31,7396214,3211.000,2317.000,7741.000,99.000,16.000,-49.000,0.000,2.880,1
2026-01-31 17:44:31,7396254,3249.000,2232.000,7666.000,-32.000,4.000,-122.000,0.000,2.880,1
2026-01-31 17:44:31,7396294,3077.000,2347.000,7546.000,-6.000,-46.000,-140.000,0.000,2.880,1
2026-01-31 17:44:31,7396334,3219.000,2458.000,7585.000,17.000,-109.000,-154.000,0.000,2.880,1
2026-01-31 17:44:31,7396374,3262.000,2362.000,7481.000,-115.000,-78.000,-128.000,0.000,2.880,1
2026-01-31 17:44:31,7396414,3167.000,2438.000,7394.000,-85.000,-55.000,-105.000,0.000,2.880,1
2026-01-31 17:44:31,7396454,2950.000,2039.000,6897.000,-312.000,-88.000,-52.000,0.000,2.880,1
2026-01-31 17:44:31,7396494,2836.000,2243.000,6801.000,-88.000,-114.000,-6.000,0.000,2.880,1
2026-01-31 17:44:31,7396534,2683.000,1649.000,7356.000,-252.000,-139.000,90.000,0.000,2.880,1
2026-01-31 17:44:31,7396574,3244.000,2372.000,7588.000,-20.000,-45.000,42.000,0.000,2.880,1
2026-01-31 17:44:31,7396614,3053.000,2515.000,7574.000,62.000,-76.000,-83.000,0.000,2.880,1
2026-01-31 17:44:31,7396654,3095.000,2558.000,7442.000,-12.000,-142.000,-107.000,0.000,2.880,1
2026-01-31 17:44:31,7396694,2906.000,1860.000,6944.000,-464.000,-230.000,-14.000,0.000,2.880,1
2026-01-31 17:44:32,7396734,3443.000,2837.000,7830.000,285.000,-89.000,-121.000,0.000,2.880,1
2026-01-31 17:44:32,7396774,3311.000,1616.000,7602.000,-410.000,-5.000,-70.000,0.000,2.880,1
2026-01-31 17:44:32,7396814,3574.000,2171.000,8219.000,51.000,-131.000,-140.000,0.000,9.040,1
2026-01-31 17:44:32,7396854,3557.000,1612.000,7745.000,-469.000,-84.000,-147.000,0.000,9.040,1
2026-01-31 17:44:32,7396894,3774.000,1612.000,8068.000,83.000,-190.000,-183.000,0.000,9.040,1
2026-01-31 17:44:32,7396934,3622.000,1093.000,7729.000,-205.000,-28.000,-133.000,0.000,9.040,1
2026-01-31 17:44:32,7396974,3542.000,1388.000,7785.000,-70.000,-68.000,-89.000,0.000,9.040,1
2026-01-31 17:44:32,7397014,3393.000,1587.000,7604.000,6.000,-96.000,-22.000,0.000,9.040,1
2026-01-31 17:44:32,7397054,3225.000,1634.000,7289.000,-19.000,-146.000,7.000,0.000,9.040,1
2026-01-31 17:44:32,7397094,3215.000,1734.000,7188.000,34.000,-82.000,32.000,0.000,9.040,1
2026-01-31 17:44:32,7397134,3091.000,1744.000,7104.000,103.000,50.000,14.000,0.000,9.040,1
2026-01-31 17:44:32,7397174,2955.000,1735.000,7204.000,130.000,84.000,-2.000,0.000,9.040,1
2026-01-31 17:44:32,7397214,2802.000,1747.000,7139.000,41.000,116.000,-12.000,0.000,9.040,1
2026-01-31 17:44:32,7397254,2855.000,1987.000,7408.000,190.000,84.000,-75.000,0.000,9.040,1
2026-01-31 17:44:32,7397294,2906.000,2061.000,7416.000,15.000,75.000,-117.000,0.000,9.040,1
2026-01-31 17:44:32,7397337,3054.000,2265.000,7168.000,-102.000,-19.000,-123.000,0.000,9.040,1
2026-01-31 17:44:32,7397377,3128.000,2207.000,7103.000,-75.000,-30.000,-92.000,0.000,9.040,1
2026-01-31 17:44:32,7397414,3184.000,2256.000,7305.000,33.000,2.000,-100.000,0.000,9.040,1
2026-01-31 17:44:32,7397454,3337.000,2182.000,7379.000,-33.000,99.000,-106.000,0.000,9.040,1
2026-01-31 17:44:32,7397494,3109.000,1928.000,7515.000,-29.000,59.000,-71.000,0.000,9.040,1
2026-01-31 17:44:32,7397534,3287.000,2160.000,7692.000,26.000,38.000,-60.000,0.000,9.040,1
2026-01-31 17:44:32,7397577,3128.000,2076.000,7373.000,-69.000,-78.000,-70.000,0.000,9.040,1
2026-01-31 17:44:32,7397614,3117.000,2149.000,7529.000,-24.000,-99.000,-38.000,0.000,9.040,1
2026-01-31 17:44:32,7397654,3382.000,2432.000,7945.000,169.000,-19.000,-52.000,0.000,9.040,1
2026-01-31 17:44:32,7397694,3427.000,1923.000,7378.000,-136.000,-91.000,-146.000,0.000,9.040,1
2026-01-31 17:44:33,7397734,3545.000,2504.000,7732.000,185.000,-64.000,-205.000,0.000,9.040,1
2026-01-31 17:44:33,7397774,3305.000,1818.000,7401.000,-176.000,-27.000,-120.000,0.000,9.040,1
2026-01-31 17:44:33,7397814,3442.000,2063.000,7380.000,-32.000,-76.000,-122.000,0.000,5.820,1
2026-01-31 17:44:33,7397854,3392.000,2058.000,7240.000,-116.000,-54.000,-90.000,0.000,5.820,1
2026-01-31 17:44:33,7397894,3380.000,2073.000,7285.000,50.000,-81.000,-76.000,0.000,5.820,1
2026-01-31 17:44:33,7397934,3369.000,1965.000,7173.000,-94.000,7.000,-31.000,0.000,5.820,1
2026-01-31 17:44:33,7397974,3357.000,2271.000,7177.000,119.000,20.000,-87.000,0.000,5.820,1
2026-01-31 17:44:33,7398014,3157.000,1872.000,6935.000,-147.000,-2.000,-25.000,0.000,5.820,1
2026-01-31 17:44:33,7398054,3238.000,2224.000,7326.000,141.000,37.000,-43.000,0.000,5.820,1
2026-01-31 17:44:33,7398094,3130.000,1998.000,7438.000,45.000,64.000,-31.000,0.000,5.820,1
2026-01-31 17:44:33,7398134,2903.000,1869.000,7213.000,-217.000,131.000,-4.000,0.000,5.820,1
2026-01-31 17:44:33,7398174,2871.000,1911.000,7473.000,90.000,-22.000,18.000,0.000,5.820,1
2026-01-31 17:44:33,7398214,3178.000,2221.000,7745.000,6.000,53.000,3.000,0.000,5.820,1
2026-01-31 17:44:33,7398254,3090.000,1978.000,7538.000,-76.000,0.000,-60.000,0.000,5.820,1
2026-01-31 17:44:33,7398294,3269.000,2358.000,7749.000,31.000,-43.000,-128.000,0.000,5.820,1
2026-01-31 17:44:33,7398334,3263.000,1895.000,7487.000,-185.000,0.000,-134.000,0.000,5.820,1
2026-01-31 17:44:33,7398374,3416.000,2246.000,7812.000,106.000,-40.000,-112.000,0.000,5.820,1
2026-01-31 17:44:33,7398414,3356.000,1974.000,7754.000,-151.000,38.000,-86.000,0.000,5.820,1
2026-01-31 17:44:33,7398454,3205.000,2122.000,7796.000,40.000,-72.000,-31.000,0.000,5.820,1
2026-01-31 17:44:33,7398494,3305.000,1924.000,7375.000,-109.000,-90.000,-57.000,0.000,5.820,1
2026-01-31 17:44:33,7398534,3281.000,1997.000,7269.000,-52.000,-104.000,-70.000,0.000,5.820,1
2026-01-31 17:44:33,7398574,3414.000,2104.000,7357.000,66.000,-27.000,-103.000,0.000,5.820,1
2026-01-31 17:44:33,7398614,3296.000,2110.000,7412.000,57.000,-25.000,-108.000,0.000,5.820,1
2026-01-31 17:44:33,7398654,3245.000,2080.000,7289.000,-95.000,-65.000,-60.000,0.000,5.820,1
2026-01-31 17:44:33,7398694,3203.000,2170.000,7201.000,-36.000,-67.000,-64.000,0.000,5.820,1
2026-01-31 17:44:34,7398734,3295.000,2138.000,7203.000,-29.000,-47.000,-55.000,0.000,5.820,1
2026-01-31 17:44:34,7398774,3376.000,2214.000,7363.000,28.000,4.000,-54.000,0.000,5.820,1
2026-01-31 17:44:34,7398814,3362.000,2279.000,7388.000,-5.000,4.000,-70.000,0.000,4.990,1
2026-01-31 17:44:34,7398854,3230.000,2090.000,7213.000,-90.000,-24.000,-42.000,0.000,4.990,1
2026-01-31 17:44:34,7398894,3246.000,2056.000,7192.000,-100.000,37.000,-45.000,0.000,4.990,1
2026-01-31 17:44:34,7398934,3255.000,1982.000,7349.000,-1.000,8.000,-30.000,0.000,4.990,1
2026-01-31 17:44:34,7398974,3363.000,2226.000,7489.000,25.000,30.000,-72.000,0.000,4.990,1
2026-01-31 17:44:34,7399014,3310.000,2067.000,7338.000,-43.000,-57.000,-68.000,0.000,4.990,1
2026-01-31 17:44:34,7399054,3546.000,2549.000,7660.000,127.000,-36.000,-106.000,0.000,4.990,1
2026-01-31 17:44:34,7399094,3490.000,2282.000,7279.000,-100.000,-9.000,-97.000,0.000,4.990,1
2026-01-31 17:44:34,7399134,3627.000,2641.000,7615.000,118.000,-37.000,-110.000,0.000,4.990,1
2026-01-31 17:44:34,7399174,3412.000,2250.000,7177.000,-176.000,-3.000,-80.000,0.000,4.990,1
2026-01-31 17:44:34,7399214,3783.000,2728.000,7715.000,204.000,-71.000,-78.000,0.000,4.990,1
2026-01-31 17:44:34,7399254,3574.000,2383.000,7030.000,-134.000,-12.000,-85.000,0.000,4.990,1
2026-01-31 17:44:34,7399294,3249.000,2350.000,7039.000,-42.000,-88.000,-38.000,0.000,4.990,1
2026-01-31 17:44:34,7399334,3167.000,2247.000,6865.000,-127.000,-35.000,15.000,0.000,4.990,1
2026-01-31 17:44:34,7399374,3625.000,2827.000,7497.000,343.000,-20.000,-60.000,0.000,4.990,1
2026-01-31 17:44:34,7399414,3492.000,2422.000,7136.000,-191.000,54.000,-56.000,0.000,4.990,1
2026-01-31 17:44:34,7399454,3250.000,2500.000,7053.000,14.000,-126.000,-96.000,0.000,4.990,1
2026-01-31 17:44:34,7399494,3378.000,2509.000,6970.000,-149.000,-64.000,-40.000,0.000,4.990,1
2026-01-31 17:44:34,7399534,3533.000,2483.000,7183.000,113.000,0.000,-40.000,0.000,4.990,1
2026-01-31 17:44:34,7399576,3292.000,2204.000,7052.000,-285.000,33.000,-8.000,0.000,4.990,1
2026-01-31 17:44:34,7399614,3292.000,2465.000,7307.000,76.000,-98.000,-12.000,0.000,4.990,1
2026-01-31 17:44:34,7399654,3586.000,2447.000,7325.000,-103.000,-37.000,-14.000,0.000,4.990,1
2026-01-31 17:44:34,7399694,3605.000,2403.000,7286.000,-1.000,-39.000,-53.000,0.000,4.990,1
2026-01-31 17:44:35,7399734,3455.000,2426.000,7371.000,-59.000,3.000,-45.000,0.000,4.990,1
2026-01-31 17:44:35,7399774,3299.000,2157.000,6986.000,-168.000,-20.000,-20.000,0.000,4.990,1
2026-01-31 17:44:35,7399814,3597.000,2571.000,7607.000,161.000,-49.000,-36.000,0.000,3.840,1
2026-01-31 17:44:35,7399854,3604.000,2145.000,7177.000,-243.000,47.000,-75.000,0.000,3.840,1
2026-01-31 17:44:35,7399894,3564.000,2392.000,7424.000,118.000,-106.000,-83.000,0.000,3.840,1
2026-01-31 17:44:35,7399934,3666.000,2559.000,7400.000,-52.000,-41.000,-69.000,0.000,3.840,1
2026-01-31 17:44:35,7399974,3804.000,2837.000,7433.000,41.000,-94.000,-81.000,0.000,3.840,1
2026-01-31 17:44:35,7400014,3731.000,2618.000,7160.000,-107.000,-10.000,-46.000,0.000,3.840,1
2026-01-31 17:44:35,7400054,3717.000,2711.000,7146.000,62.000,-64.000,-57.000,0.000,3.840,1
2026-01-31 17:44:35,7400094,3701.000,2667.000,7110.000,-102.000,-1.000,-2.000,0.000,3.840,1
2026-01-31 17:44:35,7400134,3584.000,2514.000,6897.000,-71.000,1.000,-15.000,0.000,3.840,1
2026-01-31 17:44:35,7400174,3606.000,2639.000,7127.000,38.000,-31.000,-2.000,0.000,3.840,1
2026-01-31 17:44:35,7400214,3632.000,2600.000,7046.000,-50.000,15.000,-20.000,0.000,3.840,1
2026-01-31 17:44:35,7400254,3641.000,2654.000,7061.000,22.000,-21.000,-37.000,0.000,3.840,1
2026-01-31 17:44:35,7400294,3686.000,2736.000,7026.000,-25.000,-7.000,-45.000,0.000,3.840,1
2026-01-31 17:44:35,7400334,3677.000,2625.000,6974.000,-21.000,-29.000,-51.000,0.000,3.840,1
2026-01-31 17:44:35,7400374,3779.000,2742.000,7176.000,-17.000,15.000,-31.000,0.000,3.840,1
2026-01-31 17:44:35,7400414,3699.000,2683.000,7127.000,-18.000,-6.000,-20.000,0.000,3.840,1
2026-01-31 17:44:35,7400454,3741.000,2697.000,7100.000,-58.000,-5.000,8.000,0.000,3.840,1
2026-01-31 17:44:35,7400494,3655.000,2667.000,7109.000,23.000,32.000,6.000,0.000,3.840,1
2026-01-31 17:44:35,7400534,3609.000,2703.000,7212.000,9.000,26.000,20.000,0.000,3.840,1
2026-01-31 17:44:35,7400574,3625.000,2709.000,7134.000,-32.000,1.000,-7.000,0.000,3.840,1
2026-01-31 17:44:35,7400614,3649.000,2732.000,7104.000,-10.000,-29.000,-30.000,0.000,3.840,1
2026-01-31 17:44:35,7400654,3694.000,2765.000,7093.000,-2.000,-41.000,-54.000,0.000,3.840,1
2026-01-31 17:44:35,7400694,3720.000,2767.000,7089.000,15.000,-31.000,-46.000,0.000,3.840,1
2026-01-31 17:44:36,7400734,3746.000,2785.000,7086.000,3.000,-6.000,-21.000,0.000,3.840,1
2026-01-31 17:44:36,7400774,3658.000,2764.000,7091.000,-12.000,5.000,1.000,0.000,3.840,1
2026-01-31 17:44:36,7400814,3640.000,2766.000,7073.000,-33.000,-10.000,20.000,0.000,3.840,1
2026-01-31 17:44:36,7400854,3661.000,2747.000,7070.000,-24.000,-29.000,8.000,0.000,0.000,0
2026-01-31 17:44:36,7400894,3674.000,2724.000,7024.000,-46.000,-30.000,-2.000,0.000,0.000,0
2026-01-31 17:44:36,7400934,3720.000,2752.000,7081.000,-9.000,-27.000,-30.000,0.000,3.795,1
2026-01-31 17:44:36,7400974,3746.000,2699.000,7058.000,-40.000,-15.000,-25.000,0.000,3.795,1
2026-01-31 17:44:36,7401014,3738.000,2699.000,7046.000,-16.000,-29.000,-17.000,0.000,3.795,1
2026-01-31 17:44:36,7401054,3735.000,2646.000,7040.000,-44.000,-26.000,0.000,0.000,3.795,1
2026-01-31 17:44:36,7401094,3763.000,2662.000,7089.000,-18.000,-11.000,2.000,0.000,3.795,1
2026-01-31 17:44:36,7401134,3750.000,2710.000,7163.000,10.000,-16.000,-7.000,0.000,3.795,1
2026-01-31 17:44:36,7401174,3749.000,2738.000,7147.000,-1.000,-38.000,-16.000,0.000,3.795,1
2026-01-31 17:44:36,7401214,3784.000,2699.000,7097.000,-49.000,-38.000,-9.000,0.000,3.795,1
2026-01-31 17:44:36,7401254,3735.000,2709.000,7166.000,12.000,-6.000,-3.000,0.000,3.795,1
2026-01-31 17:44:36,7401294,3656.000,2644.000,7209.000,-52.000,15.000,42.000,0.000,3.795,1
2026-01-31 17:44:36,7401334,3591.000,2581.000,7120.000,-66.000,-13.000,50.000,0.000,3.795,1
2026-01-31 17:44:36,7401374,3608.000,2628.000,7153.000,-12.000,-53.000,25.000,0.000,3.795,1
2026-01-31 17:44:36,7401415,3665.000,2604.000,7126.000,-21.000,-72.000,-1.000,0.000,3.795,1
2026-01-31 17:44:36,7401454,3700.000,2581.000,7092.000,-17.000,-61.000,-16.000,0.000,3.795,1
2026-01-31 17:44:36,7401494,3694.000,2585.000,7087.000,-11.000,-41.000,-8.000,0.000,3.795,1
2026-01-31 17:44:36,7401534,3663.000,2571.000,7169.000,-6.000,-39.000,13.000,0.000,3.795,1
2026-01-31 17:44:36,7401576,3685.000,2587.000,7194.000,-11.000,-61.000,22.000,0.000,3.795,1
2026-01-31 17:44:36,7401614,3697.000,2571.000,7177.000,-31.000,-69.000,18.000,0.000,3.795,1
2026-01-31 17:44:36,7401654,3708.000,2552.000,7141.000,-49.000,-79.000,28.000,0.000,3.795,1
2026-01-31 17:44:36,7401694,3675.000,2591.000,7128.000,-34.000,-68.000,23.000,0.000,3.795,1
2026-01-31 17:44:37,7401734,3681.000,2558.000,7121.000,-17.000,-62.000,18.000,0.000,3.795,1
2026-01-31 17:44:37,7401774,3652.000,2536.000,7116.000,-33.000,-38.000,34.000,0.000,3.795,1
2026-01-31 17:44:37,7401814,3694.000,2596.000,7123.000,17.000,-58.000,15.000,0.000,3.943,1
2026-01-31 17:44:37,7401854,3732.000,2580.000,7093.000,-18.000,-77.000,10.000,0.000,3.943,1
2026-01-31 17:44:37,7401894,3762.000,2515.000,7106.000,-17.000,-40.000,8.000,0.000,3.943,1
2026-01-31 17:44:37,7401934,3725.000,2530.000,7111.000,4.000,-25.000,14.000,0.000,3.943,1
2026-01-31 17:44:37,7401974,3740.000,2675.000,7109.000,27.000,-45.000,15.000,0.000,3.943,1
2026-01-31 17:44:37,7402014,3760.000,2577.000,7054.000,-46.000,-49.000,19.000,0.000,3.943,1
2026-01-31 17:44:37,7402054,3703.000,2177.000,7148.000,-106.000,70.000,28.000,0.000,3.943,1
2026-01-31 17:44:37,7402094,3506.000,1499.000,7334.000,-191.000,313.000,77.000,0.000,3.943,1
2026-01-31 17:44:37,7402134,3095.000,635.000,7741.000,-305.000,481.000,157.000,0.000,3.943,1
2026-01-31 17:44:37,7402174,2466.000,-82.000,8126.000,-288.000,428.000,244.000,0.000,3.943,1
2026-01-31 17:44:37,7402214,1773.000,-43.000,8228.000,-196.000,178.000,306.000,0.000,3.943,1
2026-01-31 17:44:37,7402254,1724.000,1045.000,7938.000,3.000,-112.000,365.000,0.000,3.943,1
2026-01-31 17:44:37,7402294,3190.000,2521.000,7733.000,286.000,-452.000,240.000,0.000,3.943,1
2026-01-31 17:44:37,7402334,4034.000,2962.000,7429.000,133.000,-491.000,-6.000,0.000,3.943,1
2026-01-31 17:44:37,7402374,4406.000,2691.000,6949.000,-2.000,-306.000,-401.000,0.000,3.943,1
2026-01-31 17:44:37,7402414,4426.000,2114.000,6902.000,142.000,128.000,-572.000,0.000,3.943,1
2026-01-31 17:44:37,7402454,3741.000,1420.000,7479.000,51.000,733.000,-363.000,0.000,3.943,1
2026-01-31 17:44:37,7402494,3004.000,650.000,8314.000,161.000,902.000,-91.000,0.000,3.943,1
2026-01-31 17:44:37,7402534,2238.000,331.000,8678.000,-9.000,502.000,222.000,0.000,3.943,1
2026-01-31 17:44:37,7402574,1673.000,897.000,8179.000,-251.000,-124.000,402.000,0.000,3.943,1
2026-01-31 17:44:37,7402614,2301.000,1717.000,7408.000,-123.000,-620.000,393.000,0.000,3.943,1
2026-01-31 17:44:37,7402654,3664.000,2608.000,6954.000,95.000,-577.000,209.000,0.000,3.943,1
2026-01-31 17:44:37,7402694,4051.000,2641.000,6680.000,120.000,-274.000,-76.000,0.000,3.943,1
2026-01-31 17:44:38,7402734,4046.000,2299.000,6686.000,156.000,90.000,-288.000,0.000,3.943,1
2026-01-31 17:44:38,7402774,3459.000,1834.000,7218.000,85.000,512.000,-254.000,0.000,3.943,1
2026-01-31 17:44:38,7402814,2979.000,1240.000,7888.000,35.000,690.000,-109.000,0.000,13.540,1
2026-01-31 17:44:38,7402854,2520.000,720.000,8317.000,-109.000,475.000,49.000,0.000,13.540,1
2026-01-31 17:44:38,7402894,2202.000,824.000,8205.000,-190.000,9.000,148.000,0.000,13.540,1
2026-01-31 17:44:38,7402934,2468.000,1494.000,7653.000,-187.000,-395.000,170.000,0.000,13.540,1
2026-01-31 17:44:38,7402974,3288.000,2104.000,7413.000,37.000,-527.000,98.000,0.000,13.540,1
2026-01-31 17:44:38,7403014,3936.000,2362.000,7212.000,65.000,-349.000,3.000,0.000,13.540,1
2026-01-31 17:44:38,7403054,3926.000,2033.000,7195.000,114.000,167.000,-149.000,0.000,13.540,1
2026-01-31 17:44:38,7403094,3356.000,1583.000,7607.000,47.000,430.000,-52.000,0.000,13.540,1
2026-01-31 17:44:38,7403134,2911.000,1215.000,8038.000,38.000,457.000,46.000,0.000,13.540,1
2026-01-31 17:44:38,7403174,2562.000,884.000,8206.000,-109.000,240.000,119.000,0.000,13.540,1
2026-01-31 17:44:38,7403214,2415.000,1127.000,7975.000,-120.000,-96.000,144.000,0.000,13.540,1
2026-01-31 17:44:38,7403254,2838.000,1658.000,7551.000,-71.000,-348.000,97.000,0.000,13.540,1
2026-01-31 17:44:38,7403294,3351.000,1998.000,7343.000,38.000,-355.000,33.000,0.000,13.540,1
2026-01-31 17:44:38,7403334,3722.000,2198.000,7200.000,115.000,-179.000,-52.000,0.000,13.540,1
2026-01-31 17:44:38,7403374,3653.000,2088.000,7169.000,96.000,59.000,-107.000,0.000,13.540,1
2026-01-31 17:44:38,7403414,3150.000,1646.000,7560.000,51.000,226.000,-63.000,0.000,13.540,1
2026-01-31 17:44:38,7403454,2886.000,1375.000,7833.000,-27.000,250.000,62.000,0.000,13.540,1
2026-01-31 17:44:38,7403494,2689.000,1174.000,7788.000,-124.000,80.000,115.000,0.000,13.540,1
2026-01-31 17:44:38,7403534,2705.000,1490.000,7653.000,-45.000,-99.000,130.000,0.000,13.540,1
2026-01-31 17:44:38,7403577,3140.000,1947.000,7444.000,72.000,-175.000,61.000,0.000,13.540,1
2026-01-31 17:44:38,7403614,3283.000,2047.000,7378.000,67.000,-148.000,32.000,0.000,13.540,1
2026-01-31 17:44:38,7403654,3433.000,2073.000,7363.000,60.000,-34.000,-37.000,0.000,13.540,1
2026-01-31 17:44:38,7403694,3307.000,1831.000,7463.000,35.000,102.000,-60.000,0.000,13.540,1
2026-01-31 17:44:39,7403734,3092.000,1559.000,7629.000,-20.000,168.000,-27.000,0.000,13.540,1
2026-01-31 17:44:39,7403774,2969.000,1377.000,7792.000,-38.000,130.000,-2.000,0.000,13.540,1
2026-01-31 17:44:39,7403814,2884.000,1335.000,7751.000,-47.000,-38.000,50.000,0.000,2.260,1
2026-01-31 17:44:39,7403854,3015.000,1645.000,7641.000,17.000,-122.000,49.000,0.000,2.260,1
2026-01-31 17:44:39,7403894,3215.000,1812.000,7486.000,-10.000,-152.000,39.000,0.000,2.260,1
2026-01-31 17:44:39,7403934,3375.000,1960.000,7455.000,63.000,-96.000,10.000,0.000,2.260,1
2026-01-31 17:44:39,7403974,3346.000,1875.000,7460.000,25.000,8.000,-14.000,0.000,2.260,1
2026-01-31 17:44:39,7404014,3161.000,1670.000,7595.000,3.000,72.000,-3.000,0.000,2.260,1
2026-01-31 17:44:39,7404054,3038.000,1519.000,7748.000,-33.000,65.000,27.000,0.000,2.260,1
2026-01-31 17:44:39,7404094,2990.000,1384.000,7768.000,-90.000,0.000,53.000,0.000,2.260,1
2026-01-31 17:44:39,7404134,2993.000,1466.000,7672.000,-52.000,-74.000,51.000,0.000,2.260,1
2026-01-31 17:44:39,7404174,3164.000,1727.000,7460.000,-49.000,-144.000,31.000,0.000,2.260,1
2026-01-31 17:44:39,7404214,3310.000,1843.000,7403.000,1.000,-118.000,12.000,0.000,2.260,1
2026-01-31 17:44:39,7404254,3350.000,1831.000,7420.000,12.000,-51.000,-2.000,0.000,2.260,1
2026-01-31 17:44:39,7404294,3250.000,1648.000,7478.000,-45.000,17.000,3.000,0.000,2.260,1
2026-01-31 17:44:39,7404334,3190.000,1596.000,7637.000,17.000,25.000,8.000,0.000,2.260,1
2026-01-31 17:44:39,7404374,3090.000,1456.000,7688.000,-76.000,9.000,46.000,0.000,2.260,1
2026-01-31 17:44:39,7404414,3025.000,1519.000,7694.000,-55.000,-46.000,61.000,0.000,2.260,1
2026-01-31 17:44:39,7404454,3068.000,1517.000,7594.000,-45.000,-100.000,63.000,0.000,2.260,1
2026-01-31 17:44:39,7404494,3170.000,1663.000,7519.000,-61.000,-94.000,46.000,0.000,2.260,1
2026-01-31 17:44:39,7404534,3202.000,1781.000,7509.000,53.000,-106.000,11.000,0.000,2.260,1
2026-01-31 17:44:39,7404574,3249.000,1771.000,7458.000,-26.000,-62.000,-15.000,0.000,2.260,1
2026-01-31 17:44:39,7404614,3235.000,1592.000,7476.000,-69.000,-10.000,-19.000,0.000,2.260,1
2026-01-31 17:44:39,7404654,3170.000,1481.000,7631.000,-17.000,22.000,11.000,0.000,2.260,1
2026-01-31 17:44:39,7404694,3069.000,1376.000,7687.000,-67.000,8.000,58.000,0.000,2.260,1
2026-01-31 17:44:40,7404734,3040.000,1543.000,7600.000,-30.000,-85.000,67.000,0.000,2.260,1
2026-01-31 17:44:40,7404774,3254.000,1870.000,7587.000,42.000,-153.000,17.000,0.000,2.260,1
2026-01-31 17:44:40,7404814,3386.000,1675.000,7418.000,-96.000,-149.000,-1.000,0.000,43.780,1
2026-01-31 17:44:40,7404854,3353.000,1678.000,7408.000,-14.000,-68.000,-6.000,0.000,43.780,1
2026-01-31 17:44:40,7404894,3301.000,1660.000,7497.000,-1.000,5.000,1.000,0.000,43.780,1
2026-01-31 17:44:40,7404934,3242.000,1473.000,7614.000,-23.000,31.000,6.000,0.000,43.780,1
2026-01-31 17:44:40,7404974,3150.000,1472.000,7615.000,-36.000,-10.000,32.000,0.000,43.780,1
2026-01-31 17:44:40,7405014,3181.000,1544.000,7553.000,-46.000,-46.000,43.000,0.000,43.780,1
2026-01-31 17:44:40,7405054,3224.000,1592.000,7521.000,-3.000,-56.000,42.000,0.000,43.780,1
2026-01-31 17:44:40,7405094,3255.000,1682.000,7488.000,28.000,-51.000,38.000,0.000,43.780,1
2026-01-31 17:44:40,7405134,3297.000,1706.000,7456.000,0.000,-32.000,7.000,0.000,43.780,1
2026-01-31 17:44:40,7405174,3268.000,1669.000,7488.000,12.000,9.000,-4.000,0.000,43.780,1
2026-01-31 17:44:40,7405214,3201.000,1585.000,7511.000,-3.000,30.000,3.000,0.000,43.780,1
2026-01-31 17:44:40,7405254,3208.000,1509.000,7528.000,-12.000,43.000,21.000,0.000,43.780,1
2026-01-31 17:44:40,7405294,3245.000,1507.000,7585.000,41.000,36.000,29.000,0.000,43.780,1
2026-01-31 17:44:40,7405334,3168.000,1598.000,7545.000,9.000,-4.000,30.000,0.000,43.780,1
2026-01-31 17:44:40,7405374,3222.000,1648.000,7501.000,38.000,-5.000,10.000,0.000,43.780,1
2026-01-31 17:44:40,7405414,3290.000,1668.000,7527.000,49.000,22.000,-4.000,0.000,43.780,1
2026-01-31 17:44:40,7405454,3246.000,1636.000,7593.000,39.000,41.000,-10.000,0.000,43.780,1
2026-01-31 17:44:40,7405494,3193.000,1592.000,7617.000,-18.000,18.000,7.000,0.000,43.780,1
2026-01-31 17:44:40,7405534,3212.000,1532.000,7564.000,-45.000,-11.000,13.000,0.000,43.780,1
2026-01-31 17:44:40,7405576,3211.000,1531.000,7513.000,-8.000,2.000,23.000,0.000,43.780,1
2026-01-31 17:44:40,7405615,3199.000,1545.000,7512.000,2.000,-7.000,30.000,0.000,43.780,1
2026-01-31 17:44:40,7405654,3231.000,1649.000,7549.000,50.000,-2.000,28.000,0.000,43.780,1
2026-01-31 17:44:40,7405694,3235.000,1697.000,7554.000,32.000,7.000,25.000,0.000,43.780,1
2026-01-31 17:44:41,7405734,3200.000,1682.000,7523.000,-12.000,2.000,10.000,0.000,43.780,1
2026-01-31 17:44:41,7405774,3228.000,1634.000,7533.000,-13.000,-5.000,0.000,0.000,43.780,1
2026-01-31 17:44:41,7405814,3282.000,1590.000,7586.000,-1.000,4.000,-5.000,0.000,24.660,1
2026-01-31 17:44:41,7405854,3228.000,1513.000,7566.000,-20.000,12.000,1.000,0.000,24.660,1
2026-01-31 17:44:41,7405894,3207.000,1548.000,7575.000,0.000,-5.000,22.000,0.000,24.660,1
2026-01-31 17:44:41,7405934,3238.000,1569.000,7531.000,5.000,-9.000,31.000,0.000,24.660,1
2026-01-31 17:44:41,7405974,3248.000,1645.000,7529.000,29.000,5.000,33.000,0.000,24.660,1
2026-01-31 17:44:41,7406014,3184.000,1703.000,7567.000,31.000,16.000,31.000,0.000,24.660,1
2026-01-31 17:44:41,7406054,3171.000,1644.000,7515.000,-41.000,8.000,31.000,0.000,24.660,1
2026-01-31 17:44:41,7406094,3205.000,1572.000,7545.000,12.000,24.000,1.000,0.000,24.660,1
2026-01-31 17:44:41,7406134,3180.000,1558.000,7571.000,9.000,1.000,-10.000,0.000,24.660,1
2026-01-31 17:44:41,7406174,3206.000,1570.000,7528.000,-3.000,-14.000,-2.000,0.000,24.660,1
2026-01-31 17:44:41,7406214,3253.000,1632.000,7544.000,30.000,-9.000,10.000,0.000,24.660,1
2026-01-31 17:44:41,7406254,3267.000,1653.000,7513.000,-3.000,4.000,24.000,0.000,24.660,1
2026-01-31 17:44:41,7406294,3188.000,1692.000,7504.000,-4.000,-2.000,46.000,0.000,24.660,1
2026-01-31 17:44:41,7406334,3143.000,1646.000,7511.000,-4.000,1.000,59.000,0.000,24.660,1
2026-01-31 17:44:41,7406374,3197.000,1665.000,7585.000,17.000,23.000,33.000,0.000,24.660,1
2026-01-31 17:44:41,7406414,3177.000,1597.000,7661.000,22.000,20.000,10.000,0.000,24.660,1
2026-01-31 17:44:41,7406454,3121.000,1610.000,7591.000,-11.000,0.000,2.000,0.000,24.660,1
2026-01-31 17:44:41,7406494,3250.000,1658.000,7538.000,13.000,-27.000,-9.000,0.000,24.660,1
2026-01-31 17:44:41,7406534,3270.000,1479.000,7508.000,-106.000,-16.000,1.000,0.000,24.660,1
2026-01-31 17:44:41,7406574,3224.000,1671.000,7616.000,106.000,21.000,24.000,0.000,24.660,1
2026-01-31 17:44:41,7406614,3190.000,1653.000,7495.000,-316.000,-95.000,35.000,0.000,24.660,1
2026-01-31 17:44:41,7406654,3253.000,1488.000,7436.000,-223.000,-31.000,41.000,0.000,24.660,1
2026-01-31 17:44:41,7406694,3366.000,1586.000,7627.000,78.000,26.000,-2.000,0.000,24.660,1
2026-01-31 17:44:42,7406734,3244.000,1566.000,7669.000,99.000,29.000,14.000,0.000,24.660,1
2026-01-31 17:44:42,7406774,3162.000,1597.000,7608.000,120.000,31.000,21.000,0.000,24.660,1
2026-01-31 17:44:42,7406814,3174.000,1550.000,7508.000,18.000,10.000,33.000,0.000,25.910,1
2026-01-31 17:44:42,7406854,3181.000,1562.000,7538.000,82.000,-3.000,16.000,0.000,25.910,1
2026-01-31 17:44:42,7406894,3201.000,1580.000,7407.000,-9.000,-15.000,18.000,0.000,25.910,1
2026-01-31 17:44:42,7406934,3288.000,1641.000,7488.000,54.000,-7.000,-7.000,0.000,25.910,1
2026-01-31 17:44:42,7406974,3284.000,1685.000,7558.000,58.000,12.000,-2.000,0.000,25.910,1
2026-01-31 17:44:42,7407014,3229.000,1633.000,7556.000,13.000,29.000,21.000,0.000,25.910,1
2026-01-31 17:44:42,7407054,3165.000,1642.000,7588.000,33.000,28.000,35.000,0.000,25.910,1
2026-01-31 17:44:42,7407094,3172.000,1584.000,7601.000,19.000,34.000,37.000,0.000,25.910,1
2026-01-31 17:44:42,7407134,3171.000,1588.000,7661.000,7.000,14.000,30.000,0.000,25.910,1
2026-01-31 17:44:42,7407174,3142.000,1552.000,7578.000,-35.000,-24.000,16.000,0.000,25.910,1
2026-01-31 17:44:42,7407214,3214.000,1672.000,7482.000,0.000,-37.000,-1.000,0.000,25.910,1
2026-01-31 17:44:42,7407254,3256.000,1596.000,7522.000,7.000,-3.000,0.000,0.000,25.910,1
2026-01-31 17:44:42,7407294,3214.000,1665.000,7571.000,14.000,15.000,17.000,0.000,25.910,1
2026-01-31 17:44:42,7407334,3204.000,1549.000,7531.000,-21.000,-8.000,47.000,0.000,25.910,1
2026-01-31 17:44:42,7407377,3189.000,1561.000,7583.000,18.000,-5.000,33.000,0.000,25.910,1
2026-01-31 17:44:42,7407417,3198.000,1642.000,7588.000,23.000,2.000,13.000,0.000,25.910,1
2026-01-31 17:44:42,7407454,3229.000,1649.000,7587.000,5.000,-7.000,8.000,0.000,25.910,1
2026-01-31 17:44:42,7407494,3194.000,1640.000,7481.000,-25.000,-5.000,5.000,0.000,25.910,1
2026-01-31 17:44:42,7407534,3163.000,1601.000,7457.000,-22.000,-24.000,16.000,0.000,25.910,1
2026-01-31 17:44:42,7407574,3247.000,1651.000,7553.000,53.000,4.000,7.000,0.000,25.910,1
2026-01-31 17:44:42,7407614,3259.000,1616.000,7622.000,42.000,23.000,14.000,0.000,25.910,1
2026-01-31 17:44:42,7407654,3206.000,1600.000,7559.000,2.000,20.000,24.000,0.000,25.910,1
2026-01-31 17:44:42,7407694,3188.000,1612.000,7565.000,37.000,0.000,28.000,0.000,25.910,1
2026-01-31 17:44:43,7407734,3191.000,1625.000,7578.000,4.000,2.000,35.000,0.000,25.910,1
2026-01-31 17:44:43,7407774,3211.000,1611.000,7494.000,-26.000,-10.000,20.000,0.000,25.910,1
2026-01-31 17:44:43,7407814,3229.000,1584.000,7493.000,-1.000,1.000,7.000,0.000,34.890,1
2026-01-31 17:44:43,7407854,3196.000,1578.000,7488.000,18.000,10.000,3.000,0.000,34.890,1
2026-01-31 17:44:43,7407894,3213.000,1644.000,7552.000,54.000,16.000,7.000,0.000,34.890,1
2026-01-31 17:44:43,7407934,3176.000,1672.000,7558.000,19.000,31.000,23.000,0.000,34.890,1
2026-01-31 17:44:43,7407974,3133.000,1666.000,7570.000,18.000,34.000,32.000,0.000,34.890,1
2026-01-31 17:44:43,7408014,3102.000,1700.000,7585.000,38.000,-23.000,45.000,0.000,34.890,1
2026-01-31 17:44:43,7408054,3142.000,1653.000,7543.000,13.000,-51.000,29.000,0.000,34.890,1
2026-01-31 17:44:43,7408094,3158.000,1600.000,7553.000,-16.000,-1.000,4.000,0.000,34.890,1
2026-01-31 17:44:43,7408134,3219.000,1609.000,7573.000,1.000,1.000,-20.000,0.000,34.890,1
2026-01-31 17:44:43,7408174,3239.000,1608.000,7569.000,-4.000,0.000,-24.000,0.000,34.890,1
2026-01-31 17:44:43,7408214,3265.000,1620.000,7524.000,-14.000,-10.000,-3.000,0.000,34.890,1
2026-01-31 17:44:43,7408254,3265.000,1623.000,7518.000,-7.000,-6.000,21.000,0.000,34.890,1
2026-01-31 17:44:43,7408294,3236.000,1613.000,7505.000,-7.000,13.000,40.000,0.000,34.890,1
2026-01-31 17:44:43,7408334,3196.000,1627.000,7531.000,11.000,27.000,47.000,0.000,34.890,1
2026-01-31 17:44:43,7408374,3146.000,1632.000,7577.000,37.000,34.000,35.000,0.000,34.890,1
2026-01-31 17:44:43,7408414,3117.000,1629.000,7606.000,9.000,7.000,14.000,0.000,34.890,1
2026-01-31 17:44:43,7408454,3169.000,1654.000,7593.000,4.000,-10.000,-4.000,0.000,34.890,1
2026-01-31 17:44:43,7408494,3229.000,1648.000,7556.000,17.000,-42.000,-16.000,0.000,34.890,1
2026-01-31 17:44:43,7408534,3321.000,1653.000,7498.000,-1.000,-26.000,-16.000,0.000,34.890,1
2026-01-31 17:44:43,7408574,3311.000,1624.000,7484.000,36.000,29.000,-4.000,0.000,34.890,1
2026-01-31 17:44:43,7408614,3257.000,1672.000,7603.000,36.000,75.000,22.000,0.000,34.890,1
2026-01-31 17:44:43,7408654,3183.000,1583.000,7573.000,-20.000,102.000,53.000,0.000,34.890,1
2026-01-31 17:44:43,7408694,3172.000,1539.000,7594.000,3.000,86.000,48.000,0.000,34.890,1
2026-01-31 17:44:44,7408734,3103.000,1656.000,7610.000,37.000,46.000,30.000,0.000,34.890,1
2026-01-31 17:44:44,7408774,3124.000,1665.000,7502.000,12.000,6.000,1.000,0.000,34.890,1
2026-01-31 17:44:44,7408814,3156.000,1612.000,7470.000,-24.000,14.000,0.000,0.000,6.170,1
2026-01-31 17:44:44,7408854,3176.000,1730.000,7591.000,4.000,23.000,-10.000,0.000,6.170,1
2026-01-31 17:44:44,7408894,3208.000,1633.000,7592.000,-305.000,10.000,6.000,0.000,6.170,1
2026-01-31 17:44:44,7408934,3072.000,1618.000,7568.000,12.000,50.000,6.000,0.000,6.170,1
2026-01-31 17:44:44,7408974,3109.000,1662.000,7585.000,5.000,32.000,34.000,0.000,6.170,1
2026-01-31 17:44:44,7409014,3143.000,1707.000,7585.000,124.000,26.000,18.000,0.000,6.170,1
2026-01-31 17:44:44,7409054,3114.000,1648.000,7563.000,45.000,32.000,26.000,0.000,6.170,1
2026-01-31 17:44:44,7409094,3073.000,1641.000,7577.000,39.000,24.000,26.000,0.000,6.170,1
2026-01-31 17:44:44,7409134,3096.000,1599.000,7557.000,4.000,12.000,16.000,0.000,6.170,1
2026-01-31 17:44:44,7409174,3133.000,1636.000,7575.000,20.000,-13.000,8.000,0.000,6.170,1
2026-01-31 17:44:44,7409214,3153.000,1646.000,7560.000,12.000,-8.000,9.000,0.000,6.170,1
2026-01-31 17:44:44,7409254,3156.000,1672.000,7572.000,15.000,-8.000,19.000,0.000,6.170,1
2026-01-31 17:44:44,7409294,3134.000,1655.000,7598.000,-1.000,7.000,28.000,0.000,6.170,1
2026-01-31 17:44:44,7409334,3143.000,1631.000,7595.000,-11.000,0.000,21.000,0.000,6.170,1
2026-01-31 17:44:44,7409377,3164.000,1627.000,7597.000,-14.000,-14.000,9.000,0.000,6.170,1
2026-01-31 17:44:44,7409417,3179.000,1615.000,7520.000,-7.000,-14.000,3.000,0.000,6.170,1
2026-01-31 17:44:44,7409454,3181.000,1671.000,7557.000,37.000,-6.000,0.000,0.000,6.170,1
2026-01-31 17:44:44,7409494,3177.000,1645.000,7590.000,-10.000,7.000,23.000,0.000,6.170,1
2026-01-31 17:44:44,7409534,3181.000,1644.000,7559.000,-4.000,10.000,27.000,0.000,6.170,1
2026-01-31 17:44:44,7409574,3122.000,1607.000,7569.000,3.000,14.000,32.000,0.000,6.170,1
2026-01-31 17:44:44,7409614,3110.000,1626.000,7567.000,-7.000,-2.000,21.000,0.000,6.170,1
2026-01-31 17:44:44,7409654,3152.000,1639.000,7556.000,-35.000,-17.000,12.000,0.000,6.170,1
2026-01-31 17:44:44,7409694,3138.000,1649.000,7563.000,9.000,3.000,5.000,0.000,6.170,1
2026-01-31 17:44:45,7409734,3137.000,1672.000,7604.000,14.000,-3.000,4.000,0.000,6.170,1
2026-01-31 17:44:45,7409774,3168.000,1656.000,7609.000,-7.000,-16.000,11.000,0.000,6.170,1
2026-01-31 17:44:45,7409814,3176.000,1637.000,7566.000,-19.000,-17.000,20.000,0.000,-5.340,1
2026-01-31 17:44:45,7409854,3141.000,1620.000,7568.000,-18.000,-7.000,28.000,0.000,-5.340,1
2026-01-31 17:44:45,7409894,3124.000,1613.000,7582.000,-7.000,-6.000,33.000,0.000,-5.340,1
2026-01-31 17:44:45,7409934,3126.000,1642.000,7599.000,19.000,-4.000,22.000,0.000,-5.340,1
2026-01-31 17:44:45,7409974,3128.000,1645.000,7594.000,5.000,0.000,16.000,0.000,-5.340,1
2026-01-31 17:44:45,7410014,3075.000,1620.000,7443.000,-66.000,-15.000,12.000,0.000,-5.340,1
2026-01-31 17:44:45,7410054,3052.000,1675.000,7540.000,35.000,-45.000,30.000,0.000,-5.340,1
2026-01-31 17:44:45,7410094,3203.000,1664.000,7614.000,-2.000,9.000,13.000,0.000,-5.340,1
2026-01-31 17:44:45,7410134,3124.000,1636.000,7618.000,23.000,-2.000,8.000,0.000,-5.340,1
2026-01-31 17:44:45,7410174,3113.000,1686.000,7634.000,-6.000,-16.000,13.000,0.000,-5.340,1
2026-01-31 17:44:45,7410214,3092.000,1580.000,7496.000,-50.000,-40.000,23.000,0.000,-5.340,1
2026-01-31 17:44:45,7410254,3262.000,1693.000,7641.000,9.000,-34.000,7.000,0.000,-5.340,1
2026-01-31 17:44:45,7410294,3161.000,1640.000,7570.000,29.000,-3.000,4.000,0.000,-5.340,1
2026-01-31 17:44:45,7410334,3171.000,1607.000,7612.000,-34.000,-13.000,25.000,0.000,-5.340,1
2026-01-31 17:44:45,7410374,3218.000,1587.000,7516.000,-22.000,1.000,23.000,0.000,-5.340,1
2026-01-31 17:44:45,7410414,3195.000,1609.000,7629.000,18.000,-5.000,21.000,0.000,-5.340,1
2026-01-31 17:44:45,7410454,3116.000,1572.000,7531.000,-24.000,-2.000,25.000,0.000,-5.340,1
2026-01-31 17:44:45,7410494,3145.000,1668.000,7566.000,26.000,-11.000,27.000,0.000,-5.340,1
2026-01-31 17:44:45,7410534,3167.000,1606.000,7543.000,-10.000,12.000,17.000,0.000,-5.340,1
2026-01-31 17:44:45,7410574,3137.000,1663.000,7626.000,45.000,10.000,6.000,0.000,-5.340,1
2026-01-31 17:44:45,7410614,3149.000,1632.000,7592.000,-24.000,-6.000,7.000,0.000,-5.340,1
2026-01-31 17:44:45,7410654,3163.000,1629.000,7576.000,-22.000,-19.000,9.000,0.000,-5.340,1
2026-01-31 17:44:45,7410694,3179.000,1638.000,7547.000,-9.000,-2.000,13.000,0.000,-5.340,1
2026-01-31 17:44:46,7410734,3143.000,1633.000,7564.000,2.000,2.000,27.000,0.000,-5.340,1
2026-01-31 17:44:46,7410774,3133.000,1639.000,7556.000,-4.000,11.000,29.000,0.000,-5.340,1
2026-01-31 17:44:46,7410814,3128.000,1622.000,7565.000,5.000,2.000,26.000,0.000,19.620,1
2026-01-31 17:44:46,7410854,3146.000,1630.000,7594.000,5.000,2.000,16.000,0.000,19.620,1
2026-01-31 17:44:46,7410894,3144.000,1636.000,7596.000,10.000,-6.000,6.000,0.000,19.620,1
2026-01-31 17:44:46,7410934,3155.000,1640.000,7595.000,-7.000,-6.000,13.000,0.000,19.620,1
2026-01-31 17:44:46,7410974,3153.000,1638.000,7587.000,-4.000,-4.000,8.000,0.000,19.620,1
2026-01-31 17:44:46,7411014,3159.000,1590.000,7546.000,-26.000,-3.000,9.000,0.000,19.620,1
2026-01-31 17:44:46,7411054,3194.000,1587.000,7513.000,4.000,-1.000,17.000,0.000,19.620,1
2026-01-31 17:44:46,7411094,3154.000,1660.000,7571.000,53.000,19.000,15.000,0.000,19.620,1
2026-01-31 17:44:46,7411134,3130.000,1611.000,7575.000,-15.000,15.000,32.000,0.000,19.620,1
2026-01-31 17:44:46,7411174,3164.000,1645.000,7566.000,14.000,14.000,22.000,0.000,19.620,1
2026-01-31 17:44:46,7411214,3129.000,1650.000,7604.000,17.000,7.000,17.000,0.000,19.620,1
2026-01-31 17:44:46,7411254,3105.000,1640.000,7575.000,-1.000,-4.000,16.000,0.000,19.620,1
2026-01-31 17:44:46,7411294,3136.000,1664.000,7552.000,8.000,2.000,4.000,0.000,19.620,1
2026-01-31 17:44:46,7411334,3151.000,1619.000,7551.000,-11.000,5.000,6.000,0.000,19.620,1
2026-01-31 17:44:46,7411377,3128.000,1639.000,7596.000,6.000,10.000,13.000,0.000,19.620,1
2026-01-31 17:44:46,7411416,3178.000,1627.000,7563.000,-12.000,-11.000,16.000,0.000,19.620,1
2026-01-31 17:44:46,7411454,3167.000,1628.000,7568.000,-7.000,-9.000,24.000,0.000,19.620,1
2026-01-31 17:44:46,7411494,3146.000,1639.000,7580.000,3.000,1.000,27.000,0.000,19.620,1
2026-01-31 17:44:46,7411534,3125.000,1656.000,7572.000,7.000,1.000,23.000,0.000,19.620,1
2026-01-31 17:44:46,7411577,3139.000,1635.000,7593.000,7.000,3.000,16.000,0.000,19.620,1
2026-01-31 17:44:46,7411614,3133.000,1628.000,7584.000,5.000,0.000,12.000,0.000,19.620,1
2026-01-31 17:44:46,7411654,3137.000,1608.000,7571.000,-2.000,-12.000,7.000,0.000,19.620,1
2026-01-31 17:44:46,7411694,3164.000,1641.000,7566.000,6.000,-13.000,8.000,0.000,19.620,1
2026-01-31 17:44:47,7411734,3167.000,1623.000,7565.000,-10.000,-8.000,13.000,0.000,19.620,1
2026-01-31 17:44:47,7411774,3168.000,1666.000,7583.000,12.000,-2.000,14.000,0.000,19.620,1
2026-01-31 17:44:47,7411814,3163.000,1644.000,7561.000,-16.000,-12.000,17.000,0.000,5.090,1
2026-01-31 17:44:47,7411854,3162.000,1601.000,7528.000,-16.000,2.000,26.000,0.000,5.090,1
2026-01-31 17:44:47,7411894,3124.000,1650.000,7583.000,56.000,24.000,16.000,0.000,5.090,1
2026-01-31 17:44:47,7411934,3092.000,1608.000,7585.000,-1.000,15.000,27.000,0.000,5.090,1
2026-01-31 17:44:47,7411974,3158.000,1657.000,7585.000,7.000,0.000,13.000,0.000,5.090,1
2026-01-31 17:44:47,7412014,3142.000,1635.000,7590.000,8.000,-5.000,6.000,0.000,5.090,1
2026-01-31 17:44:47,7412054,3131.000,1632.000,7565.000,-7.000,-18.000,5.000,0.000,5.090,1
2026-01-31 17:44:47,7412094,3173.000,1665.000,7541.000,18.000,-12.000,1.000,0.000,5.090,1
2026-01-31 17:44:47,7412134,3173.000,1637.000,7551.000,4.000,10.000,13.000,0.000,5.090,1
2026-01-31 17:44:47,7412174,3143.000,1657.000,7587.000,37.000,21.000,9.000,0.000,5.090,1
2026-01-31 17:44:47,7412214,3144.000,1634.000,7590.000,-8.000,-1.000,18.000,0.000,5.090,1
2026-01-31 17:44:47,7412254,3166.000,1628.000,7564.000,-15.000,-7.000,14.000,0.000,5.090,1
2026-01-31 17:44:47,7412294,3144.000,1651.000,7573.000,9.000,-6.000,10.000,0.000,5.090,1
2026-01-31 17:44:47,7412334,3147.000,1669.000,7557.000,7.000,-13.000,12.000,0.000,5.090,1
2026-01-31 17:44:47,7412374,3147.000,1657.000,7562.000,7.000,-1.000,13.000,0.000,5.090,1
2026-01-31 17:44:47,7412414,3149.000,1644.000,7577.000,7.000,2.000,13.000,0.000,5.090,1
2026-01-31 17:44:47,7412454,3140.000,1634.000,7580.000,0.000,5.000,14.000,0.000,5.090,1
2026-01-31 17:44:47,7412494,3136.000,1653.000,7574.000,8.000,-4.000,14.000,0.000,5.090,1
2026-01-31 17:44:47,7412534,3126.000,1644.000,7584.000,-9.000,-1.000,17.000,0.000,5.090,1
2026-01-31 17:44:47,7412574,3139.000,1671.000,7583.000,10.000,2.000,15.000,0.000,5.090,1
2026-01-31 17:44:47,7412614,3147.000,1638.000,7568.000,-7.000,-7.000,13.000,0.000,5.090,1
2026-01-31 17:44:47,7412654,3177.000,1654.000,7558.000,-9.000,-10.000,11.000,0.000,5.090,1
2026-01-31 17:44:47,7412694,3168.000,1644.000,7532.000,22.000,13.000,5.000,0.000,5.090,1
2026-01-31 17:44:48,7412734,3102.000,1669.000,7605.000,12.000,19.000,22.000,0.000,5.090,1
2026-01-31 17:44:48,7412774,3146.000,1633.000,7568.000,-12.000,11.000,21.000,0.000,5.090,1
2026-01-31 17:44:48,7412814,3155.000,1660.000,7571.000,11.000,11.000,14.000,0.000,26.360,1
2026-01-31 17:44:48,7412854,3123.000,1632.000,7590.000,5.000,-2.000,12.000,0.000,26.360,1
2026-01-31 17:44:48,7412894,3136.000,1650.000,7550.000,3.000,-2.000,10.000,0.000,26.360,1
2026-01-31 17:44:48,7412934,3144.000,1674.000,7565.000,5.000,3.000,12.000,0.000,26.360,1
2026-01-31 17:44:48,7412974,3124.000,1682.000,7593.000,33.000,6.000,6.000,0.000,26.360,1
2026-01-31 17:44:48,7413014,3126.000,1646.000,7601.000,-7.000,-1.000,18.000,0.000,26.360,1
2026-01-31 17:44:48,7413054,3155.000,1641.000,7570.000,-20.000,-14.000,16.000,0.000,26.360,1
2026-01-31 17:44:48,7413094,3140.000,1645.000,7572.000,0.000,-4.000,18.000,0.000,26.360,1
2026-01-31 17:44:48,7413134,3126.000,1652.000,7570.000,-7.000,-4.000,16.000,0.000,26.360,1
2026-01-31 17:44:48,7413174,3144.000,1655.000,7562.000,-2.000,-8.000,11.000,0.000,26.360,1
2026-01-31 17:44:48,7413214,3149.000,1665.000,7565.000,0.000,-1.000,17.000,0.000,26.360,1
2026-01-31 17:44:48,7413254,3133.000,1644.000,7574.000,2.000,4.000,19.000,0.000,26.360,1
2026-01-31 17:44:48,7413294,3136.000,1639.000,7574.000,-3.000,0.000,16.000,0.000,26.360,1
2026-01-31 17:44:48,7413334,3117.000,1657.000,7584.000,2.000,-12.000,15.000,0.000,26.360,1
2026-01-31 17:44:48,7413374,3134.000,1664.000,7581.000,0.000,-1.000,10.000,0.000,26.360,1
2026-01-31 17:44:48,7413417,3127.000,1650.000,7582.000,-6.000,-7.000,1.000,0.000,26.360,1
2026-01-31 17:44:48,7413457,3149.000,1642.000,7540.000,-32.000,-15.000,7.000,0.000,26.360,1
2026-01-31 17:44:48,7413494,3171.000,1627.000,7514.000,-22.000,-12.000,11.000,0.000,26.360,1
2026-01-31 17:44:48,7413534,3138.000,1693.000,7597.000,46.000,11.000,15.000,0.000,26.360,1
2026-01-31 17:44:48,7413576,3149.000,1650.000,7554.000,-4.000,13.000,26.000,0.000,26.360,1
2026-01-31 17:44:48,7413614,3149.000,1657.000,7560.000,6.000,14.000,30.000,0.000,26.360,1
2026-01-31 17:44:48,7413654,3117.000,1644.000,7604.000,15.000,2.000,22.000,0.000,26.360,1
2026-01-31 17:44:48,7413694,3111.000,1654.000,7576.000,-1.000,-16.000,12.000,0.000,26.360,1
2026-01-31 17:44:49,7413734,3141.000,1676.000,7560.000,8.000,3.000,15.000,0.000,26.360,1
2026-01-31 17:44:49,7413774,3113.000,1666.000,7586.000,27.000,8.000,14.000,0.000,26.360,1
2026-01-31 17:44:49,7413814,3112.000,1664.000,7605.000,4.000,-7.000,16.000,0.000,25.910,1
2026-01-31 17:44:49,7413854,3134.000,1654.000,7574.000,-16.000,-17.000,12.000,0.000,25.910,1
2026-01-31 17:44:49,7413894,3165.000,1649.000,7567.000,-10.000,-20.000,11.000,0.000,25.910,1
2026-01-31 17:44:49,7413934,3127.000,1637.000,7569.000,-16.000,-10.000,19.000,0.000,25.910,1
2026-01-31 17:44:49,7413974,3121.000,1679.000,7572.000,6.000,-2.000,20.000,0.000,25.910,1
2026-01-31 17:44:49,7414014,3118.000,1647.000,7573.000,1.000,-1.000,20.000,0.000,25.910,1
2026-01-31 17:44:49,7414054,3119.000,1643.000,7583.000,0.000,0.000,21.000,0.000,25.910,1
2026-01-31 17:44:49,7414094,3135.000,1628.000,7559.000,0.000,-3.000,10.000,0.000,25.910,1
2026-01-31 17:44:49,7414134,3159.000,1680.000,7576.000,3.000,-16.000,11.000,0.000,25.910,1
2026-01-31 17:44:49,7414174,3140.000,1648.000,7569.000,-4.000,-6.000,10.000,0.000,25.910,1
2026-01-31 17:44:49,7414214,3155.000,1634.000,7568.000,-24.000,-2.000,19.000,0.000,25.910,1
2026-01-31 17:44:49,7414254,3163.000,1659.000,7574.000,12.000,-7.000,10.000,0.000,25.910,1
2026-01-31 17:44:49,7414294,3145.000,1627.000,7551.000,-21.000,-9.000,22.000,0.000,25.910,1
2026-01-31 17:44:49,7414334,3121.000,1708.000,7563.000,41.000,13.000,13.000,0.000,25.910,1
2026-01-31 17:44:49,7414374,3091.000,1660.000,7599.000,-13.000,8.000,27.000,0.000,25.910,1
2026-01-31 17:44:49,7414414,3138.000,1665.000,7561.000,-8.000,14.000,19.000,0.000,25.910,1
2026-01-31 17:44:49,7414454,3104.000,1638.000,7591.000,10.000,7.000,9.000,0.000,25.910,1
2026-01-31 17:44:49,7414494,3118.000,1644.000,7557.000,-8.000,-18.000,6.000,0.000,25.910,1
2026-01-31 17:44:49,7414534,3160.000,1689.000,7563.000,10.000,-11.000,10.000,0.000,25.910,1
2026-01-31 17:44:49,7414574,3153.000,1643.000,7576.000,10.000,7.000,14.000,0.000,25.910,1
2026-01-31 17:44:49,7414614,3112.000,1674.000,7603.000,17.000,5.000,23.000,0.000,25.910,1
2026-01-31 17:44:49,7414654,3119.000,1597.000,7582.000,-42.000,-9.000,30.000,0.000,25.910,1
2026-01-31 17:44:49,7414694,3098.000,1450.000,7572.000,-31.000,13.000,24.000,0.000,25.910,1
2026-01-31 17:44:50,7414734,2988.000,1440.000,7686.000,12.000,31.000,37.000,0.000,25.910,1
2026-01-31 17:44:50,7414774,2964.000,1632.000,7638.000,17.000,-20.000,37.000,0.000,25.910,1
2026-01-31 17:44:50,7414814,3140.000,1975.000,7556.000,4.000,-145.000,9.000,0.000,-1.970,1
2026-01-31 17:44:50,7414854,3392.000,2032.000,7366.000,-46.000,-139.000,-56.000,0.000,-1.970,1
2026-01-31 17:44:50,7414894,3425.000,1804.000,7439.000,-42.000,-27.000,-42.000,0.000,-1.970,1
2026-01-31 17:44:50,7414934,3252.000,1510.000,7578.000,-27.000,94.000,21.000,0.000,-1.970,1
2026-01-31 17:44:50,7414974,2978.000,1298.000,7748.000,-6.000,104.000,86.000,0.000,-1.970,1
2026-01-31 17:44:50,7415014,2800.000,1248.000,7852.000,-49.000,16.000,115.000,0.000,-1.970,1
2026-01-31 17:44:50,7415054,2783.000,1442.000,7672.000,-54.000,-116.000,91.000,0.000,-1.970,1
2026-01-31 17:44:50,7415094,3063.000,1695.000,7513.000,-53.000,-207.000,41.000,0.000,-1.970,1
2026-01-31 17:44:50,7415134,3323.000,1981.000,7454.000,41.000,-186.000,-37.000,0.000,-1.970,1
2026-01-31 17:44:50,7415174,3420.000,1921.000,7388.000,-35.000,-116.000,-73.000,0.000,-1.970,1
2026-01-31 17:44:50,7415214,3417.000,1806.000,7410.000,-52.000,-33.000,-72.000,0.000,-1.970,1
2026-01-31 17:44:50,7415254,3267.000,1497.000,7654.000,-37.000,6.000,-6.000,0.000,-1.970,1
2026-01-31 17:44:50,7415294,3131.000,1325.000,7632.000,-95.000,1.000,44.000,0.000,-1.970,1
2026-01-31 17:44:50,7415334,3050.000,1370.000,7644.000,-35.000,-59.000,85.000,0.000,-1.970,1
2026-01-31 17:44:50,7415377,3122.000,1604.000,7580.000,18.000,-91.000,80.000,0.000,-1.970,1
2026-01-31 17:44:50,7415417,3209.000,1745.000,7532.000,-4.000,-114.000,53.000,0.000,-1.970,1
2026-01-31 17:44:50,7415454,3197.000,1747.000,7493.000,-8.000,-99.000,36.000,0.000,-1.970,1
2026-01-31 17:44:50,7415494,3263.000,1802.000,7453.000,-28.000,-83.000,-5.000,0.000,-1.970,1
2026-01-31 17:44:50,7415534,3315.000,1718.000,7487.000,-36.000,-59.000,-42.000,0.000,-1.970,1
2026-01-31 17:44:50,7415577,3272.000,1528.000,7548.000,-53.000,-25.000,-24.000,0.000,-1.970,1
2026-01-31 17:44:50,7415614,3243.000,1488.000,7575.000,-50.000,-27.000,-10.000,0.000,-1.970,1
2026-01-31 17:44:50,7415654,3240.000,1462.000,7538.000,-17.000,-32.000,41.000,0.000,-1.970,1
2026-01-31 17:44:50,7415694,3246.000,1553.000,7533.000,0.000,-42.000,57.000,0.000,-1.970,1
2026-01-31 17:44:51,7415734,3242.000,1636.000,7542.000,55.000,-37.000,52.000,0.000,-1.970,1
2026-01-31 17:44:51,7415774,3261.000,1622.000,7450.000,-49.000,-24.000,48.000,0.000,-1.970,1
2026-01-31 17:44:51,7415814,3282.000,1751.000,7490.000,57.000,2.000,5.000,0.000,-6.860,1
2026-01-31 17:44:51,7415854,3244.000,1609.000,7513.000,-23.000,15.000,6.000,0.000,-6.860,1
2026-01-31 17:44:51,7415894,3237.000,1626.000,7554.000,20.000,42.000,-6.000,0.000,-6.860,1
2026-01-31 17:44:51,7415934,3239.000,1478.000,7511.000,-27.000,42.000,1.000,0.000,-6.860,1
2026-01-31 17:44:51,7415974,3258.000,1536.000,7566.000,47.000,35.000,9.000,0.000,-6.860,1
2026-01-31 17:44:51,7416014,3237.000,1593.000,7513.000,32.000,19.000,22.000,0.000,-6.860,1
2026-01-31 17:44:51,7416054,3244.000,1662.000,7498.000,63.000,29.000,21.000,0.000,-6.860,1
2026-01-31 17:44:51,7416094,3262.000,1685.000,7514.000,50.000,54.000,15.000,0.000,-6.860,1
2026-01-31 17:44:51,7416134,3242.000,1674.000,7543.000,53.000,62.000,6.000,0.000,-6.860,1
2026-01-31 17:44:51,7416174,3205.000,1628.000,7553.000,14.000,57.000,7.000,0.000,-6.860,1
2026-01-31 17:44:51,7416214,3206.000,1610.000,7546.000,20.000,54.000,2.000,0.000,-6.860,1
2026-01-31 17:44:51,7416254,3213.000,1562.000,7543.000,15.000,50.000,7.000,0.000,-6.860,1
2026-01-31 17:44:51,7416294,3201.000,1586.000,7568.000,37.000,48.000,12.000,0.000,-6.860,1
2026-01-31 17:44:51,7416334,3185.000,1617.000,7547.000,26.000,49.000,22.000,0.000,-6.860,1
2026-01-31 17:44:51,7416374,3186.000,1669.000,7552.000,30.000,42.000,22.000,0.000,-6.860,1
2026-01-31 17:44:51,7416414,3196.000,1674.000,7546.000,32.000,45.000,17.000,0.000,-6.860,1
2026-01-31 17:44:51,7416454,3178.000,1675.000,7561.000,19.000,44.000,7.000,0.000,-6.860,1
2026-01-31 17:44:51,7416494,3179.000,1615.000,7557.000,3.000,45.000,10.000,0.000,-6.860,1
2026-01-31 17:44:51,7416534,3187.000,1619.000,7570.000,30.000,47.000,4.000,0.000,-6.860,1
2026-01-31 17:44:51,7416574,3176.000,1595.000,7558.000,9.000,43.000,13.000,0.000,-6.860,1
2026-01-31 17:44:51,7416614,3148.000,1645.000,7599.000,38.000,41.000,24.000,0.000,-6.860,1
2026-01-31 17:44:51,7416654,3143.000,1649.000,7575.000,-3.000,35.000,35.000,0.000,-6.860,1
2026-01-31 17:44:51,7416694,3184.000,1659.000,7539.000,19.000,22.000,20.000,0.000,-6.860,1
2026-01-31 17:44:52,7416734,3180.000,1672.000,7538.000,21.000,22.000,9.000,0.000,-6.860,1
2026-01-31 17:44:52,7416774,3134.000,1471.000,7622.000,-5.000,36.000,10.000,0.000,-6.860,1
2026-01-31 17:44:52,7416814,2987.000,1174.000,7675.000,-127.000,149.000,36.000,0.000,-8.510,1
2026-01-31 17:44:52,7416854,2794.000,1152.000,7819.000,95.000,138.000,57.000,0.000,-8.510,1
2026-01-31 17:44:52,7416894,2655.000,1187.000,7854.000,-31.000,55.000,117.000,0.000,-8.510,1
2026-01-31 17:44:52,7416934,2832.000,1532.000,7741.000,19.000,-44.000,59.000,0.000,-8.510,1
2026-01-31 17:44:52,7416974,3008.000,1381.000,7633.000,-45.000,-65.000,-5.000,0.000,-8.510,1
2026-01-31 17:44:52,7417014,3059.000,1406.000,7621.000,2.000,7.000,-37.000,0.000,-8.510,1
2026-01-31 17:44:52,7417054,3023.000,1339.000,7744.000,69.000,57.000,-45.000,0.000,-8.510,1
2026-01-31 17:44:52,7417094,2930.000,1285.000,7787.000,-22.000,55.000,0.000,0.000,-8.510,1
2026-01-31 17:44:52,7417134,2931.000,1337.000,7816.000,24.000,17.000,-8.000,0.000,-8.510,1
2026-01-31 17:44:52,7417174,2978.000,1285.000,7746.000,-10.000,-33.000,19.000,0.000,-8.510,1
2026-01-31 17:44:52,7417214,2988.000,1344.000,7693.000,4.000,-11.000,27.000,0.000,-8.510,1
2026-01-31 17:44:52,7417254,2976.000,1392.000,7760.000,86.000,15.000,25.000,0.000,-8.510,1
2026-01-31 17:44:52,7417294,2864.000,1246.000,7749.000,-32.000,32.000,38.000,0.000,-8.510,1
2026-01-31 17:44:52,7417334,2881.000,1319.000,7749.000,12.000,24.000,16.000,0.000,-8.510,1
2026-01-31 17:44:52,7417377,2818.000,1307.000,7773.000,13.000,12.000,1.000,0.000,-8.510,1
2026-01-31 17:44:52,7417414,2836.000,1244.000,7762.000,-36.000,-2.000,14.000,0.000,-8.510,1
2026-01-31 17:44:52,7417454,2889.000,1206.000,7704.000,-39.000,3.000,14.000,0.000,-8.510,1
2026-01-31 17:44:52,7417494,2881.000,1229.000,7719.000,2.000,14.000,16.000,0.000,-8.510,1
2026-01-31 17:44:52,7417534,2855.000,1257.000,7734.000,11.000,9.000,22.000,0.000,-8.510,1
2026-01-31 17:44:52,7417576,2854.000,1218.000,7770.000,16.000,29.000,20.000,0.000,-8.510,1
2026-01-31 17:44:52,7417614,2832.000,1190.000,7771.000,11.000,27.000,20.000,0.000,-8.510,1
2026-01-31 17:44:52,7417654,2831.000,1244.000,7839.000,26.000,19.000,21.000,0.000,-8.510,1
2026-01-31 17:44:52,7417694,2837.000,1207.000,7822.000,-14.000,-3.000,29.000,0.000,-8.510,1
2026-01-31 17:44:53,7417734,2881.000,1242.000,7809.000,-14.000,-23.000,17.000,0.000,-8.510,1
2026-01-31 17:44:53,7417774,2904.000,1231.000,7775.000,-24.000,-25.000,7.000,0.000,-8.510,1
2026-01-31 17:44:53,7417814,2916.000,1254.000,7776.000,-3.000,-11.000,11.000,0.000,-15.010,1
2026-01-31 17:44:53,7417854,2896.000,1255.000,7774.000,-6.000,-7.000,24.000,0.000,-15.010,1
2026-01-31 17:44:53,7417894,2918.000,1267.000,7775.000,1.000,-3.000,31.000,0.000,-15.010,1
2026-01-31 17:44:53,7417934,2880.000,1228.000,7789.000,5.000,1.000,25.000,0.000,-15.010,1
2026-01-31 17:44:53,7417974,2854.000,1168.000,7769.000,-15.000,10.000,32.000,0.000,-15.010,1
2026-01-31 17:44:53,7418014,2815.000,1162.000,7783.000,4.000,-3.000,34.000,0.000,-15.010,1
2026-01-31 17:44:53,7418054,2849.000,1206.000,7815.000,-7.000,-14.000,24.000,0.000,-15.010,1
2026-01-31 17:44:53,7418094,2899.000,1196.000,7787.000,1.000,-14.000,8.000,0.000,-15.010,1
2026-01-31 17:44:53,7418134,2916.000,1226.000,7762.000,-18.000,-35.000,20.000,0.000,-15.010,1
2026-01-31 17:44:53,7418174,2912.000,1223.000,7658.000,-7.000,-4.000,17.000,0.000,-15.010,1
2026-01-31 17:44:53,7418214,2869.000,1259.000,7774.000,25.000,17.000,23.000,0.000,-15.010,1
2026-01-31 17:44:53,7418254,2865.000,1188.000,7844.000,17.000,26.000,34.000,0.000,-15.010,1
2026-01-31 17:44:53,7418294,2769.000,1134.000,7806.000,-35.000,7.000,37.000,0.000,-15.010,1
2026-01-31 17:44:53,7418334,2786.000,1167.000,7785.000,-27.000,-61.000,36.000,0.000,-15.010,1
2026-01-31 17:44:53,7418374,2871.000,1210.000,7720.000,-25.000,-62.000,15.000,0.000,-15.010,1
2026-01-31 17:44:53,7418414,2897.000,1203.000,7764.000,2.000,-43.000,8.000,0.000,-15.010,1
2026-01-31 17:44:53,7418454,2932.000,1250.000,7822.000,28.000,-13.000,4.000,0.000,-15.010,1
2026-01-31 17:44:53,7418494,2877.000,1154.000,7811.000,-28.000,-22.000,16.000,0.000,-15.010,1
2026-01-31 17:44:53,7418534,2857.000,1173.000,7817.000,-35.000,-48.000,34.000,0.000,-15.010,1
2026-01-31 17:44:53,7418574,2858.000,1150.000,7770.000,-63.000,-57.000,36.000,0.000,-15.010,1
2026-01-31 17:44:53,7418614,2865.000,1160.000,7764.000,-51.000,-68.000,40.000,0.000,-15.010,1
2026-01-31 17:44:53,7418654,2875.000,1205.000,7767.000,-19.000,-61.000,37.000,0.000,-15.010,1
2026-01-31 17:44:53,7418694,2893.000,1149.000,7776.000,-27.000,-64.000,33.000,0.000,-15.010,1
2026-01-31 17:44:54,7418734,2868.000,1064.000,7825.000,-42.000,-29.000,33.000,0.000,-15.010,1
2026-01-31 17:44:54,7418774,2783.000,991.000,7828.000,-57.000,-27.000,46.000,0.000,-15.010,1
2026-01-31 17:44:54,7418814,2744.000,971.000,7862.000,-55.000,-49.000,64.000,0.000,-3.120,1
2026-01-31 17:44:54,7418854,2732.000,971.000,7859.000,-47.000,-70.000,67.000,0.000,-3.120,1
2026-01-31 17:44:54,7418894,2802.000,1047.000,7830.000,-28.000,-83.000,51.000,0.000,-3.120,1
2026-01-31 17:44:54,7418934,2854.000,1062.000,7768.000,-11.000,-81.000,21.000,0.000,-3.120,1
2026-01-31 17:44:54,7418974,2959.000,1096.000,7808.000,-23.000,-95.000,3.000,0.000,-3.120,1
2026-01-31 17:44:54,7419014,3032.000,1047.000,7810.000,-23.000,-69.000,-15.000,0.000,-3.120,1
2026-01-31 17:44:54,7419054,2964.000,900.000,7798.000,-94.000,-40.000,12.000,0.000,-3.120,1
2026-01-31 17:44:54,7419094,2931.000,952.000,7861.000,-7.000,-28.000,63.000,0.000,-3.120,1
2026-01-31 17:44:54,7419134,2891.000,999.000,7829.000,-18.000,-40.000,79.000,0.000,-3.120,1
2026-01-31 17:44:54,7419174,2918.000,1075.000,7767.000,16.000,-25.000,60.000,0.000,-3.120,1
2026-01-31 17:44:54,7419214,2944.000,1087.000,7801.000,55.000,12.000,41.000,0.000,-3.120,1
2026-01-31 17:44:54,7419254,2907.000,1058.000,7804.000,29.000,43.000,17.000,0.000,-3.120,1
2026-01-31 17:44:54,7419294,2886.000,1010.000,7854.000,17.000,38.000,16.000,0.000,-3.120,1
2026-01-31 17:44:54,7419337,2837.000,1023.000,7710.000,-32.000,16.000,28.000,0.000,-3.120,1
2026-01-31 17:44:54,7419376,2910.000,1110.000,7786.000,43.000,9.000,30.000,0.000,-3.120,1
2026-01-31 17:44:54,7419414,2885.000,993.000,7636.000,-57.000,33.000,45.000,0.000,-3.120,1
2026-01-31 17:44:54,7419454,2920.000,1086.000,7814.000,157.000,52.000,56.000,0.000,-3.120,1
2026-01-31 17:44:54,7419494,2786.000,863.000,7733.000,-1.000,88.000,62.000,0.000,-3.120,1
2026-01-31 17:44:54,7419534,2837.000,1204.000,7958.000,166.000,43.000,28.000,0.000,-3.120,1
2026-01-31 17:44:54,7419577,2841.000,1150.000,7853.000,77.000,10.000,12.000,0.000,-3.120,1
2026-01-31 17:44:54,7419614,2864.000,1169.000,7881.000,68.000,18.000,11.000,0.000,-3.120,1
2026-01-31 17:44:54,7419654,2861.000,958.000,7773.000,-36.000,42.000,26.000,0.000,-3.120,1
2026-01-31 17:44:54,7419694,2852.000,1017.000,7850.000,73.000,28.000,22.000,0.000,-3.120,1
2026-01-31 17:44:55,7419734,2897.000,990.000,7783.000,-16.000,27.000,33.000,0.000,-3.120,1
2026-01-31 17:44:55,7419774,2888.000,1115.000,7871.000,93.000,-3.000,29.000,0.000,-3.120,1
2026-01-31 17:44:55,7419814,2875.000,1000.000,7766.000,-45.000,26.000,56.000,0.000,0.000,1
2026-01-31 17:44:55,7419854,2925.000,1090.000,7849.000,62.000,36.000,46.000,0.000,0.000,1
2026-01-31 17:44:55,7419894,2910.000,1020.000,7776.000,-4.000,49.000,23.000,0.000,0.000,1
2026-01-31 17:44:55,7419934,2922.000,1067.000,7797.000,44.000,16.000,8.000,0.000,0.000,1
2026-01-31 17:44:55,7419974,2936.000,1132.000,7812.000,47.000,30.000,20.000,0.000,0.000,1
2026-01-31 17:44:55,7420014,2938.000,1203.000,7796.000,42.000,19.000,27.000,0.000,0.000,1
2026-01-31 17:44:55,7420054,2971.000,1252.000,7765.000,34.000,24.000,32.000,0.000,0.000,1
2026-01-31 17:44:55,7420094,2964.000,1279.000,7793.000,56.000,19.000,52.000,0.000,0.000,1
2026-01-31 17:44:55,7420134,2959.000,1268.000,7782.000,19.000,38.000,61.000,0.000,0.000,1
2026-01-31 17:44:55,7420174,2890.000,1258.000,7709.000,8.000,35.000,42.000,0.000,0.000,1
2026-01-31 17:44:55,7420214,2875.000,1199.000,7639.000,-8.000,-1.000,43.000,0.000,0.000,1
2026-01-31 17:44:55,7420254,2929.000,1241.000,7625.000,20.000,0.000,31.000,0.000,0.000,1
2026-01-31 17:44:55,7420294,3013.000,1313.000,7685.000,54.000,-5.000,23.000,0.000,0.000,1
2026-01-31 17:44:55,7420334,3017.000,1332.000,7658.000,31.000,6.000,27.000,0.000,0.000,1
2026-01-31 17:44:55,7420374,3001.000,1388.000,7681.000,47.000,3.000,51.000,0.000,0.000,1
2026-01-31 17:44:55,7420414,3000.000,1388.000,7712.000,27.000,29.000,62.000,0.000,0.000,1
2026-01-31 17:44:55,7420454,2990.000,1377.000,7707.000,5.000,32.000,60.000,0.000,0.000,1
2026-01-31 17:44:55,7420494,3006.000,1395.000,7760.000,28.000,5.000,44.000,0.000,0.000,1
2026-01-31 17:44:55,7420534,3021.000,1318.000,7619.000,-46.000,-14.000,38.000,0.000,0.000,1
2026-01-31 17:44:55,7420574,3071.000,1426.000,7653.000,47.000,-4.000,27.000,0.000,0.000,1
2026-01-31 17:44:55,7420614,3092.000,1416.000,7690.000,41.000,24.000,44.000,0.000,0.000,1
2026-01-31 17:44:55,7420654,3128.000,1461.000,7742.000,46.000,36.000,42.000,0.000,0.000,1
2026-01-31 17:44:55,7420694,3089.000,1425.000,7700.000,4.000,12.000,40.000,0.000,0.000,1
2026-01-31 17:44:56,7420734,3092.000,1470.000,7657.000,5.000,-1.000,51.000,0.000,0.000,1
2026-01-31 17:44:56,7420774,3126.000,1471.000,7694.000,30.000,14.000,45.000,0.000,0.000,1
2026-01-31 17:44:56,7420814,3059.000,1376.000,7620.000,-11.000,33.000,48.000,0.000,0.000,1
2026-01-31 17:44:56,7420854,3005.000,1421.000,7668.000,21.000,29.000,55.000,0.000,0.000,1
2026-01-31 17:44:56,7420894,3011.000,1439.000,7682.000,9.000,12.000,56.000,0.000,0.000,1
2026-01-31 17:44:56,7420934,3077.000,1476.000,7631.000,-7.000,1.000,27.000,0.000,0.000,1
2026-01-31 17:44:56,7420974,3003.000,1456.000,7572.000,-22.000,2.000,30.000,0.000,0.000,1
2026-01-31 17:44:56,7421014,3037.000,1496.000,7657.000,28.000,18.000,35.000,0.000,0.000,1
2026-01-31 17:44:56,7421054,2996.000,1482.000,7646.000,4.000,16.000,25.000,0.000,0.000,1
2026-01-31 17:44:56,7421094,3002.000,1506.000,7682.000,17.000,-7.000,15.000,0.000,0.000,1
2026-01-31 17:44:56,7421134,3081.000,1487.000,7668.000,-7.000,-8.000,-5.000,0.000,0.000,1
2026-01-31 17:44:56,7421174,3088.000,1488.000,7659.000,13.000,-13.000,-12.000,0.000,0.000,1
2026-01-31 17:44:56,7421214,3073.000,1575.000,7724.000,22.000,-8.000,0.000,0.000,0.000,1
2026-01-31 17:44:56,7421254,3071.000,1572.000,7666.000,-11.000,-20.000,6.000,0.000,0.000,1
2026-01-31 17:44:56,7421294,3091.000,1555.000,7639.000,-40.000,-23.000,2.000,0.000,0.000,1
2026-01-31 17:44:56,7421334,3082.000,1526.000,7631.000,16.000,-12.000,4.000,0.000,0.000,1
2026-01-31 17:44:56,7421374,3076.000,1550.000,7598.000,9.000,16.000,-12.000,0.000,0.000,1
2026-01-31 17:44:56,7421414,2964.000,1591.000,7598.000,-5.000,-4.000,0.000,0.000,0.000,1
2026-01-31 17:44:56,7421454,3069.000,1652.000,7635.000,-9.000,-30.000,3.000,0.000,0.000,1
2026-01-31 17:44:56,7421494,3184.000,1631.000,7601.000,-26.000,-1.000,-46.000,0.000,0.000,1
2026-01-31 17:44:56,7421534,3142.000,1600.000,7500.000,-30.000,-6.000,-50.000,0.000,0.000,1
2026-01-31 17:44:56,7421574,3063.000,1645.000,7710.000,59.000,-32.000,0.000,0.000,0.000,1
2026-01-31 17:44:56,7421614,2932.000,1370.000,7524.000,-107.000,49.000,30.000,0.000,0.000,1
2026-01-31 17:44:56,7421654,2801.000,1448.000,7333.000,-69.000,12.000,26.000,0.000,0.000,1
2026-01-31 17:44:56,7421694,2999.000,1607.000,7716.000,112.000,-39.000,5.000,0.000,0.000,1
2026-01-31 17:44:57,7421734,3092.000,1431.000,7522.000,-63.000,-12.000,-68.000,0.000,0.000,1
2026-01-31 17:44:57,7421774,3148.000,1727.000,7696.000,7.000,-105.000,-71.000,0.000,0.000,1
2026-01-31 17:44:57,7421814,3179.000,1577.000,7590.000,-69.000,-29.000,-49.000,0.000,0.000,1
2026-01-31 17:44:57,7421854,3183.000,1641.000,7746.000,-8.000,-12.000,-26.000,0.000,0.000,1
2026-01-31 17:44:57,7421894,3095.000,1497.000,7756.000,-52.000,-7.000,1.000,0.000,0.000,1
2026-01-31 17:44:57,7421934,3097.000,1633.000,7735.000,-14.000,-45.000,5.000,0.000,0.000,1
2026-01-31 17:44:57,7421974,3108.000,1552.000,7690.000,-54.000,-58.000,4.000,0.000,0.000,1
2026-01-31 17:44:57,7422014,2998.000,1646.000,7637.000,-42.000,-64.000,-6.000,0.000,0.000,1
2026-01-31 17:44:57,7422054,3021.000,1644.000,7637.000,-48.000,-78.000,-16.000,0.000,0.000,1
2026-01-31 17:44:57,7422094,3009.000,1615.000,7629.000,-58.000,-71.000,-32.000,0.000,0.000,1
2026-01-31 17:44:57,7422134,3014.000,1520.000,7567.000,-78.000,-90.000,-58.000,0.000,0.000,1
2026-01-31 17:44:57,7422174,3059.000,1486.000,7488.000,-65.000,-111.000,-65.000,0.000,0.000,1
2026-01-31 17:44:57,7422214,3153.000,1593.000,7584.000,2.000,-113.000,-65.000,0.000,0.000,1
2026-01-31 17:44:57,7422254,3153.000,1615.000,7598.000,-42.000,-84.000,-60.000,0.000,0.000,1
2026-01-31 17:44:57,7422294,3165.000,1626.000,7558.000,-73.000,-106.000,-50.000,0.000,0.000,1
2026-01-31 17:44:57,7422334,3201.000,1681.000,7621.000,-25.000,-90.000,-39.000,0.000,0.000,1
2026-01-31 17:44:57,7422374,3146.000,1634.000,7588.000,-81.000,-63.000,-41.000,0.000,0.000,1
2026-01-31 17:44:57,7422414,3110.000,1609.000,7565.000,-61.000,-76.000,-46.000,0.000,0.000,1
2026-01-31 17:44:57,7422454,3104.000,1557.000,7558.000,-79.000,-60.000,-56.000,0.000,0.000,1
2026-01-31 17:44:57,7422494,3144.000,1549.000,7584.000,-54.000,-63.000,-82.000,0.000,0.000,1
2026-01-31 17:44:57,7422534,3194.000,1596.000,7576.000,-70.000,-85.000,-81.000,0.000,0.000,1
2026-01-31 17:44:57,7422574,3197.000,1567.000,7531.000,-96.000,-79.000,-79.000,0.000,0.000,1
2026-01-31 17:44:57,7422614,3201.000,1564.000,7512.000,-76.000,-44.000,-73.000,0.000,0.000,1
2026-01-31 17:44:57,7422654,3186.000,1534.000,7514.000,-73.000,-39.000,-69.000,0.000,0.000,1
2026-01-31 17:44:57,7422694,3193.000,1526.000,7616.000,-23.000,-13.000,-74.000,0.000,0.000,1
2026-01-31 17:44:58,7422734,3124.000,1487.000,7505.000,-71.000,1.000,-78.000,0.000,0.000,1
2026-01-31 17:44:58,7422774,3109.000,1565.000,7579.000,10.000,-22.000,-72.000,0.000,0.000,1
2026-01-31 17:44:58,7422814,3120.000,1515.000,7582.000,-13.000,13.000,-84.000,0.000,0.000,1
2026-01-31 17:44:58,7422854,3027.000,1489.000,7507.000,-27.000,-13.000,-86.000,0.000,0.000,1
2026-01-31 17:44:58,7422894,3144.000,1579.000,7681.000,34.000,12.000,-94.000,0.000,0.000,1
2026-01-31 17:44:58,7422934,3162.000,1563.000,7658.000,1.000,-2.000,-125.000,0.000,0.000,1
2026-01-31 17:44:58,7422974,3189.000,1689.000,7713.000,47.000,-14.000,-126.000,0.000,0.000,1
2026-01-31 17:44:58,7423014,3161.000,1576.000,7611.000,-48.000,18.000,-113.000,0.000,0.000,1
2026-01-31 17:44:58,7423054,3132.000,1618.000,7541.000,-30.000,10.000,-91.000,0.000,0.000,1
2026-01-31 17:44:58,7423094,3122.000,1582.000,7604.000,-5.000,33.000,-63.000,0.000,0.000,1
2026-01-31 17:44:58,7423134,3076.000,1466.000,7600.000,-33.000,59.000,-87.000,0.000,0.000,1
2026-01-31 17:44:58,7423174,2989.000,1565.000,7512.000,-86.000,0.000,-90.000,0.000,0.000,1
2026-01-31 17:44:58,7423214,3143.000,1666.000,7476.000,-58.000,16.000,-106.000,0.000,0.000,1
2026-01-31 17:44:58,7423254,3102.000,1708.000,7588.000,-2.000,5.000,-108.000,0.000,0.000,1
2026-01-31 17:44:58,7423294,3079.000,1670.000,7552.000,-31.000,37.000,-86.000,0.000,0.000,1
2026-01-31 17:44:58,7423337,3124.000,1720.000,7650.000,20.000,-23.000,-83.000,0.000,0.000,1
2026-01-31 17:44:58,7423376,3252.000,1694.000,7650.000,-21.000,16.000,-106.000,0.000,0.000,1
2026-01-31 17:44:58,7423414,3233.000,1670.000,7674.000,-8.000,19.000,-108.000,0.000,0.000,1
2026-01-31 17:44:58,7423454,3189.000,1748.000,7782.000,20.000,3.000,-108.000,0.000,0.000,1
2026-01-31 17:44:58,7423494,3080.000,1645.000,7554.000,-100.000,-4.000,-97.000,0.000,0.000,1
2026-01-31 17:44:58,7423534,3166.000,1760.000,7665.000,8.000,-36.000,-88.000,0.000,0.000,1
2026-01-31 17:44:58,7423574,3110.000,1601.000,7541.000,-96.000,32.000,-95.000,0.000,0.000,1
2026-01-31 17:44:58,7423614,3025.000,1681.000,7474.000,-27.000,-32.000,-99.000,0.000,0.000,1
2026-01-31 17:44:58,7423654,3135.000,1700.000,7562.000,3.000,11.000,-111.000,0.000,0.000,1
2026-01-31 17:44:58,7423694,3045.000,1629.000,7497.000,-57.000,-22.000,-120.000,0.000,0.000,1
2026-01-31 17:44:59,7423734,3058.000,1780.000,7624.000,12.000,-12.000,-124.000,0.000,0.000,1
2026-01-31 17:44:59,7423774,3061.000,1668.000,7539.000,-50.000,-1.000,-126.000,0.000,0.000,1
2026-01-31 17:44:59,7423814,3056.000,1722.000,7435.000,-76.000,-14.000,-112.000,0.000,-137.170,1
2026-01-31 17:44:59,7423854,2936.000,1655.000,7569.000,3.000,-2.000,-103.000,0.000,-137.170,1
2026-01-31 17:44:59,7423894,2964.000,1589.000,7448.000,-116.000,13.000,-83.000,0.000,-137.170,1
2026-01-31 17:44:59,7423934,3137.000,1876.000,7825.000,142.000,-29.000,-111.000,0.000,-137.170,1
2026-01-31 17:44:59,7423974,3106.000,1772.000,7659.000,-120.000,32.000,-139.000,0.000,-137.170,1
2026-01-31 17:44:59,7424014,3003.000,1703.000,7704.000,-125.000,-79.000,-130.000,0.000,-137.170,1
2026-01-31 17:44:59,7424054,3129.000,1722.000,7548.000,-175.000,55.000,-107.000,0.000,-137.170,1
2026-01-31 17:44:59,7424094,2864.000,1630.000,7401.000,-43.000,-9.000,-98.000,0.000,-137.170,1
2026-01-31 17:44:59,7424134,2737.000,1492.000,7506.000,-160.000,-38.000,-24.000,0.000,-137.170,1
2026-01-31 17:44:59,7424174,2896.000,1635.000,7644.000,42.000,-29.000,-80.000,0.000,-137.170,1
2026-01-31 17:44:59,7424214,3172.000,1800.000,7924.000,63.000,-80.000,-123.000,0.000,-137.170,1
2026-01-31 17:44:59,7424254,3285.000,1999.000,7892.000,26.000,-31.000,-203.000,0.000,-137.170,1
2026-01-31 17:44:59,7424294,3118.000,1850.000,7431.000,-162.000,-151.000,-199.000,0.000,-137.170,1
2026-01-31 17:44:59,7424334,3480.000,2277.000,7759.000,43.000,-130.000,-180.000,0.000,-137.170,1
2026-01-31 17:44:59,7424374,3441.000,1961.000,7186.000,-242.000,-66.000,-183.000,0.000,-137.170,1
2026-01-31 17:44:59,7424414,3483.000,2059.000,7431.000,-81.000,-64.000,-163.000,0.000,-137.170,1
2026-01-31 17:44:59,7424454,3312.000,1830.000,7086.000,-105.000,1.000,-110.000,0.000,-137.170,1
2026-01-31 17:44:59,7424494,3403.000,2162.000,7560.000,164.000,-49.000,-69.000,0.000,-137.170,1
2026-01-31 17:44:59,7424534,3298.000,1988.000,7321.000,-121.000,48.000,-65.000,0.000,-137.170,1
2026-01-31 17:44:59,7424574,3240.000,2216.000,7382.000,87.000,-121.000,-84.000,0.000,-137.170,1
2026-01-31 17:44:59,7424614,3327.000,2260.000,7288.000,-119.000,-27.000,-80.000,0.000,-137.170,1
2026-01-31 17:44:59,7424654,3177.000,2050.000,7030.000,-38.000,-31.000,-110.000,0.000,-137.170,1
2026-01-31 17:44:59,7424694,3326.000,2355.000,7381.000,10.000,-28.000,-106.000,0.000,-137.170,1
2026-01-31 17:45:00,7424734,3374.000,2061.000,7191.000,-139.000,31.000,-156.000,0.000,-137.170,1
2026-01-31 17:45:00,7424774,3353.000,2136.000,7365.000,-25.000,-56.000,-142.000,0.000,-137.170,1
2026-01-31 17:45:00,7424814,3460.000,2045.000,7277.000,-140.000,-26.000,-123.000,0.000,-17.600,1
2026-01-31 17:45:00,7424854,3426.000,2170.000,7444.000,1.000,-39.000,-79.000,0.000,-17.600,1
2026-01-31 17:45:00,7424894,3359.000,2167.000,7507.000,-26.000,44.000,-55.000,0.000,-17.600,1
2026-01-31 17:45:00,7424934,3232.000,2125.000,7493.000,-42.000,4.000,-35.000,0.000,-17.600,1
2026-01-31 17:45:00,7424974,3252.000,2122.000,7592.000,-75.000,-31.000,-45.000,0.000,-17.600,1
2026-01-31 17:45:00,7425014,3219.000,1909.000,7492.000,-110.000,-36.000,-73.000,0.000,-17.600,1
2026-01-31 17:45:00,7425054,3196.000,1915.000,7680.000,-67.000,-45.000,-74.000,0.000,-17.600,1
2026-01-31 17:45:00,7425094,3123.000,1868.000,7580.000,-91.000,-50.000,-82.000,0.000,-17.600,1
2026-01-31 17:45:00,7425134,3128.000,1966.000,7573.000,-84.000,-127.000,-85.000,0.000,-17.600,1
2026-01-31 17:45:00,7425174,3243.000,1819.000,7422.000,-113.000,-89.000,-109.000,0.000,-17.600,1
2026-01-31 17:45:00,7425214,3160.000,1675.000,7439.000,-111.000,-68.000,-86.000,0.000,-17.600,1
2026-01-31 17:45:00,7425254,3108.000,1538.000,7525.000,-104.000,-26.000,-51.000,0.000,-17.600,1
2026-01-31 17:45:00,7425297,3018.000,1531.000,7596.000,-95.000,-48.000,-42.000,0.000,-17.600,1
2026-01-31 17:45:00,7425334,3000.000,1517.000,7571.000,-117.000,-73.000,-49.000,0.000,-17.600,1
2026-01-31 17:45:00,7425374,3023.000,1576.000,7497.000,-105.000,-120.000,-70.000,0.000,-17.600,1
2026-01-31 17:45:00,7425414,3186.000,1722.000,7506.000,-47.000,-121.000,-93.000,0.000,-17.600,1
2026-01-31 17:45:00,7425454,3257.000,1689.000,7520.000,-64.000,-69.000,-126.000,0.000,-17.600,1
2026-01-31 17:45:00,7425494,3212.000,1620.000,7491.000,-105.000,-19.000,-114.000,0.000,-17.600,1
2026-01-31 17:45:00,7425534,3162.000,1535.000,7540.000,-65.000,-18.000,-94.000,0.000,-17.600,1
2026-01-31 17:45:00,7425577,3039.000,1497.000,7563.000,-97.000,-47.000,-44.000,0.000,-17.600,1
2026-01-31 17:45:00,7425614,3053.000,1594.000,7593.000,-47.000,-62.000,-40.000,0.000,-17.600,1
2026-01-31 17:45:00,7425654,3158.000,1835.000,7606.000,30.000,-72.000,-57.000,0.000,-17.600,1
2026-01-31 17:45:00,7425694,3303.000,2058.000,7662.000,77.000,-85.000,-111.000,0.000,-17.600,1
2026-01-31 17:45:01,7425734,3375.000,1994.000,7533.000,-52.000,-48.000,-150.000,0.000,-17.600,1
2026-01-31 17:45:01,7425774,3311.000,2011.000,7439.000,-49.000,-37.000,-162.000,0.000,-17.600,1
2026-01-31 17:45:01,7425814,3280.000,1850.000,7341.000,-108.000,-48.000,-133.000,0.000,-13.970,1
2026-01-31 17:45:01,7425854,3319.000,1764.000,7460.000,-54.000,-13.000,-95.000,0.000,-13.970,1
2026-01-31 17:45:01,7425894,3394.000,1888.000,7579.000,45.000,27.000,-86.000,0.000,-13.970,1
2026-01-31 17:45:01,7425934,3235.000,1888.000,7420.000,-50.000,-14.000,-75.000,0.000,-13.970,1
2026-01-31 17:45:01,7425974,3338.000,1997.000,7428.000,16.000,-23.000,-75.000,0.000,-13.970,1
2026-01-31 17:45:01,7426014,3366.000,1830.000,7344.000,-59.000,21.000,-93.000,0.000,-13.970,1
2026-01-31 17:45:01,7426054,3209.000,1798.000,7408.000,-39.000,34.000,-71.000,0.000,-13.970,1
2026-01-31 17:45:01,7426094,3184.000,1798.000,7458.000,-7.000,41.000,-68.000,0.000,-13.970,1
2026-01-31 17:45:01,7426134,3190.000,1738.000,7430.000,-42.000,6.000,-59.000,0.000,-13.970,1
2026-01-31 17:45:01,7426174,3136.000,1721.000,7223.000,-82.000,-23.000,-58.000,0.000,-13.970,1
2026-01-31 17:45:01,7426214,3118.000,1746.000,7320.000,12.000,-28.000,-19.000,0.000,-13.970,1
2026-01-31 17:45:01,7426254,3283.000,1923.000,7627.000,138.000,59.000,-19.000,0.000,-13.970,1
2026-01-31 17:45:01,7426294,3299.000,1904.000,7465.000,-52.000,74.000,-65.000,0.000,-13.970,1
2026-01-31 17:45:01,7426334,3453.000,2008.000,7728.000,22.000,18.000,-100.000,0.000,-13.970,1
2026-01-31 17:45:01,7426374,3543.000,1920.000,7632.000,-14.000,18.000,-115.000,0.000,-13.970,1
2026-01-31 17:45:01,7426414,3441.000,1723.000,7557.000,-99.000,-1.000,-62.000,0.000,-13.970,1
2026-01-31 17:45:01,7426454,3361.000,1834.000,7505.000,-17.000,26.000,-7.000,0.000,-13.970,1
2026-01-31 17:45:01,7426494,3272.000,1843.000,7479.000,31.000,30.000,23.000,0.000,-13.970,1
2026-01-31 17:45:01,7426534,3246.000,1992.000,7376.000,0.000,-2.000,14.000,0.000,-13.970,1
2026-01-31 17:45:01,7426574,3273.000,2074.000,7340.000,37.000,-50.000,-30.000,0.000,-13.970,1
2026-01-31 17:45:01,7426614,3308.000,1968.000,7285.000,-31.000,-2.000,-43.000,0.000,-13.970,1
2026-01-31 17:45:01,7426654,3344.000,2130.000,7467.000,105.000,36.000,-77.000,0.000,-13.970,1
2026-01-31 17:45:01,7426694,3231.000,1999.000,7394.000,-97.000,16.000,-69.000,0.000,-13.970,1
2026-01-31 17:45:02,7426734,3341.000,1980.000,7458.000,-28.000,-2.000,-51.000,0.000,-13.970,1
2026-01-31 17:45:02,7426774,3404.000,2027.000,7424.000,1.000,-2.000,-43.000,0.000,-13.970,1
2026-01-31 17:45:02,7426814,3305.000,1949.000,7375.000,-35.000,-4.000,-29.000,0.000,-0.460,1
2026-01-31 17:45:02,7426854,3276.000,2042.000,7367.000,0.000,19.000,-3.000,0.000,-0.460,1
2026-01-31 17:45:02,7426894,3268.000,1965.000,7383.000,-19.000,27.000,-10.000,0.000,-0.460,1
2026-01-31 17:45:02,7426934,3191.000,1931.000,7460.000,-24.000,26.000,-16.000,0.000,-0.460,1
2026-01-31 17:45:02,7426974,3182.000,1888.000,7443.000,-26.000,7.000,-23.000,0.000,-0.460,1
2026-01-31 17:45:02,7427014,3237.000,1936.000,7425.000,-31.000,-19.000,-29.000,0.000,-0.460,1
2026-01-31 17:45:02,7427054,3280.000,2023.000,7470.000,45.000,-13.000,-48.000,0.000,-0.460,1
2026-01-31 17:45:02,7427094,3314.000,2080.000,7524.000,0.000,-27.000,-38.000,0.000,-0.460,1
2026-01-31 17:45:02,7427134,3368.000,2046.000,7463.000,-39.000,-1.000,-43.000,0.000,-0.460,1
2026-01-31 17:45:02,7427174,3344.000,2124.000,7510.000,24.000,-15.000,-36.000,0.000,-0.460,1
2026-01-31 17:45:02,7427214,3410.000,2407.000,7630.000,32.000,-58.000,-3.000,0.000,-0.460,1
2026-01-31 17:45:02,7427254,3277.000,2201.000,7124.000,-238.000,-81.000,-28.000,0.000,-0.460,1
2026-01-31 17:45:02,7427294,3297.000,1885.000,7393.000,-60.000,-61.000,13.000,0.000,-0.460,1
2026-01-31 17:45:02,7427337,3044.000,1046.000,7110.000,-257.000,165.000,63.000,0.000,-0.460,1
2026-01-31 17:45:02,7427377,2896.000,1414.000,7598.000,128.000,62.000,49.000,0.000,-0.460,1
2026-01-31 17:45:02,7427414,2900.000,1518.000,7464.000,35.000,28.000,24.000,0.000,-0.460,1
2026-01-31 17:45:02,7427454,3265.000,2299.000,7740.000,248.000,-171.000,-109.000,0.000,-0.460,1
2026-01-31 17:45:02,7427494,3727.000,2104.000,7380.000,-43.000,-159.000,-223.000,0.000,-0.460,1
2026-01-31 17:45:02,7427534,3829.000,2530.000,7485.000,222.000,-137.000,-214.000,0.000,-0.460,1
2026-01-31 17:45:02,7427577,3896.000,2612.000,7447.000,101.000,-46.000,-102.000,0.000,-0.460,1
2026-01-31 17:45:02,7427614,3880.000,2699.000,7498.000,96.000,-15.000,-77.000,0.000,-0.460,1
2026-01-31 17:45:02,7427654,3734.000,2458.000,7261.000,-109.000,16.000,-5.000,0.000,-0.460,1
2026-01-31 17:45:02,7427694,3638.000,2443.000,7322.000,4.000,-9.000,66.000,0.000,-0.460,1
2026-01-31 17:45:03,7427734,3586.000,2539.000,7110.000,-47.000,36.000,88.000,0.000,-0.460,1
2026-01-31 17:45:03,7427774,3410.000,2476.000,6986.000,44.000,5.000,78.000,0.000,-0.460,1
2026-01-31 17:45:03,7427814,3401.000,2555.000,6944.000,-28.000,24.000,29.000,0.000,3.920,1
2026-01-31 17:45:03,7427854,3490.000,2509.000,6947.000,79.000,-28.000,-59.000,0.000,3.920,1
2026-01-31 17:45:03,7427894,3551.000,2445.000,6969.000,-45.000,-10.000,-88.000,0.000,3.920,1
2026-01-31 17:45:03,7427934,3606.000,2491.000,7120.000,31.000,-70.000,-82.000,0.000,3.920,1
2026-01-31 17:45:03,7427974,3734.000,2597.000,7220.000,-21.000,-45.000,-41.000,0.000,3.920,1
2026-01-31 17:45:03,7428014,3656.000,2522.000,7135.000,-11.000,-48.000,15.000,0.000,3.920,1
2026-01-31 17:45:03,7428054,3702.000,2733.000,7353.000,56.000,-30.000,45.000,0.000,3.920,1
2026-01-31 17:45:03,7428094,3595.000,2567.000,7221.000,-28.000,7.000,69.000,0.000,3.920,1
2026-01-31 17:45:03,7428134,3563.000,2645.000,7347.000,18.000,-3.000,54.000,0.000,3.920,1
2026-01-31 17:45:03,7428174,3514.000,2481.000,7219.000,-104.000,-8.000,21.000,0.000,3.920,1
2026-01-31 17:45:03,7428214,3538.000,2435.000,7294.000,-47.000,-87.000,-19.000,0.000,3.920,1
2026-01-31 17:45:03,7428254,3665.000,2298.000,7108.000,-155.000,-100.000,-43.000,0.000,3.920,1
2026-01-31 17:45:03,7428294,3707.000,2358.000,7164.000,-45.000,-114.000,-34.000,0.000,3.920,1
2026-01-31 17:45:03,7428334,3728.000,2326.000,7107.000,-63.000,-82.000,-4.000,0.000,3.920,1
2026-01-31 17:45:03,7428374,3732.000,2393.000,7180.000,17.000,-61.000,23.000,0.000,3.920,1
2026-01-31 17:45:03,7428414,3682.000,2350.000,7208.000,-15.000,-27.000,47.000,0.000,3.920,1
2026-01-31 17:45:03,7428454,3615.000,2347.000,7206.000,-2.000,-22.000,47.000,0.000,3.920,1
2026-01-31 17:45:03,7428494,3633.000,2357.000,7252.000,-5.000,-40.000,31.000,0.000,3.920,1
2026-01-31 17:45:03,7428534,3607.000,2380.000,7249.000,-15.000,-52.000,10.000,0.000,3.920,1
2026-01-31 17:45:03,7428574,3623.000,2352.000,7253.000,-37.000,-78.000,-7.000,0.000,3.920,1
2026-01-31 17:45:03,7428614,3689.000,2398.000,7191.000,-18.000,-80.000,-20.000,0.000,3.920,1
2026-01-31 17:45:03,7428654,3708.000,2341.000,7182.000,-37.000,-48.000,12.000,0.000,3.920,1
2026-01-31 17:45:03,7428694,3634.000,2385.000,7186.000,-34.000,-35.000,47.000,0.000,3.920,1
2026-01-31 17:45:04,7428734,3578.000,2354.000,7156.000,-49.000,-36.000,57.000,0.000,3.920,1
2026-01-31 17:45:04,7428774,3639.000,2380.000,7163.000,-8.000,-23.000,35.000,0.000,3.920,1
2026-01-31 17:45:04,7428814,3558.000,2054.000,7207.000,-56.000,37.000,37.000,0.000,-6.320,1
2026-01-31 17:45:04,7428854,3444.000,1825.000,7333.000,-86.000,82.000,45.000,0.000,-6.320,1
2026-01-31 17:45:04,7428894,3293.000,1544.000,7459.000,-56.000,120.000,79.000,0.000,-6.320,1
2026-01-31 17:45:04,7428934,3094.000,1399.000,7570.000,-62.000,129.000,124.000,0.000,-6.320,1
2026-01-31 17:45:04,7428974,2952.000,1459.000,7640.000,-9.000,56.000,131.000,0.000,-6.320,1
2026-01-31 17:45:04,7429014,3087.000,1750.000,7532.000,-54.000,-56.000,52.000,0.000,-6.320,1
2026-01-31 17:45:04,7429054,3293.000,1844.000,7449.000,9.000,-56.000,-20.000,0.000,-6.320,1
2026-01-31 17:45:04,7429094,3399.000,1833.000,7462.000,64.000,26.000,-70.000,0.000,-6.320,1
2026-01-31 17:45:04,7429134,3341.000,1744.000,7561.000,87.000,96.000,-70.000,0.000,-6.320,1
2026-01-31 17:45:04,7429174,3283.000,1699.000,7680.000,58.000,102.000,-34.000,0.000,-6.320,1
2026-01-31 17:45:04,7429214,3235.000,1641.000,7695.000,-4.000,52.000,2.000,0.000,-6.320,1
2026-01-31 17:45:04,7429254,3260.000,1646.000,7600.000,-29.000,-18.000,25.000,0.000,-6.320,1
2026-01-31 17:45:04,7429294,3318.000,1702.000,7466.000,4.000,-34.000,32.000,0.000,-6.320,1
2026-01-31 17:45:04,7429334,3325.000,1796.000,7450.000,78.000,3.000,27.000,0.000,-6.320,1
2026-01-31 17:45:04,7429374,3244.000,1842.000,7506.000,93.000,63.000,14.000,0.000,-6.320,1
2026-01-31 17:45:04,7429414,3167.000,1754.000,7501.000,28.000,58.000,9.000,0.000,-6.320,1
2026-01-31 17:45:04,7429454,3161.000,1740.000,7486.000,-7.000,33.000,4.000,0.000,-6.320,1
2026-01-31 17:45:04,7429494,3171.000,1719.000,7468.000,-12.000,5.000,-4.000,0.000,-6.320,1
2026-01-31 17:45:04,7429534,3223.000,1696.000,7413.000,-40.000,-4.000,2.000,0.000,-6.320,1
2026-01-31 17:45:04,7429577,3297.000,1773.000,7405.000,36.000,13.000,-7.000,0.000,-6.320,1
2026-01-31 17:45:04,7429614,3305.000,1806.000,7432.000,50.000,17.000,-5.000,0.000,-6.320,1
2026-01-31 17:45:04,7429654,3286.000,1837.000,7446.000,49.000,28.000,1.000,0.000,-6.320,1
2026-01-31 17:45:04,7429694,3287.000,1876.000,7480.000,40.000,34.000,8.000,0.000,-6.320,1
2026-01-31 17:45:05,7429734,3267.000,1808.000,7497.000,0.000,45.000,19.000,0.000,-6.320,1
2026-01-31 17:45:05,7429774,3248.000,1877.000,7550.000,-29.000,34.000,32.000,0.000,-6.320,1
2026-01-31 17:45:05,7429814,3271.000,1896.000,7544.000,37.000,9.000,8.000,0.000,3.800,1
2026-01-31 17:45:05,7429854,3301.000,1872.000,7485.000,-28.000,-5.000,5.000,0.000,3.800,1
2026-01-31 17:45:05,7429894,3320.000,1924.000,7463.000,15.000,-6.000,-7.000,0.000,3.800,1
2026-01-31 17:45:05,7429934,3344.000,1909.000,7444.000,5.000,1.000,1.000,0.000,3.800,1
2026-01-31 17:45:05,7429974,3338.000,1950.000,7436.000,16.000,5.000,4.000,0.000,3.800,1
2026-01-31 17:45:05,7430014,3332.000,1936.000,7438.000,17.000,3.000,13.000,0.000,3.800,1
2026-01-31 17:45:05,7430054,3343.000,1962.000,7421.000,10.000,5.000,11.000,0.000,3.800,1
2026-01-31 17:45:05,7430094,3312.000,1898.000,7419.000,4.000,3.000,19.000,0.000,3.800,1
2026-01-31 17:45:05,7430134,3200.000,1681.000,7496.000,-23.000,41.000,37.000,0.000,3.800,1
2026-01-31 17:45:05,7430174,3079.000,1436.000,7580.000,-88.000,135.000,51.000,0.000,3.800,1
2026-01-31 17:45:05,7430214,2850.000,1095.000,7663.000,-67.000,143.000,93.000,0.000,3.800,1
2026-01-31 17:45:05,7430254,2761.000,1264.000,7746.000,0.000,80.000,110.000,0.000,3.800,1
2026-01-31 17:45:05,7430294,2841.000,1737.000,7681.000,38.000,-44.000,77.000,0.000,3.800,1
2026-01-31 17:45:05,7430334,3126.000,1935.000,7513.000,-27.000,-135.000,5.000,0.000,3.800,1
2026-01-31 17:45:05,7430374,3396.000,2097.000,7393.000,27.000,-123.000,-98.000,0.000,3.800,1
2026-01-31 17:45:05,7430414,3543.000,1998.000,7380.000,39.000,-35.000,-155.000,0.000,3.800,1
2026-01-31 17:45:05,7430454,3441.000,1693.000,7540.000,39.000,114.000,-97.000,0.000,3.800,1
2026-01-31 17:45:05,7430494,3229.000,1481.000,7761.000,-20.000,201.000,-3.000,0.000,3.800,1
2026-01-31 17:45:05,7430534,2817.000,1276.000,7879.000,44.000,104.000,127.000,0.000,3.800,1
2026-01-31 17:45:05,7430574,2740.000,1460.000,7746.000,-35.000,-51.000,168.000,0.000,3.800,1
2026-01-31 17:45:05,7430614,3022.000,1862.000,7507.000,-2.000,-183.000,96.000,0.000,3.800,1
2026-01-31 17:45:05,7430654,3309.000,1953.000,7388.000,25.000,-154.000,-2.000,0.000,3.800,1
2026-01-31 17:45:05,7430694,3326.000,1689.000,7384.000,-22.000,40.000,-69.000,0.000,3.800,1
2026-01-31 17:45:06,7430734,3024.000,1418.000,7593.000,76.000,189.000,-28.000,0.000,3.800,1
2026-01-31 17:45:06,7430774,2815.000,1364.000,7841.000,19.000,153.000,29.000,0.000,3.800,1
2026-01-31 17:45:06,7430814,2783.000,1364.000,7820.000,-68.000,5.000,36.000,0.000,8.710,1
2026-01-31 17:45:06,7430854,2966.000,1533.000,7635.000,-78.000,-137.000,5.000,0.000,8.710,1
2026-01-31 17:45:06,7430894,3269.000,1661.000,7476.000,-50.000,-142.000,-12.000,0.000,8.710,1
2026-01-31 17:45:06,7430934,3273.000,1799.000,7540.000,95.000,-25.000,11.000,0.000,8.710,1
2026-01-31 17:45:06,7430974,3255.000,1971.000,7558.000,74.000,-36.000,14.000,0.000,8.710,1
2026-01-31 17:45:06,7431014,3203.000,1653.000,7627.000,-82.000,9.000,-25.000,0.000,8.710,1
2026-01-31 17:45:06,7431054,3025.000,1261.000,7662.000,-70.000,95.000,17.000,0.000,8.710,1
2026-01-31 17:45:06,7431094,2833.000,1190.000,7875.000,-51.000,59.000,82.000,0.000,8.710,1
2026-01-31 17:45:06,7431134,2757.000,1227.000,7778.000,-110.000,-31.000,130.000,0.000,8.710,1
2026-01-31 17:45:06,7431174,2858.000,1478.000,7682.000,-38.000,-121.000,73.000,0.000,8.710,1
2026-01-31 17:45:06,7431214,3046.000,1571.000,7549.000,-60.000,-158.000,7.000,0.000,8.710,1
2026-01-31 17:45:06,7431254,3173.000,1604.000,7521.000,14.000,-103.000,-52.000,0.000,8.710,1
2026-01-31 17:45:06,7431294,3115.000,1443.000,7648.000,40.000,26.000,-38.000,0.000,8.710,1
2026-01-31 17:45:06,7431334,2992.000,1383.000,7761.000,-18.000,36.000,-3.000,0.000,8.710,1
2026-01-31 17:45:06,7431377,3006.000,1403.000,7757.000,-98.000,-80.000,39.000,0.000,8.710,1
2026-01-31 17:45:06,7431417,3072.000,1331.000,7611.000,-99.000,-118.000,42.000,0.000,8.710,1
2026-01-31 17:45:06,7431454,3121.000,1458.000,7612.000,2.000,-115.000,29.000,0.000,8.710,1
2026-01-31 17:45:06,7431494,3128.000,1414.000,7546.000,-69.000,-68.000,37.000,0.000,8.710,1
2026-01-31 17:45:06,7431534,3118.000,1517.000,7626.000,60.000,-19.000,15.000,0.000,8.710,1
2026-01-31 17:45:06,7431579,2979.000,1456.000,7704.000,10.000,6.000,9.000,0.000,8.710,1
2026-01-31 17:45:06,7431614,2988.000,1440.000,7714.000,-26.000,-18.000,9.000,0.000,8.710,1
2026-01-31 17:45:06,7431654,3043.000,1360.000,7639.000,-82.000,-58.000,8.000,0.000,8.710,1
2026-01-31 17:45:06,7431694,3068.000,1323.000,7613.000,-45.000,-65.000,15.000,0.000,8.710,1
2026-01-31 17:45:07,7431734,3112.000,1403.000,7640.000,54.000,-51.000,8.000,0.000,8.710,1
2026-01-31 17:45:07,7431774,3050.000,1276.000,7654.000,-46.000,-14.000,41.000,0.000,8.710,1
2026-01-31 17:45:07,7431814,2990.000,1286.000,7736.000,-15.000,4.000,38.000,0.000,-7.420,1
2026-01-31 17:45:07,7431854,2929.000,1196.000,7732.000,-70.000,-6.000,47.000,0.000,-7.420,1
2026-01-31 17:45:07,7431894,2927.000,1173.000,7728.000,-58.000,-17.000,43.000,0.000,-7.420,1
2026-01-31 17:45:07,7431934,2932.000,1158.000,7749.000,-23.000,-24.000,31.000,0.000,-7.420,1
2026-01-31 17:45:07,7431974,2979.000,1155.000,7731.000,-51.000,-49.000,14.000,0.000,-7.420,1
2026-01-31 17:45:07,7432014,2999.000,1291.000,7706.000,50.000,-32.000,-10.000,0.000,-7.420,1
2026-01-31 17:45:07,7432054,3021.000,1238.000,7729.000,76.000,13.000,-10.000,0.000,-7.420,1
2026-01-31 17:45:07,7432094,2998.000,1209.000,7763.000,27.000,34.000,1.000,0.000,-7.420,1
2026-01-31 17:45:07,7432134,2983.000,1221.000,7780.000,26.000,25.000,8.000,0.000,-7.420,1
2026-01-31 17:45:07,7432174,2963.000,1164.000,7753.000,-7.000,19.000,18.000,0.000,-7.420,1
2026-01-31 17:45:07,7432214,2943.000,1152.000,7748.000,6.000,12.000,23.000,0.000,-7.420,1
2026-01-31 17:45:07,7432254,2952.000,1102.000,7771.000,0.000,28.000,19.000,0.000,-7.420,1
2026-01-31 17:45:07,7432294,2905.000,1076.000,7746.000,18.000,51.000,22.000,0.000,-7.420,1
2026-01-31 17:45:07,7432334,2853.000,1066.000,7808.000,51.000,54.000,14.000,0.000,-7.420,1
2026-01-31 17:45:07,7432374,2824.000,1031.000,7815.000,16.000,57.000,19.000,0.000,-7.420,1
2026-01-31 17:45:07,7432414,2802.000,991.000,7825.000,25.000,50.000,17.000,0.000,-7.420,1
2026-01-31 17:45:07,7432454,2768.000,891.000,7869.000,3.000,45.000,17.000,0.000,-7.420,1
2026-01-31 17:45:07,7432494,2740.000,857.000,7867.000,-15.000,55.000,14.000,0.000,-7.420,1
2026-01-31 17:45:07,7432534,2732.000,825.000,7923.000,12.000,51.000,17.000,0.000,-7.420,1
2026-01-31 17:45:07,7432574,2669.000,829.000,7937.000,7.000,46.000,28.000,0.000,-7.420,1
2026-01-31 17:45:07,7432614,2656.000,870.000,7947.000,12.000,21.000,27.000,0.000,-7.420,1
2026-01-31 17:45:07,7432654,2720.000,892.000,7898.000,-1.000,21.000,16.000,0.000,-7.420,1
2026-01-31 17:45:07,7432694,2718.000,911.000,7934.000,60.000,28.000,-5.000,0.000,-7.420,1
2026-01-31 17:45:08,7432734,2706.000,890.000,7936.000,18.000,29.000,-9.000,0.000,-7.420,1
2026-01-31 17:45:08,7432774,2711.000,896.000,7907.000,-8.000,13.000,-7.000,0.000,-7.420,1
2026-01-31 17:45:08,7432814,2726.000,911.000,7938.000,15.000,15.000,-2.000,0.000,0.000,1
2026-01-31 17:45:08,7432854,2700.000,888.000,7925.000,24.000,16.000,-3.000,0.000,0.000,1
2026-01-31 17:45:08,7432894,2719.000,967.000,7945.000,12.000,0.000,14.000,0.000,0.000,1
2026-01-31 17:45:08,7432934,2708.000,843.000,7857.000,-33.000,2.000,13.000,0.000,0.000,1
2026-01-31 17:45:08,7432974,2736.000,966.000,7889.000,14.000,3.000,5.000,0.000,0.000,1
2026-01-31 17:45:08,7433014,2729.000,936.000,7908.000,29.000,3.000,6.000,0.000,0.000,1
2026-01-31 17:45:08,7433054,2693.000,880.000,7862.000,-34.000,9.000,19.000,0.000,0.000,1
2026-01-31 17:45:08,7433094,2696.000,923.000,7879.000,23.000,-6.000,20.000,0.000,0.000,1
2026-01-31 17:45:08,7433134,2736.000,913.000,7906.000,4.000,17.000,9.000,0.000,0.000,1
2026-01-31 17:45:08,7433174,2745.000,987.000,7898.000,21.000,-4.000,1.000,0.000,0.000,1
2026-01-31 17:45:08,7433214,2779.000,1006.000,7900.000,20.000,1.000,-1.000,0.000,0.000,1
2026-01-31 17:45:08,7433254,2773.000,1021.000,7872.000,-5.000,-7.000,4.000,0.000,0.000,1
2026-01-31 17:45:08,7433294,2872.000,1137.000,7898.000,32.000,-11.000,-14.000,0.000,0.000,1
2026-01-31 17:45:08,7433334,2965.000,1195.000,7777.000,0.000,-8.000,-33.000,0.000,0.000,1
2026-01-31 17:45:08,7433374,2953.000,1182.000,7805.000,49.000,9.000,-35.000,0.000,0.000,1
2026-01-31 17:45:08,7433415,2850.000,1110.000,7735.000,-56.000,70.000,23.000,0.000,0.000,1
2026-01-31 17:45:08,7433454,2632.000,963.000,7682.000,-76.000,65.000,71.000,0.000,0.000,1
2026-01-31 17:45:08,7433494,2585.000,1013.000,7864.000,67.000,56.000,83.000,0.000,0.000,1
2026-01-31 17:45:08,7433534,2591.000,926.000,7804.000,-38.000,12.000,56.000,0.000,0.000,1
2026-01-31 17:45:08,7433577,2813.000,1182.000,7887.000,43.000,-10.000,-38.000,0.000,0.000,1
2026-01-31 17:45:08,7433614,2859.000,1195.000,7864.000,52.000,-13.000,-62.000,0.000,0.000,1
2026-01-31 17:45:08,7433654,2910.000,1313.000,7997.000,64.000,-3.000,-56.000,0.000,0.000,1
2026-01-31 17:45:08,7433694,2863.000,1117.000,7835.000,-62.000,17.000,-35.000,0.000,0.000,1
2026-01-31 17:45:09,7433734,2735.000,983.000,7845.000,-75.000,-4.000,20.000,0.000,0.000,1
2026-01-31 17:45:09,7433774,2731.000,1028.000,7816.000,-52.000,-25.000,43.000,0.000,0.000,1
2026-01-31 17:45:09,7433814,2779.000,1110.000,7883.000,-3.000,-61.000,39.000,0.000,0.000,1
2026-01-31 17:45:09,7433854,2743.000,1015.000,7724.000,-93.000,-48.000,22.000,0.000,0.000,1
2026-01-31 17:45:09,7433894,2719.000,1175.000,7796.000,41.000,-67.000,6.000,0.000,0.000,1
2026-01-31 17:45:09,7433934,2794.000,1093.000,7855.000,-8.000,-14.000,-7.000,0.000,0.000,1
2026-01-31 17:45:09,7433974,2732.000,1127.000,7885.000,-19.000,-54.000,-13.000,0.000,0.000,1
2026-01-31 17:45:09,7434014,2780.000,1031.000,7868.000,-85.000,-50.000,-2.000,0.000,0.000,1
2026-01-31 17:45:09,7434054,2800.000,1075.000,7762.000,-67.000,-93.000,2.000,0.000,0.000,1
2026-01-31 17:45:09,7434094,3174.000,1800.000,8333.000,278.000,-120.000,18.000,0.000,0.000,1
2026-01-31 17:45:09,7434134,2918.000,1534.000,7880.000,-156.000,-42.000,71.000,0.000,0.000,1
2026-01-31 17:45:09,7434174,2646.000,1306.000,7612.000,-167.000,-151.000,34.000,0.000,0.000,1
2026-01-31 17:45:09,7434214,2418.000,387.000,6866.000,-477.000,-100.000,10.000,0.000,0.000,1
2026-01-31 17:45:09,7434254,2968.000,1166.000,7006.000,102.000,-167.000,-43.000,0.000,0.000,1
2026-01-31 17:45:09,7434294,3806.000,1855.000,8168.000,517.000,-95.000,-213.000,0.000,0.000,1
2026-01-31 17:45:09,7434334,3552.000,1542.000,7533.000,-196.000,-182.000,-286.000,0.000,0.000,1
2026-01-31 17:45:09,7434374,3353.000,1680.000,7409.000,-177.000,-288.000,-53.000,0.000,0.000,1
2026-01-31 17:45:09,7434414,3335.000,1674.000,7397.000,16.000,20.000,122.000,0.000,0.000,1
2026-01-31 17:45:09,7434454,3404.000,1649.000,8011.000,278.000,249.000,211.000,0.000,0.000,1
2026-01-31 17:45:09,7434494,2873.000,1332.000,7946.000,-55.000,257.000,222.000,0.000,0.000,1
2026-01-31 17:45:09,7434534,2713.000,1592.000,7813.000,-11.000,-96.000,130.000,0.000,0.000,1
2026-01-31 17:45:09,7434574,2963.000,1582.000,7555.000,-135.000,-183.000,42.000,0.000,0.000,1
2026-01-31 17:45:09,7434614,3175.000,1641.000,7346.000,-93.000,-125.000,-85.000,0.000,0.000,1
2026-01-31 17:45:09,7434654,3165.000,1691.000,7436.000,28.000,-62.000,-144.000,0.000,0.000,1
2026-01-31 17:45:09,7434694,3047.000,1513.000,7401.000,-125.000,14.000,-56.000,0.000,0.000,1
2026-01-31 17:45:10,7434734,3227.000,1636.000,7429.000,-85.000,-19.000,-17.000,0.000,0.000,1
2026-01-31 17:45:10,7434774,3299.000,1617.000,7377.000,-38.000,-41.000,-24.000,0.000,0.000,1
2026-01-31 17:45:10,7434814,3413.000,1749.000,7390.000,-14.000,-63.000,-14.000,0.000,0.000,1
2026-01-31 17:45:10,7434854,3408.000,1922.000,7394.000,72.000,-31.000,-2.000,0.000,0.000,1
2026-01-31 17:45:10,7434894,3439.000,2173.000,7368.000,118.000,-56.000,7.000,0.000,0.000,1
2026-01-31 17:45:10,7434934,3577.000,2528.000,7291.000,127.000,-97.000,-7.000,0.000,0.000,1
2026-01-31 17:45:10,7434974,3740.000,2650.000,7266.000,174.000,-76.000,-123.000,0.000,0.000,1
2026-01-31 17:45:10,7435014,3749.000,2217.000,7192.000,-45.000,24.000,-98.000,0.000,0.000,1
2026-01-31 17:45:10,7435054,3638.000,2113.000,7364.000,38.000,116.000,-28.000,0.000,0.000,1
2026-01-31 17:45:10,7435094,3399.000,2060.000,7453.000,23.000,104.000,63.000,0.000,0.000,1
2026-01-31 17:45:10,7435134,3297.000,2093.000,7298.000,-41.000,-16.000,62.000,0.000,0.000,1
2026-01-31 17:45:10,7435174,3416.000,2227.000,7147.000,-7.000,-71.000,3.000,0.000,0.000,1
2026-01-31 17:45:10,7435214,3541.000,2264.000,7046.000,18.000,-37.000,-56.000,0.000,0.000,1
2026-01-31 17:45:10,7435254,3609.000,2275.000,7150.000,54.000,14.000,-78.000,0.000,0.000,1
2026-01-31 17:45:10,7435294,3559.000,2217.000,7179.000,-7.000,67.000,-70.000,0.000,0.000,1
2026-01-31 17:45:10,7435336,3547.000,2200.000,7353.000,19.000,64.000,-62.000,0.000,0.000,1
2026-01-31 17:45:10,7435375,3502.000,2083.000,7290.000,-86.000,44.000,-33.000,0.000,0.000,1
2026-01-31 17:45:10,7435417,3468.000,2065.000,7267.000,-36.000,-2.000,11.000,0.000,0.000,1
2026-01-31 17:45:10,7435454,3477.000,2137.000,7320.000,11.000,5.000,17.000,0.000,0.000,1
2026-01-31 17:45:10,7435494,3538.000,2309.000,7384.000,35.000,23.000,-8.000,0.000,0.000,1
2026-01-31 17:45:10,7435534,3495.000,2359.000,7365.000,28.000,11.000,-34.000,0.000,0.000,1
2026-01-31 17:45:10,7435577,3583.000,2331.000,7535.000,55.000,27.000,-59.000,0.000,0.000,1
2026-01-31 17:45:10,7435616,3660.000,2235.000,7459.000,-45.000,16.000,-73.000,0.000,0.000,1
2026-01-31 17:45:10,7435654,3691.000,2346.000,7556.000,59.000,-25.000,-79.000,0.000,0.000,1
2026-01-31 17:45:10,7435694,3491.000,2126.000,7168.000,-166.000,-29.000,-40.000,0.000,0.000,1
2026-01-31 17:45:11,7435734,3399.000,2163.000,7215.000,23.000,-52.000,39.000,0.000,0.000,1
2026-01-31 17:45:11,7435774,3285.000,1966.000,7030.000,-76.000,73.000,72.000,0.000,0.000,1
2026-01-31 17:45:11,7435814,3363.000,2337.000,7289.000,181.000,14.000,33.000,0.000,0.000,1
2026-01-31 17:45:11,7435854,3533.000,2321.000,7186.000,8.000,8.000,-30.000,0.000,0.000,1
2026-01-31 17:45:11,7435894,3607.000,2448.000,7306.000,52.000,-87.000,-105.000,0.000,0.000,1
2026-01-31 17:45:11,7435934,3662.000,2262.000,7153.000,-107.000,-22.000,-82.000,0.000,0.000,1
2026-01-31 17:45:11,7435974,3516.000,2190.000,7212.000,-5.000,37.000,-31.000,0.000,0.000,1
2026-01-31 17:45:11,7436014,3408.000,2026.000,7242.000,-71.000,122.000,44.000,0.000,0.000,1
2026-01-31 17:45:11,7436054,3293.000,2004.000,7327.000,13.000,71.000,75.000,0.000,0.000,1
2026-01-31 17:45:11,7436094,3270.000,2071.000,7388.000,16.000,10.000,62.000,0.000,0.000,1
2026-01-31 17:45:11,7436134,3332.000,2094.000,7301.000,-20.000,-21.000,12.000,0.000,0.000,1
2026-01-31 17:45:11,7436174,3497.000,2247.000,7341.000,26.000,-49.000,-63.000,0.000,0.000,1
2026-01-31 17:45:11,7436214,3515.000,2196.000,7374.000,-12.000,-31.000,-81.000,0.000,0.000,1
2026-01-31 17:45:11,7436254,3543.000,1993.000,7441.000,-126.000,66.000,-46.000,0.000,0.000,1
2026-01-31 17:45:11,7436294,3381.000,1868.000,7453.000,-29.000,72.000,8.000,0.000,0.000,1
2026-01-31 17:45:11,7436334,3290.000,1787.000,7524.000,-76.000,77.000,66.000,0.000,0.000,1
2026-01-31 17:45:11,7436374,3123.000,1604.000,7363.000,-113.000,60.000,117.000,0.000,0.000,1
2026-01-31 17:45:11,7436414,3110.000,1867.000,7694.000,154.000,34.000,97.000,0.000,0.000,1
2026-01-31 17:45:11,7436454,3055.000,1769.000,7482.000,-42.000,33.000,73.000,0.000,0.000,1
2026-01-31 17:45:11,7436494,3140.000,2046.000,7677.000,114.000,-41.000,-22.000,0.000,0.000,1
2026-01-31 17:45:11,7436534,3181.000,1780.000,7504.000,-82.000,-38.000,-70.000,0.000,0.000,1
2026-01-31 17:45:11,7436574,3265.000,1827.000,7482.000,-25.000,-67.000,-82.000,0.000,0.000,1
2026-01-31 17:45:11,7436614,3304.000,1808.000,7608.000,11.000,-6.000,-46.000,0.000,0.000,1
2026-01-31 17:45:11,7436654,3183.000,1778.000,7551.000,-23.000,-8.000,19.000,0.000,0.000,1
2026-01-31 17:45:11,7436694,3255.000,1731.000,7507.000,-37.000,-12.000,32.000,0.000,0.000,1
2026-01-31 17:45:12,7436734,3224.000,1619.000,7454.000,-14.000,31.000,27.000,0.000,0.000,1
2026-01-31 17:45:12,7436774,3146.000,1567.000,7568.000,12.000,41.000,35.000,0.000,0.000,1
2026-01-31 17:45:12,7436814,3023.000,1560.000,7504.000,-53.000,61.000,34.000,0.000,0.000,1
2026-01-31 17:45:12,7436854,2943.000,1455.000,7508.000,-81.000,21.000,37.000,0.000,0.000,1
2026-01-31 17:45:12,7436894,3009.000,1618.000,7552.000,37.000,8.000,3.000,0.000,0.000,1
2026-01-31 17:45:12,7436934,3010.000,1517.000,7584.000,-21.000,2.000,10.000,0.000,0.000,1
2026-01-31 17:45:12,7436974,3079.000,1580.000,7634.000,-10.000,9.000,7.000,0.000,0.000,1
2026-01-31 17:45:12,7437014,3115.000,1656.000,7712.000,57.000,-17.000,-10.000,0.000,0.000,1
2026-01-31 17:45:12,7437054,3164.000,1603.000,7666.000,-38.000,10.000,-22.000,0.000,0.000,1
2026-01-31 17:45:12,7437094,3124.000,1650.000,7677.000,17.000,-22.000,-14.000,0.000,0.000,1
2026-01-31 17:45:12,7437134,3180.000,1607.000,7705.000,-25.000,-11.000,12.000,0.000,0.000,1
2026-01-31 17:45:12,7437174,3158.000,1539.000,7634.000,-29.000,5.000,20.000,0.000,0.000,1
2026-01-31 17:45:12,7437214,3103.000,1610.000,7738.000,29.000,0.000,32.000,0.000,0.000,1
2026-01-31 17:45:12,7437254,3077.000,1631.000,7627.000,-16.000,-9.000,27.000,0.000,0.000,1
2026-01-31 17:45:12,7437294,3099.000,1669.000,7624.000,-19.000,-36.000,15.000,0.000,0.000,1
2026-01-31 17:45:12,7437334,3142.000,1584.000,7561.000,-38.000,-1.000,-8.000,0.000,0.000,1
2026-01-31 17:45:12,7437374,3015.000,1432.000,7582.000,-56.000,4.000,15.000,0.000,0.000,1
2026-01-31 17:45:12,7437414,3023.000,1447.000,7505.000,-55.000,14.000,27.000,0.000,0.000,1
2026-01-31 17:45:12,7437454,3013.000,1560.000,7597.000,68.000,-29.000,20.000,0.000,0.000,1
2026-01-31 17:45:12,7437494,3086.000,1603.000,7599.000,-38.000,-32.000,16.000,0.000,0.000,1
2026-01-31 17:45:12,7437534,3127.000,1576.000,7544.000,-11.000,-47.000,11.000,0.000,0.000,1
2026-01-31 17:45:12,7437574,3107.000,1529.000,7580.000,-30.000,-1.000,23.000,0.000,0.000,1
2026-01-31 17:45:12,7437614,3031.000,1452.000,7735.000,28.000,11.000,34.000,0.000,0.000,1
2026-01-31 17:45:12,7437654,3048.000,1559.000,7762.000,2.000,2.000,33.000,0.000,0.000,1
2026-01-31 17:45:12,7437694,3089.000,1652.000,7707.000,-19.000,-87.000,4.000,0.000,0.000,1
2026-01-31 17:45:13,7437734,3159.000,1616.000,7696.000,-45.000,-80.000,9.000,0.000,0.000,1
2026-01-31 17:45:13,7437774,2961.000,1379.000,7701.000,-15.000,-22.000,55.000,0.000,0.000,1
2026-01-31 17:45:13,7437814,2926.000,1159.000,7605.000,-135.000,-3.000,77.000,0.000,0.000,1
2026-01-31 17:45:13,7437854,3007.000,1549.000,7859.000,117.000,-36.000,30.000,0.000,0.000,1
2026-01-31 17:45:13,7437894,2935.000,1257.000,7612.000,-132.000,-90.000,13.000,0.000,0.000,1
2026-01-31 17:45:13,7437934,3126.000,1605.000,7691.000,28.000,-128.000,-23.000,0.000,0.000,1
2026-01-31 17:45:13,7437974,3178.000,1329.000,7537.000,-67.000,-61.000,-13.000,0.000,0.000,1
2026-01-31 17:45:13,7438014,3095.000,1339.000,7649.000,5.000,-15.000,18.000,0.000,0.000,1
2026-01-31 17:45:13,7438054,3015.000,1280.000,7661.000,-38.000,4.000,33.000,0.000,0.000,1
2026-01-31 17:45:13,7438094,2979.000,1274.000,7696.000,-45.000,-31.000,49.000,0.000,0.000,1
2026-01-31 17:45:13,7438134,2983.000,1251.000,7661.000,-60.000,-67.000,54.000,0.000,0.000,1
2026-01-31 17:45:13,7438174,3016.000,1255.000,7652.000,-54.000,-35.000,37.000,0.000,0.000,1
2026-01-31 17:45:13,7438214,2995.000,1349.000,7706.000,53.000,-14.000,25.000,0.000,0.000,1
2026-01-31 17:45:13,7438254,2974.000,1314.000,7770.000,-23.000,3.000,33.000,0.000,0.000,1
2026-01-31 17:45:13,7438294,2909.000,1280.000,7734.000,-45.000,-11.000,28.000,0.000,0.000,1
2026-01-31 17:45:13,7438334,2957.000,1158.000,7716.000,-89.000,-21.000,26.000,0.000,0.000,1
2026-01-31 17:45:13,7438374,2936.000,1073.000,7661.000,-79.000,-18.000,21.000,0.000,0.000,1
2026-01-31 17:45:13,7438414,2986.000,1075.000,7758.000,-28.000,-45.000,18.000,0.000,0.000,1
2026-01-31 17:45:13,7438454,2982.000,1093.000,7689.000,-19.000,-17.000,33.000,0.000,0.000,1
2026-01-31 17:45:13,7438494,3001.000,1182.000,7776.000,56.000,7.000,29.000,0.000,0.000,1
2026-01-31 17:45:13,7438534,2891.000,1108.000,7831.000,28.000,39.000,37.000,0.000,0.000,1
2026-01-31 17:45:13,7438574,2884.000,1107.000,7876.000,-27.000,14.000,74.000,0.000,0.000,1
2026-01-31 17:45:13,7438614,2859.000,1017.000,7849.000,40.000,33.000,32.000,0.000,0.000,1
2026-01-31 17:45:13,7438654,2816.000,912.000,7805.000,-77.000,30.000,28.000,0.000,0.000,1
2026-01-31 17:45:13,7438694,2804.000,923.000,7828.000,17.000,17.000,11.000,0.000,0.000,1
2026-01-31 17:45:14,7438734,2807.000,827.000,7855.000,-23.000,23.000,19.000,0.000,0.000,1
2026-01-31 17:45:14,7438774,2855.000,887.000,7878.000,29.000,25.000,4.000,0.000,0.000,1
2026-01-31 17:45:14,7438814,2775.000,816.000,7863.000,-7.000,29.000,17.000,0.000,0.000,1
2026-01-31 17:45:14,7438854,2728.000,767.000,7821.000,-13.000,49.000,27.000,0.000,0.000,1
2026-01-31 17:45:14,7438894,2692.000,726.000,7907.000,17.000,55.000,28.000,0.000,0.000,1
2026-01-31 17:45:14,7438934,2691.000,749.000,8007.000,27.000,53.000,26.000,0.000,0.000,1
2026-01-31 17:45:14,7438974,2661.000,641.000,7956.000,-34.000,48.000,18.000,0.000,0.000,1
2026-01-31 17:45:14,7439014,2669.000,678.000,8032.000,15.000,44.000,19.000,0.000,0.000,1
2026-01-31 17:45:14,7439054,2607.000,658.000,8010.000,4.000,55.000,27.000,0.000,0.000,1
2026-01-31 17:45:14,7439094,2425.000,539.000,7848.000,-106.000,30.000,53.000,0.000,0.000,1
2026-01-31 17:45:14,7439134,2366.000,433.000,7989.000,-15.000,-12.000,76.000,0.000,0.000,1
2026-01-31 17:45:14,7439174,2399.000,565.000,8229.000,90.000,37.000,82.000,0.000,0.000,1
2026-01-31 17:45:14,7439214,2551.000,723.000,8539.000,162.000,45.000,31.000,0.000,0.000,1
2026-01-31 17:45:14,7439254,2633.000,810.000,8221.000,-27.000,2.000,-31.000,0.000,0.000,1
2026-01-31 17:45:14,7439294,2728.000,695.000,7795.000,55.000,-40.000,-132.000,0.000,0.000,1
2026-01-31 17:45:14,7439334,2526.000,628.000,7696.000,-91.000,-17.000,-110.000,0.000,0.000,1
2026-01-31 17:45:14,7439377,2255.000,403.000,7791.000,21.000,40.000,-19.000,0.000,0.000,1
2026-01-31 17:45:14,7439417,2238.000,298.000,7946.000,-73.000,-12.000,64.000,0.000,0.000,1
2026-01-31 17:45:14,7439454,2469.000,592.000,8203.000,147.000,-43.000,40.000,0.000,0.000,1
2026-01-31 17:45:14,7439494,2766.000,779.000,8423.000,50.000,9.000,-14.000,0.000,0.000,1
2026-01-31 17:45:14,7439534,2876.000,917.000,8276.000,96.000,-24.000,-104.000,0.000,0.000,1
2026-01-31 17:45:14,7439579,2593.000,581.000,8014.000,-54.000,23.000,-50.000,0.000,0.000,1
2026-01-31 17:45:14,7439614,2532.000,762.000,8083.000,74.000,80.000,-51.000,0.000,0.000,1
2026-01-31 17:45:14,7439654,2289.000,270.000,7734.000,-263.000,59.000,-7.000,0.000,0.000,1
2026-01-31 17:45:14,7439694,2428.000,588.000,8494.000,145.000,18.000,-7.000,0.000,0.000,1
2026-01-31 17:45:15,7439734,2579.000,613.000,8299.000,-32.000,-45.000,-43.000,0.000,0.000,1
2026-01-31 17:45:15,7439774,2876.000,962.000,8321.000,95.000,-71.000,-102.000,0.000,0.000,1
2026-01-31 17:45:15,7439814,2473.000,390.000,7557.000,-293.000,-28.000,-72.000,0.000,0.000,1
2026-01-31 17:45:15,7439854,2494.000,664.000,7960.000,176.000,-31.000,-33.000,0.000,0.000,1
2026-01-31 17:45:15,7439894,2603.000,491.000,8350.000,117.000,190.000,-41.000,0.000,0.000,1
2026-01-31 17:45:15,7439934,2355.000,685.000,7936.000,-46.000,-4.000,-67.000,0.000,0.000,1
2026-01-31 17:45:15,7439974,2258.000,515.000,7972.000,-70.000,-80.000,-31.000,0.000,0.000,1
2026-01-31 17:45:15,7440014,2430.000,722.000,7750.000,-55.000,-154.000,15.000,0.000,0.000,1
2026-01-31 17:45:15,7440054,2800.000,677.000,7930.000,161.000,33.000,-56.000,0.000,0.000,1
2026-01-31 17:45:15,7440094,2113.000,630.000,7789.000,-29.000,9.000,-57.000,0.000,0.000,1
2026-01-31 17:45:15,7440134,2357.000,905.000,8032.000,10.000,16.000,-1.000,0.000,0.000,1
2026-01-31 17:45:15,7440174,2358.000,558.000,8015.000,-22.000,25.000,-36.000,0.000,0.000,1
2026-01-31 17:45:15,7440214,2299.000,623.000,7951.000,-148.000,-5.000,-48.000,0.000,0.000,1
2026-01-31 17:45:15,7440254,2414.000,810.000,8133.000,52.000,-75.000,-41.000,0.000,0.000,1
2026-01-31 17:45:15,7440294,2654.000,818.000,8133.000,-53.000,7.000,-75.000,0.000,0.000,1
2026-01-31 17:45:15,7440334,2579.000,709.000,8068.000,-73.000,-27.000,-76.000,0.000,0.000,1
2026-01-31 17:45:15,7440374,2569.000,814.000,8161.000,-17.000,7.000,-73.000,0.000,0.000,1
2026-01-31 17:45:15,7440414,2582.000,618.000,8176.000,-81.000,4.000,-33.000,0.000,0.000,1
2026-01-31 17:45:15,7440454,2391.000,565.000,7952.000,-179.000,-7.000,-26.000,0.000,0.000,1
2026-01-31 17:45:15,7440494,2200.000,659.000,7759.000,-104.000,-89.000,-3.000,0.000,0.000,1
2026-01-31 17:45:15,7440534,2269.000,626.000,7697.000,-100.000,-110.000,40.000,0.000,0.000,1
2026-01-31 17:45:15,7440574,2487.000,775.000,8284.000,170.000,39.000,4.000,0.000,0.000,1
2026-01-31 17:45:15,7440614,2436.000,1083.000,8492.000,201.000,85.000,-69.000,0.000,0.000,1
2026-01-31 17:45:15,7440654,2363.000,652.000,7987.000,-181.000,-155.000,-116.000,0.000,0.000,1
2026-01-31 17:45:15,7440694,2589.000,509.000,7469.000,-383.000,-75.000,-164.000,0.000,0.000,1
2026-01-31 17:45:16,7440734,2939.000,980.000,8606.000,524.000,-126.000,-193.000,0.000,0.000,1
2026-01-31 17:45:16,7440774,3045.000,381.000,8475.000,-277.000,169.000,-184.000,0.000,0.000,1
2026-01-31 17:45:16,7440814,2550.000,936.000,7895.000,96.000,-56.000,-182.000,0.000,-31.560,1
2026-01-31 17:45:16,7440854,2454.000,626.000,7329.000,-196.000,-124.000,1.000,0.000,-31.560,1
2026-01-31 17:45:16,7440894,2703.000,846.000,7716.000,57.000,-25.000,-14.000,0.000,-31.560,1
2026-01-31 17:45:16,7440934,2833.000,783.000,7969.000,156.000,118.000,-74.000,0.000,-31.560,1
2026-01-31 17:45:16,7440974,2428.000,995.000,7988.000,52.000,71.000,-63.000,0.000,-31.560,1
2026-01-31 17:45:16,7441014,2442.000,1275.000,7781.000,-39.000,-134.000,-38.000,0.000,-31.560,1
2026-01-31 17:45:16,7441054,2650.000,1267.000,7747.000,-58.000,-101.000,-49.000,0.000,-31.560,1
2026-01-31 17:45:16,7441094,2742.000,1238.000,7926.000,20.000,29.000,-101.000,0.000,-31.560,1
2026-01-31 17:45:16,7441134,2591.000,1151.000,8161.000,9.000,73.000,-92.000,0.000,-31.560,1
2026-01-31 17:45:16,7441174,2573.000,1230.000,8039.000,-60.000,3.000,-113.000,0.000,-31.560,1
2026-01-31 17:45:16,7441214,2557.000,1095.000,7554.000,-232.000,-146.000,-81.000,0.000,-31.560,1
2026-01-31 17:45:16,7441254,2739.000,1351.000,8023.000,78.000,-158.000,-68.000,0.000,-31.560,1
2026-01-31 17:45:16,7441294,2754.000,1190.000,7967.000,-141.000,-42.000,-43.000,0.000,-31.560,1
2026-01-31 17:45:16,7441337,2606.000,1378.000,7882.000,-69.000,-107.000,-40.000,0.000,-31.560,1
2026-01-31 17:45:16,7441376,2696.000,1344.000,7656.000,-121.000,-146.000,-45.000,0.000,-31.560,1
2026-01-31 17:45:16,7441414,2676.000,1282.000,7693.000,-105.000,-169.000,-61.000,0.000,-31.560,1
2026-01-31 17:45:16,7441454,2765.000,1282.000,7552.000,-165.000,-145.000,-105.000,0.000,-31.560,1
2026-01-31 17:45:16,7441494,2826.000,1270.000,7713.000,-22.000,-113.000,-138.000,0.000,-31.560,1
2026-01-31 17:45:16,7441534,2725.000,1052.000,7553.000,-234.000,-160.000,-107.000,0.000,-31.560,1
2026-01-31 17:45:16,7441577,2970.000,1149.000,7485.000,-351.000,-77.000,-137.000,0.000,-31.560,1
2026-01-31 17:45:16,7441614,2975.000,1109.000,7635.000,-175.000,-162.000,-124.000,0.000,-31.560,1
2026-01-31 17:45:16,7441654,3271.000,1776.000,7940.000,129.000,-1.000,-159.000,0.000,-31.560,1
2026-01-31 17:45:16,7441694,2847.000,836.000,7556.000,-317.000,-53.000,-69.000,0.000,-31.560,1
2026-01-31 17:45:17,7441734,3010.000,1877.000,7915.000,131.000,-31.000,-76.000,0.000,-31.560,1
2026-01-31 17:45:17,7441774,2573.000,1165.000,7433.000,-307.000,-36.000,6.000,0.000,-31.560,1
2026-01-31 17:45:17,7441814,2733.000,1724.000,7451.000,15.000,-137.000,-34.000,0.000,7.270,1
2026-01-31 17:45:17,7441854,2878.000,1435.000,7315.000,-179.000,-144.000,-27.000,0.000,7.270,1
2026-01-31 17:45:17,7441894,3306.000,2209.000,7845.000,361.000,-44.000,-156.000,0.000,7.270,1
2026-01-31 17:45:17,7441934,3005.000,1357.000,7478.000,-283.000,37.000,-169.000,0.000,7.270,1
2026-01-31 17:45:17,7441974,2989.000,1434.000,7452.000,-229.000,18.000,-189.000,0.000,7.270,1
2026-01-31 17:45:17,7442014,3398.000,1983.000,8202.000,387.000,19.000,-248.000,0.000,7.270,1
2026-01-31 17:45:17,7442054,3127.000,1570.000,7743.000,-262.000,67.000,-189.000,0.000,7.270,1
2026-01-31 17:45:17,7442094,3034.000,1813.000,7672.000,3.000,-109.000,-145.000,0.000,7.270,1
2026-01-31 17:45:17,7442134,3069.000,1843.000,7493.000,-101.000,18.000,-48.000,0.000,7.270,1
2026-01-31 17:45:17,7442174,2893.000,1682.000,7574.000,66.000,28.000,-35.000,0.000,7.270,1
2026-01-31 17:45:17,7442214,2847.000,1804.000,7532.000,-69.000,112.000,-55.000,0.000,7.270,1
2026-01-31 17:45:17,7442254,2718.000,1692.000,7554.000,38.000,16.000,-122.000,0.000,7.270,1
2026-01-31 17:45:17,7442294,2835.000,1797.000,7648.000,-48.000,-29.000,-162.000,0.000,7.270,1
2026-01-31 17:45:17,7442334,2930.000,1722.000,7461.000,-102.000,-70.000,-236.000,0.000,7.270,1
2026-01-31 17:45:17,7442374,3087.000,1874.000,7350.000,-133.000,-59.000,-201.000,0.000,7.270,1
2026-01-31 17:45:17,7442414,3139.000,2288.000,7625.000,188.000,20.000,-189.000,0.000,7.270,1
2026-01-31 17:45:17,7442454,3227.000,2239.000,7503.000,-4.000,-38.000,-158.000,0.000,7.270,1
2026-01-31 17:45:17,7442494,3408.000,2968.000,7640.000,205.000,-125.000,-130.000,0.000,7.270,1
2026-01-31 17:45:17,7442534,3526.000,2917.000,6962.000,20.000,-247.000,-174.000,0.000,7.270,1
2026-01-31 17:45:17,7442574,3719.000,3189.000,7101.000,142.000,-300.000,-273.000,0.000,7.270,1
2026-01-31 17:45:17,7442614,3962.000,2798.000,6989.000,-30.000,-44.000,-420.000,0.000,7.270,1
2026-01-31 17:45:17,7442654,3555.000,2202.000,7296.000,-158.000,309.000,-259.000,0.000,7.270,1
2026-01-31 17:45:17,7442694,2964.000,1751.000,7320.000,-317.000,405.000,-36.000,0.000,7.270,1
2026-01-31 17:45:18,7442734,2584.000,1598.000,7987.000,-228.000,95.000,170.000,0.000,7.270,1
2026-01-31 17:45:18,7442774,2506.000,1438.000,7635.000,-387.000,21.000,144.000,0.000,7.270,1
2026-01-31 17:45:18,7442814,2422.000,1441.000,7181.000,-326.000,-231.000,-48.000,0.000,5.450,1
2026-01-31 17:45:18,7442854,3036.000,2156.000,7660.000,165.000,-339.000,-139.000,0.000,5.450,1
2026-01-31 17:45:18,7442894,3398.000,2217.000,7490.000,-50.000,-40.000,-245.000,0.000,5.450,1
2026-01-31 17:45:18,7442934,3450.000,2482.000,7546.000,198.000,-16.000,-344.000,0.000,5.450,1
2026-01-31 17:45:18,7442974,3255.000,2764.000,7411.000,85.000,10.000,-349.000,0.000,5.450,1
2026-01-31 17:45:18,7443014,3492.000,2648.000,7587.000,150.000,-75.000,-398.000,0.000,5.450,1
2026-01-31 17:45:18,7443054,3612.000,2862.000,7502.000,29.000,-10.000,-390.000,0.000,5.450,1
2026-01-31 17:45:18,7443094,3684.000,2750.000,7524.000,2.000,-101.000,-300.000,0.000,5.450,1
2026-01-31 17:45:18,7443134,3579.000,2593.000,7225.000,-281.000,-117.000,-113.000,0.000,5.450,1
2026-01-31 17:45:18,7443174,3511.000,2735.000,7187.000,-43.000,-36.000,-76.000,0.000,5.450,1
2026-01-31 17:45:18,7443214,3302.000,2446.000,6883.000,-241.000,-27.000,-27.000,0.000,5.450,1
2026-01-31 17:45:18,7443254,3279.000,2909.000,7059.000,163.000,-58.000,-117.000,0.000,5.450,1
2026-01-31 17:45:18,7443294,3390.000,2658.000,6827.000,-94.000,-71.000,-153.000,0.000,5.450,1
2026-01-31 17:45:18,7443337,3406.000,2932.000,7053.000,-7.000,-50.000,-199.000,0.000,5.450,1
2026-01-31 17:45:18,7443377,3380.000,2747.000,7020.000,-127.000,-43.000,-183.000,0.000,5.450,1
2026-01-31 17:45:18,7443414,3381.000,2802.000,7099.000,-59.000,-42.000,-174.000,0.000,5.450,1
2026-01-31 17:45:18,7443454,3422.000,2836.000,7171.000,-97.000,-25.000,-142.000,0.000,5.450,1
2026-01-31 17:45:18,7443494,3402.000,2781.000,7191.000,-208.000,-61.000,-156.000,0.000,5.450,1
2026-01-31 17:45:18,7443534,3474.000,2503.000,7050.000,-257.000,-52.000,-141.000,0.000,5.450,1
2026-01-31 17:45:18,7443574,3615.000,2957.000,7407.000,114.000,-40.000,-201.000,0.000,5.450,1
2026-01-31 17:45:18,7443614,3478.000,2459.000,7098.000,-217.000,-55.000,-157.000,0.000,5.450,1
2026-01-31 17:45:18,7443654,3516.000,2834.000,7382.000,33.000,-43.000,-149.000,0.000,5.450,1
2026-01-31 17:45:18,7443694,3586.000,2707.000,7467.000,-60.000,5.000,-138.000,0.000,5.450,1
2026-01-31 17:45:19,7443734,3549.000,2592.000,7523.000,-81.000,-9.000,-141.000,0.000,5.450,1
2026-01-31 17:45:19,7443774,3387.000,2321.000,7173.000,-284.000,-1.000,-110.000,0.000,5.450,1
2026-01-31 17:45:19,7443814,3408.000,2344.000,7571.000,37.000,-23.000,-120.000,0.000,7.370,1
2026-01-31 17:45:19,7443854,3335.000,2123.000,7643.000,-172.000,117.000,-74.000,0.000,7.370,1
2026-01-31 17:45:19,7443894,3009.000,2294.000,7414.000,1.000,-114.000,-79.000,0.000,7.370,1
2026-01-31 17:45:19,7443934,3200.000,2693.000,7100.000,-62.000,-314.000,-134.000,0.000,7.370,1
2026-01-31 17:45:19,7443974,3620.000,2969.000,6973.000,68.000,-401.000,-261.000,0.000,7.370,1
2026-01-31 17:45:19,7444014,4016.000,3333.000,7222.000,157.000,-247.000,-352.000,0.000,7.370,1
2026-01-31 17:45:19,7444054,3909.000,2709.000,6503.000,-242.000,-90.000,-360.000,0.000,7.370,1
2026-01-31 17:45:19,7444094,3921.000,3195.000,7249.000,273.000,-44.000,-292.000,0.000,7.370,1
2026-01-31 17:45:19,7444134,3469.000,2194.000,6951.000,-486.000,52.000,25.000,0.000,7.370,1
2026-01-31 17:45:19,7444174,3378.000,2903.000,7284.000,-41.000,-12.000,62.000,0.000,7.370,1
2026-01-31 17:45:19,7444214,3406.000,2632.000,7183.000,-172.000,-137.000,23.000,0.000,7.370,1
2026-01-31 17:45:19,7444254,3680.000,2885.000,6824.000,-217.000,-240.000,-95.000,0.000,7.370,1
2026-01-31 17:45:19,7444294,3913.000,3166.000,6787.000,-23.000,-173.000,-270.000,0.000,7.370,1
2026-01-31 17:45:19,7444334,3938.000,2963.000,6894.000,19.000,-41.000,-300.000,0.000,7.370,1
2026-01-31 17:45:19,7444374,3900.000,3010.000,7269.000,58.000,26.000,-211.000,0.000,7.370,1
2026-01-31 17:45:19,7444414,3761.000,2797.000,7183.000,-216.000,22.000,-18.000,0.000,7.370,1
2026-01-31 17:45:19,7444454,3738.000,2900.000,7133.000,-146.000,-61.000,-18.000,0.000,7.370,1
2026-01-31 17:45:19,7444494,3690.000,2659.000,6957.000,-230.000,-129.000,-17.000,0.000,7.370,1
2026-01-31 17:45:19,7444534,3927.000,3010.000,7045.000,19.000,-75.000,-138.000,0.000,7.370,1
2026-01-31 17:45:19,7444574,3795.000,2725.000,7007.000,-16.000,-79.000,-150.000,0.000,7.370,1
2026-01-31 17:45:19,7444614,3735.000,2986.000,7090.000,-18.000,-51.000,-130.000,0.000,7.370,1
2026-01-31 17:45:19,7444654,3860.000,3021.000,7073.000,31.000,-108.000,-117.000,0.000,7.370,1
2026-01-31 17:45:19,7444694,3913.000,2931.000,6944.000,-108.000,-60.000,-125.000,0.000,7.370,1
2026-01-31 17:45:20,7444734,3772.000,2734.000,6842.000,-127.000,-64.000,-90.000,0.000,7.370,1
2026-01-31 17:45:20,7444774,3843.000,2817.000,6945.000,-52.000,-54.000,-58.000,0.000,7.370,1
2026-01-31 17:45:20,7444814,3847.000,2784.000,6830.000,-77.000,-19.000,-70.000,0.000,1.010,1
2026-01-31 17:45:20,7444854,3852.000,2885.000,6963.000,25.000,-24.000,-113.000,0.000,1.010,1
2026-01-31 17:45:20,7444894,3795.000,2716.000,6758.000,-103.000,6.000,-96.000,0.000,1.010,1
2026-01-31 17:45:20,7444934,3870.000,2889.000,7093.000,105.000,-6.000,-86.000,0.000,1.010,1
2026-01-31 17:45:20,7444974,3884.000,2809.000,7010.000,-87.000,70.000,-69.000,0.000,1.010,1
2026-01-31 17:45:20,7445014,3877.000,2978.000,7204.000,29.000,-10.000,-89.000,0.000,1.010,1
2026-01-31 17:45:20,7445054,3794.000,2654.000,6993.000,-165.000,61.000,-67.000,0.000,1.010,1
2026-01-31 17:45:20,7445094,3784.000,2773.000,7075.000,25.000,-15.000,-62.000,0.000,1.010,1
2026-01-31 17:45:20,7445134,3813.000,2872.000,7150.000,-11.000,32.000,-62.000,0.000,1.010,1
2026-01-31 17:45:20,7445174,3724.000,2696.000,6999.000,-72.000,27.000,-57.000,0.000,1.010,1
2026-01-31 17:45:20,7445214,3744.000,2874.000,7223.000,63.000,6.000,-70.000,0.000,1.010,1
2026-01-31 17:45:20,7445254,3673.000,2657.000,7014.000,-135.000,41.000,-50.000,0.000,1.010,1
2026-01-31 17:45:20,7445294,3701.000,2640.000,7074.000,-29.000,19.000,-59.000,0.000,1.010,1
2026-01-31 17:45:20,7445337,3675.000,2586.000,7062.000,-26.000,20.000,-57.000,0.000,1.010,1
2026-01-31 17:45:20,7445376,3714.000,2704.000,7109.000,50.000,-11.000,-77.000,0.000,1.010,1
2026-01-31 17:45:20,7445414,3694.000,2659.000,7062.000,-38.000,15.000,-69.000,0.000,1.010,1
2026-01-31 17:45:20,7445454,3652.000,2654.000,7080.000,-6.000,11.000,-54.000,0.000,1.010,1
2026-01-31 17:45:20,7445494,3593.000,2590.000,7104.000,-63.000,42.000,-20.000,0.000,1.010,1
2026-01-31 17:45:20,7445534,3560.000,2456.000,7079.000,-90.000,34.000,-17.000,0.000,1.010,1
2026-01-31 17:45:20,7445577,3513.000,2058.000,7313.000,-161.000,165.000,-23.000,0.000,1.010,1
2026-01-31 17:45:20,7445614,3425.000,1802.000,7395.000,-240.000,232.000,20.000,0.000,1.010,1
2026-01-31 17:45:20,7445654,3162.000,1355.000,7645.000,-177.000,273.000,83.000,0.000,1.010,1
2026-01-31 17:45:20,7445694,2820.000,1164.000,7803.000,-135.000,203.000,143.000,0.000,1.010,1
2026-01-31 17:45:21,7445734,2578.000,1294.000,7836.000,-97.000,51.000,149.000,0.000,1.010,1
2026-01-31 17:45:21,7445774,2711.000,1710.000,7643.000,-57.000,-76.000,55.000,0.000,1.010,1
2026-01-31 17:45:21,7445814,3128.000,1726.000,7544.000,-68.000,-124.000,-97.000,0.000,5.510,1
2026-01-31 17:45:21,7445854,3242.000,1670.000,7497.000,-17.000,-43.000,-147.000,0.000,5.510,1
2026-01-31 17:45:21,7445894,3226.000,1640.000,7547.000,77.000,38.000,-148.000,0.000,5.510,1
2026-01-31 17:45:21,7445934,3149.000,1557.000,7640.000,17.000,62.000,-90.000,0.000,5.510,1
2026-01-31 17:45:21,7445974,3066.000,1540.000,7806.000,26.000,51.000,-43.000,0.000,5.510,1
2026-01-31 17:45:21,7446014,2985.000,1459.000,7847.000,-41.000,-4.000,35.000,0.000,5.510,1
2026-01-31 17:45:21,7446054,3044.000,1637.000,7787.000,-43.000,-46.000,75.000,0.000,5.510,1
2026-01-31 17:45:21,7446094,3109.000,1639.000,7682.000,-12.000,-42.000,46.000,0.000,5.510,1
2026-01-31 17:45:21,7446134,3104.000,1635.000,7605.000,17.000,-11.000,-15.000,0.000,5.510,1
2026-01-31 17:45:21,7446174,3108.000,1598.000,7590.000,76.000,0.000,-89.000,0.000,5.510,1
2026-01-31 17:45:21,7446214,3107.000,1493.000,7594.000,-3.000,22.000,-88.000,0.000,5.510,1
2026-01-31 17:45:21,7446254,3058.000,1497.000,7579.000,-13.000,0.000,-65.000,0.000,5.510,1
2026-01-31 17:45:21,7446294,3058.000,1517.000,7505.000,-65.000,-45.000,-10.000,0.000,5.510,1
2026-01-31 17:45:21,7446334,3162.000,1531.000,7408.000,-57.000,-37.000,21.000,0.000,5.510,1
2026-01-31 17:45:21,7446374,3135.000,1528.000,7516.000,61.000,38.000,20.000,0.000,5.510,1
2026-01-31 17:45:21,7446414,3006.000,1522.000,7580.000,35.000,68.000,25.000,0.000,5.510,1
2026-01-31 17:45:21,7446454,2898.000,1588.000,7750.000,69.000,58.000,22.000,0.000,5.510,1
2026-01-31 17:45:21,7446494,2874.000,1497.000,7750.000,-38.000,70.000,18.000,0.000,5.510,1
2026-01-31 17:45:21,7446534,2875.000,1511.000,7741.000,-6.000,37.000,-10.000,0.000,5.510,1
2026-01-31 17:45:21,7446574,2920.000,1432.000,7842.000,-13.000,1.000,-28.000,0.000,5.510,1
2026-01-31 17:45:21,7446614,2849.000,1335.000,7813.000,-73.000,9.000,-13.000,0.000,5.510,1
2026-01-31 17:45:21,7446654,2851.000,1384.000,7692.000,-79.000,-21.000,-14.000,0.000,5.510,1
2026-01-31 17:45:21,7446694,2859.000,1362.000,7613.000,-69.000,-56.000,0.000,0.000,5.510,1
2026-01-31 17:45:22,7446734,2959.000,1411.000,7687.000,-4.000,-21.000,-4.000,0.000,5.510,1
2026-01-31 17:45:22,7446774,2943.000,1414.000,7744.000,46.000,26.000,-13.000,0.000,5.510,1
2026-01-31 17:45:22,7446814,2857.000,1485.000,7864.000,25.000,16.000,2.000,0.000,4.950,1
2026-01-31 17:45:22,7446854,2867.000,1405.000,7887.000,-20.000,-6.000,12.000,0.000,4.950,1
2026-01-31 17:45:22,7446894,2850.000,1254.000,7798.000,-89.000,-11.000,-10.000,0.000,4.950,1
2026-01-31 17:45:22,7446934,2840.000,1169.000,7733.000,-92.000,-77.000,-42.000,0.000,4.950,1
2026-01-31 17:45:22,7446974,2940.000,1229.000,7709.000,-61.000,-72.000,-45.000,0.000,4.950,1
2026-01-31 17:45:22,7447014,2953.000,1284.000,7756.000,-10.000,-80.000,-33.000,0.000,4.950,1
2026-01-31 17:45:22,7447054,2864.000,1219.000,7775.000,-51.000,-45.000,10.000,0.000,4.950,1
2026-01-31 17:45:22,7447094,2789.000,1211.000,7741.000,-50.000,-26.000,38.000,0.000,4.950,1
2026-01-31 17:45:22,7447134,2786.000,1213.000,7800.000,-21.000,-37.000,25.000,0.000,4.950,1
2026-01-31 17:45:22,7447174,2740.000,1101.000,7761.000,-79.000,-41.000,12.000,0.000,4.950,1
2026-01-31 17:45:22,7447214,2720.000,1070.000,7839.000,-48.000,-72.000,-9.000,0.000,4.950,1
2026-01-31 17:45:22,7447254,2853.000,1217.000,7856.000,-25.000,-66.000,-37.000,0.000,4.950,1
2026-01-31 17:45:22,7447294,2901.000,1231.000,7895.000,-2.000,-77.000,-59.000,0.000,4.950,1
2026-01-31 17:45:22,7447334,2874.000,1076.000,7822.000,-46.000,-55.000,-41.000,0.000,4.950,1
2026-01-31 17:45:22,7447377,2898.000,1033.000,7877.000,-55.000,-25.000,-8.000,0.000,4.950,1
2026-01-31 17:45:22,7447419,2798.000,1072.000,7871.000,-43.000,-23.000,16.000,0.000,4.950,1
2026-01-31 17:45:22,7447454,2810.000,1112.000,7891.000,-30.000,-52.000,14.000,0.000,4.950,1
2026-01-31 17:45:22,7447494,2846.000,1153.000,7809.000,-53.000,-48.000,-1.000,0.000,4.950,1
2026-01-31 17:45:22,7447534,2780.000,1085.000,7712.000,-52.000,-52.000,-15.000,0.000,4.950,1
2026-01-31 17:45:22,7447577,2841.000,1173.000,7894.000,3.000,-30.000,-7.000,0.000,4.950,1
2026-01-31 17:45:22,7447614,2821.000,1206.000,7909.000,0.000,-12.000,-14.000,0.000,4.950,1
2026-01-31 17:45:22,7447654,2810.000,1107.000,7830.000,-95.000,-29.000,-14.000,0.000,4.950,1
2026-01-31 17:45:22,7447694,2745.000,1101.000,7741.000,-54.000,-68.000,-9.000,0.000,4.950,1
2026-01-31 17:45:23,7447734,2818.000,1130.000,7781.000,-28.000,-74.000,-15.000,0.000,4.950,1
2026-01-31 17:45:23,7447774,2824.000,1117.000,7757.000,-20.000,-44.000,-25.000,0.000,4.950,1
2026-01-31 17:45:23,7447814,2830.000,1081.000,7788.000,-38.000,-44.000,-23.000,0.000,2.560,1
2026-01-31 17:45:23,7447854,2853.000,1104.000,7806.000,-10.000,-24.000,-32.000,0.000,2.560,1
2026-01-31 17:45:23,7447894,2822.000,1107.000,7796.000,-34.000,-50.000,-20.000,0.000,2.560,1
2026-01-31 17:45:23,7447934,2827.000,1038.000,7733.000,-81.000,-34.000,-18.000,0.000,2.560,1
2026-01-31 17:45:23,7447974,2767.000,995.000,7603.000,-72.000,-32.000,-14.000,0.000,2.560,1
2026-01-31 17:45:23,7448014,2856.000,1048.000,7711.000,3.000,-21.000,-16.000,0.000,2.560,1
2026-01-31 17:45:23,7448054,2855.000,997.000,7698.000,-5.000,25.000,-39.000,0.000,2.560,1
2026-01-31 17:45:23,7448094,2891.000,1137.000,7881.000,81.000,5.000,-36.000,0.000,2.560,1
2026-01-31 17:45:23,7448134,2911.000,1063.000,7790.000,-31.000,40.000,-46.000,0.000,2.560,1
2026-01-31 17:45:23,7448174,2879.000,1122.000,7796.000,8.000,4.000,-40.000,0.000,2.560,1
2026-01-31 17:45:23,7448214,2867.000,1113.000,7835.000,-21.000,47.000,-26.000,0.000,2.560,1
2026-01-31 17:45:23,7448254,2821.000,1040.000,7810.000,-8.000,32.000,-25.000,0.000,2.560,1
2026-01-31 17:45:23,7448294,2859.000,1062.000,7883.000,-5.000,47.000,-37.000,0.000,2.560,1
2026-01-31 17:45:23,7448334,2892.000,1127.000,7969.000,52.000,36.000,-51.000,0.000,2.560,1
2026-01-31 17:45:23,7448374,2905.000,1158.000,8069.000,32.000,51.000,-66.000,0.000,2.560,1
2026-01-31 17:45:23,7448414,2801.000,1085.000,7890.000,-40.000,27.000,-49.000,0.000,2.560,1
2026-01-31 17:45:23,7448454,2823.000,1075.000,7921.000,71.000,34.000,-55.000,0.000,2.560,1
2026-01-31 17:45:23,7448494,2640.000,1086.000,7847.000,6.000,-12.000,-42.000,0.000,2.560,1
2026-01-31 17:45:23,7448534,2831.000,1288.000,7990.000,80.000,19.000,-54.000,0.000,2.560,1
2026-01-31 17:45:23,7448574,2668.000,1063.000,7738.000,-51.000,15.000,-72.000,0.000,2.560,1
2026-01-31 17:45:23,7448614,2719.000,1316.000,7871.000,84.000,-31.000,-68.000,0.000,2.560,1
2026-01-31 17:45:23,7448654,2610.000,1092.000,7545.000,-119.000,-28.000,-56.000,0.000,2.560,1
2026-01-31 17:45:23,7448694,2644.000,1311.000,7709.000,61.000,-66.000,-49.000,0.000,2.560,1
2026-01-31 17:45:24,7448734,2606.000,1127.000,7667.000,-66.000,11.000,-39.000,0.000,2.560,1
2026-01-31 17:45:24,7448774,2524.000,1232.000,7644.000,-8.000,-43.000,-41.000,0.000,2.560,1
2026-01-31 17:45:24,7448814,2659.000,1209.000,7666.000,-47.000,-23.000,-58.000,0.000,2.150,1
2026-01-31 17:45:24,7448854,2772.000,1294.000,7794.000,23.000,-26.000,-111.000,0.000,2.150,1
2026-01-31 17:45:24,7448894,2832.000,1081.000,7794.000,-103.000,-15.000,-111.000,0.000,2.150,1
2026-01-31 17:45:24,7448934,2860.000,1295.000,7893.000,-15.000,-18.000,-102.000,0.000,2.150,1
2026-01-31 17:45:24,7448974,2847.000,1104.000,7903.000,-88.000,-8.000,-64.000,0.000,2.150,1
2026-01-31 17:45:24,7449014,2809.000,1200.000,7943.000,-64.000,-5.000,-39.000,0.000,2.150,1
2026-01-31 17:45:24,7449054,2907.000,1234.000,8138.000,25.000,-16.000,-23.000,0.000,2.150,1
2026-01-31 17:45:24,7449094,2873.000,1174.000,7962.000,-117.000,13.000,-42.000,0.000,2.150,1
2026-01-31 17:45:24,7449134,2808.000,1241.000,8130.000,82.000,-26.000,-60.000,0.000,2.150,1
2026-01-31 17:45:24,7449174,2702.000,1017.000,7792.000,-199.000,6.000,-50.000,0.000,2.150,1
2026-01-31 17:45:24,7449214,2895.000,1291.000,8004.000,146.000,-52.000,-94.000,0.000,2.150,1
2026-01-31 17:45:24,7449254,2715.000,1045.000,7726.000,-80.000,-65.000,-102.000,0.000,2.150,1
2026-01-31 17:45:24,7449294,2896.000,1359.000,7866.000,6.000,-53.000,-101.000,0.000,2.150,1
2026-01-31 17:45:24,7449334,2751.000,970.000,7535.000,-120.000,-43.000,-75.000,0.000,2.150,1
2026-01-31 17:45:24,7449376,2843.000,1312.000,7761.000,62.000,-13.000,-91.000,0.000,2.150,1
2026-01-31 17:45:24,7449415,2772.000,1146.000,7757.000,16.000,1.000,-63.000,0.000,2.150,1
2026-01-31 17:45:24,7449457,2709.000,1169.000,7750.000,-166.000,2.000,-38.000,0.000,2.150,1
2026-01-31 17:45:24,7449494,2676.000,1203.000,7730.000,-72.000,-17.000,-45.000,0.000,2.150,1
2026-01-31 17:45:24,7449534,2594.000,1280.000,7621.000,-98.000,-17.000,-51.000,0.000,2.150,1
2026-01-31 17:45:24,7449577,2743.000,1219.000,7728.000,-5.000,12.000,-99.000,0.000,2.150,1
2026-01-31 17:45:24,7449616,2718.000,1250.000,7711.000,-60.000,16.000,-113.000,0.000,2.150,1
2026-01-31 17:45:24,7449654,2731.000,1222.000,7646.000,-92.000,-40.000,-111.000,0.000,2.150,1
2026-01-31 17:45:24,7449694,2794.000,1282.000,7593.000,-93.000,-43.000,-94.000,0.000,2.150,1
2026-01-31 17:45:25,7449734,2825.000,1247.000,7735.000,-14.000,-18.000,-60.000,0.000,2.150,1
2026-01-31 17:45:25,7449774,2809.000,1218.000,7761.000,-55.000,52.000,-44.000,0.000,2.150,1
2026-01-31 17:45:25,7449814,2768.000,1459.000,7985.000,96.000,-5.000,-40.000,0.000,0.300,1
2026-01-31 17:45:25,7449854,2877.000,1357.000,7977.000,-55.000,-11.000,-60.000,0.000,0.300,1
2026-01-31 17:45:25,7449894,2914.000,1438.000,7965.000,14.000,-47.000,-106.000,0.000,0.300,1
2026-01-31 17:45:25,7449934,2853.000,1222.000,7853.000,-60.000,-64.000,-91.000,0.000,0.300,1
2026-01-31 17:45:25,7449974,3058.000,1314.000,7915.000,143.000,-10.000,-100.000,0.000,0.300,1
2026-01-31 17:45:25,7450014,2869.000,1464.000,7992.000,55.000,-99.000,-78.000,0.000,0.300,1
2026-01-31 17:45:25,7450054,3005.000,1436.000,7798.000,-98.000,-78.000,-67.000,0.000,0.300,1
2026-01-31 17:45:25,7450094,3030.000,1478.000,7755.000,29.000,-99.000,-83.000,0.000,0.300,1
2026-01-31 17:45:25,7450134,3055.000,1466.000,7772.000,-20.000,-27.000,-71.000,0.000,0.300,1
2026-01-31 17:45:25,7450174,2877.000,1403.000,7551.000,-43.000,-37.000,-65.000,0.000,0.300,1
2026-01-31 17:45:25,7450214,2948.000,1607.000,7677.000,10.000,-37.000,-64.000,0.000,0.300,1
2026-01-31 17:45:25,7450254,2826.000,1354.000,7464.000,-121.000,-25.000,-34.000,0.000,0.300,1
2026-01-31 17:45:25,7450294,2955.000,1591.000,7626.000,-16.000,-25.000,-34.000,0.000,0.300,1
2026-01-31 17:45:25,7450334,2720.000,1369.000,7339.000,-179.000,31.000,-14.000,0.000,0.300,1
2026-01-31 17:45:25,7450374,2763.000,1799.000,7626.000,61.000,-27.000,15.000,0.000,0.300,1
2026-01-31 17:45:25,7450414,2587.000,1096.000,7343.000,-253.000,5.000,11.000,0.000,0.300,1
2026-01-31 17:45:25,7450454,2896.000,1675.000,7803.000,117.000,-56.000,-44.000,0.000,0.300,1
2026-01-31 17:45:25,7450494,2967.000,1514.000,7937.000,-4.000,23.000,-89.000,0.000,0.300,1
2026-01-31 17:45:25,7450534,2934.000,1558.000,7871.000,-82.000,-97.000,-89.000,0.000,0.300,1
2026-01-31 17:45:25,7450574,3126.000,1660.000,7974.000,-62.000,-85.000,-84.000,0.000,0.300,1
2026-01-31 17:45:25,7450614,3022.000,1389.000,7805.000,-131.000,-101.000,-50.000,0.000,0.300,1
2026-01-31 17:45:25,7450654,3176.000,1463.000,7852.000,-68.000,-56.000,-50.000,0.000,0.300,1
2026-01-31 17:45:25,7450694,2910.000,1333.000,7620.000,-94.000,-57.000,-23.000,0.000,0.300,1
2026-01-31 17:45:26,7450734,3034.000,1511.000,7669.000,39.000,-101.000,-24.000,0.000,0.300,1
2026-01-31 17:45:26,7450774,2752.000,1099.000,7165.000,-231.000,-84.000,-28.000,0.000,0.300,1
2026-01-31 17:45:26,7450814,2953.000,1358.000,7482.000,47.000,-105.000,-38.000,0.000,2.250,1
2026-01-31 17:45:26,7450854,3199.000,1580.000,7790.000,167.000,30.000,-101.000,0.000,2.250,1
2026-01-31 17:45:26,7450894,2810.000,1089.000,7164.000,-295.000,-55.000,-78.000,0.000,2.250,1
2026-01-31 17:45:26,7450934,3050.000,1692.000,7494.000,153.000,-47.000,-95.000,0.000,2.250,1
2026-01-31 17:45:26,7450974,3088.000,1200.000,7280.000,-131.000,37.000,-59.000,0.000,2.250,1
2026-01-31 17:45:26,7451014,3378.000,1736.000,8079.000,252.000,106.000,-121.000,0.000,2.250,1
2026-01-31 17:45:26,7451054,2896.000,1144.000,7420.000,-241.000,154.000,-69.000,0.000,2.250,1
2026-01-31 17:45:26,7451094,3082.000,1932.000,8129.000,227.000,-15.000,-45.000,0.000,2.250,1
2026-01-31 17:45:26,7451134,2986.000,1381.000,7872.000,42.000,146.000,-55.000,0.000,2.250,1
2026-01-31 17:45:26,7451174,3034.000,1749.000,8231.000,51.000,73.000,-27.000,0.000,2.250,1
2026-01-31 17:45:26,7451214,2916.000,1397.000,8029.000,-55.000,133.000,-27.000,0.000,2.250,1
2026-01-31 17:45:26,7451254,2799.000,1784.000,8260.000,141.000,2.000,-36.000,0.000,2.250,1
2026-01-31 17:45:26,7451294,2859.000,1492.000,7967.000,-111.000,24.000,-53.000,0.000,2.250,1
2026-01-31 17:45:26,7451335,2652.000,1632.000,7833.000,2.000,-45.000,-47.000,0.000,2.250,1
2026-01-31 17:45:26,7451374,2704.000,1591.000,7757.000,-4.000,-42.000,-70.000,0.000,2.250,1
2026-01-31 17:45:26,7451414,2597.000,1566.000,7574.000,-20.000,-70.000,-82.000,0.000,2.250,1
2026-01-31 17:45:26,7451454,2805.000,1713.000,7557.000,12.000,-91.000,-98.000,0.000,2.250,1
2026-01-31 17:45:26,7451494,2677.000,1481.000,7282.000,-87.000,-74.000,-123.000,0.000,2.250,1
2026-01-31 17:45:26,7451534,2827.000,1577.000,7376.000,-25.000,-79.000,-90.000,0.000,2.250,1
2026-01-31 17:45:26,7451574,2884.000,1443.000,7330.000,-31.000,-17.000,-117.000,0.000,2.250,1
2026-01-31 17:45:26,7451614,2895.000,1537.000,7619.000,65.000,-67.000,-93.000,0.000,2.250,1
2026-01-31 17:45:26,7451654,2974.000,1492.000,7476.000,-127.000,-26.000,-105.000,0.000,2.250,1
2026-01-31 17:45:26,7451694,2921.000,1586.000,7500.000,37.000,-77.000,-84.000,0.000,2.250,1
2026-01-31 17:45:27,7451734,2908.000,1342.000,7223.000,-232.000,7.000,-59.000,0.000,2.250,1
2026-01-31 17:45:27,7451774,3105.000,1861.000,8083.000,343.000,-37.000,-33.000,0.000,2.250,1
2026-01-31 17:45:27,7451814,2959.000,1400.000,7558.000,-385.000,215.000,-59.000,0.000,-2.120,1
2026-01-31 17:45:27,7451854,2869.000,1614.000,7997.000,266.000,-150.000,-66.000,0.000,-2.120,1
2026-01-31 17:45:27,7451894,3108.000,1091.000,7683.000,-377.000,31.000,-100.000,0.000,-2.120,1
2026-01-31 17:45:27,7451934,3133.000,1573.000,8103.000,84.000,-17.000,-110.000,0.000,-2.120,1
2026-01-31 17:45:27,7451974,3202.000,1650.000,7928.000,-111.000,95.000,-139.000,0.000,-2.120,1
2026-01-31 17:45:27,7452014,2791.000,1704.000,7881.000,177.000,-30.000,-102.000,0.000,-2.120,1
2026-01-31 17:45:27,7452054,3023.000,1342.000,7593.000,-337.000,25.000,-8.000,0.000,-2.120,1
2026-01-31 17:45:27,7452094,2931.000,1610.000,7731.000,175.000,45.000,-79.000,0.000,-2.120,1
2026-01-31 17:45:27,7452134,2921.000,1628.000,7746.000,-27.000,41.000,-72.000,0.000,-2.120,1
2026-01-31 17:45:27,7452174,2806.000,1705.000,7858.000,91.000,7.000,-54.000,0.000,-2.120,1
2026-01-31 17:45:27,7452214,2829.000,1639.000,7493.000,-183.000,-30.000,-51.000,0.000,-2.120,1
2026-01-31 17:45:27,7452254,2829.000,1841.000,7678.000,106.000,-47.000,-35.000,0.000,-2.120,1
2026-01-31 17:45:27,7452294,2650.000,1636.000,7558.000,-89.000,24.000,-29.000,0.000,-2.120,1
2026-01-31 17:45:27,7452334,2680.000,1864.000,7773.000,59.000,-12.000,-37.000,0.000,-2.120,1
2026-01-31 17:45:27,7452374,2712.000,1588.000,7674.000,-116.000,-29.000,-53.000,0.000,-2.120,1
2026-01-31 17:45:27,7452414,2704.000,1654.000,7589.000,-80.000,-107.000,-81.000,0.000,-2.120,1
2026-01-31 17:45:27,7452454,2780.000,1633.000,7411.000,-175.000,-83.000,-102.000,0.000,-2.120,1
2026-01-31 17:45:27,7452494,2785.000,1664.000,7383.000,-30.000,-85.000,-108.000,0.000,-2.120,1
2026-01-31 17:45:27,7452534,2896.000,1594.000,7599.000,-75.000,-36.000,-58.000,0.000,-2.120,1
2026-01-31 17:45:27,7452574,2895.000,1489.000,7418.000,-153.000,-14.000,-94.000,0.000,-2.120,1
2026-01-31 17:45:27,7452614,2995.000,1785.000,7762.000,75.000,-75.000,-79.000,0.000,-2.120,1
2026-01-31 17:45:27,7452654,3051.000,1434.000,7530.000,-125.000,4.000,-101.000,0.000,-2.120,1
2026-01-31 17:45:27,7452694,3195.000,1863.000,8066.000,154.000,-54.000,-81.000,0.000,-2.120,1
2026-01-31 17:45:28,7452734,3130.000,1420.000,7751.000,-263.000,65.000,-46.000,0.000,-2.120,1
2026-01-31 17:45:28,7452774,2935.000,1760.000,7650.000,-52.000,-55.000,-28.000,0.000,-2.120,1
2026-01-31 17:45:28,7452814,2935.000,1477.000,7712.000,-130.000,10.000,16.000,0.000,-7.280,1
2026-01-31 17:45:28,7452854,2975.000,1434.000,7637.000,-59.000,53.000,-36.000,0.000,-7.280,1
2026-01-31 17:45:28,7452894,3119.000,1590.000,8137.000,103.000,20.000,-88.000,0.000,-7.280,1
2026-01-31 17:45:28,7452934,2970.000,1451.000,7659.000,-188.000,26.000,-116.000,0.000,-7.280,1
2026-01-31 17:45:28,7452974,2984.000,1758.000,7844.000,76.000,-81.000,-111.000,0.000,-7.280,1
2026-01-31 17:45:28,7453014,3077.000,1567.000,7834.000,-73.000,10.000,-52.000,0.000,-7.280,1
2026-01-31 17:45:28,7453054,2733.000,1505.000,7568.000,-135.000,-21.000,-5.000,0.000,-7.280,1
2026-01-31 17:45:28,7453094,2613.000,1324.000,7339.000,-119.000,-36.000,35.000,0.000,-7.280,1
2026-01-31 17:45:28,7453134,2761.000,1676.000,7921.000,212.000,-36.000,8.000,0.000,-7.280,1
2026-01-31 17:45:28,7453174,2686.000,1437.000,7654.000,-118.000,-15.000,-43.000,0.000,-7.280,1
2026-01-31 17:45:28,7453214,2671.000,1860.000,7808.000,162.000,-134.000,-116.000,0.000,-7.280,1
2026-01-31 17:45:28,7453254,2892.000,1583.000,7709.000,-95.000,-151.000,-117.000,0.000,-7.280,1
2026-01-31 17:45:28,7453294,3117.000,1856.000,7881.000,85.000,-128.000,-164.000,0.000,-7.280,1
2026-01-31 17:45:28,7453337,2908.000,1318.000,7465.000,-252.000,-99.000,-106.000,0.000,-7.280,1
2026-01-31 17:45:28,7453376,3017.000,1862.000,7720.000,88.000,-120.000,-69.000,0.000,-7.280,1
2026-01-31 17:45:28,7453414,2980.000,1376.000,7541.000,-264.000,-89.000,-17.000,0.000,-7.280,1
2026-01-31 17:45:28,7453454,3166.000,1847.000,7848.000,67.000,-124.000,-46.000,0.000,-7.280,1
2026-01-31 17:45:28,7453494,3089.000,1544.000,7553.000,-141.000,-51.000,-69.000,0.000,-7.280,1
2026-01-31 17:45:28,7453534,2967.000,1426.000,7400.000,-97.000,-120.000,-53.000,0.000,-7.280,1
2026-01-31 17:45:28,7453577,3197.000,1575.000,7787.000,29.000,55.000,-91.000,0.000,-7.280,1
2026-01-31 17:45:28,7453614,2977.000,1452.000,7673.000,-75.000,25.000,-95.000,0.000,-7.280,1
2026-01-31 17:45:28,7453654,3017.000,1800.000,7813.000,24.000,-139.000,-93.000,0.000,-7.280,1
2026-01-31 17:45:28,7453694,3190.000,1701.000,7488.000,-159.000,-83.000,-83.000,0.000,-7.280,1
2026-01-31 17:45:29,7453734,3400.000,2035.000,7921.000,154.000,-76.000,-96.000,0.000,-7.280,1
2026-01-31 17:45:29,7453774,3185.000,1701.000,7638.000,-160.000,72.000,-35.000,0.000,-7.280,1
2026-01-31 17:45:29,7453814,2754.000,1502.000,7194.000,-139.000,-56.000,36.000,0.000,-12.670,1
2026-01-31 17:45:29,7453854,2878.000,1387.000,7379.000,-140.000,55.000,67.000,0.000,-12.670,1
2026-01-31 17:45:29,7453894,2578.000,1307.000,7286.000,-66.000,21.000,0.000,0.000,-12.670,1
2026-01-31 17:45:29,7453934,2568.000,1494.000,7192.000,-137.000,-77.000,11.000,0.000,-12.670,1
2026-01-31 17:45:29,7453974,2769.000,1374.000,7081.000,-59.000,-34.000,-17.000,0.000,-12.670,1
2026-01-31 17:45:29,7454014,2993.000,1559.000,7448.000,91.000,17.000,-81.000,0.000,-12.670,1
2026-01-31 17:45:29,7454054,2911.000,1476.000,7558.000,35.000,1.000,-111.000,0.000,-12.670,1
2026-01-31 17:45:29,7454094,2912.000,1615.000,7566.000,-37.000,-11.000,-86.000,0.000,-12.670,1
2026-01-31 17:45:29,7454134,3260.000,1574.000,8003.000,136.000,31.000,-83.000,0.000,-12.670,1
2026-01-31 17:45:29,7454174,3345.000,1586.000,8094.000,9.000,85.000,-104.000,0.000,-12.670,1
2026-01-31 17:45:29,7454214,3302.000,1695.000,7978.000,-62.000,21.000,-47.000,0.000,-12.670,1
2026-01-31 17:45:29,7454254,3090.000,1587.000,7711.000,-139.000,-1.000,29.000,0.000,-12.670,1
2026-01-31 17:45:29,7454294,3146.000,1829.000,8077.000,59.000,34.000,79.000,0.000,-12.670,1
2026-01-31 17:45:29,7454334,2761.000,1173.000,7386.000,-351.000,157.000,65.000,0.000,-12.670,1
2026-01-31 17:45:29,7454374,2600.000,1217.000,7209.000,-58.000,-73.000,23.000,0.000,-12.670,1
2026-01-31 17:45:29,7454414,3226.000,1396.000,7851.000,130.000,91.000,-67.000,0.000,-12.670,1
2026-01-31 17:45:29,7454454,3412.000,1470.000,8215.000,261.000,160.000,-206.000,0.000,-12.670,1
2026-01-31 17:45:29,7454494,3220.000,1735.000,8413.000,129.000,-39.000,-186.000,0.000,-12.670,1
2026-01-31 17:45:29,7454534,3094.000,1749.000,8039.000,-126.000,-65.000,-51.000,0.000,-12.670,1
2026-01-31 17:45:29,7454574,3195.000,1512.000,7818.000,-130.000,89.000,54.000,0.000,-12.670,1
2026-01-31 17:45:29,7454614,2758.000,1412.000,7623.000,70.000,12.000,49.000,0.000,-12.670,1
2026-01-31 17:45:29,7454654,2798.000,1556.000,7710.000,14.000,-28.000,45.000,0.000,-12.670,1
2026-01-31 17:45:29,7454694,2874.000,1695.000,7728.000,166.000,-34.000,-34.000,0.000,-12.670,1
2026-01-31 17:45:30,7454734,2788.000,1893.000,7668.000,21.000,-66.000,-48.000,0.000,-12.670,1
2026-01-31 17:45:30,7454774,2446.000,1398.000,6812.000,-341.000,-104.000,-20.000,0.000,-12.670,1
2026-01-31 17:45:30,7454814,2443.000,1643.000,6620.000,-66.000,-182.000,26.000,0.000,-7.300,1
2026-01-31 17:45:30,7454854,2715.000,1585.000,7111.000,53.000,16.000,32.000,0.000,-7.300,1
2026-01-31 17:45:30,7454894,2594.000,1172.000,7245.000,-22.000,99.000,-31.000,0.000,-7.300,1
2026-01-31 17:45:30,7454934,2752.000,1681.000,7618.000,134.000,-62.000,-69.000,0.000,-7.300,1
2026-01-31 17:45:30,7454974,3198.000,1754.000,7818.000,128.000,-37.000,-130.000,0.000,-7.300,1
2026-01-31 17:45:30,7455014,3277.000,1660.000,8013.000,-11.000,-33.000,-107.000,0.000,-7.300,1
2026-01-31 17:45:30,7455054,3243.000,1638.000,7972.000,-92.000,-27.000,-78.000,0.000,-7.300,1
2026-01-31 17:45:30,7455094,3194.000,1549.000,7920.000,-126.000,-18.000,-7.000,0.000,-7.300,1
2026-01-31 17:45:30,7455134,3186.000,1545.000,7935.000,-57.000,-2.000,35.000,0.000,-7.300,1
2026-01-31 17:45:30,7455174,3023.000,1411.000,7839.000,-135.000,-2.000,36.000,0.000,-7.300,1
2026-01-31 17:45:30,7455214,2899.000,1270.000,7416.000,-184.000,-42.000,34.000,0.000,-7.300,1
2026-01-31 17:45:30,7455254,2997.000,1583.000,7730.000,81.000,-63.000,22.000,0.000,-7.300,1
2026-01-31 17:45:30,7455294,2938.000,1339.000,7501.000,-85.000,29.000,-26.000,0.000,-7.300,1
2026-01-31 17:45:30,7455334,3015.000,1756.000,8001.000,194.000,-36.000,-55.000,0.000,-7.300,1
2026-01-31 17:45:30,7455374,2951.000,1287.000,7518.000,-167.000,-26.000,-65.000,0.000,-7.300,1
2026-01-31 17:45:30,7455414,3027.000,1615.000,7772.000,83.000,-94.000,-73.000,0.000,-7.300,1
2026-01-31 17:45:30,7455454,3104.000,1547.000,7822.000,18.000,-6.000,-63.000,0.000,-7.300,1
2026-01-31 17:45:30,7455494,3078.000,1608.000,7714.000,12.000,-60.000,-48.000,0.000,-7.300,1
2026-01-31 17:45:30,7455534,3122.000,1730.000,7841.000,31.000,25.000,-25.000,0.000,-7.300,1
2026-01-31 17:45:30,7455580,2898.000,1767.000,7674.000,147.000,-68.000,7.000,0.000,-7.300,1
2026-01-31 17:45:30,7455614,3016.000,1609.000,7592.000,-44.000,-15.000,3.000,0.000,-7.300,1
2026-01-31 17:45:30,7455654,2903.000,1456.000,7479.000,26.000,6.000,-41.000,0.000,-7.300,1
2026-01-31 17:45:30,7455694,2807.000,1570.000,7353.000,-35.000,-30.000,-23.000,0.000,-7.300,1
2026-01-31 17:45:31,7455734,2805.000,1502.000,7458.000,61.000,-51.000,-19.000,0.000,-7.300,1
2026-01-31 17:45:31,7455774,3013.000,1456.000,7522.000,-72.000,41.000,-28.000,0.000,-7.300,1
2026-01-31 17:45:31,7455814,3077.000,1704.000,7935.000,225.000,26.000,-91.000,0.000,-3.760,1
2026-01-31 17:45:31,7455854,2983.000,1557.000,7741.000,-123.000,-32.000,-35.000,0.000,-3.760,1
2026-01-31 17:45:31,7455894,3110.000,1774.000,7915.000,45.000,-52.000,-10.000,0.000,-3.760,1
2026-01-31 17:45:31,7455934,2938.000,1463.000,7578.000,-207.000,-16.000,15.000,0.000,-3.760,1
2026-01-31 17:45:31,7455974,2761.000,1471.000,7656.000,6.000,-52.000,33.000,0.000,-3.760,1
2026-01-31 17:45:31,7456014,2860.000,1413.000,7606.000,-77.000,0.000,5.000,0.000,-3.760,1
2026-01-31 17:45:31,7456054,2959.000,1614.000,7871.000,140.000,-42.000,-61.000,0.000,-3.760,1
2026-01-31 17:45:31,7456094,2921.000,1506.000,7627.000,-80.000,-59.000,-84.000,0.000,-3.760,1
2026-01-31 17:45:31,7456134,3012.000,1664.000,7666.000,0.000,-85.000,-54.000,0.000,-3.760,1
2026-01-31 17:45:31,7456174,3131.000,1413.000,7468.000,-145.000,-23.000,-41.000,0.000,-3.760,1
2026-01-31 17:45:31,7456214,3040.000,1533.000,7623.000,40.000,-25.000,-43.000,0.000,-3.760,1
2026-01-31 17:45:31,7456254,3081.000,1472.000,7534.000,-43.000,-25.000,-25.000,0.000,-3.760,1
2026-01-31 17:45:31,7456294,2992.000,1415.000,7679.000,29.000,-49.000,-7.000,0.000,-3.760,1
2026-01-31 17:45:31,7456334,3097.000,1456.000,7429.000,-95.000,23.000,-20.000,0.000,-3.760,1
2026-01-31 17:45:31,7456374,2952.000,1663.000,7900.000,252.000,0.000,-17.000,0.000,-3.760,1
2026-01-31 17:45:31,7456414,2844.000,1384.000,7423.000,-234.000,70.000,-5.000,0.000,-3.760,1
2026-01-31 17:45:31,7456454,2755.000,1415.000,7317.000,23.000,-86.000,-26.000,0.000,-3.760,1
2026-01-31 17:45:31,7456494,3151.000,1351.000,7630.000,-92.000,66.000,-97.000,0.000,-3.760,1
2026-01-31 17:45:31,7456534,3153.000,1948.000,8066.000,333.000,-35.000,-125.000,0.000,-3.760,1
2026-01-31 17:45:31,7456574,3167.000,1736.000,7924.000,-144.000,46.000,-33.000,0.000,-3.760,1
2026-01-31 17:45:31,7456614,2879.000,1619.000,7443.000,-92.000,-44.000,-19.000,0.000,-3.760,1
2026-01-31 17:45:31,7456654,2992.000,1861.000,7797.000,39.000,-13.000,55.000,0.000,-3.760,1
2026-01-31 17:45:31,7456694,2799.000,1543.000,7565.000,-86.000,97.000,-3.000,0.000,-3.760,1
2026-01-31 17:45:32,7456734,2600.000,1457.000,7374.000,-193.000,-57.000,-2.000,0.000,-3.760,1
2026-01-31 17:45:32,7456774,3039.000,1795.000,7925.000,124.000,-51.000,-47.000,0.000,-3.760,1
2026-01-31 17:45:32,7456814,2909.000,1373.000,7325.000,-263.000,14.000,-119.000,0.000,7.050,1
2026-01-31 17:45:32,7456854,2920.000,1562.000,7523.000,25.000,-85.000,-91.000,0.000,7.050,1
2026-01-31 17:45:32,7456894,2829.000,1230.000,7397.000,-91.000,-20.000,-59.000,0.000,7.050,1
2026-01-31 17:45:32,7456934,3153.000,1787.000,8063.000,180.000,17.000,-72.000,0.000,7.050,1
2026-01-31 17:45:32,7456974,2779.000,1391.000,7547.000,-140.000,-20.000,-50.000,0.000,7.050,1
2026-01-31 17:45:32,7457014,3005.000,2021.000,8068.000,179.000,-86.000,-11.000,0.000,7.050,1
2026-01-31 17:45:32,7457054,2755.000,943.000,7169.000,-426.000,9.000,-30.000,0.000,7.050,1
2026-01-31 17:45:32,7457094,3006.000,2112.000,7885.000,319.000,-169.000,-67.000,0.000,7.050,1
2026-01-31 17:45:32,7457134,3199.000,1335.000,7774.000,-199.000,120.000,-114.000,0.000,7.050,1
2026-01-31 17:45:32,7457174,2693.000,1487.000,7542.000,-34.000,-72.000,-128.000,0.000,7.050,1
2026-01-31 17:45:32,7457214,3172.000,1976.000,8225.000,90.000,-69.000,-61.000,0.000,7.050,1
2026-01-31 17:45:32,7457254,3049.000,1490.000,7590.000,-8.000,-63.000,-84.000,0.000,7.050,1
2026-01-31 17:45:32,7457294,3253.000,1753.000,8029.000,-68.000,104.000,-37.000,0.000,7.050,1
2026-01-31 17:45:32,7457334,2534.000,851.000,7098.000,-300.000,36.000,-67.000,0.000,7.050,1
2026-01-31 17:45:32,7457374,3095.000,1950.000,7966.000,192.000,-147.000,6.000,0.000,7.050,1
2026-01-31 17:45:32,7457414,3305.000,1575.000,8143.000,-24.000,242.000,-49.000,0.000,7.050,1
2026-01-31 17:45:32,7457454,2589.000,1504.000,7682.000,39.000,-24.000,-109.000,0.000,7.050,1
2026-01-31 17:45:32,7457494,2651.000,1831.000,7836.000,-108.000,-85.000,68.000,0.000,7.050,1
2026-01-31 17:45:32,7457534,2823.000,1506.000,7485.000,-56.000,-45.000,-31.000,0.000,7.050,1
2026-01-31 17:45:32,7457577,2922.000,1355.000,7507.000,-157.000,-27.000,-129.000,0.000,7.050,1
2026-01-31 17:45:32,7457614,2779.000,1687.000,7600.000,-125.000,-45.000,-127.000,0.000,7.050,1
2026-01-31 17:45:32,7457654,3086.000,1681.000,7627.000,-53.000,-39.000,-136.000,0.000,7.050,1
2026-01-31 17:45:32,7457694,2800.000,1353.000,7250.000,-182.000,-91.000,-85.000,0.000,7.050,1
2026-01-31 17:45:33,7457734,3044.000,2010.000,7626.000,153.000,-70.000,-96.000,0.000,7.050,1
2026-01-31 17:45:33,7457774,2952.000,1177.000,7363.000,-241.000,30.000,-16.000,0.000,7.050,1
2026-01-31 17:45:33,7457814,3094.000,1995.000,8041.000,262.000,-3.000,-38.000,0.000,9.620,1
2026-01-31 17:45:33,7457854,2970.000,1481.000,7873.000,-197.000,89.000,-1.000,0.000,9.620,1
2026-01-31 17:45:33,7457894,2818.000,1624.000,7819.000,-47.000,-78.000,-27.000,0.000,9.620,1
2026-01-31 17:45:33,7457934,3048.000,1440.000,7668.000,-250.000,-14.000,-16.000,0.000,9.620,1
2026-01-31 17:45:33,7457974,2955.000,1369.000,7675.000,-7.000,9.000,-83.000,0.000,9.620,1
2026-01-31 17:45:33,7458014,3079.000,1354.000,7825.000,-75.000,12.000,-92.000,0.000,9.620,1
2026-01-31 17:45:33,7458054,3131.000,1580.000,7679.000,-60.000,16.000,-102.000,0.000,9.620,1
2026-01-31 17:45:33,7458094,3083.000,1440.000,7630.000,-54.000,-17.000,-43.000,0.000,9.620,1
2026-01-31 17:45:33,7458134,3020.000,1440.000,7500.000,-72.000,48.000,-22.000,0.000,9.620,1
2026-01-31 17:45:33,7458174,2973.000,1431.000,7638.000,40.000,48.000,23.000,0.000,9.620,1
2026-01-31 17:45:33,7458214,2935.000,1642.000,7839.000,96.000,141.000,3.000,0.000,9.620,1
2026-01-31 17:45:33,7458254,2688.000,1432.000,7694.000,-22.000,-21.000,15.000,0.000,9.620,1
2026-01-31 17:45:33,7458294,3063.000,2201.000,7995.000,156.000,-4.000,-17.000,0.000,9.620,1
2026-01-31 17:45:33,7458334,2794.000,1356.000,7329.000,-279.000,-44.000,-46.000,0.000,9.620,1
2026-01-31 17:45:33,7458374,3099.000,1635.000,7712.000,72.000,-76.000,-78.000,0.000,9.620,1
2026-01-31 17:45:33,7458414,3171.000,1673.000,7624.000,-10.000,53.000,-117.000,0.000,9.620,1
2026-01-31 17:45:33,7458454,3041.000,1700.000,7682.000,-70.000,-35.000,-51.000,0.000,9.620,1
2026-01-31 17:45:33,7458494,2893.000,1509.000,7390.000,-166.000,-18.000,6.000,0.000,9.620,1
2026-01-31 17:45:33,7458534,2975.000,1546.000,7376.000,-41.000,-40.000,42.000,0.000,9.620,1
2026-01-31 17:45:33,7458574,3065.000,1592.000,7704.000,130.000,54.000,15.000,0.000,9.620,1
2026-01-31 17:45:33,7458614,2826.000,1432.000,7402.000,-97.000,6.000,8.000,0.000,9.620,1
2026-01-31 17:45:33,7458654,3014.000,1868.000,8006.000,289.000,-45.000,-33.000,0.000,9.620,1
2026-01-31 17:45:33,7458694,3016.000,1490.000,7480.000,-199.000,-34.000,-63.000,0.000,9.620,1
2026-01-31 17:45:34,7458734,3237.000,1929.000,8061.000,299.000,-106.000,-123.000,0.000,9.620,1
2026-01-31 17:45:34,7458774,3168.000,1657.000,7638.000,27.000,-102.000,-85.000,0.000,9.620,1
2026-01-31 17:45:34,7458814,3358.000,2033.000,7605.000,1.000,-82.000,-86.000,0.000,-2.620,1
2026-01-31 17:45:34,7458854,3335.000,1751.000,7585.000,77.000,-94.000,-31.000,0.000,-2.620,1
2026-01-31 17:45:34,7458894,3465.000,2182.000,7883.000,155.000,39.000,-17.000,0.000,-2.620,1
2026-01-31 17:45:34,7458934,3109.000,1762.000,7564.000,-56.000,-22.000,66.000,0.000,-2.620,1
2026-01-31 17:45:34,7458974,3116.000,2252.000,7627.000,63.000,-46.000,63.000,0.000,-2.620,1
2026-01-31 17:45:34,7459014,2995.000,1432.000,7019.000,-292.000,-74.000,100.000,0.000,-2.620,1
2026-01-31 17:45:34,7459054,3205.000,2061.000,7518.000,226.000,-58.000,29.000,0.000,-2.620,1
2026-01-31 17:45:34,7459094,3001.000,1510.000,7243.000,-201.000,70.000,24.000,0.000,-2.620,1
2026-01-31 17:45:34,7459134,2847.000,1778.000,7222.000,71.000,-90.000,-25.000,0.000,-2.620,1
2026-01-31 17:45:34,7459174,3203.000,1650.000,7136.000,-2.000,-84.000,-29.000,0.000,-2.620,1
2026-01-31 17:45:34,7459214,3190.000,1793.000,7274.000,77.000,-58.000,-46.000,0.000,-2.620,1
2026-01-31 17:45:34,7459254,3250.000,1820.000,7403.000,46.000,-13.000,-14.000,0.000,-2.620,1
2026-01-31 17:45:34,7459294,3292.000,1816.000,7275.000,-37.000,-22.000,10.000,0.000,-2.620,1
2026-01-31 17:45:34,7459337,3160.000,1562.000,7141.000,-150.000,41.000,47.000,0.000,-2.620,1
2026-01-31 17:45:34,7459376,3187.000,1690.000,7225.000,12.000,-1.000,39.000,0.000,-2.620,1
2026-01-31 17:45:34,7459414,3305.000,1601.000,7349.000,-18.000,13.000,61.000,0.000,-2.620,1
2026-01-31 17:45:34,7459454,3499.000,1951.000,7979.000,245.000,97.000,21.000,0.000,-2.620,1
2026-01-31 17:45:34,7459494,3146.000,1642.000,7798.000,-99.000,79.000,33.000,0.000,-2.620,1
2026-01-31 17:45:34,7459534,3433.000,1772.000,7721.000,-13.000,-106.000,52.000,0.000,-2.620,1
2026-01-31 17:45:34,7459577,3647.000,1376.000,7575.000,-182.000,186.000,-10.000,0.000,-2.620,1
2026-01-31 17:45:34,7459614,3354.000,1475.000,7902.000,63.000,94.000,-15.000,0.000,-2.620,1
2026-01-31 17:45:34,7459654,3243.000,1836.000,7996.000,23.000,31.000,33.000,0.000,-2.620,1
2026-01-31 17:45:34,7459694,3219.000,1539.000,7519.000,-136.000,-8.000,106.000,0.000,-2.620,1
2026-01-31 17:45:35,7459734,3312.000,1796.000,7513.000,47.000,-4.000,53.000,0.000,-2.620,1
2026-01-31 17:45:35,7459774,3108.000,1598.000,7256.000,-14.000,-29.000,78.000,0.000,-2.620,1
2026-01-31 17:45:35,7459814,3063.000,1719.000,7260.000,31.000,-4.000,57.000,0.000,-2.340,1
2026-01-31 17:45:35,7459854,3258.000,1888.000,7623.000,189.000,-12.000,51.000,0.000,-2.340,1
2026-01-31 17:45:35,7459894,3247.000,1973.000,7555.000,159.000,53.000,9.000,0.000,-2.340,1
2026-01-31 17:45:35,7459934,2902.000,1702.000,7396.000,-43.000,-64.000,58.000,0.000,-2.340,1
2026-01-31 17:45:35,7459974,3207.000,1892.000,7366.000,-45.000,-52.000,43.000,0.000,-2.340,1
2026-01-31 17:45:35,7460014,3274.000,1580.000,7355.000,-32.000,-49.000,17.000,0.000,-2.340,1
2026-01-31 17:45:35,7460054,3295.000,1823.000,7449.000,-13.000,0.000,-12.000,0.000,-2.340,1
2026-01-31 17:45:35,7460094,3213.000,1662.000,7253.000,-3.000,-73.000,20.000,0.000,-2.340,1
2026-01-31 17:45:35,7460134,3485.000,1860.000,7442.000,-17.000,10.000,38.000,0.000,-2.340,1
2026-01-31 17:45:35,7460174,3355.000,1660.000,7336.000,-4.000,39.000,42.000,0.000,-2.340,1
2026-01-31 17:45:35,7460214,3194.000,1620.000,7432.000,-10.000,1.000,75.000,0.000,-2.340,1
2026-01-31 17:45:35,7460254,3322.000,1747.000,7583.000,59.000,62.000,95.000,0.000,-2.340,1
2026-01-31 17:45:35,7460294,3246.000,1741.000,7648.000,54.000,6.000,64.000,0.000,-2.340,1
2026-01-31 17:45:35,7460334,3317.000,1889.000,7705.000,57.000,16.000,36.000,0.000,-2.340,1
2026-01-31 17:45:35,7460374,3361.000,1695.000,7547.000,-51.000,-23.000,30.000,0.000,-2.340,1
2026-01-31 17:45:35,7460414,3443.000,1793.000,7546.000,9.000,12.000,24.000,0.000,-2.340,1
2026-01-31 17:45:35,7460454,3391.000,1719.000,7546.000,37.000,-9.000,11.000,0.000,-2.340,1
2026-01-31 17:45:35,7460494,3409.000,1648.000,7601.000,18.000,-5.000,34.000,0.000,-2.340,1
2026-01-31 17:45:35,7460534,3463.000,1770.000,7593.000,58.000,30.000,34.000,0.000,-2.340,1
2026-01-31 17:45:35,7460574,3344.000,1895.000,7553.000,54.000,0.000,36.000,0.000,-2.340,1
2026-01-31 17:45:35,7460614,3327.000,1857.000,7465.000,27.000,-51.000,66.000,0.000,-2.340,1
2026-01-31 17:45:35,7460654,3362.000,2014.000,7370.000,7.000,28.000,54.000,0.000,-2.340,1
2026-01-31 17:45:35,7460694,3279.000,1977.000,7472.000,159.000,13.000,34.000,0.000,-2.340,1
2026-01-31 17:45:36,7460734,3329.000,1900.000,7414.000,-4.000,39.000,34.000,0.000,-2.340,1
2026-01-31 17:45:36,7460774,3271.000,1897.000,7296.000,-30.000,-36.000,5.000,0.000,-2.340,1
2026-01-31 17:45:36,7460814,3336.000,1952.000,7246.000,-16.000,-59.000,27.000,0.000,4.880,1
2026-01-31 17:45:36,7460854,3393.000,2034.000,7237.000,-2.000,-22.000,21.000,0.000,4.880,1
2026-01-31 17:45:36,7460894,3409.000,1977.000,7157.000,-11.000,-8.000,27.000,0.000,4.880,1
2026-01-31 17:45:36,7460934,3397.000,2033.000,7319.000,95.000,6.000,51.000,0.000,4.880,1
2026-01-31 17:45:36,7460974,3396.000,1864.000,7297.000,1.000,74.000,65.000,0.000,4.880,1
2026-01-31 17:45:36,7461014,3382.000,2139.000,7566.000,167.000,23.000,57.000,0.000,4.880,1
2026-01-31 17:45:36,7461054,3288.000,1914.000,7187.000,-85.000,-24.000,67.000,0.000,4.880,1
2026-01-31 17:45:36,7461094,3473.000,2206.000,7490.000,109.000,-56.000,51.000,0.000,4.880,1
2026-01-31 17:45:36,7461134,3471.000,1984.000,7250.000,-64.000,23.000,21.000,0.000,4.880,1
2026-01-31 17:45:36,7461174,3475.000,2214.000,7479.000,127.000,-32.000,7.000,0.000,4.880,1
2026-01-31 17:45:36,7461214,3508.000,1903.000,7203.000,-135.000,-14.000,14.000,0.000,4.880,1
2026-01-31 17:45:36,7461254,3586.000,2126.000,7436.000,104.000,-11.000,19.000,0.000,4.880,1
2026-01-31 17:45:36,7461294,3504.000,1973.000,7395.000,-46.000,72.000,57.000,0.000,4.880,1
2026-01-31 17:45:36,7461334,3386.000,2028.000,7363.000,30.000,18.000,71.000,0.000,4.880,1
2026-01-31 17:45:36,7461379,3533.000,1956.000,7420.000,-62.000,76.000,47.000,0.000,4.880,1
2026-01-31 17:45:36,7461414,3419.000,1920.000,7158.000,-68.000,39.000,12.000,0.000,4.880,1
2026-01-31 17:45:36,7461454,3728.000,2406.000,7616.000,236.000,-33.000,-25.000,0.000,4.880,1
2026-01-31 17:45:36,7461494,3534.000,1804.000,6970.000,-199.000,103.000,10.000,0.000,4.880,1
2026-01-31 17:45:36,7461534,3573.000,2365.000,7639.000,326.000,-46.000,33.000,0.000,4.880,1
2026-01-31 17:45:36,7461577,3394.000,1990.000,6910.000,-234.000,49.000,80.000,0.000,4.880,1
2026-01-31 17:45:36,7461614,3496.000,2210.000,7192.000,105.000,-96.000,66.000,0.000,4.880,1
2026-01-31 17:45:36,7461654,3598.000,2766.000,7241.000,38.000,-17.000,57.000,0.000,4.880,1
2026-01-31 17:45:36,7461694,3466.000,2317.000,6691.000,-45.000,-58.000,28.000,0.000,4.880,1
2026-01-31 17:45:37,7461734,3868.000,2957.000,7315.000,318.000,-64.000,-30.000,0.000,4.880,1
2026-01-31 17:45:37,7461774,3746.000,2468.000,6794.000,-94.000,90.000,-38.000,0.000,4.880,1
2026-01-31 17:45:37,7461814,3759.000,2935.000,7459.000,206.000,-64.000,24.000,0.000,6.710,1
2026-01-31 17:45:37,7461854,3691.000,2430.000,6873.000,-176.000,80.000,92.000,0.000,6.710,1
2026-01-31 17:45:37,7461894,3567.000,2597.000,7160.000,136.000,-45.000,98.000,0.000,6.710,1
2026-01-31 17:45:37,7461934,3674.000,2713.000,7140.000,-20.000,8.000,76.000,0.000,6.710,1
2026-01-31 17:45:37,7461974,3656.000,2432.000,6964.000,-12.000,-54.000,39.000,0.000,6.710,1
2026-01-31 17:45:37,7462014,3820.000,2797.000,7315.000,68.000,-22.000,20.000,0.000,6.710,1
2026-01-31 17:45:37,7462054,3681.000,2480.000,7015.000,-64.000,18.000,18.000,0.000,6.710,1
2026-01-31 17:45:37,7462094,3761.000,2741.000,7288.000,110.000,-18.000,11.000,0.000,6.710,1
2026-01-31 17:45:37,7462134,3795.000,2445.000,6975.000,-155.000,-3.000,48.000,0.000,6.710,1
2026-01-31 17:45:37,7462174,3849.000,2659.000,7243.000,91.000,-25.000,25.000,0.000,6.710,1
2026-01-31 17:45:37,7462214,3732.000,2359.000,7017.000,12.000,-18.000,59.000,0.000,6.710,1
2026-01-31 17:45:37,7462254,3825.000,2681.000,7227.000,84.000,31.000,16.000,0.000,6.710,1
2026-01-31 17:45:37,7462294,3700.000,2359.000,6884.000,7.000,19.000,18.000,0.000,6.710,1
2026-01-31 17:45:37,7462334,3896.000,2811.000,7387.000,223.000,-9.000,9.000,0.000,6.710,1
2026-01-31 17:45:37,7462374,3837.000,2474.000,6992.000,-128.000,69.000,13.000,0.000,6.710,1
2026-01-31 17:45:37,7462414,3600.000,2631.000,7041.000,92.000,-27.000,35.000,0.000,6.710,1
2026-01-31 17:45:37,7462454,3699.000,2817.000,7107.000,38.000,-3.000,81.000,0.000,6.710,1
2026-01-31 17:45:37,7462494,3563.000,2294.000,6824.000,-115.000,22.000,118.000,0.000,6.710,1
2026-01-31 17:45:37,7462534,3745.000,2901.000,7391.000,232.000,19.000,54.000,0.000,6.710,1
2026-01-31 17:45:37,7462574,3604.000,2634.000,7197.000,25.000,70.000,50.000,0.000,6.710,1
2026-01-31 17:45:37,7462614,3606.000,2775.000,7243.000,46.000,-2.000,-4.000,0.000,6.710,1
2026-01-31 17:45:37,7462654,3694.000,2556.000,6910.000,-86.000,-56.000,-13.000,0.000,6.710,1
2026-01-31 17:45:37,7462694,3869.000,2771.000,7187.000,29.000,-43.000,5.000,0.000,6.710,1
2026-01-31 17:45:38,7462734,3706.000,2499.000,6780.000,-174.000,53.000,16.000,0.000,6.710,1
2026-01-31 17:45:38,7462774,3629.000,2571.000,7071.000,136.000,-14.000,57.000,0.000,6.710,1
2026-01-31 17:45:38,7462814,3754.000,2425.000,6935.000,-147.000,74.000,90.000,0.000,7.810,1
2026-01-31 17:45:38,7462854,3727.000,2611.000,7195.000,223.000,37.000,24.000,0.000,7.810,1
2026-01-31 17:45:38,7462894,3808.000,2655.000,7302.000,65.000,58.000,24.000,0.000,7.810,1
2026-01-31 17:45:38,7462934,3685.000,2600.000,7076.000,-22.000,28.000,15.000,0.000,7.810,1
2026-01-31 17:45:38,7462974,3833.000,2774.000,7273.000,-37.000,25.000,30.000,0.000,7.810,1
2026-01-31 17:45:38,7463014,3625.000,2508.000,7063.000,-74.000,4.000,53.000,0.000,7.810,1
2026-01-31 17:45:38,7463054,3634.000,2659.000,7203.000,10.000,-14.000,70.000,0.000,7.810,1
2026-01-31 17:45:38,7463094,3602.000,2482.000,6989.000,-69.000,-4.000,74.000,0.000,7.810,1
2026-01-31 17:45:38,7463134,3584.000,2736.000,7255.000,137.000,-25.000,60.000,0.000,7.810,1
2026-01-31 17:45:38,7463174,3507.000,2568.000,7018.000,-57.000,-15.000,67.000,0.000,7.810,1
2026-01-31 17:45:38,7463214,3586.000,2850.000,7317.000,126.000,-75.000,39.000,0.000,7.810,1
2026-01-31 17:45:38,7463254,3688.000,2586.000,7039.000,-174.000,-56.000,22.000,0.000,7.810,1
2026-01-31 17:45:38,7463294,3637.000,2595.000,7086.000,-10.000,-103.000,-3.000,0.000,7.810,1
2026-01-31 17:45:38,7463334,3675.000,2408.000,6945.000,-135.000,-78.000,-2.000,0.000,7.810,1
2026-01-31 17:45:38,7463376,3740.000,2586.000,7093.000,18.000,-72.000,24.000,0.000,7.810,1
2026-01-31 17:45:38,7463416,3660.000,2465.000,6955.000,-87.000,-57.000,62.000,0.000,7.810,1
2026-01-31 17:45:38,7463457,3688.000,2626.000,7052.000,-28.000,-36.000,76.000,0.000,7.810,1
2026-01-31 17:45:38,7463494,3608.000,2475.000,6914.000,-116.000,-27.000,100.000,0.000,7.810,1
2026-01-31 17:45:38,7463534,3600.000,2702.000,7178.000,85.000,-62.000,93.000,0.000,7.810,1
2026-01-31 17:45:38,7463577,3665.000,2444.000,7081.000,-113.000,-9.000,38.000,0.000,7.810,1
2026-01-31 17:45:38,7463618,3862.000,2593.000,7331.000,29.000,-49.000,-21.000,0.000,7.810,1
2026-01-31 17:45:38,7463654,3890.000,2527.000,7288.000,-45.000,-22.000,-47.000,0.000,7.810,1
2026-01-31 17:45:38,7463694,3881.000,2332.000,7136.000,-93.000,-47.000,-34.000,0.000,7.810,1
2026-01-31 17:45:39,7463734,3966.000,2399.000,7248.000,-54.000,-28.000,19.000,0.000,7.810,1
2026-01-31 17:45:39,7463774,3886.000,2347.000,7218.000,-19.000,-19.000,52.000,0.000,7.810,1
2026-01-31 17:45:39,7463814,3906.000,2527.000,7354.000,79.000,-4.000,75.000,0.000,14.780,1
2026-01-31 17:45:39,7463854,3781.000,2543.000,7302.000,66.000,9.000,70.000,0.000,14.780,1
2026-01-31 17:45:39,7463894,3673.000,2486.000,7148.000,-22.000,-27.000,65.000,0.000,14.780,1
2026-01-31 17:45:39,7463934,3626.000,2515.000,7154.000,27.000,0.000,52.000,0.000,14.780,1
2026-01-31 17:45:39,7463974,3631.000,2461.000,7094.000,-17.000,21.000,36.000,0.000,14.780,1
2026-01-31 17:45:39,7464014,3531.000,2471.000,7143.000,3.000,7.000,15.000,0.000,14.780,1
2026-01-31 17:45:39,7464054,3526.000,2335.000,6923.000,-101.000,-27.000,6.000,0.000,14.780,1
2026-01-31 17:45:39,7464094,3651.000,2375.000,7045.000,24.000,-44.000,-20.000,0.000,14.780,1
2026-01-31 17:45:39,7464134,3704.000,2323.000,6968.000,53.000,42.000,-8.000,0.000,14.780,1
2026-01-31 17:45:39,7464174,3675.000,2558.000,7253.000,173.000,35.000,12.000,0.000,14.780,1
2026-01-31 17:45:39,7464214,3600.000,2446.000,7065.000,7.000,74.000,57.000,0.000,14.780,1
2026-01-31 17:45:39,7464254,3606.000,2586.000,7302.000,154.000,3.000,58.000,0.000,14.780,1
2026-01-31 17:45:39,7464294,3660.000,2555.000,7257.000,18.000,83.000,48.000,0.000,14.780,1
2026-01-31 17:45:39,7464334,3524.000,2477.000,7227.000,57.000,27.000,42.000,0.000,14.780,1
2026-01-31 17:45:39,7464374,3613.000,2651.000,7360.000,41.000,44.000,19.000,0.000,14.780,1
2026-01-31 17:45:39,7464414,3483.000,2339.000,6983.000,-111.000,25.000,26.000,0.000,14.780,1
2026-01-31 17:45:39,7464454,3548.000,2521.000,7216.000,71.000,-9.000,18.000,0.000,14.780,1
2026-01-31 17:45:39,7464494,3554.000,2367.000,7065.000,29.000,41.000,30.000,0.000,14.780,1
2026-01-31 17:45:39,7464534,3625.000,2508.000,7292.000,51.000,33.000,21.000,0.000,14.780,1
2026-01-31 17:45:39,7464574,3597.000,2187.000,6945.000,-109.000,51.000,23.000,0.000,14.780,1
2026-01-31 17:45:39,7464614,3699.000,2390.000,7269.000,112.000,18.000,4.000,0.000,14.780,1
2026-01-31 17:45:39,7464654,3693.000,2272.000,7217.000,-3.000,77.000,4.000,0.000,14.780,1
2026-01-31 17:45:39,7464694,3603.000,2282.000,7281.000,71.000,28.000,28.000,0.000,14.780,1
2026-01-31 17:45:40,7464734,3673.000,2464.000,7404.000,73.000,38.000,35.000,0.000,14.780,1
2026-01-31 17:45:40,7464774,3631.000,2387.000,7274.000,55.000,45.000,28.000,0.000,14.780,1
2026-01-31 17:45:40,7464814,3663.000,2502.000,7462.000,88.000,30.000,34.000,0.000,-9.230,1
2026-01-31 17:45:40,7464854,3624.000,2382.000,7275.000,-32.000,65.000,24.000,0.000,-9.230,1
2026-01-31 17:45:40,7464894,3602.000,2388.000,7303.000,4.000,30.000,7.000,0.000,-9.230,1
2026-01-31 17:45:40,7464934,3555.000,2288.000,7127.000,-60.000,39.000,11.000,0.000,-9.230,1
2026-01-31 17:45:40,7464974,3520.000,2302.000,7200.000,33.000,37.000,26.000,0.000,-9.230,1
2026-01-31 17:45:40,7465014,3511.000,2269.000,7152.000,17.000,64.000,39.000,0.000,-9.230,1
2026-01-31 17:45:40,7465054,3516.000,2416.000,7225.000,67.000,45.000,35.000,0.000,-9.230,1
2026-01-31 17:45:40,7465094,3461.000,2300.000,7157.000,0.000,50.000,47.000,0.000,-9.230,1
2026-01-31 17:45:40,7465134,3390.000,2368.000,7144.000,12.000,33.000,43.000,0.000,-9.230,1
2026-01-31 17:45:40,7465174,3466.000,2536.000,7202.000,81.000,-1.000,9.000,0.000,-9.230,1
2026-01-31 17:45:40,7465214,3524.000,2551.000,7174.000,15.000,-14.000,-20.000,0.000,-9.230,1
2026-01-31 17:45:40,7465254,3613.000,2511.000,7129.000,26.000,-8.000,-19.000,0.000,-9.230,1
2026-01-31 17:45:40,7465294,3589.000,2596.000,7211.000,89.000,28.000,-1.000,0.000,-9.230,1
2026-01-31 17:45:40,7465334,3518.000,2554.000,7268.000,19.000,39.000,46.000,0.000,-9.230,1
2026-01-31 17:45:40,7465377,3483.000,2537.000,7232.000,-9.000,4.000,72.000,0.000,-9.230,1
2026-01-31 17:45:40,7465417,3488.000,2549.000,7133.000,-41.000,-20.000,52.000,0.000,-9.230,1
2026-01-31 17:45:40,7465454,3472.000,2519.000,7100.000,-42.000,-35.000,36.000,0.000,-9.230,1
2026-01-31 17:45:40,7465494,3543.000,2599.000,7074.000,-4.000,-43.000,6.000,0.000,-9.230,1
2026-01-31 17:45:40,7465534,3616.000,2569.000,7087.000,-8.000,-25.000,-7.000,0.000,-9.230,1
2026-01-31 17:45:40,7465574,3663.000,2595.000,7133.000,22.000,-3.000,-24.000,0.000,-9.230,1
2026-01-31 17:45:40,7465614,3707.000,2607.000,7224.000,15.000,-21.000,-11.000,0.000,-9.230,1
2026-01-31 17:45:40,7465654,3738.000,2489.000,7164.000,-41.000,-30.000,24.000,0.000,-9.230,1
2026-01-31 17:45:40,7465694,3708.000,2555.000,7253.000,13.000,-10.000,60.000,0.000,-9.230,1
2026-01-31 17:45:41,7465734,3620.000,2527.000,7234.000,-10.000,-12.000,69.000,0.000,-9.230,1
2026-01-31 17:45:41,7465774,3613.000,2569.000,7249.000,-19.000,-39.000,52.000,0.000,-9.230,1
2026-01-31 17:45:41,7465814,3615.000,2463.000,7161.000,-55.000,-41.000,42.000,0.000,3.290,1
2026-01-31 17:45:41,7465854,3641.000,2491.000,7194.000,-33.000,-37.000,23.000,0.000,3.290,1
2026-01-31 17:45:41,7465894,3626.000,2431.000,7137.000,-55.000,-42.000,12.000,0.000,3.290,1
2026-01-31 17:45:41,7465934,3616.000,2422.000,7158.000,-46.000,-44.000,26.000,0.000,3.290,1
2026-01-31 17:45:41,7465974,3589.000,2342.000,7112.000,-71.000,-31.000,42.000,0.000,3.290,1
2026-01-31 17:45:41,7466014,3538.000,2320.000,7152.000,-41.000,-24.000,69.000,0.000,3.290,1
2026-01-31 17:45:41,7466054,3526.000,2392.000,7194.000,4.000,-13.000,60.000,0.000,3.290,1
2026-01-31 17:45:41,7466094,3483.000,2385.000,7235.000,-11.000,-21.000,52.000,0.000,3.290,1
2026-01-31 17:45:41,7466134,3484.000,2417.000,7290.000,-38.000,-33.000,33.000,0.000,3.290,1
2026-01-31 17:45:41,7466174,3539.000,2313.000,7225.000,-84.000,-36.000,24.000,0.000,3.290,1
2026-01-31 17:45:41,7466214,3583.000,2316.000,7306.000,-47.000,-37.000,11.000,0.000,3.290,1
2026-01-31 17:45:41,7466254,3566.000,2283.000,7307.000,-59.000,-45.000,8.000,0.000,3.290,1
2026-01-31 17:45:41,7466294,3589.000,2292.000,7263.000,-47.000,-57.000,19.000,0.000,3.290,1
2026-01-31 17:45:41,7466334,3618.000,2350.000,7259.000,-12.000,-45.000,28.000,0.000,3.290,1
2026-01-31 17:45:41,7466374,3582.000,2346.000,7258.000,-7.000,-29.000,35.000,0.000,3.290,1
2026-01-31 17:45:41,7466414,3494.000,2288.000,7261.000,-52.000,-13.000,58.000,0.000,3.290,1
2026-01-31 17:45:41,7466454,3472.000,2246.000,7238.000,-25.000,-19.000,48.000,0.000,3.290,1
2026-01-31 17:45:41,7466494,3476.000,2277.000,7269.000,-30.000,-39.000,32.000,0.000,3.290,1
2026-01-31 17:45:41,7466534,3526.000,2331.000,7244.000,7.000,-65.000,-1.000,0.000,3.290,1
2026-01-31 17:45:41,7466574,3650.000,2402.000,7182.000,-30.000,-91.000,-21.000,0.000,3.290,1
2026-01-31 17:45:41,7466614,3699.000,2454.000,7127.000,-1.000,-74.000,-28.000,0.000,3.290,1
2026-01-31 17:45:41,7466654,3756.000,2445.000,7115.000,-3.000,-35.000,-14.000,0.000,3.290,1
2026-01-31 17:45:41,7466694,3746.000,2431.000,7116.000,15.000,13.000,8.000,0.000,3.290,1
2026-01-31 17:45:42,7466734,3706.000,2427.000,7173.000,31.000,52.000,30.000,0.000,3.290,1
2026-01-31 17:45:42,7466774,3593.000,2319.000,7169.000,13.000,52.000,43.000,0.000,3.290,1
2026-01-31 17:45:42,7466814,3617.000,2391.000,7178.000,47.000,39.000,24.000,0.000,7.370,1
2026-01-31 17:45:42,7466854,3620.000,2356.000,7190.000,41.000,31.000,20.000,0.000,7.370,1
2026-01-31 17:45:42,7466894,3587.000,2437.000,7198.000,23.000,43.000,8.000,0.000,7.370,1
2026-01-31 17:45:42,7466934,3634.000,2403.000,7148.000,13.000,38.000,-3.000,0.000,7.370,1
2026-01-31 17:45:42,7466974,3691.000,2431.000,7188.000,46.000,47.000,-9.000,0.000,7.370,1
2026-01-31 17:45:42,7467014,3681.000,2450.000,7245.000,65.000,62.000,-11.000,0.000,7.370,1
2026-01-31 17:45:42,7467054,3650.000,2395.000,7199.000,32.000,68.000,5.000,0.000,7.370,1
2026-01-31 17:45:42,7467094,3622.000,2427.000,7239.000,67.000,82.000,24.000,0.000,7.370,1
2026-01-31 17:45:42,7467134,3572.000,2447.000,7214.000,48.000,68.000,35.000,0.000,7.370,1
2026-01-31 17:45:42,7467174,3588.000,2533.000,7212.000,24.000,20.000,8.000,0.000,7.370,1
2026-01-31 17:45:42,7467214,3593.000,2500.000,7148.000,17.000,21.000,-5.000,0.000,7.370,1
2026-01-31 17:45:42,7467254,3602.000,2450.000,7146.000,2.000,29.000,3.000,0.000,7.370,1
2026-01-31 17:45:42,7467294,3624.000,2558.000,7173.000,47.000,31.000,-7.000,0.000,7.370,1
2026-01-31 17:45:42,7467334,3612.000,2516.000,7162.000,24.000,13.000,0.000,0.000,7.370,1
2026-01-31 17:45:42,7467374,3635.000,2575.000,7152.000,36.000,18.000,14.000,0.000,7.370,1
2026-01-31 17:45:42,7467414,3644.000,2582.000,7127.000,29.000,10.000,14.000,0.000,7.370,1
2026-01-31 17:45:42,7467454,3658.000,2689.000,7136.000,48.000,-3.000,8.000,0.000,7.370,1
2026-01-31 17:45:42,7467494,3628.000,2594.000,7098.000,-18.000,-4.000,-8.000,0.000,7.370,1
2026-01-31 17:45:42,7467534,3510.000,1775.000,7261.000,-164.000,153.000,18.000,0.000,7.370,1
2026-01-31 17:45:42,7467577,2865.000,406.000,7920.000,-259.000,492.000,149.000,0.000,7.370,1
2026-01-31 17:45:42,7467614,2472.000,110.000,8102.000,-218.000,484.000,196.000,0.000,7.370,1
2026-01-31 17:45:42,7467654,1816.000,88.000,8279.000,-131.000,217.000,312.000,0.000,7.370,1
2026-01-31 17:45:42,7467694,1564.000,1026.000,8101.000,-25.000,-75.000,398.000,0.000,7.370,1
2026-01-31 17:45:43,7467734,2429.000,1982.000,7790.000,76.000,-369.000,346.000,0.000,7.370,1
2026-01-31 17:45:43,7467774,3407.000,2949.000,7644.000,316.000,-512.000,175.000,0.000,7.370,1
2026-01-31 17:45:43,7467814,4129.000,3119.000,7214.000,78.000,-489.000,-184.000,0.000,2.890,1
2026-01-31 17:45:43,7467854,4324.000,2503.000,6739.000,-6.000,-202.000,-549.000,0.000,2.890,1
2026-01-31 17:45:43,7467894,4028.000,1924.000,7116.000,134.000,326.000,-590.000,0.000,2.890,1
2026-01-31 17:45:43,7467934,3130.000,717.000,8387.000,-45.000,797.000,-164.000,0.000,2.890,1
2026-01-31 17:45:43,7467974,2277.000,281.000,8712.000,-120.000,442.000,175.000,0.000,2.890,1
2026-01-31 17:45:43,7468014,1610.000,751.000,8153.000,-379.000,-153.000,422.000,0.000,2.890,1
2026-01-31 17:45:43,7468054,2267.000,1664.000,7401.000,-88.000,-643.000,408.000,0.000,2.890,1
2026-01-31 17:45:43,7468094,3292.000,2504.000,7130.000,186.000,-688.000,330.000,0.000,2.890,1
2026-01-31 17:45:43,7468134,4082.000,2917.000,6847.000,252.000,-491.000,101.000,0.000,2.890,1
2026-01-31 17:45:43,7468174,4142.000,2617.000,6616.000,174.000,-111.000,-178.000,0.000,2.890,1
2026-01-31 17:45:43,7468214,3661.000,2114.000,6983.000,183.000,313.000,-275.000,0.000,2.890,1
2026-01-31 17:45:43,7468254,3170.000,1465.000,7629.000,-70.000,592.000,-125.000,0.000,2.890,1
2026-01-31 17:45:43,7468294,2626.000,641.000,8409.000,-85.000,509.000,-5.000,0.000,2.890,1
2026-01-31 17:45:43,7468334,1996.000,886.000,8106.000,-300.000,-162.000,161.000,0.000,2.890,1
2026-01-31 17:45:43,7468374,2494.000,1491.000,7469.000,-224.000,-521.000,158.000,0.000,2.890,1
2026-01-31 17:45:43,7468414,3329.000,2076.000,7368.000,44.000,-543.000,92.000,0.000,2.890,1
2026-01-31 17:45:43,7468454,3971.000,2357.000,7214.000,71.000,-337.000,17.000,0.000,2.890,1
2026-01-31 17:45:43,7468494,4044.000,2415.000,7110.000,142.000,-62.000,-83.000,0.000,2.890,1
2026-01-31 17:45:43,7468534,3639.000,2187.000,7351.000,157.000,158.000,-129.000,0.000,2.890,1
2026-01-31 17:45:43,7468574,3279.000,1709.000,7655.000,0.000,261.000,-71.000,0.000,2.890,1
2026-01-31 17:45:43,7468614,3066.000,1393.000,8063.000,-47.000,210.000,8.000,0.000,2.890,1
2026-01-31 17:45:43,7468654,2756.000,878.000,7996.000,-280.000,58.000,104.000,0.000,2.890,1
2026-01-31 17:45:43,7468694,2578.000,1132.000,7732.000,-164.000,-207.000,219.000,0.000,2.890,1
2026-01-31 17:45:44,7468734,2940.000,1666.000,7435.000,-6.000,-281.000,173.000,0.000,2.890,1
2026-01-31 17:45:44,7468774,3375.000,2008.000,7360.000,133.000,-290.000,93.000,0.000,2.890,1
2026-01-31 17:45:44,7468814,3615.000,2263.000,7238.000,78.000,-171.000,-32.000,0.000,-9.080,1
2026-01-31 17:45:44,7468854,3551.000,2088.000,7160.000,51.000,-43.000,-149.000,0.000,-9.080,1
2026-01-31 17:45:44,7468894,3461.000,1845.000,7361.000,54.000,72.000,-174.000,0.000,-9.080,1
2026-01-31 17:45:44,7468934,3329.000,1604.000,7665.000,13.000,117.000,-92.000,0.000,-9.080,1
2026-01-31 17:45:44,7468974,3160.000,1358.000,7797.000,-173.000,72.000,29.000,0.000,-9.080,1
2026-01-31 17:45:44,7469014,2971.000,1140.000,7634.000,-248.000,-35.000,139.000,0.000,-9.080,1
2026-01-31 17:45:44,7469054,2975.000,1385.000,7485.000,-55.000,-113.000,163.000,0.000,-9.080,1
2026-01-31 17:45:44,7469094,3263.000,1782.000,7413.000,22.000,-116.000,101.000,0.000,-9.080,1
2026-01-31 17:45:44,7469134,3387.000,1990.000,7401.000,161.000,-58.000,30.000,0.000,-9.080,1
2026-01-31 17:45:44,7469174,3409.000,1882.000,7318.000,-4.000,44.000,-24.000,0.000,-9.080,1
2026-01-31 17:45:44,7469214,3332.000,1817.000,7485.000,118.000,110.000,-73.000,0.000,-9.080,1
2026-01-31 17:45:44,7469254,3230.000,1604.000,7659.000,14.000,127.000,-55.000,0.000,-9.080,1
2026-01-31 17:45:44,7469294,3164.000,1431.000,7694.000,-52.000,83.000,-25.000,0.000,-9.080,1
2026-01-31 17:45:44,7469339,3124.000,1360.000,7556.000,-44.000,31.000,44.000,0.000,-9.080,1
2026-01-31 17:45:44,7469374,3150.000,1445.000,7517.000,20.000,29.000,56.000,0.000,-9.080,1
2026-01-31 17:45:44,7469414,3205.000,1696.000,7522.000,116.000,31.000,53.000,0.000,-9.080,1
2026-01-31 17:45:44,7469454,3271.000,1882.000,7500.000,122.000,50.000,15.000,0.000,-9.080,1
2026-01-31 17:45:44,7469494,3251.000,1842.000,7478.000,59.000,79.000,-13.000,0.000,-9.080,1
2026-01-31 17:45:44,7469534,3190.000,1810.000,7541.000,44.000,94.000,-24.000,0.000,-9.080,1
2026-01-31 17:45:44,7469577,3146.000,1664.000,7626.000,3.000,86.000,-2.000,0.000,-9.080,1
2026-01-31 17:45:44,7469614,3137.000,1574.000,7610.000,-35.000,69.000,15.000,0.000,-9.080,1
2026-01-31 17:45:44,7469654,3095.000,1544.000,7575.000,-13.000,41.000,31.000,0.000,-9.080,1
2026-01-31 17:45:44,7469694,3128.000,1586.000,7549.000,7.000,6.000,38.000,0.000,-9.080,1
2026-01-31 17:45:45,7469734,3154.000,1676.000,7525.000,48.000,10.000,28.000,0.000,-9.080,1
2026-01-31 17:45:45,7469774,3200.000,1782.000,7528.000,68.000,13.000,14.000,0.000,-9.080,1
2026-01-31 17:45:45,7469814,3222.000,1795.000,7513.000,37.000,31.000,9.000,0.000,-10.430,1
2026-01-31 17:45:45,7469854,3148.000,1785.000,7575.000,5.000,53.000,12.000,0.000,-10.430,1
2026-01-31 17:45:45,7469894,3141.000,1620.000,7551.000,-55.000,49.000,16.000,0.000,-10.430,1
2026-01-31 17:45:45,7469934,3149.000,1637.000,7597.000,0.000,35.000,13.000,0.000,-10.430,1
2026-01-31 17:45:45,7469974,3113.000,1609.000,7586.000,2.000,19.000,21.000,0.000,-10.430,1
2026-01-31 17:45:45,7470014,3112.000,1648.000,7549.000,15.000,10.000,20.000,0.000,-10.430,1
2026-01-31 17:45:45,7470054,3131.000,1708.000,7556.000,29.000,12.000,26.000,0.000,-10.430,1
2026-01-31 17:45:45,7470094,3131.000,1761.000,7573.000,41.000,26.000,22.000,0.000,-10.430,1
2026-01-31 17:45:45,7470134,3129.000,1768.000,7588.000,7.000,18.000,26.000,0.000,-10.430,1
2026-01-31 17:45:45,7470174,3127.000,1726.000,7556.000,-17.000,-1.000,23.000,0.000,-10.430,1
2026-01-31 17:45:45,7470214,3153.000,1659.000,7538.000,-10.000,-2.000,9.000,0.000,-10.430,1
2026-01-31 17:45:45,7470254,3158.000,1696.000,7569.000,25.000,8.000,8.000,0.000,-10.430,1
2026-01-31 17:45:45,7470294,3133.000,1677.000,7581.000,-9.000,5.000,19.000,0.000,-10.430,1
2026-01-31 17:45:45,7470334,3149.000,1698.000,7569.000,2.000,1.000,28.000,0.000,-10.430,1
2026-01-31 17:45:45,7470374,3131.000,1705.000,7549.000,-7.000,-1.000,30.000,0.000,-10.430,1
2026-01-31 17:45:45,7470414,3134.000,1740.000,7559.000,5.000,-7.000,24.000,0.000,-10.430,1
2026-01-31 17:45:45,7470454,3138.000,1717.000,7561.000,-10.000,0.000,21.000,0.000,-10.430,1
2026-01-31 17:45:45,7470494,3142.000,1714.000,7565.000,4.000,-3.000,10.000,0.000,-10.430,1
2026-01-31 17:45:45,7470534,3141.000,1674.000,7527.000,-15.000,4.000,9.000,0.000,-10.430,1
2026-01-31 17:45:45,7470574,3106.000,1722.000,7575.000,35.000,16.000,10.000,0.000,-10.430,1
2026-01-31 17:45:45,7470614,3126.000,1667.000,7568.000,-22.000,6.000,23.000,0.000,-10.430,1
2026-01-31 17:45:45,7470654,3144.000,1690.000,7572.000,16.000,7.000,13.000,0.000,-10.430,1
2026-01-31 17:45:45,7470694,3124.000,1702.000,7575.000,5.000,-11.000,10.000,0.000,-10.430,1
2026-01-31 17:45:46,7470734,3156.000,1730.000,7522.000,3.000,-16.000,7.000,0.000,-10.430,1
2026-01-31 17:45:46,7470774,3181.000,1735.000,7536.000,13.000,-1.000,9.000,0.000,-10.430,1
2026-01-31 17:45:46,7470814,3150.000,1710.000,7549.000,23.000,20.000,10.000,0.000,3.350,1
2026-01-31 17:45:46,7470854,3119.000,1706.000,7600.000,13.000,15.000,23.000,0.000,3.350,1
2026-01-31 17:45:46,7470894,3114.000,1682.000,7579.000,-8.000,0.000,25.000,0.000,3.350,1
2026-01-31 17:45:46,7470934,3123.000,1682.000,7567.000,-7.000,-8.000,21.000,0.000,3.350,1
2026-01-31 17:45:46,7470974,3122.000,1724.000,7554.000,-1.000,-10.000,16.000,0.000,3.350,1
2026-01-31 17:45:46,7471014,3121.000,1749.000,7562.000,2.000,-4.000,15.000,0.000,3.350,1
2026-01-31 17:45:46,7471054,3132.000,1715.000,7554.000,-10.000,-1.000,14.000,0.000,3.350,1
2026-01-31 17:45:46,7471094,3133.000,1691.000,7555.000,1.000,1.000,11.000,0.000,3.350,1
2026-01-31 17:45:46,7471134,3127.000,1702.000,7579.000,0.000,-5.000,11.000,0.000,3.350,1
2026-01-31 17:45:46,7471174,3127.000,1683.000,7582.000,-12.000,-14.000,20.000,0.000,3.350,1
2026-01-31 17:45:46,7471214,3133.000,1711.000,7596.000,-4.000,-25.000,27.000,0.000,3.350,1
2026-01-31 17:45:46,7471254,3129.000,1703.000,7571.000,-36.000,-31.000,25.000,0.000,3.350,1
2026-01-31 17:45:46,7471294,3161.000,1721.000,7553.000,-16.000,-47.000,15.000,0.000,3.350,1
2026-01-31 17:45:46,7471334,3167.000,1686.000,7494.000,-16.000,-26.000,15.000,0.000,3.350,1
2026-01-31 17:45:46,7471377,3126.000,1684.000,7582.000,-27.000,-14.000,29.000,0.000,3.350,1
2026-01-31 17:45:46,7471417,3139.000,1694.000,7574.000,-28.000,-26.000,23.000,0.000,3.350,1
2026-01-31 17:45:46,7471454,3134.000,1691.000,7584.000,-26.000,-35.000,20.000,0.000,3.350,1
2026-01-31 17:45:46,7471494,3137.000,1677.000,7554.000,-40.000,-59.000,17.000,0.000,3.350,1
2026-01-31 17:45:46,7471534,3168.000,1710.000,7532.000,-21.000,-54.000,16.000,0.000,3.350,1
2026-01-31 17:45:46,7471577,3163.000,1681.000,7542.000,-17.000,-22.000,16.000,0.000,3.350,1
2026-01-31 17:45:46,7471614,3157.000,1700.000,7555.000,2.000,-23.000,19.000,0.000,3.350,1
2026-01-31 17:45:46,7471654,3148.000,1678.000,7579.000,-43.000,-38.000,25.000,0.000,3.350,1
2026-01-31 17:45:46,7471694,3174.000,1668.000,7553.000,-40.000,-54.000,21.000,0.000,3.350,1
2026-01-31 17:45:47,7471734,3181.000,1678.000,7550.000,-36.000,-56.000,18.000,0.000,3.350,1
2026-01-31 17:45:47,7471774,3187.000,1683.000,7536.000,-42.000,-50.000,25.000,0.000,3.350,1
2026-01-31 17:45:47,7471814,3193.000,1669.000,7522.000,-37.000,-44.000,26.000,0.000,0.000,1
2026-01-31 17:45:47,7471854,3203.000,1670.000,7533.000,-15.000,-35.000,25.000,0.000,0.000,1
2026-01-31 17:45:47,7471894,3182.000,1667.000,7547.000,-27.000,-31.000,23.000,0.000,0.000,1
2026-01-31 17:45:47,7471934,3194.000,1655.000,7536.000,-27.000,-37.000,20.000,0.000,0.000,1
2026-01-31 17:45:47,7471974,3195.000,1671.000,7556.000,-23.000,-37.000,26.000,0.000,0.000,1
2026-01-31 17:45:47,7472014,3190.000,1657.000,7560.000,-26.000,-37.000,25.000,0.000,0.000,1
2026-01-31 17:45:47,7472054,3203.000,1640.000,7514.000,-38.000,-40.000,22.000,0.000,0.000,1
2026-01-31 17:45:47,7472094,3220.000,1682.000,7523.000,8.000,-31.000,5.000,0.000,0.000,1
2026-01-31 17:45:47,7472134,3224.000,1642.000,7531.000,-15.000,-20.000,19.000,0.000,0.000,1
2026-01-31 17:45:47,7472174,3195.000,1654.000,7521.000,-28.000,-4.000,29.000,0.000,0.000,1
2026-01-31 17:45:47,7472214,3227.000,1626.000,7495.000,-3.000,9.000,20.000,0.000,0.000,1
2026-01-31 17:45:47,7472254,3225.000,1648.000,7532.000,31.000,20.000,11.000,0.000,0.000,1
2026-01-31 17:45:47,7472294,3197.000,1656.000,7538.000,30.000,18.000,5.000,0.000,0.000,1
2026-01-31 17:45:47,7472334,3212.000,1656.000,7521.000,37.000,24.000,7.000,0.000,0.000,1
2026-01-31 17:45:47,7472374,3208.000,1685.000,7552.000,39.000,33.000,12.000,0.000,0.000,1
2026-01-31 17:45:47,7472414,3194.000,1654.000,7542.000,30.000,37.000,12.000,0.000,0.000,1
2026-01-31 17:45:47,7472454,3183.000,1667.000,7560.000,18.000,29.000,20.000,0.000,0.000,1
2026-01-31 17:45:47,7472494,3181.000,1661.000,7529.000,19.000,22.000,14.000,0.000,0.000,1
2026-01-31 17:45:47,7472534,3190.000,1680.000,7549.000,30.000,28.000,11.000,0.000,0.000,1
2026-01-31 17:45:47,7472574,3183.000,1674.000,7550.000,29.000,37.000,12.000,0.000,0.000,1
2026-01-31 17:45:47,7472614,3165.000,1684.000,7551.000,26.000,31.000,9.000,0.000,0.000,1
2026-01-31 17:45:47,7472654,3170.000,1686.000,7560.000,26.000,28.000,13.000,0.000,0.000,1
2026-01-31 17:45:47,7472694,3169.000,1665.000,7559.000,13.000,24.000,15.000,0.000,0.000,1
2026-01-31 17:45:48,7472734,3168.000,1672.000,7541.000,21.000,19.000,14.000,0.000,0.000,1
2026-01-31 17:45:48,7472774,3166.000,1689.000,7554.000,19.000,18.000,18.000,0.000,0.000,1
2026-01-31 17:45:48,7472814,3165.000,1682.000,7550.000,18.000,14.000,15.000,0.000,0.000,1
2026-01-31 17:45:48,7472854,3170.000,1688.000,7570.000,16.000,8.000,13.000,0.000,0.000,1
2026-01-31 17:45:48,7472894,3183.000,1710.000,7552.000,25.000,10.000,10.000,0.000,0.000,1
2026-01-31 17:45:48,7472934,3185.000,1674.000,7529.000,11.000,15.000,15.000,0.000,0.000,1
2026-01-31 17:45:48,7472974,3140.000,1723.000,7571.000,23.000,20.000,23.000,0.000,0.000,1
2026-01-31 17:45:48,7473014,3146.000,1662.000,7542.000,-14.000,17.000,28.000,0.000,0.000,1
2026-01-31 17:45:48,7473054,3158.000,1691.000,7562.000,21.000,19.000,20.000,0.000,0.000,1
2026-01-31 17:45:48,7473094,3127.000,1678.000,7583.000,14.000,6.000,10.000,0.000,0.000,1
2026-01-31 17:45:48,7473134,3160.000,1691.000,7532.000,1.000,-8.000,5.000,0.000,0.000,1
2026-01-31 17:45:48,7473174,3177.000,1722.000,7540.000,25.000,3.000,8.000,0.000,0.000,1
2026-01-31 17:45:48,7473214,3163.000,1688.000,7544.000,9.000,19.000,9.000,0.000,0.000,1
2026-01-31 17:45:48,7473254,3155.000,1720.000,7579.000,18.000,23.000,21.000,0.000,0.000,1
2026-01-31 17:45:48,7473294,3136.000,1696.000,7562.000,-3.000,-2.000,19.000,0.000,0.000,1
2026-01-31 17:45:48,7473334,3162.000,1672.000,7534.000,-10.000,-4.000,20.000,0.000,0.000,1
2026-01-31 17:45:48,7473374,3157.000,1717.000,7560.000,15.000,3.000,13.000,0.000,0.000,1
2026-01-31 17:45:48,7473414,3145.000,1704.000,7552.000,-2.000,2.000,15.000,0.000,0.000,1
2026-01-31 17:45:48,7473454,3153.000,1715.000,7558.000,6.000,3.000,16.000,0.000,0.000,1
2026-01-31 17:45:48,7473494,3156.000,1689.000,7545.000,-4.000,2.000,15.000,0.000,0.000,1
2026-01-31 17:45:48,7473534,3155.000,1695.000,7563.000,6.000,-1.000,14.000,0.000,0.000,1
2026-01-31 17:45:48,7473577,3130.000,1694.000,7547.000,1.000,3.000,17.000,0.000,0.000,1
2026-01-31 17:45:48,7473614,3148.000,1704.000,7550.000,4.000,-1.000,18.000,0.000,0.000,1
2026-01-31 17:45:48,7473654,3148.000,1701.000,7546.000,4.000,4.000,19.000,0.000,0.000,1
2026-01-31 17:45:48,7473694,3151.000,1713.000,7564.000,7.000,-1.000,19.000,0.000,0.000,1
2026-01-31 17:45:49,7473734,3156.000,1682.000,7553.000,-4.000,-4.000,17.000,0.000,0.000,1
2026-01-31 17:45:49,7473774,3172.000,1724.000,7551.000,5.000,-7.000,9.000,0.000,0.000,1
2026-01-31 17:45:49,7473814,3163.000,1684.000,7517.000,11.000,6.000,10.000,0.000,0.000,1
2026-01-31 17:45:49,7473854,3124.000,1729.000,7574.000,17.000,17.000,22.000,0.000,0.000,1
2026-01-31 17:45:49,7473894,3155.000,1689.000,7549.000,-13.000,14.000,24.000,0.000,0.000,1
2026-01-31 17:45:49,7473934,3155.000,1693.000,7566.000,15.000,14.000,14.000,0.000,0.000,1
2026-01-31 17:45:49,7473974,3117.000,1703.000,7575.000,12.000,0.000,12.000,0.000,0.000,1
2026-01-31 17:45:49,7474014,3154.000,1700.000,7529.000,-7.000,-12.000,9.000,0.000,0.000,1
2026-01-31 17:45:49,7474054,3155.000,1708.000,7546.000,6.000,14.000,16.000,0.000,0.000,1
2026-01-31 17:45:49,7474094,3136.000,1717.000,7568.000,30.000,16.000,14.000,0.000,0.000,1
2026-01-31 17:45:49,7474134,3129.000,1704.000,7579.000,-4.000,4.000,22.000,0.000,0.000,1
2026-01-31 17:45:49,7474174,3142.000,1698.000,7558.000,-7.000,-6.000,18.000,0.000,0.000,1
2026-01-31 17:45:49,7474214,3140.000,1695.000,7556.000,-4.000,-6.000,19.000,0.000,0.000,1
2026-01-31 17:45:49,7474254,3142.000,1722.000,7550.000,3.000,-2.000,19.000,0.000,0.000,1
2026-01-31 17:45:49,7474294,3146.000,1724.000,7549.000,3.000,1.000,16.000,0.000,0.000,1
2026-01-31 17:45:49,7474334,3146.000,1715.000,7556.000,6.000,1.000,14.000,0.000,0.000,1
2026-01-31 17:45:49,7474374,3145.000,1698.000,7563.000,1.000,4.000,15.000,0.000,0.000,1
2026-01-31 17:45:49,7474414,3136.000,1696.000,7558.000,0.000,1.000,19.000,0.000,0.000,1
2026-01-31 17:45:49,7474454,3128.000,1710.000,7555.000,9.000,1.000,15.000,0.000,0.000,1
2026-01-31 17:45:49,7474494,3142.000,1728.000,7560.000,10.000,-4.000,12.000,0.000,0.000,1
2026-01-31 17:45:49,7474534,3136.000,1711.000,7551.000,-1.000,1.000,18.000,0.000,0.000,1
2026-01-31 17:45:49,7474574,3147.000,1721.000,7571.000,13.000,2.000,16.000,0.000,0.000,1
2026-01-31 17:45:49,7474614,3152.000,1691.000,7560.000,-9.000,-7.000,15.000,0.000,0.000,1
2026-01-31 17:45:49,7474654,3160.000,1737.000,7563.000,3.000,-11.000,14.000,0.000,0.000,1
2026-01-31 17:45:49,7474694,3155.000,1685.000,7509.000,3.000,4.000,13.000,0.000,0.000,1
2026-01-31 17:45:50,7474734,3126.000,1756.000,7569.000,32.000,18.000,23.000,0.000,0.000,1
2026-01-31 17:45:50,7474774,3134.000,1707.000,7553.000,-14.000,14.000,24.000,0.000,0.000,1
2026-01-31 17:45:50,7474814,3122.000,1705.000,7582.000,12.000,5.000,19.000,0.000,169.550,1
2026-01-31 17:45:50,7474854,3114.000,1697.000,7566.000,-1.000,-11.000,14.000,0.000,169.550,1
2026-01-31 17:45:50,7474894,3142.000,1723.000,7530.000,-1.000,-9.000,10.000,0.000,169.550,1
2026-01-31 17:45:50,7474934,3146.000,1723.000,7544.000,10.000,7.000,18.000,0.000,169.550,1
2026-01-31 17:45:50,7474974,3129.000,1736.000,7567.000,26.000,15.000,13.000,0.000,169.550,1
2026-01-31 17:45:50,7475014,3115.000,1709.000,7579.000,-5.000,6.000,19.000,0.000,169.550,1
2026-01-31 17:45:50,7475054,3132.000,1707.000,7567.000,-11.000,-9.000,15.000,0.000,169.550,1
2026-01-31 17:45:50,7475094,3144.000,1703.000,7555.000,-11.000,-9.000,17.000,0.000,169.550,1
2026-01-31 17:45:50,7475134,3142.000,1713.000,7557.000,1.000,-3.000,11.000,0.000,169.550,1
2026-01-31 17:45:50,7475174,3144.000,1719.000,7549.000,-2.000,-3.000,18.000,0.000,169.550,1
2026-01-31 17:45:50,7475214,3144.000,1725.000,7564.000,6.000,-2.000,16.000,0.000,169.550,1
2026-01-31 17:45:50,7475254,3137.000,1707.000,7566.000,-5.000,-4.000,17.000,0.000,169.550,1
2026-01-31 17:45:50,7475294,3129.000,1709.000,7572.000,-8.000,-10.000,21.000,0.000,169.550,1
2026-01-31 17:45:50,7475334,3116.000,1707.000,7563.000,-16.000,-15.000,19.000,0.000,169.550,1
2026-01-31 17:45:50,7475377,3136.000,1726.000,7563.000,-10.000,-20.000,15.000,0.000,169.550,1
2026-01-31 17:45:50,7475417,3134.000,1705.000,7557.000,-22.000,-20.000,19.000,0.000,169.550,1
2026-01-31 17:45:50,7475454,3140.000,1710.000,7562.000,-14.000,-22.000,15.000,0.000,169.550,1
2026-01-31 17:45:50,7475494,3144.000,1703.000,7557.000,-25.000,-26.000,15.000,0.000,169.550,1
2026-01-31 17:45:50,7475534,3165.000,1720.000,7551.000,-7.000,-30.000,10.000,0.000,169.550,1
2026-01-31 17:45:50,7475574,3161.000,1712.000,7531.000,4.000,-11.000,16.000,0.000,169.550,1
2026-01-31 17:45:50,7475614,3125.000,1718.000,7576.000,-20.000,-7.000,32.000,0.000,169.550,1
2026-01-31 17:45:50,7475654,3163.000,1684.000,7550.000,-30.000,-9.000,30.000,0.000,169.550,1
2026-01-31 17:45:50,7475694,3142.000,1692.000,7563.000,-10.000,-7.000,18.000,0.000,169.550,1
2026-01-31 17:45:51,7475734,3125.000,1690.000,7568.000,-18.000,-24.000,14.000,0.000,169.550,1
2026-01-31 17:45:51,7475774,3159.000,1700.000,7528.000,-17.000,-30.000,9.000,0.000,169.550,1
2026-01-31 17:45:51,7475814,3185.000,1722.000,7543.000,-2.000,-16.000,14.000,0.000,1.710,1
2026-01-31 17:45:51,7475854,3163.000,1688.000,7547.000,1.000,-1.000,17.000,0.000,1.710,1
2026-01-31 17:45:51,7475894,3156.000,1707.000,7579.000,-4.000,-7.000,25.000,0.000,1.710,1
2026-01-31 17:45:51,7475934,3155.000,1673.000,7553.000,-22.000,-15.000,25.000,0.000,1.710,1
2026-01-31 17:45:51,7475974,3160.000,1698.000,7553.000,-7.000,-24.000,19.000,0.000,1.710,1
2026-01-31 17:45:51,7476014,3155.000,1692.000,7550.000,-17.000,-18.000,20.000,0.000,1.710,1
2026-01-31 17:45:51,7476054,3162.000,1696.000,7545.000,-13.000,-14.000,20.000,0.000,1.710,1
2026-01-31 17:45:51,7476094,3168.000,1692.000,7545.000,-9.000,-14.000,24.000,0.000,1.710,1
2026-01-31 17:45:51,7476134,3174.000,1689.000,7554.000,-12.000,-14.000,18.000,0.000,1.710,1
2026-01-31 17:45:51,7476174,3166.000,1677.000,7548.000,-12.000,-14.000,21.000,0.000,1.710,1
2026-01-31 17:45:51,7476214,3167.000,1675.000,7543.000,-14.000,-13.000,22.000,0.000,1.710,1
2026-01-31 17:45:51,7476254,3170.000,1699.000,7537.000,-3.000,-11.000,17.000,0.000,1.710,1
2026-01-31 17:45:51,7476294,3170.000,1687.000,7545.000,-5.000,-4.000,22.000,0.000,1.710,1
2026-01-31 17:45:51,7476334,3170.000,1681.000,7550.000,-8.000,-2.000,18.000,0.000,1.710,1
2026-01-31 17:45:51,7476374,3180.000,1685.000,7534.000,27.000,4.000,6.000,0.000,1.710,1
2026-01-31 17:45:51,7476414,3187.000,1690.000,7547.000,-5.000,5.000,17.000,0.000,1.710,1
2026-01-31 17:45:51,7476454,3150.000,1717.000,7559.000,43.000,16.000,14.000,0.000,1.710,1
2026-01-31 17:45:51,7476494,3139.000,1670.000,7552.000,-26.000,11.000,28.000,0.000,1.710,1
2026-01-31 17:45:51,7476534,3187.000,1677.000,7521.000,7.000,13.000,16.000,0.000,1.710,1
2026-01-31 17:45:51,7476574,3157.000,1682.000,7566.000,22.000,12.000,13.000,0.000,1.710,1
2026-01-31 17:45:51,7476614,3137.000,1687.000,7553.000,4.000,2.000,6.000,0.000,1.710,1
2026-01-31 17:45:51,7476654,3180.000,1711.000,7520.000,19.000,5.000,6.000,0.000,1.710,1
2026-01-31 17:45:51,7476694,3162.000,1675.000,7561.000,13.000,21.000,15.000,0.000,1.710,1
2026-01-31 17:45:52,7476734,3136.000,1710.000,7578.000,26.000,21.000,17.000,0.000,1.710,1
2026-01-31 17:45:52,7476774,3141.000,1680.000,7574.000,-6.000,2.000,18.000,0.000,1.710,1
2026-01-31 17:45:52,7476814,3154.000,1685.000,7552.000,7.000,-4.000,19.000,0.000,-4.010,1
2026-01-31 17:45:52,7476854,3145.000,1711.000,7559.000,15.000,1.000,18.000,0.000,-4.010,1
2026-01-31 17:45:52,7476894,3157.000,1700.000,7565.000,15.000,3.000,17.000,0.000,-4.010,1
2026-01-31 17:45:52,7476934,3158.000,1679.000,7550.000,-2.000,4.000,18.000,0.000,-4.010,1
2026-01-31 17:45:52,7476974,3149.000,1717.000,7561.000,16.000,8.000,8.000,0.000,-4.010,1
2026-01-31 17:45:52,7477014,3161.000,1678.000,7556.000,2.000,4.000,15.000,0.000,-4.010,1
2026-01-31 17:45:52,7477054,3146.000,1709.000,7546.000,0.000,4.000,19.000,0.000,-4.010,1
2026-01-31 17:45:52,7477094,3147.000,1719.000,7552.000,14.000,1.000,14.000,0.000,-4.010,1
2026-01-31 17:45:52,7477134,3157.000,1704.000,7559.000,3.000,1.000,19.000,0.000,-4.010,1
2026-01-31 17:45:52,7477174,3145.000,1716.000,7558.000,5.000,-1.000,18.000,0.000,-4.010,1
2026-01-31 17:45:52,7477214,3141.000,1695.000,7557.000,-12.000,-2.000,16.000,0.000,-4.010,1
2026-01-31 17:45:52,7477254,3164.000,1707.000,7554.000,13.000,-8.000,11.000,0.000,-4.010,1
2026-01-31 17:45:52,7477294,3174.000,1679.000,7514.000,-19.000,-3.000,18.000,0.000,-4.010,1
2026-01-31 17:45:52,7477334,3147.000,1753.000,7557.000,48.000,15.000,11.000,0.000,-4.010,1
2026-01-31 17:45:52,7477376,3125.000,1685.000,7569.000,-11.000,17.000,25.000,0.000,-4.010,1
2026-01-31 17:45:52,7477416,3166.000,1711.000,7550.000,9.000,19.000,18.000,0.000,-4.010,1
2026-01-31 17:45:52,7477457,3126.000,1698.000,7548.000,-2.000,-6.000,13.000,0.000,-4.010,1
2026-01-31 17:45:52,7477494,3147.000,1701.000,7522.000,-2.000,-11.000,9.000,0.000,-4.010,1
2026-01-31 17:45:52,7477534,3167.000,1734.000,7534.000,15.000,2.000,10.000,0.000,-4.010,1
2026-01-31 17:45:52,7477577,3136.000,1718.000,7565.000,24.000,22.000,12.000,0.000,-4.010,1
2026-01-31 17:45:52,7477616,3128.000,1714.000,7590.000,14.000,17.000,15.000,0.000,-4.010,1
2026-01-31 17:45:52,7477654,3120.000,1702.000,7564.000,-8.000,1.000,19.000,0.000,-4.010,1
2026-01-31 17:45:52,7477694,3145.000,1689.000,7549.000,-14.000,-10.000,17.000,0.000,-4.010,1
2026-01-31 17:45:53,7477734,3148.000,1719.000,7555.000,6.000,-9.000,15.000,0.000,-4.010,1
2026-01-31 17:45:53,7477774,3148.000,1719.000,7551.000,2.000,-1.000,16.000,0.000,-4.010,1
2026-01-31 17:45:53,7477814,3146.000,1726.000,7552.000,5.000,2.000,17.000,0.000,5.910,1
2026-01-31 17:45:53,7477854,3143.000,1700.000,7553.000,7.000,3.000,17.000,0.000,5.910,1
2026-01-31 17:45:53,7477894,3142.000,1708.000,7561.000,11.000,3.000,18.000,0.000,5.910,1
2026-01-31 17:45:53,7477934,3132.000,1716.000,7560.000,1.000,3.000,17.000,0.000,5.910,1
2026-01-31 17:45:53,7477974,3137.000,1705.000,7544.000,0.000,-4.000,20.000,0.000,5.910,1
2026-01-31 17:45:53,7478014,3136.000,1737.000,7559.000,3.000,-1.000,18.000,0.000,5.910,1
2026-01-31 17:45:53,7478054,3143.000,1704.000,7558.000,-6.000,0.000,17.000,0.000,5.910,1
2026-01-31 17:45:53,7478094,3150.000,1720.000,7567.000,-2.000,-5.000,23.000,0.000,5.910,1
2026-01-31 17:45:53,7478134,3151.000,1696.000,7554.000,-6.000,-9.000,23.000,0.000,5.910,1
2026-01-31 17:45:53,7478174,3155.000,1710.000,7544.000,-15.000,-11.000,21.000,0.000,5.910,1
2026-01-31 17:45:53,7478214,3142.000,1724.000,7560.000,26.000,8.000,14.000,0.000,5.910,1
2026-01-31 17:45:53,7478254,3126.000,1715.000,7578.000,-9.000,12.000,26.000,0.000,5.910,1
2026-01-31 17:45:53,7478294,3154.000,1699.000,7556.000,-3.000,10.000,20.000,0.000,5.910,1
2026-01-31 17:45:53,7478334,3115.000,1705.000,7574.000,6.000,-2.000,15.000,0.000,5.910,1
2026-01-31 17:45:53,7478374,3135.000,1701.000,7544.000,-2.000,-16.000,9.000,0.000,5.910,1
2026-01-31 17:45:53,7478414,3168.000,1728.000,7536.000,8.000,-7.000,12.000,0.000,5.910,1
2026-01-31 17:45:53,7478454,3154.000,1703.000,7558.000,6.000,7.000,20.000,0.000,5.910,1
2026-01-31 17:45:53,7478494,3129.000,1730.000,7567.000,26.000,9.000,20.000,0.000,5.910,1
2026-01-31 17:45:53,7478534,3128.000,1712.000,7579.000,-7.000,-3.000,24.000,0.000,5.910,1
2026-01-31 17:45:53,7478574,3147.000,1689.000,7557.000,-20.000,-12.000,19.000,0.000,5.910,1
2026-01-31 17:45:53,7478614,3121.000,1723.000,7550.000,2.000,-9.000,19.000,0.000,5.910,1
2026-01-31 17:45:53,7478654,3135.000,1719.000,7547.000,2.000,-8.000,16.000,0.000,5.910,1
2026-01-31 17:45:53,7478694,3150.000,1728.000,7558.000,-1.000,-6.000,15.000,0.000,5.910,1
2026-01-31 17:45:54,7478734,3149.000,1700.000,7552.000,-1.000,0.000,17.000,0.000,5.910,1
2026-01-31 17:45:54,7478774,3147.000,1705.000,7553.000,1.000,0.000,20.000,0.000,5.910,1
2026-01-31 17:45:54,7478814,3143.000,1705.000,7555.000,-4.000,-5.000,19.000,0.000,4.570,1
2026-01-31 17:45:54,7478854,3134.000,1718.000,7559.000,2.000,-2.000,17.000,0.000,4.570,1
2026-01-31 17:45:54,7478894,3133.000,1726.000,7565.000,-2.000,0.000,17.000,0.000,4.570,1
2026-01-31 17:45:54,7478934,3128.000,1706.000,7557.000,-3.000,-2.000,21.000,0.000,4.570,1
2026-01-31 17:45:54,7478974,3134.000,1717.000,7568.000,5.000,0.000,20.000,0.000,4.570,1
2026-01-31 17:45:54,7479014,3146.000,1716.000,7564.000,3.000,-13.000,11.000,0.000,4.570,1
2026-01-31 17:45:54,7479054,3161.000,1683.000,7514.000,-20.000,-3.000,18.000,0.000,4.570,1
2026-01-31 17:45:54,7479094,3139.000,1744.000,7553.000,44.000,16.000,14.000,0.000,4.570,1
2026-01-31 17:45:54,7479134,3109.000,1728.000,7578.000,-3.000,22.000,20.000,0.000,4.570,1
2026-01-31 17:45:54,7479174,3143.000,1702.000,7550.000,-15.000,18.000,23.000,0.000,4.570,1
2026-01-31 17:45:54,7479214,3118.000,1712.000,7572.000,12.000,15.000,17.000,0.000,4.570,1
2026-01-31 17:45:54,7479254,3109.000,1694.000,7563.000,-7.000,-7.000,16.000,0.000,4.570,1
2026-01-31 17:45:54,7479294,3141.000,1734.000,7535.000,7.000,-5.000,12.000,0.000,4.570,1
2026-01-31 17:45:54,7479334,3141.000,1710.000,7546.000,0.000,5.000,17.000,0.000,4.570,1
2026-01-31 17:45:54,7479374,3119.000,1743.000,7584.000,26.000,11.000,20.000,0.000,4.570,1
2026-01-31 17:45:54,7479417,3132.000,1712.000,7568.000,-8.000,-8.000,19.000,0.000,4.570,1
2026-01-31 17:45:54,7479459,3134.000,1695.000,7554.000,-18.000,-15.000,20.000,0.000,4.570,1
2026-01-31 17:45:54,7479494,3125.000,1703.000,7556.000,0.000,-11.000,19.000,0.000,4.570,1
2026-01-31 17:45:54,7479534,3121.000,1714.000,7543.000,-5.000,-8.000,18.000,0.000,4.570,1
2026-01-31 17:45:54,7479574,3141.000,1722.000,7560.000,4.000,-1.000,17.000,0.000,4.570,1
2026-01-31 17:45:54,7479614,3142.000,1717.000,7565.000,1.000,1.000,12.000,0.000,4.570,1
2026-01-31 17:45:54,7479654,3137.000,1702.000,7556.000,-2.000,-7.000,12.000,0.000,4.570,1
2026-01-31 17:45:54,7479694,3140.000,1712.000,7560.000,0.000,-6.000,17.000,0.000,4.570,1
2026-01-31 17:45:55,7479734,3125.000,1705.000,7556.000,-7.000,-4.000,18.000,0.000,4.570,1
2026-01-31 17:45:55,7479774,3136.000,1708.000,7554.000,2.000,-3.000,17.000,0.000,4.570,1
2026-01-31 17:45:55,7479814,3131.000,1711.000,7561.000,-2.000,-2.000,16.000,0.000,-3.950,1
2026-01-31 17:45:55,7479854,3120.000,1717.000,7581.000,5.000,-6.000,15.000,0.000,-3.950,1
2026-01-31 17:45:55,7479894,3130.000,1698.000,7567.000,-22.000,-10.000,20.000,0.000,-3.950,1
2026-01-31 17:45:55,7479934,3150.000,1727.000,7569.000,5.000,-19.000,15.000,0.000,-3.950,1
2026-01-31 17:45:55,7479974,3163.000,1682.000,7500.000,-22.000,-7.000,21.000,0.000,-3.950,1
2026-01-31 17:45:55,7480014,3122.000,1750.000,7557.000,51.000,14.000,19.000,0.000,-3.950,1
2026-01-31 17:45:55,7480054,3114.000,1700.000,7575.000,-14.000,14.000,27.000,0.000,-3.950,1
2026-01-31 17:45:55,7480094,3142.000,1705.000,7562.000,6.000,12.000,21.000,0.000,-3.950,1
2026-01-31 17:45:55,7480134,3090.000,1712.000,7574.000,12.000,2.000,13.000,0.000,-3.950,1
2026-01-31 17:45:55,7480174,3143.000,1715.000,7540.000,-5.000,-18.000,11.000,0.000,-3.950,1
2026-01-31 17:45:55,7480214,3154.000,1740.000,7559.000,3.000,0.000,10.000,0.000,-3.950,1
2026-01-31 17:45:55,7480254,3129.000,1710.000,7550.000,16.000,14.000,13.000,0.000,-3.950,1
2026-01-31 17:45:55,7480294,3108.000,1723.000,7581.000,2.000,4.000,17.000,0.000,-3.950,1
2026-01-31 17:45:55,7480334,3117.000,1694.000,7579.000,-13.000,-8.000,20.000,0.000,-3.950,1
2026-01-31 17:45:55,7480374,3138.000,1699.000,7566.000,-19.000,-15.000,16.000,0.000,-3.950,1
2026-01-31 17:45:55,7480414,3129.000,1725.000,7554.000,-4.000,-15.000,18.000,0.000,-3.950,1
2026-01-31 17:45:55,7480454,3131.000,1723.000,7543.000,-5.000,-9.000,19.000,0.000,-3.950,1
2026-01-31 17:45:55,7480494,3140.000,1726.000,7553.000,0.000,-5.000,17.000,0.000,-3.950,1
2026-01-31 17:45:55,7480534,3129.000,1691.000,7563.000,-3.000,-3.000,20.000,0.000,-3.950,1
2026-01-31 17:45:55,7480574,3126.000,1701.000,7563.000,0.000,-8.000,17.000,0.000,-3.950,1
2026-01-31 17:45:55,7480614,3129.000,1710.000,7546.000,-6.000,-13.000,17.000,0.000,-3.950,1
2026-01-31 17:45:55,7480654,3143.000,1707.000,7560.000,-3.000,-9.000,21.000,0.000,-3.950,1
2026-01-31 17:45:55,7480694,3148.000,1729.000,7559.000,1.000,-4.000,19.000,0.000,-3.950,1
2026-01-31 17:45:56,7480734,3136.000,1717.000,7561.000,-8.000,-4.000,17.000,0.000,-3.950,1
2026-01-31 17:45:56,7480774,3129.000,1708.000,7577.000,0.000,-10.000,15.000,0.000,-3.950,1
2026-01-31 17:45:56,7480814,3130.000,1697.000,7561.000,-21.000,-16.000,14.000,0.000,-2.770,1
2026-01-31 17:45:56,7480854,3145.000,1715.000,7558.000,-12.000,-21.000,12.000,0.000,-2.770,1
2026-01-31 17:45:56,7480894,3145.000,1711.000,7530.000,-17.000,-10.000,16.000,0.000,-2.770,1
2026-01-31 17:45:56,7480934,3121.000,1732.000,7595.000,11.000,13.000,25.000,0.000,-2.770,1
2026-01-31 17:45:56,7480974,3145.000,1696.000,7564.000,-20.000,3.000,22.000,0.000,-2.770,1
2026-01-31 17:45:56,7481014,3127.000,1701.000,7575.000,2.000,-4.000,19.000,0.000,-2.770,1
2026-01-31 17:45:56,7481054,3108.000,1696.000,7562.000,-17.000,-19.000,15.000,0.000,-2.770,1
2026-01-31 17:45:56,7481094,3152.000,1710.000,7530.000,-3.000,-17.000,9.000,0.000,-2.770,1
2026-01-31 17:45:56,7481134,3175.000,1682.000,7561.000,-4.000,-3.000,13.000,0.000,-2.770,1
2026-01-31 17:45:56,7481174,3133.000,1752.000,7556.000,37.000,10.000,14.000,0.000,-2.770,1
2026-01-31 17:45:56,7481214,3122.000,1691.000,7578.000,-22.000,0.000,26.000,0.000,-2.770,1
2026-01-31 17:45:56,7481254,3131.000,1707.000,7579.000,-3.000,-14.000,14.000,0.000,-2.770,1
2026-01-31 17:45:56,7481294,3147.000,1716.000,7554.000,-10.000,-21.000,13.000,0.000,-2.770,1
2026-01-31 17:45:56,7481334,3149.000,1689.000,7543.000,-9.000,-7.000,13.000,0.000,-2.770,1
2026-01-31 17:45:56,7481377,3151.000,1714.000,7556.000,-4.000,2.000,12.000,0.000,-2.770,1
2026-01-31 17:45:56,7481417,3150.000,1693.000,7561.000,2.000,3.000,12.000,0.000,-2.770,1
2026-01-31 17:45:56,7481454,3149.000,1696.000,7561.000,4.000,1.000,16.000,0.000,-2.770,1
2026-01-31 17:45:56,7481494,3132.000,1699.000,7551.000,2.000,-2.000,20.000,0.000,-2.770,1
2026-01-31 17:45:56,7481534,3136.000,1702.000,7557.000,6.000,0.000,19.000,0.000,-2.770,1
2026-01-31 17:45:56,7481577,3130.000,1717.000,7567.000,9.000,1.000,14.000,0.000,-2.770,1
2026-01-31 17:45:56,7481614,3136.000,1720.000,7566.000,1.000,-1.000,13.000,0.000,-2.770,1
2026-01-31 17:45:56,7481654,3133.000,1708.000,7573.000,0.000,-4.000,16.000,0.000,-2.770,1
2026-01-31 17:45:56,7481694,3135.000,1684.000,7557.000,-16.000,-5.000,13.000,0.000,-2.770,1
2026-01-31 17:45:57,7481734,3149.000,1733.000,7560.000,11.000,-6.000,14.000,0.000,-2.770,1
2026-01-31 17:45:57,7481774,3154.000,1686.000,7512.000,0.000,1.000,20.000,0.000,-2.770,1
2026-01-31 17:45:57,7481814,3127.000,1741.000,7568.000,33.000,15.000,20.000,0.000,-3.660,1
2026-01-31 17:45:57,7481854,3146.000,1682.000,7571.000,-12.000,13.000,19.000,0.000,-3.660,1
2026-01-31 17:45:57,7481894,3146.000,1696.000,7570.000,10.000,13.000,15.000,0.000,-3.660,1
2026-01-31 17:45:57,7481934,3101.000,1690.000,7583.000,7.000,-4.000,12.000,0.000,-3.660,1
2026-01-31 17:45:57,7481974,3130.000,1701.000,7540.000,-4.000,-16.000,7.000,0.000,-3.660,1
2026-01-31 17:45:57,7482014,3161.000,1735.000,7555.000,17.000,-2.000,9.000,0.000,-3.660,1
2026-01-31 17:45:57,7482054,3131.000,1720.000,7557.000,30.000,18.000,14.000,0.000,-3.660,1
2026-01-31 17:45:57,7482094,3119.000,1708.000,7585.000,-5.000,3.000,22.000,0.000,-3.660,1
2026-01-31 17:45:57,7482134,3133.000,1693.000,7563.000,-13.000,-12.000,18.000,0.000,-3.660,1
2026-01-31 17:45:57,7482174,3133.000,1708.000,7562.000,-1.000,-8.000,17.000,0.000,-3.660,1
2026-01-31 17:45:57,7482214,3111.000,1734.000,7553.000,-6.000,-5.000,17.000,0.000,-3.660,1
2026-01-31 17:45:57,7482254,3136.000,1725.000,7546.000,-1.000,-7.000,14.000,0.000,-3.660,1
2026-01-31 17:45:57,7482294,3149.000,1716.000,7549.000,-2.000,-2.000,11.000,0.000,-3.660,1
2026-01-31 17:45:57,7482334,3143.000,1699.000,7559.000,-2.000,1.000,11.000,0.000,-3.660,1
2026-01-31 17:45:57,7482374,3138.000,1686.000,7554.000,-4.000,-2.000,14.000,0.000,-3.660,1
2026-01-31 17:45:57,7482414,3138.000,1714.000,7556.000,5.000,-4.000,16.000,0.000,-3.660,1
2026-01-31 17:45:57,7482454,3144.000,1714.000,7559.000,6.000,-3.000,16.000,0.000,-3.660,1
2026-01-31 17:45:57,7482494,3147.000,1727.000,7565.000,3.000,-2.000,16.000,0.000,-3.660,1
2026-01-31 17:45:57,7482534,3131.000,1715.000,7567.000,0.000,1.000,15.000,0.000,-3.660,1
2026-01-31 17:45:57,7482574,3125.000,1708.000,7574.000,-13.000,-1.000,17.000,0.000,-3.660,1
2026-01-31 17:45:57,7482614,3129.000,1706.000,7544.000,-2.000,-10.000,8.000,0.000,-3.660,1
2026-01-31 17:45:57,7482654,3157.000,1697.000,7530.000,-21.000,-13.000,15.000,0.000,-3.660,1
2026-01-31 17:45:57,7482694,3136.000,1736.000,7533.000,39.000,11.000,12.000,0.000,-3.660,1
2026-01-31 17:45:58,7482734,3108.000,1721.000,7580.000,0.000,19.000,23.000,0.000,-3.660,1
2026-01-31 17:45:58,7482774,3145.000,1711.000,7560.000,0.000,14.000,16.000,0.000,-3.660,1
2026-01-31 17:45:58,7482814,3102.000,1696.000,7584.000,-1.000,-7.000,12.000,0.000,-6.600,1
2026-01-31 17:45:58,7482854,3138.000,1693.000,7530.000,-14.000,-18.000,6.000,0.000,-6.600,1
2026-01-31 17:45:58,7482894,3156.000,1741.000,7550.000,14.000,-4.000,10.000,0.000,-6.600,1
2026-01-31 17:45:58,7482934,3140.000,1694.000,7545.000,2.000,13.000,17.000,0.000,-6.600,1
2026-01-31 17:45:58,7482974,3127.000,1718.000,7565.000,23.000,9.000,15.000,0.000,-6.600,1
2026-01-31 17:45:58,7483014,3127.000,1718.000,7588.000,7.000,-5.000,25.000,0.000,-6.600,1
2026-01-31 17:45:58,7483054,3127.000,1677.000,7569.000,-31.000,-13.000,24.000,0.000,-6.600,1
2026-01-31 17:45:58,7483094,3124.000,1713.000,7554.000,-14.000,-11.000,17.000,0.000,-6.600,1
2026-01-31 17:45:58,7483134,3118.000,1705.000,7534.000,1.000,-2.000,17.000,0.000,-6.600,1
2026-01-31 17:45:58,7483174,3131.000,1736.000,7563.000,3.000,-5.000,13.000,0.000,-6.600,1
2026-01-31 17:45:58,7483214,3148.000,1705.000,7557.000,5.000,0.000,13.000,0.000,-6.600,1
2026-01-31 17:45:58,7483254,3139.000,1711.000,7554.000,-4.000,-2.000,15.000,0.000,-6.600,1
2026-01-31 17:45:58,7483294,3135.000,1708.000,7556.000,-5.000,-4.000,14.000,0.000,-6.600,1
2026-01-31 17:45:58,7483334,3129.000,1713.000,7564.000,4.000,-3.000,19.000,0.000,-6.600,1
2026-01-31 17:45:58,7483374,3128.000,1714.000,7557.000,0.000,0.000,14.000,0.000,-6.600,1
2026-01-31 17:45:58,7483414,3136.000,1723.000,7556.000,-5.000,1.000,15.000,0.000,-6.600,1
2026-01-31 17:45:58,7483454,3131.000,1704.000,7559.000,0.000,-2.000,14.000,0.000,-6.600,1
2026-01-31 17:45:58,7483494,3141.000,1718.000,7562.000,-14.000,-7.000,16.000,0.000,-6.600,1
2026-01-31 17:45:58,7483534,3138.000,1725.000,7565.000,-5.000,-12.000,9.000,0.000,-6.600,1
2026-01-31 17:45:58,7483574,3144.000,1709.000,7513.000,-29.000,13.000,10.000,0.000,-6.600,1
2026-01-31 17:45:58,7483614,3106.000,1728.000,7597.000,14.000,19.000,19.000,0.000,-6.600,1
2026-01-31 17:45:58,7483654,3135.000,1708.000,7567.000,-22.000,14.000,23.000,0.000,-6.600,1
2026-01-31 17:45:58,7483694,3127.000,1705.000,7556.000,-5.000,6.000,18.000,0.000,-6.600,1
2026-01-31 17:45:59,7483734,3089.000,1702.000,7574.000,-10.000,-7.000,16.000,0.000,-6.600,1
2026-01-31 17:45:59,7483774,3139.000,1702.000,7521.000,-7.000,-14.000,8.000,0.000,-6.600,1
2026-01-31 17:45:59,7483814,3150.000,1736.000,7562.000,10.000,-3.000,5.000,0.000,-13.330,1
2026-01-31 17:45:59,7483854,3130.000,1684.000,7551.000,1.000,11.000,13.000,0.000,-13.330,1
2026-01-31 17:45:59,7483894,3122.000,1711.000,7575.000,19.000,8.000,18.000,0.000,-13.330,1
2026-01-31 17:45:59,7483934,3122.000,1712.000,7582.000,-5.000,-3.000,17.000,0.000,-13.330,1
2026-01-31 17:45:59,7483974,3134.000,1706.000,7568.000,-15.000,-17.000,18.000,0.000,-13.330,1
2026-01-31 17:45:59,7484014,3127.000,1713.000,7550.000,-15.000,-15.000,18.000,0.000,-13.330,1
2026-01-31 17:45:59,7484054,3141.000,1745.000,7548.000,9.000,-8.000,13.000,0.000,-13.330,1
2026-01-31 17:45:59,7484094,3143.000,1704.000,7555.000,-6.000,-4.000,18.000,0.000,-13.330,1
2026-01-31 17:45:59,7484134,3132.000,1704.000,7561.000,4.000,0.000,16.000,0.000,-13.330,1
2026-01-31 17:45:59,7484174,3124.000,1686.000,7558.000,-1.000,-10.000,18.000,0.000,-13.330,1
2026-01-31 17:45:59,7484214,3125.000,1716.000,7565.000,2.000,-12.000,20.000,0.000,-13.330,1
2026-01-31 17:45:59,7484254,3126.000,1700.000,7554.000,-15.000,-14.000,23.000,0.000,-13.330,1
2026-01-31 17:45:59,7484294,3129.000,1723.000,7560.000,-9.000,-12.000,15.000,0.000,-13.330,1
2026-01-31 17:45:59,7484334,3138.000,1717.000,7567.000,-4.000,-12.000,14.000,0.000,-13.330,1
2026-01-31 17:45:59,7484374,3134.000,1699.000,7577.000,-17.000,-11.000,19.000,0.000,-13.330,1
2026-01-31 17:45:59,7484414,3132.000,1668.000,7551.000,-25.000,-16.000,21.000,0.000,-13.330,1
2026-01-31 17:45:59,7484454,3143.000,1724.000,7566.000,14.000,-22.000,13.000,0.000,-13.330,1
2026-01-31 17:45:59,7484494,3158.000,1668.000,7497.000,-31.000,-6.000,21.000,0.000,-13.330,1
2026-01-31 17:45:59,7484534,3132.000,1758.000,7573.000,38.000,16.000,20.000,0.000,-13.330,1
2026-01-31 17:45:59,7484574,3114.000,1683.000,7575.000,-25.000,13.000,26.000,0.000,-13.330,1
2026-01-31 17:45:59,7484614,3138.000,1682.000,7565.000,-11.000,3.000,17.000,0.000,-13.330,1
2026-01-31 17:45:59,7484654,3114.000,1688.000,7573.000,-2.000,-12.000,10.000,0.000,-13.330,1
2026-01-31 17:45:59,7484694,3139.000,1687.000,7534.000,-14.000,-22.000,9.000,0.000,-13.330,1
2026-01-31 17:46:00,7484734,3161.000,1721.000,7553.000,10.000,3.000,18.000,0.000,-13.330,1
2026-01-31 17:46:00,7484774,3136.000,1703.000,7569.000,18.000,11.000,16.000,0.000,-13.330,1
2026-01-31 17:46:00,7484814,3129.000,1714.000,7585.000,-5.000,-2.000,20.000,0.000,0.000,1
2026-01-31 17:46:00,7484854,3123.000,1675.000,7574.000,-26.000,-17.000,19.000,0.000,0.000,1
2026-01-31 17:46:00,7484894,3145.000,1689.000,7556.000,-11.000,-18.000,18.000,0.000,0.000,1
2026-01-31 17:46:00,7484934,3131.000,1709.000,7552.000,-8.000,-16.000,15.000,0.000,0.000,1
2026-01-31 17:46:00,7484974,3143.000,1705.000,7548.000,-11.000,-16.000,16.000,0.000,0.000,1
2026-01-31 17:46:00,7485014,3159.000,1699.000,7563.000,-9.000,-12.000,15.000,0.000,0.000,1
2026-01-31 17:46:00,7485054,3162.000,1693.000,7562.000,-6.000,-10.000,14.000,0.000,0.000,1
2026-01-31 17:46:00,7485094,3147.000,1692.000,7553.000,-9.000,-9.000,19.000,0.000,0.000,1
2026-01-31 17:46:00,7485134,3144.000,1691.000,7553.000,1.000,-8.000,23.000,0.000,0.000,1
2026-01-31 17:46:00,7485174,3149.000,1698.000,7549.000,4.000,-7.000,19.000,0.000,0.000,1
2026-01-31 17:46:00,7485214,3150.000,1703.000,7556.000,-2.000,-3.000,23.000,0.000,0.000,1
2026-01-31 17:46:00,7485254,3146.000,1692.000,7558.000,1.000,-4.000,21.000,0.000,0.000,1
2026-01-31 17:46:00,7485294,3149.000,1694.000,7559.000,-8.000,-3.000,16.000,0.000,0.000,1
2026-01-31 17:46:00,7485334,3143.000,1692.000,7550.000,12.000,-5.000,9.000,0.000,0.000,1
2026-01-31 17:46:00,7485374,3171.000,1690.000,7543.000,-16.000,-3.000,18.000,0.000,0.000,1
2026-01-31 17:46:00,7485415,3145.000,1726.000,7542.000,40.000,16.000,12.000,0.000,0.000,1
2026-01-31 17:46:00,7485454,3119.000,1692.000,7575.000,-10.000,17.000,26.000,0.000,0.000,1
2026-01-31 17:46:00,7485494,3151.000,1687.000,7566.000,19.000,13.000,16.000,0.000,0.000,1
2026-01-31 17:46:00,7485534,3112.000,1692.000,7574.000,20.000,-2.000,15.000,0.000,0.000,1
2026-01-31 17:46:00,7485577,3159.000,1698.000,7525.000,2.000,-2.000,10.000,0.000,0.000,1
2026-01-31 17:46:00,7485614,3167.000,1718.000,7547.000,24.000,4.000,12.000,0.000,0.000,1
2026-01-31 17:46:00,7485654,3144.000,1697.000,7562.000,5.000,14.000,19.000,0.000,0.000,1
2026-01-31 17:46:00,7485694,3128.000,1713.000,7576.000,24.000,10.000,20.000,0.000,0.000,1
2026-01-31 17:46:01,7485734,3127.000,1688.000,7571.000,-7.000,-6.000,23.000,0.000,0.000,1
2026-01-31 17:46:01,7485774,3136.000,1699.000,7565.000,-8.000,-10.000,19.000,0.000,0.000,1
2026-01-31 17:46:01,7485814,3137.000,1706.000,7558.000,-4.000,-7.000,20.000,0.000,0.000,1
2026-01-31 17:46:01,7485854,3133.000,1718.000,7543.000,-10.000,-4.000,15.000,0.000,0.000,1
2026-01-31 17:46:01,7485894,3147.000,1700.000,7561.000,4.000,5.000,14.000,0.000,0.000,1
2026-01-31 17:46:01,7485934,3142.000,1696.000,7557.000,9.000,9.000,13.000,0.000,0.000,1
2026-01-31 17:46:01,7485974,3135.000,1685.000,7561.000,1.000,3.000,16.000,0.000,0.000,1
2026-01-31 17:46:01,7486014,3134.000,1712.000,7557.000,6.000,-1.000,16.000,0.000,0.000,1
2026-01-31 17:46:01,7486054,3133.000,1689.000,7555.000,4.000,-1.000,19.000,0.000,0.000,1
2026-01-31 17:46:01,7486094,3144.000,1729.000,7567.000,16.000,0.000,14.000,0.000,0.000,1
2026-01-31 17:46:01,7486134,3136.000,1702.000,7565.000,-9.000,2.000,18.000,0.000,0.000,1
2026-01-31 17:46:01,7486174,3136.000,1713.000,7561.000,4.000,-1.000,13.000,0.000,0.000,1
2026-01-31 17:46:01,7486214,3136.000,1683.000,7547.000,-13.000,-4.000,15.000,0.000,0.000,1
2026-01-31 17:46:01,7486254,3165.000,1701.000,7542.000,-15.000,-11.000,15.000,0.000,0.000,1
2026-01-31 17:46:01,7486294,3148.000,1730.000,7532.000,35.000,12.000,14.000,0.000,0.000,1
2026-01-31 17:46:01,7486334,3112.000,1713.000,7581.000,4.000,20.000,26.000,0.000,0.000,1
2026-01-31 17:46:01,7486374,3146.000,1706.000,7555.000,4.000,18.000,18.000,0.000,0.000,1
2026-01-31 17:46:01,7486414,3116.000,1692.000,7584.000,9.000,10.000,14.000,0.000,0.000,1
2026-01-31 17:46:01,7486454,3099.000,1710.000,7566.000,3.000,-10.000,11.000,0.000,0.000,1
2026-01-31 17:46:01,7486494,3141.000,1702.000,7520.000,-3.000,-10.000,9.000,0.000,0.000,1
2026-01-31 17:46:01,7486534,3145.000,1725.000,7569.000,22.000,3.000,16.000,0.000,0.000,1
2026-01-31 17:46:01,7486574,3131.000,1708.000,7562.000,18.000,13.000,13.000,0.000,0.000,1
2026-01-31 17:46:01,7486614,3128.000,1725.000,7583.000,7.000,1.000,17.000,0.000,0.000,1
2026-01-31 17:46:01,7486654,3134.000,1695.000,7557.000,-14.000,-13.000,17.000,0.000,0.000,1
2026-01-31 17:46:01,7486694,3133.000,1705.000,7550.000,-6.000,-7.000,15.000,0.000,0.000,1
2026-01-31 17:46:02,7486734,3120.000,1710.000,7548.000,-7.000,-4.000,16.000,0.000,0.000,1
2026-01-31 17:46:02,7486774,3141.000,1722.000,7550.000,12.000,-2.000,17.000,0.000,0.000,1
2026-01-31 17:46:02,7486814,3140.000,1710.000,7565.000,3.000,3.000,19.000,0.000,0.000,1
2026-01-31 17:46:02,7486854,3133.000,1722.000,7576.000,8.000,2.000,16.000,0.000,0.000,1
2026-01-31 17:46:02,7486894,3117.000,1703.000,7560.000,-10.000,2.000,20.000,0.000,0.000,1
2026-01-31 17:46:02,7486934,3112.000,1699.000,7569.000,3.000,0.000,17.000,0.000,0.000,1
2026-01-31 17:46:02,7486974,3116.000,1720.000,7562.000,3.000,-5.000,13.000,0.000,0.000,1
2026-01-31 17:46:02,7487014,3138.000,1718.000,7557.000,-2.000,-12.000,12.000,0.000,0.000,1
2026-01-31 17:46:02,7487054,3140.000,1690.000,7558.000,-13.000,-9.000,17.000,0.000,0.000,1
2026-01-31 17:46:02,7487094,3154.000,1721.000,7576.000,10.000,-8.000,12.000,0.000,0.000,1
2026-01-31 17:46:02,7487134,3158.000,1671.000,7515.000,-25.000,-1.000,19.000,0.000,0.000,1
2026-01-31 17:46:02,7487174,3122.000,1749.000,7571.000,55.000,16.000,17.000,0.000,0.000,1
2026-01-31 17:46:02,7487214,3109.000,1701.000,7583.000,-17.000,13.000,28.000,0.000,0.000,1
2026-01-31 17:46:02,7487254,3138.000,1697.000,7558.000,1.000,5.000,19.000,0.000,0.000,1
2026-01-31 17:46:02,7487294,3098.000,1701.000,7570.000,10.000,-1.000,16.000,0.000,0.000,1
2026-01-31 17:46:02,7487334,3113.000,1723.000,7551.000,-3.000,-13.000,10.000,0.000,0.000,1
2026-01-31 17:46:02,7487374,3153.000,1732.000,7546.000,10.000,-5.000,7.000,0.000,0.000,1
2026-01-31 17:46:02,7487417,3117.000,1731.000,7564.000,25.000,10.000,18.000,0.000,0.000,1
2026-01-31 17:46:02,7487456,3113.000,1701.000,7574.000,-14.000,-4.000,22.000,0.000,0.000,1
2026-01-31 17:46:02,7487494,3114.000,1691.000,7569.000,-15.000,-10.000,21.000,0.000,0.000,1
2026-01-31 17:46:02,7487534,3131.000,1695.000,7574.000,-8.000,-13.000,18.000,0.000,0.000,1
2026-01-31 17:46:02,7487577,3113.000,1728.000,7559.000,-5.000,-7.000,14.000,0.000,0.000,1
2026-01-31 17:46:02,7487614,3128.000,1725.000,7560.000,-1.000,-7.000,13.000,0.000,0.000,1
2026-01-31 17:46:02,7487654,3144.000,1705.000,7552.000,-9.000,-10.000,15.000,0.000,0.000,1
2026-01-31 17:46:02,7487694,3151.000,1712.000,7561.000,6.000,-1.000,15.000,0.000,0.000,1
2026-01-31 17:46:03,7487734,3140.000,1686.000,7563.000,-6.000,2.000,16.000,0.000,0.000,1
2026-01-31 17:46:03,7487774,3131.000,1716.000,7564.000,5.000,-1.000,18.000,0.000,0.000,1
2026-01-31 17:46:03,7487814,3134.000,1734.000,7557.000,5.000,-4.000,18.000,0.000,0.000,1
2026-01-31 17:46:03,7487854,3131.000,1724.000,7565.000,-4.000,-2.000,24.000,0.000,0.000,1
2026-01-31 17:46:03,7487894,3116.000,1717.000,7562.000,6.000,-1.000,21.000,0.000,0.000,1
2026-01-31 17:46:03,7487934,3117.000,1707.000,7563.000,-9.000,-6.000,23.000,0.000,0.000,1
2026-01-31 17:46:03,7487974,3126.000,1709.000,7567.000,-4.000,-13.000,14.000,0.000,0.000,1
2026-01-31 17:46:03,7488014,3142.000,1702.000,7513.000,-3.000,-7.000,15.000,0.000,0.000,1
2026-01-31 17:46:03,7488054,3106.000,1755.000,7570.000,38.000,14.000,18.000,0.000,0.000,1
2026-01-31 17:46:03,7488094,3122.000,1697.000,7573.000,-19.000,10.000,27.000,0.000,0.000,1
2026-01-31 17:46:03,7488134,3134.000,1708.000,7569.000,7.000,9.000,18.000,0.000,0.000,1
2026-01-31 17:46:03,7488174,3108.000,1685.000,7567.000,-6.000,-15.000,10.000,0.000,0.000,1
2026-01-31 17:46:03,7488214,3146.000,1731.000,7544.000,6.000,-15.000,7.000,0.000,0.000,1
2026-01-31 17:46:03,7488254,3153.000,1723.000,7562.000,5.000,-3.000,15.000,0.000,0.000,1
2026-01-31 17:46:03,7488294,3137.000,1718.000,7554.000,12.000,8.000,16.000,0.000,0.000,1
2026-01-31 17:46:03,7488334,3122.000,1720.000,7580.000,5.000,-2.000,20.000,0.000,0.000,1
2026-01-31 17:46:03,7488374,3124.000,1691.000,7575.000,-21.000,-14.000,21.000,0.000,0.000,1
2026-01-31 17:46:03,7488414,3130.000,1703.000,7556.000,-15.000,-16.000,18.000,0.000,0.000,1
2026-01-31 17:46:03,7488454,3116.000,1725.000,7553.000,-9.000,-12.000,22.000,0.000,0.000,1
2026-01-31 17:46:03,7488494,3124.000,1732.000,7551.000,-8.000,-11.000,20.000,0.000,0.000,1
2026-01-31 17:46:03,7488534,3127.000,1719.000,7576.000,-7.000,-14.000,20.000,0.000,0.000,1
2026-01-31 17:46:03,7488574,3121.000,1700.000,7563.000,-15.000,-7.000,19.000,0.000,0.000,1
2026-01-31 17:46:03,7488614,3124.000,1698.000,7564.000,-10.000,-10.000,16.000,0.000,0.000,1
2026-01-31 17:46:03,7488654,3126.000,1704.000,7565.000,-6.000,-14.000,18.000,0.000,0.000,1
2026-01-31 17:46:03,7488694,3135.000,1724.000,7572.000,-11.000,-17.000,14.000,0.000,0.000,1
2026-01-31 17:46:04,7488734,3144.000,1703.000,7553.000,-22.000,-17.000,17.000,0.000,0.000,1
2026-01-31 17:46:04,7488774,3149.000,1705.000,7564.000,-14.000,-10.000,20.000,0.000,0.000,1
2026-01-31 17:46:04,7488814,3144.000,1675.000,7565.000,-28.000,-14.000,21.000,0.000,0.000,1
2026-01-31 17:46:04,7488854,3146.000,1706.000,7565.000,1.000,-21.000,10.000,0.000,0.000,1
2026-01-31 17:46:04,7488894,3167.000,1679.000,7529.000,-27.000,-22.000,17.000,0.000,0.000,1
2026-01-31 17:46:04,7488934,3127.000,1727.000,7592.000,-7.000,0.000,23.000,0.000,0.000,1
2026-01-31 17:46:04,7488974,3152.000,1681.000,7549.000,-31.000,-2.000,24.000,0.000,0.000,1
2026-01-31 17:46:04,7489014,3133.000,1676.000,7558.000,-16.000,-5.000,18.000,0.000,0.000,1
2026-01-31 17:46:04,7489054,3106.000,1707.000,7570.000,3.000,-20.000,12.000,0.000,0.000,1
2026-01-31 17:46:04,7489094,3137.000,1685.000,7527.000,-23.000,-26.000,10.000,0.000,0.000,1
2026-01-31 17:46:04,7489134,3158.000,1728.000,7569.000,7.000,-10.000,10.000,0.000,0.000,1
2026-01-31 17:46:04,7489174,3152.000,1681.000,7555.000,-9.000,2.000,16.000,0.000,0.000,1
2026-01-31 17:46:04,7489214,3146.000,1708.000,7596.000,-3.000,-10.000,20.000,0.000,0.000,1
2026-01-31 17:46:04,7489254,3147.000,1668.000,7559.000,-35.000,-25.000,20.000,0.000,0.000,1
2026-01-31 17:46:04,7489294,3146.000,1687.000,7558.000,-14.000,-22.000,16.000,0.000,0.000,1
2026-01-31 17:46:04,7489334,3148.000,1690.000,7555.000,-15.000,-19.000,17.000,0.000,0.000,1
2026-01-31 17:46:04,7489374,3158.000,1684.000,7547.000,-21.000,-9.000,17.000,0.000,0.000,1
2026-01-31 17:46:04,7489414,3165.000,1679.000,7555.000,-11.000,-11.000,18.000,0.000,0.000,1
2026-01-31 17:46:04,7489454,3158.000,1692.000,7554.000,-3.000,-1.000,18.000,0.000,0.000,1
2026-01-31 17:46:04,7489494,3162.000,1663.000,7545.000,-14.000,-8.000,19.000,0.000,0.000,1
2026-01-31 17:46:04,7489534,3147.000,1683.000,7551.000,2.000,1.000,17.000,0.000,0.000,1
2026-01-31 17:46:04,7489577,3147.000,1694.000,7563.000,11.000,8.000,16.000,0.000,0.000,1
2026-01-31 17:46:04,7489614,3143.000,1692.000,7556.000,7.000,9.000,21.000,0.000,0.000,1
2026-01-31 17:46:04,7489654,3144.000,1686.000,7568.000,11.000,7.000,14.000,0.000,0.000,1
2026-01-31 17:46:04,7489694,3149.000,1670.000,7542.000,10.000,3.000,3.000,0.000,0.000,1
2026-01-31 17:46:05,7489734,3173.000,1717.000,7559.000,16.000,0.000,7.000,0.000,0.000,1
2026-01-31 17:46:05,7489774,3171.000,1688.000,7526.000,8.000,13.000,10.000,0.000,0.000,1
2026-01-31 17:46:05,7489814,3128.000,1695.000,7556.000,19.000,26.000,21.000,0.000,0.000,1
2026-01-31 17:46:05,7489854,3149.000,1669.000,7537.000,6.000,21.000,22.000,0.000,0.000,1
2026-01-31 17:46:05,7489894,3148.000,1695.000,7561.000,23.000,21.000,10.000,0.000,0.000,1
2026-01-31 17:46:05,7489934,3127.000,1677.000,7569.000,34.000,4.000,10.000,0.000,0.000,1
2026-01-31 17:46:05,7489974,3146.000,1710.000,7534.000,11.000,4.000,10.000,0.000,0.000,1
2026-01-31 17:46:05,7490014,3150.000,1746.000,7581.000,46.000,7.000,9.000,0.000,0.000,1
2026-01-31 17:46:05,7490054,3143.000,1707.000,7563.000,2.000,11.000,19.000,0.000,0.000,1
2026-01-31 17:46:05,7490094,3114.000,1703.000,7576.000,6.000,1.000,23.000,0.000,0.000,1
2026-01-31 17:46:05,7490134,3134.000,1696.000,7564.000,-8.000,-4.000,16.000,0.000,0.000,1
2026-01-31 17:46:05,7490174,3136.000,1690.000,7547.000,4.000,-5.000,14.000,0.000,0.000,1
2026-01-31 17:46:05,7490214,3125.000,1709.000,7561.000,5.000,-3.000,14.000,0.000,0.000,1
2026-01-31 17:46:05,7490254,3136.000,1713.000,7556.000,7.000,-2.000,13.000,0.000,0.000,1
2026-01-31 17:46:05,7490294,3145.000,1716.000,7563.000,0.000,0.000,16.000,0.000,0.000,1
2026-01-31 17:46:05,7490334,3145.000,1702.000,7559.000,6.000,5.000,15.000,0.000,0.000,1
2026-01-31 17:46:05,7490374,3142.000,1697.000,7558.000,4.000,-3.000,16.000,0.000,0.000,1
2026-01-31 17:46:05,7490414,3133.000,1695.000,7567.000,6.000,0.000,17.000,0.000,0.000,1
2026-01-31 17:46:05,7490454,3132.000,1702.000,7558.000,5.000,1.000,19.000,0.000,0.000,1
2026-01-31 17:46:05,7490494,3131.000,1710.000,7570.000,1.000,0.000,19.000,0.000,0.000,1
2026-01-31 17:46:05,7490534,3133.000,1724.000,7574.000,13.000,0.000,16.000,0.000,0.000,1
2026-01-31 17:46:05,7490574,3133.000,1698.000,7562.000,-19.000,-4.000,19.000,0.000,0.000,1
2026-01-31 17:46:05,7490614,3143.000,1729.000,7566.000,15.000,-9.000,10.000,0.000,0.000,1
2026-01-31 17:46:05,7490654,3157.000,1686.000,7511.000,-20.000,-6.000,21.000,0.000,0.000,1
2026-01-31 17:46:05,7490694,3127.000,1741.000,7558.000,43.000,18.000,16.000,0.000,0.000,1
2026-01-31 17:46:06,7490734,3108.000,1693.000,7589.000,-6.000,21.000,27.000,0.000,0.000,1
2026-01-31 17:46:06,7490774,3130.000,1702.000,7573.000,4.000,15.000,19.000,0.000,0.000,1
2026-01-31 17:46:06,7490814,3106.000,1713.000,7573.000,10.000,0.000,11.000,0.000,0.000,1
2026-01-31 17:46:06,7490854,3147.000,1713.000,7536.000,-2.000,-11.000,6.000,0.000,0.000,1
2026-01-31 17:46:06,7490894,3151.000,1720.000,7555.000,12.000,-1.000,10.000,0.000,0.000,1
2026-01-31 17:46:06,7490934,3133.000,1715.000,7561.000,13.000,12.000,12.000,0.000,0.000,1
2026-01-31 17:46:06,7490974,3124.000,1703.000,7575.000,4.000,7.000,20.000,0.000,0.000,1
2026-01-31 17:46:06,7491014,3125.000,1701.000,7585.000,3.000,-3.000,21.000,0.000,0.000,1
2026-01-31 17:46:06,7491054,3126.000,1705.000,7567.000,-10.000,-10.000,20.000,0.000,0.000,1
2026-01-31 17:46:06,7491094,3115.000,1711.000,7556.000,-8.000,-7.000,18.000,0.000,0.000,1
2026-01-31 17:46:06,7491134,3124.000,1716.000,7550.000,-2.000,-2.000,17.000,0.000,0.000,1
2026-01-31 17:46:06,7491174,3132.000,1731.000,7557.000,5.000,1.000,13.000,0.000,0.000,1
2026-01-31 17:46:06,7491214,3127.000,1703.000,7564.000,-1.000,5.000,14.000,0.000,0.000,1
2026-01-31 17:46:06,7491254,3119.000,1701.000,7568.000,-7.000,-3.000,18.000,0.000,0.000,1
2026-01-31 17:46:06,7491294,3126.000,1713.000,7553.000,-1.000,0.000,15.000,0.000,0.000,1
2026-01-31 17:46:06,7491334,3123.000,1702.000,7553.000,5.000,1.000,15.000,0.000,0.000,1
2026-01-31 17:46:06,7491374,3124.000,1725.000,7565.000,14.000,-3.000,13.000,0.000,0.000,1
2026-01-31 17:46:06,7491417,3124.000,1698.000,7580.000,-7.000,3.000,13.000,0.000,0.000,1
2026-01-31 17:46:06,7491456,3128.000,1700.000,7575.000,-9.000,0.000,17.000,0.000,0.000,1
2026-01-31 17:46:06,7491497,3125.000,1717.000,7572.000,-2.000,-10.000,9.000,0.000,0.000,1
2026-01-31 17:46:06,7491534,3143.000,1715.000,7553.000,-12.000,-11.000,9.000,0.000,0.000,1
2026-01-31 17:46:06,7491578,3116.000,1728.000,7571.000,35.000,27.000,20.000,0.000,0.000,1
2026-01-31 17:46:06,7491614,3105.000,1721.000,7586.000,8.000,26.000,22.000,0.000,0.000,1
2026-01-31 17:46:06,7491654,3123.000,1695.000,7574.000,-13.000,23.000,19.000,0.000,0.000,1
2026-01-31 17:46:06,7491694,3102.000,1687.000,7576.000,3.000,9.000,6.000,0.000,0.000,1
2026-01-31 17:46:07,7491734,3100.000,1691.000,7545.000,-5.000,0.000,-1.000,0.000,0.000,1
2026-01-31 17:46:07,7491774,3114.000,1741.000,7556.000,8.000,14.000,-20.000,0.000,0.000,1
2026-01-31 17:46:07,7491814,3149.000,1729.000,7573.000,40.000,6.000,1.000,0.000,0.000,1
2026-01-31 17:46:07,7491854,3098.000,1722.000,7594.000,8.000,8.000,17.000,0.000,0.000,1
2026-01-31 17:46:07,7491894,3084.000,1727.000,7590.000,4.000,-8.000,18.000,0.000,0.000,1
2026-01-31 17:46:07,7491934,3120.000,1698.000,7553.000,-24.000,-13.000,18.000,0.000,0.000,1
2026-01-31 17:46:07,7491974,3119.000,1723.000,7575.000,2.000,-8.000,13.000,0.000,0.000,1
2026-01-31 17:46:07,7492014,3107.000,1714.000,7560.000,-9.000,-12.000,16.000,0.000,0.000,1
2026-01-31 17:46:07,7492054,3120.000,1722.000,7551.000,-6.000,-8.000,17.000,0.000,0.000,1
2026-01-31 17:46:07,7492094,3135.000,1708.000,7568.000,18.000,1.000,18.000,0.000,0.000,1
2026-01-31 17:46:07,7492134,3113.000,1726.000,7575.000,6.000,2.000,19.000,0.000,0.000,1
2026-01-31 17:46:07,7492174,3116.000,1701.000,7562.000,-11.000,-8.000,23.000,0.000,0.000,1
2026-01-31 17:46:07,7492214,3116.000,1714.000,7559.000,11.000,-6.000,21.000,0.000,0.000,1
2026-01-31 17:46:07,7492254,3104.000,1734.000,7567.000,13.000,-4.000,18.000,0.000,0.000,1
2026-01-31 17:46:07,7492294,3103.000,1728.000,7574.000,-6.000,-6.000,22.000,0.000,0.000,1
2026-01-31 17:46:07,7492334,3110.000,1723.000,7562.000,6.000,-8.000,19.000,0.000,0.000,1
2026-01-31 17:46:07,7492374,3118.000,1696.000,7562.000,-8.000,-18.000,14.000,0.000,0.000,1
2026-01-31 17:46:07,7492414,3139.000,1720.000,7570.000,-9.000,-24.000,15.000,0.000,0.000,1
2026-01-31 17:46:07,7492454,3131.000,1712.000,7523.000,9.000,-9.000,16.000,0.000,0.000,1
2026-01-31 17:46:07,7492494,3088.000,1739.000,7597.000,21.000,6.000,23.000,0.000,0.000,1
2026-01-31 17:46:07,7492534,3116.000,1710.000,7584.000,-14.000,-12.000,28.000,0.000,0.000,1
2026-01-31 17:46:07,7492574,3125.000,1705.000,7564.000,-19.000,-20.000,23.000,0.000,0.000,1
2026-01-31 17:46:07,7492614,3109.000,1692.000,7572.000,-11.000,-26.000,16.000,0.000,0.000,1
2026-01-31 17:46:07,7492654,3133.000,1711.000,7545.000,-10.000,-35.000,10.000,0.000,0.000,1
2026-01-31 17:46:07,7492694,3155.000,1731.000,7562.000,-1.000,-26.000,12.000,0.000,0.000,1
2026-01-31 17:46:08,7492734,3134.000,1712.000,7572.000,-8.000,-12.000,23.000,0.000,0.000,1
2026-01-31 17:46:08,7492774,3116.000,1706.000,7585.000,-28.000,-24.000,34.000,0.000,0.000,1
2026-01-31 17:46:08,7492814,3115.000,1697.000,7569.000,-31.000,-41.000,31.000,0.000,0.000,1
2026-01-31 17:46:08,7492854,3128.000,1694.000,7551.000,-30.000,-47.000,25.000,0.000,0.000,1
2026-01-31 17:46:08,7492894,3129.000,1717.000,7558.000,-18.000,-42.000,20.000,0.000,0.000,1
2026-01-31 17:46:08,7492934,3140.000,1707.000,7560.000,-27.000,-38.000,20.000,0.000,0.000,1
2026-01-31 17:46:08,7492974,3145.000,1695.000,7561.000,-25.000,-38.000,22.000,0.000,0.000,1
2026-01-31 17:46:08,7493014,3153.000,1689.000,7560.000,-25.000,-37.000,21.000,0.000,0.000,1
2026-01-31 17:46:08,7493054,3161.000,1686.000,7560.000,-35.000,-41.000,19.000,0.000,0.000,1
2026-01-31 17:46:08,7493094,3173.000,1668.000,7541.000,-32.000,-48.000,20.000,0.000,0.000,1
2026-01-31 17:46:08,7493134,3165.000,1698.000,7556.000,-28.000,-45.000,25.000,0.000,0.000,1
2026-01-31 17:46:08,7493174,3178.000,1688.000,7563.000,-29.000,-47.000,22.000,0.000,0.000,1
2026-01-31 17:46:08,7493214,3172.000,1651.000,7527.000,-43.000,-47.000,21.000,0.000,0.000,1
2026-01-31 17:46:08,7493254,3181.000,1704.000,7537.000,3.000,-45.000,7.000,0.000,0.000,1
2026-01-31 17:46:08,7493294,3191.000,1660.000,7553.000,-45.000,-42.000,30.000,0.000,0.000,1
2026-01-31 17:46:08,7493334,3154.000,1701.000,7585.000,-5.000,-38.000,22.000,0.000,0.000,1
2026-01-31 17:46:08,7493377,3192.000,1661.000,7529.000,-35.000,-36.000,24.000,0.000,0.000,1
2026-01-31 17:46:08,7493417,3182.000,1663.000,7554.000,-32.000,-35.000,24.000,0.000,0.000,1
2026-01-31 17:46:08,7493454,3142.000,1628.000,7557.000,-37.000,-40.000,25.000,0.000,0.000,1
2026-01-31 17:46:08,7493494,3196.000,1642.000,7492.000,-19.000,-51.000,10.000,0.000,0.000,1
2026-01-31 17:46:08,7493534,3227.000,1694.000,7529.000,10.000,-27.000,10.000,0.000,0.000,1
2026-01-31 17:46:08,7493574,3210.000,1646.000,7557.000,-3.000,-9.000,14.000,0.000,0.000,1
2026-01-31 17:46:08,7493614,3191.000,1658.000,7582.000,-22.000,-16.000,27.000,0.000,0.000,1
2026-01-31 17:46:08,7493654,3196.000,1631.000,7537.000,-43.000,-26.000,28.000,0.000,0.000,1
2026-01-31 17:46:08,7493694,3202.000,1637.000,7537.000,-25.000,-30.000,27.000,0.000,0.000,1
2026-01-31 17:46:09,7493734,3203.000,1656.000,7526.000,-15.000,-26.000,21.000,0.000,0.000,1
2026-01-31 17:46:09,7493774,3219.000,1655.000,7504.000,-10.000,-13.000,19.000,0.000,0.000,1
2026-01-31 17:46:09,7493814,3231.000,1658.000,7501.000,10.000,7.000,15.000,0.000,0.000,1
2026-01-31 17:46:09,7493854,3216.000,1647.000,7512.000,31.000,27.000,14.000,0.000,0.000,1
2026-01-31 17:46:09,7493894,3195.000,1656.000,7540.000,48.000,35.000,10.000,0.000,0.000,1
2026-01-31 17:46:09,7493934,3188.000,1663.000,7545.000,46.000,35.000,15.000,0.000,0.000,1
2026-01-31 17:46:09,7493974,3191.000,1679.000,7556.000,44.000,39.000,14.000,0.000,0.000,1
2026-01-31 17:46:09,7494014,3181.000,1637.000,7517.000,23.000,40.000,10.000,0.000,0.000,1
2026-01-31 17:46:09,7494054,3193.000,1709.000,7544.000,80.000,44.000,5.000,0.000,0.000,1
2026-01-31 17:46:09,7494094,3187.000,1666.000,7557.000,32.000,46.000,13.000,0.000,0.000,1
2026-01-31 17:46:09,7494134,3157.000,1700.000,7566.000,46.000,57.000,14.000,0.000,0.000,1
2026-01-31 17:46:09,7494174,3143.000,1655.000,7556.000,13.000,53.000,21.000,0.000,0.000,1
2026-01-31 17:46:09,7494214,3176.000,1668.000,7553.000,39.000,39.000,11.000,0.000,0.000,1
2026-01-31 17:46:09,7494254,3144.000,1703.000,7565.000,50.000,35.000,6.000,0.000,0.000,1
2026-01-31 17:46:09,7494294,3162.000,1696.000,7533.000,21.000,23.000,5.000,0.000,0.000,1
2026-01-31 17:46:09,7494334,3179.000,1713.000,7554.000,37.000,34.000,11.000,0.000,0.000,1
2026-01-31 17:46:09,7494374,3155.000,1710.000,7555.000,38.000,43.000,13.000,0.000,0.000,1
2026-01-31 17:46:09,7494414,3127.000,1711.000,7579.000,18.000,34.000,18.000,0.000,0.000,1
2026-01-31 17:46:09,7494454,3124.000,1698.000,7562.000,5.000,17.000,18.000,0.000,0.000,1
2026-01-31 17:46:09,7494494,3149.000,1691.000,7554.000,13.000,10.000,15.000,0.000,0.000,1
2026-01-31 17:46:09,7494534,3140.000,1729.000,7560.000,18.000,10.000,13.000,0.000,0.000,1
2026-01-31 17:46:09,7494574,3138.000,1702.000,7557.000,7.000,12.000,13.000,0.000,0.000,1
2026-01-31 17:46:09,7494614,3140.000,1704.000,7566.000,18.000,10.000,19.000,0.000,0.000,1
2026-01-31 17:46:09,7494654,3134.000,1701.000,7572.000,7.000,3.000,14.000,0.000,0.000,1
2026-01-31 17:46:09,7494694,3147.000,1712.000,7560.000,11.000,1.000,9.000,0.000,0.000,1
2026-01-31 17:46:10,7494734,3143.000,1714.000,7560.000,-2.000,2.000,16.000,0.000,0.000,1
2026-01-31 17:46:10,7494774,3142.000,1723.000,7565.000,6.000,3.000,16.000,0.000,0.000,1
2026-01-31 17:46:10,7494814,3131.000,1687.000,7561.000,-7.000,1.000,21.000,0.000,0.000,1
2026-01-31 17:46:10,7494854,3139.000,1737.000,7575.000,15.000,-5.000,14.000,0.000,0.000,1
2026-01-31 17:46:10,7494894,3154.000,1681.000,7519.000,-12.000,0.000,15.000,0.000,0.000,1
2026-01-31 17:46:10,7494934,3125.000,1766.000,7569.000,39.000,17.000,14.000,0.000,0.000,1
2026-01-31 17:46:10,7494974,3109.000,1693.000,7572.000,-16.000,15.000,27.000,0.000,0.000,1
2026-01-31 17:46:10,7495014,3136.000,1696.000,7554.000,0.000,13.000,19.000,0.000,0.000,1
2026-01-31 17:46:10,7495054,3106.000,1705.000,7568.000,11.000,-5.000,13.000,0.000,0.000,1
2026-01-31 17:46:10,7495094,3142.000,1726.000,7543.000,-1.000,-10.000,5.000,0.000,0.000,1
2026-01-31 17:46:10,7495134,3148.000,1736.000,7554.000,7.000,2.000,11.000,0.000,0.000,1
2026-01-31 17:46:10,7495174,3127.000,1710.000,7549.000,3.000,11.000,19.000,0.000,0.000,1
2026-01-31 17:46:10,7495214,3119.000,1736.000,7578.000,13.000,8.000,20.000,0.000,0.000,1
2026-01-31 17:46:10,7495254,3116.000,1704.000,7574.000,-13.000,-3.000,21.000,0.000,0.000,1
2026-01-31 17:46:10,7495294,3136.000,1699.000,7567.000,-14.000,-11.000,14.000,0.000,0.000,1
2026-01-31 17:46:10,7495334,3118.000,1715.000,7562.000,-4.000,-7.000,12.000,0.000,0.000,1
2026-01-31 17:46:10,7495374,3129.000,1717.000,7550.000,-8.000,-9.000,16.000,0.000,0.000,1
2026-01-31 17:46:10,7495414,3139.000,1715.000,7569.000,-8.000,-7.000,14.000,0.000,0.000,1
2026-01-31 17:46:10,7495454,3133.000,1705.000,7547.000,-3.000,-4.000,13.000,0.000,0.000,1
2026-01-31 17:46:10,7495494,3139.000,1701.000,7560.000,-3.000,1.000,16.000,0.000,0.000,1
2026-01-31 17:46:10,7495534,3125.000,1716.000,7576.000,-2.000,-3.000,13.000,0.000,0.000,1
2026-01-31 17:46:10,7495577,3123.000,1712.000,7557.000,-12.000,-2.000,15.000,0.000,0.000,1
2026-01-31 17:46:10,7495614,3125.000,1712.000,7554.000,-7.000,-3.000,13.000,0.000,0.000,1
2026-01-31 17:46:10,7495654,3127.000,1713.000,7557.000,-11.000,-3.000,14.000,0.000,0.000,1
2026-01-31 17:46:10,7495694,3137.000,1728.000,7588.000,3.000,-12.000,11.000,0.000,0.000,1
2026-01-31 17:46:11,7495734,3146.000,1680.000,7512.000,-36.000,-7.000,12.000,0.000,0.000,1
2026-01-31 17:46:11,7495774,3128.000,1735.000,7583.000,30.000,17.000,11.000,0.000,0.000,1
2026-01-31 17:46:11,7495814,3127.000,1696.000,7558.000,-3.000,26.000,23.000,0.000,0.000,1
2026-01-31 17:46:11,7495854,3126.000,1717.000,7584.000,23.000,20.000,17.000,0.000,0.000,1
2026-01-31 17:46:11,7495894,3090.000,1703.000,7586.000,10.000,-4.000,11.000,0.000,0.000,1
2026-01-31 17:46:11,7495934,3128.000,1704.000,7549.000,-6.000,-20.000,10.000,0.000,0.000,1
2026-01-31 17:46:11,7495974,3162.000,1802.000,7573.000,38.000,-9.000,-6.000,0.000,0.000,1
2026-01-31 17:46:11,7496014,3120.000,1700.000,7550.000,5.000,3.000,9.000,0.000,0.000,1
2026-01-31 17:46:11,7496054,3119.000,1738.000,7595.000,13.000,-2.000,17.000,0.000,0.000,1
2026-01-31 17:46:11,7496094,3130.000,1707.000,7579.000,-14.000,-21.000,22.000,0.000,0.000,1
2026-01-31 17:46:11,7496134,3136.000,1689.000,7557.000,-26.000,-29.000,23.000,0.000,0.000,1
2026-01-31 17:46:11,7496174,3120.000,1720.000,7567.000,-11.000,-25.000,21.000,0.000,0.000,1
2026-01-31 17:46:11,7496214,3124.000,1715.000,7558.000,-18.000,-25.000,18.000,0.000,0.000,1
2026-01-31 17:46:11,7496254,3135.000,1705.000,7561.000,-18.000,-28.000,22.000,0.000,0.000,1
2026-01-31 17:46:11,7496294,3137.000,1708.000,7567.000,-11.000,-24.000,16.000,0.000,0.000,1
2026-01-31 17:46:11,7496334,3135.000,1700.000,7558.000,-24.000,-30.000,15.000,0.000,0.000,1
2026-01-31 17:46:11,7496374,3146.000,1700.000,7565.000,-25.000,-37.000,16.000,0.000,0.000,1
2026-01-31 17:46:11,7496414,3139.000,1692.000,7559.000,-34.000,-34.000,23.000,0.000,0.000,1
2026-01-31 17:46:11,7496454,3144.000,1690.000,7547.000,-34.000,-34.000,23.000,0.000,0.000,1
2026-01-31 17:46:11,7496494,3156.000,1692.000,7560.000,-20.000,-33.000,21.000,0.000,0.000,1
2026-01-31 17:46:11,7496534,3156.000,1684.000,7545.000,-21.000,-33.000,13.000,0.000,0.000,1
2026-01-31 17:46:11,7496574,3177.000,1678.000,7546.000,-37.000,-29.000,20.000,0.000,0.000,1
2026-01-31 17:46:11,7496614,3134.000,1720.000,7582.000,-11.000,-23.000,25.000,0.000,0.000,1
2026-01-31 17:46:11,7496654,3133.000,1667.000,7565.000,-66.000,-29.000,32.000,0.000,0.000,1
2026-01-31 17:46:11,7496694,3176.000,1660.000,7541.000,-40.000,-33.000,23.000,0.000,0.000,1
2026-01-31 17:46:12,7496734,3164.000,1661.000,7552.000,-26.000,-43.000,17.000,0.000,0.000,1
2026-01-31 17:46:12,7496774,3160.000,1677.000,7535.000,-31.000,-51.000,9.000,0.000,0.000,1
2026-01-31 17:46:12,7496814,3187.000,1689.000,7537.000,-8.000,-36.000,8.000,0.000,0.000,1
2026-01-31 17:46:12,7496854,3185.000,1685.000,7552.000,-18.000,-18.000,16.000,0.000,0.000,1
2026-01-31 17:46:12,7496894,3164.000,1685.000,7570.000,-15.000,-22.000,21.000,0.000,0.000,1
2026-01-31 17:46:12,7496934,3159.000,1639.000,7545.000,-58.000,-43.000,24.000,0.000,0.000,1
2026-01-31 17:46:12,7496974,3195.000,1665.000,7548.000,-29.000,-48.000,18.000,0.000,0.000,1
2026-01-31 17:46:12,7497014,3198.000,1642.000,7550.000,-23.000,-43.000,17.000,0.000,0.000,1
2026-01-31 17:46:12,7497054,3206.000,1683.000,7544.000,-20.000,-41.000,10.000,0.000,0.000,1
2026-01-31 17:46:12,7497094,3175.000,1662.000,7538.000,-29.000,-32.000,19.000,0.000,0.000,1
2026-01-31 17:46:12,7497134,3226.000,1655.000,7554.000,-10.000,-28.000,15.000,0.000,0.000,1
2026-01-31 17:46:12,7497174,3196.000,1630.000,7536.000,-40.000,-25.000,15.000,0.000,0.000,1
2026-01-31 17:46:12,7497214,3207.000,1662.000,7536.000,-21.000,-29.000,15.000,0.000,0.000,1
2026-01-31 17:46:12,7497254,3205.000,1619.000,7529.000,-43.000,-26.000,26.000,0.000,0.000,1
2026-01-31 17:46:12,7497294,3207.000,1648.000,7536.000,-14.000,-22.000,22.000,0.000,0.000,1
2026-01-31 17:46:12,7497334,3219.000,1636.000,7498.000,4.000,-8.000,6.000,0.000,0.000,1
2026-01-31 17:46:12,7497374,3233.000,1684.000,7530.000,39.000,7.000,10.000,0.000,0.000,1
2026-01-31 17:46:12,7497414,3213.000,1638.000,7531.000,14.000,23.000,16.000,0.000,0.000,1
2026-01-31 17:46:12,7497454,3179.000,1644.000,7531.000,15.000,41.000,22.000,0.000,0.000,1
2026-01-31 17:46:12,7497494,3198.000,1620.000,7517.000,37.000,43.000,14.000,0.000,0.000,1
2026-01-31 17:46:12,7497534,3191.000,1649.000,7550.000,65.000,39.000,5.000,0.000,0.000,1
2026-01-31 17:46:12,7497574,3178.000,1665.000,7552.000,54.000,30.000,2.000,0.000,0.000,1
2026-01-31 17:46:12,7497614,3196.000,1668.000,7509.000,52.000,45.000,-1.000,0.000,0.000,1
2026-01-31 17:46:12,7497654,3208.000,1694.000,7560.000,81.000,61.000,3.000,0.000,0.000,1
2026-01-31 17:46:12,7497694,3161.000,1688.000,7575.000,60.000,67.000,9.000,0.000,0.000,1
2026-01-31 17:46:13,7497734,3143.000,1684.000,7585.000,28.000,42.000,20.000,0.000,0.000,1
2026-01-31 17:46:13,7497774,3158.000,1677.000,7566.000,20.000,31.000,18.000,0.000,0.000,1
2026-01-31 17:46:13,7497814,3163.000,1682.000,7566.000,23.000,26.000,14.000,0.000,0.000,1
2026-01-31 17:46:13,7497854,3152.000,1697.000,7563.000,23.000,30.000,11.000,0.000,0.000,1
2026-01-31 17:46:13,7497894,3155.000,1699.000,7558.000,18.000,29.000,10.000,0.000,0.000,1
2026-01-31 17:46:13,7497934,3153.000,1695.000,7556.000,19.000,23.000,12.000,0.000,0.000,1
2026-01-31 17:46:13,7497974,3144.000,1684.000,7559.000,14.000,24.000,16.000,0.000,0.000,1
2026-01-31 17:46:13,7498014,3141.000,1689.000,7560.000,17.000,18.000,15.000,0.000,0.000,1
2026-01-31 17:46:13,7498054,3150.000,1700.000,7551.000,12.000,14.000,16.000,0.000,0.000,1
2026-01-31 17:46:13,7498094,3141.000,1696.000,7566.000,10.000,11.000,19.000,0.000,0.000,1
2026-01-31 17:46:13,7498134,3139.000,1708.000,7565.000,5.000,12.000,19.000,0.000,0.000,1
2026-01-31 17:46:13,7498174,3142.000,1690.000,7557.000,11.000,5.000,12.000,0.000,0.000,1
2026-01-31 17:46:13,7498214,3164.000,1701.000,7550.000,-5.000,0.000,14.000,0.000,0.000,1
2026-01-31 17:46:13,7498254,3149.000,1707.000,7536.000,28.000,12.000,9.000,0.000,0.000,1
2026-01-31 17:46:13,7498294,3112.000,1710.000,7580.000,11.000,24.000,19.000,0.000,0.000,1
2026-01-31 17:46:13,7498334,3139.000,1693.000,7565.000,-3.000,22.000,24.000,0.000,0.000,1
2026-01-31 17:46:13,7498374,3134.000,1701.000,7572.000,17.000,21.000,12.000,0.000,0.000,1
2026-01-31 17:46:13,7498414,3110.000,1691.000,7574.000,3.000,1.000,9.000,0.000,0.000,1
2026-01-31 17:46:13,7498454,3136.000,1728.000,7564.000,12.000,-8.000,10.000,0.000,0.000,1
2026-01-31 17:46:13,7498494,3130.000,1702.000,7567.000,-7.000,2.000,13.000,0.000,0.000,1
2026-01-31 17:46:13,7498534,3135.000,1699.000,7558.000,-5.000,8.000,12.000,0.000,0.000,1
2026-01-31 17:46:13,7498574,3126.000,1703.000,7581.000,17.000,-1.000,19.000,0.000,0.000,1
2026-01-31 17:46:13,7498614,3131.000,1693.000,7561.000,-13.000,-7.000,20.000,0.000,0.000,1
2026-01-31 17:46:13,7498654,3141.000,1710.000,7558.000,5.000,-8.000,14.000,0.000,0.000,1
2026-01-31 17:46:13,7498694,3122.000,1691.000,7540.000,-3.000,-2.000,18.000,0.000,0.000,1
2026-01-31 17:46:14,7498734,3131.000,1717.000,7569.000,46.000,-8.000,17.000,0.000,0.000,1
2026-01-31 17:46:14,7498774,3121.000,1724.000,7590.000,10.000,-17.000,16.000,0.000,0.000,1
2026-01-31 17:46:14,7498814,3138.000,1703.000,7549.000,-10.000,-21.000,15.000,0.000,0.000,1
2026-01-31 17:46:14,7498854,3142.000,1717.000,7560.000,32.000,-11.000,29.000,0.000,0.000,1
2026-01-31 17:46:14,7498894,3109.000,1705.000,7572.000,0.000,-19.000,24.000,0.000,0.000,1
2026-01-31 17:46:14,7498934,3147.000,1718.000,7532.000,-3.000,-17.000,14.000,0.000,0.000,1
2026-01-31 17:46:14,7498974,3173.000,1708.000,7540.000,1.000,-3.000,14.000,0.000,0.000,1
2026-01-31 17:46:14,7499014,3137.000,1707.000,7561.000,13.000,12.000,21.000,0.000,0.000,1
2026-01-31 17:46:14,7499054,3129.000,1665.000,7548.000,-5.000,1.000,32.000,0.000,0.000,1
2026-01-31 17:46:14,7499094,3147.000,1748.000,7566.000,34.000,-14.000,19.000,0.000,0.000,1
2026-01-31 17:46:14,7499134,3157.000,1699.000,7533.000,-12.000,-18.000,24.000,0.000,0.000,1
2026-01-31 17:46:14,7499174,3152.000,1737.000,7521.000,22.000,17.000,7.000,0.000,0.000,1
2026-01-31 17:46:14,7499214,3129.000,1699.000,7574.000,21.000,31.000,19.000,0.000,0.000,1
2026-01-31 17:46:14,7499254,3121.000,1707.000,7564.000,7.000,22.000,15.000,0.000,0.000,1
2026-01-31 17:46:14,7499294,3132.000,1723.000,7555.000,-20.000,0.000,7.000,0.000,0.000,1
2026-01-31 17:46:14,7499334,3154.000,1724.000,7534.000,-21.000,-12.000,-8.000,0.000,0.000,1
2026-01-31 17:46:14,7499374,3144.000,1698.000,7533.000,-16.000,-1.000,5.000,0.000,0.000,1
2026-01-31 17:46:14,7499417,3119.000,1732.000,7574.000,-15.000,9.000,10.000,0.000,0.000,1
2026-01-31 17:46:14,7499457,3115.000,1737.000,7581.000,-27.000,4.000,8.000,0.000,0.000,1
2026-01-31 17:46:14,7499494,3123.000,1645.000,7563.000,-65.000,-6.000,29.000,0.000,0.000,1
2026-01-31 17:46:14,7499534,3126.000,1710.000,7572.000,-1.000,-18.000,26.000,0.000,0.000,1
2026-01-31 17:46:14,7499577,3112.000,1673.000,7550.000,-26.000,-36.000,16.000,0.000,0.000,1
2026-01-31 17:46:14,7499614,3147.000,1731.000,7546.000,4.000,-35.000,14.000,0.000,0.000,1
2026-01-31 17:46:14,7499654,3159.000,1727.000,7553.000,-24.000,-29.000,17.000,0.000,0.000,1
2026-01-31 17:46:14,7499694,3165.000,1709.000,7567.000,-16.000,-22.000,21.000,0.000,0.000,1
2026-01-31 17:46:15,7499734,3145.000,1700.000,7569.000,-27.000,-28.000,26.000,0.000,0.000,1
2026-01-31 17:46:15,7499774,3148.000,1700.000,7570.000,-24.000,-41.000,26.000,0.000,0.000,1
2026-01-31 17:46:15,7499814,3134.000,1667.000,7561.000,-39.000,-38.000,31.000,0.000,0.000,1
2026-01-31 17:46:15,7499854,3145.000,1699.000,7569.000,-16.000,-44.000,24.000,0.000,0.000,1
2026-01-31 17:46:15,7499894,3158.000,1704.000,7563.000,-30.000,-50.000,27.000,0.000,0.000,1
2026-01-31 17:46:15,7499934,3163.000,1698.000,7564.000,-33.000,-53.000,17.000,0.000,0.000,1
2026-01-31 17:46:15,7499974,3173.000,1660.000,7517.000,-55.000,-50.000,18.000,0.000,0.000,1
2026-01-31 17:46:15,7500014,3208.000,1703.000,7557.000,-36.000,-41.000,13.000,0.000,0.000,1
2026-01-31 17:46:15,7500054,3186.000,1712.000,7566.000,-53.000,-18.000,29.000,0.000,0.000,1
2026-01-31 17:46:15,7500094,3150.000,1652.000,7551.000,-124.000,-60.000,61.000,0.000,0.000,1
2026-01-31 17:46:15,7500134,3191.000,1617.000,7524.000,-69.000,-78.000,51.000,0.000,0.000,1
2026-01-31 17:46:15,7500174,3197.000,1634.000,7562.000,-3.000,-60.000,27.000,0.000,0.000,1
2026-01-31 17:46:15,7500214,3217.000,1674.000,7546.000,-11.000,-63.000,13.000,0.000,0.000,1
2026-01-31 17:46:15,7500254,3197.000,1634.000,7498.000,-38.000,-41.000,11.000,0.000,0.000,1
2026-01-31 17:46:15,7500294,3215.000,1673.000,7537.000,12.000,-24.000,9.000,0.000,0.000,1
2026-01-31 17:46:15,7500334,3210.000,1647.000,7550.000,-6.000,-6.000,12.000,0.000,0.000,1
2026-01-31 17:46:15,7500374,3199.000,1618.000,7571.000,-48.000,-25.000,24.000,0.000,0.000,1
2026-01-31 17:46:15,7500414,3217.000,1662.000,7558.000,-51.000,-23.000,9.000,0.000,0.000,1
2026-01-31 17:46:15,7500454,3209.000,1623.000,7515.000,-41.000,-32.000,27.000,0.000,0.000,1
2026-01-31 17:46:15,7500494,3212.000,1646.000,7519.000,-29.000,-31.000,30.000,0.000,0.000,1
2026-01-31 17:46:15,7500534,3224.000,1641.000,7527.000,-7.000,-28.000,19.000,0.000,0.000,1
2026-01-31 17:46:15,7500574,3225.000,1638.000,7525.000,-2.000,-21.000,12.000,0.000,0.000,1
2026-01-31 17:46:15,7500614,3227.000,1648.000,7530.000,-11.000,-13.000,8.000,0.000,0.000,1
2026-01-31 17:46:15,7500654,3236.000,1609.000,7500.000,-1.000,-2.000,13.000,0.000,0.000,1
2026-01-31 17:46:15,7500694,3228.000,1649.000,7496.000,29.000,21.000,10.000,0.000,0.000,1
2026-01-31 17:46:16,7500734,3226.000,1636.000,7502.000,32.000,39.000,13.000,0.000,0.000,1
2026-01-31 17:46:16,7500774,3206.000,1630.000,7529.000,47.000,50.000,11.000,0.000,0.000,1
2026-01-31 17:46:16,7500814,3201.000,1673.000,7526.000,81.000,58.000,-4.000,0.000,0.000,1
2026-01-31 17:46:16,7500854,3215.000,1667.000,7561.000,46.000,53.000,12.000,0.000,0.000,1
2026-01-31 17:46:16,7500894,3185.000,1677.000,7574.000,59.000,52.000,12.000,0.000,0.000,1
2026-01-31 17:46:16,7500934,3153.000,1661.000,7543.000,20.000,59.000,20.000,0.000,0.000,1
2026-01-31 17:46:16,7500974,3178.000,1653.000,7534.000,39.000,51.000,10.000,0.000,0.000,1
2026-01-31 17:46:16,7501014,3181.000,1666.000,7572.000,56.000,47.000,3.000,0.000,0.000,1
2026-01-31 17:46:16,7501054,3158.000,1675.000,7563.000,32.000,34.000,1.000,0.000,0.000,1
2026-01-31 17:46:16,7501094,3180.000,1683.000,7524.000,35.000,29.000,1.000,0.000,0.000,1
2026-01-31 17:46:16,7501134,3175.000,1666.000,7553.000,34.000,35.000,13.000,0.000,0.000,1
2026-01-31 17:46:16,7501174,3156.000,1702.000,7567.000,39.000,40.000,15.000,0.000,0.000,1
2026-01-31 17:46:16,7501214,3133.000,1679.000,7581.000,16.000,26.000,22.000,0.000,0.000,1
2026-01-31 17:46:16,7501254,3139.000,1680.000,7568.000,5.000,11.000,11.000,0.000,0.000,1
2026-01-31 17:46:16,7501294,3151.000,1691.000,7552.000,12.000,3.000,7.000,0.000,0.000,1
2026-01-31 17:46:16,7501334,3148.000,1706.000,7547.000,11.000,13.000,9.000,0.000,0.000,1
2026-01-31 17:46:16,7501377,3155.000,1765.000,7619.000,-45.000,1.000,10.000,0.000,0.000,1
2026-01-31 17:46:16,7501417,3145.000,1630.000,7529.000,-239.000,35.000,2.000,0.000,0.000,1
2026-01-31 17:46:16,7501454,3146.000,1548.000,7519.000,-176.000,25.000,4.000,0.000,0.000,1
2026-01-31 17:46:16,7501494,3156.000,1670.000,7550.000,7.000,0.000,7.000,0.000,0.000,1
2026-01-31 17:46:16,7501534,3163.000,1706.000,7577.000,23.000,4.000,13.000,0.000,0.000,1
2026-01-31 17:46:16,7501577,3129.000,1644.000,7565.000,10.000,11.000,7.000,0.000,0.000,1
2026-01-31 17:46:16,7501614,3138.000,1660.000,7565.000,20.000,2.000,9.000,0.000,0.000,1
2026-01-31 17:46:16,7501654,3139.000,1707.000,7579.000,5.000,-1.000,5.000,0.000,0.000,1
2026-01-31 17:46:16,7501694,3177.000,1634.000,7520.000,-47.000,-4.000,2.000,0.000,0.000,1
2026-01-31 17:46:17,7501734,3196.000,1607.000,7524.000,33.000,11.000,15.000,0.000,0.000,1
2026-01-31 17:46:17,7501774,3086.000,1697.000,7514.000,136.000,9.000,13.000,0.000,0.000,1
2026-01-31 17:46:17,7501814,3203.000,1797.000,7645.000,129.000,-132.000,-31.000,0.000,0.000,1
2026-01-31 17:46:17,7501854,3282.000,1710.000,7480.000,-77.000,-116.000,-10.000,0.000,0.000,1
2026-01-31 17:46:17,7501894,3203.000,1694.000,7474.000,49.000,-1.000,20.000,0.000,0.000,1
2026-01-31 17:46:17,7501934,3187.000,1737.000,7558.000,81.000,102.000,20.000,0.000,0.000,1
2026-01-31 17:46:17,7501974,3164.000,1583.000,7612.000,18.000,95.000,50.000,0.000,0.000,1
2026-01-31 17:46:17,7502014,3104.000,1743.000,7608.000,79.000,64.000,36.000,0.000,0.000,1
2026-01-31 17:46:17,7502054,3043.000,1775.000,7581.000,-4.000,32.000,38.000,0.000,0.000,1
2026-01-31 17:46:17,7502094,3121.000,1696.000,7566.000,-66.000,-11.000,23.000,0.000,0.000,1
2026-01-31 17:46:17,7502134,3174.000,1659.000,7542.000,-5.000,-9.000,18.000,0.000,0.000,1
2026-01-31 17:46:17,7502174,3158.000,1742.000,7535.000,41.000,18.000,14.000,0.000,0.000,1
2026-01-31 17:46:17,7502214,3098.000,1662.000,7566.000,-1.000,25.000,17.000,0.000,0.000,1
2026-01-31 17:46:17,7502254,3119.000,1682.000,7607.000,19.000,5.000,17.000,0.000,0.000,1
2026-01-31 17:46:17,7502294,3135.000,1719.000,7545.000,-23.000,-21.000,10.000,0.000,0.000,1
2026-01-31 17:46:17,7502334,3143.000,1705.000,7546.000,-9.000,-14.000,7.000,0.000,0.000,1
2026-01-31 17:46:17,7502374,3146.000,1716.000,7556.000,14.000,3.000,18.000,0.000,0.000,1
2026-01-31 17:46:17,7502414,3145.000,1702.000,7562.000,-11.000,4.000,21.000,0.000,0.000,1
2026-01-31 17:46:17,7502454,3126.000,1697.000,7575.000,6.000,-1.000,16.000,0.000,0.000,1
2026-01-31 17:46:17,7502494,3127.000,1679.000,7564.000,-14.000,-9.000,18.000,0.000,0.000,1
2026-01-31 17:46:17,7502534,3157.000,1733.000,7575.000,5.000,-19.000,15.000,0.000,0.000,1
2026-01-31 17:46:17,7502574,3161.000,1685.000,7505.000,-14.000,1.000,18.000,0.000,0.000,1
2026-01-31 17:46:17,7502614,3117.000,1744.000,7574.000,39.000,22.000,22.000,0.000,0.000,1
2026-01-31 17:46:17,7502654,3133.000,1688.000,7585.000,-14.000,11.000,26.000,0.000,0.000,1
2026-01-31 17:46:17,7502694,3115.000,1689.000,7592.000,-1.000,-10.000,17.000,0.000,0.000,1
2026-01-31 17:46:18,7502734,3105.000,1687.000,7586.000,-19.000,-41.000,15.000,0.000,0.000,1
2026-01-31 17:46:18,7502774,3143.000,1700.000,7534.000,-27.000,-45.000,11.000,0.000,0.000,1
2026-01-31 17:46:18,7502814,3160.000,1714.000,7547.000,-13.000,-33.000,16.000,0.000,0.000,1
2026-01-31 17:46:18,7502854,3146.000,1712.000,7559.000,-6.000,-20.000,17.000,0.000,0.000,1
2026-01-31 17:46:18,7502894,3143.000,1696.000,7578.000,-24.000,-23.000,24.000,0.000,0.000,1
2026-01-31 17:46:18,7502934,3146.000,1685.000,7572.000,-33.000,-39.000,21.000,0.000,0.000,1
2026-01-31 17:46:18,7502974,3155.000,1669.000,7546.000,-35.000,-48.000,20.000,0.000,0.000,1
2026-01-31 17:46:18,7503014,3152.000,1689.000,7555.000,-24.000,-49.000,18.000,0.000,0.000,1
2026-01-31 17:46:18,7503054,3170.000,1697.000,7548.000,-18.000,-45.000,23.000,0.000,0.000,1
2026-01-31 17:46:18,7503094,3174.000,1691.000,7557.000,-29.000,-40.000,20.000,0.000,0.000,1
2026-01-31 17:46:18,7503134,3171.000,1677.000,7552.000,-28.000,-39.000,22.000,0.000,0.000,1
2026-01-31 17:46:18,7503174,3171.000,1669.000,7550.000,-32.000,-36.000,21.000,0.000,0.000,1
2026-01-31 17:46:18,7503214,3177.000,1667.000,7545.000,-26.000,-39.000,19.000,0.000,0.000,1
2026-01-31 17:46:18,7503254,3178.000,1678.000,7553.000,-26.000,-41.000,25.000,0.000,0.000,1
2026-01-31 17:46:18,7503294,3171.000,1675.000,7558.000,-28.000,-42.000,24.000,0.000,0.000,1
2026-01-31 17:46:18,7503334,3189.000,1645.000,7542.000,-45.000,-43.000,25.000,0.000,0.000,1
2026-01-31 17:46:18,7503377,3208.000,1711.000,7548.000,7.000,-32.000,9.000,0.000,0.000,1
2026-01-31 17:46:18,7503417,3185.000,1673.000,7566.000,-18.000,-30.000,22.000,0.000,0.000,1
2026-01-31 17:46:18,7503454,3179.000,1685.000,7561.000,-24.000,-28.000,24.000,0.000,0.000,1
2026-01-31 17:46:18,7503494,3192.000,1626.000,7524.000,-54.000,-31.000,31.000,0.000,0.000,1
2026-01-31 17:46:18,7503534,3214.000,1657.000,7540.000,-21.000,-30.000,24.000,0.000,0.000,1
2026-01-31 17:46:18,7503577,3204.000,1637.000,7535.000,-31.000,-40.000,13.000,0.000,0.000,1
2026-01-31 17:46:18,7503614,3201.000,1650.000,7509.000,-28.000,-36.000,10.000,0.000,0.000,1
2026-01-31 17:46:18,7503654,3230.000,1665.000,7524.000,-3.000,-24.000,15.000,0.000,0.000,1
2026-01-31 17:46:18,7503694,3221.000,1639.000,7541.000,-13.000,-7.000,17.000,0.000,0.000,1
2026-01-31 17:46:19,7503734,3198.000,1658.000,7575.000,-13.000,-15.000,24.000,0.000,0.000,1
2026-01-31 17:46:19,7503774,3194.000,1616.000,7541.000,-45.000,-24.000,26.000,0.000,0.000,1
2026-01-31 17:46:19,7503814,3226.000,1637.000,7518.000,-26.000,-24.000,18.000,0.000,-153.750,1
2026-01-31 17:46:19,7503854,3226.000,1612.000,7497.000,-11.000,-9.000,14.000,0.000,-153.750,1
2026-01-31 17:46:19,7503894,3222.000,1657.000,7497.000,34.000,14.000,9.000,0.000,-153.750,1
2026-01-31 17:46:19,7503934,3239.000,1650.000,7520.000,37.000,28.000,8.000,0.000,-153.750,1
2026-01-31 17:46:19,7503974,3212.000,1618.000,7549.000,39.000,36.000,7.000,0.000,-153.750,1
2026-01-31 17:46:19,7504014,3202.000,1643.000,7538.000,38.000,38.000,5.000,0.000,-153.750,1
2026-01-31 17:46:19,7504054,3204.000,1634.000,7510.000,44.000,36.000,7.000,0.000,-153.750,1
2026-01-31 17:46:19,7504094,3204.000,1638.000,7553.000,133.000,18.000,10.000,0.000,-153.750,1
2026-01-31 17:46:19,7504134,3179.000,1728.000,7566.000,73.000,13.000,18.000,0.000,-153.750,1
2026-01-31 17:46:19,7504174,3186.000,1633.000,7483.000,60.000,25.000,9.000,0.000,-153.750,1
2026-01-31 17:46:19,7504214,3238.000,1698.000,7651.000,136.000,-50.000,-31.000,0.000,-153.750,1
2026-01-31 17:46:19,7504254,3172.000,1718.000,7538.000,23.000,3.000,12.000,0.000,-153.750,1
2026-01-31 17:46:19,7504294,3198.000,1684.000,7499.000,2.000,45.000,29.000,0.000,-153.750,1
2026-01-31 17:46:19,7504334,3209.000,1703.000,7544.000,35.000,61.000,12.000,0.000,-153.750,1
2026-01-31 17:46:19,7504374,3214.000,1707.000,7600.000,-17.000,68.000,13.000,0.000,-153.750,1
2026-01-31 17:46:19,7504414,3172.000,1779.000,7569.000,-129.000,95.000,7.000,0.000,-153.750,1
2026-01-31 17:46:19,7504454,3137.000,1579.000,7466.000,-171.000,87.000,2.000,0.000,-153.750,1
2026-01-31 17:46:19,7504494,3154.000,1740.000,7590.000,157.000,80.000,14.000,0.000,-153.750,1
2026-01-31 17:46:19,7504534,3141.000,1627.000,7564.000,-33.000,86.000,34.000,0.000,-153.750,1
2026-01-31 17:46:19,7504574,3117.000,1713.000,7602.000,18.000,49.000,22.000,0.000,-153.750,1
2026-01-31 17:46:19,7504614,3118.000,1673.000,7596.000,16.000,11.000,20.000,0.000,-153.750,1
2026-01-31 17:46:19,7504654,3129.000,1708.000,7568.000,11.000,-11.000,14.000,0.000,-153.750,1
2026-01-31 17:46:19,7504694,3157.000,1688.000,7546.000,-7.000,-12.000,7.000,0.000,-153.750,1
2026-01-31 17:46:20,7504734,3168.000,1687.000,7533.000,10.000,4.000,12.000,0.000,-153.750,1
2026-01-31 17:46:20,7504774,3146.000,1710.000,7564.000,24.000,15.000,22.000,0.000,-153.750,1
2026-01-31 17:46:20,7504814,3135.000,1696.000,7557.000,6.000,4.000,23.000,0.000,-10.530,1
2026-01-31 17:46:20,7504854,3130.000,1678.000,7555.000,7.000,-3.000,23.000,0.000,-10.530,1
2026-01-31 17:46:20,7504894,3139.000,1697.000,7572.000,13.000,-4.000,20.000,0.000,-10.530,1
2026-01-31 17:46:20,7504934,3124.000,1690.000,7562.000,0.000,-6.000,22.000,0.000,-10.530,1
2026-01-31 17:46:20,7504974,3139.000,1697.000,7556.000,-10.000,-8.000,20.000,0.000,-10.530,1
2026-01-31 17:46:20,7505014,3156.000,1714.000,7557.000,10.000,-14.000,5.000,0.000,-10.530,1
2026-01-31 17:46:20,7505054,3178.000,1673.000,7519.000,-27.000,-9.000,12.000,0.000,-10.530,1
2026-01-31 17:46:20,7505094,3158.000,1713.000,7544.000,47.000,17.000,14.000,0.000,-10.530,1
2026-01-31 17:46:20,7505134,3129.000,1716.000,7585.000,4.000,14.000,29.000,0.000,-10.530,1
2026-01-31 17:46:20,7505174,3179.000,1696.000,7555.000,-29.000,22.000,22.000,0.000,-10.530,1
2026-01-31 17:46:20,7505214,3191.000,1668.000,7566.000,-60.000,39.000,7.000,0.000,-10.530,1
2026-01-31 17:46:20,7505254,3080.000,1647.000,7573.000,-102.000,28.000,-30.000,0.000,-10.530,1
2026-01-31 17:46:20,7505294,3125.000,1689.000,7516.000,-34.000,12.000,-23.000,0.000,-10.530,1
2026-01-31 17:46:20,7505337,3147.000,1689.000,7587.000,-8.000,21.000,-12.000,0.000,-10.530,1
2026-01-31 17:46:20,7505374,3117.000,1687.000,7575.000,-4.000,23.000,0.000,0.000,-10.530,1
2026-01-31 17:46:20,7505419,3123.000,1697.000,7574.000,-50.000,5.000,-1.000,0.000,-10.530,1
2026-01-31 17:46:20,7505454,3159.000,1641.000,7607.000,57.000,-35.000,-18.000,0.000,-10.530,1
2026-01-31 17:46:20,7505494,3115.000,1713.000,7597.000,-246.000,-66.000,-39.000,0.000,-10.530,1
2026-01-31 17:46:20,7505534,3061.000,1643.000,7510.000,-111.000,-76.000,-67.000,0.000,-10.530,1
2026-01-31 17:46:20,7505577,3158.000,1684.000,7549.000,85.000,-56.000,-15.000,0.000,-10.530,1
2026-01-31 17:46:20,7505616,3162.000,1703.000,7580.000,126.000,-27.000,5.000,0.000,-10.530,1
2026-01-31 17:46:20,7505654,3134.000,1741.000,7568.000,117.000,21.000,19.000,0.000,-10.530,1
2026-01-31 17:46:20,7505694,3105.000,1684.000,7571.000,36.000,25.000,31.000,0.000,-10.530,1
2026-01-31 17:46:21,7505734,3139.000,1691.000,7554.000,52.000,29.000,81.000,0.000,-10.530,1
2026-01-31 17:46:21,7505774,3127.000,1662.000,7595.000,64.000,28.000,72.000,0.000,-10.530,1
2026-01-31 17:46:21,7505814,3135.000,1705.000,7580.000,42.000,26.000,58.000,0.000,0.000,1
2026-01-31 17:46:21,7505854,3135.000,1659.000,7551.000,19.000,24.000,44.000,0.000,0.000,1
2026-01-31 17:46:21,7505894,3142.000,1702.000,7582.000,29.000,15.000,29.000,0.000,0.000,1
2026-01-31 17:46:21,7505934,3145.000,1708.000,7587.000,10.000,-1.000,26.000,0.000,0.000,1
2026-01-31 17:46:21,7505974,3135.000,1660.000,7519.000,-39.000,16.000,19.000,0.000,0.000,1
2026-01-31 17:46:21,7506014,3103.000,1725.000,7574.000,11.000,36.000,13.000,0.000,0.000,1
2026-01-31 17:46:21,7506054,3099.000,1671.000,7585.000,-35.000,29.000,21.000,0.000,0.000,1
2026-01-31 17:46:21,7506094,3115.000,1676.000,7583.000,-10.000,17.000,9.000,0.000,0.000,1
2026-01-31 17:46:21,7506134,3103.000,1656.000,7563.000,-14.000,-12.000,7.000,0.000,0.000,1
2026-01-31 17:46:21,7506174,3127.000,1695.000,7547.000,6.000,-6.000,3.000,0.000,0.000,1
2026-01-31 17:46:21,7506214,3144.000,1692.000,7568.000,7.000,10.000,12.000,0.000,0.000,1
2026-01-31 17:46:21,7506254,3125.000,1690.000,7571.000,27.000,16.000,16.000,0.000,0.000,1
2026-01-31 17:46:21,7506294,3097.000,1700.000,7601.000,9.000,3.000,19.000,0.000,0.000,1
2026-01-31 17:46:21,7506334,3108.000,1674.000,7587.000,-11.000,-13.000,21.000,0.000,0.000,1
2026-01-31 17:46:21,7506374,3113.000,1683.000,7585.000,-15.000,-16.000,18.000,0.000,0.000,1
2026-01-31 17:46:21,7506414,3107.000,1694.000,7573.000,-9.000,-15.000,14.000,0.000,0.000,1
2026-01-31 17:46:21,7506454,3119.000,1695.000,7568.000,-12.000,-14.000,15.000,0.000,0.000,1
2026-01-31 17:46:21,7506494,3128.000,1669.000,7564.000,-1.000,-15.000,18.000,0.000,0.000,1
2026-01-31 17:46:21,7506534,3122.000,1698.000,7583.000,3.000,-10.000,14.000,0.000,0.000,1
2026-01-31 17:46:21,7506574,3123.000,1662.000,7565.000,-12.000,-13.000,17.000,0.000,0.000,1
2026-01-31 17:46:21,7506614,3130.000,1700.000,7584.000,-4.000,-17.000,19.000,0.000,0.000,1
2026-01-31 17:46:21,7506654,3113.000,1680.000,7572.000,-18.000,-18.000,19.000,0.000,0.000,1
2026-01-31 17:46:21,7506694,3127.000,1685.000,7567.000,0.000,-24.000,18.000,0.000,0.000,1
2026-01-31 17:46:22,7506734,3121.000,1660.000,7581.000,-13.000,-25.000,22.000,0.000,0.000,1
2026-01-31 17:46:22,7506774,3134.000,1694.000,7588.000,8.000,-28.000,16.000,0.000,0.000,1
2026-01-31 17:46:22,7506814,3113.000,1620.000,7548.000,-27.000,-29.000,19.000,0.000,0.000,1
2026-01-31 17:46:22,7506854,3160.000,1635.000,7527.000,28.000,-43.000,5.000,0.000,0.000,1
2026-01-31 17:46:22,7506894,3148.000,1738.000,7579.000,50.000,-9.000,12.000,0.000,0.000,1
2026-01-31 17:46:22,7506934,3115.000,1644.000,7565.000,-39.000,0.000,29.000,0.000,0.000,1
2026-01-31 17:46:22,7506974,3136.000,1707.000,7573.000,-13.000,-20.000,29.000,0.000,0.000,1
2026-01-31 17:46:22,7507014,3154.000,1667.000,7577.000,-60.000,-43.000,40.000,0.000,0.000,1
2026-01-31 17:46:22,7507054,3122.000,1650.000,7572.000,-36.000,-42.000,16.000,0.000,0.000,1
2026-01-31 17:46:22,7507094,3154.000,1670.000,7556.000,-42.000,-58.000,14.000,0.000,0.000,1
2026-01-31 17:46:22,7507134,3170.000,1656.000,7544.000,-10.000,-27.000,16.000,0.000,0.000,1
2026-01-31 17:46:22,7507174,3162.000,1614.000,7568.000,20.000,0.000,14.000,0.000,0.000,1
2026-01-31 17:46:22,7507214,3116.000,1799.000,7596.000,178.000,-10.000,10.000,0.000,0.000,1
2026-01-31 17:46:22,7507254,3178.000,1140.000,7548.000,164.000,-88.000,117.000,0.000,0.000,1
2026-01-31 17:46:22,7507294,3116.000,1552.000,7445.000,-93.000,-23.000,132.000,0.000,0.000,1
2026-01-31 17:46:22,7507334,3036.000,2210.000,7698.000,618.000,27.000,9.000,0.000,0.000,1
2026-01-31 17:46:22,7507377,3167.000,1640.000,7470.000,-78.000,-19.000,19.000,0.000,0.000,1
2026-01-31 17:46:22,7507417,3192.000,1760.000,7560.000,-121.000,-14.000,-5.000,0.000,0.000,1
2026-01-31 17:46:22,7507454,3169.000,1477.000,7462.000,-241.000,-7.000,48.000,0.000,0.000,1
2026-01-31 17:46:22,7507494,3188.000,1836.000,7569.000,102.000,6.000,-11.000,0.000,0.000,1
2026-01-31 17:46:22,7507534,3172.000,1621.000,7499.000,-64.000,18.000,19.000,0.000,0.000,1
2026-01-31 17:46:22,7507574,3176.000,1747.000,7541.000,62.000,24.000,5.000,0.000,0.000,1
2026-01-31 17:46:22,7507614,3158.000,1717.000,7558.000,12.000,32.000,14.000,0.000,0.000,1
2026-01-31 17:46:22,7507654,3152.000,1697.000,7545.000,6.000,27.000,18.000,0.000,0.000,1
2026-01-31 17:46:22,7507694,3168.000,1721.000,7534.000,49.000,22.000,5.000,0.000,0.000,1
2026-01-31 17:46:23,7507734,3175.000,1710.000,7533.000,-2.000,25.000,18.000,0.000,0.000,1
2026-01-31 17:46:23,7507774,3157.000,1757.000,7552.000,71.000,42.000,10.000,0.000,0.000,1
2026-01-31 17:46:23,7507814,3113.000,1734.000,7561.000,0.000,43.000,19.000,0.000,0.000,1
2026-01-31 17:46:23,7507854,3156.000,1708.000,7553.000,16.000,30.000,14.000,0.000,0.000,1
2026-01-31 17:46:23,7507894,3146.000,1729.000,7563.000,25.000,26.000,13.000,0.000,0.000,1
2026-01-31 17:46:23,7507934,3120.000,1715.000,7546.000,7.000,18.000,11.000,0.000,0.000,1
2026-01-31 17:46:23,7507974,3146.000,1734.000,7533.000,24.000,15.000,6.000,0.000,0.000,1
2026-01-31 17:46:23,7508014,3151.000,1720.000,7539.000,15.000,30.000,16.000,0.000,0.000,1
2026-01-31 17:46:23,7508054,3121.000,1742.000,7574.000,39.000,31.000,14.000,0.000,0.000,1
2026-01-31 17:46:23,7508094,3109.000,1744.000,7573.000,5.000,19.000,20.000,0.000,0.000,1
2026-01-31 17:46:23,7508134,3133.000,1721.000,7554.000,0.000,5.000,19.000,0.000,0.000,1
2026-01-31 17:46:23,7508174,3126.000,1749.000,7564.000,12.000,-2.000,15.000,0.000,0.000,1
2026-01-31 17:46:23,7508214,3113.000,1754.000,7555.000,-3.000,-4.000,8.000,0.000,0.000,1
2026-01-31 17:46:23,7508254,3142.000,1734.000,7529.000,3.000,3.000,12.000,0.000,0.000,1
2026-01-31 17:46:23,7508294,3140.000,1748.000,7548.000,13.000,15.000,12.000,0.000,0.000,1
2026-01-31 17:46:23,7508334,3127.000,1746.000,7575.000,21.000,15.000,15.000,0.000,0.000,1
2026-01-31 17:46:23,7508374,3120.000,1726.000,7556.000,4.000,9.000,15.000,0.000,0.000,1
2026-01-31 17:46:23,7508414,3133.000,1744.000,7563.000,3.000,1.000,16.000,0.000,0.000,1
2026-01-31 17:46:23,7508454,3117.000,1742.000,7554.000,0.000,3.000,18.000,0.000,0.000,1
2026-01-31 17:46:23,7508494,3116.000,1766.000,7568.000,6.000,3.000,17.000,0.000,0.000,1
2026-01-31 17:46:23,7508534,3117.000,1731.000,7552.000,-8.000,-2.000,16.000,0.000,0.000,1
2026-01-31 17:46:23,7508574,3146.000,1760.000,7569.000,5.000,-7.000,12.000,0.000,0.000,1
2026-01-31 17:46:23,7508614,3142.000,1721.000,7509.000,3.000,7.000,12.000,0.000,0.000,1
2026-01-31 17:46:23,7508654,3103.000,1786.000,7578.000,37.000,23.000,24.000,0.000,0.000,1
2026-01-31 17:46:23,7508694,3102.000,1746.000,7570.000,-16.000,9.000,28.000,0.000,0.000,1
2026-01-31 17:46:24,7508734,3127.000,1744.000,7549.000,-1.000,7.000,16.000,0.000,0.000,1
2026-01-31 17:46:24,7508774,3100.000,1727.000,7556.000,5.000,-5.000,7.000,0.000,0.000,1
2026-01-31 17:46:24,7508814,3132.000,1744.000,7536.000,7.000,-6.000,5.000,0.000,0.000,1
2026-01-31 17:46:24,7508854,3134.000,1770.000,7573.000,15.000,2.000,15.000,0.000,0.000,1
2026-01-31 17:46:24,7508894,3112.000,1751.000,7569.000,14.000,9.000,15.000,0.000,0.000,1
2026-01-31 17:46:24,7508934,3097.000,1767.000,7589.000,-2.000,-5.000,22.000,0.000,0.000,1
2026-01-31 17:46:24,7508974,3111.000,1739.000,7579.000,-21.000,-25.000,19.000,0.000,0.000,1
2026-01-31 17:46:24,7509014,3125.000,1732.000,7562.000,-31.000,-32.000,20.000,0.000,0.000,1
2026-01-31 17:46:24,7509054,3115.000,1757.000,7561.000,-20.000,-31.000,18.000,0.000,0.000,1
2026-01-31 17:46:24,7509094,3108.000,1752.000,7558.000,-26.000,-31.000,18.000,0.000,0.000,1
2026-01-31 17:46:24,7509134,3135.000,1742.000,7555.000,-18.000,-32.000,16.000,0.000,0.000,1
2026-01-31 17:46:24,7509174,3136.000,1738.000,7559.000,-25.000,-34.000,15.000,0.000,0.000,1
2026-01-31 17:46:24,7509214,3138.000,1739.000,7568.000,-21.000,-34.000,18.000,0.000,0.000,1
2026-01-31 17:46:24,7509254,3130.000,1726.000,7564.000,-37.000,-41.000,23.000,0.000,0.000,1
2026-01-31 17:46:24,7509294,3135.000,1739.000,7541.000,-27.000,-43.000,19.000,0.000,0.000,1
2026-01-31 17:46:24,7509334,3143.000,1735.000,7568.000,-31.000,-49.000,20.000,0.000,0.000,1
2026-01-31 17:46:24,7509374,3153.000,1725.000,7552.000,-37.000,-48.000,23.000,0.000,0.000,1
2026-01-31 17:46:24,7509415,3156.000,1721.000,7544.000,-46.000,-48.000,25.000,0.000,0.000,1
2026-01-31 17:46:24,7509454,3168.000,1718.000,7537.000,-16.000,-48.000,10.000,0.000,0.000,1
2026-01-31 17:46:24,7509494,3197.000,1718.000,7540.000,-53.000,-48.000,23.000,0.000,0.000,1
2026-01-31 17:46:24,7509534,3145.000,1742.000,7569.000,-13.000,-38.000,28.000,0.000,0.000,1
2026-01-31 17:46:24,7509577,3182.000,1694.000,7530.000,-35.000,-38.000,25.000,0.000,0.000,1
2026-01-31 17:46:24,7509614,3179.000,1692.000,7541.000,-18.000,-37.000,22.000,0.000,0.000,1
2026-01-31 17:46:24,7509654,3171.000,1677.000,7554.000,22.000,-60.000,18.000,0.000,0.000,1
2026-01-31 17:46:24,7509694,3196.000,1763.000,7517.000,-32.000,-78.000,14.000,0.000,0.000,1
2026-01-31 17:46:25,7509734,3231.000,1782.000,7512.000,22.000,-56.000,-3.000,0.000,0.000,1
2026-01-31 17:46:25,7509774,3209.000,1685.000,7513.000,-34.000,-28.000,20.000,0.000,0.000,1
2026-01-31 17:46:25,7509814,3201.000,1724.000,7580.000,4.000,-23.000,16.000,0.000,0.000,1
2026-01-31 17:46:25,7509854,3176.000,1673.000,7538.000,-52.000,-40.000,23.000,0.000,0.000,1
2026-01-31 17:46:25,7509894,3183.000,1647.000,7533.000,-34.000,-46.000,28.000,0.000,0.000,1
2026-01-31 17:46:25,7509934,3205.000,1759.000,7569.000,12.000,-54.000,19.000,0.000,0.000,1
2026-01-31 17:46:25,7509974,3196.000,1645.000,7506.000,-55.000,-41.000,28.000,0.000,0.000,1
2026-01-31 17:46:25,7510014,3231.000,1725.000,7516.000,-9.000,-38.000,20.000,0.000,0.000,1
2026-01-31 17:46:25,7510054,3237.000,1678.000,7519.000,-8.000,-31.000,17.000,0.000,0.000,1
2026-01-31 17:46:25,7510094,3224.000,1682.000,7523.000,-22.000,-23.000,19.000,0.000,0.000,1
2026-01-31 17:46:25,7510134,3231.000,1672.000,7512.000,-5.000,-14.000,13.000,0.000,0.000,1
2026-01-31 17:46:25,7510174,3220.000,1684.000,7505.000,-15.000,-10.000,20.000,0.000,0.000,1
2026-01-31 17:46:25,7510214,3212.000,1683.000,7516.000,3.000,4.000,16.000,0.000,0.000,1
2026-01-31 17:46:25,7510254,3230.000,1660.000,7485.000,10.000,14.000,12.000,0.000,0.000,1
2026-01-31 17:46:25,7510294,3229.000,1734.000,7562.000,74.000,22.000,11.000,0.000,0.000,1
2026-01-31 17:46:25,7510334,3208.000,1694.000,7560.000,5.000,19.000,28.000,0.000,0.000,1
2026-01-31 17:46:25,7510374,3180.000,1686.000,7522.000,-16.000,21.000,29.000,0.000,0.000,1
2026-01-31 17:46:25,7510414,3208.000,1650.000,7486.000,15.000,27.000,22.000,0.000,0.000,1
2026-01-31 17:46:25,7510454,3215.000,1707.000,7545.000,50.000,31.000,8.000,0.000,0.000,1
2026-01-31 17:46:25,7510494,3193.000,1691.000,7537.000,32.000,19.000,5.000,0.000,0.000,1
2026-01-31 17:46:25,7510534,3211.000,1716.000,7503.000,36.000,23.000,5.000,0.000,0.000,1
2026-01-31 17:46:25,7510574,3215.000,1723.000,7534.000,52.000,36.000,5.000,0.000,0.000,1
2026-01-31 17:46:25,7510614,3203.000,1687.000,7541.000,29.000,44.000,10.000,0.000,0.000,1
2026-01-31 17:46:25,7510654,3180.000,1726.000,7554.000,33.000,33.000,15.000,0.000,0.000,1
2026-01-31 17:46:25,7510694,3182.000,1707.000,7529.000,21.000,18.000,13.000,0.000,0.000,1
2026-01-31 17:46:26,7510734,3191.000,1715.000,7523.000,28.000,26.000,11.000,0.000,0.000,1
2026-01-31 17:46:26,7510774,3174.000,1724.000,7542.000,32.000,28.000,7.000,0.000,0.000,1
2026-01-31 17:46:26,7510814,3182.000,1728.000,7526.000,20.000,29.000,5.000,0.000,0.000,1
2026-01-31 17:46:26,7510854,3181.000,1733.000,7542.000,33.000,29.000,6.000,0.000,0.000,1
2026-01-31 17:46:26,7510894,3178.000,1720.000,7548.000,23.000,30.000,14.000,0.000,0.000,1
2026-01-31 17:46:26,7510934,3179.000,1712.000,7540.000,12.000,26.000,12.000,0.000,0.000,1
2026-01-31 17:46:26,7510974,3171.000,1734.000,7530.000,30.000,28.000,12.000,0.000,0.000,1
2026-01-31 17:46:26,7511014,3167.000,1741.000,7546.000,23.000,30.000,14.000,0.000,0.000,1
2026-01-31 17:46:26,7511054,3163.000,1741.000,7552.000,23.000,31.000,16.000,0.000,0.000,1
2026-01-31 17:46:26,7511094,3151.000,1714.000,7525.000,19.000,33.000,12.000,0.000,0.000,1
2026-01-31 17:46:26,7511134,3181.000,1774.000,7555.000,36.000,25.000,4.000,0.000,0.000,1
2026-01-31 17:46:26,7511174,3166.000,1729.000,7526.000,11.000,35.000,8.000,0.000,0.000,1
2026-01-31 17:46:26,7511214,3134.000,1766.000,7560.000,29.000,43.000,16.000,0.000,0.000,1
2026-01-31 17:46:26,7511254,3137.000,1728.000,7545.000,0.000,39.000,23.000,0.000,0.000,1
2026-01-31 17:46:26,7511294,3142.000,1753.000,7554.000,31.000,36.000,16.000,0.000,0.000,1
2026-01-31 17:46:26,7511334,3133.000,1699.000,7563.000,46.000,29.000,9.000,0.000,0.000,1
2026-01-31 17:46:26,7511377,3141.000,1756.000,7523.000,14.000,16.000,10.000,0.000,0.000,1
2026-01-31 17:46:26,7511417,3134.000,1765.000,7552.000,23.000,17.000,14.000,0.000,0.000,1
2026-01-31 17:46:26,7511454,3140.000,1759.000,7551.000,-5.000,21.000,17.000,0.000,0.000,1
2026-01-31 17:46:26,7511494,3118.000,1778.000,7580.000,3.000,16.000,21.000,0.000,0.000,1
2026-01-31 17:46:26,7511534,3124.000,1760.000,7559.000,-24.000,3.000,21.000,0.000,0.000,1
2026-01-31 17:46:26,7511577,3124.000,1762.000,7548.000,10.000,-1.000,10.000,0.000,0.000,1
2026-01-31 17:46:26,7511614,3119.000,1749.000,7552.000,-3.000,-3.000,12.000,0.000,0.000,1
2026-01-31 17:46:26,7511654,3134.000,1754.000,7551.000,6.000,4.000,13.000,0.000,0.000,1
2026-01-31 17:46:26,7511694,3133.000,1752.000,7556.000,0.000,5.000,16.000,0.000,0.000,1
2026-01-31 17:46:27,7511734,3134.000,1784.000,7559.000,13.000,-3.000,15.000,0.000,0.000,1
2026-01-31 17:46:27,7511774,3140.000,1770.000,7529.000,-10.000,-5.000,12.000,0.000,0.000,1
2026-01-31 17:46:27,7511814,3131.000,1749.000,7542.000,2.000,0.000,19.000,0.000,0.000,1
2026-01-31 17:46:27,7511854,3114.000,1738.000,7545.000,12.000,11.000,19.000,0.000,0.000,1
2026-01-31 17:46:27,7511894,3116.000,1763.000,7577.000,9.000,1.000,15.000,0.000,0.000,1
2026-01-31 17:46:27,7511934,3106.000,1761.000,7579.000,5.000,-9.000,15.000,0.000,0.000,1
2026-01-31 17:46:27,7511974,3121.000,1788.000,7596.000,-16.000,-31.000,22.000,0.000,0.000,1
2026-01-31 17:46:27,7512014,3129.000,1755.000,7564.000,-23.000,-45.000,15.000,0.000,0.000,1
2026-01-31 17:46:27,7512054,3152.000,1755.000,7525.000,-51.000,-52.000,17.000,0.000,0.000,1
2026-01-31 17:46:27,7512094,3151.000,1747.000,7511.000,-2.000,-27.000,14.000,0.000,0.000,1
2026-01-31 17:46:27,7512134,3108.000,1755.000,7581.000,-18.000,-14.000,25.000,0.000,0.000,1
2026-01-31 17:46:27,7512174,3134.000,1724.000,7569.000,-33.000,-30.000,27.000,0.000,0.000,1
2026-01-31 17:46:27,7512214,3141.000,1745.000,7572.000,-26.000,-55.000,14.000,0.000,0.000,1
2026-01-31 17:46:27,7512254,3162.000,1738.000,7529.000,-41.000,-70.000,9.000,0.000,0.000,1
2026-01-31 17:46:27,7512294,3186.000,1777.000,7504.000,-27.000,-52.000,10.000,0.000,0.000,1
2026-01-31 17:46:27,7512334,3175.000,1741.000,7512.000,-29.000,-27.000,20.000,0.000,0.000,1
2026-01-31 17:46:27,7512374,3154.000,1749.000,7560.000,-3.000,-23.000,23.000,0.000,0.000,1
2026-01-31 17:46:27,7512414,3137.000,1705.000,7569.000,-37.000,-33.000,28.000,0.000,0.000,1
2026-01-31 17:46:27,7512454,3154.000,1722.000,7554.000,-34.000,-52.000,21.000,0.000,0.000,1
2026-01-31 17:46:27,7512494,3171.000,1724.000,7549.000,-28.000,-57.000,17.000,0.000,0.000,1
2026-01-31 17:46:27,7512534,3177.000,1750.000,7542.000,-32.000,-53.000,13.000,0.000,0.000,1
2026-01-31 17:46:27,7512574,3188.000,1736.000,7523.000,-39.000,-48.000,18.000,0.000,0.000,1
2026-01-31 17:46:27,7512614,3198.000,1702.000,7517.000,-32.000,-31.000,21.000,0.000,0.000,1
2026-01-31 17:46:27,7512654,3191.000,1691.000,7525.000,-20.000,-32.000,13.000,0.000,0.000,1
2026-01-31 17:46:27,7512694,3189.000,1569.000,7564.000,-41.000,-19.000,19.000,0.000,0.000,1
2026-01-31 17:46:28,7512734,3080.000,1250.000,7653.000,-86.000,61.000,32.000,0.000,0.000,1
2026-01-31 17:46:28,7512774,2885.000,1028.000,7798.000,-39.000,107.000,76.000,0.000,0.000,1
2026-01-31 17:46:28,7512814,2657.000,1081.000,7892.000,-37.000,62.000,134.000,0.000,0.000,1
2026-01-31 17:46:28,7512854,2688.000,1336.000,7811.000,-42.000,-61.000,110.000,0.000,0.000,1
2026-01-31 17:46:28,7512894,2908.000,1396.000,7648.000,-96.000,-136.000,47.000,0.000,0.000,1
2026-01-31 17:46:28,7512934,3104.000,1507.000,7645.000,25.000,-103.000,-37.000,0.000,0.000,1
2026-01-31 17:46:28,7512974,3031.000,1153.000,7735.000,3.000,33.000,-17.000,0.000,0.000,1
2026-01-31 17:46:28,7513014,2913.000,1217.000,7884.000,-8.000,65.000,6.000,0.000,0.000,1
2026-01-31 17:46:28,7513054,2848.000,1078.000,7904.000,-38.000,19.000,10.000,0.000,0.000,1
2026-01-31 17:46:28,7513094,2824.000,1060.000,7855.000,-102.000,-32.000,41.000,0.000,0.000,1
2026-01-31 17:46:28,7513134,2895.000,1107.000,7799.000,-40.000,-61.000,44.000,0.000,0.000,1
2026-01-31 17:46:28,7513174,2903.000,1048.000,7706.000,-19.000,-5.000,53.000,0.000,0.000,1
2026-01-31 17:46:28,7513214,2873.000,1119.000,7783.000,98.000,71.000,38.000,0.000,0.000,1
2026-01-31 17:46:28,7513254,2781.000,982.000,7865.000,83.000,100.000,17.000,0.000,0.000,1
2026-01-31 17:46:28,7513294,2689.000,1045.000,7959.000,74.000,85.000,13.000,0.000,0.000,1
2026-01-31 17:46:28,7513334,2657.000,916.000,7907.000,-2.000,58.000,-1.000,0.000,0.000,1
2026-01-31 17:46:28,7513377,2686.000,843.000,7866.000,-5.000,38.000,23.000,0.000,0.000,1
2026-01-31 17:46:28,7513414,2671.000,861.000,7883.000,29.000,47.000,26.000,0.000,0.000,1
2026-01-31 17:46:28,7513454,2672.000,871.000,7868.000,26.000,61.000,24.000,0.000,0.000,1
2026-01-31 17:46:28,7513494,2685.000,924.000,7918.000,66.000,71.000,13.000,0.000,0.000,1
2026-01-31 17:46:28,7513534,2622.000,846.000,7962.000,38.000,92.000,6.000,0.000,0.000,1
2026-01-31 17:46:28,7513577,2583.000,839.000,7978.000,28.000,74.000,16.000,0.000,0.000,1
2026-01-31 17:46:28,7513614,2555.000,778.000,8001.000,22.000,67.000,19.000,0.000,0.000,1
2026-01-31 17:46:28,7513654,2557.000,793.000,8014.000,20.000,68.000,25.000,0.000,0.000,1
2026-01-31 17:46:28,7513694,2538.000,694.000,8045.000,-19.000,48.000,34.000,0.000,0.000,1
2026-01-31 17:46:29,7513734,2477.000,696.000,8066.000,-23.000,41.000,32.000,0.000,0.000,1
2026-01-31 17:46:29,7513774,2471.000,712.000,8073.000,13.000,35.000,17.000,0.000,0.000,1
2026-01-31 17:46:29,7513814,2508.000,751.000,8089.000,26.000,22.000,-4.000,0.000,0.000,1
2026-01-31 17:46:29,7513854,2528.000,701.000,8045.000,-30.000,27.000,-11.000,0.000,0.000,1
2026-01-31 17:46:29,7513894,2490.000,734.000,8093.000,53.000,44.000,-18.000,0.000,0.000,1
2026-01-31 17:46:29,7513934,2492.000,718.000,8059.000,-76.000,35.000,4.000,0.000,0.000,1
2026-01-31 17:46:29,7513974,2473.000,727.000,8071.000,64.000,40.000,-2.000,0.000,0.000,1
2026-01-31 17:46:29,7514014,2438.000,612.000,8050.000,-41.000,25.000,17.000,0.000,0.000,1
2026-01-31 17:46:29,7514054,2474.000,729.000,8059.000,23.000,7.000,7.000,0.000,0.000,1
2026-01-31 17:46:29,7514094,2450.000,651.000,8014.000,-19.000,14.000,13.000,0.000,0.000,1
2026-01-31 17:46:29,7514134,2436.000,679.000,8027.000,-19.000,33.000,9.000,0.000,0.000,1
2026-01-31 17:46:29,7514174,2421.000,712.000,8023.000,17.000,21.000,1.000,0.000,0.000,1
2026-01-31 17:46:29,7514214,2398.000,641.000,8067.000,-17.000,7.000,0.000,0.000,0.000,1
2026-01-31 17:46:29,7514254,2429.000,697.000,8089.000,2.000,6.000,-11.000,0.000,0.000,1
2026-01-31 17:46:29,7514294,2500.000,764.000,8112.000,12.000,-8.000,-21.000,0.000,0.000,1
2026-01-31 17:46:29,7514334,2514.000,790.000,8086.000,-25.000,1.000,-24.000,0.000,0.000,1
2026-01-31 17:46:29,7514374,2457.000,756.000,8065.000,-11.000,-6.000,-18.000,0.000,0.000,1
2026-01-31 17:46:29,7514414,2450.000,753.000,8108.000,-22.000,9.000,-4.000,0.000,0.000,1
2026-01-31 17:46:29,7514454,2446.000,744.000,8067.000,-22.000,11.000,-4.000,0.000,0.000,1
2026-01-31 17:46:29,7514494,2438.000,681.000,8049.000,-41.000,-8.000,-25.000,0.000,0.000,1
2026-01-31 17:46:29,7514534,2371.000,710.000,8004.000,-33.000,-27.000,-13.000,0.000,0.000,1
2026-01-31 17:46:29,7514574,2455.000,772.000,8064.000,28.000,-14.000,-19.000,0.000,0.000,1
2026-01-31 17:46:29,7514614,2410.000,749.000,8068.000,-22.000,-7.000,-16.000,0.000,0.000,1
2026-01-31 17:46:29,7514654,2407.000,791.000,8105.000,12.000,-17.000,-25.000,0.000,0.000,1
2026-01-31 17:46:29,7514694,2399.000,755.000,8111.000,-56.000,-53.000,-21.000,0.000,0.000,1
2026-01-31 17:46:30,7514734,2439.000,844.000,8112.000,-34.000,-74.000,-22.000,0.000,0.000,1
2026-01-31 17:46:30,7514774,2408.000,686.000,7987.000,-130.000,-58.000,-18.000,0.000,0.000,1
2026-01-31 17:46:30,7514814,2360.000,723.000,8011.000,-27.000,-58.000,-25.000,0.000,0.000,1
2026-01-31 17:46:30,7514854,2430.000,736.000,8030.000,-75.000,-56.000,-25.000,0.000,0.000,1
2026-01-31 17:46:30,7514894,2525.000,694.000,8020.000,-70.000,-53.000,-63.000,0.000,0.000,1
2026-01-31 17:46:30,7514934,2538.000,777.000,8077.000,-35.000,-74.000,-57.000,0.000,0.000,1
2026-01-31 17:46:30,7514974,2535.000,732.000,7964.000,-105.000,-58.000,-39.000,0.000,0.000,1
2026-01-31 17:46:30,7515014,2465.000,694.000,7961.000,-68.000,-36.000,-22.000,0.000,0.000,1
2026-01-31 17:46:30,7515054,2444.000,717.000,8050.000,-42.000,-19.000,-10.000,0.000,0.000,1
2026-01-31 17:46:30,7515094,2441.000,676.000,8110.000,-68.000,-17.000,-16.000,0.000,0.000,1
2026-01-31 17:46:30,7515134,2427.000,716.000,8099.000,-65.000,-37.000,-27.000,0.000,0.000,1
2026-01-31 17:46:30,7515174,2433.000,779.000,8113.000,-53.000,-57.000,-30.000,0.000,0.000,1
2026-01-31 17:46:30,7515214,2461.000,805.000,8156.000,-48.000,-49.000,-47.000,0.000,0.000,1
2026-01-31 17:46:30,7515254,2547.000,791.000,8151.000,-86.000,-63.000,-62.000,0.000,0.000,1
2026-01-31 17:46:30,7515294,2589.000,698.000,8119.000,-105.000,-54.000,-65.000,0.000,0.000,1
2026-01-31 17:46:30,7515334,2530.000,688.000,8052.000,-92.000,-81.000,-53.000,0.000,0.000,1
2026-01-31 17:46:30,7515374,2516.000,655.000,7996.000,-106.000,-67.000,-35.000,0.000,0.000,1
2026-01-31 17:46:30,7515415,2462.000,685.000,7932.000,-78.000,-59.000,-12.000,0.000,0.000,1
2026-01-31 17:46:30,7515454,2545.000,887.000,8069.000,-1.000,-61.000,-27.000,0.000,0.000,1
2026-01-31 17:46:30,7515494,2498.000,816.000,7870.000,-135.000,-36.000,-35.000,0.000,0.000,1
2026-01-31 17:46:30,7515534,2528.000,906.000,7859.000,-42.000,-89.000,-59.000,0.000,0.000,1
2026-01-31 17:46:30,7515577,2591.000,708.000,7826.000,-83.000,-29.000,-79.000,0.000,0.000,1
2026-01-31 17:46:30,7515614,2621.000,796.000,7933.000,32.000,-24.000,-98.000,0.000,0.000,1
2026-01-31 17:46:30,7515654,2538.000,820.000,7930.000,-94.000,-7.000,-40.000,0.000,0.000,1
2026-01-31 17:46:30,7515694,2700.000,1074.000,8123.000,68.000,-14.000,-37.000,0.000,0.000,1
2026-01-31 17:46:31,7515734,2581.000,867.000,7869.000,-137.000,58.000,-30.000,0.000,0.000,1
2026-01-31 17:46:31,7515774,2580.000,986.000,8021.000,36.000,17.000,-25.000,0.000,0.000,1
2026-01-31 17:46:31,7515814,2552.000,880.000,8034.000,-31.000,86.000,-36.000,0.000,0.000,1
2026-01-31 17:46:31,7515854,2411.000,880.000,7892.000,-99.000,17.000,-39.000,0.000,0.000,1
2026-01-31 17:46:31,7515894,2436.000,860.000,7954.000,-26.000,45.000,-41.000,0.000,0.000,1
2026-01-31 17:46:31,7515934,2297.000,678.000,7711.000,-171.000,29.000,-40.000,0.000,0.000,1
2026-01-31 17:46:31,7515974,2541.000,985.000,8116.000,158.000,2.000,-52.000,0.000,0.000,1
2026-01-31 17:46:31,7516014,2389.000,753.000,7943.000,-105.000,77.000,-61.000,0.000,0.000,1
2026-01-31 17:46:31,7516054,2568.000,1023.000,8087.000,30.000,-18.000,-73.000,0.000,0.000,1
2026-01-31 17:46:31,7516094,2677.000,1031.000,8107.000,24.000,0.000,-94.000,0.000,0.000,1
2026-01-31 17:46:31,7516134,2798.000,1076.000,8143.000,-19.000,-8.000,-134.000,0.000,0.000,1
2026-01-31 17:46:31,7516174,2718.000,877.000,7986.000,-102.000,8.000,-130.000,0.000,0.000,1
2026-01-31 17:46:31,7516214,2771.000,1073.000,8196.000,63.000,2.000,-98.000,0.000,0.000,1
2026-01-31 17:46:31,7516254,2769.000,799.000,8025.000,-171.000,31.000,-54.000,0.000,0.000,1
2026-01-31 17:46:31,7516294,2696.000,1068.000,8015.000,38.000,19.000,-71.000,0.000,0.000,1
2026-01-31 17:46:31,7516334,2633.000,915.000,7926.000,-105.000,0.000,-39.000,0.000,0.000,1
2026-01-31 17:46:31,7516374,2621.000,986.000,7952.000,-5.000,39.000,-42.000,0.000,0.000,1
2026-01-31 17:46:31,7516414,2501.000,1002.000,7917.000,11.000,26.000,-61.000,0.000,0.000,1
2026-01-31 17:46:31,7516454,2520.000,948.000,7902.000,-39.000,5.000,-93.000,0.000,0.000,1
2026-01-31 17:46:31,7516494,2566.000,974.000,7894.000,-25.000,8.000,-106.000,0.000,0.000,1
2026-01-31 17:46:31,7516534,2616.000,1056.000,7872.000,13.000,22.000,-128.000,0.000,0.000,1
2026-01-31 17:46:31,7516574,2693.000,1098.000,7983.000,7.000,25.000,-118.000,0.000,0.000,1
2026-01-31 17:46:31,7516614,2713.000,1131.000,7946.000,-2.000,72.000,-109.000,0.000,0.000,1
2026-01-31 17:46:31,7516654,2647.000,1121.000,8020.000,-6.000,75.000,-65.000,0.000,0.000,1
2026-01-31 17:46:31,7516694,2537.000,1149.000,7924.000,-66.000,78.000,-52.000,0.000,0.000,1
2026-01-31 17:46:32,7516734,2517.000,1208.000,7986.000,10.000,16.000,-55.000,0.000,0.000,1
2026-01-31 17:46:32,7516774,2677.000,1305.000,7826.000,-7.000,42.000,-74.000,0.000,0.000,1
2026-01-31 17:46:32,7516814,2604.000,1387.000,8086.000,41.000,-9.000,-95.000,0.000,0.000,1
2026-01-31 17:46:32,7516854,2590.000,1351.000,8027.000,-65.000,49.000,-71.000,0.000,0.000,1
2026-01-31 17:46:32,7516894,2448.000,1337.000,7931.000,-48.000,-23.000,-69.000,0.000,0.000,1
2026-01-31 17:46:32,7516934,2470.000,1339.000,8021.000,-65.000,-42.000,-51.000,0.000,0.000,1
2026-01-31 17:46:32,7516974,2464.000,1295.000,7742.000,-138.000,-81.000,-63.000,0.000,0.000,1
2026-01-31 17:46:32,7517014,2582.000,1405.000,7834.000,-7.000,-161.000,-61.000,0.000,0.000,1
2026-01-31 17:46:32,7517054,2707.000,1392.000,7750.000,-103.000,-77.000,-86.000,0.000,0.000,1
2026-01-31 17:46:32,7517094,2754.000,1364.000,7718.000,-52.000,-126.000,-115.000,0.000,0.000,1
2026-01-31 17:46:32,7517134,2932.000,1490.000,7867.000,-11.000,-66.000,-115.000,0.000,0.000,1
2026-01-31 17:46:32,7517174,2829.000,1291.000,7764.000,5.000,-83.000,-99.000,0.000,0.000,1
2026-01-31 17:46:32,7517214,2920.000,1279.000,7709.000,-123.000,-2.000,-78.000,0.000,0.000,1
2026-01-31 17:46:32,7517254,2758.000,1215.000,7638.000,-27.000,-47.000,-70.000,0.000,0.000,1
2026-01-31 17:46:32,7517294,2874.000,1301.000,7920.000,8.000,-36.000,-35.000,0.000,0.000,1
2026-01-31 17:46:32,7517334,2863.000,1272.000,7768.000,-72.000,-19.000,-39.000,0.000,0.000,1
2026-01-31 17:46:32,7517374,2844.000,1409.000,7857.000,-13.000,-66.000,-63.000,0.000,0.000,1
2026-01-31 17:46:32,7517415,2821.000,1265.000,7793.000,-58.000,-28.000,-49.000,0.000,0.000,1
2026-01-31 17:46:32,7517454,2819.000,1332.000,7784.000,-90.000,-40.000,-58.000,0.000,0.000,1
2026-01-31 17:46:32,7517494,2792.000,1190.000,7688.000,-134.000,-20.000,-73.000,0.000,0.000,1
2026-01-31 17:46:32,7517534,2683.000,1269.000,8016.000,-12.000,-47.000,-61.000,0.000,0.000,1
2026-01-31 17:46:32,7517577,2768.000,1276.000,7836.000,-141.000,-21.000,-81.000,0.000,0.000,1
2026-01-31 17:46:32,7517614,2730.000,1274.000,7919.000,-82.000,-111.000,-67.000,0.000,0.000,1
2026-01-31 17:46:32,7517654,2825.000,1485.000,7981.000,-23.000,-63.000,-54.000,0.000,0.000,1
2026-01-31 17:46:32,7517694,2801.000,1447.000,7988.000,77.000,-65.000,-65.000,0.000,0.000,1
2026-01-31 17:46:33,7517734,2741.000,1379.000,7860.000,-123.000,-78.000,-84.000,0.000,0.000,1
2026-01-31 17:46:33,7517774,2609.000,1310.000,7600.000,-131.000,-115.000,-83.000,0.000,0.000,1
2026-01-31 17:46:33,7517814,2820.000,1610.000,7980.000,160.000,-118.000,-82.000,0.000,0.000,1
2026-01-31 17:46:33,7517854,2578.000,1028.000,7461.000,-347.000,-85.000,-50.000,0.000,0.000,1
2026-01-31 17:46:33,7517894,2898.000,1766.000,8004.000,343.000,-124.000,-119.000,0.000,0.000,1
2026-01-31 17:46:33,7517934,2763.000,1190.000,7737.000,60.000,-174.000,-99.000,0.000,0.000,1
2026-01-31 17:46:33,7517974,3051.000,1624.000,7821.000,20.000,-16.000,-136.000,0.000,0.000,1
2026-01-31 17:46:33,7518014,2765.000,1249.000,7614.000,-83.000,-138.000,-109.000,0.000,0.000,1
2026-01-31 17:46:33,7518054,2781.000,1385.000,7288.000,-164.000,-80.000,-86.000,0.000,0.000,1
2026-01-31 17:46:33,7518094,2224.000,921.000,6851.000,-267.000,-154.000,22.000,0.000,0.000,1
2026-01-31 17:46:33,7518134,2594.000,1479.000,7666.000,356.000,-103.000,57.000,0.000,0.000,1
2026-01-31 17:46:33,7518174,2579.000,1526.000,7945.000,175.000,56.000,26.000,0.000,0.000,1
2026-01-31 17:46:33,7518214,2828.000,1903.000,8308.000,390.000,-39.000,-28.000,0.000,0.000,1
2026-01-31 17:46:33,7518254,2596.000,1832.000,7771.000,-76.000,-44.000,-57.000,0.000,0.000,1
2026-01-31 17:46:33,7518294,2995.000,2199.000,8209.000,180.000,-189.000,-87.000,0.000,0.000,1
2026-01-31 17:46:33,7518334,3117.000,1731.000,7898.000,-274.000,-39.000,-163.000,0.000,0.000,1
2026-01-31 17:46:33,7518374,2887.000,1645.000,7265.000,-457.000,1.000,-165.000,0.000,0.000,1
2026-01-31 17:46:33,7518414,2320.000,351.000,6298.000,-949.000,-164.000,-64.000,0.000,0.000,1
2026-01-31 17:46:33,7518454,2947.000,1016.000,7445.000,169.000,-128.000,-12.000,0.000,0.000,1
2026-01-31 17:46:33,7518494,2808.000,231.000,6917.000,-482.000,204.000,-17.000,0.000,0.000,1
2026-01-31 17:46:33,7518534,3253.000,1538.000,8332.000,767.000,86.000,-198.000,0.000,0.000,1
2026-01-31 17:46:33,7518574,2916.000,927.000,7505.000,-421.000,271.000,-94.000,0.000,0.000,1
2026-01-31 17:46:33,7518614,3087.000,1785.000,8305.000,522.000,-114.000,-74.000,0.000,0.000,1
2026-01-31 17:46:33,7518654,3614.000,1801.000,8378.000,-75.000,163.000,-18.000,0.000,0.000,1
2026-01-31 17:46:33,7518694,3172.000,1051.000,8198.000,-202.000,62.000,-58.000,0.000,0.000,1
2026-01-31 17:46:34,7518734,3526.000,1991.000,8753.000,231.000,340.000,-104.000,0.000,0.000,1
2026-01-31 17:46:34,7518774,2544.000,295.000,7298.000,-698.000,164.000,-49.000,0.000,0.000,1
2026-01-31 17:46:34,7518814,3005.000,1763.000,8342.000,290.000,-30.000,-60.000,0.000,60.830,1
2026-01-31 17:46:34,7518854,2852.000,989.000,7323.000,-485.000,206.000,-4.000,0.000,60.830,1
2026-01-31 17:46:34,7518894,2463.000,1415.000,6929.000,-99.000,-65.000,-12.000,0.000,60.830,1
2026-01-31 17:46:34,7518934,2146.000,928.000,6113.000,-622.000,-11.000,118.000,0.000,60.830,1
2026-01-31 17:46:34,7518974,2626.000,1748.000,7471.000,591.000,88.000,176.000,0.000,60.830,1
2026-01-31 17:46:34,7519014,2799.000,1701.000,8133.000,139.000,509.000,182.000,0.000,60.830,1
2026-01-31 17:46:34,7519054,2882.000,2201.000,9009.000,447.000,499.000,54.000,0.000,60.830,1
2026-01-31 17:46:34,7519094,2360.000,1773.000,8624.000,51.000,-41.000,23.000,0.000,60.830,1
2026-01-31 17:46:34,7519134,2921.000,1844.000,8921.000,-330.000,-72.000,-10.000,0.000,60.830,1
2026-01-31 17:46:34,7519174,3311.000,1881.000,9644.000,14.000,-22.000,-209.000,0.000,60.830,1
2026-01-31 17:46:34,7519214,2185.000,-92.000,7243.000,-1262.000,-77.000,-286.000,0.000,60.830,1
2026-01-31 17:46:34,7519254,2703.000,1335.000,7935.000,9.000,-444.000,-113.000,0.000,60.830,1
2026-01-31 17:46:34,7519294,3299.000,705.000,8067.000,-14.000,-72.000,-82.000,0.000,60.830,1
2026-01-31 17:46:34,7519334,2918.000,1057.000,7951.000,-22.000,140.000,-145.000,0.000,60.830,1
2026-01-31 17:46:34,7519374,2981.000,1398.000,8327.000,462.000,-147.000,-156.000,0.000,60.830,1
2026-01-31 17:46:34,7519414,2733.000,1454.000,7370.000,-355.000,-87.000,-40.000,0.000,60.830,1
2026-01-31 17:46:34,7519454,3265.000,1810.000,7799.000,796.000,-144.000,-57.000,0.000,60.830,1
2026-01-31 17:46:34,7519494,2939.000,1397.000,7857.000,214.000,25.000,-82.000,0.000,60.830,1
2026-01-31 17:46:34,7519534,3019.000,1325.000,7918.000,-203.000,69.000,-123.000,0.000,60.830,1
2026-01-31 17:46:34,7519574,2950.000,1067.000,7325.000,-246.000,131.000,-187.000,0.000,60.830,1
2026-01-31 17:46:34,7519614,3092.000,1462.000,7819.000,83.000,-140.000,-184.000,0.000,60.830,1
2026-01-31 17:46:34,7519654,3557.000,2104.000,8423.000,76.000,120.000,-129.000,0.000,60.830,1
2026-01-31 17:46:34,7519694,2299.000,500.000,6269.000,-992.000,158.000,-24.000,0.000,60.830,1
2026-01-31 17:46:35,7519734,2818.000,2118.000,7799.000,577.000,-298.000,121.000,0.000,60.830,1
2026-01-31 17:46:35,7519774,2504.000,904.000,7109.000,-643.000,511.000,268.000,0.000,60.830,1
2026-01-31 17:46:35,7519814,2820.000,2041.000,8807.000,990.000,195.000,106.000,0.000,-14.000,1
2026-01-31 17:46:35,7519854,2666.000,1149.000,8377.000,-91.000,156.000,-82.000,0.000,-14.000,1
2026-01-31 17:46:35,7519894,2118.000,1331.000,7909.000,-397.000,-118.000,14.000,0.000,-14.000,1
2026-01-31 17:46:35,7519934,2630.000,1694.000,7948.000,57.000,-146.000,6.000,0.000,-14.000,1
2026-01-31 17:46:35,7519974,2584.000,1684.000,8258.000,-33.000,3.000,-25.000,0.000,-14.000,1
2026-01-31 17:46:35,7520014,2439.000,1420.000,7497.000,-333.000,19.000,-91.000,0.000,-14.000,1
2026-01-31 17:46:35,7520054,2211.000,1158.000,7195.000,-268.000,-221.000,-73.000,0.000,-14.000,1
2026-01-31 17:46:35,7520094,2932.000,1447.000,7682.000,41.000,-159.000,-153.000,0.000,-14.000,1
2026-01-31 17:46:35,7520134,3346.000,859.000,7546.000,-331.000,-111.000,-243.000,0.000,-14.000,1
2026-01-31 17:46:35,7520174,3640.000,1326.000,8119.000,193.000,-20.000,-263.000,0.000,-14.000,1
2026-01-31 17:46:35,7520214,2785.000,1119.000,7519.000,-224.000,196.000,-121.000,0.000,-14.000,1
2026-01-31 17:46:35,7520254,3034.000,1882.000,8156.000,298.000,52.000,44.000,0.000,-14.000,1
2026-01-31 17:46:35,7520294,2646.000,1035.000,7475.000,-348.000,183.000,160.000,0.000,-14.000,1
2026-01-31 17:46:35,7520334,2940.000,1687.000,8296.000,320.000,66.000,98.000,0.000,-14.000,1
2026-01-31 17:46:35,7520374,2783.000,1186.000,8136.000,-130.000,199.000,49.000,0.000,-14.000,1
2026-01-31 17:46:35,7520414,2877.000,1744.000,8371.000,90.000,3.000,-11.000,0.000,-14.000,1
2026-01-31 17:46:35,7520454,2930.000,1501.000,7941.000,-220.000,16.000,-77.000,0.000,-14.000,1
2026-01-31 17:46:35,7520494,2733.000,1628.000,7871.000,-166.000,-1.000,-57.000,0.000,-14.000,1
2026-01-31 17:46:35,7520534,2954.000,1641.000,8169.000,131.000,79.000,-74.000,0.000,-14.000,1
2026-01-31 17:46:35,7520574,2608.000,1270.000,7851.000,-257.000,152.000,-16.000,0.000,-14.000,1
2026-01-31 17:46:35,7520614,2562.000,1553.000,7774.000,29.000,19.000,23.000,0.000,-14.000,1
2026-01-31 17:46:35,7520654,2478.000,1163.000,7320.000,-265.000,16.000,20.000,0.000,-14.000,1
2026-01-31 17:46:35,7520694,2652.000,1444.000,7835.000,227.000,-24.000,-12.000,0.000,-14.000,1
2026-01-31 17:46:36,7520734,2567.000,1193.000,7579.000,-134.000,128.000,-54.000,0.000,-14.000,1
2026-01-31 17:46:36,7520774,2801.000,1694.000,8149.000,362.000,37.000,-130.000,0.000,-14.000,1
2026-01-31 17:46:36,7520814,2690.000,1190.000,7539.000,-274.000,80.000,-129.000,0.000,5.340,1
2026-01-31 17:46:36,7520854,2666.000,1258.000,7458.000,4.000,-95.000,-98.000,0.000,5.340,1
2026-01-31 17:46:36,7520894,2784.000,1187.000,7593.000,30.000,31.000,-74.000,0.000,5.340,1
2026-01-31 17:46:36,7520934,2651.000,1167.000,7709.000,137.000,63.000,-52.000,0.000,5.340,1
2026-01-31 17:46:36,7520974,2774.000,1604.000,8087.000,287.000,92.000,-61.000,0.000,5.340,1
2026-01-31 17:46:36,7521014,2522.000,1381.000,7794.000,73.000,17.000,-34.000,0.000,5.340,1
2026-01-31 17:46:36,7521054,2736.000,1716.000,8203.000,252.000,41.000,-6.000,0.000,5.340,1
2026-01-31 17:46:36,7521094,2568.000,1475.000,7931.000,25.000,111.000,-67.000,0.000,5.340,1
2026-01-31 17:46:36,7521134,2668.000,1651.000,8343.000,250.000,-32.000,-103.000,0.000,5.340,1
2026-01-31 17:46:36,7521174,2816.000,1694.000,8282.000,58.000,19.000,-154.000,0.000,5.340,1
2026-01-31 17:46:36,7521214,2934.000,1677.000,8316.000,142.000,-118.000,-178.000,0.000,5.340,1
2026-01-31 17:46:36,7521254,3066.000,1825.000,8198.000,43.000,-35.000,-153.000,0.000,5.340,1
2026-01-31 17:46:36,7521294,2683.000,1425.000,7623.000,-135.000,-84.000,-112.000,0.000,5.340,1
2026-01-31 17:46:36,7521337,2887.000,1718.000,7516.000,92.000,31.000,-61.000,0.000,5.340,1
2026-01-31 17:46:36,7521376,2572.000,1588.000,7390.000,65.000,-70.000,-44.000,0.000,5.340,1
2026-01-31 17:46:36,7521414,2583.000,1637.000,7492.000,95.000,-43.000,-24.000,0.000,5.340,1
2026-01-31 17:46:36,7521454,2430.000,1397.000,7211.000,-68.000,31.000,-29.000,0.000,5.340,1
2026-01-31 17:46:36,7521494,2485.000,1688.000,7329.000,181.000,-51.000,-21.000,0.000,5.340,1
2026-01-31 17:46:36,7521534,2369.000,1478.000,7190.000,-48.000,58.000,-58.000,0.000,5.340,1
2026-01-31 17:46:36,7521574,2264.000,1461.000,6850.000,-38.000,-52.000,-85.000,0.000,5.340,1
2026-01-31 17:46:36,7521614,2412.000,1593.000,7127.000,113.000,-26.000,-43.000,0.000,5.340,1
2026-01-31 17:46:36,7521654,2330.000,1423.000,7025.000,-75.000,107.000,-38.000,0.000,5.340,1
2026-01-31 17:46:36,7521694,2352.000,1644.000,7376.000,176.000,44.000,-8.000,0.000,5.340,1
2026-01-31 17:46:37,7521734,2363.000,1719.000,7300.000,32.000,187.000,44.000,0.000,5.340,1
2026-01-31 17:46:37,7521774,2274.000,1729.000,7983.000,305.000,5.000,34.000,0.000,5.340,1
2026-01-31 17:46:37,7521814,2236.000,1430.000,7657.000,-319.000,109.000,16.000,0.000,-11.070,1
2026-01-31 17:46:37,7521854,2654.000,1875.000,8409.000,354.000,-145.000,-107.000,0.000,-11.070,1
2026-01-31 17:46:37,7521894,2675.000,1680.000,8127.000,-293.000,35.000,-108.000,0.000,-11.070,1
2026-01-31 17:46:37,7521934,2756.000,1644.000,8197.000,-12.000,-164.000,-180.000,0.000,-11.070,1
2026-01-31 17:46:37,7521974,3036.000,2112.000,8509.000,-20.000,-58.000,-177.000,0.000,-11.070,1
2026-01-31 17:46:37,7522014,2847.000,1194.000,8032.000,-350.000,12.000,-186.000,0.000,-11.070,1
2026-01-31 17:46:37,7522054,2992.000,1587.000,8250.000,-10.000,-98.000,-132.000,0.000,-11.070,1
2026-01-31 17:46:37,7522094,3044.000,1444.000,8114.000,-126.000,28.000,-67.000,0.000,-11.070,1
2026-01-31 17:46:37,7522134,2841.000,1754.000,8255.000,106.000,-12.000,-11.000,0.000,-11.070,1
2026-01-31 17:46:37,7522174,2629.000,1328.000,7506.000,-243.000,5.000,21.000,0.000,-11.070,1
2026-01-31 17:46:37,7522214,2578.000,1613.000,7723.000,121.000,-106.000,44.000,0.000,-11.070,1
2026-01-31 17:46:37,7522254,2728.000,1690.000,7794.000,42.000,92.000,3.000,0.000,-11.070,1
2026-01-31 17:46:37,7522294,2502.000,1694.000,7626.000,86.000,10.000,-31.000,0.000,-11.070,1
2026-01-31 17:46:37,7522334,2357.000,1651.000,7501.000,-114.000,-17.000,17.000,0.000,-11.070,1
2026-01-31 17:46:37,7522374,2227.000,1384.000,7178.000,-166.000,-43.000,-3.000,0.000,-11.070,1
2026-01-31 17:46:37,7522414,2077.000,1243.000,7031.000,-173.000,-165.000,46.000,0.000,-11.070,1
2026-01-31 17:46:37,7522454,2211.000,1345.000,7055.000,-64.000,-32.000,12.000,0.000,-11.070,1
2026-01-31 17:46:37,7522494,2165.000,1239.000,8007.000,70.000,-141.000,13.000,0.000,-11.070,1
2026-01-31 17:46:37,7522534,2424.000,1471.000,7640.000,-138.000,79.000,-59.000,0.000,-11.070,1
2026-01-31 17:46:37,7522574,2810.000,2143.000,8097.000,297.000,-169.000,-134.000,0.000,-11.070,1
2026-01-31 17:46:37,7522614,2979.000,1979.000,8035.000,-77.000,-23.000,-158.000,0.000,-11.070,1
2026-01-31 17:46:37,7522654,2913.000,1771.000,8186.000,-47.000,-111.000,-179.000,0.000,-11.070,1
2026-01-31 17:46:37,7522694,2976.000,2049.000,8375.000,-26.000,-37.000,-141.000,0.000,-11.070,1
2026-01-31 17:46:38,7522734,2746.000,1525.000,7996.000,-250.000,-74.000,-58.000,0.000,-11.070,1
2026-01-31 17:46:38,7522774,2748.000,1742.000,8055.000,-176.000,-159.000,53.000,0.000,-11.070,1
2026-01-31 17:46:38,7522814,2793.000,1684.000,7920.000,-96.000,-81.000,91.000,0.000,9.810,1
2026-01-31 17:46:38,7522854,2494.000,1239.000,7587.000,-327.000,-212.000,95.000,0.000,9.810,1
2026-01-31 17:46:38,7522894,2977.000,1839.000,7866.000,-74.000,-55.000,-43.000,0.000,9.810,1
2026-01-31 17:46:38,7522934,3040.000,1655.000,8024.000,91.000,-186.000,-146.000,0.000,9.810,1
2026-01-31 17:46:38,7522974,2912.000,1505.000,7473.000,-302.000,20.000,-167.000,0.000,9.810,1
2026-01-31 17:46:38,7523014,2726.000,1353.000,7560.000,49.000,-238.000,-101.000,0.000,9.810,1
2026-01-31 17:46:38,7523054,3099.000,1766.000,7917.000,66.000,-48.000,-65.000,0.000,9.810,1
2026-01-31 17:46:38,7523094,2351.000,817.000,6657.000,-460.000,-39.000,-66.000,0.000,9.810,1
2026-01-31 17:46:38,7523134,2430.000,1691.000,7195.000,201.000,-359.000,63.000,0.000,9.810,1
2026-01-31 17:46:38,7523174,2618.000,1482.000,6827.000,-133.000,14.000,132.000,0.000,9.810,1
2026-01-31 17:46:38,7523214,2498.000,1410.000,7146.000,201.000,-33.000,36.000,0.000,9.810,1
2026-01-31 17:46:38,7523254,2890.000,1768.000,7588.000,271.000,70.000,-26.000,0.000,9.810,1
2026-01-31 17:46:38,7523294,2900.000,2001.000,7977.000,344.000,-44.000,-151.000,0.000,9.810,1
2026-01-31 17:46:38,7523337,2955.000,1703.000,7774.000,-40.000,9.000,-125.000,0.000,9.810,1
2026-01-31 17:46:38,7523374,2976.000,2176.000,8021.000,225.000,15.000,-125.000,0.000,9.810,1
2026-01-31 17:46:38,7523414,2960.000,1842.000,7826.000,-209.000,55.000,-19.000,0.000,9.810,1
2026-01-31 17:46:38,7523454,2777.000,2019.000,7872.000,-15.000,88.000,62.000,0.000,9.810,1
2026-01-31 17:46:38,7523494,2634.000,1811.000,7631.000,-104.000,16.000,119.000,0.000,9.810,1
2026-01-31 17:46:38,7523534,2531.000,1575.000,7555.000,-145.000,-31.000,126.000,0.000,9.810,1
2026-01-31 17:46:38,7523577,2857.000,1798.000,8351.000,179.000,-5.000,10.000,0.000,9.810,1
2026-01-31 17:46:38,7523614,2965.000,1807.000,8364.000,109.000,15.000,-76.000,0.000,9.810,1
2026-01-31 17:46:38,7523654,3597.000,2445.000,8705.000,71.000,-196.000,-259.000,0.000,9.810,1
2026-01-31 17:46:38,7523694,2955.000,1027.000,7209.000,-685.000,-35.000,-286.000,0.000,9.810,1
2026-01-31 17:46:39,7523734,2966.000,1547.000,6872.000,-60.000,-383.000,-208.000,0.000,9.810,1
2026-01-31 17:46:39,7523774,3566.000,1732.000,7527.000,156.000,-13.000,-111.000,0.000,9.810,1
2026-01-31 17:46:39,7523814,2936.000,1356.000,6908.000,-202.000,181.000,-19.000,0.000,-4.360,1
2026-01-31 17:46:39,7523854,3000.000,2099.000,7665.000,560.000,-131.000,2.000,0.000,-4.360,1
2026-01-31 17:46:39,7523894,2730.000,2061.000,7220.000,-144.000,114.000,198.000,0.000,-4.360,1
2026-01-31 17:46:39,7523934,2614.000,1902.000,6897.000,205.000,-76.000,128.000,0.000,-4.360,1
2026-01-31 17:46:39,7523974,2783.000,2305.000,7125.000,89.000,-23.000,230.000,0.000,-4.360,1
2026-01-31 17:46:39,7524014,2841.000,2505.000,7451.000,168.000,160.000,113.000,0.000,-4.360,1
2026-01-31 17:46:39,7524054,2862.000,2174.000,7492.000,-207.000,51.000,-69.000,0.000,-4.360,1
2026-01-31 17:46:39,7524094,2836.000,1863.000,7386.000,-190.000,-41.000,-116.000,0.000,-4.360,1
2026-01-31 17:46:39,7524134,3081.000,2166.000,7891.000,-39.000,20.000,-129.000,0.000,-4.360,1
2026-01-31 17:46:39,7524174,2888.000,1551.000,7656.000,-331.000,43.000,-143.000,0.000,-4.360,1
2026-01-31 17:46:39,7524214,3187.000,2003.000,7977.000,6.000,-38.000,-165.000,0.000,-4.360,1
2026-01-31 17:46:39,7524254,3027.000,1445.000,7381.000,-387.000,-67.000,-54.000,0.000,-4.360,1
2026-01-31 17:46:39,7524294,3364.000,2038.000,7783.000,155.000,-136.000,-41.000,0.000,-4.360,1
2026-01-31 17:46:39,7524334,3566.000,2199.000,8128.000,131.000,73.000,-62.000,0.000,-4.360,1
2026-01-31 17:46:39,7524374,3284.000,1884.000,7691.000,13.000,80.000,-45.000,0.000,-4.360,1
2026-01-31 17:46:39,7524414,3058.000,2024.000,7765.000,75.000,36.000,33.000,0.000,-4.360,1
2026-01-31 17:46:39,7524454,2927.000,2016.000,7677.000,-23.000,23.000,49.000,0.000,-4.360,1
2026-01-31 17:46:39,7524494,2890.000,2126.000,7576.000,-76.000,9.000,18.000,0.000,-4.360,1
2026-01-31 17:46:39,7524534,2599.000,1764.000,7012.000,-303.000,-79.000,29.000,0.000,-4.360,1
2026-01-31 17:46:39,7524574,2642.000,2099.000,6929.000,-84.000,-137.000,43.000,0.000,-4.360,1
2026-01-31 17:46:39,7524614,2832.000,1999.000,7062.000,-49.000,-11.000,45.000,0.000,-4.360,1
2026-01-31 17:46:39,7524654,2729.000,1827.000,7376.000,40.000,103.000,45.000,0.000,-4.360,1
2026-01-31 17:46:39,7524694,2636.000,1858.000,7644.000,22.000,125.000,53.000,0.000,-4.360,1
2026-01-31 17:46:40,7524734,2601.000,1769.000,7860.000,37.000,8.000,29.000,0.000,-4.360,1
2026-01-31 17:46:40,7524774,2628.000,1721.000,7837.000,-165.000,-46.000,-7.000,0.000,-4.360,1
2026-01-31 17:46:40,7524814,3181.000,2095.000,8255.000,-27.000,-136.000,-129.000,0.000,-13.100,1
2026-01-31 17:46:40,7524854,3183.000,1403.000,7642.000,-398.000,-210.000,-133.000,0.000,-13.100,1
2026-01-31 17:46:40,7524894,3616.000,2103.000,8101.000,55.000,-169.000,-132.000,0.000,-13.100,1
2026-01-31 17:46:40,7524934,3574.000,1476.000,7628.000,-266.000,72.000,-131.000,0.000,-13.100,1
2026-01-31 17:46:40,7524974,3269.000,1601.000,7755.000,24.000,8.000,-67.000,0.000,-13.100,1
2026-01-31 17:46:40,7525014,3167.000,1619.000,7774.000,-70.000,75.000,18.000,0.000,-13.100,1
2026-01-31 17:46:40,7525054,2927.000,1444.000,7541.000,-52.000,20.000,63.000,0.000,-13.100,1
2026-01-31 17:46:40,7525094,3027.000,1669.000,7722.000,56.000,24.000,77.000,0.000,-13.100,1
2026-01-31 17:46:40,7525134,2942.000,1667.000,7631.000,71.000,94.000,29.000,0.000,-13.100,1
2026-01-31 17:46:40,7525174,2821.000,1708.000,7618.000,8.000,20.000,3.000,0.000,-13.100,1
2026-01-31 17:46:40,7525214,2876.000,1763.000,7805.000,135.000,82.000,-73.000,0.000,-13.100,1
2026-01-31 17:46:40,7525254,2821.000,1666.000,7731.000,-22.000,5.000,-88.000,0.000,-13.100,1
2026-01-31 17:46:40,7525294,2853.000,1735.000,7968.000,76.000,19.000,-101.000,0.000,-13.100,1
2026-01-31 17:46:40,7525337,2631.000,1553.000,7532.000,-127.000,-72.000,-30.000,0.000,-13.100,1
2026-01-31 17:46:40,7525377,2739.000,1807.000,7590.000,3.000,-55.000,4.000,0.000,-13.100,1
2026-01-31 17:46:40,7525414,2692.000,1694.000,7582.000,-81.000,-23.000,24.000,0.000,-13.100,1
2026-01-31 17:46:40,7525454,2633.000,1705.000,7602.000,-1.000,-29.000,22.000,0.000,-13.100,1
2026-01-31 17:46:40,7525494,2522.000,1696.000,7611.000,-51.000,-14.000,37.000,0.000,-13.100,1
2026-01-31 17:46:40,7525534,2480.000,1680.000,7577.000,-46.000,-81.000,15.000,0.000,-13.100,1
2026-01-31 17:46:40,7525577,2740.000,1556.000,7976.000,15.000,-56.000,-81.000,0.000,-13.100,1
2026-01-31 17:46:40,7525614,2707.000,1430.000,7817.000,-149.000,-86.000,-98.000,0.000,-13.100,1
2026-01-31 17:46:40,7525654,2770.000,1343.000,7763.000,-143.000,-164.000,-99.000,0.000,-13.100,1
2026-01-31 17:46:40,7525694,3032.000,1514.000,8160.000,51.000,-107.000,-89.000,0.000,-13.100,1
2026-01-31 17:46:41,7525734,3004.000,1493.000,8061.000,-89.000,-49.000,-66.000,0.000,-13.100,1
2026-01-31 17:46:41,7525774,2928.000,1603.000,7969.000,-60.000,-71.000,-29.000,0.000,-13.100,1
2026-01-31 17:46:41,7525814,2826.000,1425.000,7919.000,-71.000,-22.000,21.000,0.000,0.560,1
2026-01-31 17:46:41,7525854,2651.000,1145.000,7642.000,-267.000,-43.000,47.000,0.000,0.560,1
2026-01-31 17:46:41,7525894,2738.000,1292.000,7916.000,2.000,-33.000,0.000,0.000,0.560,1
2026-01-31 17:46:41,7525934,2511.000,780.000,7379.000,-364.000,-47.000,-25.000,0.000,0.560,1
2026-01-31 17:46:41,7525974,2942.000,1335.000,7981.000,226.000,-78.000,-89.000,0.000,0.560,1
2026-01-31 17:46:41,7526014,2778.000,1130.000,7518.000,-178.000,76.000,-126.000,0.000,0.560,1
2026-01-31 17:46:41,7526054,2614.000,1462.000,7598.000,93.000,-61.000,-118.000,0.000,0.560,1
2026-01-31 17:46:41,7526094,2693.000,735.000,7605.000,-187.000,30.000,-27.000,0.000,0.560,1
2026-01-31 17:46:41,7526134,2963.000,1356.000,8234.000,313.000,100.000,-75.000,0.000,0.560,1
2026-01-31 17:46:41,7526174,2844.000,1254.000,8318.000,122.000,127.000,-100.000,0.000,0.560,1
2026-01-31 17:46:41,7526214,2365.000,1364.000,7957.000,-112.000,12.000,-43.000,0.000,0.560,1
2026-01-31 17:46:41,7526254,2574.000,1459.000,7929.000,-19.000,-26.000,-25.000,0.000,0.560,1
2026-01-31 17:46:41,7526294,2435.000,871.000,7624.000,-247.000,-37.000,-37.000,0.000,0.560,1
2026-01-31 17:46:41,7526334,2717.000,1428.000,8150.000,-26.000,250.000,-139.000,0.000,0.560,1
2026-01-31 17:46:41,7526374,2271.000,1066.000,7656.000,-162.000,-56.000,-136.000,0.000,0.560,1
2026-01-31 17:46:41,7526414,2648.000,1779.000,7976.000,117.000,35.000,-79.000,0.000,0.560,1
2026-01-31 17:46:41,7526454,2374.000,955.000,7600.000,-278.000,89.000,-52.000,0.000,0.560,1
2026-01-31 17:46:41,7526494,2538.000,1729.000,8486.000,329.000,103.000,-46.000,0.000,0.560,1
2026-01-31 17:46:41,7526534,1977.000,719.000,7732.000,-455.000,132.000,34.000,0.000,0.560,1
2026-01-31 17:46:41,7526574,2042.000,1345.000,8104.000,146.000,-51.000,48.000,0.000,0.560,1
2026-01-31 17:46:41,7526614,1946.000,781.000,7898.000,-212.000,-6.000,88.000,0.000,0.560,1
2026-01-31 17:46:41,7526654,1899.000,1048.000,7983.000,-38.000,-101.000,57.000,0.000,0.560,1
2026-01-31 17:46:41,7526694,2088.000,1092.000,7701.000,-90.000,-166.000,-61.000,0.000,0.560,1
2026-01-31 17:46:42,7526734,2605.000,1325.000,8104.000,123.000,-102.000,-197.000,0.000,0.560,1
2026-01-31 17:46:42,7526774,2675.000,1054.000,8155.000,-88.000,17.000,-273.000,0.000,0.560,1
2026-01-31 17:46:42,7526814,2055.000,804.000,7367.000,-347.000,-40.000,-296.000,0.000,2.750,1
2026-01-31 17:46:42,7526854,2516.000,1336.000,7918.000,195.000,-147.000,-250.000,0.000,2.750,1
2026-01-31 17:46:42,7526894,2891.000,943.000,8239.000,-41.000,59.000,-282.000,0.000,2.750,1
2026-01-31 17:46:42,7526934,3160.000,1348.000,8180.000,-71.000,7.000,-257.000,0.000,2.750,1
2026-01-31 17:46:42,7526974,2892.000,1413.000,8266.000,50.000,176.000,-254.000,0.000,2.750,1
2026-01-31 17:46:42,7527014,1857.000,-188.000,6628.000,-956.000,-118.000,-147.000,0.000,2.750,1
2026-01-31 17:46:42,7527054,2428.000,1329.000,8067.000,471.000,-195.000,97.000,0.000,2.750,1
2026-01-31 17:46:42,7527094,2897.000,1199.000,9493.000,451.000,575.000,-158.000,0.000,2.750,1
2026-01-31 17:46:42,7527134,2193.000,1006.000,8567.000,-146.000,-61.000,-139.000,0.000,2.750,1
2026-01-31 17:46:42,7527174,2241.000,1984.000,8147.000,105.000,-107.000,17.000,0.000,2.750,1
2026-01-31 17:46:42,7527214,2285.000,1423.000,7953.000,25.000,-72.000,-7.000,0.000,2.750,1
2026-01-31 17:46:42,7527254,2412.000,1393.000,8221.000,-24.000,88.000,-48.000,0.000,2.750,1
2026-01-31 17:46:42,7527294,1878.000,1093.000,7718.000,-50.000,91.000,-126.000,0.000,2.750,1
2026-01-31 17:46:42,7527334,1920.000,1343.000,7770.000,30.000,-126.000,-12.000,0.000,2.750,1
2026-01-31 17:46:42,7527374,1991.000,1156.000,7636.000,-86.000,-32.000,-7.000,0.000,2.750,1
2026-01-31 17:46:42,7527414,2010.000,1398.000,7744.000,166.000,-113.000,-86.000,0.000,2.750,1
2026-01-31 17:46:42,7527454,2046.000,1396.000,7833.000,8.000,-129.000,-61.000,0.000,2.750,1
2026-01-31 17:46:42,7527494,2046.000,1367.000,7353.000,-193.000,-161.000,-139.000,0.000,2.750,1
2026-01-31 17:46:42,7527534,2486.000,1975.000,7848.000,296.000,-172.000,-188.000,0.000,2.750,1
2026-01-31 17:46:42,7527576,2637.000,1557.000,8119.000,92.000,-82.000,-276.000,0.000,2.750,1
2026-01-31 17:46:42,7527614,2691.000,2012.000,8330.000,259.000,-41.000,-268.000,0.000,2.750,1
2026-01-31 17:46:42,7527654,1990.000,845.000,7029.000,-735.000,-82.000,-202.000,0.000,2.750,1
2026-01-31 17:46:42,7527694,2011.000,1285.000,6982.000,-182.000,-379.000,-160.000,0.000,2.750,1
2026-01-31 17:46:43,7527734,2433.000,1025.000,7283.000,-253.000,-128.000,-101.000,0.000,2.750,1
2026-01-31 17:46:43,7527774,3111.000,1758.000,8390.000,310.000,29.000,-227.000,0.000,2.750,1
2026-01-31 17:46:43,7527814,3153.000,1331.000,8409.000,-86.000,34.000,-271.000,0.000,-0.130,1
2026-01-31 17:46:43,7527854,2849.000,1216.000,7747.000,-485.000,-216.000,-101.000,0.000,-0.130,1
2026-01-31 17:46:43,7527894,3338.000,1936.000,8526.000,219.000,76.000,-111.000,0.000,-0.130,1
2026-01-31 17:46:43,7527934,3005.000,1168.000,8207.000,-166.000,194.000,-156.000,0.000,-0.130,1
2026-01-31 17:46:43,7527974,2697.000,1614.000,8234.000,18.000,101.000,-97.000,0.000,-0.130,1
2026-01-31 17:46:43,7528014,2242.000,998.000,7231.000,-491.000,-18.000,25.000,0.000,-0.130,1
2026-01-31 17:46:43,7528054,2103.000,1171.000,7269.000,-104.000,-94.000,86.000,0.000,-0.130,1
2026-01-31 17:46:43,7528094,2450.000,1512.000,7769.000,134.000,89.000,36.000,0.000,-0.130,1
2026-01-31 17:46:43,7528134,2526.000,1417.000,7968.000,164.000,88.000,-70.000,0.000,-0.130,1
2026-01-31 17:46:43,7528174,2597.000,1891.000,8167.000,168.000,37.000,-118.000,0.000,-0.130,1
2026-01-31 17:46:43,7528214,2524.000,1613.000,7872.000,-5.000,-59.000,-113.000,0.000,-0.130,1
2026-01-31 17:46:43,7528254,2660.000,1843.000,8188.000,-54.000,58.000,-108.000,0.000,-0.130,1
2026-01-31 17:46:43,7528294,2626.000,2082.000,8258.000,172.000,10.000,-193.000,0.000,-0.130,1
2026-01-31 17:46:43,7528334,2231.000,1316.000,7229.000,-559.000,-198.000,-131.000,0.000,-0.130,1
2026-01-31 17:46:43,7528374,2838.000,2117.000,7825.000,260.000,-167.000,-179.000,0.000,-0.130,1
2026-01-31 17:46:43,7528414,2930.000,1788.000,8191.000,27.000,-5.000,-177.000,0.000,-0.130,1
2026-01-31 17:46:43,7528454,2727.000,1721.000,7850.000,-215.000,-115.000,-122.000,0.000,-0.130,1
2026-01-31 17:46:43,7528494,2581.000,1924.000,7463.000,-234.000,-85.000,-84.000,0.000,-0.130,1
2026-01-31 17:46:43,7528534,2971.000,2047.000,8014.000,161.000,-119.000,-97.000,0.000,-0.130,1
2026-01-31 17:46:43,7528574,2787.000,1554.000,7499.000,-451.000,23.000,-81.000,0.000,-0.130,1
2026-01-31 17:46:43,7528614,2594.000,1679.000,7593.000,145.000,-51.000,-97.000,0.000,-0.130,1
2026-01-31 17:46:43,7528654,2461.000,1527.000,7348.000,-161.000,-77.000,-43.000,0.000,-0.130,1
2026-01-31 17:46:43,7528694,2487.000,1525.000,7351.000,-132.000,-122.000,-20.000,0.000,-0.130,1
2026-01-31 17:46:44,7528734,2401.000,1486.000,7153.000,-228.000,-57.000,-10.000,0.000,-0.130,1
2026-01-31 17:46:44,7528774,2594.000,1788.000,7245.000,58.000,-99.000,-58.000,0.000,-0.130,1
2026-01-31 17:46:44,7528814,2513.000,1575.000,7266.000,-161.000,-14.000,-46.000,0.000,1.310,1
2026-01-31 17:46:44,7528854,2853.000,1946.000,7844.000,242.000,-25.000,-84.000,0.000,1.310,1
2026-01-31 17:46:44,7528894,2754.000,1670.000,8010.000,-103.000,40.000,-95.000,0.000,1.310,1
2026-01-31 17:46:44,7528934,2844.000,1975.000,8322.000,103.000,31.000,-183.000,0.000,1.310,1
2026-01-31 17:46:44,7528974,2843.000,1426.000,8033.000,-223.000,-153.000,-190.000,0.000,1.310,1
2026-01-31 17:46:44,7529014,3131.000,1408.000,7864.000,-171.000,-194.000,-190.000,0.000,1.310,1
2026-01-31 17:46:44,7529054,3299.000,1882.000,8107.000,-77.000,-11.000,-153.000,0.000,1.310,1
2026-01-31 17:46:44,7529094,3287.000,1924.000,8015.000,79.000,53.000,-173.000,0.000,1.310,1
2026-01-31 17:46:44,7529134,2891.000,1500.000,7806.000,-207.000,-21.000,-34.000,0.000,1.310,1
2026-01-31 17:46:44,7529174,3033.000,1976.000,8221.000,195.000,96.000,19.000,0.000,1.310,1
2026-01-31 17:46:44,7529214,2570.000,1376.000,7627.000,-180.000,99.000,-4.000,0.000,1.310,1
2026-01-31 17:46:44,7529254,2431.000,1844.000,7807.000,92.000,-95.000,56.000,0.000,1.310,1
2026-01-31 17:46:44,7529294,2731.000,1988.000,8135.000,139.000,39.000,5.000,0.000,1.310,1
2026-01-31 17:46:44,7529337,2524.000,1818.000,7540.000,-3.000,-199.000,-41.000,0.000,1.310,1
2026-01-31 17:46:44,7529377,2736.000,2028.000,7602.000,20.000,-83.000,-108.000,0.000,1.310,1
2026-01-31 17:46:44,7529414,2610.000,1762.000,7392.000,-115.000,-70.000,-135.000,0.000,1.310,1
2026-01-31 17:46:44,7529454,2667.000,1912.000,7510.000,44.000,-113.000,-134.000,0.000,1.310,1
2026-01-31 17:46:44,7529494,2510.000,1698.000,7092.000,-288.000,-61.000,-87.000,0.000,1.310,1
2026-01-31 17:46:44,7529534,2573.000,1757.000,7276.000,-16.000,-96.000,-122.000,0.000,1.310,1
2026-01-31 17:46:44,7529579,2698.000,1480.000,7206.000,-141.000,-102.000,-134.000,0.000,1.310,1
2026-01-31 17:46:44,7529614,2873.000,1647.000,7516.000,-24.000,-112.000,-130.000,0.000,1.310,1
2026-01-31 17:46:44,7529654,3110.000,1641.000,7563.000,-108.000,51.000,-192.000,0.000,1.310,1
2026-01-31 17:46:44,7529694,3165.000,1659.000,7844.000,59.000,-15.000,-161.000,0.000,1.310,1
2026-01-31 17:46:45,7529734,3488.000,2232.000,8165.000,36.000,122.000,-149.000,0.000,1.310,1
2026-01-31 17:46:45,7529774,2761.000,1865.000,7581.000,-166.000,72.000,-2.000,0.000,1.310,1
2026-01-31 17:46:45,7529814,2478.000,1494.000,7371.000,-296.000,69.000,119.000,0.000,1.360,1
2026-01-31 17:46:45,7529854,2500.000,1506.000,7987.000,97.000,124.000,135.000,0.000,1.360,1
2026-01-31 17:46:45,7529894,2368.000,920.000,7735.000,-223.000,79.000,53.000,0.000,1.360,1
2026-01-31 17:46:45,7529934,2598.000,1471.000,8224.000,178.000,-24.000,-84.000,0.000,1.360,1
2026-01-31 17:46:45,7529974,2952.000,1765.000,8379.000,152.000,-9.000,-234.000,0.000,1.360,1
2026-01-31 17:46:45,7530014,3114.000,1764.000,8239.000,-14.000,-112.000,-314.000,0.000,1.360,1
2026-01-31 17:46:45,7530054,3402.000,2207.000,8389.000,140.000,-33.000,-358.000,0.000,1.360,1
2026-01-31 17:46:45,7530094,3302.000,1400.000,7978.000,-131.000,-22.000,-281.000,0.000,1.360,1
2026-01-31 17:46:45,7530134,3290.000,1670.000,7885.000,179.000,69.000,-186.000,0.000,1.360,1
2026-01-31 17:46:45,7530174,2572.000,1442.000,7335.000,-146.000,9.000,23.000,0.000,1.360,1
2026-01-31 17:46:45,7530214,2465.000,1784.000,7299.000,88.000,-42.000,99.000,0.000,1.360,1
2026-01-31 17:46:45,7530254,2523.000,1632.000,7339.000,-13.000,-44.000,146.000,0.000,1.360,1
2026-01-31 17:46:45,7530294,2713.000,2277.000,7656.000,316.000,89.000,40.000,0.000,1.360,1
2026-01-31 17:46:45,7530334,2419.000,1601.000,7228.000,-119.000,11.000,29.000,0.000,1.360,1
2026-01-31 17:46:45,7530374,2647.000,2496.000,7789.000,343.000,65.000,57.000,0.000,1.360,1
2026-01-31 17:46:45,7530414,2521.000,1986.000,8001.000,44.000,136.000,69.000,0.000,1.360,1
2026-01-31 17:46:45,7530454,2111.000,1991.000,7699.000,-60.000,45.000,42.000,0.000,1.360,1
2026-01-31 17:46:45,7530494,1776.000,1483.000,7096.000,-314.000,-135.000,65.000,0.000,1.360,1
2026-01-31 17:46:45,7530534,2361.000,2054.000,7641.000,-60.000,-250.000,-56.000,0.000,1.360,1
2026-01-31 17:46:45,7530574,2501.000,1552.000,7192.000,-450.000,-294.000,-249.000,0.000,1.360,1
2026-01-31 17:46:45,7530614,2978.000,1725.000,7494.000,-112.000,-475.000,-356.000,0.000,1.360,1
2026-01-31 17:46:45,7530654,3399.000,1763.000,7804.000,-281.000,-203.000,-394.000,0.000,1.360,1
2026-01-31 17:46:45,7530694,3601.000,1330.000,7513.000,-286.000,-44.000,-474.000,0.000,1.360,1
2026-01-31 17:46:46,7530734,3596.000,1484.000,7448.000,-182.000,-68.000,-287.000,0.000,1.360,1
2026-01-31 17:46:46,7530774,3368.000,1518.000,7623.000,-151.000,115.000,-145.000,0.000,1.360,1
2026-01-31 17:46:46,7530814,3098.000,1560.000,7892.000,124.000,133.000,-35.000,0.000,3.510,1
2026-01-31 17:46:46,7530854,3082.000,1591.000,7838.000,-92.000,71.000,86.000,0.000,3.510,1
2026-01-31 17:46:46,7530894,2982.000,1609.000,7610.000,18.000,107.000,112.000,0.000,3.510,1
2026-01-31 17:46:46,7530934,2872.000,1715.000,8014.000,218.000,53.000,157.000,0.000,3.510,1
2026-01-31 17:46:46,7530974,2824.000,1670.000,8298.000,173.000,133.000,63.000,0.000,3.510,1
2026-01-31 17:46:46,7531014,2649.000,1812.000,8073.000,18.000,129.000,-85.000,0.000,3.510,1
2026-01-31 17:46:46,7531054,2463.000,1398.000,7525.000,-207.000,-66.000,-159.000,0.000,3.510,1
2026-01-31 17:46:46,7531094,2916.000,2159.000,8332.000,397.000,14.000,-222.000,0.000,3.510,1
2026-01-31 17:46:46,7531134,2456.000,1168.000,7292.000,-390.000,34.000,-206.000,0.000,3.510,1
2026-01-31 17:46:46,7531174,2790.000,2335.000,8160.000,507.000,-107.000,-195.000,0.000,3.510,1
2026-01-31 17:46:46,7531214,2925.000,1988.000,7870.000,-52.000,97.000,-133.000,0.000,3.510,1
2026-01-31 17:46:46,7531254,2319.000,1424.000,7350.000,-136.000,-30.000,-99.000,0.000,3.510,1
2026-01-31 17:46:46,7531294,2499.000,2132.000,7723.000,-51.000,-74.000,23.000,0.000,3.510,1
2026-01-31 17:46:46,7531337,2433.000,2036.000,7855.000,-123.000,44.000,-12.000,0.000,3.510,1
2026-01-31 17:46:46,7531376,2535.000,2312.000,7554.000,91.000,-135.000,-35.000,0.000,3.510,1
2026-01-31 17:46:46,7531414,2066.000,2015.000,6994.000,-372.000,-115.000,30.000,0.000,3.510,1
2026-01-31 17:46:46,7531454,2303.000,1919.000,7028.000,11.000,-260.000,65.000,0.000,3.510,1
2026-01-31 17:46:46,7531494,2466.000,2091.000,7489.000,-97.000,-17.000,17.000,0.000,3.510,1
2026-01-31 17:46:46,7531534,2629.000,2080.000,7850.000,163.000,-137.000,-156.000,0.000,3.510,1
2026-01-31 17:46:46,7531577,2350.000,1434.000,6927.000,-538.000,-305.000,-255.000,0.000,3.510,1
2026-01-31 17:46:46,7531614,2446.000,1624.000,6996.000,-289.000,-383.000,-267.000,0.000,3.510,1
2026-01-31 17:46:46,7531654,2897.000,1829.000,7422.000,-99.000,-256.000,-333.000,0.000,3.510,1
2026-01-31 17:46:46,7531694,3459.000,1792.000,8076.000,23.000,-86.000,-549.000,0.000,3.510,1
2026-01-31 17:46:47,7531734,3233.000,1183.000,7142.000,-481.000,-152.000,-416.000,0.000,3.510,1
2026-01-31 17:46:47,7531774,3660.000,2180.000,7721.000,130.000,-139.000,-329.000,0.000,3.510,1
2026-01-31 17:46:47,7531814,3770.000,2213.000,7918.000,126.000,101.000,-258.000,0.000,-2.470,1
2026-01-31 17:46:47,7531854,3253.000,1935.000,7726.000,-137.000,157.000,-113.000,0.000,-2.470,1
2026-01-31 17:46:47,7531894,3159.000,2608.000,7797.000,197.000,204.000,-70.000,0.000,-2.470,1
2026-01-31 17:46:47,7531934,2769.000,1600.000,7090.000,-366.000,85.000,61.000,0.000,-2.470,1
2026-01-31 17:46:47,7531974,2890.000,2400.000,7612.000,166.000,167.000,62.000,0.000,-2.470,1
2026-01-31 17:46:47,7532014,2599.000,1887.000,7431.000,-135.000,219.000,14.000,0.000,-2.470,1
2026-01-31 17:46:47,7532054,2648.000,2432.000,8059.000,230.000,167.000,-49.000,0.000,-2.470,1
2026-01-31 17:46:47,7532094,2376.000,2137.000,7521.000,-155.000,123.000,-102.000,0.000,-2.470,1
2026-01-31 17:46:47,7532134,2308.000,2087.000,7443.000,-15.000,-58.000,-80.000,0.000,-2.470,1
2026-01-31 17:46:47,7532174,2406.000,2412.000,7679.000,-26.000,80.000,-69.000,0.000,-2.470,1
2026-01-31 17:46:47,7532214,2474.000,2318.000,7998.000,153.000,-21.000,-124.000,0.000,-2.470,1
2026-01-31 17:46:47,7532254,2573.000,2416.000,8059.000,-82.000,-99.000,-147.000,0.000,-2.470,1
2026-01-31 17:46:47,7532294,2288.000,2136.000,7369.000,-332.000,-140.000,-240.000,0.000,-2.470,1
2026-01-31 17:46:47,7532334,2419.000,1976.000,7062.000,-243.000,-319.000,-271.000,0.000,-2.470,1
2026-01-31 17:46:47,7532374,2849.000,2324.000,7399.000,-176.000,-217.000,-323.000,0.000,-2.470,1
2026-01-31 17:46:47,7532414,3002.000,1946.000,7431.000,-223.000,-132.000,-447.000,0.000,-2.470,1
2026-01-31 17:46:47,7532454,2962.000,1965.000,7372.000,-358.000,-92.000,-406.000,0.000,-2.470,1
2026-01-31 17:46:47,7532494,3231.000,2527.000,7879.000,108.000,-47.000,-348.000,0.000,-2.470,1
2026-01-31 17:46:47,7532534,2972.000,2101.000,7619.000,-267.000,88.000,-207.000,0.000,-2.470,1
2026-01-31 17:46:47,7532574,2900.000,2618.000,7866.000,100.000,-19.000,-122.000,0.000,-2.470,1
2026-01-31 17:46:47,7532614,2813.000,2478.000,7495.000,-238.000,-53.000,-54.000,0.000,-2.470,1
2026-01-31 17:46:47,7532654,2973.000,2584.000,7614.000,6.000,-168.000,-30.000,0.000,-2.470,1
2026-01-31 17:46:47,7532694,2900.000,2511.000,7353.000,-208.000,-139.000,-21.000,0.000,-2.470,1
2026-01-31 17:46:48,7532734,2860.000,2518.000,7649.000,-5.000,-110.000,-54.000,0.000,-2.470,1
2026-01-31 17:46:48,7532774,2797.000,2467.000,7686.000,-77.000,-62.000,-113.000,0.000,-2.470,1
2026-01-31 17:46:48,7532814,2747.000,2532.000,7630.000,-84.000,-107.000,-228.000,0.000,10.290,1
2026-01-31 17:46:48,7532854,2872.000,2566.000,7553.000,-157.000,-230.000,-285.000,0.000,10.290,1
2026-01-31 17:46:48,7532894,2918.000,2410.000,7336.000,-249.000,-260.000,-346.000,0.000,10.290,1
2026-01-31 17:46:48,7532934,3085.000,2411.000,7268.000,-245.000,-317.000,-380.000,0.000,10.290,1
2026-01-31 17:46:48,7532974,3269.000,2440.000,7227.000,-220.000,-290.000,-393.000,0.000,10.290,1
2026-01-31 17:46:48,7533014,3361.000,2341.000,7213.000,-207.000,-241.000,-376.000,0.000,10.290,1
2026-01-31 17:46:48,7533054,3419.000,2204.000,7202.000,-238.000,-177.000,-324.000,0.000,10.290,1
2026-01-31 17:46:48,7533094,3426.000,2212.000,7115.000,-228.000,-134.000,-199.000,0.000,10.290,1
2026-01-31 17:46:48,7533134,3351.000,2292.000,7040.000,-200.000,-85.000,-106.000,0.000,10.290,1
2026-01-31 17:46:48,7533174,3165.000,2367.000,7100.000,-97.000,8.000,-36.000,0.000,10.290,1
2026-01-31 17:46:48,7533214,2869.000,2142.000,7138.000,-81.000,59.000,22.000,0.000,10.290,1
2026-01-31 17:46:48,7533254,2974.000,2259.000,7564.000,112.000,32.000,-3.000,0.000,10.290,1
2026-01-31 17:46:48,7533294,3052.000,2450.000,7852.000,126.000,127.000,-97.000,0.000,10.290,1
2026-01-31 17:46:48,7533334,2830.000,2058.000,7871.000,-117.000,-24.000,-103.000,0.000,10.290,1
2026-01-31 17:46:48,7533374,2756.000,2241.000,7846.000,-164.000,-30.000,-114.000,0.000,10.290,1
2026-01-31 17:46:48,7533414,2526.000,1729.000,7563.000,-313.000,-107.000,-106.000,0.000,10.290,1
2026-01-31 17:46:48,7533454,2581.000,1655.000,7813.000,-126.000,-162.000,-103.000,0.000,10.290,1
2026-01-31 17:46:48,7533494,2538.000,1494.000,7561.000,-305.000,-168.000,-141.000,0.000,10.290,1
2026-01-31 17:46:48,7533534,3025.000,1643.000,7758.000,-3.000,-335.000,-304.000,0.000,10.290,1
2026-01-31 17:46:48,7533577,3479.000,1541.000,7545.000,-135.000,-282.000,-373.000,0.000,10.290,1
2026-01-31 17:46:48,7533616,3894.000,1833.000,7803.000,137.000,-248.000,-451.000,0.000,10.290,1
2026-01-31 17:46:48,7533654,3852.000,1733.000,7640.000,-65.000,-8.000,-375.000,0.000,10.290,1
2026-01-31 17:46:48,7533694,3747.000,2069.000,7985.000,291.000,-72.000,-257.000,0.000,10.290,1
2026-01-31 17:46:49,7533734,3516.000,2214.000,7920.000,20.000,30.000,-97.000,0.000,10.290,1
2026-01-31 17:46:49,7533774,3019.000,1645.000,7083.000,-262.000,-94.000,65.000,0.000,10.290,1
2026-01-31 17:46:49,7533814,3092.000,2297.000,7286.000,74.000,-150.000,144.000,0.000,-1.410,1
2026-01-31 17:46:49,7533854,3115.000,2036.000,7033.000,-131.000,-30.000,184.000,0.000,-1.410,1
2026-01-31 17:46:49,7533894,2998.000,2028.000,7011.000,-35.000,-119.000,125.000,0.000,-1.410,1
2026-01-31 17:46:49,7533934,2999.000,2179.000,6965.000,-135.000,-95.000,76.000,0.000,-1.410,1
2026-01-31 17:46:49,7533974,3045.000,1988.000,7184.000,19.000,7.000,-57.000,0.000,-1.410,1
2026-01-31 17:46:49,7534014,3026.000,1813.000,7313.000,-24.000,54.000,-112.000,0.000,-1.410,1
2026-01-31 17:46:49,7534054,2906.000,1602.000,7231.000,-117.000,-61.000,-142.000,0.000,-1.410,1
2026-01-31 17:46:49,7534094,3261.000,1780.000,7396.000,-112.000,-195.000,-126.000,0.000,-1.410,1
2026-01-31 17:46:49,7534134,3779.000,2110.000,7752.000,57.000,-141.000,-164.000,0.000,-1.410,1
2026-01-31 17:46:49,7534174,3738.000,1658.000,7520.000,-198.000,-99.000,-80.000,0.000,-1.410,1
2026-01-31 17:46:49,7534214,3607.000,1836.000,7874.000,24.000,-62.000,51.000,0.000,-1.410,1
2026-01-31 17:46:49,7534254,3264.000,1349.000,7380.000,-283.000,38.000,146.000,0.000,-1.410,1
2026-01-31 17:46:49,7534294,3342.000,1530.000,7534.000,56.000,-45.000,100.000,0.000,-1.410,1
2026-01-31 17:46:49,7534334,3485.000,1275.000,7224.000,-183.000,26.000,34.000,0.000,-1.410,1
2026-01-31 17:46:49,7534374,3623.000,1381.000,7257.000,0.000,-6.000,-124.000,0.000,-1.410,1
2026-01-31 17:46:49,7534414,3621.000,1400.000,7352.000,32.000,-6.000,-122.000,0.000,-1.410,1
2026-01-31 17:46:49,7534454,3742.000,1640.000,7382.000,13.000,41.000,-87.000,0.000,-1.410,1
2026-01-31 17:46:49,7534494,3804.000,1685.000,7720.000,178.000,92.000,-7.000,0.000,-1.410,1
2026-01-31 17:46:49,7534534,3528.000,1464.000,7580.000,-81.000,204.000,95.000,0.000,-1.410,1
2026-01-31 17:46:49,7534574,3564.000,1699.000,7860.000,204.000,142.000,123.000,0.000,-1.410,1
2026-01-31 17:46:49,7534614,3671.000,1798.000,7937.000,126.000,207.000,99.000,0.000,-1.410,1
2026-01-31 17:46:49,7534654,3360.000,1600.000,7656.000,8.000,134.000,100.000,0.000,-1.410,1
2026-01-31 17:46:49,7534694,3266.000,1943.000,7726.000,116.000,125.000,99.000,0.000,-1.410,1
2026-01-31 17:46:50,7534734,3137.000,1783.000,7576.000,132.000,66.000,114.000,0.000,-1.410,1
2026-01-31 17:46:50,7534774,3044.000,1728.000,7500.000,23.000,153.000,90.000,0.000,-1.410,1
2026-01-31 17:46:50,7534814,2955.000,1713.000,7499.000,106.000,30.000,84.000,0.000,2.800,1
2026-01-31 17:46:50,7534854,3094.000,1962.000,7601.000,90.000,33.000,53.000,0.000,2.800,1
2026-01-31 17:46:50,7534894,3011.000,1729.000,7303.000,-25.000,-32.000,38.000,0.000,2.800,1
2026-01-31 17:46:50,7534934,3193.000,2072.000,7546.000,141.000,-34.000,35.000,0.000,2.800,1
2026-01-31 17:46:50,7534974,3060.000,1622.000,7213.000,-142.000,-33.000,29.000,0.000,2.800,1
2026-01-31 17:46:50,7535014,3264.000,2002.000,7591.000,172.000,-76.000,16.000,0.000,2.800,1
2026-01-31 17:46:50,7535054,3233.000,1568.000,7208.000,-215.000,-20.000,41.000,0.000,2.800,1
2026-01-31 17:46:50,7535094,3149.000,1740.000,7426.000,84.000,-113.000,30.000,0.000,2.800,1
2026-01-31 17:46:50,7535134,3308.000,1588.000,7294.000,-76.000,-42.000,61.000,0.000,2.800,1
2026-01-31 17:46:50,7535174,3445.000,1899.000,7499.000,128.000,-49.000,38.000,0.000,2.800,1
2026-01-31 17:46:50,7535214,3330.000,1533.000,7320.000,-106.000,-4.000,55.000,0.000,2.800,1
2026-01-31 17:46:50,7535254,3298.000,1725.000,7385.000,31.000,-34.000,70.000,0.000,2.800,1
2026-01-31 17:46:50,7535294,3359.000,1595.000,7340.000,-61.000,11.000,63.000,0.000,2.800,1
2026-01-31 17:46:50,7535337,3392.000,1812.000,7601.000,168.000,-10.000,39.000,0.000,2.800,1
2026-01-31 17:46:50,7535376,3377.000,1498.000,7452.000,-96.000,41.000,69.000,0.000,2.800,1
2026-01-31 17:46:50,7535414,3376.000,1664.000,7530.000,81.000,12.000,36.000,0.000,2.800,1
2026-01-31 17:46:50,7535454,3493.000,1878.000,7707.000,45.000,13.000,53.000,0.000,2.800,1
2026-01-31 17:46:50,7535494,3475.000,1637.000,7542.000,-48.000,26.000,63.000,0.000,2.800,1
2026-01-31 17:46:50,7535534,3585.000,1897.000,7957.000,127.000,44.000,55.000,0.000,2.800,1
2026-01-31 17:46:50,7535574,3378.000,1603.000,7654.000,-114.000,47.000,83.000,0.000,2.800,1
2026-01-31 17:46:50,7535614,3297.000,1613.000,7486.000,-57.000,-24.000,100.000,0.000,2.800,1
2026-01-31 17:46:50,7535654,3255.000,1480.000,7419.000,-17.000,10.000,111.000,0.000,2.800,1
2026-01-31 17:46:50,7535694,3244.000,1442.000,7373.000,45.000,24.000,87.000,0.000,2.800,1
2026-01-31 17:46:51,7535734,3257.000,1583.000,7547.000,151.000,22.000,55.000,0.000,2.800,1
2026-01-31 17:46:51,7535774,3357.000,1884.000,7660.000,166.000,-35.000,10.000,0.000,2.800,1
2026-01-31 17:46:51,7535814,3096.000,1397.000,6683.000,-387.000,-48.000,36.000,0.000,2.920,1
2026-01-31 17:46:51,7535854,3316.000,1740.000,7574.000,397.000,-166.000,89.000,0.000,2.920,1
2026-01-31 17:46:51,7535894,3627.000,1500.000,7563.000,-177.000,42.000,96.000,0.000,2.920,1
2026-01-31 17:46:51,7535934,3421.000,1877.000,7282.000,-21.000,54.000,52.000,0.000,2.920,1
2026-01-31 17:46:51,7535974,3005.000,1210.000,7431.000,46.000,-57.000,190.000,0.000,2.920,1
2026-01-31 17:46:51,7536014,3573.000,1966.000,7548.000,35.000,-29.000,177.000,0.000,2.920,1
2026-01-31 17:46:51,7536054,3340.000,1204.000,7023.000,-222.000,75.000,133.000,0.000,2.920,1
2026-01-31 17:46:51,7536094,3018.000,1569.000,7641.000,344.000,28.000,170.000,0.000,2.920,1
2026-01-31 17:46:51,7536134,3132.000,1431.000,7151.000,-236.000,-38.000,243.000,0.000,2.920,1
2026-01-31 17:46:51,7536174,3896.000,2302.000,8149.000,565.000,-44.000,67.000,0.000,2.920,1
2026-01-31 17:46:51,7536214,3364.000,1167.000,7184.000,-403.000,73.000,115.000,0.000,2.920,1
2026-01-31 17:46:51,7536254,3555.000,1551.000,7551.000,164.000,-59.000,121.000,0.000,2.920,1
2026-01-31 17:46:51,7536294,3706.000,1365.000,7252.000,-54.000,77.000,80.000,0.000,2.920,1
2026-01-31 17:46:51,7536334,3621.000,1580.000,7780.000,269.000,37.000,45.000,0.000,2.920,1
2026-01-31 17:46:51,7536374,3432.000,1268.000,7330.000,-163.000,36.000,131.000,0.000,2.920,1
2026-01-31 17:46:51,7536414,3600.000,1715.000,7723.000,277.000,-84.000,138.000,0.000,2.920,1
2026-01-31 17:46:51,7536454,3730.000,1664.000,7485.000,-16.000,66.000,196.000,0.000,2.920,1
2026-01-31 17:46:51,7536494,3330.000,1524.000,7150.000,75.000,2.000,217.000,0.000,2.920,1
2026-01-31 17:46:51,7536534,3377.000,1794.000,7808.000,317.000,51.000,254.000,0.000,2.920,1
2026-01-31 17:46:51,7536574,3237.000,1450.000,7455.000,-2.000,100.000,245.000,0.000,2.920,1
2026-01-31 17:46:51,7536614,3456.000,2118.000,8006.000,402.000,23.000,152.000,0.000,2.920,1
2026-01-31 17:46:51,7536654,3306.000,1781.000,7460.000,43.000,-158.000,107.000,0.000,2.920,1
2026-01-31 17:46:51,7536694,3522.000,1956.000,7198.000,-132.000,-56.000,81.000,0.000,2.920,1
2026-01-31 17:46:52,7536734,3004.000,1127.000,6449.000,-335.000,-40.000,146.000,0.000,2.920,1
2026-01-31 17:46:52,7536774,3156.000,1395.000,6865.000,-6.000,-85.000,199.000,0.000,2.920,1
2026-01-31 17:46:52,7536814,3697.000,1647.000,7523.000,382.000,39.000,179.000,0.000,-0.660,1
2026-01-31 17:46:52,7536854,3860.000,1901.000,7970.000,347.000,153.000,90.000,0.000,-0.660,1
2026-01-31 17:46:52,7536894,3120.000,1142.000,6690.000,-506.000,21.000,152.000,0.000,-0.660,1
2026-01-31 17:46:52,7536934,3806.000,2227.000,7996.000,703.000,-196.000,166.000,0.000,-0.660,1
2026-01-31 17:46:52,7536974,3660.000,1251.000,7205.000,-441.000,247.000,259.000,0.000,-0.660,1
2026-01-31 17:46:52,7537014,3414.000,1563.000,7625.000,381.000,110.000,185.000,0.000,-0.660,1
2026-01-31 17:46:52,7537054,3304.000,1502.000,7435.000,38.000,-6.000,186.000,0.000,-0.660,1
2026-01-31 17:46:52,7537094,3974.000,1847.000,8141.000,356.000,-14.000,81.000,0.000,-0.660,1
2026-01-31 17:46:52,7537134,3335.000,1184.000,6663.000,-528.000,89.000,130.000,0.000,-0.660,1
2026-01-31 17:46:52,7537174,3735.000,2080.000,7721.000,607.000,-239.000,110.000,0.000,-0.660,1
2026-01-31 17:46:52,7537214,3483.000,1517.000,7064.000,-351.000,189.000,305.000,0.000,-0.660,1
2026-01-31 17:46:52,7537254,3495.000,2034.000,7502.000,428.000,58.000,213.000,0.000,-0.660,1
2026-01-31 17:46:52,7537294,3508.000,1936.000,7681.000,121.000,148.000,262.000,0.000,-0.660,1
2026-01-31 17:46:52,7537337,3359.000,1804.000,7324.000,137.000,-111.000,139.000,0.000,-0.660,1
2026-01-31 17:46:52,7537377,3727.000,1798.000,7062.000,-12.000,-44.000,91.000,0.000,-0.660,1
2026-01-31 17:46:52,7537414,3660.000,1890.000,6923.000,2.000,-68.000,-31.000,0.000,-0.660,1
2026-01-31 17:46:52,7537454,3787.000,1959.000,7074.000,75.000,-60.000,45.000,0.000,-0.660,1
2026-01-31 17:46:52,7537494,3590.000,1895.000,6865.000,-33.000,137.000,165.000,0.000,-0.660,1
2026-01-31 17:46:52,7537534,3229.000,1608.000,6642.000,-67.000,8.000,237.000,0.000,-0.660,1
2026-01-31 17:46:52,7537574,3719.000,2163.000,7566.000,338.000,65.000,268.000,0.000,-0.660,1
2026-01-31 17:46:52,7537614,3618.000,1663.000,7096.000,-80.000,176.000,211.000,0.000,-0.660,1
2026-01-31 17:46:52,7537654,3433.000,1877.000,7220.000,174.000,-6.000,178.000,0.000,-0.660,1
2026-01-31 17:46:52,7537694,3225.000,1856.000,7113.000,-45.000,89.000,219.000,0.000,-0.660,1
2026-01-31 17:46:53,7537734,3636.000,2121.000,7708.000,333.000,-50.000,178.000,0.000,-0.660,1
2026-01-31 17:46:53,7537774,3889.000,2199.000,7867.000,-35.000,76.000,174.000,0.000,-0.660,1
2026-01-31 17:46:53,7537814,3779.000,2106.000,7828.000,-69.000,-47.000,69.000,0.000,-6.970,1
2026-01-31 17:46:53,7537854,4041.000,2175.000,7796.000,14.000,14.000,41.000,0.000,-6.970,1
2026-01-31 17:46:53,7537894,4077.000,1800.000,7459.000,-110.000,-35.000,15.000,0.000,-6.970,1
2026-01-31 17:46:53,7537934,3776.000,1767.000,6978.000,-184.000,19.000,64.000,0.000,-6.970,1
2026-01-31 17:46:53,7537974,3269.000,1653.000,6610.000,-79.000,12.000,172.000,0.000,-6.970,1
2026-01-31 17:46:53,7538014,3112.000,1818.000,6824.000,53.000,-56.000,329.000,0.000,-6.970,1
2026-01-31 17:46:53,7538054,3590.000,2287.000,7373.000,306.000,42.000,330.000,0.000,-6.970,1
2026-01-31 17:46:53,7538094,3848.000,2424.000,7649.000,362.000,77.000,259.000,0.000,-6.970,1
2026-01-31 17:46:53,7538134,3594.000,2304.000,7215.000,7.000,58.000,163.000,0.000,-6.970,1
2026-01-31 17:46:53,7538174,3965.000,2305.000,7460.000,175.000,-94.000,-14.000,0.000,-6.970,1
2026-01-31 17:46:53,7538214,4305.000,2435.000,7497.000,53.000,97.000,-120.000,0.000,-6.970,1
2026-01-31 17:46:53,7538254,4116.000,2260.000,7145.000,-46.000,-8.000,-140.000,0.000,-6.970,1
2026-01-31 17:46:53,7538294,3884.000,2303.000,6917.000,-160.000,-64.000,-29.000,0.000,-6.970,1
2026-01-31 17:46:53,7538334,3777.000,2094.000,6697.000,-149.000,-97.000,123.000,0.000,-6.970,1
2026-01-31 17:46:53,7538374,4224.000,2578.000,7104.000,218.000,74.000,211.000,0.000,-6.970,1
2026-01-31 17:46:53,7538414,3876.000,2091.000,6802.000,-97.000,243.000,263.000,0.000,-6.970,1
2026-01-31 17:46:53,7538454,3622.000,2201.000,7032.000,212.000,174.000,219.000,0.000,-6.970,1
2026-01-31 17:46:53,7538494,3528.000,2038.000,7027.000,24.000,160.000,236.000,0.000,-6.970,1
2026-01-31 17:46:53,7538534,3488.000,2291.000,7297.000,135.000,97.000,199.000,0.000,-6.970,1
2026-01-31 17:46:53,7538574,3458.000,2428.000,7421.000,118.000,102.000,170.000,0.000,-6.970,1
2026-01-31 17:46:53,7538614,3417.000,2238.000,7335.000,33.000,41.000,131.000,0.000,-6.970,1
2026-01-31 17:46:53,7538654,3614.000,2380.000,7489.000,86.000,21.000,84.000,0.000,-6.970,1
2026-01-31 17:46:53,7538694,3732.000,2320.000,7493.000,71.000,12.000,31.000,0.000,-6.970,1
2026-01-31 17:46:54,7538734,3719.000,2340.000,7482.000,17.000,3.000,15.000,0.000,-6.970,1
2026-01-31 17:46:54,7538774,3613.000,2261.000,7283.000,-47.000,-7.000,53.000,0.000,-6.970,1
2026-01-31 17:46:54,7538814,3539.000,2097.000,7081.000,-118.000,-1.000,111.000,0.000,-2.220,1
2026-01-31 17:46:54,7538854,3532.000,1967.000,7126.000,-27.000,37.000,147.000,0.000,-2.220,1
2026-01-31 17:46:54,7538894,3605.000,2028.000,7401.000,144.000,31.000,145.000,0.000,-2.220,1
2026-01-31 17:46:54,7538934,3579.000,2061.000,7313.000,16.000,-2.000,97.000,0.000,-2.220,1
2026-01-31 17:46:54,7538974,3511.000,2087.000,7086.000,-36.000,-54.000,73.000,0.000,-2.220,1
2026-01-31 17:46:54,7539014,3478.000,1959.000,6943.000,21.000,-21.000,91.000,0.000,-2.220,1
2026-01-31 17:46:54,7539054,3566.000,2384.000,7309.000,201.000,28.000,98.000,0.000,-2.220,1
2026-01-31 17:46:54,7539094,3641.000,2607.000,7180.000,41.000,-43.000,55.000,0.000,-2.220,1
2026-01-31 17:46:54,7539134,3762.000,2658.000,6978.000,54.000,-173.000,21.000,0.000,-2.220,1
2026-01-31 17:46:54,7539174,3961.000,2628.000,6829.000,-18.000,-143.000,1.000,0.000,-2.220,1
2026-01-31 17:46:54,7539214,4054.000,2568.000,6930.000,145.000,-47.000,14.000,0.000,-2.220,1
2026-01-31 17:46:54,7539254,4053.000,2710.000,7251.000,181.000,90.000,61.000,0.000,-2.220,1
2026-01-31 17:46:54,7539294,3801.000,2507.000,7222.000,-2.000,90.000,120.000,0.000,-2.220,1
2026-01-31 17:46:54,7539337,3901.000,2480.000,6971.000,-113.000,-29.000,75.000,0.000,-2.220,1
2026-01-31 17:46:54,7539376,3960.000,2414.000,6918.000,-79.000,-20.000,40.000,0.000,-2.220,1
2026-01-31 17:46:54,7539414,3985.000,2368.000,6905.000,-60.000,3.000,30.000,0.000,-2.220,1
2026-01-31 17:46:54,7539454,3926.000,2375.000,6917.000,-3.000,47.000,34.000,0.000,-2.220,1
2026-01-31 17:46:54,7539494,3889.000,2459.000,7048.000,29.000,65.000,55.000,0.000,-2.220,1
2026-01-31 17:46:54,7539534,3818.000,2421.000,7115.000,4.000,64.000,95.000,0.000,-2.220,1
2026-01-31 17:46:54,7539577,3749.000,2481.000,7171.000,4.000,62.000,118.000,0.000,-2.220,1
2026-01-31 17:46:54,7539614,3706.000,2452.000,7196.000,6.000,69.000,116.000,0.000,-2.220,1
2026-01-31 17:46:54,7539654,3691.000,2500.000,7288.000,54.000,81.000,87.000,0.000,-2.220,1
2026-01-31 17:46:54,7539694,3677.000,2509.000,7337.000,62.000,28.000,41.000,0.000,-2.220,1
2026-01-31 17:46:55,7539734,3689.000,2459.000,7282.000,3.000,12.000,24.000,0.000,-2.220,1
2026-01-31 17:46:55,7539774,3691.000,2431.000,7234.000,-20.000,-9.000,31.000,0.000,-2.220,1
2026-01-31 17:46:55,7539814,3723.000,2489.000,7267.000,18.000,-12.000,40.000,0.000,-10.740,1
2026-01-31 17:46:55,7539854,3681.000,2476.000,7138.000,-31.000,-21.000,54.000,0.000,-10.740,1
2026-01-31 17:46:55,7539894,3702.000,2640.000,7136.000,57.000,-55.000,32.000,0.000,-10.740,1
2026-01-31 17:46:55,7539934,3738.000,2607.000,6997.000,-28.000,-55.000,30.000,0.000,-10.740,1
2026-01-31 17:46:55,7539974,3724.000,2611.000,7003.000,27.000,-37.000,10.000,0.000,-10.740,1
2026-01-31 17:46:55,7540014,3696.000,2512.000,7038.000,-44.000,-13.000,38.000,0.000,-10.740,1
2026-01-31 17:46:55,7540054,3742.000,2460.000,7013.000,-49.000,-33.000,44.000,0.000,-10.740,1
2026-01-31 17:46:55,7540094,3741.000,2471.000,6987.000,-28.000,-50.000,30.000,0.000,-10.740,1
2026-01-31 17:46:55,7540134,3822.000,2540.000,7034.000,37.000,-71.000,9.000,0.000,-10.740,1
2026-01-31 17:46:55,7540174,3877.000,2570.000,7052.000,10.000,-40.000,18.000,0.000,-10.740,1
2026-01-31 17:46:55,7540214,3820.000,2453.000,7077.000,-41.000,10.000,44.000,0.000,-10.740,1
2026-01-31 17:46:55,7540254,3780.000,2495.000,7107.000,-18.000,13.000,58.000,0.000,-10.740,1
2026-01-31 17:46:55,7540294,3836.000,2514.000,7094.000,-28.000,-47.000,30.000,0.000,-10.740,1
2026-01-31 17:46:55,7540334,3872.000,2456.000,7092.000,-34.000,-48.000,15.000,0.000,-10.740,1
2026-01-31 17:46:55,7540374,3866.000,2479.000,7088.000,-2.000,-36.000,12.000,0.000,-10.740,1
2026-01-31 17:46:55,7540414,3717.000,2205.000,7105.000,-115.000,19.000,28.000,0.000,-10.740,1
2026-01-31 17:46:55,7540454,3525.000,1149.000,7428.000,-237.000,335.000,92.000,0.000,-10.740,1
2026-01-31 17:46:55,7540494,3049.000,86.000,7980.000,-267.000,506.000,188.000,0.000,-10.740,1
2026-01-31 17:46:55,7540534,2191.000,-613.000,8493.000,-292.000,323.000,277.000,0.000,-10.740,1
2026-01-31 17:46:55,7540574,1341.000,-279.000,8588.000,-312.000,-70.000,408.000,0.000,-10.740,1
2026-01-31 17:46:55,7540614,1362.000,635.000,8139.000,-260.000,-270.000,536.000,0.000,-10.740,1
2026-01-31 17:46:55,7540654,2495.000,1474.000,7838.000,129.000,-457.000,439.000,0.000,-10.740,1
2026-01-31 17:46:55,7540694,3422.000,2390.000,7863.000,372.000,-491.000,252.000,0.000,-10.740,1
2026-01-31 17:46:56,7540734,4083.000,2550.000,7488.000,87.000,-414.000,-117.000,0.000,-10.740,1
2026-01-31 17:46:56,7540774,4281.000,2056.000,6968.000,-27.000,-181.000,-484.000,0.000,-10.740,1
2026-01-31 17:46:56,7540814,4062.000,1537.000,7156.000,196.000,211.000,-612.000,0.000,-10.140,1
2026-01-31 17:46:56,7540854,3323.000,610.000,8195.000,-10.000,630.000,-396.000,0.000,-10.140,1
2026-01-31 17:46:56,7540894,2587.000,248.000,8528.000,-128.000,381.000,-135.000,0.000,-10.140,1
2026-01-31 17:46:56,7540934,2107.000,402.000,8181.000,-339.000,-88.000,181.000,0.000,-10.140,1
2026-01-31 17:46:56,7540974,2349.000,991.000,7453.000,-317.000,-364.000,357.000,0.000,-10.140,1
2026-01-31 17:46:56,7541014,3179.000,1551.000,7197.000,116.000,-448.000,293.000,0.000,-10.140,1
2026-01-31 17:46:56,7541054,3795.000,2018.000,6976.000,253.000,-291.000,184.000,0.000,-10.140,1
2026-01-31 17:46:56,7541094,3976.000,2196.000,6857.000,363.000,-8.000,8.000,0.000,-10.140,1
2026-01-31 17:46:56,7541134,3637.000,1896.000,7007.000,317.000,283.000,-119.000,0.000,-10.140,1
2026-01-31 17:46:56,7541174,3237.000,1357.000,7547.000,123.000,479.000,-96.000,0.000,-10.140,1
2026-01-31 17:46:56,7541214,2605.000,802.000,8288.000,69.000,487.000,-29.000,0.000,-10.140,1
2026-01-31 17:46:56,7541254,2272.000,618.000,8224.000,-213.000,69.000,25.000,0.000,-10.140,1
2026-01-31 17:46:56,7541294,2407.000,1030.000,7854.000,-213.000,-189.000,117.000,0.000,-10.140,1
2026-01-31 17:46:56,7541337,3364.000,1669.000,7557.000,28.000,-283.000,42.000,0.000,-10.140,1
2026-01-31 17:46:56,7541379,3763.000,1883.000,7404.000,41.000,-155.000,-25.000,0.000,-10.140,1
2026-01-31 17:46:56,7541414,3800.000,1868.000,7306.000,44.000,-59.000,-49.000,0.000,-10.140,1
2026-01-31 17:46:56,7541454,3547.000,1557.000,7419.000,100.000,162.000,-71.000,0.000,-10.140,1
2026-01-31 17:46:56,7541494,3106.000,1255.000,7877.000,98.000,266.000,0.000,0.000,-10.140,1
2026-01-31 17:46:56,7541534,2783.000,1074.000,8236.000,-37.000,217.000,71.000,0.000,-10.140,1
2026-01-31 17:46:56,7541577,2369.000,787.000,7863.000,-293.000,-17.000,176.000,0.000,-10.140,1
2026-01-31 17:46:56,7541614,2602.000,910.000,7696.000,-206.000,-189.000,155.000,0.000,-10.140,1
2026-01-31 17:46:56,7541654,3211.000,1267.000,7446.000,26.000,-153.000,4.000,0.000,-10.140,1
2026-01-31 17:46:56,7541694,3682.000,1644.000,7376.000,147.000,-1.000,-142.000,0.000,-10.140,1
2026-01-31 17:46:57,7541734,3713.000,1595.000,7257.000,114.000,185.000,-244.000,0.000,-10.140,1
2026-01-31 17:46:57,7541774,3421.000,1451.000,7398.000,201.000,362.000,-278.000,0.000,-10.140,1
2026-01-31 17:46:57,7541814,3156.000,1206.000,7579.000,139.000,474.000,-215.000,0.000,-10.090,1
2026-01-31 17:46:57,7541854,2950.000,1187.000,7741.000,198.000,563.000,-173.000,0.000,-10.090,1
2026-01-31 17:46:57,7541894,2751.000,1082.000,7829.000,95.000,544.000,-104.000,0.000,-10.090,1
2026-01-31 17:46:57,7541934,2630.000,1059.000,7784.000,95.000,438.000,-39.000,0.000,-10.090,1
2026-01-31 17:46:57,7541974,2804.000,1581.000,7720.000,396.000,298.000,12.000,0.000,-10.090,1
2026-01-31 17:46:57,7542014,2834.000,1736.000,7626.000,405.000,348.000,-33.000,0.000,-10.090,1
2026-01-31 17:46:57,7542054,2768.000,1822.000,7707.000,344.000,384.000,-124.000,0.000,-10.090,1
2026-01-31 17:46:57,7542094,2675.000,1715.000,7744.000,261.000,398.000,-182.000,0.000,-10.090,1
2026-01-31 17:46:57,7542134,2544.000,1608.000,7954.000,222.000,362.000,-219.000,0.000,-10.090,1
2026-01-31 17:46:57,7542174,2435.000,1472.000,7932.000,86.000,323.000,-207.000,0.000,-10.090,1
2026-01-31 17:46:57,7542214,2461.000,1323.000,7964.000,72.000,216.000,-163.000,0.000,-10.090,1
2026-01-31 17:46:57,7542254,2407.000,1504.000,7982.000,230.000,196.000,-106.000,0.000,-10.090,1
2026-01-31 17:46:57,7542294,2634.000,1703.000,7905.000,152.000,113.000,-74.000,0.000,-10.090,1
2026-01-31 17:46:57,7542334,2653.000,1708.000,7753.000,149.000,55.000,-77.000,0.000,-10.090,1
2026-01-31 17:46:57,7542374,2743.000,1824.000,7734.000,125.000,54.000,-69.000,0.000,-10.090,1
2026-01-31 17:46:57,7542414,2659.000,1777.000,7749.000,59.000,81.000,-53.000,0.000,-10.090,1
2026-01-31 17:46:57,7542454,2622.000,1614.000,7799.000,9.000,94.000,-13.000,0.000,-10.090,1
2026-01-31 17:46:57,7542494,2588.000,1568.000,7864.000,37.000,115.000,1.000,0.000,-10.090,1
2026-01-31 17:46:57,7542534,2543.000,1497.000,7880.000,-40.000,74.000,-46.000,0.000,-10.090,1
2026-01-31 17:46:57,7542574,2437.000,1571.000,7821.000,-34.000,43.000,-41.000,0.000,-10.090,1
2026-01-31 17:46:57,7542614,2459.000,1660.000,7722.000,3.000,28.000,21.000,0.000,-10.090,1
2026-01-31 17:46:57,7542654,2586.000,1807.000,7683.000,164.000,42.000,-6.000,0.000,-10.090,1
2026-01-31 17:46:57,7542694,2692.000,1932.000,7695.000,134.000,100.000,-49.000,0.000,-10.090,1
2026-01-31 17:46:58,7542734,2626.000,1676.000,7715.000,56.000,210.000,-71.000,0.000,-10.090,1
2026-01-31 17:46:58,7542774,2497.000,1782.000,7993.000,87.000,251.000,-137.000,0.000,-10.090,1
2026-01-31 17:46:58,7542814,2489.000,1979.000,7988.000,-118.000,215.000,-171.000,0.000,-6.160,1
2026-01-31 17:46:58,7542854,2702.000,2132.000,8189.000,-326.000,395.000,-389.000,0.000,-6.160,1
2026-01-31 17:46:58,7542894,2590.000,2816.000,8502.000,-210.000,451.000,-1015.000,0.000,-6.160,1
2026-01-31 17:46:58,7542934,2866.000,2576.000,8099.000,-1343.000,761.000,-1638.000,0.000,-6.160,1
2026-01-31 17:46:58,7542974,2467.000,1143.000,7299.000,-2310.000,1461.000,-1412.000,0.000,-6.160,1
2026-01-31 17:46:58,7543014,1974.000,2128.000,8542.000,-1150.000,1694.000,-2010.000,0.000,-6.160,1
2026-01-31 17:46:58,7543054,986.000,324.000,8025.000,-2488.000,1832.000,-1351.000,0.000,-6.160,1
2026-01-31 17:46:58,7543094,1851.000,2251.000,8846.000,-1195.000,1623.000,-1803.000,0.000,-6.160,1
2026-01-31 17:46:58,7543134,957.000,-103.000,7237.000,-943.000,2342.000,-1013.000,0.000,-6.160,1
2026-01-31 17:46:58,7543174,666.000,-1642.000,7355.000,638.000,1334.000,467.000,0.000,-6.160,1
2026-01-31 17:46:58,7543214,1372.000,1267.000,8142.000,5423.000,1148.000,930.000,0.000,-6.160,1
2026-01-31 17:46:58,7543254,1167.000,2779.000,8023.000,6133.000,1432.000,919.000,0.000,-6.160,1
2026-01-31 17:46:58,7543297,978.000,1881.000,7737.000,4935.000,1879.000,926.000,0.000,-6.160,1
2026-01-31 17:46:58,7543337,665.000,3797.000,8357.000,6736.000,2380.000,237.000,0.000,-6.160,1
2026-01-31 17:46:58,7543374,1039.000,2925.000,7733.000,6018.000,2508.000,360.000,0.000,-6.160,1
2026-01-31 17:46:58,7543414,717.000,2132.000,5350.000,8922.000,2333.000,552.000,0.000,-6.160,1
2026-01-31 17:46:58,7543454,529.000,7021.000,8542.000,6997.000,2310.000,538.000,0.000,-6.160,1
2026-01-31 17:46:58,7543494,4.000,4911.000,6200.000,3498.000,3250.000,1633.000,0.000,-6.160,1
2026-01-31 17:46:58,7543534,15.000,6479.000,5613.000,6146.000,2307.000,1170.000,0.000,-6.160,1
2026-01-31 17:46:58,7543577,-102.000,5602.000,4608.000,2479.000,1987.000,1020.000,0.000,-6.160,1
2026-01-31 17:46:58,7543614,-571.000,5652.000,3853.000,3467.000,1791.000,769.000,0.000,-6.160,1
2026-01-31 17:46:58,7543654,-198.000,9091.000,4922.000,3875.000,857.000,107.000,0.000,-6.160,1
2026-01-31 17:46:58,7543694,-905.000,7705.000,4499.000,-985.000,959.000,-594.000,0.000,-6.160,1
2026-01-31 17:46:59,7543734,-1076.000,7607.000,5291.000,228.000,-398.000,-1386.000,0.000,-6.160,1
2026-01-31 17:46:59,7543774,-685.000,7432.000,5712.000,-513.000,-1553.000,-2088.000,0.000,-6.160,1
2026-01-31 17:46:59,7543814,-1070.000,6016.000,5776.000,206.000,-2405.000,-1826.000,0.000,0.000,1
2026-01-31 17:46:59,7543854,-1412.000,7396.000,4798.000,1382.000,-3397.000,-1136.000,0.000,0.000,1
2026-01-31 17:46:59,7543894,-663.000,6356.000,4393.000,-2156.000,-7285.000,534.000,0.000,0.000,1
2026-01-31 17:46:59,7543934,277.000,7015.000,6549.000,-2982.000,-6822.000,226.000,0.000,0.000,1
2026-01-31 17:46:59,7543974,321.000,2597.000,6578.000,-2942.000,-5249.000,1040.000,0.000,0.000,1
2026-01-31 17:46:59,7544014,1589.000,3600.000,6858.000,-443.000,-3292.000,1413.000,0.000,0.000,1
2026-01-31 17:46:59,7544054,1268.000,3823.000,4729.000,2765.000,-1079.000,2266.000,0.000,0.000,1
2026-01-31 17:46:59,7544094,1456.000,7093.000,4905.000,4026.000,-232.000,2135.000,0.000,0.000,1
2026-01-31 17:46:59,7544134,1608.000,8880.000,5699.000,1326.000,554.000,775.000,0.000,0.000,1
2026-01-31 17:46:59,7544174,1388.000,8139.000,6011.000,-2890.000,1668.000,-450.000,0.000,0.000,1
2026-01-31 17:46:59,7544214,1041.000,7162.000,5112.000,-4261.000,1525.000,-1308.000,0.000,0.000,1
2026-01-31 17:46:59,7544254,814.000,7408.000,5814.000,-7002.000,1178.000,-1658.000,0.000,0.000,1
2026-01-31 17:46:59,7544294,1528.000,4043.000,6403.000,-9962.000,1446.000,-1120.000,0.000,0.000,1
2026-01-31 17:46:59,7544334,978.000,5527.000,6971.000,-10625.000,1386.000,-529.000,0.000,0.000,1
2026-01-31 17:46:59,7544374,398.000,2584.000,5991.000,-18436.000,1348.000,1909.000,0.000,0.000,1
2026-01-31 17:46:59,7544414,534.000,-3012.000,6663.000,-16435.000,307.000,3386.000,0.000,0.000,1
2026-01-31 17:46:59,7544454,1903.000,-2105.000,7827.000,-4453.000,432.000,2971.000,0.000,0.000,1
2026-01-31 17:46:59,7544494,1320.000,438.000,8073.000,119.000,1696.000,3373.000,0.000,0.000,1
2026-01-31 17:46:59,7544534,1291.000,-658.000,7333.000,-2428.000,2199.000,3713.000,0.000,0.000,1
2026-01-31 17:46:59,7544574,-129.000,-1317.000,7743.000,1132.000,1137.000,2041.000,0.000,0.000,1
2026-01-31 17:46:59,7544614,-216.000,846.000,8084.000,2799.000,641.000,2761.000,0.000,0.000,1
2026-01-31 17:46:59,7544654,-709.000,-1298.000,8707.000,136.000,646.000,2350.000,0.000,0.000,1
2026-01-31 17:46:59,7544694,-339.000,492.000,8148.000,1947.000,-64.000,2033.000,0.000,0.000,1
2026-01-31 17:47:00,7544734,218.000,946.000,8535.000,1300.000,-132.000,1821.000,0.000,0.000,1
2026-01-31 17:47:00,7544774,-251.000,274.000,8402.000,-35.000,-125.000,1501.000,0.000,0.000,1
2026-01-31 17:47:00,7544814,-35.000,37.000,8166.000,400.000,-43.000,1132.000,0.000,0.000,1
2026-01-31 17:47:00,7544854,-1308.000,-150.000,7893.000,1400.000,-7.000,739.000,0.000,0.000,1
2026-01-31 17:47:00,7544894,-703.000,441.000,8056.000,2664.000,-809.000,-145.000,0.000,0.000,1
2026-01-31 17:47:00,7544934,170.000,-344.000,7689.000,3759.000,-981.000,44.000,0.000,0.000,1
2026-01-31 17:47:00,7544974,303.000,703.000,7619.000,6193.000,-664.000,117.000,0.000,0.000,1
2026-01-31 17:47:00,7545014,-189.000,2299.000,7273.000,7354.000,-991.000,484.000,0.000,0.000,1
2026-01-31 17:47:00,7545054,34.000,2448.000,8673.000,5925.000,-3042.000,-311.000,0.000,0.000,1
2026-01-31 17:47:00,7545094,-325.000,2018.000,8815.000,4304.000,-2757.000,242.000,0.000,0.000,1
2026-01-31 17:47:00,7545134,-183.000,4734.000,8410.000,4436.000,-2700.000,-47.000,0.000,0.000,1
2026-01-31 17:47:00,7545174,693.000,5192.000,8282.000,1925.000,-2104.000,-93.000,0.000,0.000,1
2026-01-31 17:47:00,7545214,1307.000,5051.000,7924.000,1196.000,-1137.000,-681.000,0.000,0.000,1
2026-01-31 17:47:00,7545254,1974.000,3854.000,6562.000,849.000,-1024.000,-938.000,0.000,0.000,1
2026-01-31 17:47:00,7545297,1640.000,3299.000,6222.000,1559.000,-650.000,-318.000,0.000,0.000,1
2026-01-31 17:47:00,7545334,1546.000,4081.000,6256.000,2494.000,-599.000,-306.000,0.000,0.000,1
2026-01-31 17:47:00,7545374,1552.000,4749.000,6134.000,3090.000,-432.000,-391.000,0.000,0.000,1
2026-01-31 17:47:00,7545414,1156.000,5368.000,5598.000,2969.000,199.000,-679.000,0.000,0.000,1
2026-01-31 17:47:00,7545454,1204.000,5526.000,5528.000,1906.000,663.000,-456.000,0.000,0.000,1
2026-01-31 17:47:00,7545494,1367.000,5136.000,6165.000,1151.000,47.000,-426.000,0.000,0.000,1
2026-01-31 17:47:00,7545534,1458.000,5854.000,6782.000,1437.000,-221.000,-726.000,0.000,0.000,1
2026-01-31 17:47:00,7545577,1184.000,6412.000,7012.000,192.000,-27.000,-1103.000,0.000,0.000,1
2026-01-31 17:47:00,7545614,770.000,6082.000,6752.000,-353.000,87.000,-1211.000,0.000,0.000,1
2026-01-31 17:47:00,7545654,395.000,4933.000,6223.000,-142.000,-29.000,-1441.000,0.000,0.000,1
2026-01-31 17:47:00,7545694,463.000,5475.000,5941.000,926.000,-426.000,-1569.000,0.000,0.000,1
2026-01-31 17:47:01,7545734,633.000,6400.000,6073.000,1717.000,-924.000,-1712.000,0.000,0.000,1
2026-01-31 17:47:01,7545774,786.000,6736.000,5952.000,652.000,-966.000,-1584.000,0.000,0.000,1
2026-01-31 17:47:01,7545814,151.000,6054.000,6237.000,-629.000,-904.000,-1265.000,0.000,171.730,1
2026-01-31 17:47:01,7545854,96.000,6044.000,6318.000,-143.000,-1488.000,-1117.000,0.000,171.730,1
2026-01-31 17:47:01,7545894,317.000,6476.000,6207.000,-3.000,-2210.000,-1080.000,0.000,171.730,1
2026-01-31 17:47:01,7545934,334.000,6185.000,5723.000,-71.000,-2477.000,-1139.000,0.000,171.730,1
2026-01-31 17:47:01,7545974,765.000,6341.000,5387.000,-72.000,-2510.000,-1037.000,0.000,171.730,1
2026-01-31 17:47:01,7546014,1166.000,6302.000,5312.000,-460.000,-2190.000,-889.000,0.000,171.730,1
2026-01-31 17:47:01,7546054,1210.000,5840.000,5147.000,-735.000,-1793.000,-712.000,0.000,171.730,1
2026-01-31 17:47:01,7546094,1240.000,6104.000,5304.000,-981.000,-1510.000,-559.000,0.000,171.730,1
2026-01-31 17:47:01,7546134,1235.000,6065.000,5627.000,-1469.000,-1271.000,-221.000,0.000,171.730,1
2026-01-31 17:47:01,7546174,1466.000,6027.000,6107.000,-1661.000,-1145.000,85.000,0.000,171.730,1
2026-01-31 17:47:01,7546214,1779.000,5955.000,6345.000,-2540.000,-758.000,439.000,0.000,171.730,1
2026-01-31 17:47:01,7546254,1780.000,5213.000,6641.000,-3244.000,-570.000,639.000,0.000,171.730,1
2026-01-31 17:47:01,7546294,1728.000,4854.000,6704.000,-3368.000,-620.000,777.000,0.000,171.730,1
2026-01-31 17:47:01,7546334,2336.000,4079.000,7017.000,-3208.000,-735.000,888.000,0.000,171.730,1
2026-01-31 17:47:01,7546374,2943.000,3614.000,7055.000,-1731.000,-738.000,917.000,0.000,171.730,1
2026-01-31 17:47:01,7546414,2761.000,3891.000,7011.000,-1472.000,-386.000,1154.000,0.000,171.730,1
2026-01-31 17:47:01,7546454,2624.000,2812.000,6987.000,-2224.000,-404.000,1374.000,0.000,171.730,1
2026-01-31 17:47:01,7546494,2522.000,2936.000,7038.000,-2058.000,-289.000,1217.000,0.000,171.730,1
2026-01-31 17:47:01,7546534,2144.000,2599.000,6501.000,-1584.000,-507.000,985.000,0.000,171.730,1
2026-01-31 17:47:01,7546574,2344.000,3784.000,7291.000,-1135.000,-11.000,543.000,0.000,171.730,1
2026-01-31 17:47:01,7546614,2078.000,2641.000,6500.000,-2081.000,308.000,642.000,0.000,171.730,1
2026-01-31 17:47:01,7546654,2067.000,2937.000,7012.000,-1104.000,309.000,485.000,0.000,171.730,1
2026-01-31 17:47:01,7546694,2146.000,3109.000,7324.000,-85.000,511.000,460.000,0.000,171.730,1
2026-01-31 17:47:02,7546734,1846.000,3268.000,7460.000,290.000,598.000,676.000,0.000,171.730,1
2026-01-31 17:47:02,7546774,1967.000,3428.000,7894.000,241.000,817.000,689.000,0.000,171.730,1
2026-01-31 17:47:02,7546814,1974.000,3136.000,8015.000,464.000,1019.000,568.000,0.000,15.910,1
2026-01-31 17:47:02,7546854,1531.000,2740.000,7438.000,588.000,1031.000,437.000,0.000,15.910,1
2026-01-31 17:47:02,7546894,1428.000,2926.000,7452.000,581.000,777.000,137.000,0.000,15.910,1
2026-01-31 17:47:02,7546934,1646.000,3575.000,7683.000,1138.000,494.000,-191.000,0.000,15.910,1
2026-01-31 17:47:02,7546974,1779.000,4031.000,7498.000,1294.000,422.000,-484.000,0.000,15.910,1
2026-01-31 17:47:02,7547014,2071.000,3682.000,7520.000,852.000,412.000,-452.000,0.000,15.910,1
2026-01-31 17:47:02,7547054,2060.000,3566.000,7380.000,809.000,468.000,-328.000,0.000,15.910,1
2026-01-31 17:47:02,7547094,1952.000,3490.000,7088.000,631.000,399.000,-260.000,0.000,15.910,1
2026-01-31 17:47:02,7547134,1838.000,3807.000,7247.000,778.000,393.000,-271.000,0.000,15.910,1
2026-01-31 17:47:02,7547174,1609.000,4082.000,7276.000,603.000,367.000,-145.000,0.000,15.910,1
2026-01-31 17:47:02,7547214,1539.000,4009.000,7358.000,395.000,260.000,-36.000,0.000,15.910,1
2026-01-31 17:47:02,7547257,1491.000,3925.000,7227.000,137.000,172.000,69.000,0.000,15.910,1
2026-01-31 17:47:02,7547296,1406.000,3935.000,7167.000,84.000,160.000,58.000,0.000,15.910,1
2026-01-31 17:47:02,7547337,1348.000,3958.000,7287.000,125.000,127.000,30.000,0.000,15.910,1
2026-01-31 17:47:02,7547374,1316.000,3967.000,7277.000,139.000,94.000,16.000,0.000,15.910,1
2026-01-31 17:47:02,7547414,1408.000,3961.000,7273.000,156.000,26.000,2.000,0.000,15.910,1
2026-01-31 17:47:02,7547454,1570.000,3987.000,7273.000,195.000,4.000,14.000,0.000,15.910,1
2026-01-31 17:47:02,7547494,1631.000,4013.000,7228.000,246.000,18.000,-36.000,0.000,15.910,1
2026-01-31 17:47:02,7547534,1646.000,4102.000,7188.000,199.000,25.000,-50.000,0.000,15.910,1
2026-01-31 17:47:02,7547578,1559.000,3845.000,7192.000,120.000,74.000,-12.000,0.000,15.910,1
2026-01-31 17:47:02,7547618,1538.000,4026.000,7200.000,195.000,69.000,-6.000,0.000,15.910,1
2026-01-31 17:47:02,7547654,1474.000,4008.000,7157.000,186.000,71.000,-4.000,0.000,15.910,1
2026-01-31 17:47:02,7547694,1402.000,4033.000,7016.000,173.000,57.000,24.000,0.000,15.910,1
2026-01-31 17:47:03,7547734,1423.000,3985.000,6963.000,227.000,90.000,45.000,0.000,15.910,1
2026-01-31 17:47:03,7547774,1387.000,4154.000,7086.000,271.000,163.000,3.000,0.000,15.910,1
2026-01-31 17:47:03,7547814,1347.000,4100.000,7119.000,124.000,227.000,12.000,0.000,0.000,1
2026-01-31 17:47:03,7547854,1272.000,4071.000,7215.000,63.000,219.000,30.000,0.000,0.000,1
2026-01-31 17:47:03,7547894,1172.000,4131.000,7262.000,76.000,127.000,11.000,0.000,0.000,1
2026-01-31 17:47:03,7547934,1240.000,4126.000,7186.000,125.000,-9.000,-28.000,0.000,0.000,1
2026-01-31 17:47:03,7547974,1349.000,4218.000,7095.000,226.000,-49.000,-68.000,0.000,0.000,1
2026-01-31 17:47:03,7548014,1415.000,4314.000,7096.000,238.000,-32.000,-71.000,0.000,0.000,1
2026-01-31 17:47:03,7548054,1404.000,4354.000,7089.000,214.000,-17.000,-55.000,0.000,0.000,1
2026-01-31 17:47:03,7548094,1452.000,4304.000,7042.000,131.000,63.000,31.000,0.000,0.000,1
2026-01-31 17:47:03,7548134,1462.000,4205.000,7081.000,-17.000,74.000,117.000,0.000,0.000,1
2026-01-31 17:47:03,7548174,1403.000,4108.000,7163.000,-109.000,19.000,153.000,0.000,0.000,1
2026-01-31 17:47:03,7548214,1324.000,4116.000,7240.000,-318.000,-145.000,145.000,0.000,0.000,1
2026-01-31 17:47:03,7548254,1240.000,3911.000,7271.000,-572.000,-328.000,98.000,0.000,0.000,1
2026-01-31 17:47:03,7548294,1331.000,4172.000,7075.000,-441.000,-429.000,31.000,0.000,0.000,1
2026-01-31 17:47:03,7548334,1433.000,4276.000,7135.000,-520.000,-352.000,15.000,0.000,0.000,1
2026-01-31 17:47:03,7548374,1528.000,4018.000,7163.000,-783.000,-206.000,25.000,0.000,0.000,1
2026-01-31 17:47:03,7548414,1447.000,3859.000,7269.000,-910.000,-203.000,-3.000,0.000,0.000,1
2026-01-31 17:47:03,7548454,1652.000,3360.000,7317.000,-791.000,-585.000,-110.000,0.000,0.000,1
2026-01-31 17:47:03,7548494,1658.000,3456.000,7225.000,437.000,-1018.000,-213.000,0.000,0.000,1
2026-01-31 17:47:03,7548534,1586.000,3783.000,6841.000,775.000,-897.000,-104.000,0.000,0.000,1
2026-01-31 17:47:03,7548574,1894.000,4566.000,6964.000,73.000,-1057.000,1.000,0.000,0.000,1
2026-01-31 17:47:03,7548614,1994.000,4257.000,7424.000,-15.000,-786.000,30.000,0.000,0.000,1
2026-01-31 17:47:03,7548654,2057.000,4080.000,7320.000,208.000,-266.000,-55.000,0.000,0.000,1
2026-01-31 17:47:03,7548694,1876.000,4081.000,6976.000,369.000,479.000,67.000,0.000,0.000,1
2026-01-31 17:47:04,7548734,1789.000,3921.000,6814.000,134.000,504.000,155.000,0.000,0.000,1
2026-01-31 17:47:04,7548774,1754.000,3995.000,7050.000,16.000,267.000,41.000,0.000,0.000,1
2026-01-31 17:47:04,7548814,1740.000,4006.000,7026.000,-165.000,111.000,-16.000,0.000,0.000,1
2026-01-31 17:47:04,7548854,2128.000,4259.000,7068.000,-147.000,-132.000,-90.000,0.000,0.000,1
2026-01-31 17:47:04,7548894,2151.000,3743.000,6888.000,-59.000,-212.000,-102.000,0.000,0.000,1
2026-01-31 17:47:04,7548934,2176.000,3796.000,6791.000,260.000,-146.000,-82.000,0.000,0.000,1
2026-01-31 17:47:04,7548974,1996.000,4065.000,6976.000,339.000,106.000,64.000,0.000,0.000,1
2026-01-31 17:47:04,7549014,1903.000,3748.000,7315.000,114.000,298.000,177.000,0.000,0.000,1
2026-01-31 17:47:04,7549054,1696.000,4338.000,7271.000,303.000,403.000,168.000,0.000,0.000,1
2026-01-31 17:47:04,7549094,1641.000,3864.000,7266.000,183.000,325.000,227.000,0.000,0.000,1
2026-01-31 17:47:04,7549134,1502.000,4168.000,7083.000,261.000,328.000,213.000,0.000,0.000,1
2026-01-31 17:47:04,7549174,1466.000,4121.000,7044.000,174.000,251.000,228.000,0.000,0.000,1
2026-01-31 17:47:04,7549214,1492.000,4204.000,7078.000,179.000,160.000,196.000,0.000,0.000,1
2026-01-31 17:47:04,7549254,1544.000,4245.000,7122.000,4.000,50.000,132.000,0.000,0.000,1
2026-01-31 17:47:04,7549294,1607.000,4077.000,7082.000,-59.000,0.000,62.000,0.000,0.000,1
2026-01-31 17:47:04,7549337,1725.000,3980.000,7068.000,-71.000,-92.000,-5.000,0.000,0.000,1
2026-01-31 17:47:04,7549376,1846.000,4009.000,7098.000,-9.000,-77.000,-23.000,0.000,0.000,1
2026-01-31 17:47:04,7549414,1843.000,4026.000,7094.000,9.000,-58.000,-19.000,0.000,0.000,1
2026-01-31 17:47:04,7549454,1825.000,4058.000,7053.000,29.000,-63.000,-1.000,0.000,0.000,1
2026-01-31 17:47:04,7549494,1853.000,4113.000,7001.000,76.000,-81.000,43.000,0.000,0.000,1
2026-01-31 17:47:04,7549534,1846.000,4153.000,6962.000,62.000,-31.000,84.000,0.000,0.000,1
2026-01-31 17:47:04,7549574,1832.000,4134.000,6950.000,10.000,65.000,105.000,0.000,0.000,1
2026-01-31 17:47:04,7549614,1712.000,4101.000,7056.000,-15.000,218.000,138.000,0.000,0.000,1
2026-01-31 17:47:04,7549654,1636.000,4110.000,7108.000,16.000,273.000,200.000,0.000,0.000,1
2026-01-31 17:47:04,7549694,1588.000,4101.000,7280.000,-40.000,157.000,241.000,0.000,0.000,1
2026-01-31 17:47:05,7549734,1584.000,4113.000,7309.000,-41.000,-2.000,185.000,0.000,0.000,1
2026-01-31 17:47:05,7549774,1677.000,4080.000,7157.000,-59.000,-166.000,133.000,0.000,0.000,1
2026-01-31 17:47:05,7549814,1822.000,4098.000,6986.000,-34.000,-207.000,75.000,0.000,0.000,1
2026-01-31 17:47:05,7549854,1892.000,4035.000,6895.000,-84.000,-100.000,54.000,0.000,0.000,1
2026-01-31 17:47:05,7549894,1885.000,3934.000,6975.000,-61.000,30.000,29.000,0.000,0.000,1
2026-01-31 17:47:05,7549934,1759.000,3967.000,7071.000,-23.000,107.000,-8.000,0.000,0.000,1
2026-01-31 17:47:05,7549974,1660.000,3989.000,7125.000,-9.000,79.000,-14.000,0.000,0.000,1
2026-01-31 17:47:05,7550014,1693.000,4133.000,7170.000,40.000,17.000,-9.000,0.000,0.000,1
2026-01-31 17:47:05,7550054,1702.000,4082.000,7092.000,11.000,-12.000,0.000,0.000,0.000,1
2026-01-31 17:47:05,7550094,1727.000,4092.000,6969.000,54.000,-30.000,-4.000,0.000,0.000,1
2026-01-31 17:47:05,7550134,1736.000,4067.000,7029.000,27.000,-39.000,8.000,0.000,0.000,1
2026-01-31 17:47:05,7550174,1754.000,4202.000,7053.000,48.000,17.000,10.000,0.000,0.000,1
2026-01-31 17:47:05,7550214,1723.000,4109.000,7108.000,-106.000,5.000,63.000,0.000,0.000,1
2026-01-31 17:47:05,7550254,1693.000,4136.000,7186.000,-140.000,-81.000,66.000,0.000,0.000,1
2026-01-31 17:47:05,7550294,1706.000,4074.000,7176.000,-262.000,-229.000,64.000,0.000,0.000,1
2026-01-31 17:47:05,7550334,1802.000,4096.000,7212.000,-314.000,-337.000,77.000,0.000,0.000,1
2026-01-31 17:47:05,7550374,1819.000,4069.000,7175.000,-493.000,-430.000,136.000,0.000,0.000,1
2026-01-31 17:47:05,7550414,1875.000,4003.000,7117.000,-745.000,-502.000,192.000,0.000,0.000,1
2026-01-31 17:47:05,7550454,2314.000,3997.000,7203.000,-1015.000,-530.000,402.000,0.000,0.000,1
2026-01-31 17:47:05,7550494,1902.000,4389.000,7326.000,-950.000,-683.000,493.000,0.000,0.000,1
2026-01-31 17:47:05,7550534,2008.000,3523.000,7346.000,-1136.000,-758.000,545.000,0.000,0.000,1
2026-01-31 17:47:05,7550574,1875.000,3718.000,7135.000,-1213.000,-813.000,384.000,0.000,0.000,1
2026-01-31 17:47:05,7550614,2095.000,3352.000,7425.000,-1095.000,-1171.000,295.000,0.000,0.000,1
2026-01-31 17:47:05,7550654,2054.000,3132.000,7397.000,-1212.000,-962.000,556.000,0.000,0.000,1
2026-01-31 17:47:05,7550694,2522.000,3297.000,7279.000,-972.000,-838.000,780.000,0.000,0.000,1
2026-01-31 17:47:06,7550734,2537.000,2771.000,7372.000,-1039.000,-859.000,772.000,0.000,0.000,1
2026-01-31 17:47:06,7550774,3212.000,3378.000,7602.000,-186.000,-1110.000,522.000,0.000,0.000,1
2026-01-31 17:47:06,7550814,3082.000,2871.000,7253.000,-963.000,-851.000,599.000,0.000,0.000,1
2026-01-31 17:47:06,7550854,3085.000,2816.000,7266.000,-1255.000,-808.000,615.000,0.000,0.000,1
2026-01-31 17:47:06,7550894,3106.000,2662.000,7143.000,-1540.000,-1030.000,674.000,0.000,0.000,1
2026-01-31 17:47:06,7550934,3255.000,2113.000,7404.000,-1742.000,-1170.000,750.000,0.000,0.000,1
2026-01-31 17:47:06,7550974,3192.000,2171.000,7268.000,-1028.000,-914.000,786.000,0.000,0.000,1
2026-01-31 17:47:06,7551014,3154.000,1933.000,7297.000,-480.000,-773.000,880.000,0.000,0.000,1
2026-01-31 17:47:06,7551054,3317.000,2719.000,7540.000,-195.000,-556.000,909.000,0.000,0.000,1
2026-01-31 17:47:06,7551094,3406.000,1557.000,7235.000,-836.000,-608.000,787.000,0.000,0.000,1
2026-01-31 17:47:06,7551134,3271.000,2138.000,7054.000,-563.000,-726.000,654.000,0.000,0.000,1
2026-01-31 17:47:06,7551174,3537.000,1580.000,7337.000,31.000,-849.000,651.000,0.000,0.000,1
2026-01-31 17:47:06,7551214,3901.000,1628.000,7239.000,-181.000,-582.000,554.000,0.000,0.000,1
2026-01-31 17:47:06,7551254,4673.000,1973.000,6905.000,152.000,-262.000,-50.000,0.000,0.000,1
2026-01-31 17:47:06,7551294,4301.000,2443.000,6876.000,-104.000,-165.000,51.000,0.000,0.000,1
2026-01-31 17:47:06,7551334,4121.000,1806.000,7034.000,-788.000,-129.000,29.000,0.000,0.000,1
2026-01-31 17:47:06,7551374,3957.000,1747.000,7128.000,-732.000,-159.000,-1.000,0.000,0.000,1
2026-01-31 17:47:06,7551414,3836.000,1602.000,7289.000,-539.000,97.000,-32.000,0.000,0.000,1
2026-01-31 17:47:06,7551454,4236.000,1591.000,7308.000,-317.000,161.000,-87.000,0.000,0.000,1
2026-01-31 17:47:06,7551494,3784.000,2357.000,7427.000,252.000,103.000,-134.000,0.000,0.000,1
2026-01-31 17:47:06,7551534,3616.000,850.000,6912.000,-2068.000,-224.000,75.000,0.000,0.000,1
2026-01-31 17:47:06,7551577,3766.000,2022.000,7565.000,-785.000,-474.000,283.000,0.000,0.000,1
2026-01-31 17:47:06,7551614,3953.000,1646.000,7645.000,-1224.000,-484.000,316.000,0.000,0.000,1
2026-01-31 17:47:06,7551654,3824.000,93.000,7069.000,-1048.000,5.000,520.000,0.000,0.000,1
2026-01-31 17:47:06,7551694,3020.000,3023.000,8365.000,1434.000,206.000,-245.000,0.000,0.000,1
2026-01-31 17:47:07,7551734,3766.000,1121.000,7367.000,-752.000,-18.000,-393.000,0.000,0.000,1
2026-01-31 17:47:07,7551774,3730.000,705.000,6895.000,82.000,14.000,-335.000,0.000,0.000,1
2026-01-31 17:47:07,7551814,4050.000,1206.000,7262.000,329.000,-267.000,-274.000,0.000,0.000,1
2026-01-31 17:47:07,7551854,3917.000,1702.000,7370.000,106.000,13.000,-123.000,0.000,0.000,1
2026-01-31 17:47:07,7551894,3971.000,1154.000,7064.000,-335.000,17.000,-111.000,0.000,0.000,1
2026-01-31 17:47:07,7551934,3931.000,1060.000,7167.000,77.000,-90.000,54.000,0.000,0.000,1
2026-01-31 17:47:07,7551974,3815.000,1431.000,7287.000,325.000,-9.000,139.000,0.000,0.000,1
2026-01-31 17:47:07,7552014,3820.000,1578.000,7470.000,367.000,34.000,152.000,0.000,0.000,1
2026-01-31 17:47:07,7552054,3640.000,1065.000,7152.000,240.000,88.000,169.000,0.000,0.000,1
2026-01-31 17:47:07,7552094,3721.000,1559.000,7341.000,956.000,83.000,201.000,0.000,0.000,1
2026-01-31 17:47:07,7552134,3765.000,1939.000,7424.000,9.000,-131.000,98.000,0.000,0.000,1
2026-01-31 17:47:07,7552174,3943.000,900.000,7127.000,257.000,-172.000,135.000,0.000,0.000,1
2026-01-31 17:47:07,7552214,3906.000,1985.000,7262.000,784.000,-177.000,110.000,0.000,0.000,1
2026-01-31 17:47:07,7552254,3939.000,1543.000,7200.000,-180.000,-212.000,76.000,0.000,0.000,1
2026-01-31 17:47:07,7552294,3958.000,1436.000,7205.000,120.000,-140.000,100.000,0.000,0.000,1
2026-01-31 17:47:07,7552334,3995.000,1314.000,7128.000,-2.000,-196.000,81.000,0.000,0.000,1
2026-01-31 17:47:07,7552374,3968.000,1491.000,7117.000,272.000,-159.000,95.000,0.000,0.000,1
2026-01-31 17:47:07,7552414,3950.000,1715.000,7184.000,342.000,-124.000,115.000,0.000,0.000,1
2026-01-31 17:47:07,7552454,3990.000,1821.000,7291.000,-131.000,-178.000,32.000,0.000,0.000,1
2026-01-31 17:47:07,7552494,3916.000,1271.000,7171.000,-145.000,-64.000,79.000,0.000,0.000,1
2026-01-31 17:47:07,7552534,3930.000,1453.000,7139.000,13.000,-118.000,93.000,0.000,0.000,1
2026-01-31 17:47:07,7552574,4002.000,1533.000,7173.000,130.000,-143.000,51.000,0.000,0.000,1
2026-01-31 17:47:07,7552614,4054.000,1588.000,7117.000,206.000,-54.000,31.000,0.000,0.000,1
2026-01-31 17:47:07,7552654,4163.000,1543.000,7059.000,149.000,10.000,9.000,0.000,0.000,1
2026-01-31 17:47:07,7552694,3970.000,1696.000,7115.000,212.000,145.000,32.000,0.000,0.000,1
2026-01-31 17:47:08,7552734,3903.000,1682.000,7239.000,132.000,162.000,33.000,0.000,0.000,1
2026-01-31 17:47:08,7552774,3946.000,1481.000,7223.000,110.000,114.000,9.000,0.000,0.000,1
2026-01-31 17:47:08,7552814,3901.000,1703.000,7300.000,127.000,74.000,22.000,0.000,0.000,1
2026-01-31 17:47:08,7552854,3925.000,1560.000,7206.000,27.000,31.000,43.000,0.000,0.000,1
2026-01-31 17:47:08,7552894,3923.000,1723.000,7109.000,11.000,5.000,11.000,0.000,0.000,1
2026-01-31 17:47:08,7552934,3962.000,1619.000,7021.000,42.000,6.000,-4.000,0.000,0.000,1
2026-01-31 17:47:08,7552974,3966.000,1734.000,7087.000,33.000,30.000,-2.000,0.000,0.000,1
2026-01-31 17:47:08,7553014,3941.000,1644.000,7148.000,19.000,49.000,14.000,0.000,0.000,1
2026-01-31 17:47:08,7553054,3896.000,1677.000,7221.000,34.000,43.000,31.000,0.000,0.000,1
2026-01-31 17:47:08,7553094,3897.000,1652.000,7245.000,6.000,24.000,43.000,0.000,0.000,1
2026-01-31 17:47:08,7553134,3890.000,1707.000,7229.000,8.000,-4.000,31.000,0.000,0.000,1
2026-01-31 17:47:08,7553174,3898.000,1699.000,7127.000,-18.000,-38.000,5.000,0.000,0.000,1
2026-01-31 17:47:08,7553214,3959.000,1680.000,7103.000,19.000,-37.000,-21.000,0.000,0.000,1
2026-01-31 17:47:08,7553254,3956.000,1701.000,7139.000,0.000,6.000,-6.000,0.000,0.000,1
2026-01-31 17:47:08,7553294,3929.000,1625.000,7115.000,-18.000,3.000,18.000,0.000,0.000,1
2026-01-31 17:47:08,7553334,3943.000,1678.000,7173.000,-15.000,8.000,37.000,0.000,0.000,1
2026-01-31 17:47:08,7553374,3869.000,1578.000,7121.000,-41.000,7.000,58.000,0.000,0.000,1
2026-01-31 17:47:08,7553414,3919.000,1654.000,7188.000,10.000,-12.000,42.000,0.000,0.000,1
2026-01-31 17:47:08,7553454,3964.000,1728.000,7220.000,64.000,1.000,-4.000,0.000,0.000,1
2026-01-31 17:47:08,7553494,3983.000,1748.000,7281.000,64.000,10.000,-20.000,0.000,0.000,1
2026-01-31 17:47:08,7553534,3995.000,1698.000,7231.000,19.000,-20.000,-33.000,0.000,0.000,1
2026-01-31 17:47:08,7553577,4033.000,1743.000,7087.000,-37.000,-22.000,-43.000,0.000,0.000,1
2026-01-31 17:47:08,7553614,4037.000,1665.000,7027.000,-83.000,-16.000,-12.000,0.000,0.000,1
2026-01-31 17:47:08,7553654,4031.000,1638.000,7072.000,-83.000,9.000,45.000,0.000,0.000,1
2026-01-31 17:47:08,7553694,3945.000,1547.000,7090.000,-77.000,47.000,89.000,0.000,0.000,1
2026-01-31 17:47:09,7553734,3889.000,1598.000,7164.000,15.000,56.000,88.000,0.000,0.000,1
2026-01-31 17:47:09,7553774,3838.000,1674.000,7263.000,37.000,75.000,76.000,0.000,0.000,1
2026-01-31 17:47:09,7553814,3791.000,1656.000,7260.000,26.000,-10.000,21.000,0.000,0.000,1
2026-01-31 17:47:09,7553854,3856.000,1742.000,7153.000,43.000,-52.000,-47.000,0.000,0.000,1
2026-01-31 17:47:09,7553894,3949.000,1739.000,7053.000,25.000,-47.000,-86.000,0.000,0.000,1
2026-01-31 17:47:09,7553934,4021.000,1733.000,7080.000,17.000,-30.000,-71.000,0.000,0.000,1
2026-01-31 17:47:09,7553974,4059.000,1727.000,7151.000,3.000,8.000,-25.000,0.000,0.000,1
2026-01-31 17:47:09,7554014,4016.000,1695.000,7194.000,-32.000,39.000,47.000,0.000,0.000,1
2026-01-31 17:47:09,7554054,3931.000,1528.000,7190.000,-25.000,34.000,102.000,0.000,0.000,1
2026-01-31 17:47:09,7554094,3843.000,1657.000,7214.000,120.000,32.000,103.000,0.000,0.000,1
2026-01-31 17:47:09,7554134,3785.000,1803.000,7215.000,113.000,30.000,69.000,0.000,0.000,1
2026-01-31 17:47:09,7554174,3819.000,1757.000,7185.000,48.000,9.000,15.000,0.000,0.000,1
2026-01-31 17:47:09,7554214,3897.000,1730.000,7142.000,6.000,-37.000,-53.000,0.000,0.000,1
2026-01-31 17:47:09,7554254,3977.000,1726.000,7114.000,-29.000,-24.000,-67.000,0.000,0.000,1
2026-01-31 17:47:09,7554294,4012.000,1619.000,7148.000,-93.000,9.000,-15.000,0.000,0.000,1
2026-01-31 17:47:09,7554334,4009.000,1563.000,7190.000,-64.000,-3.000,32.000,0.000,0.000,1
2026-01-31 17:47:09,7554374,3968.000,1630.000,7167.000,9.000,2.000,51.000,0.000,0.000,1
2026-01-31 17:47:09,7554414,3924.000,1707.000,7160.000,73.000,27.000,58.000,0.000,0.000,1
2026-01-31 17:47:09,7554454,3875.000,1749.000,7225.000,89.000,26.000,49.000,0.000,0.000,1
2026-01-31 17:47:09,7554494,3854.000,1765.000,7217.000,56.000,-1.000,5.000,0.000,0.000,1
2026-01-31 17:47:09,7554534,3891.000,1786.000,7149.000,-1.000,-22.000,-31.000,0.000,0.000,1
2026-01-31 17:47:09,7554574,3964.000,1680.000,7085.000,-51.000,-30.000,-25.000,0.000,0.000,1
2026-01-31 17:47:09,7554614,4008.000,1657.000,7130.000,-39.000,-11.000,-3.000,0.000,0.000,1
2026-01-31 17:47:09,7554654,4009.000,1656.000,7168.000,-7.000,28.000,25.000,0.000,0.000,1
2026-01-31 17:47:09,7554694,3951.000,1644.000,7194.000,12.000,41.000,57.000,0.000,0.000,1
2026-01-31 17:47:10,7554734,3874.000,1698.000,7230.000,40.000,27.000,67.000,0.000,0.000,1
2026-01-31 17:47:10,7554774,3813.000,1732.000,7200.000,26.000,15.000,43.000,0.000,0.000,1
2026-01-31 17:47:10,7554814,3835.000,1746.000,7161.000,11.000,-12.000,8.000,0.000,0.000,1
2026-01-31 17:47:10,7554854,3910.000,1748.000,7141.000,1.000,-13.000,-18.000,0.000,0.000,1
2026-01-31 17:47:10,7554894,3905.000,1699.000,7172.000,-24.000,4.000,-3.000,0.000,0.000,1
2026-01-31 17:47:10,7554934,3944.000,1690.000,7176.000,-18.000,5.000,-6.000,0.000,0.000,1
2026-01-31 17:47:10,7554974,3972.000,1642.000,7202.000,-17.000,39.000,39.000,0.000,0.000,1
2026-01-31 17:47:10,7555014,3879.000,1616.000,7219.000,-17.000,40.000,63.000,0.000,0.000,1
2026-01-31 17:47:10,7555054,3850.000,1680.000,7200.000,65.000,20.000,35.000,0.000,0.000,1
2026-01-31 17:47:10,7555094,3863.000,1755.000,7159.000,66.000,7.000,-1.000,0.000,0.000,1
2026-01-31 17:47:10,7555134,3898.000,1798.000,7159.000,73.000,-16.000,-25.000,0.000,0.000,1
2026-01-31 17:47:10,7555174,3949.000,1799.000,7171.000,33.000,-13.000,-38.000,0.000,0.000,1
2026-01-31 17:47:10,7555214,3924.000,1693.000,7090.000,-41.000,5.000,-10.000,0.000,0.000,1
2026-01-31 17:47:10,7555254,3945.000,1674.000,7173.000,-36.000,34.000,33.000,0.000,0.000,1
2026-01-31 17:47:10,7555294,3900.000,1600.000,7249.000,-65.000,60.000,72.000,0.000,0.000,1
2026-01-31 17:47:10,7555334,3835.000,1695.000,7223.000,0.000,24.000,67.000,0.000,0.000,1
2026-01-31 17:47:10,7555374,3841.000,1714.000,7119.000,44.000,-30.000,12.000,0.000,0.000,1
2026-01-31 17:47:10,7555415,3903.000,1817.000,7128.000,81.000,-25.000,-32.000,0.000,0.000,1
2026-01-31 17:47:10,7555454,3898.000,1819.000,7146.000,53.000,5.000,-38.000,0.000,0.000,1
2026-01-31 17:47:10,7555494,3919.000,1770.000,7187.000,29.000,10.000,-22.000,0.000,0.000,1
2026-01-31 17:47:10,7555534,3941.000,1718.000,7221.000,-42.000,9.000,9.000,0.000,0.000,1
2026-01-31 17:47:10,7555577,3897.000,1604.000,7120.000,-74.000,-9.000,57.000,0.000,0.000,1
2026-01-31 17:47:10,7555614,3885.000,1678.000,7162.000,-27.000,4.000,71.000,0.000,0.000,1
2026-01-31 17:47:10,7555654,3835.000,1687.000,7221.000,-37.000,13.000,86.000,0.000,0.000,1
2026-01-31 17:47:10,7555694,3805.000,1697.000,7172.000,38.000,-4.000,44.000,0.000,0.000,1
2026-01-31 17:47:11,7555734,3851.000,1763.000,7244.000,46.000,5.000,-7.000,0.000,0.000,1
2026-01-31 17:47:11,7555774,3848.000,1712.000,7170.000,28.000,-45.000,-38.000,0.000,0.000,1
2026-01-31 17:47:11,7555814,3921.000,1791.000,7120.000,40.000,-56.000,-52.000,0.000,0.000,1
2026-01-31 17:47:11,7555854,3997.000,1797.000,7088.000,18.000,-23.000,-29.000,0.000,0.000,1
2026-01-31 17:47:11,7555894,4015.000,1690.000,7167.000,-30.000,11.000,27.000,0.000,0.000,1
2026-01-31 17:47:11,7555934,3909.000,1645.000,7179.000,-48.000,31.000,68.000,0.000,0.000,1
2026-01-31 17:47:11,7555974,3884.000,1679.000,7208.000,-31.000,18.000,65.000,0.000,0.000,1
2026-01-31 17:47:11,7556014,3850.000,1677.000,7192.000,-32.000,17.000,59.000,0.000,0.000,1
2026-01-31 17:47:11,7556054,3831.000,1703.000,7186.000,-2.000,-7.000,22.000,0.000,0.000,1
2026-01-31 17:47:11,7556094,3860.000,1753.000,7153.000,22.000,-18.000,-14.000,0.000,0.000,1
2026-01-31 17:47:11,7556134,3973.000,1748.000,7186.000,27.000,7.000,-39.000,0.000,0.000,1
2026-01-31 17:47:11,7556174,3961.000,1703.000,7147.000,7.000,12.000,-17.000,0.000,0.000,1
2026-01-31 17:47:11,7556214,3968.000,1703.000,7166.000,-5.000,6.000,11.000,0.000,0.000,1
2026-01-31 17:47:11,7556254,3927.000,1682.000,7160.000,-18.000,43.000,46.000,0.000,0.000,1
2026-01-31 17:47:11,7556294,3885.000,1694.000,7241.000,14.000,61.000,61.000,0.000,0.000,1
2026-01-31 17:47:11,7556334,3820.000,1698.000,7219.000,20.000,41.000,39.000,0.000,0.000,1
2026-01-31 17:47:11,7556374,3835.000,1753.000,7155.000,14.000,12.000,6.000,0.000,0.000,1
2026-01-31 17:47:11,7556414,3830.000,1772.000,7138.000,14.000,9.000,-12.000,0.000,0.000,1
2026-01-31 17:47:11,7556454,3884.000,1765.000,7152.000,23.000,12.000,-27.000,0.000,0.000,1
2026-01-31 17:47:11,7556494,3920.000,1732.000,7131.000,24.000,72.000,-16.000,0.000,0.000,1
2026-01-31 17:47:11,7556534,3895.000,1686.000,7168.000,-6.000,88.000,16.000,0.000,0.000,1
2026-01-31 17:47:11,7556574,3855.000,1716.000,7250.000,23.000,84.000,29.000,0.000,0.000,1
2026-01-31 17:47:11,7556614,3806.000,1702.000,7235.000,21.000,68.000,26.000,0.000,0.000,1
2026-01-31 17:47:11,7556654,3791.000,1740.000,7238.000,62.000,46.000,13.000,0.000,0.000,1
2026-01-31 17:47:11,7556694,3801.000,1758.000,7238.000,54.000,46.000,-4.000,0.000,0.000,1
2026-01-31 17:47:12,7556734,3834.000,1770.000,7222.000,55.000,27.000,-29.000,0.000,0.000,1
2026-01-31 17:47:12,7556774,3833.000,1825.000,7184.000,36.000,7.000,-36.000,0.000,0.000,1
2026-01-31 17:47:12,7556814,3809.000,1903.000,7095.000,11.000,-25.000,2.000,0.000,0.000,1
2026-01-31 17:47:12,7556854,4445.000,2518.000,7802.000,-116.000,230.000,150.000,0.000,0.000,1
2026-01-31 17:47:12,7556894,3900.000,2034.000,8537.000,-1091.000,295.000,91.000,0.000,0.000,1
2026-01-31 17:47:12,7556934,3933.000,1319.000,7776.000,-2106.000,717.000,-33.000,0.000,0.000,1
2026-01-31 17:47:12,7556974,3289.000,1537.000,6620.000,-838.000,1692.000,-1092.000,0.000,0.000,1
2026-01-31 17:47:12,7557014,3181.000,-116.000,6483.000,-703.000,1873.000,-1040.000,0.000,0.000,1
2026-01-31 17:47:12,7557054,3303.000,900.000,6966.000,1270.000,1664.000,-640.000,0.000,0.000,1
2026-01-31 17:47:12,7557094,3298.000,1907.000,7396.000,1043.000,1584.000,-352.000,0.000,0.000,1
2026-01-31 17:47:12,7557134,3006.000,1637.000,7328.000,464.000,1422.000,-268.000,0.000,0.000,1
2026-01-31 17:47:12,7557174,2907.000,1808.000,7670.000,842.000,1213.000,-374.000,0.000,0.000,1
2026-01-31 17:47:12,7557214,2852.000,2349.000,7852.000,437.000,1282.000,-394.000,0.000,0.000,1
2026-01-31 17:47:12,7557254,2394.000,2179.000,7864.000,-9.000,1087.000,-515.000,0.000,0.000,1
2026-01-31 17:47:12,7557294,2872.000,1629.000,7693.000,-343.000,1050.000,-612.000,0.000,0.000,1
2026-01-31 17:47:12,7557334,2333.000,2005.000,7913.000,-174.000,1251.000,-700.000,0.000,0.000,1
2026-01-31 17:47:12,7557377,2542.000,954.000,7766.000,133.000,1274.000,-918.000,0.000,0.000,1
2026-01-31 17:47:12,7557419,1859.000,2544.000,8209.000,1416.000,1236.000,-1167.000,0.000,0.000,1
2026-01-31 17:47:12,7557454,1762.000,2132.000,7975.000,729.000,1035.000,-1071.000,0.000,0.000,1
2026-01-31 17:47:12,7557494,1959.000,1205.000,7937.000,1197.000,875.000,-1511.000,0.000,0.000,1
2026-01-31 17:47:12,7557534,1683.000,2325.000,8178.000,3128.000,1403.000,-1679.000,0.000,0.000,1
2026-01-31 17:47:12,7557577,1030.000,3344.000,7196.000,2930.000,1524.000,-1331.000,0.000,0.000,1
2026-01-31 17:47:12,7557614,937.000,3639.000,7001.000,2259.000,1164.000,-1208.000,0.000,0.000,1
2026-01-31 17:47:12,7557654,1656.000,2710.000,7555.000,653.000,1145.000,-1011.000,0.000,0.000,1
2026-01-31 17:47:12,7557694,1160.000,3839.000,7570.000,1594.000,1530.000,-1246.000,0.000,0.000,1
2026-01-31 17:47:13,7557734,886.000,3193.000,7518.000,730.000,1229.000,-1033.000,0.000,0.000,1
2026-01-31 17:47:13,7557774,772.000,3814.000,7724.000,288.000,1063.000,-1106.000,0.000,0.000,1
2026-01-31 17:47:13,7557814,759.000,2947.000,7645.000,-238.000,817.000,-318.000,0.000,0.000,1
2026-01-31 17:47:13,7557854,568.000,2767.000,7524.000,369.000,703.000,177.000,0.000,0.000,1
2026-01-31 17:47:13,7557894,642.000,3363.000,7669.000,1487.000,277.000,150.000,0.000,0.000,1
2026-01-31 17:47:13,7557934,999.000,4325.000,7836.000,1282.000,146.000,149.000,0.000,0.000,1
2026-01-31 17:47:13,7557974,775.000,3550.000,7391.000,360.000,396.000,397.000,0.000,0.000,1
2026-01-31 17:47:13,7558014,712.000,3841.000,7392.000,753.000,230.000,632.000,0.000,0.000,1
2026-01-31 17:47:13,7558054,959.000,4041.000,7851.000,1037.000,198.000,818.000,0.000,0.000,1
2026-01-31 17:47:13,7558094,915.000,3936.000,7374.000,725.000,370.000,1119.000,0.000,0.000,1
2026-01-31 17:47:13,7558134,865.000,4103.000,7000.000,810.000,567.000,1229.000,0.000,0.000,1
2026-01-31 17:47:13,7558174,848.000,4197.000,7076.000,962.000,805.000,1083.000,0.000,0.000,1
2026-01-31 17:47:13,7558214,563.000,4561.000,7315.000,1107.000,927.000,1146.000,0.000,0.000,1
2026-01-31 17:47:13,7558254,315.000,4107.000,6971.000,796.000,847.000,1143.000,0.000,0.000,1
2026-01-31 17:47:13,7558294,438.000,4109.000,7146.000,454.000,762.000,1301.000,0.000,0.000,1
2026-01-31 17:47:13,7558334,521.000,3937.000,7158.000,562.000,642.000,1329.000,0.000,0.000,1
2026-01-31 17:47:13,7558374,566.000,4356.000,7101.000,765.000,608.000,1294.000,0.000,0.000,1
2026-01-31 17:47:13,7558414,453.000,4348.000,6990.000,794.000,1076.000,1053.000,0.000,0.000,1
2026-01-31 17:47:13,7558454,163.000,4296.000,6787.000,936.000,1244.000,1051.000,0.000,0.000,1
2026-01-31 17:47:13,7558494,-80.000,4462.000,6766.000,1304.000,1161.000,937.000,0.000,0.000,1
2026-01-31 17:47:13,7558534,-34.000,4742.000,6808.000,1023.000,1079.000,785.000,0.000,0.000,1
2026-01-31 17:47:13,7558574,-90.000,4568.000,6806.000,781.000,1083.000,581.000,0.000,0.000,1
2026-01-31 17:47:13,7558614,-247.000,5023.000,6885.000,813.000,1149.000,315.000,0.000,0.000,1
2026-01-31 17:47:13,7558654,-550.000,5807.000,7043.000,17.000,1187.000,-67.000,0.000,0.000,1
2026-01-31 17:47:13,7558694,-921.000,5253.000,7142.000,-455.000,930.000,-186.000,0.000,0.000,1
2026-01-31 17:47:14,7558734,-104.000,4799.000,7026.000,-298.000,17.000,-473.000,0.000,0.000,1
2026-01-31 17:47:14,7558774,-269.000,4135.000,6879.000,-295.000,-55.000,-557.000,0.000,0.000,1
2026-01-31 17:47:14,7558814,-462.000,4853.000,6927.000,374.000,-200.000,-409.000,0.000,0.000,1
2026-01-31 17:47:14,7558854,-512.000,5377.000,6737.000,349.000,-499.000,-404.000,0.000,0.000,1
2026-01-31 17:47:14,7558894,-214.000,5193.000,6805.000,8.000,-863.000,-531.000,0.000,0.000,1
2026-01-31 17:47:14,7558934,-98.000,4938.000,6769.000,-207.000,-786.000,-501.000,0.000,0.000,1
2026-01-31 17:47:14,7558974,-61.000,4896.000,6916.000,-255.000,-664.000,-503.000,0.000,0.000,1
2026-01-31 17:47:14,7559014,-65.000,4889.000,7069.000,-440.000,-683.000,-379.000,0.000,0.000,1
2026-01-31 17:47:14,7559054,38.000,4635.000,7021.000,-432.000,-886.000,-318.000,0.000,0.000,1
2026-01-31 17:47:14,7559094,247.000,4482.000,6846.000,-361.000,-1037.000,-184.000,0.000,0.000,1
2026-01-31 17:47:14,7559134,384.000,4621.000,6708.000,-296.000,-1057.000,-25.000,0.000,0.000,1
2026-01-31 17:47:14,7559174,776.000,4260.000,6868.000,31.000,-942.000,-64.000,0.000,0.000,1
2026-01-31 17:47:14,7559214,683.000,4719.000,6815.000,573.000,-793.000,169.000,0.000,0.000,1
2026-01-31 17:47:14,7559254,704.000,4755.000,6866.000,714.000,-820.000,559.000,0.000,0.000,1
2026-01-31 17:47:14,7559294,824.000,4920.000,6844.000,603.000,-874.000,286.000,0.000,0.000,1
2026-01-31 17:47:14,7559337,803.000,4461.000,6702.000,14.000,-776.000,558.000,0.000,0.000,1
2026-01-31 17:47:14,7559377,877.000,4489.000,6637.000,-38.000,-742.000,529.000,0.000,0.000,1
2026-01-31 17:47:14,7559414,893.000,4706.000,6590.000,-88.000,-651.000,534.000,0.000,0.000,1
2026-01-31 17:47:14,7559454,1021.000,4767.000,6747.000,-43.000,-651.000,467.000,0.000,0.000,1
2026-01-31 17:47:14,7559494,1201.000,4964.000,6781.000,-157.000,-532.000,253.000,0.000,0.000,1
2026-01-31 17:47:14,7559534,1324.000,4164.000,7021.000,-461.000,-718.000,297.000,0.000,0.000,1
2026-01-31 17:47:14,7559576,1476.000,4400.000,6710.000,476.000,-681.000,893.000,0.000,0.000,1
2026-01-31 17:47:14,7559614,1283.000,4377.000,6632.000,746.000,-654.000,1027.000,0.000,0.000,1
2026-01-31 17:47:14,7559654,1431.000,4215.000,6400.000,996.000,-981.000,1418.000,0.000,0.000,1
2026-01-31 17:47:14,7559694,1771.000,5109.000,6628.000,1412.000,-1059.000,1412.000,0.000,0.000,1
2026-01-31 17:47:15,7559734,1694.000,5857.000,6851.000,1258.000,-895.000,1119.000,0.000,0.000,1
2026-01-31 17:47:15,7559774,1904.000,5917.000,6636.000,341.000,-1089.000,631.000,0.000,0.000,1
2026-01-31 17:47:15,7559814,2176.000,4470.000,6402.000,-241.000,-1392.000,541.000,0.000,0.000,1
2026-01-31 17:47:15,7559854,2419.000,4170.000,6067.000,154.000,-1141.000,563.000,0.000,0.000,1
2026-01-31 17:47:15,7559894,2695.000,4421.000,5885.000,573.000,-987.000,713.000,0.000,0.000,1
2026-01-31 17:47:15,7559934,2873.000,4829.000,5954.000,716.000,-917.000,380.000,0.000,0.000,1
2026-01-31 17:47:15,7559974,2886.000,4779.000,6014.000,627.000,-916.000,161.000,0.000,0.000,1
2026-01-31 17:47:15,7560014,3043.000,4844.000,5966.000,352.000,-1067.000,62.000,0.000,0.000,1
2026-01-31 17:47:15,7560054,3071.000,5149.000,5891.000,292.000,-563.000,34.000,0.000,0.000,1
2026-01-31 17:47:15,7560094,2801.000,4978.000,5961.000,-88.000,169.000,-54.000,0.000,0.000,1
2026-01-31 17:47:15,7560134,2894.000,5298.000,6158.000,-238.000,422.000,-165.000,0.000,0.000,1
2026-01-31 17:47:15,7560174,2526.000,4985.000,6188.000,-329.000,756.000,-384.000,0.000,0.000,1
2026-01-31 17:47:15,7560214,2220.000,4969.000,6263.000,-324.000,707.000,-318.000,0.000,0.000,1
2026-01-31 17:47:15,7560254,2114.000,5132.000,6404.000,-30.000,389.000,-98.000,0.000,0.000,1
2026-01-31 17:47:15,7560294,2343.000,5114.000,6204.000,269.000,-76.000,137.000,0.000,0.000,1
2026-01-31 17:47:15,7560334,2639.000,4566.000,6188.000,-283.000,-203.000,91.000,0.000,0.000,1
2026-01-31 17:47:15,7560374,2188.000,5315.000,6216.000,-109.000,203.000,-144.000,0.000,0.000,1
2026-01-31 17:47:15,7560414,2156.000,5225.000,6149.000,-261.000,-237.000,-36.000,0.000,0.000,1
2026-01-31 17:47:15,7560454,2165.000,5189.000,6617.000,-456.000,-704.000,78.000,0.000,0.000,1
2026-01-31 17:47:15,7560494,2436.000,4919.000,6052.000,-384.000,-388.000,-147.000,0.000,0.000,1
2026-01-31 17:47:15,7560534,1963.000,5351.000,6475.000,-854.000,-614.000,-38.000,0.000,0.000,1
2026-01-31 17:47:15,7560574,2665.000,5180.000,6505.000,-1609.000,-867.000,-48.000,0.000,0.000,1
2026-01-31 17:47:15,7560614,2461.000,4991.000,6557.000,-1965.000,-629.000,-65.000,0.000,0.000,1
2026-01-31 17:47:15,7560654,2730.000,5294.000,6578.000,-3394.000,-1064.000,98.000,0.000,0.000,1
2026-01-31 17:47:15,7560694,2532.000,1161.000,6146.000,-3676.000,-1701.000,564.000,0.000,0.000,1
2026-01-31 17:47:16,7560734,3002.000,5886.000,7565.000,-1889.000,-872.000,52.000,0.000,0.000,1
2026-01-31 17:47:16,7560774,2682.000,4651.000,6962.000,-3799.000,-832.000,-174.000,0.000,0.000,1
2026-01-31 17:47:16,7560814,3069.000,1748.000,5921.000,-3846.000,-1661.000,200.000,0.000,0.000,1
2026-01-31 17:47:16,7560854,3897.000,3859.000,7539.000,-3284.000,-1685.000,455.000,0.000,0.000,1
2026-01-31 17:47:16,7560894,3485.000,2231.000,7078.000,-4105.000,-1471.000,657.000,0.000,0.000,1
2026-01-31 17:47:16,7560934,3886.000,1889.000,6955.000,-4250.000,-857.000,802.000,0.000,0.000,1
2026-01-31 17:47:16,7560974,3315.000,1732.000,6924.000,-2002.000,-643.000,686.000,0.000,0.000,1
2026-01-31 17:47:16,7561014,3676.000,1086.000,6862.000,-232.000,-983.000,736.000,0.000,0.000,1
2026-01-31 17:47:16,7561054,3915.000,2326.000,7731.000,127.000,-1008.000,921.000,0.000,0.000,1
2026-01-31 17:47:16,7561094,3810.000,1100.000,6912.000,-472.000,-772.000,873.000,0.000,0.000,1
2026-01-31 17:47:16,7561134,4256.000,2057.000,7044.000,603.000,-948.000,818.000,0.000,0.000,1
2026-01-31 17:47:16,7561174,4392.000,2094.000,7425.000,-182.000,-858.000,976.000,0.000,0.000,1
2026-01-31 17:47:16,7561214,4016.000,1668.000,7167.000,-1049.000,-417.000,568.000,0.000,0.000,1
2026-01-31 17:47:16,7561254,3578.000,1268.000,6848.000,-776.000,-473.000,508.000,0.000,0.000,1
2026-01-31 17:47:16,7561297,4411.000,1121.000,6659.000,530.000,-487.000,-159.000,0.000,0.000,1
2026-01-31 17:47:16,7561334,4708.000,1507.000,6724.000,836.000,-199.000,-262.000,0.000,0.000,1
2026-01-31 17:47:16,7561374,5036.000,1759.000,6806.000,384.000,248.000,-168.000,0.000,0.000,1
2026-01-31 17:47:16,7561414,4472.000,1612.000,6700.000,-285.000,499.000,38.000,0.000,0.000,1
2026-01-31 17:47:16,7561454,4242.000,1325.000,6821.000,-212.000,434.000,84.000,0.000,0.000,1
2026-01-31 17:47:16,7561494,4050.000,1290.000,6972.000,84.000,352.000,191.000,0.000,0.000,1
2026-01-31 17:47:16,7561534,3848.000,1608.000,7216.000,-271.000,243.000,307.000,0.000,0.000,1
2026-01-31 17:47:16,7561577,4303.000,2955.000,8043.000,829.000,164.000,-199.000,0.000,0.000,1
2026-01-31 17:47:16,7561616,4001.000,2550.000,7668.000,-79.000,349.000,-185.000,0.000,0.000,1
2026-01-31 17:47:16,7561654,3695.000,1162.000,6858.000,-1169.000,385.000,-61.000,0.000,0.000,1
2026-01-31 17:47:16,7561694,3905.000,989.000,6865.000,-694.000,-80.000,-116.000,0.000,0.000,1
2026-01-31 17:47:17,7561734,4279.000,1372.000,7132.000,63.000,-239.000,-160.000,0.000,0.000,1
2026-01-31 17:47:17,7561774,4395.000,1505.000,6847.000,283.000,-48.000,-56.000,0.000,0.000,1
2026-01-31 17:47:17,7561814,4085.000,2096.000,7163.000,-205.000,123.000,59.000,0.000,0.000,1
2026-01-31 17:47:17,7561854,3996.000,625.000,6877.000,-836.000,257.000,23.000,0.000,0.000,1
2026-01-31 17:47:17,7561894,4119.000,983.000,6984.000,347.000,144.000,57.000,0.000,0.000,1
2026-01-31 17:47:17,7561934,4090.000,1497.000,7175.000,681.000,38.000,101.000,0.000,0.000,1
2026-01-31 17:47:17,7561974,4084.000,1303.000,7175.000,596.000,17.000,145.000,0.000,0.000,1
2026-01-31 17:47:17,7562014,3989.000,1718.000,7315.000,642.000,79.000,235.000,0.000,0.000,1
2026-01-31 17:47:17,7562054,3985.000,1715.000,7308.000,92.000,115.000,267.000,0.000,0.000,1
2026-01-31 17:47:17,7562094,3921.000,1548.000,7265.000,22.000,143.000,310.000,0.000,0.000,1
2026-01-31 17:47:17,7562134,3864.000,1466.000,7264.000,-67.000,82.000,265.000,0.000,0.000,1
2026-01-31 17:47:17,7562174,3809.000,1425.000,7221.000,-67.000,34.000,166.000,0.000,0.000,1
2026-01-31 17:47:17,7562214,3856.000,1450.000,7209.000,-3.000,-3.000,10.000,0.000,0.000,1
2026-01-31 17:47:17,7562254,3909.000,1493.000,7219.000,67.000,-27.000,-45.000,0.000,0.000,1
2026-01-31 17:47:17,7562294,3972.000,1496.000,7212.000,23.000,-68.000,-78.000,0.000,0.000,1
2026-01-31 17:47:17,7562334,4051.000,1523.000,7181.000,27.000,-69.000,-88.000,0.000,0.000,1
2026-01-31 17:47:17,7562374,4052.000,1438.000,7114.000,-39.000,-20.000,-45.000,0.000,0.000,1
2026-01-31 17:47:17,7562414,4040.000,1424.000,7153.000,4.000,5.000,19.000,0.000,0.000,1
2026-01-31 17:47:17,7562454,4040.000,1485.000,7196.000,-1.000,21.000,45.000,0.000,0.000,1
2026-01-31 17:47:17,7562494,4004.000,1458.000,7186.000,12.000,17.000,59.000,0.000,0.000,1
2026-01-31 17:47:17,7562534,4011.000,1539.000,7181.000,55.000,-22.000,27.000,0.000,0.000,1
2026-01-31 17:47:17,7562574,3993.000,1537.000,7124.000,34.000,-5.000,20.000,0.000,0.000,1
2026-01-31 17:47:17,7562614,3952.000,1536.000,7181.000,39.000,32.000,22.000,0.000,0.000,1
2026-01-31 17:47:17,7562654,3952.000,1426.000,7217.000,-29.000,33.000,35.000,0.000,0.000,1
2026-01-31 17:47:17,7562694,3944.000,1490.000,7206.000,8.000,30.000,29.000,0.000,0.000,1
2026-01-31 17:47:18,7562734,3954.000,1398.000,7182.000,17.000,-3.000,31.000,0.000,0.000,1
2026-01-31 17:47:18,7562774,3985.000,1539.000,7237.000,77.000,-33.000,4.000,0.000,0.000,1
2026-01-31 17:47:18,7562814,3978.000,1515.000,7172.000,30.000,-5.000,2.000,0.000,0.000,1
2026-01-31 17:47:18,7562854,3958.000,1498.000,7142.000,46.000,-9.000,-5.000,0.000,0.000,1
2026-01-31 17:47:18,7562894,3989.000,1550.000,7170.000,66.000,-15.000,-3.000,0.000,0.000,1
2026-01-31 17:47:18,7562934,3997.000,1506.000,7190.000,25.000,-2.000,5.000,0.000,0.000,1
2026-01-31 17:47:18,7562974,4014.000,1494.000,7147.000,-3.000,3.000,23.000,0.000,0.000,1
2026-01-31 17:47:18,7563014,4003.000,1528.000,7164.000,0.000,14.000,23.000,0.000,0.000,1
2026-01-31 17:47:18,7563054,3975.000,1488.000,7171.000,26.000,19.000,27.000,0.000,0.000,1
2026-01-31 17:47:18,7563094,3977.000,1552.000,7223.000,51.000,16.000,29.000,0.000,0.000,1
2026-01-31 17:47:18,7563134,3942.000,1496.000,7193.000,24.000,4.000,15.000,0.000,0.000,1
2026-01-31 17:47:18,7563174,3963.000,1548.000,7176.000,32.000,-17.000,7.000,0.000,0.000,1
2026-01-31 17:47:18,7563214,3977.000,1527.000,7146.000,22.000,-25.000,-9.000,0.000,0.000,1
2026-01-31 17:47:18,7563254,4004.000,1576.000,7148.000,46.000,-6.000,-3.000,0.000,0.000,1
2026-01-31 17:47:18,7563294,4003.000,1531.000,7152.000,-18.000,31.000,23.000,0.000,0.000,1
2026-01-31 17:47:18,7563334,3968.000,1491.000,7221.000,14.000,28.000,40.000,0.000,0.000,1
2026-01-31 17:47:18,7563377,3963.000,1494.000,7157.000,3.000,4.000,22.000,0.000,0.000,1
2026-01-31 17:47:18,7563417,3968.000,1519.000,7190.000,14.000,-10.000,7.000,0.000,0.000,1
2026-01-31 17:47:18,7563454,3986.000,1492.000,7159.000,14.000,-10.000,1.000,0.000,0.000,1
2026-01-31 17:47:18,7563494,3987.000,1537.000,7162.000,56.000,-7.000,-9.000,0.000,0.000,1
2026-01-31 17:47:18,7563534,3985.000,1597.000,7166.000,51.000,0.000,-12.000,0.000,0.000,1
2026-01-31 17:47:18,7563574,3976.000,1534.000,7168.000,24.000,11.000,10.000,0.000,0.000,1
2026-01-31 17:47:18,7563614,3973.000,1533.000,7180.000,0.000,7.000,17.000,0.000,0.000,1
2026-01-31 17:47:18,7563654,3985.000,1575.000,7200.000,20.000,4.000,28.000,0.000,0.000,1
2026-01-31 17:47:18,7563694,3953.000,1518.000,7187.000,-30.000,14.000,27.000,0.000,0.000,1
2026-01-31 17:47:19,7563734,3957.000,1575.000,7194.000,18.000,-3.000,20.000,0.000,0.000,1
2026-01-31 17:47:19,7563774,3951.000,1530.000,7142.000,10.000,-23.000,2.000,0.000,0.000,1
2026-01-31 17:47:19,7563814,4010.000,1591.000,7171.000,34.000,-28.000,-11.000,0.000,0.000,1
2026-01-31 17:47:19,7563854,3994.000,1527.000,7139.000,-19.000,2.000,12.000,0.000,0.000,1
2026-01-31 17:47:19,7563894,3986.000,1516.000,7179.000,12.000,9.000,20.000,0.000,0.000,1
2026-01-31 17:47:19,7563934,3959.000,1536.000,7201.000,9.000,10.000,29.000,0.000,0.000,1
2026-01-31 17:47:19,7563974,3958.000,1553.000,7171.000,7.000,-1.000,25.000,0.000,0.000,1
2026-01-31 17:47:19,7564014,3974.000,1579.000,7135.000,17.000,-16.000,2.000,0.000,0.000,1
2026-01-31 17:47:19,7564054,3956.000,1625.000,7164.000,39.000,-40.000,-7.000,0.000,0.000,1
2026-01-31 17:47:19,7564094,3928.000,1623.000,7179.000,11.000,-8.000,-2.000,0.000,0.000,1
2026-01-31 17:47:19,7564134,4010.000,1532.000,7160.000,-14.000,-1.000,2.000,0.000,0.000,1
2026-01-31 17:47:19,7564174,3977.000,1508.000,7185.000,-11.000,6.000,18.000,0.000,0.000,1
2026-01-31 17:47:19,7564214,3948.000,1512.000,7178.000,4.000,6.000,24.000,0.000,0.000,1
2026-01-31 17:47:19,7564254,3951.000,1546.000,7173.000,35.000,-6.000,11.000,0.000,0.000,1
2026-01-31 17:47:19,7564294,3953.000,1597.000,7172.000,50.000,-6.000,9.000,0.000,0.000,1
2026-01-31 17:47:19,7564334,3972.000,1580.000,7172.000,28.000,-17.000,0.000,0.000,0.000,1
2026-01-31 17:47:19,7564374,4001.000,1585.000,7129.000,13.000,-19.000,-11.000,0.000,0.000,1
2026-01-31 17:47:19,7564414,4032.000,1562.000,7146.000,19.000,-11.000,-13.000,0.000,0.000,1
2026-01-31 17:47:19,7564454,4042.000,1568.000,7175.000,-9.000,15.000,5.000,0.000,0.000,1
2026-01-31 17:47:19,7564494,3985.000,1542.000,7169.000,-21.000,18.000,31.000,0.000,0.000,1
2026-01-31 17:47:19,7564534,3973.000,1578.000,7153.000,-3.000,9.000,28.000,0.000,0.000,1
2026-01-31 17:47:19,7564574,3957.000,1551.000,7148.000,14.000,5.000,28.000,0.000,0.000,1
2026-01-31 17:47:19,7564614,3929.000,1620.000,7201.000,33.000,10.000,19.000,0.000,0.000,1
2026-01-31 17:47:19,7564654,3905.000,1598.000,7189.000,5.000,10.000,21.000,0.000,0.000,1
2026-01-31 17:47:19,7564694,3936.000,1569.000,7187.000,-7.000,-7.000,9.000,0.000,0.000,1
2026-01-31 17:47:20,7564734,3946.000,1551.000,7163.000,-7.000,-14.000,6.000,0.000,0.000,1
2026-01-31 17:47:20,7564774,3992.000,1568.000,7179.000,3.000,-29.000,-2.000,0.000,0.000,1
2026-01-31 17:47:20,7564814,4004.000,1560.000,7110.000,-2.000,-13.000,3.000,0.000,0.000,1
2026-01-31 17:47:20,7564854,4000.000,1638.000,7151.000,42.000,5.000,17.000,0.000,0.000,1
2026-01-31 17:47:20,7564894,3972.000,1570.000,7174.000,-23.000,13.000,34.000,0.000,0.000,1
2026-01-31 17:47:20,7564934,3985.000,1557.000,7141.000,-25.000,0.000,22.000,0.000,0.000,1
2026-01-31 17:47:20,7564974,3973.000,1523.000,7159.000,-29.000,-14.000,19.000,0.000,0.000,1
2026-01-31 17:47:20,7565014,3983.000,1564.000,7147.000,-4.000,-20.000,6.000,0.000,0.000,1
2026-01-31 17:47:20,7565054,3989.000,1579.000,7146.000,9.000,-11.000,11.000,0.000,0.000,1
2026-01-31 17:47:20,7565094,3984.000,1581.000,7207.000,6.000,-15.000,20.000,0.000,0.000,1
2026-01-31 17:47:20,7565134,3960.000,1577.000,7226.000,-36.000,-24.000,35.000,0.000,0.000,1
2026-01-31 17:47:20,7565174,3957.000,1509.000,7178.000,-69.000,-47.000,37.000,0.000,0.000,1
2026-01-31 17:47:20,7565214,3974.000,1523.000,7147.000,-44.000,-70.000,13.000,0.000,0.000,1
2026-01-31 17:47:20,7565254,4034.000,1617.000,7203.000,24.000,-67.000,4.000,0.000,0.000,1
2026-01-31 17:47:20,7565294,3984.000,1579.000,7173.000,-13.000,-39.000,12.000,0.000,0.000,1
2026-01-31 17:47:20,7565334,3961.000,1557.000,7171.000,-21.000,-60.000,33.000,0.000,0.000,1
2026-01-31 17:47:20,7565377,3982.000,1560.000,7171.000,-17.000,-76.000,35.000,0.000,0.000,1
2026-01-31 17:47:20,7565417,4003.000,1531.000,7170.000,-74.000,-67.000,40.000,0.000,0.000,1
2026-01-31 17:47:20,7565454,3983.000,1491.000,7143.000,-89.000,-58.000,45.000,0.000,0.000,1
2026-01-31 17:47:20,7565494,3997.000,1504.000,7143.000,-48.000,-89.000,27.000,0.000,0.000,1
2026-01-31 17:47:20,7565534,4015.000,1564.000,7116.000,-25.000,-103.000,6.000,0.000,0.000,1
2026-01-31 17:47:20,7565577,4109.000,1552.000,7078.000,8.000,-106.000,-18.000,0.000,0.000,1
2026-01-31 17:47:20,7565614,4115.000,1576.000,7075.000,31.000,-86.000,-21.000,0.000,0.000,1
2026-01-31 17:47:20,7565654,4120.000,1526.000,7145.000,-44.000,-18.000,37.000,0.000,0.000,1
2026-01-31 17:47:20,7565694,4043.000,1489.000,7181.000,-102.000,1.000,84.000,0.000,0.000,1
2026-01-31 17:47:21,7565734,4002.000,1520.000,7159.000,-82.000,-35.000,84.000,0.000,0.000,1
2026-01-31 17:47:21,7565774,4039.000,1504.000,7084.000,-71.000,-71.000,44.000,0.000,0.000,1
2026-01-31 17:47:21,7565814,4098.000,1498.000,7084.000,-47.000,-63.000,17.000,0.000,0.000,1
2026-01-31 17:47:21,7565854,4105.000,1468.000,7089.000,-33.000,-32.000,16.000,0.000,0.000,1
2026-01-31 17:47:21,7565894,4072.000,1455.000,7101.000,-8.000,-10.000,14.000,0.000,0.000,1
2026-01-31 17:47:21,7565934,4068.000,1514.000,7129.000,20.000,-6.000,12.000,0.000,0.000,1
2026-01-31 17:47:21,7565974,4090.000,1514.000,7118.000,13.000,-4.000,8.000,0.000,0.000,1
2026-01-31 17:47:21,7566014,4102.000,1518.000,7094.000,10.000,-4.000,12.000,0.000,0.000,1
2026-01-31 17:47:21,7566054,4083.000,1527.000,7071.000,18.000,19.000,9.000,0.000,0.000,1
2026-01-31 17:47:21,7566094,4065.000,1506.000,7112.000,16.000,46.000,19.000,0.000,0.000,1
2026-01-31 17:47:21,7566134,4040.000,1503.000,7149.000,34.000,54.000,24.000,0.000,0.000,1
2026-01-31 17:47:21,7566174,4028.000,1491.000,7172.000,14.000,28.000,21.000,0.000,0.000,1
2026-01-31 17:47:21,7566214,4027.000,1525.000,7149.000,11.000,3.000,15.000,0.000,0.000,1
2026-01-31 17:47:21,7566254,4060.000,1498.000,7116.000,5.000,-9.000,6.000,0.000,0.000,1
2026-01-31 17:47:21,7566294,4072.000,1520.000,7117.000,17.000,0.000,7.000,0.000,0.000,1
2026-01-31 17:47:21,7566334,4055.000,1531.000,7134.000,18.000,11.000,10.000,0.000,0.000,1
2026-01-31 17:47:21,7566374,4057.000,1516.000,7139.000,23.000,12.000,11.000,0.000,0.000,1
2026-01-31 17:47:21,7566414,4088.000,1529.000,7133.000,28.000,-3.000,1.000,0.000,0.000,1
2026-01-31 17:47:21,7566454,4084.000,1525.000,7109.000,-8.000,8.000,22.000,0.000,0.000,1
2026-01-31 17:47:21,7566494,4061.000,1494.000,7156.000,-31.000,25.000,48.000,0.000,0.000,1
2026-01-31 17:47:21,7566534,4031.000,1505.000,7152.000,-26.000,35.000,46.000,0.000,0.000,1
2026-01-31 17:47:21,7566574,4047.000,1488.000,7118.000,-33.000,14.000,32.000,0.000,0.000,1
2026-01-31 17:47:21,7566614,4046.000,1494.000,7129.000,-2.000,-12.000,14.000,0.000,0.000,1
2026-01-31 17:47:21,7566654,4068.000,1532.000,7104.000,44.000,-30.000,-16.000,0.000,0.000,1
2026-01-31 17:47:21,7566694,4085.000,1551.000,7072.000,34.000,-13.000,-16.000,0.000,0.000,1
2026-01-31 17:47:22,7566734,4099.000,1531.000,7102.000,50.000,5.000,-2.000,0.000,0.000,1
2026-01-31 17:47:22,7566774,4069.000,1543.000,7185.000,21.000,34.000,24.000,0.000,0.000,1
2026-01-31 17:47:22,7566814,4011.000,1499.000,7186.000,-37.000,23.000,45.000,0.000,0.000,1
2026-01-31 17:47:22,7566854,4021.000,1500.000,7146.000,-28.000,-5.000,27.000,0.000,0.000,1
2026-01-31 17:47:22,7566894,4049.000,1558.000,7073.000,8.000,-40.000,-11.000,0.000,0.000,1
2026-01-31 17:47:22,7566934,4103.000,1701.000,7013.000,81.000,-71.000,-49.000,0.000,0.000,1
2026-01-31 17:47:22,7566974,4149.000,1683.000,7001.000,70.000,-37.000,-44.000,0.000,0.000,1
2026-01-31 17:47:22,7567014,4125.000,1624.000,7083.000,17.000,43.000,11.000,0.000,0.000,1
2026-01-31 17:47:22,7567054,4058.000,1510.000,7178.000,-31.000,85.000,69.000,0.000,0.000,1
2026-01-31 17:47:22,7567094,3987.000,1580.000,7204.000,-37.000,40.000,65.000,0.000,0.000,1
2026-01-31 17:47:22,7567134,3995.000,1555.000,7105.000,-48.000,-44.000,31.000,0.000,0.000,1
2026-01-31 17:47:22,7567174,4101.000,1576.000,7026.000,7.000,-69.000,-20.000,0.000,0.000,1
2026-01-31 17:47:22,7567214,4111.000,1515.000,7064.000,55.000,6.000,-16.000,0.000,0.000,1
2026-01-31 17:47:22,7567254,4084.000,1624.000,7125.000,29.000,37.000,7.000,0.000,0.000,1
2026-01-31 17:47:22,7567294,4060.000,1608.000,7153.000,8.000,19.000,29.000,0.000,0.000,1
2026-01-31 17:47:22,7567334,4068.000,1510.000,7114.000,-70.000,-15.000,38.000,0.000,0.000,1
2026-01-31 17:47:22,7567374,4096.000,1582.000,7059.000,-28.000,-4.000,30.000,0.000,0.000,1
2026-01-31 17:47:22,7567414,4083.000,1548.000,7101.000,-7.000,19.000,31.000,0.000,0.000,1
2026-01-31 17:47:22,7567454,4009.000,1525.000,7093.000,-2.000,13.000,17.000,0.000,0.000,1
2026-01-31 17:47:22,7567494,4049.000,1608.000,7119.000,61.000,-9.000,-8.000,0.000,0.000,1
2026-01-31 17:47:22,7567534,4045.000,1550.000,7107.000,14.000,-1.000,-7.000,0.000,0.000,1
2026-01-31 17:47:22,7567577,4042.000,1546.000,7107.000,-38.000,-3.000,24.000,0.000,0.000,1
2026-01-31 17:47:22,7567614,4044.000,1601.000,7077.000,-14.000,-19.000,20.000,0.000,0.000,1
2026-01-31 17:47:22,7567654,4073.000,1602.000,7104.000,-18.000,-4.000,25.000,0.000,0.000,1
2026-01-31 17:47:22,7567694,4042.000,1495.000,7123.000,-33.000,27.000,44.000,0.000,0.000,1
2026-01-31 17:47:23,7567734,4005.000,1472.000,7198.000,-36.000,42.000,57.000,0.000,0.000,1
2026-01-31 17:47:23,7567774,3973.000,1476.000,7172.000,-30.000,15.000,42.000,0.000,0.000,1
2026-01-31 17:47:23,7567814,4009.000,1469.000,7165.000,-8.000,-30.000,7.000,0.000,0.000,1
2026-01-31 17:47:23,7567854,4033.000,1489.000,7140.000,12.000,-25.000,-13.000,0.000,0.000,1
2026-01-31 17:47:23,7567894,4042.000,1492.000,7145.000,39.000,-4.000,-3.000,0.000,0.000,1
2026-01-31 17:47:23,7567934,4062.000,1518.000,7170.000,43.000,8.000,5.000,0.000,0.000,1
2026-01-31 17:47:23,7567974,4054.000,1477.000,7174.000,-12.000,9.000,23.000,0.000,0.000,1
2026-01-31 17:47:23,7568014,4039.000,1442.000,7181.000,-28.000,9.000,30.000,0.000,0.000,1
2026-01-31 17:47:23,7568054,4030.000,1486.000,7164.000,11.000,-12.000,12.000,0.000,0.000,1
2026-01-31 17:47:23,7568094,4048.000,1509.000,7105.000,-3.000,-24.000,-6.000,0.000,0.000,1
2026-01-31 17:47:23,7568134,4009.000,1524.000,7132.000,10.000,14.000,11.000,0.000,0.000,1
2026-01-31 17:47:23,7568174,3994.000,1450.000,7207.000,1.000,44.000,38.000,0.000,0.000,1
2026-01-31 17:47:23,7568214,4002.000,1501.000,7208.000,-9.000,46.000,30.000,0.000,0.000,1
2026-01-31 17:47:23,7568254,4007.000,1441.000,7188.000,-14.000,11.000,16.000,0.000,0.000,1
2026-01-31 17:47:23,7568294,4014.000,1487.000,7125.000,15.000,-49.000,-12.000,0.000,0.000,1
2026-01-31 17:47:23,7568334,4079.000,1562.000,7094.000,57.000,-9.000,-19.000,0.000,0.000,1
2026-01-31 17:47:23,7568374,4012.000,1552.000,7178.000,23.000,69.000,25.000,0.000,0.000,1
2026-01-31 17:47:23,7568414,3957.000,1470.000,7214.000,-2.000,71.000,46.000,0.000,0.000,1
2026-01-31 17:47:23,7568454,3956.000,1471.000,7227.000,-42.000,14.000,40.000,0.000,0.000,1
2026-01-31 17:47:23,7568494,3946.000,1484.000,7147.000,-36.000,-15.000,19.000,0.000,0.000,1
2026-01-31 17:47:23,7568534,3993.000,1510.000,7091.000,15.000,-33.000,-4.000,0.000,0.000,1
2026-01-31 17:47:23,7568574,4001.000,1502.000,7143.000,15.000,6.000,3.000,0.000,0.000,1
2026-01-31 17:47:23,7568614,3975.000,1463.000,7207.000,19.000,49.000,21.000,0.000,0.000,1
2026-01-31 17:47:23,7568654,3961.000,1438.000,7261.000,8.000,34.000,26.000,0.000,0.000,1
2026-01-31 17:47:23,7568694,3954.000,1497.000,7177.000,2.000,-14.000,16.000,0.000,0.000,1
2026-01-31 17:47:24,7568734,4009.000,1550.000,7105.000,18.000,-62.000,-14.000,0.000,0.000,1
2026-01-31 17:47:24,7568774,4059.000,1584.000,7105.000,47.000,-24.000,-13.000,0.000,0.000,1
2026-01-31 17:47:24,7568814,4038.000,1562.000,7150.000,42.000,26.000,0.000,0.000,0.000,1
2026-01-31 17:47:24,7568854,4009.000,1569.000,7215.000,6.000,32.000,26.000,0.000,0.000,1
2026-01-31 17:47:24,7568894,3975.000,1473.000,7209.000,-41.000,13.000,39.000,0.000,0.000,1
2026-01-31 17:47:24,7568934,3973.000,1430.000,7183.000,-65.000,8.000,46.000,0.000,0.000,1
2026-01-31 17:47:24,7568974,3960.000,1377.000,7165.000,-54.000,6.000,52.000,0.000,0.000,1
2026-01-31 17:47:24,7569014,3978.000,1471.000,7140.000,2.000,0.000,28.000,0.000,0.000,1
2026-01-31 17:47:24,7569054,3976.000,1522.000,7152.000,38.000,-12.000,4.000,0.000,0.000,1
2026-01-31 17:47:24,7569094,4017.000,1467.000,7170.000,11.000,3.000,-3.000,0.000,0.000,1
2026-01-31 17:47:24,7569134,4012.000,1411.000,7223.000,-27.000,51.000,30.000,0.000,0.000,1
2026-01-31 17:47:24,7569174,3960.000,1323.000,7316.000,-64.000,55.000,61.000,0.000,0.000,1
2026-01-31 17:47:24,7569214,3899.000,1355.000,7265.000,-60.000,29.000,64.000,0.000,0.000,1
2026-01-31 17:47:24,7569254,3918.000,1446.000,7170.000,18.000,-33.000,23.000,0.000,0.000,1
2026-01-31 17:47:24,7569294,3973.000,1411.000,7193.000,51.000,-24.000,-7.000,0.000,0.000,1
2026-01-31 17:47:24,7569334,4005.000,1359.000,7276.000,72.000,24.000,-6.000,0.000,0.000,1
2026-01-31 17:47:24,7569377,3965.000,1407.000,7287.000,8.000,15.000,4.000,0.000,0.000,1
2026-01-31 17:47:24,7569414,3951.000,1462.000,7291.000,14.000,5.000,12.000,0.000,0.000,1
2026-01-31 17:47:24,7569454,3951.000,1445.000,7140.000,-34.000,-12.000,16.000,0.000,0.000,1
2026-01-31 17:47:24,7569494,3978.000,1403.000,7189.000,-11.000,35.000,37.000,0.000,0.000,1
2026-01-31 17:47:24,7569534,3942.000,1435.000,7188.000,27.000,36.000,44.000,0.000,0.000,1
2026-01-31 17:47:24,7569577,3882.000,1470.000,7224.000,4.000,24.000,25.000,0.000,0.000,1
2026-01-31 17:47:24,7569614,3910.000,1416.000,7223.000,12.000,-4.000,12.000,0.000,0.000,1
2026-01-31 17:47:24,7569654,3919.000,1495.000,7198.000,20.000,-4.000,1.000,0.000,0.000,1
2026-01-31 17:47:24,7569694,3933.000,1397.000,7188.000,10.000,-3.000,2.000,0.000,0.000,1
2026-01-31 17:47:25,7569734,3956.000,1527.000,7192.000,50.000,1.000,11.000,0.000,0.000,1
2026-01-31 17:47:25,7569774,3927.000,1491.000,7203.000,4.000,25.000,27.000,0.000,0.000,1
2026-01-31 17:47:25,7569814,3904.000,1448.000,7190.000,-17.000,11.000,27.000,0.000,0.000,1
2026-01-31 17:47:25,7569854,3966.000,1496.000,7258.000,32.000,9.000,6.000,0.000,0.000,1
2026-01-31 17:47:25,7569894,3935.000,1529.000,7144.000,-23.000,25.000,24.000,0.000,0.000,1
2026-01-31 17:47:25,7569934,3885.000,1568.000,7201.000,60.000,27.000,27.000,0.000,0.000,1
2026-01-31 17:47:25,7569974,3937.000,1458.000,7281.000,-23.000,13.000,31.000,0.000,0.000,1
2026-01-31 17:47:25,7570014,3961.000,1448.000,7209.000,-50.000,6.000,35.000,0.000,0.000,1
2026-01-31 17:47:25,7570054,3945.000,1486.000,7171.000,-8.000,-1.000,37.000,0.000,0.000,1
2026-01-31 17:47:25,7570094,3949.000,1490.000,7188.000,9.000,-10.000,33.000,0.000,0.000,1
2026-01-31 17:47:25,7570134,3959.000,1510.000,7163.000,19.000,-6.000,27.000,0.000,0.000,1
2026-01-31 17:47:25,7570174,3963.000,1503.000,7158.000,66.000,9.000,23.000,0.000,0.000,1
2026-01-31 17:47:25,7570214,3971.000,1463.000,7268.000,52.000,10.000,17.000,0.000,0.000,1
2026-01-31 17:47:25,7570254,3933.000,1471.000,7261.000,9.000,20.000,20.000,0.000,0.000,1
2026-01-31 17:47:25,7570294,3950.000,1489.000,7243.000,16.000,2.000,16.000,0.000,0.000,1
2026-01-31 17:47:25,7570334,3969.000,1490.000,7218.000,38.000,3.000,12.000,0.000,0.000,1
2026-01-31 17:47:25,7570374,4017.000,1520.000,7216.000,56.000,20.000,12.000,0.000,0.000,1
2026-01-31 17:47:25,7570414,3991.000,1494.000,7224.000,26.000,36.000,26.000,0.000,0.000,1
2026-01-31 17:47:25,7570454,3943.000,1487.000,7224.000,31.000,46.000,43.000,0.000,0.000,1
2026-01-31 17:47:25,7570494,3942.000,1501.000,7238.000,24.000,41.000,44.000,0.000,0.000,1
2026-01-31 17:47:25,7570534,3924.000,1543.000,7245.000,15.000,38.000,39.000,0.000,0.000,1
2026-01-31 17:47:25,7570574,3926.000,1414.000,7230.000,-23.000,15.000,39.000,0.000,0.000,1
2026-01-31 17:47:25,7570614,3871.000,1389.000,7237.000,-14.000,28.000,39.000,0.000,0.000,1
2026-01-31 17:47:25,7570654,3849.000,1400.000,7238.000,-13.000,30.000,48.000,0.000,0.000,1
2026-01-31 17:47:25,7570694,3867.000,1434.000,7243.000,29.000,19.000,36.000,0.000,0.000,1
2026-01-31 17:47:26,7570734,3867.000,1447.000,7212.000,39.000,6.000,21.000,0.000,0.000,1
2026-01-31 17:47:26,7570774,3889.000,1476.000,7231.000,49.000,-2.000,19.000,0.000,0.000,1
2026-01-31 17:47:26,7570814,3889.000,1465.000,7220.000,37.000,24.000,32.000,0.000,0.000,1
2026-01-31 17:47:26,7570854,3852.000,1445.000,7254.000,21.000,21.000,47.000,0.000,0.000,1
2026-01-31 17:47:26,7570894,3841.000,1513.000,7324.000,18.000,5.000,59.000,0.000,0.000,1
2026-01-31 17:47:26,7570934,3878.000,1446.000,7266.000,-22.000,-8.000,44.000,0.000,0.000,1
2026-01-31 17:47:26,7570974,3873.000,1455.000,7249.000,-7.000,-5.000,41.000,0.000,0.000,1
2026-01-31 17:47:26,7571014,3836.000,1387.000,7266.000,-22.000,-6.000,44.000,0.000,0.000,1
2026-01-31 17:47:26,7571054,3863.000,1396.000,7268.000,-18.000,-8.000,45.000,0.000,0.000,1
2026-01-31 17:47:26,7571094,3871.000,1372.000,7283.000,-5.000,-19.000,51.000,0.000,0.000,1
2026-01-31 17:47:26,7571134,3849.000,1421.000,7283.000,-12.000,-35.000,56.000,0.000,0.000,1
2026-01-31 17:47:26,7571174,3878.000,1424.000,7270.000,-1.000,-55.000,51.000,0.000,0.000,1
2026-01-31 17:47:26,7571214,3916.000,1366.000,7244.000,-24.000,-49.000,42.000,0.000,0.000,1
2026-01-31 17:47:26,7571254,3901.000,1434.000,7267.000,24.000,-31.000,47.000,0.000,0.000,1
2026-01-31 17:47:26,7571294,3911.000,1374.000,7299.000,-23.000,-29.000,53.000,0.000,0.000,1
2026-01-31 17:47:26,7571334,3900.000,1339.000,7309.000,-54.000,-20.000,62.000,0.000,0.000,1
2026-01-31 17:47:26,7571377,3892.000,1284.000,7274.000,-47.000,-45.000,70.000,0.000,0.000,1
2026-01-31 17:47:26,7571417,3916.000,1309.000,7285.000,-22.000,-40.000,61.000,0.000,0.000,1
2026-01-31 17:47:26,7571454,3918.000,1294.000,7273.000,-19.000,-36.000,53.000,0.000,0.000,1
2026-01-31 17:47:26,7571494,3927.000,1321.000,7290.000,16.000,-35.000,47.000,0.000,0.000,1
2026-01-31 17:47:26,7571534,3898.000,1299.000,7321.000,-21.000,-11.000,69.000,0.000,0.000,1
2026-01-31 17:47:26,7571577,3860.000,1234.000,7311.000,-61.000,-7.000,88.000,0.000,0.000,1
2026-01-31 17:47:26,7571614,3848.000,1221.000,7302.000,-42.000,-15.000,84.000,0.000,0.000,1
2026-01-31 17:47:26,7571654,3875.000,1246.000,7300.000,-28.000,-36.000,71.000,0.000,0.000,1
2026-01-31 17:47:26,7571694,3894.000,1272.000,7308.000,-29.000,-49.000,75.000,0.000,0.000,1
2026-01-31 17:47:27,7571734,3870.000,1257.000,7293.000,-53.000,-36.000,85.000,0.000,0.000,1
2026-01-31 17:47:27,7571774,3887.000,1213.000,7282.000,-46.000,-15.000,87.000,0.000,0.000,1
2026-01-31 17:47:27,7571814,3866.000,1226.000,7292.000,-64.000,-2.000,97.000,0.000,0.000,1
2026-01-31 17:47:27,7571854,3835.000,1185.000,7296.000,-52.000,-18.000,97.000,0.000,0.000,1
2026-01-31 17:47:27,7571894,3834.000,1176.000,7272.000,-21.000,-35.000,78.000,0.000,0.000,1
2026-01-31 17:47:27,7571934,3884.000,1231.000,7290.000,36.000,-35.000,61.000,0.000,0.000,1
2026-01-31 17:47:27,7571974,3881.000,1235.000,7310.000,19.000,-10.000,62.000,0.000,0.000,1
2026-01-31 17:47:27,7572014,3869.000,1219.000,7333.000,15.000,-23.000,64.000,0.000,0.000,1
2026-01-31 17:47:27,7572054,3894.000,1274.000,7302.000,0.000,-35.000,52.000,0.000,0.000,1
2026-01-31 17:47:27,7572094,3945.000,1218.000,7251.000,-3.000,-47.000,40.000,0.000,0.000,1
2026-01-31 17:47:27,7572134,4009.000,1199.000,7245.000,-8.000,-31.000,47.000,0.000,0.000,1
2026-01-31 17:47:27,7572174,4007.000,1259.000,7263.000,35.000,17.000,57.000,0.000,0.000,1
2026-01-31 17:47:27,7572214,3985.000,1198.000,7240.000,46.000,39.000,63.000,0.000,0.000,1
2026-01-31 17:47:27,7572254,3994.000,1244.000,7285.000,65.000,39.000,50.000,0.000,0.000,1
2026-01-31 17:47:27,7572294,3981.000,1262.000,7277.000,97.000,45.000,49.000,0.000,0.000,1
2026-01-31 17:47:27,7572334,3976.000,1226.000,7287.000,68.000,38.000,48.000,0.000,0.000,1
2026-01-31 17:47:27,7572374,3956.000,1272.000,7268.000,39.000,41.000,62.000,0.000,0.000,1
2026-01-31 17:47:27,7572414,3953.000,1225.000,7258.000,29.000,45.000,81.000,0.000,0.000,1
2026-01-31 17:47:27,7572454,3920.000,1185.000,7237.000,-18.000,66.000,88.000,0.000,0.000,1
2026-01-31 17:47:27,7572494,3875.000,1172.000,7261.000,4.000,66.000,120.000,0.000,0.000,1
2026-01-31 17:47:27,7572534,3783.000,1157.000,7337.000,4.000,82.000,143.000,0.000,0.000,1
2026-01-31 17:47:27,7572574,3766.000,1152.000,7351.000,35.000,45.000,103.000,0.000,0.000,1
2026-01-31 17:47:27,7572614,3825.000,1220.000,7354.000,80.000,10.000,50.000,0.000,0.000,1
2026-01-31 17:47:27,7572654,3878.000,1240.000,7331.000,104.000,-29.000,-1.000,0.000,0.000,1
2026-01-31 17:47:27,7572694,3930.000,1284.000,7282.000,138.000,-57.000,-43.000,0.000,0.000,1
2026-01-31 17:47:28,7572734,4058.000,1343.000,7280.000,157.000,-38.000,-43.000,0.000,0.000,1
2026-01-31 17:47:28,7572774,4094.000,1317.000,7306.000,114.000,23.000,3.000,0.000,0.000,1
2026-01-31 17:47:28,7572814,4041.000,1298.000,7354.000,67.000,46.000,76.000,0.000,0.000,1
2026-01-31 17:47:28,7572854,3952.000,1333.000,7333.000,27.000,27.000,119.000,0.000,0.000,1
2026-01-31 17:47:28,7572894,3944.000,1313.000,7220.000,-15.000,12.000,121.000,0.000,0.000,1
2026-01-31 17:47:28,7572934,3932.000,1277.000,7250.000,29.000,45.000,99.000,0.000,0.000,1
2026-01-31 17:47:28,7572974,3860.000,1259.000,7223.000,21.000,58.000,74.000,0.000,0.000,1
2026-01-31 17:47:28,7573014,3885.000,1289.000,7225.000,57.000,32.000,46.000,0.000,0.000,1
2026-01-31 17:47:28,7573054,3919.000,1229.000,7175.000,16.000,31.000,47.000,0.000,0.000,1
2026-01-31 17:47:28,7573094,3904.000,1273.000,7180.000,39.000,46.000,77.000,0.000,0.000,1
2026-01-31 17:47:28,7573134,3820.000,1188.000,7165.000,-22.000,77.000,143.000,0.000,0.000,1
2026-01-31 17:47:28,7573174,3766.000,1178.000,7210.000,-3.000,79.000,177.000,0.000,0.000,1
2026-01-31 17:47:28,7573214,3749.000,1166.000,7328.000,34.000,79.000,172.000,0.000,0.000,1
2026-01-31 17:47:28,7573254,3767.000,1215.000,7387.000,87.000,50.000,120.000,0.000,0.000,1
2026-01-31 17:47:28,7573294,3875.000,1382.000,7392.000,180.000,-51.000,6.000,0.000,0.000,1
2026-01-31 17:47:28,7573334,3970.000,1407.000,7366.000,148.000,-44.000,-23.000,0.000,0.000,1
2026-01-31 17:47:28,7573374,4038.000,1436.000,7420.000,111.000,7.000,0.000,0.000,0.000,1
2026-01-31 17:47:28,7573414,4010.000,1232.000,7458.000,-15.000,84.000,90.000,0.000,0.000,1
2026-01-31 17:47:28,7573454,3940.000,1205.000,7482.000,-22.000,71.000,150.000,0.000,0.000,1
2026-01-31 17:47:28,7573494,3985.000,1268.000,7379.000,14.000,27.000,131.000,0.000,0.000,1
2026-01-31 17:47:28,7573534,4363.000,1556.000,7143.000,44.000,263.000,169.000,0.000,0.000,1
2026-01-31 17:47:28,7573577,4544.000,1337.000,7363.000,-104.000,1145.000,332.000,0.000,0.000,1
2026-01-31 17:47:28,7573614,4568.000,1338.000,7318.000,-112.000,1812.000,545.000,0.000,0.000,1
2026-01-31 17:47:28,7573654,3962.000,-46.000,7627.000,357.000,2720.000,988.000,0.000,0.000,1
2026-01-31 17:47:28,7573694,3902.000,20.000,7480.000,4810.000,4757.000,1729.000,0.000,0.000,1
2026-01-31 17:47:29,7573734,3701.000,533.000,7570.000,7250.000,5891.000,1978.000,0.000,0.000,1
2026-01-31 17:47:29,7573774,3121.000,1529.000,6969.000,8908.000,5354.000,2358.000,0.000,0.000,1
2026-01-31 17:47:29,7573814,3303.000,3934.000,7789.000,9110.000,5662.000,1805.000,0.000,0.000,1
2026-01-31 17:47:29,7573854,2495.000,2955.000,6471.000,8135.000,6554.000,2066.000,0.000,0.000,1
2026-01-31 17:47:29,7573894,1898.000,4398.000,6377.000,9281.000,6120.000,2352.000,0.000,0.000,1
2026-01-31 17:47:29,7573934,1542.000,5014.000,5878.000,7072.000,5202.000,3450.000,0.000,0.000,1
2026-01-31 17:47:29,7573974,386.000,5934.000,6281.000,2787.000,5162.000,3874.000,0.000,0.000,1
2026-01-31 17:47:29,7574014,-785.000,4689.000,5009.000,-1584.000,4401.000,6107.000,0.000,0.000,1
2026-01-31 17:47:29,7574054,590.000,6889.000,4983.000,6027.000,3334.000,5548.000,0.000,0.000,1
2026-01-31 17:47:29,7574094,-28.000,6769.000,5123.000,1162.000,3400.000,6279.000,0.000,0.000,1
2026-01-31 17:47:29,7574134,226.000,3444.000,3668.000,216.000,1867.000,7487.000,0.000,0.000,1
2026-01-31 17:47:29,7574174,1218.000,4500.000,3090.000,4651.000,194.000,8073.000,0.000,0.000,1
2026-01-31 17:47:29,7574214,2295.000,5748.000,2635.000,4583.000,-945.000,10335.000,0.000,0.000,1
2026-01-31 17:47:29,7574254,4506.000,10011.000,4571.000,-158.000,-2104.000,10133.000,0.000,0.000,1
2026-01-31 17:47:29,7574294,3925.000,5565.000,2433.000,-11732.000,-3894.000,8149.000,0.000,0.000,1
2026-01-31 17:47:29,7574334,4936.000,2509.000,4513.000,-12702.000,-6763.000,8376.000,0.000,0.000,1
2026-01-31 17:47:29,7574374,4932.000,5388.000,6073.000,-8995.000,-6741.000,6322.000,0.000,0.000,1
2026-01-31 17:47:29,7574414,6858.000,1175.000,7371.000,-4510.000,-8591.000,4105.000,0.000,0.000,1
2026-01-31 17:47:29,7574454,8389.000,193.000,8244.000,8255.000,-3576.000,2150.000,0.000,0.000,1
2026-01-31 17:47:29,7574494,9032.000,8079.000,11559.000,4745.000,-1560.000,2340.000,0.000,0.000,1
2026-01-31 17:47:29,7574534,7564.000,931.000,5807.000,-10787.000,332.000,1516.000,0.000,0.000,1
2026-01-31 17:47:29,7574574,6727.000,-694.000,3211.000,-4577.000,866.000,233.000,0.000,0.000,1
2026-01-31 17:47:29,7574614,6731.000,1404.000,3294.000,139.000,600.000,-589.000,0.000,0.000,1
2026-01-31 17:47:29,7574654,6186.000,245.000,2698.000,-989.000,306.000,102.000,0.000,0.000,1
2026-01-31 17:47:29,7574694,6448.000,-289.000,3343.000,565.000,-236.000,84.000,0.000,0.000,1
2026-01-31 17:47:30,7574734,6852.000,-507.000,4295.000,1897.000,-587.000,435.000,0.000,0.000,1
2026-01-31 17:47:30,7574774,6700.000,482.000,4603.000,4130.000,-417.000,359.000,0.000,0.000,1
2026-01-31 17:47:30,7574814,6656.000,2572.000,4731.000,4552.000,-473.000,-5.000,0.000,0.000,1
2026-01-31 17:47:30,7574854,6465.000,2732.000,4640.000,2109.000,-276.000,-13.000,0.000,0.000,1
2026-01-31 17:47:30,7574894,6632.000,2488.000,4725.000,734.000,-257.000,4.000,0.000,0.000,1
2026-01-31 17:47:30,7574934,6889.000,2120.000,4794.000,313.000,-200.000,157.000,0.000,0.000,1
2026-01-31 17:47:30,7574974,6988.000,1872.000,4603.000,-383.000,-173.000,364.000,0.000,0.000,1
2026-01-31 17:47:30,7575014,6922.000,1387.000,4208.000,-965.000,-119.000,490.000,0.000,0.000,1
2026-01-31 17:47:30,7575054,6937.000,1389.000,4135.000,-287.000,-133.000,374.000,0.000,0.000,1
2026-01-31 17:47:30,7575094,7034.000,1385.000,4243.000,83.000,-81.000,236.000,0.000,0.000,1
2026-01-31 17:47:30,7575134,7050.000,1338.000,4364.000,82.000,-69.000,174.000,0.000,0.000,1
2026-01-31 17:47:30,7575174,6958.000,1423.000,4367.000,79.000,-11.000,148.000,0.000,0.000,1
2026-01-31 17:47:30,7575214,6699.000,1497.000,4246.000,-42.000,1.000,131.000,0.000,0.000,1
2026-01-31 17:47:30,7575254,6717.000,1450.000,4228.000,1.000,0.000,148.000,0.000,0.000,1
2026-01-31 17:47:30,7575297,6887.000,1438.000,4327.000,70.000,-48.000,175.000,0.000,0.000,1
2026-01-31 17:47:30,7575336,6872.000,1414.000,4329.000,7.000,-47.000,176.000,0.000,0.000,1
2026-01-31 17:47:30,7575377,6878.000,1328.000,4272.000,-89.000,-69.000,170.000,0.000,0.000,1
2026-01-31 17:47:30,7575414,6855.000,1337.000,4261.000,-55.000,-50.000,171.000,0.000,0.000,1
2026-01-31 17:47:30,7575454,6845.000,1288.000,4290.000,-30.000,-40.000,142.000,0.000,0.000,1
2026-01-31 17:47:30,7575494,6812.000,1291.000,4318.000,37.000,-30.000,127.000,0.000,0.000,1
2026-01-31 17:47:30,7575534,6887.000,1267.000,4316.000,14.000,-25.000,122.000,0.000,0.000,1
2026-01-31 17:47:30,7575580,6953.000,1312.000,4266.000,1.000,-21.000,91.000,0.000,0.000,1
2026-01-31 17:47:30,7575614,6914.000,1347.000,4228.000,23.000,1.000,89.000,0.000,0.000,1
2026-01-31 17:47:30,7575654,6905.000,1423.000,4228.000,101.000,-8.000,56.000,0.000,0.000,1
2026-01-31 17:47:30,7575694,6896.000,1483.000,4221.000,141.000,1.000,43.000,0.000,0.000,1
2026-01-31 17:47:31,7575734,6890.000,1476.000,4245.000,114.000,6.000,56.000,0.000,0.000,1
2026-01-31 17:47:31,7575774,6861.000,1490.000,4266.000,120.000,6.000,63.000,0.000,0.000,1
2026-01-31 17:47:31,7575814,6880.000,1339.000,4199.000,44.000,37.000,91.000,0.000,0.000,1
2026-01-31 17:47:31,7575854,6982.000,1281.000,4271.000,141.000,-37.000,111.000,0.000,0.000,1
2026-01-31 17:47:31,7575894,7057.000,1330.000,4398.000,179.000,-47.000,82.000,0.000,0.000,1
2026-01-31 17:47:31,7575934,6824.000,1324.000,4270.000,-89.000,18.000,48.000,0.000,0.000,1
2026-01-31 17:47:31,7575974,6629.000,1459.000,3901.000,283.000,125.000,12.000,0.000,0.000,1
2026-01-31 17:47:31,7576014,6683.000,1596.000,4126.000,451.000,81.000,33.000,0.000,0.000,1
2026-01-31 17:47:31,7576054,6855.000,1557.000,4416.000,305.000,13.000,63.000,0.000,0.000,1
2026-01-31 17:47:31,7576094,6898.000,1447.000,4369.000,157.000,-12.000,133.000,0.000,0.000,1
2026-01-31 17:47:31,7576134,6926.000,1296.000,4361.000,-60.000,-94.000,126.000,0.000,0.000,1
2026-01-31 17:47:31,7576174,7213.000,1111.000,4388.000,-198.000,-112.000,88.000,0.000,0.000,1
2026-01-31 17:47:31,7576214,7033.000,1147.000,4252.000,62.000,-7.000,49.000,0.000,0.000,1
2026-01-31 17:47:31,7576254,6952.000,1305.000,4226.000,279.000,62.000,-8.000,0.000,0.000,1
2026-01-31 17:47:31,7576294,6824.000,1441.000,4208.000,268.000,86.000,23.000,0.000,0.000,1
2026-01-31 17:47:31,7576334,6995.000,1357.000,4439.000,162.000,49.000,60.000,0.000,0.000,1
2026-01-31 17:47:31,7576374,6923.000,1344.000,4386.000,0.000,-20.000,65.000,0.000,0.000,1
2026-01-31 17:47:31,7576414,6851.000,1364.000,4224.000,-97.000,-21.000,-4.000,0.000,0.000,1
2026-01-31 17:47:31,7576454,6687.000,1483.000,3972.000,77.000,88.000,-4.000,0.000,0.000,1
2026-01-31 17:47:31,7576494,6830.000,1589.000,4034.000,279.000,34.000,-4.000,0.000,0.000,1
2026-01-31 17:47:31,7576534,6940.000,1618.000,4291.000,288.000,0.000,41.000,0.000,0.000,1
2026-01-31 17:47:31,7576574,6932.000,1479.000,4353.000,78.000,19.000,90.000,0.000,0.000,1
2026-01-31 17:47:31,7576614,6880.000,1427.000,4272.000,-77.000,-55.000,87.000,0.000,0.000,1
2026-01-31 17:47:31,7576654,6943.000,1259.000,4159.000,-72.000,-18.000,45.000,0.000,0.000,1
2026-01-31 17:47:31,7576694,6848.000,1333.000,4342.000,184.000,-30.000,15.000,0.000,0.000,1
2026-01-31 17:47:32,7576734,6748.000,1377.000,4142.000,93.000,96.000,68.000,0.000,0.000,1
2026-01-31 17:47:32,7576774,6829.000,1420.000,4252.000,143.000,-1.000,58.000,0.000,0.000,1
2026-01-31 17:47:32,7576814,6954.000,1405.000,4346.000,42.000,-6.000,86.000,0.000,0.000,1
2026-01-31 17:47:32,7576854,6971.000,1498.000,4267.000,94.000,-14.000,84.000,0.000,0.000,1
2026-01-31 17:47:32,7576894,7073.000,1469.000,4314.000,100.000,-38.000,56.000,0.000,0.000,1
2026-01-31 17:47:32,7576934,6988.000,1375.000,4345.000,90.000,-69.000,65.000,0.000,0.000,1
2026-01-31 17:47:32,7576974,7067.000,1244.000,4405.000,-13.000,-83.000,23.000,0.000,0.000,1
2026-01-31 17:47:32,7577014,6811.000,1226.000,4142.000,-32.000,38.000,47.000,0.000,0.000,1
2026-01-31 17:47:32,7577054,6864.000,1366.000,4099.000,165.000,22.000,-14.000,0.000,0.000,1
2026-01-31 17:47:32,7577094,6878.000,1558.000,4215.000,245.000,105.000,24.000,0.000,0.000,1
2026-01-31 17:47:32,7577134,6678.000,1620.000,4273.000,202.000,46.000,56.000,0.000,0.000,1
2026-01-31 17:47:32,7577174,6671.000,1495.000,4098.000,-68.000,41.000,74.000,0.000,0.000,1
2026-01-31 17:47:32,7577214,6650.000,1498.000,4108.000,82.000,-4.000,68.000,0.000,0.000,1
2026-01-31 17:47:32,7577254,6940.000,1402.000,4278.000,23.000,-44.000,47.000,0.000,0.000,1
2026-01-31 17:47:32,7577294,6964.000,1342.000,4238.000,71.000,-17.000,58.000,0.000,0.000,1
2026-01-31 17:47:32,7577334,6997.000,1366.000,4279.000,67.000,-16.000,58.000,0.000,0.000,1
2026-01-31 17:47:32,7577374,6947.000,1340.000,4153.000,14.000,52.000,68.000,0.000,0.000,1
2026-01-31 17:47:32,7577415,6918.000,1380.000,4242.000,191.000,47.000,31.000,0.000,0.000,1
2026-01-31 17:47:32,7577454,7006.000,1450.000,4355.000,188.000,56.000,0.000,0.000,0.000,1
2026-01-31 17:47:32,7577494,6886.000,1610.000,4308.000,180.000,17.000,27.000,0.000,0.000,1
2026-01-31 17:47:32,7577534,6873.000,1507.000,4205.000,-75.000,5.000,91.000,0.000,0.000,1
2026-01-31 17:47:32,7577574,7016.000,1321.000,4192.000,-61.000,-9.000,83.000,0.000,0.000,1
2026-01-31 17:47:32,7577614,6988.000,1387.000,4306.000,86.000,3.000,79.000,0.000,0.000,1
2026-01-31 17:47:32,7577654,6972.000,1402.000,4232.000,65.000,6.000,38.000,0.000,0.000,1
2026-01-31 17:47:32,7577694,6844.000,1405.000,4206.000,119.000,44.000,36.000,0.000,0.000,1
2026-01-31 17:47:33,7577734,6796.000,1378.000,4258.000,76.000,0.000,21.000,0.000,0.000,1
2026-01-31 17:47:33,7577774,6851.000,1315.000,4216.000,54.000,26.000,13.000,0.000,0.000,1
2026-01-31 17:47:33,7577814,6770.000,1400.000,4174.000,127.000,-10.000,45.000,0.000,-160.330,1
2026-01-31 17:47:33,7577854,6954.000,1309.000,4099.000,6.000,-48.000,28.000,0.000,-160.330,1
2026-01-31 17:47:33,7577894,6939.000,1332.000,4076.000,11.000,-23.000,53.000,0.000,-160.330,1
2026-01-31 17:47:33,7577934,7070.000,1293.000,4110.000,0.000,-30.000,3.000,0.000,-160.330,1
2026-01-31 17:47:33,7577974,7054.000,1423.000,4000.000,105.000,42.000,19.000,0.000,-160.330,1
2026-01-31 17:47:33,7578014,7053.000,1466.000,4182.000,218.000,-23.000,-34.000,0.000,-160.330,1
2026-01-31 17:47:33,7578054,7187.000,1397.000,4192.000,31.000,6.000,21.000,0.000,-160.330,1
2026-01-31 17:47:33,7578094,7019.000,1447.000,4103.000,-21.000,-4.000,17.000,0.000,-160.330,1
2026-01-31 17:47:33,7578134,6863.000,1367.000,3975.000,-34.000,17.000,25.000,0.000,-160.330,1
2026-01-31 17:47:33,7578174,6772.000,1400.000,3890.000,35.000,54.000,44.000,0.000,-160.330,1
2026-01-31 17:47:33,7578214,6929.000,1434.000,4040.000,116.000,-32.000,15.000,0.000,-160.330,1
2026-01-31 17:47:33,7578254,6995.000,1478.000,4066.000,26.000,-10.000,77.000,0.000,-160.330,1
2026-01-31 17:47:33,7578294,6839.000,1401.000,4021.000,-111.000,-14.000,65.000,0.000,-160.330,1
2026-01-31 17:47:33,7578334,6792.000,1293.000,3863.000,-82.000,26.000,43.000,0.000,-160.330,1
2026-01-31 17:47:33,7578374,6795.000,1294.000,3976.000,131.000,18.000,18.000,0.000,-160.330,1
2026-01-31 17:47:33,7578414,7011.000,1421.000,4098.000,108.000,3.000,10.000,0.000,-160.330,1
2026-01-31 17:47:33,7578454,6877.000,1433.000,4035.000,3.000,19.000,78.000,0.000,-160.330,1
2026-01-31 17:47:33,7578494,7067.000,1205.000,4046.000,-142.000,-28.000,57.000,0.000,-160.330,1
2026-01-31 17:47:33,7578534,7066.000,1274.000,4085.000,-52.000,10.000,77.000,0.000,-160.330,1
2026-01-31 17:47:33,7578574,7200.000,1263.000,4101.000,-10.000,-27.000,16.000,0.000,-160.330,1
2026-01-31 17:47:33,7578614,7304.000,1242.000,4207.000,74.000,20.000,-20.000,0.000,-160.330,1
2026-01-31 17:47:33,7578654,7174.000,1291.000,4270.000,84.000,-56.000,-37.000,0.000,-160.330,1
2026-01-31 17:47:33,7578694,6963.000,1215.000,3979.000,-116.000,110.000,27.000,0.000,-160.330,1
2026-01-31 17:47:34,7578734,6877.000,1239.000,4076.000,53.000,-58.000,-83.000,0.000,-160.330,1
2026-01-31 17:47:34,7578774,7016.000,1301.000,3985.000,73.000,76.000,-24.000,0.000,-160.330,1
2026-01-31 17:47:34,7578814,7026.000,1479.000,4104.000,144.000,-44.000,-80.000,0.000,7.350,1
2026-01-31 17:47:34,7578854,7194.000,1483.000,4143.000,-14.000,-21.000,-33.000,0.000,7.350,1
2026-01-31 17:47:34,7578894,6782.000,1566.000,3871.000,-135.000,-4.000,23.000,0.000,7.350,1
2026-01-31 17:47:34,7578934,7014.000,1375.000,3896.000,-87.000,-46.000,-32.000,0.000,7.350,1
2026-01-31 17:47:34,7578974,7022.000,1569.000,3924.000,61.000,4.000,13.000,0.000,7.350,1
2026-01-31 17:47:34,7579014,7220.000,1493.000,4159.000,-1.000,-16.000,-17.000,0.000,7.350,1
2026-01-31 17:47:34,7579054,6773.000,1460.000,3901.000,-138.000,29.000,52.000,0.000,7.350,1
2026-01-31 17:47:34,7579094,7046.000,1364.000,4016.000,-84.000,-109.000,-54.000,0.000,7.350,1
2026-01-31 17:47:34,7579134,7150.000,1350.000,3938.000,0.000,99.000,67.000,0.000,7.350,1
2026-01-31 17:47:34,7579174,6924.000,1580.000,4210.000,174.000,-144.000,-76.000,0.000,7.350,1
2026-01-31 17:47:34,7579214,7034.000,1371.000,3862.000,-242.000,116.000,89.000,0.000,7.350,1
2026-01-31 17:47:34,7579254,6594.000,1431.000,3800.000,0.000,-78.000,5.000,0.000,7.350,1
2026-01-31 17:47:34,7579294,7422.000,1225.000,4160.000,-30.000,-56.000,-64.000,0.000,7.350,1
2026-01-31 17:47:34,7579337,6868.000,1418.000,4109.000,75.000,-180.000,-83.000,0.000,7.350,1
2026-01-31 17:47:34,7579376,6878.000,1437.000,3842.000,-121.000,147.000,129.000,0.000,7.350,1
2026-01-31 17:47:34,7579414,6669.000,1387.000,3897.000,-77.000,-42.000,31.000,0.000,7.350,1
2026-01-31 17:47:34,7579454,7318.000,1274.000,4125.000,25.000,-38.000,-62.000,0.000,7.350,1
2026-01-31 17:47:34,7579494,6703.000,1498.000,3833.000,-43.000,84.000,81.000,0.000,7.350,1
2026-01-31 17:47:34,7579534,7184.000,1276.000,4149.000,30.000,-89.000,-136.000,0.000,7.350,1
2026-01-31 17:47:34,7579577,6610.000,1421.000,3867.000,-109.000,-49.000,-27.000,0.000,7.350,1
2026-01-31 17:47:34,7579614,6925.000,1288.000,3962.000,11.000,-73.000,-121.000,0.000,7.350,1
2026-01-31 17:47:34,7579654,6751.000,1699.000,3851.000,99.000,91.000,34.000,0.000,7.350,1
2026-01-31 17:47:34,7579694,7052.000,1310.000,4081.000,-79.000,-91.000,-51.000,0.000,7.350,1
2026-01-31 17:47:35,7579734,7016.000,1639.000,3986.000,33.000,74.000,67.000,0.000,7.350,1
2026-01-31 17:47:35,7579774,7185.000,1286.000,4097.000,-202.000,-44.000,-38.000,0.000,7.350,1
2026-01-31 17:47:35,7579814,7018.000,1357.000,3999.000,-101.000,22.000,21.000,0.000,-0.940,1
2026-01-31 17:47:35,7579854,7159.000,1339.000,4141.000,109.000,-8.000,-68.000,0.000,-0.940,1
2026-01-31 17:47:35,7579894,7020.000,1522.000,4060.000,64.000,102.000,11.000,0.000,-0.940,1
2026-01-31 17:47:35,7579934,7236.000,1307.000,4180.000,-28.000,-61.000,-64.000,0.000,-0.940,1
2026-01-31 17:47:35,7579974,7049.000,1618.000,4132.000,89.000,65.000,25.000,0.000,-0.940,1
2026-01-31 17:47:35,7580014,7069.000,1237.000,4139.000,-158.000,-96.000,-52.000,0.000,-0.940,1
2026-01-31 17:47:35,7580054,7133.000,1481.000,4059.000,77.000,21.000,-15.000,0.000,-0.940,1
2026-01-31 17:47:35,7580094,6997.000,1454.000,4073.000,-2.000,-89.000,-60.000,0.000,-0.940,1
2026-01-31 17:47:35,7580134,7111.000,1430.000,3981.000,24.000,31.000,-15.000,0.000,-0.940,1
2026-01-31 17:47:35,7580174,7158.000,1390.000,3999.000,-30.000,-71.000,-51.000,0.000,-0.940,1
2026-01-31 17:47:35,7580214,6885.000,1651.000,3907.000,41.000,13.000,32.000,0.000,-0.940,1
2026-01-31 17:47:35,7580254,6826.000,1420.000,3985.000,-90.000,-106.000,-45.000,0.000,-0.940,1
2026-01-31 17:47:35,7580294,6720.000,1511.000,3731.000,-85.000,47.000,41.000,0.000,-0.940,1
2026-01-31 17:47:35,7580334,6854.000,1325.000,3868.000,-20.000,-69.000,-26.000,0.000,-0.940,1
2026-01-31 17:47:35,7580374,6967.000,1451.000,3951.000,44.000,-2.000,4.000,0.000,-0.940,1
2026-01-31 17:47:35,7580414,7064.000,1267.000,3943.000,-136.000,-67.000,-3.000,0.000,-0.940,1
2026-01-31 17:47:35,7580454,6910.000,1321.000,3818.000,-56.000,-31.000,18.000,0.000,-0.940,1
2026-01-31 17:47:35,7580494,7095.000,1298.000,3754.000,-221.000,-45.000,18.000,0.000,-0.940,1
2026-01-31 17:47:35,7580534,7109.000,1524.000,3914.000,106.000,40.000,-95.000,0.000,-0.940,1
2026-01-31 17:47:35,7580574,7263.000,1401.000,4054.000,16.000,-17.000,-69.000,0.000,-0.940,1
2026-01-31 17:47:35,7580614,6935.000,1793.000,3800.000,191.000,61.000,-24.000,0.000,-0.940,1
2026-01-31 17:47:35,7580654,7197.000,1424.000,4038.000,-130.000,-32.000,-68.000,0.000,-0.940,1
2026-01-31 17:47:35,7580694,7091.000,1487.000,3962.000,-50.000,-10.000,8.000,0.000,-0.940,1
2026-01-31 17:47:36,7580734,7199.000,1290.000,3986.000,-151.000,-102.000,-41.000,0.000,-0.940,1
2026-01-31 17:47:36,7580774,7093.000,1466.000,3860.000,-67.000,-9.000,-17.000,0.000,-0.940,1
2026-01-31 17:47:36,7580814,7157.000,1290.000,3911.000,-125.000,-94.000,-39.000,0.000,-3.960,1
2026-01-31 17:47:36,7580854,7092.000,1649.000,3815.000,43.000,47.000,3.000,0.000,-3.960,1
2026-01-31 17:47:36,7580894,6858.000,1458.000,3898.000,-74.000,-54.000,-33.000,0.000,-3.960,1
2026-01-31 17:47:36,7580934,6860.000,1592.000,3718.000,-118.000,17.000,52.000,0.000,-3.960,1
2026-01-31 17:47:36,7580974,7097.000,1469.000,3863.000,-140.000,-106.000,-30.000,0.000,-3.960,1
2026-01-31 17:47:36,7581014,7111.000,1468.000,3822.000,-147.000,-51.000,50.000,0.000,-3.960,1
2026-01-31 17:47:36,7581054,7053.000,1460.000,3793.000,-164.000,-78.000,47.000,0.000,-3.960,1
2026-01-31 17:47:36,7581094,7076.000,1458.000,3782.000,-184.000,-67.000,50.000,0.000,-3.960,1
2026-01-31 17:47:36,7581134,7169.000,1235.000,3821.000,-264.000,-60.000,62.000,0.000,-3.960,1
2026-01-31 17:47:36,7581174,7022.000,1380.000,3794.000,-98.000,-41.000,18.000,0.000,-3.960,1
2026-01-31 17:47:36,7581214,7156.000,1258.000,3793.000,-182.000,-9.000,7.000,0.000,-3.960,1
2026-01-31 17:47:36,7581254,6886.000,1540.000,3732.000,21.000,22.000,-10.000,0.000,-3.960,1
2026-01-31 17:47:36,7581294,7122.000,1351.000,3843.000,-181.000,-18.000,-37.000,0.000,-3.960,1
2026-01-31 17:47:36,7581334,6972.000,1405.000,3963.000,-108.000,-86.000,-30.000,0.000,-3.960,1
2026-01-31 17:47:36,7581374,7102.000,1351.000,3860.000,-164.000,16.000,30.000,0.000,-3.960,1
2026-01-31 17:47:36,7581414,7071.000,1334.000,3894.000,-155.000,-101.000,-11.000,0.000,-3.960,1
2026-01-31 17:47:36,7581454,7305.000,1324.000,3931.000,-107.000,-49.000,20.000,0.000,-3.960,1
2026-01-31 17:47:36,7581494,7148.000,1348.000,3871.000,-178.000,-85.000,26.000,0.000,-3.960,1
2026-01-31 17:47:36,7581534,7343.000,1373.000,3876.000,-111.000,-51.000,-21.000,0.000,-3.960,1
2026-01-31 17:47:36,7581577,7186.000,1361.000,3860.000,-93.000,-86.000,-67.000,0.000,-3.960,1
2026-01-31 17:47:36,7581614,7175.000,1374.000,3864.000,-56.000,-46.000,-69.000,0.000,-3.960,1
2026-01-31 17:47:36,7581654,6911.000,1441.000,3790.000,-113.000,-7.000,-17.000,0.000,-3.960,1
2026-01-31 17:47:36,7581694,7061.000,1268.000,3638.000,-228.000,16.000,-13.000,0.000,-3.960,1
2026-01-31 17:47:37,7581734,7100.000,1283.000,3728.000,-190.000,-59.000,-40.000,0.000,-3.960,1
2026-01-31 17:47:37,7581774,6980.000,1424.000,3650.000,-47.000,51.000,-44.000,0.000,-3.960,1
2026-01-31 17:47:37,7581814,7002.000,1352.000,3663.000,-97.000,26.000,-80.000,0.000,1.470,1
2026-01-31 17:47:37,7581854,6945.000,1519.000,3719.000,76.000,35.000,-66.000,0.000,1.470,1
2026-01-31 17:47:37,7581894,7032.000,1415.000,3898.000,-103.000,-24.000,-59.000,0.000,1.470,1
2026-01-31 17:47:37,7581934,7042.000,1466.000,3758.000,-107.000,7.000,-27.000,0.000,1.470,1
2026-01-31 17:47:37,7581974,7158.000,1319.000,3869.000,-162.000,-76.000,-53.000,0.000,1.470,1
2026-01-31 17:47:37,7582014,7090.000,1396.000,3773.000,-101.000,-8.000,-6.000,0.000,1.470,1
2026-01-31 17:47:37,7582054,7273.000,1311.000,3848.000,-136.000,-53.000,-72.000,0.000,1.470,1
2026-01-31 17:47:37,7582094,7003.000,1505.000,3851.000,-33.000,-1.000,-36.000,0.000,1.470,1
2026-01-31 17:47:37,7582134,7262.000,1324.000,3855.000,-116.000,21.000,-81.000,0.000,1.470,1
2026-01-31 17:47:37,7582174,6900.000,1535.000,3742.000,-23.000,51.000,-35.000,0.000,1.470,1
2026-01-31 17:47:37,7582214,7103.000,1306.000,3928.000,-85.000,-1.000,-90.000,0.000,1.470,1
2026-01-31 17:47:37,7582254,6922.000,1545.000,3761.000,-79.000,30.000,-15.000,0.000,1.470,1
2026-01-31 17:47:37,7582294,7138.000,1221.000,3887.000,-145.000,-35.000,-62.000,0.000,1.470,1
2026-01-31 17:47:37,7582334,7075.000,1423.000,3892.000,-67.000,-16.000,-19.000,0.000,1.470,1
2026-01-31 17:47:37,7582374,7249.000,1253.000,3908.000,-147.000,-43.000,-72.000,0.000,1.470,1
2026-01-31 17:47:37,7582414,7120.000,1490.000,3845.000,-1.000,23.000,-53.000,0.000,1.470,1
2026-01-31 17:47:37,7582454,7140.000,1487.000,3931.000,21.000,24.000,-68.000,0.000,1.470,1
2026-01-31 17:47:37,7582494,6937.000,1532.000,3836.000,-124.000,-12.000,-68.000,0.000,1.470,1
2026-01-31 17:47:37,7582534,7036.000,1453.000,3784.000,-84.000,24.000,-35.000,0.000,1.470,1
2026-01-31 17:47:37,7582574,7024.000,1459.000,3924.000,-114.000,-25.000,-39.000,0.000,1.470,1
2026-01-31 17:47:37,7582614,6940.000,1493.000,3881.000,-89.000,-23.000,-43.000,0.000,1.470,1
2026-01-31 17:47:37,7582654,7010.000,1314.000,3775.000,-231.000,3.000,-38.000,0.000,1.470,1
2026-01-31 17:47:37,7582694,6957.000,1435.000,3849.000,57.000,-34.000,-72.000,0.000,1.470,1
2026-01-31 17:47:38,7582734,7216.000,1411.000,4003.000,-106.000,-32.000,-65.000,0.000,1.470,1
2026-01-31 17:47:38,7582774,7018.000,1524.000,3851.000,-51.000,-11.000,-24.000,0.000,1.470,1
2026-01-31 17:47:38,7582814,7246.000,1405.000,3893.000,-168.000,-83.000,-74.000,0.000,0.770,1
2026-01-31 17:47:38,7582854,7070.000,1568.000,3891.000,-20.000,-44.000,-51.000,0.000,0.770,1
2026-01-31 17:47:38,7582894,7385.000,1404.000,3949.000,-103.000,-14.000,-59.000,0.000,0.770,1
2026-01-31 17:47:38,7582934,7036.000,1714.000,3820.000,-12.000,21.000,-14.000,0.000,0.770,1
2026-01-31 17:47:38,7582974,7194.000,1341.000,3928.000,-187.000,-48.000,-61.000,0.000,0.770,1
2026-01-31 17:47:38,7583014,6919.000,1631.000,3730.000,-62.000,78.000,40.000,0.000,0.770,1
2026-01-31 17:47:38,7583054,7042.000,1366.000,3908.000,-148.000,-89.000,-74.000,0.000,0.770,1
2026-01-31 17:47:38,7583094,7071.000,1502.000,3825.000,-78.000,40.000,30.000,0.000,0.770,1
2026-01-31 17:47:38,7583134,6910.000,1451.000,3934.000,-90.000,-98.000,-50.000,0.000,0.770,1
2026-01-31 17:47:38,7583174,7033.000,1380.000,3740.000,-231.000,-11.000,21.000,0.000,0.770,1
2026-01-31 17:47:38,7583214,6951.000,1414.000,3857.000,-19.000,-82.000,-46.000,0.000,0.770,1
2026-01-31 17:47:38,7583254,7188.000,1374.000,3894.000,-159.000,13.000,2.000,0.000,0.770,1
2026-01-31 17:47:38,7583294,7085.000,1457.000,3906.000,7.000,-45.000,-30.000,0.000,0.770,1
2026-01-31 17:47:38,7583337,7075.000,1369.000,3824.000,-254.000,15.000,32.000,0.000,0.770,1
2026-01-31 17:47:38,7583377,7044.000,1364.000,3837.000,-122.000,-67.000,-27.000,0.000,0.770,1
2026-01-31 17:47:38,7583414,7161.000,1307.000,3892.000,-103.000,-57.000,-56.000,0.000,0.770,1
2026-01-31 17:47:38,7583454,7171.000,1374.000,3878.000,-99.000,-19.000,-22.000,0.000,0.770,1
2026-01-31 17:47:38,7583494,7035.000,1387.000,3876.000,-39.000,5.000,-44.000,0.000,0.770,1
2026-01-31 17:47:38,7583534,7037.000,1336.000,3842.000,-134.000,-46.000,-50.000,0.000,0.770,1
2026-01-31 17:47:38,7583574,7146.000,1381.000,3828.000,-66.000,31.000,-23.000,0.000,0.770,1
2026-01-31 17:47:38,7583614,7149.000,1363.000,3895.000,-162.000,-45.000,-53.000,0.000,0.770,1
2026-01-31 17:47:38,7583654,6940.000,1497.000,3667.000,-102.000,39.000,-5.000,0.000,0.770,1
2026-01-31 17:47:38,7583694,7038.000,1392.000,3874.000,-71.000,-60.000,-67.000,0.000,0.770,1
2026-01-31 17:47:39,7583734,7107.000,1505.000,3880.000,-76.000,9.000,-11.000,0.000,0.770,1
2026-01-31 17:47:39,7583774,7116.000,1438.000,3920.000,-120.000,-51.000,-47.000,0.000,0.770,1
2026-01-31 17:47:39,7583814,7001.000,1369.000,3862.000,-169.000,-45.000,-4.000,0.000,1.360,1
2026-01-31 17:47:39,7583854,7031.000,1366.000,3800.000,-135.000,-40.000,-9.000,0.000,1.360,1
2026-01-31 17:47:39,7583894,7096.000,1294.000,3870.000,-123.000,-52.000,-23.000,0.000,1.360,1
2026-01-31 17:47:39,7583934,7179.000,1358.000,3900.000,-115.000,-31.000,-15.000,0.000,1.360,1
2026-01-31 17:47:39,7583974,7008.000,1400.000,3792.000,-74.000,-65.000,-51.000,0.000,1.360,1
2026-01-31 17:47:39,7584014,7035.000,1426.000,3776.000,-39.000,38.000,-24.000,0.000,1.360,1
2026-01-31 17:47:39,7584054,7111.000,1425.000,3885.000,-107.000,-84.000,-78.000,0.000,1.360,1
2026-01-31 17:47:39,7584094,7088.000,1387.000,3799.000,-107.000,50.000,-2.000,0.000,1.360,1
2026-01-31 17:47:39,7584134,6948.000,1462.000,3787.000,-140.000,-79.000,-60.000,0.000,1.360,1
2026-01-31 17:47:39,7584174,7171.000,1326.000,3743.000,-86.000,80.000,-11.000,0.000,1.360,1
2026-01-31 17:47:39,7584214,7179.000,1459.000,3957.000,-95.000,-93.000,-75.000,0.000,1.360,1
2026-01-31 17:47:39,7584254,7116.000,1495.000,3798.000,-79.000,66.000,-18.000,0.000,1.360,1
2026-01-31 17:47:39,7584294,6789.000,1492.000,3756.000,-128.000,-22.000,-32.000,0.000,1.360,1
2026-01-31 17:47:39,7584334,7202.000,1423.000,3855.000,-51.000,-3.000,-72.000,0.000,1.360,1
2026-01-31 17:47:39,7584374,7167.000,1398.000,4020.000,-70.000,-65.000,-55.000,0.000,1.360,1
2026-01-31 17:47:39,7584414,7172.000,1353.000,3900.000,-214.000,-48.000,-22.000,0.000,1.360,1
2026-01-31 17:47:39,7584454,7028.000,1354.000,3740.000,-134.000,25.000,20.000,0.000,1.360,1
2026-01-31 17:47:39,7584494,7053.000,1385.000,3927.000,-34.000,-81.000,-61.000,0.000,1.360,1
2026-01-31 17:47:39,7584534,7308.000,1352.000,3881.000,-159.000,40.000,2.000,0.000,1.360,1
2026-01-31 17:47:39,7584574,7127.000,1337.000,3981.000,-58.000,-65.000,-72.000,0.000,1.360,1
2026-01-31 17:47:39,7584614,7042.000,1283.000,3956.000,-133.000,-16.000,-46.000,0.000,1.360,1
2026-01-31 17:47:39,7584654,6881.000,1362.000,3754.000,-131.000,-6.000,-49.000,0.000,1.360,1
2026-01-31 17:47:39,7584694,7010.000,1234.000,3856.000,-17.000,-21.000,-89.000,0.000,1.360,1
2026-01-31 17:47:40,7584734,7258.000,1291.000,3908.000,-84.000,-41.000,-54.000,0.000,1.360,1
2026-01-31 17:47:40,7584774,6976.000,1518.000,3854.000,-42.000,-26.000,-68.000,0.000,1.360,1
2026-01-31 17:47:40,7584814,7100.000,1340.000,3871.000,-188.000,-22.000,-64.000,0.000,2.960,1
2026-01-31 17:47:40,7584854,6934.000,1550.000,3741.000,-29.000,8.000,-64.000,0.000,2.960,1
2026-01-31 17:47:40,7584894,7188.000,1356.000,4079.000,-4.000,-55.000,-123.000,0.000,2.960,1
2026-01-31 17:47:40,7584934,6898.000,1622.000,3776.000,-65.000,15.000,-3.000,0.000,2.960,1
2026-01-31 17:47:40,7584974,7164.000,1385.000,3830.000,-175.000,-73.000,-71.000,0.000,2.960,1
2026-01-31 17:47:40,7585014,6984.000,1562.000,3773.000,-106.000,-18.000,23.000,0.000,2.960,1
2026-01-31 17:47:40,7585054,7188.000,1373.000,3859.000,-204.000,-58.000,-57.000,0.000,2.960,1
2026-01-31 17:47:40,7585094,6954.000,1706.000,3658.000,24.000,35.000,4.000,0.000,2.960,1
2026-01-31 17:47:40,7585134,7169.000,1505.000,3857.000,-68.000,25.000,2.000,0.000,2.960,1
2026-01-31 17:47:40,7585174,6970.000,1455.000,3815.000,-231.000,-23.000,28.000,0.000,2.960,1
2026-01-31 17:47:40,7585214,7139.000,1236.000,3805.000,-178.000,-23.000,-32.000,0.000,2.960,1
2026-01-31 17:47:40,7585254,7100.000,1382.000,3826.000,-93.000,6.000,-10.000,0.000,2.960,1
2026-01-31 17:47:40,7585294,7136.000,1337.000,3977.000,1.000,-9.000,-69.000,0.000,2.960,1
2026-01-31 17:47:40,7585337,7113.000,1343.000,3842.000,-94.000,34.000,8.000,0.000,2.960,1
2026-01-31 17:47:40,7585376,6943.000,1546.000,3901.000,-88.000,-32.000,-17.000,0.000,2.960,1
2026-01-31 17:47:40,7585414,7041.000,1365.000,3855.000,-271.000,-34.000,9.000,0.000,2.960,1
2026-01-31 17:47:40,7585454,7091.000,1420.000,3810.000,-91.000,30.000,10.000,0.000,2.960,1
2026-01-31 17:47:40,7585494,7339.000,1007.000,4208.000,-58.000,-64.000,-53.000,0.000,2.960,1
2026-01-31 17:47:40,7585534,7287.000,1171.000,4132.000,2336.000,554.000,-622.000,0.000,2.960,1
2026-01-31 17:47:40,7585577,6760.000,3170.000,4065.000,7578.000,1370.000,-2177.000,0.000,2.960,1
2026-01-31 17:47:40,7585614,5950.000,5870.000,4547.000,6712.000,910.000,-2741.000,0.000,2.960,1
2026-01-31 17:47:40,7585654,7147.000,4545.000,4137.000,-3191.000,-179.000,-2512.000,0.000,2.960,1
2026-01-31 17:47:40,7585694,6553.000,1893.000,3062.000,-6624.000,558.000,-1753.000,0.000,2.960,1
2026-01-31 17:47:41,7585734,6625.000,1825.000,3246.000,-3122.000,-163.000,-1663.000,0.000,2.960,1
2026-01-31 17:47:41,7585774,7274.000,1100.000,4695.000,-3441.000,-343.000,-262.000,0.000,2.960,1
2026-01-31 17:47:41,7585814,6690.000,-1275.000,3536.000,-5308.000,-492.000,2263.000,0.000,-1.900,1
2026-01-31 17:47:41,7585854,7069.000,-533.000,2613.000,812.000,-1114.000,2791.000,0.000,-1.900,1
2026-01-31 17:47:41,7585894,6913.000,3468.000,3857.000,3711.000,-365.000,1120.000,0.000,-1.900,1
2026-01-31 17:47:41,7585934,7001.000,1704.000,4325.000,111.000,-17.000,-340.000,0.000,-1.900,1
2026-01-31 17:47:41,7585974,7160.000,1003.000,4329.000,1118.000,-100.000,-591.000,0.000,-1.900,1
2026-01-31 17:47:41,7586014,7075.000,1951.000,4098.000,2100.000,-104.000,-339.000,0.000,-1.900,1
2026-01-31 17:47:41,7586054,6849.000,2503.000,3826.000,1348.000,-107.000,-125.000,0.000,-1.900,1
2026-01-31 17:47:41,7586094,6764.000,2488.000,3888.000,660.000,-105.000,-107.000,0.000,-1.900,1
2026-01-31 17:47:41,7586134,6856.000,2339.000,3941.000,-9.000,-54.000,-7.000,0.000,-1.900,1
2026-01-31 17:47:41,7586174,6818.000,1936.000,3703.000,-568.000,-18.000,102.000,0.000,-1.900,1
2026-01-31 17:47:41,7586214,6871.000,1712.000,3611.000,-494.000,-5.000,112.000,0.000,-1.900,1
2026-01-31 17:47:41,7586254,7011.000,1723.000,3781.000,-138.000,0.000,67.000,0.000,-1.900,1
2026-01-31 17:47:41,7586294,6832.000,1917.000,3866.000,168.000,-8.000,-44.000,0.000,-1.900,1
2026-01-31 17:47:41,7586334,6851.000,1914.000,3745.000,128.000,32.000,-58.000,0.000,-1.900,1
2026-01-31 17:47:41,7586374,7007.000,2056.000,3858.000,220.000,39.000,-52.000,0.000,-1.900,1
2026-01-31 17:47:41,7586414,7014.000,2064.000,3929.000,136.000,46.000,28.000,0.000,-1.900,1
2026-01-31 17:47:41,7586454,7071.000,1970.000,3964.000,-97.000,-45.000,38.000,0.000,-1.900,1
2026-01-31 17:47:41,7586494,7065.000,1981.000,3902.000,-212.000,5.000,52.000,0.000,-1.900,1
2026-01-31 17:47:41,7586534,7066.000,1737.000,3897.000,-202.000,-34.000,67.000,0.000,-1.900,1
2026-01-31 17:47:41,7586574,7110.000,1867.000,3951.000,33.000,-31.000,12.000,0.000,-1.900,1
2026-01-31 17:47:41,7586614,7086.000,1800.000,3873.000,-143.000,27.000,29.000,0.000,-1.900,1
2026-01-31 17:47:41,7586654,6946.000,1812.000,3807.000,-43.000,1.000,29.000,0.000,-1.900,1
2026-01-31 17:47:41,7586694,6931.000,1725.000,3769.000,-128.000,7.000,17.000,0.000,-1.900,1
2026-01-31 17:47:42,7586734,6935.000,1771.000,3854.000,26.000,4.000,-29.000,0.000,-1.900,1
2026-01-31 17:47:42,7586774,6855.000,1750.000,3780.000,-4.000,-25.000,2.000,0.000,-1.900,1
2026-01-31 17:47:42,7586814,7085.000,1835.000,3794.000,-5.000,-56.000,-10.000,0.000,-1.480,1
2026-01-31 17:47:42,7586854,6994.000,1801.000,3804.000,-95.000,-15.000,64.000,0.000,-1.480,1
2026-01-31 17:47:42,7586894,6957.000,1653.000,3809.000,-228.000,-99.000,9.000,0.000,-1.480,1
2026-01-31 17:47:42,7586934,7064.000,1549.000,3646.000,-118.000,-2.000,26.000,0.000,-1.480,1
2026-01-31 17:47:42,7586974,7121.000,1685.000,3826.000,60.000,-85.000,-56.000,0.000,-1.480,1
2026-01-31 17:47:42,7587014,7194.000,1730.000,3640.000,-11.000,7.000,5.000,0.000,-1.480,1
2026-01-31 17:47:42,7587054,7029.000,1716.000,3792.000,-102.000,-29.000,-42.000,0.000,-1.480,1
2026-01-31 17:47:42,7587094,7066.000,1684.000,3598.000,50.000,72.000,-14.000,0.000,-1.480,1
2026-01-31 17:47:42,7587134,7002.000,1810.000,3833.000,88.000,-51.000,-59.000,0.000,-1.480,1
2026-01-31 17:47:42,7587174,7029.000,1866.000,3658.000,29.000,-5.000,-20.000,0.000,-1.480,1
2026-01-31 17:47:42,7587214,7131.000,1684.000,3678.000,-157.000,-107.000,5.000,0.000,-1.480,1
2026-01-31 17:47:42,7587254,7238.000,1693.000,3670.000,-89.000,-20.000,46.000,0.000,-1.480,1
2026-01-31 17:47:42,7587294,7249.000,1519.000,3684.000,-244.000,-92.000,59.000,0.000,-1.480,1
2026-01-31 17:47:42,7587337,7325.000,1654.000,3598.000,-74.000,-35.000,35.000,0.000,-1.480,1
2026-01-31 17:47:42,7587377,7333.000,1663.000,3571.000,-52.000,-25.000,-14.000,0.000,-1.480,1
2026-01-31 17:47:42,7587414,7056.000,1773.000,3569.000,66.000,-4.000,19.000,0.000,-1.480,1
2026-01-31 17:47:42,7587454,6941.000,1748.000,3446.000,38.000,35.000,9.000,0.000,-1.480,1
2026-01-31 17:47:42,7587494,7052.000,1701.000,3602.000,26.000,-5.000,-4.000,0.000,-1.480,1
2026-01-31 17:47:42,7587534,7088.000,1649.000,3696.000,-34.000,-6.000,43.000,0.000,-1.480,1
2026-01-31 17:47:42,7587577,7051.000,1571.000,3659.000,-154.000,-36.000,59.000,0.000,-1.480,1
2026-01-31 17:47:42,7587614,6995.000,1582.000,3591.000,-208.000,-55.000,54.000,0.000,-1.480,1
2026-01-31 17:47:42,7587654,7033.000,1367.000,3485.000,-198.000,-10.000,49.000,0.000,-1.480,1
2026-01-31 17:47:42,7587694,7094.000,1594.000,3515.000,93.000,19.000,14.000,0.000,-1.480,1
2026-01-31 17:47:43,7587734,7422.000,1533.000,3670.000,-12.000,30.000,16.000,0.000,-1.480,1
2026-01-31 17:47:43,7587774,7186.000,1723.000,3639.000,88.000,24.000,22.000,0.000,-1.480,1
2026-01-31 17:47:43,7587814,7205.000,1613.000,3491.000,-116.000,71.000,2.000,0.000,1.050,1
2026-01-31 17:47:43,7587854,6988.000,1659.000,3613.000,36.000,50.000,-14.000,0.000,1.050,1
2026-01-31 17:47:43,7587894,7049.000,1611.000,3678.000,15.000,47.000,-12.000,0.000,1.050,1
2026-01-31 17:47:43,7587934,7014.000,1649.000,3687.000,67.000,75.000,-15.000,0.000,1.050,1
2026-01-31 17:47:43,7587974,7164.000,1593.000,3858.000,71.000,-14.000,-8.000,0.000,1.050,1
2026-01-31 17:47:43,7588014,7097.000,1663.000,3760.000,-71.000,-16.000,62.000,0.000,1.050,1
2026-01-31 17:47:43,7588054,7048.000,1657.000,3640.000,-121.000,-79.000,28.000,0.000,1.050,1
2026-01-31 17:47:43,7588094,7294.000,1491.000,3695.000,-83.000,-24.000,59.000,0.000,1.050,1
2026-01-31 17:47:43,7588134,7216.000,1681.000,3794.000,96.000,-52.000,47.000,0.000,1.050,1
2026-01-31 17:47:43,7588174,7178.000,1580.000,3629.000,-77.000,-12.000,33.000,0.000,1.050,1
2026-01-31 17:47:43,7588214,7225.000,1529.000,3676.000,-72.000,1.000,0.000,0.000,1.050,1
2026-01-31 17:47:43,7588254,7115.000,1589.000,3766.000,60.000,28.000,-21.000,0.000,1.050,1
2026-01-31 17:47:43,7588294,7083.000,1403.000,3570.000,155.000,-1.000,-66.000,0.000,1.050,1
2026-01-31 17:47:43,7588334,7600.000,1049.000,3374.000,1712.000,52.000,73.000,0.000,1.050,1
2026-01-31 17:47:43,7588374,7405.000,2456.000,4551.000,1833.000,853.000,-954.000,0.000,1.050,1
2026-01-31 17:47:43,7588414,7409.000,1224.000,4812.000,1509.000,1932.000,-2632.000,0.000,1.050,1
2026-01-31 17:47:43,7588454,7244.000,2753.000,4517.000,5882.000,2324.000,-4432.000,0.000,1.050,1
2026-01-31 17:47:43,7588494,6966.000,4710.000,4463.000,7203.000,2087.000,-5865.000,0.000,1.050,1
2026-01-31 17:47:43,7588534,6436.000,5228.000,4209.000,4405.000,1875.000,-5998.000,0.000,1.050,1
2026-01-31 17:47:43,7588574,5372.000,5695.000,3795.000,1849.000,1317.000,-5150.000,0.000,1.050,1
2026-01-31 17:47:43,7588614,4903.000,5275.000,2828.000,304.000,824.000,-5118.000,0.000,1.050,1
2026-01-31 17:47:43,7588654,5235.000,5554.000,3314.000,496.000,-115.000,-4748.000,0.000,1.050,1
2026-01-31 17:47:43,7588694,4601.000,5353.000,3170.000,-451.000,-13.000,-4348.000,0.000,1.050,1
2026-01-31 17:47:44,7588734,3914.000,5006.000,2378.000,1205.000,2.000,-4287.000,0.000,1.050,1
2026-01-31 17:47:44,7588774,4206.000,6394.000,2502.000,3141.000,-1185.000,-4147.000,0.000,1.050,1
2026-01-31 17:47:44,7588814,3915.000,3958.000,2272.000,-94.000,-1257.000,-2545.000,0.000,4.650,1
2026-01-31 17:47:44,7588854,4313.000,2535.000,2613.000,3823.000,-1174.000,-851.000,0.000,4.650,1
2026-01-31 17:47:44,7588894,3804.000,7603.000,3283.000,6227.000,-448.000,-759.000,0.000,4.650,1
2026-01-31 17:47:44,7588934,4301.000,7152.000,664.000,3401.000,-864.000,553.000,0.000,4.650,1
2026-01-31 17:47:44,7588974,3688.000,6530.000,1060.000,3473.000,-2285.000,767.000,0.000,4.650,1
2026-01-31 17:47:44,7589014,4205.000,7765.000,2225.000,4788.000,-1959.000,981.000,0.000,4.650,1
2026-01-31 17:47:44,7589054,4486.000,10058.000,1788.000,3473.000,-48.000,-1110.000,0.000,4.650,1
2026-01-31 17:47:44,7589094,2991.000,9505.000,2084.000,-1708.000,588.000,-2482.000,0.000,4.650,1
2026-01-31 17:47:44,7589134,4153.000,5495.000,1793.000,-3321.000,-359.000,-509.000,0.000,4.650,1
2026-01-31 17:47:44,7589174,4303.000,6197.000,838.000,-686.000,-355.000,394.000,0.000,4.650,1
2026-01-31 17:47:44,7589214,3604.000,7097.000,414.000,1022.000,-692.000,682.000,0.000,4.650,1
2026-01-31 17:47:44,7589254,3507.000,6511.000,882.000,-378.000,-847.000,120.000,0.000,4.650,1
2026-01-31 17:47:44,7589294,3828.000,5983.000,339.000,2015.000,-1112.000,765.000,0.000,4.650,1
2026-01-31 17:47:44,7589337,3823.000,7441.000,-82.000,1030.000,-792.000,831.000,0.000,4.650,1
2026-01-31 17:47:44,7589375,3728.000,8427.000,-97.000,1278.000,-1123.000,454.000,0.000,4.650,1
2026-01-31 17:47:44,7589417,4281.000,7993.000,592.000,-1087.000,-1360.000,192.000,0.000,4.650,1
2026-01-31 17:47:44,7589454,4572.000,9222.000,1061.000,-1707.000,-1402.000,102.000,0.000,4.650,1
2026-01-31 17:47:44,7589494,5090.000,9161.000,1671.000,-6970.000,-592.000,-664.000,0.000,4.650,1
2026-01-31 17:47:44,7589534,4703.000,7602.000,2026.000,-11878.000,1013.000,-547.000,0.000,4.650,1
2026-01-31 17:47:44,7589577,1592.000,2040.000,443.000,-8016.000,845.000,149.000,0.000,4.650,1
2026-01-31 17:47:44,7589616,1557.000,2402.000,362.000,-1026.000,-473.000,-302.000,0.000,4.650,1
2026-01-31 17:47:44,7589654,5508.000,8345.000,3778.000,7623.000,-2620.000,-1183.000,0.000,4.650,1
2026-01-31 17:47:44,7589694,4811.000,3715.000,536.000,2041.000,-503.000,221.000,0.000,4.650,1
2026-01-31 17:47:45,7589734,5653.000,6041.000,419.000,8776.000,-3598.000,1274.000,0.000,4.650,1
2026-01-31 17:47:45,7589774,3317.000,10001.000,-87.000,3737.000,-2304.000,1187.000,0.000,4.650,1
2026-01-31 17:47:45,7589814,3478.000,5578.000,789.000,691.000,-1492.000,96.000,0.000,-0.410,1
2026-01-31 17:47:45,7589854,2700.000,7582.000,1940.000,540.000,565.000,-1158.000,0.000,-0.410,1
2026-01-31 17:47:45,7589894,2580.000,6390.000,-96.000,-1287.000,534.000,-1491.000,0.000,-0.410,1
2026-01-31 17:47:45,7589934,3770.000,6842.000,930.000,398.000,-1061.000,-312.000,0.000,-0.410,1
2026-01-31 17:47:45,7589974,4116.000,9108.000,76.000,-1953.000,-1828.000,1150.000,0.000,-0.410,1
2026-01-31 17:47:45,7590014,5179.000,6499.000,1786.000,-3043.000,-2121.000,1261.000,0.000,-0.410,1
2026-01-31 17:47:45,7590054,6304.000,7168.000,1682.000,-2352.000,-577.000,1168.000,0.000,-0.410,1
2026-01-31 17:47:45,7590094,5702.000,5659.000,-998.000,-2180.000,-81.000,512.000,0.000,-0.410,1
2026-01-31 17:47:45,7590134,3088.000,10368.000,-809.000,592.000,-650.000,-1310.000,0.000,-0.410,1
2026-01-31 17:47:45,7590174,1916.000,8950.000,1773.000,-6259.000,-1077.000,-2995.000,0.000,-0.410,1
2026-01-31 17:47:45,7590214,2622.000,4627.000,3701.000,-11688.000,874.000,-3404.000,0.000,-0.410,1
2026-01-31 17:47:45,7590254,1178.000,138.000,2553.000,-4379.000,1706.000,-2526.000,0.000,-0.410,1
2026-01-31 17:47:45,7590294,1924.000,13634.000,5147.000,4285.000,-513.000,-4266.000,0.000,-0.410,1
2026-01-31 17:47:45,7590334,4107.000,5287.000,3547.000,-8109.000,-476.000,-3034.000,0.000,-0.410,1
2026-01-31 17:47:45,7590374,3385.000,9048.000,3535.000,1642.000,-510.000,-3804.000,0.000,-0.410,1
2026-01-31 17:47:45,7590414,2739.000,8020.000,2673.000,-3524.000,-1538.000,-3233.000,0.000,-0.410,1
2026-01-31 17:47:45,7590454,3620.000,9954.000,5034.000,64.000,-1945.000,-3059.000,0.000,-0.410,1
2026-01-31 17:47:45,7590494,3267.000,5654.000,2472.000,-8131.000,-1102.000,-1928.000,0.000,-0.410,1
2026-01-31 17:47:45,7590534,3158.000,5265.000,2768.000,-2433.000,-2557.000,-1326.000,0.000,-0.410,1
2026-01-31 17:47:45,7590574,2648.000,8734.000,4202.000,-1614.000,-2136.000,-1008.000,0.000,-0.410,1
2026-01-31 17:47:45,7590614,2438.000,7235.000,3726.000,-3215.000,-696.000,-1942.000,0.000,-0.410,1
2026-01-31 17:47:45,7590654,2254.000,6957.000,4878.000,-2069.000,-31.000,-2810.000,0.000,-0.410,1
2026-01-31 17:47:45,7590694,2217.000,7374.000,5280.000,-1927.000,522.000,-3092.000,0.000,-0.410,1
2026-01-31 17:47:46,7590734,3229.000,7314.000,6154.000,-2637.000,1170.000,-2755.000,0.000,-0.410,1
2026-01-31 17:47:46,7590774,1264.000,6647.000,3801.000,-4416.000,2174.000,-1733.000,0.000,-0.410,1
2026-01-31 17:47:46,7590814,1481.000,1279.000,4252.000,-3910.000,919.000,443.000,0.000,8.550,1
2026-01-31 17:47:46,7590854,1473.000,3693.000,6050.000,-1771.000,1346.000,2471.000,0.000,8.550,1
2026-01-31 17:47:46,7590894,75.000,4700.000,6707.000,175.000,1993.000,2735.000,0.000,8.550,1
2026-01-31 17:47:46,7590934,228.000,4522.000,8911.000,-525.000,2702.000,2999.000,0.000,8.550,1
2026-01-31 17:47:46,7590974,290.000,4474.000,9338.000,-2039.000,4708.000,4144.000,0.000,8.550,1
2026-01-31 17:47:46,7591014,-28.000,4722.000,8457.000,-3444.000,6211.000,4899.000,0.000,8.550,1
2026-01-31 17:47:46,7591054,-1796.000,4914.000,5970.000,-3551.000,6579.000,5147.000,0.000,8.550,1
2026-01-31 17:47:46,7591094,-3042.000,6368.000,4696.000,-4089.000,6268.000,3350.000,0.000,8.550,1
2026-01-31 17:47:46,7591134,-3571.000,6982.000,2841.000,-6294.000,4163.000,2136.000,0.000,8.550,1
2026-01-31 17:47:46,7591174,-3891.000,7050.000,2897.000,-5328.000,203.000,-961.000,0.000,8.550,1
2026-01-31 17:47:46,7591214,-2066.000,7266.000,4072.000,-5150.000,-2951.000,-4033.000,0.000,8.550,1
2026-01-31 17:47:46,7591254,-1056.000,3858.000,5116.000,-5844.000,-5261.000,-6762.000,0.000,8.550,1
2026-01-31 17:47:46,7591294,354.000,2832.000,7201.000,-3162.000,-6485.000,-7626.000,0.000,8.550,1
2026-01-31 17:47:46,7591334,1422.000,2328.000,8087.000,-2722.000,-5821.000,-6727.000,0.000,8.550,1
2026-01-31 17:47:46,7591374,1468.000,2177.000,7404.000,-3169.000,-5044.000,-5245.000,0.000,8.550,1
2026-01-31 17:47:46,7591414,3348.000,2419.000,7157.000,-3743.000,-6214.000,-4327.000,0.000,8.550,1
2026-01-31 17:47:46,7591454,4969.000,490.000,6485.000,-6457.000,-7313.000,-1994.000,0.000,8.550,1
2026-01-31 17:47:46,7591494,5222.000,-1265.000,6272.000,-8861.000,-7376.000,-37.000,0.000,8.550,1
2026-01-31 17:47:46,7591534,5959.000,-3126.000,5407.000,-7034.000,-7397.000,1132.000,0.000,8.550,1
2026-01-31 17:47:46,7591574,8130.000,-6033.000,4634.000,-877.000,-5181.000,2991.000,0.000,8.550,1
2026-01-31 17:47:46,7591614,8215.000,30.000,1760.000,15494.000,-2760.000,4791.000,0.000,8.550,1
2026-01-31 17:47:46,7591654,7505.000,6975.000,6540.000,14632.000,-3025.000,2499.000,0.000,8.550,1
2026-01-31 17:47:46,7591694,7308.000,6157.000,8711.000,-2250.000,-3537.000,1965.000,0.000,8.550,1
2026-01-31 17:47:47,7591734,6798.000,-381.000,8907.000,-9725.000,-853.000,-223.000,0.000,8.550,1
2026-01-31 17:47:47,7591774,6395.000,-1862.000,8766.000,-1673.000,2179.000,-722.000,0.000,8.550,1
2026-01-31 17:47:47,7591814,4691.000,-381.000,8008.000,3032.000,2924.000,-1184.000,0.000,0.520,1
2026-01-31 17:47:47,7591854,4573.000,1734.000,8161.000,2897.000,1896.000,-1935.000,0.000,0.520,1
2026-01-31 17:47:47,7591894,3993.000,-1798.000,9049.000,5564.000,995.000,-2675.000,0.000,0.520,1
2026-01-31 17:47:47,7591934,1946.000,-160.000,6295.000,16641.000,2434.000,-2953.000,0.000,0.520,1
2026-01-31 17:47:47,7591974,2776.000,5878.000,5898.000,16104.000,1516.000,-2629.000,0.000,0.520,1
2026-01-31 17:47:47,7592014,2486.000,7061.000,5677.000,5961.000,836.000,-1104.000,0.000,0.520,1
2026-01-31 17:47:47,7592054,2506.000,5700.000,5580.000,365.000,-644.000,-129.000,0.000,0.520,1
2026-01-31 17:47:47,7592094,3792.000,4911.000,5858.000,-2028.000,-1075.000,598.000,0.000,0.520,1
2026-01-31 17:47:47,7592134,5138.000,5519.000,5408.000,1075.000,-586.000,-1172.000,0.000,0.520,1
2026-01-31 17:47:47,7592174,2593.000,4688.000,3268.000,1315.000,290.000,-2637.000,0.000,0.520,1
2026-01-31 17:47:47,7592214,2985.000,3615.000,5159.000,3797.000,-1519.000,-1888.000,0.000,0.520,1
2026-01-31 17:47:47,7592254,3710.000,4792.000,6919.000,-104.000,-711.000,-490.000,0.000,0.520,1
2026-01-31 17:47:47,7592294,3825.000,4296.000,6316.000,1830.000,280.000,1161.000,0.000,0.520,1
2026-01-31 17:47:47,7592334,3318.000,6453.000,5791.000,3016.000,630.000,1036.000,0.000,0.520,1
2026-01-31 17:47:47,7592374,3952.000,6199.000,4594.000,1883.000,840.000,1263.000,0.000,0.520,1
2026-01-31 17:47:47,7592414,3804.000,6078.000,4056.000,1782.000,413.000,736.000,0.000,0.520,1
2026-01-31 17:47:47,7592454,3808.000,6420.000,4207.000,248.000,104.000,216.000,0.000,0.520,1
2026-01-31 17:47:47,7592494,3799.000,5746.000,4622.000,-1526.000,94.000,123.000,0.000,0.520,1
2026-01-31 17:47:47,7592534,3651.000,5147.000,5350.000,-829.000,127.000,-161.000,0.000,0.520,1
2026-01-31 17:47:47,7592574,3510.000,5182.000,5374.000,420.000,102.000,-393.000,0.000,0.520,1
2026-01-31 17:47:47,7592614,3401.000,6525.000,5022.000,497.000,291.000,-406.000,0.000,0.520,1
2026-01-31 17:47:47,7592654,3222.000,5340.000,4517.000,-665.000,277.000,60.000,0.000,0.520,1
2026-01-31 17:47:47,7592694,3634.000,5843.000,4856.000,118.000,-142.000,244.000,0.000,0.520,1
2026-01-31 17:47:48,7592734,3698.000,6018.000,4823.000,62.000,-117.000,268.000,0.000,0.520,1
2026-01-31 17:47:48,7592774,3371.000,5259.000,4593.000,-1148.000,59.000,-32.000,0.000,0.520,1
2026-01-31 17:47:48,7592814,3443.000,5001.000,4882.000,-1353.000,78.000,203.000,0.000,-3.080,1
2026-01-31 17:47:48,7592854,3610.000,5506.000,5446.000,-357.000,171.000,108.000,0.000,-3.080,1
2026-01-31 17:47:48,7592894,3528.000,5450.000,5282.000,178.000,226.000,51.000,0.000,-3.080,1
2026-01-31 17:47:48,7592934,3375.000,5683.000,5004.000,678.000,132.000,20.000,0.000,-3.080,1
2026-01-31 17:47:48,7592974,3535.000,6103.000,4857.000,890.000,-47.000,185.000,0.000,-3.080,1
2026-01-31 17:47:48,7593014,3554.000,6200.000,5057.000,189.000,2.000,72.000,0.000,-3.080,1
2026-01-31 17:47:48,7593054,3321.000,5434.000,4926.000,-702.000,34.000,-175.000,0.000,-3.080,1
2026-01-31 17:47:48,7593094,3264.000,5189.000,5066.000,-813.000,10.000,-86.000,0.000,-3.080,1
2026-01-31 17:47:48,7593134,3586.000,5512.000,5267.000,-140.000,-5.000,158.000,0.000,-3.080,1
2026-01-31 17:47:48,7593174,3570.000,5604.000,4945.000,420.000,-129.000,31.000,0.000,-3.080,1
2026-01-31 17:47:48,7593214,3679.000,5915.000,4910.000,215.000,-174.000,121.000,0.000,-3.080,1
2026-01-31 17:47:48,7593254,3837.000,5718.000,5147.000,-290.000,-102.000,111.000,0.000,-3.080,1
2026-01-31 17:47:48,7593294,3849.000,5350.000,5272.000,-454.000,11.000,-18.000,0.000,-3.080,1
2026-01-31 17:47:48,7593334,3597.000,5331.000,5251.000,-161.000,161.000,-166.000,0.000,-3.080,1
2026-01-31 17:47:48,7593374,3368.000,5271.000,4956.000,95.000,92.000,-115.000,0.000,-3.080,1
2026-01-31 17:47:48,7593414,3593.000,5787.000,5102.000,219.000,25.000,200.000,0.000,-3.080,1
2026-01-31 17:47:48,7593454,3713.000,5706.000,5283.000,-43.000,-14.000,125.000,0.000,-3.080,1
2026-01-31 17:47:48,7593494,3701.000,5584.000,5202.000,102.000,-57.000,-50.000,0.000,-3.080,1
2026-01-31 17:47:48,7593534,3587.000,5269.000,4993.000,-40.000,-112.000,-35.000,0.000,-3.080,1
2026-01-31 17:47:48,7593577,3877.000,5638.000,5190.000,49.000,-61.000,69.000,0.000,-3.080,1
2026-01-31 17:47:48,7593614,3849.000,5457.000,5072.000,57.000,-25.000,-31.000,0.000,-3.080,1
2026-01-31 17:47:48,7593654,3560.000,5599.000,4956.000,96.000,67.000,-139.000,0.000,-3.080,1
2026-01-31 17:47:48,7593694,3600.000,5491.000,4880.000,103.000,64.000,-4.000,0.000,-3.080,1
2026-01-31 17:47:49,7593734,3447.000,5589.000,5081.000,-8.000,145.000,-16.000,0.000,-3.080,1
2026-01-31 17:47:49,7593774,3456.000,5460.000,4902.000,121.000,62.000,-86.000,0.000,-3.080,1
2026-01-31 17:47:49,7593814,3361.000,5782.000,4961.000,116.000,59.000,-26.000,0.000,1.690,1
2026-01-31 17:47:49,7593854,3433.000,5367.000,4833.000,191.000,-55.000,-14.000,0.000,1.690,1
2026-01-31 17:47:49,7593894,3700.000,6083.000,4871.000,573.000,-100.000,13.000,0.000,1.690,1
2026-01-31 17:47:49,7593934,3158.000,5236.000,4720.000,-199.000,72.000,-345.000,0.000,1.690,1
2026-01-31 17:47:49,7593974,2944.000,5141.000,4629.000,-437.000,15.000,-128.000,0.000,1.690,1
2026-01-31 17:47:49,7594014,3709.000,5422.000,4720.000,-14.000,-48.000,340.000,0.000,1.690,1
2026-01-31 17:47:49,7594054,3987.000,6061.000,5502.000,-33.000,281.000,249.000,0.000,1.690,1
2026-01-31 17:47:49,7594094,3642.000,5731.000,5351.000,262.000,149.000,-242.000,0.000,1.690,1
2026-01-31 17:47:49,7594134,3302.000,6296.000,4908.000,471.000,-34.000,-98.000,0.000,1.690,1
2026-01-31 17:47:49,7594174,3217.000,5593.000,4700.000,-113.000,-76.000,-10.000,0.000,1.690,1
2026-01-31 17:47:49,7594214,3313.000,5320.000,4941.000,-666.000,-146.000,220.000,0.000,1.690,1
2026-01-31 17:47:49,7594254,3994.000,5627.000,5237.000,-127.000,-80.000,282.000,0.000,1.690,1
2026-01-31 17:47:49,7594294,3527.000,5742.000,5254.000,206.000,159.000,-263.000,0.000,1.690,1
2026-01-31 17:47:49,7594334,3181.000,5772.000,4575.000,400.000,-65.000,-188.000,0.000,1.690,1
2026-01-31 17:47:49,7594374,3467.000,5853.000,4781.000,-189.000,-109.000,303.000,0.000,1.690,1
2026-01-31 17:47:49,7594414,3777.000,5372.000,5068.000,-349.000,-149.000,263.000,0.000,1.690,1
2026-01-31 17:47:49,7594454,3620.000,5358.000,5082.000,-128.000,-4.000,-80.000,0.000,1.690,1
2026-01-31 17:47:49,7594494,3414.000,5358.000,4678.000,273.000,45.000,-118.000,0.000,1.690,1
2026-01-31 17:47:49,7594534,3494.000,5867.000,4802.000,136.000,-15.000,131.000,0.000,1.690,1
2026-01-31 17:47:49,7594574,3570.000,5414.000,4920.000,-298.000,-71.000,64.000,0.000,1.690,1
2026-01-31 17:47:49,7594614,3696.000,5357.000,4989.000,-153.000,-59.000,31.000,0.000,1.690,1
2026-01-31 17:47:49,7594654,3634.000,5462.000,4991.000,12.000,33.000,10.000,0.000,1.690,1
2026-01-31 17:47:49,7594694,3703.000,5647.000,4945.000,81.000,8.000,6.000,0.000,1.690,1
2026-01-31 17:47:50,7594734,3717.000,5679.000,5067.000,44.000,61.000,-16.000,0.000,1.690,1
2026-01-31 17:47:50,7594774,3719.000,5780.000,5016.000,110.000,69.000,-45.000,0.000,1.690,1
2026-01-31 17:47:50,7594814,3731.000,6006.000,5189.000,76.000,115.000,-6.000,0.000,-4.530,1
2026-01-31 17:47:50,7594854,3509.000,5631.000,4996.000,50.000,87.000,-119.000,0.000,-4.530,1
2026-01-31 17:47:50,7594894,3283.000,5838.000,5053.000,-56.000,107.000,-87.000,0.000,-4.530,1
2026-01-31 17:47:50,7594934,3397.000,5546.000,5008.000,-47.000,-35.000,70.000,0.000,-4.530,1
2026-01-31 17:47:50,7594974,3589.000,5614.000,4914.000,114.000,-107.000,89.000,0.000,-4.530,1
2026-01-31 17:47:50,7595014,3665.000,5984.000,5120.000,100.000,-60.000,86.000,0.000,-4.530,1
2026-01-31 17:47:50,7595054,3584.000,5795.000,4782.000,81.000,-78.000,-29.000,0.000,-4.530,1
2026-01-31 17:47:50,7595094,3539.000,5459.000,4846.000,-107.000,-30.000,60.000,0.000,-4.530,1
2026-01-31 17:47:50,7595134,3637.000,5435.000,4727.000,-7.000,-18.000,9.000,0.000,-4.530,1
2026-01-31 17:47:50,7595174,3483.000,5571.000,5050.000,-148.000,111.000,-13.000,0.000,-4.530,1
2026-01-31 17:47:50,7595214,3512.000,5280.000,4686.000,120.000,-5.000,-33.000,0.000,-4.530,1
2026-01-31 17:47:50,7595254,3578.000,5830.000,4874.000,113.000,26.000,72.000,0.000,-4.530,1
2026-01-31 17:47:50,7595294,3538.000,5620.000,4828.000,54.000,34.000,21.000,0.000,-4.530,1
2026-01-31 17:47:50,7595334,3613.000,5852.000,4927.000,19.000,48.000,-25.000,0.000,-4.530,1
2026-01-31 17:47:50,7595374,3549.000,5685.000,4942.000,19.000,55.000,-17.000,0.000,-4.530,1
2026-01-31 17:47:50,7595414,3421.000,5895.000,4931.000,55.000,54.000,-58.000,0.000,-4.530,1
2026-01-31 17:47:50,7595454,3351.000,5624.000,4962.000,-102.000,-6.000,27.000,0.000,-4.530,1
2026-01-31 17:47:50,7595494,3484.000,5710.000,4857.000,31.000,-67.000,81.000,0.000,-4.530,1
2026-01-31 17:47:50,7595534,3649.000,5741.000,4959.000,17.000,-82.000,150.000,0.000,-4.530,1
2026-01-31 17:47:50,7595577,3676.000,5805.000,4860.000,13.000,-38.000,22.000,0.000,-4.530,1
2026-01-31 17:47:50,7595614,3564.000,5678.000,4884.000,-66.000,3.000,11.000,0.000,-4.530,1
2026-01-31 17:47:50,7595654,3587.000,5537.000,4694.000,84.000,11.000,21.000,0.000,-4.530,1
2026-01-31 17:47:50,7595694,3639.000,5882.000,4970.000,-34.000,56.000,83.000,0.000,-4.530,1
2026-01-31 17:47:51,7595734,3592.000,5418.000,4807.000,-84.000,-12.000,29.000,0.000,-4.530,1
2026-01-31 17:47:51,7595774,3497.000,5524.000,4910.000,-96.000,26.000,12.000,0.000,-4.530,1
2026-01-31 17:47:51,7595814,3633.000,5617.000,4731.000,88.000,-42.000,30.000,0.000,6.260,1
2026-01-31 17:47:51,7595854,3767.000,5794.000,4944.000,22.000,31.000,73.000,0.000,6.260,1
2026-01-31 17:47:51,7595894,3770.000,5597.000,5040.000,-34.000,44.000,-39.000,0.000,6.260,1
2026-01-31 17:47:51,7595934,3861.000,5835.000,4875.000,208.000,-21.000,-38.000,0.000,6.260,1
2026-01-31 17:47:51,7595974,3582.000,5729.000,5100.000,-96.000,58.000,-6.000,0.000,6.260,1
2026-01-31 17:47:51,7596014,3608.000,5431.000,4752.000,12.000,-46.000,-39.000,0.000,6.260,1
2026-01-31 17:47:51,7596054,3810.000,5819.000,5021.000,37.000,45.000,99.000,0.000,6.260,1
2026-01-31 17:47:51,7596094,3720.000,5562.000,4749.000,201.000,10.000,-70.000,0.000,6.260,1
2026-01-31 17:47:51,7596134,3661.000,6029.000,4790.000,145.000,89.000,-80.000,0.000,6.260,1
2026-01-31 17:47:51,7596174,3335.000,5752.000,4677.000,3.000,158.000,-47.000,0.000,6.260,1
2026-01-31 17:47:51,7596214,3443.000,5850.000,4695.000,75.000,3.000,21.000,0.000,6.260,1
2026-01-31 17:47:51,7596254,3402.000,5605.000,4906.000,-104.000,22.000,78.000,0.000,6.260,1
2026-01-31 17:47:51,7596294,3689.000,5635.000,4536.000,130.000,-146.000,7.000,0.000,6.260,1
2026-01-31 17:47:51,7596334,3713.000,5928.000,4870.000,-39.000,18.000,25.000,0.000,6.260,1
2026-01-31 17:47:51,7596374,3560.000,5378.000,4476.000,80.000,-40.000,-81.000,0.000,6.260,1
2026-01-31 17:47:51,7596414,3581.000,6111.000,4868.000,-23.000,149.000,-6.000,0.000,6.260,1
2026-01-31 17:47:51,7596454,3333.000,5368.000,4781.000,-95.000,122.000,9.000,0.000,6.260,1
2026-01-31 17:47:51,7596494,3554.000,6067.000,4783.000,144.000,53.000,37.000,0.000,6.260,1
2026-01-31 17:47:51,7596534,3508.000,5734.000,4937.000,-95.000,42.000,81.000,0.000,6.260,1
2026-01-31 17:47:51,7596574,3651.000,6261.000,4912.000,127.000,-38.000,37.000,0.000,6.260,1
2026-01-31 17:47:51,7596614,3579.000,5672.000,4828.000,-47.000,-69.000,26.000,0.000,6.260,1
2026-01-31 17:47:51,7596654,3724.000,5780.000,4717.000,-27.000,-123.000,20.000,0.000,6.260,1
2026-01-31 17:47:51,7596694,3584.000,5598.000,4953.000,-177.000,10.000,28.000,0.000,6.260,1
2026-01-31 17:47:52,7596734,3654.000,5390.000,4586.000,92.000,-84.000,5.000,0.000,6.260,1
2026-01-31 17:47:52,7596774,3706.000,5893.000,4864.000,20.000,62.000,66.000,0.000,6.260,1
2026-01-31 17:47:52,7596814,3562.000,5261.000,4556.000,48.000,-1.000,-25.000,0.000,-0.360,1
2026-01-31 17:47:52,7596854,3559.000,5870.000,4694.000,113.000,89.000,-39.000,0.000,-0.360,1
2026-01-31 17:47:52,7596894,3431.000,5544.000,4703.000,16.000,84.000,-19.000,0.000,-0.360,1
2026-01-31 17:47:52,7596934,3569.000,5897.000,4726.000,107.000,39.000,-19.000,0.000,-0.360,1
2026-01-31 17:47:52,7596974,3515.000,5551.000,4755.000,23.000,-6.000,-41.000,0.000,-0.360,1
2026-01-31 17:47:52,7597014,3656.000,6109.000,4805.000,157.000,-24.000,-39.000,0.000,-0.360,1
2026-01-31 17:47:52,7597054,3676.000,5814.000,4871.000,-13.000,7.000,30.000,0.000,-0.360,1
2026-01-31 17:47:52,7597094,3756.000,5940.000,4777.000,133.000,-51.000,-2.000,0.000,-0.360,1
2026-01-31 17:47:52,7597134,3642.000,5863.000,4789.000,22.000,52.000,-32.000,0.000,-0.360,1
2026-01-31 17:47:52,7597174,3629.000,5798.000,4626.000,80.000,-8.000,-25.000,0.000,-0.360,1
2026-01-31 17:47:52,7597214,3618.000,5833.000,4694.000,-6.000,39.000,9.000,0.000,-0.360,1
2026-01-31 17:47:52,7597254,3508.000,5846.000,4793.000,-22.000,93.000,-39.000,0.000,-0.360,1
2026-01-31 17:47:52,7597294,3360.000,5475.000,4544.000,-26.000,18.000,-85.000,0.000,-0.360,1
2026-01-31 17:47:52,7597334,3466.000,5912.000,4792.000,31.000,47.000,72.000,0.000,-0.360,1
2026-01-31 17:47:52,7597377,3598.000,5733.000,4592.000,83.000,-68.000,-5.000,0.000,-0.360,1
2026-01-31 17:47:52,7597417,3474.000,5972.000,4836.000,4.000,28.000,32.000,0.000,-0.360,1
2026-01-31 17:47:52,7597454,3444.000,5566.000,4638.000,-8.000,-28.000,12.000,0.000,-0.360,1
2026-01-31 17:47:52,7597494,3595.000,6014.000,4645.000,80.000,-34.000,27.000,0.000,-0.360,1
2026-01-31 17:47:52,7597534,3467.000,5775.000,4742.000,-51.000,0.000,62.000,0.000,-0.360,1
2026-01-31 17:47:52,7597577,3603.000,5884.000,4704.000,-60.000,-45.000,104.000,0.000,-0.360,1
2026-01-31 17:47:52,7597614,3541.000,5750.000,4751.000,-114.000,-8.000,84.000,0.000,-0.360,1
2026-01-31 17:47:52,7597654,3597.000,5662.000,4618.000,28.000,-85.000,45.000,0.000,-0.360,1
2026-01-31 17:47:52,7597694,3653.000,5998.000,4785.000,29.000,-33.000,67.000,0.000,-0.360,1
2026-01-31 17:47:53,7597734,3521.000,5846.000,4551.000,49.000,-50.000,-11.000,0.000,-0.360,1
2026-01-31 17:47:53,7597774,3501.000,5650.000,4573.000,-118.000,-28.000,107.000,0.000,-0.360,1
2026-01-31 17:47:53,7597814,3781.000,6035.000,4773.000,-26.000,-21.000,149.000,0.000,-6.350,1
2026-01-31 17:47:53,7597854,3779.000,5763.000,4860.000,-124.000,-22.000,41.000,0.000,-6.350,1
2026-01-31 17:47:53,7597894,3597.000,5819.000,4753.000,4.000,-22.000,-53.000,0.000,-6.350,1
2026-01-31 17:47:53,7597934,3611.000,5888.000,4795.000,-47.000,-15.000,60.000,0.000,-6.350,1
2026-01-31 17:47:53,7597974,3696.000,5847.000,4765.000,-23.000,-76.000,103.000,0.000,-6.350,1
2026-01-31 17:47:53,7598014,3674.000,5719.000,4778.000,-88.000,-85.000,54.000,0.000,-6.350,1
2026-01-31 17:47:53,7598054,3694.000,5598.000,4644.000,-21.000,-122.000,62.000,0.000,-6.350,1
2026-01-31 17:47:53,7598094,3831.000,5723.000,4758.000,27.000,-78.000,50.000,0.000,-6.350,1
2026-01-31 17:47:53,7598134,3666.000,5785.000,4655.000,50.000,-47.000,-41.000,0.000,-6.350,1
2026-01-31 17:47:53,7598174,3433.000,5550.000,4489.000,-40.000,-21.000,-5.000,0.000,-6.350,1
2026-01-31 17:47:53,7598214,3587.000,5765.000,4558.000,-16.000,-42.000,118.000,0.000,-6.350,1
2026-01-31 17:47:53,7598254,3708.000,5560.000,4625.000,-70.000,-48.000,129.000,0.000,-6.350,1
2026-01-31 17:47:53,7598294,3744.000,5925.000,4709.000,102.000,-12.000,6.000,0.000,-6.350,1
2026-01-31 17:47:53,7598334,3601.000,5634.000,4534.000,52.000,-55.000,-26.000,0.000,-6.350,1
2026-01-31 17:47:53,7598374,3703.000,6183.000,4675.000,83.000,-39.000,57.000,0.000,-6.350,1
2026-01-31 17:47:53,7598414,3695.000,5595.000,4648.000,-166.000,-95.000,75.000,0.000,-6.350,1
2026-01-31 17:47:53,7598454,3864.000,5759.000,4609.000,-47.000,-108.000,30.000,0.000,-6.350,1
2026-01-31 17:47:53,7598494,3796.000,5629.000,4656.000,18.000,43.000,-34.000,0.000,-6.350,1
2026-01-31 17:47:53,7598534,3623.000,5692.000,4576.000,15.000,59.000,-50.000,0.000,-6.350,1
2026-01-31 17:47:53,7598574,3459.000,5639.000,4553.000,-21.000,101.000,-34.000,0.000,-6.350,1
2026-01-31 17:47:53,7598614,3511.000,5590.000,4489.000,13.000,-5.000,51.000,0.000,-6.350,1
2026-01-31 17:47:53,7598654,3622.000,5779.000,4743.000,-29.000,-4.000,77.000,0.000,-6.350,1
2026-01-31 17:47:53,7598694,3779.000,5955.000,4791.000,130.000,-64.000,43.000,0.000,-6.350,1
2026-01-31 17:47:54,7598734,3655.000,5772.000,4658.000,51.000,-81.000,-24.000,0.000,-6.350,1
2026-01-31 17:47:54,7598774,3669.000,5893.000,4613.000,53.000,-73.000,35.000,0.000,-6.350,1
2026-01-31 17:47:54,7598814,3876.000,5721.000,4556.000,7.000,-90.000,107.000,0.000,5.180,1
2026-01-31 17:47:54,7598854,3766.000,5476.000,4626.000,-76.000,13.000,35.000,0.000,5.180,1
2026-01-31 17:47:54,7598894,3875.000,5875.000,4526.000,116.000,14.000,0.000,0.000,5.180,1
2026-01-31 17:47:54,7598934,3709.000,5725.000,4700.000,-45.000,89.000,22.000,0.000,5.180,1
2026-01-31 17:47:54,7598974,3705.000,5689.000,4406.000,54.000,19.000,-73.000,0.000,5.180,1
2026-01-31 17:47:54,7599014,3612.000,5727.000,4721.000,-129.000,105.000,28.000,0.000,5.180,1
2026-01-31 17:47:54,7599054,3690.000,5618.000,4535.000,78.000,-5.000,-8.000,0.000,5.180,1
2026-01-31 17:47:54,7599094,3865.000,6068.000,4810.000,24.000,29.000,24.000,0.000,5.180,1
2026-01-31 17:47:54,7599134,3739.000,5595.000,4670.000,3.000,6.000,-55.000,0.000,5.180,1
2026-01-31 17:47:54,7599174,3785.000,5795.000,4574.000,68.000,-19.000,-56.000,0.000,5.180,1
2026-01-31 17:47:54,7599214,3701.000,5670.000,4639.000,-41.000,62.000,-12.000,0.000,5.180,1
2026-01-31 17:47:54,7599254,3769.000,5606.000,4581.000,-35.000,75.000,-29.000,0.000,5.180,1
2026-01-31 17:47:54,7599294,3666.000,5725.000,4736.000,3.000,134.000,-52.000,0.000,5.180,1
2026-01-31 17:47:54,7599337,3586.000,5970.000,4571.000,181.000,72.000,-66.000,0.000,5.180,1
2026-01-31 17:47:54,7599376,3477.000,5751.000,4517.000,24.000,37.000,-3.000,0.000,5.180,1
2026-01-31 17:47:54,7599414,3483.000,5659.000,4417.000,64.000,10.000,-6.000,0.000,5.180,1
2026-01-31 17:47:54,7599454,3703.000,6147.000,4698.000,37.000,27.000,68.000,0.000,5.180,1
2026-01-31 17:47:54,7599494,3721.000,5930.000,4758.000,44.000,34.000,7.000,0.000,5.180,1
2026-01-31 17:47:54,7599534,3700.000,6113.000,4769.000,38.000,-18.000,-26.000,0.000,5.180,1
2026-01-31 17:47:54,7599577,3660.000,5931.000,4596.000,-45.000,-53.000,51.000,0.000,5.180,1
2026-01-31 17:47:54,7599614,3682.000,5630.000,4610.000,-98.000,-48.000,90.000,0.000,5.180,1
2026-01-31 17:47:54,7599654,3858.000,5789.000,4619.000,13.000,-20.000,78.000,0.000,5.180,1
2026-01-31 17:47:54,7599694,3809.000,5871.000,4740.000,43.000,52.000,6.000,0.000,5.180,1
2026-01-31 17:47:55,7599734,3669.000,5792.000,4567.000,70.000,17.000,-64.000,0.000,5.180,1
2026-01-31 17:47:55,7599774,3631.000,5879.000,4626.000,4.000,-12.000,42.000,0.000,5.180,1
2026-01-31 17:47:55,7599814,3685.000,5690.000,4559.000,-47.000,-52.000,49.000,0.000,-1.820,1
2026-01-31 17:47:55,7599854,3783.000,5670.000,4563.000,-54.000,-24.000,26.000,0.000,-1.820,1
2026-01-31 17:47:55,7599894,3706.000,5748.000,4732.000,-5.000,25.000,7.000,0.000,-1.820,1
2026-01-31 17:47:55,7599934,3619.000,5497.000,4360.000,99.000,-32.000,-62.000,0.000,-1.820,1
2026-01-31 17:47:55,7599974,3620.000,5891.000,4621.000,-3.000,50.000,57.000,0.000,-1.820,1
2026-01-31 17:47:55,7600014,3839.000,5920.000,4571.000,133.000,2.000,-3.000,0.000,-1.820,1
2026-01-31 17:47:55,7600054,3800.000,6017.000,4645.000,117.000,72.000,-27.000,0.000,-1.820,1
2026-01-31 17:47:55,7600094,3619.000,5987.000,4568.000,57.000,44.000,-45.000,0.000,-1.820,1
2026-01-31 17:47:55,7600134,3663.000,5773.000,4405.000,-82.000,6.000,-4.000,0.000,-1.820,1
2026-01-31 17:47:55,7600174,3552.000,5632.000,4530.000,-181.000,25.000,41.000,0.000,-1.820,1
2026-01-31 17:47:55,7600214,3841.000,5782.000,4496.000,-8.000,-6.000,82.000,0.000,-1.820,1
2026-01-31 17:47:55,7600254,3629.000,5697.000,4695.000,-77.000,120.000,-33.000,0.000,-1.820,1
2026-01-31 17:47:55,7600294,3547.000,5901.000,4623.000,60.000,76.000,-63.000,0.000,-1.820,1
2026-01-31 17:47:55,7600334,3553.000,5759.000,4680.000,-38.000,23.000,50.000,0.000,-1.820,1
2026-01-31 17:47:55,7600374,3630.000,5598.000,4674.000,-90.000,-68.000,40.000,0.000,-1.820,1
2026-01-31 17:47:55,7600414,3868.000,5781.000,4887.000,-10.000,-19.000,42.000,0.000,-1.820,1
2026-01-31 17:47:55,7600454,3697.000,5536.000,4640.000,94.000,-56.000,-75.000,0.000,-1.820,1
2026-01-31 17:47:55,7600494,3655.000,5958.000,4583.000,188.000,0.000,-9.000,0.000,-1.820,1
2026-01-31 17:47:55,7600534,3596.000,5704.000,4488.000,110.000,-33.000,108.000,0.000,-1.820,1
2026-01-31 17:47:55,7600574,3760.000,5911.000,4481.000,100.000,-3.000,62.000,0.000,-1.820,1
2026-01-31 17:47:55,7600614,3828.000,6199.000,4828.000,144.000,61.000,98.000,0.000,-1.820,1
2026-01-31 17:47:55,7600654,3923.000,6324.000,4763.000,303.000,-51.000,13.000,0.000,-1.820,1
2026-01-31 17:47:55,7600694,3942.000,6166.000,4634.000,97.000,-121.000,14.000,0.000,-1.820,1
2026-01-31 17:47:56,7600734,3778.000,5956.000,4495.000,-42.000,-150.000,5.000,0.000,-1.820,1
2026-01-31 17:47:56,7600774,3938.000,5770.000,4363.000,-116.000,-42.000,120.000,0.000,-1.820,1
2026-01-31 17:47:56,7600814,3783.000,5576.000,4488.000,-150.000,141.000,36.000,0.000,-1.470,1
2026-01-31 17:47:56,7600854,3452.000,5379.000,4301.000,-70.000,151.000,-114.000,0.000,-1.470,1
2026-01-31 17:47:56,7600894,3225.000,5640.000,4336.000,50.000,182.000,-22.000,0.000,-1.470,1
2026-01-31 17:47:56,7600934,3208.000,5434.000,4281.000,-20.000,21.000,137.000,0.000,-1.470,1
2026-01-31 17:47:56,7600974,3541.000,5607.000,4314.000,-19.000,-132.000,195.000,0.000,-1.470,1
2026-01-31 17:47:56,7601014,3735.000,5451.000,4423.000,-17.000,-169.000,100.000,0.000,-1.470,1
2026-01-31 17:47:56,7601054,3715.000,5485.000,4313.000,99.000,-176.000,-19.000,0.000,-1.470,1
2026-01-31 17:47:56,7601094,3877.000,5650.000,4269.000,100.000,-147.000,43.000,0.000,-1.470,1
2026-01-31 17:47:56,7601134,4032.000,5656.000,4387.000,-12.000,-40.000,43.000,0.000,-1.470,1
2026-01-31 17:47:56,7601174,4208.000,6023.000,4718.000,97.000,152.000,-72.000,0.000,-1.470,1
2026-01-31 17:47:56,7601214,4017.000,6123.000,4617.000,215.000,159.000,-97.000,0.000,-1.470,1
2026-01-31 17:47:56,7601254,4052.000,6458.000,4668.000,160.000,135.000,12.000,0.000,-1.470,1
2026-01-31 17:47:56,7601294,3837.000,6222.000,4658.000,26.000,128.000,-32.000,0.000,-1.470,1
2026-01-31 17:47:56,7601337,3811.000,6285.000,4684.000,-75.000,81.000,36.000,0.000,-1.470,1
2026-01-31 17:47:56,7601374,3719.000,5960.000,4622.000,-118.000,76.000,11.000,0.000,-1.470,1
2026-01-31 17:47:56,7601414,3682.000,5970.000,4513.000,-5.000,20.000,-23.000,0.000,-1.470,1
2026-01-31 17:47:56,7601454,3528.000,5676.000,4498.000,-142.000,-4.000,-13.000,0.000,-1.470,1
2026-01-31 17:47:56,7601494,3567.000,5544.000,4205.000,53.000,-113.000,23.000,0.000,-1.470,1
2026-01-31 17:47:56,7601534,3780.000,5648.000,4292.000,45.000,-90.000,129.000,0.000,-1.470,1
2026-01-31 17:47:56,7601576,3713.000,5543.000,4061.000,169.000,-96.000,11.000,0.000,-1.470,1
2026-01-31 17:47:56,7601614,3704.000,5692.000,4044.000,199.000,-67.000,29.000,0.000,-1.470,1
2026-01-31 17:47:56,7601654,3819.000,5725.000,4017.000,137.000,-58.000,79.000,0.000,-1.470,1
2026-01-31 17:47:56,7601694,3971.000,5994.000,4255.000,59.000,38.000,49.000,0.000,-1.470,1
2026-01-31 17:47:57,7601734,3717.000,5815.000,4234.000,75.000,69.000,-67.000,0.000,-1.470,1
2026-01-31 17:47:57,7601774,3767.000,6073.000,4039.000,157.000,6.000,25.000,0.000,-1.470,1
2026-01-31 17:47:57,7601814,3862.000,6065.000,4265.000,-102.000,29.000,142.000,0.000,-0.830,1
2026-01-31 17:47:57,7601854,3961.000,5880.000,4173.000,-89.000,-9.000,26.000,0.000,-0.830,1
2026-01-31 17:47:57,7601894,3941.000,6018.000,4437.000,-121.000,77.000,28.000,0.000,-0.830,1
2026-01-31 17:47:57,7601934,3780.000,5823.000,4280.000,-42.000,78.000,-71.000,0.000,-0.830,1
2026-01-31 17:47:57,7601974,3706.000,5932.000,4362.000,-79.000,58.000,35.000,0.000,-0.830,1
2026-01-31 17:47:57,7602014,3782.000,5779.000,4396.000,-67.000,-24.000,112.000,0.000,-0.830,1
2026-01-31 17:47:57,7602054,4047.000,5917.000,4338.000,66.000,-103.000,137.000,0.000,-0.830,1
2026-01-31 17:47:57,7602094,4045.000,6060.000,4478.000,89.000,-38.000,25.000,0.000,-0.830,1
2026-01-31 17:47:57,7602134,3887.000,5874.000,4241.000,93.000,-70.000,-39.000,0.000,-0.830,1
2026-01-31 17:47:57,7602174,3991.000,5997.000,4196.000,82.000,-87.000,63.000,0.000,-0.830,1
2026-01-31 17:47:57,7602214,4143.000,6021.000,4340.000,14.000,-27.000,101.000,0.000,-0.830,1
2026-01-31 17:47:57,7602254,4049.000,5904.000,4348.000,-21.000,16.000,-46.000,0.000,-0.830,1
2026-01-31 17:47:57,7602294,3850.000,5901.000,4078.000,121.000,-5.000,14.000,0.000,-0.830,1
2026-01-31 17:47:57,7602334,3917.000,5935.000,4024.000,26.000,5.000,64.000,0.000,-0.830,1
2026-01-31 17:47:57,7602374,3846.000,5908.000,4173.000,-85.000,70.000,28.000,0.000,-0.830,1
2026-01-31 17:47:57,7602414,3824.000,5705.000,4119.000,-1.000,47.000,-3.000,0.000,-0.830,1
2026-01-31 17:47:57,7602454,3755.000,6127.000,4303.000,61.000,102.000,-15.000,0.000,-0.830,1
2026-01-31 17:47:57,7602494,3608.000,5651.000,4119.000,-82.000,-27.000,-19.000,0.000,-0.830,1
2026-01-31 17:47:57,7602534,3789.000,5705.000,4031.000,-41.000,-80.000,56.000,0.000,-0.830,1
2026-01-31 17:47:57,7602574,3892.000,5727.000,4250.000,-44.000,-5.000,112.000,0.000,-0.830,1
2026-01-31 17:47:57,7602614,4007.000,5900.000,4202.000,27.000,-19.000,-7.000,0.000,-0.830,1
2026-01-31 17:47:57,7602654,3940.000,5844.000,4314.000,-10.000,47.000,4.000,0.000,-0.830,1
2026-01-31 17:47:57,7602694,3918.000,6024.000,4120.000,156.000,-21.000,18.000,0.000,-0.830,1
2026-01-31 17:47:58,7602734,3941.000,6036.000,4274.000,-43.000,39.000,70.000,0.000,-0.830,1
2026-01-31 17:47:58,7602774,4039.000,6146.000,4319.000,81.000,51.000,23.000,0.000,-0.830,1
2026-01-31 17:47:58,7602814,3877.000,5953.000,4352.000,-18.000,74.000,-33.000,0.000,1.060,1
2026-01-31 17:47:58,7602854,3886.000,6188.000,4313.000,57.000,18.000,-9.000,0.000,1.060,1
2026-01-31 17:47:58,7602894,3971.000,6012.000,4283.000,-25.000,-57.000,78.000,0.000,1.060,1
2026-01-31 17:47:58,7602934,4053.000,5904.000,4199.000,-47.000,-60.000,35.000,0.000,1.060,1
2026-01-31 17:47:58,7602974,3982.000,6081.000,4365.000,-11.000,36.000,16.000,0.000,1.060,1
2026-01-31 17:47:58,7603014,3787.000,5670.000,4101.000,-4.000,-1.000,-36.000,0.000,1.060,1
2026-01-31 17:47:58,7603054,3762.000,5852.000,4117.000,21.000,32.000,19.000,0.000,1.060,1
2026-01-31 17:47:58,7603094,3761.000,5770.000,4119.000,-16.000,22.000,43.000,0.000,1.060,1
2026-01-31 17:47:58,7603134,3714.000,5904.000,4202.000,11.000,19.000,-3.000,0.000,1.060,1
2026-01-31 17:47:58,7603174,3758.000,5877.000,4234.000,22.000,-27.000,58.000,0.000,1.060,1
2026-01-31 17:47:58,7603214,3851.000,5617.000,4111.000,-54.000,-94.000,20.000,0.000,1.060,1
2026-01-31 17:47:58,7603254,4098.000,6121.000,4263.000,82.000,-56.000,44.000,0.000,1.060,1
2026-01-31 17:47:58,7603294,4036.000,5731.000,4207.000,-39.000,-23.000,-20.000,0.000,1.060,1
2026-01-31 17:47:58,7603334,4055.000,6121.000,4228.000,49.000,40.000,-22.000,0.000,1.060,1
2026-01-31 17:47:58,7603374,3988.000,6004.000,4313.000,25.000,96.000,10.000,0.000,1.060,1
2026-01-31 17:47:58,7603414,3861.000,5887.000,4161.000,67.000,64.000,-85.000,0.000,1.060,1
2026-01-31 17:47:58,7603454,3756.000,6070.000,4221.000,53.000,53.000,27.000,0.000,1.060,1
2026-01-31 17:47:58,7603494,3897.000,6124.000,4298.000,-84.000,19.000,46.000,0.000,1.060,1
2026-01-31 17:47:58,7603534,3814.000,5970.000,4418.000,-74.000,38.000,-41.000,0.000,1.060,1
2026-01-31 17:47:58,7603577,3750.000,5963.000,4128.000,102.000,-75.000,-26.000,0.000,1.060,1
2026-01-31 17:47:58,7603616,3835.000,6132.000,4191.000,65.000,-82.000,71.000,0.000,1.060,1
2026-01-31 17:47:58,7603654,3769.000,5597.000,4114.000,-113.000,-90.000,53.000,0.000,1.060,1
2026-01-31 17:47:58,7603694,3982.000,6140.000,4222.000,84.000,-9.000,66.000,0.000,1.060,1
2026-01-31 17:47:59,7603734,3804.000,5837.000,4284.000,37.000,41.000,7.000,0.000,1.060,1
2026-01-31 17:47:59,7603774,3721.000,5950.000,4020.000,108.000,-20.000,-58.000,0.000,1.060,1
2026-01-31 17:47:59,7603814,3667.000,5551.000,3950.000,-86.000,-12.000,79.000,0.000,2.510,1
2026-01-31 17:47:59,7603854,3928.000,6191.000,4210.000,6.000,-37.000,82.000,0.000,2.510,1
2026-01-31 17:47:59,7603894,3846.000,5655.000,4164.000,-49.000,-24.000,13.000,0.000,2.510,1
2026-01-31 17:47:59,7603934,3855.000,6084.000,4095.000,149.000,-29.000,-42.000,0.000,2.510,1
2026-01-31 17:47:59,7603974,3859.000,6045.000,4127.000,32.000,5.000,57.000,0.000,2.510,1
2026-01-31 17:47:59,7604014,3908.000,5912.000,4062.000,-47.000,-66.000,31.000,0.000,2.510,1
2026-01-31 17:47:59,7604054,4027.000,6072.000,4357.000,-124.000,45.000,42.000,0.000,2.510,1
2026-01-31 17:47:59,7604094,3775.000,5652.000,4242.000,-45.000,28.000,-58.000,0.000,2.510,1
2026-01-31 17:47:59,7604134,3905.000,6121.000,4136.000,106.000,10.000,-16.000,0.000,2.510,1
2026-01-31 17:47:59,7604174,3755.000,5724.000,4201.000,-103.000,9.000,42.000,0.000,2.510,1
2026-01-31 17:47:59,7604214,3867.000,6250.000,4380.000,-22.000,103.000,27.000,0.000,2.510,1
2026-01-31 17:47:59,7604254,3630.000,5486.000,4218.000,-41.000,13.000,-4.000,0.000,2.510,1
2026-01-31 17:47:59,7604294,3997.000,6393.000,4229.000,274.000,-44.000,22.000,0.000,2.510,1
2026-01-31 17:47:59,7604334,3754.000,5895.000,4323.000,-46.000,-18.000,8.000,0.000,2.510,1
2026-01-31 17:47:59,7604374,3855.000,5937.000,3937.000,97.000,-166.000,-33.000,0.000,2.510,1
2026-01-31 17:47:59,7604414,3868.000,6030.000,4395.000,-149.000,71.000,91.000,0.000,2.510,1
2026-01-31 17:47:59,7604454,3976.000,5980.000,4125.000,209.000,-78.000,6.000,0.000,2.510,1
2026-01-31 17:47:59,7604494,3863.000,6047.000,4220.000,2.000,10.000,-43.000,0.000,2.510,1
2026-01-31 17:47:59,7604534,3823.000,6037.000,4004.000,185.000,-60.000,17.000,0.000,2.510,1
2026-01-31 17:47:59,7604574,4025.000,6305.000,4095.000,162.000,1.000,59.000,0.000,2.510,1
2026-01-31 17:47:59,7604614,3719.000,6061.000,4232.000,-144.000,31.000,-36.000,0.000,2.510,1
2026-01-31 17:47:59,7604654,3601.000,5669.000,3913.000,-92.000,-34.000,-59.000,0.000,2.510,1
2026-01-31 17:47:59,7604694,3901.000,6041.000,4021.000,-29.000,-19.000,105.000,0.000,2.510,1
2026-01-31 17:48:00,7604734,3730.000,5748.000,4231.000,-226.000,47.000,-20.000,0.000,2.510,1
2026-01-31 17:48:00,7604774,3715.000,5756.000,4103.000,-46.000,-18.000,-54.000,0.000,2.510,1
2026-01-31 17:48:00,7604814,3546.000,5698.000,4074.000,40.000,61.000,9.000,0.000,-1.140,1
2026-01-31 17:48:00,7604854,3656.000,5976.000,4081.000,39.000,16.000,34.000,0.000,-1.140,1
2026-01-31 17:48:00,7604894,3612.000,5582.000,4138.000,-139.000,-22.000,33.000,0.000,-1.140,1
2026-01-31 17:48:00,7604934,3865.000,6310.000,4432.000,150.000,9.000,67.000,0.000,-1.140,1
2026-01-31 17:48:00,7604974,3737.000,6055.000,4236.000,58.000,-54.000,-92.000,0.000,-1.140,1
2026-01-31 17:48:00,7605014,3714.000,5997.000,4270.000,-83.000,-71.000,50.000,0.000,-1.140,1
2026-01-31 17:48:00,7605054,3974.000,6358.000,4451.000,51.000,-30.000,130.000,0.000,-1.140,1
2026-01-31 17:48:00,7605094,4121.000,5837.000,4204.000,-50.000,-107.000,6.000,0.000,-1.140,1
2026-01-31 17:48:00,7605134,4117.000,6666.000,4599.000,131.000,67.000,-64.000,0.000,-1.140,1
2026-01-31 17:48:00,7605174,3757.000,6033.000,4365.000,36.000,52.000,-89.000,0.000,-1.140,1
2026-01-31 17:48:00,7605214,3660.000,6045.000,4414.000,-161.000,31.000,-64.000,0.000,-1.140,1
2026-01-31 17:48:00,7605254,3723.000,5584.000,4176.000,-86.000,-10.000,13.000,0.000,-1.140,1
2026-01-31 17:48:00,7605294,3692.000,6060.000,4465.000,-111.000,82.000,5.000,0.000,-1.140,1
2026-01-31 17:48:00,7605334,3581.000,5744.000,4335.000,12.000,-5.000,-15.000,0.000,-1.140,1
2026-01-31 17:48:00,7605377,3638.000,6072.000,4246.000,133.000,-54.000,74.000,0.000,-1.140,1
2026-01-31 17:48:00,7605419,3614.000,5593.000,4073.000,-15.000,-138.000,32.000,0.000,-1.140,1
2026-01-31 17:48:00,7605455,3738.000,5813.000,4100.000,26.000,-122.000,48.000,0.000,-1.140,1
2026-01-31 17:48:00,7605494,3695.000,5776.000,4203.000,-55.000,-56.000,60.000,0.000,-1.140,1
2026-01-31 17:48:00,7605534,3874.000,5955.000,4091.000,56.000,-78.000,41.000,0.000,-1.140,1
2026-01-31 17:48:00,7605574,3943.000,6080.000,4366.000,-81.000,11.000,53.000,0.000,-1.140,1
2026-01-31 17:48:00,7605614,3903.000,6026.000,4214.000,87.000,-4.000,-30.000,0.000,-1.140,1
2026-01-31 17:48:00,7605654,3788.000,6108.000,4263.000,-39.000,57.000,0.000,0.000,-1.140,1
2026-01-31 17:48:00,7605694,3672.000,5887.000,4225.000,-47.000,99.000,-3.000,0.000,-1.140,1
2026-01-31 17:48:01,7605734,3759.000,6275.000,4678.000,11.000,111.000,-12.000,0.000,-1.140,1
2026-01-31 17:48:01,7605774,3615.000,5634.000,4101.000,34.000,-119.000,-97.000,0.000,-1.140,1
2026-01-31 17:48:01,7605814,3614.000,6160.000,4550.000,-128.000,-50.000,95.000,0.000,1.090,1
2026-01-31 17:48:01,7605854,4130.000,5981.000,4215.000,99.000,-213.000,157.000,0.000,1.090,1
2026-01-31 17:48:01,7605894,4045.000,5807.000,4568.000,-199.000,-77.000,-11.000,0.000,1.090,1
2026-01-31 17:48:01,7605934,3782.000,5730.000,4196.000,170.000,-80.000,-71.000,0.000,1.090,1
2026-01-31 17:48:01,7605974,3939.000,5988.000,3996.000,201.000,-50.000,61.000,0.000,1.090,1
2026-01-31 17:48:01,7606014,3746.000,6016.000,4392.000,-141.000,124.000,42.000,0.000,1.090,1
2026-01-31 17:48:01,7606054,3698.000,5685.000,4071.000,83.000,12.000,-60.000,0.000,1.090,1
2026-01-31 17:48:01,7606094,3666.000,6396.000,4500.000,57.000,148.000,46.000,0.000,1.090,1
2026-01-31 17:48:01,7606134,3841.000,6055.000,4088.000,55.000,-99.000,-21.000,0.000,1.090,1
2026-01-31 17:48:01,7606174,3739.000,6002.000,4510.000,-196.000,-12.000,39.000,0.000,1.090,1
2026-01-31 17:48:01,7606214,3685.000,5518.000,4020.000,20.000,-180.000,-43.000,0.000,1.090,1
2026-01-31 17:48:01,7606254,3807.000,5923.000,4217.000,-66.000,-20.000,69.000,0.000,1.090,1
2026-01-31 17:48:01,7606294,3940.000,5614.000,4168.000,2.000,-22.000,58.000,0.000,1.090,1
2026-01-31 17:48:01,7606334,4068.000,6222.000,4410.000,136.000,55.000,-35.000,0.000,1.090,1
2026-01-31 17:48:01,7606374,3685.000,5994.000,4261.000,102.000,65.000,-102.000,0.000,1.090,1
2026-01-31 17:48:01,7606414,3659.000,5808.000,4037.000,-32.000,-27.000,-42.000,0.000,1.090,1
2026-01-31 17:48:01,7606454,4036.000,6515.000,4630.000,-74.000,128.000,123.000,0.000,1.090,1
2026-01-31 17:48:01,7606494,3892.000,5973.000,4164.000,-101.000,-48.000,-147.000,0.000,1.090,1
2026-01-31 17:48:01,7606534,3576.000,6154.000,4443.000,-24.000,136.000,-34.000,0.000,1.090,1
2026-01-31 17:48:01,7606574,3687.000,5641.000,3926.000,58.000,-64.000,-11.000,0.000,1.090,1
2026-01-31 17:48:01,7606614,3613.000,6170.000,4662.000,-256.000,130.000,65.000,0.000,1.090,1
2026-01-31 17:48:01,7606654,3656.000,5566.000,4287.000,131.000,-13.000,-13.000,0.000,1.090,1
2026-01-31 17:48:01,7606694,3659.000,6571.000,4513.000,272.000,15.000,20.000,0.000,1.090,1
2026-01-31 17:48:02,7606734,3633.000,6087.000,4104.000,150.000,-151.000,73.000,0.000,1.090,1
2026-01-31 17:48:02,7606774,3665.000,5822.000,3992.000,-97.000,-150.000,92.000,0.000,1.090,1
2026-01-31 17:48:02,7606814,3602.000,5668.000,4191.000,-169.000,-36.000,145.000,0.000,-1.450,1
2026-01-31 17:48:02,7606854,4101.000,6361.000,4103.000,304.000,-53.000,116.000,0.000,-1.450,1
2026-01-31 17:48:02,7606894,3639.000,5540.000,3953.000,-52.000,-10.000,-47.000,0.000,-1.450,1
2026-01-31 17:48:02,7606934,3768.000,6824.000,4361.000,39.000,25.000,140.000,0.000,-1.450,1
2026-01-31 17:48:02,7606974,3603.000,5318.000,4244.000,-480.000,-41.000,102.000,0.000,-1.450,1
2026-01-31 17:48:02,7607014,4049.000,5887.000,4398.000,-206.000,-172.000,134.000,0.000,-1.450,1
2026-01-31 17:48:02,7607054,4119.000,5409.000,4505.000,-171.000,-11.000,-67.000,0.000,-1.450,1
2026-01-31 17:48:02,7607094,4050.000,5992.000,4350.000,188.000,-44.000,-143.000,0.000,-1.450,1
2026-01-31 17:48:02,7607134,3623.000,5521.000,4297.000,-122.000,46.000,-89.000,0.000,-1.450,1
2026-01-31 17:48:02,7607174,3886.000,5773.000,3953.000,297.000,-21.000,79.000,0.000,-1.450,1
2026-01-31 17:48:02,7607214,3850.000,6070.000,4621.000,-22.000,206.000,80.000,0.000,-1.450,1
2026-01-31 17:48:02,7607254,3967.000,6285.000,4212.000,233.000,-28.000,-54.000,0.000,-1.450,1
2026-01-31 17:48:02,7607294,4001.000,6659.000,4521.000,140.000,90.000,38.000,0.000,-1.450,1
2026-01-31 17:48:02,7607337,3695.000,5791.000,3840.000,-54.000,-115.000,-79.000,0.000,-1.450,1
2026-01-31 17:48:02,7607376,3481.000,6147.000,4425.000,-298.000,251.000,47.000,0.000,-1.450,1
2026-01-31 17:48:02,7607414,3529.000,5397.000,4062.000,-215.000,128.000,46.000,0.000,-1.450,1
2026-01-31 17:48:02,7607454,3887.000,6947.000,4579.000,91.000,134.000,110.000,0.000,-1.450,1
2026-01-31 17:48:02,7607494,3320.000,5150.000,4259.000,-334.000,68.000,-2.000,0.000,-1.450,1
2026-01-31 17:48:02,7607534,3537.000,6205.000,4160.000,270.000,-156.000,110.000,0.000,-1.450,1
2026-01-31 17:48:02,7607577,3874.000,5931.000,4263.000,-43.000,-148.000,145.000,0.000,-1.450,1
2026-01-31 17:48:02,7607614,3847.000,5922.000,4366.000,-139.000,-129.000,-21.000,0.000,-1.450,1
2026-01-31 17:48:02,7607654,3741.000,5713.000,4261.000,28.000,-78.000,5.000,0.000,-1.450,1
2026-01-31 17:48:02,7607694,3916.000,5878.000,4173.000,26.000,-118.000,115.000,0.000,-1.450,1
2026-01-31 17:48:03,7607734,3948.000,5520.000,4175.000,-152.000,-65.000,42.000,0.000,-1.450,1
2026-01-31 17:48:03,7607774,4117.000,5933.000,4291.000,135.000,23.000,94.000,0.000,-1.450,1
2026-01-31 17:48:03,7607814,4039.000,6257.000,4559.000,87.000,137.000,27.000,0.000,-0.880,1
2026-01-31 17:48:03,7607854,4031.000,6038.000,4320.000,61.000,-24.000,-8.000,0.000,-0.880,1
2026-01-31 17:48:03,7607894,3932.000,6183.000,4515.000,-11.000,18.000,18.000,0.000,-0.880,1
2026-01-31 17:48:03,7607934,3778.000,5696.000,4179.000,-35.000,-73.000,-53.000,0.000,-0.880,1
2026-01-31 17:48:03,7607974,3892.000,5953.000,4191.000,-24.000,-60.000,102.000,0.000,-0.880,1
2026-01-31 17:48:03,7608014,3927.000,5759.000,4201.000,-47.000,47.000,34.000,0.000,-0.880,1
2026-01-31 17:48:03,7608054,3718.000,5725.000,4296.000,-53.000,65.000,3.000,0.000,-0.880,1
2026-01-31 17:48:03,7608094,3949.000,6108.000,4375.000,137.000,20.000,74.000,0.000,-0.880,1
2026-01-31 17:48:03,7608134,3863.000,5983.000,4436.000,-12.000,-27.000,4.000,0.000,-0.880,1
2026-01-31 17:48:03,7608174,3835.000,5811.000,4279.000,-33.000,-133.000,-26.000,0.000,-0.880,1
2026-01-31 17:48:03,7608214,3885.000,5656.000,4081.000,45.000,-45.000,-3.000,0.000,-0.880,1
2026-01-31 17:48:03,7608254,3964.000,6119.000,4269.000,13.000,107.000,-7.000,0.000,-0.880,1
2026-01-31 17:48:03,7608294,3710.000,5581.000,4246.000,-132.000,142.000,-113.000,0.000,-0.880,1
2026-01-31 17:48:03,7608334,3653.000,5845.000,4124.000,153.000,109.000,-41.000,0.000,-0.880,1
2026-01-31 17:48:03,7608374,3659.000,6281.000,4517.000,14.000,127.000,90.000,0.000,-0.880,1
2026-01-31 17:48:03,7608414,3884.000,5991.000,4327.000,32.000,-128.000,40.000,0.000,-0.880,1
2026-01-31 17:48:03,7608454,3775.000,5868.000,4501.000,-2.000,-51.000,37.000,0.000,-0.880,1
2026-01-31 17:48:03,7608494,4002.000,5894.000,3945.000,170.000,-135.000,-51.000,0.000,-0.880,1
2026-01-31 17:48:03,7608534,3871.000,6274.000,4762.000,-239.000,145.000,35.000,0.000,-0.880,1
2026-01-31 17:48:03,7608574,3784.000,5404.000,4023.000,171.000,-61.000,-60.000,0.000,-0.880,1
2026-01-31 17:48:03,7608614,3940.000,6900.000,4718.000,235.000,173.000,52.000,0.000,-0.880,1
2026-01-31 17:48:03,7608654,3374.000,5310.000,4246.000,-103.000,-2.000,-78.000,0.000,-0.880,1
2026-01-31 17:48:03,7608694,3955.000,6715.000,4386.000,311.000,-166.000,164.000,0.000,-0.880,1
2026-01-31 17:48:04,7608734,3938.000,5927.000,4510.000,-63.000,-81.000,136.000,0.000,-0.880,1
2026-01-31 17:48:04,7608774,4196.000,5933.000,4307.000,191.000,-364.000,-34.000,0.000,-0.880,1
2026-01-31 17:48:04,7608814,3852.000,5560.000,4004.000,34.000,-41.000,-53.000,0.000,1.800,1
2026-01-31 17:48:04,7608854,3711.000,5570.000,3891.000,-61.000,27.000,-67.000,0.000,1.800,1
2026-01-31 17:48:04,7608894,3642.000,5757.000,4075.000,-78.000,248.000,39.000,0.000,1.800,1
2026-01-31 17:48:04,7608934,3581.000,5925.000,4246.000,121.000,192.000,76.000,0.000,1.800,1
2026-01-31 17:48:04,7608974,3350.000,5651.000,3967.000,53.000,93.000,-53.000,0.000,1.800,1
2026-01-31 17:48:04,7609014,3140.000,5795.000,4012.000,42.000,26.000,87.000,0.000,1.800,1
2026-01-31 17:48:04,7609054,3522.000,6119.000,4156.000,24.000,-63.000,222.000,0.000,1.800,1
2026-01-31 17:48:04,7609094,3822.000,5858.000,4182.000,-40.000,-175.000,108.000,0.000,1.800,1
2026-01-31 17:48:04,7609134,3457.000,5694.000,4187.000,-165.000,-88.000,-99.000,0.000,1.800,1
2026-01-31 17:48:04,7609174,3685.000,5952.000,4058.000,-63.000,-58.000,231.000,0.000,1.800,1
2026-01-31 17:48:04,7609214,3861.000,5135.000,4266.000,-373.000,54.000,224.000,0.000,1.800,1
2026-01-31 17:48:04,7609254,4536.000,6646.000,4709.000,366.000,93.000,29.000,0.000,1.800,1
2026-01-31 17:48:04,7609294,4533.000,6453.000,4884.000,325.000,88.000,-13.000,0.000,1.800,1
2026-01-31 17:48:04,7609337,4677.000,6958.000,4716.000,359.000,-185.000,-17.000,0.000,1.800,1
2026-01-31 17:48:04,7609374,4588.000,6788.000,4660.000,191.000,-191.000,13.000,0.000,1.800,1
2026-01-31 17:48:04,7609414,4179.000,5843.000,4498.000,-289.000,-81.000,-217.000,0.000,1.800,1
2026-01-31 17:48:04,7609454,4031.000,4724.000,3384.000,-270.000,-239.000,-226.000,0.000,1.800,1
2026-01-31 17:48:04,7609494,3466.000,5174.000,4098.000,-741.000,349.000,-95.000,0.000,1.800,1
2026-01-31 17:48:04,7609534,3468.000,4444.000,4257.000,-417.000,351.000,-68.000,0.000,1.800,1
2026-01-31 17:48:04,7609577,3504.000,5339.000,4535.000,283.000,526.000,-177.000,0.000,1.800,1
2026-01-31 17:48:04,7609614,3670.000,6277.000,4451.000,939.000,228.000,-42.000,0.000,1.800,1
2026-01-31 17:48:04,7609654,3723.000,7269.000,4562.000,876.000,12.000,182.000,0.000,1.800,1
2026-01-31 17:48:04,7609694,3398.000,6426.000,4140.000,460.000,-289.000,112.000,0.000,1.800,1
2026-01-31 17:48:05,7609734,3509.000,5693.000,3317.000,278.000,-459.000,35.000,0.000,1.800,1
2026-01-31 17:48:05,7609774,3375.000,6179.000,3828.000,-328.000,-65.000,160.000,0.000,1.800,1
2026-01-31 17:48:05,7609814,4039.000,5743.000,3790.000,-373.000,-157.000,318.000,0.000,0.140,1
2026-01-31 17:48:05,7609854,4109.000,6052.000,4629.000,-837.000,221.000,21.000,0.000,0.140,1
2026-01-31 17:48:05,7609894,4029.000,5534.000,4543.000,-415.000,85.000,-108.000,0.000,0.140,1
2026-01-31 17:48:05,7609934,4368.000,6620.000,4913.000,11.000,-111.000,209.000,0.000,0.140,1
2026-01-31 17:48:05,7609974,4609.000,6525.000,5073.000,146.000,-234.000,145.000,0.000,0.140,1
2026-01-31 17:48:05,7610014,4426.000,5672.000,4257.000,343.000,-276.000,-119.000,0.000,0.140,1
2026-01-31 17:48:05,7610054,3395.000,5566.000,3950.000,69.000,76.000,-285.000,0.000,0.140,1
2026-01-31 17:48:05,7610094,3215.000,5224.000,3160.000,321.000,-31.000,49.000,0.000,0.140,1
2026-01-31 17:48:05,7610134,3665.000,6448.000,4165.000,-269.000,389.000,323.000,0.000,0.140,1
2026-01-31 17:48:05,7610174,3757.000,5281.000,4729.000,-632.000,325.000,68.000,0.000,0.140,1
2026-01-31 17:48:05,7610214,3811.000,5737.000,5029.000,27.000,30.000,-301.000,0.000,0.140,1
2026-01-31 17:48:05,7610254,3779.000,6303.000,5200.000,392.000,-240.000,-131.000,0.000,0.140,1
2026-01-31 17:48:05,7610294,4849.000,6541.000,4009.000,1523.000,-850.000,98.000,0.000,0.140,1
2026-01-31 17:48:05,7610334,4807.000,7076.000,3934.000,1215.000,-193.000,-336.000,0.000,0.140,1
2026-01-31 17:48:05,7610374,3172.000,5428.000,2680.000,759.000,-346.000,-423.000,0.000,0.140,1
2026-01-31 17:48:05,7610414,3354.000,6565.000,2377.000,242.000,-208.000,5.000,0.000,0.140,1
2026-01-31 17:48:05,7610454,2651.000,4599.000,2385.000,-1351.000,315.000,298.000,0.000,0.140,1
2026-01-31 17:48:05,7610494,2995.000,4142.000,2252.000,-1445.000,480.000,472.000,0.000,0.140,1
2026-01-31 17:48:05,7610534,3026.000,5276.000,3772.000,-2002.000,1527.000,159.000,0.000,0.140,1
2026-01-31 17:48:05,7610574,2951.000,4914.000,4896.000,-1069.000,1441.000,-282.000,0.000,0.140,1
2026-01-31 17:48:05,7610614,3013.000,6666.000,5794.000,800.000,850.000,-380.000,0.000,0.140,1
2026-01-31 17:48:05,7610654,2460.000,6427.000,5155.000,913.000,147.000,-410.000,0.000,0.140,1
2026-01-31 17:48:05,7610694,3367.000,7621.000,4070.000,1389.000,-858.000,554.000,0.000,0.140,1
2026-01-31 17:48:06,7610734,3347.000,5937.000,4141.000,-953.000,-1131.000,317.000,0.000,0.140,1
2026-01-31 17:48:06,7610774,4250.000,4873.000,3933.000,-1517.000,-1055.000,-28.000,0.000,0.140,1
2026-01-31 17:48:06,7610814,4879.000,4767.000,4166.000,-374.000,-627.000,-20.000,0.000,-0.760,1
2026-01-31 17:48:06,7610854,6101.000,6639.000,4094.000,1608.000,-36.000,-350.000,0.000,-0.760,1
2026-01-31 17:48:06,7610894,6845.000,9363.000,5523.000,2094.000,1075.000,-731.000,0.000,-0.760,1
2026-01-31 17:48:06,7610934,4525.000,7751.000,4954.000,744.000,861.000,-1114.000,0.000,-0.760,1
2026-01-31 17:48:06,7610974,3166.000,7760.000,4204.000,132.000,353.000,-789.000,0.000,-0.760,1
2026-01-31 17:48:06,7611014,2501.000,6571.000,4135.000,-738.000,217.000,633.000,0.000,-0.760,1
2026-01-31 17:48:06,7611054,2590.000,5199.000,3691.000,-766.000,304.000,742.000,0.000,-0.760,1
2026-01-31 17:48:06,7611094,2650.000,5195.000,3831.000,-348.000,218.000,483.000,0.000,-0.760,1
2026-01-31 17:48:06,7611134,2752.000,5110.000,3539.000,208.000,-81.000,282.000,0.000,-0.760,1
2026-01-31 17:48:06,7611174,2780.000,5772.000,3418.000,592.000,-196.000,115.000,0.000,-0.760,1
2026-01-31 17:48:06,7611214,2840.000,5704.000,3189.000,376.000,-366.000,-10.000,0.000,-0.760,1
2026-01-31 17:48:06,7611254,3119.000,5956.000,3429.000,-27.000,-393.000,-31.000,0.000,-0.760,1
2026-01-31 17:48:06,7611297,3406.000,5937.000,3803.000,-20.000,-391.000,26.000,0.000,-0.760,1
2026-01-31 17:48:06,7611337,3672.000,6322.000,3868.000,133.000,-333.000,169.000,0.000,-0.760,1
2026-01-31 17:48:06,7611374,3806.000,6268.000,3813.000,81.000,-332.000,209.000,0.000,-0.760,1
2026-01-31 17:48:06,7611414,3990.000,6278.000,3791.000,-16.000,-313.000,267.000,0.000,-0.760,1
2026-01-31 17:48:06,7611454,4088.000,6502.000,3996.000,-7.000,-226.000,268.000,0.000,-0.760,1
2026-01-31 17:48:06,7611494,4049.000,5997.000,3935.000,-322.000,-113.000,184.000,0.000,-0.760,1
2026-01-31 17:48:06,7611534,4176.000,6203.000,4301.000,-382.000,118.000,93.000,0.000,-0.760,1
2026-01-31 17:48:06,7611577,4049.000,5952.000,4446.000,-319.000,49.000,-113.000,0.000,-0.760,1
2026-01-31 17:48:06,7611614,4003.000,5710.000,4336.000,-316.000,5.000,-125.000,0.000,-0.760,1
2026-01-31 17:48:06,7611654,3986.000,5926.000,4518.000,-199.000,17.000,-98.000,0.000,-0.760,1
2026-01-31 17:48:06,7611694,3974.000,5730.000,4319.000,25.000,-94.000,-42.000,0.000,-0.760,1
2026-01-31 17:48:07,7611734,4200.000,6229.000,4332.000,205.000,-38.000,-9.000,0.000,-0.760,1
2026-01-31 17:48:07,7611774,3648.000,5660.000,4150.000,97.000,64.000,-152.000,0.000,-0.760,1
2026-01-31 17:48:07,7611814,3503.000,5644.000,3631.000,332.000,15.000,-97.000,0.000,-1.680,1
2026-01-31 17:48:07,7611854,3405.000,5924.000,3778.000,80.000,190.000,130.000,0.000,-1.680,1
2026-01-31 17:48:07,7611894,3773.000,6581.000,3886.000,183.000,127.000,111.000,0.000,-1.680,1
2026-01-31 17:48:07,7611934,3483.000,6280.000,4079.000,-8.000,193.000,-20.000,0.000,-1.680,1
2026-01-31 17:48:07,7611974,3733.000,6857.000,3917.000,299.000,-112.000,150.000,0.000,-1.680,1
2026-01-31 17:48:07,7612014,4462.000,7269.000,4079.000,178.000,-136.000,209.000,0.000,-1.680,1
2026-01-31 17:48:07,7612054,3879.000,6239.000,4444.000,-564.000,-28.000,-207.000,0.000,-1.680,1
2026-01-31 17:48:07,7612094,4162.000,5647.000,3667.000,-232.000,-343.000,-213.000,0.000,-1.680,1
2026-01-31 17:48:07,7612134,3781.000,5490.000,4054.000,-905.000,43.000,-121.000,0.000,-1.680,1
2026-01-31 17:48:07,7612174,4044.000,5275.000,4173.000,-717.000,84.000,9.000,0.000,-1.680,1
2026-01-31 17:48:07,7612214,4153.000,5407.000,4617.000,-543.000,324.000,-36.000,0.000,-1.680,1
2026-01-31 17:48:07,7612254,3455.000,5351.000,4293.000,176.000,379.000,-281.000,0.000,-1.680,1
2026-01-31 17:48:07,7612294,3691.000,6544.000,4247.000,629.000,248.000,44.000,0.000,-1.680,1
2026-01-31 17:48:07,7612334,3385.000,5708.000,4148.000,92.000,123.000,127.000,0.000,-1.680,1
2026-01-31 17:48:07,7612374,3792.000,6340.000,4072.000,259.000,-15.000,126.000,0.000,-1.680,1
2026-01-31 17:48:07,7612414,3909.000,6222.000,4775.000,-231.000,132.000,71.000,0.000,-1.680,1
2026-01-31 17:48:07,7612454,4278.000,6463.000,4604.000,298.000,-140.000,-36.000,0.000,-1.680,1
2026-01-31 17:48:07,7612494,4702.000,7067.000,4738.000,267.000,-99.000,-115.000,0.000,-1.680,1
2026-01-31 17:48:07,7612534,4305.000,6839.000,5099.000,-82.000,-27.000,-256.000,0.000,-1.680,1
2026-01-31 17:48:07,7612574,4577.000,6810.000,4586.000,215.000,-268.000,-96.000,0.000,-1.680,1
2026-01-31 17:48:07,7612614,3733.000,5538.000,4211.000,-28.000,-55.000,-134.000,0.000,-1.680,1
2026-01-31 17:48:07,7612654,3886.000,6054.000,3781.000,422.000,-108.000,-44.000,0.000,-1.680,1
2026-01-31 17:48:07,7612694,3588.000,5965.000,4117.000,-18.000,287.000,127.000,0.000,-1.680,1
2026-01-31 17:48:08,7612734,3690.000,6068.000,4162.000,274.000,134.000,48.000,0.000,-1.680,1
2026-01-31 17:48:08,7612774,3476.000,6270.000,4054.000,375.000,144.000,-109.000,0.000,-1.680,1
2026-01-31 17:48:08,7612814,2861.000,5697.000,3650.000,279.000,26.000,-125.000,0.000,-0.870,1
2026-01-31 17:48:08,7612854,2872.000,5555.000,3159.000,296.000,-128.000,114.000,0.000,-0.870,1
2026-01-31 17:48:08,7612894,3156.000,6029.000,3382.000,228.000,-71.000,332.000,0.000,-0.870,1
2026-01-31 17:48:08,7612934,3303.000,6097.000,3623.000,75.000,-31.000,193.000,0.000,-0.870,1
2026-01-31 17:48:08,7612974,3352.000,5662.000,3531.000,-70.000,-148.000,-6.000,0.000,-0.870,1
2026-01-31 17:48:08,7613014,3499.000,5970.000,3481.000,115.000,-237.000,110.000,0.000,-0.870,1
2026-01-31 17:48:08,7613054,3515.000,5756.000,3687.000,-328.000,-165.000,60.000,0.000,-0.870,1
2026-01-31 17:48:08,7613094,3522.000,5240.000,3618.000,-435.000,-123.000,-24.000,0.000,-0.870,1
2026-01-31 17:48:08,7613134,3635.000,5622.000,3867.000,-150.000,85.000,4.000,0.000,-0.870,1
2026-01-31 17:48:08,7613174,3612.000,5818.000,4004.000,0.000,163.000,13.000,0.000,-0.870,1
2026-01-31 17:48:08,7613214,3745.000,6034.000,4068.000,16.000,91.000,60.000,0.000,-0.870,1
2026-01-31 17:48:08,7613254,3833.000,6507.000,4392.000,97.000,127.000,69.000,0.000,-0.870,1
2026-01-31 17:48:08,7613294,3755.000,6109.000,4157.000,102.000,-30.000,38.000,0.000,-0.870,1
2026-01-31 17:48:08,7613334,4000.000,7070.000,4408.000,289.000,33.000,67.000,0.000,-0.870,1
2026-01-31 17:48:08,7613374,3698.000,6096.000,3994.000,76.000,-103.000,-30.000,0.000,-0.870,1
2026-01-31 17:48:08,7613414,3912.000,7057.000,4476.000,-23.000,35.000,95.000,0.000,-0.870,1
2026-01-31 17:48:08,7613454,3660.000,5950.000,4223.000,-98.000,-106.000,118.000,0.000,-0.870,1
2026-01-31 17:48:08,7613494,4037.000,6096.000,4014.000,-19.000,-292.000,205.000,0.000,-0.870,1
2026-01-31 17:48:08,7613534,3693.000,5970.000,4291.000,-147.000,-22.000,100.000,0.000,-0.870,1
2026-01-31 17:48:08,7613577,3833.000,6223.000,3975.000,165.000,-152.000,137.000,0.000,-0.870,1
2026-01-31 17:48:08,7613614,3678.000,5982.000,4037.000,-17.000,-43.000,159.000,0.000,-0.870,1
2026-01-31 17:48:08,7613654,3825.000,5622.000,3624.000,336.000,-157.000,75.000,0.000,-0.870,1
2026-01-31 17:48:08,7613694,3768.000,6072.000,3916.000,40.000,-33.000,77.000,0.000,-0.870,1
2026-01-31 17:48:09,7613734,3622.000,5332.000,3666.000,104.000,-102.000,-2.000,0.000,-0.870,1
2026-01-31 17:48:09,7613774,3642.000,5864.000,3889.000,-95.000,85.000,69.000,0.000,-0.870,1
2026-01-31 17:48:09,7613814,3778.000,5810.000,3576.000,81.000,-33.000,-26.000,0.000,-0.300,1
2026-01-31 17:48:09,7613854,3810.000,6176.000,4103.000,-173.000,101.000,107.000,0.000,-0.300,1
2026-01-31 17:48:09,7613894,3804.000,5767.000,3746.000,52.000,14.000,-29.000,0.000,-0.300,1
2026-01-31 17:48:09,7613934,3650.000,6045.000,4145.000,-219.000,194.000,-64.000,0.000,-0.300,1
2026-01-31 17:48:09,7613974,3362.000,5293.000,3840.000,-168.000,149.000,-85.000,0.000,-0.300,1
2026-01-31 17:48:09,7614014,3793.000,6505.000,4224.000,143.000,160.000,115.000,0.000,-0.300,1
2026-01-31 17:48:09,7614054,3646.000,5946.000,4349.000,-101.000,159.000,73.000,0.000,-0.300,1
2026-01-31 17:48:09,7614094,3932.000,6539.000,4175.000,308.000,-105.000,45.000,0.000,-0.300,1
2026-01-31 17:48:09,7614134,3564.000,5601.000,3828.000,-21.000,-175.000,35.000,0.000,-0.300,1
2026-01-31 17:48:09,7614174,4362.000,6968.000,4172.000,197.000,-169.000,267.000,0.000,-0.300,1
2026-01-31 17:48:09,7614214,4186.000,5858.000,4387.000,-303.000,69.000,71.000,0.000,-0.300,1
2026-01-31 17:48:09,7614254,4064.000,6609.000,4442.000,125.000,12.000,-155.000,0.000,-0.300,1
2026-01-31 17:48:09,7614294,3767.000,6019.000,4010.000,130.000,-16.000,-18.000,0.000,-0.300,1
2026-01-31 17:48:09,7614334,3995.000,6016.000,3688.000,160.000,-141.000,205.000,0.000,-0.300,1
2026-01-31 17:48:09,7614374,3857.000,5944.000,3992.000,-223.000,100.000,62.000,0.000,-0.300,1
2026-01-31 17:48:09,7614414,3891.000,5857.000,4131.000,-48.000,37.000,61.000,0.000,-0.300,1
2026-01-31 17:48:09,7614454,3954.000,6221.000,4033.000,318.000,-28.000,55.000,0.000,-0.300,1
2026-01-31 17:48:09,7614494,3434.000,5652.000,3574.000,137.000,-69.000,-107.000,0.000,-0.300,1
2026-01-31 17:48:09,7614534,3484.000,5350.000,3340.000,-176.000,-170.000,187.000,0.000,-0.300,1
2026-01-31 17:48:09,7614574,4284.000,6386.000,3959.000,8.000,-33.000,354.000,0.000,-0.300,1
2026-01-31 17:48:09,7614614,4519.000,5883.000,4273.000,-169.000,86.000,-33.000,0.000,-0.300,1
2026-01-31 17:48:09,7614654,4325.000,6687.000,4367.000,288.000,198.000,-309.000,0.000,-0.300,1
2026-01-31 17:48:09,7614694,3574.000,5432.000,3717.000,-11.000,19.000,-321.000,0.000,-0.300,1
2026-01-31 17:48:10,7614734,3970.000,6976.000,3900.000,216.000,-38.000,74.000,0.000,-0.300,1
2026-01-31 17:48:10,7614774,4256.000,5869.000,3964.000,-138.000,41.000,221.000,0.000,-0.300,1
2026-01-31 17:48:10,7614814,4019.000,5851.000,4081.000,-65.000,133.000,-188.000,0.000,1.230,1
2026-01-31 17:48:10,7614854,3876.000,6313.000,3831.000,308.000,187.000,-197.000,0.000,1.230,1
2026-01-31 17:48:10,7614894,3387.000,5896.000,3709.000,77.000,114.000,18.000,0.000,1.230,1
2026-01-31 17:48:10,7614934,3487.000,5609.000,3404.000,1.000,56.000,-25.000,0.000,1.230,1
2026-01-31 17:48:10,7614974,3822.000,6251.000,3656.000,114.000,14.000,207.000,0.000,1.230,1
2026-01-31 17:48:10,7615014,4246.000,6865.000,4012.000,266.000,21.000,161.000,0.000,1.230,1
2026-01-31 17:48:10,7615054,4161.000,6697.000,4097.000,126.000,4.000,-81.000,0.000,1.230,1
2026-01-31 17:48:10,7615094,3573.000,6097.000,3730.000,108.000,-160.000,-165.000,0.000,1.230,1
2026-01-31 17:48:10,7615134,3621.000,5644.000,3299.000,-2.000,-213.000,121.000,0.000,1.230,1
2026-01-31 17:48:10,7615174,4048.000,6255.000,3586.000,-20.000,-93.000,307.000,0.000,1.230,1
2026-01-31 17:48:10,7615214,4093.000,6263.000,3982.000,-95.000,-32.000,182.000,0.000,1.230,1
2026-01-31 17:48:10,7615254,4259.000,5794.000,3416.000,315.000,-149.000,-21.000,0.000,1.230,1
2026-01-31 17:48:10,7615294,3888.000,6007.000,3625.000,178.000,-9.000,44.000,0.000,1.230,1
2026-01-31 17:48:10,7615334,4332.000,6988.000,3348.000,524.000,-144.000,49.000,0.000,1.230,1
2026-01-31 17:48:10,7615374,3791.000,6036.000,3785.000,-261.000,102.000,47.000,0.000,1.230,1
2026-01-31 17:48:10,7615414,3869.000,5593.000,2983.000,221.000,-229.000,71.000,0.000,1.230,1
2026-01-31 17:48:10,7615454,4404.000,7001.000,3754.000,64.000,25.000,265.000,0.000,1.230,1
2026-01-31 17:48:10,7615494,3710.000,5144.000,3172.000,-213.000,-77.000,-112.000,0.000,1.230,1
2026-01-31 17:48:10,7615534,4366.000,6445.000,3183.000,332.000,-248.000,202.000,0.000,1.230,1
2026-01-31 17:48:10,7615577,3852.000,5163.000,3166.000,-116.000,-24.000,5.000,0.000,1.230,1
2026-01-31 17:48:10,7615614,4153.000,5489.000,3028.000,155.000,-138.000,85.000,0.000,1.230,1
2026-01-31 17:48:10,7615654,3832.000,5432.000,3485.000,-86.000,194.000,-16.000,0.000,1.230,1
2026-01-31 17:48:10,7615694,4104.000,5894.000,3154.000,398.000,-59.000,81.000,0.000,1.230,1
2026-01-31 17:48:11,7615734,4051.000,6295.000,3578.000,54.000,178.000,123.000,0.000,1.230,1
2026-01-31 17:48:11,7615774,3969.000,5691.000,3242.000,161.000,-1.000,69.000,0.000,1.230,1
2026-01-31 17:48:11,7615814,4676.000,7169.000,3512.000,554.000,77.000,190.000,0.000,-0.310,1
2026-01-31 17:48:11,7615854,4451.000,6642.000,3950.000,26.000,270.000,6.000,0.000,-0.310,1
2026-01-31 17:48:11,7615894,4489.000,6729.000,3460.000,402.000,-154.000,34.000,0.000,-0.310,1
2026-01-31 17:48:11,7615934,4099.000,6558.000,3819.000,-237.000,71.000,-7.000,0.000,-0.310,1
2026-01-31 17:48:11,7615974,3849.000,5382.000,3087.000,-118.000,-182.000,111.000,0.000,-0.310,1
2026-01-31 17:48:11,7616014,4552.000,6448.000,3533.000,-75.000,-29.000,372.000,0.000,-0.310,1
2026-01-31 17:48:11,7616054,4424.000,5716.000,3515.000,33.000,-16.000,46.000,0.000,-0.310,1
2026-01-31 17:48:11,7616094,4146.000,5525.000,3223.000,161.000,-76.000,-26.000,0.000,-0.310,1
2026-01-31 17:48:11,7616134,4303.000,6155.000,3191.000,332.000,-59.000,178.000,0.000,-0.310,1
2026-01-31 17:48:11,7616174,4432.000,5930.000,3346.000,155.000,-43.000,220.000,0.000,-0.310,1
2026-01-31 17:48:11,7616214,4772.000,5980.000,3115.000,177.000,3.000,-20.000,0.000,-0.310,1
2026-01-31 17:48:11,7616254,4191.000,6209.000,3515.000,65.000,255.000,-87.000,0.000,-0.310,1
2026-01-31 17:48:11,7616294,3990.000,5505.000,2760.000,205.000,-7.000,-52.000,0.000,-0.310,1
2026-01-31 17:48:11,7616334,4051.000,6080.000,3435.000,-383.000,155.000,170.000,0.000,-0.310,1
2026-01-31 17:48:11,7616374,4485.000,5270.000,2841.000,-30.000,18.000,43.000,0.000,-0.310,1
2026-01-31 17:48:11,7616414,4097.000,5552.000,3720.000,-156.000,362.000,3.000,0.000,-0.310,1
2026-01-31 17:48:11,7616454,4142.000,5859.000,3330.000,149.000,156.000,-132.000,0.000,-0.310,1
2026-01-31 17:48:11,7616494,4117.000,6422.000,3996.000,-130.000,366.000,87.000,0.000,-0.310,1
2026-01-31 17:48:11,7616534,4089.000,5712.000,3413.000,193.000,33.000,73.000,0.000,-0.310,1
2026-01-31 17:48:11,7616574,4453.000,6866.000,3893.000,198.000,70.000,213.000,0.000,-0.310,1
2026-01-31 17:48:11,7616614,4000.000,5528.000,3326.000,108.000,-19.000,10.000,0.000,-0.310,1
2026-01-31 17:48:11,7616654,4732.000,7018.000,3564.000,379.000,-124.000,248.000,0.000,-0.310,1
2026-01-31 17:48:11,7616694,4520.000,6381.000,3742.000,77.000,105.000,57.000,0.000,-0.310,1
2026-01-31 17:48:12,7616734,4807.000,6552.000,3438.000,177.000,-49.000,61.000,0.000,-0.310,1
2026-01-31 17:48:12,7616774,4580.000,6692.000,4004.000,-103.000,215.000,7.000,0.000,-0.310,1
2026-01-31 17:48:12,7616814,4626.000,6503.000,3571.000,92.000,-30.000,207.000,0.000,0.110,1
2026-01-31 17:48:12,7616854,4185.000,5780.000,3567.000,-123.000,75.000,53.000,0.000,0.110,1
2026-01-31 17:48:12,7616894,4148.000,5897.000,3241.000,172.000,-31.000,96.000,0.000,0.110,1
2026-01-31 17:48:12,7616934,4218.000,6069.000,3359.000,107.000,91.000,174.000,0.000,0.110,1
2026-01-31 17:48:12,7616974,3963.000,5350.000,3141.000,-23.000,61.000,43.000,0.000,0.110,1
2026-01-31 17:48:12,7617014,4128.000,5883.000,3006.000,271.000,12.000,69.000,0.000,0.110,1
2026-01-31 17:48:12,7617054,3840.000,5428.000,3185.000,-96.000,115.000,88.000,0.000,0.110,1
2026-01-31 17:48:12,7617094,4318.000,5775.000,2913.000,256.000,-49.000,138.000,0.000,0.110,1
2026-01-31 17:48:12,7617134,4349.000,6255.000,3572.000,-77.000,235.000,65.000,0.000,0.110,1
2026-01-31 17:48:12,7617174,4060.000,6039.000,3114.000,103.000,51.000,-64.000,0.000,0.110,1
2026-01-31 17:48:12,7617214,4294.000,5948.000,3427.000,-100.000,194.000,148.000,0.000,0.110,1
2026-01-31 17:48:12,7617254,4723.000,6301.000,3366.000,124.000,70.000,105.000,0.000,0.110,1
2026-01-31 17:48:12,7617294,4593.000,6519.000,3821.000,-97.000,287.000,-36.000,0.000,0.110,1
2026-01-31 17:48:12,7617337,4276.000,6190.000,3506.000,68.000,212.000,52.000,0.000,0.110,1
2026-01-31 17:48:12,7617377,4275.000,6641.000,3933.000,-50.000,313.000,97.000,0.000,0.110,1
2026-01-31 17:48:12,7617418,4268.000,5564.000,3401.000,57.000,-30.000,40.000,0.000,0.110,1
2026-01-31 17:48:12,7617454,4413.000,6521.000,3608.000,229.000,-22.000,126.000,0.000,0.110,1
2026-01-31 17:48:12,7617494,4604.000,6754.000,3908.000,232.000,77.000,176.000,0.000,0.110,1
2026-01-31 17:48:12,7617534,4614.000,5956.000,3360.000,257.000,-128.000,15.000,0.000,0.110,1
2026-01-31 17:48:12,7617577,4297.000,6197.000,3571.000,95.000,38.000,135.000,0.000,0.110,1
2026-01-31 17:48:12,7617616,4613.000,5969.000,3347.000,143.000,-89.000,202.000,0.000,0.110,1
2026-01-31 17:48:12,7617654,4650.000,6587.000,3584.000,120.000,62.000,84.000,0.000,0.110,1
2026-01-31 17:48:12,7617694,4186.000,5540.000,3236.000,17.000,24.000,23.000,0.000,0.110,1
2026-01-31 17:48:13,7617734,4179.000,6077.000,3075.000,236.000,73.000,72.000,0.000,0.110,1
2026-01-31 17:48:13,7617774,4079.000,5885.000,3254.000,7.000,191.000,127.000,0.000,0.110,1
2026-01-31 17:48:13,7617814,4039.000,5490.000,3133.000,-14.000,90.000,17.000,0.000,-1.750,1
2026-01-31 17:48:13,7617854,4090.000,6028.000,3467.000,11.000,177.000,76.000,0.000,-1.750,1
2026-01-31 17:48:13,7617894,3947.000,5451.000,3254.000,83.000,70.000,39.000,0.000,-1.750,1
2026-01-31 17:48:13,7617934,4062.000,6073.000,3474.000,54.000,88.000,76.000,0.000,-1.750,1
2026-01-31 17:48:13,7617974,4414.000,6146.000,3301.000,355.000,-64.000,167.000,0.000,-1.750,1
2026-01-31 17:48:13,7618014,4352.000,6028.000,3462.000,94.000,30.000,87.000,0.000,-1.750,1
2026-01-31 17:48:13,7618054,4424.000,6233.000,3231.000,259.000,21.000,65.000,0.000,-1.750,1
2026-01-31 17:48:13,7618094,4358.000,6232.000,3579.000,14.000,159.000,89.000,0.000,-1.750,1
2026-01-31 17:48:13,7618134,4384.000,6131.000,3246.000,151.000,55.000,38.000,0.000,-1.750,1
2026-01-31 17:48:13,7618174,4705.000,6646.000,3723.000,71.000,104.000,200.000,0.000,-1.750,1
2026-01-31 17:48:13,7618214,4414.000,5600.000,3298.000,-68.000,71.000,-39.000,0.000,-1.750,1
2026-01-31 17:48:13,7618254,4521.000,6712.000,3558.000,130.000,171.000,47.000,0.000,-1.750,1
2026-01-31 17:48:13,7618294,4161.000,6331.000,3491.000,130.000,248.000,26.000,0.000,-1.750,1
2026-01-31 17:48:13,7618334,4299.000,6460.000,3493.000,37.000,109.000,224.000,0.000,-1.750,1
2026-01-31 17:48:13,7618374,4374.000,5955.000,3529.000,63.000,79.000,141.000,0.000,-1.750,1
2026-01-31 17:48:13,7618414,4300.000,6197.000,3418.000,211.000,42.000,-18.000,0.000,-1.750,1
2026-01-31 17:48:13,7618454,3806.000,5811.000,3389.000,-24.000,75.000,-1.000,0.000,-1.750,1
2026-01-31 17:48:13,7618494,3893.000,5618.000,3081.000,150.000,-109.000,185.000,0.000,-1.750,1
2026-01-31 17:48:13,7618534,4442.000,6151.000,3193.000,205.000,-79.000,280.000,0.000,-1.750,1
2026-01-31 17:48:13,7618574,4185.000,5330.000,3234.000,-26.000,-44.000,81.000,0.000,-1.750,1
2026-01-31 17:48:13,7618614,4524.000,5940.000,3085.000,251.000,-44.000,84.000,0.000,-1.750,1
2026-01-31 17:48:13,7618654,4543.000,6263.000,3315.000,172.000,131.000,45.000,0.000,-1.750,1
2026-01-31 17:48:13,7618694,4407.000,5877.000,2933.000,207.000,62.000,-15.000,0.000,-1.750,1
2026-01-31 17:48:14,7618734,4189.000,5992.000,3296.000,-34.000,260.000,69.000,0.000,-1.750,1
2026-01-31 17:48:14,7618774,4503.000,6367.000,3079.000,193.000,81.000,141.000,0.000,-1.750,1
2026-01-31 17:48:14,7618814,4624.000,6409.000,3429.000,-65.000,155.000,102.000,0.000,-0.250,1
2026-01-31 17:48:14,7618854,4573.000,6058.000,3122.000,91.000,6.000,39.000,0.000,-0.250,1
2026-01-31 17:48:14,7618894,4603.000,6539.000,3428.000,-36.000,145.000,32.000,0.000,-0.250,1
2026-01-31 17:48:14,7618934,4487.000,5989.000,3181.000,126.000,84.000,67.000,0.000,-0.250,1
2026-01-31 17:48:14,7618974,4276.000,5757.000,3362.000,-81.000,194.000,13.000,0.000,-0.250,1
2026-01-31 17:48:14,7619014,4070.000,6093.000,3357.000,1.000,237.000,4.000,0.000,-0.250,1
2026-01-31 17:48:14,7619054,4573.000,6495.000,3287.000,366.000,22.000,235.000,0.000,-0.250,1
2026-01-31 17:48:14,7619094,4282.000,5594.000,3123.000,-70.000,23.000,24.000,0.000,-0.250,1
2026-01-31 17:48:14,7619134,4405.000,6369.000,3285.000,288.000,-28.000,130.000,0.000,-0.250,1
2026-01-31 17:48:14,7619174,4584.000,6201.000,3164.000,232.000,-9.000,163.000,0.000,-0.250,1
2026-01-31 17:48:14,7619214,4761.000,6367.000,3109.000,290.000,-41.000,108.000,0.000,-0.250,1
2026-01-31 17:48:14,7619254,4523.000,6277.000,3195.000,139.000,87.000,46.000,0.000,-0.250,1
2026-01-31 17:48:14,7619294,4507.000,6277.000,2867.000,243.000,12.000,100.000,0.000,-0.250,1
2026-01-31 17:48:14,7619334,4458.000,6051.000,2801.000,33.000,95.000,147.000,0.000,-0.250,1
2026-01-31 17:48:14,7619374,4490.000,5850.000,2698.000,39.000,48.000,177.000,0.000,-0.250,1
2026-01-31 17:48:14,7619414,4666.000,5806.000,2731.000,-8.000,52.000,147.000,0.000,-0.250,1
2026-01-31 17:48:14,7619454,4611.000,5837.000,2890.000,-66.000,221.000,54.000,0.000,-0.250,1
2026-01-31 17:48:14,7619494,4507.000,5909.000,2939.000,-93.000,359.000,-11.000,0.000,-0.250,1
2026-01-31 17:48:14,7619534,4355.000,6224.000,3201.000,-1.000,349.000,11.000,0.000,-0.250,1
2026-01-31 17:48:14,7619574,4361.000,6289.000,3295.000,108.000,152.000,93.000,0.000,-0.250,1
2026-01-31 17:48:14,7619614,4509.000,6118.000,3190.000,169.000,0.000,208.000,0.000,-0.250,1
2026-01-31 17:48:14,7619654,4684.000,6166.000,3057.000,162.000,-27.000,189.000,0.000,-0.250,1
2026-01-31 17:48:14,7619694,4710.000,6094.000,3174.000,-8.000,34.000,89.000,0.000,-0.250,1
2026-01-31 17:48:15,7619734,4716.000,5811.000,2978.000,2.000,38.000,39.000,0.000,-0.250,1
2026-01-31 17:48:15,7619774,4723.000,6139.000,3401.000,-211.000,291.000,-10.000,0.000,-0.250,1
2026-01-31 17:48:15,7619814,4544.000,5628.000,3431.000,-258.000,336.000,-82.000,0.000,-1.940,1
2026-01-31 17:48:15,7619854,4291.000,5681.000,3675.000,-263.000,464.000,-134.000,0.000,-1.940,1
2026-01-31 17:48:15,7619894,4315.000,6456.000,3837.000,128.000,331.000,46.000,0.000,-1.940,1
2026-01-31 17:48:15,7619934,4267.000,5901.000,3315.000,203.000,139.000,97.000,0.000,-1.940,1
2026-01-31 17:48:15,7619974,4370.000,6469.000,3477.000,136.000,96.000,204.000,0.000,-1.940,1
2026-01-31 17:48:15,7620014,4548.000,6372.000,3320.000,344.000,-46.000,195.000,0.000,-1.940,1
2026-01-31 17:48:15,7620054,4623.000,6481.000,3382.000,314.000,-9.000,92.000,0.000,-1.940,1
2026-01-31 17:48:15,7620094,4076.000,5636.000,3089.000,4.000,83.000,-80.000,0.000,-1.940,1
2026-01-31 17:48:15,7620134,4467.000,6600.000,3270.000,223.000,-13.000,181.000,0.000,-1.940,1
2026-01-31 17:48:15,7620174,4460.000,5776.000,3086.000,94.000,83.000,171.000,0.000,-1.940,1
2026-01-31 17:48:15,7620214,4645.000,6521.000,3355.000,79.000,119.000,133.000,0.000,-1.940,1
2026-01-31 17:48:15,7620254,4482.000,6375.000,3005.000,291.000,35.000,63.000,0.000,-1.940,1
2026-01-31 17:48:15,7620294,4374.000,5891.000,3006.000,120.000,51.000,166.000,0.000,-1.940,1
2026-01-31 17:48:15,7620334,4520.000,6217.000,2911.000,170.000,56.000,126.000,0.000,-1.940,1
2026-01-31 17:48:15,7620374,4432.000,6005.000,3115.000,6.000,141.000,133.000,0.000,-1.940,1
2026-01-31 17:48:15,7620414,4566.000,6255.000,2874.000,244.000,70.000,78.000,0.000,-1.940,1
2026-01-31 17:48:15,7620454,4387.000,5882.000,3042.000,-33.000,134.000,129.000,0.000,-1.940,1
2026-01-31 17:48:15,7620494,4538.000,6057.000,2912.000,89.000,44.000,111.000,0.000,-1.940,1
2026-01-31 17:48:15,7620534,4649.000,6060.000,3143.000,72.000,108.000,149.000,0.000,-1.940,1
2026-01-31 17:48:15,7620574,4653.000,6388.000,3085.000,193.000,143.000,49.000,0.000,-1.940,1
2026-01-31 17:48:15,7620614,4428.000,5860.000,2696.000,-4.000,106.000,0.000,0.000,-1.940,1
2026-01-31 17:48:15,7620654,4663.000,6237.000,3138.000,94.000,131.000,245.000,0.000,-1.940,1
2026-01-31 17:48:15,7620694,4718.000,6355.000,3005.000,166.000,143.000,95.000,0.000,-1.940,1
2026-01-31 17:48:16,7620734,4665.000,6011.000,3005.000,12.000,145.000,20.000,0.000,-1.940,1
2026-01-31 17:48:16,7620774,4558.000,6006.000,2948.000,108.000,184.000,17.000,0.000,-1.940,1
2026-01-31 17:48:16,7620814,4782.000,6697.000,3315.000,121.000,230.000,141.000,0.000,-1.270,1
2026-01-31 17:48:16,7620854,4301.000,5697.000,2891.000,-6.000,167.000,-114.000,0.000,-1.270,1
2026-01-31 17:48:16,7620894,4300.000,6343.000,3070.000,70.000,160.000,105.000,0.000,-1.270,1
2026-01-31 17:48:16,7620934,4555.000,6351.000,3056.000,247.000,143.000,236.000,0.000,-1.270,1
2026-01-31 17:48:16,7620974,4691.000,6175.000,2996.000,166.000,60.000,113.000,0.000,-1.270,1
2026-01-31 17:48:16,7621014,4397.000,5799.000,2929.000,61.000,83.000,3.000,0.000,-1.270,1
2026-01-31 17:48:16,7621054,4677.000,6494.000,3103.000,177.000,84.000,156.000,0.000,-1.270,1
2026-01-31 17:48:16,7621094,4425.000,5889.000,2999.000,12.000,146.000,30.000,0.000,-1.270,1
2026-01-31 17:48:16,7621134,4617.000,6070.000,2920.000,129.000,96.000,117.000,0.000,-1.270,1
2026-01-31 17:48:16,7621174,4421.000,6178.000,3126.000,148.000,220.000,70.000,0.000,-1.270,1
2026-01-31 17:48:16,7621214,4455.000,6057.000,2720.000,271.000,68.000,62.000,0.000,-1.270,1
2026-01-31 17:48:16,7621254,4424.000,6170.000,2986.000,15.000,168.000,80.000,0.000,-1.270,1
2026-01-31 17:48:16,7621294,4524.000,6189.000,2923.000,159.000,114.000,83.000,0.000,-1.270,1
2026-01-31 17:48:16,7621337,4476.000,6128.000,2925.000,90.000,136.000,13.000,0.000,-1.270,1
2026-01-31 17:48:16,7621379,4580.000,6268.000,3058.000,52.000,138.000,95.000,0.000,-1.270,1
2026-01-31 17:48:16,7621414,4469.000,6057.000,2929.000,64.000,152.000,46.000,0.000,-1.270,1
2026-01-31 17:48:16,7621454,4630.000,6453.000,2987.000,148.000,99.000,125.000,0.000,-1.270,1
2026-01-31 17:48:16,7621494,4587.000,6352.000,3018.000,97.000,165.000,77.000,0.000,-1.270,1
2026-01-31 17:48:16,7621534,4340.000,5799.000,2742.000,-6.000,111.000,14.000,0.000,-1.270,1
2026-01-31 17:48:16,7621576,4401.000,6304.000,3139.000,10.000,202.000,132.000,0.000,-1.270,1
2026-01-31 17:48:16,7621614,4332.000,6025.000,3011.000,71.000,150.000,123.000,0.000,-1.270,1
2026-01-31 17:48:16,7621654,4621.000,6465.000,2959.000,245.000,22.000,119.000,0.000,-1.270,1
2026-01-31 17:48:16,7621694,4227.000,5897.000,3025.000,16.000,89.000,61.000,0.000,-1.270,1
2026-01-31 17:48:17,7621734,4616.000,6366.000,2872.000,297.000,-84.000,199.000,0.000,-1.270,1
2026-01-31 17:48:17,7621774,4658.000,6215.000,2885.000,241.000,4.000,92.000,0.000,-1.270,1
2026-01-31 17:48:17,7621814,4675.000,6336.000,2886.000,188.000,12.000,104.000,0.000,-2.590,1
2026-01-31 17:48:17,7621854,4525.000,6133.000,2726.000,169.000,81.000,50.000,0.000,-2.590,1
2026-01-31 17:48:17,7621894,4646.000,6558.000,2908.000,109.000,123.000,96.000,0.000,-2.590,1
2026-01-31 17:48:17,7621934,4577.000,6099.000,2651.000,172.000,76.000,49.000,0.000,-2.590,1
2026-01-31 17:48:17,7621974,4509.000,6237.000,2910.000,-15.000,147.000,103.000,0.000,-2.590,1
2026-01-31 17:48:17,7622014,4528.000,6040.000,2700.000,117.000,-8.000,85.000,0.000,-2.590,1
2026-01-31 17:48:17,7622054,4621.000,6243.000,2841.000,93.000,-7.000,105.000,0.000,-2.590,1
2026-01-31 17:48:17,7622094,4442.000,5919.000,2676.000,92.000,72.000,-5.000,0.000,-2.590,1
2026-01-31 17:48:17,7622134,4653.000,6279.000,2831.000,190.000,112.000,68.000,0.000,-2.590,1
2026-01-31 17:48:17,7622174,4449.000,6150.000,2754.000,191.000,153.000,-19.000,0.000,-2.590,1
2026-01-31 17:48:17,7622214,4603.000,6508.000,2857.000,309.000,105.000,7.000,0.000,-2.590,1
2026-01-31 17:48:17,7622254,4449.000,6160.000,2788.000,496.000,103.000,-59.000,0.000,-2.590,1
2026-01-31 17:48:17,7622294,4376.000,6507.000,2694.000,570.000,117.000,-78.000,0.000,-2.590,1
2026-01-31 17:48:17,7622334,4350.000,6601.000,2746.000,563.000,122.000,-55.000,0.000,-2.590,1
2026-01-31 17:48:17,7622374,4238.000,6266.000,2649.000,186.000,160.000,-144.000,0.000,-2.590,1
2026-01-31 17:48:17,7622414,4478.000,6496.000,2524.000,283.000,140.000,34.000,0.000,-2.590,1
2026-01-31 17:48:17,7622454,4509.000,6502.000,2581.000,65.000,205.000,6.000,0.000,-2.590,1
2026-01-31 17:48:17,7622494,4396.000,6492.000,2662.000,-54.000,166.000,29.000,0.000,-2.590,1
2026-01-31 17:48:17,7622534,4146.000,6088.000,2505.000,-74.000,105.000,44.000,0.000,-2.590,1
2026-01-31 17:48:17,7622574,4446.000,6503.000,2489.000,98.000,100.000,162.000,0.000,-2.590,1
2026-01-31 17:48:17,7622614,4430.000,6448.000,2664.000,-25.000,200.000,91.000,0.000,-2.590,1
2026-01-31 17:48:17,7622654,4383.000,6544.000,2591.000,83.000,118.000,22.000,0.000,-2.590,1
2026-01-31 17:48:17,7622694,4137.000,6023.000,2641.000,-254.000,99.000,58.000,0.000,-2.590,1
2026-01-31 17:48:18,7622734,4319.000,6198.000,2532.000,26.000,37.000,100.000,0.000,-2.590,1
2026-01-31 17:48:18,7622774,4614.000,6447.000,2821.000,-95.000,90.000,160.000,0.000,-2.590,1
2026-01-31 17:48:18,7622814,4766.000,6398.000,2744.000,17.000,28.000,38.000,0.000,-0.700,1
2026-01-31 17:48:18,7622854,4561.000,6411.000,2876.000,20.000,113.000,-3.000,0.000,-0.700,1
2026-01-31 17:48:18,7622894,4445.000,6295.000,2613.000,49.000,95.000,-6.000,0.000,-0.700,1
2026-01-31 17:48:18,7622934,4548.000,6659.000,2826.000,26.000,244.000,37.000,0.000,-0.700,1
2026-01-31 17:48:18,7622974,4370.000,6313.000,2730.000,-24.000,191.000,-1.000,0.000,-0.700,1
2026-01-31 17:48:18,7623014,4253.000,6450.000,2804.000,-48.000,188.000,-18.000,0.000,-0.700,1
2026-01-31 17:48:18,7623054,4372.000,6386.000,2794.000,-2.000,91.000,55.000,0.000,-0.700,1
2026-01-31 17:48:18,7623094,4456.000,6334.000,2815.000,33.000,9.000,50.000,0.000,-0.700,1
2026-01-31 17:48:18,7623134,4584.000,6587.000,2877.000,114.000,5.000,61.000,0.000,-0.700,1
2026-01-31 17:48:18,7623174,4503.000,6412.000,2748.000,124.000,53.000,24.000,0.000,-0.700,1
2026-01-31 17:48:18,7623214,4423.000,6449.000,2632.000,147.000,90.000,11.000,0.000,-0.700,1
2026-01-31 17:48:18,7623254,4330.000,6463.000,2731.000,45.000,143.000,42.000,0.000,-0.700,1
2026-01-31 17:48:18,7623294,4455.000,6685.000,2882.000,105.000,107.000,46.000,0.000,-0.700,1
2026-01-31 17:48:18,7623337,4249.000,6182.000,2995.000,-182.000,129.000,-37.000,0.000,-0.700,1
2026-01-31 17:48:18,7623376,4105.000,6048.000,3256.000,-413.000,316.000,-44.000,0.000,-0.700,1
2026-01-31 17:48:18,7623414,3975.000,5956.000,3306.000,-400.000,350.000,-87.000,0.000,-0.700,1
2026-01-31 17:48:18,7623454,3973.000,6243.000,3445.000,-188.000,334.000,-56.000,0.000,-0.700,1
2026-01-31 17:48:18,7623494,3717.000,6019.000,3384.000,-139.000,362.000,-72.000,0.000,-0.700,1
2026-01-31 17:48:18,7623534,3711.000,6293.000,3257.000,114.000,194.000,18.000,0.000,-0.700,1
2026-01-31 17:48:18,7623577,3828.000,6494.000,3213.000,176.000,52.000,121.000,0.000,-0.700,1
2026-01-31 17:48:18,7623614,3879.000,6518.000,3233.000,149.000,24.000,107.000,0.000,-0.700,1
2026-01-31 17:48:18,7623654,3910.000,6434.000,3334.000,29.000,5.000,48.000,0.000,-0.700,1
2026-01-31 17:48:18,7623694,4050.000,6493.000,3323.000,38.000,-22.000,36.000,0.000,-0.700,1
2026-01-31 17:48:19,7623734,4150.000,6490.000,3370.000,-60.000,11.000,47.000,0.000,-0.700,1
2026-01-31 17:48:19,7623774,4035.000,6151.000,3341.000,-122.000,51.000,23.000,0.000,-0.700,1
2026-01-31 17:48:19,7623814,4082.000,6398.000,3318.000,55.000,72.000,90.000,0.000,1.810,1
2026-01-31 17:48:19,7623854,4083.000,6206.000,3238.000,33.000,63.000,118.000,0.000,1.810,1
2026-01-31 17:48:19,7623894,4146.000,6367.000,3285.000,80.000,43.000,94.000,0.000,1.810,1
2026-01-31 17:48:19,7623934,4113.000,6370.000,3249.000,164.000,44.000,48.000,0.000,1.810,1
2026-01-31 17:48:19,7623974,4188.000,6591.000,3055.000,289.000,-68.000,77.000,0.000,1.810,1
2026-01-31 17:48:19,7624014,4238.000,6570.000,2996.000,140.000,-88.000,113.000,0.000,1.810,1
2026-01-31 17:48:19,7624054,4427.000,6442.000,2768.000,141.000,-156.000,147.000,0.000,1.810,1
2026-01-31 17:48:19,7624094,4516.000,6387.000,2634.000,241.000,-186.000,116.000,0.000,1.810,1
2026-01-31 17:48:19,7624134,4634.000,6421.000,2505.000,311.000,-217.000,99.000,0.000,1.810,1
2026-01-31 17:48:19,7624174,4641.000,6318.000,2454.000,151.000,-80.000,52.000,0.000,1.810,1
2026-01-31 17:48:19,7624214,4614.000,6455.000,2433.000,154.000,57.000,3.000,0.000,1.810,1
2026-01-31 17:48:19,7624254,4377.000,6412.000,2572.000,-41.000,222.000,-35.000,0.000,1.810,1
2026-01-31 17:48:19,7624294,4283.000,6243.000,2444.000,-24.000,159.000,18.000,0.000,1.810,1
2026-01-31 17:48:19,7624334,4303.000,6456.000,2580.000,-19.000,155.000,60.000,0.000,1.810,1
2026-01-31 17:48:19,7624374,4261.000,6230.000,2462.000,5.000,56.000,38.000,0.000,1.810,1
2026-01-31 17:48:19,7624414,4341.000,6518.000,2553.000,60.000,20.000,46.000,0.000,1.810,1
2026-01-31 17:48:19,7624454,4441.000,6354.000,2508.000,55.000,-50.000,69.000,0.000,1.810,1
2026-01-31 17:48:19,7624494,4620.000,6613.000,2616.000,69.000,-17.000,75.000,0.000,1.810,1
2026-01-31 17:48:19,7624534,4603.000,6428.000,2553.000,34.000,-17.000,44.000,0.000,1.810,1
2026-01-31 17:48:19,7624574,4700.000,6627.000,2561.000,82.000,9.000,40.000,0.000,1.810,1
2026-01-31 17:48:19,7624614,4503.000,6429.000,2632.000,-47.000,113.000,-13.000,0.000,1.810,1
2026-01-31 17:48:19,7624654,4461.000,6361.000,2561.000,15.000,102.000,6.000,0.000,1.810,1
2026-01-31 17:48:19,7624694,4377.000,6630.000,2729.000,26.000,178.000,7.000,0.000,1.810,1
2026-01-31 17:48:20,7624734,4241.000,6321.000,2506.000,91.000,47.000,9.000,0.000,1.810,1
2026-01-31 17:48:20,7624774,4302.000,6629.000,2543.000,153.000,-9.000,74.000,0.000,1.810,1
2026-01-31 17:48:20,7624814,4362.000,6389.000,2358.000,107.000,-57.000,84.000,0.000,-8.590,1
2026-01-31 17:48:20,7624854,4516.000,6689.000,2482.000,72.000,-65.000,91.000,0.000,-8.590,1
2026-01-31 17:48:20,7624894,4395.000,6245.000,2391.000,-48.000,-18.000,45.000,0.000,-8.590,1
2026-01-31 17:48:20,7624934,4349.000,6310.000,2447.000,-47.000,63.000,45.000,0.000,-8.590,1
2026-01-31 17:48:20,7624974,4255.000,6316.000,2506.000,-35.000,129.000,55.000,0.000,-8.590,1
2026-01-31 17:48:20,7625014,4324.000,6346.000,2473.000,27.000,64.000,77.000,0.000,-8.590,1
2026-01-31 17:48:20,7625054,4384.000,6539.000,2592.000,45.000,33.000,65.000,0.000,-8.590,1
2026-01-31 17:48:20,7625094,4347.000,6425.000,2585.000,-4.000,-1.000,29.000,0.000,-8.590,1
2026-01-31 17:48:20,7625134,4413.000,6586.000,2722.000,-84.000,15.000,55.000,0.000,-8.590,1
2026-01-31 17:48:20,7625174,4474.000,6368.000,2719.000,-103.000,4.000,66.000,0.000,-8.590,1
2026-01-31 17:48:20,7625214,4522.000,6483.000,2792.000,-16.000,57.000,53.000,0.000,-8.590,1
2026-01-31 17:48:20,7625254,4449.000,6341.000,2773.000,23.000,40.000,51.000,0.000,-8.590,1
2026-01-31 17:48:20,7625294,4453.000,6494.000,2801.000,97.000,56.000,33.000,0.000,-8.590,1
2026-01-31 17:48:20,7625334,4374.000,6567.000,2772.000,128.000,75.000,10.000,0.000,-8.590,1
2026-01-31 17:48:20,7625377,4265.000,6556.000,2750.000,57.000,38.000,25.000,0.000,-8.590,1
2026-01-31 17:48:20,7625414,4261.000,6540.000,2756.000,44.000,15.000,44.000,0.000,-8.590,1
2026-01-31 17:48:20,7625454,4270.000,6379.000,2701.000,8.000,-34.000,59.000,0.000,-8.590,1
2026-01-31 17:48:20,7625494,4330.000,6381.000,2725.000,-22.000,-34.000,61.000,0.000,-8.590,1
2026-01-31 17:48:20,7625534,4357.000,6194.000,2716.000,-28.000,-30.000,50.000,0.000,-8.590,1
2026-01-31 17:48:20,7625577,4418.000,6375.000,2452.000,276.000,-79.000,80.000,0.000,-8.590,1
2026-01-31 17:48:20,7625614,4486.000,6479.000,2304.000,385.000,-149.000,112.000,0.000,-8.590,1
2026-01-31 17:48:20,7625654,4576.000,6582.000,2173.000,422.000,-158.000,135.000,0.000,-8.590,1
2026-01-31 17:48:20,7625694,4607.000,6644.000,2101.000,116.000,-65.000,40.000,0.000,-8.590,1
2026-01-31 17:48:21,7625734,4833.000,6513.000,1849.000,194.000,-148.000,76.000,0.000,-8.590,1
2026-01-31 17:48:21,7625774,4864.000,6634.000,1765.000,159.000,-67.000,-7.000,0.000,-8.590,1
2026-01-31 17:48:21,7625814,4890.000,6501.000,1660.000,112.000,-125.000,-5.000,0.000,-0.600,1
2026-01-31 17:48:21,7625854,4997.000,6469.000,1644.000,122.000,-94.000,8.000,0.000,-0.600,1
2026-01-31 17:48:21,7625894,5044.000,6336.000,1516.000,-22.000,48.000,-78.000,0.000,-0.600,1
2026-01-31 17:48:21,7625934,5184.000,6050.000,1511.000,-69.000,305.000,-85.000,0.000,-0.600,1
2026-01-31 17:48:21,7625974,4525.000,6421.000,2189.000,252.000,805.000,-371.000,0.000,-0.600,1
2026-01-31 17:48:21,7626014,4314.000,7070.000,2357.000,469.000,597.000,-342.000,0.000,-0.600,1
2026-01-31 17:48:21,7626054,4329.000,7061.000,1963.000,278.000,312.000,-144.000,0.000,-0.600,1
2026-01-31 17:48:21,7626094,4385.000,6898.000,1934.000,-148.000,134.000,144.000,0.000,-0.600,1
2026-01-31 17:48:21,7626134,4471.000,6488.000,2151.000,-530.000,128.000,135.000,0.000,-0.600,1
2026-01-31 17:48:21,7626174,4439.000,6397.000,2378.000,-541.000,214.000,-48.000,0.000,-0.600,1
2026-01-31 17:48:21,7626214,4485.000,6429.000,2504.000,-522.000,425.000,-222.000,0.000,-0.600,1
2026-01-31 17:48:21,7626254,4178.000,6213.000,2714.000,-263.000,550.000,-362.000,0.000,-0.600,1
2026-01-31 17:48:21,7626294,4011.000,6596.000,2949.000,68.000,315.000,-324.000,0.000,-0.600,1
2026-01-31 17:48:21,7626334,3902.000,6679.000,2726.000,-7.000,120.000,-100.000,0.000,-0.600,1
2026-01-31 17:48:21,7626374,4120.000,6547.000,2688.000,-37.000,-60.000,157.000,0.000,-0.600,1
2026-01-31 17:48:21,7626414,4235.000,6541.000,2691.000,-109.000,-55.000,79.000,0.000,-0.600,1
2026-01-31 17:48:21,7626454,4222.000,6495.000,2837.000,-231.000,71.000,-92.000,0.000,-0.600,1
2026-01-31 17:48:21,7626494,4165.000,6418.000,2887.000,-230.000,62.000,-114.000,0.000,-0.600,1
2026-01-31 17:48:21,7626534,4204.000,6480.000,2872.000,-75.000,-3.000,-44.000,0.000,-0.600,1
2026-01-31 17:48:21,7626574,4205.000,6614.000,2889.000,-5.000,12.000,15.000,0.000,-0.600,1
2026-01-31 17:48:21,7626614,4165.000,6517.000,2889.000,-38.000,52.000,34.000,0.000,-0.600,1
2026-01-31 17:48:21,7626654,4179.000,6544.000,2804.000,-24.000,82.000,3.000,0.000,-0.600,1
2026-01-31 17:48:21,7626694,4070.000,6138.000,2653.000,22.000,99.000,-43.000,0.000,-0.600,1
2026-01-31 17:48:22,7626734,3908.000,6514.000,2896.000,-112.000,88.000,-70.000,0.000,-0.600,1
2026-01-31 17:48:22,7626774,3933.000,6554.000,2862.000,-32.000,46.000,-19.000,0.000,-0.600,1
2026-01-31 17:48:22,7626814,3943.000,6545.000,2880.000,11.000,13.000,15.000,0.000,3.430,1
2026-01-31 17:48:22,7626854,3987.000,6569.000,2860.000,1.000,-18.000,35.000,0.000,3.430,1
2026-01-31 17:48:22,7626894,4077.000,6522.000,2830.000,-57.000,7.000,35.000,0.000,3.430,1
2026-01-31 17:48:22,7626934,4035.000,6457.000,2907.000,-103.000,58.000,9.000,0.000,3.430,1
2026-01-31 17:48:22,7626974,4043.000,6456.000,2908.000,-4.000,3.000,29.000,0.000,3.430,1
2026-01-31 17:48:22,7627014,4070.000,6538.000,2875.000,59.000,-11.000,20.000,0.000,3.430,1
2026-01-31 17:48:22,7627054,4109.000,6583.000,2880.000,27.000,6.000,19.000,0.000,3.430,1
2026-01-31 17:48:22,7627094,4071.000,6581.000,2951.000,-15.000,45.000,-9.000,0.000,3.430,1
2026-01-31 17:48:22,7627134,4028.000,6591.000,2913.000,5.000,9.000,18.000,0.000,3.430,1
2026-01-31 17:48:22,7627174,3983.000,6572.000,2918.000,-10.000,-9.000,26.000,0.000,3.430,1
2026-01-31 17:48:22,7627214,4008.000,6552.000,2980.000,-30.000,-45.000,69.000,0.000,3.430,1
2026-01-31 17:48:22,7627254,4072.000,6524.000,2958.000,-9.000,-55.000,79.000,0.000,3.430,1
2026-01-31 17:48:22,7627294,4074.000,6492.000,2949.000,-27.000,8.000,20.000,0.000,3.430,1
2026-01-31 17:48:22,7627337,4007.000,6489.000,3019.000,-53.000,40.000,2.000,0.000,3.430,1
2026-01-31 17:48:22,7627376,3983.000,6481.000,3110.000,-74.000,66.000,-1.000,0.000,3.430,1
2026-01-31 17:48:22,7627414,3942.000,6478.000,3195.000,-117.000,94.000,-18.000,0.000,3.430,1
2026-01-31 17:48:22,7627454,3923.000,6413.000,3411.000,-295.000,201.000,-64.000,0.000,3.430,1
2026-01-31 17:48:22,7627494,3604.000,6382.000,3701.000,349.000,243.000,-58.000,0.000,3.430,1
2026-01-31 17:48:22,7627534,3463.000,6307.000,3757.000,14.000,233.000,35.000,0.000,3.430,1
2026-01-31 17:48:22,7627577,3266.000,6466.000,3688.000,93.000,87.000,106.000,0.000,3.430,1
2026-01-31 17:48:22,7627614,3302.000,6478.000,3588.000,34.000,22.000,64.000,0.000,3.430,1
2026-01-31 17:48:22,7627654,3528.000,6537.000,3474.000,56.000,-210.000,195.000,0.000,3.430,1
2026-01-31 17:48:22,7627694,3761.000,6445.000,3479.000,6.000,-249.000,193.000,0.000,3.430,1
2026-01-31 17:48:23,7627734,3872.000,6463.000,3545.000,39.000,-135.000,42.000,0.000,3.430,1
2026-01-31 17:48:23,7627774,3792.000,6541.000,3595.000,51.000,-14.000,-106.000,0.000,3.430,1
2026-01-31 17:48:23,7627814,3724.000,6546.000,3571.000,8.000,4.000,-63.000,0.000,-6.740,1
2026-01-31 17:48:23,7627854,3682.000,6491.000,3567.000,-24.000,-18.000,36.000,0.000,-6.740,1
2026-01-31 17:48:23,7627894,3696.000,6443.000,3490.000,28.000,-48.000,124.000,0.000,-6.740,1
2026-01-31 17:48:23,7627934,3700.000,6451.000,3484.000,42.000,-14.000,100.000,0.000,-6.740,1
2026-01-31 17:48:23,7627974,3657.000,6479.000,3472.000,32.000,7.000,51.000,0.000,-6.740,1
2026-01-31 17:48:23,7628014,3618.000,6494.000,3472.000,-31.000,2.000,21.000,0.000,-6.740,1
2026-01-31 17:48:23,7628054,3591.000,6409.000,3501.000,-103.000,-56.000,42.000,0.000,-6.740,1
2026-01-31 17:48:23,7628094,3642.000,6313.000,3515.000,-84.000,-121.000,93.000,0.000,-6.740,1
2026-01-31 17:48:23,7628134,3739.000,6348.000,3482.000,15.000,-147.000,125.000,0.000,-6.740,1
2026-01-31 17:48:23,7628174,3829.000,6384.000,3464.000,2.000,-84.000,107.000,0.000,-6.740,1
2026-01-31 17:48:23,7628214,3752.000,6345.000,3606.000,-73.000,8.000,36.000,0.000,-6.740,1
2026-01-31 17:48:23,7628254,3685.000,6370.000,3601.000,42.000,14.000,18.000,0.000,-6.740,1
2026-01-31 17:48:23,7628294,3695.000,6476.000,3567.000,107.000,-34.000,55.000,0.000,-6.740,1
2026-01-31 17:48:23,7628334,3743.000,6462.000,3606.000,43.000,-55.000,54.000,0.000,-6.740,1
2026-01-31 17:48:23,7628374,3700.000,6393.000,3647.000,-11.000,-9.000,2.000,0.000,-6.740,1
2026-01-31 17:48:23,7628414,3631.000,6466.000,3727.000,-17.000,33.000,-23.000,0.000,-6.740,1
2026-01-31 17:48:23,7628454,3611.000,6444.000,3768.000,-45.000,21.000,6.000,0.000,-6.740,1
2026-01-31 17:48:23,7628494,3572.000,6365.000,3858.000,-126.000,47.000,22.000,0.000,-6.740,1
2026-01-31 17:48:23,7628534,3503.000,6359.000,3983.000,-68.000,23.000,60.000,0.000,-6.740,1
2026-01-31 17:48:23,7628574,3470.000,6372.000,3952.000,-4.000,-29.000,120.000,0.000,-6.740,1
2026-01-31 17:48:23,7628614,3437.000,6331.000,3993.000,-68.000,-35.000,209.000,0.000,-6.740,1
2026-01-31 17:48:23,7628654,3477.000,6229.000,3985.000,-151.000,-9.000,158.000,0.000,-6.740,1
2026-01-31 17:48:23,7628694,3430.000,6174.000,4117.000,-111.000,32.000,85.000,0.000,-6.740,1
2026-01-31 17:48:24,7628734,3360.000,6247.000,4190.000,-24.000,27.000,20.000,0.000,-6.740,1
2026-01-31 17:48:24,7628774,3323.000,6341.000,4236.000,-23.000,-22.000,32.000,0.000,-6.740,1
2026-01-31 17:48:24,7628814,3354.000,6331.000,4196.000,-33.000,-63.000,90.000,0.000,-15.460,1
2026-01-31 17:48:24,7628854,3371.000,6295.000,4143.000,-45.000,-76.000,125.000,0.000,-15.460,1
2026-01-31 17:48:24,7628894,3447.000,6243.000,4160.000,-102.000,-67.000,120.000,0.000,-15.460,1
2026-01-31 17:48:24,7628934,3487.000,6188.000,4145.000,-61.000,-31.000,87.000,0.000,-15.460,1
2026-01-31 17:48:24,7628974,3447.000,6227.000,4175.000,-21.000,8.000,24.000,0.000,-15.460,1
2026-01-31 17:48:24,7629014,3384.000,6275.000,4288.000,-57.000,3.000,-13.000,0.000,-15.460,1
2026-01-31 17:48:24,7629054,3362.000,6162.000,4342.000,-101.000,6.000,7.000,0.000,-15.460,1
2026-01-31 17:48:24,7629094,3348.000,6255.000,4331.000,-55.000,33.000,27.000,0.000,-15.460,1
2026-01-31 17:48:24,7629134,3340.000,6177.000,4333.000,-117.000,21.000,16.000,0.000,-15.460,1
2026-01-31 17:48:24,7629174,3361.000,6137.000,4385.000,-141.000,35.000,-20.000,0.000,-15.460,1
2026-01-31 17:48:24,7629214,3293.000,6154.000,4410.000,-144.000,61.000,-95.000,0.000,-15.460,1
2026-01-31 17:48:24,7629254,3249.000,6135.000,4457.000,-105.000,67.000,-112.000,0.000,-15.460,1
2026-01-31 17:48:24,7629294,3241.000,6176.000,4455.000,-126.000,116.000,-116.000,0.000,-15.460,1
2026-01-31 17:48:24,7629334,3219.000,6199.000,4543.000,-183.000,157.000,-134.000,0.000,-15.460,1
2026-01-31 17:48:24,7629374,3110.000,6127.000,4666.000,-219.000,139.000,-85.000,0.000,-15.460,1
2026-01-31 17:48:24,7629414,3117.000,6122.000,4642.000,-77.000,45.000,3.000,0.000,-15.460,1
2026-01-31 17:48:24,7629454,3176.000,6180.000,4667.000,-52.000,39.000,13.000,0.000,-15.460,1
2026-01-31 17:48:24,7629494,3204.000,6125.000,4675.000,1.000,23.000,-15.000,0.000,-15.460,1
2026-01-31 17:48:24,7629534,3246.000,6336.000,4601.000,214.000,9.000,-65.000,0.000,-15.460,1
2026-01-31 17:48:24,7629577,3205.000,6219.000,4610.000,-21.000,45.000,-47.000,0.000,-15.460,1
2026-01-31 17:48:24,7629614,3197.000,6196.000,4640.000,-65.000,60.000,-48.000,0.000,-15.460,1
2026-01-31 17:48:24,7629654,3101.000,6038.000,4714.000,-132.000,75.000,-48.000,0.000,-15.460,1
2026-01-31 17:48:24,7629694,3050.000,6008.000,4690.000,-59.000,79.000,-39.000,0.000,-15.460,1
2026-01-31 17:48:25,7629734,3067.000,6047.000,4632.000,20.000,71.000,-15.000,0.000,-15.460,1
2026-01-31 17:48:25,7629774,3073.000,6169.000,4559.000,67.000,57.000,-12.000,0.000,-15.460,1
2026-01-31 17:48:25,7629814,3071.000,6132.000,4552.000,13.000,51.000,-8.000,0.000,0.000,1
2026-01-31 17:48:25,7629854,3096.000,6141.000,4608.000,-25.000,83.000,-22.000,0.000,0.000,1
2026-01-31 17:48:25,7629894,3079.000,6236.000,4669.000,4.000,102.000,-40.000,0.000,0.000,1
2026-01-31 17:48:25,7629934,3107.000,6273.000,4680.000,3.000,60.000,-3.000,0.000,0.000,1
2026-01-31 17:48:25,7629974,3154.000,6244.000,4670.000,-44.000,23.000,41.000,0.000,0.000,1
2026-01-31 17:48:25,7630014,3189.000,6172.000,4665.000,-40.000,10.000,51.000,0.000,0.000,1
2026-01-31 17:48:25,7630054,3260.000,6248.000,4703.000,34.000,45.000,28.000,0.000,0.000,1
2026-01-31 17:48:25,7630094,3163.000,6164.000,4667.000,27.000,75.000,-8.000,0.000,0.000,1
2026-01-31 17:48:25,7630134,3123.000,6139.000,4628.000,-11.000,97.000,-17.000,0.000,0.000,1
2026-01-31 17:48:25,7630174,2919.000,5947.000,4581.000,-37.000,130.000,-50.000,0.000,0.000,1
2026-01-31 17:48:25,7630214,2877.000,6042.000,4695.000,-50.000,119.000,24.000,0.000,0.000,1
2026-01-31 17:48:25,7630254,2954.000,6050.000,4649.000,44.000,76.000,43.000,0.000,0.000,1
2026-01-31 17:48:25,7630294,2977.000,6145.000,4745.000,34.000,98.000,15.000,0.000,0.000,1
2026-01-31 17:48:25,7630334,2973.000,6216.000,4761.000,134.000,73.000,19.000,0.000,0.000,1
2026-01-31 17:48:25,7630374,3028.000,6444.000,4734.000,161.000,-1.000,87.000,0.000,0.000,1
2026-01-31 17:48:25,7630414,3172.000,6357.000,4666.000,62.000,-54.000,120.000,0.000,0.000,1
2026-01-31 17:48:25,7630454,3178.000,6239.000,4658.000,-2.000,-22.000,78.000,0.000,0.000,1
2026-01-31 17:48:25,7630494,3071.000,6080.000,4637.000,-24.000,40.000,27.000,0.000,0.000,1
2026-01-31 17:48:25,7630534,3058.000,6089.000,4671.000,-16.000,82.000,61.000,0.000,0.000,1
2026-01-31 17:48:25,7630574,3071.000,6157.000,4613.000,88.000,51.000,81.000,0.000,0.000,1
2026-01-31 17:48:25,7630614,3067.000,6208.000,4571.000,73.000,38.000,82.000,0.000,0.000,1
2026-01-31 17:48:25,7630654,3027.000,6176.000,4530.000,12.000,46.000,73.000,0.000,0.000,1
2026-01-31 17:48:25,7630694,3006.000,6051.000,4575.000,-137.000,60.000,47.000,0.000,0.000,1
2026-01-31 17:48:26,7630734,3012.000,5944.000,4665.000,-122.000,63.000,47.000,0.000,0.000,1
2026-01-31 17:48:26,7630774,3087.000,6047.000,4718.000,-54.000,53.000,68.000,0.000,0.000,1
2026-01-31 17:48:26,7630814,3122.000,6046.000,4762.000,-44.000,25.000,92.000,0.000,0.000,1
2026-01-31 17:48:26,7630854,3199.000,5999.000,4753.000,-1.000,20.000,76.000,0.000,0.000,1
2026-01-31 17:48:26,7630894,3245.000,6225.000,4799.000,105.000,60.000,71.000,0.000,0.000,1
2026-01-31 17:48:26,7630934,3397.000,6453.000,4792.000,61.000,0.000,123.000,0.000,0.000,1
2026-01-31 17:48:26,7630974,3398.000,6314.000,4788.000,-20.000,21.000,69.000,0.000,0.000,1
2026-01-31 17:48:26,7631014,3278.000,6145.000,4741.000,-13.000,47.000,45.000,0.000,0.000,1
2026-01-31 17:48:26,7631054,3208.000,6151.000,4714.000,17.000,76.000,67.000,0.000,0.000,1
2026-01-31 17:48:26,7631094,3106.000,6047.000,4708.000,6.000,102.000,47.000,0.000,0.000,1
2026-01-31 17:48:26,7631134,3001.000,5953.000,4620.000,22.000,72.000,30.000,0.000,0.000,1
2026-01-31 17:48:26,7631174,2992.000,5962.000,4576.000,16.000,53.000,75.000,0.000,0.000,1
2026-01-31 17:48:26,7631214,3076.000,6011.000,4616.000,0.000,25.000,119.000,0.000,0.000,1
2026-01-31 17:48:26,7631254,3110.000,5884.000,4613.000,-47.000,-1.000,89.000,0.000,0.000,1
2026-01-31 17:48:26,7631294,3136.000,5893.000,4560.000,9.000,-4.000,43.000,0.000,0.000,1
2026-01-31 17:48:26,7631334,3218.000,5991.000,4649.000,-12.000,80.000,56.000,0.000,0.000,1
2026-01-31 17:48:26,7631377,3092.000,6018.000,4718.000,-15.000,137.000,19.000,0.000,0.000,1
2026-01-31 17:48:26,7631416,3123.000,6177.000,4763.000,58.000,131.000,54.000,0.000,0.000,1
2026-01-31 17:48:26,7631457,3244.000,6265.000,4792.000,24.000,33.000,128.000,0.000,0.000,1
2026-01-31 17:48:26,7631494,3402.000,6327.000,4736.000,62.000,-41.000,113.000,0.000,0.000,1
2026-01-31 17:48:26,7631534,3363.000,6463.000,4978.000,-62.000,5.000,94.000,0.000,0.000,1
2026-01-31 17:48:26,7631579,3290.000,6088.000,4632.000,33.000,-42.000,40.000,0.000,0.000,1
2026-01-31 17:48:26,7631614,3402.000,6253.000,4800.000,-42.000,-23.000,123.000,0.000,0.000,1
2026-01-31 17:48:26,7631654,3355.000,5837.000,4674.000,7.000,32.000,84.000,0.000,0.000,1
2026-01-31 17:48:26,7631694,3306.000,6133.000,4774.000,117.000,119.000,63.000,0.000,0.000,1
2026-01-31 17:48:27,7631734,3174.000,6045.000,4574.000,184.000,32.000,87.000,0.000,0.000,1
2026-01-31 17:48:27,7631774,3255.000,5827.000,4431.000,-47.000,-19.000,118.000,0.000,0.000,1
2026-01-31 17:48:27,7631814,3227.000,5967.000,4675.000,-18.000,157.000,15.000,0.000,0.000,1
2026-01-31 17:48:27,7631854,2966.000,5373.000,4505.000,28.000,35.000,90.000,0.000,0.000,1
2026-01-31 17:48:27,7631894,2837.000,5692.000,4295.000,173.000,36.000,77.000,0.000,0.000,1
2026-01-31 17:48:27,7631934,3213.000,6196.000,4664.000,69.000,116.000,202.000,0.000,0.000,1
2026-01-31 17:48:27,7631974,3247.000,6046.000,4581.000,149.000,24.000,-31.000,0.000,0.000,1
2026-01-31 17:48:27,7632014,3244.000,6215.000,4598.000,58.000,10.000,26.000,0.000,0.000,1
2026-01-31 17:48:27,7632054,3326.000,6369.000,4693.000,37.000,64.000,93.000,0.000,0.000,1
2026-01-31 17:48:27,7632094,3452.000,6128.000,4698.000,-54.000,86.000,-2.000,0.000,0.000,1
2026-01-31 17:48:27,7632134,3193.000,6157.000,4884.000,-8.000,188.000,2.000,0.000,0.000,1
2026-01-31 17:48:27,7632174,3251.000,6197.000,4560.000,182.000,33.000,34.000,0.000,0.000,1
2026-01-31 17:48:27,7632214,3366.000,6207.000,4716.000,-18.000,62.000,153.000,0.000,0.000,1
2026-01-31 17:48:27,7632254,3452.000,6459.000,4709.000,212.000,98.000,64.000,0.000,0.000,1
2026-01-31 17:48:27,7632294,3303.000,6406.000,4821.000,22.000,135.000,5.000,0.000,0.000,1
2026-01-31 17:48:27,7632334,3077.000,5950.000,4560.000,-5.000,45.000,-3.000,0.000,0.000,1
2026-01-31 17:48:27,7632374,3403.000,6389.000,4739.000,44.000,14.000,192.000,0.000,0.000,1
2026-01-31 17:48:27,7632414,3315.000,6013.000,4781.000,-41.000,-6.000,118.000,0.000,0.000,1
2026-01-31 17:48:27,7632454,3380.000,5771.000,4489.000,12.000,-86.000,73.000,0.000,0.000,1
2026-01-31 17:48:27,7632494,3135.000,5547.000,4550.000,64.000,75.000,88.000,0.000,0.000,1
2026-01-31 17:48:27,7632534,3394.000,6281.000,4437.000,384.000,26.000,175.000,0.000,0.000,1
2026-01-31 17:48:27,7632574,3364.000,5835.000,4146.000,264.000,-15.000,134.000,0.000,0.000,1
2026-01-31 17:48:27,7632614,3540.000,6336.000,4294.000,198.000,-34.000,146.000,0.000,0.000,1
2026-01-31 17:48:27,7632654,3653.000,6126.000,4346.000,37.000,-52.000,145.000,0.000,0.000,1
2026-01-31 17:48:27,7632694,3802.000,6072.000,4285.000,39.000,0.000,-1.000,0.000,0.000,1
2026-01-31 17:48:28,7632734,3652.000,5961.000,4469.000,-84.000,115.000,-64.000,0.000,0.000,1
2026-01-31 17:48:28,7632774,3609.000,5924.000,4200.000,99.000,59.000,-36.000,0.000,0.000,1
2026-01-31 17:48:28,7632814,3778.000,6384.000,4376.000,51.000,153.000,66.000,0.000,0.000,1
2026-01-31 17:48:28,7632854,3463.000,5863.000,4057.000,95.000,121.000,-25.000,0.000,0.000,1
2026-01-31 17:48:28,7632894,3449.000,6050.000,4291.000,17.000,242.000,75.000,0.000,0.000,1
2026-01-31 17:48:28,7632934,3282.000,5816.000,4172.000,98.000,210.000,-3.000,0.000,0.000,1
2026-01-31 17:48:28,7632974,3312.000,6335.000,4331.000,62.000,197.000,38.000,0.000,0.000,1
2026-01-31 17:48:28,7633014,3331.000,6234.000,4278.000,145.000,102.000,41.000,0.000,0.000,1
2026-01-31 17:48:28,7633054,3444.000,6134.000,4075.000,123.000,-57.000,113.000,0.000,0.000,1
2026-01-31 17:48:28,7633094,3610.000,6386.000,4186.000,64.000,-4.000,117.000,0.000,0.000,1
2026-01-31 17:48:28,7633134,3684.000,6220.000,4235.000,70.000,-19.000,99.000,0.000,0.000,1
2026-01-31 17:48:28,7633174,3789.000,6236.000,4080.000,185.000,-43.000,46.000,0.000,0.000,1
2026-01-31 17:48:28,7633214,3773.000,6260.000,4128.000,99.000,70.000,61.000,0.000,0.000,1
2026-01-31 17:48:28,7633254,3698.000,6264.000,4055.000,87.000,31.000,82.000,0.000,0.000,1
2026-01-31 17:48:28,7633294,3676.000,6232.000,4007.000,82.000,67.000,104.000,0.000,0.000,1
2026-01-31 17:48:28,7633334,3224.000,5333.000,3576.000,37.000,33.000,-12.000,0.000,0.000,1
2026-01-31 17:48:28,7633377,3439.000,6165.000,4006.000,-75.000,170.000,201.000,0.000,0.000,1
2026-01-31 17:48:28,7633416,3655.000,6087.000,3799.000,136.000,-20.000,207.000,0.000,0.000,1
2026-01-31 17:48:28,7633454,4059.000,6482.000,3867.000,249.000,-72.000,151.000,0.000,0.000,1
2026-01-31 17:48:28,7633494,3973.000,6697.000,4167.000,104.000,126.000,40.000,0.000,0.000,1
2026-01-31 17:48:28,7633534,3847.000,5938.000,3690.000,55.000,-101.000,-27.000,0.000,0.000,1
2026-01-31 17:48:28,7633574,4173.000,6773.000,4178.000,-140.000,-22.000,193.000,0.000,0.000,1
2026-01-31 17:48:28,7633614,4160.000,5925.000,3941.000,-49.000,-47.000,35.000,0.000,0.000,1
2026-01-31 17:48:28,7633654,4270.000,6384.000,4131.000,83.000,100.000,35.000,0.000,0.000,1
2026-01-31 17:48:28,7633694,3919.000,6062.000,3885.000,234.000,136.000,-56.000,0.000,0.000,1
2026-01-31 17:48:29,7633734,3822.000,6379.000,3814.000,162.000,131.000,51.000,0.000,0.000,1
2026-01-31 17:48:29,7633774,3659.000,6104.000,3840.000,76.000,179.000,72.000,0.000,0.000,1
2026-01-31 17:48:29,7633814,3838.000,6345.000,3841.000,197.000,95.000,118.000,0.000,-2.850,1
2026-01-31 17:48:29,7633854,3601.000,6137.000,3924.000,35.000,145.000,3.000,0.000,-2.850,1
2026-01-31 17:48:29,7633894,3496.000,5888.000,3649.000,94.000,-8.000,32.000,0.000,-2.850,1
2026-01-31 17:48:29,7633934,3671.000,6181.000,3634.000,129.000,-32.000,119.000,0.000,-2.850,1
2026-01-31 17:48:29,7633974,3822.000,5963.000,3621.000,38.000,-72.000,120.000,0.000,-2.850,1
2026-01-31 17:48:29,7634014,3971.000,6147.000,3762.000,90.000,42.000,74.000,0.000,-2.850,1
2026-01-31 17:48:29,7634054,3904.000,6131.000,3651.000,173.000,84.000,4.000,0.000,-2.850,1
2026-01-31 17:48:29,7634094,3777.000,6271.000,3755.000,19.000,181.000,-2.000,0.000,-2.850,1
2026-01-31 17:48:29,7634134,3732.000,6207.000,3701.000,48.000,154.000,43.000,0.000,-2.850,1
2026-01-31 17:48:29,7634174,3795.000,6350.000,3808.000,22.000,149.000,82.000,0.000,-2.850,1
2026-01-31 17:48:29,7634214,3707.000,6155.000,3777.000,11.000,136.000,8.000,0.000,-2.850,1
2026-01-31 17:48:29,7634254,3717.000,6353.000,3950.000,-22.000,127.000,62.000,0.000,-2.850,1
2026-01-31 17:48:29,7634294,3857.000,6324.000,3788.000,94.000,19.000,86.000,0.000,-2.850,1
2026-01-31 17:48:29,7634334,4095.000,6697.000,3967.000,65.000,44.000,91.000,0.000,-2.850,1
2026-01-31 17:48:29,7634374,3931.000,6297.000,3874.000,54.000,21.000,34.000,0.000,-2.850,1
2026-01-31 17:48:29,7634414,3975.000,6386.000,3921.000,47.000,95.000,89.000,0.000,-2.850,1
2026-01-31 17:48:29,7634454,3733.000,6049.000,3897.000,-13.000,123.000,46.000,0.000,-2.850,1
2026-01-31 17:48:29,7634494,3811.000,6304.000,3912.000,58.000,109.000,66.000,0.000,-2.850,1
2026-01-31 17:48:29,7634534,3702.000,6180.000,4090.000,-30.000,176.000,74.000,0.000,-2.850,1
2026-01-31 17:48:29,7634574,3633.000,5955.000,3760.000,140.000,16.000,8.000,0.000,-2.850,1
2026-01-31 17:48:29,7634614,3508.000,6072.000,3917.000,40.000,95.000,70.000,0.000,-2.850,1
2026-01-31 17:48:29,7634654,3680.000,6166.000,3773.000,192.000,-50.000,161.000,0.000,-2.850,1
2026-01-31 17:48:29,7634694,3939.000,6275.000,3795.000,107.000,-63.000,128.000,0.000,-2.850,1
2026-01-31 17:48:30,7634734,3831.000,5987.000,3784.000,69.000,2.000,12.000,0.000,-2.850,1
2026-01-31 17:48:30,7634774,3764.000,5966.000,3665.000,40.000,65.000,17.000,0.000,-2.850,1
2026-01-31 17:48:30,7634814,3799.000,6308.000,3884.000,12.000,132.000,32.000,0.000,16.280,1
2026-01-31 17:48:30,7634854,3731.000,6087.000,3820.000,73.000,111.000,1.000,0.000,16.280,1
2026-01-31 17:48:30,7634894,3709.000,6322.000,3821.000,103.000,103.000,30.000,0.000,16.280,1
2026-01-31 17:48:30,7634934,3700.000,6242.000,3739.000,58.000,48.000,64.000,0.000,16.280,1
2026-01-31 17:48:30,7634974,3801.000,6335.000,3773.000,29.000,72.000,56.000,0.000,16.280,1
2026-01-31 17:48:30,7635014,3708.000,6317.000,3924.000,-46.000,140.000,9.000,0.000,16.280,1
2026-01-31 17:48:30,7635054,3612.000,6006.000,3721.000,-10.000,69.000,-37.000,0.000,16.280,1
2026-01-31 17:48:30,7635094,3822.000,6637.000,3990.000,36.000,127.000,81.000,0.000,16.280,1
2026-01-31 17:48:30,7635134,3778.000,6222.000,3748.000,94.000,-22.000,31.000,0.000,16.280,1
2026-01-31 17:48:30,7635174,3857.000,6472.000,3921.000,39.000,68.000,100.000,0.000,16.280,1
2026-01-31 17:48:30,7635214,3894.000,6313.000,3699.000,122.000,5.000,64.000,0.000,16.280,1
2026-01-31 17:48:30,7635254,3839.000,6507.000,3965.000,-65.000,120.000,43.000,0.000,16.280,1
2026-01-31 17:48:30,7635294,3624.000,6089.000,3751.000,46.000,77.000,-12.000,0.000,16.280,1
2026-01-31 17:48:30,7635334,3789.000,6497.000,3867.000,28.000,62.000,123.000,0.000,16.280,1
2026-01-31 17:48:30,7635374,3612.000,5833.000,3749.000,-32.000,-23.000,97.000,0.000,16.280,1
2026-01-31 17:48:30,7635414,3761.000,6066.000,3538.000,174.000,-76.000,86.000,0.000,16.280,1
2026-01-31 17:48:30,7635454,3913.000,6571.000,3825.000,85.000,125.000,125.000,0.000,16.280,1
2026-01-31 17:48:30,7635494,3790.000,6018.000,3646.000,-44.000,20.000,47.000,0.000,16.280,1
2026-01-31 17:48:30,7635534,3680.000,5998.000,3829.000,-106.000,150.000,5.000,0.000,16.280,1
2026-01-31 17:48:30,7635577,3803.000,6142.000,3702.000,54.000,54.000,59.000,0.000,16.280,1
2026-01-31 17:48:30,7635614,3792.000,6178.000,3889.000,-40.000,121.000,70.000,0.000,16.280,1
2026-01-31 17:48:30,7635654,3885.000,6198.000,3753.000,190.000,51.000,35.000,0.000,16.280,1
2026-01-31 17:48:30,7635694,3919.000,6555.000,3866.000,98.000,96.000,30.000,0.000,16.280,1
2026-01-31 17:48:31,7635734,3702.000,6281.000,3822.000,-20.000,102.000,2.000,0.000,16.280,1
2026-01-31 17:48:31,7635774,3870.000,6362.000,3839.000,-39.000,93.000,61.000,0.000,16.280,1
2026-01-31 17:48:31,7635814,3806.000,6375.000,4105.000,-86.000,174.000,20.000,0.000,0.760,1
2026-01-31 17:48:31,7635854,3749.000,6114.000,3888.000,44.000,15.000,-6.000,0.000,0.760,1
2026-01-31 17:48:31,7635894,3798.000,6259.000,4052.000,75.000,38.000,109.000,0.000,0.760,1
2026-01-31 17:48:31,7635934,3909.000,6291.000,3839.000,83.000,-30.000,67.000,0.000,0.760,1
2026-01-31 17:48:31,7635974,3837.000,6421.000,4212.000,-57.000,194.000,58.000,0.000,0.760,1
2026-01-31 17:48:31,7636014,3516.000,5953.000,3920.000,66.000,138.000,-53.000,0.000,0.760,1
2026-01-31 17:48:31,7636054,3357.000,6070.000,3897.000,-24.000,177.000,14.000,0.000,0.760,1
2026-01-31 17:48:31,7636094,3408.000,6042.000,3919.000,48.000,130.000,118.000,0.000,0.760,1
2026-01-31 17:48:31,7636134,3581.000,6200.000,4084.000,24.000,0.000,247.000,0.000,0.760,1
2026-01-31 17:48:31,7636174,3913.000,6584.000,4083.000,183.000,-69.000,158.000,0.000,0.760,1
2026-01-31 17:48:31,7636214,3570.000,5952.000,3977.000,-59.000,-74.000,86.000,0.000,0.760,1
2026-01-31 17:48:31,7636254,3405.000,5525.000,3533.000,-98.000,-61.000,-28.000,0.000,0.760,1
2026-01-31 17:48:31,7636294,4071.000,6911.000,4589.000,20.000,197.000,397.000,0.000,0.760,1
2026-01-31 17:48:31,7636334,3892.000,5999.000,3954.000,337.000,-13.000,91.000,0.000,0.760,1
2026-01-31 17:48:31,7636374,4242.000,6910.000,3995.000,239.000,-44.000,132.000,0.000,0.760,1
2026-01-31 17:48:31,7636414,3254.000,5458.000,4092.000,-381.000,171.000,4.000,0.000,0.760,1
2026-01-31 17:48:31,7636454,4270.000,5824.000,3491.000,130.000,-256.000,224.000,0.000,0.760,1
2026-01-31 17:48:31,7636494,4095.000,6427.000,4577.000,-390.000,352.000,164.000,0.000,0.760,1
2026-01-31 17:48:31,7636534,3887.000,4790.000,3757.000,-118.000,19.000,-297.000,0.000,0.760,1
2026-01-31 17:48:31,7636574,4007.000,6656.000,4236.000,210.000,61.000,129.000,0.000,0.760,1
2026-01-31 17:48:31,7636614,3463.000,5015.000,3904.000,-10.000,216.000,-52.000,0.000,0.760,1
2026-01-31 17:48:31,7636654,4024.000,6393.000,4182.000,490.000,-10.000,216.000,0.000,0.760,1
2026-01-31 17:48:31,7636694,3610.000,5605.000,4093.000,86.000,288.000,-137.000,0.000,0.760,1
2026-01-31 17:48:32,7636734,3834.000,6742.000,4213.000,314.000,197.000,76.000,0.000,0.760,1
2026-01-31 17:48:32,7636774,3603.000,5989.000,4077.000,-25.000,210.000,17.000,0.000,0.760,1
2026-01-31 17:48:32,7636814,3542.000,5902.000,3850.000,113.000,33.000,37.000,0.000,-1.690,1
2026-01-31 17:48:32,7636854,3788.000,6822.000,4156.000,182.000,201.000,148.000,0.000,-1.690,1
2026-01-31 17:48:32,7636894,3704.000,6121.000,4128.000,56.000,111.000,96.000,0.000,-1.690,1
2026-01-31 17:48:32,7636934,3772.000,6539.000,4083.000,120.000,49.000,91.000,0.000,-1.690,1
2026-01-31 17:48:32,7636974,3647.000,5907.000,3959.000,-21.000,-15.000,135.000,0.000,-1.690,1
2026-01-31 17:48:32,7637014,3117.000,4802.000,3272.000,-146.000,-33.000,-52.000,0.000,-1.690,1
2026-01-31 17:48:32,7637054,4067.000,7618.000,4424.000,233.000,412.000,360.000,0.000,-1.690,1
2026-01-31 17:48:32,7637094,3749.000,5589.000,4070.000,-228.000,178.000,165.000,0.000,-1.690,1
2026-01-31 17:48:32,7637134,4672.000,8016.000,4501.000,405.000,116.000,77.000,0.000,-1.690,1
2026-01-31 17:48:32,7637174,3477.000,5199.000,4288.000,-609.000,315.000,-126.000,0.000,-1.690,1
2026-01-31 17:48:32,7637214,3929.000,6230.000,3954.000,362.000,-165.000,72.000,0.000,-1.690,1
2026-01-31 17:48:32,7637254,4069.000,6217.000,4594.000,-373.000,239.000,283.000,0.000,-1.690,1
2026-01-31 17:48:32,7637294,3723.000,5406.000,4122.000,158.000,-23.000,-146.000,0.000,-1.690,1
2026-01-31 17:48:32,7637334,4178.000,6394.000,4091.000,265.000,-25.000,227.000,0.000,-1.690,1
2026-01-31 17:48:32,7637374,3570.000,5456.000,4186.000,-92.000,274.000,-9.000,0.000,-1.690,1
2026-01-31 17:48:32,7637414,3771.000,6449.000,4131.000,377.000,-5.000,60.000,0.000,-1.690,1
2026-01-31 17:48:32,7637454,3488.000,5287.000,3990.000,95.000,155.000,52.000,0.000,-1.690,1
2026-01-31 17:48:32,7637494,3788.000,6357.000,4010.000,402.000,-11.000,76.000,0.000,-1.690,1
2026-01-31 17:48:32,7637534,3747.000,6151.000,4116.000,161.000,110.000,58.000,0.000,-1.690,1
2026-01-31 17:48:32,7637577,4107.000,6421.000,3816.000,232.000,-95.000,114.000,0.000,-1.690,1
2026-01-31 17:48:32,7637614,4192.000,6514.000,3923.000,65.000,31.000,101.000,0.000,-1.690,1
2026-01-31 17:48:32,7637654,3957.000,6110.000,4055.000,-50.000,140.000,5.000,0.000,-1.690,1
2026-01-31 17:48:32,7637694,4077.000,6206.000,3676.000,163.000,66.000,29.000,0.000,-1.690,1
2026-01-31 17:48:33,7637734,3850.000,6323.000,4195.000,-193.000,387.000,43.000,0.000,-1.690,1
2026-01-31 17:48:33,7637774,3544.000,5474.000,3665.000,3.000,181.000,-45.000,0.000,-1.690,1
2026-01-31 17:48:33,7637814,3386.000,5806.000,4154.000,-177.000,425.000,58.000,0.000,0.080,1
2026-01-31 17:48:33,7637854,3477.000,6039.000,3921.000,271.000,124.000,44.000,0.000,0.080,1
2026-01-31 17:48:33,7637894,3609.000,6310.000,4171.000,8.000,155.000,127.000,0.000,0.080,1
2026-01-31 17:48:33,7637934,3529.000,6030.000,3991.000,136.000,18.000,59.000,0.000,0.080,1
2026-01-31 17:48:33,7637974,3690.000,6227.000,3978.000,35.000,12.000,156.000,0.000,0.080,1
2026-01-31 17:48:33,7638014,3631.000,5855.000,4084.000,-104.000,71.000,149.000,0.000,0.080,1
2026-01-31 17:48:33,7638054,3789.000,5855.000,3916.000,64.000,-12.000,143.000,0.000,0.080,1
2026-01-31 17:48:33,7638094,3789.000,5818.000,3974.000,-10.000,100.000,115.000,0.000,0.080,1
2026-01-31 17:48:33,7638134,3835.000,5973.000,3952.000,135.000,57.000,139.000,0.000,0.080,1
2026-01-31 17:48:33,7638174,3744.000,5595.000,3781.000,69.000,86.000,151.000,0.000,0.080,1
2026-01-31 17:48:33,7638214,4336.000,6487.000,3845.000,232.000,49.000,180.000,0.000,0.080,1
2026-01-31 17:48:33,7638254,4396.000,6915.000,4528.000,40.000,323.000,70.000,0.000,0.080,1
2026-01-31 17:48:33,7638294,4195.000,5763.000,3773.000,100.000,-35.000,-83.000,0.000,0.080,1
2026-01-31 17:48:33,7638334,4432.000,7052.000,4397.000,-72.000,212.000,47.000,0.000,0.080,1
2026-01-31 17:48:33,7638374,3895.000,5854.000,4094.000,-30.000,214.000,-23.000,0.000,0.080,1
2026-01-31 17:48:33,7638414,4172.000,6517.000,4038.000,151.000,113.000,96.000,0.000,0.080,1
2026-01-31 17:48:33,7638454,3760.000,5870.000,4239.000,-99.000,314.000,17.000,0.000,0.080,1
2026-01-31 17:48:33,7638494,3877.000,6178.000,3833.000,366.000,-29.000,82.000,0.000,0.080,1
2026-01-31 17:48:33,7638534,4100.000,6461.000,3999.000,123.000,121.000,173.000,0.000,0.080,1
2026-01-31 17:48:33,7638574,3764.000,5665.000,3543.000,203.000,-89.000,50.000,0.000,0.080,1
2026-01-31 17:48:33,7638614,3756.000,6109.000,3765.000,50.000,160.000,82.000,0.000,0.080,1
2026-01-31 17:48:33,7638654,3683.000,5612.000,3596.000,127.000,72.000,103.000,0.000,0.080,1
2026-01-31 17:48:33,7638694,3982.000,6187.000,3694.000,183.000,71.000,148.000,0.000,0.080,1
2026-01-31 17:48:34,7638734,3854.000,5874.000,3705.000,150.000,116.000,58.000,0.000,0.080,1
2026-01-31 17:48:34,7638774,3967.000,6215.000,3486.000,302.000,-25.000,102.000,0.000,0.080,1
2026-01-31 17:48:34,7638814,3943.000,6146.000,3598.000,66.000,100.000,128.000,0.000,-6.310,1
2026-01-31 17:48:34,7638854,4127.000,6286.000,3618.000,120.000,39.000,143.000,0.000,-6.310,1
2026-01-31 17:48:34,7638894,4094.000,6186.000,3733.000,1.000,137.000,64.000,0.000,-6.310,1
2026-01-31 17:48:34,7638934,4074.000,6372.000,3690.000,91.000,128.000,67.000,0.000,-6.310,1
2026-01-31 17:48:34,7638974,4072.000,6188.000,3596.000,81.000,94.000,112.000,0.000,-6.310,1
2026-01-31 17:48:34,7639014,4090.000,6101.000,3649.000,-16.000,108.000,105.000,0.000,-6.310,1
2026-01-31 17:48:34,7639054,4037.000,6122.000,3707.000,117.000,179.000,81.000,0.000,-6.310,1
2026-01-31 17:48:34,7639094,3979.000,6312.000,3669.000,153.000,156.000,74.000,0.000,-6.310,1
2026-01-31 17:48:34,7639134,3991.000,6207.000,3677.000,-14.000,110.000,128.000,0.000,-6.310,1
2026-01-31 17:48:34,7639174,3972.000,5969.000,3614.000,41.000,44.000,122.000,0.000,-6.310,1
2026-01-31 17:48:34,7639214,4174.000,6178.000,3557.000,123.000,24.000,175.000,0.000,-6.310,1
2026-01-31 17:48:34,7639254,4215.000,6144.000,3616.000,107.000,24.000,140.000,0.000,-6.310,1
2026-01-31 17:48:34,7639294,4268.000,5987.000,3324.000,246.000,-110.000,113.000,0.000,-6.310,1
2026-01-31 17:48:34,7639334,4299.000,6144.000,3431.000,99.000,34.000,111.000,0.000,-6.310,1
2026-01-31 17:48:34,7639374,4348.000,6044.000,3326.000,105.000,48.000,76.000,0.000,-6.310,1
2026-01-31 17:48:34,7639414,4270.000,6105.000,3471.000,29.000,163.000,51.000,0.000,-6.310,1
2026-01-31 17:48:34,7639454,4177.000,5872.000,3297.000,140.000,114.000,76.000,0.000,-6.310,1
2026-01-31 17:48:34,7639494,4272.000,6345.000,3465.000,101.000,174.000,94.000,0.000,-6.310,1
2026-01-31 17:48:34,7639534,4089.000,5931.000,3340.000,75.000,134.000,17.000,0.000,-6.310,1
2026-01-31 17:48:34,7639577,4163.000,6235.000,3472.000,20.000,187.000,69.000,0.000,-6.310,1
2026-01-31 17:48:34,7639614,4065.000,6037.000,3427.000,-8.000,190.000,45.000,0.000,-6.310,1
2026-01-31 17:48:34,7639654,4226.000,6306.000,3457.000,80.000,140.000,63.000,0.000,-6.310,1
2026-01-31 17:48:34,7639694,4013.000,5956.000,3420.000,-56.000,189.000,29.000,0.000,-6.310,1
2026-01-31 17:48:35,7639734,4217.000,6334.000,3466.000,115.000,101.000,102.000,0.000,-6.310,1
2026-01-31 17:48:35,7639774,4162.000,6327.000,3393.000,175.000,85.000,94.000,0.000,-6.310,1
2026-01-31 17:48:35,7639814,4239.000,6378.000,3077.000,309.000,-44.000,169.000,0.000,-4.690,1
2026-01-31 17:48:35,7639854,4266.000,6243.000,2802.000,378.000,-93.000,253.000,0.000,-4.690,1
2026-01-31 17:48:35,7639894,4405.000,6531.000,2450.000,424.000,-79.000,174.000,0.000,-4.690,1
2026-01-31 17:48:35,7639934,4927.000,6659.000,2201.000,803.000,-327.000,296.000,0.000,-4.690,1
2026-01-31 17:48:35,7639974,5049.000,6987.000,2291.000,825.000,-306.000,148.000,0.000,-4.690,1
2026-01-31 17:48:35,7640014,5053.000,6383.000,2135.000,109.000,-200.000,-62.000,0.000,-4.690,1
2026-01-31 17:48:35,7640054,5017.000,6616.000,2445.000,-53.000,-39.000,55.000,0.000,-4.690,1
2026-01-31 17:48:35,7640094,4834.000,6522.000,2357.000,9.000,183.000,43.000,0.000,-4.690,1
2026-01-31 17:48:35,7640134,4497.000,5902.000,2350.000,-226.000,265.000,-2.000,0.000,-4.690,1
2026-01-31 17:48:35,7640174,4644.000,6227.000,2429.000,-8.000,166.000,70.000,0.000,-4.690,1
2026-01-31 17:48:35,7640214,4416.000,6041.000,2442.000,14.000,183.000,-21.000,0.000,-4.690,1
2026-01-31 17:48:35,7640254,4366.000,6100.000,2422.000,89.000,98.000,-25.000,0.000,-4.690,1
2026-01-31 17:48:35,7640294,4391.000,6369.000,2618.000,63.000,147.000,-12.000,0.000,-4.690,1
2026-01-31 17:48:35,7640334,4498.000,6464.000,2568.000,135.000,23.000,4.000,0.000,-4.690,1
2026-01-31 17:48:35,7640374,4666.000,6674.000,2597.000,104.000,-38.000,17.000,0.000,-4.690,1
2026-01-31 17:48:35,7640414,4656.000,6416.000,2430.000,124.000,-83.000,-2.000,0.000,-4.690,1
2026-01-31 17:48:35,7640454,4785.000,6707.000,2461.000,155.000,-22.000,7.000,0.000,-4.690,1
2026-01-31 17:48:35,7640494,4548.000,6541.000,2342.000,137.000,80.000,-65.000,0.000,-4.690,1
2026-01-31 17:48:35,7640534,4464.000,6755.000,2504.000,52.000,220.000,-49.000,0.000,-4.690,1
2026-01-31 17:48:35,7640574,4228.000,6728.000,2615.000,-54.000,319.000,-65.000,0.000,-4.690,1
2026-01-31 17:48:35,7640614,3990.000,5881.000,2356.000,-154.000,182.000,-28.000,0.000,-4.690,1
2026-01-31 17:48:35,7640654,3994.000,6772.000,2733.000,-94.000,284.000,0.000,0.000,-4.690,1
2026-01-31 17:48:35,7640694,4047.000,6697.000,2601.000,111.000,160.000,78.000,0.000,-4.690,1
2026-01-31 17:48:36,7640734,3982.000,6434.000,2638.000,-92.000,27.000,52.000,0.000,-4.690,1
2026-01-31 17:48:36,7640774,4046.000,6482.000,2632.000,-20.000,-65.000,31.000,0.000,-4.690,1
2026-01-31 17:48:36,7640814,4212.000,6339.000,2673.000,-11.000,-139.000,132.000,0.000,-2.640,1
2026-01-31 17:48:36,7640854,4432.000,6650.000,2850.000,61.000,-70.000,1.000,0.000,-2.640,1
2026-01-31 17:48:36,7640894,4299.000,6244.000,2931.000,-223.000,53.000,-64.000,0.000,-2.640,1
2026-01-31 17:48:36,7640934,4319.000,6675.000,3285.000,-212.000,213.000,-58.000,0.000,-2.640,1
2026-01-31 17:48:36,7640974,4126.000,6234.000,3265.000,-235.000,284.000,-73.000,0.000,-2.640,1
2026-01-31 17:48:36,7641014,3870.000,6317.000,3452.000,-296.000,348.000,-74.000,0.000,-2.640,1
2026-01-31 17:48:36,7641054,3665.000,6183.000,3474.000,-246.000,310.000,-56.000,0.000,-2.640,1
2026-01-31 17:48:36,7641094,3729.000,6268.000,3396.000,26.000,122.000,35.000,0.000,-2.640,1
2026-01-31 17:48:36,7641134,3715.000,6201.000,3221.000,94.000,13.000,49.000,0.000,-2.640,1
2026-01-31 17:48:36,7641174,3823.000,6418.000,3295.000,19.000,-24.000,45.000,0.000,-2.640,1
2026-01-31 17:48:36,7641214,3955.000,6429.000,3423.000,-55.000,-24.000,18.000,0.000,-2.640,1
2026-01-31 17:48:36,7641254,4050.000,6404.000,3438.000,-30.000,-2.000,-56.000,0.000,-2.640,1
2026-01-31 17:48:36,7641294,4060.000,6430.000,3534.000,-78.000,23.000,-29.000,0.000,-2.640,1
2026-01-31 17:48:36,7641337,4147.000,6601.000,3463.000,65.000,42.000,-36.000,0.000,-2.640,1
2026-01-31 17:48:36,7641374,4118.000,6664.000,3532.000,69.000,92.000,-37.000,0.000,-2.640,1
2026-01-31 17:48:36,7641414,3891.000,6421.000,3519.000,-19.000,152.000,-57.000,0.000,-2.640,1
2026-01-31 17:48:36,7641454,3809.000,6696.000,3546.000,30.000,174.000,-38.000,0.000,-2.640,1
2026-01-31 17:48:36,7641494,3688.000,6610.000,3532.000,33.000,168.000,0.000,0.000,-2.640,1
2026-01-31 17:48:36,7641534,3531.000,6318.000,3357.000,0.000,82.000,17.000,0.000,-2.640,1
2026-01-31 17:48:36,7641576,3508.000,6129.000,3349.000,-60.000,-20.000,71.000,0.000,-2.640,1
2026-01-31 17:48:36,7641614,3628.000,6348.000,3389.000,6.000,-58.000,76.000,0.000,-2.640,1
2026-01-31 17:48:36,7641654,3717.000,6330.000,3452.000,-30.000,-54.000,36.000,0.000,-2.640,1
2026-01-31 17:48:36,7641694,3765.000,6210.000,3358.000,27.000,-102.000,30.000,0.000,-2.640,1
2026-01-31 17:48:37,7641734,3788.000,6222.000,3389.000,-41.000,-63.000,58.000,0.000,-2.640,1
2026-01-31 17:48:37,7641774,3908.000,6328.000,3451.000,-42.000,-1.000,76.000,0.000,-2.640,1
2026-01-31 17:48:37,7641814,3931.000,6373.000,3623.000,-118.000,98.000,46.000,0.000,-2.790,1
2026-01-31 17:48:37,7641854,3861.000,6362.000,3558.000,27.000,83.000,-32.000,0.000,-2.790,1
2026-01-31 17:48:37,7641894,3785.000,6492.000,3613.000,-9.000,113.000,7.000,0.000,-2.790,1
2026-01-31 17:48:37,7641934,3721.000,6405.000,3651.000,-80.000,110.000,12.000,0.000,-2.790,1
2026-01-31 17:48:37,7641974,3697.000,6455.000,3769.000,-55.000,68.000,27.000,0.000,-2.790,1
2026-01-31 17:48:37,7642014,3749.000,6503.000,3780.000,-28.000,13.000,29.000,0.000,-2.790,1
2026-01-31 17:48:37,7642054,3759.000,6240.000,3679.000,31.000,-75.000,70.000,0.000,-2.790,1
2026-01-31 17:48:37,7642094,3889.000,6486.000,3688.000,66.000,-75.000,92.000,0.000,-2.790,1
2026-01-31 17:48:37,7642134,3836.000,6284.000,3668.000,-30.000,-36.000,61.000,0.000,-2.790,1
2026-01-31 17:48:37,7642174,3980.000,6551.000,3652.000,85.000,-17.000,34.000,0.000,-2.790,1
2026-01-31 17:48:37,7642214,3856.000,6330.000,3671.000,23.000,52.000,28.000,0.000,-2.790,1
2026-01-31 17:48:37,7642254,3775.000,6495.000,3604.000,31.000,34.000,15.000,0.000,-2.790,1
2026-01-31 17:48:37,7642294,3657.000,6286.000,3704.000,-118.000,75.000,41.000,0.000,-2.790,1
2026-01-31 17:48:37,7642334,3642.000,6237.000,3739.000,-50.000,51.000,27.000,0.000,-2.790,1
2026-01-31 17:48:37,7642374,3650.000,6333.000,3814.000,-52.000,47.000,8.000,0.000,-2.790,1
2026-01-31 17:48:37,7642414,3528.000,6137.000,3928.000,-116.000,73.000,-9.000,0.000,-2.790,1
2026-01-31 17:48:37,7642454,3396.000,6002.000,3868.000,-167.000,98.000,-60.000,0.000,-2.790,1
2026-01-31 17:48:37,7642494,3635.000,6789.000,4163.000,7.000,128.000,-12.000,0.000,-2.790,1
2026-01-31 17:48:37,7642534,3371.000,5744.000,3872.000,-121.000,66.000,-74.000,0.000,-2.790,1
2026-01-31 17:48:37,7642574,3498.000,6474.000,4067.000,-60.000,65.000,-29.000,0.000,-2.790,1
2026-01-31 17:48:37,7642614,3425.000,6240.000,4345.000,-286.000,159.000,-36.000,0.000,-2.790,1
2026-01-31 17:48:37,7642654,3391.000,6171.000,4216.000,-62.000,61.000,-141.000,0.000,-2.790,1
2026-01-31 17:48:37,7642694,3193.000,6610.000,4587.000,-175.000,206.000,-82.000,0.000,-2.790,1
2026-01-31 17:48:38,7642734,3113.000,6072.000,4345.000,23.000,22.000,-18.000,0.000,-2.790,1
2026-01-31 17:48:38,7642774,3103.000,6227.000,4487.000,-234.000,70.000,-14.000,0.000,-2.790,1
2026-01-31 17:48:38,7642814,3075.000,5940.000,4292.000,-76.000,-64.000,-17.000,0.000,-3.610,1
2026-01-31 17:48:38,7642854,3146.000,6273.000,4495.000,-93.000,12.000,1.000,0.000,-3.610,1
2026-01-31 17:48:38,7642894,3118.000,6020.000,4383.000,14.000,-11.000,-82.000,0.000,-3.610,1
2026-01-31 17:48:38,7642934,3134.000,6398.000,4523.000,-5.000,29.000,-75.000,0.000,-3.610,1
2026-01-31 17:48:38,7642974,2959.000,6157.000,4493.000,-90.000,45.000,-58.000,0.000,-3.610,1
2026-01-31 17:48:38,7643014,3052.000,6296.000,4442.000,112.000,-94.000,100.000,0.000,-3.610,1
2026-01-31 17:48:38,7643054,3046.000,6110.000,4573.000,-118.000,0.000,37.000,0.000,-3.610,1
2026-01-31 17:48:38,7643094,3177.000,6453.000,4627.000,14.000,-26.000,-7.000,0.000,-3.610,1
2026-01-31 17:48:38,7643134,3143.000,6352.000,4584.000,-26.000,-12.000,0.000,0.000,-3.610,1
2026-01-31 17:48:38,7643174,3108.000,6466.000,4507.000,61.000,-81.000,21.000,0.000,-3.610,1
2026-01-31 17:48:38,7643214,3218.000,6555.000,4588.000,-7.000,-87.000,104.000,0.000,-3.610,1
2026-01-31 17:48:38,7643254,3116.000,6038.000,4554.000,-130.000,-141.000,39.000,0.000,-3.610,1
2026-01-31 17:48:38,7643294,3474.000,6597.000,4441.000,152.000,-146.000,78.000,0.000,-3.610,1
2026-01-31 17:48:38,7643337,3389.000,6064.000,4406.000,7.000,-134.000,33.000,0.000,-3.610,1
2026-01-31 17:48:38,7643377,3325.000,6292.000,4322.000,62.000,-49.000,-12.000,0.000,-3.610,1
2026-01-31 17:48:38,7643414,3294.000,6288.000,4355.000,-29.000,7.000,69.000,0.000,-3.610,1
2026-01-31 17:48:38,7643454,3154.000,5991.000,4145.000,21.000,10.000,22.000,0.000,-3.610,1
2026-01-31 17:48:38,7643494,3072.000,5924.000,4162.000,-143.000,36.000,46.000,0.000,-3.610,1
2026-01-31 17:48:38,7643534,2901.000,6031.000,4483.000,-186.000,113.000,13.000,0.000,-3.610,1
2026-01-31 17:48:38,7643577,3289.000,6333.000,4518.000,-62.000,-15.000,18.000,0.000,-3.610,1
2026-01-31 17:48:38,7643614,3245.000,6270.000,4648.000,-113.000,28.000,28.000,0.000,-3.610,1
2026-01-31 17:48:38,7643654,3185.000,5999.000,4292.000,103.000,-111.000,-26.000,0.000,-3.610,1
2026-01-31 17:48:38,7643694,3299.000,6324.000,4353.000,-22.000,-58.000,67.000,0.000,-3.610,1
2026-01-31 17:48:39,7643734,3297.000,5864.000,4343.000,-100.000,-11.000,53.000,0.000,-3.610,1
2026-01-31 17:48:39,7643774,3336.000,6310.000,4516.000,-1.000,72.000,-28.000,0.000,-3.610,1
2026-01-31 17:48:39,7643814,3283.000,6243.000,4519.000,2.000,80.000,-42.000,0.000,-1.590,1
2026-01-31 17:48:39,7643854,3257.000,6360.000,4489.000,6.000,8.000,-35.000,0.000,-1.590,1
2026-01-31 17:48:39,7643894,3329.000,6271.000,4454.000,-6.000,-51.000,22.000,0.000,-1.590,1
2026-01-31 17:48:39,7643934,3353.000,5963.000,4380.000,-112.000,-87.000,-5.000,0.000,-1.590,1
2026-01-31 17:48:39,7643974,3689.000,6888.000,4693.000,68.000,-5.000,30.000,0.000,-1.590,1
2026-01-31 17:48:39,7644014,3571.000,6290.000,4593.000,-57.000,-8.000,-47.000,0.000,-1.590,1
2026-01-31 17:48:39,7644054,3714.000,6864.000,4632.000,96.000,-3.000,-124.000,0.000,-1.590,1
2026-01-31 17:48:39,7644094,3201.000,5959.000,4361.000,-77.000,67.000,-125.000,0.000,-1.590,1
2026-01-31 17:48:39,7644134,3349.000,6611.000,4316.000,125.000,62.000,-132.000,0.000,-1.590,1
2026-01-31 17:48:39,7644174,2938.000,6171.000,4554.000,-123.000,192.000,-2.000,0.000,-1.590,1
2026-01-31 17:48:39,7644214,3157.000,6410.000,4249.000,287.000,-40.000,23.000,0.000,-1.590,1
2026-01-31 17:48:39,7644254,2784.000,6237.000,4449.000,158.000,34.000,35.000,0.000,-1.590,1
2026-01-31 17:48:39,7644294,2902.000,6273.000,3855.000,326.000,-131.000,8.000,0.000,-1.590,1
2026-01-31 17:48:39,7644334,3071.000,6153.000,4162.000,-155.000,-81.000,100.000,0.000,-1.590,1
2026-01-31 17:48:39,7644374,3090.000,6019.000,3992.000,-18.000,-137.000,-49.000,0.000,-1.590,1
2026-01-31 17:48:39,7644414,3311.000,6598.000,4295.000,-132.000,-43.000,17.000,0.000,-1.590,1
2026-01-31 17:48:39,7644454,3148.000,6040.000,4229.000,-173.000,-82.000,-32.000,0.000,-1.590,1
2026-01-31 17:48:39,7644494,3322.000,6483.000,4114.000,42.000,-104.000,-2.000,0.000,-1.590,1
2026-01-31 17:48:39,7644534,3196.000,6060.000,4208.000,-142.000,-21.000,39.000,0.000,-1.590,1
2026-01-31 17:48:39,7644574,3364.000,6432.000,4149.000,40.000,-54.000,6.000,0.000,-1.590,1
2026-01-31 17:48:39,7644614,3462.000,6717.000,4370.000,19.000,95.000,-30.000,0.000,-1.590,1
2026-01-31 17:48:39,7644654,3147.000,6641.000,4395.000,-25.000,117.000,-127.000,0.000,-1.590,1
2026-01-31 17:48:39,7644694,3096.000,6392.000,4208.000,-134.000,-52.000,18.000,0.000,-1.590,1
2026-01-31 17:48:40,7644734,3261.000,6180.000,4228.000,-163.000,-121.000,94.000,0.000,-1.590,1
2026-01-31 17:48:40,7644774,3439.000,6683.000,4520.000,-70.000,-63.000,15.000,0.000,-1.590,1
2026-01-31 17:48:40,7644814,3116.000,5845.000,4175.000,-107.000,-110.000,-104.000,0.000,3.640,1
2026-01-31 17:48:40,7644854,3122.000,6179.000,4099.000,-6.000,-45.000,-77.000,0.000,3.640,1
2026-01-31 17:48:40,7644894,2948.000,5770.000,4243.000,-199.000,38.000,37.000,0.000,3.640,1
2026-01-31 17:48:40,7644934,3341.000,6241.000,4351.000,-5.000,-56.000,27.000,0.000,3.640,1
2026-01-31 17:48:40,7644974,3281.000,6402.000,4640.000,29.000,68.000,-61.000,0.000,3.640,1
2026-01-31 17:48:40,7645014,3131.000,6435.000,4167.000,331.000,-119.000,-103.000,0.000,3.640,1
2026-01-31 17:48:40,7645054,3240.000,6423.000,4192.000,77.000,-107.000,78.000,0.000,3.640,1
2026-01-31 17:48:40,7645094,3451.000,6609.000,4188.000,28.000,-155.000,-1.000,0.000,3.640,1
2026-01-31 17:48:40,7645134,3453.000,6554.000,4366.000,-63.000,-11.000,-79.000,0.000,3.640,1
2026-01-31 17:48:40,7645174,3212.000,6411.000,4194.000,77.000,-25.000,-168.000,0.000,3.640,1
2026-01-31 17:48:40,7645214,3197.000,6651.000,4074.000,106.000,-42.000,-48.000,0.000,3.640,1
2026-01-31 17:48:40,7645254,3042.000,6193.000,4004.000,-115.000,-48.000,0.000,0.000,3.640,1
2026-01-31 17:48:40,7645294,3298.000,6546.000,4073.000,-28.000,-45.000,10.000,0.000,3.640,1
2026-01-31 17:48:40,7645339,3061.000,6464.000,4103.000,37.000,-14.000,-87.000,0.000,3.640,1
2026-01-31 17:48:40,7645374,3088.000,6647.000,4027.000,80.000,-54.000,-67.000,0.000,3.640,1
2026-01-31 17:48:40,7645418,2923.000,5812.000,3649.000,-167.000,-180.000,-4.000,0.000,3.640,1
2026-01-31 17:48:40,7645454,3024.000,6397.000,3914.000,128.000,-169.000,43.000,0.000,3.640,1
2026-01-31 17:48:40,7645494,2853.000,5936.000,4099.000,-129.000,-58.000,28.000,0.000,3.640,1
2026-01-31 17:48:40,7645534,3109.000,6163.000,3785.000,118.000,-245.000,-27.000,0.000,3.640,1
2026-01-31 17:48:40,7645577,3153.000,6206.000,4085.000,-98.000,-47.000,-64.000,0.000,3.640,1
2026-01-31 17:48:40,7645616,3063.000,6153.000,3989.000,-14.000,-111.000,-119.000,0.000,3.640,1
2026-01-31 17:48:40,7645654,3314.000,6538.000,3973.000,-89.000,-91.000,-16.000,0.000,3.640,1
2026-01-31 17:48:40,7645694,3253.000,6678.000,4320.000,-195.000,70.000,-40.000,0.000,3.640,1
2026-01-31 17:48:41,7645734,3229.000,6450.000,4120.000,-77.000,-43.000,-103.000,0.000,3.640,1
2026-01-31 17:48:41,7645774,3071.000,6704.000,4336.000,-65.000,56.000,-81.000,0.000,3.640,1
2026-01-31 17:48:41,7645814,3229.000,6723.000,4073.000,38.000,-117.000,-22.000,0.000,0.830,1
2026-01-31 17:48:41,7645854,3258.000,6799.000,4445.000,-198.000,-21.000,-23.000,0.000,0.830,1
2026-01-31 17:48:41,7645894,3041.000,6324.000,4125.000,-78.000,-124.000,-139.000,0.000,0.830,1
2026-01-31 17:48:41,7645934,3115.000,6680.000,4126.000,-95.000,-75.000,-19.000,0.000,0.830,1
2026-01-31 17:48:41,7645974,3175.000,6284.000,4171.000,-229.000,-112.000,29.000,0.000,0.830,1
2026-01-31 17:48:41,7646014,3313.000,6785.000,4379.000,-8.000,-80.000,-12.000,0.000,0.830,1
2026-01-31 17:48:41,7646054,3141.000,6398.000,4166.000,9.000,-94.000,-90.000,0.000,0.830,1
2026-01-31 17:48:41,7646094,3075.000,6620.000,4047.000,45.000,-111.000,-32.000,0.000,0.830,1
2026-01-31 17:48:41,7646134,3176.000,6407.000,4073.000,-142.000,-113.000,53.000,0.000,0.830,1
2026-01-31 17:48:41,7646174,3215.000,6583.000,4239.000,-107.000,-84.000,-35.000,0.000,0.830,1
2026-01-31 17:48:41,7646214,3033.000,6139.000,3915.000,6.000,-142.000,-85.000,0.000,0.830,1
2026-01-31 17:48:41,7646254,3166.000,6518.000,3959.000,-11.000,-101.000,18.000,0.000,0.830,1
2026-01-31 17:48:41,7646294,3131.000,6165.000,3937.000,-90.000,-76.000,-46.000,0.000,0.830,1
2026-01-31 17:48:41,7646334,3072.000,6659.000,4230.000,-87.000,7.000,-83.000,0.000,0.830,1
2026-01-31 17:48:41,7646374,3030.000,6134.000,3964.000,-31.000,-63.000,-77.000,0.000,0.830,1
2026-01-31 17:48:41,7646414,3044.000,6721.000,4143.000,-53.000,-35.000,-34.000,0.000,0.830,1
2026-01-31 17:48:41,7646454,3160.000,6340.000,4018.000,-81.000,-142.000,-1.000,0.000,0.830,1
2026-01-31 17:48:41,7646494,3256.000,6846.000,4172.000,-36.000,-109.000,-54.000,0.000,0.830,1
2026-01-31 17:48:41,7646534,3156.000,6365.000,4031.000,-91.000,-122.000,-60.000,0.000,0.830,1
2026-01-31 17:48:41,7646574,3233.000,6712.000,4122.000,-49.000,-82.000,-77.000,0.000,0.830,1
2026-01-31 17:48:41,7646614,3174.000,6518.000,4186.000,-127.000,-33.000,-74.000,0.000,0.830,1
2026-01-31 17:48:41,7646654,3175.000,6789.000,4266.000,-64.000,-58.000,-67.000,0.000,0.830,1
2026-01-31 17:48:41,7646694,3111.000,6421.000,4067.000,-40.000,-95.000,-59.000,0.000,0.830,1
2026-01-31 17:48:42,7646734,3055.000,6732.000,4224.000,-94.000,-88.000,-38.000,0.000,0.830,1
2026-01-31 17:48:42,7646774,3187.000,6334.000,4001.000,-51.000,-177.000,-10.000,0.000,0.830,1
2026-01-31 17:48:42,7646814,3186.000,6649.000,4197.000,-73.000,-93.000,-50.000,0.000,-2.970,1
2026-01-31 17:48:42,7646854,2939.000,6410.000,4171.000,-51.000,-71.000,-118.000,0.000,-2.970,1
2026-01-31 17:48:42,7646894,2868.000,5902.000,3727.000,-52.000,-217.000,-27.000,0.000,-2.970,1
2026-01-31 17:48:42,7646934,3288.000,6684.000,3979.000,16.000,-97.000,55.000,0.000,-2.970,1
2026-01-31 17:48:42,7646974,3096.000,6404.000,4126.000,36.000,-105.000,-163.000,0.000,-2.970,1
2026-01-31 17:48:42,7647014,3057.000,6950.000,4060.000,112.000,-74.000,-79.000,0.000,-2.970,1
2026-01-31 17:48:42,7647054,3005.000,6370.000,3873.000,-114.000,-114.000,28.000,0.000,-2.970,1
2026-01-31 17:48:42,7647094,3176.000,6577.000,3941.000,-106.000,-143.000,5.000,0.000,-2.970,1
2026-01-31 17:48:42,7647134,3176.000,6820.000,4294.000,-118.000,-54.000,-9.000,0.000,-2.970,1
2026-01-31 17:48:42,7647174,3040.000,6367.000,3846.000,49.000,-183.000,-81.000,0.000,-2.970,1
2026-01-31 17:48:42,7647214,3124.000,6669.000,3868.000,-63.000,-109.000,-5.000,0.000,-2.970,1
2026-01-31 17:48:42,7647254,3073.000,6398.000,4055.000,-216.000,-91.000,15.000,0.000,-2.970,1
2026-01-31 17:48:42,7647294,3157.000,6584.000,4088.000,-72.000,-98.000,-44.000,0.000,-2.970,1
2026-01-31 17:48:42,7647337,3020.000,6374.000,3838.000,-35.000,-133.000,-18.000,0.000,-2.970,1
2026-01-31 17:48:42,7647377,3106.000,6189.000,4069.000,-185.000,-128.000,49.000,0.000,-2.970,1
2026-01-31 17:48:42,7647414,3095.000,6272.000,4061.000,-104.000,-136.000,6.000,0.000,-2.970,1
2026-01-31 17:48:42,7647454,3225.000,6532.000,4024.000,28.000,-137.000,-52.000,0.000,-2.970,1
2026-01-31 17:48:42,7647494,3184.000,6508.000,3985.000,-4.000,-115.000,-44.000,0.000,-2.970,1
2026-01-31 17:48:42,7647534,3199.000,6593.000,4002.000,-81.000,-123.000,-39.000,0.000,-2.970,1
2026-01-31 17:48:42,7647574,3299.000,6667.000,4121.000,-91.000,-41.000,-22.000,0.000,-2.970,1
2026-01-31 17:48:42,7647614,3117.000,6660.000,4169.000,-65.000,-34.000,-91.000,0.000,-2.970,1
2026-01-31 17:48:42,7647654,3195.000,6604.000,3967.000,-18.000,-121.000,-64.000,0.000,-2.970,1
2026-01-31 17:48:42,7647694,3103.000,6784.000,4231.000,-103.000,-40.000,-38.000,0.000,-2.970,1
2026-01-31 17:48:43,7647734,3135.000,6771.000,4073.000,-23.000,-147.000,-64.000,0.000,-2.970,1
2026-01-31 17:48:43,7647774,3103.000,6274.000,3896.000,-96.000,-162.000,-7.000,0.000,-2.970,1
2026-01-31 17:48:43,7647814,3098.000,6600.000,3987.000,-65.000,-77.000,-61.000,0.000,-0.420,1
2026-01-31 17:48:43,7647854,3075.000,6291.000,4026.000,-128.000,-98.000,-8.000,0.000,-0.420,1
2026-01-31 17:48:43,7647894,2991.000,6588.000,4000.000,32.000,-76.000,-72.000,0.000,-0.420,1
2026-01-31 17:48:43,7647934,3080.000,6436.000,3835.000,-22.000,-149.000,53.000,0.000,-0.420,1
2026-01-31 17:48:43,7647974,3093.000,6394.000,3983.000,-186.000,-138.000,2.000,0.000,-0.420,1
2026-01-31 17:48:43,7648014,3233.000,6594.000,4007.000,-35.000,-142.000,-36.000,0.000,-0.420,1
2026-01-31 17:48:43,7648054,3107.000,6427.000,3963.000,-71.000,-142.000,-53.000,0.000,-0.420,1
2026-01-31 17:48:43,7648094,3248.000,6613.000,4026.000,-21.000,-133.000,-47.000,0.000,-0.420,1
2026-01-31 17:48:43,7648134,3232.000,6303.000,3889.000,-100.000,-114.000,-26.000,0.000,-0.420,1
2026-01-31 17:48:43,7648174,3215.000,6801.000,4199.000,-107.000,-1.000,-85.000,0.000,-0.420,1
2026-01-31 17:48:43,7648214,3110.000,6285.000,3928.000,-54.000,-98.000,-98.000,0.000,-0.420,1
2026-01-31 17:48:43,7648254,3017.000,6548.000,4069.000,-137.000,-35.000,-105.000,0.000,-0.420,1
2026-01-31 17:48:43,7648294,3139.000,6412.000,3973.000,-38.000,-105.000,-23.000,0.000,-0.420,1
2026-01-31 17:48:43,7648334,3204.000,6751.000,4079.000,-30.000,-95.000,-49.000,0.000,-0.420,1
2026-01-31 17:48:43,7648374,3246.000,6734.000,4040.000,-41.000,-84.000,-75.000,0.000,-0.420,1
2026-01-31 17:48:43,7648414,3066.000,6534.000,4045.000,-115.000,-57.000,-120.000,0.000,-0.420,1
2026-01-31 17:48:43,7648454,3149.000,6690.000,4096.000,-84.000,-61.000,-28.000,0.000,-0.420,1
2026-01-31 17:48:43,7648494,3223.000,6591.000,4081.000,-100.000,-140.000,-48.000,0.000,-0.420,1
2026-01-31 17:48:43,7648534,3216.000,6643.000,4104.000,-68.000,-115.000,-80.000,0.000,-0.420,1
2026-01-31 17:48:43,7648574,3139.000,6417.000,3997.000,-62.000,-135.000,-47.000,0.000,-0.420,1
2026-01-31 17:48:43,7648614,3195.000,6541.000,3971.000,-46.000,-122.000,-33.000,0.000,-0.420,1
2026-01-31 17:48:43,7648654,3137.000,6376.000,4027.000,-103.000,-70.000,-69.000,0.000,-0.420,1
2026-01-31 17:48:43,7648694,3016.000,6306.000,3971.000,-25.000,-64.000,-122.000,0.000,-0.420,1
2026-01-31 17:48:44,7648734,3083.000,6652.000,4074.000,25.000,-67.000,-36.000,0.000,-0.420,1
2026-01-31 17:48:44,7648774,3132.000,6603.000,3904.000,80.000,-145.000,-46.000,0.000,-0.420,1
2026-01-31 17:48:44,7648814,3178.000,6780.000,3991.000,-44.000,-131.000,-49.000,0.000,1.360,1
2026-01-31 17:48:44,7648854,3136.000,6361.000,3948.000,-112.000,-149.000,-45.000,0.000,1.360,1
2026-01-31 17:48:44,7648894,3278.000,6890.000,4047.000,-62.000,-93.000,-50.000,0.000,1.360,1
2026-01-31 17:48:44,7648934,3140.000,6411.000,3785.000,-46.000,-127.000,-92.000,0.000,1.360,1
2026-01-31 17:48:44,7648974,3109.000,6540.000,3893.000,-105.000,-70.000,-39.000,0.000,1.360,1
2026-01-31 17:48:44,7649014,3166.000,6580.000,3924.000,-51.000,-46.000,-27.000,0.000,1.360,1
2026-01-31 17:48:44,7649054,3020.000,6459.000,3950.000,-109.000,-52.000,-111.000,0.000,1.360,1
2026-01-31 17:48:44,7649094,2868.000,6231.000,3792.000,-77.000,-98.000,-121.000,0.000,1.360,1
2026-01-31 17:48:44,7649134,2870.000,6143.000,3792.000,-133.000,-126.000,7.000,0.000,1.360,1
2026-01-31 17:48:44,7649174,3229.000,6724.000,3978.000,-18.000,-139.000,21.000,0.000,1.360,1
2026-01-31 17:48:44,7649214,3219.000,6428.000,4006.000,-65.000,-130.000,-86.000,0.000,1.360,1
2026-01-31 17:48:44,7649254,3085.000,6531.000,3940.000,11.000,-89.000,-105.000,0.000,1.360,1
2026-01-31 17:48:44,7649297,3270.000,6950.000,4067.000,-28.000,-75.000,-33.000,0.000,1.360,1
2026-01-31 17:48:44,7649336,3284.000,6808.000,4159.000,-108.000,-93.000,-59.000,0.000,1.360,1
2026-01-31 17:48:44,7649374,3252.000,6844.000,4112.000,-16.000,-99.000,-74.000,0.000,1.360,1
2026-01-31 17:48:44,7649414,3107.000,6749.000,3921.000,53.000,-118.000,-67.000,0.000,1.360,1
2026-01-31 17:48:44,7649454,3126.000,6827.000,3806.000,-10.000,-144.000,-10.000,0.000,1.360,1
2026-01-31 17:48:44,7649494,3113.000,6800.000,3880.000,-98.000,-106.000,-43.000,0.000,1.360,1
2026-01-31 17:48:44,7649534,2964.000,6303.000,3779.000,-145.000,-130.000,-56.000,0.000,1.360,1
2026-01-31 17:48:44,7649577,2931.000,6251.000,3731.000,-118.000,-115.000,4.000,0.000,1.360,1
2026-01-31 17:48:44,7649614,2916.000,6324.000,3779.000,-111.000,-102.000,11.000,0.000,1.360,1
2026-01-31 17:48:44,7649654,2919.000,6015.000,3888.000,-127.000,-210.000,12.000,0.000,1.360,1
2026-01-31 17:48:44,7649694,3329.000,6362.000,3619.000,264.000,-275.000,-5.000,0.000,1.360,1
2026-01-31 17:48:45,7649734,3477.000,7390.000,3862.000,330.000,-123.000,-57.000,0.000,1.360,1
2026-01-31 17:48:45,7649774,2885.000,6081.000,3432.000,-87.000,-197.000,-185.000,0.000,1.360,1
2026-01-31 17:48:45,7649814,3560.000,7353.000,3618.000,58.000,-216.000,85.000,0.000,3.330,1
2026-01-31 17:48:45,7649854,3194.000,6549.000,3945.000,-392.000,143.000,-80.000,0.000,3.330,1
2026-01-31 17:48:45,7649894,3316.000,7118.000,3720.000,38.000,-18.000,-112.000,0.000,3.330,1
2026-01-31 17:48:45,7649934,2935.000,6593.000,3791.000,-208.000,36.000,-42.000,0.000,3.330,1
2026-01-31 17:48:45,7649974,3073.000,6324.000,3090.000,206.000,-308.000,133.000,0.000,3.330,1
2026-01-31 17:48:45,7650014,3354.000,6479.000,3551.000,-90.000,-194.000,121.000,0.000,3.330,1
2026-01-31 17:48:45,7650054,3168.000,6029.000,3361.000,-105.000,-270.000,-117.000,0.000,3.330,1
2026-01-31 17:48:45,7650094,3274.000,6298.000,3452.000,-85.000,-256.000,26.000,0.000,3.330,1
2026-01-31 17:48:45,7650134,3787.000,6557.000,3207.000,265.000,-299.000,61.000,0.000,3.330,1
2026-01-31 17:48:45,7650174,4242.000,7949.000,3909.000,113.000,21.000,-137.000,0.000,3.330,1
2026-01-31 17:48:45,7650214,3090.000,5529.000,3588.000,-409.000,-77.000,-381.000,0.000,3.330,1
2026-01-31 17:48:45,7650254,3623.000,7269.000,3168.000,538.000,-404.000,107.000,0.000,3.330,1
2026-01-31 17:48:45,7650294,3711.000,7169.000,3400.000,-4.000,94.000,119.000,0.000,3.330,1
2026-01-31 17:48:45,7650334,3501.000,6647.000,3201.000,48.000,-49.000,-49.000,0.000,3.330,1
2026-01-31 17:48:45,7650374,3296.000,7102.000,3508.000,-133.000,48.000,-38.000,0.000,3.330,1
2026-01-31 17:48:45,7650414,3378.000,7195.000,3017.000,221.000,-129.000,86.000,0.000,3.330,1
2026-01-31 17:48:45,7650454,3344.000,6370.000,3141.000,-364.000,-129.000,76.000,0.000,3.330,1
2026-01-31 17:48:45,7650494,3232.000,6062.000,3007.000,-126.000,-227.000,-89.000,0.000,3.330,1
2026-01-31 17:48:45,7650534,3554.000,6994.000,3062.000,112.000,-202.000,6.000,0.000,3.330,1
2026-01-31 17:48:45,7650574,3442.000,6436.000,3351.000,-287.000,-127.000,3.000,0.000,3.330,1
2026-01-31 17:48:45,7650614,3369.000,5955.000,3185.000,-241.000,-247.000,-49.000,0.000,3.330,1
2026-01-31 17:48:45,7650654,3659.000,6311.000,3199.000,11.000,-153.000,18.000,0.000,3.330,1
2026-01-31 17:48:45,7650694,3789.000,6941.000,3463.000,86.000,-57.000,-35.000,0.000,3.330,1
2026-01-31 17:48:46,7650734,3514.000,6438.000,3365.000,-90.000,-127.000,-123.000,0.000,3.330,1
2026-01-31 17:48:46,7650774,3789.000,7171.000,3297.000,153.000,-179.000,-51.000,0.000,3.330,1
2026-01-31 17:48:46,7650814,3898.000,7270.000,3464.000,64.000,-20.000,-17.000,0.000,3.340,1
2026-01-31 17:48:46,7650854,3719.000,7229.000,3517.000,-29.000,-40.000,-131.000,0.000,3.340,1
2026-01-31 17:48:46,7650894,3502.000,6837.000,3289.000,-53.000,-120.000,-88.000,0.000,3.340,1
2026-01-31 17:48:46,7650934,3590.000,7067.000,3235.000,-10.000,-132.000,30.000,0.000,3.340,1
2026-01-31 17:48:46,7650974,3410.000,6385.000,3204.000,-210.000,-144.000,10.000,0.000,3.340,1
2026-01-31 17:48:46,7651014,3314.000,6440.000,3121.000,-49.000,-170.000,-67.000,0.000,3.340,1
2026-01-31 17:48:46,7651054,3379.000,6245.000,2879.000,78.000,-241.000,77.000,0.000,3.340,1
2026-01-31 17:48:46,7651094,3587.000,6612.000,2771.000,180.000,-271.000,90.000,0.000,3.340,1
2026-01-31 17:48:46,7651134,3587.000,6511.000,2734.000,72.000,-259.000,22.000,0.000,3.340,1
2026-01-31 17:48:46,7651174,3663.000,6514.000,2440.000,247.000,-365.000,106.000,0.000,3.340,1
2026-01-31 17:48:46,7651214,3823.000,6785.000,2366.000,107.000,-285.000,57.000,0.000,3.340,1
2026-01-31 17:48:46,7651254,3924.000,6705.000,2340.000,-8.000,-279.000,40.000,0.000,3.340,1
2026-01-31 17:48:46,7651294,3996.000,6575.000,2423.000,-123.000,-208.000,45.000,0.000,3.340,1
2026-01-31 17:48:46,7651337,4191.000,7058.000,2691.000,-153.000,-17.000,-59.000,0.000,3.340,1
2026-01-31 17:48:46,7651377,4016.000,6743.000,2675.000,-207.000,43.000,-131.000,0.000,3.340,1
2026-01-31 17:48:46,7651414,3949.000,6913.000,2788.000,-235.000,73.000,-143.000,0.000,3.340,1
2026-01-31 17:48:46,7651454,3705.000,6465.000,2776.000,-279.000,23.000,-40.000,0.000,3.340,1
2026-01-31 17:48:46,7651494,4035.000,6900.000,2696.000,-2.000,-115.000,80.000,0.000,3.340,1
2026-01-31 17:48:46,7651534,4129.000,6873.000,2783.000,-18.000,-59.000,57.000,0.000,3.340,1
2026-01-31 17:48:46,7651577,4172.000,7135.000,2585.000,68.000,-291.000,37.000,0.000,3.340,1
2026-01-31 17:48:46,7651614,4203.000,6956.000,2559.000,12.000,-252.000,59.000,0.000,3.340,1
2026-01-31 17:48:46,7651654,4221.000,7186.000,2546.000,102.000,-237.000,-8.000,0.000,3.340,1
2026-01-31 17:48:46,7651694,4219.000,6886.000,2468.000,-34.000,-281.000,45.000,0.000,3.340,1
2026-01-31 17:48:47,7651734,4133.000,6742.000,2481.000,-99.000,-206.000,26.000,0.000,3.340,1
2026-01-31 17:48:47,7651774,4085.000,6561.000,2337.000,-47.000,-196.000,68.000,0.000,3.340,1
2026-01-31 17:48:47,7651814,4164.000,6798.000,2374.000,33.000,-167.000,46.000,0.000,3.930,1
2026-01-31 17:48:47,7651854,3963.000,6352.000,2265.000,-42.000,-191.000,14.000,0.000,3.930,1
2026-01-31 17:48:47,7651894,4059.000,6494.000,2155.000,-55.000,-248.000,27.000,0.000,3.930,1
2026-01-31 17:48:47,7651934,4185.000,6785.000,2224.000,74.000,-180.000,17.000,0.000,3.930,1
2026-01-31 17:48:47,7651974,4013.000,6314.000,2140.000,-65.000,-188.000,-14.000,0.000,3.930,1
2026-01-31 17:48:47,7652014,4038.000,6564.000,2168.000,-37.000,-159.000,-1.000,0.000,3.930,1
2026-01-31 17:48:47,7652054,4042.000,6159.000,2028.000,-221.000,-76.000,-1.000,0.000,3.930,1
2026-01-31 17:48:47,7652094,4250.000,6868.000,2348.000,-76.000,-16.000,-31.000,0.000,3.930,1
2026-01-31 17:48:47,7652134,4279.000,6642.000,2355.000,-10.000,-37.000,-88.000,0.000,3.930,1
2026-01-31 17:48:47,7652174,4125.000,6885.000,2484.000,-38.000,11.000,-161.000,0.000,3.930,1
2026-01-31 17:48:47,7652214,4071.000,6266.000,2200.000,-29.000,-118.000,-45.000,0.000,3.930,1
2026-01-31 17:48:47,7652254,4366.000,7271.000,2541.000,61.000,-42.000,-26.000,0.000,3.930,1
2026-01-31 17:48:47,7652294,4230.000,6548.000,2389.000,-64.000,-40.000,-61.000,0.000,3.930,1
2026-01-31 17:48:47,7652334,4225.000,6736.000,2529.000,-119.000,-66.000,-52.000,0.000,3.930,1
2026-01-31 17:48:47,7652374,4232.000,6593.000,2327.000,27.000,-126.000,-78.000,0.000,3.930,1
2026-01-31 17:48:47,7652414,4443.000,7137.000,2495.000,101.000,-94.000,-14.000,0.000,3.930,1
2026-01-31 17:48:47,7652454,4236.000,6718.000,2370.000,74.000,-78.000,-110.000,0.000,3.930,1
2026-01-31 17:48:47,7652494,4236.000,6830.000,2258.000,107.000,-168.000,-52.000,0.000,3.930,1
2026-01-31 17:48:47,7652534,3995.000,6503.000,2262.000,-107.000,-82.000,-48.000,0.000,3.930,1
2026-01-31 17:48:47,7652574,4265.000,6612.000,2082.000,119.000,-191.000,48.000,0.000,3.930,1
2026-01-31 17:48:47,7652614,4167.000,6731.000,2325.000,-85.000,-42.000,-23.000,0.000,3.930,1
2026-01-31 17:48:47,7652654,4082.000,6287.000,2034.000,35.000,-206.000,-40.000,0.000,3.930,1
2026-01-31 17:48:47,7652694,4115.000,6408.000,2157.000,-118.000,-66.000,-50.000,0.000,3.930,1
2026-01-31 17:48:48,7652734,4451.000,6857.000,2061.000,162.000,-159.000,17.000,0.000,3.930,1
2026-01-31 17:48:48,7652774,4228.000,6780.000,2337.000,-148.000,36.000,-91.000,0.000,3.930,1
2026-01-31 17:48:48,7652814,4143.000,6372.000,2021.000,12.000,-115.000,-85.000,0.000,1.440,1
2026-01-31 17:48:48,7652854,4173.000,6718.000,2213.000,-127.000,-34.000,-20.000,0.000,1.440,1
2026-01-31 17:48:48,7652894,4350.000,6517.000,2058.000,-22.000,-124.000,-18.000,0.000,1.440,1
2026-01-31 17:48:48,7652934,4503.000,6967.000,2331.000,-57.000,-61.000,-62.000,0.000,1.440,1
2026-01-31 17:48:48,7652974,4433.000,6833.000,2288.000,-14.000,-67.000,-110.000,0.000,1.440,1
2026-01-31 17:48:48,7653014,4417.000,6792.000,2266.000,-75.000,-63.000,-61.000,0.000,1.440,1
2026-01-31 17:48:48,7653054,4391.000,6977.000,2321.000,-44.000,14.000,-88.000,0.000,1.440,1
2026-01-31 17:48:48,7653094,4250.000,6599.000,2221.000,-81.000,-60.000,6.000,0.000,1.440,1
2026-01-31 17:48:48,7653134,4380.000,7057.000,2309.000,41.000,-22.000,-40.000,0.000,1.440,1
2026-01-31 17:48:48,7653174,4229.000,6710.000,2228.000,1.000,-71.000,-54.000,0.000,1.440,1
2026-01-31 17:48:48,7653214,4242.000,6960.000,2227.000,12.000,-127.000,-58.000,0.000,1.440,1
2026-01-31 17:48:48,7653254,4117.000,6507.000,2118.000,-66.000,-127.000,-14.000,0.000,1.440,1
2026-01-31 17:48:48,7653294,4323.000,6795.000,2133.000,-8.000,-142.000,60.000,0.000,1.440,1
2026-01-31 17:48:48,7653334,4182.000,6539.000,2283.000,-178.000,-42.000,-25.000,0.000,1.440,1
2026-01-31 17:48:48,7653374,4063.000,6148.000,2113.000,-74.000,-105.000,-39.000,0.000,1.440,1
2026-01-31 17:48:48,7653414,4054.000,6453.000,2197.000,9.000,-44.000,-41.000,0.000,1.440,1
2026-01-31 17:48:48,7653454,4694.000,7406.000,2224.000,262.000,-195.000,93.000,0.000,1.440,1
2026-01-31 17:48:48,7653494,4555.000,7564.000,2187.000,389.000,-26.000,-114.000,0.000,1.440,1
2026-01-31 17:48:48,7653534,4205.000,6769.000,1819.000,187.000,-232.000,6.000,0.000,1.440,1
2026-01-31 17:48:48,7653577,4059.000,6332.000,1887.000,-484.000,-127.000,89.000,0.000,1.440,1
2026-01-31 17:48:48,7653614,4117.000,5861.000,1651.000,-539.000,-152.000,44.000,0.000,1.440,1
2026-01-31 17:48:48,7653654,4230.000,6231.000,1840.000,-292.000,-61.000,86.000,0.000,1.440,1
2026-01-31 17:48:48,7653694,4372.000,6352.000,2154.000,-441.000,152.000,-79.000,0.000,1.440,1
2026-01-31 17:48:49,7653734,4407.000,6195.000,2376.000,-336.000,136.000,-92.000,0.000,1.440,1
2026-01-31 17:48:49,7653774,4397.000,6579.000,2483.000,-128.000,105.000,-167.000,0.000,1.440,1
2026-01-31 17:48:49,7653814,4277.000,6640.000,2546.000,11.000,31.000,-141.000,0.000,1.150,1
2026-01-31 17:48:49,7653854,4637.000,7224.000,2325.000,429.000,-209.000,56.000,0.000,1.150,1
2026-01-31 17:48:49,7653894,4563.000,7200.000,2288.000,230.000,-115.000,-13.000,0.000,1.150,1
2026-01-31 17:48:49,7653934,4476.000,7090.000,2059.000,161.000,-168.000,-9.000,0.000,1.150,1
2026-01-31 17:48:49,7653974,4390.000,6865.000,2140.000,-165.000,-44.000,-2.000,0.000,1.150,1
2026-01-31 17:48:49,7654014,4211.000,6247.000,1975.000,-249.000,-74.000,-21.000,0.000,1.150,1
2026-01-31 17:48:49,7654054,4277.000,6383.000,1970.000,-132.000,-67.000,-30.000,0.000,1.150,1
2026-01-31 17:48:49,7654094,3813.000,5853.000,1997.000,-305.000,68.000,-102.000,0.000,1.150,1
2026-01-31 17:48:49,7654134,3989.000,5765.000,1757.000,28.000,-123.000,36.000,0.000,1.150,1
2026-01-31 17:48:49,7654174,4886.000,7368.000,2082.000,358.000,-18.000,193.000,0.000,1.150,1
2026-01-31 17:48:49,7654214,4706.000,7202.000,2486.000,156.000,286.000,-233.000,0.000,1.150,1
2026-01-31 17:48:49,7654254,4152.000,6890.000,2432.000,-422.000,-29.000,-254.000,0.000,1.150,1
2026-01-31 17:48:49,7654294,4141.000,6703.000,2548.000,-459.000,10.000,-40.000,0.000,1.150,1
2026-01-31 17:48:49,7654334,4529.000,6765.000,2370.000,20.000,-64.000,181.000,0.000,1.150,1
2026-01-31 17:48:49,7654374,4332.000,6732.000,2319.000,9.000,-115.000,33.000,0.000,1.150,1
2026-01-31 17:48:49,7654414,4274.000,6606.000,2150.000,85.000,-250.000,81.000,0.000,1.150,1
2026-01-31 17:48:49,7654454,4312.000,6619.000,2048.000,185.000,-208.000,128.000,0.000,1.150,1
2026-01-31 17:48:49,7654494,4198.000,6348.000,1979.000,4.000,-149.000,40.000,0.000,1.150,1
2026-01-31 17:48:49,7654534,4277.000,6733.000,2107.000,0.000,-155.000,4.000,0.000,1.150,1
2026-01-31 17:48:49,7654574,4365.000,6589.000,2088.000,-61.000,-131.000,36.000,0.000,1.150,1
2026-01-31 17:48:49,7654614,4409.000,6655.000,2034.000,-31.000,-129.000,33.000,0.000,1.150,1
2026-01-31 17:48:49,7654654,4340.000,6388.000,2024.000,-107.000,-95.000,42.000,0.000,1.150,1
2026-01-31 17:48:49,7654694,4454.000,6638.000,2085.000,-74.000,-74.000,55.000,0.000,1.150,1
2026-01-31 17:48:50,7654734,4331.000,6320.000,2091.000,-125.000,-17.000,-28.000,0.000,1.150,1
2026-01-31 17:48:50,7654774,4318.000,6538.000,2165.000,-93.000,1.000,-43.000,0.000,1.150,1
2026-01-31 17:48:50,7654814,4253.000,6407.000,2152.000,-148.000,-14.000,9.000,0.000,1.540,1
2026-01-31 17:48:50,7654854,4600.000,6999.000,2219.000,21.000,-70.000,102.000,0.000,1.540,1
2026-01-31 17:48:50,7654894,4576.000,6803.000,2341.000,-165.000,-20.000,19.000,0.000,1.540,1
2026-01-31 17:48:50,7654934,4536.000,6866.000,2335.000,-38.000,-73.000,-12.000,0.000,1.540,1
2026-01-31 17:48:50,7654974,4451.000,6643.000,2298.000,-121.000,-15.000,6.000,0.000,1.540,1
2026-01-31 17:48:50,7655014,4471.000,6647.000,2329.000,-97.000,-57.000,-15.000,0.000,1.540,1
2026-01-31 17:48:50,7655054,4420.000,6701.000,2388.000,-86.000,-50.000,-27.000,0.000,1.540,1
2026-01-31 17:48:50,7655094,4328.000,6403.000,2270.000,-72.000,-127.000,2.000,0.000,1.540,1
2026-01-31 17:48:50,7655134,4530.000,6506.000,2248.000,-35.000,-183.000,96.000,0.000,1.540,1
2026-01-31 17:48:50,7655174,4548.000,6643.000,2324.000,3.000,-102.000,48.000,0.000,1.540,1
2026-01-31 17:48:50,7655214,4515.000,6498.000,2154.000,90.000,-124.000,-8.000,0.000,1.540,1
2026-01-31 17:48:50,7655254,4500.000,6781.000,2253.000,44.000,-29.000,-5.000,0.000,1.540,1
2026-01-31 17:48:50,7655294,4356.000,6487.000,2068.000,10.000,-44.000,-26.000,0.000,1.540,1
2026-01-31 17:48:50,7655337,4400.000,6364.000,2115.000,-37.000,14.000,-31.000,0.000,1.540,1
2026-01-31 17:48:50,7655377,4407.000,6696.000,1951.000,139.000,-132.000,-6.000,0.000,1.540,1
2026-01-31 17:48:50,7655414,4413.000,6863.000,2041.000,41.000,-110.000,12.000,0.000,1.540,1
2026-01-31 17:48:50,7655454,4199.000,6226.000,1868.000,-33.000,-199.000,-45.000,0.000,1.540,1
2026-01-31 17:48:50,7655494,4418.000,6549.000,2039.000,2.000,-334.000,-129.000,0.000,1.540,1
2026-01-31 17:48:50,7655534,4467.000,6391.000,1822.000,316.000,-408.000,-216.000,0.000,1.540,1
2026-01-31 17:48:50,7655579,4720.000,7037.000,1680.000,84.000,-194.000,-497.000,0.000,1.540,1
2026-01-31 17:48:50,7655614,4797.000,7067.000,1724.000,-126.000,-106.000,-588.000,0.000,1.540,1
2026-01-31 17:48:50,7655654,4567.000,7016.000,1879.000,-197.000,-55.000,-695.000,0.000,1.540,1
2026-01-31 17:48:50,7655694,4449.000,7024.000,1862.000,-213.000,-133.000,-632.000,0.000,1.540,1
2026-01-31 17:48:51,7655734,4560.000,6739.000,1643.000,-367.000,-203.000,-454.000,0.000,1.540,1
2026-01-31 17:48:51,7655774,4726.000,6655.000,1716.000,-285.000,-160.000,-403.000,0.000,1.540,1
2026-01-31 17:48:51,7655814,4643.000,6271.000,1541.000,36.000,-141.000,-508.000,0.000,2.260,1
2026-01-31 17:48:51,7655854,4754.000,6772.000,1434.000,288.000,-152.000,-662.000,0.000,2.260,1
2026-01-31 17:48:51,7655894,4659.000,6588.000,1364.000,-22.000,55.000,-987.000,0.000,2.260,1
2026-01-31 17:48:51,7655934,4514.000,6711.000,1486.000,227.000,110.000,-1239.000,0.000,2.260,1
2026-01-31 17:48:51,7655974,4307.000,6838.000,1417.000,445.000,163.000,-1252.000,0.000,2.260,1
2026-01-31 17:48:51,7656014,4132.000,6935.000,1418.000,446.000,221.000,-1359.000,0.000,2.260,1
2026-01-31 17:48:51,7656054,4105.000,7255.000,1376.000,538.000,187.000,-1413.000,0.000,2.260,1
2026-01-31 17:48:51,7656094,3979.000,7386.000,1330.000,607.000,176.000,-1450.000,0.000,2.260,1
2026-01-31 17:48:51,7656134,3718.000,7578.000,1381.000,689.000,70.000,-1383.000,0.000,2.260,1
2026-01-31 17:48:51,7656174,3683.000,7763.000,1284.000,792.000,-31.000,-1458.000,0.000,2.260,1
2026-01-31 17:48:51,7656214,3502.000,7809.000,1174.000,676.000,-64.000,-1665.000,0.000,2.260,1
2026-01-31 17:48:51,7656254,3311.000,7721.000,1066.000,504.000,-88.000,-1749.000,0.000,2.260,1
2026-01-31 17:48:51,7656294,3184.000,7923.000,1046.000,476.000,-90.000,-1695.000,0.000,2.260,1
2026-01-31 17:48:51,7656334,2929.000,7661.000,1018.000,400.000,-73.000,-1700.000,0.000,2.260,1
2026-01-31 17:48:51,7656374,2744.000,7781.000,832.000,464.000,-15.000,-1630.000,0.000,2.260,1
2026-01-31 17:48:51,7656414,2608.000,7908.000,827.000,215.000,-5.000,-1326.000,0.000,2.260,1
2026-01-31 17:48:51,7656454,2670.000,8021.000,724.000,-5.000,81.000,-1067.000,0.000,2.260,1
2026-01-31 17:48:51,7656494,2638.000,8073.000,1027.000,-126.000,111.000,-765.000,0.000,2.260,1
2026-01-31 17:48:51,7656534,2187.000,7866.000,1133.000,-266.000,276.000,-642.000,0.000,2.260,1
2026-01-31 17:48:51,7656574,2248.000,7988.000,1186.000,-84.000,272.000,-376.000,0.000,2.260,1
2026-01-31 17:48:51,7656614,2240.000,8190.000,1266.000,-27.000,324.000,-387.000,0.000,2.260,1
2026-01-31 17:48:51,7656654,1998.000,8164.000,1419.000,-124.000,350.000,-359.000,0.000,2.260,1
2026-01-31 17:48:51,7656694,1925.000,8086.000,1592.000,-245.000,341.000,-255.000,0.000,2.260,1
2026-01-31 17:48:52,7656734,1820.000,8011.000,1726.000,-180.000,272.000,-82.000,0.000,2.260,1
2026-01-31 17:48:52,7656774,1942.000,7801.000,1670.000,-192.000,270.000,63.000,0.000,2.260,1
2026-01-31 17:48:52,7656814,1558.000,7847.000,1908.000,27.000,201.000,178.000,0.000,3.350,1
2026-01-31 17:48:52,7656854,1416.000,7883.000,1783.000,280.000,138.000,176.000,0.000,3.350,1
2026-01-31 17:48:52,7656894,1898.000,7887.000,1471.000,463.000,-236.000,273.000,0.000,3.350,1
2026-01-31 17:48:52,7656934,2021.000,7991.000,1370.000,386.000,-301.000,135.000,0.000,3.350,1
2026-01-31 17:48:52,7656974,2083.000,7972.000,1363.000,199.000,-242.000,47.000,0.000,3.350,1
2026-01-31 17:48:52,7657014,1958.000,7931.000,1560.000,102.000,-170.000,-40.000,0.000,3.350,1
2026-01-31 17:48:52,7657054,1952.000,7921.000,1620.000,98.000,-182.000,-6.000,0.000,3.350,1
2026-01-31 17:48:52,7657094,1941.000,7874.000,1647.000,185.000,-157.000,-8.000,0.000,3.350,1
2026-01-31 17:48:52,7657134,1904.000,7778.000,1658.000,353.000,-152.000,-9.000,0.000,3.350,1
2026-01-31 17:48:52,7657174,1925.000,8041.000,1519.000,444.000,-158.000,43.000,0.000,3.350,1
2026-01-31 17:48:52,7657214,1965.000,7933.000,1563.000,182.000,-155.000,136.000,0.000,3.350,1
2026-01-31 17:48:52,7657254,1969.000,7862.000,1501.000,204.000,-149.000,8.000,0.000,3.350,1
2026-01-31 17:48:52,7657294,1906.000,7857.000,1639.000,-47.000,-43.000,7.000,0.000,3.350,1
2026-01-31 17:48:52,7657337,1836.000,7955.000,1871.000,-187.000,-12.000,25.000,0.000,3.350,1
2026-01-31 17:48:52,7657376,1905.000,7957.000,1913.000,-309.000,-14.000,16.000,0.000,3.350,1
2026-01-31 17:48:52,7657414,1728.000,7679.000,2052.000,-526.000,66.000,97.000,0.000,3.350,1
2026-01-31 17:48:52,7657454,1502.000,7701.000,2262.000,-567.000,102.000,181.000,0.000,3.350,1
2026-01-31 17:48:52,7657494,1474.000,7573.000,2329.000,-658.000,-57.000,696.000,0.000,3.350,1
2026-01-31 17:48:52,7657534,1783.000,7828.000,2284.000,-333.000,-149.000,438.000,0.000,3.350,1
2026-01-31 17:48:52,7657577,1733.000,7518.000,2337.000,-317.000,-88.000,527.000,0.000,3.350,1
2026-01-31 17:48:52,7657614,1779.000,7552.000,2330.000,-101.000,-100.000,457.000,0.000,3.350,1
2026-01-31 17:48:52,7657654,1730.000,7613.000,2391.000,-270.000,-38.000,325.000,0.000,3.350,1
2026-01-31 17:48:52,7657694,1884.000,7640.000,2448.000,-242.000,-78.000,323.000,0.000,3.350,1
2026-01-31 17:48:53,7657734,1820.000,7497.000,2341.000,-408.000,-79.000,464.000,0.000,3.350,1
2026-01-31 17:48:53,7657774,1950.000,7632.000,2448.000,-108.000,-118.000,382.000,0.000,3.350,1
2026-01-31 17:48:53,7657814,1901.000,7657.000,2609.000,-207.000,-72.000,343.000,0.000,4.720,1
2026-01-31 17:48:53,7657854,1906.000,7763.000,3020.000,-582.000,36.000,254.000,0.000,4.720,1
2026-01-31 17:48:53,7657894,1706.000,7525.000,3429.000,-1165.000,112.000,447.000,0.000,4.720,1
2026-01-31 17:48:53,7657934,1619.000,7336.000,3738.000,-1179.000,119.000,733.000,0.000,4.720,1
2026-01-31 17:48:53,7657974,1711.000,7147.000,3844.000,-929.000,89.000,1064.000,0.000,4.720,1
2026-01-31 17:48:53,7658014,1777.000,7148.000,3685.000,-739.000,77.000,1226.000,0.000,4.720,1
2026-01-31 17:48:53,7658054,2105.000,7021.000,3467.000,-585.000,-19.000,1230.000,0.000,4.720,1
2026-01-31 17:48:53,7658094,2291.000,6790.000,3353.000,-534.000,-82.000,1105.000,0.000,4.720,1
2026-01-31 17:48:53,7658134,2572.000,6604.000,3266.000,-271.000,-115.000,714.000,0.000,4.720,1
2026-01-31 17:48:53,7658174,2658.000,6844.000,3272.000,246.000,-77.000,206.000,0.000,4.720,1
2026-01-31 17:48:53,7658214,2441.000,7120.000,3332.000,401.000,42.000,-234.000,0.000,4.720,1
2026-01-31 17:48:53,7658254,2183.000,7514.000,3418.000,21.000,-15.000,-460.000,0.000,4.720,1
2026-01-31 17:48:53,7658294,1941.000,7270.000,3537.000,-806.000,-150.000,-543.000,0.000,4.720,1
2026-01-31 17:48:53,7658334,1920.000,7125.000,3911.000,-770.000,-357.000,-372.000,0.000,4.720,1
2026-01-31 17:48:53,7658374,2084.000,6804.000,3886.000,-270.000,-396.000,-42.000,0.000,4.720,1
2026-01-31 17:48:53,7658414,2390.000,6997.000,3374.000,279.000,-390.000,1.000,0.000,4.720,1
2026-01-31 17:48:53,7658454,2490.000,7015.000,3131.000,150.000,-164.000,-242.000,0.000,4.720,1
2026-01-31 17:48:53,7658494,2367.000,7230.000,3194.000,444.000,-246.000,-178.000,0.000,4.720,1
2026-01-31 17:48:53,7658534,2457.000,7103.000,3196.000,360.000,-237.000,-179.000,0.000,4.720,1
2026-01-31 17:48:53,7658574,2375.000,7296.000,3338.000,235.000,-99.000,-253.000,0.000,4.720,1
2026-01-31 17:48:53,7658614,2262.000,7441.000,3551.000,152.000,13.000,-249.000,0.000,4.720,1
2026-01-31 17:48:53,7658654,2004.000,7584.000,3633.000,-83.000,168.000,-120.000,0.000,4.720,1
2026-01-31 17:48:53,7658694,1930.000,7358.000,3644.000,-273.000,111.000,244.000,0.000,4.720,1
2026-01-31 17:48:54,7658734,2017.000,7421.000,3425.000,-190.000,133.000,838.000,0.000,4.720,1
2026-01-31 17:48:54,7658774,2146.000,7060.000,3392.000,-150.000,267.000,1029.000,0.000,4.720,1
2026-01-31 17:48:54,7658814,2490.000,6959.000,3296.000,-377.000,167.000,985.000,0.000,9.810,1
2026-01-31 17:48:54,7658854,2716.000,7077.000,3434.000,-358.000,199.000,708.000,0.000,9.810,1
2026-01-31 17:48:54,7658894,2620.000,6864.000,3677.000,-507.000,109.000,744.000,0.000,9.810,1
2026-01-31 17:48:54,7658934,2640.000,6974.000,3836.000,-394.000,123.000,604.000,0.000,9.810,1
2026-01-31 17:48:54,7658974,2568.000,6801.000,3928.000,-499.000,90.000,684.000,0.000,9.810,1
2026-01-31 17:48:54,7659014,2532.000,6699.000,3866.000,-501.000,50.000,823.000,0.000,9.810,1
2026-01-31 17:48:54,7659054,2682.000,6586.000,3736.000,-425.000,-54.000,762.000,0.000,9.810,1
2026-01-31 17:48:54,7659094,2849.000,6594.000,3629.000,-469.000,-78.000,565.000,0.000,9.810,1
2026-01-31 17:48:54,7659134,2917.000,6509.000,3640.000,-292.000,-66.000,548.000,0.000,9.810,1
2026-01-31 17:48:54,7659174,3139.000,6567.000,3712.000,-177.000,-247.000,422.000,0.000,9.810,1
2026-01-31 17:48:54,7659214,3217.000,6404.000,3826.000,-288.000,-102.000,43.000,0.000,9.810,1
2026-01-31 17:48:54,7659254,3059.000,6525.000,3941.000,-66.000,-15.000,-65.000,0.000,9.810,1
2026-01-31 17:48:54,7659294,2917.000,6664.000,3976.000,-52.000,24.000,-167.000,0.000,9.810,1
2026-01-31 17:48:54,7659337,2825.000,6680.000,3872.000,109.000,-41.000,65.000,0.000,9.810,1
2026-01-31 17:48:54,7659374,2867.000,6688.000,3828.000,125.000,-98.000,133.000,0.000,9.810,1
2026-01-31 17:48:54,7659414,2990.000,6743.000,3764.000,159.000,-87.000,154.000,0.000,9.810,1
2026-01-31 17:48:54,7659455,2940.000,6683.000,3795.000,79.000,29.000,72.000,0.000,9.810,1
2026-01-31 17:48:54,7659494,2866.000,6789.000,3791.000,16.000,53.000,73.000,0.000,9.810,1
2026-01-31 17:48:54,7659534,2815.000,6791.000,3835.000,102.000,28.000,108.000,0.000,9.810,1
2026-01-31 17:48:54,7659577,2842.000,6849.000,3826.000,33.000,-62.000,306.000,0.000,9.810,1
2026-01-31 17:48:54,7659616,2814.000,6842.000,3815.000,-49.000,-45.000,302.000,0.000,9.810,1
2026-01-31 17:48:54,7659654,2999.000,6677.000,3819.000,-248.000,-93.000,249.000,0.000,9.810,1
2026-01-31 17:48:54,7659694,3051.000,6638.000,3886.000,-180.000,-93.000,184.000,0.000,9.810,1
2026-01-31 17:48:55,7659734,3085.000,6473.000,3850.000,-183.000,-44.000,226.000,0.000,9.810,1
2026-01-31 17:48:55,7659774,3105.000,6540.000,3771.000,19.000,-25.000,247.000,0.000,9.810,1
2026-01-31 17:48:55,7659814,3128.000,6438.000,3832.000,41.000,0.000,262.000,0.000,0.000,1
2026-01-31 17:48:55,7659854,3164.000,6422.000,3766.000,210.000,-3.000,283.000,0.000,0.000,1
2026-01-31 17:48:55,7659894,3141.000,6422.000,3821.000,439.000,5.000,249.000,0.000,0.000,1
2026-01-31 17:48:55,7659934,3175.000,6610.000,3756.000,726.000,41.000,294.000,0.000,0.000,1
2026-01-31 17:48:55,7659974,3195.000,7073.000,3655.000,768.000,32.000,172.000,0.000,0.000,1
2026-01-31 17:48:55,7660014,3367.000,7376.000,4066.000,-161.000,-57.000,-227.000,0.000,0.000,1
2026-01-31 17:48:55,7660054,2915.000,5831.000,3383.000,-2058.000,148.000,23.000,0.000,0.000,1
2026-01-31 17:48:55,7660094,3217.000,6497.000,3586.000,982.000,20.000,22.000,0.000,0.000,1
2026-01-31 17:48:55,7660134,3295.000,8281.000,3938.000,-1519.000,-16.000,-483.000,0.000,0.000,1
2026-01-31 17:48:55,7660174,3096.000,5614.000,3753.000,-2651.000,3.000,-604.000,0.000,0.000,1
2026-01-31 17:48:55,7660214,3115.000,5772.000,4170.000,-317.000,72.000,-777.000,0.000,0.000,1
2026-01-31 17:48:55,7660254,2860.000,5744.000,3789.000,627.000,237.000,-182.000,0.000,0.000,1
2026-01-31 17:48:55,7660294,2974.000,5842.000,3659.000,1985.000,121.000,429.000,0.000,0.000,1
2026-01-31 17:48:55,7660334,3273.000,7274.000,3943.000,3050.000,-47.000,837.000,0.000,0.000,1
2026-01-31 17:48:55,7660374,2928.000,7759.000,4008.000,1035.000,203.000,733.000,0.000,0.000,1
2026-01-31 17:48:55,7660414,3111.000,7048.000,3473.000,103.000,0.000,317.000,0.000,0.000,1
2026-01-31 17:48:55,7660454,3142.000,6828.000,3438.000,-278.000,-41.000,330.000,0.000,0.000,1
2026-01-31 17:48:55,7660494,3303.000,6480.000,3482.000,-371.000,-5.000,237.000,0.000,0.000,1
2026-01-31 17:48:55,7660534,3279.000,6627.000,3555.000,-103.000,95.000,66.000,0.000,0.000,1
2026-01-31 17:48:55,7660574,3229.000,6759.000,3550.000,-7.000,178.000,-20.000,0.000,0.000,1
2026-01-31 17:48:55,7660614,3075.000,6657.000,3540.000,-56.000,132.000,-43.000,0.000,0.000,1
2026-01-31 17:48:55,7660654,3126.000,6760.000,3583.000,3.000,80.000,54.000,0.000,0.000,1
2026-01-31 17:48:55,7660694,3140.000,6880.000,3592.000,-30.000,85.000,136.000,0.000,0.000,1
2026-01-31 17:48:56,7660734,3159.000,6821.000,3515.000,-131.000,61.000,214.000,0.000,0.000,1
2026-01-31 17:48:56,7660774,3208.000,6582.000,3497.000,-275.000,74.000,237.000,0.000,0.000,1
2026-01-31 17:48:56,7660814,3225.000,6550.000,3643.000,-260.000,92.000,187.000,0.000,129.490,1
2026-01-31 17:48:56,7660854,3209.000,6468.000,3750.000,-12.000,-5.000,138.000,0.000,129.490,1
2026-01-31 17:48:56,7660894,3209.000,6650.000,3704.000,28.000,18.000,91.000,0.000,129.490,1
2026-01-31 17:48:56,7660934,3258.000,6594.000,3615.000,48.000,5.000,143.000,0.000,129.490,1
2026-01-31 17:48:56,7660974,3271.000,6703.000,3585.000,62.000,46.000,151.000,0.000,129.490,1
2026-01-31 17:48:56,7661014,3260.000,6738.000,3610.000,-65.000,91.000,198.000,0.000,129.490,1
2026-01-31 17:48:56,7661054,3311.000,6722.000,3596.000,-55.000,21.000,183.000,0.000,129.490,1
2026-01-31 17:48:56,7661094,3384.000,6507.000,3679.000,87.000,4.000,111.000,0.000,129.490,1
2026-01-31 17:48:56,7661134,3255.000,6507.000,3668.000,135.000,27.000,61.000,0.000,129.490,1
2026-01-31 17:48:56,7661174,3141.000,6676.000,3736.000,99.000,0.000,165.000,0.000,129.490,1
2026-01-31 17:48:56,7661214,3165.000,6971.000,3697.000,95.000,-47.000,374.000,0.000,129.490,1
2026-01-31 17:48:56,7661254,3265.000,6782.000,3583.000,-187.000,-58.000,414.000,0.000,129.490,1
2026-01-31 17:48:56,7661294,3370.000,6367.000,3583.000,-382.000,-85.000,340.000,0.000,129.490,1
2026-01-31 17:48:56,7661334,3537.000,6143.000,3625.000,-258.000,-63.000,221.000,0.000,129.490,1
2026-01-31 17:48:56,7661374,3494.000,6376.000,3716.000,-44.000,66.000,95.000,0.000,129.490,1
2026-01-31 17:48:56,7661414,3420.000,6613.000,3757.000,262.000,6.000,53.000,0.000,129.490,1
2026-01-31 17:48:56,7661454,3383.000,6689.000,3698.000,48.000,-28.000,107.000,0.000,129.490,1
2026-01-31 17:48:56,7661494,3571.000,6279.000,3520.000,-142.000,49.000,91.000,0.000,129.490,1
2026-01-31 17:48:56,7661534,3620.000,6473.000,3551.000,200.000,95.000,42.000,0.000,129.490,1
2026-01-31 17:48:56,7661576,3428.000,6601.000,3640.000,179.000,96.000,117.000,0.000,129.490,1
2026-01-31 17:48:56,7661614,3237.000,6616.000,3784.000,112.000,36.000,154.000,0.000,129.490,1
2026-01-31 17:48:56,7661654,3313.000,6579.000,3781.000,-72.000,4.000,155.000,0.000,129.490,1
2026-01-31 17:48:56,7661694,3383.000,6489.000,3700.000,-100.000,-20.000,155.000,0.000,129.490,1
2026-01-31 17:48:57,7661734,3388.000,6439.000,3651.000,-6.000,-22.000,137.000,0.000,129.490,1
2026-01-31 17:48:57,7661774,3411.000,6497.000,3629.000,18.000,21.000,119.000,0.000,129.490,1
2026-01-31 17:48:57,7661814,3495.000,6512.000,3610.000,9.000,22.000,79.000,0.000,29.750,1
2026-01-31 17:48:57,7661854,3503.000,6445.000,3695.000,-58.000,-13.000,37.000,0.000,29.750,1
2026-01-31 17:48:57,7661894,3453.000,6541.000,3686.000,51.000,-43.000,67.000,0.000,29.750,1
2026-01-31 17:48:57,7661934,3417.000,6496.000,3679.000,-85.000,-46.000,105.000,0.000,29.750,1
2026-01-31 17:48:57,7661974,3512.000,6397.000,3687.000,-162.000,-65.000,121.000,0.000,29.750,1
2026-01-31 17:48:57,7662014,3477.000,6446.000,3670.000,-111.000,-63.000,132.000,0.000,29.750,1
2026-01-31 17:48:57,7662054,3540.000,6439.000,3694.000,-116.000,-63.000,131.000,0.000,29.750,1
2026-01-31 17:48:57,7662094,3522.000,6430.000,3682.000,-90.000,-37.000,92.000,0.000,29.750,1
2026-01-31 17:48:57,7662134,3532.000,6418.000,3697.000,-61.000,-54.000,88.000,0.000,29.750,1
2026-01-31 17:48:57,7662174,3523.000,6451.000,3682.000,-11.000,-46.000,116.000,0.000,29.750,1
2026-01-31 17:48:57,7662214,3549.000,6455.000,3694.000,-59.000,-47.000,98.000,0.000,29.750,1
2026-01-31 17:48:57,7662254,3603.000,6347.000,3717.000,-16.000,-65.000,122.000,0.000,29.750,1
2026-01-31 17:48:57,7662294,3596.000,6471.000,3688.000,70.000,-43.000,116.000,0.000,29.750,1
2026-01-31 17:48:57,7662334,3591.000,6440.000,3681.000,1.000,-45.000,113.000,0.000,29.750,1
2026-01-31 17:48:57,7662374,3591.000,6365.000,3675.000,-38.000,-60.000,103.000,0.000,29.750,1
2026-01-31 17:48:57,7662414,3634.000,6364.000,3678.000,21.000,-43.000,103.000,0.000,29.750,1
2026-01-31 17:48:57,7662454,3619.000,6451.000,3683.000,42.000,-20.000,105.000,0.000,29.750,1
2026-01-31 17:48:57,7662494,3610.000,6452.000,3705.000,-36.000,-33.000,101.000,0.000,29.750,1
2026-01-31 17:48:57,7662534,3607.000,6387.000,3668.000,-28.000,-26.000,88.000,0.000,29.750,1
2026-01-31 17:48:57,7662574,3641.000,6370.000,3680.000,-23.000,-27.000,97.000,0.000,29.750,1
2026-01-31 17:48:57,7662614,3649.000,6360.000,3692.000,-42.000,-37.000,82.000,0.000,29.750,1
2026-01-31 17:48:57,7662654,3649.000,6303.000,3663.000,-30.000,-49.000,63.000,0.000,29.750,1
2026-01-31 17:48:57,7662694,3702.000,6291.000,3627.000,32.000,-21.000,48.000,0.000,29.750,1
2026-01-31 17:48:58,7662734,3693.000,6384.000,3665.000,57.000,18.000,22.000,0.000,29.750,1
2026-01-31 17:48:58,7662774,3677.000,6387.000,3691.000,19.000,44.000,-7.000,0.000,29.750,1
2026-01-31 17:48:58,7662814,3639.000,6359.000,3677.000,20.000,47.000,-22.000,0.000,-2.450,1
2026-01-31 17:48:58,7662854,3635.000,6385.000,3688.000,29.000,45.000,-14.000,0.000,-2.450,1
2026-01-31 17:48:58,7662894,3633.000,6389.000,3695.000,32.000,36.000,-13.000,0.000,-2.450,1
2026-01-31 17:48:58,7662934,3604.000,6423.000,3699.000,49.000,29.000,-3.000,0.000,-2.450,1
2026-01-31 17:48:58,7662974,3608.000,6404.000,3693.000,14.000,15.000,3.000,0.000,-2.450,1
2026-01-31 17:48:58,7663014,3622.000,6396.000,3684.000,-3.000,9.000,9.000,0.000,-2.450,1
2026-01-31 17:48:58,7663054,3624.000,6405.000,3687.000,-2.000,5.000,10.000,0.000,-2.450,1
2026-01-31 17:48:58,7663094,3623.000,6392.000,3693.000,8.000,1.000,18.000,0.000,-2.450,1
2026-01-31 17:48:58,7663134,3649.000,6377.000,3670.000,-7.000,0.000,17.000,0.000,-2.450,1
2026-01-31 17:48:58,7663174,3642.000,6346.000,3683.000,-2.000,6.000,12.000,0.000,-2.450,1
2026-01-31 17:48:58,7663214,3648.000,6391.000,3694.000,25.000,21.000,-8.000,0.000,-2.450,1
2026-01-31 17:48:58,7663254,3581.000,6450.000,3679.000,19.000,18.000,14.000,0.000,-2.450,1
2026-01-31 17:48:58,7663294,3637.000,6387.000,3666.000,-42.000,7.000,23.000,0.000,-2.450,1
2026-01-31 17:48:58,7663337,3623.000,6393.000,3720.000,-27.000,10.000,0.000,0.000,-2.450,1
2026-01-31 17:48:58,7663377,3599.000,6383.000,3693.000,4.000,-2.000,7.000,0.000,-2.450,1
2026-01-31 17:48:58,7663414,3629.000,6366.000,3672.000,7.000,-3.000,14.000,0.000,-2.450,1
2026-01-31 17:48:58,7663454,3617.000,6402.000,3685.000,29.000,4.000,10.000,0.000,-2.450,1
2026-01-31 17:48:58,7663494,3620.000,6443.000,3702.000,-4.000,12.000,0.000,0.000,-2.450,1
2026-01-31 17:48:58,7663534,3609.000,6394.000,3702.000,-28.000,-1.000,25.000,0.000,-2.450,1
2026-01-31 17:48:58,7663574,3630.000,6357.000,3678.000,-27.000,-9.000,25.000,0.000,-2.450,1
2026-01-31 17:48:58,7663614,3649.000,6358.000,3688.000,-6.000,3.000,17.000,0.000,-2.450,1
2026-01-31 17:48:58,7663654,3596.000,6406.000,3705.000,3.000,7.000,0.000,0.000,-2.450,1
2026-01-31 17:48:58,7663694,3617.000,6385.000,3685.000,5.000,-1.000,20.000,0.000,-2.450,1
2026-01-31 17:48:59,7663734,3627.000,6385.000,3695.000,-8.000,1.000,19.000,0.000,-2.450,1
2026-01-31 17:48:59,7663774,3617.000,6396.000,3697.000,7.000,-2.000,16.000,0.000,-2.450,1
2026-01-31 17:48:59,7663814,3610.000,6391.000,3686.000,3.000,-9.000,17.000,0.000,-0.850,1
2026-01-31 17:48:59,7663854,3612.000,6386.000,3703.000,-3.000,-6.000,31.000,0.000,-0.850,1
2026-01-31 17:48:59,7663894,3626.000,6358.000,3700.000,27.000,-28.000,54.000,0.000,-0.850,1
2026-01-31 17:48:59,7663934,3672.000,6393.000,3664.000,81.000,-9.000,19.000,0.000,-0.850,1
2026-01-31 17:48:59,7663974,3647.000,6450.000,3698.000,237.000,19.000,74.000,0.000,-0.850,1
2026-01-31 17:48:59,7664014,3618.000,6432.000,3632.000,156.000,12.000,73.000,0.000,-0.850,1
2026-01-31 17:48:59,7664054,3663.000,6219.000,3610.000,196.000,21.000,71.000,0.000,-0.850,1
2026-01-31 17:48:59,7664094,3598.000,6520.000,3651.000,264.000,11.000,27.000,0.000,-0.850,1
2026-01-31 17:48:59,7664134,3664.000,6417.000,3558.000,154.000,0.000,46.000,0.000,-0.850,1
2026-01-31 17:48:59,7664174,3655.000,6473.000,3563.000,139.000,5.000,33.000,0.000,-0.850,1
2026-01-31 17:48:59,7664214,3630.000,6433.000,3641.000,53.000,13.000,44.000,0.000,-0.850,1
2026-01-31 17:48:59,7664254,3640.000,6445.000,3575.000,51.000,0.000,36.000,0.000,-0.850,1
2026-01-31 17:48:59,7664294,3637.000,6428.000,3576.000,17.000,6.000,32.000,0.000,-0.850,1
2026-01-31 17:48:59,7664334,3661.000,6448.000,3569.000,-8.000,7.000,17.000,0.000,-0.850,1
2026-01-31 17:48:59,7664374,3634.000,6410.000,3583.000,-67.000,35.000,-4.000,0.000,-0.850,1
2026-01-31 17:48:59,7664414,3653.000,6412.000,3575.000,-98.000,31.000,-19.000,0.000,-0.850,1
2026-01-31 17:48:59,7664454,3618.000,6391.000,3642.000,-100.000,25.000,1.000,0.000,-0.850,1
2026-01-31 17:48:59,7664494,3595.000,6451.000,3639.000,-23.000,-5.000,-3.000,0.000,-0.850,1
2026-01-31 17:48:59,7664534,3625.000,6391.000,3616.000,-27.000,-6.000,2.000,0.000,-0.850,1
2026-01-31 17:48:59,7664574,3639.000,6442.000,3598.000,8.000,-11.000,9.000,0.000,-0.850,1
2026-01-31 17:48:59,7664614,3644.000,6468.000,3594.000,-25.000,-12.000,8.000,0.000,-0.850,1
2026-01-31 17:48:59,7664654,3638.000,6435.000,3619.000,-108.000,-15.000,22.000,0.000,-0.850,1
2026-01-31 17:48:59,7664694,3643.000,6439.000,3604.000,-118.000,-18.000,6.000,0.000,-0.850,1
2026-01-31 17:49:00,7664734,3637.000,6314.000,3665.000,-118.000,-13.000,0.000,0.000,-0.850,1
2026-01-31 17:49:00,7664774,3595.000,6412.000,3654.000,-28.000,13.000,16.000,0.000,-0.850,1
2026-01-31 17:49:00,7664814,3658.000,6342.000,3647.000,47.000,-24.000,88.000,0.000,0.810,1
2026-01-31 17:49:00,7664854,3626.000,6434.000,3630.000,74.000,-14.000,31.000,0.000,0.810,1
2026-01-31 17:49:00,7664894,3605.000,6400.000,3603.000,53.000,-26.000,38.000,0.000,0.810,1
2026-01-31 17:49:00,7664934,3667.000,6422.000,3594.000,106.000,-6.000,50.000,0.000,0.810,1
2026-01-31 17:49:00,7664974,3652.000,6468.000,3624.000,58.000,-1.000,24.000,0.000,0.810,1
2026-01-31 17:49:00,7665014,3632.000,6396.000,3630.000,41.000,-12.000,61.000,0.000,0.810,1
2026-01-31 17:49:00,7665054,3661.000,6424.000,3577.000,79.000,-23.000,50.000,0.000,0.810,1
2026-01-31 17:49:00,7665094,3678.000,6400.000,3576.000,56.000,-12.000,42.000,0.000,0.810,1
2026-01-31 17:49:00,7665134,3634.000,6415.000,3610.000,30.000,5.000,16.000,0.000,0.810,1
2026-01-31 17:49:00,7665174,3662.000,6428.000,3582.000,87.000,-3.000,31.000,0.000,0.810,1
2026-01-31 17:49:00,7665214,3648.000,6447.000,3586.000,52.000,3.000,22.000,0.000,0.810,1
2026-01-31 17:49:00,7665254,3668.000,6438.000,3578.000,50.000,0.000,36.000,0.000,0.810,1
2026-01-31 17:49:00,7665294,3660.000,6435.000,3576.000,36.000,10.000,22.000,0.000,0.810,1
2026-01-31 17:49:00,7665334,3683.000,6456.000,3547.000,-2.000,11.000,9.000,0.000,0.810,1
2026-01-31 17:49:00,7665377,3636.000,6417.000,3598.000,-54.000,56.000,-51.000,0.000,0.810,1
2026-01-31 17:49:00,7665417,3668.000,6395.000,3575.000,-25.000,36.000,-25.000,0.000,0.810,1
2026-01-31 17:49:00,7665454,3678.000,6425.000,3585.000,-24.000,26.000,-47.000,0.000,0.810,1
2026-01-31 17:49:00,7665494,3651.000,6446.000,3588.000,-28.000,0.000,-83.000,0.000,0.810,1
2026-01-31 17:49:00,7665534,3616.000,6449.000,3610.000,-46.000,22.000,-47.000,0.000,0.810,1
2026-01-31 17:49:00,7665577,3615.000,6475.000,3591.000,-18.000,26.000,7.000,0.000,0.810,1
2026-01-31 17:49:00,7665614,3608.000,6479.000,3589.000,-54.000,36.000,1.000,0.000,0.810,1
2026-01-31 17:49:00,7665654,3614.000,6463.000,3630.000,-127.000,10.000,-6.000,0.000,0.810,1
2026-01-31 17:49:00,7665694,3615.000,6380.000,3622.000,-57.000,-12.000,-17.000,0.000,0.810,1
2026-01-31 17:49:01,7665734,3607.000,6411.000,3610.000,22.000,3.000,-8.000,0.000,0.810,1
2026-01-31 17:49:01,7665774,3596.000,6473.000,3627.000,19.000,5.000,-2.000,0.000,0.810,1
2026-01-31 17:49:01,7665814,3595.000,6433.000,3640.000,11.000,-24.000,0.000,0.000,4.860,1
2026-01-31 17:49:01,7665854,3618.000,6470.000,3624.000,37.000,-24.000,39.000,0.000,4.860,1
2026-01-31 17:49:01,7665894,3611.000,6437.000,3587.000,-41.000,-34.000,20.000,0.000,4.860,1
2026-01-31 17:49:01,7665934,3601.000,6375.000,3638.000,-58.000,-12.000,8.000,0.000,4.860,1
2026-01-31 17:49:01,7665974,3614.000,6396.000,3618.000,33.000,-12.000,27.000,0.000,4.860,1
2026-01-31 17:49:01,7666014,3588.000,6494.000,3604.000,43.000,-2.000,12.000,0.000,4.860,1
2026-01-31 17:49:01,7666054,3622.000,6429.000,3604.000,-10.000,-22.000,21.000,0.000,4.860,1
2026-01-31 17:49:01,7666094,3606.000,6401.000,3631.000,-2.000,-15.000,14.000,0.000,4.860,1
2026-01-31 17:49:01,7666134,3608.000,6448.000,3605.000,32.000,0.000,21.000,0.000,4.860,1
2026-01-31 17:49:01,7666174,3622.000,6451.000,3611.000,8.000,-9.000,20.000,0.000,4.860,1
2026-01-31 17:49:01,7666214,3628.000,6399.000,3623.000,-12.000,-14.000,22.000,0.000,4.860,1
2026-01-31 17:49:01,7666254,3607.000,6445.000,3617.000,23.000,-9.000,22.000,0.000,4.860,1
2026-01-31 17:49:01,7666294,3618.000,6427.000,3613.000,34.000,-15.000,35.000,0.000,4.860,1
2026-01-31 17:49:01,7666334,3624.000,6422.000,3593.000,61.000,-3.000,14.000,0.000,4.860,1
2026-01-31 17:49:01,7666374,3579.000,6498.000,3635.000,65.000,22.000,29.000,0.000,4.860,1
2026-01-31 17:49:01,7666414,3579.000,6502.000,3637.000,33.000,-3.000,69.000,0.000,4.860,1
2026-01-31 17:49:01,7666454,3616.000,6421.000,3593.000,33.000,-28.000,57.000,0.000,4.860,1
2026-01-31 17:49:01,7666494,3637.000,6427.000,3576.000,46.000,-33.000,67.000,0.000,4.860,1
2026-01-31 17:49:01,7666534,3650.000,6415.000,3575.000,37.000,-16.000,53.000,0.000,4.860,1
2026-01-31 17:49:01,7666574,3655.000,6439.000,3563.000,67.000,-15.000,53.000,0.000,4.860,1
2026-01-31 17:49:01,7666614,3639.000,6459.000,3585.000,28.000,5.000,52.000,0.000,4.860,1
2026-01-31 17:49:01,7666654,3631.000,6477.000,3602.000,23.000,-14.000,74.000,0.000,4.860,1
2026-01-31 17:49:01,7666694,3648.000,6434.000,3574.000,4.000,-32.000,89.000,0.000,4.860,1
2026-01-31 17:49:02,7666734,3657.000,6425.000,3561.000,13.000,-37.000,86.000,0.000,4.860,1
2026-01-31 17:49:02,7666774,3656.000,6424.000,3558.000,4.000,-26.000,73.000,0.000,4.860,1
2026-01-31 17:49:02,7666814,3665.000,6425.000,3564.000,4.000,-26.000,64.000,0.000,4.740,1
2026-01-31 17:49:02,7666854,3673.000,6432.000,3557.000,2.000,-35.000,71.000,0.000,4.740,1
2026-01-31 17:49:02,7666894,3670.000,6405.000,3585.000,-16.000,-32.000,74.000,0.000,4.740,1
2026-01-31 17:49:02,7666934,3683.000,6419.000,3556.000,-6.000,-37.000,71.000,0.000,4.740,1
2026-01-31 17:49:02,7666974,3685.000,6408.000,3547.000,-24.000,-34.000,69.000,0.000,4.740,1
2026-01-31 17:49:02,7667014,3701.000,6372.000,3559.000,-33.000,-43.000,62.000,0.000,4.740,1
2026-01-31 17:49:02,7667054,3733.000,6403.000,3528.000,-24.000,-32.000,51.000,0.000,4.740,1
2026-01-31 17:49:02,7667094,3692.000,6373.000,3593.000,-40.000,4.000,43.000,0.000,4.740,1
2026-01-31 17:49:02,7667134,3675.000,6526.000,3549.000,31.000,-25.000,74.000,0.000,4.740,1
2026-01-31 17:49:02,7667174,3699.000,6379.000,3559.000,-81.000,-14.000,52.000,0.000,4.740,1
2026-01-31 17:49:02,7667214,3713.000,6352.000,3595.000,-19.000,3.000,49.000,0.000,4.740,1
2026-01-31 17:49:02,7667254,3699.000,6389.000,3557.000,10.000,-9.000,35.000,0.000,4.740,1
2026-01-31 17:49:02,7667294,3735.000,6296.000,3507.000,-3.000,0.000,-12.000,0.000,4.740,1
2026-01-31 17:49:02,7667334,3741.000,6351.000,3538.000,12.000,40.000,-24.000,0.000,4.740,1
2026-01-31 17:49:02,7667374,3725.000,6437.000,3580.000,34.000,42.000,-32.000,0.000,4.740,1
2026-01-31 17:49:02,7667414,3682.000,6416.000,3606.000,-10.000,42.000,-35.000,0.000,4.740,1
2026-01-31 17:49:02,7667454,3680.000,6401.000,3589.000,6.000,24.000,-6.000,0.000,4.740,1
2026-01-31 17:49:02,7667494,3701.000,6378.000,3553.000,15.000,21.000,6.000,0.000,4.740,1
2026-01-31 17:49:02,7667534,3690.000,6390.000,3557.000,8.000,26.000,-11.000,0.000,4.740,1
2026-01-31 17:49:02,7667577,3691.000,6413.000,3574.000,17.000,41.000,-36.000,0.000,4.740,1
2026-01-31 17:49:02,7667614,3678.000,6405.000,3576.000,14.000,36.000,-35.000,0.000,4.740,1
2026-01-31 17:49:02,7667654,3673.000,6413.000,3596.000,23.000,33.000,-19.000,0.000,4.740,1
2026-01-31 17:49:02,7667694,3672.000,6434.000,3570.000,18.000,29.000,-16.000,0.000,4.740,1
2026-01-31 17:49:03,7667734,3659.000,6422.000,3579.000,11.000,26.000,-15.000,0.000,4.740,1
2026-01-31 17:49:03,7667774,3672.000,6409.000,3563.000,16.000,19.000,-8.000,0.000,4.740,1
2026-01-31 17:49:03,7667814,3689.000,6413.000,3573.000,27.000,29.000,-13.000,0.000,-1.910,1
2026-01-31 17:49:03,7667854,3651.000,6448.000,3567.000,23.000,32.000,-32.000,0.000,-1.910,1
2026-01-31 17:49:03,7667894,3619.000,6475.000,3578.000,8.000,32.000,-20.000,0.000,-1.910,1
2026-01-31 17:49:03,7667934,3638.000,6432.000,3572.000,-1.000,20.000,20.000,0.000,-1.910,1
2026-01-31 17:49:03,7667974,3657.000,6442.000,3592.000,5.000,14.000,3.000,0.000,-1.910,1
2026-01-31 17:49:03,7668014,3642.000,6430.000,3572.000,10.000,1.000,7.000,0.000,-1.910,1
2026-01-31 17:49:03,7668054,3652.000,6411.000,3555.000,14.000,1.000,17.000,0.000,-1.910,1
2026-01-31 17:49:03,7668094,3676.000,6436.000,3570.000,-2.000,5.000,1.000,0.000,-1.910,1
2026-01-31 17:49:03,7668134,3644.000,6493.000,3574.000,28.000,20.000,-15.000,0.000,-1.910,1
2026-01-31 17:49:03,7668174,3637.000,6462.000,3588.000,4.000,26.000,-6.000,0.000,-1.910,1
2026-01-31 17:49:03,7668214,3635.000,6444.000,3580.000,11.000,21.000,-9.000,0.000,-1.910,1
2026-01-31 17:49:03,7668254,3639.000,6443.000,3572.000,-6.000,21.000,-12.000,0.000,-1.910,1
2026-01-31 17:49:03,7668294,3629.000,6414.000,3582.000,-3.000,7.000,4.000,0.000,-1.910,1
2026-01-31 17:49:03,7668334,3639.000,6441.000,3577.000,13.000,6.000,2.000,0.000,-1.910,1
2026-01-31 17:49:03,7668374,3631.000,6458.000,3578.000,2.000,12.000,2.000,0.000,-1.910,1
2026-01-31 17:49:03,7668414,3632.000,6451.000,3579.000,3.000,4.000,11.000,0.000,-1.910,1
2026-01-31 17:49:03,7668454,3622.000,6446.000,3577.000,-2.000,5.000,8.000,0.000,-1.910,1
2026-01-31 17:49:03,7668494,3622.000,6439.000,3578.000,-3.000,-2.000,14.000,0.000,-1.910,1
2026-01-31 17:49:03,7668534,3638.000,6447.000,3586.000,-3.000,-5.000,21.000,0.000,-1.910,1
2026-01-31 17:49:03,7668574,3641.000,6391.000,3569.000,-3.000,-4.000,10.000,0.000,-1.910,1
2026-01-31 17:49:03,7668614,3623.000,6467.000,3570.000,21.000,15.000,-3.000,0.000,-1.910,1
2026-01-31 17:49:03,7668654,3606.000,6504.000,3579.000,-5.000,10.000,19.000,0.000,-1.910,1
2026-01-31 17:49:03,7668694,3639.000,6410.000,3590.000,-28.000,-3.000,26.000,0.000,-1.910,1
2026-01-31 17:49:04,7668734,3606.000,6456.000,3595.000,2.000,-7.000,19.000,0.000,-1.910,1
2026-01-31 17:49:04,7668774,3625.000,6436.000,3580.000,2.000,-16.000,33.000,0.000,-1.910,1
2026-01-31 17:49:04,7668814,3622.000,6468.000,3583.000,20.000,-22.000,31.000,0.000,0.000,1
2026-01-31 17:49:04,7668854,3615.000,6472.000,3594.000,-3.000,-21.000,43.000,0.000,0.000,1
2026-01-31 17:49:04,7668894,3621.000,6475.000,3593.000,-7.000,-30.000,55.000,0.000,0.000,1
2026-01-31 17:49:04,7668934,3639.000,6432.000,3583.000,-18.000,-36.000,64.000,0.000,0.000,1
2026-01-31 17:49:04,7668974,3650.000,6411.000,3573.000,-21.000,-38.000,55.000,0.000,0.000,1
2026-01-31 17:49:04,7669014,3647.000,6425.000,3587.000,-13.000,-35.000,49.000,0.000,0.000,1
2026-01-31 17:49:04,7669054,3649.000,6430.000,3565.000,1.000,-34.000,49.000,0.000,0.000,1
2026-01-31 17:49:04,7669094,3653.000,6428.000,3577.000,-9.000,-33.000,54.000,0.000,0.000,1
2026-01-31 17:49:04,7669134,3662.000,6442.000,3583.000,-18.000,-36.000,54.000,0.000,0.000,1
2026-01-31 17:49:04,7669174,3661.000,6441.000,3566.000,-10.000,-37.000,51.000,0.000,0.000,1
2026-01-31 17:49:04,7669214,3654.000,6420.000,3574.000,-24.000,-38.000,51.000,0.000,0.000,1
2026-01-31 17:49:04,7669254,3690.000,6400.000,3571.000,-18.000,-43.000,53.000,0.000,0.000,1
2026-01-31 17:49:04,7669294,3692.000,6421.000,3584.000,-5.000,-28.000,50.000,0.000,0.000,1
2026-01-31 17:49:04,7669334,3679.000,6450.000,3581.000,-7.000,-24.000,44.000,0.000,0.000,1
2026-01-31 17:49:04,7669374,3655.000,6446.000,3563.000,-23.000,-24.000,53.000,0.000,0.000,1
2026-01-31 17:49:04,7669414,3696.000,6378.000,3561.000,-50.000,-35.000,80.000,0.000,0.000,1
2026-01-31 17:49:04,7669454,3720.000,6387.000,3589.000,-30.000,-31.000,53.000,0.000,0.000,1
2026-01-31 17:49:04,7669494,3662.000,6350.000,3552.000,-27.000,-58.000,95.000,0.000,0.000,1
2026-01-31 17:49:04,7669534,3716.000,6372.000,3536.000,2.000,-33.000,50.000,0.000,0.000,1
2026-01-31 17:49:04,7669577,3723.000,6406.000,3588.000,-18.000,-13.000,20.000,0.000,0.000,1
2026-01-31 17:49:04,7669614,3714.000,6406.000,3596.000,-16.000,-15.000,17.000,0.000,0.000,1
2026-01-31 17:49:04,7669654,3711.000,6398.000,3569.000,-25.000,-8.000,36.000,0.000,0.000,1
2026-01-31 17:49:04,7669694,3739.000,6343.000,3552.000,-29.000,-10.000,25.000,0.000,0.000,1
2026-01-31 17:49:05,7669734,3731.000,6346.000,3561.000,7.000,10.000,-2.000,0.000,0.000,1
2026-01-31 17:49:05,7669774,3708.000,6405.000,3569.000,10.000,21.000,-19.000,0.000,0.000,1
2026-01-31 17:49:05,7669814,3695.000,6407.000,3594.000,3.000,20.000,-17.000,0.000,0.000,1
2026-01-31 17:49:05,7669854,3694.000,6412.000,3599.000,11.000,18.000,-9.000,0.000,0.000,1
2026-01-31 17:49:05,7669894,3679.000,6399.000,3572.000,-3.000,25.000,-11.000,0.000,0.000,1
2026-01-31 17:49:05,7669934,3692.000,6397.000,3583.000,-1.000,20.000,-6.000,0.000,0.000,1
2026-01-31 17:49:05,7669974,3700.000,6384.000,3569.000,-2.000,14.000,-9.000,0.000,0.000,1
2026-01-31 17:49:05,7670014,3701.000,6392.000,3595.000,2.000,28.000,-18.000,0.000,0.000,1
2026-01-31 17:49:05,7670054,3684.000,6417.000,3598.000,16.000,34.000,-28.000,0.000,0.000,1
2026-01-31 17:49:05,7670094,3658.000,6462.000,3588.000,15.000,36.000,-18.000,0.000,0.000,1
2026-01-31 17:49:05,7670134,3662.000,6415.000,3582.000,-17.000,25.000,4.000,0.000,0.000,1
2026-01-31 17:49:05,7670174,3681.000,6382.000,3596.000,-13.000,21.000,-4.000,0.000,0.000,1
2026-01-31 17:49:05,7670214,3658.000,6416.000,3608.000,12.000,12.000,-19.000,0.000,0.000,1
2026-01-31 17:49:05,7670254,3677.000,6401.000,3565.000,29.000,13.000,-12.000,0.000,0.000,1
2026-01-31 17:49:05,7670294,3668.000,6411.000,3584.000,19.000,25.000,-16.000,0.000,0.000,1
2026-01-31 17:49:05,7670334,3657.000,6443.000,3607.000,7.000,27.000,-23.000,0.000,0.000,1
2026-01-31 17:49:05,7670374,3643.000,6444.000,3603.000,12.000,24.000,-11.000,0.000,0.000,1
2026-01-31 17:49:05,7670414,3644.000,6426.000,3598.000,-4.000,17.000,6.000,0.000,0.000,1
2026-01-31 17:49:05,7670454,3651.000,6410.000,3584.000,-1.000,13.000,1.000,0.000,0.000,1
2026-01-31 17:49:05,7670494,3645.000,6425.000,3590.000,11.000,15.000,-9.000,0.000,0.000,1
2026-01-31 17:49:05,7670534,3637.000,6430.000,3589.000,2.000,9.000,-5.000,0.000,0.000,1
2026-01-31 17:49:05,7670574,3642.000,6427.000,3593.000,3.000,11.000,-2.000,0.000,0.000,1
2026-01-31 17:49:05,7670614,3647.000,6435.000,3597.000,12.000,16.000,-2.000,0.000,0.000,1
2026-01-31 17:49:05,7670654,3631.000,6433.000,3593.000,7.000,15.000,1.000,0.000,0.000,1
2026-01-31 17:49:05,7670694,3624.000,6429.000,3601.000,0.000,10.000,0.000,0.000,0.000,1
2026-01-31 17:49:06,7670734,3634.000,6426.000,3597.000,-5.000,13.000,2.000,0.000,0.000,1
2026-01-31 17:49:06,7670774,3640.000,6411.000,3600.000,14.000,4.000,10.000,0.000,0.000,1
2026-01-31 17:49:06,7670814,3632.000,6431.000,3583.000,26.000,10.000,-13.000,0.000,0.000,1
2026-01-31 17:49:06,7670854,3599.000,6479.000,3598.000,13.000,20.000,-6.000,0.000,0.000,1
2026-01-31 17:49:06,7670894,3614.000,6461.000,3591.000,-3.000,7.000,25.000,0.000,0.000,1
2026-01-31 17:49:06,7670934,3640.000,6415.000,3591.000,-18.000,3.000,12.000,0.000,0.000,1
2026-01-31 17:49:06,7670974,3605.000,6421.000,3615.000,-4.000,-1.000,0.000,0.000,0.000,1
2026-01-31 17:49:06,7671014,3633.000,6420.000,3579.000,17.000,-5.000,13.000,0.000,0.000,1
2026-01-31 17:49:06,7671054,3620.000,6433.000,3581.000,20.000,7.000,2.000,0.000,0.000,1
2026-01-31 17:49:06,7671094,3621.000,6470.000,3596.000,4.000,13.000,-2.000,0.000,0.000,1
2026-01-31 17:49:06,7671134,3614.000,6463.000,3614.000,-2.000,12.000,8.000,0.000,0.000,1
2026-01-31 17:49:06,7671174,3613.000,6434.000,3600.000,-5.000,2.000,19.000,0.000,0.000,1
2026-01-31 17:49:06,7671214,3626.000,6425.000,3588.000,3.000,5.000,13.000,0.000,0.000,1
2026-01-31 17:49:06,7671254,3610.000,6437.000,3584.000,2.000,-1.000,9.000,0.000,0.000,1
2026-01-31 17:49:06,7671294,3621.000,6439.000,3587.000,7.000,2.000,13.000,0.000,0.000,1
2026-01-31 17:49:06,7671334,3619.000,6450.000,3591.000,11.000,1.000,16.000,0.000,0.000,1
2026-01-31 17:49:06,7671374,3608.000,6453.000,3598.000,-2.000,1.000,14.000,0.000,0.000,1
2026-01-31 17:49:06,7671417,3618.000,6445.000,3591.000,-6.000,3.000,13.000,0.000,0.000,1
2026-01-31 17:49:06,7671457,3609.000,6449.000,3598.000,4.000,3.000,12.000,0.000,0.000,1
2026-01-31 17:49:06,7671494,3611.000,6443.000,3591.000,6.000,-1.000,15.000,0.000,0.000,1
2026-01-31 17:49:06,7671534,3606.000,6438.000,3595.000,-5.000,-5.000,18.000,0.000,0.000,1
2026-01-31 17:49:06,7671579,3638.000,6420.000,3585.000,8.000,-10.000,22.000,0.000,0.000,1
2026-01-31 17:49:06,7671614,3632.000,6411.000,3578.000,10.000,-4.000,11.000,0.000,0.000,1
2026-01-31 17:49:06,7671654,3587.000,6509.000,3592.000,15.000,16.000,3.000,0.000,0.000,1
2026-01-31 17:49:06,7671694,3592.000,6489.000,3615.000,-31.000,-5.000,45.000,0.000,0.000,1
2026-01-31 17:49:07,7671734,3622.000,6403.000,3614.000,-29.000,-20.000,41.000,0.000,0.000,1
2026-01-31 17:49:07,7671774,3602.000,6420.000,3603.000,-3.000,-24.000,31.000,0.000,0.000,1
2026-01-31 17:49:07,7671814,3647.000,6416.000,3569.000,9.000,-33.000,39.000,0.000,0.000,1
2026-01-31 17:49:07,7671854,3646.000,6439.000,3573.000,7.000,-16.000,26.000,0.000,0.000,1
2026-01-31 17:49:07,7671894,3612.000,6472.000,3606.000,2.000,-6.000,18.000,0.000,0.000,1
2026-01-31 17:49:07,7671934,3605.000,6476.000,3626.000,-11.000,-14.000,36.000,0.000,0.000,1
2026-01-31 17:49:07,7671974,3625.000,6434.000,3604.000,-16.000,-33.000,64.000,0.000,0.000,1
2026-01-31 17:49:07,7672014,3639.000,6409.000,3589.000,-16.000,-39.000,52.000,0.000,0.000,1
2026-01-31 17:49:07,7672054,3635.000,6431.000,3581.000,-8.000,-36.000,42.000,0.000,0.000,1
2026-01-31 17:49:07,7672094,3645.000,6426.000,3581.000,-9.000,-35.000,45.000,0.000,0.000,1
2026-01-31 17:49:07,7672134,3662.000,6422.000,3583.000,-5.000,-32.000,46.000,0.000,0.000,1
2026-01-31 17:49:07,7672174,3647.000,6430.000,3591.000,-17.000,-22.000,38.000,0.000,0.000,1
2026-01-31 17:49:07,7672214,3647.000,6415.000,3598.000,-15.000,-29.000,45.000,0.000,0.000,1
2026-01-31 17:49:07,7672254,3657.000,6418.000,3591.000,-6.000,-27.000,51.000,0.000,0.000,1
2026-01-31 17:49:07,7672294,3649.000,6421.000,3584.000,-12.000,-24.000,49.000,0.000,0.000,1
2026-01-31 17:49:07,7672334,3654.000,6414.000,3588.000,-11.000,-24.000,46.000,0.000,0.000,1
2026-01-31 17:49:07,7672374,3670.000,6403.000,3580.000,-7.000,-39.000,42.000,0.000,0.000,1
2026-01-31 17:49:07,7672414,3686.000,6424.000,3595.000,-5.000,-19.000,40.000,0.000,0.000,1
2026-01-31 17:49:07,7672454,3670.000,6443.000,3604.000,-6.000,-20.000,36.000,0.000,0.000,1
2026-01-31 17:49:07,7672494,3646.000,6419.000,3574.000,-25.000,-6.000,59.000,0.000,0.000,1
2026-01-31 17:49:07,7672534,3692.000,6347.000,3593.000,-38.000,-15.000,56.000,0.000,0.000,1
2026-01-31 17:49:07,7672574,3692.000,6417.000,3613.000,-5.000,-11.000,16.000,0.000,0.000,1
2026-01-31 17:49:07,7672614,3630.000,6402.000,3596.000,-8.000,1.000,11.000,0.000,0.000,1
2026-01-31 17:49:07,7672654,3686.000,6380.000,3568.000,14.000,-5.000,26.000,0.000,0.000,1
2026-01-31 17:49:07,7672694,3698.000,6414.000,3586.000,10.000,6.000,5.000,0.000,0.000,1
2026-01-31 17:49:08,7672734,3689.000,6411.000,3612.000,-4.000,15.000,-3.000,0.000,0.000,1
2026-01-31 17:49:08,7672774,3667.000,6416.000,3599.000,10.000,8.000,14.000,0.000,0.000,1
2026-01-31 17:49:08,7672814,3682.000,6383.000,3589.000,-7.000,6.000,16.000,0.000,0.000,1
2026-01-31 17:49:08,7672854,3674.000,6390.000,3601.000,5.000,9.000,7.000,0.000,0.000,1
2026-01-31 17:49:08,7672894,3674.000,6414.000,3583.000,16.000,7.000,2.000,0.000,0.000,1
2026-01-31 17:49:08,7672934,3676.000,6409.000,3582.000,2.000,11.000,1.000,0.000,0.000,1
2026-01-31 17:49:08,7672974,3679.000,6400.000,3602.000,-2.000,20.000,-9.000,0.000,0.000,1
2026-01-31 17:49:08,7673014,3657.000,6419.000,3609.000,8.000,20.000,-13.000,0.000,0.000,1
2026-01-31 17:49:08,7673054,3662.000,6423.000,3602.000,2.000,18.000,-5.000,0.000,0.000,1
2026-01-31 17:49:08,7673094,3652.000,6404.000,3597.000,3.000,20.000,-5.000,0.000,0.000,1
2026-01-31 17:49:08,7673134,3646.000,6424.000,3597.000,9.000,20.000,-6.000,0.000,0.000,1
2026-01-31 17:49:08,7673174,3646.000,6409.000,3601.000,3.000,9.000,-2.000,0.000,0.000,1
2026-01-31 17:49:08,7673214,3677.000,6408.000,3605.000,3.000,14.000,-6.000,0.000,0.000,1
2026-01-31 17:49:08,7673254,3652.000,6417.000,3597.000,16.000,19.000,-12.000,0.000,0.000,1
2026-01-31 17:49:08,7673294,3633.000,6464.000,3600.000,14.000,28.000,-17.000,0.000,0.000,1
2026-01-31 17:49:08,7673334,3633.000,6410.000,3600.000,-22.000,16.000,14.000,0.000,0.000,1
2026-01-31 17:49:08,7673377,3632.000,6418.000,3624.000,-1.000,12.000,-10.000,0.000,0.000,1
2026-01-31 17:49:08,7673416,3622.000,6413.000,3620.000,6.000,8.000,-5.000,0.000,0.000,1
2026-01-31 17:49:08,7673457,3651.000,6421.000,3575.000,15.000,7.000,1.000,0.000,0.000,1
2026-01-31 17:49:08,7673494,3643.000,6424.000,3591.000,8.000,15.000,-2.000,0.000,0.000,1
2026-01-31 17:49:08,7673534,3646.000,6450.000,3611.000,7.000,15.000,-8.000,0.000,0.000,1
2026-01-31 17:49:08,7673577,3622.000,6449.000,3614.000,-3.000,18.000,-2.000,0.000,0.000,1
2026-01-31 17:49:08,7673616,3624.000,6433.000,3614.000,-2.000,12.000,7.000,0.000,0.000,1
2026-01-31 17:49:08,7673654,3619.000,6415.000,3603.000,-4.000,12.000,6.000,0.000,0.000,1
2026-01-31 17:49:08,7673694,3630.000,6428.000,3605.000,0.000,0.000,6.000,0.000,0.000,1
2026-01-31 17:49:09,7673734,3628.000,6430.000,3600.000,1.000,0.000,7.000,0.000,0.000,1
2026-01-31 17:49:09,7673774,3627.000,6429.000,3599.000,-1.000,9.000,3.000,0.000,0.000,1
2026-01-31 17:49:09,7673814,3622.000,6442.000,3604.000,-1.000,16.000,1.000,0.000,0.000,1
2026-01-31 17:49:09,7673854,3613.000,6433.000,3618.000,-2.000,13.000,0.000,0.000,0.000,1
2026-01-31 17:49:09,7673894,3614.000,6435.000,3600.000,7.000,2.000,15.000,0.000,0.000,1
2026-01-31 17:49:09,7673934,3616.000,6426.000,3605.000,1.000,6.000,10.000,0.000,0.000,1
2026-01-31 17:49:09,7673974,3619.000,6440.000,3608.000,5.000,2.000,11.000,0.000,0.000,1
2026-01-31 17:49:09,7674014,3610.000,6432.000,3610.000,3.000,2.000,13.000,0.000,0.000,1
2026-01-31 17:49:09,7674054,3625.000,6451.000,3607.000,-1.000,-8.000,22.000,0.000,0.000,1
2026-01-31 17:49:09,7674094,3631.000,6404.000,3594.000,7.000,1.000,5.000,0.000,0.000,1
2026-01-31 17:49:09,7674134,3592.000,6471.000,3603.000,17.000,19.000,-4.000,0.000,0.000,1
2026-01-31 17:49:09,7674174,3599.000,6463.000,3610.000,-8.000,12.000,25.000,0.000,0.000,1
2026-01-31 17:49:09,7674214,3627.000,6405.000,3611.000,-20.000,8.000,9.000,0.000,0.000,1
2026-01-31 17:49:09,7674254,3588.000,6437.000,3628.000,7.000,5.000,-2.000,0.000,0.000,1
2026-01-31 17:49:09,7674294,3604.000,6431.000,3604.000,14.000,-15.000,21.000,0.000,0.000,1
2026-01-31 17:49:09,7674334,3639.000,6428.000,3589.000,1.000,-6.000,21.000,0.000,0.000,1
2026-01-31 17:49:09,7674374,3616.000,6437.000,3596.000,8.000,3.000,5.000,0.000,0.000,1
2026-01-31 17:49:09,7674414,3602.000,6458.000,3616.000,4.000,12.000,5.000,0.000,0.000,1
2026-01-31 17:49:09,7674454,3607.000,6433.000,3617.000,-5.000,-4.000,25.000,0.000,0.000,1
2026-01-31 17:49:09,7674494,3617.000,6412.000,3608.000,-7.000,-8.000,18.000,0.000,0.000,1
2026-01-31 17:49:09,7674534,3601.000,6441.000,3607.000,0.000,-4.000,16.000,0.000,0.000,1
2026-01-31 17:49:09,7674574,3609.000,6438.000,3604.000,5.000,-11.000,25.000,0.000,0.000,1
2026-01-31 17:49:09,7674614,3611.000,6461.000,3606.000,2.000,-8.000,27.000,0.000,0.000,1
2026-01-31 17:49:09,7674654,3611.000,6453.000,3628.000,-9.000,-10.000,34.000,0.000,0.000,1
2026-01-31 17:49:09,7674694,3603.000,6447.000,3620.000,-5.000,-13.000,35.000,0.000,0.000,1
2026-01-31 17:49:10,7674734,3601.000,6429.000,3610.000,-1.000,-21.000,42.000,0.000,0.000,1
2026-01-31 17:49:10,7674774,3621.000,6428.000,3598.000,0.000,-25.000,45.000,0.000,0.000,1
2026-01-31 17:49:10,7674814,3616.000,6431.000,3610.000,-5.000,-24.000,42.000,0.000,0.000,1
2026-01-31 17:49:10,7674854,3626.000,6440.000,3619.000,3.000,-24.000,39.000,0.000,0.000,1
2026-01-31 17:49:10,7674894,3641.000,6433.000,3607.000,-1.000,-28.000,40.000,0.000,0.000,1
2026-01-31 17:49:10,7674934,3642.000,6416.000,3612.000,-7.000,-28.000,46.000,0.000,0.000,1
2026-01-31 17:49:10,7674974,3622.000,6441.000,3610.000,9.000,-14.000,29.000,0.000,0.000,1
2026-01-31 17:49:10,7675014,3597.000,6477.000,3601.000,0.000,-15.000,42.000,0.000,0.000,1
2026-01-31 17:49:10,7675054,3640.000,6399.000,3605.000,-32.000,-33.000,73.000,0.000,0.000,1
2026-01-31 17:49:10,7675094,3660.000,6395.000,3609.000,-17.000,-29.000,42.000,0.000,0.000,1
2026-01-31 17:49:10,7675134,3628.000,6422.000,3616.000,-8.000,-37.000,36.000,0.000,0.000,1
2026-01-31 17:49:10,7675174,3646.000,6396.000,3572.000,7.000,-43.000,51.000,0.000,0.000,1
2026-01-31 17:49:10,7675214,3663.000,6428.000,3593.000,9.000,-24.000,39.000,0.000,0.000,1
2026-01-31 17:49:10,7675254,3654.000,6443.000,3623.000,-7.000,-13.000,32.000,0.000,0.000,1
2026-01-31 17:49:10,7675294,3639.000,6439.000,3613.000,-8.000,-18.000,43.000,0.000,0.000,1
2026-01-31 17:49:10,7675334,3661.000,6403.000,3602.000,-20.000,-31.000,56.000,0.000,0.000,1
2026-01-31 17:49:10,7675374,3668.000,6388.000,3595.000,-16.000,-28.000,47.000,0.000,0.000,1
2026-01-31 17:49:10,7675414,3672.000,6405.000,3589.000,-6.000,-24.000,40.000,0.000,0.000,1
2026-01-31 17:49:10,7675454,3675.000,6387.000,3584.000,-11.000,-26.000,36.000,0.000,0.000,1
2026-01-31 17:49:10,7675494,3694.000,6405.000,3587.000,-3.000,-16.000,30.000,0.000,0.000,1
2026-01-31 17:49:10,7675534,3683.000,6399.000,3600.000,-6.000,-11.000,29.000,0.000,0.000,1
2026-01-31 17:49:10,7675574,3670.000,6388.000,3594.000,-12.000,-14.000,23.000,0.000,0.000,1
2026-01-31 17:49:10,7675614,3690.000,6398.000,3575.000,-1.000,-4.000,19.000,0.000,0.000,1
2026-01-31 17:49:10,7675654,3677.000,6392.000,3589.000,1.000,5.000,14.000,0.000,0.000,1
2026-01-31 17:49:10,7675694,3666.000,6383.000,3603.000,5.000,2.000,10.000,0.000,0.000,1
2026-01-31 17:49:11,7675734,3699.000,6392.000,3588.000,16.000,2.000,4.000,0.000,0.000,1
2026-01-31 17:49:11,7675774,3676.000,6419.000,3609.000,14.000,11.000,4.000,0.000,0.000,1
2026-01-31 17:49:11,7675814,3662.000,6433.000,3585.000,17.000,14.000,16.000,0.000,14.150,1
2026-01-31 17:49:11,7675854,3650.000,6401.000,3573.000,-6.000,10.000,19.000,0.000,14.150,1
2026-01-31 17:49:11,7675894,3703.000,6359.000,3597.000,-18.000,9.000,14.000,0.000,14.150,1
2026-01-31 17:49:11,7675934,3670.000,6421.000,3624.000,7.000,17.000,-21.000,0.000,14.150,1
2026-01-31 17:49:11,7675974,3645.000,6383.000,3577.000,15.000,7.000,-4.000,0.000,14.150,1
2026-01-31 17:49:11,7676014,3681.000,6428.000,3577.000,22.000,11.000,8.000,0.000,14.150,1
2026-01-31 17:49:11,7676054,3664.000,6440.000,3611.000,3.000,13.000,-4.000,0.000,14.150,1
2026-01-31 17:49:11,7676094,3657.000,6446.000,3617.000,5.000,20.000,-9.000,0.000,14.150,1
2026-01-31 17:49:11,7676134,3642.000,6425.000,3594.000,4.000,13.000,6.000,0.000,14.150,1
2026-01-31 17:49:11,7676174,3650.000,6408.000,3605.000,-7.000,10.000,8.000,0.000,14.150,1
2026-01-31 17:49:11,7676214,3649.000,6413.000,3609.000,5.000,10.000,0.000,0.000,14.150,1
2026-01-31 17:49:11,7676254,3645.000,6426.000,3597.000,10.000,8.000,1.000,0.000,14.150,1
2026-01-31 17:49:11,7676294,3647.000,6428.000,3597.000,8.000,7.000,9.000,0.000,14.150,1
2026-01-31 17:49:11,7676334,3636.000,6430.000,3601.000,3.000,9.000,7.000,0.000,14.150,1
2026-01-31 17:49:11,7676374,3639.000,6415.000,3602.000,0.000,4.000,11.000,0.000,14.150,1
2026-01-31 17:49:11,7676414,3651.000,6412.000,3598.000,-4.000,7.000,12.000,0.000,14.150,1
2026-01-31 17:49:11,7676454,3641.000,6413.000,3596.000,2.000,4.000,7.000,0.000,14.150,1
2026-01-31 17:49:11,7676494,3640.000,6430.000,3619.000,5.000,4.000,8.000,0.000,14.150,1
2026-01-31 17:49:11,7676534,3656.000,6419.000,3608.000,12.000,-1.000,12.000,0.000,14.150,1
2026-01-31 17:49:11,7676574,3662.000,6397.000,3604.000,9.000,1.000,17.000,0.000,14.150,1
2026-01-31 17:49:11,7676614,3652.000,6430.000,3592.000,16.000,10.000,-5.000,0.000,14.150,1
2026-01-31 17:49:11,7676654,3606.000,6475.000,3592.000,13.000,19.000,6.000,0.000,14.150,1
2026-01-31 17:49:11,7676694,3636.000,6407.000,3598.000,-30.000,4.000,26.000,0.000,14.150,1
2026-01-31 17:49:12,7676734,3620.000,6421.000,3628.000,-15.000,7.000,1.000,0.000,14.150,1
2026-01-31 17:49:12,7676774,3607.000,6420.000,3599.000,20.000,-13.000,15.000,0.000,14.150,1
2026-01-31 17:49:12,7676814,3650.000,6435.000,3575.000,13.000,-5.000,15.000,0.000,7.820,1
2026-01-31 17:49:12,7676854,3643.000,6440.000,3598.000,3.000,0.000,7.000,0.000,7.820,1
2026-01-31 17:49:12,7676894,3640.000,6467.000,3617.000,-6.000,7.000,3.000,0.000,7.820,1
2026-01-31 17:49:12,7676934,3617.000,6435.000,3617.000,-7.000,6.000,13.000,0.000,7.820,1
2026-01-31 17:49:12,7676974,3629.000,6419.000,3602.000,-9.000,-1.000,19.000,0.000,7.820,1
2026-01-31 17:49:12,7677014,3628.000,6418.000,3603.000,-5.000,3.000,10.000,0.000,7.820,1
2026-01-31 17:49:12,7677054,3627.000,6432.000,3608.000,6.000,0.000,12.000,0.000,7.820,1
2026-01-31 17:49:12,7677094,3643.000,6430.000,3595.000,6.000,-3.000,14.000,0.000,7.820,1
2026-01-31 17:49:12,7677134,3633.000,6444.000,3604.000,1.000,4.000,13.000,0.000,7.820,1
2026-01-31 17:49:12,7677174,3628.000,6432.000,3605.000,-4.000,3.000,9.000,0.000,7.820,1
2026-01-31 17:49:12,7677214,3619.000,6419.000,3604.000,1.000,2.000,12.000,0.000,7.820,1
2026-01-31 17:49:12,7677254,3620.000,6432.000,3598.000,5.000,0.000,14.000,0.000,7.820,1
2026-01-31 17:49:12,7677294,3629.000,6430.000,3604.000,5.000,4.000,15.000,0.000,7.820,1
2026-01-31 17:49:12,7677334,3614.000,6446.000,3605.000,6.000,0.000,11.000,0.000,7.820,1
2026-01-31 17:49:12,7677374,3605.000,6445.000,3611.000,0.000,-6.000,17.000,0.000,7.820,1
2026-01-31 17:49:12,7677414,3633.000,6421.000,3607.000,-7.000,-7.000,27.000,0.000,7.820,1
2026-01-31 17:49:12,7677454,3649.000,6404.000,3584.000,5.000,-3.000,8.000,0.000,7.820,1
2026-01-31 17:49:12,7677494,3614.000,6471.000,3604.000,11.000,15.000,-4.000,0.000,7.820,1
2026-01-31 17:49:12,7677534,3641.000,6417.000,3603.000,-16.000,5.000,25.000,0.000,7.820,1
2026-01-31 17:49:12,7677577,3606.000,6427.000,3623.000,4.000,11.000,-9.000,0.000,7.820,1
2026-01-31 17:49:12,7677614,3588.000,6439.000,3622.000,10.000,1.000,3.000,0.000,7.820,1
2026-01-31 17:49:12,7677654,3627.000,6438.000,3583.000,15.000,-13.000,22.000,0.000,7.820,1
2026-01-31 17:49:12,7677694,3635.000,6427.000,3590.000,3.000,-2.000,12.000,0.000,7.820,1
2026-01-31 17:49:13,7677734,3627.000,6447.000,3601.000,11.000,6.000,-1.000,0.000,7.820,1
2026-01-31 17:49:13,7677774,3598.000,6473.000,3615.000,10.000,12.000,2.000,0.000,7.820,1
2026-01-31 17:49:13,7677814,3612.000,6450.000,3619.000,-12.000,0.000,22.000,0.000,0.000,1
2026-01-31 17:49:13,7677854,3618.000,6415.000,3607.000,-10.000,0.000,16.000,0.000,0.000,1
2026-01-31 17:49:13,7677894,3613.000,6440.000,3598.000,4.000,-5.000,15.000,0.000,0.000,1
2026-01-31 17:49:13,7677934,3620.000,6422.000,3606.000,11.000,-4.000,21.000,0.000,0.000,1
2026-01-31 17:49:13,7677974,3629.000,6447.000,3608.000,2.000,-3.000,16.000,0.000,0.000,1
2026-01-31 17:49:13,7678014,3628.000,6431.000,3602.000,-1.000,-3.000,18.000,0.000,0.000,1
2026-01-31 17:49:13,7678054,3625.000,6428.000,3606.000,-1.000,0.000,12.000,0.000,0.000,1
2026-01-31 17:49:13,7678094,3611.000,6434.000,3611.000,8.000,-3.000,16.000,0.000,0.000,1
2026-01-31 17:49:13,7678134,3615.000,6444.000,3607.000,1.000,-4.000,23.000,0.000,0.000,1
2026-01-31 17:49:13,7678174,3609.000,6428.000,3612.000,2.000,-1.000,22.000,0.000,0.000,1
2026-01-31 17:49:13,7678214,3612.000,6450.000,3604.000,8.000,-7.000,23.000,0.000,0.000,1
2026-01-31 17:49:13,7678254,3620.000,6445.000,3613.000,-5.000,-15.000,25.000,0.000,0.000,1
2026-01-31 17:49:13,7678294,3637.000,6402.000,3593.000,10.000,-8.000,21.000,0.000,0.000,1
2026-01-31 17:49:13,7678334,3589.000,6485.000,3593.000,26.000,8.000,9.000,0.000,0.000,1
2026-01-31 17:49:13,7678374,3585.000,6477.000,3623.000,-24.000,-2.000,41.000,0.000,0.000,1
2026-01-31 17:49:13,7678414,3638.000,6399.000,3618.000,-22.000,-18.000,41.000,0.000,0.000,1
2026-01-31 17:49:13,7678454,3605.000,6430.000,3620.000,-2.000,-15.000,16.000,0.000,0.000,1
2026-01-31 17:49:13,7678494,3608.000,6412.000,3594.000,9.000,-32.000,36.000,0.000,0.000,1
2026-01-31 17:49:13,7678534,3651.000,6432.000,3578.000,6.000,-24.000,35.000,0.000,0.000,1
2026-01-31 17:49:13,7678574,3641.000,6446.000,3601.000,5.000,-13.000,25.000,0.000,0.000,1
2026-01-31 17:49:13,7678614,3626.000,6449.000,3623.000,-3.000,-2.000,23.000,0.000,0.000,1
2026-01-31 17:49:13,7678654,3618.000,6425.000,3619.000,-8.000,-20.000,45.000,0.000,0.000,1
2026-01-31 17:49:13,7678694,3633.000,6412.000,3602.000,-9.000,-27.000,46.000,0.000,0.000,1
2026-01-31 17:49:14,7678734,3632.000,6421.000,3599.000,-3.000,-26.000,37.000,0.000,0.000,1
2026-01-31 17:49:14,7678774,3638.000,6423.000,3598.000,-1.000,-25.000,39.000,0.000,0.000,1
2026-01-31 17:49:14,7678814,3643.000,6429.000,3591.000,1.000,-20.000,38.000,0.000,0.000,1
2026-01-31 17:49:14,7678854,3652.000,6423.000,3610.000,-8.000,-16.000,37.000,0.000,0.000,1
2026-01-31 17:49:14,7678894,3646.000,6427.000,3612.000,-3.000,-14.000,30.000,0.000,0.000,1
2026-01-31 17:49:14,7678934,3636.000,6416.000,3596.000,-9.000,-16.000,30.000,0.000,0.000,1
2026-01-31 17:49:14,7678974,3658.000,6402.000,3590.000,7.000,-16.000,36.000,0.000,0.000,1
2026-01-31 17:49:14,7679014,3696.000,6414.000,3569.000,41.000,6.000,-1.000,0.000,0.000,1
2026-01-31 17:49:14,7679054,3840.000,6602.000,3534.000,60.000,15.000,-151.000,0.000,0.000,1
2026-01-31 17:49:14,7679094,3857.000,6782.000,3479.000,-271.000,-33.000,-530.000,0.000,0.000,1
2026-01-31 17:49:14,7679134,3775.000,7090.000,3527.000,-631.000,-42.000,-1099.000,0.000,0.000,1
2026-01-31 17:49:14,7679174,3759.000,7775.000,3774.000,-1723.000,-96.000,-1595.000,0.000,0.000,1
2026-01-31 17:49:14,7679214,5005.000,8590.000,4716.000,-4928.000,-361.000,-2535.000,0.000,0.000,1
2026-01-31 17:49:14,7679254,3589.000,8156.000,4391.000,-11415.000,-101.000,-3026.000,0.000,0.000,1
2026-01-31 17:49:14,7679294,3280.000,5157.000,4214.000,-15366.000,-1251.000,-2633.000,0.000,0.000,1
2026-01-31 17:49:14,7679334,3052.000,5190.000,5390.000,-17928.000,-1661.000,-2457.000,0.000,0.000,1
2026-01-31 17:49:14,7679377,2280.000,-2799.000,4870.000,-17594.000,-2880.000,-646.000,0.000,0.000,1
2026-01-31 17:49:14,7679417,3208.000,1970.000,8841.000,-3001.000,-2525.000,-1227.000,0.000,0.000,1
2026-01-31 17:49:14,7679454,3074.000,1915.000,8889.000,-4617.000,-2159.000,-1220.000,0.000,0.000,1
2026-01-31 17:49:14,7679494,3019.000,-421.000,8618.000,-5113.000,-620.000,-547.000,0.000,0.000,1
2026-01-31 17:49:14,7679534,2942.000,905.000,8034.000,-3260.000,144.000,-1117.000,0.000,0.000,1
2026-01-31 17:49:14,7679579,1989.000,-783.000,5875.000,-122.000,43.000,-2050.000,0.000,0.000,1
2026-01-31 17:49:14,7679614,2322.000,-831.000,5292.000,1486.000,-677.000,-2026.000,0.000,0.000,1
2026-01-31 17:49:14,7679654,4709.000,-1646.000,6784.000,5002.000,-2185.000,-1571.000,0.000,0.000,1
2026-01-31 17:49:14,7679694,5074.000,4929.000,8768.000,4311.000,-409.000,-759.000,0.000,0.000,1
2026-01-31 17:49:15,7679734,3551.000,897.000,6831.000,-2491.000,512.000,21.000,0.000,0.000,1
2026-01-31 17:49:15,7679774,4072.000,1892.000,8469.000,-876.000,35.000,-842.000,0.000,0.000,1
2026-01-31 17:49:15,7679814,3338.000,-207.000,6882.000,-3426.000,1010.000,-542.000,0.000,0.000,1
2026-01-31 17:49:15,7679854,3746.000,1185.000,8049.000,-1104.000,1460.000,-979.000,0.000,0.000,1
2026-01-31 17:49:15,7679894,2996.000,482.000,7199.000,-2645.000,1533.000,-644.000,0.000,0.000,1
2026-01-31 17:49:15,7679934,3224.000,173.000,7544.000,-1311.000,1345.000,-713.000,0.000,0.000,1
2026-01-31 17:49:15,7679974,3369.000,130.000,7859.000,-1124.000,1374.000,-479.000,0.000,0.000,1
2026-01-31 17:49:15,7680014,2970.000,-45.000,7753.000,-1150.000,1248.000,-282.000,0.000,0.000,1
2026-01-31 17:49:15,7680054,2978.000,211.000,8118.000,-1015.000,1058.000,-54.000,0.000,0.000,1
2026-01-31 17:49:15,7680094,2535.000,-65.000,7996.000,-1266.000,1101.000,70.000,0.000,0.000,1
2026-01-31 17:49:15,7680134,2336.000,-85.000,7912.000,-978.000,904.000,40.000,0.000,0.000,1
2026-01-31 17:49:15,7680174,2586.000,-414.000,7902.000,-614.000,470.000,-105.000,0.000,0.000,1
2026-01-31 17:49:15,7680214,2846.000,-951.000,7636.000,-161.000,229.000,14.000,0.000,0.000,1
2026-01-31 17:49:15,7680254,2799.000,-476.000,7565.000,893.000,145.000,267.000,0.000,0.000,1
2026-01-31 17:49:15,7680294,2647.000,232.000,7501.000,1122.000,87.000,280.000,0.000,0.000,1
2026-01-31 17:49:15,7680334,2597.000,385.000,7547.000,1707.000,-58.000,83.000,0.000,0.000,1
2026-01-31 17:49:15,7680374,2358.000,-73.000,8436.000,1421.000,-21.000,226.000,0.000,0.000,1
2026-01-31 17:49:15,7680414,2582.000,1426.000,7636.000,1136.000,340.000,-417.000,0.000,0.000,1
2026-01-31 17:49:15,7680454,3130.000,1015.000,8774.000,-141.000,231.000,-559.000,0.000,0.000,1
2026-01-31 17:49:15,7680494,2235.000,-341.000,8228.000,-532.000,49.000,-154.000,0.000,0.000,1
2026-01-31 17:49:15,7680534,2232.000,66.000,8227.000,-649.000,-157.000,-212.000,0.000,0.000,1
2026-01-31 17:49:15,7680574,2373.000,-377.000,8155.000,-596.000,-22.000,-152.000,0.000,0.000,1
2026-01-31 17:49:15,7680614,2392.000,508.000,8162.000,-164.000,149.000,-298.000,0.000,0.000,1
2026-01-31 17:49:15,7680654,2136.000,-30.000,7488.000,-136.000,73.000,-116.000,0.000,0.000,1
2026-01-31 17:49:15,7680694,2735.000,378.000,8469.000,-146.000,-104.000,-110.000,0.000,0.000,1
2026-01-31 17:49:16,7680734,2363.000,-461.000,7738.000,-1185.000,104.000,-38.000,0.000,0.000,1
2026-01-31 17:49:16,7680774,2464.000,260.000,7965.000,-65.000,-53.000,-153.000,0.000,0.000,1
2026-01-31 17:49:16,7680814,2548.000,-290.000,7897.000,-154.000,-211.000,-61.000,0.000,0.000,1
2026-01-31 17:49:16,7680854,2615.000,-108.000,8166.000,-99.000,-123.000,16.000,0.000,0.000,1
2026-01-31 17:49:16,7680894,2546.000,-18.000,8044.000,-230.000,-67.000,32.000,0.000,0.000,1
2026-01-31 17:49:16,7680934,2562.000,-140.000,7908.000,-150.000,-152.000,41.000,0.000,0.000,1
2026-01-31 17:49:16,7680974,2570.000,-90.000,7951.000,-41.000,-116.000,58.000,0.000,0.000,1
2026-01-31 17:49:16,7681014,2524.000,-177.000,7964.000,96.000,-88.000,2.000,0.000,0.000,1
2026-01-31 17:49:16,7681054,2585.000,-17.000,7981.000,152.000,-38.000,15.000,0.000,0.000,1
2026-01-31 17:49:16,7681094,2595.000,-132.000,7949.000,53.000,-64.000,-17.000,0.000,0.000,1
2026-01-31 17:49:16,7681134,2622.000,-52.000,8044.000,232.000,-83.000,-18.000,0.000,0.000,1
2026-01-31 17:49:16,7681174,2436.000,-169.000,7570.000,111.000,-135.000,40.000,0.000,0.000,1
2026-01-31 17:49:16,7681214,2843.000,458.000,8020.000,-312.000,-362.000,63.000,0.000,0.000,1
2026-01-31 17:49:16,7681254,2631.000,46.000,7909.000,-596.000,-241.000,95.000,0.000,0.000,1
2026-01-31 17:49:16,7681294,2627.000,-179.000,8165.000,-290.000,-196.000,82.000,0.000,0.000,1
2026-01-31 17:49:16,7681334,2666.000,-514.000,8116.000,-152.000,-53.000,94.000,0.000,0.000,1
2026-01-31 17:49:16,7681374,2514.000,147.000,8182.000,580.000,-43.000,-173.000,0.000,0.000,1
2026-01-31 17:49:16,7681414,2388.000,-584.000,7435.000,-152.000,-94.000,69.000,0.000,0.000,1
2026-01-31 17:49:16,7681454,2881.000,299.000,8165.000,-142.000,-131.000,-3.000,0.000,0.000,1
2026-01-31 17:49:16,7681494,2487.000,-743.000,7368.000,-365.000,-60.000,69.000,0.000,0.000,1
2026-01-31 17:49:16,7681534,2872.000,221.000,8122.000,435.000,-197.000,-25.000,0.000,0.000,1
2026-01-31 17:49:16,7681577,2777.000,-115.000,7990.000,53.000,-47.000,-14.000,0.000,0.000,1
2026-01-31 17:49:16,7681614,2797.000,-150.000,7940.000,38.000,-40.000,-4.000,0.000,0.000,1
2026-01-31 17:49:16,7681654,2717.000,-86.000,7875.000,34.000,-27.000,20.000,0.000,0.000,1
2026-01-31 17:49:16,7681694,2730.000,-144.000,7867.000,24.000,-43.000,5.000,0.000,0.000,1
2026-01-31 17:49:17,7681734,2776.000,-15.000,7897.000,196.000,32.000,-12.000,0.000,0.000,1
2026-01-31 17:49:17,7681774,2738.000,-190.000,7963.000,122.000,35.000,23.000,0.000,0.000,1
2026-01-31 17:49:17,7681814,2723.000,-61.000,7964.000,112.000,31.000,29.000,0.000,0.000,1
2026-01-31 17:49:17,7681854,2738.000,-40.000,7941.000,68.000,46.000,19.000,0.000,0.000,1
2026-01-31 17:49:17,7681894,2673.000,-213.000,7917.000,84.000,19.000,33.000,0.000,0.000,1
2026-01-31 17:49:17,7681934,2703.000,113.000,8003.000,173.000,-33.000,22.000,0.000,0.000,1
2026-01-31 17:49:17,7681974,2628.000,-346.000,8009.000,-111.000,-214.000,-90.000,0.000,0.000,1
2026-01-31 17:49:17,7682014,2861.000,23.000,8613.000,77.000,-475.000,-369.000,0.000,0.000,1
2026-01-31 17:49:17,7682054,2438.000,-255.000,7747.000,-1222.000,-693.000,-293.000,0.000,0.000,1
2026-01-31 17:49:17,7682094,3248.000,-144.000,7670.000,-1754.000,-600.000,-550.000,0.000,0.000,1
2026-01-31 17:49:17,7682134,3082.000,-109.000,7553.000,-1022.000,-301.000,-277.000,0.000,0.000,1
2026-01-31 17:49:17,7682174,2957.000,-432.000,7365.000,-652.000,-169.000,-5.000,0.000,0.000,1
2026-01-31 17:49:17,7682214,2975.000,-503.000,7665.000,-132.000,-98.000,71.000,0.000,0.000,1
2026-01-31 17:49:17,7682254,3053.000,-1407.000,7578.000,158.000,-110.000,237.000,0.000,0.000,1
2026-01-31 17:49:17,7682294,3259.000,-1502.000,7912.000,-941.000,-448.000,166.000,0.000,0.000,1
2026-01-31 17:49:17,7682334,2880.000,-301.000,7821.000,-352.000,-134.000,61.000,0.000,0.000,1
2026-01-31 17:49:17,7682374,2911.000,-372.000,8322.000,-453.000,45.000,112.000,0.000,0.000,1
2026-01-31 17:49:17,7682414,2605.000,-534.000,8148.000,-469.000,99.000,-13.000,0.000,0.000,1
2026-01-31 17:49:17,7682454,3915.000,309.000,7912.000,693.000,-438.000,-264.000,0.000,0.000,1
2026-01-31 17:49:17,7682494,2890.000,-769.000,7358.000,-391.000,-106.000,21.000,0.000,0.000,1
2026-01-31 17:49:17,7682534,3166.000,-437.000,7779.000,407.000,-212.000,-20.000,0.000,0.000,1
2026-01-31 17:49:17,7682574,3027.000,-425.000,7830.000,56.000,-43.000,90.000,0.000,0.000,1
2026-01-31 17:49:17,7682614,3180.000,-564.000,7740.000,164.000,-96.000,7.000,0.000,0.000,1
2026-01-31 17:49:17,7682654,3118.000,-436.000,7867.000,136.000,-63.000,77.000,0.000,0.000,1
2026-01-31 17:49:17,7682694,3049.000,-575.000,7795.000,-57.000,-9.000,48.000,0.000,0.000,1
2026-01-31 17:49:18,7682734,3102.000,-599.000,7643.000,69.000,-58.000,23.000,0.000,0.000,1
2026-01-31 17:49:18,7682774,3132.000,-437.000,7825.000,187.000,-62.000,35.000,0.000,0.000,1
2026-01-31 17:49:18,7682814,3063.000,-492.000,7804.000,67.000,14.000,57.000,0.000,0.000,1
2026-01-31 17:49:18,7682854,3173.000,-416.000,7821.000,113.000,-27.000,-12.000,0.000,0.000,1
2026-01-31 17:49:18,7682894,3108.000,-466.000,7766.000,-38.000,9.000,13.000,0.000,0.000,1
2026-01-31 17:49:18,7682934,3092.000,-537.000,7746.000,60.000,-29.000,27.000,0.000,0.000,1
2026-01-31 17:49:18,7682974,3114.000,-424.000,7806.000,61.000,-49.000,22.000,0.000,0.000,1
2026-01-31 17:49:18,7683014,3116.000,-491.000,7723.000,-47.000,-29.000,35.000,0.000,0.000,1
2026-01-31 17:49:18,7683054,3127.000,-490.000,7776.000,60.000,-44.000,31.000,0.000,0.000,1
2026-01-31 17:49:18,7683094,3105.000,-403.000,7766.000,67.000,-12.000,28.000,0.000,0.000,1
2026-01-31 17:49:18,7683134,3105.000,-438.000,7833.000,-80.000,-24.000,-17.000,0.000,0.000,1
2026-01-31 17:49:18,7683174,2844.000,-598.000,7560.000,2.000,57.000,-46.000,0.000,0.000,1
2026-01-31 17:49:18,7683214,3151.000,-765.000,7657.000,-580.000,-282.000,11.000,0.000,0.000,1
2026-01-31 17:49:18,7683254,3239.000,-350.000,7822.000,205.000,151.000,-22.000,0.000,0.000,1
2026-01-31 17:49:18,7683294,2847.000,-361.000,7937.000,102.000,-38.000,32.000,0.000,0.000,1
2026-01-31 17:49:18,7683337,3193.000,-173.000,7922.000,-66.000,-2.000,83.000,0.000,0.000,1
2026-01-31 17:49:18,7683377,3166.000,-372.000,8040.000,-610.000,-135.000,194.000,0.000,0.000,1
2026-01-31 17:49:18,7683414,3090.000,-663.000,8063.000,-657.000,-166.000,208.000,0.000,0.000,1
2026-01-31 17:49:18,7683454,3434.000,-1190.000,7437.000,430.000,-267.000,33.000,0.000,0.000,1
2026-01-31 17:49:18,7683494,2604.000,-294.000,7623.000,223.000,179.000,-24.000,0.000,0.000,1
2026-01-31 17:49:18,7683534,3065.000,-356.000,7718.000,-56.000,83.000,46.000,0.000,0.000,1
2026-01-31 17:49:18,7683577,3143.000,-555.000,7663.000,252.000,-58.000,8.000,0.000,0.000,1
2026-01-31 17:49:18,7683614,3227.000,-371.000,7892.000,302.000,2.000,41.000,0.000,0.000,1
2026-01-31 17:49:18,7683654,3178.000,-483.000,7774.000,-8.000,35.000,3.000,0.000,0.000,1
2026-01-31 17:49:18,7683694,3091.000,-505.000,7740.000,-31.000,-16.000,24.000,0.000,0.000,1
2026-01-31 17:49:19,7683734,3152.000,-471.000,7757.000,-87.000,-14.000,10.000,0.000,0.000,1
2026-01-31 17:49:19,7683774,3300.000,-709.000,7599.000,-182.000,-14.000,-6.000,0.000,0.000,1
2026-01-31 17:49:19,7683814,2962.000,405.000,8201.000,-1471.000,535.000,-183.000,0.000,0.000,1
2026-01-31 17:49:19,7683854,2926.000,-765.000,7598.000,-2069.000,272.000,92.000,0.000,0.000,1
2026-01-31 17:49:19,7683894,3190.000,-679.000,7742.000,-1736.000,211.000,-38.000,0.000,0.000,1
2026-01-31 17:49:19,7683934,2668.000,-1180.000,7884.000,-454.000,53.000,88.000,0.000,0.000,1
2026-01-31 17:49:19,7683974,2502.000,-1462.000,7814.000,3200.000,-347.000,-148.000,0.000,0.000,1
2026-01-31 17:49:19,7684014,2788.000,-1030.000,8042.000,-329.000,-56.000,175.000,0.000,0.000,1
2026-01-31 17:49:19,7684054,3005.000,-872.000,7325.000,-233.000,-56.000,9.000,0.000,0.000,1
2026-01-31 17:49:19,7684094,3250.000,-469.000,7653.000,335.000,-131.000,-32.000,0.000,0.000,1
2026-01-31 17:49:19,7684134,3192.000,-489.000,7859.000,156.000,-18.000,41.000,0.000,0.000,1
2026-01-31 17:49:19,7684174,3220.000,-545.000,7742.000,77.000,18.000,5.000,0.000,0.000,1
2026-01-31 17:49:19,7684214,3191.000,-544.000,7736.000,27.000,-16.000,27.000,0.000,0.000,1
2026-01-31 17:49:19,7684254,3186.000,-529.000,7776.000,-12.000,-33.000,40.000,0.000,0.000,1
2026-01-31 17:49:19,7684294,3162.000,-567.000,7689.000,-48.000,2.000,39.000,0.000,0.000,1
2026-01-31 17:49:19,7684334,3198.000,-566.000,7703.000,75.000,-10.000,15.000,0.000,0.000,1
2026-01-31 17:49:19,7684374,3166.000,-499.000,7796.000,83.000,14.000,20.000,0.000,0.000,1
2026-01-31 17:49:19,7684414,3144.000,-568.000,7737.000,-21.000,29.000,22.000,0.000,0.000,1
2026-01-31 17:49:19,7684454,3192.000,-545.000,7701.000,67.000,-11.000,23.000,0.000,0.000,1
2026-01-31 17:49:19,7684494,3176.000,-465.000,7779.000,58.000,19.000,25.000,0.000,0.000,1
2026-01-31 17:49:19,7684534,3129.000,-577.000,7732.000,19.000,11.000,29.000,0.000,0.000,1
2026-01-31 17:49:19,7684574,3189.000,-497.000,7751.000,83.000,-18.000,24.000,0.000,0.000,1
2026-01-31 17:49:19,7684614,3206.000,-464.000,7790.000,-5.000,0.000,26.000,0.000,0.000,1
2026-01-31 17:49:19,7684654,3124.000,-561.000,7758.000,-17.000,-15.000,16.000,0.000,0.000,1
2026-01-31 17:49:19,7684694,3365.000,-563.000,7544.000,-1418.000,-6.000,134.000,0.000,0.000,1
2026-01-31 17:49:20,7684734,3420.000,-1444.000,7482.000,-2068.000,222.000,127.000,0.000,0.000,1
2026-01-31 17:49:20,7684774,2775.000,-272.000,8107.000,-2359.000,256.000,82.000,0.000,0.000,1
2026-01-31 17:49:20,7684814,3060.000,-1592.000,7568.000,-1991.000,-207.000,351.000,0.000,0.000,1
2026-01-31 17:49:20,7684854,3293.000,-1393.000,7820.000,-537.000,20.000,129.000,0.000,0.000,1
2026-01-31 17:49:20,7684894,2974.000,-2120.000,7603.000,1140.000,232.000,-291.000,0.000,0.000,1
2026-01-31 17:49:20,7684934,1371.000,-719.000,8317.000,6379.000,-647.000,-227.000,0.000,0.000,1
2026-01-31 17:49:20,7684974,3025.000,-1286.000,7798.000,-269.000,-238.000,-35.000,0.000,0.000,1
2026-01-31 17:49:20,7685014,3374.000,-595.000,7470.000,-36.000,-62.000,-112.000,0.000,0.000,1
2026-01-31 17:49:20,7685054,3248.000,-696.000,7493.000,235.000,-29.000,-10.000,0.000,0.000,1
2026-01-31 17:49:20,7685094,3281.000,-550.000,7751.000,382.000,-26.000,28.000,0.000,0.000,1
2026-01-31 17:49:20,7685134,3166.000,-735.000,7811.000,93.000,39.000,30.000,0.000,0.000,1
2026-01-31 17:49:20,7685174,3112.000,-668.000,7623.000,118.000,-37.000,-35.000,0.000,0.000,1
2026-01-31 17:49:20,7685214,3245.000,-606.000,7739.000,69.000,-91.000,-15.000,0.000,0.000,1
2026-01-31 17:49:20,7685254,3274.000,-608.000,7712.000,109.000,-64.000,-31.000,0.000,0.000,1
2026-01-31 17:49:20,7685294,3244.000,-561.000,7669.000,15.000,-11.000,9.000,0.000,0.000,1
2026-01-31 17:49:20,7685334,3162.000,-606.000,7711.000,97.000,-10.000,7.000,0.000,0.000,1
2026-01-31 17:49:20,7685374,3207.000,-619.000,7747.000,120.000,-30.000,-9.000,0.000,0.000,1
2026-01-31 17:49:20,7685414,3246.000,-544.000,7772.000,-5.000,-8.000,-15.000,0.000,0.000,1
2026-01-31 17:49:20,7685454,3217.000,-646.000,7642.000,-18.000,-27.000,3.000,0.000,0.000,1
2026-01-31 17:49:20,7685494,3278.000,-516.000,7754.000,14.000,-70.000,-9.000,0.000,0.000,1
2026-01-31 17:49:20,7685534,3225.000,-587.000,7688.000,-14.000,-49.000,-20.000,0.000,0.000,1
2026-01-31 17:49:20,7685574,3190.000,-584.000,7710.000,-4.000,-34.000,-16.000,0.000,0.000,1
2026-01-31 17:49:20,7685614,3415.000,-441.000,7582.000,-2175.000,99.000,220.000,0.000,0.000,1
2026-01-31 17:49:20,7685654,3080.000,-1814.000,7466.000,-3724.000,140.000,369.000,0.000,0.000,1
2026-01-31 17:49:20,7685694,3412.000,-848.000,7728.000,-1411.000,26.000,31.000,0.000,0.000,1
2026-01-31 17:49:21,7685734,3154.000,-964.000,7758.000,-1116.000,140.000,88.000,0.000,0.000,1
2026-01-31 17:49:21,7685774,2865.000,-1731.000,7669.000,338.000,-117.000,-52.000,0.000,0.000,1
2026-01-31 17:49:21,7685814,3676.000,-3201.000,7261.000,5987.000,-644.000,-431.000,0.000,0.000,1
2026-01-31 17:49:21,7685854,3390.000,-628.000,8071.000,302.000,-148.000,-4.000,0.000,0.000,1
2026-01-31 17:49:21,7685894,3200.000,-724.000,7357.000,-145.000,-60.000,-56.000,0.000,0.000,1
2026-01-31 17:49:21,7685934,3375.000,-624.000,7612.000,317.000,-131.000,-37.000,0.000,0.000,1
2026-01-31 17:49:21,7685974,3333.000,-560.000,7843.000,127.000,21.000,26.000,0.000,0.000,1
2026-01-31 17:49:21,7686014,3285.000,-720.000,7578.000,74.000,30.000,6.000,0.000,0.000,1
2026-01-31 17:49:21,7686054,3351.000,-561.000,7678.000,102.000,-57.000,-16.000,0.000,0.000,1
2026-01-31 17:49:21,7686094,3375.000,-610.000,7721.000,-4.000,-31.000,16.000,0.000,0.000,1
2026-01-31 17:49:21,7686134,3250.000,-675.000,7586.000,31.000,21.000,45.000,0.000,0.000,1
2026-01-31 17:49:21,7686174,3328.000,-602.000,7644.000,125.000,-21.000,-10.000,0.000,0.000,1
2026-01-31 17:49:21,7686214,3358.000,-567.000,7707.000,48.000,21.000,11.000,0.000,0.000,1
2026-01-31 17:49:21,7686254,3295.000,-657.000,7672.000,43.000,11.000,10.000,0.000,0.000,1
2026-01-31 17:49:21,7686294,3293.000,-600.000,7662.000,28.000,-18.000,-18.000,0.000,0.000,1
2026-01-31 17:49:21,7686334,3303.000,-640.000,7660.000,18.000,11.000,-12.000,0.000,0.000,1
2026-01-31 17:49:21,7686374,3292.000,-612.000,7680.000,115.000,14.000,2.000,0.000,0.000,1
2026-01-31 17:49:21,7686414,3323.000,-509.000,7638.000,22.000,-15.000,9.000,0.000,0.000,1
2026-01-31 17:49:21,7686454,3258.000,-760.000,7771.000,-529.000,-54.000,105.000,0.000,0.000,1
2026-01-31 17:49:21,7686494,3383.000,-351.000,7685.000,-1306.000,21.000,223.000,0.000,0.000,1
2026-01-31 17:49:21,7686534,3554.000,-1489.000,7393.000,-2343.000,42.000,359.000,0.000,0.000,1
2026-01-31 17:49:21,7686574,3227.000,-926.000,7694.000,-1693.000,367.000,88.000,0.000,0.000,1
2026-01-31 17:49:21,7686614,3019.000,-1304.000,7649.000,-687.000,171.000,112.000,0.000,0.000,1
2026-01-31 17:49:21,7686654,3134.000,-1407.000,7614.000,782.000,-219.000,-10.000,0.000,0.000,1
2026-01-31 17:49:21,7686694,3489.000,1908.000,8331.000,4576.000,23.000,-529.000,0.000,0.000,1
2026-01-31 17:49:22,7686734,3506.000,-428.000,7982.000,-102.000,91.000,81.000,0.000,0.000,1
2026-01-31 17:49:22,7686774,2815.000,-1305.000,6903.000,-266.000,138.000,136.000,0.000,0.000,1
2026-01-31 17:49:22,7686814,3563.000,-465.000,7706.000,695.000,-152.000,-90.000,0.000,0.000,1
2026-01-31 17:49:22,7686854,3402.000,-391.000,8035.000,145.000,30.000,30.000,0.000,0.000,1
2026-01-31 17:49:22,7686894,3189.000,-631.000,7648.000,-74.000,106.000,8.000,0.000,0.000,1
2026-01-31 17:49:22,7686934,3262.000,-584.000,7563.000,22.000,-23.000,1.000,0.000,0.000,1
2026-01-31 17:49:22,7686974,3370.000,-525.000,7722.000,-2.000,-17.000,24.000,0.000,0.000,1
2026-01-31 17:49:22,7687014,3303.000,-595.000,7667.000,22.000,49.000,25.000,0.000,0.000,1
2026-01-31 17:49:22,7687054,3249.000,-537.000,7732.000,77.000,8.000,30.000,0.000,0.000,1
2026-01-31 17:49:22,7687094,3245.000,-638.000,7681.000,107.000,27.000,-16.000,0.000,0.000,1
2026-01-31 17:49:22,7687134,3291.000,-508.000,7712.000,125.000,26.000,-23.000,0.000,0.000,1
2026-01-31 17:49:22,7687174,3316.000,-522.000,7727.000,27.000,-15.000,-3.000,0.000,0.000,1
2026-01-31 17:49:22,7687214,3272.000,-582.000,7654.000,20.000,8.000,9.000,0.000,0.000,1
2026-01-31 17:49:22,7687254,3292.000,-481.000,7675.000,93.000,7.000,4.000,0.000,0.000,1
2026-01-31 17:49:22,7687294,3282.000,-554.000,7680.000,56.000,8.000,10.000,0.000,0.000,1
2026-01-31 17:49:22,7687337,3285.000,-514.000,7720.000,-16.000,20.000,17.000,0.000,0.000,1
2026-01-31 17:49:22,7687376,3266.000,-566.000,7701.000,-32.000,15.000,22.000,0.000,0.000,1
2026-01-31 17:49:22,7687417,3273.000,-555.000,7670.000,-1.000,5.000,-8.000,0.000,0.000,1
2026-01-31 17:49:22,7687454,3264.000,-545.000,7675.000,29.000,9.000,-5.000,0.000,0.000,1
2026-01-31 17:49:22,7687494,3255.000,-507.000,7714.000,68.000,10.000,5.000,0.000,0.000,1
2026-01-31 17:49:22,7687534,3293.000,-521.000,7713.000,61.000,-9.000,-4.000,0.000,0.000,1
2026-01-31 17:49:22,7687577,3248.000,-474.000,7569.000,-48.000,-27.000,-21.000,0.000,0.000,1
2026-01-31 17:49:22,7687616,3635.000,-672.000,7493.000,-960.000,305.000,13.000,0.000,0.000,1
2026-01-31 17:49:22,7687654,3262.000,-984.000,7745.000,-263.000,-423.000,235.000,0.000,0.000,1
2026-01-31 17:49:22,7687694,2719.000,17.000,7841.000,989.000,280.000,-239.000,0.000,0.000,1
2026-01-31 17:49:23,7687734,3252.000,-497.000,7789.000,-114.000,70.000,104.000,0.000,0.000,1
2026-01-31 17:49:23,7687774,3202.000,-637.000,7573.000,-12.000,35.000,35.000,0.000,0.000,1
2026-01-31 17:49:23,7687814,3278.000,-483.000,7766.000,72.000,-7.000,32.000,0.000,0.000,1
2026-01-31 17:49:23,7687854,3263.000,-512.000,7684.000,32.000,35.000,3.000,0.000,0.000,1
2026-01-31 17:49:23,7687894,3233.000,-546.000,7641.000,67.000,39.000,22.000,0.000,0.000,1
2026-01-31 17:49:23,7687934,3279.000,-487.000,7758.000,93.000,15.000,18.000,0.000,0.000,1
2026-01-31 17:49:23,7687974,3274.000,-509.000,7746.000,2.000,39.000,24.000,0.000,0.000,1
2026-01-31 17:49:23,7688014,3222.000,-539.000,7664.000,21.000,32.000,20.000,0.000,0.000,1
2026-01-31 17:49:23,7688054,3233.000,-480.000,7707.000,69.000,-8.000,11.000,0.000,0.000,1
2026-01-31 17:49:23,7688094,3268.000,-506.000,7725.000,14.000,10.000,-3.000,0.000,0.000,1
2026-01-31 17:49:23,7688134,3258.000,-486.000,7681.000,57.000,7.000,10.000,0.000,0.000,1
2026-01-31 17:49:23,7688174,3263.000,-432.000,7757.000,59.000,-1.000,23.000,0.000,0.000,1
2026-01-31 17:49:23,7688214,3242.000,-504.000,7693.000,31.000,-4.000,19.000,0.000,0.000,1
2026-01-31 17:49:23,7688254,3250.000,-463.000,7706.000,-8.000,-3.000,18.000,0.000,0.000,1
2026-01-31 17:49:23,7688294,3248.000,-490.000,7732.000,-13.000,-8.000,-1.000,0.000,0.000,1
2026-01-31 17:49:23,7688334,3352.000,-292.000,7632.000,-68.000,-43.000,-24.000,0.000,0.000,1
2026-01-31 17:49:23,7688374,2922.000,-530.000,7938.000,-2179.000,123.000,234.000,0.000,0.000,1
2026-01-31 17:49:23,7688414,3355.000,-1057.000,7378.000,-2834.000,179.000,328.000,0.000,0.000,1
2026-01-31 17:49:23,7688454,3035.000,-1164.000,7644.000,-1436.000,17.000,189.000,0.000,0.000,1
2026-01-31 17:49:23,7688494,3242.000,-886.000,7800.000,-409.000,-59.000,201.000,0.000,0.000,1
2026-01-31 17:49:23,7688534,3268.000,-1562.000,7691.000,-785.000,69.000,131.000,0.000,0.000,1
2026-01-31 17:49:23,7688574,3062.000,-1939.000,7522.000,212.000,48.000,-288.000,0.000,0.000,1
2026-01-31 17:49:23,7688614,2131.000,1209.000,8504.000,6835.000,-421.000,-264.000,0.000,0.000,1
2026-01-31 17:49:23,7688654,2788.000,-958.000,8007.000,-457.000,94.000,384.000,0.000,0.000,1
2026-01-31 17:49:23,7688694,2860.000,-1103.000,7123.000,-370.000,139.000,97.000,0.000,0.000,1
2026-01-31 17:49:24,7688734,3473.000,-420.000,7628.000,541.000,-95.000,-120.000,0.000,0.000,1
2026-01-31 17:49:24,7688774,3137.000,-600.000,7960.000,79.000,120.000,92.000,0.000,0.000,1
2026-01-31 17:49:24,7688814,3223.000,-530.000,7638.000,124.000,194.000,-11.000,0.000,0.000,1
2026-01-31 17:49:24,7688854,3184.000,-609.000,7677.000,173.000,84.000,16.000,0.000,0.000,1
2026-01-31 17:49:24,7688894,3417.000,-465.000,7968.000,81.000,-10.000,-55.000,0.000,0.000,1
2026-01-31 17:49:24,7688934,3304.000,-652.000,7828.000,-168.000,79.000,26.000,0.000,0.000,1
2026-01-31 17:49:24,7688974,2641.000,1004.000,8674.000,-472.000,236.000,-183.000,0.000,0.000,1
2026-01-31 17:49:24,7689014,3065.000,-1529.000,7399.000,-1737.000,98.000,-412.000,0.000,0.000,1
2026-01-31 17:49:24,7689054,3535.000,-1295.000,7124.000,-917.000,-264.000,-188.000,0.000,0.000,1
2026-01-31 17:49:24,7689094,3964.000,-176.000,7265.000,177.000,-446.000,350.000,0.000,0.000,1
2026-01-31 17:49:24,7689134,2798.000,-1261.000,7042.000,-335.000,-218.000,924.000,0.000,0.000,1
2026-01-31 17:49:24,7689174,2955.000,-882.000,7397.000,1549.000,96.000,-199.000,0.000,0.000,1
2026-01-31 17:49:24,7689214,3015.000,-528.000,7783.000,1614.000,183.000,-81.000,0.000,0.000,1
2026-01-31 17:49:24,7689254,3383.000,-272.000,8017.000,942.000,289.000,-209.000,0.000,0.000,1
2026-01-31 17:49:24,7689294,3465.000,-474.000,7863.000,375.000,117.000,691.000,0.000,0.000,1
2026-01-31 17:49:24,7689337,3023.000,-387.000,7854.000,-58.000,166.000,452.000,0.000,0.000,1
2026-01-31 17:49:24,7689378,2941.000,-581.000,7748.000,315.000,142.000,189.000,0.000,0.000,1
2026-01-31 17:49:24,7689414,3002.000,-486.000,7829.000,441.000,138.000,-11.000,0.000,0.000,1
2026-01-31 17:49:24,7689454,3268.000,-909.000,7531.000,175.000,410.000,-519.000,0.000,0.000,1
2026-01-31 17:49:24,7689494,3202.000,524.000,8151.000,-2433.000,411.000,85.000,0.000,0.000,1
2026-01-31 17:49:24,7689534,3244.000,-667.000,7800.000,-1198.000,38.000,469.000,0.000,0.000,1
2026-01-31 17:49:24,7689574,2692.000,-756.000,8061.000,173.000,-197.000,135.000,0.000,0.000,1
2026-01-31 17:49:24,7689614,2758.000,-1642.000,7551.000,2184.000,-604.000,-522.000,0.000,0.000,1
2026-01-31 17:49:24,7689654,2883.000,299.000,7926.000,1529.000,67.000,-981.000,0.000,0.000,1
