datetime_local,uptime_ms,acc_x,acc_y,acc_z,gyro_x,gyro_y,gyro_z,speed_mps,turn_rate_deg_s,gps_valid
2026-01-31 17:32:08,6653134,3750.000,-4337.000,7206.000,-4052.000,-1223.000,1420.000,0.000,0.000,1
2026-01-31 17:32:08,6653174,3097.000,-3096.000,6826.000,-671.000,500.000,327.000,0.000,0.000,1
2026-01-31 17:32:08,6653214,2732.000,-658.000,7738.000,689.000,277.000,472.000,0.000,0.000,1
2026-01-31 17:32:08,6653254,2811.000,-380.000,7486.000,-57.000,-78.000,441.000,0.000,0.000,1
2026-01-31 17:32:08,6653294,3004.000,-1021.000,7575.000,-932.000,-351.000,202.000,0.000,0.000,1
2026-01-31 17:32:08,6653335,3313.000,-1090.000,7511.000,-63.000,-145.000,169.000,0.000,0.000,1
2026-01-31 17:32:08,6653374,3125.000,-521.000,7923.000,362.000,12.000,110.000,0.000,0.000,1
2026-01-31 17:32:08,6653414,2970.000,-1184.000,7743.000,183.000,-73.000,-183.000,0.000,0.000,1
2026-01-31 17:32:08,6653454,3152.000,-818.000,7784.000,154.000,-171.000,-252.000,0.000,0.000,1
2026-01-31 17:32:08,6653494,3181.000,-986.000,7737.000,-338.000,-72.000,-173.000,0.000,0.000,1
2026-01-31 17:32:08,6653534,3154.000,-1270.000,7677.000,-294.000,30.000,-28.000,0.000,0.000,1
2026-01-31 17:32:08,6653574,3155.000,-1118.000,7730.000,-97.000,38.000,71.000,0.000,0.000,1
2026-01-31 17:32:08,6653614,3122.000,-873.000,7772.000,-150.000,64.000,73.000,0.000,0.000,1
2026-01-31 17:32:08,6653654,3118.000,-1188.000,7635.000,-348.000,29.000,17.000,0.000,0.000,1
2026-01-31 17:32:08,6653694,3078.000,-1076.000,7570.000,62.000,31.000,20.000,0.000,0.000,1
2026-01-31 17:32:09,6653734,3093.000,-1087.000,7500.000,119.000,53.000,-3.000,0.000,0.000,1
2026-01-31 17:32:09,6653774,3229.000,-1673.000,7253.000,1403.000,158.000,253.000,0.000,0.000,1
2026-01-31 17:32:09,6653814,3383.000,-1191.000,7009.000,3213.000,326.000,577.000,0.000,0.000,1
2026-01-31 17:32:09,6653854,3842.000,-907.000,6479.000,4147.000,585.000,981.000,0.000,0.000,1
2026-01-31 17:32:09,6653894,4005.000,-1127.000,5853.000,6069.000,1294.000,1744.000,0.000,0.000,1
2026-01-31 17:32:09,6653934,4304.000,-1088.000,5234.000,9147.000,1676.000,2681.000,0.000,0.000,1
2026-01-31 17:32:09,6653974,3522.000,991.000,5662.000,12057.000,1818.000,3137.000,0.000,0.000,1
2026-01-31 17:32:09,6654014,3613.000,2546.000,5903.000,13397.000,2385.000,4171.000,0.000,0.000,1
2026-01-31 17:32:09,6654054,2637.000,4990.000,6070.000,15121.000,3050.000,3824.000,0.000,0.000,1
2026-01-31 17:32:09,6654094,2118.000,7745.000,6537.000,13976.000,3720.000,2880.000,0.000,0.000,1
2026-01-31 17:32:09,6654134,786.000,7941.000,5985.000,11066.000,4324.000,2080.000,0.000,0.000,1
2026-01-31 17:32:09,6654174,-327.000,7813.000,5252.000,9067.000,3426.000,383.000,0.000,0.000,1
2026-01-31 17:32:09,6654214,31.000,8849.000,5190.000,8686.000,2443.000,-1155.000,0.000,0.000,1
2026-01-31 17:32:09,6654254,-105.000,8738.000,4473.000,6103.000,705.000,-2050.000,0.000,0.000,1
2026-01-31 17:32:09,6654294,154.000,8288.000,4639.000,4364.000,-1381.000,-2593.000,0.000,0.000,1
2026-01-31 17:32:09,6654334,415.000,8248.000,4209.000,2976.000,-1632.000,-2833.000,0.000,0.000,1
2026-01-31 17:32:09,6654374,524.000,6849.000,3054.000,2023.000,-1574.000,-2491.000,0.000,0.000,1
2026-01-31 17:32:09,6654414,868.000,7216.000,2692.000,4099.000,-1669.000,-2331.000,0.000,0.000,1
2026-01-31 17:32:09,6654454,1246.000,8346.000,2640.000,4075.000,-1263.000,-2030.000,0.000,0.000,1
2026-01-31 17:32:09,6654494,1342.000,8489.000,2573.000,2966.000,-648.000,-1738.000,0.000,0.000,1
2026-01-31 17:32:09,6654534,1090.000,7656.000,1640.000,3550.000,-190.000,-1598.000,0.000,0.000,1
2026-01-31 17:32:09,6654574,619.000,9447.000,1001.000,3055.000,-262.000,-1563.000,0.000,0.000,1
2026-01-31 17:32:09,6654614,25.000,8487.000,729.000,-148.000,-465.000,-1609.000,0.000,0.000,1
2026-01-31 17:32:09,6654654,795.000,7488.000,899.000,-954.000,-810.000,-1586.000,0.000,0.000,1
2026-01-31 17:32:09,6654694,81.000,7432.000,632.000,-1546.000,-657.000,-1203.000,0.000,0.000,1
2026-01-31 17:32:10,6654734,788.000,7446.000,1313.000,-1230.000,-770.000,-984.000,0.000,0.000,1
2026-01-31 17:32:10,6654774,249.000,6266.000,1045.000,-101.000,-481.000,-582.000,0.000,0.000,1
2026-01-31 17:32:10,6654814,61.000,8103.000,1440.000,941.000,-725.000,4.000,0.000,0.000,1
2026-01-31 17:32:10,6654857,-120.000,6704.000,395.000,-1049.000,-658.000,754.000,0.000,0.000,1
2026-01-31 17:32:10,6654894,-156.000,7133.000,246.000,1118.000,-1025.000,654.000,0.000,0.000,1
2026-01-31 17:32:10,6654934,56.000,8070.000,1326.000,2458.000,-879.000,63.000,0.000,0.000,1
2026-01-31 17:32:10,6654974,284.000,8429.000,1225.000,2866.000,-287.000,4.000,0.000,0.000,1
2026-01-31 17:32:10,6655014,119.000,8983.000,849.000,2347.000,-53.000,-337.000,0.000,0.000,1
2026-01-31 17:32:10,6655054,236.000,8606.000,825.000,2388.000,148.000,-482.000,0.000,0.000,1
2026-01-31 17:32:10,6655094,272.000,8811.000,494.000,1575.000,191.000,-335.000,0.000,0.000,1
2026-01-31 17:32:10,6655134,119.000,7996.000,-251.000,-11.000,135.000,14.000,0.000,0.000,1
2026-01-31 17:32:10,6655174,-37.000,8363.000,-448.000,1219.000,-371.000,-42.000,0.000,0.000,1
2026-01-31 17:32:10,6655214,221.000,7758.000,519.000,328.000,-73.000,-152.000,0.000,0.000,1
2026-01-31 17:32:10,6655254,-201.000,8704.000,689.000,1514.000,1149.000,-1000.000,0.000,0.000,1
2026-01-31 17:32:10,6655294,-642.000,8257.000,164.000,1704.000,1357.000,-1208.000,0.000,0.000,1
2026-01-31 17:32:10,6655334,-1058.000,7878.000,-175.000,826.000,1152.000,-987.000,0.000,0.000,1
2026-01-31 17:32:10,6655374,-694.000,7661.000,180.000,1186.000,1165.000,-754.000,0.000,0.000,1
2026-01-31 17:32:10,6655414,-111.000,9022.000,-389.000,553.000,1565.000,-555.000,0.000,0.000,1
2026-01-31 17:32:10,6655454,-590.000,8114.000,-625.000,-889.000,1421.000,-513.000,0.000,0.000,1
2026-01-31 17:32:10,6655494,-345.000,8325.000,-425.000,-554.000,1281.000,-317.000,0.000,0.000,1
2026-01-31 17:32:10,6655534,-642.000,8375.000,-234.000,-1658.000,1415.000,-226.000,0.000,0.000,1
2026-01-31 17:32:10,6655574,-1233.000,8297.000,-390.000,-2340.000,1667.000,-313.000,0.000,0.000,1
2026-01-31 17:32:10,6655614,-1214.000,7531.000,-308.000,-2391.000,1147.000,-287.000,0.000,0.000,1
2026-01-31 17:32:10,6655654,-1395.000,8268.000,-310.000,-1306.000,961.000,-452.000,0.000,0.000,1
2026-01-31 17:32:10,6655694,-1400.000,8169.000,403.000,-2337.000,552.000,-614.000,0.000,0.000,1
2026-01-31 17:32:11,6655734,-1254.000,7578.000,653.000,-2181.000,568.000,-681.000,0.000,0.000,1
2026-01-31 17:32:11,6655774,-1536.000,8227.000,527.000,-1360.000,317.000,-622.000,0.000,0.000,1
2026-01-31 17:32:11,6655814,-1651.000,7872.000,831.000,-1464.000,-83.000,-624.000,0.000,0.000,1
2026-01-31 17:32:11,6655854,-1131.000,7257.000,1126.000,-992.000,-69.000,-458.000,0.000,0.000,1
2026-01-31 17:32:11,6655894,-1120.000,7838.000,921.000,225.000,269.000,-247.000,0.000,0.000,1
2026-01-31 17:32:11,6655934,-1278.000,8035.000,827.000,-71.000,256.000,-161.000,0.000,0.000,1
2026-01-31 17:32:11,6655974,-1200.000,7792.000,738.000,-42.000,257.000,-33.000,0.000,0.000,1
2026-01-31 17:32:11,6656014,-1210.000,8215.000,837.000,278.000,303.000,51.000,0.000,0.000,1
2026-01-31 17:32:11,6656054,-1112.000,8203.000,1280.000,188.000,642.000,-159.000,0.000,0.000,1
2026-01-31 17:32:11,6656094,-1270.000,8220.000,1109.000,-462.000,892.000,-195.000,0.000,0.000,1
2026-01-31 17:32:11,6656134,-1521.000,8202.000,1056.000,-594.000,915.000,-402.000,0.000,0.000,1
2026-01-31 17:32:11,6656174,-1503.000,8181.000,1122.000,-443.000,706.000,-431.000,0.000,0.000,1
2026-01-31 17:32:11,6656214,-1438.000,7941.000,1205.000,-664.000,612.000,-453.000,0.000,0.000,1
2026-01-31 17:32:11,6656254,-1585.000,7731.000,1088.000,-289.000,752.000,-498.000,0.000,0.000,1
2026-01-31 17:32:11,6656294,-1562.000,7839.000,1174.000,191.000,688.000,-445.000,0.000,0.000,1
2026-01-31 17:32:11,6656334,-1553.000,7509.000,865.000,-441.000,691.000,-114.000,0.000,0.000,1
2026-01-31 17:32:11,6656374,-1623.000,7781.000,759.000,172.000,517.000,126.000,0.000,0.000,1
2026-01-31 17:32:11,6656414,-1424.000,8112.000,1052.000,638.000,303.000,152.000,0.000,0.000,1
2026-01-31 17:32:11,6656454,-1625.000,7832.000,968.000,-262.000,424.000,207.000,0.000,0.000,1
2026-01-31 17:32:11,6656494,-1660.000,7901.000,938.000,390.000,315.000,151.000,0.000,0.000,1
2026-01-31 17:32:11,6656534,-1569.000,8247.000,1049.000,195.000,237.000,213.000,0.000,0.000,1
2026-01-31 17:32:11,6656574,-1664.000,8103.000,934.000,-501.000,218.000,263.000,0.000,0.000,1
2026-01-31 17:32:11,6656614,-1532.000,7951.000,977.000,-77.000,129.000,200.000,0.000,0.000,1
2026-01-31 17:32:11,6656654,-1539.000,8298.000,1066.000,-145.000,90.000,121.000,0.000,0.000,1
2026-01-31 17:32:11,6656694,-1588.000,7884.000,1012.000,-461.000,46.000,143.000,0.000,0.000,1
2026-01-31 17:32:12,6656734,-1497.000,7977.000,1053.000,-237.000,46.000,104.000,0.000,0.000,1
2026-01-31 17:32:12,6656774,-1553.000,7843.000,1082.000,-77.000,55.000,65.000,0.000,0.000,1
2026-01-31 17:32:12,6656814,-1541.000,8263.000,1104.000,181.000,78.000,-51.000,0.000,141.720,1
2026-01-31 17:32:12,6656857,-1565.000,8090.000,1139.000,14.000,-9.000,-104.000,0.000,141.720,1
2026-01-31 17:32:12,6656897,-1580.000,8193.000,1214.000,-11.000,47.000,-206.000,0.000,141.720,1
2026-01-31 17:32:12,6656934,-1499.000,8198.000,1250.000,27.000,135.000,-362.000,0.000,141.720,1
2026-01-31 17:32:12,6656974,-1700.000,8076.000,1114.000,10.000,287.000,-469.000,0.000,141.720,1
2026-01-31 17:32:12,6657014,-1579.000,8015.000,1391.000,271.000,312.000,-534.000,0.000,141.720,1
2026-01-31 17:32:12,6657054,-1412.000,7758.000,1250.000,-264.000,525.000,-288.000,0.000,141.720,1
2026-01-31 17:32:12,6657094,-1714.000,7781.000,840.000,-534.000,540.000,28.000,0.000,141.720,1
2026-01-31 17:32:12,6657137,-1528.000,7843.000,861.000,47.000,206.000,171.000,0.000,141.720,1
2026-01-31 17:32:12,6657174,-1470.000,7987.000,952.000,-7.000,225.000,169.000,0.000,141.720,1
2026-01-31 17:32:12,6657214,-1523.000,7865.000,940.000,-47.000,137.000,158.000,0.000,141.720,1
2026-01-31 17:32:12,6657254,-1572.000,7923.000,1053.000,124.000,-57.000,268.000,0.000,141.720,1
2026-01-31 17:32:12,6657294,-1533.000,7908.000,1319.000,-107.000,197.000,269.000,0.000,141.720,1
2026-01-31 17:32:12,6657334,-1845.000,7826.000,817.000,74.000,27.000,329.000,0.000,141.720,1
2026-01-31 17:32:12,6657374,-1455.000,7671.000,890.000,113.000,-478.000,535.000,0.000,141.720,1
2026-01-31 17:32:12,6657414,-1518.000,8079.000,909.000,1403.000,-163.000,105.000,0.000,141.720,1
2026-01-31 17:32:12,6657454,-1706.000,8045.000,959.000,749.000,-77.000,59.000,0.000,141.720,1
2026-01-31 17:32:12,6657494,-1348.000,7918.000,1010.000,591.000,-194.000,236.000,0.000,141.720,1
2026-01-31 17:32:12,6657534,-1561.000,8195.000,936.000,297.000,-18.000,317.000,0.000,141.720,1
2026-01-31 17:32:12,6657574,-1338.000,8105.000,822.000,487.000,11.000,222.000,0.000,141.720,1
2026-01-31 17:32:12,6657614,-1446.000,8291.000,695.000,242.000,138.000,252.000,0.000,141.720,1
2026-01-31 17:32:12,6657654,-1412.000,7774.000,667.000,-27.000,129.000,266.000,0.000,141.720,1
2026-01-31 17:32:12,6657694,-1320.000,7858.000,698.000,700.000,87.000,353.000,0.000,141.720,1
2026-01-31 17:32:13,6657734,-1447.000,8048.000,421.000,827.000,-18.000,406.000,0.000,141.720,1
2026-01-31 17:32:13,6657774,-1409.000,7732.000,309.000,1228.000,-370.000,460.000,0.000,141.720,1
2026-01-31 17:32:13,6657814,-1359.000,8293.000,241.000,1822.000,-477.000,430.000,0.000,0.000,1
2026-01-31 17:32:13,6657854,-1240.000,8303.000,493.000,708.000,-396.000,450.000,0.000,0.000,1
2026-01-31 17:32:13,6657894,-1128.000,8290.000,424.000,-154.000,-287.000,456.000,0.000,0.000,1
2026-01-31 17:32:13,6657934,-1229.000,8093.000,269.000,211.000,-486.000,174.000,0.000,0.000,1
2026-01-31 17:32:13,6657974,-1251.000,8975.000,486.000,559.000,126.000,-157.000,0.000,0.000,1
2026-01-31 17:32:13,6658014,-1126.000,7851.000,220.000,-737.000,147.000,-100.000,0.000,0.000,1
2026-01-31 17:32:13,6658054,-1036.000,8220.000,245.000,-8.000,-45.000,-11.000,0.000,0.000,1
2026-01-31 17:32:13,6658094,-1167.000,7925.000,160.000,-727.000,-22.000,224.000,0.000,0.000,1
2026-01-31 17:32:13,6658134,-1053.000,7963.000,209.000,-14.000,-55.000,178.000,0.000,0.000,1
2026-01-31 17:32:13,6658174,-1103.000,8304.000,294.000,-32.000,81.000,88.000,0.000,0.000,1
2026-01-31 17:32:13,6658214,-1061.000,7918.000,313.000,-406.000,106.000,140.000,0.000,0.000,1
2026-01-31 17:32:13,6658254,-1057.000,8332.000,391.000,-164.000,69.000,24.000,0.000,0.000,1
2026-01-31 17:32:13,6658294,-1092.000,8010.000,345.000,-326.000,103.000,33.000,0.000,0.000,1
2026-01-31 17:32:13,6658334,-1079.000,8206.000,321.000,-152.000,74.000,33.000,0.000,0.000,1
2026-01-31 17:32:13,6658374,-1132.000,7961.000,251.000,-79.000,-37.000,-77.000,0.000,0.000,1
2026-01-31 17:32:13,6658414,-1127.000,8190.000,531.000,182.000,64.000,-18.000,0.000,0.000,1
2026-01-31 17:32:13,6658454,-1113.000,8045.000,404.000,-379.000,40.000,64.000,0.000,0.000,1
2026-01-31 17:32:13,6658494,-1065.000,8000.000,381.000,-201.000,-29.000,28.000,0.000,0.000,1
2026-01-31 17:32:13,6658534,-1116.000,8138.000,482.000,-20.000,-14.000,33.000,0.000,0.000,1
2026-01-31 17:32:13,6658574,-1088.000,8051.000,440.000,-164.000,70.000,34.000,0.000,0.000,1
2026-01-31 17:32:13,6658614,-1153.000,8074.000,461.000,-48.000,34.000,41.000,0.000,0.000,1
2026-01-31 17:32:13,6658654,-1116.000,8095.000,431.000,-161.000,-1.000,18.000,0.000,0.000,1
2026-01-31 17:32:13,6658694,-1084.000,8051.000,417.000,-120.000,-3.000,3.000,0.000,0.000,1
2026-01-31 17:32:14,6658734,-1067.000,8096.000,483.000,-107.000,-28.000,8.000,0.000,0.000,1
2026-01-31 17:32:14,6658774,-1048.000,8029.000,475.000,-36.000,-52.000,29.000,0.000,0.000,1
2026-01-31 17:32:14,6658814,-1037.000,8134.000,521.000,34.000,-48.000,23.000,0.000,0.000,1
2026-01-31 17:32:14,6658854,-1084.000,8064.000,511.000,-56.000,-30.000,45.000,0.000,0.000,1
2026-01-31 17:32:14,6658894,-1089.000,8053.000,500.000,7.000,-14.000,63.000,0.000,0.000,1
2026-01-31 17:32:14,6658934,-1083.000,8139.000,522.000,-19.000,-25.000,60.000,0.000,0.000,1
2026-01-31 17:32:14,6658974,-1084.000,8072.000,518.000,7.000,-2.000,26.000,0.000,0.000,1
2026-01-31 17:32:14,6659014,-1067.000,8167.000,514.000,-28.000,10.000,6.000,0.000,0.000,1
2026-01-31 17:32:14,6659054,-1052.000,8039.000,487.000,-116.000,18.000,13.000,0.000,0.000,1
2026-01-31 17:32:14,6659094,-1062.000,8091.000,535.000,18.000,-4.000,-2.000,0.000,0.000,1
2026-01-31 17:32:14,6659137,-1059.000,8057.000,521.000,22.000,-17.000,22.000,0.000,0.000,1
2026-01-31 17:32:14,6659174,-1063.000,8080.000,557.000,32.000,-26.000,33.000,0.000,0.000,1
2026-01-31 17:32:14,6659214,-1107.000,8122.000,551.000,8.000,-21.000,42.000,0.000,0.000,1
2026-01-31 17:32:14,6659254,-1028.000,8077.000,494.000,-38.000,-4.000,42.000,0.000,0.000,1
2026-01-31 17:32:14,6659294,-1075.000,8044.000,511.000,53.000,-31.000,38.000,0.000,0.000,1
2026-01-31 17:32:14,6659334,-1069.000,8184.000,560.000,32.000,-20.000,-8.000,0.000,0.000,1
2026-01-31 17:32:14,6659374,-1064.000,8066.000,467.000,-83.000,29.000,-5.000,0.000,0.000,1
2026-01-31 17:32:14,6659414,-1041.000,8108.000,536.000,28.000,-5.000,-8.000,0.000,0.000,1
2026-01-31 17:32:14,6659454,-1048.000,8125.000,557.000,-4.000,23.000,-18.000,0.000,0.000,1
2026-01-31 17:32:14,6659494,-1043.000,8028.000,500.000,-34.000,28.000,-10.000,0.000,0.000,1
2026-01-31 17:32:14,6659534,-1059.000,8063.000,481.000,17.000,19.000,28.000,0.000,0.000,1
2026-01-31 17:32:14,6659574,-1092.000,8109.000,535.000,34.000,26.000,45.000,0.000,0.000,1
2026-01-31 17:32:14,6659614,-1110.000,8036.000,539.000,76.000,0.000,59.000,0.000,0.000,1
2026-01-31 17:32:14,6659654,-1070.000,8145.000,494.000,238.000,-110.000,66.000,0.000,0.000,1
2026-01-31 17:32:14,6659694,-1162.000,8251.000,527.000,52.000,-5.000,-51.000,0.000,0.000,1
2026-01-31 17:32:15,6659734,-1090.000,8072.000,489.000,-105.000,-14.000,-74.000,0.000,0.000,1
2026-01-31 17:32:15,6659774,-1103.000,8041.000,450.000,-21.000,-97.000,-26.000,0.000,0.000,1
2026-01-31 17:32:15,6659814,-1072.000,8147.000,515.000,83.000,-67.000,-62.000,0.000,0.000,1
2026-01-31 17:32:15,6659854,-1109.000,7997.000,483.000,-90.000,12.000,-82.000,0.000,0.000,1
2026-01-31 17:32:15,6659894,-1113.000,8129.000,491.000,22.000,-72.000,-34.000,0.000,0.000,1
2026-01-31 17:32:15,6659934,-1082.000,8113.000,453.000,-42.000,-61.000,-46.000,0.000,0.000,1
2026-01-31 17:32:15,6659974,-1129.000,7925.000,485.000,-31.000,-61.000,-20.000,0.000,0.000,1
2026-01-31 17:32:15,6660014,-1008.000,7960.000,454.000,190.000,-204.000,74.000,0.000,0.000,1
2026-01-31 17:32:15,6660054,-1100.000,8315.000,320.000,186.000,-278.000,21.000,0.000,0.000,1
2026-01-31 17:32:15,6660094,-1292.000,7701.000,-99.000,148.000,-721.000,80.000,0.000,0.000,1
2026-01-31 17:32:15,6660134,-699.000,7891.000,284.000,1161.000,-1185.000,204.000,0.000,0.000,1
2026-01-31 17:32:15,6660174,-1122.000,8422.000,204.000,559.000,-778.000,206.000,0.000,0.000,1
2026-01-31 17:32:15,6660214,-1105.000,7748.000,130.000,294.000,-768.000,220.000,0.000,0.000,1
2026-01-31 17:32:15,6660254,-1139.000,8450.000,212.000,1035.000,-784.000,41.000,0.000,0.000,1
2026-01-31 17:32:15,6660294,-1037.000,8282.000,576.000,333.000,-686.000,21.000,0.000,0.000,1
2026-01-31 17:32:15,6660334,-1149.000,7994.000,354.000,435.000,-505.000,-17.000,0.000,0.000,1
2026-01-31 17:32:15,6660374,-788.000,8305.000,345.000,352.000,-578.000,61.000,0.000,0.000,1
2026-01-31 17:32:15,6660414,-888.000,8126.000,272.000,-97.000,-367.000,125.000,0.000,0.000,1
2026-01-31 17:32:15,6660454,-985.000,8141.000,138.000,166.000,-198.000,95.000,0.000,0.000,1
2026-01-31 17:32:15,6660494,-924.000,8146.000,235.000,-34.000,-107.000,51.000,0.000,0.000,1
2026-01-31 17:32:15,6660534,-881.000,8218.000,433.000,22.000,79.000,-55.000,0.000,0.000,1
2026-01-31 17:32:15,6660574,-1134.000,8314.000,281.000,-214.000,308.000,-132.000,0.000,0.000,1
2026-01-31 17:32:15,6660614,-1229.000,7972.000,179.000,-362.000,161.000,-116.000,0.000,0.000,1
2026-01-31 17:32:15,6660654,-948.000,8037.000,397.000,-59.000,37.000,-111.000,0.000,0.000,1
2026-01-31 17:32:15,6660694,-1129.000,8012.000,204.000,-86.000,319.000,-149.000,0.000,0.000,1
2026-01-31 17:32:16,6660734,-1096.000,7944.000,224.000,-63.000,225.000,-105.000,0.000,0.000,1
2026-01-31 17:32:16,6660774,-1002.000,8026.000,383.000,181.000,196.000,-86.000,0.000,0.000,1
2026-01-31 17:32:16,6660814,-1154.000,8159.000,362.000,98.000,339.000,-78.000,0.000,0.000,1
2026-01-31 17:32:16,6660854,-1201.000,8077.000,288.000,47.000,281.000,-77.000,0.000,0.000,1
2026-01-31 17:32:16,6660897,-1102.000,8182.000,291.000,27.000,164.000,-57.000,0.000,0.000,1
2026-01-31 17:32:16,6660937,-1209.000,8162.000,175.000,-52.000,229.000,-59.000,0.000,0.000,1
2026-01-31 17:32:16,6660974,-1192.000,8183.000,116.000,-115.000,203.000,-67.000,0.000,0.000,1
2026-01-31 17:32:16,6661014,-1143.000,8139.000,159.000,63.000,122.000,-44.000,0.000,0.000,1
2026-01-31 17:32:16,6661054,-1135.000,8167.000,35.000,-138.000,157.000,-35.000,0.000,0.000,1
2026-01-31 17:32:16,6661094,-1220.000,8045.000,70.000,-150.000,122.000,-52.000,0.000,0.000,1
2026-01-31 17:32:16,6661137,-1226.000,8207.000,182.000,34.000,135.000,-36.000,0.000,0.000,1
2026-01-31 17:32:16,6661174,-1282.000,8164.000,158.000,-57.000,121.000,-46.000,0.000,0.000,1
2026-01-31 17:32:16,6661214,-1292.000,8057.000,241.000,-44.000,10.000,-56.000,0.000,0.000,1
2026-01-31 17:32:16,6661254,-1281.000,8073.000,303.000,-69.000,-1.000,-33.000,0.000,0.000,1
2026-01-31 17:32:16,6661294,-1291.000,8026.000,294.000,-48.000,-37.000,-37.000,0.000,0.000,1
2026-01-31 17:32:16,6661334,-1321.000,8145.000,388.000,65.000,-83.000,-63.000,0.000,0.000,1
2026-01-31 17:32:16,6661374,-1240.000,7902.000,405.000,-162.000,-143.000,-23.000,0.000,0.000,1
2026-01-31 17:32:16,6661414,-1309.000,7793.000,407.000,102.000,-62.000,23.000,0.000,0.000,1
2026-01-31 17:32:16,6661454,-1259.000,8069.000,504.000,418.000,-46.000,87.000,0.000,0.000,1
2026-01-31 17:32:16,6661494,-1232.000,8202.000,453.000,239.000,131.000,33.000,0.000,0.000,1
2026-01-31 17:32:16,6661534,-1174.000,8048.000,524.000,87.000,213.000,61.000,0.000,0.000,1
2026-01-31 17:32:16,6661574,-1217.000,8185.000,486.000,-27.000,281.000,201.000,0.000,0.000,1
2026-01-31 17:32:16,6661614,-1218.000,8061.000,418.000,-168.000,243.000,197.000,0.000,0.000,1
2026-01-31 17:32:16,6661654,-1194.000,7923.000,435.000,322.000,230.000,216.000,0.000,0.000,1
2026-01-31 17:32:16,6661694,-1257.000,8255.000,464.000,-139.000,312.000,194.000,0.000,0.000,1
2026-01-31 17:32:17,6661734,-1504.000,8062.000,773.000,77.000,426.000,-31.000,0.000,0.000,1
2026-01-31 17:32:17,6661774,-1463.000,7967.000,861.000,-332.000,418.000,20.000,0.000,0.000,1
2026-01-31 17:32:17,6661814,-1542.000,8134.000,969.000,41.000,356.000,-39.000,0.000,0.000,1
2026-01-31 17:32:17,6661854,-1554.000,8253.000,1211.000,-37.000,328.000,-117.000,0.000,0.000,1
2026-01-31 17:32:17,6661894,-1605.000,8106.000,1145.000,-320.000,349.000,-151.000,0.000,0.000,1
2026-01-31 17:32:17,6661934,-1693.000,8299.000,1110.000,-121.000,208.000,-171.000,0.000,0.000,1
2026-01-31 17:32:17,6661974,-1574.000,8059.000,1290.000,-141.000,31.000,-203.000,0.000,0.000,1
2026-01-31 17:32:17,6662014,-1692.000,7992.000,1324.000,-84.000,125.000,-229.000,0.000,0.000,1
2026-01-31 17:32:17,6662054,-1869.000,7922.000,1091.000,-149.000,182.000,-233.000,0.000,0.000,1
2026-01-31 17:32:17,6662094,-1764.000,8018.000,1103.000,38.000,84.000,-246.000,0.000,0.000,1
2026-01-31 17:32:17,6662134,-1917.000,7902.000,926.000,-5.000,263.000,-234.000,0.000,0.000,1
2026-01-31 17:32:17,6662174,-1843.000,7894.000,975.000,61.000,141.000,-146.000,0.000,0.000,1
2026-01-31 17:32:17,6662214,-1840.000,7964.000,947.000,194.000,229.000,-169.000,0.000,0.000,1
2026-01-31 17:32:17,6662254,-2002.000,7624.000,811.000,-84.000,290.000,-36.000,0.000,0.000,1
2026-01-31 17:32:17,6662294,-1847.000,7995.000,568.000,647.000,13.000,112.000,0.000,0.000,1
2026-01-31 17:32:17,6662334,-1801.000,8333.000,600.000,224.000,54.000,121.000,0.000,0.000,1
2026-01-31 17:32:17,6662374,-1860.000,7921.000,837.000,144.000,166.000,-14.000,0.000,0.000,1
2026-01-31 17:32:17,6662414,-1857.000,8058.000,874.000,133.000,214.000,78.000,0.000,0.000,1
2026-01-31 17:32:17,6662454,-1791.000,7952.000,690.000,-15.000,164.000,158.000,0.000,0.000,1
2026-01-31 17:32:17,6662494,-1683.000,8040.000,676.000,258.000,142.000,147.000,0.000,0.000,1
2026-01-31 17:32:17,6662534,-1582.000,7981.000,597.000,-17.000,206.000,84.000,0.000,0.000,1
2026-01-31 17:32:17,6662574,-1561.000,7912.000,573.000,85.000,186.000,-21.000,0.000,0.000,1
2026-01-31 17:32:17,6662614,-1627.000,8001.000,637.000,120.000,181.000,-53.000,0.000,0.000,1
2026-01-31 17:32:17,6662654,-1659.000,7913.000,650.000,35.000,181.000,-91.000,0.000,0.000,1
2026-01-31 17:32:17,6662694,-1571.000,7839.000,646.000,124.000,137.000,-36.000,0.000,0.000,1
2026-01-31 17:32:18,6662734,-1486.000,7850.000,805.000,442.000,144.000,87.000,0.000,0.000,1
2026-01-31 17:32:18,6662774,-1540.000,8087.000,804.000,424.000,307.000,192.000,0.000,0.000,1
2026-01-31 17:32:18,6662814,-1564.000,7954.000,696.000,359.000,303.000,243.000,0.000,0.000,1
2026-01-31 17:32:18,6662854,-1675.000,8103.000,615.000,503.000,320.000,222.000,0.000,0.000,1
2026-01-31 17:32:18,6662897,-1853.000,8039.000,440.000,278.000,321.000,127.000,0.000,0.000,1
2026-01-31 17:32:18,6662934,-1785.000,7962.000,460.000,295.000,227.000,141.000,0.000,0.000,1
2026-01-31 17:32:18,6662974,-1762.000,8160.000,475.000,442.000,164.000,70.000,0.000,0.000,1
2026-01-31 17:32:18,6663014,-1897.000,8043.000,301.000,78.000,199.000,69.000,0.000,0.000,1
2026-01-31 17:32:18,6663054,-1704.000,8343.000,149.000,129.000,140.000,76.000,0.000,0.000,1
2026-01-31 17:32:18,6663094,-1899.000,8073.000,21.000,-87.000,138.000,55.000,0.000,0.000,1
2026-01-31 17:32:18,6663137,-1712.000,8235.000,71.000,61.000,46.000,91.000,0.000,0.000,1
2026-01-31 17:32:18,6663174,-1667.000,8225.000,56.000,36.000,-10.000,116.000,0.000,0.000,1
2026-01-31 17:32:18,6663214,-1652.000,8206.000,75.000,87.000,-19.000,130.000,0.000,0.000,1
2026-01-31 17:32:18,6663254,-1654.000,8294.000,114.000,64.000,51.000,108.000,0.000,0.000,1
2026-01-31 17:32:18,6663294,-1658.000,8211.000,309.000,171.000,-113.000,200.000,0.000,0.000,1
2026-01-31 17:32:18,6663334,-1695.000,8367.000,422.000,26.000,-172.000,245.000,0.000,0.000,1
2026-01-31 17:32:18,6663374,-1686.000,8246.000,429.000,-155.000,-338.000,225.000,0.000,0.000,1
2026-01-31 17:32:18,6663414,-1551.000,8273.000,481.000,-107.000,-436.000,163.000,0.000,0.000,1
2026-01-31 17:32:18,6663454,-1485.000,8154.000,403.000,-317.000,-375.000,72.000,0.000,0.000,1
2026-01-31 17:32:18,6663494,-1511.000,8110.000,390.000,-247.000,-365.000,17.000,0.000,0.000,1
2026-01-31 17:32:18,6663534,-1371.000,8104.000,500.000,-158.000,-394.000,-15.000,0.000,0.000,1
2026-01-31 17:32:18,6663574,-1292.000,8075.000,504.000,-148.000,-317.000,-7.000,0.000,0.000,1
2026-01-31 17:32:18,6663614,-1287.000,8204.000,472.000,-150.000,-278.000,-25.000,0.000,0.000,1
2026-01-31 17:32:18,6663654,-1255.000,8098.000,571.000,-207.000,-218.000,-62.000,0.000,0.000,1
2026-01-31 17:32:18,6663694,-1307.000,7871.000,627.000,-327.000,-128.000,18.000,0.000,0.000,1
2026-01-31 17:32:19,6663734,-1269.000,8060.000,485.000,-83.000,-163.000,3.000,0.000,0.000,1
2026-01-31 17:32:19,6663774,-1306.000,7663.000,845.000,181.000,14.000,-133.000,0.000,0.000,1
2026-01-31 17:32:19,6663814,-1505.000,8363.000,376.000,39.000,53.000,-43.000,0.000,0.000,1
2026-01-31 17:32:19,6663854,-1487.000,7742.000,329.000,-181.000,31.000,-266.000,0.000,0.000,1
2026-01-31 17:32:19,6663894,-1600.000,8240.000,373.000,272.000,145.000,-534.000,0.000,0.000,1
2026-01-31 17:32:19,6663934,-2011.000,7755.000,31.000,250.000,25.000,-567.000,0.000,0.000,1
2026-01-31 17:32:19,6663974,-1827.000,7899.000,495.000,1165.000,-188.000,-652.000,0.000,0.000,1
2026-01-31 17:32:19,6664014,-1840.000,7828.000,363.000,481.000,-24.000,-402.000,0.000,0.000,1
2026-01-31 17:32:19,6664054,-1756.000,7847.000,319.000,329.000,41.000,-168.000,0.000,0.000,1
2026-01-31 17:32:19,6664094,-1741.000,8207.000,260.000,461.000,163.000,-36.000,0.000,0.000,1
2026-01-31 17:32:19,6664134,-1786.000,8147.000,-25.000,171.000,276.000,-95.000,0.000,0.000,1
2026-01-31 17:32:19,6664174,-1789.000,7680.000,-46.000,403.000,-26.000,125.000,0.000,0.000,1
2026-01-31 17:32:19,6664214,-1708.000,8842.000,-170.000,463.000,34.000,195.000,0.000,0.000,1
2026-01-31 17:32:19,6664254,-1784.000,8028.000,29.000,-475.000,265.000,-70.000,0.000,0.000,1
2026-01-31 17:32:19,6664294,-1685.000,8064.000,-127.000,-279.000,258.000,79.000,0.000,0.000,1
2026-01-31 17:32:19,6664334,-1644.000,7918.000,-255.000,-461.000,79.000,227.000,0.000,0.000,1
2026-01-31 17:32:19,6664374,-1411.000,7871.000,-118.000,60.000,63.000,267.000,0.000,0.000,1
2026-01-31 17:32:19,6664414,-1433.000,8126.000,-271.000,124.000,141.000,236.000,0.000,0.000,1
2026-01-31 17:32:19,6664454,-1693.000,7970.000,-386.000,190.000,-38.000,295.000,0.000,0.000,1
2026-01-31 17:32:19,6664494,-1655.000,8255.000,-105.000,160.000,-139.000,234.000,0.000,0.000,1
2026-01-31 17:32:19,6664534,-1553.000,8045.000,-15.000,-177.000,-183.000,129.000,0.000,0.000,1
2026-01-31 17:32:19,6664574,-1532.000,8261.000,-89.000,49.000,-300.000,151.000,0.000,0.000,1
2026-01-31 17:32:19,6664614,-1401.000,8199.000,18.000,-169.000,-327.000,164.000,0.000,0.000,1
2026-01-31 17:32:19,6664654,-1425.000,8175.000,96.000,73.000,-286.000,94.000,0.000,0.000,1
2026-01-31 17:32:19,6664694,-1477.000,8149.000,69.000,-432.000,-247.000,122.000,0.000,0.000,1
2026-01-31 17:32:20,6664734,-1504.000,8049.000,118.000,-168.000,-230.000,47.000,0.000,0.000,1
2026-01-31 17:32:20,6664774,-1540.000,8165.000,149.000,-304.000,-201.000,31.000,0.000,0.000,1
2026-01-31 17:32:20,6664814,-1247.000,8128.000,215.000,-285.000,-247.000,11.000,0.000,0.000,1
2026-01-31 17:32:20,6664854,-1371.000,8079.000,176.000,-323.000,-101.000,37.000,0.000,0.000,1
2026-01-31 17:32:20,6664897,-1278.000,8003.000,225.000,-330.000,-111.000,45.000,0.000,0.000,1
2026-01-31 17:32:20,6664936,-1305.000,8007.000,140.000,-354.000,11.000,14.000,0.000,0.000,1
2026-01-31 17:32:20,6664974,-1261.000,7957.000,83.000,-294.000,28.000,44.000,0.000,0.000,1
2026-01-31 17:32:20,6665014,-1208.000,7847.000,184.000,-184.000,50.000,102.000,0.000,0.000,1
2026-01-31 17:32:20,6665054,-1270.000,8146.000,131.000,-186.000,123.000,27.000,0.000,0.000,1
2026-01-31 17:32:20,6665094,-1407.000,7933.000,0.000,-183.000,147.000,-106.000,0.000,0.000,1
2026-01-31 17:32:20,6665137,-1290.000,7880.000,119.000,-207.000,86.000,-33.000,0.000,0.000,1
2026-01-31 17:32:20,6665174,-1315.000,8030.000,95.000,-144.000,169.000,-62.000,0.000,0.000,1
2026-01-31 17:32:20,6665214,-1415.000,8001.000,-69.000,-238.000,77.000,47.000,0.000,0.000,1
2026-01-31 17:32:20,6665254,-1312.000,7951.000,117.000,167.000,33.000,29.000,0.000,0.000,1
2026-01-31 17:32:20,6665294,-1363.000,8495.000,-83.000,53.000,167.000,136.000,0.000,0.000,1
2026-01-31 17:32:20,6665334,-1277.000,7965.000,-191.000,-60.000,20.000,209.000,0.000,0.000,1
2026-01-31 17:32:20,6665374,-1228.000,8380.000,75.000,452.000,-42.000,191.000,0.000,0.000,1
2026-01-31 17:32:20,6665414,-1088.000,8032.000,-68.000,-60.000,-43.000,153.000,0.000,0.000,1
2026-01-31 17:32:20,6665454,-1359.000,8326.000,-167.000,-142.000,25.000,118.000,0.000,0.000,1
2026-01-31 17:32:20,6665494,-1139.000,8061.000,-205.000,-112.000,13.000,136.000,0.000,0.000,1
2026-01-31 17:32:20,6665534,-1137.000,8269.000,-111.000,-6.000,-59.000,127.000,0.000,0.000,1
2026-01-31 17:32:20,6665574,-1100.000,7994.000,-100.000,-104.000,-149.000,-5.000,0.000,0.000,1
2026-01-31 17:32:20,6665614,-1233.000,7915.000,-203.000,-429.000,-143.000,-69.000,0.000,0.000,1
2026-01-31 17:32:20,6665654,-1035.000,8027.000,-207.000,44.000,-105.000,-150.000,0.000,0.000,1
2026-01-31 17:32:20,6665694,-1043.000,8138.000,-22.000,-71.000,-49.000,-115.000,0.000,0.000,1
2026-01-31 17:32:21,6665734,-1027.000,7889.000,-31.000,-10.000,-186.000,54.000,0.000,0.000,1
2026-01-31 17:32:21,6665774,-1055.000,8187.000,25.000,360.000,-300.000,146.000,0.000,0.000,1
2026-01-31 17:32:21,6665814,-1217.000,8341.000,30.000,-190.000,-158.000,-9.000,0.000,0.000,1
2026-01-31 17:32:21,6665854,-1251.000,8002.000,140.000,-127.000,-34.000,-208.000,0.000,0.000,1
2026-01-31 17:32:21,6665894,-1331.000,7968.000,-13.000,-240.000,60.000,-181.000,0.000,0.000,1
2026-01-31 17:32:21,6665934,-1175.000,8161.000,-30.000,-149.000,-13.000,-178.000,0.000,0.000,1
2026-01-31 17:32:21,6665974,-1142.000,8058.000,40.000,-139.000,152.000,-88.000,0.000,0.000,1
2026-01-31 17:32:21,6666014,-1162.000,7913.000,-81.000,-401.000,135.000,13.000,0.000,0.000,1
2026-01-31 17:32:21,6666054,-1032.000,7643.000,-172.000,219.000,59.000,188.000,0.000,0.000,1
2026-01-31 17:32:21,6666094,-1043.000,8284.000,-198.000,-71.000,113.000,101.000,0.000,0.000,1
2026-01-31 17:32:21,6666134,-1010.000,8025.000,-201.000,-17.000,174.000,44.000,0.000,0.000,1
2026-01-31 17:32:21,6666174,-1089.000,8404.000,-185.000,-364.000,256.000,68.000,0.000,0.000,1
2026-01-31 17:32:21,6666214,-1121.000,8124.000,-245.000,-769.000,111.000,58.000,0.000,0.000,1
2026-01-31 17:32:21,6666254,-1201.000,8191.000,-199.000,-300.000,-45.000,18.000,0.000,0.000,1
2026-01-31 17:32:21,6666294,-1035.000,8174.000,-107.000,-370.000,-116.000,27.000,0.000,0.000,1
2026-01-31 17:32:21,6666334,-1000.000,8204.000,-270.000,-362.000,-74.000,-27.000,0.000,0.000,1
2026-01-31 17:32:21,6666374,-921.000,8071.000,-278.000,-345.000,-282.000,-44.000,0.000,0.000,1
2026-01-31 17:32:21,6666414,-845.000,8134.000,-21.000,-222.000,-335.000,-136.000,0.000,0.000,1
2026-01-31 17:32:21,6666454,-869.000,7978.000,-88.000,-344.000,-242.000,-138.000,0.000,0.000,1
2026-01-31 17:32:21,6666494,-833.000,7939.000,-11.000,-81.000,-267.000,-113.000,0.000,0.000,1
2026-01-31 17:32:21,6666534,-663.000,7963.000,41.000,24.000,-159.000,26.000,0.000,0.000,1
2026-01-31 17:32:21,6666574,-691.000,8157.000,-6.000,96.000,-49.000,102.000,0.000,0.000,1
2026-01-31 17:32:21,6666614,-724.000,8086.000,-58.000,100.000,-28.000,125.000,0.000,0.000,1
2026-01-31 17:32:21,6666654,-769.000,8150.000,-108.000,180.000,15.000,118.000,0.000,0.000,1
2026-01-31 17:32:21,6666694,-828.000,8521.000,-124.000,107.000,86.000,103.000,0.000,0.000,1
2026-01-31 17:32:22,6666734,-722.000,8186.000,100.000,-46.000,6.000,-22.000,0.000,0.000,1
2026-01-31 17:32:22,6666774,-913.000,8166.000,112.000,-174.000,82.000,-100.000,0.000,0.000,1
2026-01-31 17:32:22,6666814,-910.000,7923.000,-21.000,-290.000,51.000,-123.000,0.000,177.140,1
2026-01-31 17:32:22,6666854,-934.000,8112.000,-52.000,-8.000,94.000,-88.000,0.000,177.140,1
2026-01-31 17:32:22,6666899,-914.000,7845.000,-129.000,-115.000,205.000,-193.000,0.000,177.140,1
2026-01-31 17:32:22,6666934,-932.000,7880.000,-53.000,237.000,213.000,-227.000,0.000,177.140,1
2026-01-31 17:32:22,6666974,-1013.000,8112.000,4.000,296.000,166.000,-142.000,0.000,177.140,1
2026-01-31 17:32:22,6667014,-1107.000,7962.000,70.000,-1.000,224.000,-137.000,0.000,177.140,1
2026-01-31 17:32:22,6667054,-986.000,7846.000,-153.000,461.000,-6.000,-37.000,0.000,177.140,1
2026-01-31 17:32:22,6667094,-1019.000,8521.000,-55.000,465.000,-149.000,-140.000,0.000,177.140,1
2026-01-31 17:32:22,6667137,-912.000,8090.000,-225.000,-11.000,174.000,-213.000,0.000,177.140,1
2026-01-31 17:32:22,6667175,-889.000,8070.000,-369.000,-106.000,152.000,-173.000,0.000,177.140,1
2026-01-31 17:32:22,6667214,-807.000,7780.000,-434.000,-73.000,142.000,-98.000,0.000,177.140,1
2026-01-31 17:32:22,6667254,-742.000,8205.000,-471.000,230.000,198.000,-67.000,0.000,177.140,1
2026-01-31 17:32:22,6667294,-775.000,8109.000,-579.000,36.000,266.000,-32.000,0.000,177.140,1
2026-01-31 17:32:22,6667334,-762.000,8156.000,-559.000,133.000,284.000,17.000,0.000,177.140,1
2026-01-31 17:32:22,6667374,-788.000,8238.000,-640.000,192.000,269.000,59.000,0.000,177.140,1
2026-01-31 17:32:22,6667414,-656.000,8183.000,-742.000,-1.000,264.000,39.000,0.000,177.140,1
2026-01-31 17:32:22,6667454,-722.000,8153.000,-807.000,-83.000,341.000,-91.000,0.000,177.140,1
2026-01-31 17:32:22,6667494,-769.000,8130.000,-828.000,-192.000,398.000,-182.000,0.000,177.140,1
2026-01-31 17:32:22,6667534,-881.000,8094.000,-556.000,-149.000,173.000,-301.000,0.000,177.140,1
2026-01-31 17:32:22,6667574,-1040.000,8654.000,-630.000,-147.000,36.000,-119.000,0.000,177.140,1
2026-01-31 17:32:22,6667614,-1187.000,8596.000,-144.000,-567.000,-98.000,-383.000,0.000,177.140,1
2026-01-31 17:32:22,6667654,-1259.000,8122.000,182.000,-687.000,-69.000,-542.000,0.000,177.140,1
2026-01-31 17:32:22,6667694,-1464.000,8000.000,308.000,-650.000,-111.000,-436.000,0.000,177.140,1
2026-01-31 17:32:23,6667734,-1661.000,8164.000,466.000,-612.000,-198.000,-413.000,0.000,177.140,1
2026-01-31 17:32:23,6667774,-1729.000,8015.000,562.000,-683.000,-221.000,-387.000,0.000,177.140,1
2026-01-31 17:32:23,6667814,-1743.000,8159.000,617.000,-512.000,-277.000,-350.000,0.000,40.620,1
2026-01-31 17:32:23,6667854,-1714.000,7966.000,763.000,-510.000,-360.000,-281.000,0.000,40.620,1
2026-01-31 17:32:23,6667894,-1748.000,7919.000,870.000,-513.000,-295.000,-293.000,0.000,40.620,1
2026-01-31 17:32:23,6667934,-1794.000,7860.000,791.000,-455.000,-134.000,-311.000,0.000,40.620,1
2026-01-31 17:32:23,6667974,-1576.000,7921.000,713.000,-404.000,-113.000,-257.000,0.000,40.620,1
2026-01-31 17:32:23,6668014,-1535.000,7798.000,682.000,-534.000,-9.000,-213.000,0.000,40.620,1
2026-01-31 17:32:23,6668054,-1459.000,7758.000,525.000,-539.000,100.000,-157.000,0.000,40.620,1
2026-01-31 17:32:23,6668094,-1486.000,7745.000,502.000,-189.000,165.000,-136.000,0.000,40.620,1
2026-01-31 17:32:23,6668134,-1493.000,7859.000,588.000,-39.000,173.000,-13.000,0.000,40.620,1
2026-01-31 17:32:23,6668174,-1577.000,7828.000,712.000,64.000,181.000,111.000,0.000,40.620,1
2026-01-31 17:32:23,6668214,-1525.000,8022.000,721.000,152.000,165.000,184.000,0.000,40.620,1
2026-01-31 17:32:23,6668254,-1462.000,8027.000,504.000,-16.000,190.000,170.000,0.000,40.620,1
2026-01-31 17:32:23,6668294,-1359.000,8043.000,381.000,67.000,195.000,184.000,0.000,40.620,1
2026-01-31 17:32:23,6668334,-1117.000,7984.000,130.000,59.000,193.000,277.000,0.000,40.620,1
2026-01-31 17:32:23,6668374,-1070.000,7878.000,-104.000,302.000,251.000,383.000,0.000,40.620,1
2026-01-31 17:32:23,6668414,-1009.000,8324.000,-266.000,472.000,297.000,491.000,0.000,40.620,1
2026-01-31 17:32:23,6668454,-877.000,8498.000,-460.000,335.000,369.000,479.000,0.000,40.620,1
2026-01-31 17:32:23,6668494,-814.000,8127.000,-679.000,166.000,336.000,385.000,0.000,40.620,1
2026-01-31 17:32:23,6668534,-832.000,8124.000,-543.000,265.000,225.000,251.000,0.000,40.620,1
2026-01-31 17:32:23,6668574,-813.000,8161.000,-479.000,195.000,293.000,198.000,0.000,40.620,1
2026-01-31 17:32:23,6668614,-836.000,8260.000,-689.000,108.000,381.000,141.000,0.000,40.620,1
2026-01-31 17:32:23,6668654,-847.000,8205.000,-499.000,157.000,105.000,100.000,0.000,40.620,1
2026-01-31 17:32:23,6668694,-1030.000,8275.000,-289.000,-13.000,32.000,8.000,0.000,40.620,1
2026-01-31 17:32:24,6668734,-1125.000,8361.000,-265.000,-219.000,-2.000,-89.000,0.000,40.620,1
2026-01-31 17:32:24,6668774,-1110.000,8229.000,-59.000,-151.000,-189.000,-121.000,0.000,40.620,1
2026-01-31 17:32:24,6668814,-1112.000,8231.000,151.000,-153.000,-325.000,-100.000,0.000,12.240,1
2026-01-31 17:32:24,6668854,-1200.000,8142.000,213.000,-320.000,-353.000,-112.000,0.000,12.240,1
2026-01-31 17:32:24,6668894,-1354.000,7948.000,197.000,-298.000,-289.000,-174.000,0.000,12.240,1
2026-01-31 17:32:24,6668934,-1376.000,8036.000,233.000,-260.000,-273.000,-200.000,0.000,12.240,1
2026-01-31 17:32:24,6668974,-1418.000,7928.000,273.000,-40.000,-206.000,-227.000,0.000,12.240,1
2026-01-31 17:32:24,6669014,-1469.000,8106.000,309.000,-126.000,-160.000,-186.000,0.000,12.240,1
2026-01-31 17:32:24,6669054,-1485.000,7970.000,401.000,1.000,-48.000,-199.000,0.000,12.240,1
2026-01-31 17:32:24,6669094,-1583.000,7943.000,413.000,191.000,42.000,-194.000,0.000,12.240,1
2026-01-31 17:32:24,6669138,-1437.000,7977.000,247.000,-158.000,7.000,-142.000,0.000,12.240,1
2026-01-31 17:32:24,6669174,-1423.000,7946.000,167.000,-153.000,34.000,-138.000,0.000,12.240,1
2026-01-31 17:32:24,6669214,-1412.000,8002.000,64.000,-55.000,-8.000,-63.000,0.000,12.240,1
2026-01-31 17:32:24,6669254,-1401.000,7971.000,205.000,67.000,-80.000,13.000,0.000,12.240,1
2026-01-31 17:32:24,6669294,-1454.000,8059.000,437.000,33.000,-147.000,99.000,0.000,12.240,1
2026-01-31 17:32:24,6669334,-1516.000,7998.000,493.000,-131.000,-218.000,168.000,0.000,12.240,1
2026-01-31 17:32:24,6669374,-1576.000,8026.000,544.000,-102.000,-277.000,203.000,0.000,12.240,1
2026-01-31 17:32:24,6669414,-1579.000,8063.000,678.000,114.000,-349.000,174.000,0.000,12.240,1
2026-01-31 17:32:24,6669454,-1480.000,7920.000,796.000,-99.000,-318.000,209.000,0.000,12.240,1
2026-01-31 17:32:24,6669494,-1512.000,8098.000,832.000,127.000,-239.000,192.000,0.000,12.240,1
2026-01-31 17:32:24,6669534,-1524.000,8082.000,870.000,-84.000,-192.000,163.000,0.000,12.240,1
2026-01-31 17:32:24,6669574,-1543.000,7908.000,850.000,-23.000,-177.000,106.000,0.000,12.240,1
2026-01-31 17:32:24,6669614,-1489.000,8038.000,914.000,131.000,-202.000,110.000,0.000,12.240,1
2026-01-31 17:32:24,6669654,-1528.000,7932.000,916.000,126.000,-84.000,90.000,0.000,12.240,1
2026-01-31 17:32:24,6669694,-1393.000,7952.000,844.000,216.000,-18.000,69.000,0.000,12.240,1
2026-01-31 17:32:25,6669734,-1424.000,7816.000,754.000,178.000,105.000,91.000,0.000,12.240,1
2026-01-31 17:32:25,6669774,-1405.000,7896.000,531.000,691.000,264.000,44.000,0.000,12.240,1
2026-01-31 17:32:25,6669814,-1459.000,8163.000,446.000,537.000,340.000,24.000,0.000,-1.520,1
2026-01-31 17:32:25,6669854,-1422.000,7970.000,367.000,239.000,310.000,59.000,0.000,-1.520,1
2026-01-31 17:32:25,6669894,-1501.000,8004.000,354.000,255.000,306.000,61.000,0.000,-1.520,1
2026-01-31 17:32:25,6669934,-1509.000,7938.000,337.000,207.000,270.000,68.000,0.000,-1.520,1
2026-01-31 17:32:25,6669974,-1574.000,8034.000,303.000,200.000,297.000,81.000,0.000,-1.520,1
2026-01-31 17:32:25,6670014,-1550.000,8005.000,272.000,199.000,218.000,97.000,0.000,-1.520,1
2026-01-31 17:32:25,6670054,-1579.000,7955.000,314.000,218.000,154.000,150.000,0.000,-1.520,1
2026-01-31 17:32:25,6670094,-1593.000,8029.000,280.000,309.000,77.000,240.000,0.000,-1.520,1
2026-01-31 17:32:25,6670134,-1579.000,8074.000,283.000,455.000,5.000,276.000,0.000,-1.520,1
2026-01-31 17:32:25,6670174,-1494.000,8377.000,239.000,482.000,-75.000,200.000,0.000,-1.520,1
2026-01-31 17:32:25,6670214,-1515.000,8108.000,97.000,59.000,-66.000,201.000,0.000,-1.520,1
2026-01-31 17:32:25,6670254,-1311.000,8261.000,245.000,400.000,-194.000,189.000,0.000,-1.520,1
2026-01-31 17:32:25,6670294,-1302.000,8243.000,194.000,170.000,-180.000,261.000,0.000,-1.520,1
2026-01-31 17:32:25,6670334,-1151.000,8283.000,114.000,155.000,-229.000,239.000,0.000,-1.520,1
2026-01-31 17:32:25,6670374,-1125.000,8131.000,82.000,-44.000,-172.000,171.000,0.000,-1.520,1
2026-01-31 17:32:25,6670414,-1183.000,8088.000,-17.000,61.000,-116.000,188.000,0.000,-1.520,1
2026-01-31 17:32:25,6670454,-1028.000,8158.000,-54.000,-15.000,-79.000,100.000,0.000,-1.520,1
2026-01-31 17:32:25,6670494,-949.000,7952.000,-9.000,-68.000,-38.000,109.000,0.000,-1.520,1
2026-01-31 17:32:25,6670534,-1005.000,8041.000,-18.000,-31.000,59.000,48.000,0.000,-1.520,1
2026-01-31 17:32:25,6670574,-1018.000,8044.000,-5.000,-35.000,90.000,40.000,0.000,-1.520,1
2026-01-31 17:32:25,6670614,-1030.000,7997.000,-104.000,-51.000,92.000,64.000,0.000,-1.520,1
2026-01-31 17:32:25,6670654,-928.000,8006.000,-125.000,-111.000,93.000,39.000,0.000,-1.520,1
2026-01-31 17:32:25,6670694,-975.000,8270.000,-165.000,73.000,132.000,6.000,0.000,-1.520,1
2026-01-31 17:32:26,6670734,-1125.000,7979.000,-166.000,-30.000,133.000,-41.000,0.000,-1.520,1
2026-01-31 17:32:26,6670774,-1037.000,8066.000,-148.000,51.000,63.000,-5.000,0.000,-1.520,1
2026-01-31 17:32:26,6670814,-1158.000,8022.000,-159.000,112.000,138.000,-3.000,0.000,-3.690,1
2026-01-31 17:32:26,6670854,-1057.000,8115.000,-186.000,121.000,95.000,12.000,0.000,-3.690,1
2026-01-31 17:32:26,6670897,-1125.000,8052.000,-230.000,26.000,120.000,-47.000,0.000,-3.690,1
2026-01-31 17:32:26,6670934,-1082.000,8083.000,-211.000,98.000,87.000,-41.000,0.000,-3.690,1
2026-01-31 17:32:26,6670974,-1073.000,8199.000,-221.000,7.000,35.000,19.000,0.000,-3.690,1
2026-01-31 17:32:26,6671014,-938.000,8246.000,-122.000,-85.000,-13.000,18.000,0.000,-3.690,1
2026-01-31 17:32:26,6671054,-1048.000,8373.000,-277.000,-677.000,107.000,42.000,0.000,-3.690,1
2026-01-31 17:32:26,6671094,-1110.000,8095.000,-343.000,-882.000,-47.000,16.000,0.000,-3.690,1
2026-01-31 17:32:26,6671137,-1182.000,8071.000,-82.000,197.000,-210.000,-41.000,0.000,-3.690,1
2026-01-31 17:32:26,6671174,-1136.000,8169.000,-51.000,231.000,-288.000,2.000,0.000,-3.690,1
2026-01-31 17:32:26,6671214,-1170.000,7895.000,-107.000,154.000,-378.000,91.000,0.000,-3.690,1
2026-01-31 17:32:26,6671254,-1063.000,8107.000,42.000,547.000,-450.000,74.000,0.000,-3.690,1
2026-01-31 17:32:26,6671294,-935.000,8209.000,-38.000,50.000,-93.000,6.000,0.000,-3.690,1
2026-01-31 17:32:26,6671334,-1009.000,8295.000,-70.000,6.000,-63.000,-100.000,0.000,-3.690,1
2026-01-31 17:32:26,6671374,-978.000,7459.000,62.000,-79.000,-241.000,203.000,0.000,-3.690,1
2026-01-31 17:32:26,6671414,-847.000,8638.000,-65.000,13.000,-170.000,97.000,0.000,-3.690,1
2026-01-31 17:32:26,6671454,-989.000,8061.000,171.000,-328.000,48.000,-55.000,0.000,-3.690,1
2026-01-31 17:32:26,6671494,-1129.000,8099.000,108.000,-370.000,199.000,-60.000,0.000,-3.690,1
2026-01-31 17:32:26,6671534,-1035.000,8110.000,49.000,-408.000,3.000,57.000,0.000,-3.690,1
2026-01-31 17:32:26,6671574,-1175.000,8060.000,231.000,-259.000,0.000,5.000,0.000,-3.690,1
2026-01-31 17:32:26,6671614,-1107.000,8110.000,257.000,-363.000,101.000,-27.000,0.000,-3.690,1
2026-01-31 17:32:26,6671654,-1110.000,8049.000,231.000,-442.000,48.000,-19.000,0.000,-3.690,1
2026-01-31 17:32:26,6671694,-1160.000,8058.000,202.000,-521.000,-10.000,-100.000,0.000,-3.690,1
2026-01-31 17:32:27,6671734,-1096.000,7922.000,241.000,-404.000,35.000,-134.000,0.000,-3.690,1
2026-01-31 17:32:27,6671774,-1103.000,7665.000,271.000,-143.000,76.000,-84.000,0.000,-3.690,1
2026-01-31 17:32:27,6671814,-1011.000,8294.000,243.000,355.000,65.000,4.000,0.000,-4.580,1
2026-01-31 17:32:27,6671854,-1111.000,7950.000,233.000,-81.000,149.000,14.000,0.000,-4.580,1
2026-01-31 17:32:27,6671894,-1174.000,8154.000,230.000,177.000,60.000,54.000,0.000,-4.580,1
2026-01-31 17:32:27,6671934,-1294.000,8102.000,315.000,136.000,-8.000,68.000,0.000,-4.580,1
2026-01-31 17:32:27,6671974,-1282.000,8094.000,465.000,146.000,-14.000,28.000,0.000,-4.580,1
2026-01-31 17:32:27,6672014,-1311.000,8053.000,553.000,182.000,-53.000,41.000,0.000,-4.580,1
2026-01-31 17:32:27,6672054,-1292.000,8238.000,524.000,-25.000,-30.000,25.000,0.000,-4.580,1
2026-01-31 17:32:27,6672094,-1304.000,8134.000,493.000,-41.000,19.000,-46.000,0.000,-4.580,1
2026-01-31 17:32:27,6672134,-1404.000,8078.000,465.000,-176.000,-11.000,-80.000,0.000,-4.580,1
2026-01-31 17:32:27,6672174,-1387.000,8127.000,553.000,-40.000,-25.000,-99.000,0.000,-4.580,1
2026-01-31 17:32:27,6672214,-1354.000,8005.000,539.000,-183.000,-1.000,-52.000,0.000,-4.580,1
2026-01-31 17:32:27,6672254,-1378.000,7995.000,536.000,-113.000,-10.000,-42.000,0.000,-4.580,1
2026-01-31 17:32:27,6672294,-1336.000,7997.000,478.000,-43.000,-15.000,-1.000,0.000,-4.580,1
2026-01-31 17:32:27,6672334,-1340.000,8032.000,392.000,-102.000,88.000,-1.000,0.000,-4.580,1
2026-01-31 17:32:27,6672374,-1369.000,8004.000,317.000,-82.000,117.000,-28.000,0.000,-4.580,1
2026-01-31 17:32:27,6672414,-1239.000,8055.000,452.000,77.000,-11.000,27.000,0.000,-4.580,1
2026-01-31 17:32:27,6672454,-1364.000,7936.000,419.000,-66.000,91.000,37.000,0.000,-4.580,1
2026-01-31 17:32:27,6672494,-1328.000,8105.000,454.000,81.000,-10.000,60.000,0.000,-4.580,1
2026-01-31 17:32:27,6672534,-1277.000,8026.000,473.000,-29.000,-30.000,93.000,0.000,-4.580,1
2026-01-31 17:32:27,6672574,-1321.000,8144.000,467.000,-23.000,-22.000,89.000,0.000,-4.580,1
2026-01-31 17:32:27,6672614,-1333.000,8132.000,501.000,-43.000,-86.000,93.000,0.000,-4.580,1
2026-01-31 17:32:27,6672654,-1262.000,8145.000,571.000,-83.000,-136.000,80.000,0.000,-4.580,1
2026-01-31 17:32:27,6672694,-1293.000,8049.000,562.000,-160.000,-114.000,59.000,0.000,-4.580,1
2026-01-31 17:32:28,6672734,-1301.000,8011.000,557.000,-111.000,-149.000,77.000,0.000,-4.580,1
2026-01-31 17:32:28,6672774,-1286.000,7985.000,582.000,-6.000,-157.000,93.000,0.000,-4.580,1
2026-01-31 17:32:28,6672814,-1254.000,8073.000,604.000,57.000,-100.000,100.000,0.000,-2.550,1
2026-01-31 17:32:28,6672854,-1187.000,8015.000,557.000,134.000,-128.000,123.000,0.000,-2.550,1
2026-01-31 17:32:28,6672897,-1290.000,8095.000,642.000,44.000,11.000,77.000,0.000,-2.550,1
2026-01-31 17:32:28,6672937,-1305.000,8056.000,677.000,9.000,57.000,64.000,0.000,-2.550,1
2026-01-31 17:32:28,6672974,-1257.000,8022.000,632.000,-4.000,66.000,49.000,0.000,-2.550,1
2026-01-31 17:32:28,6673014,-1372.000,7954.000,638.000,-6.000,109.000,57.000,0.000,-2.550,1
2026-01-31 17:32:28,6673054,-1185.000,8038.000,659.000,115.000,33.000,81.000,0.000,-2.550,1
2026-01-31 17:32:28,6673094,-1297.000,8038.000,650.000,164.000,32.000,134.000,0.000,-2.550,1
2026-01-31 17:32:28,6673137,-1333.000,7972.000,622.000,105.000,140.000,118.000,0.000,-2.550,1
2026-01-31 17:32:28,6673174,-1373.000,8033.000,678.000,171.000,120.000,123.000,0.000,-2.550,1
2026-01-31 17:32:28,6673214,-1338.000,8032.000,620.000,199.000,11.000,152.000,0.000,-2.550,1
2026-01-31 17:32:28,6673254,-1334.000,7972.000,590.000,219.000,24.000,149.000,0.000,-2.550,1
2026-01-31 17:32:28,6673294,-1252.000,8096.000,581.000,360.000,-22.000,149.000,0.000,-2.550,1
2026-01-31 17:32:28,6673334,-1301.000,7982.000,607.000,354.000,-63.000,190.000,0.000,-2.550,1
2026-01-31 17:32:28,6673374,-1236.000,8136.000,465.000,450.000,-60.000,188.000,0.000,-2.550,1
2026-01-31 17:32:28,6673414,-1289.000,8068.000,505.000,426.000,-2.000,171.000,0.000,-2.550,1
2026-01-31 17:32:28,6673454,-1182.000,8063.000,573.000,256.000,-29.000,175.000,0.000,-2.550,1
2026-01-31 17:32:28,6673494,-1072.000,8345.000,495.000,322.000,-137.000,252.000,0.000,-2.550,1
2026-01-31 17:32:28,6673534,-1228.000,8192.000,489.000,43.000,61.000,51.000,0.000,-2.550,1
2026-01-31 17:32:28,6673574,-1303.000,8169.000,280.000,360.000,-73.000,41.000,0.000,-2.550,1
2026-01-31 17:32:28,6673614,-1205.000,8002.000,455.000,418.000,-114.000,-26.000,0.000,-2.550,1
2026-01-31 17:32:28,6673654,-1301.000,7802.000,425.000,339.000,-5.000,3.000,0.000,-2.550,1
2026-01-31 17:32:28,6673694,-1307.000,7577.000,320.000,994.000,-120.000,170.000,0.000,-2.550,1
2026-01-31 17:32:29,6673734,-838.000,8553.000,223.000,1029.000,-28.000,338.000,0.000,-2.550,1
2026-01-31 17:32:29,6673774,-1119.000,8193.000,-92.000,-128.000,129.000,343.000,0.000,-2.550,1
2026-01-31 17:32:29,6673814,-1089.000,7762.000,46.000,502.000,34.000,167.000,0.000,0.240,1
2026-01-31 17:32:29,6673854,-781.000,8498.000,161.000,831.000,14.000,213.000,0.000,0.240,1
2026-01-31 17:32:29,6673894,-1135.000,8105.000,51.000,98.000,109.000,259.000,0.000,0.240,1
2026-01-31 17:32:29,6673934,-1092.000,8187.000,-54.000,185.000,116.000,178.000,0.000,0.240,1
2026-01-31 17:32:29,6673974,-1023.000,8117.000,-116.000,79.000,73.000,135.000,0.000,0.240,1
2026-01-31 17:32:29,6674014,-989.000,8174.000,-119.000,74.000,48.000,91.000,0.000,0.240,1
2026-01-31 17:32:29,6674054,-930.000,8151.000,-132.000,57.000,73.000,42.000,0.000,0.240,1
2026-01-31 17:32:29,6674094,-950.000,8154.000,-149.000,47.000,83.000,65.000,0.000,0.240,1
2026-01-31 17:32:29,6674134,-976.000,8206.000,-169.000,-28.000,69.000,38.000,0.000,0.240,1
2026-01-31 17:32:29,6674174,-933.000,8088.000,-107.000,-32.000,17.000,29.000,0.000,0.240,1
2026-01-31 17:32:29,6674214,-956.000,8062.000,-114.000,4.000,19.000,48.000,0.000,0.240,1
2026-01-31 17:32:29,6674254,-1010.000,8171.000,-128.000,36.000,14.000,51.000,0.000,0.240,1
2026-01-31 17:32:29,6674294,-999.000,8100.000,-66.000,-30.000,-25.000,18.000,0.000,0.240,1
2026-01-31 17:32:29,6674334,-873.000,7846.000,-174.000,275.000,-265.000,214.000,0.000,0.240,1
2026-01-31 17:32:29,6674374,-1049.000,8579.000,50.000,101.000,-37.000,41.000,0.000,0.240,1
2026-01-31 17:32:29,6674414,-1045.000,7912.000,60.000,-142.000,85.000,-44.000,0.000,0.240,1
2026-01-31 17:32:29,6674454,-982.000,8200.000,-50.000,12.000,-10.000,58.000,0.000,0.240,1
2026-01-31 17:32:29,6674494,-985.000,8036.000,-93.000,-48.000,52.000,39.000,0.000,0.240,1
2026-01-31 17:32:29,6674534,-1052.000,8159.000,-81.000,65.000,53.000,4.000,0.000,0.240,1
2026-01-31 17:32:29,6674574,-1018.000,8112.000,-70.000,19.000,51.000,-40.000,0.000,0.240,1
2026-01-31 17:32:29,6674614,-1114.000,8098.000,-87.000,-20.000,103.000,-41.000,0.000,0.240,1
2026-01-31 17:32:29,6674654,-1021.000,8072.000,-144.000,15.000,55.000,-31.000,0.000,0.240,1
2026-01-31 17:32:29,6674694,-1042.000,8099.000,-117.000,44.000,-21.000,-16.000,0.000,0.240,1
2026-01-31 17:32:30,6674734,-966.000,8202.000,-101.000,55.000,-12.000,-25.000,0.000,0.240,1
2026-01-31 17:32:30,6674774,-1057.000,8005.000,-113.000,-76.000,26.000,-9.000,0.000,0.240,1
2026-01-31 17:32:30,6674814,-1020.000,8159.000,-32.000,93.000,-27.000,9.000,0.000,33.860,1
2026-01-31 17:32:30,6674854,-1104.000,7673.000,-108.000,165.000,-200.000,95.000,0.000,33.860,1
2026-01-31 17:32:30,6674894,-932.000,8545.000,-148.000,544.000,-158.000,211.000,0.000,33.860,1
2026-01-31 17:32:30,6674934,-1049.000,8315.000,-3.000,-390.000,101.000,-75.000,0.000,33.860,1
2026-01-31 17:32:30,6674974,-1017.000,8096.000,11.000,-409.000,88.000,-96.000,0.000,33.860,1
2026-01-31 17:32:30,6675014,-1033.000,8364.000,-65.000,-680.000,63.000,92.000,0.000,33.860,1
2026-01-31 17:32:30,6675054,-1208.000,7939.000,-41.000,-732.000,-55.000,94.000,0.000,33.860,1
2026-01-31 17:32:30,6675094,-1128.000,8231.000,256.000,-193.000,-188.000,76.000,0.000,33.860,1
2026-01-31 17:32:30,6675137,-1106.000,8179.000,451.000,-347.000,-243.000,62.000,0.000,33.860,1
2026-01-31 17:32:30,6675174,-1045.000,8193.000,546.000,-341.000,-235.000,44.000,0.000,33.860,1
2026-01-31 17:32:30,6675214,-1054.000,8264.000,610.000,-809.000,-178.000,63.000,0.000,33.860,1
2026-01-31 17:32:30,6675254,-1249.000,7984.000,567.000,-1023.000,-228.000,96.000,0.000,33.860,1
2026-01-31 17:32:30,6675294,-1244.000,8120.000,885.000,-599.000,-322.000,18.000,0.000,33.860,1
2026-01-31 17:32:30,6675334,-1266.000,7904.000,977.000,-620.000,-285.000,38.000,0.000,33.860,1
2026-01-31 17:32:30,6675374,-1247.000,7929.000,1125.000,-210.000,-291.000,22.000,0.000,33.860,1
2026-01-31 17:32:30,6675414,-1023.000,8069.000,1225.000,202.000,-174.000,48.000,0.000,33.860,1
2026-01-31 17:32:30,6675454,-1226.000,8159.000,1111.000,-63.000,3.000,-12.000,0.000,33.860,1
2026-01-31 17:32:30,6675494,-1345.000,8103.000,882.000,320.000,-14.000,-14.000,0.000,33.860,1
2026-01-31 17:32:30,6675534,-1241.000,8045.000,964.000,273.000,58.000,-106.000,0.000,33.860,1
2026-01-31 17:32:30,6675574,-1215.000,7910.000,851.000,122.000,152.000,-135.000,0.000,33.860,1
2026-01-31 17:32:30,6675614,-1272.000,7893.000,561.000,436.000,132.000,-90.000,0.000,33.860,1
2026-01-31 17:32:30,6675654,-962.000,8024.000,787.000,705.000,168.000,-40.000,0.000,33.860,1
2026-01-31 17:32:30,6675694,-1147.000,8226.000,626.000,278.000,331.000,60.000,0.000,33.860,1
2026-01-31 17:32:31,6675734,-1066.000,8035.000,509.000,95.000,256.000,62.000,0.000,33.860,1
2026-01-31 17:32:31,6675774,-1212.000,8072.000,435.000,128.000,249.000,75.000,0.000,33.860,1
2026-01-31 17:32:31,6675814,-1057.000,8069.000,335.000,134.000,261.000,90.000,0.000,36.310,1
2026-01-31 17:32:31,6675854,-1044.000,8152.000,192.000,173.000,276.000,95.000,0.000,36.310,1
2026-01-31 17:32:31,6675894,-1012.000,8232.000,205.000,204.000,228.000,151.000,0.000,36.310,1
2026-01-31 17:32:31,6675934,-1059.000,8204.000,116.000,205.000,284.000,93.000,0.000,36.310,1
2026-01-31 17:32:31,6675974,-1364.000,8289.000,-69.000,256.000,197.000,-49.000,0.000,36.310,1
2026-01-31 17:32:31,6676014,-1503.000,8342.000,-45.000,467.000,-69.000,-313.000,0.000,36.310,1
2026-01-31 17:32:31,6676054,-1489.000,8275.000,-180.000,602.000,-480.000,-424.000,0.000,36.310,1
2026-01-31 17:32:31,6676094,-883.000,7736.000,258.000,151.000,-784.000,-231.000,0.000,36.310,1
2026-01-31 17:32:31,6676134,-726.000,7578.000,186.000,397.000,-541.000,156.000,0.000,36.310,1
2026-01-31 17:32:31,6676174,-942.000,8199.000,-31.000,873.000,-179.000,122.000,0.000,36.310,1
2026-01-31 17:32:31,6676214,-1131.000,8247.000,-165.000,427.000,-4.000,-53.000,0.000,36.310,1
2026-01-31 17:32:31,6676254,-1057.000,8089.000,167.000,621.000,-76.000,26.000,0.000,36.310,1
2026-01-31 17:32:31,6676294,-1341.000,8112.000,60.000,737.000,-112.000,145.000,0.000,36.310,1
2026-01-31 17:32:31,6676334,-1290.000,8376.000,25.000,386.000,-291.000,240.000,0.000,36.310,1
2026-01-31 17:32:31,6676374,-1325.000,8013.000,-17.000,313.000,-238.000,156.000,0.000,36.310,1
2026-01-31 17:32:31,6676414,-1124.000,8245.000,-109.000,355.000,-170.000,51.000,0.000,36.310,1
2026-01-31 17:32:31,6676454,-936.000,8114.000,-305.000,152.000,-127.000,11.000,0.000,36.310,1
2026-01-31 17:32:31,6676494,-825.000,8183.000,-293.000,-92.000,-10.000,38.000,0.000,36.310,1
2026-01-31 17:32:31,6676534,-918.000,8009.000,-380.000,18.000,89.000,88.000,0.000,36.310,1
2026-01-31 17:32:31,6676574,-954.000,8100.000,-496.000,53.000,61.000,151.000,0.000,36.310,1
2026-01-31 17:32:31,6676614,-843.000,8112.000,-467.000,45.000,-34.000,183.000,0.000,36.310,1
2026-01-31 17:32:31,6676654,-933.000,8184.000,-508.000,85.000,20.000,156.000,0.000,36.310,1
2026-01-31 17:32:31,6676694,-885.000,8109.000,-507.000,36.000,-80.000,119.000,0.000,36.310,1
2026-01-31 17:32:32,6676734,-916.000,8144.000,-465.000,-36.000,-94.000,65.000,0.000,36.310,1
2026-01-31 17:32:32,6676774,-946.000,8157.000,-493.000,2.000,-113.000,2.000,0.000,36.310,1
2026-01-31 17:32:32,6676814,-905.000,8134.000,-450.000,-16.000,-186.000,-25.000,0.000,13.360,1
2026-01-31 17:32:32,6676854,-903.000,8179.000,-346.000,40.000,-215.000,-8.000,0.000,13.360,1
2026-01-31 17:32:32,6676897,-1017.000,7973.000,-226.000,-45.000,-226.000,-24.000,0.000,13.360,1
2026-01-31 17:32:32,6676937,-1053.000,8137.000,-227.000,-2.000,-231.000,-82.000,0.000,13.360,1
2026-01-31 17:32:32,6676974,-1097.000,8056.000,-244.000,-54.000,-217.000,-122.000,0.000,13.360,1
2026-01-31 17:32:32,6677014,-1038.000,8031.000,-152.000,-91.000,-183.000,-195.000,0.000,13.360,1
2026-01-31 17:32:32,6677054,-1090.000,8073.000,-138.000,-68.000,-111.000,-200.000,0.000,13.360,1
2026-01-31 17:32:32,6677094,-1082.000,8049.000,-129.000,-115.000,-88.000,-179.000,0.000,13.360,1
2026-01-31 17:32:32,6677140,-1027.000,7932.000,-330.000,-25.000,45.000,-138.000,0.000,13.360,1
2026-01-31 17:32:32,6677174,-975.000,7977.000,-391.000,17.000,80.000,-119.000,0.000,13.360,1
2026-01-31 17:32:32,6677214,-963.000,7891.000,-484.000,161.000,136.000,-20.000,0.000,13.360,1
2026-01-31 17:32:32,6677254,-883.000,8143.000,-530.000,171.000,195.000,68.000,0.000,13.360,1
2026-01-31 17:32:32,6677294,-841.000,8065.000,-603.000,226.000,222.000,122.000,0.000,13.360,1
2026-01-31 17:32:32,6677334,-929.000,8229.000,-697.000,204.000,242.000,146.000,0.000,13.360,1
2026-01-31 17:32:32,6677374,-909.000,7853.000,-725.000,-45.000,19.000,198.000,0.000,13.360,1
2026-01-31 17:32:32,6677414,-828.000,8791.000,-861.000,175.000,24.000,104.000,0.000,13.360,1
2026-01-31 17:32:32,6677454,-991.000,7987.000,-652.000,-411.000,203.000,-162.000,0.000,13.360,1
2026-01-31 17:32:32,6677494,-933.000,8032.000,-632.000,-340.000,244.000,-182.000,0.000,13.360,1
2026-01-31 17:32:32,6677534,-968.000,8007.000,-791.000,-30.000,149.000,-73.000,0.000,13.360,1
2026-01-31 17:32:32,6677574,-883.000,8003.000,-855.000,-301.000,131.000,-4.000,0.000,13.360,1
2026-01-31 17:32:32,6677614,-877.000,7806.000,-964.000,-250.000,87.000,102.000,0.000,13.360,1
2026-01-31 17:32:32,6677654,-851.000,8129.000,-776.000,242.000,-111.000,96.000,0.000,13.360,1
2026-01-31 17:32:32,6677694,-905.000,8013.000,-612.000,101.000,-135.000,100.000,0.000,13.360,1
2026-01-31 17:32:33,6677734,-1055.000,8241.000,-569.000,96.000,-121.000,30.000,0.000,13.360,1
2026-01-31 17:32:33,6677774,-908.000,8150.000,-409.000,144.000,-446.000,25.000,0.000,13.360,1
2026-01-31 17:32:33,6677814,-668.000,8392.000,-709.000,302.000,-533.000,141.000,0.000,-10.560,1
2026-01-31 17:32:33,6677854,-678.000,8511.000,-391.000,-420.000,-385.000,-25.000,0.000,-10.560,1
2026-01-31 17:32:33,6677894,-618.000,7993.000,-353.000,-516.000,-218.000,3.000,0.000,-10.560,1
2026-01-31 17:32:33,6677934,-561.000,8363.000,-320.000,-865.000,45.000,47.000,0.000,-10.560,1
2026-01-31 17:32:33,6677974,-705.000,8015.000,-311.000,-1236.000,239.000,-36.000,0.000,-10.560,1
2026-01-31 17:32:33,6678014,-600.000,7987.000,-200.000,-1039.000,398.000,-47.000,0.000,-10.560,1
2026-01-31 17:32:33,6678054,-724.000,7988.000,-44.000,-997.000,474.000,35.000,0.000,-10.560,1
2026-01-31 17:32:33,6678094,-840.000,8020.000,49.000,-1154.000,547.000,72.000,0.000,-10.560,1
2026-01-31 17:32:33,6678134,-908.000,8047.000,223.000,-739.000,557.000,-74.000,0.000,-10.560,1
2026-01-31 17:32:33,6678174,-886.000,7904.000,75.000,-1098.000,609.000,-85.000,0.000,-10.560,1
2026-01-31 17:32:33,6678214,-854.000,7932.000,45.000,-746.000,585.000,-125.000,0.000,-10.560,1
2026-01-31 17:32:33,6678254,-846.000,8150.000,223.000,-621.000,629.000,-128.000,0.000,-10.560,1
2026-01-31 17:32:33,6678294,-1028.000,8032.000,310.000,-860.000,737.000,-111.000,0.000,-10.560,1
2026-01-31 17:32:33,6678334,-977.000,8326.000,374.000,-692.000,617.000,-117.000,0.000,-10.560,1
2026-01-31 17:32:33,6678374,-1091.000,8266.000,675.000,-1521.000,527.000,25.000,0.000,-10.560,1
2026-01-31 17:32:33,6678414,-1276.000,9745.000,2137.000,-3139.000,152.000,170.000,0.000,-10.560,1
2026-01-31 17:32:33,6678454,-1119.000,10166.000,3199.000,-10372.000,132.000,631.000,0.000,-10.560,1
2026-01-31 17:32:33,6678494,-1112.000,8303.000,3694.000,-16028.000,828.000,1094.000,0.000,-10.560,1
2026-01-31 17:32:33,6678534,-1269.000,9076.000,4602.000,-22569.000,341.000,1835.000,0.000,-10.560,1
2026-01-31 17:32:33,6678574,-1510.000,2979.000,3307.000,-24324.000,-1679.000,2491.000,0.000,-10.560,1
2026-01-31 17:32:33,6678614,163.000,-444.000,5975.000,-10567.000,-3956.000,-65.000,0.000,-10.560,1
2026-01-31 17:32:33,6678654,-193.000,7026.000,8537.000,-3327.000,-3385.000,-1276.000,0.000,-10.560,1
2026-01-31 17:32:33,6678694,-257.000,3046.000,7539.000,-9741.000,-3998.000,-1469.000,0.000,-10.560,1
2026-01-31 17:32:34,6678734,-263.000,1515.000,7175.000,-6031.000,-3705.000,-2923.000,0.000,-10.560,1
2026-01-31 17:32:34,6678774,694.000,2179.000,7815.000,-2761.000,-3541.000,-3322.000,0.000,-10.560,1
2026-01-31 17:32:34,6678814,1305.000,1229.000,7750.000,-2728.000,-2863.000,-2810.000,0.000,-15.300,1
2026-01-31 17:32:34,6678857,1890.000,1157.000,8174.000,-1122.000,-1693.000,-2054.000,0.000,-15.300,1
2026-01-31 17:32:34,6678896,1787.000,870.000,8304.000,-1856.000,-502.000,-1419.000,0.000,-15.300,1
2026-01-31 17:32:34,6678934,1947.000,701.000,8156.000,-1635.000,-301.000,-1199.000,0.000,-15.300,1
2026-01-31 17:32:34,6678974,2247.000,701.000,8287.000,-1273.000,46.000,-918.000,0.000,-15.300,1
2026-01-31 17:32:34,6679014,2380.000,469.000,8496.000,-1187.000,380.000,-581.000,0.000,-15.300,1
2026-01-31 17:32:34,6679054,1941.000,392.000,8660.000,-2383.000,488.000,10.000,0.000,-15.300,1
2026-01-31 17:32:34,6679094,1527.000,-307.000,8473.000,-2731.000,152.000,54.000,0.000,-15.300,1
2026-01-31 17:32:34,6679137,1014.000,-113.000,8392.000,-2976.000,-602.000,-7.000,0.000,-15.300,1
2026-01-31 17:32:34,6679174,944.000,-281.000,8547.000,-2886.000,-928.000,-244.000,0.000,-15.300,1
2026-01-31 17:32:34,6679214,1577.000,695.000,8909.000,-2231.000,-962.000,-1226.000,0.000,-15.300,1
2026-01-31 17:32:34,6679254,912.000,647.000,7920.000,-3124.000,-385.000,-1163.000,0.000,-15.300,1
2026-01-31 17:32:34,6679294,1198.000,-1291.000,7825.000,-4662.000,169.000,-1290.000,0.000,-15.300,1
2026-01-31 17:32:34,6679334,1303.000,-671.000,7422.000,-2807.000,120.000,-1276.000,0.000,-15.300,1
2026-01-31 17:32:34,6679374,1749.000,-2158.000,7896.000,-2852.000,210.000,-1031.000,0.000,-15.300,1
2026-01-31 17:32:34,6679414,1692.000,-743.000,7631.000,-190.000,689.000,-967.000,0.000,-15.300,1
2026-01-31 17:32:34,6679454,1858.000,-2340.000,7619.000,-2004.000,615.000,-872.000,0.000,-15.300,1
2026-01-31 17:32:34,6679494,1854.000,-1766.000,7741.000,-82.000,710.000,-929.000,0.000,-15.300,1
2026-01-31 17:32:34,6679534,1735.000,-1713.000,7858.000,-243.000,592.000,-1222.000,0.000,-15.300,1
2026-01-31 17:32:34,6679574,2158.000,-2265.000,7389.000,202.000,67.000,-1277.000,0.000,-15.300,1
2026-01-31 17:32:34,6679614,1730.000,-1700.000,8055.000,218.000,-64.000,-672.000,0.000,-15.300,1
2026-01-31 17:32:34,6679654,1112.000,-1365.000,7843.000,224.000,27.000,-567.000,0.000,-15.300,1
2026-01-31 17:32:34,6679694,1857.000,-1063.000,8382.000,285.000,-39.000,-875.000,0.000,-15.300,1
2026-01-31 17:32:35,6679734,2019.000,-1894.000,7688.000,79.000,-105.000,-817.000,0.000,-15.300,1
2026-01-31 17:32:35,6679774,2232.000,-1747.000,8152.000,923.000,-298.000,-521.000,0.000,-15.300,1
2026-01-31 17:32:35,6679814,1411.000,-123.000,8210.000,1470.000,-71.000,-408.000,0.000,0.000,1
2026-01-31 17:32:35,6679854,1732.000,-1094.000,7783.000,5.000,-322.000,-543.000,0.000,0.000,1
2026-01-31 17:32:35,6679894,1627.000,-963.000,7800.000,5.000,-523.000,-193.000,0.000,0.000,1
2026-01-31 17:32:35,6679934,1710.000,-174.000,8388.000,-147.000,-475.000,-439.000,0.000,0.000,1
2026-01-31 17:32:35,6679974,1883.000,-1457.000,8222.000,-508.000,-530.000,-585.000,0.000,0.000,1
2026-01-31 17:32:35,6680014,2004.000,-469.000,8308.000,516.000,-470.000,-577.000,0.000,0.000,1
2026-01-31 17:32:35,6680054,2392.000,-908.000,8342.000,-15.000,-177.000,-415.000,0.000,0.000,1
2026-01-31 17:32:35,6680094,2409.000,-747.000,8276.000,53.000,95.000,-345.000,0.000,0.000,1
2026-01-31 17:32:35,6680134,2374.000,-1350.000,7988.000,-51.000,16.000,-250.000,0.000,0.000,1
2026-01-31 17:32:35,6680174,2440.000,-771.000,8080.000,104.000,-101.000,-138.000,0.000,0.000,1
2026-01-31 17:32:35,6680214,2147.000,-1269.000,7887.000,-22.000,-87.000,-195.000,0.000,0.000,1
2026-01-31 17:32:35,6680254,2188.000,-1307.000,7945.000,116.000,-119.000,-233.000,0.000,0.000,1
2026-01-31 17:32:35,6680294,2033.000,-1104.000,8168.000,203.000,-1.000,-244.000,0.000,0.000,1
2026-01-31 17:32:35,6680334,2002.000,-1307.000,7811.000,652.000,2.000,-151.000,0.000,0.000,1
2026-01-31 17:32:35,6680374,2546.000,-927.000,8126.000,41.000,-125.000,43.000,0.000,0.000,1
2026-01-31 17:32:35,6680414,2037.000,-1128.000,8068.000,169.000,-64.000,16.000,0.000,0.000,1
2026-01-31 17:32:35,6680454,2176.000,-753.000,8122.000,420.000,-56.000,48.000,0.000,0.000,1
2026-01-31 17:32:35,6680494,2136.000,-783.000,8167.000,114.000,44.000,54.000,0.000,0.000,1
2026-01-31 17:32:35,6680534,2209.000,-1009.000,8072.000,-33.000,131.000,150.000,0.000,0.000,1
2026-01-31 17:32:35,6680574,2049.000,-855.000,8121.000,-218.000,157.000,249.000,0.000,0.000,1
2026-01-31 17:32:35,6680614,2031.000,-1145.000,7911.000,126.000,78.000,283.000,0.000,0.000,1
2026-01-31 17:32:35,6680654,1997.000,-1196.000,8019.000,174.000,-51.000,209.000,0.000,0.000,1
2026-01-31 17:32:35,6680694,2008.000,-1399.000,8254.000,141.000,-203.000,118.000,0.000,0.000,1
2026-01-31 17:32:36,6680734,2249.000,-1529.000,8040.000,26.000,9.000,-97.000,0.000,0.000,1
2026-01-31 17:32:36,6680774,2203.000,-1943.000,7569.000,476.000,177.000,427.000,0.000,0.000,1
2026-01-31 17:32:36,6680814,1998.000,-1776.000,8089.000,196.000,62.000,859.000,0.000,0.000,1
2026-01-31 17:32:36,6680854,1842.000,-1786.000,7933.000,248.000,-85.000,872.000,0.000,0.000,1
2026-01-31 17:32:36,6680894,1785.000,-1694.000,8118.000,-161.000,-315.000,712.000,0.000,0.000,1
2026-01-31 17:32:36,6680934,1835.000,-1658.000,7990.000,420.000,-318.000,374.000,0.000,0.000,1
2026-01-31 17:32:36,6680974,1682.000,-1556.000,7916.000,234.000,-210.000,386.000,0.000,0.000,1
2026-01-31 17:32:36,6681014,1663.000,-1587.000,7882.000,344.000,-114.000,331.000,0.000,0.000,1
2026-01-31 17:32:36,6681054,1603.000,-1170.000,8015.000,683.000,15.000,255.000,0.000,0.000,1
2026-01-31 17:32:36,6681094,1656.000,-1254.000,7890.000,483.000,155.000,287.000,0.000,0.000,1
2026-01-31 17:32:36,6681137,1737.000,-1354.000,7897.000,460.000,265.000,333.000,0.000,0.000,1
2026-01-31 17:32:36,6681176,1715.000,-1213.000,7969.000,554.000,294.000,330.000,0.000,0.000,1
2026-01-31 17:32:36,6681214,1804.000,-994.000,7992.000,1188.000,320.000,398.000,0.000,0.000,1
2026-01-31 17:32:36,6681254,2078.000,-1179.000,8074.000,783.000,300.000,571.000,0.000,0.000,1
2026-01-31 17:32:36,6681294,1839.000,-718.000,8196.000,436.000,-51.000,407.000,0.000,0.000,1
2026-01-31 17:32:36,6681334,2151.000,-539.000,8464.000,-38.000,-98.000,501.000,0.000,0.000,1
2026-01-31 17:32:36,6681374,1929.000,-1096.000,8368.000,-620.000,99.000,644.000,0.000,0.000,1
2026-01-31 17:32:36,6681414,2270.000,-1763.000,7739.000,-97.000,-79.000,896.000,0.000,0.000,1
2026-01-31 17:32:36,6681454,1996.000,-1484.000,8070.000,882.000,-291.000,1144.000,0.000,0.000,1
2026-01-31 17:32:36,6681494,2151.000,-570.000,8968.000,926.000,198.000,1237.000,0.000,0.000,1
2026-01-31 17:32:36,6681534,1559.000,-658.000,8057.000,-317.000,658.000,1567.000,0.000,0.000,1
2026-01-31 17:32:36,6681574,1504.000,-1260.000,7227.000,-1297.000,332.000,1601.000,0.000,0.000,1
2026-01-31 17:32:36,6681614,1584.000,-2041.000,6424.000,541.000,-197.000,1491.000,0.000,0.000,1
2026-01-31 17:32:36,6681654,2198.000,1410.000,8024.000,2578.000,-685.000,1003.000,0.000,0.000,1
2026-01-31 17:32:36,6681694,1480.000,518.000,7515.000,1519.000,-210.000,131.000,0.000,0.000,1
2026-01-31 17:32:37,6681734,1308.000,-333.000,7699.000,4382.000,-85.000,-568.000,0.000,0.000,1
2026-01-31 17:32:37,6681774,1439.000,799.000,8383.000,5175.000,929.000,-717.000,0.000,0.000,1
2026-01-31 17:32:37,6681814,612.000,-356.000,6513.000,3606.000,585.000,759.000,0.000,0.000,1
2026-01-31 17:32:37,6681854,1747.000,-342.000,7176.000,3725.000,-456.000,1595.000,0.000,0.000,1
2026-01-31 17:32:37,6681894,1879.000,1838.000,9271.000,4164.000,109.000,1905.000,0.000,0.000,1
2026-01-31 17:32:37,6681934,1173.000,-93.000,8486.000,2489.000,394.000,2096.000,0.000,0.000,1
2026-01-31 17:32:37,6681974,1681.000,2887.000,9886.000,3197.000,688.000,1823.000,0.000,0.000,1
2026-01-31 17:32:37,6682014,1086.000,1203.000,9489.000,1349.000,486.000,815.000,0.000,0.000,1
2026-01-31 17:32:37,6682054,1209.000,1942.000,8794.000,3378.000,449.000,-118.000,0.000,0.000,1
2026-01-31 17:32:37,6682094,1256.000,3399.000,9201.000,1986.000,607.000,-492.000,0.000,0.000,1
2026-01-31 17:32:37,6682134,1507.000,2299.000,9126.000,-2385.000,165.000,-768.000,0.000,0.000,1
2026-01-31 17:32:37,6682174,1438.000,865.000,8292.000,-3135.000,-111.000,-897.000,0.000,0.000,1
2026-01-31 17:32:37,6682214,1641.000,1705.000,8792.000,-2754.000,-339.000,-1232.000,0.000,0.000,1
2026-01-31 17:32:37,6682254,1573.000,821.000,8694.000,-4843.000,-910.000,-1582.000,0.000,0.000,1
2026-01-31 17:32:37,6682294,1678.000,54.000,7951.000,-3982.000,-1273.000,-1732.000,0.000,0.000,1
2026-01-31 17:32:37,6682334,1867.000,438.000,8355.000,-3194.000,-1602.000,-1777.000,0.000,0.000,1
2026-01-31 17:32:37,6682374,1856.000,66.000,7996.000,-3014.000,-1665.000,-1960.000,0.000,0.000,1
2026-01-31 17:32:37,6682414,1869.000,770.000,8226.000,-2783.000,-1714.000,-2341.000,0.000,0.000,1
2026-01-31 17:32:37,6682454,1740.000,11.000,7638.000,-3864.000,-2286.000,-2949.000,0.000,0.000,1
2026-01-31 17:32:37,6682494,2360.000,-240.000,7665.000,-2747.000,-2647.000,-3608.000,0.000,0.000,1
2026-01-31 17:32:37,6682534,2825.000,-335.000,7646.000,-2190.000,-2297.000,-3454.000,0.000,0.000,1
2026-01-31 17:32:37,6682574,3030.000,-866.000,7583.000,-1992.000,-1848.000,-2976.000,0.000,0.000,1
2026-01-31 17:32:37,6682614,3124.000,-939.000,7416.000,-1068.000,-1297.000,-2224.000,0.000,0.000,1
2026-01-31 17:32:37,6682654,3225.000,-920.000,7465.000,-641.000,-879.000,-1500.000,0.000,0.000,1
2026-01-31 17:32:37,6682694,3262.000,-698.000,7526.000,-615.000,-387.000,-810.000,0.000,0.000,1
2026-01-31 17:32:38,6682734,3140.000,-943.000,7457.000,51.000,44.000,-175.000,0.000,0.000,1
2026-01-31 17:32:38,6682774,3203.000,-553.000,7782.000,387.000,183.000,55.000,0.000,0.000,1
2026-01-31 17:32:38,6682814,3051.000,-831.000,7723.000,-119.000,327.000,175.000,0.000,0.000,1
2026-01-31 17:32:38,6682857,3065.000,-1125.000,7243.000,998.000,124.000,443.000,0.000,0.000,1
2026-01-31 17:32:38,6682896,3354.000,-627.000,7966.000,909.000,135.000,583.000,0.000,0.000,1
2026-01-31 17:32:38,6682934,3277.000,-1026.000,7782.000,1051.000,337.000,705.000,0.000,0.000,1
2026-01-31 17:32:38,6682974,3011.000,-704.000,7503.000,3157.000,900.000,843.000,0.000,0.000,1
2026-01-31 17:32:38,6683014,2867.000,-107.000,7716.000,4043.000,1016.000,882.000,0.000,0.000,1
2026-01-31 17:32:38,6683054,2939.000,797.000,8107.000,2530.000,1097.000,976.000,0.000,0.000,1
2026-01-31 17:32:38,6683094,2661.000,102.000,7654.000,2667.000,864.000,796.000,0.000,0.000,1
2026-01-31 17:32:38,6683134,2773.000,1424.000,7841.000,3923.000,869.000,416.000,0.000,0.000,1
2026-01-31 17:32:38,6683174,2488.000,1358.000,7836.000,2819.000,1041.000,341.000,0.000,0.000,1
2026-01-31 17:32:38,6683214,2359.000,1214.000,7819.000,2744.000,1048.000,148.000,0.000,0.000,1
2026-01-31 17:32:38,6683254,2162.000,1567.000,8054.000,2689.000,968.000,14.000,0.000,0.000,1
2026-01-31 17:32:38,6683294,2359.000,2011.000,8333.000,1707.000,887.000,26.000,0.000,0.000,1
2026-01-31 17:32:38,6683334,2037.000,1378.000,7988.000,451.000,1082.000,168.000,0.000,0.000,1
2026-01-31 17:32:38,6683374,1989.000,1560.000,7966.000,903.000,864.000,101.000,0.000,0.000,1
2026-01-31 17:32:38,6683414,1972.000,2044.000,8072.000,221.000,652.000,149.000,0.000,0.000,1
2026-01-31 17:32:38,6683454,2002.000,1790.000,7938.000,-707.000,410.000,186.000,0.000,0.000,1
2026-01-31 17:32:38,6683494,1990.000,1394.000,7654.000,-1247.000,2.000,206.000,0.000,0.000,1
2026-01-31 17:32:38,6683534,1918.000,1316.000,7764.000,-1011.000,-185.000,133.000,0.000,0.000,1
2026-01-31 17:32:38,6683574,1985.000,1167.000,7717.000,-783.000,-439.000,281.000,0.000,0.000,1
2026-01-31 17:32:38,6683614,1966.000,1042.000,7644.000,-1115.000,-212.000,638.000,0.000,0.000,1
2026-01-31 17:32:38,6683654,1956.000,128.000,7406.000,-1335.000,-533.000,1191.000,0.000,0.000,1
2026-01-31 17:32:38,6683694,2152.000,-133.000,7375.000,134.000,-918.000,1734.000,0.000,0.000,1
2026-01-31 17:32:39,6683734,2990.000,1455.000,8236.000,581.000,-785.000,2049.000,0.000,0.000,1
2026-01-31 17:32:39,6683774,2543.000,726.000,7783.000,-316.000,-385.000,2258.000,0.000,0.000,1
2026-01-31 17:32:39,6683814,2572.000,1087.000,7900.000,1630.000,-390.000,1874.000,0.000,0.000,1
2026-01-31 17:32:39,6683854,2702.000,2090.000,8292.000,2094.000,89.000,1395.000,0.000,0.000,1
2026-01-31 17:32:39,6683894,2247.000,1153.000,7859.000,188.000,347.000,1320.000,0.000,0.000,1
2026-01-31 17:32:39,6683934,2170.000,449.000,7429.000,2333.000,234.000,1039.000,0.000,0.000,1
2026-01-31 17:32:39,6683974,2285.000,2088.000,7941.000,4753.000,680.000,881.000,0.000,0.000,1
2026-01-31 17:32:39,6684014,2254.000,2356.000,7765.000,3133.000,995.000,1106.000,0.000,0.000,1
2026-01-31 17:32:39,6684054,2212.000,993.000,7025.000,5404.000,1005.000,1023.000,0.000,0.000,1
2026-01-31 17:32:39,6684094,1855.000,4639.000,8051.000,8515.000,2251.000,404.000,0.000,0.000,1
2026-01-31 17:32:39,6684134,2444.000,5111.000,8244.000,941.000,2265.000,554.000,0.000,0.000,1
2026-01-31 17:32:39,6684174,823.000,-263.000,6298.000,1811.000,2038.000,1075.000,0.000,0.000,1
2026-01-31 17:32:39,6684214,1745.000,5465.000,7614.000,8408.000,1279.000,-411.000,0.000,0.000,1
2026-01-31 17:32:39,6684254,613.000,4570.000,7544.000,-403.000,2217.000,285.000,0.000,0.000,1
2026-01-31 17:32:39,6684294,357.000,2635.000,6066.000,1113.000,2118.000,-61.000,0.000,0.000,1
2026-01-31 17:32:39,6684334,1019.000,4847.000,7133.000,5283.000,1654.000,-785.000,0.000,0.000,1
2026-01-31 17:32:39,6684374,1206.000,6432.000,7517.000,2160.000,1009.000,-1172.000,0.000,0.000,1
2026-01-31 17:32:39,6684414,984.000,3327.000,6624.000,-708.000,900.000,-575.000,0.000,0.000,1
2026-01-31 17:32:39,6684454,1078.000,3280.000,6282.000,3706.000,313.000,-601.000,0.000,0.000,1
2026-01-31 17:32:39,6684494,1267.000,5706.000,6145.000,7387.000,375.000,-911.000,0.000,0.000,1
2026-01-31 17:32:39,6684534,1111.000,6604.000,5766.000,6681.000,703.000,-669.000,0.000,0.000,1
2026-01-31 17:32:39,6684574,639.000,6861.000,5519.000,4870.000,557.000,-829.000,0.000,0.000,1
2026-01-31 17:32:39,6684614,-40.000,6471.000,5185.000,3287.000,769.000,-315.000,0.000,0.000,1
2026-01-31 17:32:39,6684654,313.000,6833.000,5191.000,2148.000,372.000,-172.000,0.000,0.000,1
2026-01-31 17:32:39,6684694,296.000,7194.000,5345.000,495.000,30.000,53.000,0.000,0.000,1
2026-01-31 17:32:40,6684734,406.000,6143.000,4655.000,-814.000,-72.000,424.000,0.000,0.000,1
2026-01-31 17:32:40,6684774,578.000,6082.000,4451.000,1166.000,-242.000,407.000,0.000,0.000,1
2026-01-31 17:32:40,6684814,876.000,7414.000,4445.000,1531.000,-152.000,247.000,0.000,0.000,1
2026-01-31 17:32:40,6684857,413.000,5695.000,4385.000,334.000,421.000,556.000,0.000,0.000,1
2026-01-31 17:32:40,6684897,617.000,6220.000,4041.000,4067.000,431.000,318.000,0.000,0.000,1
2026-01-31 17:32:40,6684934,676.000,7080.000,3992.000,5410.000,549.000,161.000,0.000,0.000,1
2026-01-31 17:32:40,6684974,624.000,7506.000,3222.000,5225.000,765.000,416.000,0.000,0.000,1
2026-01-31 17:32:40,6685014,394.000,7556.000,2967.000,5398.000,847.000,54.000,0.000,0.000,1
2026-01-31 17:32:40,6685054,214.000,8126.000,2347.000,5866.000,1226.000,-83.000,0.000,0.000,1
2026-01-31 17:32:40,6685094,206.000,8774.000,2473.000,4408.000,1150.000,-199.000,0.000,0.000,1
2026-01-31 17:32:40,6685134,213.000,8329.000,2215.000,2150.000,1264.000,-137.000,0.000,0.000,1
2026-01-31 17:32:40,6685174,49.000,8445.000,1779.000,1033.000,1298.000,62.000,0.000,0.000,1
2026-01-31 17:32:40,6685214,201.000,8680.000,1845.000,46.000,952.000,129.000,0.000,0.000,1
2026-01-31 17:32:40,6685254,135.000,8887.000,2302.000,-2095.000,784.000,100.000,0.000,0.000,1
2026-01-31 17:32:40,6685294,-34.000,8439.000,2571.000,-5307.000,366.000,348.000,0.000,0.000,1
2026-01-31 17:32:40,6685334,24.000,7776.000,3020.000,-6757.000,-109.000,360.000,0.000,0.000,1
2026-01-31 17:32:40,6685374,-14.000,6403.000,3626.000,-5917.000,-264.000,136.000,0.000,0.000,1
2026-01-31 17:32:40,6685414,371.000,6604.000,3810.000,-598.000,-311.000,-286.000,0.000,0.000,1
2026-01-31 17:32:40,6685454,638.000,7895.000,3931.000,748.000,-259.000,-395.000,0.000,0.000,1
2026-01-31 17:32:40,6685494,684.000,7619.000,4052.000,-957.000,-287.000,-389.000,0.000,0.000,1
2026-01-31 17:32:40,6685534,125.000,6852.000,4347.000,-1827.000,-215.000,-165.000,0.000,0.000,1
2026-01-31 17:32:40,6685574,215.000,6685.000,4384.000,-687.000,-439.000,46.000,0.000,0.000,1
2026-01-31 17:32:40,6685614,1057.000,7973.000,4944.000,149.000,-1373.000,257.000,0.000,0.000,1
2026-01-31 17:32:40,6685654,2135.000,7784.000,5641.000,-1074.000,-2368.000,637.000,0.000,0.000,1
2026-01-31 17:32:40,6685694,3037.000,7739.000,5527.000,-1694.000,-2664.000,1509.000,0.000,0.000,1
2026-01-31 17:32:41,6685734,4615.000,7946.000,5376.000,-1421.000,-3834.000,2817.000,0.000,0.000,1
2026-01-31 17:32:41,6685774,5542.000,7395.000,4852.000,-899.000,-4437.000,5601.000,0.000,0.000,1
2026-01-31 17:32:41,6685814,5454.000,5382.000,3297.000,2712.000,-4995.000,8206.000,0.000,-164.960,1
2026-01-31 17:32:41,6685854,5506.000,5247.000,612.000,10043.000,-5091.000,10676.000,0.000,-164.960,1
2026-01-31 17:32:41,6685894,6120.000,8462.000,-1695.000,14468.000,-3611.000,13217.000,0.000,-164.960,1
2026-01-31 17:32:41,6685934,3915.000,12717.000,-2339.000,6898.000,-3680.000,13948.000,0.000,-164.960,1
2026-01-31 17:32:41,6685974,2835.000,6476.000,-3522.000,-1057.000,-5317.000,11733.000,0.000,-164.960,1
2026-01-31 17:32:41,6686014,2616.000,4485.000,-3223.000,4622.000,-6115.000,6966.000,0.000,-164.960,1
2026-01-31 17:32:41,6686054,2672.000,8990.000,-1796.000,9598.000,-4772.000,1198.000,0.000,-164.960,1
2026-01-31 17:32:41,6686094,4132.000,6208.000,-562.000,6983.000,-2764.000,-3944.000,0.000,-164.960,1
2026-01-31 17:32:41,6686134,9584.000,3450.000,3583.000,6953.000,-916.000,-3877.000,0.000,-164.960,1
2026-01-31 17:32:41,6686174,7060.000,4496.000,-2565.000,-768.000,1533.000,1107.000,0.000,-164.960,1
2026-01-31 17:32:41,6686214,4776.000,7293.000,-2810.000,6914.000,-1721.000,211.000,0.000,-164.960,1
2026-01-31 17:32:41,6686254,5137.000,8641.000,-1192.000,4098.000,-3854.000,-1743.000,0.000,-164.960,1
2026-01-31 17:32:41,6686294,2736.000,1069.000,-4141.000,-1066.000,-3207.000,-1851.000,0.000,-164.960,1
2026-01-31 17:32:41,6686334,725.000,3397.000,2274.000,7775.000,-2814.000,-5173.000,0.000,-164.960,1
2026-01-31 17:32:41,6686374,30.000,3078.000,1074.000,3618.000,1389.000,-8722.000,0.000,-164.960,1
2026-01-31 17:32:41,6686414,1723.000,13593.000,4035.000,11356.000,5970.000,-13198.000,0.000,-164.960,1
2026-01-31 17:32:41,6686454,5911.000,3292.000,-3811.000,-6574.000,8055.000,-15961.000,0.000,-164.960,1
2026-01-31 17:32:41,6686494,8073.000,9762.000,49.000,-226.000,8251.000,-13560.000,0.000,-164.960,1
2026-01-31 17:32:41,6686534,4173.000,12117.000,-3375.000,-3014.000,8258.000,-11226.000,0.000,-164.960,1
2026-01-31 17:32:41,6686574,2805.000,8710.000,-3433.000,-8742.000,1992.000,-6695.000,0.000,-164.960,1
2026-01-31 17:32:41,6686614,2394.000,7071.000,-898.000,-7787.000,737.000,-5003.000,0.000,-164.960,1
2026-01-31 17:32:41,6686654,4862.000,8787.000,2427.000,-7981.000,2473.000,-3650.000,0.000,-164.960,1
2026-01-31 17:32:41,6686694,2612.000,11272.000,4884.000,-20215.000,2474.000,-295.000,0.000,-164.960,1
2026-01-31 17:32:42,6686734,966.000,9322.000,-1091.000,-32484.000,1802.000,2532.000,0.000,-164.960,1
2026-01-31 17:32:42,6686774,-1339.000,3713.000,2461.000,-23788.000,-2949.000,3679.000,0.000,-164.960,1
2026-01-31 17:32:42,6686814,1242.000,1075.000,4137.000,-12048.000,-5573.000,485.000,0.000,18.120,1
2026-01-31 17:32:42,6686855,3957.000,2664.000,11684.000,1504.000,-4337.000,-1513.000,0.000,18.120,1
2026-01-31 17:32:42,6686894,3990.000,2308.000,5868.000,217.000,-996.000,-1077.000,0.000,18.120,1
2026-01-31 17:32:42,6686934,3088.000,4141.000,5243.000,5950.000,-2368.000,-1324.000,0.000,18.120,1
2026-01-31 17:32:42,6686974,3489.000,6706.000,9403.000,7362.000,-1440.000,-3254.000,0.000,18.120,1
2026-01-31 17:32:42,6687014,4913.000,4680.000,2536.000,3285.000,-1258.000,5958.000,0.000,18.120,1
2026-01-31 17:32:42,6687054,5109.000,2813.000,4258.000,2486.000,-1936.000,-820.000,0.000,18.120,1
2026-01-31 17:32:42,6687094,-1959.000,5206.000,6635.000,1276.000,-2126.000,481.000,0.000,18.120,1
2026-01-31 17:32:42,6687137,618.000,6637.000,5240.000,868.000,2988.000,-321.000,0.000,18.120,1
2026-01-31 17:32:42,6687174,-177.000,7452.000,7047.000,-1323.000,3254.000,-890.000,0.000,18.120,1
2026-01-31 17:32:42,6687214,857.000,4941.000,5859.000,-3818.000,5004.000,-2361.000,0.000,18.120,1
2026-01-31 17:32:42,6687254,4116.000,6645.000,9593.000,-133.000,6475.000,-850.000,0.000,18.120,1
2026-01-31 17:32:42,6687294,2524.000,5391.000,6886.000,-2178.000,3487.000,323.000,0.000,18.120,1
2026-01-31 17:32:42,6687334,2116.000,5428.000,6023.000,-1912.000,2963.000,310.000,0.000,18.120,1
2026-01-31 17:32:42,6687374,1119.000,3975.000,7862.000,-2277.000,3065.000,523.000,0.000,18.120,1
2026-01-31 17:32:42,6687414,1342.000,5035.000,8377.000,-930.000,4651.000,2289.000,0.000,18.120,1
2026-01-31 17:32:42,6687454,1741.000,2356.000,8266.000,-1715.000,5144.000,2382.000,0.000,18.120,1
2026-01-31 17:32:42,6687494,4007.000,3089.000,8231.000,518.000,3369.000,3286.000,0.000,18.120,1
2026-01-31 17:32:42,6687534,2895.000,3896.000,8504.000,3266.000,4378.000,3580.000,0.000,18.120,1
2026-01-31 17:32:42,6687574,3006.000,5608.000,6720.000,6199.000,6204.000,4235.000,0.000,18.120,1
2026-01-31 17:32:42,6687614,2209.000,3709.000,6450.000,718.000,6896.000,6730.000,0.000,18.120,1
2026-01-31 17:32:42,6687654,-185.000,3026.000,2163.000,1496.000,7715.000,7645.000,0.000,18.120,1
2026-01-31 17:32:42,6687694,-2522.000,4751.000,3949.000,-420.000,8455.000,12121.000,0.000,18.120,1
2026-01-31 17:32:43,6687734,-947.000,3032.000,460.000,-1780.000,7745.000,14202.000,0.000,18.120,1
2026-01-31 17:32:43,6687774,2909.000,9714.000,2030.000,-5065.000,3904.000,13531.000,0.000,18.120,1
2026-01-31 17:32:43,6687814,3328.000,8976.000,4014.000,-15469.000,4163.000,5264.000,0.000,2.170,1
2026-01-31 17:32:43,6687854,-545.000,4396.000,2681.000,-6004.000,-1365.000,-4188.000,0.000,2.170,1
2026-01-31 17:32:43,6687894,1330.000,5481.000,4000.000,10231.000,-10150.000,1989.000,0.000,2.170,1
2026-01-31 17:32:43,6687934,-163.000,2219.000,4823.000,14020.000,-21620.000,7917.000,0.000,2.170,1
2026-01-31 17:32:43,6687974,21055.000,20363.000,-8743.000,31126.000,-22036.000,-14756.000,0.000,2.170,1
2026-01-31 17:32:43,6688014,5788.000,15823.000,2762.000,8283.000,-10380.000,3595.000,0.000,2.170,1
2026-01-31 17:32:43,6688054,4203.000,14098.000,2417.000,-20446.000,-9237.000,-3811.000,0.000,2.170,1
2026-01-31 17:32:43,6688094,5105.000,7429.000,5243.000,-25014.000,-6852.000,-9121.000,0.000,2.170,1
2026-01-31 17:32:43,6688134,4690.000,778.000,5529.000,-27023.000,-644.000,-8237.000,0.000,2.170,1
2026-01-31 17:32:43,6688174,-755.000,-5967.000,6223.000,-7452.000,4797.000,-7826.000,0.000,2.170,1
2026-01-31 17:32:43,6688214,-1704.000,3209.000,7381.000,11291.000,6217.000,-7759.000,0.000,2.170,1
2026-01-31 17:32:43,6688254,-1609.000,7893.000,6511.000,4597.000,4481.000,-4738.000,0.000,2.170,1
2026-01-31 17:32:43,6688294,-240.000,8581.000,5327.000,-7910.000,2563.000,-2806.000,0.000,2.170,1
2026-01-31 17:32:43,6688334,-854.000,6859.000,5304.000,-7848.000,1602.000,-3061.000,0.000,2.170,1
2026-01-31 17:32:43,6688374,-1022.000,5927.000,4673.000,130.000,2.000,-5054.000,0.000,2.170,1
2026-01-31 17:32:43,6688414,1316.000,12374.000,3477.000,4717.000,-3335.000,-7569.000,0.000,2.170,1
2026-01-31 17:32:43,6688454,691.000,5243.000,1198.000,-1040.000,-9099.000,-8886.000,0.000,2.170,1
2026-01-31 17:32:43,6688494,869.000,5864.000,1874.000,5960.000,-12670.000,-9626.000,0.000,2.170,1
2026-01-31 17:32:43,6688534,4063.000,9498.000,3955.000,8398.000,-13643.000,-8846.000,0.000,2.170,1
2026-01-31 17:32:43,6688574,1616.000,10678.000,2335.000,4625.000,-11911.000,-8035.000,0.000,2.170,1
2026-01-31 17:32:43,6688614,1909.000,10350.000,5715.000,4102.000,-11014.000,-9233.000,0.000,2.170,1
2026-01-31 17:32:43,6688654,913.000,9183.000,4759.000,1424.000,-6991.000,-9224.000,0.000,2.170,1
2026-01-31 17:32:43,6688694,2633.000,8435.000,4445.000,-1914.000,-4177.000,-7575.000,0.000,2.170,1
2026-01-31 17:32:44,6688734,2940.000,6623.000,4355.000,-5194.000,-428.000,-6006.000,0.000,2.170,1
2026-01-31 17:32:44,6688774,3139.000,4430.000,3015.000,-5702.000,2919.000,-3591.000,0.000,2.170,1
2026-01-31 17:32:44,6688817,1950.000,4770.000,3245.000,1756.000,7566.000,1577.000,0.000,12.891,1
2026-01-31 17:32:44,6688857,702.000,5950.000,2234.000,2957.000,8190.000,4380.000,0.000,12.891,1
2026-01-31 17:32:44,6688894,429.000,7045.000,2830.000,2057.000,8252.000,5344.000,0.000,12.891,1
2026-01-31 17:32:44,6688934,-2090.000,5846.000,2687.000,-375.000,7728.000,8256.000,0.000,12.891,1
2026-01-31 17:32:44,6688974,-2524.000,9896.000,2996.000,1439.000,6290.000,7905.000,0.000,12.891,1
2026-01-31 17:32:44,6689014,-4035.000,10084.000,3222.000,-3744.000,5459.000,6526.000,0.000,12.891,1
2026-01-31 17:32:44,6689054,-4986.000,6219.000,4097.000,-2247.000,4483.000,4360.000,0.000,12.891,1
2026-01-31 17:32:44,6689094,-5479.000,6863.000,4838.000,4013.000,3756.000,1537.000,0.000,12.891,1
2026-01-31 17:32:44,6689138,-5473.000,7569.000,3148.000,4508.000,2336.000,-695.000,0.000,12.891,1
2026-01-31 17:32:44,6689174,-5559.000,8045.000,3333.000,3770.000,1478.000,-1177.000,0.000,12.891,1
2026-01-31 17:32:44,6689214,-4816.000,7294.000,3864.000,-35.000,-1722.000,-2080.000,0.000,12.891,1
2026-01-31 17:32:44,6689254,-3582.000,6505.000,4951.000,-765.000,-2786.000,-2042.000,0.000,12.891,1
2026-01-31 17:32:44,6689294,-3833.000,7558.000,4706.000,-389.000,-3158.000,-2013.000,0.000,12.891,1
2026-01-31 17:32:44,6689334,-4631.000,7550.000,4732.000,-605.000,-4242.000,-2507.000,0.000,12.891,1
2026-01-31 17:32:44,6689374,-5853.000,7056.000,4365.000,175.000,-5990.000,-3733.000,0.000,12.891,1
2026-01-31 17:32:44,6689414,-4768.000,7594.000,4136.000,322.000,-7388.000,-5011.000,0.000,12.891,1
2026-01-31 17:32:44,6689454,-6011.000,6925.000,2639.000,-827.000,-7516.000,-6127.000,0.000,12.891,1
2026-01-31 17:32:44,6689494,-3444.000,8724.000,4348.000,961.000,-8505.000,-7027.000,0.000,12.891,1
2026-01-31 17:32:44,6689534,-2021.000,7929.000,3968.000,-2724.000,-6159.000,-7279.000,0.000,12.891,1
2026-01-31 17:32:44,6689574,1754.000,7275.000,3762.000,706.000,-4975.000,-6428.000,0.000,12.891,1
2026-01-31 17:32:44,6689614,4476.000,5750.000,4269.000,-159.000,-2124.000,-3908.000,0.000,12.891,1
2026-01-31 17:32:44,6689654,2337.000,5507.000,4167.000,-363.000,920.000,2.000,0.000,12.891,1
2026-01-31 17:32:44,6689694,-86.000,6748.000,3783.000,-287.000,2378.000,2688.000,0.000,12.891,1
2026-01-31 17:32:45,6689734,-1249.000,6663.000,3384.000,-2283.000,3413.000,3166.000,0.000,12.891,1
2026-01-31 17:32:45,6689774,-3548.000,5505.000,4573.000,1042.000,5435.000,2901.000,0.000,12.891,1
2026-01-31 17:32:45,6689814,-5889.000,6950.000,3454.000,224.000,5362.000,2433.000,0.000,10.552,1
2026-01-31 17:32:45,6689854,-5822.000,4964.000,2627.000,-4036.000,2811.000,2518.000,0.000,10.552,1
2026-01-31 17:32:45,6689894,-4160.000,3593.000,3322.000,2681.000,393.000,2556.000,0.000,10.552,1
2026-01-31 17:32:45,6689934,-3143.000,7153.000,4679.000,5132.000,71.000,1318.000,0.000,10.552,1
2026-01-31 17:32:45,6689974,-5558.000,7070.000,4084.000,656.000,1823.000,-429.000,0.000,10.552,1
2026-01-31 17:32:45,6690014,-5765.000,5638.000,3204.000,-1024.000,595.000,-1330.000,0.000,10.552,1
2026-01-31 17:32:45,6690054,-4723.000,6861.000,3794.000,1578.000,-1047.000,-2274.000,0.000,10.552,1
2026-01-31 17:32:45,6690094,-4671.000,7114.000,4821.000,1401.000,-1915.000,-2806.000,0.000,10.552,1
2026-01-31 17:32:45,6690134,-3889.000,7471.000,3940.000,385.000,-2312.000,-2934.000,0.000,10.552,1
2026-01-31 17:32:45,6690174,-4691.000,6689.000,3429.000,-790.000,-2559.000,-3291.000,0.000,10.552,1
2026-01-31 17:32:45,6690214,-5558.000,5330.000,2529.000,-420.000,-3054.000,-3099.000,0.000,10.552,1
2026-01-31 17:32:45,6690254,-4872.000,6033.000,4415.000,2389.000,-4214.000,-2759.000,0.000,10.552,1
2026-01-31 17:32:45,6690294,-2758.000,7008.000,4703.000,289.000,-3113.000,-1552.000,0.000,10.552,1
2026-01-31 17:32:45,6690334,-2774.000,7247.000,3862.000,-1824.000,-1643.000,-308.000,0.000,10.552,1
2026-01-31 17:32:45,6690374,-3096.000,6109.000,4101.000,-1948.000,-1495.000,-582.000,0.000,10.552,1
2026-01-31 17:32:45,6690414,-4216.000,3973.000,4528.000,-1592.000,-1321.000,-107.000,0.000,10.552,1
2026-01-31 17:32:45,6690454,-4408.000,5233.000,4861.000,324.000,-1211.000,241.000,0.000,10.552,1
2026-01-31 17:32:45,6690494,-5034.000,5479.000,5443.000,-1168.000,-1082.000,351.000,0.000,10.552,1
2026-01-31 17:32:45,6690534,-3727.000,5458.000,5852.000,-2782.000,-1095.000,578.000,0.000,10.552,1
2026-01-31 17:32:45,6690574,-3511.000,4912.000,5458.000,-5979.000,-1042.000,1419.000,0.000,10.552,1
2026-01-31 17:32:45,6690614,-2439.000,2888.000,5112.000,-4041.000,-1371.000,1800.000,0.000,10.552,1
2026-01-31 17:32:45,6690654,-1809.000,6410.000,5325.000,3266.000,-1279.000,606.000,0.000,10.552,1
2026-01-31 17:32:45,6690694,-1932.000,6130.000,5703.000,-1801.000,-865.000,783.000,0.000,10.552,1
2026-01-31 17:32:46,6690734,-1560.000,3208.000,4899.000,-7166.000,367.000,2508.000,0.000,10.552,1
2026-01-31 17:32:46,6690774,-587.000,1666.000,5248.000,-2000.000,-139.000,3372.000,0.000,10.552,1
2026-01-31 17:32:46,6690817,-3146.000,5959.000,6181.000,2460.000,-392.000,2290.000,0.000,9.013,1
2026-01-31 17:32:46,6690856,-1560.000,4598.000,6179.000,-1058.000,-303.000,2646.000,0.000,9.013,1
2026-01-31 17:32:46,6690894,-3127.000,4722.000,6541.000,-1248.000,231.000,2713.000,0.000,9.013,1
2026-01-31 17:32:46,6690934,-3143.000,4359.000,6951.000,-1185.000,227.000,2452.000,0.000,9.013,1
2026-01-31 17:32:46,6690974,-1700.000,4805.000,6894.000,-885.000,512.000,1787.000,0.000,9.013,1
2026-01-31 17:32:46,6691014,-2173.000,3928.000,6946.000,-609.000,477.000,1150.000,0.000,9.013,1
2026-01-31 17:32:46,6691054,-1335.000,4151.000,7015.000,201.000,579.000,1202.000,0.000,9.013,1
2026-01-31 17:32:46,6691094,-2620.000,4734.000,7189.000,326.000,103.000,2221.000,0.000,9.013,1
2026-01-31 17:32:46,6691137,-1761.000,6030.000,8149.000,2261.000,161.000,1575.000,0.000,9.013,1
2026-01-31 17:32:46,6691174,-2202.000,5836.000,8397.000,1979.000,209.000,1673.000,0.000,9.013,1
2026-01-31 17:32:46,6691214,-915.000,4863.000,8673.000,447.000,-343.000,1894.000,0.000,9.013,1
2026-01-31 17:32:46,6691254,381.000,4092.000,8989.000,1066.000,505.000,2217.000,0.000,9.013,1
2026-01-31 17:32:46,6691294,38.000,4230.000,6592.000,2971.000,2810.000,2794.000,0.000,9.013,1
2026-01-31 17:32:46,6691334,29.000,5348.000,6574.000,3477.000,4110.000,2502.000,0.000,9.013,1
2026-01-31 17:32:46,6691374,-1907.000,4711.000,5347.000,2605.000,5702.000,3188.000,0.000,9.013,1
2026-01-31 17:32:46,6691414,-4316.000,4326.000,3660.000,4699.000,5972.000,3407.000,0.000,9.013,1
2026-01-31 17:32:46,6691454,-3725.000,6844.000,3471.000,7556.000,4415.000,2282.000,0.000,9.013,1
2026-01-31 17:32:46,6691494,-2453.000,7233.000,3680.000,217.000,2865.000,1407.000,0.000,9.013,1
2026-01-31 17:32:46,6691534,-2801.000,6798.000,2860.000,743.000,2464.000,721.000,0.000,9.013,1
2026-01-31 17:32:46,6691574,-3982.000,6587.000,2935.000,3667.000,1121.000,-723.000,0.000,9.013,1
2026-01-31 17:32:46,6691614,-2808.000,6216.000,2147.000,5377.000,190.000,-563.000,0.000,9.013,1
2026-01-31 17:32:46,6691654,-2282.000,7362.000,1581.000,8247.000,-601.000,-1192.000,0.000,9.013,1
2026-01-31 17:32:46,6691694,-2405.000,9602.000,1588.000,8053.000,-668.000,-1348.000,0.000,9.013,1
2026-01-31 17:32:47,6691734,-2835.000,8548.000,1246.000,5590.000,-1000.000,-1554.000,0.000,9.013,1
2026-01-31 17:32:47,6691774,-2712.000,10256.000,1589.000,4364.000,-1241.000,-1763.000,0.000,9.013,1
2026-01-31 17:32:47,6691814,-2056.000,7633.000,1630.000,-983.000,-549.000,-1310.000,0.000,10.622,1
2026-01-31 17:32:47,6691854,-2062.000,7773.000,121.000,3676.000,91.000,-1298.000,0.000,10.622,1
2026-01-31 17:32:47,6691894,-3192.000,8275.000,-1405.000,1869.000,-34.000,-949.000,0.000,10.622,1
2026-01-31 17:32:47,6691934,-2080.000,6408.000,-1981.000,3664.000,-1219.000,-602.000,0.000,10.622,1
2026-01-31 17:32:47,6691974,-1686.000,9834.000,-275.000,3569.000,-1297.000,-695.000,0.000,10.622,1
2026-01-31 17:32:47,6692014,-2280.000,6654.000,-1385.000,506.000,-569.000,-1106.000,0.000,10.622,1
2026-01-31 17:32:47,6692054,-2941.000,8810.000,-458.000,2284.000,-544.000,-1119.000,0.000,10.622,1
2026-01-31 17:32:47,6692094,-2856.000,7914.000,-911.000,-873.000,-78.000,-1443.000,0.000,10.622,1
2026-01-31 17:32:47,6692134,-2863.000,7294.000,-839.000,747.000,153.000,-1951.000,0.000,10.622,1
2026-01-31 17:32:47,6692174,-3043.000,7821.000,-1331.000,-254.000,433.000,-1860.000,0.000,10.622,1
2026-01-31 17:32:47,6692214,-3110.000,7428.000,-1519.000,-756.000,448.000,-1923.000,0.000,10.622,1
2026-01-31 17:32:47,6692254,-3739.000,6425.000,-1983.000,-1163.000,344.000,-1416.000,0.000,10.622,1
2026-01-31 17:32:47,6692294,-3515.000,6765.000,-1185.000,-253.000,-25.000,-882.000,0.000,10.622,1
2026-01-31 17:32:47,6692334,-3470.000,7069.000,-954.000,-970.000,51.000,-848.000,0.000,10.622,1
2026-01-31 17:32:47,6692374,-3643.000,6913.000,-1280.000,-1520.000,76.000,-955.000,0.000,10.622,1
2026-01-31 17:32:47,6692414,-3757.000,7085.000,-1319.000,-1915.000,132.000,-821.000,0.000,10.622,1
2026-01-31 17:32:47,6692454,-4308.000,6638.000,-1323.000,-1509.000,369.000,-428.000,0.000,10.622,1
2026-01-31 17:32:47,6692494,-4184.000,6898.000,-530.000,-693.000,312.000,356.000,0.000,10.622,1
2026-01-31 17:32:47,6692534,-4354.000,7351.000,-181.000,-503.000,461.000,831.000,0.000,10.622,1
2026-01-31 17:32:47,6692574,-4364.000,7509.000,-419.000,-561.000,629.000,1061.000,0.000,10.622,1
2026-01-31 17:32:47,6692614,-4391.000,7476.000,-613.000,-10.000,499.000,1239.000,0.000,10.622,1
2026-01-31 17:32:47,6692654,-4066.000,6769.000,-656.000,-436.000,207.000,1132.000,0.000,10.622,1
2026-01-31 17:32:47,6692694,-3802.000,7191.000,-1068.000,66.000,-49.000,1023.000,0.000,10.622,1
2026-01-31 17:32:48,6692734,-3391.000,7490.000,-958.000,30.000,-283.000,766.000,0.000,10.622,1
2026-01-31 17:32:48,6692774,-3075.000,6938.000,-656.000,-290.000,-394.000,723.000,0.000,10.622,1
2026-01-31 17:32:48,6692817,-2521.000,7101.000,-446.000,100.000,-530.000,782.000,0.000,5.613,1
2026-01-31 17:32:48,6692857,-2706.000,7194.000,-473.000,-11.000,-185.000,555.000,0.000,5.613,1
2026-01-31 17:32:48,6692894,-2705.000,7102.000,-591.000,298.000,-111.000,494.000,0.000,5.613,1
2026-01-31 17:32:48,6692934,-2647.000,7569.000,-627.000,730.000,1.000,496.000,0.000,5.613,1
2026-01-31 17:32:48,6692974,-2848.000,7900.000,-776.000,419.000,171.000,446.000,0.000,5.613,1
2026-01-31 17:32:48,6693014,-2922.000,8325.000,-1187.000,398.000,282.000,429.000,0.000,5.613,1
2026-01-31 17:32:48,6693054,-2722.000,8804.000,-1374.000,683.000,292.000,394.000,0.000,5.613,1
2026-01-31 17:32:48,6693094,-2457.000,8312.000,-1407.000,423.000,378.000,350.000,0.000,5.613,1
2026-01-31 17:32:48,6693134,-2601.000,8170.000,-1432.000,541.000,503.000,254.000,0.000,5.613,1
2026-01-31 17:32:48,6693174,-2550.000,7982.000,-1398.000,350.000,562.000,160.000,0.000,5.613,1
2026-01-31 17:32:48,6693214,-2717.000,7761.000,-1574.000,-43.000,506.000,132.000,0.000,5.613,1
2026-01-31 17:32:48,6693254,-2721.000,7685.000,-1486.000,50.000,329.000,124.000,0.000,5.613,1
2026-01-31 17:32:48,6693294,-2567.000,7315.000,-1367.000,-389.000,104.000,120.000,0.000,5.613,1
2026-01-31 17:32:48,6693334,-2477.000,6908.000,-1289.000,-521.000,-90.000,117.000,0.000,5.613,1
2026-01-31 17:32:48,6693374,-2650.000,7041.000,-1150.000,-282.000,-308.000,127.000,0.000,5.613,1
2026-01-31 17:32:48,6693414,-2839.000,7226.000,-1315.000,-217.000,-366.000,359.000,0.000,5.613,1
2026-01-31 17:32:48,6693454,-2625.000,7726.000,-1317.000,172.000,-631.000,623.000,0.000,5.613,1
2026-01-31 17:32:48,6693494,-2765.000,7851.000,-770.000,-332.000,-683.000,634.000,0.000,5.613,1
2026-01-31 17:32:48,6693534,-2606.000,7728.000,-60.000,-252.000,-455.000,339.000,0.000,5.613,1
2026-01-31 17:32:48,6693574,-2971.000,7787.000,-173.000,-178.000,-3.000,83.000,0.000,5.613,1
2026-01-31 17:32:48,6693614,-3064.000,7902.000,-458.000,-212.000,-17.000,-185.000,0.000,5.613,1
2026-01-31 17:32:48,6693654,-2974.000,7909.000,-624.000,-417.000,9.000,-391.000,0.000,5.613,1
2026-01-31 17:32:48,6693694,-2958.000,7941.000,-798.000,-401.000,43.000,-433.000,0.000,5.613,1
2026-01-31 17:32:49,6693734,-2889.000,7609.000,-792.000,-597.000,55.000,-371.000,0.000,5.613,1
2026-01-31 17:32:49,6693774,-2769.000,7421.000,-824.000,-100.000,79.000,-221.000,0.000,5.613,1
2026-01-31 17:32:49,6693814,-2783.000,7480.000,-1049.000,253.000,105.000,-76.000,0.000,23.410,1
2026-01-31 17:32:49,6693854,-2527.000,7570.000,-1109.000,401.000,118.000,-65.000,0.000,23.410,1
2026-01-31 17:32:49,6693894,-2704.000,7316.000,-1015.000,369.000,394.000,-49.000,0.000,23.410,1
2026-01-31 17:32:49,6693934,-2858.000,7511.000,-1209.000,814.000,461.000,17.000,0.000,23.410,1
2026-01-31 17:32:49,6693974,-2839.000,7535.000,-1459.000,533.000,287.000,90.000,0.000,23.410,1
2026-01-31 17:32:49,6694014,-2716.000,7700.000,-1632.000,633.000,181.000,142.000,0.000,23.410,1
2026-01-31 17:32:49,6694054,-2542.000,7733.000,-1684.000,387.000,139.000,202.000,0.000,23.410,1
2026-01-31 17:32:49,6694094,-2469.000,7605.000,-1888.000,325.000,163.000,256.000,0.000,23.410,1
2026-01-31 17:32:49,6694134,-2326.000,7521.000,-1920.000,333.000,89.000,309.000,0.000,23.410,1
2026-01-31 17:32:49,6694174,-2232.000,7396.000,-1977.000,154.000,80.000,345.000,0.000,23.410,1
2026-01-31 17:32:49,6694214,-2198.000,7459.000,-1901.000,183.000,119.000,325.000,0.000,23.410,1
2026-01-31 17:32:49,6694254,-2329.000,7394.000,-2026.000,84.000,269.000,235.000,0.000,23.410,1
2026-01-31 17:32:49,6694294,-2523.000,7758.000,-2095.000,121.000,312.000,179.000,0.000,23.410,1
2026-01-31 17:32:49,6694334,-2688.000,7842.000,-2042.000,-239.000,311.000,54.000,0.000,23.410,1
2026-01-31 17:32:49,6694374,-2827.000,8132.000,-1772.000,-300.000,88.000,-46.000,0.000,23.410,1
2026-01-31 17:32:49,6694414,-2789.000,8035.000,-1393.000,-805.000,-279.000,59.000,0.000,23.410,1
2026-01-31 17:32:49,6694454,-2794.000,8207.000,-971.000,-978.000,-493.000,164.000,0.000,23.410,1
2026-01-31 17:32:49,6694494,-2734.000,8269.000,-623.000,-1349.000,-449.000,138.000,0.000,23.410,1
2026-01-31 17:32:49,6694534,-3007.000,7839.000,-400.000,-1447.000,-560.000,175.000,0.000,23.410,1
2026-01-31 17:32:49,6694574,-2905.000,7914.000,-183.000,-1046.000,-703.000,213.000,0.000,23.410,1
2026-01-31 17:32:49,6694614,-2870.000,7727.000,-48.000,-1032.000,-671.000,222.000,0.000,23.410,1
2026-01-31 17:32:49,6694654,-2639.000,7595.000,46.000,-882.000,-659.000,250.000,0.000,23.410,1
2026-01-31 17:32:49,6694694,-2508.000,7386.000,96.000,-661.000,-492.000,235.000,0.000,23.410,1
2026-01-31 17:32:50,6694734,-2334.000,7334.000,121.000,-364.000,-318.000,253.000,0.000,23.410,1
2026-01-31 17:32:50,6694774,-2191.000,7119.000,175.000,-61.000,-182.000,363.000,0.000,23.410,1
2026-01-31 17:32:50,6694814,-2178.000,7157.000,122.000,35.000,115.000,342.000,0.000,20.700,1
2026-01-31 17:32:50,6694857,-2226.000,7218.000,-202.000,794.000,369.000,337.000,0.000,20.700,1
2026-01-31 17:32:50,6694896,-2214.000,7472.000,-814.000,1000.000,418.000,415.000,0.000,20.700,1
2026-01-31 17:32:50,6694937,-2043.000,7460.000,-1181.000,916.000,-86.000,668.000,0.000,20.700,1
2026-01-31 17:32:50,6694974,-1858.000,7445.000,-1482.000,1360.000,-113.000,756.000,0.000,20.700,1
2026-01-31 17:32:50,6695014,-1610.000,8591.000,-1592.000,2259.000,22.000,680.000,0.000,20.700,1
2026-01-31 17:32:50,6695054,-1575.000,8299.000,-1701.000,1627.000,344.000,462.000,0.000,20.700,1
2026-01-31 17:32:50,6695094,-1757.000,8220.000,-1800.000,1233.000,627.000,238.000,0.000,20.700,1
2026-01-31 17:32:50,6695138,-1942.000,8033.000,-2140.000,777.000,643.000,-20.000,0.000,20.700,1
2026-01-31 17:32:50,6695176,-1954.000,7998.000,-2123.000,727.000,562.000,-152.000,0.000,20.700,1
2026-01-31 17:32:50,6695214,-1909.000,7774.000,-2189.000,269.000,405.000,-278.000,0.000,20.700,1
2026-01-31 17:32:50,6695254,-1940.000,7712.000,-2175.000,88.000,260.000,-425.000,0.000,20.700,1
2026-01-31 17:32:50,6695294,-1943.000,7458.000,-2111.000,-277.000,90.000,-484.000,0.000,20.700,1
2026-01-31 17:32:50,6695334,-1922.000,7495.000,-2098.000,-298.000,4.000,-550.000,0.000,20.700,1
2026-01-31 17:32:50,6695374,-1968.000,7475.000,-2068.000,-244.000,18.000,-539.000,0.000,20.700,1
2026-01-31 17:32:50,6695414,-2003.000,7480.000,-2133.000,-359.000,76.000,-459.000,0.000,20.700,1
2026-01-31 17:32:50,6695454,-1996.000,7688.000,-2045.000,-248.000,-5.000,-359.000,0.000,20.700,1
2026-01-31 17:32:50,6695494,-2141.000,7914.000,-1968.000,-348.000,-48.000,-207.000,0.000,20.700,1
2026-01-31 17:32:50,6695534,-2317.000,8078.000,-1781.000,-482.000,-46.000,-136.000,0.000,20.700,1
2026-01-31 17:32:50,6695574,-2524.000,8327.000,-1538.000,-555.000,-42.000,-76.000,0.000,20.700,1
2026-01-31 17:32:50,6695614,-2654.000,8704.000,-1061.000,-930.000,-71.000,-16.000,0.000,20.700,1
2026-01-31 17:32:50,6695654,-3010.000,8313.000,-229.000,-1673.000,-29.000,139.000,0.000,20.700,1
2026-01-31 17:32:50,6695694,-2935.000,7874.000,-146.000,-1774.000,-461.000,188.000,0.000,20.700,1
2026-01-31 17:32:51,6695734,-2454.000,7593.000,-657.000,-692.000,-873.000,221.000,0.000,20.700,1
2026-01-31 17:32:51,6695774,-1934.000,7381.000,-949.000,-254.000,-797.000,212.000,0.000,20.700,1
2026-01-31 17:32:51,6695814,-1567.000,7317.000,-906.000,-242.000,-472.000,305.000,0.000,-0.850,1
2026-01-31 17:32:51,6695854,-1460.000,7310.000,-666.000,-131.000,-156.000,537.000,0.000,-0.850,1
2026-01-31 17:32:51,6695894,-1713.000,7339.000,-621.000,297.000,228.000,643.000,0.000,-0.850,1
2026-01-31 17:32:51,6695934,-1979.000,7533.000,-768.000,676.000,393.000,714.000,0.000,-0.850,1
2026-01-31 17:32:51,6695974,-2079.000,7495.000,-1044.000,992.000,325.000,732.000,0.000,-0.850,1
2026-01-31 17:32:51,6696014,-2037.000,7906.000,-1256.000,1302.000,169.000,644.000,0.000,-0.850,1
2026-01-31 17:32:51,6696054,-1705.000,7827.000,-1321.000,958.000,-13.000,403.000,0.000,-0.850,1
2026-01-31 17:32:51,6696094,-1810.000,7948.000,-1463.000,993.000,86.000,244.000,0.000,-0.850,1
2026-01-31 17:32:51,6696134,-1848.000,7807.000,-1615.000,706.000,22.000,143.000,0.000,-0.850,1
2026-01-31 17:32:51,6696174,-1786.000,7909.000,-1664.000,896.000,-82.000,19.000,0.000,-0.850,1
2026-01-31 17:32:51,6696214,-1679.000,8041.000,-1777.000,688.000,-55.000,-119.000,0.000,-0.850,1
2026-01-31 17:32:51,6696254,-1637.000,8039.000,-1836.000,572.000,-15.000,-270.000,0.000,-0.850,1
2026-01-31 17:32:51,6696294,-1638.000,7919.000,-1880.000,274.000,80.000,-319.000,0.000,-0.850,1
2026-01-31 17:32:51,6696334,-1684.000,7961.000,-1893.000,119.000,211.000,-411.000,0.000,-0.850,1
2026-01-31 17:32:51,6696374,-1821.000,7812.000,-1849.000,-208.000,323.000,-464.000,0.000,-0.850,1
2026-01-31 17:32:51,6696414,-1987.000,7900.000,-1756.000,-263.000,327.000,-454.000,0.000,-0.850,1
2026-01-31 17:32:51,6696454,-2086.000,8003.000,-1761.000,-343.000,268.000,-353.000,0.000,-0.850,1
2026-01-31 17:32:51,6696494,-2123.000,7906.000,-1767.000,-348.000,171.000,-244.000,0.000,-0.850,1
2026-01-31 17:32:51,6696534,-2088.000,7921.000,-1826.000,-256.000,126.000,-250.000,0.000,-0.850,1
2026-01-31 17:32:51,6696574,-2048.000,7634.000,-1810.000,-312.000,32.000,-241.000,0.000,-0.850,1
2026-01-31 17:32:51,6696614,-1952.000,7628.000,-1804.000,-75.000,-48.000,-163.000,0.000,-0.850,1
2026-01-31 17:32:51,6696654,-1890.000,7651.000,-1857.000,1.000,-22.000,-63.000,0.000,-0.850,1
2026-01-31 17:32:51,6696694,-1887.000,7624.000,-1896.000,170.000,49.000,71.000,0.000,-0.850,1
2026-01-31 17:32:52,6696734,-1846.000,7663.000,-1966.000,262.000,98.000,193.000,0.000,-0.850,1
2026-01-31 17:32:52,6696774,-1852.000,7602.000,-1982.000,294.000,111.000,215.000,0.000,-0.850,1
2026-01-31 17:32:52,6696817,-1928.000,7671.000,-1964.000,376.000,32.000,202.000,0.000,-2.343,1
2026-01-31 17:32:52,6696854,-1944.000,7648.000,-1928.000,336.000,-17.000,191.000,0.000,-2.343,1
2026-01-31 17:32:52,6696894,-2043.000,7764.000,-1809.000,244.000,-104.000,150.000,0.000,-2.343,1
2026-01-31 17:32:52,6696934,-2110.000,7614.000,-1699.000,90.000,-144.000,90.000,0.000,-2.343,1
2026-01-31 17:32:52,6696974,-2116.000,7804.000,-1519.000,-2.000,-190.000,58.000,0.000,-2.343,1
2026-01-31 17:32:52,6697014,-2172.000,7916.000,-1271.000,-269.000,-199.000,22.000,0.000,-2.343,1
2026-01-31 17:32:52,6697054,-2208.000,8112.000,-1134.000,-508.000,-120.000,-18.000,0.000,-2.343,1
2026-01-31 17:32:52,6697094,-2302.000,8100.000,-1031.000,-781.000,-85.000,-99.000,0.000,-2.343,1
2026-01-31 17:32:52,6697138,-2254.000,8267.000,-937.000,-1151.000,-8.000,-310.000,0.000,-2.343,1
2026-01-31 17:32:52,6697174,-2284.000,7966.000,-899.000,-1280.000,48.000,-380.000,0.000,-2.343,1
2026-01-31 17:32:52,6697214,-2342.000,7945.000,-799.000,-1104.000,57.000,-335.000,0.000,-2.343,1
2026-01-31 17:32:52,6697254,-2272.000,7673.000,-604.000,-1132.000,69.000,-157.000,0.000,-2.343,1
2026-01-31 17:32:52,6697294,-2389.000,7393.000,-460.000,-766.000,168.000,52.000,0.000,-2.343,1
2026-01-31 17:32:52,6697334,-2436.000,7404.000,-351.000,-235.000,187.000,287.000,0.000,-2.343,1
2026-01-31 17:32:52,6697374,-2520.000,7440.000,-449.000,103.000,237.000,397.000,0.000,-2.343,1
2026-01-31 17:32:52,6697414,-2635.000,7736.000,-446.000,421.000,219.000,344.000,0.000,-2.343,1
2026-01-31 17:32:52,6697454,-2613.000,7916.000,-495.000,353.000,161.000,209.000,0.000,-2.343,1
2026-01-31 17:32:52,6697494,-2535.000,7630.000,-500.000,240.000,-8.000,162.000,0.000,-2.343,1
2026-01-31 17:32:52,6697534,-2386.000,7714.000,-538.000,354.000,-155.000,138.000,0.000,-2.343,1
2026-01-31 17:32:52,6697574,-2206.000,7519.000,-730.000,429.000,-195.000,138.000,0.000,-2.343,1
2026-01-31 17:32:52,6697614,-2138.000,7593.000,-930.000,597.000,-162.000,161.000,0.000,-2.343,1
2026-01-31 17:32:52,6697654,-1976.000,7677.000,-1171.000,760.000,-127.000,155.000,0.000,-2.343,1
2026-01-31 17:32:52,6697694,-1806.000,7640.000,-1446.000,781.000,-20.000,167.000,0.000,-2.343,1
2026-01-31 17:32:53,6697734,-1701.000,7754.000,-1767.000,894.000,87.000,244.000,0.000,-2.343,1
2026-01-31 17:32:53,6697774,-1586.000,7768.000,-1920.000,988.000,103.000,283.000,0.000,-2.343,1
2026-01-31 17:32:53,6697814,-1582.000,7846.000,-1986.000,930.000,173.000,312.000,0.000,-4.313,1
2026-01-31 17:32:53,6697854,-1643.000,7820.000,-2100.000,834.000,259.000,346.000,0.000,-4.313,1
2026-01-31 17:32:53,6697894,-1683.000,8096.000,-2147.000,873.000,279.000,292.000,0.000,-4.313,1
2026-01-31 17:32:53,6697934,-1742.000,7877.000,-2195.000,588.000,236.000,259.000,0.000,-4.313,1
2026-01-31 17:32:53,6697974,-1676.000,7849.000,-2157.000,465.000,103.000,194.000,0.000,-4.313,1
2026-01-31 17:32:53,6698014,-1684.000,7808.000,-2211.000,347.000,79.000,157.000,0.000,-4.313,1
2026-01-31 17:32:53,6698054,-1653.000,7759.000,-2224.000,175.000,11.000,79.000,0.000,-4.313,1
2026-01-31 17:32:53,6698094,-1611.000,7630.000,-2199.000,119.000,-45.000,61.000,0.000,-4.313,1
2026-01-31 17:32:53,6698134,-1589.000,7780.000,-2269.000,143.000,-7.000,90.000,0.000,-4.313,1
2026-01-31 17:32:53,6698174,-1500.000,7714.000,-2327.000,-17.000,9.000,121.000,0.000,-4.313,1
2026-01-31 17:32:53,6698214,-1547.000,7957.000,-2264.000,62.000,-62.000,100.000,0.000,-4.313,1
2026-01-31 17:32:53,6698254,-1599.000,7827.000,-2204.000,-181.000,-57.000,91.000,0.000,-4.313,1
2026-01-31 17:32:53,6698294,-1663.000,7924.000,-2167.000,-217.000,-69.000,47.000,0.000,-4.313,1
2026-01-31 17:32:53,6698334,-1643.000,7887.000,-2142.000,-301.000,-117.000,18.000,0.000,-4.313,1
2026-01-31 17:32:53,6698374,-1604.000,7808.000,-2113.000,-406.000,-138.000,-29.000,0.000,-4.313,1
2026-01-31 17:32:53,6698414,-1589.000,7755.000,-2058.000,-439.000,-96.000,-84.000,0.000,-4.313,1
2026-01-31 17:32:53,6698454,-1579.000,7840.000,-2023.000,-397.000,-55.000,-141.000,0.000,-4.313,1
2026-01-31 17:32:53,6698494,-1615.000,7617.000,-1916.000,-532.000,-5.000,-227.000,0.000,-4.313,1
2026-01-31 17:32:53,6698534,-1711.000,7576.000,-1660.000,-524.000,2.000,-326.000,0.000,-4.313,1
2026-01-31 17:32:53,6698574,-1950.000,7818.000,-1181.000,-930.000,62.000,-374.000,0.000,-4.313,1
2026-01-31 17:32:53,6698614,-2452.000,8479.000,-206.000,-1708.000,347.000,-328.000,0.000,-4.313,1
2026-01-31 17:32:53,6698654,-3007.000,8884.000,1291.000,-3093.000,718.000,-184.000,0.000,-4.313,1
2026-01-31 17:32:53,6698694,-3992.000,7671.000,2638.000,-3412.000,588.000,-141.000,0.000,-4.313,1
2026-01-31 17:32:54,6698734,-4950.000,7315.000,2106.000,-252.000,-1185.000,-737.000,0.000,-4.313,1
2026-01-31 17:32:54,6698774,-3719.000,7545.000,1248.000,126.000,-1714.000,35.000,0.000,-4.313,1
2026-01-31 17:32:54,6698814,-2610.000,8492.000,-574.000,-2082.000,62.000,-48.000,0.000,-1.470,1
2026-01-31 17:32:54,6698857,-1022.000,6888.000,-1460.000,-2506.000,279.000,-594.000,0.000,-1.470,1
2026-01-31 17:32:54,6698897,-843.000,6258.000,-1594.000,-627.000,219.000,-659.000,0.000,-1.470,1
2026-01-31 17:32:54,6698934,-564.000,6123.000,-1492.000,395.000,10.000,-642.000,0.000,-1.470,1
2026-01-31 17:32:54,6698974,-810.000,6543.000,-1007.000,1583.000,-114.000,-76.000,0.000,-1.470,1
2026-01-31 17:32:54,6699014,-1429.000,6392.000,-667.000,1599.000,14.000,552.000,0.000,-1.470,1
2026-01-31 17:32:54,6699054,-2267.000,7656.000,306.000,2931.000,208.000,1071.000,0.000,-1.470,1
2026-01-31 17:32:54,6699094,-3655.000,9066.000,1711.000,124.000,1062.000,1337.000,0.000,-1.470,1
2026-01-31 17:32:54,6699137,-3179.000,9151.000,597.000,2542.000,94.000,416.000,0.000,-1.470,1
2026-01-31 17:32:54,6699174,-2824.000,8698.000,-187.000,2031.000,-172.000,309.000,0.000,-1.470,1
2026-01-31 17:32:54,6699214,-2232.000,7862.000,-1107.000,408.000,-381.000,-81.000,0.000,-1.470,1
2026-01-31 17:32:54,6699254,-1870.000,7931.000,-932.000,-184.000,-421.000,-198.000,0.000,-1.470,1
2026-01-31 17:32:54,6699294,-1865.000,7878.000,-386.000,-826.000,-146.000,-240.000,0.000,-1.470,1
2026-01-31 17:32:54,6699334,-2059.000,7747.000,-69.000,-872.000,57.000,-206.000,0.000,-1.470,1
2026-01-31 17:32:54,6699374,-2241.000,7733.000,-321.000,-219.000,61.000,-99.000,0.000,-1.470,1
2026-01-31 17:32:54,6699414,-2193.000,8066.000,-717.000,-4.000,-57.000,25.000,0.000,-1.470,1
2026-01-31 17:32:54,6699454,-2206.000,7983.000,-495.000,-291.000,4.000,36.000,0.000,-1.470,1
2026-01-31 17:32:54,6699494,-2161.000,8014.000,-175.000,-446.000,3.000,-14.000,0.000,-1.470,1
2026-01-31 17:32:54,6699534,-2260.000,7885.000,-45.000,-538.000,88.000,-132.000,0.000,-1.470,1
2026-01-31 17:32:54,6699574,-2030.000,7473.000,-156.000,-212.000,-20.000,58.000,0.000,-1.470,1
2026-01-31 17:32:54,6699614,-2247.000,7658.000,55.000,44.000,110.000,72.000,0.000,-1.470,1
2026-01-31 17:32:54,6699654,-2432.000,7779.000,170.000,357.000,234.000,117.000,0.000,-1.470,1
2026-01-31 17:32:54,6699694,-2475.000,8089.000,96.000,658.000,236.000,28.000,0.000,-1.470,1
2026-01-31 17:32:55,6699734,-2537.000,8169.000,-139.000,532.000,266.000,-147.000,0.000,-1.470,1
2026-01-31 17:32:55,6699774,-2227.000,7941.000,-228.000,316.000,219.000,-310.000,0.000,-1.470,1
2026-01-31 17:32:55,6699814,-2077.000,7969.000,-572.000,758.000,306.000,-428.000,0.000,-8.010,1
2026-01-31 17:32:55,6699854,-2229.000,8247.000,-301.000,235.000,461.000,-486.000,0.000,-8.010,1
2026-01-31 17:32:55,6699894,-2534.000,8232.000,-400.000,-120.000,650.000,-580.000,0.000,-8.010,1
2026-01-31 17:32:55,6699934,-3038.000,8293.000,-445.000,-21.000,454.000,-829.000,0.000,-8.010,1
2026-01-31 17:32:55,6699974,-2853.000,8650.000,-154.000,-739.000,406.000,-1145.000,0.000,-8.010,1
2026-01-31 17:32:55,6700014,-3015.000,8106.000,-730.000,-1890.000,818.000,-1584.000,0.000,-8.010,1
2026-01-31 17:32:55,6700054,-2880.000,7762.000,-600.000,-2102.000,554.000,-1936.000,0.000,-8.010,1
2026-01-31 17:32:55,6700094,-2920.000,7184.000,-339.000,-2238.000,493.000,-2015.000,0.000,-8.010,1
2026-01-31 17:32:55,6700134,-2955.000,6883.000,-194.000,-1997.000,535.000,-1730.000,0.000,-8.010,1
2026-01-31 17:32:55,6700174,-2814.000,6416.000,-102.000,-1487.000,270.000,-1229.000,0.000,-8.010,1
2026-01-31 17:32:55,6700214,-3089.000,6359.000,69.000,-888.000,215.000,-730.000,0.000,-8.010,1
2026-01-31 17:32:55,6700254,-3420.000,6820.000,237.000,323.000,-126.000,-78.000,0.000,-8.010,1
2026-01-31 17:32:55,6700294,-3561.000,7000.000,323.000,308.000,-208.000,163.000,0.000,-8.010,1
2026-01-31 17:32:55,6700334,-3612.000,7060.000,312.000,491.000,-224.000,287.000,0.000,-8.010,1
2026-01-31 17:32:55,6700374,-3546.000,7429.000,423.000,892.000,-315.000,441.000,0.000,-8.010,1
2026-01-31 17:32:55,6700414,-3411.000,7806.000,233.000,710.000,-251.000,489.000,0.000,-8.010,1
2026-01-31 17:32:55,6700454,-3087.000,7629.000,114.000,561.000,-243.000,388.000,0.000,-8.010,1
2026-01-31 17:32:55,6700494,-3152.000,7656.000,77.000,569.000,-140.000,381.000,0.000,-8.010,1
2026-01-31 17:32:55,6700534,-3189.000,7737.000,146.000,467.000,-119.000,357.000,0.000,-8.010,1
2026-01-31 17:32:55,6700574,-3248.000,7745.000,195.000,321.000,-81.000,242.000,0.000,-8.010,1
2026-01-31 17:32:55,6700614,-3192.000,7577.000,47.000,170.000,-62.000,104.000,0.000,-8.010,1
2026-01-31 17:32:55,6700654,-3171.000,7541.000,-22.000,131.000,-6.000,91.000,0.000,-8.010,1
2026-01-31 17:32:55,6700694,-3204.000,7429.000,-44.000,121.000,32.000,72.000,0.000,-8.010,1
2026-01-31 17:32:56,6700734,-3213.000,7500.000,-43.000,165.000,26.000,46.000,0.000,-8.010,1
2026-01-31 17:32:56,6700774,-3209.000,7479.000,-61.000,145.000,9.000,95.000,0.000,-8.010,1
2026-01-31 17:32:56,6700814,-3250.000,7524.000,-46.000,165.000,-15.000,137.000,0.000,0.000,1
2026-01-31 17:32:56,6700854,-3242.000,7560.000,-40.000,266.000,-75.000,148.000,0.000,0.000,1
2026-01-31 17:32:56,6700894,-3185.000,7620.000,-91.000,216.000,-79.000,120.000,0.000,0.000,1
2026-01-31 17:32:56,6700934,-3176.000,7570.000,-143.000,156.000,-18.000,62.000,0.000,0.000,1
2026-01-31 17:32:56,6700974,-3146.000,7643.000,-128.000,165.000,-42.000,9.000,0.000,0.000,1
2026-01-31 17:32:56,6701014,-3155.000,7549.000,-198.000,154.000,-58.000,29.000,0.000,0.000,1
2026-01-31 17:32:56,6701054,-3159.000,7499.000,-211.000,144.000,-98.000,49.000,0.000,0.000,1
2026-01-31 17:32:56,6701094,-3160.000,7445.000,-214.000,250.000,-155.000,94.000,0.000,0.000,1
2026-01-31 17:32:56,6701137,-3126.000,7450.000,-162.000,352.000,-258.000,115.000,0.000,0.000,1
2026-01-31 17:32:56,6701174,-3163.000,7308.000,-170.000,417.000,-267.000,152.000,0.000,0.000,1
2026-01-31 17:32:56,6701214,-3324.000,7505.000,-353.000,863.000,-345.000,286.000,0.000,0.000,1
2026-01-31 17:32:56,6701254,-3251.000,8161.000,98.000,575.000,-496.000,286.000,0.000,0.000,1
2026-01-31 17:32:56,6701294,-3233.000,7562.000,155.000,-75.000,-269.000,301.000,0.000,0.000,1
2026-01-31 17:32:56,6701334,-3352.000,7379.000,162.000,-28.000,-306.000,429.000,0.000,0.000,1
2026-01-31 17:32:56,6701374,-3504.000,7366.000,-151.000,333.000,-385.000,486.000,0.000,0.000,1
2026-01-31 17:32:56,6701414,-3134.000,7419.000,-130.000,417.000,-539.000,433.000,0.000,0.000,1
2026-01-31 17:32:56,6701454,-2958.000,7633.000,-39.000,562.000,-476.000,436.000,0.000,0.000,1
2026-01-31 17:32:56,6701494,-2830.000,7684.000,-61.000,404.000,-385.000,531.000,0.000,0.000,1
2026-01-31 17:32:56,6701534,-2795.000,7752.000,-85.000,303.000,-283.000,619.000,0.000,0.000,1
2026-01-31 17:32:56,6701574,-2731.000,7901.000,-17.000,399.000,-184.000,580.000,0.000,0.000,1
2026-01-31 17:32:56,6701614,-2949.000,7745.000,-94.000,47.000,-1.000,430.000,0.000,0.000,1
2026-01-31 17:32:56,6701654,-2794.000,7390.000,-289.000,155.000,-53.000,306.000,0.000,0.000,1
2026-01-31 17:32:56,6701694,-2846.000,7556.000,-386.000,414.000,-140.000,392.000,0.000,0.000,1
2026-01-31 17:32:57,6701734,-2844.000,7893.000,-243.000,431.000,-195.000,446.000,0.000,0.000,1
2026-01-31 17:32:57,6701774,-2796.000,8071.000,-257.000,236.000,-194.000,381.000,0.000,0.000,1
2026-01-31 17:32:57,6701814,-2682.000,8095.000,-277.000,-39.000,-276.000,278.000,0.000,0.000,1
2026-01-31 17:32:57,6701854,-2584.000,8033.000,-304.000,-358.000,-339.000,213.000,0.000,0.000,1
2026-01-31 17:32:57,6701894,-2536.000,7801.000,-276.000,-638.000,-229.000,65.000,0.000,0.000,1
2026-01-31 17:32:57,6701934,-2529.000,7817.000,-239.000,-710.000,-164.000,13.000,0.000,0.000,1
2026-01-31 17:32:57,6701974,-2531.000,7600.000,-56.000,-895.000,-82.000,-47.000,0.000,0.000,1
2026-01-31 17:32:57,6702014,-2575.000,7571.000,68.000,-707.000,25.000,-6.000,0.000,0.000,1
2026-01-31 17:32:57,6702054,-2600.000,7604.000,206.000,-660.000,129.000,-20.000,0.000,0.000,1
2026-01-31 17:32:57,6702094,-2637.000,7537.000,399.000,-453.000,221.000,12.000,0.000,0.000,1
2026-01-31 17:32:57,6702134,-2810.000,7672.000,478.000,-386.000,184.000,97.000,0.000,0.000,1
2026-01-31 17:32:57,6702174,-2906.000,7626.000,506.000,-390.000,141.000,124.000,0.000,0.000,1
2026-01-31 17:32:57,6702214,-2921.000,7703.000,566.000,-251.000,-101.000,196.000,0.000,0.000,1
2026-01-31 17:32:57,6702254,-2804.000,7627.000,615.000,-189.000,-98.000,107.000,0.000,0.000,1
2026-01-31 17:32:57,6702294,-2868.000,7624.000,570.000,-28.000,45.000,-6.000,0.000,0.000,1
2026-01-31 17:32:57,6702334,-2861.000,7608.000,579.000,61.000,13.000,-80.000,0.000,0.000,1
2026-01-31 17:32:57,6702374,-2813.000,7615.000,539.000,179.000,50.000,-17.000,0.000,0.000,1
2026-01-31 17:32:57,6702414,-2801.000,7881.000,500.000,281.000,91.000,21.000,0.000,0.000,1
2026-01-31 17:32:57,6702454,-2745.000,7723.000,451.000,109.000,59.000,49.000,0.000,0.000,1
2026-01-31 17:32:57,6702494,-2795.000,7758.000,445.000,202.000,105.000,38.000,0.000,0.000,1
2026-01-31 17:32:57,6702534,-2763.000,7666.000,384.000,129.000,-20.000,112.000,0.000,0.000,1
2026-01-31 17:32:57,6702574,-2715.000,7715.000,389.000,230.000,-21.000,180.000,0.000,0.000,1
2026-01-31 17:32:57,6702614,-2624.000,7796.000,387.000,329.000,8.000,186.000,0.000,0.000,1
2026-01-31 17:32:57,6702654,-2647.000,7887.000,325.000,337.000,62.000,150.000,0.000,0.000,1
2026-01-31 17:32:57,6702694,-2647.000,7957.000,211.000,79.000,34.000,116.000,0.000,0.000,1
2026-01-31 17:32:58,6702734,-2523.000,7857.000,294.000,62.000,42.000,86.000,0.000,0.000,1
2026-01-31 17:32:58,6702774,-2609.000,7754.000,301.000,49.000,162.000,34.000,0.000,0.000,1
2026-01-31 17:32:58,6702814,-2643.000,7830.000,219.000,23.000,174.000,26.000,0.000,0.000,1
2026-01-31 17:32:58,6702854,-2672.000,7842.000,219.000,-152.000,55.000,46.000,0.000,0.000,1
2026-01-31 17:32:58,6702894,-2612.000,7775.000,370.000,-244.000,68.000,79.000,0.000,0.000,1
2026-01-31 17:32:58,6702934,-2644.000,7726.000,393.000,-200.000,151.000,-16.000,0.000,0.000,1
2026-01-31 17:32:58,6702974,-2684.000,7680.000,345.000,-88.000,171.000,-22.000,0.000,0.000,1
2026-01-31 17:32:58,6703014,-2636.000,7794.000,337.000,29.000,183.000,-2.000,0.000,0.000,1
2026-01-31 17:32:58,6703054,-2603.000,7711.000,329.000,-32.000,201.000,-4.000,0.000,0.000,1
2026-01-31 17:32:58,6703094,-2670.000,7712.000,297.000,39.000,200.000,61.000,0.000,0.000,1
2026-01-31 17:32:58,6703137,-2550.000,7768.000,183.000,226.000,172.000,59.000,0.000,0.000,1
2026-01-31 17:32:58,6703174,-2536.000,7724.000,115.000,226.000,161.000,99.000,0.000,0.000,1
2026-01-31 17:32:58,6703214,-2492.000,7753.000,-13.000,334.000,162.000,106.000,0.000,0.000,1
2026-01-31 17:32:58,6703254,-2396.000,7791.000,-86.000,331.000,155.000,69.000,0.000,0.000,1
2026-01-31 17:32:58,6703294,-2309.000,7875.000,-371.000,458.000,123.000,57.000,0.000,0.000,1
2026-01-31 17:32:58,6703334,-2196.000,7897.000,-294.000,170.000,140.000,-132.000,0.000,0.000,1
2026-01-31 17:32:58,6703374,-2543.000,7818.000,-134.000,43.000,341.000,-272.000,0.000,0.000,1
2026-01-31 17:32:58,6703414,-2751.000,7903.000,7.000,56.000,245.000,-312.000,0.000,0.000,1
2026-01-31 17:32:58,6703454,-2438.000,7843.000,-148.000,95.000,1.000,-192.000,0.000,0.000,1
2026-01-31 17:32:58,6703494,-2546.000,7938.000,-255.000,44.000,-3.000,5.000,0.000,0.000,1
2026-01-31 17:32:58,6703534,-2532.000,7903.000,-251.000,44.000,-181.000,179.000,0.000,0.000,1
2026-01-31 17:32:58,6703574,-2663.000,7678.000,-455.000,-10.000,-260.000,285.000,0.000,0.000,1
2026-01-31 17:32:58,6703614,-2644.000,7754.000,-603.000,-28.000,-410.000,427.000,0.000,0.000,1
2026-01-31 17:32:58,6703654,-2346.000,7766.000,-439.000,-68.000,-488.000,311.000,0.000,0.000,1
2026-01-31 17:32:58,6703694,-2144.000,7862.000,-278.000,-143.000,-152.000,109.000,0.000,0.000,1
2026-01-31 17:32:59,6703734,-2161.000,7719.000,-122.000,-225.000,206.000,-30.000,0.000,0.000,1
2026-01-31 17:32:59,6703774,-2204.000,7821.000,-97.000,17.000,508.000,-77.000,0.000,0.000,1
2026-01-31 17:32:59,6703814,-2375.000,7907.000,-158.000,-5.000,590.000,-98.000,0.000,0.000,1
2026-01-31 17:32:59,6703854,-2465.000,7731.000,-207.000,-29.000,444.000,57.000,0.000,0.000,1
2026-01-31 17:32:59,6703894,-2421.000,7740.000,-220.000,185.000,285.000,173.000,0.000,0.000,1
2026-01-31 17:32:59,6703934,-2246.000,8033.000,-259.000,250.000,126.000,266.000,0.000,0.000,1
2026-01-31 17:32:59,6703974,-2360.000,7732.000,-173.000,-102.000,239.000,137.000,0.000,0.000,1
2026-01-31 17:32:59,6704014,-2433.000,7738.000,-78.000,-271.000,214.000,90.000,0.000,0.000,1
2026-01-31 17:32:59,6704054,-2511.000,7782.000,-89.000,-127.000,136.000,-63.000,0.000,0.000,1
2026-01-31 17:32:59,6704094,-2477.000,7801.000,-142.000,-47.000,25.000,-55.000,0.000,0.000,1
2026-01-31 17:32:59,6704134,-2372.000,7840.000,-138.000,36.000,-34.000,-12.000,0.000,0.000,1
2026-01-31 17:32:59,6704174,-2614.000,7545.000,-105.000,305.000,-10.000,37.000,0.000,0.000,1
2026-01-31 17:32:59,6704214,-2768.000,7739.000,277.000,1286.000,-321.000,281.000,0.000,0.000,1
2026-01-31 17:32:59,6704254,-2665.000,7654.000,288.000,2811.000,-589.000,406.000,0.000,0.000,1
2026-01-31 17:32:59,6704294,-2887.000,8388.000,435.000,3686.000,-439.000,131.000,0.000,0.000,1
2026-01-31 17:32:59,6704334,-3066.000,9380.000,368.000,1276.000,367.000,-26.000,0.000,0.000,1
2026-01-31 17:32:59,6704374,-2612.000,7574.000,-882.000,-22.000,376.000,-395.000,0.000,0.000,1
2026-01-31 17:32:59,6704414,-3046.000,8746.000,-1027.000,1142.000,454.000,-639.000,0.000,0.000,1
2026-01-31 17:32:59,6704454,-3026.000,7932.000,-1300.000,-671.000,286.000,-1034.000,0.000,0.000,1
2026-01-31 17:32:59,6704494,-3593.000,7685.000,-1317.000,-302.000,211.000,-1080.000,0.000,0.000,1
2026-01-31 17:32:59,6704534,-2220.000,8863.000,-855.000,-856.000,223.000,-1114.000,0.000,0.000,1
2026-01-31 17:32:59,6704574,-3139.000,8016.000,-337.000,-2469.000,566.000,-1394.000,0.000,0.000,1
2026-01-31 17:32:59,6704614,-2619.000,8277.000,-551.000,-2277.000,899.000,-1452.000,0.000,0.000,1
2026-01-31 17:32:59,6704654,-2669.000,7778.000,-787.000,-3612.000,1353.000,-1477.000,0.000,0.000,1
2026-01-31 17:32:59,6704694,-2469.000,8063.000,-362.000,-2344.000,1593.000,-1977.000,0.000,0.000,1
2026-01-31 17:33:00,6704734,-2258.000,7818.000,-249.000,-3079.000,2187.000,-1781.000,0.000,0.000,1
2026-01-31 17:33:00,6704774,-2100.000,7120.000,-924.000,-3232.000,2249.000,-1676.000,0.000,0.000,1
2026-01-31 17:33:00,6704814,-3052.000,6973.000,-627.000,-1174.000,1658.000,-1977.000,0.000,0.000,1
2026-01-31 17:33:00,6704857,-3216.000,6366.000,-528.000,-844.000,1180.000,-1865.000,0.000,0.000,1
2026-01-31 17:33:00,6704894,-3646.000,6359.000,-475.000,-517.000,1074.000,-1707.000,0.000,0.000,1
2026-01-31 17:33:00,6704934,-3599.000,6654.000,-393.000,-112.000,918.000,-1447.000,0.000,0.000,1
2026-01-31 17:33:00,6704974,-3945.000,6513.000,-48.000,74.000,706.000,-1027.000,0.000,0.000,1
2026-01-31 17:33:00,6705014,-4150.000,6907.000,-146.000,-130.000,617.000,-660.000,0.000,0.000,1
2026-01-31 17:33:00,6705054,-4428.000,6891.000,-183.000,-54.000,424.000,-377.000,0.000,0.000,1
2026-01-31 17:33:00,6705094,-4315.000,6923.000,67.000,0.000,367.000,-233.000,0.000,0.000,1
2026-01-31 17:33:00,6705137,-4295.000,7016.000,-251.000,-168.000,536.000,-172.000,0.000,0.000,1
2026-01-31 17:33:00,6705174,-4051.000,6817.000,-302.000,-171.000,475.000,-99.000,0.000,0.000,1
2026-01-31 17:33:00,6705214,-4128.000,6988.000,-305.000,-192.000,419.000,-140.000,0.000,0.000,1
2026-01-31 17:33:00,6705254,-4096.000,6499.000,-651.000,-481.000,490.000,-296.000,0.000,0.000,1
2026-01-31 17:33:00,6705294,-4349.000,6740.000,-532.000,27.000,448.000,-461.000,0.000,0.000,1
2026-01-31 17:33:00,6705334,-4280.000,6899.000,-379.000,-127.000,384.000,-467.000,0.000,0.000,1
2026-01-31 17:33:00,6705374,-4472.000,6733.000,-223.000,122.000,325.000,-392.000,0.000,0.000,1
2026-01-31 17:33:00,6705414,-4226.000,7112.000,61.000,-43.000,116.000,-274.000,0.000,0.000,1
2026-01-31 17:33:00,6705454,-4349.000,6784.000,-97.000,-501.000,257.000,-131.000,0.000,0.000,1
2026-01-31 17:33:00,6705494,-4419.000,6809.000,-260.000,-251.000,297.000,-90.000,0.000,0.000,1
2026-01-31 17:33:00,6705534,-4287.000,6902.000,-357.000,-356.000,286.000,23.000,0.000,0.000,1
2026-01-31 17:33:00,6705574,-4917.000,6730.000,-285.000,633.000,50.000,-105.000,0.000,0.000,1
2026-01-31 17:33:00,6705614,-4621.000,7113.000,119.000,312.000,16.000,-124.000,0.000,0.000,1
2026-01-31 17:33:00,6705654,-4772.000,7141.000,123.000,-210.000,164.000,-237.000,0.000,0.000,1
2026-01-31 17:33:00,6705694,-5079.000,6791.000,258.000,33.000,19.000,-333.000,0.000,0.000,1
2026-01-31 17:33:01,6705734,-5463.000,7144.000,336.000,41.000,197.000,-575.000,0.000,0.000,1
2026-01-31 17:33:01,6705774,-5310.000,7020.000,306.000,-665.000,365.000,-1041.000,0.000,0.000,1
2026-01-31 17:33:01,6705814,-5033.000,7153.000,389.000,-403.000,451.000,-1459.000,0.000,0.000,1
2026-01-31 17:33:01,6705854,-4517.000,7335.000,535.000,-662.000,546.000,-1581.000,0.000,0.000,1
2026-01-31 17:33:01,6705894,-4336.000,6915.000,321.000,-1660.000,801.000,-1613.000,0.000,0.000,1
2026-01-31 17:33:01,6705934,-4737.000,6673.000,84.000,-1894.000,1143.000,-1442.000,0.000,0.000,1
2026-01-31 17:33:01,6705974,-4880.000,5618.000,-224.000,-2888.000,1682.000,-1446.000,0.000,0.000,1
2026-01-31 17:33:01,6706014,-5342.000,5469.000,-326.000,-2154.000,2065.000,-1470.000,0.000,0.000,1
2026-01-31 17:33:01,6706054,-5549.000,5203.000,-440.000,-1705.000,2187.000,-1320.000,0.000,0.000,1
2026-01-31 17:33:01,6706094,-5209.000,5271.000,-327.000,-963.000,2115.000,-800.000,0.000,0.000,1
2026-01-31 17:33:01,6706134,-5075.000,5071.000,-388.000,-778.000,2089.000,13.000,0.000,0.000,1
2026-01-31 17:33:01,6706174,-4929.000,5180.000,-398.000,-566.000,1773.000,869.000,0.000,0.000,1
2026-01-31 17:33:01,6706214,-4770.000,5430.000,-569.000,-219.000,1306.000,1893.000,0.000,0.000,1
2026-01-31 17:33:01,6706254,-4916.000,5514.000,-1108.000,-186.000,898.000,2814.000,0.000,0.000,1
2026-01-31 17:33:01,6706294,-5018.000,6039.000,-875.000,448.000,-25.000,3664.000,0.000,0.000,1
2026-01-31 17:33:01,6706334,-5007.000,6316.000,-616.000,597.000,-488.000,3878.000,0.000,0.000,1
2026-01-31 17:33:01,6706374,-4885.000,6786.000,-1239.000,1361.000,-626.000,3830.000,0.000,0.000,1
2026-01-31 17:33:01,6706414,-4385.000,7194.000,-897.000,2394.000,-1201.000,3722.000,0.000,0.000,1
2026-01-31 17:33:01,6706454,-3943.000,7435.000,-752.000,2999.000,-1216.000,3323.000,0.000,0.000,1
2026-01-31 17:33:01,6706494,-4028.000,8042.000,-528.000,2196.000,-986.000,3233.000,0.000,0.000,1
2026-01-31 17:33:01,6706534,-3483.000,8396.000,-379.000,996.000,-802.000,2789.000,0.000,0.000,1
2026-01-31 17:33:01,6706574,-3201.000,8299.000,-311.000,-364.000,-641.000,2227.000,0.000,0.000,1
2026-01-31 17:33:01,6706614,-3063.000,8233.000,-796.000,-741.000,-469.000,1645.000,0.000,0.000,1
2026-01-31 17:33:01,6706654,-2770.000,8921.000,-425.000,-254.000,-599.000,830.000,0.000,0.000,1
2026-01-31 17:33:01,6706694,-2538.000,7929.000,3.000,-691.000,-352.000,234.000,0.000,0.000,1
2026-01-31 17:33:02,6706734,-2300.000,8733.000,116.000,-81.000,114.000,-164.000,0.000,0.000,1
2026-01-31 17:33:02,6706774,-2970.000,8273.000,-124.000,-1011.000,486.000,-502.000,0.000,0.000,1
2026-01-31 17:33:02,6706814,-3109.000,7761.000,-345.000,-1260.000,137.000,-500.000,0.000,0.000,1
2026-01-31 17:33:02,6706857,-3130.000,7558.000,-347.000,-1070.000,-198.000,-648.000,0.000,0.000,1
2026-01-31 17:33:02,6706897,-3342.000,7323.000,-372.000,-878.000,-378.000,-871.000,0.000,0.000,1
2026-01-31 17:33:02,6706934,-3144.000,7492.000,-160.000,-643.000,-549.000,-1031.000,0.000,0.000,1
2026-01-31 17:33:02,6706974,-3132.000,7139.000,-2.000,-771.000,-574.000,-1141.000,0.000,0.000,1
2026-01-31 17:33:02,6707014,-3082.000,7016.000,0.000,-752.000,-612.000,-1172.000,0.000,0.000,1
2026-01-31 17:33:02,6707054,-3201.000,7047.000,194.000,-66.000,-742.000,-1181.000,0.000,0.000,1
2026-01-31 17:33:02,6707094,-3509.000,7378.000,191.000,23.000,-656.000,-1091.000,0.000,0.000,1
2026-01-31 17:33:02,6707137,-3704.000,6882.000,288.000,-60.000,-740.000,-843.000,0.000,0.000,1
2026-01-31 17:33:02,6707174,-3770.000,6992.000,375.000,257.000,-732.000,-721.000,0.000,0.000,1
2026-01-31 17:33:02,6707214,-3780.000,7502.000,371.000,359.000,-621.000,-421.000,0.000,0.000,1
2026-01-31 17:33:02,6707254,-3860.000,7317.000,196.000,-151.000,-563.000,-144.000,0.000,0.000,1
2026-01-31 17:33:02,6707294,-3817.000,7254.000,13.000,29.000,-490.000,27.000,0.000,0.000,1
2026-01-31 17:33:02,6707334,-3765.000,6964.000,-21.000,135.000,-421.000,243.000,0.000,0.000,1
2026-01-31 17:33:02,6707374,-3683.000,7238.000,100.000,515.000,-296.000,426.000,0.000,0.000,1
2026-01-31 17:33:02,6707414,-3870.000,7310.000,237.000,847.000,-207.000,366.000,0.000,0.000,1
2026-01-31 17:33:02,6707454,-3802.000,6948.000,235.000,208.000,-286.000,469.000,0.000,0.000,1
2026-01-31 17:33:02,6707494,-3685.000,7215.000,225.000,818.000,-404.000,339.000,0.000,0.000,1
2026-01-31 17:33:02,6707534,-3759.000,7654.000,-31.000,737.000,-444.000,284.000,0.000,0.000,1
2026-01-31 17:33:02,6707574,-3561.000,7515.000,-52.000,263.000,-543.000,300.000,0.000,0.000,1
2026-01-31 17:33:02,6707614,-3505.000,7528.000,-183.000,763.000,-574.000,315.000,0.000,0.000,1
2026-01-31 17:33:02,6707654,-3240.000,7522.000,-196.000,707.000,-728.000,287.000,0.000,0.000,1
2026-01-31 17:33:02,6707694,-3053.000,7445.000,-144.000,1229.000,-726.000,374.000,0.000,0.000,1
2026-01-31 17:33:03,6707734,-3062.000,7675.000,-147.000,938.000,-709.000,462.000,0.000,0.000,1
2026-01-31 17:33:03,6707774,-2900.000,7588.000,-147.000,462.000,-632.000,600.000,0.000,0.000,1
2026-01-31 17:33:03,6707814,-3013.000,7678.000,-242.000,305.000,-451.000,726.000,0.000,0.000,1
2026-01-31 17:33:03,6707854,-3042.000,7440.000,-286.000,243.000,-269.000,697.000,0.000,0.000,1
2026-01-31 17:33:03,6707894,-3200.000,7528.000,-286.000,361.000,-230.000,615.000,0.000,0.000,1
2026-01-31 17:33:03,6707934,-3189.000,7696.000,-381.000,406.000,-349.000,419.000,0.000,0.000,1
2026-01-31 17:33:03,6707974,-2989.000,7646.000,-370.000,257.000,-589.000,353.000,0.000,0.000,1
2026-01-31 17:33:03,6708014,-2934.000,7598.000,-321.000,86.000,-659.000,407.000,0.000,0.000,1
2026-01-31 17:33:03,6708054,-3056.000,7455.000,-454.000,149.000,-747.000,430.000,0.000,0.000,1
2026-01-31 17:33:03,6708094,-3150.000,7358.000,-499.000,314.000,-1083.000,605.000,0.000,0.000,1
2026-01-31 17:33:03,6708134,-3155.000,7267.000,-399.000,466.000,-1304.000,626.000,0.000,0.000,1
2026-01-31 17:33:03,6708174,-3197.000,7275.000,-314.000,501.000,-1544.000,594.000,0.000,0.000,1
2026-01-31 17:33:03,6708214,-2979.000,7673.000,-129.000,699.000,-1664.000,484.000,0.000,0.000,1
2026-01-31 17:33:03,6708254,-3099.000,7579.000,-137.000,524.000,-1568.000,111.000,0.000,0.000,1
2026-01-31 17:33:03,6708294,-2841.000,7926.000,22.000,696.000,-1680.000,66.000,0.000,0.000,1
2026-01-31 17:33:03,6708334,-2494.000,7779.000,48.000,408.000,-1541.000,-94.000,0.000,0.000,1
2026-01-31 17:33:03,6708374,-2339.000,7550.000,-265.000,737.000,-1225.000,-129.000,0.000,0.000,1
2026-01-31 17:33:03,6708414,-2212.000,7722.000,-477.000,677.000,-946.000,-33.000,0.000,0.000,1
2026-01-31 17:33:03,6708454,-2053.000,7421.000,-422.000,674.000,-638.000,274.000,0.000,0.000,1
2026-01-31 17:33:03,6708494,-2193.000,7973.000,-616.000,902.000,-227.000,500.000,0.000,0.000,1
2026-01-31 17:33:03,6708534,-2599.000,8021.000,-409.000,400.000,-55.000,356.000,0.000,0.000,1
2026-01-31 17:33:03,6708574,-2553.000,8056.000,-308.000,451.000,31.000,259.000,0.000,0.000,1
2026-01-31 17:33:03,6708614,-2240.000,8104.000,-303.000,238.000,223.000,165.000,0.000,0.000,1
2026-01-31 17:33:03,6708654,-2390.000,7787.000,-531.000,267.000,655.000,-135.000,0.000,0.000,1
2026-01-31 17:33:03,6708694,-2668.000,7696.000,-636.000,96.000,730.000,-107.000,0.000,0.000,1
2026-01-31 17:33:04,6708734,-2832.000,7191.000,-788.000,-132.000,606.000,49.000,0.000,0.000,1
2026-01-31 17:33:04,6708774,-2786.000,7593.000,-974.000,121.000,363.000,264.000,0.000,0.000,1
2026-01-31 17:33:04,6708814,-2839.000,7999.000,-956.000,283.000,153.000,235.000,0.000,0.000,1
2026-01-31 17:33:04,6708857,-2656.000,7583.000,-867.000,505.000,-211.000,254.000,0.000,0.000,1
2026-01-31 17:33:04,6708894,-2545.000,7889.000,-911.000,551.000,-270.000,226.000,0.000,0.000,1
2026-01-31 17:33:04,6708934,-2434.000,7636.000,-912.000,338.000,-321.000,32.000,0.000,0.000,1
2026-01-31 17:33:04,6708974,-2265.000,7890.000,-928.000,494.000,-224.000,-44.000,0.000,0.000,1
2026-01-31 17:33:04,6709014,-2356.000,7912.000,-1005.000,304.000,30.000,-231.000,0.000,0.000,1
2026-01-31 17:33:04,6709054,-2472.000,7834.000,-1045.000,249.000,218.000,-494.000,0.000,0.000,1
2026-01-31 17:33:04,6709094,-2465.000,7600.000,-1195.000,60.000,326.000,-489.000,0.000,0.000,1
2026-01-31 17:33:04,6709137,-2577.000,7466.000,-1400.000,307.000,183.000,-429.000,0.000,0.000,1
2026-01-31 17:33:04,6709176,-2670.000,8028.000,-1397.000,457.000,100.000,-466.000,0.000,0.000,1
2026-01-31 17:33:04,6709214,-2592.000,7491.000,-1477.000,139.000,-29.000,-530.000,0.000,0.000,1
2026-01-31 17:33:04,6709254,-2653.000,7588.000,-1342.000,262.000,-18.000,-603.000,0.000,0.000,1
2026-01-31 17:33:04,6709294,-2838.000,7650.000,-1374.000,-125.000,-103.000,-462.000,0.000,0.000,1
2026-01-31 17:33:04,6709334,-2790.000,7622.000,-1235.000,-145.000,-220.000,-307.000,0.000,0.000,1
2026-01-31 17:33:04,6709374,-2896.000,7424.000,-1243.000,-92.000,-192.000,-170.000,0.000,0.000,1
2026-01-31 17:33:04,6709414,-2814.000,7568.000,-1270.000,-116.000,-155.000,-110.000,0.000,0.000,1
2026-01-31 17:33:04,6709454,-2882.000,7447.000,-1239.000,-384.000,-116.000,-125.000,0.000,0.000,1
2026-01-31 17:33:04,6709494,-2922.000,7527.000,-1143.000,-397.000,-15.000,-73.000,0.000,0.000,1
2026-01-31 17:33:04,6709534,-2989.000,7407.000,-1171.000,-380.000,-21.000,-18.000,0.000,0.000,1
2026-01-31 17:33:04,6709574,-2876.000,7523.000,-1177.000,-75.000,-5.000,69.000,0.000,0.000,1
2026-01-31 17:33:04,6709614,-2845.000,7509.000,-1282.000,126.000,19.000,179.000,0.000,0.000,1
2026-01-31 17:33:04,6709654,-2712.000,7501.000,-1397.000,301.000,-61.000,323.000,0.000,0.000,1
2026-01-31 17:33:04,6709694,-2700.000,7733.000,-1438.000,264.000,-88.000,346.000,0.000,0.000,1
2026-01-31 17:33:05,6709734,-2716.000,7711.000,-1378.000,240.000,-109.000,370.000,0.000,0.000,1
2026-01-31 17:33:05,6709774,-2610.000,7634.000,-1545.000,481.000,-176.000,516.000,0.000,0.000,1
2026-01-31 17:33:05,6709814,-2453.000,7696.000,-1674.000,547.000,-253.000,617.000,0.000,0.000,1
2026-01-31 17:33:05,6709854,-2279.000,7732.000,-1790.000,488.000,-322.000,603.000,0.000,0.000,1
2026-01-31 17:33:05,6709894,-2136.000,7694.000,-1937.000,331.000,-294.000,525.000,0.000,0.000,1
2026-01-31 17:33:05,6709934,-2078.000,7648.000,-2070.000,155.000,-361.000,426.000,0.000,0.000,1
2026-01-31 17:33:05,6709974,-1974.000,7565.000,-2052.000,246.000,-510.000,408.000,0.000,0.000,1
2026-01-31 17:33:05,6710014,-1939.000,7645.000,-1980.000,224.000,-518.000,474.000,0.000,0.000,1
2026-01-31 17:33:05,6710054,-1881.000,7614.000,-1901.000,270.000,-500.000,476.000,0.000,0.000,1
2026-01-31 17:33:05,6710094,-1982.000,7672.000,-1963.000,388.000,-481.000,528.000,0.000,0.000,1
2026-01-31 17:33:05,6710134,-1805.000,7685.000,-2093.000,255.000,-573.000,514.000,0.000,0.000,1
2026-01-31 17:33:05,6710174,-1715.000,7746.000,-2168.000,276.000,-495.000,477.000,0.000,0.000,1
2026-01-31 17:33:05,6710214,-1553.000,7666.000,-2180.000,119.000,-479.000,368.000,0.000,0.000,1
2026-01-31 17:33:05,6710254,-1597.000,7664.000,-2164.000,210.000,-334.000,333.000,0.000,0.000,1
2026-01-31 17:33:05,6710294,-1617.000,7695.000,-2177.000,163.000,-160.000,205.000,0.000,0.000,1
2026-01-31 17:33:05,6710334,-1718.000,7800.000,-2078.000,-21.000,8.000,-12.000,0.000,0.000,1
2026-01-31 17:33:05,6710374,-1824.000,7851.000,-1994.000,-296.000,192.000,-247.000,0.000,0.000,1
2026-01-31 17:33:05,6710414,-1915.000,7979.000,-1777.000,-531.000,280.000,-418.000,0.000,0.000,1
2026-01-31 17:33:05,6710454,-2048.000,8017.000,-1580.000,-774.000,374.000,-513.000,0.000,0.000,1
2026-01-31 17:33:05,6710494,-2212.000,7971.000,-1410.000,-944.000,463.000,-501.000,0.000,0.000,1
2026-01-31 17:33:05,6710534,-2443.000,7932.000,-952.000,-1119.000,494.000,-320.000,0.000,0.000,1
2026-01-31 17:33:05,6710574,-2585.000,7863.000,-762.000,-1219.000,427.000,-191.000,0.000,0.000,1
2026-01-31 17:33:05,6710614,-2644.000,7656.000,-546.000,-1285.000,317.000,-114.000,0.000,0.000,1
2026-01-31 17:33:05,6710654,-2799.000,7736.000,-341.000,-1330.000,243.000,9.000,0.000,0.000,1
2026-01-31 17:33:05,6710694,-2954.000,7648.000,42.000,-1547.000,164.000,174.000,0.000,0.000,1
2026-01-31 17:33:06,6710734,-3090.000,7516.000,357.000,-1407.000,115.000,512.000,0.000,0.000,1
2026-01-31 17:33:06,6710774,-2789.000,7792.000,541.000,-1005.000,-64.000,505.000,0.000,0.000,1
2026-01-31 17:33:06,6710814,-2868.000,7161.000,452.000,-896.000,16.000,343.000,0.000,0.000,1
2026-01-31 17:33:06,6710857,-2769.000,7511.000,162.000,-165.000,71.000,98.000,0.000,0.000,1
2026-01-31 17:33:06,6710897,-2395.000,7545.000,-331.000,558.000,84.000,39.000,0.000,0.000,1
2026-01-31 17:33:06,6710934,-2182.000,7637.000,-537.000,752.000,52.000,53.000,0.000,0.000,1
2026-01-31 17:33:06,6710974,-2052.000,7845.000,-548.000,766.000,162.000,115.000,0.000,0.000,1
2026-01-31 17:33:06,6711014,-2269.000,7910.000,-341.000,400.000,298.000,177.000,0.000,0.000,1
2026-01-31 17:33:06,6711054,-2679.000,7728.000,-8.000,178.000,262.000,241.000,0.000,0.000,1
2026-01-31 17:33:06,6711094,-2957.000,7834.000,196.000,228.000,108.000,238.000,0.000,0.000,1
2026-01-31 17:33:06,6711138,-2771.000,7817.000,-33.000,456.000,-171.000,190.000,0.000,0.000,1
2026-01-31 17:33:06,6711174,-2634.000,7691.000,-234.000,584.000,-288.000,218.000,0.000,0.000,1
2026-01-31 17:33:06,6711214,-2290.000,7740.000,-585.000,651.000,-419.000,121.000,0.000,0.000,1
2026-01-31 17:33:06,6711254,-2057.000,7573.000,-859.000,470.000,-444.000,37.000,0.000,0.000,1
2026-01-31 17:33:06,6711294,-1868.000,7682.000,-840.000,502.000,-262.000,100.000,0.000,0.000,1
2026-01-31 17:33:06,6711334,-2025.000,7895.000,-622.000,430.000,-16.000,60.000,0.000,0.000,1
2026-01-31 17:33:06,6711374,-2368.000,8088.000,-315.000,107.000,178.000,-86.000,0.000,0.000,1
2026-01-31 17:33:06,6711414,-2616.000,8133.000,-133.000,-160.000,200.000,-124.000,0.000,0.000,1
2026-01-31 17:33:06,6711454,-2726.000,8023.000,-115.000,-217.000,61.000,-63.000,0.000,0.000,1
2026-01-31 17:33:06,6711494,-2550.000,7924.000,-381.000,-52.000,-177.000,86.000,0.000,0.000,1
2026-01-31 17:33:06,6711534,-2276.000,7826.000,-589.000,-2.000,-332.000,321.000,0.000,0.000,1
2026-01-31 17:33:06,6711574,-2079.000,7791.000,-698.000,-33.000,-322.000,315.000,0.000,0.000,1
2026-01-31 17:33:06,6711614,-2029.000,7725.000,-615.000,-84.000,-161.000,241.000,0.000,0.000,1
2026-01-31 17:33:06,6711654,-2253.000,7878.000,-369.000,-70.000,19.000,-55.000,0.000,0.000,1
2026-01-31 17:33:06,6711694,-2424.000,7919.000,-260.000,-103.000,130.000,-122.000,0.000,0.000,1
2026-01-31 17:33:07,6711734,-2477.000,7959.000,-208.000,-170.000,57.000,-75.000,0.000,0.000,1
2026-01-31 17:33:07,6711774,-2412.000,7884.000,-205.000,-177.000,-12.000,-25.000,0.000,0.000,1
2026-01-31 17:33:07,6711814,-2321.000,7745.000,-275.000,-173.000,-33.000,28.000,0.000,0.000,1
2026-01-31 17:33:07,6711854,-2251.000,7639.000,-373.000,-64.000,-16.000,25.000,0.000,0.000,1
2026-01-31 17:33:07,6711894,-2246.000,7665.000,-474.000,96.000,21.000,-18.000,0.000,0.000,1
2026-01-31 17:33:07,6711934,-2256.000,7747.000,-490.000,167.000,30.000,-60.000,0.000,0.000,1
2026-01-31 17:33:07,6711974,-2318.000,7781.000,-452.000,168.000,27.000,-109.000,0.000,0.000,1
2026-01-31 17:33:07,6712014,-2367.000,7837.000,-443.000,169.000,-5.000,-124.000,0.000,0.000,1
2026-01-31 17:33:07,6712054,-2425.000,7841.000,-372.000,10.000,-17.000,-171.000,0.000,0.000,1
2026-01-31 17:33:07,6712094,-2421.000,7787.000,-361.000,10.000,-20.000,-154.000,0.000,0.000,1
2026-01-31 17:33:07,6712134,-2420.000,7821.000,-407.000,36.000,-8.000,-131.000,0.000,0.000,1
2026-01-31 17:33:07,6712174,-2420.000,7796.000,-433.000,32.000,5.000,-110.000,0.000,0.000,1
2026-01-31 17:33:07,6712214,-2446.000,7794.000,-483.000,39.000,13.000,-49.000,0.000,0.000,1
2026-01-31 17:33:07,6712254,-2432.000,7944.000,-523.000,12.000,-17.000,19.000,0.000,0.000,1
2026-01-31 17:33:07,6712294,-2353.000,7885.000,-503.000,-154.000,-49.000,-3.000,0.000,0.000,1
2026-01-31 17:33:07,6712334,-2418.000,7747.000,-437.000,-269.000,9.000,-38.000,0.000,0.000,1
2026-01-31 17:33:07,6712374,-2369.000,7881.000,-363.000,-246.000,20.000,-59.000,0.000,0.000,1
2026-01-31 17:33:07,6712414,-2568.000,7764.000,-235.000,-334.000,88.000,-81.000,0.000,0.000,1
2026-01-31 17:33:07,6712454,-2518.000,7661.000,-160.000,-259.000,30.000,60.000,0.000,0.000,1
2026-01-31 17:33:07,6712494,-2483.000,7644.000,-223.000,-37.000,11.000,108.000,0.000,0.000,1
2026-01-31 17:33:07,6712534,-2456.000,7700.000,-320.000,119.000,-28.000,139.000,0.000,0.000,1
2026-01-31 17:33:07,6712574,-2391.000,7724.000,-372.000,223.000,-85.000,82.000,0.000,0.000,1
2026-01-31 17:33:07,6712614,-2363.000,7860.000,-463.000,277.000,-51.000,-41.000,0.000,0.000,1
2026-01-31 17:33:07,6712654,-2379.000,7875.000,-442.000,118.000,-35.000,-105.000,0.000,0.000,1
2026-01-31 17:33:07,6712694,-2381.000,7801.000,-354.000,21.000,-24.000,-127.000,0.000,0.000,1
2026-01-31 17:33:08,6712734,-2491.000,7816.000,-314.000,72.000,20.000,-145.000,0.000,0.000,1
2026-01-31 17:33:08,6712774,-2461.000,7855.000,-335.000,32.000,4.000,-109.000,0.000,0.000,1
2026-01-31 17:33:08,6712814,-2530.000,7758.000,-362.000,88.000,39.000,-57.000,0.000,0.000,1
2026-01-31 17:33:08,6712854,-2513.000,7776.000,-388.000,59.000,13.000,30.000,0.000,0.000,1
2026-01-31 17:33:08,6712894,-2516.000,7700.000,-392.000,130.000,7.000,81.000,0.000,0.000,1
2026-01-31 17:33:08,6712934,-2501.000,7816.000,-456.000,144.000,-19.000,149.000,0.000,0.000,1
2026-01-31 17:33:08,6712974,-2458.000,7777.000,-416.000,43.000,-81.000,156.000,0.000,0.000,1
2026-01-31 17:33:08,6713014,-2462.000,7734.000,-377.000,118.000,-86.000,136.000,0.000,0.000,1
2026-01-31 17:33:08,6713054,-2469.000,7815.000,-403.000,128.000,-61.000,134.000,0.000,0.000,1
2026-01-31 17:33:08,6713094,-2458.000,7775.000,-411.000,101.000,-42.000,158.000,0.000,0.000,1
2026-01-31 17:33:08,6713137,-2408.000,7727.000,-493.000,165.000,-77.000,104.000,0.000,0.000,1
2026-01-31 17:33:08,6713174,-2391.000,7789.000,-537.000,175.000,-66.000,98.000,0.000,0.000,1
2026-01-31 17:33:08,6713214,-2364.000,7768.000,-530.000,133.000,-18.000,71.000,0.000,0.000,1
2026-01-31 17:33:08,6713254,-2354.000,7792.000,-488.000,127.000,14.000,9.000,0.000,0.000,1
2026-01-31 17:33:08,6713294,-2389.000,7795.000,-522.000,114.000,49.000,-47.000,0.000,0.000,1
2026-01-31 17:33:08,6713334,-2418.000,7842.000,-511.000,80.000,53.000,-76.000,0.000,0.000,1
2026-01-31 17:33:08,6713374,-2418.000,7801.000,-504.000,76.000,46.000,-59.000,0.000,0.000,1
2026-01-31 17:33:08,6713414,-2406.000,7804.000,-509.000,77.000,30.000,-38.000,0.000,0.000,1
2026-01-31 17:33:08,6713454,-2416.000,7845.000,-539.000,4.000,22.000,-21.000,0.000,0.000,1
2026-01-31 17:33:08,6713494,-2384.000,7711.000,-530.000,-11.000,6.000,-1.000,0.000,0.000,1
2026-01-31 17:33:08,6713534,-2424.000,7815.000,-561.000,54.000,16.000,-6.000,0.000,0.000,1
2026-01-31 17:33:08,6713574,-2434.000,7749.000,-539.000,16.000,6.000,-3.000,0.000,0.000,1
2026-01-31 17:33:08,6713614,-2458.000,7787.000,-554.000,17.000,25.000,-44.000,0.000,0.000,1
2026-01-31 17:33:08,6713654,-2453.000,7684.000,-575.000,4.000,25.000,-53.000,0.000,0.000,1
2026-01-31 17:33:08,6713694,-2437.000,7752.000,-592.000,94.000,13.000,-47.000,0.000,0.000,1
2026-01-31 17:33:09,6713734,-2437.000,7684.000,-632.000,104.000,11.000,-89.000,0.000,0.000,1
2026-01-31 17:33:09,6713774,-2450.000,7780.000,-610.000,124.000,19.000,-52.000,0.000,0.000,1
2026-01-31 17:33:09,6713814,-2504.000,7764.000,-566.000,58.000,38.000,-73.000,0.000,0.000,1
2026-01-31 17:33:09,6713854,-2516.000,7790.000,-559.000,129.000,17.000,-33.000,0.000,0.000,1
2026-01-31 17:33:09,6713894,-2486.000,7743.000,-596.000,134.000,-26.000,-35.000,0.000,0.000,1
2026-01-31 17:33:09,6713934,-2488.000,7865.000,-627.000,84.000,-26.000,7.000,0.000,0.000,1
2026-01-31 17:33:09,6713974,-2473.000,7678.000,-583.000,-26.000,-37.000,46.000,0.000,0.000,1
2026-01-31 17:33:09,6714014,-2457.000,7770.000,-624.000,64.000,-56.000,65.000,0.000,0.000,1
2026-01-31 17:33:09,6714054,-2453.000,7738.000,-629.000,19.000,-36.000,39.000,0.000,0.000,1
2026-01-31 17:33:09,6714094,-2465.000,7728.000,-638.000,38.000,4.000,6.000,0.000,0.000,1
2026-01-31 17:33:09,6714134,-2488.000,7769.000,-631.000,29.000,7.000,-9.000,0.000,0.000,1
2026-01-31 17:33:09,6714174,-2476.000,7679.000,-596.000,14.000,-4.000,-25.000,0.000,0.000,1
2026-01-31 17:33:09,6714214,-2488.000,7768.000,-640.000,67.000,4.000,-15.000,0.000,0.000,1
2026-01-31 17:33:09,6714254,-2503.000,7786.000,-633.000,36.000,17.000,-26.000,0.000,0.000,1
2026-01-31 17:33:09,6714294,-2483.000,7757.000,-640.000,29.000,0.000,-39.000,0.000,0.000,1
2026-01-31 17:33:09,6714334,-2497.000,7779.000,-639.000,-22.000,-8.000,-66.000,0.000,0.000,1
2026-01-31 17:33:09,6714374,-2511.000,7724.000,-620.000,-61.000,-21.000,-50.000,0.000,0.000,1
2026-01-31 17:33:09,6714414,-2497.000,7777.000,-623.000,10.000,-25.000,-30.000,0.000,0.000,1
2026-01-31 17:33:09,6714454,-2503.000,7767.000,-676.000,3.000,-33.000,-21.000,0.000,0.000,1
2026-01-31 17:33:09,6714494,-2512.000,7733.000,-608.000,-48.000,-43.000,12.000,0.000,0.000,1
2026-01-31 17:33:09,6714534,-2515.000,7683.000,-575.000,-38.000,-18.000,14.000,0.000,0.000,1
2026-01-31 17:33:09,6714574,-2531.000,7725.000,-614.000,43.000,-1.000,6.000,0.000,0.000,1
2026-01-31 17:33:09,6714614,-2526.000,7750.000,-663.000,31.000,-13.000,-31.000,0.000,0.000,1
2026-01-31 17:33:09,6714654,-2513.000,7728.000,-641.000,-1.000,3.000,-75.000,0.000,0.000,1
2026-01-31 17:33:09,6714694,-2524.000,7769.000,-626.000,-4.000,28.000,-82.000,0.000,0.000,1
2026-01-31 17:33:10,6714734,-2528.000,7721.000,-608.000,-34.000,24.000,-96.000,0.000,0.000,1
2026-01-31 17:33:10,6714774,-2574.000,7729.000,-595.000,-15.000,14.000,-88.000,0.000,0.000,1
2026-01-31 17:33:10,6714814,-2604.000,7771.000,-593.000,-7.000,-5.000,-46.000,0.000,0.000,1
2026-01-31 17:33:10,6714854,-2613.000,7764.000,-603.000,-6.000,-32.000,-22.000,0.000,0.000,1
2026-01-31 17:33:10,6714894,-2585.000,7742.000,-650.000,1.000,-51.000,14.000,0.000,0.000,1
2026-01-31 17:33:10,6714937,-2568.000,7681.000,-656.000,-48.000,-56.000,12.000,0.000,0.000,1
2026-01-31 17:33:10,6714977,-2541.000,7698.000,-615.000,-78.000,-54.000,16.000,0.000,0.000,1
2026-01-31 17:33:10,6715014,-2579.000,7742.000,-613.000,-65.000,-41.000,1.000,0.000,0.000,1
2026-01-31 17:33:10,6715054,-2553.000,7679.000,-646.000,-75.000,-30.000,-22.000,0.000,0.000,1
2026-01-31 17:33:10,6715094,-2613.000,7719.000,-550.000,-106.000,-34.000,-24.000,0.000,0.000,1
2026-01-31 17:33:10,6715134,-2572.000,7693.000,-526.000,-13.000,4.000,-22.000,0.000,0.000,1
2026-01-31 17:33:10,6715174,-2506.000,7692.000,-502.000,166.000,25.000,-84.000,0.000,0.000,1
2026-01-31 17:33:10,6715214,-2689.000,7784.000,-728.000,-20.000,53.000,-65.000,0.000,0.000,1
2026-01-31 17:33:10,6715254,-2641.000,7741.000,-651.000,-184.000,-59.000,-6.000,0.000,0.000,1
2026-01-31 17:33:10,6715294,-2604.000,7705.000,-562.000,-235.000,-81.000,51.000,0.000,0.000,1
2026-01-31 17:33:10,6715334,-2597.000,7700.000,-516.000,-184.000,-72.000,46.000,0.000,0.000,1
2026-01-31 17:33:10,6715374,-2612.000,7675.000,-543.000,-73.000,-56.000,11.000,0.000,0.000,1
2026-01-31 17:33:10,6715414,-2589.000,7785.000,-538.000,-134.000,-92.000,68.000,0.000,0.000,1
2026-01-31 17:33:10,6715454,-2594.000,7686.000,-455.000,-143.000,-36.000,57.000,0.000,0.000,1
2026-01-31 17:33:10,6715494,-2558.000,7727.000,-499.000,-15.000,-20.000,26.000,0.000,0.000,1
2026-01-31 17:33:10,6715534,-2579.000,7734.000,-529.000,-73.000,5.000,-9.000,0.000,0.000,1
2026-01-31 17:33:10,6715574,-2603.000,7611.000,-433.000,-95.000,-2.000,-13.000,0.000,0.000,1
2026-01-31 17:33:10,6715614,-2594.000,7736.000,-463.000,133.000,32.000,0.000,0.000,0.000,1
2026-01-31 17:33:10,6715654,-2634.000,7706.000,-491.000,147.000,37.000,-34.000,0.000,0.000,1
2026-01-31 17:33:10,6715694,-2626.000,7749.000,-520.000,209.000,32.000,-10.000,0.000,0.000,1
2026-01-31 17:33:11,6715734,-2590.000,7728.000,-553.000,107.000,-4.000,44.000,0.000,0.000,1
2026-01-31 17:33:11,6715774,-2577.000,7756.000,-532.000,99.000,-3.000,19.000,0.000,0.000,1
2026-01-31 17:33:11,6715814,-2598.000,7795.000,-555.000,47.000,21.000,-11.000,0.000,0.000,1
2026-01-31 17:33:11,6715854,-2602.000,7760.000,-532.000,-141.000,-31.000,19.000,0.000,0.000,1
2026-01-31 17:33:11,6715894,-2612.000,7747.000,-514.000,-185.000,-48.000,32.000,0.000,0.000,1
2026-01-31 17:33:11,6715934,-2580.000,7641.000,-492.000,-195.000,-44.000,33.000,0.000,0.000,1
2026-01-31 17:33:11,6715974,-2587.000,7709.000,-473.000,-48.000,-20.000,10.000,0.000,0.000,1
2026-01-31 17:33:11,6716014,-2608.000,7693.000,-491.000,29.000,7.000,-1.000,0.000,0.000,1
2026-01-31 17:33:11,6716054,-2577.000,7769.000,-514.000,89.000,2.000,8.000,0.000,0.000,1
2026-01-31 17:33:11,6716094,-2627.000,7723.000,-511.000,-11.000,32.000,-17.000,0.000,0.000,1
2026-01-31 17:33:11,6716134,-2645.000,7746.000,-496.000,0.000,10.000,-16.000,0.000,0.000,1
2026-01-31 17:33:11,6716174,-2610.000,7722.000,-512.000,15.000,-22.000,-19.000,0.000,0.000,1
2026-01-31 17:33:11,6716214,-2608.000,7725.000,-475.000,-50.000,-9.000,-1.000,0.000,0.000,1
2026-01-31 17:33:11,6716254,-2601.000,7709.000,-483.000,22.000,-20.000,18.000,0.000,0.000,1
2026-01-31 17:33:11,6716294,-2598.000,7733.000,-501.000,14.000,-21.000,43.000,0.000,0.000,1
2026-01-31 17:33:11,6716334,-2594.000,7707.000,-486.000,12.000,-12.000,26.000,0.000,0.000,1
2026-01-31 17:33:11,6716374,-2614.000,7727.000,-495.000,21.000,-7.000,27.000,0.000,0.000,1
2026-01-31 17:33:11,6716414,-2611.000,7753.000,-496.000,30.000,-9.000,48.000,0.000,0.000,1
2026-01-31 17:33:11,6716454,-2601.000,7711.000,-496.000,18.000,-9.000,43.000,0.000,0.000,1
2026-01-31 17:33:11,6716494,-2596.000,7793.000,-542.000,33.000,-9.000,23.000,0.000,0.000,1
2026-01-31 17:33:11,6716534,-2594.000,7725.000,-505.000,-88.000,-12.000,16.000,0.000,0.000,1
2026-01-31 17:33:11,6716574,-2587.000,7724.000,-502.000,-81.000,-6.000,-12.000,0.000,0.000,1
2026-01-31 17:33:11,6716614,-2591.000,7707.000,-472.000,-4.000,15.000,-35.000,0.000,0.000,1
2026-01-31 17:33:11,6716654,-2623.000,7639.000,-470.000,15.000,20.000,-27.000,0.000,0.000,1
2026-01-31 17:33:11,6716694,-2618.000,7866.000,-519.000,138.000,22.000,13.000,0.000,0.000,1
2026-01-31 17:33:12,6716734,-2636.000,7732.000,-531.000,0.000,1.000,3.000,0.000,0.000,1
2026-01-31 17:33:12,6716774,-2658.000,7667.000,-492.000,-6.000,-30.000,32.000,0.000,0.000,1
2026-01-31 17:33:12,6716814,-2577.000,7647.000,-486.000,114.000,-33.000,97.000,0.000,0.000,1
2026-01-31 17:33:12,6716854,-2554.000,7834.000,-546.000,209.000,-30.000,80.000,0.000,0.000,1
2026-01-31 17:33:12,6716897,-2587.000,7706.000,-571.000,149.000,29.000,36.000,0.000,0.000,1
2026-01-31 17:33:12,6716936,-2605.000,7796.000,-529.000,161.000,15.000,12.000,0.000,0.000,1
2026-01-31 17:33:12,6716974,-2643.000,7770.000,-610.000,130.000,3.000,10.000,0.000,0.000,1
2026-01-31 17:33:12,6717014,-2608.000,7752.000,-571.000,-98.000,-20.000,6.000,0.000,0.000,1
2026-01-31 17:33:12,6717054,-2584.000,7665.000,-528.000,-45.000,-15.000,9.000,0.000,0.000,1
2026-01-31 17:33:12,6717094,-2584.000,7724.000,-561.000,-9.000,-10.000,3.000,0.000,0.000,1
2026-01-31 17:33:12,6717137,-2609.000,7767.000,-571.000,39.000,15.000,-7.000,0.000,0.000,1
2026-01-31 17:33:12,6717174,-2630.000,7770.000,-570.000,20.000,10.000,-3.000,0.000,0.000,1
2026-01-31 17:33:12,6717214,-2622.000,7701.000,-551.000,4.000,-18.000,26.000,0.000,0.000,1
2026-01-31 17:33:12,6717254,-2592.000,7774.000,-568.000,-3.000,-27.000,40.000,0.000,0.000,1
2026-01-31 17:33:12,6717294,-2591.000,7676.000,-542.000,-24.000,-18.000,21.000,0.000,0.000,1
2026-01-31 17:33:12,6717334,-2594.000,7746.000,-567.000,14.000,-11.000,4.000,0.000,0.000,1
2026-01-31 17:33:12,6717374,-2619.000,7705.000,-552.000,-28.000,0.000,0.000,0.000,0.000,1
2026-01-31 17:33:12,6717414,-2609.000,7734.000,-561.000,-19.000,-3.000,11.000,0.000,0.000,1
2026-01-31 17:33:12,6717454,-2616.000,7723.000,-549.000,-38.000,1.000,9.000,0.000,0.000,1
2026-01-31 17:33:12,6717494,-2621.000,7728.000,-549.000,-39.000,-4.000,4.000,0.000,0.000,1
2026-01-31 17:33:12,6717534,-2610.000,7738.000,-541.000,-22.000,0.000,17.000,0.000,0.000,1
2026-01-31 17:33:12,6717574,-2599.000,7737.000,-514.000,-14.000,-5.000,19.000,0.000,0.000,1
2026-01-31 17:33:12,6717614,-2611.000,7738.000,-545.000,54.000,-5.000,24.000,0.000,0.000,1
2026-01-31 17:33:12,6717654,-2606.000,7734.000,-556.000,23.000,-17.000,38.000,0.000,0.000,1
2026-01-31 17:33:12,6717694,-2608.000,7668.000,-546.000,1.000,4.000,26.000,0.000,0.000,1
2026-01-31 17:33:13,6717734,-2610.000,7759.000,-537.000,23.000,10.000,40.000,0.000,0.000,1
2026-01-31 17:33:13,6717774,-2596.000,7721.000,-545.000,46.000,-20.000,53.000,0.000,0.000,1
2026-01-31 17:33:13,6717814,-2612.000,7791.000,-583.000,-20.000,6.000,73.000,0.000,0.000,1
2026-01-31 17:33:13,6717854,-2576.000,7673.000,-511.000,-61.000,-17.000,96.000,0.000,0.000,1
2026-01-31 17:33:13,6717894,-2588.000,7729.000,-555.000,25.000,-3.000,96.000,0.000,0.000,1
2026-01-31 17:33:13,6717934,-2579.000,7706.000,-539.000,-5.000,-4.000,97.000,0.000,0.000,1
2026-01-31 17:33:13,6717974,-2586.000,7739.000,-549.000,31.000,5.000,93.000,0.000,0.000,1
2026-01-31 17:33:13,6718014,-2570.000,7726.000,-524.000,25.000,-11.000,97.000,0.000,0.000,1
2026-01-31 17:33:13,6718054,-2582.000,7746.000,-544.000,47.000,-10.000,106.000,0.000,0.000,1
2026-01-31 17:33:13,6718094,-2530.000,7736.000,-554.000,17.000,-22.000,86.000,0.000,0.000,1
2026-01-31 17:33:13,6718134,-2557.000,7847.000,-675.000,-51.000,7.000,89.000,0.000,0.000,1
2026-01-31 17:33:13,6718174,-2463.000,7456.000,-494.000,-201.000,-58.000,101.000,0.000,0.000,1
2026-01-31 17:33:13,6718214,-2530.000,7749.000,-534.000,138.000,11.000,110.000,0.000,0.000,1
2026-01-31 17:33:13,6718254,-2487.000,7826.000,-586.000,126.000,-7.000,140.000,0.000,0.000,1
2026-01-31 17:33:13,6718294,-2526.000,7806.000,-554.000,25.000,-5.000,85.000,0.000,0.000,1
2026-01-31 17:33:13,6718334,-2493.000,7722.000,-567.000,-14.000,-5.000,64.000,0.000,0.000,1
2026-01-31 17:33:13,6718374,-2473.000,7714.000,-543.000,20.000,-4.000,61.000,0.000,0.000,1
2026-01-31 17:33:13,6718414,-2490.000,7743.000,-615.000,100.000,-21.000,26.000,0.000,0.000,1
2026-01-31 17:33:13,6718454,-2475.000,7772.000,-553.000,58.000,-9.000,64.000,0.000,0.000,1
2026-01-31 17:33:13,6718494,-2494.000,7758.000,-547.000,34.000,2.000,15.000,0.000,0.000,1
2026-01-31 17:33:13,6718534,-2483.000,7761.000,-629.000,112.000,-15.000,20.000,0.000,0.000,1
2026-01-31 17:33:13,6718574,-2472.000,7756.000,-627.000,9.000,-18.000,7.000,0.000,0.000,1
2026-01-31 17:33:13,6718614,-2465.000,7800.000,-604.000,2.000,19.000,9.000,0.000,0.000,1
2026-01-31 17:33:13,6718654,-2468.000,7727.000,-586.000,-7.000,8.000,1.000,0.000,0.000,1
2026-01-31 17:33:13,6718694,-2473.000,7711.000,-606.000,35.000,-11.000,6.000,0.000,0.000,1
2026-01-31 17:33:14,6718734,-2462.000,7723.000,-613.000,22.000,-12.000,-3.000,0.000,0.000,1
2026-01-31 17:33:14,6718774,-2505.000,7722.000,-633.000,4.000,-2.000,-30.000,0.000,0.000,1
2026-01-31 17:33:14,6718814,-2512.000,7733.000,-588.000,-9.000,-1.000,-35.000,0.000,0.000,1
2026-01-31 17:33:14,6718854,-2490.000,7650.000,-553.000,37.000,5.000,-53.000,0.000,0.000,1
2026-01-31 17:33:14,6718894,-2574.000,7734.000,-589.000,131.000,14.000,-33.000,0.000,0.000,1
2026-01-31 17:33:14,6718937,-2563.000,7730.000,-640.000,173.000,-13.000,37.000,0.000,0.000,1
2026-01-31 17:33:14,6718977,-2550.000,7815.000,-700.000,197.000,-51.000,101.000,0.000,0.000,1
2026-01-31 17:33:14,6719014,-2501.000,7802.000,-720.000,183.000,-85.000,118.000,0.000,0.000,1
2026-01-31 17:33:14,6719054,-2430.000,7849.000,-788.000,89.000,-93.000,53.000,0.000,0.000,1
2026-01-31 17:33:14,6719094,-2407.000,7899.000,-761.000,-139.000,-79.000,-85.000,0.000,0.000,1
2026-01-31 17:33:14,6719137,-2420.000,7852.000,-659.000,-368.000,-56.000,-290.000,0.000,0.000,1
2026-01-31 17:33:14,6719174,-2470.000,7831.000,-589.000,-450.000,-31.000,-312.000,0.000,0.000,1
2026-01-31 17:33:14,6719214,-2529.000,7724.000,-504.000,-528.000,31.000,-306.000,0.000,0.000,1
2026-01-31 17:33:14,6719254,-2601.000,7684.000,-429.000,-465.000,64.000,-258.000,0.000,0.000,1
2026-01-31 17:33:14,6719294,-2681.000,7698.000,-432.000,-301.000,76.000,-185.000,0.000,0.000,1
2026-01-31 17:33:14,6719334,-2751.000,7614.000,-407.000,-279.000,69.000,-138.000,0.000,0.000,1
2026-01-31 17:33:14,6719374,-2729.000,7623.000,-399.000,-188.000,34.000,-108.000,0.000,0.000,1
2026-01-31 17:33:14,6719414,-2687.000,7654.000,-415.000,-86.000,-4.000,-98.000,0.000,0.000,1
2026-01-31 17:33:14,6719454,-2711.000,7628.000,-380.000,-18.000,3.000,-89.000,0.000,0.000,1
2026-01-31 17:33:14,6719494,-2742.000,7672.000,-378.000,71.000,14.000,-84.000,0.000,0.000,1
2026-01-31 17:33:14,6719534,-2723.000,7666.000,-434.000,125.000,9.000,-49.000,0.000,0.000,1
2026-01-31 17:33:14,6719574,-2752.000,7736.000,-448.000,131.000,-5.000,-35.000,0.000,0.000,1
2026-01-31 17:33:14,6719614,-2729.000,7712.000,-449.000,110.000,-39.000,-11.000,0.000,0.000,1
2026-01-31 17:33:14,6719654,-2710.000,7723.000,-474.000,82.000,-45.000,-10.000,0.000,0.000,1
2026-01-31 17:33:14,6719694,-2718.000,7708.000,-464.000,32.000,-23.000,-21.000,0.000,0.000,1
2026-01-31 17:33:15,6719734,-2706.000,7706.000,-472.000,5.000,-17.000,-19.000,0.000,0.000,1
2026-01-31 17:33:15,6719774,-2729.000,7727.000,-471.000,-8.000,-5.000,-27.000,0.000,0.000,1
2026-01-31 17:33:15,6719814,-2719.000,7706.000,-458.000,-65.000,-11.000,-4.000,0.000,0.000,1
2026-01-31 17:33:15,6719854,-2715.000,7723.000,-424.000,-57.000,-9.000,9.000,0.000,0.000,1
2026-01-31 17:33:15,6719894,-2717.000,7709.000,-439.000,-29.000,-5.000,16.000,0.000,0.000,1
2026-01-31 17:33:15,6719934,-2697.000,7681.000,-442.000,-20.000,-24.000,26.000,0.000,0.000,1
2026-01-31 17:33:15,6719974,-2726.000,7667.000,-458.000,-30.000,4.000,21.000,0.000,0.000,1
2026-01-31 17:33:15,6720014,-2731.000,7689.000,-428.000,-38.000,2.000,11.000,0.000,0.000,1
2026-01-31 17:33:15,6720054,-2732.000,7697.000,-448.000,-13.000,-19.000,-23.000,0.000,0.000,1
2026-01-31 17:33:15,6720094,-2730.000,7710.000,-423.000,-47.000,-6.000,-16.000,0.000,0.000,1
2026-01-31 17:33:15,6720134,-2720.000,7667.000,-406.000,-42.000,-16.000,-10.000,0.000,0.000,1
2026-01-31 17:33:15,6720174,-2726.000,7655.000,-424.000,0.000,-11.000,-22.000,0.000,0.000,1
2026-01-31 17:33:15,6720214,-2710.000,7693.000,-426.000,24.000,8.000,-59.000,0.000,0.000,1
2026-01-31 17:33:15,6720254,-2746.000,7668.000,-420.000,15.000,27.000,-78.000,0.000,0.000,1
2026-01-31 17:33:15,6720294,-2757.000,7684.000,-438.000,32.000,27.000,-51.000,0.000,0.000,1
2026-01-31 17:33:15,6720334,-2772.000,7692.000,-439.000,9.000,4.000,-47.000,0.000,0.000,1
2026-01-31 17:33:15,6720374,-2775.000,7680.000,-448.000,28.000,8.000,-37.000,0.000,0.000,1
2026-01-31 17:33:15,6720414,-2767.000,7684.000,-453.000,25.000,10.000,-11.000,0.000,0.000,1
2026-01-31 17:33:15,6720454,-2777.000,7689.000,-442.000,3.000,13.000,-13.000,0.000,0.000,1
2026-01-31 17:33:15,6720494,-2783.000,7665.000,-435.000,-6.000,14.000,-17.000,0.000,0.000,1
2026-01-31 17:33:15,6720534,-2788.000,7700.000,-445.000,-17.000,12.000,-11.000,0.000,0.000,1
2026-01-31 17:33:15,6720574,-2786.000,7656.000,-441.000,-24.000,0.000,-1.000,0.000,0.000,1
2026-01-31 17:33:15,6720614,-2798.000,7681.000,-444.000,-16.000,-5.000,7.000,0.000,0.000,1
2026-01-31 17:33:15,6720654,-2802.000,7663.000,-420.000,-36.000,-9.000,34.000,0.000,0.000,1
2026-01-31 17:33:15,6720694,-2786.000,7678.000,-429.000,-15.000,-16.000,51.000,0.000,0.000,1
2026-01-31 17:33:16,6720734,-2788.000,7685.000,-450.000,12.000,-28.000,64.000,0.000,0.000,1
2026-01-31 17:33:16,6720774,-2741.000,7680.000,-440.000,-27.000,-45.000,77.000,0.000,0.000,1
2026-01-31 17:33:16,6720814,-2757.000,7705.000,-428.000,-28.000,-2.000,54.000,0.000,0.000,1
2026-01-31 17:33:16,6720854,-2776.000,7664.000,-412.000,-29.000,-18.000,16.000,0.000,0.000,1
2026-01-31 17:33:16,6720897,-2757.000,7711.000,-414.000,-18.000,-12.000,31.000,0.000,0.000,1
2026-01-31 17:33:16,6720936,-2764.000,7668.000,-393.000,-40.000,-6.000,42.000,0.000,0.000,1
2026-01-31 17:33:16,6720974,-2742.000,7647.000,-396.000,-2.000,-21.000,52.000,0.000,0.000,1
2026-01-31 17:33:16,6721014,-2730.000,7678.000,-430.000,43.000,-16.000,42.000,0.000,0.000,1
2026-01-31 17:33:16,6721054,-2744.000,7681.000,-415.000,22.000,-3.000,14.000,0.000,0.000,1
2026-01-31 17:33:16,6721094,-2762.000,7701.000,-429.000,28.000,8.000,1.000,0.000,0.000,1
2026-01-31 17:33:16,6721137,-2752.000,7674.000,-415.000,4.000,-3.000,8.000,0.000,0.000,1
2026-01-31 17:33:16,6721174,-2752.000,7672.000,-438.000,18.000,0.000,0.000,0.000,0.000,1
2026-01-31 17:33:16,6721214,-2769.000,7676.000,-420.000,6.000,11.000,-9.000,0.000,0.000,1
2026-01-31 17:33:16,6721254,-2761.000,7690.000,-432.000,18.000,11.000,-2.000,0.000,0.000,1
2026-01-31 17:33:16,6721294,-2758.000,7683.000,-447.000,3.000,5.000,-10.000,0.000,0.000,1
2026-01-31 17:33:16,6721334,-2773.000,7692.000,-431.000,-16.000,9.000,-6.000,0.000,0.000,1
2026-01-31 17:33:16,6721374,-2765.000,7669.000,-428.000,-17.000,2.000,4.000,0.000,0.000,1
2026-01-31 17:33:16,6721414,-2767.000,7683.000,-427.000,-19.000,-1.000,7.000,0.000,0.000,1
2026-01-31 17:33:16,6721454,-2770.000,7667.000,-412.000,-1.000,-8.000,21.000,0.000,0.000,1
2026-01-31 17:33:16,6721494,-2773.000,7683.000,-428.000,-10.000,-4.000,37.000,0.000,0.000,1
2026-01-31 17:33:16,6721534,-2766.000,7670.000,-417.000,0.000,-7.000,47.000,0.000,0.000,1
2026-01-31 17:33:16,6721574,-2761.000,7689.000,-439.000,20.000,-16.000,47.000,0.000,0.000,1
2026-01-31 17:33:16,6721614,-2725.000,7681.000,-432.000,5.000,-31.000,62.000,0.000,0.000,1
2026-01-31 17:33:16,6721654,-2746.000,7672.000,-427.000,-16.000,1.000,20.000,0.000,0.000,1
2026-01-31 17:33:16,6721694,-2755.000,7691.000,-422.000,0.000,-6.000,17.000,0.000,0.000,1
2026-01-31 17:33:17,6721734,-2763.000,7657.000,-428.000,7.000,-22.000,-10.000,0.000,0.000,1
2026-01-31 17:33:17,6721774,-2748.000,7711.000,-421.000,-25.000,1.000,5.000,0.000,0.000,1
2026-01-31 17:33:17,6721814,-2756.000,7674.000,-390.000,-42.000,3.000,10.000,0.000,0.000,1
2026-01-31 17:33:17,6721854,-2733.000,7642.000,-414.000,40.000,-13.000,22.000,0.000,0.000,1
2026-01-31 17:33:17,6721894,-2746.000,7706.000,-431.000,19.000,2.000,-3.000,0.000,0.000,1
2026-01-31 17:33:17,6721934,-2780.000,7680.000,-413.000,-8.000,7.000,-24.000,0.000,0.000,1
2026-01-31 17:33:17,6721974,-2765.000,7691.000,-421.000,-1.000,-14.000,14.000,0.000,0.000,1
2026-01-31 17:33:17,6722014,-2754.000,7670.000,-410.000,4.000,-15.000,19.000,0.000,0.000,1
2026-01-31 17:33:17,6722054,-2754.000,7687.000,-441.000,31.000,-2.000,3.000,0.000,0.000,1
2026-01-31 17:33:17,6722094,-2764.000,7707.000,-432.000,-4.000,-1.000,4.000,0.000,0.000,1
2026-01-31 17:33:17,6722134,-2766.000,7669.000,-424.000,-4.000,-2.000,5.000,0.000,0.000,1
2026-01-31 17:33:17,6722174,-2767.000,7677.000,-439.000,7.000,2.000,2.000,0.000,0.000,1
2026-01-31 17:33:17,6722214,-2770.000,7674.000,-417.000,-29.000,2.000,12.000,0.000,0.000,1
2026-01-31 17:33:17,6722254,-2760.000,7667.000,-423.000,3.000,-2.000,16.000,0.000,0.000,1
2026-01-31 17:33:17,6722294,-2763.000,7689.000,-424.000,3.000,-11.000,19.000,0.000,0.000,1
2026-01-31 17:33:17,6722334,-2772.000,7671.000,-417.000,-22.000,-6.000,20.000,0.000,0.000,1
2026-01-31 17:33:17,6722374,-2761.000,7693.000,-402.000,-4.000,-9.000,23.000,0.000,0.000,1
2026-01-31 17:33:17,6722414,-2767.000,7658.000,-435.000,28.000,-7.000,28.000,0.000,0.000,1
2026-01-31 17:33:17,6722454,-2740.000,7722.000,-442.000,26.000,-30.000,46.000,0.000,0.000,1
2026-01-31 17:33:17,6722494,-2757.000,7651.000,-435.000,-12.000,-6.000,1.000,0.000,0.000,1
2026-01-31 17:33:17,6722534,-2758.000,7698.000,-415.000,-10.000,1.000,6.000,0.000,0.000,1
2026-01-31 17:33:17,6722574,-2786.000,7672.000,-424.000,4.000,-25.000,0.000,0.000,0.000,1
2026-01-31 17:33:17,6722614,-2751.000,7694.000,-423.000,-3.000,-14.000,12.000,0.000,0.000,1
2026-01-31 17:33:17,6722654,-2758.000,7686.000,-407.000,-55.000,7.000,7.000,0.000,0.000,1
2026-01-31 17:33:17,6722694,-2741.000,7673.000,-412.000,-4.000,-10.000,19.000,0.000,0.000,1
2026-01-31 17:33:18,6722734,-2757.000,7674.000,-420.000,9.000,6.000,-7.000,0.000,0.000,1
2026-01-31 17:33:18,6722774,-2778.000,7703.000,-424.000,14.000,13.000,-14.000,0.000,0.000,1
2026-01-31 17:33:18,6722814,-2795.000,7668.000,-419.000,-6.000,-8.000,9.000,0.000,0.000,1
2026-01-31 17:33:18,6722854,-2770.000,7664.000,-409.000,15.000,-14.000,31.000,0.000,0.000,1
2026-01-31 17:33:18,6722894,-2753.000,7674.000,-422.000,23.000,-14.000,24.000,0.000,0.000,1
2026-01-31 17:33:18,6722938,-2779.000,7705.000,-436.000,18.000,10.000,1.000,0.000,0.000,1
2026-01-31 17:33:18,6722976,-2782.000,7692.000,-429.000,10.000,3.000,5.000,0.000,0.000,1
2026-01-31 17:33:18,6723014,-2764.000,7680.000,-431.000,12.000,-3.000,5.000,0.000,0.000,1
2026-01-31 17:33:18,6723054,-2763.000,7723.000,-440.000,-27.000,-1.000,2.000,0.000,0.000,1
2026-01-31 17:33:18,6723094,-2772.000,7671.000,-414.000,-38.000,-8.000,25.000,0.000,0.000,1
2026-01-31 17:33:18,6723137,-2774.000,7690.000,-410.000,17.000,0.000,30.000,0.000,0.000,1
2026-01-31 17:33:18,6723176,-2777.000,7717.000,-436.000,4.000,6.000,33.000,0.000,0.000,1
2026-01-31 17:33:18,6723214,-2763.000,7658.000,-410.000,-30.000,0.000,27.000,0.000,0.000,1
2026-01-31 17:33:18,6723254,-2760.000,7673.000,-420.000,-10.000,-9.000,16.000,0.000,0.000,1
2026-01-31 17:33:18,6723294,-2769.000,7690.000,-424.000,21.000,-14.000,7.000,0.000,0.000,1
2026-01-31 17:33:18,6723334,-2749.000,7656.000,-432.000,-6.000,-10.000,5.000,0.000,0.000,1
2026-01-31 17:33:18,6723374,-2775.000,7703.000,-421.000,-3.000,3.000,1.000,0.000,0.000,1
2026-01-31 17:33:18,6723414,-2795.000,7657.000,-407.000,-10.000,-21.000,1.000,0.000,0.000,1
2026-01-31 17:33:18,6723454,-2759.000,7691.000,-414.000,9.000,-28.000,8.000,0.000,0.000,1
2026-01-31 17:33:18,6723494,-2770.000,7681.000,-387.000,-30.000,0.000,7.000,0.000,0.000,1
2026-01-31 17:33:18,6723534,-2768.000,7651.000,-401.000,30.000,-4.000,10.000,0.000,0.000,1
2026-01-31 17:33:18,6723574,-2760.000,7685.000,-427.000,30.000,-6.000,20.000,0.000,0.000,1
2026-01-31 17:33:18,6723614,-2781.000,7678.000,-405.000,3.000,18.000,-5.000,0.000,0.000,1
2026-01-31 17:33:18,6723654,-2806.000,7699.000,-411.000,23.000,13.000,11.000,0.000,0.000,1
2026-01-31 17:33:18,6723694,-2790.000,7688.000,-421.000,5.000,-4.000,38.000,0.000,0.000,1
2026-01-31 17:33:19,6723734,-2772.000,7667.000,-401.000,5.000,-8.000,48.000,0.000,0.000,1
2026-01-31 17:33:19,6723774,-2778.000,7691.000,-431.000,19.000,-3.000,45.000,0.000,0.000,1
2026-01-31 17:33:19,6723814,-2750.000,7665.000,-399.000,9.000,-8.000,59.000,0.000,0.000,1
2026-01-31 17:33:19,6723854,-2765.000,7677.000,-427.000,22.000,-9.000,85.000,0.000,0.000,1
2026-01-31 17:33:19,6723894,-2756.000,7695.000,-414.000,25.000,-7.000,100.000,0.000,0.000,1
2026-01-31 17:33:19,6723934,-2757.000,7643.000,-408.000,48.000,-3.000,103.000,0.000,0.000,1
2026-01-31 17:33:19,6723974,-2735.000,7641.000,-422.000,121.000,-2.000,144.000,0.000,0.000,1
2026-01-31 17:33:19,6724014,-2728.000,7714.000,-456.000,120.000,2.000,144.000,0.000,0.000,1
2026-01-31 17:33:19,6724054,-2713.000,7719.000,-462.000,64.000,-6.000,154.000,0.000,0.000,1
2026-01-31 17:33:19,6724094,-2709.000,7750.000,-444.000,59.000,-12.000,130.000,0.000,0.000,1
2026-01-31 17:33:19,6724134,-2704.000,7653.000,-477.000,20.000,-36.000,131.000,0.000,0.000,1
2026-01-31 17:33:19,6724174,-2664.000,7703.000,-452.000,47.000,-56.000,155.000,0.000,0.000,1
2026-01-31 17:33:19,6724214,-2664.000,7724.000,-456.000,36.000,-27.000,138.000,0.000,0.000,1
2026-01-31 17:33:19,6724254,-2668.000,7698.000,-483.000,27.000,-38.000,101.000,0.000,0.000,1
2026-01-31 17:33:19,6724294,-2639.000,7718.000,-468.000,17.000,-46.000,83.000,0.000,0.000,1
2026-01-31 17:33:19,6724334,-2636.000,7702.000,-468.000,7.000,-8.000,78.000,0.000,0.000,1
2026-01-31 17:33:19,6724374,-2633.000,7692.000,-482.000,35.000,4.000,105.000,0.000,0.000,1
2026-01-31 17:33:19,6724414,-2592.000,7727.000,-487.000,57.000,-10.000,98.000,0.000,0.000,1
2026-01-31 17:33:19,6724454,-2620.000,7735.000,-468.000,45.000,-11.000,72.000,0.000,0.000,1
2026-01-31 17:33:19,6724494,-2643.000,7767.000,-481.000,11.000,4.000,47.000,0.000,0.000,1
2026-01-31 17:33:19,6724534,-2646.000,7743.000,-478.000,-33.000,0.000,62.000,0.000,0.000,1
2026-01-31 17:33:19,6724574,-2623.000,7748.000,-461.000,-30.000,-10.000,64.000,0.000,0.000,1
2026-01-31 17:33:19,6724614,-2604.000,7681.000,-476.000,-85.000,-16.000,52.000,0.000,0.000,1
2026-01-31 17:33:19,6724654,-2572.000,7708.000,-463.000,-38.000,-21.000,47.000,0.000,0.000,1
2026-01-31 17:33:19,6724694,-2554.000,7682.000,-480.000,-21.000,-12.000,27.000,0.000,0.000,1
2026-01-31 17:33:20,6724734,-2586.000,7710.000,-475.000,-1.000,13.000,-8.000,0.000,0.000,1
2026-01-31 17:33:20,6724774,-2603.000,7739.000,-466.000,15.000,27.000,-33.000,0.000,0.000,1
2026-01-31 17:33:20,6724814,-2615.000,7727.000,-465.000,-26.000,9.000,-28.000,0.000,0.000,1
2026-01-31 17:33:20,6724854,-2614.000,7750.000,-469.000,-11.000,1.000,-21.000,0.000,0.000,1
2026-01-31 17:33:20,6724894,-2612.000,7650.000,-457.000,-38.000,-4.000,-41.000,0.000,0.000,1
2026-01-31 17:33:20,6724934,-2644.000,7737.000,-491.000,46.000,-2.000,-14.000,0.000,0.000,1
2026-01-31 17:33:20,6724974,-2604.000,7727.000,-442.000,-27.000,-20.000,6.000,0.000,0.000,1
2026-01-31 17:33:20,6725014,-2638.000,7724.000,-483.000,47.000,13.000,-29.000,0.000,0.000,1
2026-01-31 17:33:20,6725054,-2642.000,7735.000,-490.000,-2.000,-9.000,-46.000,0.000,0.000,1
2026-01-31 17:33:20,6725094,-2627.000,7728.000,-460.000,-35.000,17.000,-56.000,0.000,0.000,1
2026-01-31 17:33:20,6725134,-2660.000,7729.000,-444.000,-39.000,33.000,-46.000,0.000,0.000,1
2026-01-31 17:33:20,6725174,-2657.000,7682.000,-430.000,-12.000,-6.000,-22.000,0.000,0.000,1
2026-01-31 17:33:20,6725214,-2634.000,7727.000,-458.000,37.000,-24.000,9.000,0.000,0.000,1
2026-01-31 17:33:20,6725254,-2654.000,7712.000,-449.000,4.000,1.000,-17.000,0.000,0.000,1
2026-01-31 17:33:20,6725294,-2673.000,7732.000,-464.000,-14.000,10.000,-13.000,0.000,0.000,1
2026-01-31 17:33:20,6725334,-2668.000,7686.000,-453.000,-23.000,-14.000,-7.000,0.000,0.000,1
2026-01-31 17:33:20,6725374,-2651.000,7709.000,-458.000,15.000,-4.000,-21.000,0.000,0.000,1
2026-01-31 17:33:20,6725414,-2661.000,7701.000,-456.000,13.000,2.000,-28.000,0.000,0.000,1
2026-01-31 17:33:20,6725454,-2675.000,7720.000,-459.000,12.000,10.000,-25.000,0.000,0.000,1
2026-01-31 17:33:20,6725494,-2674.000,7687.000,-458.000,22.000,20.000,-27.000,0.000,0.000,1
2026-01-31 17:33:20,6725534,-2680.000,7718.000,-468.000,45.000,18.000,-32.000,0.000,0.000,1
2026-01-31 17:33:20,6725574,-2673.000,7767.000,-478.000,1.000,11.000,-33.000,0.000,0.000,1
2026-01-31 17:33:20,6725614,-2686.000,7712.000,-447.000,-47.000,-5.000,-40.000,0.000,0.000,1
2026-01-31 17:33:20,6725654,-2682.000,7670.000,-453.000,-30.000,-5.000,-47.000,0.000,0.000,1
2026-01-31 17:33:20,6725694,-2682.000,7701.000,-459.000,29.000,-12.000,-39.000,0.000,0.000,1
2026-01-31 17:33:21,6725734,-2663.000,7697.000,-483.000,9.000,-9.000,-32.000,0.000,0.000,1
2026-01-31 17:33:21,6725774,-2727.000,7720.000,-484.000,-13.000,27.000,-36.000,0.000,0.000,1
2026-01-31 17:33:21,6725814,-2739.000,7712.000,-459.000,-48.000,-6.000,-42.000,0.000,0.000,1
2026-01-31 17:33:21,6725854,-2720.000,7668.000,-449.000,-36.000,-2.000,-40.000,0.000,0.000,1
2026-01-31 17:33:21,6725894,-2743.000,7717.000,-447.000,-26.000,10.000,-11.000,0.000,0.000,1
2026-01-31 17:33:21,6725934,-2715.000,7662.000,-442.000,-19.000,-17.000,-2.000,0.000,0.000,1
2026-01-31 17:33:21,6725974,-2710.000,7700.000,-457.000,-14.000,-16.000,-6.000,0.000,0.000,1
2026-01-31 17:33:21,6726014,-2731.000,7653.000,-427.000,-2.000,2.000,-17.000,0.000,0.000,1
2026-01-31 17:33:21,6726054,-2739.000,7703.000,-454.000,24.000,3.000,-1.000,0.000,0.000,1
2026-01-31 17:33:21,6726094,-2739.000,7686.000,-461.000,12.000,-11.000,8.000,0.000,0.000,1
2026-01-31 17:33:21,6726134,-2728.000,7690.000,-451.000,5.000,-27.000,13.000,0.000,0.000,1
2026-01-31 17:33:21,6726174,-2721.000,7693.000,-465.000,11.000,-19.000,5.000,0.000,0.000,1
2026-01-31 17:33:21,6726214,-2726.000,7692.000,-457.000,-12.000,-11.000,-15.000,0.000,0.000,1
2026-01-31 17:33:21,6726254,-2719.000,7686.000,-453.000,-35.000,-19.000,-21.000,0.000,0.000,1
2026-01-31 17:33:21,6726294,-2754.000,7701.000,-441.000,-28.000,8.000,-22.000,0.000,0.000,1
2026-01-31 17:33:21,6726334,-2742.000,7699.000,-451.000,-14.000,-3.000,-8.000,0.000,0.000,1
2026-01-31 17:33:21,6726374,-2746.000,7672.000,-433.000,-45.000,4.000,-8.000,0.000,0.000,1
2026-01-31 17:33:21,6726414,-2756.000,7689.000,-442.000,-5.000,3.000,-2.000,0.000,0.000,1
2026-01-31 17:33:21,6726454,-2756.000,7656.000,-444.000,9.000,-5.000,6.000,0.000,0.000,1
2026-01-31 17:33:21,6726494,-2742.000,7707.000,-460.000,26.000,-26.000,21.000,0.000,0.000,1
2026-01-31 17:33:21,6726534,-2748.000,7685.000,-463.000,-19.000,-5.000,-1.000,0.000,0.000,1
2026-01-31 17:33:21,6726574,-2763.000,7654.000,-433.000,-47.000,-11.000,-3.000,0.000,0.000,1
2026-01-31 17:33:21,6726614,-2747.000,7718.000,-436.000,-25.000,-32.000,-10.000,0.000,0.000,1
2026-01-31 17:33:21,6726654,-2769.000,7688.000,-414.000,-49.000,-14.000,-20.000,0.000,0.000,1
2026-01-31 17:33:21,6726694,-2758.000,7684.000,-414.000,-32.000,4.000,3.000,0.000,0.000,1
2026-01-31 17:33:22,6726734,-2749.000,7639.000,-404.000,-2.000,-9.000,10.000,0.000,0.000,1
2026-01-31 17:33:22,6726774,-2751.000,7683.000,-427.000,25.000,4.000,5.000,0.000,0.000,1
2026-01-31 17:33:22,6726814,-2772.000,7684.000,-416.000,-1.000,8.000,7.000,0.000,0.000,1
2026-01-31 17:33:22,6726854,-2767.000,7676.000,-434.000,16.000,-6.000,29.000,0.000,0.000,1
2026-01-31 17:33:22,6726894,-2758.000,7646.000,-418.000,1.000,-8.000,17.000,0.000,0.000,1
2026-01-31 17:33:22,6726937,-2762.000,7681.000,-437.000,-1.000,-7.000,14.000,0.000,0.000,1
2026-01-31 17:33:22,6726977,-2751.000,7678.000,-438.000,13.000,0.000,18.000,0.000,0.000,1
2026-01-31 17:33:22,6727014,-2749.000,7701.000,-445.000,13.000,-3.000,12.000,0.000,0.000,1
2026-01-31 17:33:22,6727054,-2756.000,7667.000,-435.000,-4.000,-5.000,-2.000,0.000,0.000,1
2026-01-31 17:33:22,6727094,-2765.000,7685.000,-438.000,-9.000,-2.000,4.000,0.000,0.000,1
2026-01-31 17:33:22,6727137,-2768.000,7657.000,-425.000,-14.000,-7.000,1.000,0.000,0.000,1
2026-01-31 17:33:22,6727174,-2769.000,7673.000,-426.000,-3.000,-9.000,5.000,0.000,0.000,1
2026-01-31 17:33:22,6727214,-2775.000,7680.000,-429.000,-27.000,-4.000,5.000,0.000,0.000,1
2026-01-31 17:33:22,6727254,-2754.000,7666.000,-395.000,9.000,-1.000,10.000,0.000,0.000,1
2026-01-31 17:33:22,6727294,-2743.000,7632.000,-419.000,75.000,7.000,-21.000,0.000,0.000,1
2026-01-31 17:33:22,6727334,-2735.000,7695.000,-474.000,80.000,0.000,-30.000,0.000,0.000,1
2026-01-31 17:33:22,6727374,-2839.000,7723.000,-453.000,-37.000,47.000,-11.000,0.000,0.000,1
2026-01-31 17:33:22,6727414,-2801.000,7668.000,-409.000,-21.000,5.000,-12.000,0.000,0.000,1
2026-01-31 17:33:22,6727454,-2800.000,7685.000,-459.000,17.000,-19.000,2.000,0.000,0.000,1
2026-01-31 17:33:22,6727494,-2777.000,7684.000,-442.000,-30.000,-9.000,25.000,0.000,0.000,1
2026-01-31 17:33:22,6727534,-2769.000,7667.000,-404.000,-35.000,-5.000,36.000,0.000,0.000,1
2026-01-31 17:33:22,6727574,-2767.000,7646.000,-427.000,17.000,-8.000,30.000,0.000,0.000,1
2026-01-31 17:33:22,6727614,-2761.000,7695.000,-452.000,24.000,6.000,20.000,0.000,0.000,1
2026-01-31 17:33:22,6727654,-2796.000,7655.000,-442.000,-5.000,0.000,12.000,0.000,0.000,1
2026-01-31 17:33:22,6727694,-2769.000,7591.000,-441.000,28.000,-9.000,-1.000,0.000,0.000,1
2026-01-31 17:33:23,6727734,-2835.000,7713.000,-413.000,43.000,-9.000,25.000,0.000,0.000,1
2026-01-31 17:33:23,6727774,-2786.000,7724.000,-413.000,86.000,-50.000,154.000,0.000,0.000,1
2026-01-31 17:33:23,6727814,-2687.000,7751.000,-524.000,47.000,-44.000,125.000,0.000,0.000,1
2026-01-31 17:33:23,6727854,-2694.000,7703.000,-529.000,-101.000,35.000,-52.000,0.000,0.000,1
2026-01-31 17:33:23,6727894,-2745.000,7673.000,-426.000,-219.000,96.000,-123.000,0.000,0.000,1
2026-01-31 17:33:23,6727934,-2842.000,7604.000,-388.000,-125.000,62.000,-48.000,0.000,0.000,1
2026-01-31 17:33:23,6727974,-2852.000,7662.000,-391.000,-44.000,-10.000,63.000,0.000,0.000,1
2026-01-31 17:33:23,6728014,-2813.000,7656.000,-385.000,32.000,-61.000,192.000,0.000,0.000,1
2026-01-31 17:33:23,6728054,-2755.000,7675.000,-414.000,80.000,-42.000,213.000,0.000,0.000,1
2026-01-31 17:33:23,6728094,-2689.000,7730.000,-425.000,98.000,-46.000,187.000,0.000,0.000,1
2026-01-31 17:33:23,6728134,-2698.000,7675.000,-463.000,79.000,-16.000,128.000,0.000,0.000,1
2026-01-31 17:33:23,6728174,-2691.000,7767.000,-452.000,60.000,-8.000,109.000,0.000,0.000,1
2026-01-31 17:33:23,6728214,-2712.000,7696.000,-409.000,-31.000,14.000,101.000,0.000,0.000,1
2026-01-31 17:33:23,6728254,-2706.000,7719.000,-438.000,33.000,-9.000,133.000,0.000,0.000,1
2026-01-31 17:33:23,6728294,-2681.000,7684.000,-475.000,18.000,-40.000,109.000,0.000,0.000,1
2026-01-31 17:33:23,6728334,-2631.000,7751.000,-460.000,-1.000,-39.000,118.000,0.000,0.000,1
2026-01-31 17:33:23,6728374,-2631.000,7732.000,-435.000,-66.000,-16.000,124.000,0.000,0.000,1
2026-01-31 17:33:23,6728414,-2620.000,7702.000,-421.000,-62.000,-17.000,82.000,0.000,0.000,1
2026-01-31 17:33:23,6728454,-2649.000,7720.000,-422.000,-53.000,-8.000,56.000,0.000,0.000,1
2026-01-31 17:33:23,6728494,-2654.000,7748.000,-443.000,-50.000,7.000,51.000,0.000,0.000,1
2026-01-31 17:33:23,6728534,-2657.000,7737.000,-405.000,-84.000,3.000,78.000,0.000,0.000,1
2026-01-31 17:33:23,6728574,-2628.000,7699.000,-394.000,-65.000,-3.000,76.000,0.000,0.000,1
2026-01-31 17:33:23,6728614,-2534.000,7733.000,-418.000,-51.000,-76.000,49.000,0.000,0.000,1
2026-01-31 17:33:23,6728654,-2539.000,7621.000,-410.000,-113.000,-58.000,120.000,0.000,0.000,1
2026-01-31 17:33:23,6728694,-2588.000,7699.000,-432.000,-9.000,-9.000,55.000,0.000,0.000,1
2026-01-31 17:33:24,6728734,-2691.000,7743.000,-447.000,-3.000,45.000,16.000,0.000,0.000,1
2026-01-31 17:33:24,6728774,-2584.000,7870.000,-412.000,-59.000,-11.000,11.000,0.000,0.000,1
2026-01-31 17:33:24,6728814,-2602.000,7647.000,-386.000,-71.000,-9.000,14.000,0.000,0.000,1
2026-01-31 17:33:24,6728854,-2594.000,7643.000,-369.000,-14.000,15.000,-4.000,0.000,0.000,1
2026-01-31 17:33:24,6728897,-2624.000,7723.000,-419.000,123.000,34.000,-16.000,0.000,0.000,1
2026-01-31 17:33:24,6728936,-2649.000,7797.000,-370.000,44.000,-5.000,2.000,0.000,0.000,1
2026-01-31 17:33:24,6728974,-2610.000,7792.000,-341.000,-5.000,-20.000,9.000,0.000,0.000,1
2026-01-31 17:33:24,6729014,-2638.000,7711.000,-380.000,5.000,5.000,-21.000,0.000,0.000,1
2026-01-31 17:33:24,6729054,-2612.000,7728.000,-419.000,31.000,-18.000,-23.000,0.000,0.000,1
2026-01-31 17:33:24,6729094,-2614.000,7709.000,-414.000,-14.000,17.000,-57.000,0.000,0.000,1
2026-01-31 17:33:24,6729137,-2646.000,7769.000,-376.000,-21.000,44.000,-30.000,0.000,0.000,1
2026-01-31 17:33:24,6729174,-2680.000,7709.000,-340.000,-34.000,27.000,-20.000,0.000,0.000,1
2026-01-31 17:33:24,6729214,-2649.000,7744.000,-367.000,49.000,-20.000,19.000,0.000,0.000,1
2026-01-31 17:33:24,6729254,-2639.000,7738.000,-396.000,3.000,-15.000,12.000,0.000,0.000,1
2026-01-31 17:33:24,6729294,-2638.000,7712.000,-398.000,-20.000,-4.000,3.000,0.000,0.000,1
2026-01-31 17:33:24,6729334,-2646.000,7736.000,-413.000,-19.000,-17.000,3.000,0.000,0.000,1
2026-01-31 17:33:24,6729374,-2637.000,7720.000,-401.000,-41.000,-20.000,-9.000,0.000,0.000,1
2026-01-31 17:33:24,6729414,-2654.000,7715.000,-367.000,-29.000,1.000,-30.000,0.000,0.000,1
2026-01-31 17:33:24,6729454,-2661.000,7723.000,-371.000,-12.000,14.000,-43.000,0.000,0.000,1
2026-01-31 17:33:24,6729494,-2671.000,7700.000,-349.000,18.000,17.000,-22.000,0.000,0.000,1
2026-01-31 17:33:24,6729534,-2675.000,7752.000,-391.000,49.000,24.000,-20.000,0.000,0.000,1
2026-01-31 17:33:24,6729574,-2655.000,7712.000,-392.000,-11.000,-1.000,3.000,0.000,0.000,1
2026-01-31 17:33:24,6729614,-2664.000,7720.000,-391.000,-14.000,3.000,0.000,0.000,0.000,1
2026-01-31 17:33:24,6729654,-2662.000,7692.000,-385.000,-7.000,7.000,-2.000,0.000,0.000,1
2026-01-31 17:33:24,6729694,-2675.000,7765.000,-415.000,20.000,-5.000,-5.000,0.000,0.000,1
2026-01-31 17:33:25,6729734,-2669.000,7710.000,-370.000,-37.000,-15.000,-15.000,0.000,0.000,1
2026-01-31 17:33:25,6729774,-2677.000,7697.000,-385.000,-11.000,18.000,-28.000,0.000,0.000,1
2026-01-31 17:33:25,6729814,-2688.000,7714.000,-395.000,-33.000,0.000,-27.000,0.000,0.000,1
2026-01-31 17:33:25,6729854,-2691.000,7732.000,-413.000,-73.000,-8.000,-28.000,0.000,0.000,1
2026-01-31 17:33:25,6729894,-2684.000,7737.000,-365.000,-213.000,-24.000,-19.000,0.000,0.000,1
2026-01-31 17:33:25,6729934,-2692.000,7653.000,-277.000,-167.000,-15.000,-5.000,0.000,0.000,1
2026-01-31 17:33:25,6729974,-2683.000,7679.000,-346.000,79.000,-2.000,-2.000,0.000,0.000,1
2026-01-31 17:33:25,6730014,-2689.000,7699.000,-346.000,71.000,7.000,21.000,0.000,0.000,1
2026-01-31 17:33:25,6730054,-2723.000,7765.000,-361.000,92.000,26.000,1.000,0.000,0.000,1
2026-01-31 17:33:25,6730094,-2717.000,7721.000,-386.000,34.000,9.000,-3.000,0.000,0.000,1
2026-01-31 17:33:25,6730134,-2692.000,7688.000,-353.000,-21.000,-20.000,19.000,0.000,0.000,1
2026-01-31 17:33:25,6730174,-2688.000,7667.000,-352.000,43.000,-14.000,18.000,0.000,0.000,1
2026-01-31 17:33:25,6730214,-2682.000,7719.000,-391.000,90.000,-3.000,16.000,0.000,0.000,1
2026-01-31 17:33:25,6730254,-2696.000,7741.000,-396.000,25.000,4.000,1.000,0.000,0.000,1
2026-01-31 17:33:25,6730294,-2699.000,7695.000,-347.000,-11.000,-3.000,2.000,0.000,0.000,1
2026-01-31 17:33:25,6730334,-2688.000,7756.000,-380.000,-1.000,-9.000,18.000,0.000,0.000,1
2026-01-31 17:33:25,6730374,-2685.000,7665.000,-363.000,-18.000,-16.000,10.000,0.000,0.000,1
2026-01-31 17:33:25,6730414,-2697.000,7738.000,-386.000,-14.000,-9.000,3.000,0.000,0.000,1
2026-01-31 17:33:25,6730454,-2710.000,7656.000,-347.000,-42.000,-2.000,-1.000,0.000,0.000,1
2026-01-31 17:33:25,6730494,-2706.000,7724.000,-376.000,4.000,1.000,0.000,0.000,0.000,1
2026-01-31 17:33:25,6730534,-2714.000,7709.000,-377.000,10.000,-17.000,3.000,0.000,0.000,1
2026-01-31 17:33:25,6730574,-2688.000,7690.000,-373.000,-8.000,-14.000,-7.000,0.000,0.000,1
2026-01-31 17:33:25,6730614,-2713.000,7703.000,-390.000,2.000,16.000,-20.000,0.000,0.000,1
2026-01-31 17:33:25,6730654,-2730.000,7684.000,-371.000,-13.000,-6.000,-18.000,0.000,0.000,1
2026-01-31 17:33:25,6730694,-2706.000,7714.000,-375.000,11.000,-20.000,-30.000,0.000,0.000,1
2026-01-31 17:33:26,6730734,-2730.000,7707.000,-359.000,-33.000,11.000,-16.000,0.000,0.000,1
2026-01-31 17:33:26,6730774,-2705.000,7673.000,-333.000,-4.000,-14.000,-4.000,0.000,0.000,1
2026-01-31 17:33:26,6730814,-2708.000,7701.000,-392.000,28.000,1.000,0.000,0.000,0.000,1
2026-01-31 17:33:26,6730854,-2720.000,7714.000,-361.000,-8.000,6.000,3.000,0.000,0.000,1
2026-01-31 17:33:26,6730894,-2734.000,7711.000,-364.000,7.000,9.000,-7.000,0.000,0.000,1
2026-01-31 17:33:26,6730934,-2749.000,7679.000,-358.000,1.000,-4.000,16.000,0.000,0.000,1
2026-01-31 17:33:26,6730974,-2731.000,7725.000,-367.000,7.000,-8.000,31.000,0.000,0.000,1
2026-01-31 17:33:26,6731014,-2716.000,7661.000,-372.000,13.000,-9.000,33.000,0.000,0.000,1
2026-01-31 17:33:26,6731054,-2717.000,7720.000,-384.000,16.000,0.000,16.000,0.000,0.000,1
2026-01-31 17:33:26,6731094,-2716.000,7701.000,-383.000,-7.000,5.000,-13.000,0.000,0.000,1
2026-01-31 17:33:26,6731137,-2735.000,7675.000,-344.000,-25.000,-1.000,-12.000,0.000,0.000,1
2026-01-31 17:33:26,6731174,-2740.000,7705.000,-358.000,0.000,3.000,-8.000,0.000,0.000,1
2026-01-31 17:33:26,6731214,-2743.000,7703.000,-374.000,-7.000,-4.000,9.000,0.000,0.000,1
2026-01-31 17:33:26,6731254,-2751.000,7671.000,-364.000,2.000,-13.000,17.000,0.000,0.000,1
2026-01-31 17:33:26,6731294,-2731.000,7704.000,-364.000,-12.000,-18.000,27.000,0.000,0.000,1
2026-01-31 17:33:26,6731334,-2728.000,7703.000,-352.000,-12.000,-13.000,27.000,0.000,0.000,1
2026-01-31 17:33:26,6731374,-2719.000,7722.000,-346.000,3.000,-7.000,15.000,0.000,0.000,1
2026-01-31 17:33:26,6731414,-2742.000,7712.000,-391.000,28.000,2.000,2.000,0.000,0.000,1
2026-01-31 17:33:26,6731454,-2718.000,7683.000,-386.000,-16.000,-13.000,0.000,0.000,0.000,1
2026-01-31 17:33:26,6731494,-2738.000,7669.000,-355.000,-22.000,8.000,11.000,0.000,0.000,1
2026-01-31 17:33:26,6731534,-2767.000,7688.000,-373.000,9.000,-5.000,2.000,0.000,0.000,1
2026-01-31 17:33:26,6731574,-2733.000,7690.000,-378.000,-17.000,-20.000,1.000,0.000,0.000,1
2026-01-31 17:33:26,6731614,-2737.000,7730.000,-366.000,-42.000,4.000,-5.000,0.000,0.000,1
2026-01-31 17:33:26,6731654,-2750.000,7650.000,-303.000,-61.000,-5.000,9.000,0.000,0.000,1
2026-01-31 17:33:26,6731694,-2727.000,7700.000,-350.000,45.000,-10.000,25.000,0.000,0.000,1
2026-01-31 17:33:27,6731734,-2731.000,7685.000,-350.000,8.000,3.000,2.000,0.000,0.000,1
2026-01-31 17:33:27,6731774,-2752.000,7717.000,-363.000,11.000,9.000,-4.000,0.000,0.000,1
2026-01-31 17:33:27,6731814,-2761.000,7660.000,-351.000,-4.000,-7.000,14.000,0.000,0.000,1
2026-01-31 17:33:27,6731854,-2743.000,7701.000,-365.000,28.000,-5.000,25.000,0.000,0.000,1
2026-01-31 17:33:27,6731894,-2747.000,7686.000,-365.000,35.000,-9.000,30.000,0.000,0.000,1
2026-01-31 17:33:27,6731934,-2723.000,7688.000,-374.000,75.000,-47.000,61.000,0.000,0.000,1
2026-01-31 17:33:27,6731974,-2750.000,7652.000,-342.000,37.000,-19.000,25.000,0.000,0.000,1
2026-01-31 17:33:27,6732014,-2725.000,7807.000,-390.000,61.000,-29.000,62.000,0.000,0.000,1
2026-01-31 17:33:27,6732054,-2737.000,7730.000,-379.000,-19.000,-19.000,61.000,0.000,0.000,1
2026-01-31 17:33:27,6732094,-2725.000,7699.000,-354.000,-20.000,2.000,74.000,0.000,0.000,1
2026-01-31 17:33:27,6732134,-2735.000,7682.000,-357.000,8.000,9.000,99.000,0.000,0.000,1
2026-01-31 17:33:27,6732174,-2718.000,7724.000,-378.000,20.000,-9.000,103.000,0.000,0.000,1
2026-01-31 17:33:27,6732214,-2712.000,7695.000,-344.000,-10.000,-9.000,103.000,0.000,0.000,1
2026-01-31 17:33:27,6732254,-2699.000,7712.000,-341.000,25.000,13.000,91.000,0.000,0.000,1
2026-01-31 17:33:27,6732294,-2685.000,7700.000,-405.000,98.000,-26.000,109.000,0.000,0.000,1
2026-01-31 17:33:27,6732334,-2662.000,7756.000,-387.000,51.000,-46.000,116.000,0.000,0.000,1
2026-01-31 17:33:27,6732374,-2665.000,7678.000,-379.000,34.000,-15.000,93.000,0.000,0.000,1
2026-01-31 17:33:27,6732414,-2668.000,7741.000,-396.000,34.000,-14.000,80.000,0.000,0.000,1
2026-01-31 17:33:27,6732454,-2661.000,7690.000,-386.000,9.000,-19.000,47.000,0.000,0.000,1
2026-01-31 17:33:27,6732494,-2649.000,7768.000,-396.000,2.000,-3.000,48.000,0.000,0.000,1
2026-01-31 17:33:27,6732534,-2644.000,7722.000,-381.000,-46.000,3.000,65.000,0.000,0.000,1
2026-01-31 17:33:27,6732574,-2649.000,7719.000,-371.000,-21.000,-10.000,84.000,0.000,0.000,1
2026-01-31 17:33:27,6732614,-2650.000,7759.000,-376.000,-28.000,-56.000,107.000,0.000,0.000,1
2026-01-31 17:33:27,6732654,-2638.000,7725.000,-351.000,-47.000,-46.000,99.000,0.000,0.000,1
2026-01-31 17:33:27,6732694,-2614.000,7691.000,-369.000,-11.000,-34.000,107.000,0.000,0.000,1
2026-01-31 17:33:28,6732734,-2606.000,7721.000,-371.000,6.000,-31.000,97.000,0.000,0.000,1
2026-01-31 17:33:28,6732774,-2598.000,7700.000,-385.000,35.000,-12.000,76.000,0.000,0.000,1
2026-01-31 17:33:28,6732814,-2612.000,7790.000,-401.000,11.000,10.000,57.000,0.000,0.000,1
2026-01-31 17:33:28,6732854,-2593.000,7727.000,-363.000,-25.000,4.000,47.000,0.000,0.000,1
2026-01-31 17:33:28,6732894,-2600.000,7781.000,-367.000,-30.000,6.000,38.000,0.000,0.000,1
2026-01-31 17:33:28,6732934,-2583.000,7719.000,-369.000,-50.000,7.000,28.000,0.000,0.000,1
2026-01-31 17:33:28,6732974,-2581.000,7710.000,-372.000,-50.000,8.000,25.000,0.000,0.000,1
2026-01-31 17:33:28,6733014,-2582.000,7720.000,-370.000,-36.000,5.000,19.000,0.000,0.000,1
2026-01-31 17:33:28,6733054,-2585.000,7738.000,-367.000,-44.000,5.000,23.000,0.000,0.000,1
2026-01-31 17:33:28,6733094,-2567.000,7700.000,-340.000,-12.000,-7.000,15.000,0.000,0.000,1
2026-01-31 17:33:28,6733137,-2595.000,7777.000,-382.000,15.000,-17.000,3.000,0.000,0.000,1
2026-01-31 17:33:28,6733174,-2568.000,7757.000,-332.000,-21.000,-26.000,15.000,0.000,0.000,1
2026-01-31 17:33:28,6733214,-2593.000,7716.000,-339.000,-3.000,16.000,-14.000,0.000,0.000,1
2026-01-31 17:33:28,6733254,-2600.000,7728.000,-376.000,33.000,3.000,-18.000,0.000,0.000,1
2026-01-31 17:33:28,6733294,-2594.000,7718.000,-385.000,6.000,-6.000,-35.000,0.000,0.000,1
2026-01-31 17:33:28,6733334,-2600.000,7734.000,-352.000,-35.000,26.000,-48.000,0.000,0.000,1
2026-01-31 17:33:28,6733374,-2624.000,7724.000,-334.000,17.000,6.000,-10.000,0.000,0.000,1
2026-01-31 17:33:28,6733414,-2610.000,7713.000,-357.000,62.000,-15.000,6.000,0.000,0.000,1
2026-01-31 17:33:28,6733454,-2604.000,7750.000,-378.000,49.000,-6.000,-11.000,0.000,0.000,1
2026-01-31 17:33:28,6733494,-2625.000,7759.000,-358.000,5.000,12.000,-18.000,0.000,0.000,1
2026-01-31 17:33:28,6733534,-2640.000,7736.000,-357.000,15.000,8.000,-16.000,0.000,0.000,1
2026-01-31 17:33:28,6733574,-2626.000,7725.000,-360.000,21.000,-16.000,1.000,0.000,0.000,1
2026-01-31 17:33:28,6733614,-2629.000,7730.000,-366.000,25.000,-4.000,-5.000,0.000,0.000,1
2026-01-31 17:33:28,6733654,-2628.000,7758.000,-380.000,24.000,2.000,-13.000,0.000,0.000,1
2026-01-31 17:33:28,6733694,-2626.000,7733.000,-384.000,1.000,-2.000,-16.000,0.000,0.000,1
2026-01-31 17:33:29,6733734,-2635.000,7736.000,-373.000,-12.000,3.000,-14.000,0.000,0.000,1
2026-01-31 17:33:29,6733774,-2644.000,7726.000,-366.000,-1.000,6.000,-18.000,0.000,0.000,1
2026-01-31 17:33:29,6733814,-2652.000,7735.000,-374.000,-6.000,12.000,-18.000,0.000,0.000,1
2026-01-31 17:33:29,6733854,-2642.000,7728.000,-364.000,-25.000,0.000,-10.000,0.000,0.000,1
2026-01-31 17:33:29,6733894,-2647.000,7684.000,-346.000,-12.000,-2.000,-6.000,0.000,0.000,1
2026-01-31 17:33:29,6733934,-2645.000,7743.000,-403.000,62.000,-14.000,13.000,0.000,0.000,1
2026-01-31 17:33:29,6733974,-2628.000,7730.000,-379.000,2.000,-28.000,2.000,0.000,0.000,1
2026-01-31 17:33:29,6734014,-2641.000,7705.000,-382.000,-15.000,-7.000,-15.000,0.000,0.000,1
2026-01-31 17:33:29,6734054,-2667.000,7733.000,-379.000,-20.000,0.000,-23.000,0.000,0.000,1
2026-01-31 17:33:29,6734094,-2659.000,7696.000,-365.000,-12.000,-12.000,-39.000,0.000,0.000,1
2026-01-31 17:33:29,6734134,-2677.000,7755.000,-358.000,-38.000,15.000,-29.000,0.000,0.000,1
2026-01-31 17:33:29,6734174,-2667.000,7685.000,-330.000,-48.000,-6.000,-17.000,0.000,0.000,1
2026-01-31 17:33:29,6734214,-2660.000,7706.000,-361.000,25.000,-10.000,-1.000,0.000,0.000,1
2026-01-31 17:33:29,6734254,-2657.000,7711.000,-371.000,8.000,-3.000,-7.000,0.000,0.000,1
2026-01-31 17:33:29,6734294,-2667.000,7723.000,-369.000,17.000,5.000,-4.000,0.000,0.000,1
2026-01-31 17:33:29,6734334,-2694.000,7724.000,-377.000,-3.000,2.000,-18.000,0.000,0.000,1
2026-01-31 17:33:29,6734374,-2693.000,7708.000,-354.000,-19.000,-4.000,-13.000,0.000,0.000,1
2026-01-31 17:33:29,6734414,-2692.000,7685.000,-350.000,7.000,-7.000,-11.000,0.000,0.000,1
2026-01-31 17:33:29,6734454,-2688.000,7681.000,-357.000,34.000,4.000,0.000,0.000,0.000,1
2026-01-31 17:33:29,6734494,-2680.000,7735.000,-399.000,67.000,7.000,7.000,0.000,0.000,1
2026-01-31 17:33:29,6734534,-2670.000,7698.000,-376.000,-13.000,1.000,-8.000,0.000,0.000,1
2026-01-31 17:33:29,6734574,-2688.000,7735.000,-388.000,-13.000,6.000,-25.000,0.000,0.000,1
2026-01-31 17:33:29,6734614,-2700.000,7708.000,-376.000,-44.000,-1.000,-16.000,0.000,0.000,1
2026-01-31 17:33:29,6734654,-2693.000,7710.000,-357.000,-46.000,-4.000,3.000,0.000,0.000,1
2026-01-31 17:33:29,6734694,-2697.000,7702.000,-344.000,-9.000,1.000,-14.000,0.000,0.000,1
2026-01-31 17:33:30,6734734,-2705.000,7697.000,-385.000,2.000,-2.000,-5.000,0.000,0.000,1
2026-01-31 17:33:30,6734774,-2694.000,7719.000,-367.000,13.000,-25.000,21.000,0.000,0.000,1
2026-01-31 17:33:30,6734814,-2693.000,7711.000,-384.000,20.000,-17.000,5.000,0.000,0.000,1
2026-01-31 17:33:30,6734854,-2689.000,7686.000,-388.000,-20.000,-7.000,5.000,0.000,0.000,1
2026-01-31 17:33:30,6734894,-2693.000,7710.000,-369.000,-16.000,-22.000,-18.000,0.000,0.000,1
2026-01-31 17:33:30,6734937,-2717.000,7738.000,-337.000,-42.000,-1.000,-8.000,0.000,0.000,1
2026-01-31 17:33:30,6734977,-2718.000,7703.000,-324.000,-42.000,-7.000,-10.000,0.000,0.000,1
2026-01-31 17:33:30,6735014,-2720.000,7692.000,-320.000,-6.000,-10.000,-4.000,0.000,0.000,1
2026-01-31 17:33:30,6735054,-2702.000,7699.000,-364.000,19.000,-7.000,7.000,0.000,0.000,1
2026-01-31 17:33:30,6735094,-2702.000,7706.000,-359.000,1.000,2.000,-4.000,0.000,0.000,1
2026-01-31 17:33:30,6735134,-2724.000,7691.000,-354.000,19.000,4.000,2.000,0.000,0.000,1
2026-01-31 17:33:30,6735174,-2715.000,7713.000,-374.000,13.000,-10.000,18.000,0.000,0.000,1
2026-01-31 17:33:30,6735214,-2715.000,7677.000,-350.000,10.000,-9.000,10.000,0.000,0.000,1
2026-01-31 17:33:30,6735254,-2710.000,7732.000,-371.000,21.000,-5.000,2.000,0.000,0.000,1
2026-01-31 17:33:30,6735294,-2709.000,7703.000,-363.000,9.000,1.000,7.000,0.000,0.000,1
2026-01-31 17:33:30,6735334,-2709.000,7724.000,-373.000,-14.000,-4.000,10.000,0.000,0.000,1
2026-01-31 17:33:30,6735374,-2713.000,7686.000,-360.000,-14.000,-1.000,14.000,0.000,0.000,1
2026-01-31 17:33:30,6735414,-2733.000,7700.000,-360.000,-13.000,0.000,20.000,0.000,0.000,1
2026-01-31 17:33:30,6735454,-2725.000,7685.000,-351.000,15.000,-12.000,51.000,0.000,0.000,1
2026-01-31 17:33:30,6735494,-2711.000,7720.000,-363.000,-12.000,-17.000,75.000,0.000,0.000,1
2026-01-31 17:33:30,6735534,-2700.000,7678.000,-338.000,14.000,-13.000,69.000,0.000,0.000,1
2026-01-31 17:33:30,6735574,-2715.000,7717.000,-375.000,44.000,-3.000,74.000,0.000,0.000,1
2026-01-31 17:33:30,6735614,-2697.000,7730.000,-364.000,50.000,-32.000,98.000,0.000,0.000,1
2026-01-31 17:33:30,6735654,-2687.000,7714.000,-376.000,32.000,0.000,82.000,0.000,0.000,1
2026-01-31 17:33:30,6735694,-2695.000,7707.000,-362.000,31.000,-10.000,79.000,0.000,0.000,1
2026-01-31 17:33:31,6735734,-2689.000,7741.000,-374.000,29.000,-30.000,66.000,0.000,0.000,1
2026-01-31 17:33:31,6735774,-2665.000,7732.000,-366.000,-17.000,-21.000,77.000,0.000,0.000,1
2026-01-31 17:33:31,6735814,-2663.000,7749.000,-351.000,-30.000,-8.000,76.000,0.000,0.000,1
2026-01-31 17:33:31,6735854,-2638.000,7685.000,-342.000,-13.000,-22.000,83.000,0.000,0.000,1
2026-01-31 17:33:31,6735894,-2629.000,7746.000,-384.000,31.000,-8.000,87.000,0.000,0.000,1
2026-01-31 17:33:31,6735934,-2650.000,7711.000,-377.000,-19.000,-3.000,68.000,0.000,0.000,1
2026-01-31 17:33:31,6735974,-2656.000,7746.000,-370.000,-11.000,-2.000,71.000,0.000,0.000,1
2026-01-31 17:33:31,6736014,-2639.000,7723.000,-359.000,-37.000,-23.000,69.000,0.000,0.000,1
2026-01-31 17:33:31,6736054,-2640.000,7720.000,-386.000,-27.000,-60.000,60.000,0.000,0.000,1
2026-01-31 17:33:31,6736094,-2608.000,7717.000,-348.000,-35.000,-74.000,81.000,0.000,0.000,1
2026-01-31 17:33:31,6736134,-2609.000,7726.000,-344.000,22.000,-6.000,52.000,0.000,0.000,1
2026-01-31 17:33:31,6736174,-2605.000,7800.000,-371.000,-15.000,4.000,36.000,0.000,0.000,1
2026-01-31 17:33:31,6736214,-2612.000,7695.000,-324.000,-49.000,9.000,31.000,0.000,0.000,1
2026-01-31 17:33:31,6736254,-2616.000,7770.000,-358.000,5.000,12.000,30.000,0.000,0.000,1
2026-01-31 17:33:31,6736294,-2608.000,7728.000,-358.000,-47.000,-1.000,47.000,0.000,0.000,1
2026-01-31 17:33:31,6736334,-2595.000,7739.000,-335.000,-36.000,-7.000,49.000,0.000,0.000,1
2026-01-31 17:33:31,6736374,-2598.000,7647.000,-355.000,-16.000,-9.000,42.000,0.000,0.000,1
2026-01-31 17:33:31,6736414,-2571.000,7790.000,-342.000,39.000,-31.000,60.000,0.000,0.000,1
2026-01-31 17:33:31,6736454,-2589.000,7700.000,-330.000,-12.000,10.000,16.000,0.000,0.000,1
2026-01-31 17:33:31,6736494,-2609.000,7774.000,-396.000,13.000,6.000,-14.000,0.000,0.000,1
2026-01-31 17:33:31,6736534,-2589.000,7690.000,-344.000,-45.000,-9.000,-36.000,0.000,0.000,1
2026-01-31 17:33:31,6736574,-2612.000,7742.000,-330.000,-32.000,23.000,-37.000,0.000,0.000,1
2026-01-31 17:33:31,6736614,-2639.000,7741.000,-315.000,-13.000,16.000,-18.000,0.000,0.000,1
2026-01-31 17:33:31,6736654,-2612.000,7683.000,-319.000,31.000,-23.000,2.000,0.000,0.000,1
2026-01-31 17:33:31,6736694,-2596.000,7748.000,-351.000,63.000,-15.000,1.000,0.000,0.000,1
2026-01-31 17:33:32,6736734,-2605.000,7738.000,-341.000,31.000,11.000,-27.000,0.000,0.000,1
2026-01-31 17:33:32,6736774,-2639.000,7750.000,-353.000,25.000,16.000,-31.000,0.000,0.000,1
2026-01-31 17:33:32,6736814,-2633.000,7745.000,-356.000,14.000,-1.000,-32.000,0.000,0.000,1
2026-01-31 17:33:32,6736854,-2633.000,7724.000,-353.000,11.000,-1.000,-25.000,0.000,0.000,1
2026-01-31 17:33:32,6736894,-2644.000,7743.000,-338.000,7.000,0.000,-19.000,0.000,0.000,1
2026-01-31 17:33:32,6736937,-2628.000,7757.000,-369.000,8.000,-10.000,-2.000,0.000,0.000,1
2026-01-31 17:33:32,6736976,-2635.000,7731.000,-364.000,-13.000,-11.000,-5.000,0.000,0.000,1
2026-01-31 17:33:32,6737017,-2648.000,7726.000,-357.000,-23.000,-6.000,-25.000,0.000,0.000,1
2026-01-31 17:33:32,6737054,-2662.000,7730.000,-350.000,-27.000,-1.000,-20.000,0.000,0.000,1
2026-01-31 17:33:32,6737094,-2654.000,7720.000,-336.000,-37.000,-2.000,-19.000,0.000,0.000,1
2026-01-31 17:33:32,6737137,-2686.000,7715.000,-343.000,29.000,11.000,-22.000,0.000,0.000,1
2026-01-31 17:33:32,6737176,-2656.000,7756.000,-340.000,43.000,-12.000,7.000,0.000,0.000,1
2026-01-31 17:33:32,6737214,-2658.000,7695.000,-360.000,13.000,6.000,-27.000,0.000,0.000,1
2026-01-31 17:33:32,6737254,-2664.000,7740.000,-360.000,10.000,0.000,-13.000,0.000,0.000,1
2026-01-31 17:33:32,6737294,-2670.000,7685.000,-353.000,-8.000,-4.000,-49.000,0.000,0.000,1
2026-01-31 17:33:32,6737334,-2656.000,7744.000,-351.000,16.000,8.000,-46.000,0.000,0.000,1
2026-01-31 17:33:32,6737374,-2692.000,7745.000,-330.000,-36.000,8.000,-35.000,0.000,0.000,1
2026-01-31 17:33:32,6737414,-2671.000,7722.000,-317.000,-16.000,-5.000,-27.000,0.000,0.000,1
2026-01-31 17:33:32,6737454,-2677.000,7699.000,-344.000,8.000,-6.000,-18.000,0.000,0.000,1
2026-01-31 17:33:32,6737494,-2693.000,7715.000,-338.000,5.000,8.000,-21.000,0.000,0.000,1
2026-01-31 17:33:32,6737534,-2694.000,7710.000,-354.000,14.000,5.000,-4.000,0.000,0.000,1
2026-01-31 17:33:32,6737574,-2707.000,7729.000,-353.000,3.000,-8.000,1.000,0.000,0.000,1
2026-01-31 17:33:32,6737614,-2700.000,7705.000,-347.000,6.000,-6.000,-3.000,0.000,0.000,1
2026-01-31 17:33:32,6737654,-2692.000,7723.000,-360.000,1.000,-7.000,-8.000,0.000,0.000,1
2026-01-31 17:33:32,6737694,-2693.000,7707.000,-362.000,-1.000,3.000,-20.000,0.000,0.000,1
2026-01-31 17:33:33,6737734,-2694.000,7715.000,-348.000,-10.000,6.000,-22.000,0.000,0.000,1
2026-01-31 17:33:33,6737774,-2721.000,7711.000,-348.000,-8.000,15.000,-22.000,0.000,0.000,1
2026-01-31 17:33:33,6737814,-2714.000,7719.000,-354.000,-4.000,0.000,-8.000,0.000,0.000,1
2026-01-31 17:33:33,6737854,-2720.000,7682.000,-347.000,-40.000,-7.000,5.000,0.000,0.000,1
2026-01-31 17:33:33,6737894,-2702.000,7723.000,-330.000,6.000,-8.000,6.000,0.000,0.000,1
2026-01-31 17:33:33,6737934,-2719.000,7730.000,-357.000,-5.000,-3.000,22.000,0.000,0.000,1
2026-01-31 17:33:33,6737974,-2684.000,7675.000,-342.000,-3.000,-27.000,28.000,0.000,0.000,1
2026-01-31 17:33:33,6738014,-2706.000,7711.000,-366.000,0.000,5.000,1.000,0.000,0.000,1
2026-01-31 17:33:33,6738054,-2716.000,7701.000,-348.000,-39.000,-6.000,1.000,0.000,0.000,1
2026-01-31 17:33:33,6738094,-2712.000,7692.000,-345.000,-16.000,-18.000,-20.000,0.000,0.000,1
2026-01-31 17:33:33,6738134,-2709.000,7701.000,-345.000,-40.000,5.000,-12.000,0.000,0.000,1
2026-01-31 17:33:33,6738174,-2729.000,7710.000,-298.000,-46.000,9.000,-1.000,0.000,0.000,1
2026-01-31 17:33:33,6738214,-2702.000,7674.000,-303.000,20.000,-14.000,19.000,0.000,0.000,1
2026-01-31 17:33:33,6738254,-2705.000,7723.000,-356.000,30.000,0.000,18.000,0.000,0.000,1
2026-01-31 17:33:33,6738294,-2715.000,7702.000,-330.000,-2.000,4.000,1.000,0.000,0.000,1
2026-01-31 17:33:33,6738334,-2726.000,7690.000,-338.000,15.000,-9.000,27.000,0.000,0.000,1
2026-01-31 17:33:33,6738374,-2715.000,7694.000,-334.000,12.000,-7.000,26.000,0.000,0.000,1
2026-01-31 17:33:33,6738414,-2723.000,7706.000,-353.000,32.000,-4.000,14.000,0.000,0.000,1
2026-01-31 17:33:33,6738454,-2720.000,7704.000,-351.000,-6.000,-6.000,16.000,0.000,0.000,1
2026-01-31 17:33:33,6738494,-2701.000,7702.000,-345.000,22.000,-3.000,25.000,0.000,0.000,1
2026-01-31 17:33:33,6738534,-2709.000,7715.000,-364.000,4.000,-3.000,8.000,0.000,0.000,1
2026-01-31 17:33:33,6738574,-2717.000,7720.000,-352.000,-18.000,-3.000,3.000,0.000,0.000,1
2026-01-31 17:33:33,6738614,-2732.000,7702.000,-324.000,-31.000,0.000,-7.000,0.000,0.000,1
2026-01-31 17:33:33,6738654,-2738.000,7704.000,-341.000,-10.000,-7.000,5.000,0.000,0.000,1
2026-01-31 17:33:33,6738694,-2724.000,7682.000,-327.000,-22.000,-8.000,19.000,0.000,0.000,1
2026-01-31 17:33:34,6738734,-2702.000,7729.000,-316.000,-4.000,-7.000,20.000,0.000,0.000,1
2026-01-31 17:33:34,6738774,-2715.000,7698.000,-358.000,39.000,-7.000,29.000,0.000,0.000,1
2026-01-31 17:33:34,6738814,-2694.000,7731.000,-355.000,8.000,-23.000,32.000,0.000,0.000,1
2026-01-31 17:33:34,6738854,-2714.000,7661.000,-364.000,-2.000,5.000,-10.000,0.000,0.000,1
2026-01-31 17:33:34,6738894,-2727.000,7724.000,-329.000,-27.000,-1.000,-11.000,0.000,0.000,1
2026-01-31 17:33:34,6738934,-2730.000,7676.000,-333.000,-4.000,-19.000,-10.000,0.000,0.000,1
2026-01-31 17:33:34,6738974,-2713.000,7732.000,-339.000,-17.000,-3.000,-5.000,0.000,0.000,1
2026-01-31 17:33:34,6739014,-2731.000,7693.000,-308.000,-44.000,3.000,2.000,0.000,0.000,1
2026-01-31 17:33:34,6739054,-2720.000,7677.000,-315.000,38.000,-13.000,26.000,0.000,0.000,1
2026-01-31 17:33:34,6739094,-2729.000,7698.000,-351.000,22.000,13.000,11.000,0.000,0.000,1
2026-01-31 17:33:34,6739134,-2740.000,7708.000,-345.000,7.000,1.000,20.000,0.000,0.000,1
2026-01-31 17:33:34,6739174,-2739.000,7679.000,-337.000,0.000,-12.000,51.000,0.000,0.000,1
2026-01-31 17:33:34,6739214,-2720.000,7726.000,-333.000,9.000,-15.000,66.000,0.000,0.000,1
2026-01-31 17:33:34,6739254,-2733.000,7687.000,-311.000,-1.000,-7.000,55.000,0.000,0.000,1
2026-01-31 17:33:34,6739294,-2732.000,7758.000,-326.000,19.000,-7.000,68.000,0.000,0.000,1
2026-01-31 17:33:34,6739334,-2697.000,7690.000,-322.000,0.000,-21.000,102.000,0.000,0.000,1
2026-01-31 17:33:34,6739374,-2680.000,7720.000,-354.000,36.000,-18.000,98.000,0.000,0.000,1
2026-01-31 17:33:34,6739414,-2667.000,7701.000,-346.000,16.000,-15.000,102.000,0.000,0.000,1
2026-01-31 17:33:34,6739454,-2677.000,7731.000,-365.000,34.000,-4.000,89.000,0.000,0.000,1
2026-01-31 17:33:34,6739494,-2675.000,7709.000,-333.000,-1.000,-18.000,80.000,0.000,0.000,1
2026-01-31 17:33:34,6739534,-2679.000,7726.000,-342.000,5.000,-10.000,84.000,0.000,0.000,1
2026-01-31 17:33:34,6739574,-2677.000,7747.000,-314.000,-12.000,-8.000,80.000,0.000,0.000,1
2026-01-31 17:33:34,6739614,-2661.000,7699.000,-329.000,-4.000,-11.000,80.000,0.000,0.000,1
2026-01-31 17:33:34,6739654,-2651.000,7752.000,-374.000,57.000,-32.000,81.000,0.000,0.000,1
2026-01-31 17:33:34,6739694,-2620.000,7684.000,-342.000,-9.000,-34.000,92.000,0.000,0.000,1
2026-01-31 17:33:35,6739734,-2625.000,7743.000,-364.000,28.000,2.000,81.000,0.000,0.000,1
2026-01-31 17:33:35,6739774,-2621.000,7705.000,-376.000,16.000,-21.000,55.000,0.000,0.000,1
2026-01-31 17:33:35,6739814,-2617.000,7742.000,-371.000,2.000,-15.000,17.000,0.000,0.000,1
2026-01-31 17:33:35,6739854,-2642.000,7767.000,-319.000,-77.000,2.000,19.000,0.000,0.000,1
2026-01-31 17:33:35,6739894,-2628.000,7742.000,-298.000,-71.000,-9.000,37.000,0.000,0.000,1
2026-01-31 17:33:35,6739934,-2614.000,7695.000,-339.000,-8.000,-27.000,58.000,0.000,0.000,1
2026-01-31 17:33:35,6739974,-2619.000,7763.000,-344.000,-22.000,-16.000,48.000,0.000,0.000,1
2026-01-31 17:33:35,6740014,-2600.000,7627.000,-365.000,18.000,-19.000,73.000,0.000,0.000,1
2026-01-31 17:33:35,6740054,-2593.000,7103.000,-60.000,741.000,8.000,50.000,0.000,0.000,1
2026-01-31 17:33:35,6740094,-2313.000,6540.000,-553.000,3348.000,-60.000,299.000,0.000,0.000,1
2026-01-31 17:33:35,6740134,-2971.000,9144.000,-1107.000,4077.000,-223.000,390.000,0.000,0.000,1
2026-01-31 17:33:35,6740174,-2355.000,8357.000,-1041.000,2618.000,-340.000,271.000,0.000,0.000,1
2026-01-31 17:33:35,6740214,-2381.000,7555.000,-1429.000,1548.000,-10.000,-398.000,0.000,0.000,1
2026-01-31 17:33:35,6740254,-2538.000,7435.000,-1711.000,637.000,8.000,-332.000,0.000,0.000,1
2026-01-31 17:33:35,6740294,-2785.000,7459.000,-1881.000,222.000,-161.000,-97.000,0.000,0.000,1
2026-01-31 17:33:35,6740334,-3110.000,7198.000,-1838.000,-691.000,-446.000,116.000,0.000,0.000,1
2026-01-31 17:33:35,6740374,-2931.000,7631.000,-1236.000,-219.000,-978.000,231.000,0.000,0.000,1
2026-01-31 17:33:35,6740414,-2405.000,7509.000,-942.000,-412.000,-725.000,299.000,0.000,0.000,1
2026-01-31 17:33:35,6740454,-2593.000,8158.000,-807.000,234.000,-359.000,114.000,0.000,0.000,1
2026-01-31 17:33:35,6740494,-2846.000,8525.000,-939.000,-568.000,147.000,-327.000,0.000,0.000,1
2026-01-31 17:33:35,6740534,-2915.000,8174.000,-768.000,-1802.000,294.000,-557.000,0.000,0.000,1
2026-01-31 17:33:35,6740574,-2910.000,8728.000,-163.000,-3036.000,437.000,-607.000,0.000,0.000,1
2026-01-31 17:33:35,6740614,-3279.000,8797.000,-271.000,-5955.000,611.000,-657.000,0.000,0.000,1
2026-01-31 17:33:35,6740654,-3122.000,8330.000,308.000,-6686.000,334.000,-736.000,0.000,0.000,1
2026-01-31 17:33:35,6740694,-3296.000,7679.000,548.000,-7324.000,192.000,-1010.000,0.000,0.000,1
2026-01-31 17:33:36,6740734,-3796.000,6896.000,646.000,-6472.000,-53.000,-981.000,0.000,0.000,1
2026-01-31 17:33:36,6740774,-4068.000,6992.000,1033.000,-5301.000,-964.000,-780.000,0.000,0.000,1
2026-01-31 17:33:36,6740814,-3580.000,7154.000,1499.000,-7005.000,-2539.000,134.000,0.000,0.000,1
2026-01-31 17:33:36,6740854,-3687.000,6770.000,2623.000,-7130.000,-3224.000,138.000,0.000,0.000,1
2026-01-31 17:33:36,6740894,-3623.000,7366.000,3630.000,-6904.000,-3721.000,48.000,0.000,0.000,1
2026-01-31 17:33:36,6740934,-3065.000,7706.000,3992.000,-11316.000,-4373.000,200.000,0.000,0.000,1
2026-01-31 17:33:36,6740974,-2553.000,5154.000,5268.000,-13927.000,-4634.000,-283.000,0.000,0.000,1
2026-01-31 17:33:36,6741014,-1597.000,3975.000,6385.000,-13906.000,-5485.000,-723.000,0.000,0.000,1
2026-01-31 17:33:36,6741054,-876.000,2426.000,6973.000,-13497.000,-5518.000,-1271.000,0.000,0.000,1
2026-01-31 17:33:36,6741094,-311.000,622.000,7193.000,-8612.000,-5390.000,-2123.000,0.000,0.000,1
2026-01-31 17:33:36,6741137,513.000,1059.000,7517.000,-7021.000,-5091.000,-1740.000,0.000,0.000,1
2026-01-31 17:33:36,6741174,939.000,525.000,7935.000,-6885.000,-4957.000,-1807.000,0.000,0.000,1
2026-01-31 17:33:36,6741214,980.000,-441.000,8062.000,-3636.000,-3278.000,-1876.000,0.000,0.000,1
2026-01-31 17:33:36,6741254,1165.000,-405.000,8027.000,-2852.000,-2228.000,-1144.000,0.000,0.000,1
2026-01-31 17:33:36,6741294,1199.000,-931.000,8427.000,-2636.000,-1891.000,-828.000,0.000,0.000,1
2026-01-31 17:33:36,6741334,1333.000,-1066.000,8479.000,-289.000,-645.000,-237.000,0.000,0.000,1
2026-01-31 17:33:36,6741374,539.000,-1708.000,8223.000,-3064.000,199.000,384.000,0.000,0.000,1
2026-01-31 17:33:36,6741414,582.000,-1531.000,7890.000,-125.000,80.000,230.000,0.000,0.000,1
2026-01-31 17:33:36,6741454,770.000,-319.000,7908.000,1291.000,-211.000,20.000,0.000,0.000,1
2026-01-31 17:33:36,6741494,1009.000,-232.000,8100.000,-193.000,-429.000,-182.000,0.000,0.000,1
2026-01-31 17:33:36,6741534,990.000,-1093.000,8094.000,182.000,-143.000,-162.000,0.000,0.000,1
2026-01-31 17:33:36,6741574,759.000,-69.000,8264.000,718.000,144.000,-89.000,0.000,0.000,1
2026-01-31 17:33:36,6741614,794.000,-855.000,8347.000,-350.000,118.000,1.000,0.000,0.000,1
2026-01-31 17:33:36,6741654,695.000,-756.000,8072.000,134.000,254.000,12.000,0.000,0.000,1
2026-01-31 17:33:36,6741694,754.000,-920.000,8346.000,86.000,92.000,123.000,0.000,0.000,1
2026-01-31 17:33:37,6741734,806.000,-837.000,8181.000,292.000,25.000,-36.000,0.000,0.000,1
2026-01-31 17:33:37,6741774,787.000,-777.000,8245.000,505.000,-165.000,-17.000,0.000,0.000,1
2026-01-31 17:33:37,6741814,763.000,-554.000,8314.000,290.000,-208.000,155.000,0.000,0.000,1
2026-01-31 17:33:37,6741854,653.000,-182.000,8618.000,409.000,33.000,123.000,0.000,0.000,1
2026-01-31 17:33:37,6741894,891.000,-486.000,8236.000,-51.000,262.000,-128.000,0.000,0.000,1
2026-01-31 17:33:37,6741934,859.000,-797.000,8051.000,-325.000,122.000,-118.000,0.000,0.000,1
2026-01-31 17:33:37,6741974,752.000,-661.000,8314.000,559.000,105.000,-136.000,0.000,0.000,1
2026-01-31 17:33:37,6742014,795.000,-462.000,8383.000,397.000,-8.000,-149.000,0.000,0.000,1
2026-01-31 17:33:37,6742054,703.000,-883.000,8330.000,-277.000,-58.000,-37.000,0.000,0.000,1
2026-01-31 17:33:37,6742094,656.000,-362.000,8436.000,122.000,9.000,36.000,0.000,0.000,1
2026-01-31 17:33:37,6742134,727.000,-421.000,8475.000,214.000,-62.000,-37.000,0.000,0.000,1
2026-01-31 17:33:37,6742174,784.000,-670.000,8227.000,-110.000,-86.000,-39.000,0.000,0.000,1
2026-01-31 17:33:37,6742214,823.000,-456.000,8364.000,44.000,-179.000,-40.000,0.000,0.000,1
2026-01-31 17:33:37,6742254,722.000,-613.000,8414.000,44.000,-218.000,3.000,0.000,0.000,1
2026-01-31 17:33:37,6742294,865.000,-477.000,8341.000,-75.000,-187.000,-106.000,0.000,0.000,1
2026-01-31 17:33:37,6742334,816.000,-570.000,8302.000,109.000,-150.000,-48.000,0.000,0.000,1
2026-01-31 17:33:37,6742374,893.000,-532.000,8385.000,-6.000,-129.000,-14.000,0.000,0.000,1
2026-01-31 17:33:37,6742414,846.000,-498.000,8281.000,27.000,-64.000,-4.000,0.000,0.000,1
2026-01-31 17:33:37,6742454,859.000,-398.000,8207.000,-7.000,-104.000,-47.000,0.000,0.000,1
2026-01-31 17:33:37,6742494,911.000,-828.000,8163.000,-344.000,-263.000,-44.000,0.000,0.000,1
2026-01-31 17:33:37,6742534,923.000,-641.000,8292.000,611.000,-325.000,203.000,0.000,0.000,1
2026-01-31 17:33:37,6742574,1011.000,-216.000,8267.000,608.000,-398.000,169.000,0.000,0.000,1
2026-01-31 17:33:37,6742614,1039.000,-138.000,8523.000,259.000,-178.000,108.000,0.000,0.000,1
2026-01-31 17:33:37,6742654,765.000,-169.000,8634.000,200.000,259.000,-7.000,0.000,0.000,1
2026-01-31 17:33:37,6742694,1065.000,-271.000,8181.000,328.000,478.000,-114.000,0.000,0.000,1
2026-01-31 17:33:38,6742734,1124.000,-656.000,8269.000,-146.000,177.000,-55.000,0.000,0.000,1
2026-01-31 17:33:38,6742774,952.000,-25.000,8418.000,578.000,208.000,-114.000,0.000,0.000,1
2026-01-31 17:33:38,6742814,871.000,-361.000,8303.000,-321.000,12.000,-88.000,0.000,0.000,1
2026-01-31 17:33:38,6742854,850.000,-395.000,8245.000,-168.000,-78.000,-72.000,0.000,0.000,1
2026-01-31 17:33:38,6742894,955.000,-433.000,8303.000,17.000,-147.000,-57.000,0.000,0.000,1
2026-01-31 17:33:38,6742934,911.000,-365.000,8375.000,36.000,-129.000,-42.000,0.000,0.000,1
2026-01-31 17:33:38,6742974,886.000,-353.000,8279.000,89.000,-44.000,-34.000,0.000,0.000,1
2026-01-31 17:33:38,6743014,850.000,-470.000,8299.000,21.000,-22.000,10.000,0.000,0.000,1
2026-01-31 17:33:38,6743054,850.000,-390.000,8359.000,216.000,-43.000,31.000,0.000,0.000,1
2026-01-31 17:33:38,6743094,904.000,-324.000,8313.000,-32.000,-87.000,4.000,0.000,0.000,1
2026-01-31 17:33:38,6743137,1003.000,-376.000,8296.000,-106.000,-210.000,-27.000,0.000,0.000,1
2026-01-31 17:33:38,6743174,1047.000,-390.000,8359.000,-130.000,-213.000,-23.000,0.000,0.000,1
2026-01-31 17:33:38,6743214,888.000,-217.000,8499.000,-113.000,-153.000,-239.000,0.000,0.000,1
2026-01-31 17:33:38,6743254,339.000,316.000,8621.000,-10.000,-115.000,-289.000,0.000,0.000,1
2026-01-31 17:33:38,6743294,584.000,-873.000,8479.000,-1624.000,-248.000,-55.000,0.000,0.000,1
2026-01-31 17:33:38,6743334,1269.000,-612.000,8491.000,-1443.000,-384.000,-12.000,0.000,0.000,1
2026-01-31 17:33:38,6743374,1121.000,-976.000,8293.000,-1873.000,-473.000,11.000,0.000,0.000,1
2026-01-31 17:33:38,6743414,1375.000,-1286.000,8323.000,-1379.000,-651.000,-2.000,0.000,0.000,1
2026-01-31 17:33:38,6743454,1316.000,-605.000,8255.000,-330.000,-536.000,-142.000,0.000,0.000,1
2026-01-31 17:33:38,6743494,1371.000,-827.000,8321.000,-925.000,-518.000,-354.000,0.000,0.000,1
2026-01-31 17:33:38,6743534,622.000,-1643.000,7416.000,-2270.000,-508.000,-412.000,0.000,0.000,1
2026-01-31 17:33:38,6743574,1795.000,-1790.000,7859.000,-1103.000,-649.000,-234.000,0.000,0.000,1
2026-01-31 17:33:38,6743614,1414.000,-1468.000,8000.000,4.000,-573.000,-143.000,0.000,0.000,1
2026-01-31 17:33:38,6743654,1579.000,-1537.000,8489.000,650.000,-124.000,56.000,0.000,0.000,1
2026-01-31 17:33:38,6743694,1188.000,-601.000,8693.000,2049.000,601.000,231.000,0.000,0.000,1
2026-01-31 17:33:39,6743734,1117.000,-1235.000,8030.000,-641.000,609.000,-65.000,0.000,0.000,1
2026-01-31 17:33:39,6743774,1299.000,-1568.000,7862.000,-320.000,366.000,-98.000,0.000,0.000,1
2026-01-31 17:33:39,6743814,1364.000,-1279.000,7918.000,81.000,18.000,-2.000,0.000,0.000,1
2026-01-31 17:33:39,6743854,1474.000,-1237.000,8186.000,97.000,-305.000,25.000,0.000,0.000,1
2026-01-31 17:33:39,6743894,1530.000,-1155.000,8192.000,169.000,-401.000,113.000,0.000,0.000,1
2026-01-31 17:33:39,6743934,1370.000,-1065.000,8303.000,26.000,-322.000,60.000,0.000,0.000,1
2026-01-31 17:33:39,6743974,1401.000,-1260.000,8199.000,-59.000,-299.000,-5.000,0.000,0.000,1
2026-01-31 17:33:39,6744014,1450.000,-1229.000,8230.000,-97.000,-267.000,-46.000,0.000,0.000,1
2026-01-31 17:33:39,6744054,1470.000,-1216.000,8204.000,-48.000,-95.000,-31.000,0.000,0.000,1
2026-01-31 17:33:39,6744094,1457.000,-1284.000,8132.000,-187.000,-100.000,-39.000,0.000,0.000,1
2026-01-31 17:33:39,6744134,1459.000,-1250.000,8247.000,-100.000,-103.000,-48.000,0.000,0.000,1
2026-01-31 17:33:39,6744174,1984.000,732.000,8240.000,-2544.000,-59.000,-176.000,0.000,0.000,1
2026-01-31 17:33:39,6744214,1431.000,-2878.000,7467.000,-4253.000,-408.000,460.000,0.000,0.000,1
2026-01-31 17:33:39,6744254,1750.000,-1997.000,8065.000,-2743.000,-425.000,411.000,0.000,0.000,1
2026-01-31 17:33:39,6744294,1254.000,-2711.000,7624.000,-2862.000,3.000,31.000,0.000,0.000,1
2026-01-31 17:33:39,6744334,1723.000,-2541.000,7425.000,-992.000,-618.000,334.000,0.000,0.000,1
2026-01-31 17:33:39,6744374,1828.000,-2721.000,8195.000,2898.000,-582.000,86.000,0.000,0.000,1
2026-01-31 17:33:39,6744414,1116.000,2191.000,10561.000,11064.000,975.000,-263.000,0.000,0.000,1
