datetime_local,uptime_ms,acc_x,acc_y,acc_z,gyro_x,gyro_y,gyro_z,speed_mps,turn_rate_deg_s,gps_valid
2026-01-29 12:26:11,335893,8077.796,1939.417,-598.526,74.830,14.090,-111.375,0.067,0.000,0
2026-01-29 12:26:11,335933,7907.384,3460.415,-637.491,-78.011,39.981,103.879,0.149,0.000,0
2026-01-29 12:26:11,335973,8037.907,1550.018,-625.702,63.495,20.000,247.037,0.131,0.000,0
2026-01-29 12:26:11,336013,7936.522,-585.895,-680.256,51.391,87.904,-14.893,0.000,0.000,0
2026-01-29 12:26:11,336053,8061.120,1975.532,-545.759,-52.489,29.318,147.109,0.000,0.000,0
2026-01-29 12:26:11,336093,7900.035,1861.241,-621.474,115.221,-30.866,-28.457,0.000,0.000,1
2026-01-29 12:26:11,336133,7914.732,1954.060,-656.906,11.724,-96.298,62.172,0.000,0.000,1
2026-01-29 12:26:11,336173,8183.946,1814.962,-603.982,60.970,-32.699,20.650,0.000,0.000,0
2026-01-29 12:26:11,336213,7946.776,1860.291,-500.632,124.773,-21.363,153.929,0.000,0.000,0
2026-01-29 12:26:11,336253,8043.856,2846.431,-551.005,43.930,-39.017,-66.891,0.056,0.000,1
2026-01-29 12:26:11,336293,8060.172,927.667,-651.750,-133.955,30.178,-25.117,0.000,0.000,1
2026-01-29 12:26:11,336333,7924.395,1966.827,-700.651,58.084,70.591,-31.492,0.000,0.000,0
2026-01-29 12:26:11,336373,8117.138,4154.478,-474.514,-12.689,-4.784,-159.804,0.127,0.000,0
2026-01-29 12:26:11,336413,8003.398,2442.494,-624.000,71.888,-116.351,19.352,0.157,0.000,0
2026-01-29 12:26:11,336453,8039.079,-829.602,-695.726,5.726,-26.872,-159.753,0.000,0.000,0
2026-01-29 12:26:11,336493,8061.052,1822.954,-468.901,45.175,33.328,-122.702,0.000,0.000,0
2026-01-29 12:26:11,336533,7840.739,1959.142,-528.553,-102.399,-82.779,69.061,0.000,0.000,1
2026-01-29 12:26:11,336573,8020.778,1869.681,-608.776,19.258,-34.129,73.514,0.000,0.000,0
2026-01-29 12:26:11,336613,8041.765,4222.196,-550.021,-106.961,-84.621,-83.095,0.129,0.000,0
2026-01-29 12:26:11,336653,7852.587,-285.008,-559.258,-16.318,-91.416,-1.911,0.000,0.000,0
2026-01-29 12:26:11,336693,7972.274,2265.860,-599.075,-16.203,55.838,26.155,0.022,0.000,0
2026-01-29 12:26:11,336733,7864.826,1967.141,-508.288,31.244,46.414,-61.134,0.022,0.000,0
2026-01-29 12:26:11,336773,7826.311,1766.487,-545.731,-89.515,-55.404,-0.239,0.008,0.000,0
2026-01-29 12:26:11,336813,7955.632,3354.845,-628.651,-12.780,70.284,23.075,0.090,0.000,1
2026-01-29 12:26:11,336853,8167.722,3266.370,-656.288,130.809,-130.878,-22.539,0.172,0.000,1
2026-01-29 12:26:12,336893,8196.539,-1040.741,-696.755,-58.873,3.936,-83.004,0.000,0.000,1
2026-01-29 12:26:12,336933,7990.175,1885.735,-737.016,-68.642,-91.483,-43.725,0.000,0.000,0
2026-01-29 12:26:12,336973,8135.644,1874.473,-454.351,26.184,76.597,-19.612,0.000,0.000,0
2026-01-29 12:26:12,337013,7967.373,4495.565,-635.966,-38.120,21.088,25.061,0.153,0.000,0
2026-01-29 12:26:12,337053,8161.473,-899.751,-656.451,-61.561,-38.598,15.581,0.000,0.000,0
2026-01-29 12:26:12,337093,7960.060,1845.931,-535.799,47.826,54.957,-45.653,0.000,0.000,0
2026-01-29 12:26:12,337133,8025.394,1946.935,-610.941,8.689,123.068,94.029,0.000,0.000,1
2026-01-29 12:26:12,337173,8100.844,1719.087,-698.200,12.839,111.646,-138.192,0.000,0.000,0
2026-01-29 12:26:12,337213,7977.907,1921.397,-598.883,-70.653,-25.210,-4.349,0.000,0.000,0
2026-01-29 12:26:12,337253,8058.847,1931.133,-571.431,34.815,7.619,-98.244,0.000,0.000,0
2026-01-29 12:26:12,337293,7970.733,3916.317,-624.773,-98.515,-102.909,-124.355,0.111,0.000,0
2026-01-29 12:26:12,337333,8075.298,341.471,-788.648,13.958,-39.700,32.937,0.021,0.000,0
2026-01-29 12:26:12,337373,7968.483,4831.270,-631.016,-28.766,211.252,-16.207,0.188,0.000,1
2026-01-29 12:26:12,337413,8074.851,-1416.506,-607.219,62.506,73.025,-145.438,0.000,0.000,0
2026-01-29 12:26:12,337453,7985.367,1855.254,-601.337,-24.507,-98.481,5.671,0.000,0.000,0
2026-01-29 12:26:12,337493,8064.229,1919.833,-579.651,3.045,-92.464,117.280,0.000,0.000,0
2026-01-29 12:26:12,337533,7857.028,1989.345,-586.984,17.551,-80.558,60.281,0.000,0.000,0
2026-01-29 12:26:12,337573,7904.509,1718.157,-559.463,-22.551,-23.008,0.342,0.000,0.000,1
2026-01-29 12:26:12,337613,7842.313,4275.208,-523.165,82.754,54.264,29.946,0.130,0.000,0
2026-01-29 12:26:12,337653,8059.233,-199.376,-604.049,56.710,100.908,-29.374,0.000,0.000,1
2026-01-29 12:26:12,337693,7878.452,3924.900,-655.697,-38.503,33.253,-153.283,0.113,0.000,0
2026-01-29 12:26:12,337733,7985.944,3037.032,-597.558,146.117,-3.637,55.474,0.178,0.000,0
2026-01-29 12:26:12,337773,7917.694,-1020.943,-765.787,54.181,40.531,-85.184,0.019,0.000,0
2026-01-29 12:26:12,337813,7918.993,4086.373,-483.600,-29.775,-68.190,-125.708,0.144,0.000,0
2026-01-29 12:26:12,337853,8010.304,924.785,-639.708,-117.233,5.544,38.499,0.086,0.000,0
2026-01-29 12:26:13,337893,7842.436,3929.285,-715.008,-217.858,-24.631,-10.569,0.196,0.000,1
2026-01-29 12:26:13,337933,8061.017,-754.164,-606.860,46.837,-5.873,35.453,0.050,0.000,0
2026-01-29 12:26:13,337973,8027.933,948.371,-638.771,70.920,220.109,67.397,0.000,0.000,1
2026-01-29 12:26:13,338013,8124.778,2056.964,-523.640,22.596,-35.822,-66.455,0.000,0.000,1
2026-01-29 12:26:13,338053,8142.779,1921.324,-468.225,-43.817,-53.531,204.042,0.000,0.000,0
2026-01-29 12:26:13,338093,8021.933,3170.329,-688.680,2.376,-6.744,-39.178,0.081,0.000,1
2026-01-29 12:26:13,338133,7864.076,501.427,-469.992,0.424,79.576,-64.204,0.000,0.000,0
2026-01-29 12:26:13,338173,7967.176,1879.342,-626.808,-48.425,-79.171,-13.389,0.000,0.000,0
2026-01-29 12:26:13,338213,7935.907,2557.068,-613.701,163.268,83.235,-60.033,0.038,0.000,0
2026-01-29 12:26:13,338253,8101.459,4111.483,-534.684,-90.114,-25.487,95.982,0.165,0.000,0
2026-01-29 12:26:13,338293,8014.881,-1060.509,-558.298,53.492,145.220,5.876,0.000,0.000,0
2026-01-29 12:26:13,338333,8045.632,1965.075,-511.974,-5.788,-16.959,125.146,0.000,0.000,0
2026-01-29 12:26:13,338373,7854.007,1849.675,-612.271,-24.453,-76.886,3.160,0.000,0.000,0
2026-01-29 12:26:13,338413,8116.797,3935.160,-587.396,78.115,-58.719,93.426,0.115,0.000,0
2026-01-29 12:26:13,338453,7949.747,860.097,-619.431,-116.061,-46.601,-41.012,0.059,0.000,0
2026-01-29 12:26:13,338493,8069.062,934.038,-748.860,-57.685,-40.319,-41.264,0.000,0.000,0
2026-01-29 12:26:13,338533,7951.216,3758.746,-664.285,30.809,17.835,-31.293,0.105,0.000,0
2026-01-29 12:26:13,338573,7909.537,-185.074,-524.562,82.590,31.025,66.239,0.000,0.000,0
2026-01-29 12:26:13,338613,8190.730,4991.564,-363.477,-29.172,-84.707,-168.677,0.172,0.000,0
2026-01-29 12:26:13,338653,7952.810,-91.579,-682.210,66.805,-88.534,-20.626,0.055,0.000,0
2026-01-29 12:26:13,338693,7890.044,1020.193,-450.451,15.230,-14.944,54.906,0.005,0.000,0
2026-01-29 12:26:13,338733,7973.109,3797.533,-610.710,-66.561,109.863,-71.378,0.107,0.000,0
2026-01-29 12:26:13,338773,7966.513,1930.997,-680.190,-49.965,-137.538,92.758,0.108,0.000,0
2026-01-29 12:26:13,338813,7955.001,1186.295,-527.659,-33.169,19.883,68.728,0.066,0.000,0
2026-01-29 12:26:13,338853,8111.121,706.520,-506.433,-23.569,-97.811,13.657,0.000,0.000,0
2026-01-29 12:26:14,338893,8071.465,4188.751,-338.601,-38.266,-5.542,94.265,0.131,0.000,0
2026-01-29 12:26:14,338933,8060.107,-466.873,-712.940,102.596,-61.399,1.080,0.000,0.000,0
2026-01-29 12:26:14,338973,8071.414,1814.655,-735.459,-92.678,-107.632,-135.537,0.000,0.000,0
2026-01-29 12:26:14,339013,7833.318,2058.808,-663.892,18.122,2.474,-23.686,0.022,0.000,0
2026-01-29 12:26:14,339053,8161.499,1937.999,-554.664,20.617,83.302,-158.995,0.024,0.000,0
2026-01-29 12:26:14,339093,8060.640,1514.457,-691.943,-148.335,-19.623,-75.773,0.000,0.000,0
2026-01-29 12:26:14,339133,8172.574,1946.636,-683.862,76.270,9.629,102.306,0.000,0.000,1
2026-01-29 12:26:14,339173,8168.778,1999.958,-677.331,-59.096,-13.333,16.826,0.000,0.000,0
2026-01-29 12:26:14,339213,8105.799,2175.162,-463.056,-53.392,11.139,25.521,0.015,0.000,0
2026-01-29 12:26:14,339253,8130.022,5077.635,-648.825,67.772,-217.485,-123.094,0.196,0.000,0
2026-01-29 12:26:14,339293,8030.984,-577.410,-581.224,46.631,-88.465,-118.084,0.052,0.000,0
2026-01-29 12:26:14,339333,8055.093,985.197,-395.063,79.910,109.796,-7.181,0.000,0.000,0
2026-01-29 12:26:14,339373,7955.851,2049.843,-765.011,28.883,-158.892,-58.001,0.000,0.000,0
2026-01-29 12:26:14,339413,7948.717,1741.453,-602.661,-113.529,-40.316,-86.121,0.000,0.000,0
2026-01-29 12:26:14,339453,7941.729,4291.841,-542.621,49.147,88.168,-15.219,0.134,0.000,0
2026-01-29 12:26:14,339493,8096.324,61.069,-626.434,54.491,87.667,14.479,0.037,0.000,0
2026-01-29 12:26:14,339533,7956.076,1352.846,-683.089,-10.420,-0.076,153.466,0.000,0.000,0
2026-01-29 12:26:14,339573,7773.884,2784.113,-690.063,-14.343,-86.378,-35.994,0.046,0.000,0
2026-01-29 12:26:14,339613,8093.746,1101.828,-429.954,-89.104,1.367,-58.082,0.000,0.000,0
2026-01-29 12:26:14,339653,7914.678,1858.567,-744.419,-36.732,55.063,53.552,0.000,0.000,0
2026-01-29 12:26:14,339693,8079.024,1840.584,-616.457,142.463,27.609,154.159,0.000,0.000,0
2026-01-29 12:26:14,339733,8031.969,2980.752,-734.366,22.177,-48.649,24.610,0.063,0.000,0
2026-01-29 12:26:14,339773,7770.968,751.180,-743.928,-136.940,60.759,-84.120,0.000,0.000,1
2026-01-29 12:26:14,339813,8054.887,3912.337,-556.835,-31.283,-17.427,-69.895,0.116,0.000,0
2026-01-29 12:26:14,339853,8195.119,-179.557,-590.078,78.797,-20.320,-77.905,0.000,0.000,0
2026-01-29 12:26:15,339893,7842.069,1867.683,-725.328,-16.025,-21.744,-77.984,0.000,0.000,0
2026-01-29 12:26:15,339933,8067.332,2059.647,-353.453,-66.371,-122.837,48.493,0.000,0.000,1
2026-01-29 12:26:15,339973,8136.997,2080.704,-574.041,63.054,97.074,78.925,0.000,0.000,0
2026-01-29 12:26:15,340013,7817.489,4039.492,-523.770,-6.079,8.067,-46.465,0.119,0.000,0
2026-01-29 12:26:15,340053,7977.262,-308.038,-371.192,-134.073,133.818,-80.913,0.000,0.000,1
2026-01-29 12:26:15,340093,8066.506,1731.640,-594.417,84.623,161.919,84.209,0.000,0.000,0
2026-01-29 12:26:15,340133,7967.953,1862.712,-503.682,76.012,-19.422,80.577,0.000,0.000,0
2026-01-29 12:26:15,340173,7955.919,2015.778,-610.723,38.977,23.868,5.156,0.000,0.000,0
2026-01-29 12:26:15,340213,7966.541,2659.789,-519.277,55.369,-34.608,46.812,0.048,0.000,0
2026-01-29 12:26:15,340253,8017.616,2951.461,-526.045,-31.535,-52.631,145.671,0.101,0.000,1
2026-01-29 12:26:15,340293,8036.875,2758.640,-443.993,-5.954,3.166,58.414,0.158,0.000,0
2026-01-29 12:26:15,340333,8190.571,-868.184,-639.618,91.375,-80.102,-26.529,0.000,0.000,0
2026-01-29 12:26:15,340373,8027.753,2455.394,-593.363,94.203,91.378,158.176,0.032,0.000,0
2026-01-29 12:26:15,340413,8063.634,4339.329,-650.870,78.258,74.008,30.178,0.168,0.000,1
2026-01-29 12:26:15,340453,8064.664,-1073.028,-657.563,100.446,95.192,-16.504,0.004,0.000,0
2026-01-29 12:26:15,340493,7975.254,4379.522,-542.515,3.833,58.379,-44.446,0.141,0.000,0
2026-01-29 12:26:15,340533,8040.871,-650.727,-454.171,-68.870,70.201,74.999,0.000,0.000,0
2026-01-29 12:26:15,340573,7971.772,1833.069,-589.064,-5.207,-47.118,111.264,0.000,0.000,0
2026-01-29 12:26:15,340613,7967.892,3857.198,-502.982,30.999,3.216,36.847,0.105,0.000,0
2026-01-29 12:26:15,340653,7883.120,-22.182,-519.791,44.702,38.510,-8.317,0.000,0.000,0
2026-01-29 12:26:15,340693,7910.872,1929.426,-645.486,-78.462,60.621,-72.176,0.000,0.000,1
2026-01-29 12:26:15,340733,8014.750,5087.306,-585.436,-36.721,-7.525,9.989,0.180,0.000,0
2026-01-29 12:26:15,340773,7963.324,-161.669,-675.347,16.866,0.495,-22.576,0.063,0.000,0
2026-01-29 12:26:15,340813,7871.047,801.573,-638.972,37.298,-52.675,49.132,0.000,0.000,0
2026-01-29 12:26:15,340853,7971.466,2115.926,-615.870,36.833,-75.193,-154.510,0.000,0.000,0
2026-01-29 12:26:16,340893,7862.089,2280.266,-489.700,-5.791,134.436,25.601,0.020,0.000,0
2026-01-29 12:26:16,340933,7823.411,1454.447,-531.750,117.395,18.153,57.514,0.003,0.000,0
2026-01-29 12:26:16,340973,7997.379,1861.327,-580.555,-76.957,-5.161,-116.204,0.000,0.000,0
2026-01-29 12:26:16,341013,7971.485,1840.823,-569.858,31.428,-48.787,-84.315,0.000,0.000,0
2026-01-29 12:26:16,341053,7969.763,1877.299,-464.172,-24.692,19.568,0.013,0.000,0.000,0
2026-01-29 12:26:16,341093,7937.395,1911.236,-584.348,-27.570,52.021,54.597,0.007,0.000,1
2026-01-29 12:26:16,341133,8056.411,1863.117,-669.867,-15.265,123.090,25.444,0.000,0.000,0
2026-01-29 12:26:16,341173,7974.630,1928.653,-566.875,77.911,67.258,54.725,0.000,0.000,0
2026-01-29 12:26:16,341213,7984.547,1843.481,-550.988,-23.101,101.893,46.050,0.000,0.000,0
2026-01-29 12:26:16,341253,8040.766,4972.590,-710.702,36.922,-33.358,-109.284,0.176,0.000,0
2026-01-29 12:26:16,341293,7886.929,1159.584,-535.179,36.296,-13.465,52.150,0.136,0.000,0
2026-01-29 12:26:16,341333,8087.265,-467.204,-582.858,118.894,-38.527,15.470,0.000,0.000,0
2026-01-29 12:26:16,341373,8142.598,4422.914,-639.394,45.857,-11.027,-126.213,0.144,0.000,0
2026-01-29 12:26:16,341413,8126.444,-628.784,-559.003,-33.264,-73.545,-30.038,0.000,0.000,0
2026-01-29 12:26:16,341453,8101.294,1915.123,-563.724,-129.030,-68.107,102.763,0.000,0.000,1
2026-01-29 12:26:16,341493,7992.169,3852.296,-684.620,-43.813,-10.633,109.855,0.105,0.000,0
2026-01-29 12:26:16,341533,7942.309,319.849,-536.188,97.491,-28.446,-27.444,0.005,0.000,0
2026-01-29 12:26:16,341573,8060.739,1865.631,-434.866,-10.751,82.816,24.112,0.000,0.000,0
2026-01-29 12:26:16,341613,7925.587,1946.504,-740.941,-20.727,-43.425,-48.966,0.000,0.000,0
2026-01-29 12:26:16,341653,8135.351,4491.532,-482.533,-146.156,-117.867,-66.687,0.146,0.000,1
2026-01-29 12:26:16,341693,7869.575,-698.240,-625.323,-35.376,87.347,156.142,0.000,0.000,1
2026-01-29 12:26:16,341733,7983.591,5343.541,-533.706,79.746,-160.020,63.267,0.197,0.000,1
2026-01-29 12:26:16,341773,7984.481,-1483.833,-542.436,94.524,-23.813,36.655,0.000,0.000,0
2026-01-29 12:26:16,341813,8158.398,4811.244,-666.084,-32.537,109.478,-19.096,0.159,0.000,0
2026-01-29 12:26:16,341853,8121.332,-1061.192,-682.221,47.235,-130.722,-40.877,0.000,0.000,0
2026-01-29 12:26:17,341893,7925.635,4914.208,-650.545,35.671,129.228,-39.724,0.168,0.000,1
2026-01-29 12:26:17,341933,8090.191,14.924,-718.602,87.664,57.395,10.767,0.057,0.000,0
2026-01-29 12:26:17,341973,8073.882,4183.799,-598.043,-6.525,121.393,-73.944,0.188,0.000,0
2026-01-29 12:26:17,342013,7932.158,-822.633,-589.790,141.791,-1.036,117.910,0.033,0.000,0
2026-01-29 12:26:17,342053,8112.652,4432.940,-592.012,-118.414,-142.096,-41.558,0.181,0.000,0
2026-01-29 12:26:17,342093,8053.942,928.107,-704.254,15.168,-55.154,-8.045,0.122,0.000,0
2026-01-29 12:26:17,342133,7957.568,-169.639,-659.629,117.748,-24.607,59.910,0.016,0.000,0
2026-01-29 12:26:17,342173,8102.584,4093.049,-640.148,29.604,27.457,-75.110,0.133,0.000,1
2026-01-29 12:26:17,342213,7820.634,-469.736,-598.653,3.447,-20.106,-52.614,0.000,0.000,0
2026-01-29 12:26:17,342253,7977.654,1801.578,-648.106,64.972,75.422,14.502,0.000,0.000,0
2026-01-29 12:26:17,342293,7988.680,2809.636,-541.334,-24.409,184.199,-77.208,0.051,0.000,0
2026-01-29 12:26:17,342333,8084.970,1102.709,-552.071,-74.329,6.681,111.947,0.000,0.000,0
2026-01-29 12:26:17,342373,8172.286,1746.732,-561.904,-34.792,-2.414,-82.452,0.000,0.000,1
2026-01-29 12:26:17,342413,7904.515,2007.180,-766.908,-63.383,9.210,114.421,0.000,0.000,1
2026-01-29 12:26:17,342453,7928.930,4309.335,-606.063,-85.602,36.523,37.477,0.135,0.000,0
2026-01-29 12:26:17,342493,7984.330,-550.607,-528.128,-145.496,80.562,-82.158,0.000,0.000,0
2026-01-29 12:26:17,342533,8151.437,4835.424,-625.031,-146.117,142.967,102.496,0.168,0.000,0
2026-01-29 12:26:17,342573,7793.435,2005.429,-607.486,59.402,-18.898,10.742,0.175,0.000,0
2026-01-29 12:26:17,342613,8102.432,-1075.536,-636.892,43.855,87.979,-10.013,0.000,0.000,0
2026-01-29 12:26:17,342653,8063.131,4448.776,-619.614,9.343,-15.267,-10.131,0.141,0.000,0
2026-01-29 12:26:17,342693,7885.828,1130.639,-493.459,-37.964,48.615,-10.426,0.093,0.000,0
2026-01-29 12:26:17,342733,7966.266,369.914,-415.329,-33.752,93.455,-2.917,0.000,0.000,0
2026-01-29 12:26:17,342773,8119.386,1801.623,-581.259,50.679,-117.688,-132.853,0.000,0.000,0
2026-01-29 12:26:17,342813,7957.756,1881.714,-553.895,14.273,25.317,-78.280,0.001,0.000,0
2026-01-29 12:26:17,342853,7995.688,1781.161,-753.218,-121.571,-115.917,58.619,0.000,0.000,0
2026-01-29 12:26:18,342893,8119.050,5077.861,-515.273,-53.414,67.497,-32.304,0.183,0.000,0
2026-01-29 12:26:18,342933,8033.452,-340.028,-686.506,-30.180,-49.045,0.253,0.064,0.000,1
2026-01-29 12:26:18,342973,7942.676,788.373,-652.059,45.226,10.427,-19.274,0.000,0.000,0
2026-01-29 12:26:18,343013,8204.780,3762.338,-539.540,76.673,-86.647,-18.451,0.100,0.000,0
2026-01-29 12:26:18,343053,8020.607,3353.617,-556.293,138.642,-48.597,-66.228,0.187,0.000,0
2026-01-29 12:26:18,343093,8002.782,-558.118,-683.542,19.657,41.140,-56.469,0.051,0.000,0
2026-01-29 12:26:18,343133,7993.488,1116.178,-630.948,159.809,33.200,-14.978,0.000,0.000,1
2026-01-29 12:26:18,343173,8150.771,4717.543,-722.188,-92.332,-18.215,-52.716,0.159,0.000,1
2026-01-29 12:26:18,343213,7866.759,222.229,-517.521,51.239,204.023,-89.735,0.061,0.000,0
2026-01-29 12:26:18,343253,7899.365,4251.078,-572.836,154.513,-108.065,30.376,0.187,0.000,0
2026-01-29 12:26:18,343293,8123.198,-739.809,-601.540,-106.641,-30.839,66.968,0.035,0.000,0
2026-01-29 12:26:18,343333,8044.550,1376.581,-536.870,77.587,-25.456,-19.824,0.000,0.000,0
2026-01-29 12:26:18,343373,8117.483,1940.944,-789.020,15.850,2.167,78.134,0.000,0.000,0
2026-01-29 12:26:18,343413,8056.596,2622.242,-654.247,24.269,-13.483,-72.791,0.033,0.000,0
2026-01-29 12:26:18,343453,8117.315,1390.303,-623.637,44.736,-154.323,58.812,0.000,0.000,0
2026-01-29 12:26:18,343493,7919.719,2639.975,-713.653,-122.190,-51.483,91.963,0.041,0.000,0
2026-01-29 12:26:18,343533,7997.967,1199.286,-522.830,17.270,-38.682,68.748,0.000,0.000,0
2026-01-29 12:26:18,343573,8045.423,4056.926,-709.578,35.637,-74.659,-32.067,0.129,0.000,0
2026-01-29 12:26:18,343613,8107.423,2074.575,-694.641,58.765,-37.307,-86.119,0.147,0.000,1
2026-01-29 12:26:18,343653,7896.592,-617.369,-577.006,-22.995,40.592,-62.001,0.000,0.000,0
2026-01-29 12:26:18,343693,7893.338,1948.039,-713.136,49.261,-15.844,3.348,0.000,0.000,0
2026-01-29 12:26:18,343733,8022.000,1884.923,-776.595,-33.218,-16.793,44.356,0.000,0.000,0
2026-01-29 12:26:18,343773,8030.990,2599.914,-560.452,-10.006,1.112,-110.188,0.039,0.000,1
2026-01-29 12:26:18,343813,7964.599,1236.256,-591.523,-60.918,-31.422,-53.521,0.000,0.000,0
2026-01-29 12:26:18,343853,8080.045,1847.390,-664.121,138.600,28.196,-78.622,0.000,0.000,0
2026-01-29 12:26:19,343893,8048.692,3375.191,-611.167,-3.854,-115.150,51.139,0.087,0.000,0
2026-01-29 12:26:19,343933,7966.794,330.756,-557.379,-53.466,46.933,37.799,0.000,0.000,0
2026-01-29 12:26:19,343973,7963.167,3435.244,-575.325,-14.039,150.931,50.212,0.094,0.000,0
2026-01-29 12:26:19,344013,7815.266,318.859,-615.113,-112.732,-84.986,21.497,0.000,0.000,0
2026-01-29 12:26:19,344053,7958.229,1934.964,-636.679,93.571,-70.938,67.332,0.000,0.000,0
2026-01-29 12:26:19,344093,7903.497,4401.115,-590.547,-53.743,-90.627,124.742,0.145,0.000,0
2026-01-29 12:26:19,344133,7934.068,-604.247,-678.194,6.092,54.052,-17.495,0.000,0.000,1
2026-01-29 12:26:19,344173,8148.751,4467.669,-600.321,-16.419,-22.354,125.968,0.144,0.000,0
2026-01-29 12:26:19,344213,8077.470,-808.897,-632.627,-6.880,63.360,-125.706,0.000,0.000,0
2026-01-29 12:26:19,344253,7922.327,1795.573,-724.549,66.445,75.400,31.621,0.000,0.000,1
2026-01-29 12:26:19,344293,8049.554,1898.408,-628.082,-57.899,21.105,-27.450,0.000,0.000,0
2026-01-29 12:26:19,344333,8048.588,1872.751,-751.460,85.950,24.858,92.219,0.000,0.000,0
2026-01-29 12:26:19,344373,7875.650,1716.068,-621.901,81.292,-24.699,83.055,0.000,0.000,0
2026-01-29 12:26:19,344413,8029.946,2010.484,-561.809,-44.856,-52.410,-79.406,0.000,0.000,0
2026-01-29 12:26:19,344453,8040.044,1882.903,-761.000,-50.634,-121.084,-14.834,0.000,0.000,1
2026-01-29 12:26:19,344493,8092.996,2042.690,-685.692,-36.811,-40.570,-54.998,0.008,0.000,1
2026-01-29 12:26:19,344533,8021.256,4178.576,-621.390,49.166,42.538,-169.893,0.136,0.000,0
2026-01-29 12:26:19,344573,7963.967,-563.520,-571.771,-63.507,29.612,-29.878,0.000,0.000,1
2026-01-29 12:26:19,344613,7937.752,3408.797,-462.255,123.511,-107.518,-153.359,0.084,0.000,0
2026-01-29 12:26:19,344653,8051.350,369.933,-608.761,112.995,-37.691,-71.517,0.000,0.000,1
2026-01-29 12:26:19,344693,7981.225,1868.454,-578.523,-5.569,-112.234,-45.180,0.000,0.000,1
2026-01-29 12:26:19,344733,8133.646,1873.656,-795.520,26.748,-20.232,9.879,0.000,0.000,0
2026-01-29 12:26:19,344773,8079.599,1924.795,-699.342,74.665,-3.180,119.304,0.000,0.000,0
2026-01-29 12:26:19,344813,7984.376,1856.169,-714.028,-31.899,36.243,10.932,0.000,0.000,1
2026-01-29 12:26:19,344853,7991.856,2881.872,-491.101,-93.724,-38.663,-83.281,0.048,0.000,1
2026-01-29 12:26:20,344893,7862.588,4261.581,-531.080,110.865,-80.651,71.746,0.183,0.000,0
2026-01-29 12:26:20,344933,8008.975,-1348.095,-496.057,-45.785,-4.127,-96.837,0.000,0.000,0
2026-01-29 12:26:20,344973,7998.675,2064.134,-632.086,-65.890,56.051,156.126,0.000,0.000,0
2026-01-29 12:26:20,345013,8060.551,1841.195,-805.287,10.757,-25.661,54.604,0.000,0.000,0
2026-01-29 12:26:20,345053,7915.528,2127.783,-757.892,37.573,-117.446,-90.881,0.000,0.000,0
2026-01-29 12:26:20,345093,7726.366,3699.973,-673.231,61.433,15.688,-157.127,0.098,0.000,0
2026-01-29 12:26:20,345133,7944.692,1275.690,-705.874,-21.127,-30.699,-69.641,0.061,0.000,0
2026-01-29 12:26:20,345173,8102.468,3506.848,-613.994,93.554,26.387,-0.711,0.152,0.000,0
2026-01-29 12:26:20,345213,7896.935,1665.061,-505.375,-30.347,30.168,-72.165,0.141,0.000,1
2026-01-29 12:26:20,345253,8009.813,568.182,-461.629,-52.286,-7.886,150.303,0.062,0.000,0
2026-01-29 12:26:20,345293,7862.898,762.468,-521.801,1.064,36.105,62.601,0.000,0.000,0
2026-01-29 12:26:20,345333,7936.650,2035.779,-533.647,-0.696,-55.643,38.240,0.000,0.000,0
2026-01-29 12:26:20,345373,8003.977,2008.796,-702.208,27.940,-32.209,-3.989,0.000,0.000,1
2026-01-29 12:26:20,345413,8007.861,1856.901,-467.720,-61.859,28.566,-120.409,0.000,0.000,1
2026-01-29 12:26:20,345453,7999.806,2814.737,-578.073,35.604,-20.095,46.073,0.039,0.000,0
2026-01-29 12:26:20,345493,7880.639,1110.237,-513.237,-95.212,98.086,-3.265,0.000,0.000,0
2026-01-29 12:26:20,345533,7984.664,3300.545,-608.161,26.356,-126.164,-26.027,0.081,0.000,0
2026-01-29 12:26:20,345573,7941.696,354.875,-710.598,19.603,-19.768,-131.050,0.000,0.000,0
2026-01-29 12:26:20,345613,7974.094,1753.842,-722.485,-92.916,91.381,54.239,0.000,0.000,0
2026-01-29 12:26:20,345653,7999.309,1917.081,-425.394,-34.367,99.647,-49.099,0.000,0.000,0
2026-01-29 12:26:20,345693,8068.366,4817.387,-659.215,-48.044,-11.379,-15.557,0.170,0.000,0
2026-01-29 12:26:20,345733,7882.248,-1081.485,-605.073,51.649,-25.668,125.853,0.000,0.000,0
2026-01-29 12:26:20,345773,7982.394,1967.145,-595.358,-136.514,101.399,-100.232,0.009,0.000,0
2026-01-29 12:26:20,345813,7956.509,1654.966,-427.037,-94.795,27.453,-1.346,0.000,0.000,0
2026-01-29 12:26:20,345853,7946.683,5258.711,-697.812,-36.760,-71.595,-64.958,0.194,0.000,0
2026-01-29 12:26:21,345893,7998.697,-1366.018,-709.389,75.574,15.871,13.044,0.000,0.000,1
2026-01-29 12:26:21,345933,7997.843,4467.607,-625.530,-42.704,31.343,-45.161,0.145,0.000,0
2026-01-29 12:26:21,345973,7807.487,106.140,-618.565,-45.212,-66.662,-76.293,0.036,0.000,0
2026-01-29 12:26:21,346013,7928.568,1312.719,-601.621,-155.715,17.938,66.767,0.000,0.000,0
2026-01-29 12:26:21,346053,7860.084,4171.188,-541.919,17.455,-35.702,78.310,0.132,0.000,0
2026-01-29 12:26:21,346093,7950.760,-302.575,-418.178,-31.457,-18.635,45.693,0.000,0.000,0
2026-01-29 12:26:21,346133,7890.568,1977.315,-573.357,-113.692,44.364,-70.622,0.000,0.000,0
2026-01-29 12:26:21,346173,8024.773,3416.595,-630.876,88.774,-79.167,-78.336,0.098,0.000,0
2026-01-29 12:26:21,346213,7959.747,3001.978,-583.764,8.005,-30.759,2.586,0.170,0.000,0
2026-01-29 12:26:21,346253,8112.301,6.901,-652.129,-0.638,-194.853,-73.287,0.055,0.000,0
2026-01-29 12:26:21,346293,8072.541,3705.332,-607.196,32.402,21.004,-195.643,0.151,0.000,0
2026-01-29 12:26:21,346333,7967.252,2333.357,-634.753,147.814,53.085,67.302,0.180,0.000,0
2026-01-29 12:26:21,346373,7957.109,1513.633,-533.267,73.629,28.304,67.782,0.160,0.000,0
2026-01-29 12:26:21,346413,8007.430,2403.827,-659.502,-81.852,74.506,-2.004,0.199,0.000,0
2026-01-29 12:26:21,346453,8023.992,-1609.253,-711.162,-20.486,-84.330,120.558,0.000,0.000,0
2026-01-29 12:26:21,346493,8009.903,1878.278,-563.608,-17.461,-39.430,-123.941,0.000,0.000,0
2026-01-29 12:26:21,346533,7991.284,1792.218,-500.144,-35.575,-16.777,177.516,0.000,0.000,0
2026-01-29 12:26:21,346573,8125.127,1898.749,-739.843,-51.084,22.149,-89.256,0.000,0.000,0
2026-01-29 12:26:21,346613,8040.554,4739.337,-483.252,-8.685,101.082,-40.312,0.161,0.000,0
2026-01-29 12:26:21,346653,8052.323,-948.919,-703.719,41.303,-48.893,-83.945,0.000,0.000,0
2026-01-29 12:26:21,346693,7843.901,3331.969,-642.720,-127.713,-17.350,-29.080,0.077,0.000,0
2026-01-29 12:26:21,346733,8022.927,539.559,-570.008,12.609,-90.229,82.201,0.000,0.000,0
2026-01-29 12:26:21,346773,7914.139,1830.448,-506.982,-86.788,105.386,53.303,0.000,0.000,0
2026-01-29 12:26:21,346813,7836.959,3242.871,-521.277,34.893,78.910,-33.083,0.084,0.000,1
2026-01-29 12:26:21,346853,8054.022,1883.955,-746.793,31.502,44.696,-133.327,0.084,0.000,0
2026-01-29 12:26:22,346893,7979.252,2814.771,-553.723,-118.374,9.845,-36.652,0.136,0.000,0
2026-01-29 12:26:22,346933,7939.122,-493.214,-570.610,-153.959,-52.331,-83.777,0.000,0.000,0
2026-01-29 12:26:22,346973,7819.510,1866.638,-460.220,14.700,-23.025,-96.824,0.000,0.000,0
2026-01-29 12:26:22,347013,7905.865,3442.694,-596.840,-16.582,43.099,-9.467,0.089,0.000,0
2026-01-29 12:26:22,347053,8016.039,348.461,-549.547,92.503,-41.451,66.492,0.000,0.000,0
2026-01-29 12:26:22,347093,7999.521,4989.349,-499.173,69.721,49.037,69.591,0.168,0.000,0
2026-01-29 12:26:22,347133,8022.651,1227.119,-715.295,93.532,-59.504,-58.507,0.128,0.000,0
2026-01-29 12:26:22,347173,8078.930,-501.388,-560.962,49.443,13.072,-134.453,0.000,0.000,0
2026-01-29 12:26:22,347213,7968.545,1859.886,-595.287,-22.072,-32.292,-32.702,0.000,0.000,0
2026-01-29 12:26:22,347253,7994.927,1901.917,-673.995,134.613,-119.699,94.850,0.000,0.000,0
2026-01-29 12:26:22,347293,8134.730,4036.509,-450.043,65.162,72.808,-2.320,0.125,0.000,1
2026-01-29 12:26:22,347333,7981.993,-276.083,-541.572,45.619,69.650,96.806,0.000,0.000,0
2026-01-29 12:26:22,347373,7866.942,4504.978,-571.184,104.870,86.915,94.954,0.152,0.000,0
2026-01-29 12:26:22,347413,8075.233,-729.129,-496.946,-68.462,9.150,40.300,0.000,0.000,0
2026-01-29 12:26:22,347453,8194.361,1851.915,-585.119,47.182,21.272,20.642,0.000,0.000,0
2026-01-29 12:26:22,347493,7969.751,1918.119,-569.006,28.394,80.012,35.938,0.000,0.000,0
2026-01-29 12:26:22,347533,8097.993,2049.705,-636.468,-108.145,220.721,-30.521,0.000,0.000,0
2026-01-29 12:26:22,347573,8026.390,1902.306,-632.973,-10.282,-24.708,-7.640,0.000,0.000,0
2026-01-29 12:26:22,347613,8015.141,4181.987,-532.636,-107.260,-72.284,33.099,0.131,0.000,0
2026-01-29 12:26:22,347653,8055.672,2334.669,-566.873,-92.428,98.354,20.540,0.160,0.000,1
2026-01-29 12:26:22,347693,8041.835,-744.785,-634.314,6.199,122.589,-77.856,0.000,0.000,0
2026-01-29 12:26:22,347733,7894.189,2031.771,-641.469,-32.124,20.526,-51.421,0.000,0.000,0
2026-01-29 12:26:22,347773,7947.502,2215.431,-612.162,-181.451,69.931,-4.249,0.015,0.000,0
2026-01-29 12:26:22,347813,7922.100,4356.758,-681.447,-7.171,-43.475,-31.506,0.157,0.000,0
2026-01-29 12:26:22,347853,7994.071,1028.866,-512.457,101.307,28.087,118.250,0.106,0.000,0
2026-01-29 12:26:23,347893,7834.852,30.233,-672.261,-3.057,-54.554,-15.954,0.000,0.000,0
2026-01-29 12:26:23,347933,8004.461,1971.569,-469.210,122.020,11.034,125.204,0.000,0.000,0
2026-01-29 12:26:23,347973,7960.236,1902.408,-698.695,-26.261,34.204,32.358,0.000,0.000,0
2026-01-29 12:26:23,348013,7953.270,1849.433,-550.037,-53.842,-41.853,93.620,0.000,0.000,1
2026-01-29 12:26:23,348053,8032.601,1849.294,-479.176,-71.010,32.402,73.442,0.000,0.000,0
2026-01-29 12:26:23,348093,8084.643,1902.788,-717.198,-106.488,-79.987,6.870,0.000,0.000,0
2026-01-29 12:26:23,348133,8220.981,1957.038,-600.808,15.246,70.118,-4.921,0.000,0.000,0
2026-01-29 12:26:23,348173,7975.347,4711.046,-539.363,-4.044,-46.536,143.952,0.167,0.000,1
2026-01-29 12:26:23,348213,8100.057,-45.009,-626.536,-85.652,35.586,-42.381,0.048,0.000,0
2026-01-29 12:26:23,348253,7913.905,1000.322,-528.144,118.848,38.033,0.723,0.001,0.000,1
2026-01-29 12:26:23,348293,7956.637,1970.796,-658.005,81.751,64.814,65.918,0.000,0.000,0
2026-01-29 12:26:23,348333,7953.952,1936.926,-622.794,40.549,-21.661,-89.435,0.000,0.000,0
2026-01-29 12:26:23,348373,7999.553,4346.280,-663.771,21.926,-86.005,30.219,0.145,0.000,0
2026-01-29 12:26:23,348413,7885.598,-536.025,-639.261,79.798,-21.682,-89.871,0.000,0.000,0
2026-01-29 12:26:23,348453,8043.857,3382.472,-509.049,-139.469,18.254,-71.338,0.088,0.000,0
2026-01-29 12:26:23,348493,8092.182,3582.359,-582.345,-25.455,-55.561,-15.351,0.184,0.000,0
2026-01-29 12:26:23,348533,8061.428,-1369.336,-658.361,-67.210,-36.561,-143.096,0.000,0.000,0
2026-01-29 12:26:23,348573,8060.068,1996.638,-573.588,-44.097,-7.035,-27.061,0.000,0.000,0
2026-01-29 12:26:23,348613,7953.852,3914.953,-528.723,-75.598,-72.929,172.465,0.110,0.000,0
2026-01-29 12:26:23,348653,7902.147,-27.005,-719.459,52.696,-105.284,-75.173,0.000,0.000,0
2026-01-29 12:26:23,348693,8015.592,3631.103,-491.499,99.094,-58.930,79.366,0.098,0.000,0
2026-01-29 12:26:23,348733,7971.141,299.676,-663.633,21.592,-4.450,-77.855,0.000,0.000,0
2026-01-29 12:26:23,348773,8075.606,2031.247,-511.280,-22.768,-100.743,-86.319,0.000,0.000,0
2026-01-29 12:26:23,348813,8043.662,3322.009,-601.508,-29.292,-81.723,-47.635,0.077,0.000,0
2026-01-29 12:26:23,348853,8009.927,523.017,-599.737,4.353,-66.083,66.161,0.000,0.000,1
2026-01-29 12:26:24,348893,8002.401,1907.122,-471.664,-68.200,-8.434,44.437,0.000,0.000,1
2026-01-29 12:26:24,348933,7989.501,1734.759,-624.668,23.478,114.236,6.123,0.000,0.000,1
2026-01-29 12:26:24,348973,8058.233,1883.060,-817.025,11.086,14.577,28.171,0.000,0.000,0
2026-01-29 12:26:24,349013,8120.171,3806.473,-589.392,17.732,-172.137,22.639,0.107,0.000,0
2026-01-29 12:26:24,349053,7946.462,-93.927,-526.855,36.395,-22.589,-31.229,0.000,0.000,0
2026-01-29 12:26:24,349093,8017.145,4606.974,-558.779,107.298,77.573,-28.065,0.153,0.000,0
2026-01-29 12:26:24,349133,7936.495,1573.528,-601.562,22.892,-124.822,25.634,0.131,0.000,1
2026-01-29 12:26:24,349173,7928.214,2064.742,-628.768,-32.474,-34.963,-7.661,0.145,0.000,0
2026-01-29 12:26:24,349213,8093.806,-818.180,-575.376,-34.218,35.993,-0.566,0.000,0.000,0
2026-01-29 12:26:24,349253,7925.122,1992.699,-574.876,48.369,62.239,58.907,0.000,0.000,1
2026-01-29 12:26:24,349293,7984.660,1895.856,-632.465,18.554,106.787,139.473,0.000,0.000,0
2026-01-29 12:26:24,349333,7951.945,1984.847,-434.075,-19.760,-57.226,69.898,0.000,0.000,0
2026-01-29 12:26:24,349373,8000.983,2448.399,-586.179,-23.709,27.308,43.388,0.026,0.000,1
2026-01-29 12:26:24,349413,8066.318,1499.347,-798.116,63.461,31.163,-57.087,0.000,0.000,0
2026-01-29 12:26:24,349453,7936.313,1857.635,-632.043,41.908,53.520,80.811,0.000,0.000,1
2026-01-29 12:26:24,349493,7976.378,1781.145,-540.099,-86.713,-208.835,60.282,0.000,0.000,0
2026-01-29 12:26:24,349533,8119.104,1909.273,-413.807,-4.120,18.861,-14.487,0.000,0.000,0
2026-01-29 12:26:24,349573,8043.279,3052.388,-567.625,-3.169,23.712,21.750,0.066,0.000,0
2026-01-29 12:26:24,349613,8124.844,754.665,-712.954,-81.420,200.641,144.201,0.000,0.000,0
2026-01-29 12:26:24,349653,8115.375,4140.596,-674.507,28.500,5.016,-4.710,0.129,0.000,0
2026-01-29 12:26:24,349693,7964.944,695.685,-583.328,26.457,-40.283,203.920,0.069,0.000,0
2026-01-29 12:26:24,349733,8031.848,629.819,-534.524,16.550,28.514,-85.634,0.000,0.000,0
2026-01-29 12:26:24,349773,8086.309,4077.303,-482.050,-85.036,-91.866,-35.349,0.127,0.000,1
2026-01-29 12:26:24,349813,7983.305,-296.395,-689.395,68.013,-75.307,14.363,0.000,0.000,0
2026-01-29 12:26:24,349853,7920.987,4934.129,-632.908,34.428,-82.091,42.757,0.176,0.000,0
2026-01-29 12:26:25,349893,8083.291,1684.248,-558.865,35.862,-143.461,-21.881,0.158,0.000,0
2026-01-29 12:26:25,349933,8142.182,-828.682,-606.213,-29.324,-58.285,58.110,0.000,0.000,0
2026-01-29 12:26:25,349973,8017.538,3083.748,-626.069,37.356,73.983,-36.297,0.066,0.000,0
2026-01-29 12:26:25,350013,7897.109,1049.715,-625.106,-59.381,49.865,-11.927,0.015,0.000,1
2026-01-29 12:26:25,350053,7812.032,4632.765,-759.821,81.967,-23.687,-9.192,0.169,0.000,0
2026-01-29 12:26:25,350093,8030.352,1467.413,-622.615,-56.215,29.705,21.831,0.146,0.000,0
2026-01-29 12:26:25,350133,8075.381,-595.359,-488.956,17.507,-13.125,37.189,0.000,0.000,0
2026-01-29 12:26:25,350173,8006.956,1874.127,-596.220,23.791,-33.590,130.626,0.000,0.000,0
2026-01-29 12:26:25,350213,7997.982,1784.217,-602.567,10.909,58.391,-18.024,0.000,0.000,0
2026-01-29 12:26:25,350253,7967.390,1877.518,-453.293,4.157,38.006,-37.957,0.000,0.000,0
2026-01-29 12:26:25,350293,8165.833,5153.298,-620.575,-157.407,-179.748,-21.248,0.190,0.000,0
2026-01-29 12:26:25,350333,7855.911,-1179.862,-508.756,34.894,12.987,19.341,0.018,0.000,0
2026-01-29 12:26:25,350373,8096.733,1547.880,-576.768,-43.929,-86.428,-46.044,0.000,0.000,0
2026-01-29 12:26:25,350413,7977.770,1899.003,-710.169,-93.213,16.500,83.550,0.000,0.000,0
2026-01-29 12:26:25,350453,8043.202,1818.023,-543.194,-101.501,-47.222,38.982,0.000,0.000,0
2026-01-29 12:26:25,350493,7916.725,1881.652,-739.749,6.229,81.545,-26.499,0.000,0.000,1
2026-01-29 12:26:25,350533,8125.406,1922.355,-637.181,-35.606,35.881,-13.223,0.000,0.000,1
2026-01-29 12:26:25,350573,7959.502,2518.069,-434.763,100.338,-69.684,39.941,0.039,0.000,1
2026-01-29 12:26:25,350613,8056.040,1430.690,-492.324,-71.740,-5.091,-30.449,0.022,0.000,0
2026-01-29 12:26:25,350653,7916.696,1540.784,-676.325,128.919,-4.580,-12.235,0.000,0.000,0
2026-01-29 12:26:25,350693,7980.917,2038.751,-491.015,58.801,80.362,-21.159,0.000,0.000,1
2026-01-29 12:26:25,350733,7983.574,3748.724,-692.502,52.854,-115.442,-12.828,0.110,0.000,1
2026-01-29 12:26:25,350773,7900.688,-218.129,-800.639,-46.799,-87.539,90.376,0.000,0.000,1
2026-01-29 12:26:25,350813,8042.162,3772.853,-540.629,29.828,51.129,-44.708,0.106,0.000,0
2026-01-29 12:26:25,350853,7989.566,28.426,-543.221,49.902,56.229,103.613,0.000,0.000,0
2026-01-29 12:26:26,350893,8048.366,1936.723,-553.604,48.425,44.636,8.315,0.000,0.000,0
2026-01-29 12:26:26,350933,7995.090,4236.285,-530.489,152.670,19.015,-54.258,0.151,0.000,0
2026-01-29 12:26:26,350973,7925.818,-725.453,-715.133,73.121,66.923,-0.408,0.000,0.000,0
2026-01-29 12:26:26,351013,7947.168,1902.869,-518.786,11.379,51.345,-38.769,0.000,0.000,1
2026-01-29 12:26:26,351053,8017.259,5060.221,-826.597,-12.138,52.144,-22.261,0.183,0.000,0
2026-01-29 12:26:26,351093,8068.101,1883.572,-607.804,-90.662,-61.681,-102.001,0.168,0.000,1
2026-01-29 12:26:26,351133,7951.962,-1074.232,-503.143,-98.263,-118.416,-11.217,0.000,0.000,1
2026-01-29 12:26:26,351173,8042.722,1914.927,-690.932,-40.459,-19.179,38.215,0.000,0.000,1
2026-01-29 12:26:26,351213,8052.608,1895.442,-614.831,-72.837,13.599,-135.431,0.000,0.000,0
2026-01-29 12:26:26,351253,8046.176,2822.138,-738.585,40.526,-32.982,23.591,0.059,0.000,0
2026-01-29 12:26:26,351293,7940.820,2381.122,-679.219,-54.281,-200.163,77.930,0.087,0.000,0
2026-01-29 12:26:26,351333,8000.750,2495.516,-481.922,-57.588,29.587,87.070,0.123,0.000,0
2026-01-29 12:26:26,351373,7879.183,-156.052,-565.156,49.075,69.910,45.085,0.000,0.000,0
2026-01-29 12:26:26,351413,7941.054,4628.811,-609.571,8.961,172.460,-10.838,0.147,0.000,0
2026-01-29 12:26:26,351453,7994.301,1549.019,-591.237,-175.414,46.709,-80.941,0.119,0.000,0
2026-01-29 12:26:26,351493,8026.749,3227.957,-708.374,178.103,55.939,-117.260,0.196,0.000,0
2026-01-29 12:26:26,351533,7914.356,173.712,-574.022,49.025,21.532,-48.650,0.098,0.000,0
2026-01-29 12:26:26,351573,7893.742,2527.779,-834.785,69.591,25.008,101.490,0.126,0.000,0
2026-01-29 12:26:26,351613,7947.322,-364.511,-679.948,-71.312,-109.724,-76.995,0.000,0.000,0
2026-01-29 12:26:26,351653,7886.911,1825.603,-573.819,0.803,90.305,53.474,0.000,0.000,0
2026-01-29 12:26:26,351693,8028.271,1911.417,-584.806,42.484,-1.461,-59.542,0.000,0.000,1
2026-01-29 12:26:26,351733,8069.290,3264.601,-661.424,-63.156,-2.709,141.144,0.083,0.000,0
2026-01-29 12:26:26,351773,8057.922,3824.311,-596.340,-30.529,-142.520,165.508,0.193,0.000,0
2026-01-29 12:26:26,351813,7986.624,-346.539,-676.172,-144.080,45.457,-29.761,0.065,0.000,0
2026-01-29 12:26:26,351853,8083.401,695.571,-590.775,-41.975,-41.062,135.809,0.000,0.000,0
2026-01-29 12:26:27,351893,7955.220,4534.780,-602.234,103.868,35.833,-88.697,0.144,0.000,0
2026-01-29 12:26:27,351933,8127.035,2443.417,-506.153,8.219,242.615,-199.928,0.176,0.000,0
2026-01-29 12:26:27,351973,8075.165,-1128.808,-623.786,-0.495,-164.884,151.234,0.000,0.000,0
2026-01-29 12:26:27,352013,7921.448,5078.883,-624.485,16.160,40.986,158.482,0.168,0.000,0
2026-01-29 12:26:27,352053,7946.213,-1018.986,-554.962,-13.182,37.405,93.212,0.000,0.000,0
2026-01-29 12:26:27,352093,7834.254,1894.722,-571.004,33.603,-159.619,55.354,0.000,0.000,0
2026-01-29 12:26:27,352133,7871.488,1805.264,-571.438,-174.548,186.168,-32.431,0.000,0.000,0
2026-01-29 12:26:27,352173,8070.511,2976.952,-550.449,124.440,-32.335,-5.398,0.065,0.000,0
2026-01-29 12:26:27,352213,7927.240,2467.180,-653.823,114.990,-66.202,-47.997,0.097,0.000,0
2026-01-29 12:26:27,352253,8031.005,181.773,-481.477,-110.014,179.715,-56.868,0.000,0.000,0
2026-01-29 12:26:27,352293,7925.435,3057.120,-531.267,-70.760,-1.195,95.374,0.068,0.000,0
2026-01-29 12:26:27,352333,8036.897,622.070,-676.171,-61.294,-20.652,4.857,0.000,0.000,1
2026-01-29 12:26:27,352373,8083.208,2005.103,-598.302,-50.713,-32.392,5.264,0.000,0.000,0
2026-01-29 12:26:27,352413,8109.874,4487.262,-669.411,141.451,21.979,82.152,0.148,0.000,0
2026-01-29 12:26:27,352453,7918.877,-732.211,-530.241,76.550,19.347,-24.483,0.000,0.000,0
2026-01-29 12:26:27,352493,7977.917,1851.357,-734.009,-10.830,174.673,5.382,0.000,0.000,0
2026-01-29 12:26:27,352533,7949.739,1673.980,-596.943,57.026,-80.840,-4.966,0.000,0.000,0
2026-01-29 12:26:27,352573,8011.400,1827.973,-535.366,33.678,-32.072,-31.747,0.000,0.000,0
2026-01-29 12:26:27,352613,7932.230,1930.630,-556.749,-71.902,-139.109,30.884,0.000,0.000,1
2026-01-29 12:26:27,352653,8106.264,1840.188,-684.940,30.392,38.481,4.625,0.000,0.000,0
2026-01-29 12:26:27,352693,7932.055,1919.152,-629.465,59.818,1.418,55.887,0.000,0.000,1
2026-01-29 12:26:27,352733,8007.438,1944.061,-517.722,13.764,-49.575,136.457,0.000,0.000,1
2026-01-29 12:26:27,352773,8223.108,2291.133,-660.601,-105.168,-7.008,64.577,0.022,0.000,1
2026-01-29 12:26:27,352813,7863.329,1682.297,-509.828,63.695,38.310,-130.546,0.000,0.000,0
2026-01-29 12:26:27,352853,7846.698,4001.401,-646.328,-121.673,-4.793,-16.682,0.113,0.000,0
2026-01-29 12:26:28,352893,8101.070,75.499,-617.995,18.803,-6.274,40.335,0.012,0.000,0
2026-01-29 12:26:28,352933,8028.354,1734.990,-590.433,44.892,33.179,81.917,0.000,0.000,0
2026-01-29 12:26:28,352973,7962.248,1842.609,-480.634,-69.458,-74.286,-5.507,0.000,0.000,0
2026-01-29 12:26:28,353013,8104.779,5339.352,-702.499,132.699,-70.534,-119.957,0.198,0.000,0
2026-01-29 12:26:28,353053,7923.186,489.793,-495.728,-96.591,14.944,83.105,0.123,0.000,0
2026-01-29 12:26:28,353093,7944.472,166.438,-522.980,-186.575,-60.992,26.489,0.028,0.000,1
2026-01-29 12:26:28,353133,8103.468,1388.992,-605.903,101.570,53.553,67.501,0.000,0.000,0
2026-01-29 12:26:28,353173,7965.966,1938.849,-486.580,-26.287,19.213,-55.300,0.000,0.000,0
2026-01-29 12:26:28,353213,8024.662,4777.093,-586.925,-50.183,143.996,60.185,0.157,0.000,1
2026-01-29 12:26:28,353253,8037.406,-691.632,-587.533,5.702,11.017,4.987,0.009,0.000,0
2026-01-29 12:26:28,353293,7902.835,3359.039,-711.278,77.395,-0.170,148.121,0.095,0.000,0
2026-01-29 12:26:28,353333,7969.138,404.518,-632.394,42.890,-82.148,76.640,0.000,0.000,0
2026-01-29 12:26:28,353373,7896.864,1796.344,-624.091,-43.002,-13.800,-74.943,0.000,0.000,0
2026-01-29 12:26:28,353413,7982.696,4298.839,-551.224,-91.845,32.375,-6.221,0.130,0.000,0
2026-01-29 12:26:28,353453,7975.138,573.213,-499.083,24.599,47.364,98.172,0.048,0.000,0
2026-01-29 12:26:28,353493,8162.296,2175.787,-608.500,-9.640,128.479,2.093,0.061,0.000,0
2026-01-29 12:26:28,353533,8010.801,912.701,-636.510,-106.153,3.568,46.676,0.000,0.000,0
2026-01-29 12:26:28,353573,7974.702,1879.163,-639.057,16.923,-26.772,120.027,0.000,0.000,1
2026-01-29 12:26:28,353613,8182.125,1959.648,-526.060,126.230,-130.117,178.674,0.000,0.000,0
2026-01-29 12:26:28,353653,8046.793,2819.937,-562.505,-36.489,79.968,-78.022,0.046,0.000,0
2026-01-29 12:26:28,353693,7909.635,1160.508,-662.805,-146.557,92.032,-48.656,0.000,0.000,0
2026-01-29 12:26:28,353733,8019.413,2750.782,-675.538,-2.827,-31.854,-98.696,0.042,0.000,0
2026-01-29 12:26:28,353773,7989.158,1190.598,-646.111,28.905,9.241,-82.884,0.000,0.000,0
2026-01-29 12:26:28,353813,7935.041,1987.023,-632.586,-54.997,-5.778,97.018,0.000,0.000,0
2026-01-29 12:26:28,353853,7953.818,1887.743,-568.652,7.113,123.195,58.011,0.000,0.000,0
2026-01-29 12:26:29,353893,7880.278,3944.480,-462.026,-36.201,-124.916,-87.855,0.112,0.000,0
2026-01-29 12:26:29,353933,8125.928,2793.898,-485.049,44.600,-61.916,-83.745,0.160,0.000,0
2026-01-29 12:26:29,353973,8051.339,-845.058,-635.984,-105.747,121.291,-0.612,0.002,0.000,0
2026-01-29 12:26:29,354013,8051.501,3433.814,-676.884,74.641,53.752,61.873,0.096,0.000,0
2026-01-29 12:26:29,354053,7954.246,321.592,-550.676,36.223,33.677,-31.232,0.000,0.000,0
2026-01-29 12:26:29,354093,8057.860,1907.462,-522.849,-24.585,-118.007,102.974,0.000,0.000,0
2026-01-29 12:26:29,354133,7992.801,3062.672,-616.796,160.603,26.129,-84.817,0.057,0.000,1
2026-01-29 12:26:29,354173,8083.062,934.804,-568.541,1.526,-23.389,12.391,0.000,0.000,0
2026-01-29 12:26:29,354213,8072.599,1854.191,-770.821,-47.098,127.044,-119.037,0.000,0.000,0
2026-01-29 12:26:29,354253,7810.138,2513.428,-611.888,28.930,-5.694,40.531,0.042,0.000,0
2026-01-29 12:26:29,354293,8063.664,1230.917,-678.861,-52.834,-44.995,76.761,0.000,0.000,0
2026-01-29 12:26:29,354333,7928.630,2087.080,-725.103,116.915,-68.070,8.129,0.000,0.000,1
2026-01-29 12:26:29,354373,7930.099,4185.985,-537.710,-70.057,63.325,-112.358,0.128,0.000,0
2026-01-29 12:26:29,354413,8215.040,-219.444,-531.725,-18.129,-82.312,-101.028,0.000,0.000,0
2026-01-29 12:26:29,354453,7997.686,1740.431,-400.182,32.286,-79.190,-11.510,0.000,0.000,1
2026-01-29 12:26:29,354493,8059.756,1780.490,-734.081,-70.799,108.996,16.849,0.000,0.000,0
2026-01-29 12:26:29,354533,8112.336,1845.038,-599.785,-13.213,22.963,-23.685,0.000,0.000,0
2026-01-29 12:26:29,354573,8033.329,3801.263,-582.604,19.039,1.679,56.095,0.117,0.000,0
2026-01-29 12:26:29,354613,7918.774,-76.005,-606.777,68.789,63.724,-16.944,0.000,0.000,0
2026-01-29 12:26:29,354653,8031.140,1848.335,-563.382,35.879,-16.061,-12.733,0.000,0.000,1
2026-01-29 12:26:29,354693,7927.182,1849.017,-638.797,-47.792,-97.231,-120.767,0.000,0.000,1
2026-01-29 12:26:29,354733,8077.259,4030.961,-553.379,94.673,-16.960,2.005,0.120,0.000,1
2026-01-29 12:26:29,354773,8070.962,1759.676,-615.656,108.902,137.379,-210.695,0.107,0.000,1
2026-01-29 12:26:29,354813,7982.671,-6.272,-508.653,-4.350,-15.939,61.035,0.001,0.000,0
2026-01-29 12:26:29,354853,7880.439,3525.258,-541.019,59.350,28.961,22.170,0.095,0.000,0
2026-01-29 12:26:30,354893,8042.176,266.618,-643.312,11.083,-29.187,55.221,0.000,0.000,0
2026-01-29 12:26:30,354933,7920.197,1858.469,-565.969,-37.894,-30.305,78.130,0.000,0.000,0
2026-01-29 12:26:30,354973,8047.169,1721.417,-495.407,-39.561,85.786,84.259,0.000,0.000,0
2026-01-29 12:26:30,355013,8085.461,1945.541,-643.462,-27.108,-81.758,-13.938,0.000,0.000,0
2026-01-29 12:26:30,355053,8074.790,5314.973,-489.172,-42.970,-108.370,68.562,0.193,0.000,0
2026-01-29 12:26:30,355093,8177.782,-236.292,-612.015,66.821,-14.566,96.805,0.069,0.000,0
2026-01-29 12:26:30,355133,8014.786,961.148,-539.335,-109.516,-103.427,45.769,0.014,0.000,0
2026-01-29 12:26:30,355173,8000.122,1705.591,-610.131,-57.495,48.583,-50.335,0.000,0.000,0
2026-01-29 12:26:30,355213,8008.000,1839.410,-539.778,64.669,123.575,-66.707,0.000,0.000,0
2026-01-29 12:26:30,355253,7972.129,1854.426,-600.587,3.774,-60.195,-1.055,0.000,0.000,0
2026-01-29 12:26:30,355293,8200.003,1806.303,-632.970,-18.296,28.075,21.927,0.000,0.000,0
2026-01-29 12:26:30,355333,7927.129,5099.110,-555.707,-80.806,37.186,34.885,0.187,0.000,0
2026-01-29 12:26:30,355373,8053.990,-1441.846,-693.600,61.353,-23.250,-157.357,0.000,0.000,0
2026-01-29 12:26:30,355413,8063.613,3283.400,-592.149,130.265,-10.293,69.346,0.075,0.000,0
2026-01-29 12:26:30,355453,8033.988,742.700,-633.911,18.248,117.706,76.155,0.000,0.000,0
2026-01-29 12:26:30,355493,7929.469,1910.965,-602.788,83.928,20.590,99.611,0.000,0.000,0
2026-01-29 12:26:30,355533,8124.003,1924.319,-396.653,-92.934,-2.196,8.128,0.000,0.000,0
2026-01-29 12:26:30,355573,8107.520,4520.159,-603.859,-84.134,-36.964,-28.226,0.142,0.000,0
2026-01-29 12:26:30,355613,7944.286,699.570,-603.215,32.980,70.117,125.964,0.073,0.000,1
2026-01-29 12:26:30,355653,8012.057,4028.317,-596.676,141.753,166.678,-11.291,0.198,0.000,0
2026-01-29 12:26:30,355693,8015.303,-1140.570,-756.934,126.568,15.344,-40.179,0.020,0.000,0
2026-01-29 12:26:30,355733,8054.544,1520.192,-618.165,2.265,16.374,-102.894,0.000,0.000,0
2026-01-29 12:26:30,355773,8107.247,1952.547,-524.671,-132.871,-31.403,-60.576,0.000,0.000,0
2026-01-29 12:26:30,355813,7914.657,1813.554,-521.574,83.518,-25.679,21.341,0.000,0.000,1
2026-01-29 12:26:30,355853,7967.404,1891.351,-557.668,-5.499,-27.509,78.551,0.000,0.000,0
2026-01-29 12:26:31,355893,7902.917,1820.398,-613.521,-69.173,17.684,-76.576,0.000,0.000,1
2026-01-29 12:26:31,355933,7905.805,3232.787,-733.069,76.858,28.564,-13.150,0.071,0.000,0
2026-01-29 12:26:31,355973,7879.819,1998.790,-625.292,79.936,127.742,88.538,0.069,0.000,0
2026-01-29 12:26:31,356013,8037.643,3061.040,-607.573,62.202,-78.913,71.876,0.135,0.000,0
2026-01-29 12:26:31,356053,8021.893,-418.246,-448.055,158.865,137.108,-44.606,0.000,0.000,0
2026-01-29 12:26:31,356093,8098.267,1830.369,-364.149,-23.810,-1.461,-0.125,0.000,0.000,0
2026-01-29 12:26:31,356133,8016.984,4388.433,-498.196,30.584,-39.355,3.437,0.138,0.000,0
2026-01-29 12:26:31,356173,8012.363,-602.754,-613.266,-51.463,-16.363,87.780,0.000,0.000,0
2026-01-29 12:26:31,356213,7942.178,5346.984,-508.341,-10.198,-46.918,54.722,0.192,0.000,0
2026-01-29 12:26:31,356253,7924.219,-1575.752,-634.690,29.322,46.693,-26.301,0.000,0.000,0
2026-01-29 12:26:31,356293,8041.466,1786.864,-543.935,-88.281,49.923,27.769,0.000,0.000,0
2026-01-29 12:26:31,356333,7943.983,4807.961,-621.011,128.470,40.635,42.626,0.163,0.000,0
2026-01-29 12:26:31,356373,7984.795,-868.375,-759.758,36.035,-81.856,45.070,0.000,0.000,0
2026-01-29 12:26:31,356413,8002.015,4221.481,-511.884,-109.499,-44.878,33.381,0.131,0.000,0
2026-01-29 12:26:31,356453,8213.700,-505.282,-620.648,100.073,74.883,-61.112,0.000,0.000,1
2026-01-29 12:26:31,356493,8101.352,5010.712,-643.612,15.782,-147.633,-78.368,0.173,0.000,0
2026-01-29 12:26:31,356533,8192.940,-627.409,-742.858,68.176,-92.604,-59.373,0.030,0.000,0
2026-01-29 12:26:31,356573,7934.817,1391.443,-562.563,-67.675,-63.908,-84.074,0.000,0.000,0
2026-01-29 12:26:31,356613,7940.584,4131.030,-519.644,29.949,7.275,-5.512,0.131,0.000,0
2026-01-29 12:26:31,356653,8206.705,754.181,-599.795,-41.822,-51.435,17.681,0.063,0.000,0
2026-01-29 12:26:31,356693,8075.532,777.603,-667.406,66.647,-66.257,20.205,0.000,0.000,0
2026-01-29 12:26:31,356733,8009.446,2177.211,-503.000,-109.500,-59.466,-17.288,0.018,0.000,1
2026-01-29 12:26:31,356773,8020.569,4794.322,-657.004,39.689,-15.633,20.286,0.191,0.000,0
2026-01-29 12:26:31,356813,8032.782,-1410.138,-570.563,-5.842,-95.409,-56.149,0.000,0.000,1
2026-01-29 12:26:31,356853,7850.796,2263.399,-622.511,111.139,115.510,23.116,0.018,0.000,1
2026-01-29 12:26:32,356893,8137.222,1533.597,-791.382,-11.369,-103.950,-61.717,0.000,0.000,0
2026-01-29 12:26:32,356933,8122.358,1808.502,-524.715,-61.095,-58.307,12.358,0.000,0.000,0
2026-01-29 12:26:32,356973,7937.003,2014.940,-558.642,27.433,-74.684,-108.613,0.000,0.000,1
2026-01-29 12:26:32,357013,7970.278,1888.488,-647.484,-96.472,46.401,123.998,0.000,0.000,0
2026-01-29 12:26:32,357053,7954.490,2038.719,-589.160,59.287,46.235,-180.026,0.010,0.000,0
2026-01-29 12:26:32,357093,8035.895,1841.430,-674.576,-50.651,125.458,54.048,0.000,0.000,0
2026-01-29 12:26:32,357133,8081.827,1895.773,-577.117,-32.582,-73.756,-95.941,0.000,0.000,0
2026-01-29 12:26:32,357173,7997.009,1788.960,-689.574,19.919,-0.636,-15.059,0.000,0.000,0
2026-01-29 12:26:32,357213,8009.510,2616.221,-640.147,87.870,-55.456,-38.254,0.039,0.000,0
2026-01-29 12:26:32,357253,7988.793,1239.872,-615.398,79.823,41.328,103.757,0.000,0.000,0
2026-01-29 12:26:32,357293,7948.595,1926.367,-506.020,-46.770,-54.077,-11.982,0.000,0.000,0
2026-01-29 12:26:32,357333,7885.881,2408.513,-663.993,25.511,-27.146,-169.353,0.022,0.000,0
2026-01-29 12:26:32,357373,8068.441,4343.169,-673.968,-35.526,-9.435,4.367,0.157,0.000,0
2026-01-29 12:26:32,357413,7980.437,-932.077,-569.065,51.173,-76.475,-78.599,0.000,0.000,0
2026-01-29 12:26:32,357453,8049.486,1704.167,-821.779,61.540,1.931,-25.627,0.000,0.000,1
2026-01-29 12:26:32,357493,7960.292,1866.013,-543.632,74.853,40.385,89.953,0.000,0.000,1
2026-01-29 12:26:32,357533,8033.985,1968.340,-649.802,-22.001,-138.684,-32.540,0.000,0.000,0
2026-01-29 12:26:32,357573,8068.585,1885.799,-572.614,-153.345,-19.393,29.897,0.000,0.000,0
2026-01-29 12:26:32,357613,7824.625,2807.539,-528.715,-20.593,-24.864,-43.449,0.053,0.000,1
2026-01-29 12:26:32,357653,8027.967,1014.415,-552.004,53.166,106.636,13.140,0.000,0.000,0
2026-01-29 12:26:32,357693,7938.004,3853.669,-824.217,-7.298,67.929,9.217,0.118,0.000,1
2026-01-29 12:26:32,357733,8063.099,-195.255,-555.585,104.328,70.314,-10.662,0.000,0.000,0
2026-01-29 12:26:32,357773,8067.703,2564.829,-552.396,39.338,-40.354,-82.349,0.044,0.000,0
2026-01-29 12:26:32,357813,8013.716,1086.398,-553.491,29.880,87.261,-52.946,0.000,0.000,0
2026-01-29 12:26:32,357853,7834.385,5363.086,-645.878,-42.476,6.770,-6.747,0.199,0.000,0
2026-01-29 12:26:33,357893,8037.398,743.551,-598.539,5.400,-9.773,-33.636,0.126,0.000,0
2026-01-29 12:26:33,357933,7889.904,182.787,-635.753,-19.050,143.133,-25.066,0.023,0.000,1
2026-01-29 12:26:33,357973,8143.366,1920.007,-447.761,-65.389,-46.019,-51.799,0.022,0.000,0
2026-01-29 12:26:33,358013,8136.447,2233.676,-570.257,155.236,19.360,3.627,0.029,0.000,1
2026-01-29 12:26:33,358053,7924.723,1416.054,-557.981,133.721,85.008,-22.693,0.000,0.000,0
2026-01-29 12:26:33,358093,8053.072,4729.223,-425.659,1.119,-16.806,29.969,0.160,0.000,0
2026-01-29 12:26:33,358133,7762.552,-719.723,-574.634,5.564,-27.254,-36.346,0.000,0.000,0
2026-01-29 12:26:33,358173,8028.000,2063.585,-578.904,115.874,-16.489,-105.967,0.000,0.000,0
2026-01-29 12:26:33,358213,7999.012,1850.535,-484.246,-110.762,-54.453,-43.671,0.000,0.000,0
2026-01-29 12:26:33,358253,8054.535,1982.738,-494.581,145.391,-28.215,21.624,0.000,0.000,0
2026-01-29 12:26:33,358293,8048.817,5245.605,-696.127,73.117,62.470,119.864,0.187,0.000,0
2026-01-29 12:26:33,358333,7944.513,-1140.889,-571.060,11.009,-208.060,0.104,0.019,0.000,0
2026-01-29 12:26:33,358373,7903.255,1575.330,-581.563,53.518,-75.411,-39.877,0.000,0.000,0
2026-01-29 12:26:33,358413,8156.955,4858.478,-611.855,-73.093,4.638,-30.190,0.174,0.000,0
2026-01-29 12:26:33,358453,8041.388,-998.007,-466.781,88.473,-78.283,84.846,0.000,0.000,1
2026-01-29 12:26:33,358493,7867.734,1841.253,-462.386,-18.475,-15.642,55.976,0.000,0.000,0
2026-01-29 12:26:33,358533,7974.113,1890.209,-571.907,66.955,-12.877,1.590,0.000,0.000,0
2026-01-29 12:26:33,358573,8074.913,3746.413,-708.914,183.072,95.470,-147.236,0.105,0.000,0
2026-01-29 12:26:33,358613,8066.482,2249.560,-503.370,-60.487,-5.606,48.628,0.121,0.000,0
2026-01-29 12:26:33,358653,8079.617,1276.994,-562.566,18.792,-51.262,43.642,0.082,0.000,0
2026-01-29 12:26:33,358693,7923.257,404.289,-538.878,136.091,-84.277,-70.197,0.000,0.000,1
2026-01-29 12:26:33,358733,7813.059,1866.513,-491.871,35.617,25.688,-7.592,0.000,0.000,0
2026-01-29 12:26:33,358773,8088.960,1932.926,-640.037,-140.057,36.311,51.309,0.000,0.000,0
2026-01-29 12:26:33,358813,8033.298,4085.602,-453.790,48.012,-9.062,26.803,0.131,0.000,1
2026-01-29 12:26:33,358853,8038.134,2664.827,-763.436,-182.442,23.517,57.998,0.182,0.000,1
2026-01-29 12:26:34,358893,8047.925,1040.129,-745.361,58.417,32.899,121.291,0.133,0.000,0
2026-01-29 12:26:34,358933,8022.126,-484.985,-572.324,3.748,-37.467,-116.033,0.000,0.000,0
2026-01-29 12:26:34,358973,8098.447,1832.268,-433.827,163.670,114.688,-8.898,0.000,0.000,0
2026-01-29 12:26:34,359013,7923.568,5243.662,-749.676,2.525,64.945,-45.113,0.191,0.000,0
2026-01-29 12:26:34,359053,8066.047,-1518.143,-418.124,-99.048,15.626,-96.321,0.000,0.000,1
2026-01-29 12:26:34,359093,7792.986,2217.535,-573.106,-15.645,28.771,10.935,0.011,0.000,0
2026-01-29 12:26:34,359133,7989.833,1624.554,-658.530,25.823,-35.836,155.814,0.000,0.000,1
2026-01-29 12:26:34,359173,8035.644,4075.626,-431.121,-20.601,-2.360,128.125,0.127,0.000,1
2026-01-29 12:26:34,359213,7904.276,-283.850,-534.602,36.034,-58.206,-4.028,0.000,0.000,0
2026-01-29 12:26:34,359253,7980.555,1642.133,-497.120,81.410,63.525,19.610,0.000,0.000,0
2026-01-29 12:26:34,359293,8010.261,1834.311,-672.946,-109.814,-58.685,32.318,0.000,0.000,0
2026-01-29 12:26:34,359333,8078.346,4628.719,-678.395,4.930,-74.752,150.951,0.162,0.000,0
2026-01-29 12:26:34,359373,7932.620,504.211,-655.332,-125.446,20.254,-56.785,0.084,0.000,0
2026-01-29 12:26:34,359413,7814.889,3688.775,-554.073,69.559,-34.982,-43.066,0.186,0.000,1
2026-01-29 12:26:34,359453,8081.837,-1323.092,-634.764,28.455,-34.881,-81.754,0.000,0.000,0
2026-01-29 12:26:34,359493,8009.539,1774.387,-483.125,-41.119,-2.103,-143.326,0.000,0.000,1
2026-01-29 12:26:34,359533,7878.419,1894.296,-672.126,111.888,-22.834,-18.916,0.000,0.000,0
2026-01-29 12:26:34,359573,8161.845,1995.783,-611.078,61.936,-196.997,-99.888,0.000,0.000,1
2026-01-29 12:26:34,359613,8026.832,4897.753,-491.095,-136.963,26.354,88.146,0.171,0.000,1
2026-01-29 12:26:34,359653,7919.567,-1159.488,-570.587,25.667,-7.854,-55.586,0.000,0.000,0
2026-01-29 12:26:34,359693,7978.006,1923.395,-676.036,-154.603,83.850,-150.554,0.000,0.000,0
2026-01-29 12:26:34,359733,7846.498,2651.533,-679.443,9.520,-39.338,12.636,0.039,0.000,1
2026-01-29 12:26:34,359773,8051.628,4391.667,-716.641,60.600,-50.074,-54.126,0.181,0.000,0
2026-01-29 12:26:34,359813,8010.746,-1164.445,-601.108,139.559,87.549,-127.515,0.000,0.000,0
2026-01-29 12:26:34,359853,8070.879,4551.543,-644.420,33.505,-19.411,50.688,0.151,0.000,0
2026-01-29 12:26:35,359893,8087.804,-423.746,-598.715,75.087,-39.528,-18.296,0.015,0.000,0
2026-01-29 12:26:35,359933,7867.675,2406.756,-634.361,69.715,27.208,102.358,0.040,0.000,1
2026-01-29 12:26:35,359973,8073.522,3366.086,-656.809,2.435,-40.840,-126.539,0.121,0.000,1
2026-01-29 12:26:35,360013,7988.922,306.929,-659.807,0.855,40.908,31.817,0.032,0.000,0
2026-01-29 12:26:35,360053,7972.651,1285.934,-596.570,-47.026,-49.778,-34.798,0.000,0.000,0
2026-01-29 12:26:35,360093,8083.918,1879.451,-548.198,-9.457,14.669,30.160,0.000,0.000,1
2026-01-29 12:26:35,360133,7871.042,3663.819,-420.446,-1.436,-13.989,48.717,0.105,0.000,1
2026-01-29 12:26:35,360173,8067.291,1485.649,-628.408,-37.076,-107.987,130.781,0.084,0.000,0
2026-01-29 12:26:35,360213,8128.602,458.071,-571.413,69.161,2.130,13.461,0.000,0.000,0
2026-01-29 12:26:35,360253,8045.701,3888.053,-614.248,36.739,80.890,-5.210,0.111,0.000,1
2026-01-29 12:26:35,360293,7977.213,-18.659,-700.284,-20.863,-86.396,38.954,0.000,0.000,0
2026-01-29 12:26:35,360333,7765.375,1838.158,-555.322,-43.737,20.835,28.387,0.000,0.000,1
2026-01-29 12:26:35,360373,7980.720,5436.571,-584.197,88.406,-28.708,-142.033,0.200,0.000,0
2026-01-29 12:26:35,360413,7937.234,-75.554,-621.409,26.479,-62.931,65.071,0.085,0.000,1
2026-01-29 12:26:35,360453,7956.574,3788.820,-573.503,4.291,-80.208,-66.704,0.194,0.000,0
2026-01-29 12:26:35,360493,8086.592,-1562.480,-507.148,-120.276,-56.227,44.086,0.000,0.000,0
2026-01-29 12:26:35,360533,7962.678,1870.976,-620.459,39.670,-31.170,-3.284,0.000,0.000,0
2026-01-29 12:26:35,360573,8011.580,3961.567,-772.350,101.527,66.470,-85.952,0.121,0.000,0
2026-01-29 12:26:35,360613,8007.803,-254.005,-603.312,-34.317,117.036,137.306,0.000,0.000,1
2026-01-29 12:26:35,360653,7913.003,1870.395,-587.960,17.237,125.557,35.080,0.000,0.000,0
2026-01-29 12:26:35,360693,8030.840,1745.165,-711.468,0.911,-47.420,-41.671,0.000,0.000,0
2026-01-29 12:26:35,360733,7922.119,1928.591,-545.137,-34.731,17.740,-8.067,0.000,0.000,0
2026-01-29 12:26:35,360773,7929.359,3159.613,-643.806,-67.356,12.080,226.216,0.065,0.000,0
2026-01-29 12:26:35,360813,7981.062,802.063,-619.157,99.232,109.097,102.186,0.000,0.000,0
2026-01-29 12:26:35,360853,8014.444,3055.815,-562.543,68.321,-121.703,45.706,0.063,0.000,0
2026-01-29 12:26:36,360893,7942.904,3948.942,-660.541,3.284,69.033,-120.401,0.184,0.000,0
2026-01-29 12:26:36,360933,7853.217,-1258.043,-692.998,-22.072,88.919,-53.924,0.000,0.000,0
2026-01-29 12:26:36,360973,8090.496,3199.813,-662.410,31.429,13.794,15.754,0.073,0.000,0
2026-01-29 12:26:36,361013,7966.935,514.526,-592.599,-10.937,-83.649,79.856,0.000,0.000,0
2026-01-29 12:26:36,361053,8027.642,2035.691,-512.059,-1.199,72.758,41.270,0.000,0.000,0
2026-01-29 12:26:36,361093,7899.472,1799.143,-694.059,53.616,-6.107,-9.592,0.000,0.000,0
2026-01-29 12:26:36,361133,7961.232,1902.526,-624.503,-33.685,-58.178,16.712,0.000,0.000,0
2026-01-29 12:26:36,361173,7987.027,1835.851,-613.940,7.895,-20.962,79.040,0.000,0.000,0
2026-01-29 12:26:36,361213,7891.076,2379.351,-696.485,7.100,-47.940,-110.534,0.027,0.000,0
2026-01-29 12:26:36,361253,7864.498,1811.169,-542.385,-78.483,32.763,24.215,0.031,0.000,1
2026-01-29 12:26:36,361293,7946.013,1299.093,-507.385,7.487,114.269,14.864,0.000,0.000,0
2026-01-29 12:26:36,361333,8090.020,4210.195,-611.962,180.063,30.254,10.365,0.121,0.000,0
2026-01-29 12:26:36,361373,8089.298,2689.143,-539.056,-164.965,-29.981,28.662,0.159,0.000,0
2026-01-29 12:26:36,361413,7891.546,2218.720,-620.115,-198.513,-27.179,51.491,0.177,0.000,0
2026-01-29 12:26:36,361453,8237.320,-1176.263,-401.896,-79.127,1.534,40.480,0.002,0.000,1
2026-01-29 12:26:36,361493,7880.991,2248.670,-600.251,30.701,70.463,39.950,0.020,0.000,0
2026-01-29 12:26:36,361533,8002.278,4286.108,-636.972,-163.928,0.353,35.394,0.157,0.000,0
2026-01-29 12:26:36,361573,8047.963,-218.069,-731.444,11.126,-20.162,6.790,0.033,0.000,0
2026-01-29 12:26:36,361613,7989.712,1831.880,-843.866,39.988,-32.505,-61.785,0.026,0.000,0
2026-01-29 12:26:36,361653,7930.798,1628.947,-600.937,91.888,33.763,25.658,0.000,0.000,1
2026-01-29 12:26:36,361693,8072.246,2398.071,-539.302,-12.164,-52.138,-54.387,0.036,0.000,0
2026-01-29 12:26:36,361733,7942.889,6152.579,-568.419,31.149,-54.774,-117.162,0.274,0.000,0
2026-01-29 12:26:36,361773,8100.541,3777.144,-768.702,74.024,-123.188,-25.132,0.381,0.000,1
2026-01-29 12:26:36,361813,7784.213,-355.595,-523.672,-41.158,17.910,-80.674,0.266,0.000,0
2026-01-29 12:26:36,361853,7990.374,5567.103,-536.631,10.639,-95.354,-52.655,0.469,0.000,0
2026-01-29 12:26:37,361893,7914.448,-176.972,-626.696,-23.090,-106.525,108.556,0.341,0.000,0
2026-01-29 12:26:37,361933,7969.744,8131.259,-531.003,38.179,107.153,-69.091,0.685,0.000,1
2026-01-29 12:26:37,361973,8005.362,2313.061,-760.974,-29.957,311.940,133.986,0.703,0.000,1
2026-01-29 12:26:37,362013,8254.613,1303.098,-913.733,-144.857,-147.747,-35.094,0.666,0.000,0
2026-01-29 12:26:37,362053,7869.821,4318.257,-499.535,174.076,14.361,-65.921,0.804,0.000,0
2026-01-29 12:26:37,362093,7969.380,3083.729,-417.201,-62.943,58.056,91.093,0.863,0.000,0
2026-01-29 12:26:37,362133,8181.161,2462.877,-895.581,32.637,-45.053,-295.495,0.898,0.000,0
2026-01-29 12:26:37,362173,8049.734,218.269,-329.775,329.731,296.210,-54.817,0.790,0.000,0
2026-01-29 12:26:37,362213,7913.613,4590.561,-601.309,112.936,69.580,259.967,0.956,0.000,0
2026-01-29 12:26:37,362253,7835.422,4101.417,-379.519,100.021,9.021,-1.437,1.081,0.000,0
2026-01-29 12:26:37,362293,7984.380,2862.450,-630.383,10.178,48.137,-12.665,1.136,0.000,0
2026-01-29 12:26:37,362333,8086.345,2934.231,-829.999,9.495,-186.547,221.604,1.194,0.000,1
2026-01-29 12:26:37,362373,7816.878,2511.771,-708.398,-58.632,106.448,-63.933,1.227,0.000,0
2026-01-29 12:26:37,362413,8000.476,1800.319,-552.428,-112.779,20.345,48.958,1.226,0.000,0
2026-01-29 12:26:37,362453,7812.831,1189.594,-674.860,43.105,-140.530,-232.818,1.200,0.000,1
2026-01-29 12:26:37,362493,7736.177,3242.325,-525.914,29.203,-380.252,-124.700,1.277,0.000,0
2026-01-29 12:26:37,362533,8187.708,3244.331,-678.917,73.540,-33.977,-213.760,1.341,0.000,0
2026-01-29 12:26:37,362573,8046.351,6340.007,-522.135,121.046,-25.646,107.140,1.591,0.000,0
2026-01-29 12:26:37,362613,8132.401,1270.539,-400.360,-146.811,233.028,-24.681,1.561,0.000,0
2026-01-29 12:26:37,362653,7952.046,4886.440,-817.497,67.809,148.984,189.661,1.735,0.000,0
2026-01-29 12:26:37,362693,7939.219,213.196,-668.633,129.423,121.386,-280.853,1.650,0.000,0
2026-01-29 12:26:37,362733,8012.998,1434.592,-630.834,-18.528,133.233,96.432,1.627,0.000,0
2026-01-29 12:26:37,362773,8065.656,3403.412,-387.136,-91.437,-42.929,2.622,1.704,0.000,1
2026-01-29 12:26:37,362813,7906.404,5915.816,-712.057,-247.753,71.829,-198.370,1.920,0.000,0
2026-01-29 12:26:37,362853,7855.013,1009.258,-563.973,91.764,3.150,105.675,1.874,0.000,0
2026-01-29 12:26:38,362893,7641.578,2236.725,-745.917,219.365,-83.259,-14.897,1.901,0.000,0
2026-01-29 12:26:38,362933,8131.362,5103.090,-607.418,131.789,-208.753,307.920,2.086,0.000,0
2026-01-29 12:26:38,362973,7840.769,727.044,-884.077,-260.555,-152.623,138.943,2.022,0.000,0
2026-01-29 12:26:38,363013,7990.359,4430.119,-922.807,108.917,-49.633,-155.083,2.157,0.000,0
2026-01-29 12:26:38,363053,7935.090,1131.460,-273.370,-62.165,297.994,-3.991,2.112,0.000,0
2026-01-29 12:26:38,363093,7892.390,4607.893,-661.010,105.100,281.234,163.155,2.262,0.000,0
2026-01-29 12:26:38,363133,8081.709,3337.120,-622.201,-138.261,142.761,157.376,2.347,0.000,0
2026-01-29 12:26:38,363173,8055.275,3890.864,-723.134,-158.982,59.510,-25.528,2.477,0.000,0
2026-01-29 12:26:38,363213,7798.014,-442.648,-628.768,25.516,-89.389,-63.667,2.337,0.000,1
2026-01-29 12:26:38,363253,7976.259,2847.051,-690.764,-125.046,-63.554,108.106,2.385,0.000,0
2026-01-29 12:26:38,363293,8228.921,7274.458,-402.044,180.685,128.027,-65.092,2.680,0.000,0
2026-01-29 12:26:38,363333,8049.785,56.921,-747.964,71.669,190.305,25.066,2.568,0.000,1
2026-01-29 12:26:38,363373,7548.381,5967.844,-647.735,-169.660,-33.524,-75.699,2.798,0.000,0
2026-01-29 12:26:38,363413,8141.059,1640.028,-708.874,81.716,165.223,47.346,2.794,0.000,0
2026-01-29 12:26:38,363453,7805.913,4497.985,-692.296,26.390,-146.367,-3.702,2.934,0.000,0
2026-01-29 12:26:38,363493,7877.594,2989.332,-373.620,-115.360,-50.980,96.695,3.004,0.000,0
2026-01-29 12:26:38,363533,8080.077,2993.743,-709.572,-182.189,-428.798,179.771,3.070,0.000,0
2026-01-29 12:26:38,363573,8132.748,-108.651,-421.138,142.412,-106.959,-93.754,2.961,0.000,0
2026-01-29 12:26:38,363613,7820.388,2381.098,-536.392,-25.656,21.548,129.512,2.993,0.000,1
2026-01-29 12:26:38,363653,8011.920,4234.773,-559.232,172.906,-150.103,-158.311,3.138,0.000,0
2026-01-29 12:26:38,363693,8158.456,1782.346,-373.673,3.843,189.236,-19.253,3.135,0.000,0
2026-01-29 12:26:38,363733,7655.969,2334.286,-718.662,-73.004,67.428,-160.069,3.155,0.000,0
2026-01-29 12:26:38,363773,7750.515,5972.830,-700.776,19.288,155.387,0.343,3.379,0.000,0
2026-01-29 12:26:38,363813,8161.884,1879.734,-473.370,-46.826,69.114,-181.251,3.374,0.000,0
2026-01-29 12:26:38,363853,8281.747,1278.386,-552.346,28.631,-42.851,9.798,3.328,0.000,1
2026-01-29 12:26:39,363893,7894.132,6083.456,-612.224,32.534,-61.437,-223.201,3.571,0.000,1
2026-01-29 12:26:39,363933,8000.710,4155.053,-892.430,44.871,-126.802,-79.208,3.689,0.000,0
2026-01-29 12:26:39,363973,7933.422,-2470.480,-615.783,-102.306,118.976,85.148,3.458,0.000,0
2026-01-29 12:26:39,364013,8084.613,3853.689,-563.165,60.219,-41.679,-152.428,3.576,0.000,0
2026-01-29 12:26:39,364053,8325.207,5810.908,-425.757,-4.251,-101.652,16.912,3.809,0.000,0
2026-01-29 12:26:39,364093,7698.035,1548.764,-678.609,250.733,-283.346,-160.388,3.785,0.000,1
2026-01-29 12:26:39,364133,7948.025,3808.209,-645.803,75.805,56.719,-113.115,3.919,0.000,1
2026-01-29 12:26:39,364173,7884.714,3913.108,-398.361,128.702,-133.329,-53.557,4.038,0.000,1
2026-01-29 12:26:39,364213,7923.766,2244.232,-618.172,93.489,-59.151,-69.836,4.046,0.000,0
2026-01-29 12:26:39,364253,7936.179,-565.206,-363.599,-119.025,-105.583,-208.314,3.904,0.000,0
2026-01-29 12:26:39,364293,8169.705,4158.720,-738.904,-253.694,93.896,149.752,4.029,0.000,0
2026-01-29 12:26:39,364333,8018.535,2220.616,-478.405,41.614,181.800,142.089,4.044,0.000,1
2026-01-29 12:26:39,364373,8159.135,5240.769,-684.351,182.482,-89.949,-131.869,4.243,0.000,0
2026-01-29 12:26:39,364413,8101.138,3851.029,-325.244,38.891,-16.612,-70.901,4.370,0.000,1
2026-01-29 12:26:39,364453,7983.882,-36.051,-597.018,-11.464,15.398,89.811,4.248,0.000,1
2026-01-29 12:26:39,364493,7990.306,4491.094,-454.380,211.392,-222.017,163.118,4.383,0.000,0
2026-01-29 12:26:39,364533,8077.436,3101.154,-410.962,192.897,-248.268,-62.620,4.463,0.000,0
2026-01-29 12:26:39,364573,7946.977,4710.522,-539.218,-7.074,-4.936,-166.652,4.620,0.000,0
2026-01-29 12:26:39,364613,7737.726,-1505.416,-526.833,66.944,-26.085,-202.935,4.428,0.000,0
2026-01-29 12:26:39,364653,8234.535,3295.354,-479.766,-20.998,-138.714,62.404,4.492,0.000,0
2026-01-29 12:26:39,364693,7921.257,3016.761,-445.862,230.151,161.938,-126.115,4.560,0.000,0
2026-01-29 12:26:39,364733,7745.793,3688.797,-650.613,-7.177,137.203,-21.465,4.652,0.000,0
2026-01-29 12:26:39,364773,7901.202,4565.208,-733.977,-254.858,-3.879,-192.889,4.797,0.000,0
2026-01-29 12:26:39,364813,7695.690,4512.665,-1164.396,-121.836,177.623,4.121,4.950,0.000,0
2026-01-29 12:26:39,364853,8108.076,3125.772,-408.591,20.561,34.967,11.125,5.011,0.000,0
2026-01-29 12:26:40,364893,8042.668,660.075,-293.190,22.847,31.399,-202.305,4.940,0.000,0
2026-01-29 12:26:40,364933,7926.118,5162.612,-502.454,-111.120,-24.148,-48.407,5.127,0.000,0
2026-01-29 12:26:40,364973,8122.081,2040.286,-802.965,170.644,-130.838,202.096,5.141,0.000,0
2026-01-29 12:26:40,365013,8095.112,1165.792,-316.797,196.356,-163.846,-65.692,5.110,0.000,0
2026-01-29 12:26:40,365053,8061.845,4160.890,-831.658,202.592,-171.544,-40.184,5.236,0.000,0
2026-01-29 12:26:40,365093,8017.701,502.058,-553.179,-109.396,181.057,-255.019,5.161,0.000,0
2026-01-29 12:26:40,365133,7866.699,4527.375,-792.774,-111.370,107.314,170.066,5.306,0.000,0
2026-01-29 12:26:40,365173,7880.292,5762.097,-417.555,40.052,121.311,91.168,5.528,0.000,0
2026-01-29 12:26:40,365213,7990.840,654.050,-586.995,-21.955,-61.493,265.818,5.455,0.000,0
2026-01-29 12:26:40,365253,7798.947,4907.900,-532.412,-181.921,-40.319,-89.179,5.628,0.000,0
2026-01-29 12:26:40,365293,8066.673,-937.196,-670.868,-72.699,-78.632,10.018,5.466,0.000,1
2026-01-29 12:26:40,365333,8197.820,7018.807,-920.361,92.979,-120.854,-144.907,5.760,0.000,0
2026-01-29 12:26:40,365373,8103.696,764.869,-273.021,-174.642,-147.657,144.085,5.689,0.000,0
2026-01-29 12:26:40,365413,8250.759,943.043,-246.051,21.995,-109.702,173.948,5.634,0.000,0
2026-01-29 12:26:40,365453,7956.193,7250.041,-849.239,82.283,54.212,-145.040,5.943,0.000,0
2026-01-29 12:26:40,365493,8066.293,2845.900,-516.228,76.514,-10.699,-92.912,6.002,0.000,0
2026-01-29 12:26:40,365533,8471.428,3170.818,-609.640,-83.471,-284.128,-119.056,6.073,0.000,0
2026-01-29 12:26:40,365573,8166.377,2045.937,-727.731,-19.557,152.018,-106.445,6.081,0.000,0
2026-01-29 12:26:40,365613,7920.887,3795.711,-506.320,14.770,-112.713,-85.907,6.201,0.000,0
2026-01-29 12:26:40,365653,8071.375,405.929,-630.001,241.334,279.994,-199.881,6.130,0.000,0
2026-01-29 12:26:40,365693,8140.545,3974.304,-631.786,-122.274,281.075,-12.758,6.249,0.000,1
2026-01-29 12:26:40,365733,8291.095,2404.700,-506.686,-85.932,16.289,-142.399,6.288,0.000,0
2026-01-29 12:26:40,365773,7769.572,-288.456,-504.412,-154.664,107.541,-101.270,6.172,0.000,0
2026-01-29 12:26:40,365813,8021.588,6943.966,-514.626,-173.839,37.203,-144.150,6.460,0.000,0
2026-01-29 12:26:40,365853,8048.506,2837.267,-537.790,-10.096,-55.065,53.608,6.520,0.000,1
2026-01-29 12:26:41,365893,8032.383,3575.567,-616.140,-75.182,11.619,179.181,6.623,0.000,1
2026-01-29 12:26:41,365933,7936.094,1412.715,-712.207,97.022,-105.985,208.977,6.592,0.000,0
2026-01-29 12:26:41,365973,8411.626,4117.555,-754.187,57.150,-41.173,-174.840,6.716,0.000,0
2026-01-29 12:26:41,366013,7863.257,604.229,-476.651,-153.496,-164.376,239.343,6.654,0.000,0
2026-01-29 12:26:41,366053,7793.319,2260.385,-411.590,-12.654,25.874,92.748,6.676,0.000,0
2026-01-29 12:26:41,366093,8159.292,2014.337,-876.403,-130.375,9.256,43.700,6.694,0.000,0
2026-01-29 12:26:41,366133,7953.837,3490.069,-402.456,-26.161,-183.065,-18.166,6.783,0.000,0
2026-01-29 12:26:41,366173,7978.942,2204.154,-280.774,-96.309,125.930,200.202,6.801,0.000,0
2026-01-29 12:26:41,366213,7644.958,4321.450,-618.206,-148.242,-120.641,170.406,6.926,0.000,0
2026-01-29 12:26:41,366253,8145.879,5546.983,-485.591,-38.366,-61.266,35.639,7.115,0.000,0
2026-01-29 12:26:41,366293,7814.601,2148.153,-445.225,-208.437,90.185,-234.923,7.126,0.000,0
2026-01-29 12:26:41,366333,8066.258,1910.507,-533.462,-67.201,-147.355,123.473,7.125,0.000,0
2026-01-29 12:26:41,366373,8134.157,4488.563,-645.313,-190.737,-25.486,21.913,7.256,0.000,1
2026-01-29 12:26:41,366413,7960.657,1621.321,-355.052,71.014,-236.590,154.736,7.246,0.000,0
2026-01-29 12:26:41,366453,8075.501,5886.891,-603.896,-201.423,-57.182,246.439,7.472,0.000,0
2026-01-29 12:26:41,366493,8167.453,-1407.039,-594.241,176.987,-149.635,-64.327,7.274,0.000,0
2026-01-29 12:26:41,366533,7866.947,5867.364,-746.474,-190.315,67.270,198.724,7.487,0.000,1
2026-01-29 12:26:41,366573,7909.258,379.917,-410.349,123.811,2.856,206.610,7.408,0.000,0
2026-01-29 12:26:41,366613,8140.683,4808.141,-541.941,1.128,99.522,153.675,7.576,0.000,0
2026-01-29 12:26:41,366653,7906.953,2068.476,-244.977,183.046,224.883,-19.796,7.590,0.000,0
2026-01-29 12:26:41,366693,7728.609,2467.274,-941.797,-124.726,-65.168,-52.193,7.629,0.000,0
2026-01-29 12:26:41,366733,8262.703,5875.849,-730.626,-141.059,315.198,-72.094,7.844,0.000,0
2026-01-29 12:26:41,366773,8236.281,2698.482,-515.191,-244.845,26.766,-222.112,7.909,0.000,0
2026-01-29 12:26:41,366813,8165.879,2760.332,-730.141,-86.189,0.412,23.852,7.949,0.000,0
2026-01-29 12:26:41,366853,7983.748,898.421,-654.308,26.250,67.140,-321.524,7.915,0.000,0
2026-01-29 12:26:42,366893,7972.893,5009.284,-842.494,91.410,24.962,-232.541,8.088,0.000,0
2026-01-29 12:26:42,366933,7762.692,-275.259,-562.351,-96.891,95.943,-139.378,7.956,0.000,0
2026-01-29 12:26:42,366973,7724.008,5091.404,-700.020,120.016,-16.344,-110.357,8.127,0.000,0
2026-01-29 12:26:42,367013,8122.293,662.623,-622.992,-38.294,63.135,-16.128,8.048,0.000,0
2026-01-29 12:26:42,367053,8041.218,4963.434,-493.283,85.528,-111.766,-17.033,8.216,0.000,1
2026-01-29 12:26:42,367093,8167.490,2247.902,-453.023,116.246,-65.927,-283.812,8.236,0.000,1
2026-01-29 12:26:42,367133,7963.833,4198.483,-404.544,154.730,-5.086,141.287,8.369,0.000,0
2026-01-29 12:26:42,367173,7986.469,1897.116,-603.937,-31.356,-67.607,-143.339,8.368,0.000,1
2026-01-29 12:26:42,367213,8162.002,3748.565,-545.884,-101.273,-52.578,-105.931,8.480,0.000,0
2026-01-29 12:26:42,367253,7913.963,2035.754,-492.505,10.933,-169.991,-12.878,8.481,0.000,1
2026-01-29 12:26:42,367293,8010.262,4925.037,-672.580,209.683,-70.650,-26.195,8.646,0.000,0
2026-01-29 12:26:42,367333,8285.327,48.670,-448.949,-40.589,129.683,-171.002,8.528,0.000,0
2026-01-29 12:26:42,367373,8045.970,5280.364,-762.963,-126.902,131.334,-135.417,8.725,0.000,0
2026-01-29 12:26:42,367413,7967.666,3192.414,-896.289,-32.961,51.596,192.038,8.798,0.000,0
2026-01-29 12:26:42,367453,7733.240,3283.630,-976.579,-160.920,-61.783,71.750,8.872,0.000,0
2026-01-29 12:26:42,367493,7839.610,2363.915,-349.285,99.261,-64.825,-193.244,8.906,0.000,0
2026-01-29 12:26:42,367533,7832.734,1835.431,-710.879,249.116,-157.285,67.520,8.893,0.000,0
2026-01-29 12:26:42,367573,8004.843,1752.861,-774.164,103.856,-95.185,-0.206,8.888,0.000,0
2026-01-29 12:26:42,367613,8147.173,4499.091,-955.429,-99.395,-162.128,-177.067,9.037,0.000,0
2026-01-29 12:26:42,367653,8254.292,4007.473,-765.814,210.195,88.472,86.526,9.166,0.000,0
2026-01-29 12:26:42,367693,7675.087,4353.121,-688.991,-126.411,84.353,-78.916,9.293,0.000,0
2026-01-29 12:26:42,367733,8025.968,-385.907,-538.409,34.194,-75.188,-113.644,9.168,0.000,1
2026-01-29 12:26:42,367773,7822.477,1832.721,-506.715,-254.064,-319.262,-2.978,9.167,0.000,1
2026-01-29 12:26:42,367813,8055.217,3972.359,-609.828,-86.467,-33.955,-261.250,9.274,0.000,1
2026-01-29 12:26:42,367853,8027.289,2220.997,-340.818,62.900,62.722,228.859,9.290,0.000,0
2026-01-29 12:26:43,367893,7852.570,7412.979,-870.219,-194.261,-109.256,151.562,9.594,0.000,0
2026-01-29 12:26:43,367933,8053.016,936.840,-673.163,-149.557,-92.275,169.268,9.530,0.000,0
2026-01-29 12:26:43,367973,7855.651,3901.485,-304.329,-12.606,168.551,-68.106,9.651,0.000,0
2026-01-29 12:26:43,368013,8048.138,3594.298,-619.587,-235.724,254.802,38.411,9.732,0.000,0
2026-01-29 12:26:43,368053,8200.716,153.831,-761.806,-59.535,81.216,-129.650,9.628,0.000,0
2026-01-29 12:26:43,368093,7896.625,7116.266,-799.911,36.168,-87.722,-88.100,9.924,0.000,0
2026-01-29 12:26:43,368133,7958.462,-461.464,-653.890,-163.317,-220.624,-259.049,9.787,0.000,0
2026-01-29 12:26:43,368173,8116.650,4564.305,-520.862,69.820,-66.896,62.960,9.944,0.000,0
2026-01-29 12:26:43,368213,8060.754,958.738,-543.577,0.676,-6.887,-173.721,9.902,0.000,0
2026-01-29 12:26:43,368253,7904.712,5731.088,-642.535,-201.403,138.577,71.181,10.123,0.000,0
2026-01-29 12:26:43,368293,8140.878,2000.309,-784.344,-120.882,-79.507,-59.008,10.142,0.000,0
2026-01-29 12:26:43,368333,7957.683,1819.105,-693.273,6.143,-53.879,64.751,10.146,0.000,0
2026-01-29 12:26:43,368373,8096.299,3883.767,-723.964,48.974,-4.724,43.467,10.251,0.000,0
2026-01-29 12:26:43,368413,8166.547,-464.887,-770.645,-0.680,14.087,130.232,10.132,0.000,0
2026-01-29 12:26:43,368453,8162.888,5509.218,-769.802,-0.598,-193.333,44.305,10.335,0.000,0
2026-01-29 12:26:43,368493,7994.464,3635.639,-583.114,24.527,-150.942,287.286,10.413,0.000,0
2026-01-29 12:26:43,368533,7635.193,1853.082,-651.636,73.250,-73.420,166.917,10.410,0.000,0
2026-01-29 12:26:43,368573,8354.787,5462.452,-441.561,58.998,135.475,-134.676,10.622,0.000,0
2026-01-29 12:26:43,368613,7654.968,1391.943,-863.030,233.410,-30.255,-130.173,10.601,0.000,0
2026-01-29 12:26:43,368653,8046.418,3657.328,-572.576,145.660,50.329,-60.852,10.706,0.000,1
2026-01-29 12:26:43,368693,7903.000,1957.596,-631.846,196.218,101.045,9.488,10.710,0.000,1
2026-01-29 12:26:43,368733,8115.574,675.420,-731.864,116.069,57.734,184.019,10.644,0.000,1
2026-01-29 12:26:43,368773,7649.410,2948.954,-547.796,-125.620,-14.857,204.217,10.704,0.000,0
2026-01-29 12:26:43,368813,8243.166,7333.227,-575.623,-31.094,203.162,4.749,11.028,0.000,0
2026-01-29 12:26:43,368853,8135.544,66.600,-370.943,115.681,121.665,-46.544,10.928,0.000,0
2026-01-29 12:26:44,368893,8225.266,2429.183,-975.771,34.882,-58.666,236.438,10.974,0.000,0
2026-01-29 12:26:44,368933,7813.930,2092.809,-680.791,-127.884,-14.152,220.354,10.981,0.000,0
2026-01-29 12:26:44,368973,7859.264,6391.222,-619.006,292.150,303.064,-63.985,11.223,0.000,0
2026-01-29 12:26:44,369013,7943.119,3598.785,-368.954,181.379,-217.574,193.421,11.318,0.000,0
2026-01-29 12:26:44,369053,7842.687,-505.685,-419.230,81.893,-14.381,-80.559,11.192,0.000,0
2026-01-29 12:26:44,369093,8110.277,1434.417,-588.490,-107.712,137.046,-185.463,11.167,0.000,0
2026-01-29 12:26:44,369133,7998.106,7658.927,-712.579,-174.900,204.979,-149.819,11.503,0.000,0
2026-01-29 12:26:44,369173,8124.368,-900.255,-466.484,21.903,279.281,-100.222,11.357,0.000,0
2026-01-29 12:26:44,369213,7743.938,3474.350,-689.489,60.825,0.002,174.476,11.444,0.000,0
2026-01-29 12:26:44,369253,8143.416,3068.202,-444.905,124.377,228.050,95.294,11.506,0.000,1
2026-01-29 12:26:44,369293,7749.392,1273.674,-643.640,151.794,-61.063,-95.989,11.466,0.000,0
2026-01-29 12:26:44,369333,8069.005,3600.066,-582.227,-73.621,-88.668,88.222,11.563,0.000,1
2026-01-29 12:26:44,369373,7832.992,4733.865,-379.454,93.579,-215.814,-31.969,11.707,0.000,0
2026-01-29 12:26:44,369413,7794.588,3987.852,-484.662,50.042,84.787,-46.216,11.830,0.000,1
2026-01-29 12:26:44,369453,7787.128,2406.820,-899.589,104.029,-278.297,141.937,11.875,0.000,1
2026-01-29 12:26:44,369493,7999.551,5074.103,-759.211,-9.447,-184.954,38.671,12.050,0.000,0
2026-01-29 12:26:44,369533,7785.386,-521.290,-581.065,-191.982,184.542,17.524,11.914,0.000,1
2026-01-29 12:26:44,369573,7808.483,5979.037,-847.510,-83.155,-101.950,79.085,12.135,0.000,1
2026-01-29 12:26:44,369613,8194.786,1129.907,-539.293,-75.203,-158.255,-81.841,12.100,0.000,0
2026-01-29 12:26:44,369653,8216.307,2071.325,-516.748,298.987,-29.037,154.344,12.128,0.000,0
2026-01-29 12:26:44,369693,8107.826,4131.916,-593.078,-106.870,40.814,24.924,12.280,0.000,1
2026-01-29 12:26:44,369733,7917.596,1217.997,-745.733,142.128,72.862,-61.515,12.234,0.000,0
2026-01-29 12:26:44,369773,8058.784,4787.497,-410.710,158.558,-166.711,67.069,12.394,0.000,0
2026-01-29 12:26:44,369813,7705.471,4261.165,-524.075,15.278,-144.078,-78.904,12.521,0.000,1
2026-01-29 12:26:44,369853,7954.072,-2129.571,-602.830,-160.425,119.524,56.817,12.302,0.000,1
2026-01-29 12:26:45,369893,8012.678,4230.318,-385.912,130.556,50.259,161.529,12.442,0.000,0
2026-01-29 12:26:45,369933,8290.053,3626.863,-626.208,-123.069,-30.091,-9.379,12.565,0.000,0
2026-01-29 12:26:45,369973,8087.355,2835.901,-648.288,-76.204,-5.951,-244.263,12.619,0.000,1
2026-01-29 12:26:45,370013,8286.614,5071.511,-825.902,-55.177,97.412,124.599,12.793,0.000,0
2026-01-29 12:26:45,370053,8031.018,2154.814,-634.413,47.295,-82.778,26.697,12.794,0.000,0
2026-01-29 12:26:45,370093,7718.992,1370.651,-318.350,-269.184,266.284,409.504,12.762,0.000,0
2026-01-29 12:26:45,370133,7914.942,3743.876,-628.885,-9.917,-160.190,-136.546,12.851,0.000,0
2026-01-29 12:26:45,370173,7974.110,2706.861,-565.899,-102.030,-58.226,-85.168,12.904,0.000,0
2026-01-29 12:26:45,370213,7998.698,3099.960,-790.358,-7.564,4.718,-60.935,12.975,0.000,0
2026-01-29 12:26:45,370253,7925.768,1762.373,-651.256,-20.109,-5.956,-222.575,12.964,0.000,1
2026-01-29 12:26:45,370293,8241.296,2875.411,-626.937,99.849,180.228,7.644,13.017,0.000,0
2026-01-29 12:26:45,370333,8113.094,3101.913,-808.575,161.818,85.943,20.155,13.077,0.000,0
2026-01-29 12:26:45,370373,7649.921,2208.026,-538.452,-6.537,111.455,-300.496,13.089,0.000,0
2026-01-29 12:26:45,370413,8170.151,7186.849,-844.463,224.487,-260.745,-69.944,13.374,0.000,0
2026-01-29 12:26:45,370453,7859.645,-114.582,-813.146,-164.582,-126.614,-356.666,13.263,0.000,0
2026-01-29 12:26:45,370493,8077.434,3495.938,-749.233,52.941,-18.873,236.563,13.343,0.000,1
2026-01-29 12:26:45,370533,7917.533,4270.628,-551.181,-102.452,-9.197,-18.240,13.476,0.000,0
2026-01-29 12:26:45,370573,8221.383,2475.593,-688.337,-54.409,132.177,-48.933,13.510,0.000,0
2026-01-29 12:26:45,370613,7989.176,4096.384,-717.887,90.474,5.849,205.364,13.636,0.000,0
2026-01-29 12:26:45,370653,7965.191,-175.208,-663.559,40.943,12.860,-76.489,13.502,0.000,0
2026-01-29 12:26:45,370693,8110.051,6827.490,-496.746,58.075,-4.844,19.661,13.790,0.000,1
2026-01-29 12:26:45,370733,7926.015,4000.873,-523.198,-282.095,-208.605,-157.121,13.911,0.000,1
2026-01-29 12:26:45,370773,8088.197,-1281.831,-605.731,-10.720,-119.819,-178.633,13.732,0.000,1
2026-01-29 12:26:45,370813,8092.483,3824.474,-456.295,108.939,-66.839,-43.068,13.831,0.000,0
2026-01-29 12:26:45,370853,7938.660,2475.061,-732.172,-28.791,57.643,-128.793,13.850,0.000,0
2026-01-29 12:26:46,370893,8089.446,6000.726,-714.028,-75.938,-15.173,-95.393,14.076,0.000,0
2026-01-29 12:26:46,370933,8236.581,1576.447,-475.509,92.853,209.680,8.555,14.071,0.000,0
2026-01-29 12:26:46,370973,8126.415,2540.601,-490.537,-104.347,-49.698,-219.108,14.114,0.000,1
2026-01-29 12:26:46,371013,7690.435,2473.243,-351.211,407.121,-215.415,287.054,14.145,0.000,0
2026-01-29 12:26:46,371053,7914.392,4157.753,-521.361,167.022,-121.673,-111.641,14.288,0.000,0
2026-01-29 12:26:46,371093,8099.129,1900.533,-462.769,-219.557,90.849,-105.984,14.280,0.000,0
2026-01-29 12:26:46,371133,8028.896,2554.172,-572.217,13.186,-198.256,-176.434,14.328,0.000,1
2026-01-29 12:26:46,371173,7725.072,2638.439,-767.608,-148.914,-104.129,118.708,14.366,0.000,1
2026-01-29 12:26:46,371213,8150.487,3243.846,-737.034,32.360,-86.537,165.046,14.442,0.000,0
2026-01-29 12:26:46,371253,7814.228,3539.688,-741.717,126.221,229.103,-72.404,14.525,0.000,0
2026-01-29 12:26:46,371293,7657.254,1839.111,-655.821,99.130,-33.915,209.835,14.528,0.000,0
2026-01-29 12:26:46,371333,8270.724,2947.871,-348.325,-35.926,32.209,16.244,14.596,0.000,0
2026-01-29 12:26:46,371373,7792.763,6409.916,-766.744,30.767,86.112,59.648,14.847,0.000,0
2026-01-29 12:26:46,371413,8229.508,535.909,-627.754,51.294,-32.463,43.496,14.786,0.000,1
2026-01-29 12:26:46,371453,7791.645,1634.425,-797.783,-163.200,-93.608,-7.770,14.755,0.000,0
2026-01-29 12:26:46,371493,7812.235,4798.719,-407.553,-143.434,-32.712,-36.855,14.935,0.000,0
2026-01-29 12:26:46,371533,7938.527,4585.619,-553.037,-63.692,-114.842,-69.930,15.095,0.000,0
2026-01-29 12:26:46,371573,8159.763,276.678,-519.867,204.799,80.300,62.961,15.002,0.000,0
2026-01-29 12:26:46,371613,7981.339,5777.263,-463.714,-161.631,-251.435,189.331,15.206,0.000,0
2026-01-29 12:26:46,371653,8096.884,2443.907,-609.820,235.464,214.231,-62.299,15.252,0.000,1
2026-01-29 12:26:46,371693,8000.746,2446.838,-580.013,-87.991,112.517,-359.299,15.293,0.000,1
2026-01-29 12:26:46,371733,7731.069,-939.334,-732.459,165.914,96.627,109.990,15.139,0.000,1
2026-01-29 12:26:46,371773,7810.465,4232.208,-880.026,-305.944,128.117,-76.402,15.260,0.000,0
2026-01-29 12:26:46,371813,8092.851,2274.914,-490.284,-39.106,6.087,329.111,15.284,0.000,0
2026-01-29 12:26:46,371853,8009.533,6870.552,-628.206,112.739,-92.093,-269.168,15.565,0.000,0
2026-01-29 12:26:47,371893,7892.840,1332.819,-625.599,-30.929,-7.751,83.599,15.518,0.000,1
2026-01-29 12:26:47,371933,7999.395,2712.384,-623.060,44.382,1.256,-203.008,15.558,0.000,1
2026-01-29 12:26:47,371973,7788.973,524.190,-496.172,-26.413,-44.291,222.089,15.487,0.000,0
2026-01-29 12:26:47,372013,8259.440,6064.809,-522.638,209.076,45.504,27.184,15.729,0.000,0
2026-01-29 12:26:47,372053,7897.683,4312.256,-558.563,-218.838,167.143,-16.078,15.861,0.000,0
2026-01-29 12:26:47,372093,8045.669,2115.219,-510.913,-37.097,-174.341,36.215,15.879,0.000,0
2026-01-29 12:26:47,372133,7680.969,1087.365,-379.272,1.549,423.057,84.139,15.842,0.000,0
2026-01-29 12:26:47,372173,7983.504,4548.310,-721.987,2.078,-58.937,172.252,15.993,0.000,0
2026-01-29 12:26:47,372213,8043.399,4107.963,-702.395,-96.951,5.798,-115.488,16.119,0.000,0
2026-01-29 12:26:47,372253,7995.428,1464.129,-1191.898,22.748,-171.064,146.054,16.087,0.000,0
2026-01-29 12:26:47,372293,8150.925,1743.612,-482.865,131.480,-70.427,160.469,16.087,0.000,0
2026-01-29 12:26:47,372333,7974.652,2001.490,-639.261,-96.052,-21.782,-56.382,16.082,0.000,0
2026-01-29 12:26:47,372373,7580.501,1970.945,-636.738,-148.214,-50.001,-16.299,16.088,0.000,0
2026-01-29 12:26:47,372413,7891.669,3274.058,-647.858,-174.327,-282.845,-198.144,16.171,0.000,0
2026-01-29 12:26:47,372453,7924.394,4550.772,-812.459,-101.206,6.020,-62.135,16.318,0.000,0
2026-01-29 12:26:47,372493,8001.699,1528.252,-417.393,101.714,-97.168,217.170,16.296,0.000,0
2026-01-29 12:26:47,372533,8057.507,5769.249,-560.872,-123.606,226.283,447.658,16.520,0.000,0
2026-01-29 12:26:47,372573,7989.561,3985.811,-595.214,-29.218,139.200,63.014,16.649,0.000,1
2026-01-29 12:26:47,372613,7752.657,-1501.482,-594.418,-49.325,-162.214,-78.238,16.466,0.000,0
2026-01-29 12:26:47,372653,7880.659,7537.184,-674.483,-13.169,16.587,276.237,16.789,0.000,1
2026-01-29 12:26:47,372693,8074.802,-576.869,-850.468,136.865,-118.583,160.469,16.654,0.000,0
2026-01-29 12:26:47,372733,7984.343,6241.651,-628.856,-491.272,-17.784,15.032,16.910,0.000,0
2026-01-29 12:26:47,372773,8141.522,-1942.109,-968.958,85.235,-173.516,97.879,16.690,0.000,0
2026-01-29 12:26:47,372813,8009.186,7071.389,-770.821,143.966,93.036,163.067,17.007,0.000,0
2026-01-29 12:26:47,372853,8236.091,924.027,-592.352,188.687,77.815,29.848,16.949,0.000,1
2026-01-29 12:26:48,372893,7849.529,842.567,-606.677,-149.289,49.700,-194.769,16.909,0.000,0
2026-01-29 12:26:48,372933,8090.170,2460.421,-456.222,-80.769,-85.098,57.289,16.943,0.000,0
2026-01-29 12:26:48,372973,8132.887,5306.422,-745.685,19.292,-135.376,199.987,17.133,0.000,0
2026-01-29 12:26:48,373013,7694.579,583.774,-723.067,-119.307,33.287,-213.945,17.052,0.000,0
2026-01-29 12:26:48,373053,8124.575,4656.247,-850.953,-154.617,42.389,32.717,17.207,0.000,0
2026-01-29 12:26:48,373093,7878.023,6521.752,-501.183,100.850,-111.002,-76.625,17.456,0.000,1
2026-01-29 12:26:48,373133,8282.456,698.665,-688.763,-26.144,-43.882,-197.985,17.386,0.000,0
2026-01-29 12:26:48,373173,8015.825,2897.661,-574.887,56.507,-8.691,-54.589,17.439,0.000,0
2026-01-29 12:26:48,373213,8034.633,5156.906,-659.202,-115.978,-8.236,-57.887,17.621,0.000,1
2026-01-29 12:26:48,373253,7907.306,-152.768,-623.127,-102.874,217.927,-133.694,17.507,0.000,0
2026-01-29 12:26:48,373293,7980.242,4889.043,-630.481,-49.919,-92.699,58.791,17.686,0.000,0
2026-01-29 12:26:48,373333,8066.012,1018.212,-953.963,-7.037,-16.624,210.896,17.622,0.000,0
2026-01-29 12:26:48,373373,7851.751,4464.073,-591.789,-23.589,47.687,282.976,17.767,0.000,0
2026-01-29 12:26:48,373413,7914.384,4496.460,-635.413,-159.309,60.004,-270.637,17.914,0.000,0
2026-01-29 12:26:48,373453,8150.044,2480.697,-506.377,58.444,61.637,70.907,17.937,0.000,0
2026-01-29 12:26:48,373493,8257.280,3148.307,-545.867,109.432,97.851,-81.355,18.006,0.000,0
2026-01-29 12:26:48,373533,8157.194,3855.360,-665.130,17.107,51.048,-166.623,18.095,0.000,0
2026-01-29 12:26:48,373573,7897.150,275.097,-536.387,-70.758,-59.898,-165.660,17.992,0.000,0
2026-01-29 12:26:48,373613,8073.361,6090.558,-622.547,-209.441,-205.705,41.065,18.227,0.000,0
2026-01-29 12:26:48,373653,7978.196,378.998,-965.101,-20.454,143.708,-128.568,18.130,0.000,0
2026-01-29 12:26:48,373693,7839.701,1349.834,-507.784,106.353,221.724,-101.091,18.111,0.000,0
2026-01-29 12:26:48,373733,7974.769,5708.275,-903.727,-96.564,-169.852,-174.784,18.322,0.000,0
2026-01-29 12:26:48,373773,8081.040,1947.572,-563.301,52.972,54.839,96.551,18.326,0.000,0
2026-01-29 12:26:48,373813,8012.538,4604.137,-198.347,-41.923,-95.949,131.658,18.481,0.000,0
2026-01-29 12:26:48,373853,8160.502,2178.052,-695.747,87.572,-93.509,-38.002,18.481,0.000,0
2026-01-29 12:26:49,373893,7960.074,3241.013,-172.465,159.893,175.197,14.054,18.548,0.000,0
2026-01-29 12:26:49,373933,7863.953,3315.135,-933.131,119.582,124.124,-109.906,18.617,0.000,0
2026-01-29 12:26:49,373973,8267.295,2513.084,-379.207,-233.307,-26.295,-48.967,18.642,0.000,0
2026-01-29 12:26:49,374013,8111.318,3884.954,-478.520,-306.311,164.061,88.234,18.769,0.000,1
2026-01-29 12:26:49,374053,7697.444,3507.574,-469.754,134.326,-22.220,-23.445,18.850,0.000,0
2026-01-29 12:26:49,374093,7943.089,1489.613,-755.977,-259.777,-369.143,-84.951,18.819,0.000,1
2026-01-29 12:26:49,374133,7671.254,3372.649,-905.313,-281.446,-202.774,-84.270,18.896,0.000,0
2026-01-29 12:26:49,374173,8117.148,3999.834,-751.059,-200.198,-72.590,-158.166,19.010,0.000,1
2026-01-29 12:26:49,374213,7882.333,3830.802,-773.352,136.760,206.185,-54.580,19.111,0.000,0
2026-01-29 12:26:49,374253,8139.582,1080.005,-569.986,-37.453,-326.644,254.927,19.069,0.000,0
2026-01-29 12:26:49,374293,7879.725,2917.812,-395.753,-178.314,-173.512,52.941,19.150,0.000,0
2026-01-29 12:26:49,374333,8373.351,1078.653,-686.274,182.102,-109.832,81.842,19.105,0.000,1
2026-01-29 12:26:49,374373,7636.206,1331.729,-462.362,186.244,-38.009,-310.577,19.085,0.000,0
2026-01-29 12:26:49,374413,8000.708,5853.570,-328.137,101.623,32.709,73.144,19.315,0.000,0
2026-01-29 12:26:49,374453,8177.587,4504.672,-456.222,76.757,157.071,88.691,19.465,0.000,0
2026-01-29 12:26:49,374493,7873.223,2982.324,-687.342,265.685,-15.181,76.736,19.548,0.000,1
2026-01-29 12:26:49,374533,8064.209,879.520,-893.393,-45.062,-16.269,-117.740,19.478,0.000,0
2026-01-29 12:26:49,374573,7908.291,4682.484,-789.674,-14.763,-9.811,-151.464,19.655,0.000,0
2026-01-29 12:26:49,374613,8029.642,2894.959,-318.838,-226.444,192.273,-51.502,19.699,0.000,0
2026-01-29 12:26:49,374653,8198.655,222.396,-516.978,95.243,-13.258,149.036,19.616,0.000,0
2026-01-29 12:26:49,374693,8147.167,5771.167,-639.665,182.846,24.041,-144.330,19.839,0.000,0
2026-01-29 12:26:49,374733,8042.764,537.749,-670.326,79.076,-36.174,-16.351,19.756,0.000,0
2026-01-29 12:26:49,374773,7848.009,4020.333,-620.478,-63.387,193.655,-194.526,19.866,0.000,0
2026-01-29 12:26:49,374813,7995.643,3530.772,-383.652,-178.543,-75.413,-94.498,19.954,0.000,0
2026-01-29 12:26:49,374853,8063.163,953.442,-272.937,115.727,-6.956,-86.550,19.885,0.000,0
2026-01-29 12:26:50,374893,7450.522,2666.171,-691.299,-123.577,-126.078,17.711,19.931,0.000,1
2026-01-29 12:26:50,374933,7991.496,6423.972,-388.132,-127.477,-217.618,21.469,20.189,0.000,0
2026-01-29 12:26:50,374973,7904.472,186.150,-732.209,164.600,19.802,-167.857,20.079,0.000,0
2026-01-29 12:26:50,375013,8119.435,2675.469,-908.272,93.162,105.460,-47.367,20.128,0.000,0
2026-01-29 12:26:50,375053,8201.703,2126.949,-866.715,99.437,40.922,-239.001,20.136,0.000,0
2026-01-29 12:26:50,375093,7807.666,4330.546,-662.924,149.249,-28.698,-1.796,20.274,0.000,0
2026-01-29 12:26:50,375133,8000.438,1912.750,-777.755,-116.627,176.040,-65.988,20.284,0.000,0
2026-01-29 12:26:50,375173,7782.344,6294.081,-462.160,60.245,220.578,-7.833,20.549,0.000,1
2026-01-29 12:26:50,375213,8196.568,3321.390,-435.522,-92.512,68.294,23.288,20.621,0.000,1
2026-01-29 12:26:50,375253,8033.167,-1361.372,-698.150,-82.123,58.927,145.297,20.442,0.000,0
2026-01-29 12:26:50,375293,7933.690,2816.504,-608.068,-107.068,-249.171,92.455,20.492,0.000,0
2026-01-29 12:26:50,375333,7844.556,2610.009,-478.544,42.747,4.904,41.108,20.528,0.000,0
2026-01-29 12:26:50,375373,8217.854,3889.570,-521.875,43.056,-85.799,-44.550,20.639,0.000,0
2026-01-29 12:26:50,375413,7798.360,2297.738,-737.203,-183.440,-136.167,173.077,20.659,0.000,0
2026-01-29 12:26:50,375453,7996.782,5176.699,-630.358,-148.361,-87.975,-201.875,20.855,0.000,0
2026-01-29 12:26:50,375493,7832.359,912.663,-733.495,-238.215,39.659,-138.278,20.790,0.000,0
2026-01-29 12:26:50,375533,8012.047,5861.327,-539.739,27.469,-149.587,-16.362,21.022,0.000,0
2026-01-29 12:26:50,375573,7860.634,2398.818,-715.461,42.451,58.781,127.204,21.052,0.000,0
2026-01-29 12:26:50,375613,8113.932,5164.367,-654.276,-95.055,40.785,122.379,21.234,0.000,1
2026-01-29 12:26:50,375653,7792.266,-1582.966,-644.448,88.517,-159.650,-14.924,21.033,0.000,0
2026-01-29 12:26:50,375693,8016.819,2807.255,-601.399,-114.781,275.819,-41.729,21.099,0.735,0
2026-01-29 12:26:50,375733,8064.159,6238.644,-918.923,128.330,-123.910,183.265,21.344,0.380,0
2026-01-29 12:26:50,375773,8031.977,1942.399,-793.424,83.703,53.117,-82.516,21.347,1.481,0
2026-01-29 12:26:50,375813,7934.200,1463.245,-597.243,-154.951,45.633,-118.242,21.330,-0.490,0
2026-01-29 12:26:50,375853,7974.983,-2447.695,-528.200,-128.656,16.863,97.919,21.071,0.163,1
2026-01-29 12:26:51,375893,7664.335,3798.647,-242.425,6.169,-77.889,-220.226,21.172,-0.942,0
2026-01-29 12:26:51,375933,7646.567,2700.420,-316.315,247.892,-5.237,14.932,21.210,-0.457,0
2026-01-29 12:26:51,375973,8259.284,2902.647,-749.829,-80.158,-233.915,-111.592,21.264,-0.398,0
2026-01-29 12:26:51,376013,8134.831,-979.113,-319.146,-10.837,94.401,-114.754,21.110,0.380,0
2026-01-29 12:26:51,376053,7984.262,1617.152,-419.384,-273.055,93.268,-0.513,21.109,0.517,0
2026-01-29 12:26:51,376093,7826.705,2113.371,-254.776,91.489,-72.612,-9.650,21.119,1.013,0
2026-01-29 12:26:51,376133,8115.098,2931.755,-630.162,11.247,164.746,-103.877,21.166,0.164,0
2026-01-29 12:26:51,376173,8183.468,1886.118,-662.891,17.441,190.909,-275.137,21.160,-0.377,1
2026-01-29 12:26:51,376213,8080.929,2682.853,-735.474,-47.234,178.919,-131.290,21.208,-0.123,0
2026-01-29 12:26:51,376253,8036.527,-1934.534,-615.933,13.087,-100.109,127.285,20.998,0.616,0
2026-01-29 12:26:51,376293,8242.191,7016.834,-902.396,147.207,81.289,26.538,21.281,-0.314,0
2026-01-29 12:26:51,376333,8046.960,-3401.322,-922.015,176.095,60.951,-214.206,20.980,-1.091,1
2026-01-29 12:26:51,376373,7947.566,7743.635,-675.532,97.845,-98.225,-103.304,21.319,-0.743,0
2026-01-29 12:26:51,376413,7935.535,-1225.982,-417.906,-125.170,40.067,-111.856,21.136,0.538,0
2026-01-29 12:26:51,376453,8010.243,1129.082,-557.871,188.223,33.008,-105.083,21.087,0.470,0
2026-01-29 12:26:51,376493,8194.437,1400.454,-783.261,309.437,-58.078,0.449,21.059,1.343,1
2026-01-29 12:26:51,376533,7765.624,4864.710,-746.481,-51.326,101.420,360.193,21.220,0.872,0
2026-01-29 12:26:51,376573,7984.062,-1903.044,-509.039,82.370,14.075,66.987,20.998,0.491,0
2026-01-29 12:26:51,376613,7942.487,1514.507,-540.699,86.298,-274.159,305.773,20.976,1.430,0
2026-01-29 12:26:51,376653,8141.057,3759.873,-482.343,-199.546,38.642,84.032,21.092,-0.278,1
2026-01-29 12:26:51,376693,8188.668,4674.903,-414.301,64.606,-108.581,3.149,21.250,0.953,0
2026-01-29 12:26:51,376733,7844.081,1547.739,-706.814,-24.470,159.024,83.499,21.234,-0.653,0
2026-01-29 12:26:51,376773,7980.926,-2016.094,-468.972,15.321,-216.864,66.102,21.018,1.162,0
2026-01-29 12:26:51,376813,7791.701,2171.567,-911.185,-67.427,-238.900,-26.422,21.047,-0.604,0
2026-01-29 12:26:51,376853,7871.949,2115.555,-659.104,4.191,-3.408,-210.095,21.080,0.111,0
2026-01-29 12:26:52,376893,8045.669,4314.184,-451.083,-90.954,-116.975,171.399,21.218,-0.571,0
2026-01-29 12:26:52,376933,8153.645,-708.444,-556.376,-116.152,-18.577,45.561,21.066,1.284,0
2026-01-29 12:26:52,376973,7815.107,274.706,-689.230,48.620,-138.783,-227.777,20.968,-0.981,1
2026-01-29 12:26:52,377013,7783.519,6290.215,-896.076,87.208,150.708,-258.833,21.216,0.196,0
2026-01-29 12:26:52,377053,8085.471,-1965.692,-739.659,-55.787,-94.533,115.465,20.985,0.949,0
2026-01-29 12:26:52,377093,7758.428,7470.529,-934.507,-185.074,104.296,202.162,21.294,-1.487,0
2026-01-29 12:26:52,377133,8148.056,2696.571,-553.204,46.335,-79.159,-135.671,21.347,0.629,1
2026-01-29 12:26:52,377173,8288.521,-3151.415,-555.166,157.106,-132.519,-81.584,21.068,0.175,0
2026-01-29 12:26:52,377213,7673.195,3970.720,-480.852,-53.505,-29.889,12.345,21.179,0.800,0
2026-01-29 12:26:52,377253,7866.676,-901.347,-272.618,223.883,39.811,40.571,21.022,-0.028,0
2026-01-29 12:26:52,377293,7863.198,564.992,-587.631,-192.494,-164.883,-30.173,20.959,-0.373,0
2026-01-29 12:26:52,377333,8160.846,7514.554,-708.100,40.207,169.689,167.140,21.280,-0.260,0
2026-01-29 12:26:52,377373,8003.212,-2423.441,-416.959,56.024,-81.858,19.790,21.028,-1.500,1
2026-01-29 12:26:52,377413,8313.333,1469.989,-423.255,-225.682,90.289,112.357,20.994,0.655,1
2026-01-29 12:26:52,377453,7990.322,4866.733,-973.975,15.889,-16.999,142.132,21.164,-1.307,0
2026-01-29 12:26:52,377493,7968.674,3541.361,-566.920,-13.052,320.242,-0.207,21.259,-0.640,0
2026-01-29 12:26:52,377533,8252.652,-1643.501,-424.191,87.063,214.854,-150.114,21.050,-0.052,0
2026-01-29 12:26:52,377573,7925.684,5888.919,-484.632,235.251,-141.325,-243.267,21.302,-0.149,0
2026-01-29 12:26:52,377613,8146.472,-3900.783,-681.587,174.452,-22.446,-46.919,20.959,0.265,1
2026-01-29 12:26:52,377653,7557.037,7815.459,-468.035,-88.075,126.480,-154.707,21.301,-0.394,0
2026-01-29 12:26:52,377693,7929.440,2870.481,-545.490,-195.610,-33.889,-25.600,21.345,1.292,0
2026-01-29 12:26:52,377733,7437.805,-4685.482,-528.850,-46.502,9.489,241.521,20.968,0.760,0
2026-01-29 12:26:52,377773,8110.147,2278.795,-830.496,-147.618,32.607,-40.427,20.996,0.235,0
2026-01-29 12:26:52,377813,7805.412,4703.531,-537.338,-68.047,25.458,-118.922,21.167,1.277,0
2026-01-29 12:26:52,377853,7950.735,579.849,-428.415,-10.514,21.681,2.517,21.084,-0.803,0
2026-01-29 12:26:53,377893,7897.831,5713.720,-724.362,83.676,110.885,-80.838,21.295,-1.045,0
2026-01-29 12:26:53,377933,7896.903,2516.198,-507.531,-253.265,-350.406,-48.940,21.324,-0.801,1
2026-01-29 12:26:53,377973,7956.972,-3157.162,-519.458,-392.581,260.145,-21.573,21.034,1.394,0
2026-01-29 12:26:53,378013,8001.125,1753.597,-761.596,-290.118,-54.098,36.843,21.026,-0.493,0
2026-01-29 12:26:53,378053,7985.954,3144.793,-565.390,-212.363,-90.596,99.814,21.112,1.496,0
2026-01-29 12:26:53,378093,7904.299,820.116,-402.620,-21.411,8.422,43.796,21.049,-0.293,0
2026-01-29 12:26:53,378133,8021.229,388.814,-359.513,-73.432,-41.335,-155.932,20.961,-0.743,0
2026-01-29 12:26:53,378173,8169.885,7809.590,-669.003,-5.063,-112.442,-192.300,21.312,0.279,0
2026-01-29 12:26:53,378213,7772.291,-902.112,-619.377,70.244,-89.751,126.082,21.157,-0.044,0
2026-01-29 12:26:53,378253,7665.012,1708.718,-599.154,230.060,-248.219,55.647,21.163,-0.971,0
2026-01-29 12:26:53,378293,7884.658,3549.211,-670.818,292.000,-132.949,352.273,21.264,0.202,0
2026-01-29 12:26:53,378333,8064.593,-34.021,-604.727,-29.689,58.267,37.387,21.173,0.093,0
2026-01-29 12:26:53,378373,7977.910,2525.630,-889.522,315.764,132.939,91.060,21.209,-0.975,0
2026-01-29 12:26:53,378413,8102.624,-2236.597,-757.202,-99.796,-226.812,79.489,20.971,0.337,1
2026-01-29 12:26:53,378453,8087.974,3959.437,-754.332,-11.950,61.413,189.191,21.083,-0.111,0
2026-01-29 12:26:53,378493,8209.152,5135.767,-527.620,30.596,213.586,-80.378,21.272,0.827,0
2026-01-29 12:26:53,378533,7787.822,3127.933,-368.851,155.564,97.917,116.966,21.321,-0.711,0
2026-01-29 12:26:53,378573,7947.849,1518.496,-766.123,112.610,59.514,-40.719,21.294,-0.373,0
2026-01-29 12:26:53,378613,8030.573,2125.622,-653.274,-70.861,166.578,139.019,21.296,1.445,0
2026-01-29 12:26:53,378653,8032.930,1274.598,-495.181,199.734,-24.363,188.899,21.260,0.268,0
2026-01-29 12:26:53,378693,7939.828,-2919.293,-715.848,-171.828,-140.301,-189.123,20.997,-0.496,0
2026-01-29 12:26:53,378733,8014.740,2235.480,-573.081,-120.094,84.317,192.157,21.031,1.012,0
2026-01-29 12:26:53,378773,7979.581,3147.697,-667.607,-13.064,3.260,177.229,21.110,-0.510,0
2026-01-29 12:26:53,378813,7921.382,-761.693,-592.413,-114.832,-20.233,-192.977,20.958,-1.412,0
2026-01-29 12:26:53,378853,8034.732,4547.465,-581.915,-105.852,-28.190,-132.885,21.101,-0.606,0
2026-01-29 12:26:54,378893,8102.357,4804.628,-759.544,-48.624,103.435,-92.148,21.272,-1.402,1
2026-01-29 12:26:54,378933,8011.621,-1942.905,-578.026,-6.718,86.871,-56.925,21.056,-1.496,0
2026-01-29 12:26:54,378973,8108.888,726.548,-556.713,334.650,93.286,22.321,20.981,0.661,0
2026-01-29 12:26:54,379013,8168.495,7795.147,-612.577,3.189,86.696,30.044,21.327,0.983,0
2026-01-29 12:26:54,379053,7873.435,-657.888,-517.735,-160.874,-22.785,-54.414,21.162,-0.646,0
2026-01-29 12:26:54,379093,8017.860,-1024.062,-606.361,109.472,-129.574,146.487,20.989,1.278,0
2026-01-29 12:26:54,379133,8005.784,1867.451,-730.952,24.129,183.760,36.874,20.972,-1.450,0
2026-01-29 12:26:54,379173,8114.467,3115.336,-436.206,-90.740,49.668,98.462,21.039,1.349,0
2026-01-29 12:26:54,379213,8092.916,6518.400,-446.161,118.121,-152.568,301.237,21.307,0.849,0
2026-01-29 12:26:54,379253,8033.489,1069.565,-532.420,138.675,-177.243,-64.271,21.244,0.301,0
2026-01-29 12:26:54,379293,7734.722,301.911,-560.266,-161.858,162.269,-298.652,21.155,-0.703,0
2026-01-29 12:26:54,379333,8177.371,-820.715,-585.659,-10.622,-27.049,234.879,20.997,0.832,0
2026-01-29 12:26:54,379373,8068.253,4138.273,-408.220,251.456,3.039,-13.913,21.124,1.049,0
2026-01-29 12:26:54,379413,8059.819,2524.486,-708.336,-100.806,92.844,-18.313,21.148,-0.989,1
2026-01-29 12:26:54,379453,8065.692,-1326.522,-721.801,-74.790,-67.625,-38.502,20.966,-0.539,1
2026-01-29 12:26:54,379493,8196.603,1683.715,-598.468,-87.675,-57.483,-1.485,20.959,0.072,0
2026-01-29 12:26:54,379533,7962.284,7350.585,-916.979,114.491,-210.516,43.250,21.278,0.085,0
2026-01-29 12:26:54,379573,7768.903,-1077.684,-684.193,247.721,16.009,-93.597,21.108,-1.244,0
2026-01-29 12:26:54,379613,8022.781,4732.195,-918.533,117.649,-148.378,-203.268,21.267,-0.296,0
2026-01-29 12:26:54,379653,8027.778,-2674.480,-398.435,6.930,10.266,-12.315,21.024,1.051,0
2026-01-29 12:26:54,379693,7771.794,1281.899,-555.576,-10.026,-34.110,-144.215,20.986,-0.199,0
2026-01-29 12:26:54,379733,8250.288,5072.275,-661.414,2.429,-32.617,-61.864,21.181,0.871,1
2026-01-29 12:26:54,379773,8260.085,1788.101,-729.391,-116.043,-10.025,-20.560,21.189,-0.288,1
2026-01-29 12:26:54,379813,7826.286,4653.144,-879.648,-13.601,109.614,-182.544,21.353,-1.018,0
2026-01-29 12:26:54,379853,7991.677,582.552,-424.322,36.092,-243.976,68.231,21.274,0.474,0
2026-01-29 12:26:55,379893,8203.954,-448.367,-657.075,-69.629,172.691,108.926,21.137,1.409,0
2026-01-29 12:26:55,379933,7647.797,-391.069,-820.631,-66.848,-23.954,-570.883,21.001,-1.393,0
2026-01-29 12:26:55,379973,7771.482,1450.911,-596.317,116.997,5.053,180.111,20.970,-0.668,0
2026-01-29 12:26:55,380013,8258.557,8336.873,-571.389,-63.899,-103.368,-40.180,21.349,-0.796,0
2026-01-29 12:26:55,380053,8035.151,-3314.507,-802.995,-69.594,-113.382,-251.081,21.068,-1.344,1
2026-01-29 12:26:55,380093,7939.653,5235.633,-791.931,38.787,-0.200,49.677,21.268,-0.288,0
2026-01-29 12:26:55,380133,7769.893,1419.883,-593.476,127.301,-94.388,27.345,21.239,-0.794,0
2026-01-29 12:26:55,380173,7950.062,-1023.095,-739.444,32.359,-68.436,82.406,21.071,-1.263,0
2026-01-29 12:26:55,380213,8040.127,4589.931,-668.036,237.303,40.000,-150.385,21.218,-0.818,0
2026-01-29 12:26:55,380253,8060.635,-1260.825,-638.157,58.615,147.711,39.089,21.037,0.721,0
2026-01-29 12:26:55,380293,8416.820,1461.089,-531.458,20.010,259.249,-167.813,21.003,-0.547,0
2026-01-29 12:26:55,380333,7995.311,3503.440,-692.232,-87.505,-0.189,-178.488,21.098,-1.499,0
2026-01-29 12:26:55,380373,7970.990,46.913,-599.048,141.926,-44.279,38.976,20.997,-0.705,0
2026-01-29 12:26:55,380413,7869.874,2917.673,-957.280,-90.646,188.401,-44.755,21.059,-0.759,0
2026-01-29 12:26:55,380453,8243.101,6803.731,-481.928,98.233,-446.398,146.704,21.348,0.503,0
2026-01-29 12:26:55,380493,8115.826,-3838.052,-443.059,-135.566,-163.982,-17.892,21.027,0.923,1
2026-01-29 12:26:55,380533,7833.134,5915.626,-1153.701,234.431,268.737,-331.933,21.261,-0.954,0
2026-01-29 12:26:55,380573,8052.679,2085.514,-940.778,-51.840,-36.376,163.558,21.280,-1.332,0
2026-01-29 12:26:55,380613,8009.432,2695.110,-682.145,-122.367,-8.417,-38.674,21.330,0.300,1
2026-01-29 12:26:55,380653,7962.975,-1597.690,-479.022,131.323,-112.880,284.129,21.129,0.690,0
2026-01-29 12:26:55,380693,7970.844,1888.431,-757.644,11.934,153.371,20.109,21.117,1.193,0
2026-01-29 12:26:55,380733,8403.949,5741.243,-813.607,-173.719,129.070,-99.762,21.333,-0.396,0
2026-01-29 12:26:55,380773,8215.439,-3013.194,-548.959,29.325,-225.907,84.837,21.033,-0.948,0
2026-01-29 12:26:55,380813,7675.911,2837.112,-318.820,101.320,-96.192,124.488,21.070,1.078,0
2026-01-29 12:26:55,380853,7745.733,5108.420,-652.620,54.567,204.929,-3.036,21.246,-1.263,0
2026-01-29 12:26:56,380893,7866.521,-2392.003,-991.435,-228.574,-60.075,-70.827,21.003,-0.001,0
2026-01-29 12:26:56,380933,8120.494,2888.163,-615.733,-44.835,-32.832,-158.530,21.062,-1.310,0
2026-01-29 12:26:56,380973,8164.743,639.206,-606.208,-197.723,-101.722,7.607,20.999,0.612,1
2026-01-29 12:26:56,381013,8093.255,5227.030,-618.924,-160.371,-28.355,156.805,21.189,-0.205,0
2026-01-29 12:26:56,381053,8263.050,354.082,-433.574,-186.568,178.711,121.981,21.112,0.358,0
2026-01-29 12:26:56,381093,8207.179,2210.291,-500.058,-24.859,46.745,40.205,21.138,1.103,0
2026-01-29 12:26:56,381133,8113.566,3154.632,-309.901,271.855,36.394,82.043,21.211,-0.632,0
2026-01-29 12:26:56,381173,7823.027,-1.596,-789.553,-259.013,-195.613,-48.102,21.101,-0.416,1
2026-01-29 12:26:56,381213,7989.362,5388.661,-528.849,-110.000,110.290,207.340,21.282,1.021,0
2026-01-29 12:26:56,381253,8138.347,204.961,-721.298,-168.697,53.092,-94.595,21.197,-1.128,0
2026-01-29 12:26:56,381293,7886.390,-1519.538,-700.401,-18.252,-52.828,63.644,21.008,1.017,0
2026-01-29 12:26:56,381333,7796.942,2048.414,-341.599,296.406,-58.744,36.443,21.036,1.011,0
2026-01-29 12:26:56,381373,8189.838,1283.003,-918.808,-213.181,36.719,-136.753,21.005,-0.297,0
2026-01-29 12:26:56,381413,7727.450,1366.900,-685.958,42.005,225.108,23.846,20.974,-0.902,0
2026-01-29 12:26:56,381453,8102.831,5413.190,-604.402,52.252,102.548,-68.309,21.175,-0.669,0
2026-01-29 12:26:56,381493,7734.385,3249.896,-470.578,203.618,150.343,-24.962,21.249,0.113,0
2026-01-29 12:26:56,381533,7933.610,-966.930,-360.478,14.417,86.884,23.284,21.092,1.116,0
2026-01-29 12:26:56,381573,8010.887,2444.868,-531.580,-60.698,177.345,-234.881,21.112,-1.215,0
2026-01-29 12:26:56,381613,7893.035,6174.374,-870.003,74.500,-166.161,-94.765,21.354,-1.216,0
2026-01-29 12:26:56,381653,8080.991,-3538.895,-455.977,-224.382,221.373,-105.278,21.036,1.098,0
2026-01-29 12:26:56,381693,7901.118,3525.348,-913.753,25.504,2.735,-133.780,21.110,-1.017,1
2026-01-29 12:26:56,381733,7955.087,5235.579,-463.568,129.946,-170.622,64.624,21.290,0.040,1
2026-01-29 12:26:56,381773,7867.352,-3759.524,-749.278,137.563,-303.960,20.917,20.969,-0.988,0
2026-01-29 12:26:56,381813,8154.467,6539.815,-491.904,20.179,-58.221,-39.552,21.240,0.189,0
2026-01-29 12:26:56,381853,7912.176,-1994.171,-529.877,5.635,-64.162,-98.503,21.026,1.156,0
2026-01-29 12:26:57,381893,8056.270,7362.519,-296.238,-27.824,-67.098,117.661,21.354,0.343,0
2026-01-29 12:26:57,381933,8129.397,-4798.613,-538.165,103.855,116.744,-277.142,20.978,-0.180,0
2026-01-29 12:26:57,381973,8123.480,4999.242,-910.182,-97.790,-201.109,-105.056,21.163,0.057,1
2026-01-29 12:26:57,382013,7906.159,3617.290,-498.481,18.497,233.170,24.230,21.258,0.181,0
2026-01-29 12:26:57,382053,7972.968,-1322.416,-659.493,-221.466,-19.745,4.124,21.088,0.997,0
2026-01-29 12:26:57,382093,7695.780,2159.594,-615.866,223.528,279.987,-98.266,21.092,-0.458,0
2026-01-29 12:26:57,382133,8115.694,4526.841,-636.321,-67.508,-271.951,298.614,21.257,0.303,0
2026-01-29 12:26:57,382173,7818.055,-2876.222,-408.645,-37.245,-50.470,27.904,20.988,0.272,0
2026-01-29 12:26:57,382213,8262.139,2285.576,-411.808,115.189,480.985,42.955,21.008,-0.897,1
2026-01-29 12:26:57,382253,8037.715,6005.169,-869.569,-179.178,-5.350,-34.236,21.249,-1.449,0
2026-01-29 12:26:57,382293,8201.999,-2928.846,-697.760,-254.864,66.660,88.624,20.979,-0.047,0
2026-01-29 12:26:57,382333,7908.796,4630.847,-532.521,11.148,235.688,22.169,21.128,-0.736,0
2026-01-29 12:26:57,382373,7851.007,214.139,-681.603,102.319,-94.130,196.999,21.021,-1.030,0
2026-01-29 12:26:57,382413,8164.536,1607.727,-558.125,147.849,189.723,228.190,21.007,0.390,0
2026-01-29 12:26:57,382453,7944.363,1908.556,-446.016,-192.114,119.672,43.587,21.015,-0.018,0
2026-01-29 12:26:57,382493,7951.643,4200.263,-594.477,24.040,9.420,31.464,21.158,-0.419,1
2026-01-29 12:26:57,382533,7858.116,1154.740,-818.623,14.000,138.648,148.263,21.121,0.412,0
2026-01-29 12:26:57,382573,7724.806,2729.180,-676.904,87.452,161.365,37.756,21.159,-1.411,1
2026-01-29 12:26:57,382613,7948.569,5373.588,-927.348,13.154,-124.774,12.457,21.345,-0.538,0
2026-01-29 12:26:57,382653,8108.128,491.584,-656.935,68.167,250.177,1.838,21.256,0.179,0
2026-01-29 12:26:57,382693,7739.899,1588.156,-902.639,-136.785,-0.097,11.844,21.236,-0.633,1
2026-01-29 12:26:57,382733,7877.447,2366.519,-579.108,101.800,87.853,-103.718,21.259,-0.659,1
2026-01-29 12:26:57,382773,8186.966,-321.693,-779.428,-186.684,-37.163,-188.971,21.133,-0.880,0
2026-01-29 12:26:57,382813,7835.191,823.549,-632.230,15.803,-160.427,111.208,21.071,-0.365,0
2026-01-29 12:26:57,382853,8033.831,6748.335,-570.645,-426.453,-68.665,-91.304,21.350,0.199,0
2026-01-29 12:26:58,382893,7954.807,-3181.332,-619.849,152.001,170.882,-34.678,21.067,1.315,0
2026-01-29 12:26:58,382933,8065.695,2019.442,-616.886,-142.609,136.144,-25.013,21.073,0.759,0
2026-01-29 12:26:58,382973,8090.131,5790.520,-539.892,-94.652,125.163,-361.843,21.308,-0.799,0
2026-01-29 12:26:58,383013,7921.499,2458.404,-577.675,80.104,-307.485,-143.518,21.344,1.314,1
2026-01-29 12:26:58,383053,8064.458,-3112.486,-656.577,-51.385,-197.544,52.180,21.061,0.555,0
2026-01-29 12:26:58,383093,8139.112,3938.310,-465.751,-18.230,49.351,-185.192,21.177,0.763,0
2026-01-29 12:26:58,383133,8465.747,1736.140,-760.912,-23.198,244.000,-175.705,21.154,0.582,0
2026-01-29 12:26:58,383173,8045.316,2586.708,-356.754,-164.278,-343.988,-127.049,21.195,-0.619,0
2026-01-29 12:26:58,383213,7902.189,589.053,-803.843,145.264,-107.536,218.264,21.109,-0.088,0
2026-01-29 12:26:58,383253,7882.135,3450.449,-436.232,-143.619,-132.270,-145.063,21.186,1.213,0
2026-01-29 12:26:58,383293,7897.463,880.290,-789.134,129.370,101.805,-26.399,21.146,-0.367,0
2026-01-29 12:26:58,383333,8085.646,3851.711,-624.685,60.635,163.376,-317.896,21.260,-0.454,0
2026-01-29 12:26:58,383373,7888.315,-1151.121,-473.204,207.358,203.242,-7.970,21.081,1.085,0
2026-01-29 12:26:58,383413,7761.443,2803.211,-610.985,-71.467,-150.151,46.442,21.123,0.157,0
2026-01-29 12:26:58,383453,7933.409,1331.055,-476.677,196.301,-128.702,31.958,21.110,0.978,0
2026-01-29 12:26:58,383493,7893.673,177.272,-275.653,-144.483,-73.757,139.754,21.007,-0.544,0
2026-01-29 12:26:58,383533,8161.337,6786.745,-611.090,36.437,67.509,-379.552,21.289,-0.848,1
2026-01-29 12:26:58,383573,8005.365,2979.075,-758.939,-44.013,8.298,-31.190,21.348,-1.420,0
2026-01-29 12:26:58,383613,7795.739,-797.726,-566.144,57.026,86.990,52.994,21.195,0.411,1
2026-01-29 12:26:58,383653,7888.407,4392.837,-519.675,-128.890,335.850,-117.764,21.338,-0.516,1
2026-01-29 12:26:58,383693,7777.809,-2070.806,-585.391,62.144,46.247,-80.915,21.103,-0.881,0
2026-01-29 12:26:58,383733,8016.020,1787.708,-454.439,-80.128,97.625,195.977,21.098,-0.926,1
2026-01-29 12:26:58,383773,8017.404,4297.777,-552.716,-135.084,12.855,-83.535,21.233,-0.564,0
2026-01-29 12:26:58,383813,8266.475,-881.517,-840.957,-105.781,13.600,-130.061,21.067,-1.149,0
2026-01-29 12:26:58,383853,7894.057,-204.087,-611.506,14.463,121.876,-159.472,20.960,0.911,0
2026-01-29 12:26:59,383893,7944.880,2216.748,-593.452,96.315,101.232,109.178,20.981,0.711,1
2026-01-29 12:26:59,383933,7865.347,3984.546,-490.650,111.352,90.858,-58.733,21.115,-1.266,0
2026-01-29 12:26:59,383973,8025.220,5342.992,-250.213,-222.961,-51.106,143.549,21.305,0.708,0
2026-01-29 12:26:59,384013,8157.663,-4034.565,-1178.984,35.730,132.106,-15.890,20.979,-0.276,0
2026-01-29 12:26:59,384053,7996.375,2028.089,-741.204,71.235,-66.337,31.621,20.988,-0.737,0
2026-01-29 12:26:59,384093,7733.015,1864.558,-635.140,67.615,94.952,217.674,20.998,0.546,0
2026-01-29 12:26:59,384133,7970.127,2645.981,-704.891,127.318,0.067,218.357,21.043,1.469,0
2026-01-29 12:26:59,384173,8147.974,2182.263,-890.015,-49.639,155.148,-140.825,21.056,-1.034,0
2026-01-29 12:26:59,384213,8248.862,5089.522,-765.978,311.113,-47.538,45.796,21.241,-1.192,0
2026-01-29 12:26:59,384253,8011.453,876.674,-607.597,47.796,195.215,-155.645,21.182,0.167,0
2026-01-29 12:26:59,384293,8233.065,888.737,-941.952,6.099,-76.630,-21.072,21.112,-1.371,0
2026-01-29 12:26:59,384333,7994.705,1388.690,-448.795,-16.378,44.081,-292.102,21.078,1.134,0
2026-01-29 12:26:59,384373,7834.913,4440.377,-142.188,128.278,26.593,-66.524,21.233,1.285,1
2026-01-29 12:26:59,384413,7725.904,-2941.930,-694.776,60.790,29.468,-133.809,20.969,-0.765,0
2026-01-29 12:26:59,384453,7807.313,5466.095,-680.279,-130.524,-70.610,-69.338,21.172,-1.263,0
2026-01-29 12:26:59,384493,7952.097,509.990,-818.789,-186.845,-38.161,-72.182,21.081,-1.165,0
2026-01-29 12:26:59,384533,7901.276,-151.233,-536.110,180.092,-38.043,90.953,20.965,1.206,0
2026-01-29 12:26:59,384573,7996.650,3621.724,-1008.250,27.910,-82.374,-223.103,21.071,-0.546,0
2026-01-29 12:26:59,384613,7963.032,3170.479,-636.617,166.005,136.115,-7.529,21.144,0.131,0
2026-01-29 12:26:59,384653,7942.441,347.957,-811.694,-70.405,17.635,-108.063,21.033,-1.260,1
2026-01-29 12:26:59,384693,8101.209,7335.946,-894.802,-181.490,281.052,-230.672,21.345,-1.342,0
2026-01-29 12:26:59,384733,7969.113,549.963,-797.908,-71.963,203.969,73.622,21.278,1.167,0
2026-01-29 12:26:59,384773,7845.445,-2556.769,-403.341,182.268,-164.818,165.939,21.034,0.451,0
2026-01-29 12:26:59,384813,8021.968,2016.006,-833.629,1.714,-7.930,-47.156,21.049,-0.235,1
2026-01-29 12:26:59,384853,7993.148,5618.574,-758.014,-59.164,9.473,-51.866,21.263,-0.792,0
2026-01-29 12:27:00,384893,8096.879,-349.200,-582.661,115.428,219.480,-163.559,21.133,-0.790,0
2026-01-29 12:27:00,384933,8231.488,8.215,-921.092,-55.848,138.502,174.845,21.018,-1.036,0
2026-01-29 12:27:00,384973,7917.765,7310.345,-774.515,-57.031,97.242,-91.475,21.325,-0.985,0
2026-01-29 12:27:00,385013,7924.209,-739.674,-584.183,-9.959,-34.539,105.204,21.172,1.003,0
2026-01-29 12:27:00,385053,8031.274,4170.683,-668.434,-84.335,-36.300,87.485,21.297,0.968,0
2026-01-29 12:27:00,385093,7948.387,-1328.699,-669.140,75.483,-385.841,-27.942,21.121,1.356,0
2026-01-29 12:27:00,385133,7963.862,5298.835,-786.203,-134.727,-16.923,-239.674,21.315,-0.733,0
2026-01-29 12:27:00,385173,7959.546,-1547.612,-571.372,-89.699,-228.340,119.586,21.101,1.226,1
2026-01-29 12:27:00,385213,8167.474,2960.228,-419.400,-159.735,-138.739,-41.512,21.148,0.880,0
2026-01-29 12:27:00,385253,7911.355,4462.829,-534.206,-300.731,97.486,-1.607,21.292,0.518,0
2026-01-29 12:27:00,385293,8000.306,-2006.967,-783.932,191.219,125.312,87.490,21.064,0.196,0
2026-01-29 12:27:00,385333,8099.521,5704.465,-572.043,-43.181,-113.799,-37.165,21.275,0.853,1
2026-01-29 12:27:00,385373,7754.802,-2042.928,-622.691,25.319,-45.356,-110.576,21.056,1.223,1
2026-01-29 12:27:00,385413,8071.235,5209.775,-735.214,-83.444,-154.577,156.241,21.246,1.279,1
2026-01-29 12:27:00,385453,7726.699,3019.762,-520.750,-139.386,166.298,216.550,21.311,-0.743,0
2026-01-29 12:27:00,385493,8140.688,530.215,-487.879,-0.245,50.558,-238.338,21.235,-0.104,0
2026-01-29 12:27:00,385533,7879.646,-1583.591,-474.496,-58.077,-127.673,-12.957,21.041,1.202,1
2026-01-29 12:27:00,385573,8258.288,6836.898,-878.240,5.144,42.330,159.423,21.330,-0.970,0
2026-01-29 12:27:00,385613,8047.389,-3685.129,-886.016,4.953,-107.288,405.262,21.013,-0.586,0
2026-01-29 12:27:00,385653,8062.722,1885.778,-781.641,51.938,11.977,-41.227,20.995,-1.053,0
2026-01-29 12:27:00,385693,8094.576,2388.114,-757.330,-57.061,-117.304,-25.170,21.037,0.611,0
2026-01-29 12:27:00,385733,8264.187,886.560,-191.133,49.131,62.788,-192.368,20.960,0.706,0
2026-01-29 12:27:00,385773,8165.972,4494.100,-459.927,131.046,-34.519,-39.833,21.113,1.336,0
2026-01-29 12:27:00,385813,7985.194,4469.414,-571.512,-207.577,7.477,140.590,21.247,0.794,0
2026-01-29 12:27:00,385853,7715.377,3169.773,-508.379,-188.729,94.620,-344.423,21.329,-0.118,0
2026-01-29 12:27:01,385893,8126.242,-3852.706,-357.332,-47.635,-68.665,50.515,21.003,-0.562,0
2026-01-29 12:27:01,385933,8014.149,2323.540,-572.884,208.774,146.412,-180.796,21.028,1.490,0
2026-01-29 12:27:01,385973,8025.223,5037.958,-665.356,13.706,36.183,-78.967,21.204,1.278,0
2026-01-29 12:27:01,386013,7831.688,4520.869,-430.526,154.767,-4.694,115.917,21.344,0.373,0
2026-01-29 12:27:01,386053,7655.985,949.049,-477.996,195.903,-31.152,-100.230,21.278,-0.958,1
2026-01-29 12:27:01,386093,8089.708,-674.739,-314.181,15.133,-154.707,14.027,21.130,0.991,0
2026-01-29 12:27:01,386133,7921.026,2274.792,-534.381,68.105,-59.102,102.374,21.142,0.308,0
2026-01-29 12:27:01,386173,7999.129,1035.881,-840.629,22.918,-69.930,83.474,21.091,-1.081,0
2026-01-29 12:27:01,386213,8054.308,1728.960,-497.116,257.332,48.915,-75.223,21.089,0.614,0
2026-01-29 12:27:01,386253,8192.904,3510.331,-529.941,266.637,-15.133,28.585,21.177,-0.215,0
2026-01-29 12:27:01,386293,8016.519,-126.831,-456.009,-9.922,-59.900,-117.834,21.060,-0.843,0
2026-01-29 12:27:01,386333,7913.962,4940.686,-656.351,205.339,18.900,-92.781,21.229,0.718,0
2026-01-29 12:27:01,386373,8266.993,2068.252,-797.313,191.010,-91.460,-20.619,21.242,-0.586,0
2026-01-29 12:27:01,386413,8110.827,3665.605,-507.698,-87.972,-228.142,95.488,21.347,-0.940,0
2026-01-29 12:27:01,386453,8009.483,-4247.736,-676.585,-126.799,64.338,-41.112,20.994,-0.473,0
2026-01-29 12:27:01,386493,7674.253,1976.352,-514.147,-197.810,105.454,35.434,21.010,0.426,0
2026-01-29 12:27:01,386533,7929.683,7703.614,-410.702,52.742,92.402,207.606,21.348,1.123,0
2026-01-29 12:27:01,386573,7874.566,-1147.294,-457.294,-112.181,-184.296,-177.633,21.166,0.695,1
2026-01-29 12:27:01,386613,7855.646,4728.684,-702.798,173.910,124.447,19.496,21.337,1.343,0
2026-01-29 12:27:01,386653,8182.799,1680.951,-556.827,-139.037,-103.371,-34.141,21.319,0.446,0
2026-01-29 12:27:01,386693,8015.905,-2965.254,-714.291,59.809,-49.445,-66.062,21.035,-0.469,0
2026-01-29 12:27:01,386733,7959.884,5881.508,-536.742,-15.097,203.006,27.975,21.258,-1.135,0
2026-01-29 12:27:01,386773,8011.393,-2901.803,-468.156,-40.527,-39.764,-243.257,20.985,-0.370,0
2026-01-29 12:27:01,386813,7979.516,1682.706,-465.339,-69.161,-169.925,-88.656,20.962,1.257,0
2026-01-29 12:27:01,386853,8130.446,2369.589,-474.611,176.548,55.767,-81.510,21.005,0.147,0
2026-01-29 12:27:02,386893,8064.808,1857.295,-730.786,36.448,-160.000,190.438,21.001,0.006,0
2026-01-29 12:27:02,386933,8051.405,4510.377,-641.495,81.788,36.441,42.126,21.154,-1.009,0
2026-01-29 12:27:02,386973,8014.423,5056.752,-587.810,-36.812,-3.492,26.202,21.320,1.383,0
2026-01-29 12:27:02,387013,7791.333,-833.835,-482.589,218.767,64.837,19.182,21.158,1.111,0
2026-01-29 12:27:02,387053,8139.940,-295.917,-599.071,97.734,94.096,-55.197,21.028,-0.892,0
2026-01-29 12:27:02,387093,8028.059,6942.303,-378.502,25.718,-184.129,200.716,21.308,0.286,0
2026-01-29 12:27:02,387133,7873.478,-746.504,-707.842,-257.519,358.774,-14.602,21.166,0.051,0
2026-01-29 12:27:02,387173,7793.481,420.035,-815.504,-142.057,-0.364,61.685,21.093,-0.520,0
2026-01-29 12:27:02,387213,7826.330,4129.165,-771.039,-11.843,223.771,-115.180,21.224,-1.166,0
2026-01-29 12:27:02,387253,8134.908,802.987,-509.473,74.157,64.961,65.844,21.150,1.238,0
2026-01-29 12:27:02,387293,7784.300,4837.552,-288.790,-160.952,-120.016,67.925,21.319,0.236,0
2026-01-29 12:27:02,387333,7864.042,-2579.413,-577.952,-245.948,51.636,-233.825,21.065,0.424,0
2026-01-29 12:27:02,387373,7739.350,497.689,-401.587,-126.207,-100.284,73.707,20.988,1.400,0
2026-01-29 12:27:02,387413,7902.590,7267.164,-717.073,-36.815,-227.817,-36.758,21.296,0.260,0
2026-01-29 12:27:02,387453,8290.613,2881.385,-483.726,-36.816,56.979,-177.322,21.355,-1.023,0
2026-01-29 12:27:02,387493,7921.262,-2351.089,-853.281,362.886,-49.077,-240.844,21.109,-1.329,0
2026-01-29 12:27:02,387533,8161.583,4586.348,-681.226,-96.775,-15.432,-129.944,21.271,-1.169,0
2026-01-29 12:27:02,387573,7817.415,-2670.946,-611.506,75.312,-5.155,254.346,21.008,0.940,0
2026-01-29 12:27:02,387613,8408.859,2450.660,-673.147,-35.970,109.801,100.983,21.044,1.438,0
2026-01-29 12:27:02,387653,7971.780,4240.393,-584.970,-55.223,178.526,92.693,21.171,1.148,0
2026-01-29 12:27:02,387693,7692.038,1864.020,-532.090,6.430,-52.001,248.308,21.176,-0.516,0
2026-01-29 12:27:02,387733,7642.806,2975.746,-468.398,33.218,119.563,-189.163,21.218,1.454,0
2026-01-29 12:27:02,387773,7974.130,1367.488,-641.201,138.811,149.199,111.748,21.185,-0.957,0
2026-01-29 12:27:02,387813,7862.310,-1777.305,-551.070,-13.412,31.277,-137.898,20.974,0.285,0
2026-01-29 12:27:02,387853,8249.198,2145.904,-707.080,-68.712,-36.808,302.376,20.999,-1.375,0
2026-01-29 12:27:03,387893,8043.661,6556.812,-552.597,12.742,-24.424,-24.573,21.255,0.038,0
2026-01-29 12:27:03,387933,8026.740,-1773.635,-606.293,9.113,-23.256,15.838,21.041,-0.789,1
2026-01-29 12:27:03,387973,8089.364,3282.224,-870.520,-346.383,-262.307,286.202,21.127,-0.919,1
2026-01-29 12:27:03,388013,7903.465,3349.899,-886.950,-44.695,-165.565,142.527,21.199,-0.992,0
2026-01-29 12:27:03,388053,7935.603,1418.336,-561.979,-130.315,-124.491,49.897,21.158,-0.023,0
2026-01-29 12:27:03,388093,8232.878,-311.592,-682.404,226.464,121.691,108.636,21.042,0.648,0
2026-01-29 12:27:03,388133,8080.202,6406.821,-288.321,360.051,-11.258,-157.466,21.303,0.827,0
2026-01-29 12:27:03,388173,8082.621,-3120.821,-646.014,-211.417,-139.672,26.050,21.037,0.102,0
2026-01-29 12:27:03,388213,7765.777,4865.659,-593.926,-49.470,76.432,-75.566,21.211,0.123,0
2026-01-29 12:27:03,388253,8012.825,1651.090,-551.810,-183.898,-123.548,-57.445,21.188,0.456,0
2026-01-29 12:27:03,388293,7960.460,4294.376,-582.239,134.738,173.366,-78.395,21.316,0.566,1
2026-01-29 12:27:03,388333,7917.586,1689.152,-849.581,26.889,56.311,-165.380,21.308,-0.665,0
2026-01-29 12:27:03,388373,7859.103,-116.264,-474.011,-87.880,-61.436,-12.633,21.183,0.567,0
2026-01-29 12:27:03,388413,8167.592,818.047,-530.756,179.314,-170.923,35.165,21.122,-0.856,0
2026-01-29 12:27:03,388453,7809.937,1847.448,-648.838,112.066,-247.597,-106.822,21.115,-0.420,1
2026-01-29 12:27:03,388493,8061.278,5964.150,-676.914,-235.559,49.388,-1.410,21.344,0.343,0
2026-01-29 12:27:03,388533,7988.348,-1180.983,-852.387,-77.762,-113.936,18.851,21.173,1.063,1
2026-01-29 12:27:03,388573,8214.608,517.777,-636.667,48.852,-12.429,-14.529,21.099,-0.704,0
2026-01-29 12:27:03,388613,8054.769,1407.562,-551.823,19.666,-8.792,69.565,21.082,0.546,0
2026-01-29 12:27:03,388653,7687.582,102.361,-434.673,-43.301,-43.283,-73.175,20.980,1.104,0
2026-01-29 12:27:03,388693,8083.254,6385.908,-603.277,123.850,1.737,-129.236,21.227,-1.478,0
2026-01-29 12:27:03,388733,7657.930,3068.602,-419.874,89.838,145.753,74.659,21.300,0.912,0
2026-01-29 12:27:03,388773,8070.363,-1926.425,-870.436,-1.290,58.543,-67.577,21.086,0.483,0
2026-01-29 12:27:03,388813,7715.592,3563.031,-388.783,40.045,25.589,-265.533,21.176,1.049,0
2026-01-29 12:27:03,388853,7941.469,3274.423,-537.316,-119.952,51.983,-33.555,21.261,0.268,0
2026-01-29 12:27:04,388893,7862.803,3204.894,-487.523,94.297,-79.891,-61.558,21.353,0.097,0
2026-01-29 12:27:04,388933,8002.800,1287.299,-641.647,199.071,-6.485,-132.613,21.324,-1.456,0
2026-01-29 12:27:04,388973,8208.918,-2161.190,-511.198,184.027,-172.577,91.117,21.094,1.000,1
2026-01-29 12:27:04,389013,7998.565,846.376,-401.566,280.415,-31.669,87.533,21.033,-0.214,0
2026-01-29 12:27:04,389053,8205.385,2877.733,-307.201,-142.432,-256.960,-8.882,21.078,0.988,1
2026-01-29 12:27:04,389093,7963.407,6303.098,-226.657,27.573,-178.761,32.484,21.333,1.285,0
2026-01-29 12:27:04,389133,7925.183,518.048,-200.042,96.419,-202.672,160.533,21.258,0.583,0
2026-01-29 12:27:04,389173,8155.657,-1812.981,-34.668,-172.034,347.759,-76.265,21.050,1.315,0
2026-01-29 12:27:04,389213,7992.965,2211.184,-477.558,-142.546,-8.619,-116.393,21.064,0.055,0
2026-01-29 12:27:04,389253,8012.257,2471.587,-652.725,7.258,-246.625,-146.001,21.113,0.053,0
2026-01-29 12:27:04,389293,7923.466,4667.128,-359.058,-74.766,-155.950,96.615,21.264,0.646,0
2026-01-29 12:27:04,389333,7974.996,1771.421,-371.577,90.150,-24.048,183.711,21.259,0.889,1
2026-01-29 12:27:04,389373,8021.989,2526.619,-274.718,300.941,-7.876,46.780,21.289,-0.300,0
2026-01-29 12:27:04,389413,7851.669,1897.162,-297.945,20.086,-186.165,-27.351,21.299,1.366,0
2026-01-29 12:27:04,389453,8122.290,2021.017,-675.844,-65.764,-131.342,99.841,21.315,0.772,0
2026-01-29 12:27:04,389493,7986.512,1965.318,-573.199,-263.419,197.421,-6.078,21.328,-0.094,0
2026-01-29 12:27:04,389533,8128.370,-2344.963,-907.663,7.276,127.478,-29.814,21.074,1.227,1
2026-01-29 12:27:04,389573,8213.615,5603.220,-776.146,-67.929,30.285,-225.595,21.295,-1.365,0
2026-01-29 12:27:04,389613,7892.152,546.558,-423.089,79.172,16.989,153.713,21.217,1.069,1
2026-01-29 12:27:04,389653,7872.628,-191.005,-585.007,-117.644,-64.467,129.385,21.098,0.013,0
2026-01-29 12:27:04,389693,7896.993,1380.096,-551.417,-44.289,115.249,-142.088,21.073,-0.990,0
2026-01-29 12:27:04,389733,7802.032,3123.990,-596.079,63.086,-76.592,108.635,21.123,0.092,0
2026-01-29 12:27:04,389773,7926.673,4640.145,-371.823,-134.493,-11.278,75.889,21.275,-1.238,1
2026-01-29 12:27:04,389813,7900.523,-2462.628,-644.075,189.371,138.434,15.418,21.034,0.374,0
2026-01-29 12:27:04,389853,8027.306,2056.722,-615.617,84.404,14.751,90.345,21.047,1.286,1
2026-01-29 12:27:05,389893,8157.795,3687.361,-637.478,-149.287,-113.815,114.632,21.153,-0.985,0
2026-01-29 12:27:05,389933,7908.982,3106.629,-687.795,3.234,172.039,-130.149,21.231,0.095,0
2026-01-29 12:27:05,389973,8154.693,-331.269,-630.178,-205.024,-142.793,90.491,21.104,1.093,0
2026-01-29 12:27:05,390013,8038.913,379.000,-818.719,269.676,35.123,-272.102,21.025,-0.950,1
2026-01-29 12:27:05,390053,8011.835,4786.474,-531.417,-54.652,-27.819,-192.563,21.192,-0.274,0
2026-01-29 12:27:05,390093,7851.178,-1991.750,-763.465,-152.634,-24.339,175.444,20.958,-0.964,1
2026-01-29 12:27:05,390133,7912.544,3259.200,-646.920,48.700,-59.335,204.195,21.040,-0.990,0
2026-01-29 12:27:05,390173,8005.101,1002.230,-480.803,162.067,64.133,176.352,20.974,1.186,0
2026-01-29 12:27:05,390213,7983.658,5065.221,-181.796,148.443,-96.356,72.293,21.152,1.473,0
2026-01-29 12:27:05,390253,7818.543,2626.204,-516.083,204.618,94.146,47.859,21.201,-0.273,0
2026-01-29 12:27:05,390293,7926.365,3955.972,-601.970,6.337,-193.268,55.208,21.324,0.827,0
2026-01-29 12:27:05,390333,8235.220,-2803.124,-541.812,-27.225,-275.077,49.681,21.055,0.772,0
2026-01-29 12:27:05,390373,8254.385,6778.329,-594.488,276.589,-186.974,-311.471,21.343,-1.449,0
2026-01-29 12:27:05,390413,7917.979,-744.853,-425.730,157.652,91.087,80.039,21.191,0.855,1
2026-01-29 12:27:05,390453,7965.009,-1066.194,-878.555,170.807,-151.061,-52.511,21.013,-1.448,0
2026-01-29 12:27:05,390493,8104.706,7011.824,-642.812,-39.381,124.021,279.040,21.295,0.711,0
2026-01-29 12:27:05,390533,8060.810,-2633.690,-698.242,20.814,12.612,296.626,21.021,1.166,0
2026-01-29 12:27:05,390573,7925.098,4026.913,-449.725,81.733,-45.056,-2.846,21.137,-0.045,1
2026-01-29 12:27:05,390613,7869.641,1296.928,-484.056,81.210,-42.293,73.337,21.094,0.761,1
2026-01-29 12:27:05,390653,8136.403,4699.104,-750.446,242.591,184.152,-183.084,21.254,0.360,0
2026-01-29 12:27:05,390693,8029.260,1405.563,-265.849,-172.466,-392.760,-180.102,21.242,0.704,0
2026-01-29 12:27:05,390733,8051.953,-2365.743,-576.645,27.972,-104.800,-27.599,20.994,-0.192,0
2026-01-29 12:27:05,390773,7978.324,1482.023,-598.926,-89.314,-4.041,91.906,20.964,-1.425,0
2026-01-29 12:27:05,390813,8044.975,2574.390,-692.393,-188.022,-137.379,181.164,21.015,-0.089,0
2026-01-29 12:27:05,390853,7880.515,6318.937,-678.556,141.014,-75.242,-98.234,21.269,0.652,0
2026-01-29 12:27:06,390893,7800.854,1698.369,-863.102,109.586,177.776,-161.667,21.256,-0.400,0
2026-01-29 12:27:06,390933,8132.541,-2662.325,-484.963,238.174,-173.709,-78.843,20.971,0.550,0
2026-01-29 12:27:06,390973,8123.667,8172.524,-338.073,163.528,-209.640,192.798,21.326,1.258,0
2026-01-29 12:27:06,391013,7904.415,-4088.201,-831.016,208.002,59.856,35.127,20.984,-0.152,0
2026-01-29 12:27:06,391053,8210.225,6597.688,-540.110,-119.321,62.514,172.478,21.249,0.414,0
2026-01-29 12:27:06,391093,8115.239,2170.402,-771.257,-64.829,-217.565,296.352,21.255,-0.863,0
2026-01-29 12:27:06,391133,8189.858,-96.819,-870.400,9.542,20.146,-40.753,21.136,-0.960,1
2026-01-29 12:27:06,391173,7859.091,-418.638,-587.098,112.756,-2.251,-80.448,21.001,-0.909,0
2026-01-29 12:27:06,391213,8037.305,3849.418,-702.793,-327.326,-231.470,-49.178,21.121,0.190,0
2026-01-29 12:27:06,391253,8143.561,1094.256,-591.424,7.082,-160.174,-6.977,21.088,1.054,0
2026-01-29 12:27:06,391293,7812.153,5081.219,-481.684,-24.616,8.251,-18.949,21.263,1.274,0
2026-01-29 12:27:06,391333,8031.409,-1473.066,-556.724,49.128,-128.156,-145.319,21.057,-1.486,0
2026-01-29 12:27:06,391373,7998.598,476.486,-508.463,-232.122,64.409,255.600,20.980,-0.575,0
2026-01-29 12:27:06,391413,8140.935,7770.576,-404.521,-117.628,-148.106,175.315,21.319,-0.157,0
2026-01-29 12:27:06,391453,8278.772,160.274,-528.065,-129.250,260.734,-73.863,21.231,1.267,1
2026-01-29 12:27:06,391493,7938.175,-861.601,-737.798,149.476,-63.609,116.541,21.056,-0.219,0
2026-01-29 12:27:06,391533,8225.912,5309.323,-413.730,46.397,59.852,158.473,21.254,1.213,0
2026-01-29 12:27:06,391573,8018.586,3419.373,-317.185,-90.874,185.743,99.998,21.344,0.368,0
2026-01-29 12:27:06,391613,8079.414,1882.910,-784.097,-106.110,-88.812,57.164,21.352,-1.400,0
2026-01-29 12:27:06,391653,8064.091,-1125.946,-578.969,90.745,-79.513,382.155,21.185,1.312,0
2026-01-29 12:27:06,391693,7937.814,3768.635,-471.492,-82.584,-144.741,23.176,21.293,1.298,0
2026-01-29 12:27:06,391733,8166.193,-1083.677,-584.029,252.559,81.718,190.686,21.119,1.115,1
2026-01-29 12:27:06,391773,8023.493,1627.737,-256.300,-33.493,-24.401,-6.868,21.094,0.850,1
2026-01-29 12:27:06,391813,7867.513,6337.865,-689.104,-91.274,112.387,142.803,21.343,0.900,0
2026-01-29 12:27:06,391853,7570.014,-224.992,-445.179,122.817,287.060,126.092,21.217,1.289,0
2026-01-29 12:27:07,391893,7849.188,-1588.618,-799.002,-4.835,41.932,348.785,21.021,-1.277,0
2026-01-29 12:27:07,391933,7928.326,1040.793,-467.707,121.190,-81.632,-16.192,20.986,0.150,1
2026-01-29 12:27:07,391973,7911.765,2273.640,-755.972,-8.726,160.770,-35.915,21.002,0.013,0
2026-01-29 12:27:07,392013,7992.035,6425.999,-535.158,-57.884,-159.158,-108.576,21.250,-0.015,0
2026-01-29 12:27:07,392053,8043.420,-2931.840,-866.515,-24.436,-37.320,-46.834,20.960,-1.269,0
2026-01-29 12:27:07,392093,8244.664,3171.030,-574.129,-35.256,12.886,169.297,21.026,0.805,0
2026-01-29 12:27:07,392133,7925.635,3088.212,-185.329,120.765,-120.052,-169.987,21.080,0.205,0
2026-01-29 12:27:07,392173,7872.695,408.459,-607.325,104.338,14.693,227.975,20.995,1.144,0
2026-01-29 12:27:07,392213,7946.894,7947.500,-646.555,-60.137,153.194,123.763,21.347,0.847,1
2026-01-29 12:27:07,392253,7749.913,-1501.317,-601.162,-105.833,121.048,-60.516,21.157,-0.751,0
2026-01-29 12:27:07,392293,7950.389,385.955,-616.848,103.494,26.455,1.682,21.071,0.433,1
2026-01-29 12:27:07,392333,7956.086,6506.911,-681.427,-27.783,18.489,60.378,21.334,-0.841,0
2026-01-29 12:27:07,392373,8071.611,-1244.721,-673.611,-0.582,160.997,250.529,21.152,-1.428,0
2026-01-29 12:27:07,392413,7987.793,2110.551,-548.583,-48.273,31.730,-37.737,21.158,-1.145,0
2026-01-29 12:27:07,392453,8071.901,-654.279,-531.779,1.962,-99.502,131.393,21.010,0.003,0
2026-01-29 12:27:07,392493,7926.808,4056.594,-817.634,-187.123,-19.923,-77.117,21.137,-0.428,1
2026-01-29 12:27:07,392533,8033.349,349.027,-458.431,252.384,-172.381,-245.667,21.041,-0.669,0
2026-01-29 12:27:07,392573,7872.860,1616.499,-775.462,-195.920,52.303,97.065,21.023,0.416,0
2026-01-29 12:27:07,392613,8139.146,3851.738,-602.140,30.360,55.690,-46.185,21.146,-1.051,0
2026-01-29 12:27:07,392653,7927.496,487.154,-453.183,-92.163,-139.535,226.489,21.086,0.627,1
2026-01-29 12:27:07,392693,7905.225,1287.529,-396.530,133.330,117.925,257.268,21.048,-0.427,0
2026-01-29 12:27:07,392733,7853.384,4595.138,-716.534,-138.419,5.797,-237.745,21.198,0.656,0
2026-01-29 12:27:07,392773,8062.516,-662.493,-689.380,186.297,-225.032,81.527,21.062,0.147,0
2026-01-29 12:27:07,392813,8194.494,6327.204,-345.372,120.202,-7.328,52.531,21.311,1.453,1
2026-01-29 12:27:07,392853,8100.100,-690.668,-351.884,194.201,-257.589,-144.272,21.160,0.693,1
2026-01-29 12:27:08,392893,8272.903,-1358.107,-434.473,11.404,-9.917,133.362,20.964,0.053,1
2026-01-29 12:27:08,392933,8021.688,6365.289,-509.211,-4.940,-128.638,308.365,21.214,1.103,0
2026-01-29 12:27:08,392973,7985.187,3209.221,-656.615,-78.629,366.290,311.920,21.282,0.727,0
2026-01-29 12:27:08,393013,8023.588,1639.604,-703.058,-96.709,-3.557,98.933,21.268,-0.277,0
2026-01-29 12:27:08,393053,7895.387,-259.671,-231.036,14.684,46.591,-132.879,21.153,-0.257,0
2026-01-29 12:27:08,393093,7878.584,-1309.367,-744.081,-191.645,96.562,-1.133,20.966,0.108,0
2026-01-29 12:27:08,393133,8190.005,6706.773,-614.962,-117.537,214.617,-268.073,21.234,-1.058,0
2026-01-29 12:27:08,393173,8214.225,3898.562,-693.792,14.468,-175.601,37.988,21.355,0.321,0
2026-01-29 12:27:08,393213,8114.413,-2548.068,-676.234,35.758,272.328,-36.646,21.097,0.002,0
2026-01-29 12:27:08,393253,8168.413,1612.005,-702.397,136.222,-60.334,8.368,21.070,-1.112,0
2026-01-29 12:27:08,393293,8019.144,6481.233,-569.711,-63.891,-151.875,-224.709,21.339,0.866,0
2026-01-29 12:27:08,393333,7983.689,-2212.425,-511.401,35.540,-225.637,15.911,21.111,1.030,0
2026-01-29 12:27:08,393373,8226.355,2635.981,-525.059,139.125,288.830,25.935,21.144,-0.390,0
2026-01-29 12:27:08,393413,8212.732,-701.968,-522.535,76.209,92.258,-132.645,20.995,-1.426,0
2026-01-29 12:27:08,393453,8365.540,5123.146,-457.420,94.961,-48.320,-85.463,21.176,1.001,0
2026-01-29 12:27:08,393493,7969.840,1717.762,-760.856,-207.904,266.495,20.842,21.165,-1.262,1
2026-01-29 12:27:08,393533,8020.209,1881.988,-691.206,-5.716,-82.125,233.795,21.146,0.901,1
2026-01-29 12:27:08,393573,8086.357,4528.846,-831.080,81.810,-5.732,-47.099,21.284,-0.993,0
2026-01-29 12:27:08,393613,8244.994,-2347.355,-459.373,-222.162,146.442,-187.089,21.050,0.308,0
2026-01-29 12:27:08,393653,7826.254,6996.137,-372.084,187.010,-31.737,180.200,21.338,1.004,1
2026-01-29 12:27:08,393693,7859.655,-964.891,-683.251,-54.990,107.859,82.106,21.174,0.921,0
2026-01-29 12:27:08,393733,7843.837,-771.477,-562.158,-184.874,97.847,115.952,21.027,1.413,1
2026-01-29 12:27:08,393773,8207.672,5536.141,-433.533,119.252,-42.990,165.688,21.222,1.289,0
2026-01-29 12:27:08,393813,8057.561,490.432,-494.675,-28.059,109.674,65.842,21.151,-0.032,0
2026-01-29 12:27:08,393853,7807.627,4842.911,-667.935,34.795,-62.494,-15.842,21.309,1.273,0
2026-01-29 12:27:09,393893,8109.569,2404.151,-576.404,-181.838,70.640,-234.357,21.343,-0.592,0
2026-01-29 12:27:09,393933,8110.230,-3850.375,-528.646,48.816,-22.398,-191.590,21.026,0.765,0
2026-01-29 12:27:09,393973,8240.785,3704.935,-592.506,127.264,-88.561,153.804,21.136,0.104,1
2026-01-29 12:27:09,394013,7673.179,3399.319,-942.151,46.329,98.306,246.078,21.208,1.193,1
2026-01-29 12:27:09,394053,8233.572,2316.820,-706.222,0.854,158.267,69.016,21.231,0.951,0
2026-01-29 12:27:09,394093,8092.447,-2463.251,-675.514,46.277,9.163,-222.990,20.987,-0.187,0
2026-01-29 12:27:09,394133,8130.620,1942.036,-330.739,-160.149,-97.962,268.187,20.981,0.220,0
2026-01-29 12:27:09,394173,8086.762,7149.310,-609.683,-38.801,49.504,85.525,21.289,0.251,1
2026-01-29 12:27:09,394213,7981.862,-3420.283,-501.751,-18.435,-147.637,23.707,20.975,-0.841,1
2026-01-29 12:27:09,394253,8005.589,5330.570,-685.940,12.632,216.920,-8.996,21.173,1.060,0
2026-01-29 12:27:09,394293,7871.942,1148.423,-698.950,56.563,-24.982,79.543,21.127,0.390,0
2026-01-29 12:27:09,394333,7867.643,-439.798,-819.112,27.627,36.422,343.084,20.995,1.147,0
2026-01-29 12:27:09,394373,8016.661,5521.393,-702.701,87.699,-109.033,-94.781,21.219,-1.110,0
2026-01-29 12:27:09,394413,7723.850,-212.888,-581.971,62.114,255.154,-38.058,21.091,-0.263,0
2026-01-29 12:27:09,394453,8192.663,4501.001,-423.091,-240.269,78.608,75.149,21.250,-1.367,1
2026-01-29 12:27:09,394493,7857.267,2841.253,-196.230,58.278,45.477,55.240,21.303,0.462,1
2026-01-29 12:27:09,394533,8188.293,-391.467,-569.794,-56.874,139.059,-92.228,21.174,-0.690,0
2026-01-29 12:27:09,394573,8184.803,2076.183,-626.549,75.208,-52.944,212.555,21.178,0.887,1
2026-01-29 12:27:09,394613,7733.551,2290.562,-521.157,69.782,60.048,99.862,21.209,-1.267,0
2026-01-29 12:27:09,394653,8148.126,-2116.598,-323.973,191.731,39.430,-217.208,20.980,-0.024,1
2026-01-29 12:27:09,394693,8073.026,7238.256,-470.860,-125.201,-118.854,-119.924,21.291,-0.774,0
2026-01-29 12:27:09,394733,7853.432,1921.502,-784.248,14.849,147.554,30.882,21.288,0.227,1
2026-01-29 12:27:09,394773,8107.012,-3772.069,-612.543,-4.530,-88.291,-65.854,20.969,-0.474,0
2026-01-29 12:27:09,394813,7768.948,2237.385,-600.809,-85.632,-6.097,202.596,20.989,-0.997,1
2026-01-29 12:27:09,394853,8096.011,5493.135,-729.771,104.746,-91.670,-349.247,21.202,-0.957,1
2026-01-29 12:27:10,394893,7905.301,-2494.854,-493.333,-44.543,-50.642,-89.834,20.962,0.524,0
2026-01-29 12:27:10,394933,7994.033,7183.060,-502.351,-172.632,-43.471,293.112,21.249,0.813,1
2026-01-29 12:27:10,394973,7934.597,1289.533,-457.840,-22.349,188.692,-37.384,21.223,1.286,1
2026-01-29 12:27:10,395013,8037.755,-894.773,-649.418,-69.168,-116.771,-207.725,21.079,0.966,0
2026-01-29 12:27:10,395053,7990.985,3465.301,-719.155,-173.571,111.398,115.202,21.151,0.146,0
2026-01-29 12:27:10,395093,7982.370,316.020,-638.706,-101.367,377.043,71.796,21.065,1.354,0
2026-01-29 12:27:10,395133,7964.775,414.309,-652.273,1.537,-61.515,83.129,20.969,1.470,0
2026-01-29 12:27:10,395173,8030.503,6327.010,-465.890,-35.362,-150.030,-61.347,21.218,0.939,0
2026-01-29 12:27:10,395213,8128.422,3958.659,-99.392,-102.077,-9.086,-39.687,21.349,1.131,0
2026-01-29 12:27:10,395253,7814.230,1679.869,-860.332,222.369,24.991,231.841,21.346,-1.343,0
2026-01-29 12:27:10,395293,7804.183,661.917,-514.791,283.351,22.708,-21.322,21.277,1.408,0
2026-01-29 12:27:10,395333,7939.633,-2243.132,-822.879,11.946,8.225,270.922,21.025,0.559,0
2026-01-29 12:27:10,395373,7768.146,4051.445,-366.845,95.874,-44.327,-42.937,21.140,1.102,0
2026-01-29 12:27:10,395413,7971.687,1163.890,-418.687,-39.039,-85.457,142.396,21.102,0.159,1
2026-01-29 12:27:10,395453,7921.168,5163.248,-519.637,171.751,8.879,-80.477,21.278,0.983,1
2026-01-29 12:27:10,395493,8191.375,-1340.486,-551.494,-69.840,-119.102,-86.435,21.091,-0.281,0
2026-01-29 12:27:10,395533,7969.587,5025.311,-547.817,34.487,-51.195,-16.482,21.287,-0.605,0
2026-01-29 12:27:10,395573,8243.844,-1491.780,-770.611,-31.652,305.977,306.210,21.084,0.212,0
2026-01-29 12:27:10,395613,8068.692,3030.795,-704.207,99.720,-97.575,54.867,21.133,-0.943,0
2026-01-29 12:27:10,395653,8233.322,478.487,-865.257,-65.208,34.749,-184.817,21.048,-0.963,0
2026-01-29 12:27:10,395693,8074.516,1355.097,-698.627,245.082,-88.638,148.751,20.993,1.421,0
2026-01-29 12:27:10,395733,8075.388,7606.935,-361.777,117.016,-260.382,142.899,21.323,0.614,1
2026-01-29 12:27:10,395773,7718.912,-2975.824,-844.642,275.191,-174.287,-85.640,21.054,-0.660,0
2026-01-29 12:27:10,395813,7674.037,5718.070,-745.309,-19.524,-86.814,-208.962,21.253,-1.228,0
2026-01-29 12:27:10,395853,7932.776,-377.743,-611.783,-252.215,234.959,-6.103,21.122,1.028,0
2026-01-29 12:27:11,395893,7933.042,2747.125,-528.336,145.422,-160.785,97.636,21.163,0.287,0
2026-01-29 12:27:11,395933,7979.528,2889.954,-523.905,-84.441,13.641,-88.995,21.225,-0.354,0
2026-01-29 12:27:11,395973,7737.221,1409.123,-433.532,21.167,102.541,-175.515,21.205,-0.679,0
2026-01-29 12:27:11,396013,8072.889,415.023,-508.789,6.163,-3.307,145.713,21.100,0.016,0
2026-01-29 12:27:11,396053,8201.810,-365.764,-538.223,-101.201,-41.384,-274.413,20.961,-1.404,0
2026-01-29 12:27:11,396093,7801.058,7899.486,-645.005,137.748,-30.270,-127.638,21.290,-0.951,0
2026-01-29 12:27:11,396133,8235.795,-2251.938,-476.071,48.936,118.310,14.924,21.062,0.137,0
2026-01-29 12:27:11,396173,8147.364,1944.895,-525.893,130.768,160.591,-20.940,21.057,0.502,1
2026-01-29 12:27:11,396213,8042.947,5595.434,-579.479,-123.596,42.081,-131.952,21.277,0.239,0
2026-01-29 12:27:11,396253,8271.470,-19.620,-263.616,286.603,-177.538,71.359,21.165,-0.787,0
2026-01-29 12:27:11,396293,8129.263,2770.664,-556.737,-242.822,-11.443,149.698,21.213,0.433,0
2026-01-29 12:27:11,396333,8021.775,1720.999,-647.691,-123.451,-123.755,83.005,21.209,1.403,0
2026-01-29 12:27:11,396373,7586.052,2340.190,-584.669,-138.239,152.971,-140.623,21.249,0.728,0
2026-01-29 12:27:11,396413,8282.986,2867.539,-271.902,-135.989,-33.951,55.755,21.299,1.252,1
2026-01-29 12:27:11,396453,7784.795,-2978.807,-780.515,-10.415,172.396,125.629,21.036,-0.025,0
2026-01-29 12:27:11,396493,8015.816,1109.905,-443.497,-284.567,-62.380,130.159,21.006,0.175,0
2026-01-29 12:27:11,396533,7709.582,1976.718,-760.089,-15.958,67.227,-168.740,21.008,-1.472,1
2026-01-29 12:27:11,396573,8201.068,4429.044,-413.138,196.184,41.641,225.522,21.178,0.936,1
2026-01-29 12:27:11,396613,7956.174,2370.059,-275.690,-32.795,122.589,-10.933,21.194,1.361,1
2026-01-29 12:27:11,396653,8385.624,3013.203,-338.646,-139.089,24.538,-242.874,21.257,-0.983,1
2026-01-29 12:27:11,396693,7904.859,-364.293,-423.988,157.630,-12.107,24.860,21.120,0.841,1
2026-01-29 12:27:11,396733,7798.053,1166.161,-358.625,-55.534,48.066,180.200,21.069,1.372,0
2026-01-29 12:27:11,396773,7895.293,3319.044,-482.058,-225.810,-252.444,-0.325,21.129,0.800,0
2026-01-29 12:27:11,396813,7844.599,1281.393,-622.876,254.742,-143.626,131.908,21.086,-0.179,1
2026-01-29 12:27:11,396853,7931.559,3557.277,-461.320,265.283,-78.905,-28.816,21.162,0.261,1
2026-01-29 12:27:12,396893,7881.440,-1658.463,-795.368,-19.404,-121.121,-111.421,20.960,0.421,0
2026-01-29 12:27:12,396933,7802.652,8152.706,-731.036,-221.549,129.577,66.083,21.314,0.711,0
2026-01-29 12:27:12,396973,7859.649,-1255.824,-518.675,-135.302,-37.190,-59.201,21.143,1.294,1
2026-01-29 12:27:12,397013,7925.981,2474.133,-693.983,-147.768,199.300,-71.633,21.183,0.088,0
2026-01-29 12:27:12,397053,7944.412,3246.302,-703.174,61.495,-21.221,-63.272,21.255,-0.767,0
2026-01-29 12:27:12,397093,7877.555,-533.144,-739.072,209.383,319.740,62.198,21.118,0.632,0
2026-01-29 12:27:12,397133,7935.325,3433.402,-676.915,115.680,235.574,-78.314,21.215,-0.056,1
2026-01-29 12:27:12,397173,8187.245,-1486.919,-770.655,-123.447,79.096,-248.615,21.026,-0.843,0
2026-01-29 12:27:12,397213,7574.412,6441.706,-558.410,-136.280,-197.916,-47.747,21.281,-1.440,0
2026-01-29 12:27:12,397253,7997.402,-1812.313,-778.897,-103.696,163.518,93.298,21.055,-0.281,0
2026-01-29 12:27:12,397293,8052.941,6205.717,-520.943,233.751,34.662,-204.247,21.292,-1.097,0
2026-01-29 12:27:12,397333,7781.368,1090.934,-637.175,169.398,-260.935,-254.374,21.232,0.358,0
2026-01-29 12:27:12,397373,8141.138,-5.630,-451.672,-140.115,-21.887,-1.447,21.104,-0.816,1
2026-01-29 12:27:12,397413,7983.313,885.025,-308.347,48.503,-23.565,80.341,21.047,1.363,0
2026-01-29 12:27:12,397453,8128.701,3569.104,-820.455,-80.377,-33.231,264.972,21.139,-1.383,1
2026-01-29 12:27:12,397493,8245.125,2744.328,-625.058,-35.881,-36.849,35.499,21.192,0.715,1
2026-01-29 12:27:12,397533,7932.720,141.383,-615.227,-88.258,194.052,10.607,21.077,0.089,0
2026-01-29 12:27:12,397573,7954.890,4606.577,-539.612,447.230,-243.527,-169.896,21.229,0.588,0
2026-01-29 12:27:12,397613,7547.395,634.229,-903.546,23.073,-24.139,-252.759,21.160,-0.729,0
2026-01-29 12:27:12,397653,7965.817,1176.374,-404.551,-0.366,-48.353,71.552,21.120,-0.198,1
2026-01-29 12:27:12,397693,8126.094,401.323,-885.685,-185.350,99.728,88.413,21.041,-0.706,0
2026-01-29 12:27:12,397733,8153.531,1949.663,-617.829,37.385,66.259,82.505,21.043,-0.458,1
2026-01-29 12:27:12,397773,7926.693,5626.911,-323.419,-137.464,-285.379,127.900,21.247,1.024,0
2026-01-29 12:27:12,397813,7865.241,38.226,-835.649,73.171,198.088,113.973,21.141,-0.526,0
2026-01-29 12:27:12,397853,8132.893,366.355,-667.236,-55.985,356.427,-31.314,21.060,0.045,1
2026-01-29 12:27:13,397893,7980.683,6514.139,-710.738,-48.318,-412.940,-205.021,21.330,-0.282,1
2026-01-29 12:27:13,397933,8129.841,-2075.723,-601.731,-168.062,-168.068,-74.796,21.114,-0.538,0
2026-01-29 12:27:13,397973,7933.574,3085.616,-738.637,-28.903,-50.604,199.424,21.173,1.186,0
2026-01-29 12:27:13,398013,8053.598,-707.159,-776.401,-129.908,-56.520,-272.736,21.026,0.155,0
2026-01-29 12:27:13,398053,7997.511,4059.597,-371.642,-6.752,129.860,30.121,21.155,1.411,0
2026-01-29 12:27:13,398093,8059.484,727.901,-557.212,152.874,-109.057,-147.654,21.080,-0.492,0
2026-01-29 12:27:13,398133,8150.937,6171.117,-519.433,303.933,24.934,-14.809,21.327,0.007,1
2026-01-29 12:27:13,398173,7978.130,1852.751,-462.893,185.918,-158.340,-105.323,21.324,0.752,1
2026-01-29 12:27:13,398213,7860.052,-3697.716,-759.977,-77.015,-94.427,-222.654,21.004,-0.852,0
2026-01-29 12:27:13,398253,7998.600,3644.726,-769.907,97.956,148.047,-49.978,21.102,0.420,0
2026-01-29 12:27:13,398293,8179.965,1785.496,-785.913,87.519,-119.170,-199.937,21.099,-0.380,0
2026-01-29 12:27:13,398333,7886.795,997.315,-794.355,168.262,-25.656,26.189,21.071,0.927,0
2026-01-29 12:27:13,398373,7893.248,6517.797,-344.921,-291.296,-25.976,-98.300,21.338,1.320,0
2026-01-29 12:27:13,398413,8042.065,220.033,-771.211,270.387,176.607,-232.793,21.240,-0.694,0
2026-01-29 12:27:13,398453,7921.356,907.625,-479.409,33.510,-25.213,17.408,21.183,-0.560,0
2026-01-29 12:27:13,398493,8003.104,1365.147,-723.576,50.249,210.874,52.220,21.149,0.990,1
2026-01-29 12:27:13,398533,8219.086,4304.136,-610.179,107.132,0.025,-60.191,21.288,-1.028,0
2026-01-29 12:27:13,398573,8022.577,762.101,-602.496,29.322,18.297,124.886,21.236,0.241,0
2026-01-29 12:27:13,398613,7624.253,1947.658,-870.690,-374.123,-204.912,236.377,21.217,0.497,0
2026-01-29 12:27:13,398653,8132.523,-1844.948,-699.542,30.797,17.940,-234.487,21.004,-1.385,0
2026-01-29 12:27:13,398693,7796.036,3836.883,-813.339,175.703,-123.475,36.916,21.098,-1.029,0
2026-01-29 12:27:13,398733,7804.147,4703.477,-362.199,-86.387,5.683,-196.064,21.264,1.090,0
2026-01-29 12:27:13,398773,8046.004,2974.832,-656.370,136.241,-104.240,202.243,21.316,0.666,0
2026-01-29 12:27:13,398813,7761.521,1951.969,-982.098,-0.196,-31.977,-240.643,21.329,-1.465,0
2026-01-29 12:27:13,398853,8150.708,-1343.511,-490.654,21.477,-81.373,4.054,21.143,-0.999,0
2026-01-29 12:27:14,398893,7821.117,308.735,-775.558,113.878,-77.335,-56.604,21.059,-0.679,0
2026-01-29 12:27:14,398933,7815.506,6843.382,-397.335,171.397,-255.428,-87.964,21.341,1.015,0
2026-01-29 12:27:14,398973,8083.174,307.013,-793.069,0.337,117.239,102.110,21.261,-1.219,0
2026-01-29 12:27:14,399013,7942.060,2677.589,-415.801,159.828,299.955,-285.789,21.296,1.075,0
2026-01-29 12:27:14,399053,7886.462,2684.950,-635.850,-134.647,-88.854,22.341,21.342,1.163,1
2026-01-29 12:27:14,399093,8110.226,553.029,-724.476,133.605,74.602,184.780,21.284,0.648,0
2026-01-29 12:27:14,399133,7725.044,1444.750,-548.119,174.062,137.656,171.489,21.264,0.101,0
2026-01-29 12:27:14,399173,7702.619,-3113.812,-487.087,205.401,98.957,-247.394,20.982,-0.047,0
2026-01-29 12:27:14,399213,7986.437,6245.009,-329.483,-73.760,-75.795,127.979,21.228,0.278,0
2026-01-29 12:27:14,399253,8204.973,3287.729,-664.044,36.043,25.710,101.863,21.304,0.089,0
2026-01-29 12:27:14,399293,8279.347,-2889.024,-609.808,266.728,213.900,220.644,21.018,-0.145,0
2026-01-29 12:27:14,399333,7923.568,2747.516,-482.169,110.418,-116.302,254.915,21.083,0.129,0
2026-01-29 12:27:14,399373,7965.025,2789.102,-728.861,91.852,165.677,263.690,21.130,0.011,1
2026-01-29 12:27:14,399413,7948.618,4756.349,-508.174,-43.110,54.124,135.507,21.303,1.060,0
2026-01-29 12:27:14,399453,8033.815,2938.767,-721.316,106.691,33.650,-76.994,21.354,-1.345,0
2026-01-29 12:27:14,399493,8011.918,-91.455,-501.987,27.442,122.087,21.294,21.244,0.930,0
2026-01-29 12:27:14,399533,7864.552,125.185,-833.400,24.553,164.072,-14.829,21.134,-1.068,1
2026-01-29 12:27:14,399573,7929.339,886.655,-444.460,10.577,-12.809,102.777,21.072,0.358,0
2026-01-29 12:27:14,399613,8070.212,1638.411,-845.052,-20.215,18.276,-49.051,21.055,-1.415,1
2026-01-29 12:27:14,399653,7963.566,886.471,-712.045,224.868,-29.888,41.875,20.998,-0.604,0
2026-01-29 12:27:14,399693,8056.070,2460.798,-486.637,-62.051,-131.179,44.529,21.030,0.175,0
2026-01-29 12:27:14,399733,7835.385,6203.074,-776.889,36.452,-50.944,-129.171,21.275,-0.117,1
2026-01-29 12:27:14,399773,7729.108,2225.545,-508.557,108.262,-23.267,-34.242,21.290,1.061,0
2026-01-29 12:27:14,399813,7818.009,2885.920,-598.979,-48.443,-97.704,182.454,21.354,0.467,0
2026-01-29 12:27:14,399853,7977.328,-2367.126,-348.677,113.263,-112.887,91.382,21.116,1.230,0
2026-01-29 12:27:15,399893,7616.301,3974.285,-388.440,133.469,-34.910,-259.352,21.223,0.443,1
2026-01-29 12:27:15,399933,7936.476,-1229.777,-683.314,49.645,-123.065,31.639,21.035,1.499,0
2026-01-29 12:27:15,399973,8006.773,3022.392,-649.024,106.263,-104.317,132.175,21.097,0.855,1
2026-01-29 12:27:15,400013,7798.918,1556.337,-398.021,24.049,-72.319,-148.635,21.075,0.646,0
2026-01-29 12:27:15,400053,8026.882,6655.913,-938.628,73.059,3.122,155.110,21.339,0.484,0
2026-01-29 12:27:15,400093,7965.415,-737.473,-405.980,-0.127,115.370,184.551,21.188,-1.132,1
2026-01-29 12:27:15,400133,7732.360,3558.862,-670.942,-49.205,100.408,71.935,21.290,0.416,0
2026-01-29 12:27:15,400173,8062.188,1467.112,-320.909,121.339,272.237,178.693,21.258,1.344,0
2026-01-29 12:27:15,400213,7752.168,1316.699,-458.199,-78.185,-133.002,-120.673,21.227,0.182,0
2026-01-29 12:27:15,400253,8020.957,-1803.409,-700.247,-174.295,-24.195,77.086,21.020,-0.904,0
2026-01-29 12:27:15,400293,8053.553,2002.200,-742.206,-9.312,-165.455,303.060,21.031,-1.055,0
2026-01-29 12:27:15,400333,7976.538,2664.154,-540.977,274.230,-51.962,-55.621,21.083,-0.393,0
2026-01-29 12:27:15,400373,8114.546,1112.354,-919.512,-93.730,-287.978,115.506,21.032,-0.266,0
2026-01-29 12:27:15,400413,8499.936,5930.792,-428.161,4.182,38.706,108.131,21.268,0.976,1
2026-01-29 12:27:15,400453,8148.809,-3068.188,-337.831,-23.986,-98.018,78.667,20.979,-0.518,0
2026-01-29 12:27:15,400493,7971.431,7516.963,-670.256,12.794,165.288,-79.630,21.309,0.042,0
2026-01-29 12:27:15,400533,7804.701,-218.520,-734.397,-184.840,-110.250,153.453,21.177,1.500,1
2026-01-29 12:27:15,400573,7694.845,4291.172,-812.709,70.670,-50.941,64.326,21.326,-1.137,0
2026-01-29 12:27:15,400613,8450.219,-503.327,-429.905,76.702,78.774,130.064,21.180,1.324,0
2026-01-29 12:27:15,400653,7878.951,1000.144,-445.949,-43.080,-108.932,10.923,21.135,0.506,0
2026-01-29 12:27:15,400693,7915.721,3601.450,-655.258,-166.920,4.443,109.958,21.231,-0.357,0
2026-01-29 12:27:15,400733,7880.695,-1463.801,-701.053,72.225,-178.728,-200.523,21.042,0.835,0
2026-01-29 12:27:15,400773,8166.991,6454.167,-608.689,-71.333,-207.907,192.135,21.297,1.235,1
2026-01-29 12:27:15,400813,8155.434,-879.560,-471.705,-61.566,-204.213,49.048,21.134,-1.145,0
2026-01-29 12:27:15,400853,8058.212,4471.151,-763.646,-47.442,21.180,-70.175,21.283,-0.252,1
2026-01-29 12:27:16,400893,8143.027,1641.120,-596.455,33.429,-406.278,21.511,21.262,1.193,0
2026-01-29 12:27:16,400933,8022.659,489.707,-853.014,201.480,26.047,-74.601,21.184,-0.639,0
2026-01-29 12:27:16,400973,7933.436,1545.530,-827.943,104.517,148.146,-142.087,21.163,-1.016,1
2026-01-29 12:27:16,401013,8056.035,4703.180,-715.152,-2.515,329.941,-81.506,21.318,-0.589,0
2026-01-29 12:27:16,401053,8112.945,-1813.760,-528.026,78.519,-105.119,139.555,21.118,0.631,0
2026-01-29 12:27:16,401093,8033.048,3332.401,-536.480,-34.161,185.209,-251.382,21.197,-0.960,0
2026-01-29 12:27:16,401133,7948.803,519.116,-582.765,-69.663,-24.428,100.828,21.115,-0.651,0
2026-01-29 12:27:16,401173,7689.300,1783.797,-540.637,69.294,79.998,161.209,21.132,0.813,0
2026-01-29 12:27:16,401213,7945.004,955.793,-817.139,-213.155,270.482,53.551,21.061,-0.215,0
2026-01-29 12:27:16,401253,8056.457,1637.295,-858.329,213.192,-196.232,-176.577,21.056,1.166,0
2026-01-29 12:27:16,401293,7993.825,623.886,-386.706,106.708,-85.302,231.491,20.983,1.387,0
2026-01-29 12:27:16,401333,7958.431,4963.904,-619.657,39.296,209.176,152.089,21.159,1.495,0
2026-01-29 12:27:16,401373,8062.941,3595.767,-826.684,190.712,56.254,-65.969,21.255,-0.074,0
2026-01-29 12:27:16,401413,7882.161,3352.837,-711.947,-24.664,271.999,-249.377,21.334,-1.200,0
2026-01-29 12:27:16,401453,7930.544,361.309,-502.706,21.688,-140.992,22.926,21.257,-1.013,0
2026-01-29 12:27:16,401493,8198.639,-875.258,-776.918,-144.525,107.455,-243.589,21.109,-1.015,0
2026-01-29 12:27:16,401533,7933.009,743.351,-493.139,42.620,-297.718,-227.575,21.042,-0.870,0
2026-01-29 12:27:16,401573,7891.178,2589.063,-982.246,-150.504,119.866,140.650,21.081,-1.194,0
2026-01-29 12:27:16,401613,8258.399,1513.977,-383.430,76.766,-2.239,-137.783,21.068,0.227,0
2026-01-29 12:27:16,401653,8157.833,1955.120,-477.640,-32.380,-234.570,82.142,21.065,0.353,0
2026-01-29 12:27:16,401693,8162.259,2480.617,-552.137,-311.236,22.131,137.233,21.102,-0.286,0
2026-01-29 12:27:16,401733,7999.662,4050.142,-610.720,-41.910,-23.229,-22.325,21.216,-0.757,0
2026-01-29 12:27:16,401773,7789.236,-1060.335,-470.582,11.277,172.781,-139.943,21.051,-0.667,0
2026-01-29 12:27:16,401813,8070.900,2931.142,-685.767,-16.397,229.291,16.416,21.112,0.809,0
2026-01-29 12:27:16,401853,7766.776,2875.954,-731.194,112.244,78.980,73.863,21.160,-0.175,0
2026-01-29 12:27:17,401893,8263.521,-974.626,-1115.505,-69.541,-123.199,-43.571,20.995,-0.803,0
2026-01-29 12:27:17,401933,7909.723,3265.832,-564.812,0.165,41.915,54.287,21.072,0.429,0
2026-01-29 12:27:17,401973,7758.045,4514.729,-547.646,144.857,120.458,-57.580,21.220,1.289,1
2026-01-29 12:27:17,402013,8166.722,2220.525,-436.268,-70.160,49.012,301.387,21.238,-0.743,0
2026-01-29 12:27:17,402053,8093.580,3132.503,-461.897,-144.499,-248.899,235.744,21.301,0.650,0
2026-01-29 12:27:17,402093,7987.274,-3663.744,-338.149,-32.517,69.638,-5.228,20.963,-0.452,0
2026-01-29 12:27:17,402133,8122.543,7460.547,-781.486,4.165,-105.092,-166.259,21.274,-1.478,0
2026-01-29 12:27:17,402173,7558.081,-738.673,-582.412,-9.368,-139.675,-219.221,21.120,1.050,1
2026-01-29 12:27:17,402213,8104.977,2707.687,-250.625,110.558,109.133,166.348,21.179,1.489,0
2026-01-29 12:27:17,402253,7965.107,2969.227,-518.196,105.667,11.252,-106.294,21.245,-0.578,0
2026-01-29 12:27:17,402293,8176.067,1889.100,-508.532,86.097,115.418,226.833,21.245,1.490,0
2026-01-29 12:27:17,402333,7819.597,3197.771,-630.258,84.533,-178.714,39.322,21.309,-0.009,1
2026-01-29 12:27:17,402373,7815.131,2259.472,-600.180,-35.898,25.771,106.281,21.340,-0.985,0
2026-01-29 12:27:17,402413,8084.321,-3670.561,-658.702,200.394,-284.280,142.704,21.011,-0.922,0
2026-01-29 12:27:17,402453,8100.831,2441.707,-722.512,-74.698,-202.416,-201.335,21.034,-0.655,0
2026-01-29 12:27:17,402493,8397.196,4651.461,-669.902,101.880,48.147,68.404,21.184,-0.588,0
2026-01-29 12:27:17,402533,8006.304,1914.911,-759.672,-320.859,-222.233,60.039,21.183,-1.183,0
2026-01-29 12:27:17,402573,7816.974,-814.356,-656.727,-116.065,21.024,113.795,21.017,1.345,0
2026-01-29 12:27:17,402613,7968.813,3236.948,-700.136,-131.326,16.319,94.406,21.093,-0.157,0
2026-01-29 12:27:17,402653,8039.595,5924.028,-686.496,101.494,-141.370,-80.845,21.325,-0.337,1
2026-01-29 12:27:17,402693,7994.325,-639.693,-417.385,35.175,-64.623,147.383,21.190,0.648,0
2026-01-29 12:27:17,402733,7874.372,1186.295,-543.737,16.330,83.310,48.325,21.154,-1.196,1
2026-01-29 12:27:17,402773,7821.586,-878.874,-553.307,27.996,82.951,-23.114,20.989,0.222,0
2026-01-29 12:27:17,402813,7989.475,4387.081,-479.292,-121.029,-151.520,93.248,21.128,0.678,0
2026-01-29 12:27:17,402853,8089.628,3540.630,-398.221,197.844,45.995,-161.295,21.213,0.276,0
2026-01-29 12:27:18,402893,7985.136,3827.507,-517.421,184.454,-50.021,54.310,21.322,-1.209,0
2026-01-29 12:27:18,402933,7972.350,-63.627,-556.863,91.261,-22.009,117.000,21.206,0.893,1
2026-01-29 12:27:18,402973,7764.907,3299.447,-602.110,7.270,-60.256,-231.320,21.287,-0.449,0
2026-01-29 12:27:18,403013,8280.555,-1256.185,-486.957,144.043,-48.337,357.339,21.103,1.486,0
2026-01-29 12:27:18,403053,8079.358,977.784,-586.441,-177.052,175.516,78.712,21.039,0.494,0
2026-01-29 12:27:18,403093,8013.639,2692.815,-737.757,-13.403,-0.479,146.202,21.077,-0.475,1
2026-01-29 12:27:18,403133,7951.563,2122.962,-690.885,69.066,88.963,-28.452,21.096,-1.155,0
2026-01-29 12:27:18,403173,8244.014,422.396,-698.310,23.997,217.331,-56.849,21.018,-0.775,0
2026-01-29 12:27:18,403213,7776.005,6210.319,-733.990,-51.147,-102.196,-106.131,21.254,-1.340,0
2026-01-29 12:27:18,403253,7830.496,527.954,-644.071,75.471,81.887,-89.103,21.170,0.879,0
2026-01-29 12:27:18,403293,7970.880,1756.188,-706.345,305.286,41.471,-50.941,21.174,-1.049,0
2026-01-29 12:27:18,403333,8244.319,1262.519,-783.979,-107.833,-249.353,-151.421,21.133,0.280,0
2026-01-29 12:27:18,403373,8166.211,5586.422,-692.120,-11.899,-123.158,-21.343,21.343,0.849,0
2026-01-29 12:27:18,403413,8137.416,629.638,-492.108,82.041,18.132,298.313,21.255,0.920,0
2026-01-29 12:27:18,403453,8077.926,-393.600,-655.174,64.176,-22.181,-72.640,21.133,-0.540,0
2026-01-29 12:27:18,403493,8294.183,1337.467,-403.017,120.097,-226.355,-38.375,21.102,-0.574,0
2026-01-29 12:27:18,403533,7745.267,2093.508,-370.412,-78.447,-4.669,62.075,21.107,0.952,0
2026-01-29 12:27:18,403573,7913.616,2658.722,-367.191,-63.985,99.832,231.778,21.145,0.618,1
2026-01-29 12:27:18,403613,7850.539,2313.089,-1020.511,140.207,157.855,-180.186,21.166,-0.888,1
2026-01-29 12:27:18,403653,7817.286,-111.129,-759.863,-45.384,100.433,29.982,21.053,0.047,0
2026-01-29 12:27:18,403693,7944.700,6862.742,-579.813,-166.854,226.292,-146.249,21.331,-0.585,0
2026-01-29 12:27:18,403733,7948.515,-3202.919,-520.325,43.994,11.627,-24.714,21.048,-0.745,0
2026-01-29 12:27:18,403773,7983.750,3777.466,-512.428,-70.296,-155.351,-131.512,21.162,-0.171,0
2026-01-29 12:27:18,403813,7477.984,4969.215,-522.179,158.053,41.502,-70.520,21.345,-1.256,0
2026-01-29 12:27:18,403853,8034.476,-3260.290,-558.023,46.774,12.179,82.600,21.051,-1.485,0
2026-01-29 12:27:19,403893,8164.802,6001.206,-590.588,-79.351,-39.626,78.472,21.292,0.145,0
2026-01-29 12:27:19,403933,7931.183,-1455.081,-450.335,103.418,48.628,-300.774,21.117,1.339,0
2026-01-29 12:27:19,403973,8341.292,1176.550,-848.210,128.546,70.933,34.882,21.075,-0.620,1
2026-01-29 12:27:19,404013,8310.851,5684.849,-530.256,196.395,101.486,89.344,21.281,0.759,1
2026-01-29 12:27:19,404053,8159.561,950.743,-414.678,205.673,172.192,-28.289,21.228,-0.456,0
2026-01-29 12:27:19,404093,8104.514,2965.709,-656.854,-93.236,-26.351,-29.566,21.285,0.498,0
2026-01-29 12:27:19,404133,7790.846,-3488.237,-574.679,26.109,-133.872,162.270,20.978,-0.180,0
2026-01-29 12:27:19,404173,7966.906,7656.533,-523.964,-168.702,-202.661,42.080,21.320,-0.600,0
2026-01-29 12:27:19,404213,8030.847,-829.065,-583.096,176.809,34.825,124.517,21.158,-0.977,0
2026-01-29 12:27:19,404253,7890.267,3074.535,-531.187,-15.102,69.373,-116.369,21.220,0.633,1
2026-01-29 12:27:19,404293,7983.770,3540.231,-511.971,116.523,64.045,-97.538,21.312,-0.722,0
2026-01-29 12:27:19,404333,8035.115,707.499,-596.881,-45.365,238.575,-35.053,21.247,0.479,1
2026-01-29 12:27:19,404373,8337.185,-66.433,-466.678,70.628,199.118,225.452,21.128,1.446,0
2026-01-29 12:27:19,404413,8041.220,750.322,-675.839,88.295,71.077,94.378,21.071,0.893,0
2026-01-29 12:27:19,404453,8050.224,2859.782,-589.936,41.708,-80.117,21.346,21.133,0.543,0
2026-01-29 12:27:19,404493,7691.936,-435.817,-642.488,-37.702,-106.766,-65.321,21.007,-1.070,0
2026-01-29 12:27:19,404533,7962.202,5822.777,-480.140,-285.478,206.104,188.929,21.223,1.320,0
2026-01-29 12:27:19,404573,8028.859,3922.969,-463.633,114.065,-141.128,-108.040,21.332,-0.148,1
2026-01-29 12:27:19,404613,8090.999,2162.099,-292.575,194.475,50.946,-158.017,21.352,0.757,0
2026-01-29 12:27:19,404653,7916.019,-1084.789,-788.433,-8.379,188.863,-216.830,21.189,-0.510,0
2026-01-29 12:27:19,404693,8133.218,-999.132,-643.570,-105.892,-56.142,257.257,21.025,1.314,0
2026-01-29 12:27:19,404733,7881.044,2703.558,-648.614,193.135,-9.595,54.332,21.054,-0.305,0
2026-01-29 12:27:19,404773,7801.711,937.695,-467.940,102.982,12.553,-146.505,21.009,0.675,0
2026-01-29 12:27:19,404813,7956.365,7761.063,-912.456,-194.572,-92.127,-59.117,21.338,-1.181,0
2026-01-29 12:27:19,404853,7882.339,1995.017,-620.988,82.270,-36.039,255.947,21.340,1.349,0
2026-01-29 12:27:20,404893,7957.676,264.572,-655.850,-206.371,-36.184,67.755,21.237,-0.833,0
2026-01-29 12:27:20,404933,7992.448,-838.376,-554.774,-72.468,-193.043,106.131,21.095,0.371,0
2026-01-29 12:27:20,404973,8287.029,21.271,-740.023,-104.149,-290.739,-348.961,20.991,-1.261,0
2026-01-29 12:27:20,405013,7800.240,5790.206,-723.162,-58.414,-229.903,-78.413,21.217,-0.730,0
2026-01-29 12:27:20,405053,7941.351,-2408.105,-826.732,-101.158,-188.645,127.720,20.962,-0.033,1
2026-01-29 12:27:20,405093,7988.786,5928.004,-659.611,-26.971,-70.629,171.740,21.198,-0.649,1
2026-01-29 12:27:20,405133,8033.131,-1527.667,-559.166,45.638,-64.483,-26.516,21.002,1.326,1
2026-01-29 12:27:20,405173,7998.526,4096.474,-734.980,44.493,-61.864,-26.472,21.129,-0.358,1
2026-01-29 12:27:20,405213,7916.187,3538.207,-750.785,28.692,-70.503,-47.576,21.220,0.691,0
2026-01-29 12:27:20,405253,8049.931,391.308,-295.895,-220.026,59.647,81.794,21.133,0.634,1
2026-01-29 12:27:20,405293,8205.649,5328.804,-585.560,189.898,-296.043,93.395,21.325,0.448,1
2026-01-29 12:27:20,405333,7809.188,-895.205,-581.295,-69.934,120.857,90.065,21.171,-0.843,1
2026-01-29 12:27:20,405373,7904.801,652.098,-662.544,57.979,-98.533,-74.903,21.082,0.290,0
2026-01-29 12:27:20,405413,7875.801,917.792,-649.876,-0.805,22.586,3.383,21.032,0.566,1
2026-01-29 12:27:20,405453,7755.018,2329.383,-294.175,-158.535,-13.734,-293.455,21.070,0.823,0
2026-01-29 12:27:20,405493,8294.013,6695.795,-808.431,-25.737,-88.503,19.126,21.334,-0.297,0
2026-01-29 12:27:20,405533,7957.326,1126.555,-599.920,59.799,122.835,25.804,21.285,-1.386,1
2026-01-29 12:27:20,405573,7856.276,662.440,-462.115,-9.534,265.558,113.177,21.207,-1.375,0
2026-01-29 12:27:20,405613,8327.558,-944.547,-1029.812,-261.141,170.095,65.678,21.041,-0.620,1
2026-01-29 12:27:20,405653,8012.067,6017.810,-824.307,76.495,-61.471,-95.598,21.268,-0.707,0
2026-01-29 12:27:20,405693,7876.632,-2341.025,-528.243,104.253,-101.013,-3.820,21.035,1.459,0
2026-01-29 12:27:20,405733,8029.096,4948.434,-414.472,75.643,4.725,-64.450,21.209,1.146,1
2026-01-29 12:27:20,405773,8038.678,1931.016,-563.534,-40.849,98.371,-47.154,21.204,0.025,0
2026-01-29 12:27:20,405813,8153.943,10.156,-649.508,46.713,76.220,-109.973,21.098,0.192,1
2026-01-29 12:27:20,405853,7855.453,2527.135,-217.934,-115.844,2.289,-75.520,21.138,-0.167,0
2026-01-29 12:27:21,405893,8221.837,-728.341,-534.752,59.795,-197.882,-215.698,21.006,-0.003,0
2026-01-29 12:27:21,405933,7954.549,7715.537,-556.536,-143.702,-79.902,164.182,21.335,1.056,1
2026-01-29 12:27:21,405973,8001.643,-4681.236,-399.635,-115.314,6.471,-199.436,20.963,0.742,0
2026-01-29 12:27:21,406013,8311.523,8098.083,-318.901,7.321,-6.939,-36.342,21.308,0.957,0
2026-01-29 12:27:21,406053,8070.946,-4410.762,-618.346,-68.667,-8.419,-6.009,20.959,1.072,1
2026-01-29 12:27:21,406093,7855.793,8012.154,-682.161,-16.544,6.378,-27.837,21.301,-1.168,0
2026-01-29 12:27:21,406133,8363.494,-1544.592,-830.700,110.915,-33.312,96.694,21.113,-1.438,1
2026-01-29 12:27:21,406173,8014.169,-179.650,-691.716,-141.216,104.087,120.419,21.001,-1.385,0
2026-01-29 12:27:21,406213,7993.679,3431.230,-491.231,161.252,87.937,-153.855,21.063,0.293,0
2026-01-29 12:27:21,406253,8309.804,6085.066,-632.761,174.035,192.048,-40.083,21.296,-0.854,0
2026-01-29 12:27:21,406293,7623.017,-2643.039,-461.540,-208.974,-104.448,-310.849,21.039,-0.168,0
2026-01-29 12:27:21,406333,7984.333,4621.880,-399.443,65.889,-142.472,-189.282,21.192,1.330,1
2026-01-29 12:27:21,406373,7775.004,-726.344,-512.598,28.601,-167.984,-27.001,21.046,0.646,1
2026-01-29 12:27:21,406413,7871.715,6638.257,-687.802,-179.719,125.955,317.971,21.302,0.190,1
2026-01-29 12:27:21,406453,7706.504,1894.724,-559.357,128.649,1.691,-92.154,21.315,0.355,1
2026-01-29 12:27:21,406493,8114.450,2347.560,-416.366,-24.313,-98.340,43.493,21.352,0.473,0
2026-01-29 12:27:21,406533,7960.783,-437.339,-849.759,174.290,-5.560,-267.408,21.218,-0.948,0
2026-01-29 12:27:21,406573,7898.202,2632.008,-386.808,62.036,-40.664,132.237,21.265,-0.869,0
2026-01-29 12:27:21,406613,7935.637,3242.468,-738.569,-104.675,-94.959,-33.767,21.347,-0.673,0
2026-01-29 12:27:21,406653,8103.818,-34.623,-659.336,3.624,236.351,47.115,21.232,-0.270,0
2026-01-29 12:27:21,406693,8026.584,-644.753,-752.006,-99.496,-38.916,24.593,21.089,0.145,0
2026-01-29 12:27:21,406733,7804.209,2162.465,-615.436,61.123,-95.952,-276.592,21.110,-0.672,0
2026-01-29 12:27:21,406773,7839.398,3012.661,-505.579,-62.890,37.054,-3.825,21.171,0.336,0
2026-01-29 12:27:21,406813,7811.332,4275.734,-790.047,327.165,-103.779,-223.555,21.311,-0.769,0
2026-01-29 12:27:21,406853,7626.510,-3205.466,-692.089,94.262,66.857,-63.795,21.006,-1.198,1
2026-01-29 12:27:22,406893,7942.567,2706.724,-810.338,-17.720,81.938,-136.805,21.042,-0.266,0
2026-01-29 12:27:22,406933,8188.586,4936.062,-876.539,113.881,25.601,76.380,21.218,-0.752,1
2026-01-29 12:27:22,406973,7731.317,3335.238,-630.942,68.361,-9.370,-109.355,21.315,-1.078,0
2026-01-29 12:27:22,407013,7869.681,-2121.226,-623.056,-269.639,-20.531,-223.125,21.077,0.660,0
2026-01-29 12:27:22,407053,8023.431,4104.672,-677.583,68.546,-65.806,-5.984,21.189,-0.929,0
2026-01-29 12:27:22,407093,7759.746,3459.470,-476.960,-232.418,10.744,-72.642,21.284,-0.165,0
2026-01-29 12:27:22,407133,7742.592,-2953.353,-736.831,-101.800,146.810,-58.043,21.002,-0.401,0
2026-01-29 12:27:22,407173,7964.672,2489.560,-480.642,343.002,-139.279,83.759,21.054,-0.878,1
2026-01-29 12:27:22,407213,8294.899,2687.282,-391.786,-163.197,126.123,-165.149,21.103,0.372,0
2026-01-29 12:27:22,407253,8026.344,2129.100,-589.314,77.293,-97.622,219.637,21.113,0.193,0
2026-01-29 12:27:22,407293,7759.061,-474.613,-557.169,25.295,-57.611,114.636,20.975,0.818,0
2026-01-29 12:27:22,407333,7893.726,4530.104,-697.229,42.709,89.970,142.810,21.111,-0.375,0
2026-01-29 12:27:22,407373,8000.126,3468.994,-422.668,-7.961,7.181,130.635,21.213,0.946,0
2026-01-29 12:27:22,407413,8215.300,-49.600,-470.645,397.078,10.305,-21.507,21.101,0.144,0
2026-01-29 12:27:22,407453,8030.119,3865.526,-751.258,12.712,-31.271,-151.865,21.211,-1.495,0
2026-01-29 12:27:22,407493,7988.554,1284.990,-499.623,-4.414,163.133,1.139,21.174,-0.211,0
2026-01-29 12:27:22,407533,7715.086,-1069.892,-615.474,-177.931,-79.303,-11.555,21.013,0.075,0
2026-01-29 12:27:22,407573,8028.001,4146.371,-665.902,-161.992,-94.885,38.984,21.139,-0.707,0
2026-01-29 12:27:22,407613,8043.392,128.854,-682.443,6.787,-78.281,-10.902,21.019,0.870,0
2026-01-29 12:27:22,407653,8079.315,4371.097,-670.469,-120.379,-10.884,48.752,21.173,-0.703,0
2026-01-29 12:27:22,407693,8125.024,2092.686,-883.371,59.212,-13.066,-202.273,21.179,-0.531,0
2026-01-29 12:27:22,407733,7894.342,-838.112,-698.345,254.116,158.527,111.921,21.020,-0.325,1
2026-01-29 12:27:22,407773,8055.361,5334.204,-652.094,-82.642,34.839,-135.088,21.220,-1.351,0
2026-01-29 12:27:22,407813,8010.365,1609.186,-211.415,3.756,-187.587,170.510,21.190,0.428,0
2026-01-29 12:27:22,407853,8007.198,3219.011,-404.825,117.870,-211.211,-312.973,21.277,1.151,0
2026-01-29 12:27:23,407893,7890.538,573.486,-497.784,-128.211,16.341,162.640,21.218,0.513,0
2026-01-29 12:27:23,407933,8186.393,3794.433,-837.382,-0.823,124.069,-3.875,21.329,-1.072,0
2026-01-29 12:27:23,407973,8126.162,418.777,-479.935,161.400,-107.311,-200.748,21.244,-0.933,0
2026-01-29 12:27:23,408013,7748.165,-1598.561,-748.250,56.069,-252.491,14.369,21.059,-1.377,0
2026-01-29 12:27:23,408053,8264.889,676.557,-540.245,293.217,117.575,46.385,20.991,0.463,1
2026-01-29 12:27:23,408093,8135.978,3047.807,-705.011,-170.482,77.139,196.600,21.044,-1.131,0
2026-01-29 12:27:23,408133,8240.988,772.822,-609.032,123.475,-35.389,-94.506,20.976,-0.395,0
2026-01-29 12:27:23,408173,7665.715,4996.188,-276.709,-19.526,-1.460,-11.288,21.158,0.147,0
2026-01-29 12:27:23,408213,8334.169,-1120.939,-226.759,90.100,32.081,53.389,20.995,-0.123,0
2026-01-29 12:27:23,408253,7916.557,4487.390,-480.291,109.933,-157.846,87.074,21.145,0.801,0
2026-01-29 12:27:23,408293,7944.529,5177.373,-502.615,-94.705,168.332,18.528,21.329,0.739,1
2026-01-29 12:27:23,408333,7983.735,-999.765,-978.884,267.606,-24.137,-320.560,21.174,-0.184,0
2026-01-29 12:27:23,408373,7891.585,2673.859,-427.823,-152.599,-233.965,-38.170,21.222,1.357,0
2026-01-29 12:27:23,408413,8140.769,910.381,-362.000,-116.945,-6.626,-244.672,21.160,0.668,1
2026-01-29 12:27:23,408453,7906.353,1150.563,-599.218,-41.192,-157.868,166.932,21.125,0.389,0
2026-01-29 12:27:23,408493,7974.605,41.511,-759.974,-43.006,99.650,21.230,21.016,0.051,1
2026-01-29 12:27:23,408533,8213.195,2668.008,-660.913,-164.182,-117.874,-381.021,21.073,-0.440,0
2026-01-29 12:27:23,408573,8050.180,231.909,-480.672,-249.423,68.450,183.127,20.974,1.337,1
2026-01-29 12:27:23,408613,8008.840,8560.791,-830.025,-206.865,40.801,94.520,21.350,-0.262,0
2026-01-29 12:27:23,408653,8190.631,1566.686,-538.316,-142.461,219.248,6.158,21.307,-1.226,0
2026-01-29 12:27:23,408693,8280.044,2092.250,-527.098,128.071,-94.021,2.569,21.322,0.658,0
2026-01-29 12:27:23,408733,7793.309,-2578.529,-884.068,-71.873,-217.775,192.188,21.057,0.839,0
2026-01-29 12:27:23,408773,8053.911,3717.310,-619.551,165.467,75.650,50.140,21.163,-0.336,0
2026-01-29 12:27:23,408813,8341.373,652.051,-404.003,-110.279,278.342,334.913,21.085,0.748,0
2026-01-29 12:27:23,408853,8240.733,2613.543,-443.965,-142.869,61.448,-222.657,21.147,-0.392,0
2026-01-29 12:27:24,408893,8095.956,1763.025,-459.503,-172.638,-173.435,-17.560,21.132,-0.710,0
2026-01-29 12:27:24,408933,7711.550,2316.392,-683.789,161.647,6.915,-57.349,21.159,-0.273,0
2026-01-29 12:27:24,408973,8052.683,4993.320,-482.298,21.753,-273.261,-21.378,21.342,0.052,0
2026-01-29 12:27:24,409013,8176.933,1775.009,-416.315,150.801,126.265,4.924,21.329,0.692,0
2026-01-29 12:27:24,409053,7893.136,-2055.837,-425.196,59.537,-171.860,5.164,21.130,-0.323,1
2026-01-29 12:27:24,409093,7962.071,2895.910,-503.284,-102.385,88.098,0.035,21.196,0.338,0
2026-01-29 12:27:24,409133,8025.241,1645.951,-760.867,-86.696,89.040,-47.049,21.175,-0.221,0
2026-01-29 12:27:24,409173,7800.074,-2157.744,-515.988,143.122,-44.845,21.092,20.963,1.236,0
2026-01-29 12:27:24,409213,7992.507,6897.142,-653.737,-83.114,107.801,59.921,21.251,0.805,1
2026-01-29 12:27:24,409253,7734.889,660.938,-611.240,97.303,-193.659,-29.335,21.166,0.314,0
2026-01-29 12:27:24,409293,8054.423,2344.197,-929.552,-229.048,-39.492,28.564,21.190,-1.069,1
2026-01-29 12:27:24,409333,8042.623,2645.457,-663.867,-12.349,248.670,-99.146,21.228,0.743,0
2026-01-29 12:27:24,409373,7985.242,2276.968,-479.969,170.550,40.111,-31.479,21.249,-1.492,0
2026-01-29 12:27:24,409413,8079.195,-436.871,-474.239,-62.938,148.286,88.753,21.130,0.261,1
2026-01-29 12:27:24,409453,8173.611,1357.308,-596.818,-387.872,35.654,167.064,21.112,0.080,0
2026-01-29 12:27:24,409493,7807.999,5366.594,-604.562,64.207,12.359,-81.369,21.310,-0.510,0
2026-01-29 12:27:24,409533,8163.117,-3672.811,-650.504,103.532,-78.044,-98.345,20.987,-0.776,0
2026-01-29 12:27:24,409573,7955.970,6159.833,-659.784,-13.157,37.048,-225.793,21.234,-1.394,0
2026-01-29 12:27:24,409613,8112.960,3385.940,-597.479,24.978,74.965,-113.410,21.309,1.394,1
2026-01-29 12:27:24,409653,8005.888,-2665.420,-564.514,27.071,111.706,-46.692,21.052,-0.182,0
2026-01-29 12:27:24,409693,7908.057,910.164,-525.806,81.263,-84.596,35.423,21.004,-1.146,1
2026-01-29 12:27:24,409733,8010.016,3742.722,-712.101,182.857,-147.813,62.824,21.117,0.126,0
2026-01-29 12:27:24,409773,7853.625,1468.504,-425.487,334.288,-127.290,203.954,21.101,1.397,0
2026-01-29 12:27:24,409813,7994.986,5801.002,-713.785,-1.439,104.285,-332.816,21.324,1.356,0
2026-01-29 12:27:24,409853,7759.647,1407.484,-598.958,249.024,26.198,-152.844,21.294,-0.147,0
2026-01-29 12:27:25,409893,7710.178,-4019.992,-665.621,89.213,-182.196,-171.844,20.970,0.192,0
2026-01-29 12:27:25,409933,8006.306,2405.640,-244.027,2.148,-165.802,-14.258,20.996,0.028,0
2026-01-29 12:27:25,409973,8048.025,4046.863,-694.081,292.846,-81.034,-16.960,21.107,1.475,0
2026-01-29 12:27:25,410013,8164.274,1134.717,-651.429,14.357,-0.608,118.816,21.065,-1.046,0
2026-01-29 12:27:25,410053,7998.874,808.986,-531.133,133.340,129.809,-233.584,21.004,-1.313,1
2026-01-29 12:27:25,410093,7932.571,5551.016,-569.883,-210.810,-21.700,-267.210,21.208,-0.653,1
2026-01-29 12:27:25,410133,7771.988,-1811.635,-742.513,340.414,71.845,28.080,20.982,-0.190,0
2026-01-29 12:27:25,410173,7604.580,6332.179,-717.657,-288.287,92.073,2.387,21.211,-0.723,0
2026-01-29 12:27:25,410213,8209.551,1042.103,-516.983,71.910,46.904,38.749,21.169,0.668,0
2026-01-29 12:27:25,410253,7896.120,3145.111,-386.916,218.169,5.854,50.047,21.253,-0.029,0
2026-01-29 12:27:25,410293,8116.228,-220.248,-408.809,-66.145,114.790,119.243,21.141,-0.336,0
2026-01-29 12:27:25,410333,7939.798,3132.944,-671.037,82.163,105.733,98.343,21.209,-0.445,0
2026-01-29 12:27:25,410373,7575.285,20.486,-596.931,215.634,-182.508,313.544,21.116,-0.456,1
2026-01-29 12:27:25,410413,7835.851,3718.787,-742.182,93.251,96.607,113.086,21.226,-0.665,0
2026-01-29 12:27:25,410453,8055.606,193.157,-807.497,-353.325,-214.444,-221.360,21.127,-0.062,0
2026-01-29 12:27:25,410493,7877.938,5621.966,-474.539,26.467,-37.829,-84.127,21.339,-0.639,0
2026-01-29 12:27:25,410533,8185.588,-4361.556,-730.449,71.747,-37.642,193.571,20.973,-1.344,0
2026-01-29 12:27:25,410573,8076.885,1720.398,-591.256,-13.492,-150.014,-253.130,20.962,-1.013,0
2026-01-29 12:27:25,410613,7956.559,5606.884,-683.964,195.217,-70.953,148.147,21.157,-1.282,0
2026-01-29 12:27:25,410653,7991.660,-836.882,-617.854,280.607,69.817,29.008,20.997,0.121,0
2026-01-29 12:27:25,410693,7830.849,3646.926,-516.653,84.746,216.012,27.456,21.088,0.182,0
2026-01-29 12:27:25,410733,8363.521,938.826,-720.687,10.872,-109.973,19.932,21.033,-0.514,0
2026-01-29 12:27:25,410773,8006.248,6515.126,-415.444,151.786,-31.249,-52.978,21.286,1.073,0
2026-01-29 12:27:25,410813,7949.283,109.358,-701.290,-16.150,122.636,106.957,21.186,0.199,0
2026-01-29 12:27:25,410853,7904.667,1982.402,-932.534,-40.622,8.102,-126.180,21.204,-1.198,0
2026-01-29 12:27:26,410893,7968.232,3990.516,-246.447,-164.994,-307.153,-182.386,21.337,-1.216,1
2026-01-29 12:27:26,410933,8069.603,-1209.454,-779.406,153.674,28.698,-218.446,21.162,-1.397,0
2026-01-29 12:27:26,410973,7868.609,3160.242,-862.988,-59.679,-5.940,-70.351,21.241,-1.377,0
2026-01-29 12:27:26,411013,8055.493,3083.880,-460.316,-267.025,-172.918,1.712,21.307,1.070,0
2026-01-29 12:27:26,411053,7987.204,1713.615,-703.604,-68.823,199.446,-91.360,21.292,0.291,0
2026-01-29 12:27:26,411093,7693.674,-3689.708,-554.117,-126.113,10.219,-79.589,20.968,-0.758,0
2026-01-29 12:27:26,411133,7941.940,3687.600,-534.629,138.147,-73.896,-21.502,21.069,-0.633,0
2026-01-29 12:27:26,411173,8194.112,1521.893,-787.101,83.379,32.202,-136.129,21.063,-1.062,0
2026-01-29 12:27:26,411213,7823.703,5867.178,-414.981,-96.468,147.908,195.581,21.290,1.047,0
2026-01-29 12:27:26,411253,7990.166,1769.703,-360.552,-58.400,152.109,401.233,21.285,0.310,0
2026-01-29 12:27:26,411293,7780.131,1019.629,-703.728,-103.245,220.680,-152.451,21.215,-0.514,0
2026-01-29 12:27:26,411333,7895.737,2558.285,-586.680,-157.140,19.548,-164.657,21.258,-1.027,0
2026-01-29 12:27:26,411373,7837.893,-3089.451,-566.508,-66.742,13.871,144.104,20.979,0.137,0
2026-01-29 12:27:26,411413,8052.843,5052.426,-669.926,-42.108,-8.282,1.678,21.156,-1.365,0
2026-01-29 12:27:26,411453,8034.701,3862.279,-629.069,165.286,104.078,-126.167,21.269,-0.910,1
2026-01-29 12:27:26,411493,8102.789,-3289.072,-648.617,67.324,-179.896,72.096,20.975,0.213,0
2026-01-29 12:27:26,411533,8218.399,2137.595,-535.816,-39.389,5.151,-184.626,20.987,-0.042,0
2026-01-29 12:27:26,411573,7816.908,3748.760,-714.417,160.802,10.251,209.616,21.092,-0.133,0
2026-01-29 12:27:26,411613,8392.387,386.521,-509.562,143.012,-30.841,-97.161,20.997,1.055,0
2026-01-29 12:27:26,411653,8174.239,5930.624,-597.399,-114.741,287.461,28.166,21.228,-0.720,0
2026-01-29 12:27:26,411693,7876.496,-454.136,-423.092,175.564,-32.505,-15.096,21.086,1.481,1
2026-01-29 12:27:26,411733,8017.808,6082.092,-839.391,151.977,-161.988,171.916,21.336,-1.444,0
2026-01-29 12:27:26,411773,8147.320,-1271.224,-599.501,-60.591,-50.989,-42.315,21.143,1.453,0
2026-01-29 12:27:26,411813,8175.413,4271.882,-512.162,45.934,340.601,-9.827,21.275,-0.411,1
2026-01-29 12:27:26,411853,7817.998,839.841,-510.254,-57.891,-178.704,103.192,21.211,1.455,0
2026-01-29 12:27:27,411893,7936.627,1818.403,-512.456,87.276,221.493,-93.134,21.217,-1.413,0
2026-01-29 12:27:27,411933,8220.323,2787.621,-809.865,-98.632,30.933,-58.761,21.277,0.921,0
2026-01-29 12:27:27,411973,8332.111,3213.043,-701.278,12.872,63.818,-52.739,21.350,-1.021,0
2026-01-29 12:27:27,412013,7889.464,-4000.032,-877.291,90.640,72.432,-36.784,21.009,1.339,0
2026-01-29 12:27:27,412053,7810.155,6017.856,-964.602,-83.687,-192.293,-132.108,21.240,0.260,0
2026-01-29 12:27:27,412093,7975.791,436.709,-837.546,-117.916,-140.001,-0.068,21.173,-1.352,1
2026-01-29 12:27:27,412133,7840.885,-1149.355,-317.090,56.030,23.323,-79.611,20.995,-0.228,0
2026-01-29 12:27:27,412173,8119.981,1810.701,-689.194,86.636,160.869,-130.339,20.995,-0.503,1
2026-01-29 12:27:27,412213,8088.566,4342.515,-684.493,-124.349,27.570,-121.091,21.131,-1.203,0
2026-01-29 12:27:27,412253,7858.484,2742.462,-688.135,-360.650,107.287,-74.218,21.176,-0.264,0
2026-01-29 12:27:27,412293,8161.625,2246.516,-252.594,57.036,-51.450,290.734,21.205,0.545,1
2026-01-29 12:27:27,412333,7880.285,-877.863,-584.042,127.688,22.379,-46.691,21.054,-0.826,0
2026-01-29 12:27:27,412373,7860.857,1109.758,-727.615,-77.026,58.246,-166.621,21.007,-1.445,0
2026-01-29 12:27:27,412413,7748.276,4057.328,-707.289,78.538,16.912,-52.579,21.132,-0.448,0
2026-01-29 12:27:27,412453,8127.881,1145.489,-595.081,80.075,358.912,297.554,21.081,-0.499,0
2026-01-29 12:27:27,412493,7979.063,4693.329,-725.851,-232.987,93.222,65.789,21.235,1.208,0
2026-01-29 12:27:27,412533,7858.440,21.461,-659.146,145.663,1.381,304.651,21.136,-0.426,0
2026-01-29 12:27:27,412573,8031.900,-986.937,-675.131,54.543,-39.363,-116.631,20.973,-1.351,0
2026-01-29 12:27:27,412613,8175.573,8113.395,-212.637,-138.386,-19.120,321.222,21.322,-0.799,0
2026-01-29 12:27:27,412653,7947.599,2469.359,-359.738,150.355,-95.184,-17.926,21.345,0.034,0
2026-01-29 12:27:27,412693,8006.343,-2330.376,-838.241,21.808,97.613,-103.141,21.106,-1.385,0
2026-01-29 12:27:27,412733,7799.422,3513.608,-776.750,-79.965,15.661,170.511,21.203,0.292,1
2026-01-29 12:27:27,412773,7970.510,-2178.004,-416.526,26.561,-232.007,208.362,20.970,1.299,0
2026-01-29 12:27:27,412813,7925.404,6017.879,-481.288,-238.616,70.828,175.142,21.205,-0.023,0
2026-01-29 12:27:27,412853,7941.380,4245.807,-459.567,-116.749,-54.545,-137.572,21.352,0.918,0
2026-01-29 12:27:28,412893,7940.010,-305.268,-853.232,18.650,302.010,-1.276,21.227,0.435,0
2026-01-29 12:27:28,412933,8256.823,481.346,-651.286,-66.542,-65.032,99.311,21.131,-0.616,0
2026-01-29 12:27:28,412973,8151.512,894.256,-638.757,-197.976,-90.112,46.145,21.078,-0.982,0
2026-01-29 12:27:28,413013,8033.282,2123.708,-770.202,177.887,-137.055,-96.715,21.077,-1.471,1
2026-01-29 12:27:28,413053,7991.230,2939.912,-910.647,-199.474,110.086,119.923,21.128,-1.270,0
2026-01-29 12:27:28,413093,8268.081,2153.095,-322.696,-98.976,209.354,76.611,21.136,0.921,1
2026-01-29 12:27:28,413133,7882.735,3496.378,-467.914,125.708,67.442,-194.495,21.232,0.551,1
2026-01-29 12:27:28,413173,7812.016,3403.033,-541.388,62.054,62.205,-140.702,21.318,-1.195,0
2026-01-29 12:27:28,413213,7739.915,2577.606,-793.522,107.833,-5.840,-24.213,21.355,0.282,0
2026-01-29 12:27:28,413253,8042.603,734.798,-722.298,-77.909,18.981,-152.584,21.277,-1.093,0
2026-01-29 12:27:28,413293,7936.291,2951.361,-500.679,176.746,226.874,91.077,21.343,0.990,0
2026-01-29 12:27:28,413333,7725.284,-1751.290,-675.231,160.789,-163.055,218.415,21.141,0.865,0
2026-01-29 12:27:28,413373,8090.723,5411.255,-560.722,-45.863,-168.045,-78.420,21.338,0.787,1
2026-01-29 12:27:28,413413,7814.387,-997.639,-200.813,70.968,-76.496,105.522,21.172,0.082,0
2026-01-29 12:27:28,413453,8213.806,-514.020,-771.911,-284.730,-4.346,-241.910,21.032,-0.272,0
2026-01-29 12:27:28,413493,7997.914,4201.534,-545.489,82.129,109.601,-97.127,21.154,0.199,1
2026-01-29 12:27:28,413533,8079.759,5020.714,-613.584,9.957,119.643,-90.293,21.322,1.362,0
2026-01-29 12:27:28,413573,8058.880,1359.702,-483.045,262.254,-83.003,-55.058,21.284,0.748,0
2026-01-29 12:27:28,413613,7819.064,-1269.129,-390.137,61.394,21.460,-228.910,21.104,0.256,0
2026-01-29 12:27:28,413653,8142.329,5189.845,-680.266,52.323,-73.187,206.939,21.288,-0.030,0
2026-01-29 12:27:28,413693,8238.978,-1817.733,-702.505,45.665,47.332,-154.566,21.070,-0.704,0
2026-01-29 12:27:28,413733,8191.386,241.114,-640.464,-41.591,27.824,286.209,20.975,1.067,0
2026-01-29 12:27:28,413773,8125.525,3710.491,-660.093,-195.854,73.288,20.117,21.089,-0.535,0
2026-01-29 12:27:28,413813,8321.474,2169.017,-409.129,68.990,-61.514,300.933,21.091,1.013,0
2026-01-29 12:27:28,413853,7888.806,2575.274,-580.400,25.034,75.171,-183.586,21.137,-0.357,0
2026-01-29 12:27:29,413893,8202.323,4809.136,-634.491,-231.277,113.650,-151.204,21.298,-1.166,0
2026-01-29 12:27:29,413933,8041.087,2050.820,-1054.160,-56.914,-32.431,-125.818,21.309,-1.093,0
2026-01-29 12:27:29,413973,7752.027,-2758.805,-458.764,209.380,-3.115,121.465,21.046,1.187,1
2026-01-29 12:27:29,414013,8163.784,2739.709,-851.078,102.942,136.777,-59.917,21.097,-0.898,1
2026-01-29 12:27:29,414053,7882.331,3068.065,-406.838,-218.357,73.332,42.317,21.166,1.345,1
2026-01-29 12:27:29,414093,7863.906,-1327.203,-770.500,-193.084,98.152,209.075,20.979,0.915,0
2026-01-29 12:27:29,414133,8210.738,4048.173,-595.972,-115.778,-68.853,17.610,21.101,1.430,0
2026-01-29 12:27:29,414173,8197.098,5906.031,-490.633,115.273,-137.769,11.351,21.309,0.357,1
2026-01-29 12:27:29,414213,8105.857,-800.100,-637.644,-17.258,162.029,-212.651,21.154,-1.160,1
2026-01-29 12:27:29,414253,7982.789,708.733,-751.387,-36.170,-101.111,-46.453,21.091,0.957,0
2026-01-29 12:27:29,414293,8265.635,702.586,-614.330,13.951,-12.595,-86.567,21.028,-1.423,0
2026-01-29 12:27:29,414333,8004.792,4944.544,-441.989,-136.150,59.301,-21.235,21.206,0.316,0
2026-01-29 12:27:29,414373,7855.122,-1227.560,-310.053,-13.393,45.552,106.706,21.018,-1.155,1
2026-01-29 12:27:29,414413,7834.686,2647.585,-484.956,201.945,91.605,247.069,21.050,0.992,1
2026-01-29 12:27:29,414453,8088.842,6311.136,-572.001,204.655,23.152,111.141,21.310,1.402,0
2026-01-29 12:27:29,414493,7929.002,2093.152,-623.207,-42.206,69.322,14.955,21.331,0.590,1
2026-01-29 12:27:29,414533,8431.288,-2870.039,-601.561,-106.335,40.917,-26.363,21.078,0.994,1
2026-01-29 12:27:29,414573,8307.935,2523.308,-539.751,157.428,142.381,96.493,21.130,0.868,0
2026-01-29 12:27:29,414613,7917.342,2173.361,-645.630,28.517,164.580,33.690,21.147,0.071,0
2026-01-29 12:27:29,414653,7819.991,-1437.386,-640.268,42.749,-185.427,165.435,20.964,1.490,0
2026-01-29 12:27:29,414693,7855.875,3364.514,-579.791,1.650,244.168,210.799,21.045,0.542,0
2026-01-29 12:27:29,414733,8068.106,4845.716,-517.232,68.008,200.189,-48.462,21.208,0.256,1
2026-01-29 12:27:29,414773,7816.155,-1418.003,-1055.146,-112.785,-73.207,-30.503,21.029,-1.137,1
2026-01-29 12:27:29,414813,8152.193,7266.749,-298.102,-62.340,152.815,110.627,21.331,1.282,1
2026-01-29 12:27:29,414853,7711.057,-3051.319,-631.070,-85.452,255.816,52.876,21.049,-1.298,1
2026-01-29 12:27:30,414893,8036.144,3733.441,-856.688,-62.731,154.860,174.843,21.169,-1.040,0
2026-01-29 12:27:30,414933,7927.352,-1125.592,-537.899,-75.952,3.903,284.719,20.997,1.185,0
2026-01-29 12:27:30,414973,7954.400,7055.646,-752.887,-66.173,-301.112,71.906,21.299,0.448,0
2026-01-29 12:27:30,415013,7911.017,-3725.541,-607.016,-63.437,77.671,155.541,20.981,-0.721,0
2026-01-29 12:27:30,415053,8413.262,5515.382,-805.744,-183.432,216.709,-103.858,21.198,-0.916,0
2026-01-29 12:27:30,415093,7956.279,-341.690,-792.323,-84.918,84.398,-39.526,21.068,-1.267,0
2026-01-29 12:27:30,415133,8102.041,590.837,-567.050,-82.681,-111.993,127.346,20.996,-0.567,0
2026-01-29 12:27:30,415173,7888.891,7009.900,-710.028,-4.537,113.847,-168.881,21.310,-0.524,0
2026-01-29 12:27:30,415213,7773.274,-3273.062,-892.926,67.904,183.128,228.350,21.000,-0.779,0
2026-01-29 12:27:30,415253,8031.583,6237.700,-715.532,-64.305,-26.676,245.120,21.252,0.441,1
2026-01-29 12:27:30,415293,7743.134,2905.293,-487.164,24.585,-115.279,-145.549,21.302,0.236,0
2026-01-29 12:27:30,415333,7998.897,1868.064,-793.817,-121.096,-27.375,-54.371,21.299,0.102,0
2026-01-29 12:27:30,415373,7810.681,955.553,-509.196,16.025,68.084,-125.875,21.252,-0.961,0
2026-01-29 12:27:30,415413,8098.595,1734.632,-827.525,184.842,92.920,252.256,21.220,0.457,0
2026-01-29 12:27:30,415453,8073.627,2835.842,-542.912,-66.836,-112.523,-33.951,21.268,-1.197,0
2026-01-29 12:27:30,415493,7874.855,390.927,-876.685,-127.339,82.144,-245.889,21.197,-0.396,0
2026-01-29 12:27:30,415533,7841.000,-686.609,-439.228,93.748,54.824,94.367,21.053,0.821,0
2026-01-29 12:27:30,415573,7849.414,2088.297,-499.618,-55.196,213.801,24.821,21.071,0.436,0
2026-01-29 12:27:30,415613,8011.387,5909.534,-549.576,80.357,29.869,-49.396,21.309,1.085,0
2026-01-29 12:27:30,415653,8367.605,-2677.468,-724.618,28.751,-96.368,-190.102,21.051,0.136,0
2026-01-29 12:27:30,415693,7933.609,3091.892,-598.157,-317.948,113.984,48.036,21.125,-0.354,1
2026-01-29 12:27:30,415733,8082.401,2562.517,-526.099,-141.344,-209.468,-9.887,21.143,0.489,0
2026-01-29 12:27:30,415773,8226.509,931.204,-525.909,-12.369,45.463,-124.911,21.086,-0.356,0
2026-01-29 12:27:30,415813,7956.773,271.623,-639.092,-32.683,-114.972,166.120,20.993,0.428,0
2026-01-29 12:27:30,415853,8120.295,1440.756,-544.927,-50.164,159.383,114.845,20.965,0.116,0
2026-01-29 12:27:31,415893,7926.964,6300.039,-667.295,59.285,30.869,-109.726,21.225,-0.905,0
2026-01-29 12:27:31,415933,8126.089,-2815.309,-515.128,-84.211,-193.611,-155.479,20.965,-0.024,0
2026-01-29 12:27:31,415973,8082.507,4232.147,-410.652,26.710,2.060,-148.959,21.103,1.020,0
2026-01-29 12:27:31,416013,7865.756,-60.132,-641.632,194.423,104.453,58.494,20.988,-0.591,0
2026-01-29 12:27:31,416053,8268.087,2296.181,-714.521,194.701,47.100,-180.901,21.021,1.427,1
2026-01-29 12:27:31,416093,8047.666,5254.807,-972.841,-59.124,4.795,-227.979,21.205,-0.969,1
2026-01-29 12:27:31,416133,7965.942,2915.136,-728.803,-21.226,48.864,-184.658,21.251,0.563,1
2026-01-29 12:27:31,416173,7881.611,-1511.375,-613.279,-106.449,131.823,-23.977,21.027,0.767,0
2026-01-29 12:27:31,416213,7981.724,1158.879,-375.599,-40.390,26.466,-3.406,20.993,-0.233,0
2026-01-29 12:27:31,416253,8299.461,4223.071,-492.102,-70.790,-99.396,-118.356,21.121,-0.242,0
2026-01-29 12:27:31,416293,7952.604,-400.193,-442.517,-54.794,122.084,97.334,20.991,1.218,0
2026-01-29 12:27:31,416333,7914.614,3344.864,-367.333,17.938,51.237,-160.681,21.081,0.799,1
2026-01-29 12:27:31,416373,8250.652,3904.246,-907.663,-62.681,-38.290,156.448,21.199,0.890,0
2026-01-29 12:27:31,416413,7961.705,-695.035,-622.350,-201.376,68.634,-113.060,21.034,0.429,0
2026-01-29 12:27:31,416453,7817.711,6317.819,-736.983,-94.308,-97.644,113.362,21.284,-0.372,0
2026-01-29 12:27:31,416493,7954.101,-2771.664,-768.699,-167.228,172.139,-0.131,21.014,-0.309,0
2026-01-29 12:27:31,416533,7970.691,6534.753,-566.445,-100.485,-241.104,59.528,21.274,0.281,0
2026-01-29 12:27:31,416573,8072.673,-224.900,-771.561,269.920,82.019,-6.308,21.150,0.609,0
2026-01-29 12:27:31,416613,8062.189,5037.368,-740.074,-321.721,-6.177,-30.535,21.335,-0.237,1
2026-01-29 12:27:31,416653,7989.532,-1701.636,-651.413,184.637,135.577,146.657,21.134,-0.439,0
2026-01-29 12:27:31,416693,7794.930,-1283.666,-434.147,249.580,121.155,2.803,20.968,-0.078,0
2026-01-29 12:27:31,416733,7959.606,5345.275,-532.389,160.948,23.352,327.171,21.170,0.469,0
2026-01-29 12:27:31,416773,8031.079,4046.979,-968.572,83.628,159.804,36.092,21.292,-1.361,1
2026-01-29 12:27:31,416813,7892.319,-2412.289,-677.484,-98.093,38.437,181.554,21.042,1.460,0
2026-01-29 12:27:31,416853,7792.127,2384.191,-810.378,-71.317,-201.734,5.325,21.073,-0.752,0
2026-01-29 12:27:32,416893,8139.819,4566.182,-459.478,18.870,4.194,116.423,21.233,0.628,0
2026-01-29 12:27:32,416933,7996.676,-2269.440,-595.417,-92.915,152.960,-245.724,20.997,0.834,0
2026-01-29 12:27:32,416973,8095.422,2047.060,-559.069,24.139,-115.203,-126.395,21.021,0.659,0
2026-01-29 12:27:32,417013,8187.881,3566.878,-687.984,-73.278,170.864,65.371,21.115,-1.172,0
2026-01-29 12:27:32,417053,8247.729,-953.225,-433.416,-134.236,84.984,-175.743,20.958,0.445,0
2026-01-29 12:27:32,417093,7865.758,4941.236,-235.914,32.438,183.840,-99.977,21.124,-1.480,0
2026-01-29 12:27:32,417133,7965.618,2258.504,-494.117,127.789,67.344,197.300,21.131,0.401,0
2026-01-29 12:27:32,417173,7643.494,-1002.467,-386.115,107.418,116.124,222.409,20.964,0.674,0
2026-01-29 12:27:32,417213,8239.613,4407.235,-536.579,-9.441,138.677,201.545,21.110,-0.024,1
2026-01-29 12:27:32,417253,7730.767,56.238,-717.572,-286.694,97.851,-67.339,21.001,-0.630,0
2026-01-29 12:27:32,417293,7957.577,4596.166,-580.653,-24.124,31.768,349.934,21.168,1.307,0
2026-01-29 12:27:32,417333,8069.586,4930.955,-876.648,-77.499,93.197,-128.094,21.338,-0.834,0
2026-01-29 12:27:32,417373,7989.700,-1130.272,-555.007,-169.845,-142.695,133.293,21.160,-1.253,0
2026-01-29 12:27:32,417413,8150.445,2133.082,-743.672,-177.794,209.718,30.612,21.181,-1.348,0
2026-01-29 12:27:32,417453,7813.638,3036.620,-819.244,124.040,-132.683,115.916,21.258,-1.387,0
2026-01-29 12:27:32,417493,7889.053,-2226.234,-537.179,-135.591,-78.575,107.119,21.020,-0.728,1
2026-01-29 12:27:32,417533,8074.660,4909.963,-408.689,-63.673,148.970,-61.859,21.182,0.763,0
2026-01-29 12:27:32,417573,8322.394,108.524,-753.929,282.541,33.122,-62.187,21.077,-1.208,1
2026-01-29 12:27:32,417613,8163.098,3222.305,-616.678,269.604,22.389,314.150,21.156,0.262,0
2026-01-29 12:27:32,417653,7890.403,-1136.896,-539.247,-147.581,115.980,165.783,20.976,0.636,0
2026-01-29 12:27:32,417693,8280.553,3595.071,-658.185,-169.875,22.678,348.684,21.058,-0.715,0
2026-01-29 12:27:32,417733,7805.197,6051.105,-450.407,141.234,-35.000,144.902,21.292,0.933,0
2026-01-29 12:27:32,417773,8150.916,97.930,-526.055,-85.375,-72.824,-134.307,21.174,-0.260,0
2026-01-29 12:27:32,417813,8032.592,-118.221,-508.152,-1.067,147.942,-117.683,21.072,1.304,1
2026-01-29 12:27:32,417853,8035.825,5420.458,-1286.906,-194.918,20.770,-223.309,21.261,-0.840,0
2026-01-29 12:27:33,417893,8030.583,-2523.526,-609.828,-53.928,39.014,19.131,21.009,-0.017,0
2026-01-29 12:27:33,417933,8073.823,2451.841,-201.687,102.173,-123.154,96.059,21.034,1.489,0
2026-01-29 12:27:33,417973,7864.797,5684.762,-537.549,-26.572,359.513,-96.570,21.246,-0.820,1
2026-01-29 12:27:33,418013,7791.904,-1923.315,-829.542,11.839,-311.966,116.152,21.038,-1.232,0
2026-01-29 12:27:33,418053,8077.630,5569.156,-517.039,-139.916,-19.550,-35.139,21.253,-1.091,0
2026-01-29 12:27:33,418093,8011.768,-2365.420,-620.682,271.303,-3.166,-77.700,21.006,-0.985,0
2026-01-29 12:27:33,418133,8260.462,3583.403,-665.456,356.014,-53.852,-133.631,21.103,-1.480,0
2026-01-29 12:27:33,418173,7577.261,4844.754,-593.584,141.861,-166.659,-81.477,21.292,0.398,0
2026-01-29 12:27:33,418213,7945.222,1873.365,-660.623,273.428,38.089,202.683,21.291,-1.280,0
2026-01-29 12:27:33,418253,8055.994,245.843,-645.438,54.568,44.581,18.559,21.194,-0.606,1
2026-01-29 12:27:33,418293,7926.616,-157.101,-737.371,207.492,-55.674,16.687,21.073,-1.292,0
2026-01-29 12:27:33,418333,8199.783,6592.479,-575.087,-31.241,-56.948,-58.662,21.348,0.043,0
2026-01-29 12:27:33,418373,7665.290,-4851.245,-487.508,4.123,11.714,-236.664,20.975,-0.236,0
2026-01-29 12:27:33,418413,7931.476,4886.800,-754.164,176.403,-64.350,114.360,21.148,-0.087,0
2026-01-29 12:27:33,418453,7871.543,867.273,-607.893,-49.643,86.926,32.057,21.088,-0.388,0
2026-01-29 12:27:33,418493,7924.301,1351.384,-277.717,342.628,170.679,-145.092,21.050,-0.263,0
2026-01-29 12:27:33,418533,8087.389,7192.537,-439.357,215.790,-66.353,151.763,21.356,-0.808,0
2026-01-29 12:27:33,418573,8011.416,-718.960,-774.603,-19.660,112.072,-285.841,21.191,-1.354,1
2026-01-29 12:27:33,418613,7929.382,1234.979,-761.858,-24.370,-71.525,-188.427,21.148,0.288,0
2026-01-29 12:27:33,418653,7804.867,2888.459,-545.580,-198.757,31.177,193.546,21.200,0.544,0
2026-01-29 12:27:33,418693,7874.358,-2026.443,-313.566,152.159,-29.454,34.591,20.978,-0.016,1
2026-01-29 12:27:33,418733,7907.894,4695.788,-468.023,-18.722,183.452,-181.117,21.154,0.814,0
2026-01-29 12:27:33,418773,7770.771,5205.191,-454.622,-216.520,16.269,-60.040,21.352,1.435,0
2026-01-29 12:27:33,418813,7879.052,-3011.132,-656.781,145.081,-99.573,153.879,21.074,-0.264,0
2026-01-29 12:27:33,418853,8025.462,3006.047,-893.527,-122.591,-122.347,83.011,21.128,0.565,0
2026-01-29 12:27:34,418893,7924.229,294.571,-690.027,116.763,105.634,-15.946,21.045,-0.790,0
2026-01-29 12:27:34,418933,8044.995,3263.967,-561.687,149.041,115.153,242.528,21.128,0.151,0
2026-01-29 12:27:34,418973,7833.154,168.959,-777.825,-148.401,-67.750,41.984,21.022,-0.694,0
2026-01-29 12:27:34,419013,7920.092,5601.452,-618.342,153.208,0.228,274.129,21.230,-0.160,1
2026-01-29 12:27:34,419053,7872.749,-2969.822,-654.709,122.106,47.600,-183.792,20.966,-0.594,0
2026-01-29 12:27:34,419093,8084.328,2837.047,-463.772,241.323,224.187,-49.300,21.022,-1.087,0
2026-01-29 12:27:34,419133,7792.256,5887.920,-566.388,-33.988,79.592,96.906,21.250,0.234,0
2026-01-29 12:27:34,419173,8073.845,532.434,-584.317,130.685,106.698,42.241,21.177,1.463,0
2026-01-29 12:27:34,419213,7998.895,225.466,-586.643,1.895,-72.941,-6.869,21.075,0.049,0
2026-01-29 12:27:34,419253,8250.752,6065.355,-583.553,-192.781,-89.978,51.803,21.317,-1.467,1
2026-01-29 12:27:34,419293,7966.464,1652.420,-94.575,195.807,-54.211,103.167,21.298,1.093,0
2026-01-29 12:27:34,419333,7983.131,1753.520,-739.743,238.577,59.128,-153.998,21.296,0.832,0
2026-01-29 12:27:34,419373,8065.717,-4047.419,-954.898,73.971,136.635,-108.390,20.966,-1.489,1
2026-01-29 12:27:34,419413,7836.186,5685.465,-520.220,167.494,219.900,123.801,21.170,0.367,0
2026-01-29 12:27:34,419453,8276.364,513.196,-635.069,-113.048,18.491,35.365,21.106,-0.455,1
2026-01-29 12:27:34,419493,8188.677,-519.583,-172.996,166.303,41.636,-151.431,20.967,0.196,0
2026-01-29 12:27:34,419533,7844.563,5280.485,-631.426,183.708,60.131,-141.802,21.149,0.267,1
2026-01-29 12:27:34,419573,7702.734,4525.486,-426.849,-175.181,-38.337,-309.677,21.302,0.945,0
2026-01-29 12:27:34,419613,7949.285,-3115.681,-466.630,159.795,-105.994,146.471,21.024,0.161,0
2026-01-29 12:27:34,419653,8043.564,3842.338,-626.392,185.401,-119.138,206.209,21.158,-0.047,0
2026-01-29 12:27:34,419693,7970.980,4377.033,-599.009,-118.458,-50.061,-177.679,21.297,-0.811,0
2026-01-29 12:27:34,419733,7929.186,-1691.305,-712.674,-154.412,-50.248,-177.322,21.092,0.828,0
2026-01-29 12:27:34,419773,7951.421,6059.588,-690.765,-149.400,-362.281,-124.785,21.320,-0.540,0
2026-01-29 12:27:34,419813,7988.574,-177.508,-575.023,-97.020,-3.710,28.873,21.221,0.918,0
2026-01-29 12:27:34,419853,7752.782,-297.916,-797.701,92.497,-184.069,152.458,21.084,0.672,0
2026-01-29 12:27:35,419893,8168.452,2601.925,-656.836,-28.947,-43.332,-195.467,21.132,-1.327,0
2026-01-29 12:27:35,419933,8048.142,3384.298,-771.349,75.575,-235.183,-31.015,21.205,-0.858,0
2026-01-29 12:27:35,419973,8068.468,-511.193,-739.469,-327.852,-105.879,-201.673,21.073,-0.622,0
2026-01-29 12:27:35,420013,8145.522,1097.321,-844.266,120.549,-40.862,11.439,21.028,-0.554,0
2026-01-29 12:27:35,420053,7978.599,5919.385,-476.839,-15.774,-296.899,212.616,21.283,0.940,0
2026-01-29 12:27:35,420093,7676.955,-1882.366,-723.833,-57.362,-228.562,-113.055,21.085,-1.096,0
2026-01-29 12:27:35,420133,8061.495,6093.162,-540.171,-122.005,-61.765,116.431,21.318,-0.755,1
2026-01-29 12:27:35,420173,7756.906,1544.993,-500.123,89.619,46.644,-1.530,21.310,0.486,0
2026-01-29 12:27:35,420213,7782.998,-2673.788,-378.072,37.521,81.851,-114.670,21.046,1.491,0
2026-01-29 12:27:35,420253,8053.260,5336.917,-568.264,-43.499,-78.525,-73.656,21.248,1.472,0
2026-01-29 12:27:35,420293,7873.688,474.436,-452.738,-118.051,86.098,-14.143,21.154,-0.337,1
2026-01-29 12:27:35,420333,7980.397,-944.681,-647.386,-98.710,84.936,299.634,20.978,-1.271,0
2026-01-29 12:27:35,420373,7982.573,7191.520,-297.220,5.784,-167.224,258.288,21.296,1.111,0
2026-01-29 12:27:35,420413,7772.037,-2267.223,-729.741,92.062,199.518,177.308,21.065,-0.605,0
2026-01-29 12:27:35,420453,7781.416,309.138,-498.420,-123.580,29.657,-202.325,20.981,-0.836,0
2026-01-29 12:27:35,420493,7721.412,7656.923,-558.503,-99.155,-144.190,-37.507,21.317,0.775,1
2026-01-29 12:27:35,420533,7728.565,636.413,-554.192,-4.333,-20.579,-6.197,21.241,1.096,0
2026-01-29 12:27:35,420573,7968.100,1070.406,-593.870,-35.851,164.079,-116.364,21.197,-1.056,0
2026-01-29 12:27:35,420613,8057.167,-4.287,-486.521,-6.647,118.102,-179.666,21.109,0.580,0
2026-01-29 12:27:35,420653,7954.569,2001.264,-549.040,223.055,-59.140,8.888,21.132,0.239,1
2026-01-29 12:27:35,420693,8334.387,-572.291,-455.504,-21.970,49.762,20.263,20.973,0.835,0
2026-01-29 12:27:35,420733,8042.454,5051.493,-509.905,32.553,46.363,20.193,21.150,-1.233,0
2026-01-29 12:27:35,420773,7931.492,3618.062,-330.144,-167.656,149.345,93.672,21.259,-1.480,0
2026-01-29 12:27:35,420813,8144.747,-1458.879,-661.171,205.832,-59.918,53.067,21.071,1.233,0
2026-01-29 12:27:35,420853,7865.076,4347.846,-713.328,10.020,153.961,-249.346,21.217,0.021,0
2026-01-29 12:27:36,420893,8054.048,-1855.742,-464.705,-128.986,179.013,137.758,21.001,0.432,0
2026-01-29 12:27:36,420933,8133.089,3679.786,-467.995,-274.764,-33.677,70.661,21.099,1.163,0
2026-01-29 12:27:36,420973,7917.472,424.843,-373.297,-6.728,98.694,-91.848,21.004,0.282,0
2026-01-29 12:27:36,421013,8166.359,3478.939,-817.174,-175.944,-51.255,66.357,21.093,-1.204,0
2026-01-29 12:27:36,421053,8166.456,5027.525,-552.287,51.448,-45.749,-122.308,21.273,1.292,1
2026-01-29 12:27:36,421093,8003.359,3273.417,-419.483,-307.234,85.764,-82.690,21.349,-0.176,0
2026-01-29 12:27:36,421133,8071.801,1568.611,-762.977,31.593,8.316,-41.901,21.318,1.318,0
2026-01-29 12:27:36,421173,7912.852,-1122.187,-662.192,32.390,-85.180,74.151,21.154,0.554,0
2026-01-29 12:27:36,421213,8060.440,4329.347,-384.644,-2.734,-175.878,-20.062,21.270,-1.420,0
2026-01-29 12:27:36,421253,7960.503,2480.818,-641.341,102.150,113.955,-137.204,21.306,0.245,0
2026-01-29 12:27:36,421293,8271.337,-3131.425,-748.765,64.240,-13.611,-37.673,21.013,-0.561,1
2026-01-29 12:27:36,421333,8130.921,7258.729,-403.384,-172.641,-61.910,-73.802,21.309,-0.359,1
2026-01-29 12:27:36,421373,8143.271,-2166.316,-726.489,67.366,-142.636,-317.000,21.066,-1.065,0
2026-01-29 12:27:36,421413,8086.294,6157.112,-635.735,123.400,-46.207,193.112,21.316,-1.472,1
2026-01-29 12:27:36,421453,8200.349,-2255.938,-702.014,-215.141,-87.985,60.328,21.085,0.258,0
2026-01-29 12:27:36,421493,7912.072,4995.923,-669.048,127.151,-28.428,-118.713,21.254,1.063,1
2026-01-29 12:27:36,421533,7922.528,-2991.002,-515.185,-30.702,-92.242,-41.070,20.983,-0.472,1
2026-01-29 12:27:36,421573,7941.310,5274.544,-1100.098,-180.173,-61.656,-352.004,21.167,0.401,1
2026-01-29 12:27:36,421613,8210.186,1769.272,-544.024,-205.592,-43.761,-16.224,21.158,-0.506,0
2026-01-29 12:27:36,421653,8042.599,4831.852,-429.122,245.850,-105.522,53.373,21.330,-1.287,0
2026-01-29 12:27:36,421693,8061.665,2080.926,-655.059,57.453,-227.240,100.210,21.333,-0.609,0
2026-01-29 12:27:36,421733,8049.189,-268.771,-374.851,-44.259,205.491,-67.478,21.207,0.879,0
2026-01-29 12:27:36,421773,7921.992,285.482,-464.407,42.237,-59.460,17.396,21.113,0.965,1
2026-01-29 12:27:36,421813,7864.606,3722.385,-285.724,53.132,33.703,50.404,21.213,-0.775,0
2026-01-29 12:27:36,421853,7985.521,-2254.783,-452.212,122.363,-76.306,-21.561,20.966,-0.296,1
2026-01-29 12:27:37,421893,8034.254,2405.779,-489.151,198.984,-154.620,-28.541,21.018,1.247,1
2026-01-29 12:27:37,421933,8245.543,3016.466,-289.965,92.757,-17.317,-56.383,21.093,1.254,0
2026-01-29 12:27:37,421973,8098.467,3927.655,-514.701,-204.317,-203.690,108.357,21.201,0.888,0
2026-01-29 12:27:37,422013,7706.378,-2010.392,-969.381,133.162,207.929,-154.611,20.979,-1.157,0
2026-01-29 12:27:37,422053,8159.012,2121.698,-701.198,60.490,-1.527,79.412,20.979,0.909,0
2026-01-29 12:27:37,422093,7968.111,3445.114,-685.146,-19.336,-83.401,-128.710,21.074,-0.943,1
2026-01-29 12:27:37,422133,8052.850,6705.909,-628.964,-289.907,-41.569,40.860,21.345,1.477,0
2026-01-29 12:27:37,422173,8003.632,-17.673,-550.631,193.293,-7.262,249.485,21.234,1.384,0
2026-01-29 12:27:37,422213,8284.216,-1972.961,-650.250,89.550,-90.955,95.550,21.005,-0.294,1
2026-01-29 12:27:37,422253,7936.851,7616.605,-540.532,-204.705,59.833,11.750,21.346,1.252,0
2026-01-29 12:27:37,422293,8165.958,-431.130,-980.512,-27.075,55.993,-300.852,21.216,-1.340,0
2026-01-29 12:27:37,422333,7917.630,183.484,-469.240,316.100,62.064,347.434,21.125,0.738,1
2026-01-29 12:27:37,422373,8173.614,1827.167,-709.347,51.340,181.725,-261.133,21.112,-0.528,0
2026-01-29 12:27:37,422413,8107.174,-524.611,-752.699,131.812,-197.037,-187.306,20.962,-1.044,0
2026-01-29 12:27:37,422453,7848.262,8103.436,-752.416,28.876,65.263,-350.060,21.312,-1.497,0
2026-01-29 12:27:37,422493,7819.914,1364.939,-335.595,-78.273,-94.133,-190.172,21.279,1.485,0
2026-01-29 12:27:37,422533,8010.944,-10.047,-662.612,119.461,-209.287,27.853,21.187,-0.841,0
2026-01-29 12:27:37,422573,8102.110,4985.075,-556.001,-224.185,197.252,59.780,21.352,0.200,0
2026-01-29 12:27:37,422613,7985.870,275.480,-440.306,-97.661,-92.277,251.425,21.255,-0.184,0
2026-01-29 12:27:37,422653,8090.860,-949.844,-537.307,-182.534,1.457,94.805,21.086,0.009,0
2026-01-29 12:27:37,422693,7933.615,-38.124,-750.429,89.842,-34.588,-31.383,20.980,0.228,0
2026-01-29 12:27:37,422733,8182.441,7524.355,-517.520,98.516,58.471,45.070,21.301,0.266,0
2026-01-29 12:27:37,422773,7744.306,185.916,-230.398,-237.417,156.517,-26.259,21.202,-0.389,0
2026-01-29 12:27:37,422813,8069.763,2890.251,-517.620,-60.579,-118.152,176.790,21.252,1.193,0
2026-01-29 12:27:37,422853,7952.554,-1988.266,-676.216,-102.567,65.844,24.687,21.036,0.832,0
2026-01-29 12:27:38,422893,7836.849,3932.285,-738.663,-260.499,143.403,98.095,21.136,-1.320,0
2026-01-29 12:27:38,422933,8267.124,5631.741,-980.572,136.266,149.623,-282.437,21.341,0.131,0
2026-01-29 12:27:38,422973,8081.985,-1357.264,-588.151,181.333,242.210,-325.823,21.153,-0.182,0
2026-01-29 12:27:38,423013,7757.440,213.091,-751.424,4.380,-81.528,-151.714,21.060,-0.831,0
2026-01-29 12:27:38,423053,7915.573,3432.549,-652.521,-63.361,-115.383,-33.770,21.146,0.030,0
2026-01-29 12:27:38,423093,8140.906,3079.466,-880.271,-99.886,-238.618,-190.385,21.200,-0.001,1
2026-01-29 12:27:38,423133,8152.985,254.004,-675.600,-61.173,-186.654,63.447,21.100,0.869,0
2026-01-29 12:27:38,423173,7819.677,2883.175,-937.687,32.052,-302.027,166.415,21.163,-0.747,1
2026-01-29 12:27:38,423213,8062.385,-241.247,-391.076,-84.646,38.154,-168.992,21.030,-0.779,1
2026-01-29 12:27:38,423253,7880.558,1148.621,-333.640,228.751,-53.320,-46.526,20.979,0.435,0
2026-01-29 12:27:38,423293,8256.670,3386.129,-494.825,-181.540,163.661,-44.181,21.060,0.435,1
2026-01-29 12:27:38,423333,7910.403,2811.984,-543.249,-229.405,-72.322,-10.167,21.119,0.518,0
2026-01-29 12:27:38,423373,8132.503,-624.560,-369.498,12.085,-12.583,-74.477,20.968,-0.981,0
2026-01-29 12:27:38,423413,8104.758,7425.018,-687.304,-44.819,-54.880,-17.444,21.270,-1.146,0
2026-01-29 12:27:38,423453,7961.030,-603.433,-480.125,158.255,-13.002,-136.419,21.128,-0.859,0
2026-01-29 12:27:38,423493,8076.768,3079.356,-381.947,126.990,-32.914,107.310,21.198,1.103,0
2026-01-29 12:27:38,423533,7912.677,686.604,-785.727,181.937,142.346,-82.613,21.129,-1.254,0
2026-01-29 12:27:38,423573,7972.332,5554.226,-849.135,141.695,111.643,-239.438,21.347,-1.309,0
2026-01-29 12:27:38,423613,8036.670,-1045.349,-695.749,-236.003,187.909,275.623,21.162,0.157,0
2026-01-29 12:27:38,423653,7776.176,-14.136,-909.030,-226.828,34.542,55.759,21.045,-0.426,0
2026-01-29 12:27:38,423693,7946.282,4738.436,-562.836,-180.949,149.500,122.830,21.205,-0.977,1
2026-01-29 12:27:38,423733,7785.099,1859.726,-990.091,-53.585,214.155,40.575,21.210,-1.105,1
2026-01-29 12:27:38,423773,7829.748,4219.914,-715.741,-307.462,353.875,74.878,21.348,-1.095,0
2026-01-29 12:27:38,423813,7856.634,749.470,-481.497,93.308,128.570,-304.352,21.288,-1.194,0
2026-01-29 12:27:38,423853,8074.682,130.303,-607.909,-205.216,191.518,-89.201,21.187,-1.324,0
2026-01-29 12:27:39,423893,8167.919,1008.059,-446.623,7.038,18.489,-227.483,21.146,-0.196,0
2026-01-29 12:27:39,423933,7930.745,520.058,-443.100,-108.105,-156.867,-141.665,21.063,0.520,0
2026-01-29 12:27:39,423973,7932.651,6764.296,-757.607,183.616,9.355,118.448,21.332,-0.191,0
2026-01-29 12:27:39,424013,7931.553,-288.145,-886.620,-109.830,-346.473,-194.148,21.195,-0.058,0
2026-01-29 12:27:39,424053,7948.367,3928.248,-444.736,49.378,146.551,82.673,21.293,1.460,0
2026-01-29 12:27:39,424093,8104.242,480.587,-605.400,33.998,-104.543,93.932,21.223,0.944,0
2026-01-29 12:27:39,424133,8166.167,2279.443,-415.191,240.684,164.859,106.786,21.236,-0.236,0
2026-01-29 12:27:39,424173,8095.936,-1379.598,-1007.233,-29.176,-244.308,-43.260,21.059,-0.820,0
2026-01-29 12:27:39,424213,7871.565,5672.380,-578.910,-149.840,-111.395,313.456,21.273,1.087,0
2026-01-29 12:27:39,424253,7836.502,2158.011,-522.941,87.479,-51.825,-94.611,21.276,-0.296,0
2026-01-29 12:27:39,424293,7987.798,1500.037,-547.769,172.731,-98.131,-125.079,21.244,0.590,0
2026-01-29 12:27:39,424333,8093.877,3756.496,-440.452,-188.720,26.636,206.076,21.355,-0.181,1
2026-01-29 12:27:39,424373,8293.478,-565.380,-517.722,-87.483,47.043,-10.397,21.214,0.868,0
2026-01-29 12:27:39,424413,7810.818,835.493,-655.136,16.478,29.452,37.585,21.146,-0.659,0
2026-01-29 12:27:39,424453,8120.272,-661.081,-639.167,104.789,204.515,-20.049,21.004,0.864,0
2026-01-29 12:27:39,424493,8009.470,3360.263,-389.082,118.223,-13.879,90.103,21.092,0.781,0
2026-01-29 12:27:39,424533,8204.075,4221.848,-637.660,-114.436,168.132,170.703,21.223,1.246,0
2026-01-29 12:27:39,424573,8042.391,2020.121,-667.460,-161.302,-198.931,-143.939,21.217,0.495,1
2026-01-29 12:27:39,424613,7980.707,-2400.033,-557.037,4.708,-167.150,109.388,20.992,-0.965,1
2026-01-29 12:27:39,424653,8072.482,5531.066,-440.859,68.774,-5.800,-88.836,21.194,-0.585,0
2026-01-29 12:27:39,424693,8079.883,3772.265,-738.684,-0.063,196.688,-62.317,21.297,-1.077,0
2026-01-29 12:27:39,424733,8258.138,-279.103,-990.847,-55.167,146.889,-126.537,21.177,-1.291,0
2026-01-29 12:27:39,424773,7833.982,3350.684,-854.309,-35.490,-40.931,16.639,21.270,-0.307,0
2026-01-29 12:27:39,424813,8353.630,-2827.059,-672.052,37.463,109.060,54.176,20.979,-0.389,1
2026-01-29 12:27:39,424853,7950.066,7661.445,-716.536,-39.738,199.819,-109.044,21.291,-0.707,1
2026-01-29 12:27:40,424893,7814.024,1650.744,-849.842,-65.410,-38.819,-72.937,21.278,-1.138,1
2026-01-29 12:27:40,424933,7885.910,-607.238,-545.295,-48.411,-98.878,10.142,21.138,1.036,0
2026-01-29 12:27:40,424973,7934.280,1470.740,-858.726,31.063,1.763,-200.660,21.106,0.101,0
2026-01-29 12:27:40,425013,8120.087,13.468,-580.937,127.082,-115.309,-68.766,21.005,1.006,0
2026-01-29 12:27:40,425053,7897.744,5205.211,-784.615,-14.689,59.196,-130.660,21.197,-0.390,0
2026-01-29 12:27:40,425093,8015.242,4341.886,-563.570,-113.109,116.024,-43.470,21.328,-0.247,0
2026-01-29 12:27:40,425133,7925.788,343.473,-650.493,-239.733,-237.605,-38.565,21.236,-0.149,0
2026-01-29 12:27:40,425173,8026.452,-2006.298,-551.564,-91.988,-41.296,27.433,20.999,-0.148,0
2026-01-29 12:27:40,425213,7884.323,2239.895,-714.176,7.519,-62.407,11.943,21.008,-0.748,0
2026-01-29 12:27:40,425253,7782.044,3582.928,-461.906,103.204,-113.446,74.287,21.097,0.493,0
2026-01-29 12:27:40,425293,8024.254,3002.115,-904.648,48.406,-87.050,-148.878,21.164,-0.540,0
2026-01-29 12:27:40,425333,7849.500,5157.885,-676.027,-47.154,128.720,48.406,21.340,0.416,0
2026-01-29 12:27:40,425373,7868.142,-4695.650,-650.231,-51.442,-45.582,98.796,20.969,-1.120,0
2026-01-29 12:27:40,425413,8042.784,2338.783,-750.989,140.402,17.483,-197.060,20.989,0.657,0
2026-01-29 12:27:40,425453,8027.157,4332.333,-601.784,-240.438,-260.485,-154.237,21.137,-0.140,0
2026-01-29 12:27:40,425493,8058.809,3285.846,-892.475,-20.708,290.609,91.497,21.211,0.799,1
2026-01-29 12:27:40,425533,7862.077,2215.420,-999.770,-63.788,-69.665,67.890,21.226,-1.000,0
2026-01-29 12:27:40,425573,8091.430,-1284.939,-537.752,25.270,112.179,479.620,21.042,0.234,0
2026-01-29 12:27:40,425613,7947.519,3100.789,-500.272,-32.171,83.024,173.829,21.104,0.763,0
2026-01-29 12:27:40,425653,8223.696,165.001,-468.284,78.172,63.047,21.167,21.024,-0.592,0
2026-01-29 12:27:40,425693,7940.462,4690.197,-545.726,74.826,259.383,53.846,21.190,0.604,0
2026-01-29 12:27:40,425733,8010.444,891.748,-666.660,-142.734,-44.612,109.549,21.129,-0.377,0
2026-01-29 12:27:40,425773,8186.696,2055.058,-716.455,-17.844,95.218,1.172,21.131,-0.883,1
2026-01-29 12:27:40,425813,7890.937,4018.203,-500.143,-66.099,216.689,-188.852,21.248,0.355,1
2026-01-29 12:27:40,425853,7900.108,2525.409,-536.854,-46.580,-155.026,130.382,21.286,0.691,0
2026-01-29 12:27:41,425893,7867.231,968.445,-586.383,329.549,-64.893,14.049,21.237,-0.835,0
2026-01-29 12:27:41,425933,7976.086,-1088.531,-426.043,43.807,10.574,145.746,21.074,0.398,0
2026-01-29 12:27:41,425973,8106.393,4340.283,-664.435,10.103,-97.049,102.237,21.221,-0.770,0
2026-01-29 12:27:41,426013,8016.165,3051.125,-359.382,95.075,-87.185,148.839,21.286,1.188,0
2026-01-29 12:27:41,426053,8133.204,-2212.062,-721.326,27.092,-71.628,165.728,21.049,0.075,0
2026-01-29 12:27:41,426093,8219.640,3694.451,-553.817,107.230,-153.047,-33.904,21.148,-0.070,0
2026-01-29 12:27:41,426133,8011.510,470.141,-423.895,70.752,-14.848,110.012,21.056,0.093,0
2026-01-29 12:27:41,426173,8076.685,7123.292,-526.626,-189.443,109.539,-24.989,21.354,0.393,0
2026-01-29 12:27:41,426213,7884.331,957.601,-528.887,38.818,-21.539,-216.565,21.308,0.527,0
2026-01-29 12:27:41,426253,7892.869,-887.381,-368.290,-480.193,304.831,-102.627,21.154,0.996,0
2026-01-29 12:27:41,426293,7807.003,4542.749,-646.628,-75.517,117.244,152.414,21.312,1.230,0
2026-01-29 12:27:41,426333,7895.430,1981.615,-780.546,12.725,-176.797,37.846,21.305,-0.406,0
2026-01-29 12:27:41,426373,8006.579,-2020.571,-763.030,8.377,28.139,-62.965,21.084,1.416,0
2026-01-29 12:27:41,426413,8088.228,1630.583,-756.159,-192.757,-153.928,173.474,21.077,-0.460,0
2026-01-29 12:27:41,426453,7987.193,601.544,-398.771,-114.175,-80.812,123.459,21.002,0.676,0
2026-01-29 12:27:41,426493,8028.642,7284.946,-481.641,-132.017,100.930,163.606,21.301,-1.190,0
2026-01-29 12:27:41,426533,8174.622,-1947.967,-786.755,-110.501,-7.985,-221.980,21.076,-1.062,0
2026-01-29 12:27:41,426573,7922.229,2758.579,-273.398,132.696,212.125,155.265,21.127,-0.004,0
2026-01-29 12:27:41,426613,7748.596,2881.051,-351.378,97.721,5.845,6.345,21.176,-0.008,1
2026-01-29 12:27:41,426653,8032.140,1.311,-524.215,-165.277,-100.146,243.969,21.061,1.024,1
2026-01-29 12:27:41,426693,7611.078,3995.242,-943.119,8.871,-230.354,-392.857,21.179,-1.429,0
2026-01-29 12:27:41,426733,8348.418,-627.750,-822.400,-363.299,-13.554,-82.641,21.041,-0.243,0
2026-01-29 12:27:41,426773,8005.693,4481.289,-549.791,-64.126,0.170,-89.066,21.179,-0.594,0
2026-01-29 12:27:41,426813,7963.830,1830.096,-462.998,-191.697,-9.709,-122.611,21.167,1.235,0
2026-01-29 12:27:41,426853,7912.345,3069.917,-779.211,-173.808,-42.787,-27.111,21.233,-0.146,0
2026-01-29 12:27:42,426893,7951.595,-2776.459,-579.836,-121.654,123.512,292.452,20.974,1.393,0
2026-01-29 12:27:42,426933,8076.720,4601.649,-625.153,104.647,-71.933,62.156,21.107,-0.988,0
2026-01-29 12:27:42,426973,7975.480,-455.777,-360.384,-252.658,-58.450,-46.878,20.990,-0.643,0
2026-01-29 12:27:42,427013,8260.695,6085.315,-493.894,-193.029,10.483,-88.137,21.229,-0.974,1
2026-01-29 12:27:42,427053,8010.251,-1836.831,-470.113,86.399,86.171,-159.283,21.020,1.143,0
2026-01-29 12:27:42,427093,7775.157,1607.791,-258.170,-66.790,-160.455,-123.371,21.011,1.298,0
2026-01-29 12:27:42,427133,8045.639,3203.758,-266.745,194.471,14.187,162.511,21.100,0.009,1
2026-01-29 12:27:42,427173,7919.186,1887.266,-433.962,75.145,40.389,-199.096,21.082,0.300,0
2026-01-29 12:27:42,427213,8027.064,1491.360,-733.973,-132.903,184.610,-29.974,21.050,-0.532,0
2026-01-29 12:27:42,427253,8135.559,5628.204,-661.607,195.668,176.991,-66.322,21.265,0.132,0
2026-01-29 12:27:42,427293,8095.316,1658.502,-554.646,-34.341,74.627,-230.752,21.270,0.923,0
2026-01-29 12:27:42,427333,7861.567,-1877.816,-858.375,23.602,-111.863,171.710,21.066,-0.418,0
2026-01-29 12:27:42,427373,7983.224,6951.163,-648.669,134.134,-12.193,2.319,21.352,-0.668,0
2026-01-29 12:27:42,427413,8029.812,-3931.576,-701.859,31.116,71.531,-149.323,21.033,0.011,0
2026-01-29 12:27:42,427453,8133.572,6738.121,-447.764,-60.169,-70.581,-299.419,21.322,-1.219,0
2026-01-29 12:27:42,427493,7901.112,-3189.763,-909.907,-7.144,190.278,-0.920,21.043,-0.955,0
2026-01-29 12:27:42,427533,8204.702,5860.766,-535.653,-25.535,-340.316,139.423,21.278,0.771,0
2026-01-29 12:27:42,427573,7827.928,2244.862,-456.651,-85.394,18.658,-4.680,21.299,1.377,0
2026-01-29 12:27:42,427613,8008.990,-3888.047,-483.128,20.452,316.712,-66.317,20.975,0.699,0
2026-01-29 12:27:42,427653,7810.936,6601.556,-952.259,321.457,-49.241,6.272,21.253,-1.311,0
2026-01-29 12:27:42,427693,8193.165,3107.736,-563.571,250.296,-60.128,-151.940,21.324,0.892,0
2026-01-29 12:27:42,427733,8050.064,-2214.082,-897.107,3.772,54.280,-46.761,21.097,0.407,0
2026-01-29 12:27:42,427773,7963.368,92.287,-557.300,-43.549,-98.344,163.687,21.000,-0.096,0
2026-01-29 12:27:42,427813,8139.670,2547.520,-279.706,73.373,90.531,-8.650,21.055,-0.667,0
2026-01-29 12:27:42,427853,7800.940,6191.407,-450.997,52.341,215.636,29.605,21.300,-0.066,0
2026-01-29 12:27:43,427893,7690.337,-2373.180,-649.052,118.757,139.339,40.608,21.050,-0.428,0
2026-01-29 12:27:43,427933,7860.800,3771.522,-627.143,-102.433,151.025,100.384,21.175,0.045,0
2026-01-29 12:27:43,427973,8074.260,-2092.191,-783.582,-122.302,-79.140,-212.316,20.962,-0.719,1
2026-01-29 12:27:43,428013,8011.674,3516.865,-296.988,21.438,64.789,-461.520,21.075,-0.053,0
2026-01-29 12:27:43,428053,7895.997,6580.353,-436.797,266.616,8.679,-101.473,21.334,-0.794,0
2026-01-29 12:27:43,428093,7970.301,-359.107,-577.690,-100.288,-160.931,62.852,21.214,-0.790,0
2026-01-29 12:27:43,428133,7764.601,2520.262,-614.747,86.817,-47.959,-90.462,21.246,0.566,0
2026-01-29 12:27:43,428173,7983.520,475.335,-667.554,312.872,10.587,17.462,21.164,1.099,0
2026-01-29 12:27:43,428213,7940.154,-1061.979,-707.461,-26.551,133.229,14.742,20.994,0.035,0
2026-01-29 12:27:43,428253,7893.906,2698.900,-586.888,-189.577,170.663,374.915,21.033,0.360,0
2026-01-29 12:27:43,428293,7955.439,6217.085,-858.486,-36.785,-197.215,-8.974,21.272,-1.466,0
2026-01-29 12:27:43,428333,8175.107,-3252.075,-534.444,-75.125,-27.773,176.166,20.988,-0.252,0
2026-01-29 12:27:43,428373,8307.232,7871.781,-1027.245,15.843,-34.358,-343.106,21.329,-0.962,0
2026-01-29 12:27:43,428413,8115.127,-3658.896,-666.421,254.411,57.016,89.261,21.010,0.647,0
2026-01-29 12:27:43,428453,8041.565,2118.711,-477.968,-65.460,-150.687,260.086,21.024,-0.589,0
2026-01-29 12:27:43,428493,7967.125,5227.528,-703.178,97.086,81.667,62.002,21.219,-0.138,0
2026-01-29 12:27:43,428533,7987.671,-820.792,-616.281,-255.680,232.000,-222.859,21.074,0.510,0
2026-01-29 12:27:43,428573,7836.868,1699.684,-503.134,48.678,226.158,-24.587,21.048,-0.076,0
2026-01-29 12:27:43,428613,7994.664,2404.296,-586.873,33.298,-261.497,121.752,21.078,0.122,0
2026-01-29 12:27:43,428653,8152.846,2996.395,-353.470,180.839,-37.604,-5.169,21.140,0.792,1
2026-01-29 12:27:43,428693,7884.962,-125.182,-642.325,88.640,-85.618,233.565,21.025,-0.513,0
2026-01-29 12:27:43,428733,7981.208,3936.430,-680.167,-7.323,-259.501,-70.867,21.132,-1.060,1
2026-01-29 12:27:43,428773,8111.091,974.493,-507.806,59.547,-5.992,-90.103,21.071,0.560,0
2026-01-29 12:27:43,428813,7940.812,2579.373,-658.205,-18.268,-31.116,-84.611,21.117,-0.116,1
2026-01-29 12:27:43,428853,8176.150,1315.839,-897.827,-187.802,93.755,0.303,21.091,-0.495,0
2026-01-29 12:27:44,428893,8197.119,-439.739,-739.716,-332.488,279.214,90.263,20.966,0.229,0
2026-01-29 12:27:44,428933,8036.910,6888.412,-469.349,-202.821,-91.779,-150.776,21.254,0.106,0
2026-01-29 12:27:44,428973,8136.257,2550.092,-554.431,-222.401,-101.556,59.763,21.290,0.758,0
2026-01-29 12:27:44,429013,8064.675,504.019,-854.943,23.752,-100.192,-186.062,21.218,-1.443,0
2026-01-29 12:27:44,429053,7996.348,4347.530,-793.112,19.477,-67.893,76.650,21.349,-0.745,1
2026-01-29 12:27:44,429093,8310.160,-1240.210,-308.228,-26.739,-80.883,-149.235,21.190,1.313,0
2026-01-29 12:27:44,429133,7997.510,-2399.769,-457.118,-54.866,50.703,-185.728,20.959,0.074,0
2026-01-29 12:27:44,429173,7986.147,5407.898,-619.860,138.976,13.672,-37.154,21.162,0.151,0
2026-01-29 12:27:44,429213,8097.385,4722.663,-901.519,60.700,29.061,-188.324,21.314,-0.145,0
2026-01-29 12:27:44,429253,7881.240,920.024,-661.604,-322.311,20.635,20.436,21.255,0.780,0
2026-01-29 12:27:44,429293,7869.815,312.917,-689.212,-17.913,-213.663,-64.400,21.163,-1.376,0
2026-01-29 12:27:44,429333,8142.580,-329.424,-673.103,-144.498,-152.969,-170.056,21.022,1.396,0
2026-01-29 12:27:44,429373,8175.833,1698.825,-847.613,5.699,-96.695,-78.684,21.021,-1.084,0
2026-01-29 12:27:44,429413,7875.173,2357.048,-415.306,138.484,-65.714,-157.582,21.060,-0.746,0
2026-01-29 12:27:44,429453,7778.511,1895.260,-363.724,159.254,-85.425,25.607,21.071,1.148,0
2026-01-29 12:27:44,429493,8031.782,1462.625,-714.169,-99.375,105.834,-126.207,21.032,-0.846,1
2026-01-29 12:27:44,429533,8161.873,1976.544,-873.531,-84.458,81.472,-103.308,21.044,-1.112,0
2026-01-29 12:27:44,429573,7790.709,1211.449,-577.441,99.352,4.118,90.489,20.999,-1.449,1
2026-01-29 12:27:44,429613,7931.807,1291.602,-642.132,16.536,62.151,145.235,20.964,-0.285,0
2026-01-29 12:27:44,429653,7851.948,7792.304,-557.413,-128.557,-6.860,126.667,21.318,-0.101,0
2026-01-29 12:27:44,429693,7751.329,1810.384,-937.786,144.574,23.359,276.481,21.317,1.370,0
2026-01-29 12:27:44,429733,7903.528,358.628,-585.525,99.415,37.136,113.480,21.242,0.159,0
2026-01-29 12:27:44,429773,8271.964,-374.115,-518.552,26.066,88.801,23.810,21.112,-1.054,0
2026-01-29 12:27:44,429813,8150.790,3866.021,-568.585,-210.195,76.623,7.798,21.232,1.115,0
2026-01-29 12:27:44,429853,7876.836,-2830.598,-694.739,-61.453,121.605,82.089,20.972,0.984,0
2026-01-29 12:27:45,429893,7875.476,8784.344,-861.992,95.909,-76.449,94.255,21.342,0.082,1
2026-01-29 12:27:45,429933,8007.831,-504.804,-748.891,86.129,86.190,-180.009,21.192,-0.493,1
2026-01-29 12:27:45,429973,7718.254,259.865,-701.858,24.566,169.617,-143.245,21.109,-0.105,0
2026-01-29 12:27:45,430013,7988.032,3267.156,-655.440,6.294,-68.130,56.647,21.176,0.036,1
2026-01-29 12:27:45,430053,7901.587,-514.934,-625.041,96.787,-135.231,134.435,21.029,-0.610,0
2026-01-29 12:27:45,430093,7788.150,1347.621,-639.194,18.040,200.565,-63.549,20.981,1.073,0
2026-01-29 12:27:45,430133,7914.804,6224.957,-335.697,91.840,-226.275,63.932,21.243,0.805,0
2026-01-29 12:27:45,430173,8071.650,2847.391,-570.243,-150.545,-126.535,-65.422,21.295,1.355,0
2026-01-29 12:27:45,430213,8158.834,40.541,-616.644,-95.731,-117.617,36.931,21.195,0.150,0
2026-01-29 12:27:45,430253,7898.613,4172.196,-773.467,61.875,196.682,-44.874,21.328,-0.363,0
2026-01-29 12:27:45,430293,7943.026,-1283.404,-437.006,155.475,-134.839,258.116,21.152,-0.222,0
2026-01-29 12:27:45,430333,8213.354,-325.844,-546.320,-51.866,-157.950,-121.974,21.020,1.282,0
2026-01-29 12:27:45,430373,8002.024,4191.717,-351.123,98.700,-66.098,82.512,21.130,0.392,0
2026-01-29 12:27:45,430413,7912.747,1119.790,-428.937,6.116,149.336,-65.290,21.073,0.941,0
2026-01-29 12:27:45,430453,8046.625,6260.840,-297.243,-94.445,105.263,118.253,21.313,0.598,1
2026-01-29 12:27:45,430493,7907.838,-1754.545,-728.335,57.804,-51.200,-109.337,21.094,-1.486,0
2026-01-29 12:27:45,430533,7993.456,1105.437,-550.574,171.161,-145.338,-65.114,21.058,-0.337,0
2026-01-29 12:27:45,430573,8224.524,2413.348,-816.623,12.790,173.175,-124.604,21.091,-0.579,0
2026-01-29 12:27:45,430613,8147.749,-392.482,-650.626,291.115,-123.542,408.347,20.965,0.913,0
2026-01-29 12:27:45,430653,7959.210,3283.817,-484.148,-109.776,-19.354,-45.499,21.040,-0.266,0
2026-01-29 12:27:45,430693,7994.172,2286.534,-352.610,-219.266,179.206,-84.944,21.067,1.058,1
2026-01-29 12:27:45,430733,7775.167,3325.293,-902.648,-10.901,79.344,150.593,21.156,-1.411,0
2026-01-29 12:27:45,430773,7925.001,2807.953,-452.943,-51.028,-201.824,249.412,21.222,1.000,0
2026-01-29 12:27:45,430813,7974.432,3870.875,-667.588,-37.103,-54.829,-203.545,21.332,-0.469,0
2026-01-29 12:27:45,430853,8030.330,1437.986,-553.917,170.009,71.830,74.257,21.306,0.714,0
2026-01-29 12:27:46,430893,7781.082,-4146.628,-938.653,-6.569,52.103,54.659,20.972,-1.316,0
2026-01-29 12:27:46,430933,8029.705,3612.618,-843.720,202.123,-170.998,241.265,21.072,1.051,0
2026-01-29 12:27:46,430973,7728.937,1470.259,-442.561,28.915,40.593,-41.328,21.032,1.043,0
2026-01-29 12:27:46,431013,8163.602,3969.481,-722.109,82.566,-151.665,-18.368,21.142,0.567,0
2026-01-29 12:27:46,431053,7908.674,3275.925,-471.032,-30.228,69.264,46.364,21.232,-0.036,0
2026-01-29 12:27:46,431093,8301.344,-2735.025,-293.328,-254.245,-21.570,208.467,20.976,0.272,0
2026-01-29 12:27:46,431133,8063.202,8063.979,-191.106,1.648,-72.645,204.364,21.333,0.664,0
2026-01-29 12:27:46,431173,8157.303,-3269.250,-496.444,-47.130,-127.454,-97.964,21.045,-0.235,0
2026-01-29 12:27:46,431213,7997.499,2636.710,-760.796,99.195,-172.412,-37.026,21.096,-0.930,0
2026-01-29 12:27:46,431253,7966.340,3600.435,-615.651,-131.671,115.320,1.642,21.193,1.255,0
2026-01-29 12:27:46,431293,8036.323,-1209.554,-496.162,58.023,166.766,60.683,21.011,1.006,0
2026-01-29 12:27:46,431333,7899.587,3010.481,-510.278,282.148,-64.639,18.911,21.086,-1.426,0
2026-01-29 12:27:46,431373,7755.385,6295.022,-831.782,-44.038,-45.209,110.421,21.334,-1.075,0
2026-01-29 12:27:46,431413,8129.928,-15.047,-431.614,-82.148,-61.997,96.504,21.232,0.442,0
2026-01-29 12:27:46,431453,7824.641,-1080.052,-332.368,-50.592,-26.771,137.292,21.062,1.468,1
2026-01-29 12:27:46,431493,7841.711,2942.613,-649.943,28.189,55.224,-232.459,21.123,-0.454,0
2026-01-29 12:27:46,431533,7886.360,615.525,-950.176,-121.025,177.985,-21.506,21.047,-1.088,0
2026-01-29 12:27:46,431573,7861.188,721.687,-771.770,58.722,-54.714,63.480,20.980,-1.429,1
2026-01-29 12:27:46,431613,8157.289,7841.980,-793.245,-87.799,-316.614,-186.440,21.325,-1.274,0
2026-01-29 12:27:46,431653,8104.142,-3683.743,-669.457,183.870,255.879,324.654,21.002,0.854,0
2026-01-29 12:27:46,431693,7800.600,1182.572,-747.310,37.187,-58.065,16.414,20.962,-0.130,0
2026-01-29 12:27:46,431733,8151.229,5175.664,-510.066,-152.861,-32.466,-89.987,21.161,0.637,0
2026-01-29 12:27:46,431773,8013.384,-1232.342,-633.988,-166.530,47.677,-71.162,20.989,-1.294,0
2026-01-29 12:27:46,431813,7994.111,3566.822,-844.769,-332.640,138.344,103.515,21.082,0.301,1
2026-01-29 12:27:46,431853,7981.740,-135.782,-605.317,61.277,-155.621,-60.648,20.965,-1.449,0
2026-01-29 12:27:47,431893,7867.632,2532.352,-637.554,122.372,-56.670,-48.737,21.006,-1.046,0
2026-01-29 12:27:47,431933,8036.944,7229.013,-757.790,156.220,-0.529,-273.553,21.312,-0.310,0
2026-01-29 12:27:47,431973,8258.297,-4261.201,-642.984,-142.362,102.414,28.927,20.962,0.442,0
2026-01-29 12:27:47,432013,8128.044,1927.032,-570.627,-90.654,-240.214,246.184,20.969,1.154,0
2026-01-29 12:27:47,432053,8138.155,2712.875,-671.601,-113.785,155.597,-97.461,21.036,-1.390,0
2026-01-29 12:27:47,432093,8015.055,1425.708,-451.202,192.139,-196.939,-71.392,21.041,1.358,0
2026-01-29 12:27:47,432133,8046.850,2620.191,-625.315,-16.832,-171.451,154.950,21.099,-0.787,0
2026-01-29 12:27:47,432173,8103.689,4590.312,-530.701,28.442,84.113,200.368,21.256,1.349,0
2026-01-29 12:27:47,432213,8006.755,2350.330,-505.701,-7.605,119.890,-275.908,21.280,-0.414,0
2026-01-29 12:27:47,432253,8030.400,-3668.153,-725.118,-125.733,-244.508,-117.014,20.958,-0.839,0
2026-01-29 12:27:47,432293,8262.533,7601.052,-351.412,-160.094,50.261,-34.405,21.288,-0.692,0
2026-01-29 12:27:47,432333,7758.174,-3130.206,-584.703,5.109,-80.656,118.574,21.007,0.537,0
2026-01-29 12:27:47,432373,8014.329,5893.083,-576.737,126.219,-2.813,-116.837,21.239,0.976,0
2026-01-29 12:27:47,432413,8037.684,-1370.895,-661.030,-117.086,266.175,-249.878,21.047,-0.317,0
2026-01-29 12:27:47,432453,8061.300,730.234,-260.620,68.731,-40.957,-34.861,20.985,-0.637,0
2026-01-29 12:27:47,432493,8079.232,1396.094,-435.318,138.925,20.794,193.302,20.964,-0.068,0
2026-01-29 12:27:47,432533,8122.063,2585.494,-750.918,-155.733,118.094,-225.344,21.013,1.087,0
2026-01-29 12:27:47,432573,8020.951,3845.099,-657.427,136.024,78.649,-82.458,21.117,0.137,0
2026-01-29 12:27:47,432613,8125.562,-828.302,-698.277,-53.579,-15.771,359.132,20.962,1.265,1
2026-01-29 12:27:47,432653,8203.744,3988.105,-897.580,39.785,-168.594,-163.370,21.081,-0.766,0
2026-01-29 12:27:47,432693,7989.024,5886.120,-774.769,-42.102,38.094,12.266,21.296,-0.159,0
2026-01-29 12:27:47,432733,8227.547,-3321.192,-451.979,-0.908,-30.471,53.693,21.004,1.468,0
2026-01-29 12:27:47,432773,7914.239,2101.541,-757.955,89.146,61.887,192.017,21.026,-0.091,1
2026-01-29 12:27:47,432813,8236.401,6966.388,-684.546,-21.859,-2.511,-303.448,21.319,-1.283,0
2026-01-29 12:27:47,432853,8152.169,-1725.947,-753.338,-347.071,-26.864,-141.168,21.117,-1.386,1
2026-01-29 12:27:48,432893,7916.399,3092.266,-828.086,-113.603,-16.033,76.088,21.199,-0.165,0
2026-01-29 12:27:48,432933,7874.847,98.399,-656.693,53.142,89.908,-172.015,21.098,-0.710,1
2026-01-29 12:27:48,432973,7930.402,2738.062,-463.136,-283.649,28.466,19.999,21.145,-0.622,0
2026-01-29 12:27:48,433013,8044.732,3285.800,-386.205,117.102,-167.416,105.780,21.215,0.859,0
2026-01-29 12:27:48,433053,7937.210,-901.572,-482.906,-185.326,-31.585,-184.138,21.052,-0.620,0
2026-01-29 12:27:48,433093,8047.369,5860.254,-505.614,77.238,-232.539,-31.942,21.261,-1.005,0
2026-01-29 12:27:48,433133,8068.127,-1849.710,-502.254,275.499,-63.321,100.601,21.048,0.807,0
2026-01-29 12:27:48,433173,7770.868,4315.560,-325.808,-104.692,-209.169,-80.784,21.185,1.321,0
2026-01-29 12:27:48,433213,8134.271,3001.485,-808.219,-27.113,21.820,-10.143,21.246,-0.282,0
2026-01-29 12:27:48,433253,7962.468,-1489.497,-910.656,49.258,-41.989,53.388,21.043,-0.898,0
2026-01-29 12:27:48,433293,8079.595,7320.360,-597.073,216.050,-30.460,-145.941,21.348,-1.495,1
2026-01-29 12:27:48,433333,8306.651,-2648.400,-369.845,-77.818,-171.853,-236.581,21.083,0.624,1
2026-01-29 12:27:48,433373,7914.404,2879.036,-800.645,-51.440,315.416,54.002,21.161,-1.229,0
2026-01-29 12:27:48,433413,8147.692,-1113.486,-665.915,7.255,150.964,-198.541,20.997,-1.331,1
2026-01-29 12:27:48,433453,8236.041,7531.557,-692.966,273.381,78.364,73.379,21.310,0.918,0
2026-01-29 12:27:48,433493,8025.716,-1418.937,-715.700,70.824,166.985,-47.438,21.118,-0.233,0
2026-01-29 12:27:48,433533,7775.570,-618.822,-707.380,-38.662,340.040,-188.375,20.982,-0.584,0
2026-01-29 12:27:48,433573,7834.717,5083.572,-456.938,33.971,-81.687,267.330,21.163,0.062,1
2026-01-29 12:27:48,433613,8077.406,5045.477,-564.052,-212.032,-196.284,187.750,21.349,1.389,0
2026-01-29 12:27:48,433653,7925.073,1000.936,-467.258,-197.168,-16.318,119.944,21.314,-0.877,1
2026-01-29 12:27:48,433693,8011.694,-3150.373,-692.336,-261.655,-158.180,-3.281,21.030,0.748,0
2026-01-29 12:27:48,433733,8190.989,3807.236,-559.122,164.026,9.225,-17.476,21.153,1.413,0
2026-01-29 12:27:48,433773,8143.541,4498.501,-515.498,47.788,230.542,-124.097,21.296,-0.224,0
2026-01-29 12:27:48,433813,7987.541,263.333,-462.919,-59.556,202.067,178.965,21.209,0.561,0
2026-01-29 12:27:48,433853,8037.076,1384.277,-527.742,36.818,-330.678,21.512,21.154,0.830,0
2026-01-29 12:27:49,433893,7680.223,2963.603,-440.054,85.076,5.092,-18.419,21.229,0.983,0
2026-01-29 12:27:49,433933,8175.505,-809.917,-1098.679,-87.685,87.132,245.240,21.089,-0.918,0
2026-01-29 12:27:49,433973,8232.215,3111.078,-729.312,-52.862,115.052,-189.783,21.171,-0.480,0
2026-01-29 12:27:49,434013,7959.405,1642.699,-801.017,58.599,-56.201,-135.883,21.154,-0.394,0
2026-01-29 12:27:49,434053,8007.651,-923.879,-285.678,-105.593,120.666,104.533,20.998,1.262,0
2026-01-29 12:27:49,434093,8150.576,4952.735,-610.221,353.079,23.580,-101.844,21.188,-0.108,0
2026-01-29 12:27:49,434133,7934.476,-769.824,-781.274,150.425,-31.446,-61.452,21.033,-0.055,1
2026-01-29 12:27:49,434173,8169.309,4337.559,-394.249,236.666,-207.841,349.015,21.171,1.196,1
2026-01-29 12:27:49,434213,8091.246,-1204.622,-670.244,-167.713,-6.493,-189.621,21.007,0.627,0
2026-01-29 12:27:49,434253,7968.223,6410.220,-821.042,-192.290,-76.569,202.284,21.273,0.049,0
2026-01-29 12:27:49,434293,8174.118,-3709.405,-687.699,-116.680,116.878,76.598,20.960,0.459,0
2026-01-29 12:27:49,434333,7957.418,3479.566,-762.434,48.806,-80.127,-146.024,21.033,0.022,0
2026-01-29 12:27:49,434373,8156.347,2424.267,-584.339,-123.968,-327.954,-98.116,21.054,-0.619,0
2026-01-29 12:27:49,434413,8354.015,1723.328,-530.309,102.964,26.008,-93.696,21.050,0.957,1
2026-01-29 12:27:49,434453,7837.781,3313.109,-758.414,-117.577,87.707,-285.242,21.117,-0.951,1
2026-01-29 12:27:49,434493,7886.712,2889.833,-677.464,-37.615,113.076,60.750,21.169,0.857,1
2026-01-29 12:27:49,434533,7956.186,4505.803,-790.174,43.734,-24.407,-297.552,21.312,-0.501,0
2026-01-29 12:27:49,434573,8180.081,2451.599,-625.262,118.828,287.385,-309.908,21.341,0.915,0
2026-01-29 12:27:49,434613,8124.188,1963.806,-852.325,1.103,-6.139,-24.374,21.357,0.355,0
2026-01-29 12:27:49,434653,7928.102,-3367.461,-477.231,-67.203,-176.264,-57.489,21.076,0.613,0
2026-01-29 12:27:49,434693,8215.116,5261.786,-963.480,-61.214,-27.935,-88.454,21.276,-0.828,0
2026-01-29 12:27:49,434733,7850.952,2533.503,-194.245,41.159,-106.098,153.905,21.310,0.656,0
2026-01-29 12:27:49,434773,7922.694,1962.017,-903.187,-182.236,3.373,-102.250,21.329,-0.496,1
2026-01-29 12:27:49,434813,7847.308,83.799,-558.452,212.618,-244.531,59.570,21.218,0.749,0
2026-01-29 12:27:49,434853,7920.175,-289.341,-1006.769,-106.453,-69.392,5.027,21.088,-0.526,0
2026-01-29 12:27:50,434893,8032.818,449.598,-887.857,77.896,62.001,-75.521,20.993,0.359,1
2026-01-29 12:27:50,434933,7983.441,1926.696,-609.357,3.242,51.638,165.856,20.977,-0.095,1
2026-01-29 12:27:50,434973,7929.886,7337.879,-364.525,214.712,-39.975,3.140,21.288,-0.400,0
2026-01-29 12:27:50,435013,7891.301,-1193.937,-881.890,-99.121,67.479,98.370,21.115,-1.007,0
2026-01-29 12:27:50,435053,8165.746,1327.693,-1000.249,-127.029,308.351,-8.765,21.074,-1.005,0
2026-01-29 12:27:50,435093,8331.689,4297.470,-448.950,-77.986,27.368,-10.858,21.215,1.430,0
2026-01-29 12:27:50,435133,8087.598,-87.126,-503.865,86.092,-56.741,-163.110,21.086,-1.480,0
2026-01-29 12:27:50,435173,8088.642,3027.672,-513.721,151.810,-110.258,34.178,21.171,-0.965,1
2026-01-29 12:27:50,435213,8051.108,1888.542,-435.199,105.374,-100.935,-27.936,21.187,-0.627,1
2026-01-29 12:27:50,435253,8121.113,4678.996,-653.662,-50.900,108.513,63.127,21.352,1.035,0
2026-01-29 12:27:50,435293,8108.725,996.720,-561.786,187.398,-331.555,151.067,21.292,-0.446,0
2026-01-29 12:27:50,435333,8218.818,628.156,-501.137,49.844,-84.231,-186.338,21.215,-0.515,0
2026-01-29 12:27:50,435373,8371.816,-1503.040,-833.673,-53.584,275.312,-151.101,21.033,0.071,0
2026-01-29 12:27:50,435413,8089.995,5328.889,-256.306,292.872,170.195,-2.381,21.217,0.658,1
2026-01-29 12:27:50,435453,8155.494,3254.966,-768.251,-226.612,-122.458,-290.657,21.287,-0.316,0
2026-01-29 12:27:50,435493,7939.053,429.089,-647.442,130.286,102.162,-11.850,21.201,-0.026,0
2026-01-29 12:27:50,435533,8028.851,-831.423,-682.471,-150.619,141.768,-8.346,21.048,0.153,0
2026-01-29 12:27:50,435573,8041.687,1733.968,-679.853,82.067,27.850,175.206,21.049,-0.469,0
2026-01-29 12:27:50,435613,8081.169,5603.643,-673.453,-116.950,227.341,-125.606,21.266,-0.387,0
2026-01-29 12:27:50,435653,8209.968,-1439.097,-643.184,-126.702,-41.103,124.626,21.072,-0.632,0
2026-01-29 12:27:50,435693,8128.630,1169.965,-1025.103,28.832,55.682,-130.885,21.025,-1.317,0
2026-01-29 12:27:50,435733,8111.815,6941.494,-790.481,-31.341,77.432,22.951,21.312,-0.416,0
2026-01-29 12:27:50,435773,8082.550,-3186.445,-1015.503,-13.296,-57.433,-31.159,21.018,-0.080,0
2026-01-29 12:27:50,435813,8004.805,7902.176,-451.861,80.280,-12.313,25.819,21.349,-0.078,1
2026-01-29 12:27:50,435853,8075.119,-3149.289,-714.822,-74.391,118.482,60.005,21.056,-0.990,0
2026-01-29 12:27:51,435893,7873.000,5196.950,-587.253,63.951,97.784,32.917,21.234,-1.153,0
2026-01-29 12:27:51,435933,7973.024,3181.350,-522.304,-157.932,26.108,-206.039,21.303,-0.518,1
2026-01-29 12:27:51,435973,7736.857,-1039.284,-555.854,-105.562,14.910,-72.634,21.135,0.669,0
2026-01-29 12:27:51,436013,8159.668,1012.481,-342.918,174.668,382.138,191.453,21.083,1.290,0
2026-01-29 12:27:51,436053,8007.678,4655.635,-639.316,-9.682,19.727,64.855,21.248,-1.255,0
2026-01-29 12:27:51,436093,7805.818,-2999.783,-536.785,-55.271,-52.792,-253.695,20.977,-0.277,0
2026-01-29 12:27:51,436133,7819.446,5698.627,-909.889,-49.847,115.171,-296.437,21.191,-0.553,0
2026-01-29 12:27:51,436173,7893.380,4450.839,-516.068,-13.809,-190.319,-83.368,21.330,-0.600,0
2026-01-29 12:27:51,436213,7916.687,-2459.046,-767.656,42.934,-7.177,315.024,21.074,1.327,0
2026-01-29 12:27:51,436253,8037.196,4752.817,-796.116,-181.841,-158.641,133.941,21.238,0.608,0
2026-01-29 12:27:51,436293,8286.905,-67.559,-295.668,-278.188,70.669,220.616,21.138,1.485,0
2026-01-29 12:27:51,436333,7968.211,326.489,-695.378,-33.979,337.814,-16.685,21.045,-1.476,0
2026-01-29 12:27:51,436373,8269.515,3006.200,-708.126,25.187,-21.226,-51.767,21.106,0.230,0
2026-01-29 12:27:51,436413,8305.592,2252.095,-910.964,110.631,108.758,129.073,21.119,-0.752,0
2026-01-29 12:27:51,436453,8024.552,4843.161,-535.423,-101.233,-64.922,-77.274,21.280,0.011,0
2026-01-29 12:27:51,436493,7969.430,-3576.282,-349.000,205.990,-164.212,92.986,20.980,1.047,0
2026-01-29 12:27:51,436533,7951.143,3142.410,-632.440,-125.590,-138.388,-17.270,21.055,-1.226,1
2026-01-29 12:27:51,436573,8118.854,1774.258,-776.671,199.584,-172.064,-304.127,21.057,-0.651,0
2026-01-29 12:27:51,436613,8051.968,6220.154,-546.524,108.504,4.774,34.197,21.317,1.323,1
2026-01-29 12:27:51,436653,8021.266,-1391.962,-442.127,-171.038,-101.048,238.558,21.136,0.337,0
2026-01-29 12:27:51,436693,8141.859,1640.674,-404.970,-92.824,136.461,-52.938,21.131,0.054,1
2026-01-29 12:27:51,436733,8039.591,4438.259,-743.376,59.489,-4.198,270.715,21.271,-0.423,0
2026-01-29 12:27:51,436773,7948.234,1450.717,-642.826,17.675,69.826,30.644,21.246,-0.122,0
2026-01-29 12:27:51,436813,8028.685,1507.360,-542.973,33.189,154.314,167.700,21.213,1.184,0
2026-01-29 12:27:51,436853,8042.909,-765.640,-629.123,138.646,116.212,-24.053,21.046,0.182,0
2026-01-29 12:27:52,436893,7939.125,6608.109,-766.417,135.029,-14.018,115.758,21.325,0.508,1
2026-01-29 12:27:52,436933,8074.142,-673.304,-1021.133,-135.367,81.609,-143.492,21.183,0.038,1
2026-01-29 12:27:52,436973,8170.103,-996.485,-580.630,-57.495,-117.408,-60.822,21.018,1.043,0
2026-01-29 12:27:52,437013,8093.866,4037.562,-691.925,58.575,-165.332,-131.856,21.150,-0.228,0
2026-01-29 12:27:52,437053,8225.539,4560.134,-671.724,-177.818,-93.094,82.074,21.310,0.666,0
2026-01-29 12:27:52,437093,8045.088,-3343.826,-281.456,-44.727,-5.063,-150.025,21.000,-1.405,0
2026-01-29 12:27:52,437133,7985.466,5201.908,-581.790,203.533,40.409,46.763,21.183,-0.017,1
2026-01-29 12:27:52,437173,7807.804,609.576,-674.774,61.004,169.839,75.876,21.103,0.423,0
2026-01-29 12:27:52,437213,7965.307,4439.372,-680.164,358.177,251.801,-94.636,21.242,0.225,1
2026-01-29 12:27:52,437253,8077.687,3566.274,-365.548,-75.689,82.878,117.269,21.342,1.463,1
2026-01-29 12:27:52,437293,8156.399,-2162.143,-535.780,-99.832,103.863,47.062,21.100,0.418,1
2026-01-29 12:27:52,437333,8166.581,2504.332,-1041.444,-36.205,-185.039,-60.675,21.122,-1.063,0
2026-01-29 12:27:52,437373,7963.259,3447.519,-540.483,85.091,62.318,-126.591,21.211,1.052,0
2026-01-29 12:27:52,437413,8094.210,4216.444,-716.576,-108.067,153.232,180.206,21.324,0.959,0
2026-01-29 12:27:52,437453,7897.716,-3478.727,-704.479,114.258,-271.900,-113.644,21.003,-0.349,0
2026-01-29 12:27:52,437493,8130.877,3731.254,-590.371,-4.601,-27.611,142.361,21.110,-0.638,0
2026-01-29 12:27:52,437533,7721.001,4884.908,-761.373,119.899,-61.085,-119.139,21.276,-1.416,0
2026-01-29 12:27:52,437573,8120.817,3122.751,-609.785,103.138,52.402,48.443,21.327,-1.193,0
2026-01-29 12:27:52,437613,7903.360,-2817.406,-774.045,-80.986,167.298,106.149,21.064,1.295,0
2026-01-29 12:27:52,437653,8105.344,2250.252,-665.079,24.007,-196.915,30.676,21.085,-0.464,0
2026-01-29 12:27:52,437693,8184.695,3662.035,-742.158,69.840,-80.550,-48.731,21.183,1.471,0
2026-01-29 12:27:52,437733,8075.446,3229.733,-565.356,-107.612,-50.592,30.850,21.257,0.485,1
2026-01-29 12:27:52,437773,8027.959,2856.435,-538.506,-198.974,189.874,-77.733,21.310,-0.171,1
2026-01-29 12:27:52,437813,7891.530,-1717.693,-600.256,-228.365,184.446,6.766,21.103,-0.755,1
2026-01-29 12:27:52,437853,8101.958,1065.185,-508.274,85.226,34.842,-150.651,21.060,0.150,0
2026-01-29 12:27:53,437893,8225.259,4520.993,-856.617,124.833,-178.443,181.073,21.212,1.283,1
2026-01-29 12:27:53,437933,7934.559,2481.187,-655.470,63.655,79.777,-163.051,21.251,-1.052,1
2026-01-29 12:27:53,437973,7767.353,-1589.538,-713.479,201.248,88.746,-229.306,21.052,-0.966,0
2026-01-29 12:27:53,438013,8023.982,5825.503,-586.084,63.366,-192.550,-217.141,21.278,-0.032,0
2026-01-29 12:27:53,438053,7972.812,1709.452,-825.849,42.996,-13.041,-108.877,21.267,-1.066,0
2026-01-29 12:27:53,438093,8026.621,-2277.930,-949.679,3.416,-153.303,-128.609,21.040,0.510,0
2026-01-29 12:27:53,438133,8070.962,2570.296,-512.832,-9.845,10.630,-5.598,21.073,1.341,1
2026-01-29 12:27:53,438173,7935.188,5748.416,-440.400,61.146,9.609,-145.706,21.302,0.851,0
2026-01-29 12:27:53,438213,7922.954,-645.357,-784.770,134.273,127.585,42.543,21.140,-1.399,0
2026-01-29 12:27:53,438253,7985.098,238.312,-287.789,150.068,-70.584,-24.875,21.040,-0.155,1
2026-01-29 12:27:53,438293,8243.240,6133.072,-766.537,62.409,-67.740,77.481,21.296,-0.046,0
2026-01-29 12:27:53,438333,7874.349,-142.304,-642.245,-212.578,-51.976,-24.528,21.170,-0.553,0
2026-01-29 12:27:53,438373,8081.891,-1405.162,-1079.385,-195.028,164.537,58.066,20.981,-1.405,0
2026-01-29 12:27:53,438413,7958.194,7545.788,-624.892,180.814,-72.686,-113.492,21.280,0.598,1
2026-01-29 12:27:53,438453,7960.117,2665.045,-503.543,-6.576,160.193,-100.729,21.337,-0.277,0
2026-01-29 12:27:53,438493,8119.961,-2246.381,-419.878,-23.081,-194.421,-192.897,21.095,-0.222,1
2026-01-29 12:27:53,438533,7819.814,3099.019,-786.975,-258.158,94.548,127.332,21.140,-0.282,0
2026-01-29 12:27:53,438573,7766.786,927.908,-654.951,114.124,173.023,-281.416,21.070,0.415,0
2026-01-29 12:27:53,438613,7885.597,6215.367,-457.462,391.583,30.393,211.082,21.314,0.171,0
2026-01-29 12:27:53,438653,8036.061,-790.150,-671.764,-66.774,41.420,-94.599,21.161,0.600,0
2026-01-29 12:27:53,438693,7903.789,2261.459,-729.068,-44.121,22.528,-357.211,21.173,-0.295,0
2026-01-29 12:27:53,438733,8130.704,2930.872,-637.709,131.886,-206.446,263.923,21.237,0.606,0
2026-01-29 12:27:53,438773,8184.960,-917.390,-515.905,10.084,-49.613,-24.482,21.061,1.214,1
2026-01-29 12:27:53,438813,7713.058,995.167,-1056.974,-106.521,167.129,98.802,21.021,-1.257,0
2026-01-29 12:27:53,438853,7773.817,3493.898,-602.601,-46.915,52.135,-150.718,21.126,-0.067,1
2026-01-29 12:27:54,438893,8159.079,5044.183,-506.376,82.819,-97.016,16.929,21.313,1.295,0
2026-01-29 12:27:54,438933,7878.680,-1804.855,-523.252,-82.583,5.285,-162.370,21.101,-0.836,0
2026-01-29 12:27:54,438973,8094.083,2374.835,-703.789,-141.246,28.340,85.324,21.130,1.192,0
2026-01-29 12:27:54,439013,7978.491,2459.762,-540.093,-91.763,67.249,-62.054,21.160,-1.332,0
2026-01-29 12:27:54,439053,7835.007,3954.573,-550.832,-81.492,-23.236,60.687,21.289,-0.455,0
2026-01-29 12:27:54,439093,7913.844,-3068.346,-375.453,16.855,-90.044,34.697,21.002,0.443,1
2026-01-29 12:27:54,439133,7960.010,1322.507,-145.852,398.929,261.762,192.827,20.969,0.309,0
2026-01-29 12:27:54,439173,8010.084,5952.456,-512.189,-72.060,49.281,-101.534,21.190,0.303,0
2026-01-29 12:27:54,439213,8230.640,210.368,-781.478,-45.988,-120.784,136.814,21.083,-0.401,1
2026-01-29 12:27:54,439253,7914.166,90.543,-675.513,64.918,-221.890,284.629,20.974,1.416,1
2026-01-29 12:27:54,439293,8050.721,1999.444,-356.537,5.457,-198.796,164.536,20.994,1.355,0
2026-01-29 12:27:54,439333,8138.678,6838.326,-506.207,-34.716,-211.776,-58.177,21.285,0.112,0
2026-01-29 12:27:54,439373,7998.776,-2968.022,-116.829,61.263,-102.492,-73.951,21.004,1.146,1
2026-01-29 12:27:54,439413,7740.855,7617.976,-540.883,117.866,-56.363,139.754,21.307,1.463,0
2026-01-29 12:27:54,439453,7861.352,370.952,-655.527,-14.866,107.246,60.814,21.219,-0.935,0
2026-01-29 12:27:54,439493,7858.566,3289.304,-412.058,-105.605,-132.803,111.675,21.296,1.028,0
2026-01-29 12:27:54,439533,7999.976,-1892.864,-594.987,-74.527,-24.625,-372.579,21.078,-1.037,0
2026-01-29 12:27:54,439573,8041.202,3606.229,-546.715,-144.275,136.015,0.326,21.195,-0.795,0
2026-01-29 12:27:54,439613,7890.313,2442.232,-481.320,-2.451,114.262,162.336,21.224,-0.556,1
2026-01-29 12:27:54,439653,7941.049,3536.282,-560.470,271.355,-33.454,175.138,21.305,-0.777,0
2026-01-29 12:27:54,439693,7832.502,-2156.706,-743.604,-91.880,36.729,-402.779,21.084,-1.357,0
2026-01-29 12:27:54,439733,7921.955,5276.562,-182.068,-143.117,58.301,-22.463,21.258,-0.939,1
2026-01-29 12:27:54,439773,7940.083,-1955.472,-515.434,89.826,-119.653,-58.152,21.028,-0.768,0
2026-01-29 12:27:54,439813,7713.301,884.443,-347.247,-93.419,102.121,13.419,20.979,-0.882,0
2026-01-29 12:27:54,439853,8123.096,6595.534,-440.248,138.991,-217.458,63.899,21.238,1.318,0
2026-01-29 12:27:55,439893,8075.720,-1611.519,-604.361,214.364,21.907,-33.635,21.042,1.221,0
2026-01-29 12:27:55,439933,7840.273,6486.827,-576.659,222.161,-53.995,235.452,21.306,1.229,0
2026-01-29 12:27:55,439973,7986.807,2416.022,-759.173,-14.747,89.291,-239.887,21.329,-0.469,1
2026-01-29 12:27:55,440013,7934.163,434.271,-673.027,8.445,65.445,-107.658,21.230,-0.752,0
2026-01-29 12:27:55,440053,8043.232,3940.557,-270.239,-73.071,-38.202,-74.468,21.343,0.721,1
2026-01-29 12:27:55,440093,7832.239,-3669.408,-345.143,-104.288,-91.719,153.559,21.040,0.562,0
2026-01-29 12:27:55,440133,7967.946,484.821,-753.798,-44.591,145.137,-42.093,20.960,-1.477,1
2026-01-29 12:27:55,440173,7993.195,5175.417,-483.711,-196.159,-140.769,32.870,21.148,-1.054,0
2026-01-29 12:27:55,440213,8020.281,-1684.622,-395.075,253.809,144.819,213.459,20.958,0.043,1
2026-01-29 12:27:55,440253,7845.904,5855.503,-564.749,-132.674,356.601,-66.805,21.194,0.339,0
2026-01-29 12:27:55,440293,8053.385,4726.839,-529.209,261.916,186.610,-126.945,21.339,1.294,0
2026-01-29 12:27:55,440333,7855.201,220.748,-651.979,-18.289,-217.001,-148.199,21.245,-1.289,1
2026-01-29 12:27:55,440373,8184.901,2119.117,-737.042,-182.913,96.920,-241.903,21.270,-0.933,0
2026-01-29 12:27:55,440413,8302.542,-2470.178,-989.694,-99.691,-222.473,39.919,21.027,-0.010,1
2026-01-29 12:27:55,440453,7839.368,6955.100,-751.545,30.629,1.249,124.568,21.302,0.734,0
2026-01-29 12:27:55,440493,7825.311,-4182.959,-287.889,119.558,-72.291,-148.867,20.959,-1.292,0
2026-01-29 12:27:55,440533,7998.046,4285.767,-594.867,19.922,35.099,-17.209,21.084,-1.138,0
2026-01-29 12:27:55,440573,8109.344,6600.904,-376.355,-97.169,85.862,111.511,21.354,1.247,0
2026-01-29 12:27:55,440613,7962.684,-452.572,-660.431,-200.073,84.239,11.365,21.221,-1.322,0
2026-01-29 12:27:55,440653,7869.761,2105.773,-555.794,266.294,-166.376,5.781,21.240,0.754,0
2026-01-29 12:27:55,440693,7976.530,-679.152,-907.430,290.010,123.101,-54.439,21.092,1.299,0
2026-01-29 12:27:55,440733,7951.250,1258.436,-763.568,-113.688,-95.847,-71.621,21.055,-0.227,1
2026-01-29 12:27:55,440773,8055.351,1291.919,-483.884,-159.261,198.316,115.526,21.035,1.467,0
2026-01-29 12:27:55,440813,8147.917,5304.103,-782.818,61.102,123.479,42.756,21.251,-0.304,1
2026-01-29 12:27:55,440853,7903.311,-1313.411,-634.214,183.621,170.535,-65.794,21.051,0.851,0
2026-01-29 12:27:56,440893,8063.532,2176.708,-579.593,48.922,-198.181,13.060,21.068,-0.241,0
2026-01-29 12:27:56,440933,7837.034,2350.910,-929.356,-124.354,-80.188,-91.002,21.087,-1.436,0
2026-01-29 12:27:56,440973,7983.315,4479.812,-416.449,193.288,70.815,3.948,21.225,1.411,1
2026-01-29 12:27:56,441013,8238.588,2173.316,-509.349,-133.357,-14.913,258.336,21.255,0.136,0
2026-01-29 12:27:56,441053,8131.457,1964.406,-660.777,-248.860,-310.802,-25.453,21.257,-0.995,0
2026-01-29 12:27:56,441093,8026.916,1084.466,-854.264,240.117,-63.544,161.995,21.219,-1.262,0
2026-01-29 12:27:56,441133,8155.512,2790.335,-538.129,-149.988,-338.697,-3.582,21.287,-1.031,0
2026-01-29 12:27:56,441173,8121.950,-3628.398,-871.583,-65.284,-64.072,104.201,20.978,-1.253,0
2026-01-29 12:27:56,441213,7869.482,8175.302,-562.185,-74.134,2.836,87.723,21.339,-0.066,1
2026-01-29 12:27:56,441253,8183.225,-3145.370,-1064.799,-237.735,60.355,-135.473,21.042,-0.145,0
2026-01-29 12:27:56,441293,8133.138,3693.992,-597.868,59.889,-249.924,29.149,21.158,-0.358,0
2026-01-29 12:27:56,441333,8172.829,-406.111,-771.234,-62.825,70.076,-70.502,21.037,-0.873,0
2026-01-29 12:27:56,441373,8040.159,5458.470,-679.455,-7.335,-216.799,-104.107,21.239,-0.946,0
2026-01-29 12:27:56,441413,7720.165,3680.561,-716.120,162.187,55.570,-75.959,21.348,0.450,0
2026-01-29 12:27:56,441453,8118.372,-2198.483,-755.157,-174.925,105.854,-126.213,21.090,-1.413,0
2026-01-29 12:27:56,441493,8160.026,920.592,-787.683,-140.751,-17.707,20.197,21.033,-1.474,1
2026-01-29 12:27:56,441533,7975.407,1016.192,-517.375,-70.799,97.670,106.726,20.980,0.409,0
2026-01-29 12:27:56,441573,8002.060,8131.954,-714.101,-27.001,35.088,-320.096,21.340,0.804,0
2026-01-29 12:27:56,441613,7878.455,1382.865,-932.024,72.410,219.432,-155.456,21.304,-0.774,0
2026-01-29 12:27:56,441653,7907.083,1824.685,-534.383,18.582,-155.447,-105.021,21.317,0.363,0
2026-01-29 12:27:56,441693,8072.492,-3048.304,-755.310,-27.837,60.200,170.540,21.035,0.284,1
2026-01-29 12:27:56,441733,7885.993,3043.836,-635.476,-74.837,130.959,66.564,21.100,0.911,0
2026-01-29 12:27:56,441773,8010.768,3819.435,-836.509,171.432,282.671,-0.212,21.211,-0.696,0
2026-01-29 12:27:56,441813,7724.387,-1291.842,-843.352,-90.962,-18.342,-32.701,21.035,-1.192,0
2026-01-29 12:27:56,441853,7767.212,3460.867,-654.931,-61.116,-147.616,221.885,21.126,1.380,0
2026-01-29 12:27:57,441893,7917.632,5015.684,-590.178,68.585,-81.650,-0.692,21.302,-1.352,0
2026-01-29 12:27:57,441933,8134.032,-490.537,-482.290,146.208,76.408,21.006,21.147,1.193,1
2026-01-29 12:27:57,441973,7840.915,5160.325,-669.163,4.654,191.294,297.712,21.319,0.644,0
2026-01-29 12:27:57,442013,8118.354,-1888.015,-380.975,141.642,110.154,83.496,21.116,1.390,0
2026-01-29 12:27:57,442053,8117.867,1183.943,-680.385,-13.776,-177.753,90.332,21.076,0.903,0
2026-01-29 12:27:57,442093,7961.991,2866.093,-816.320,-91.796,93.556,-117.995,21.137,-1.044,1
2026-01-29 12:27:57,442133,7980.999,734.075,-572.855,-112.258,231.096,45.805,21.062,-0.564,0
2026-01-29 12:27:57,442173,8223.698,3690.382,-590.481,-222.387,-37.445,-142.080,21.168,-1.282,1
2026-01-29 12:27:57,442213,7919.180,2802.386,-1080.063,36.519,-32.376,61.298,21.226,-0.678,0
2026-01-29 12:27:57,442253,8014.460,763.285,-660.491,-133.721,107.041,-137.986,21.152,-0.838,0
2026-01-29 12:27:57,442293,8081.477,4191.066,-509.065,-100.633,-153.966,-59.495,21.282,0.041,0
2026-01-29 12:27:57,442333,8092.942,-3678.502,-484.437,3.010,-30.574,38.584,20.959,0.127,0
2026-01-29 12:27:57,442373,8004.634,6005.015,-901.922,30.606,-134.289,-161.430,21.185,-0.825,0
2026-01-29 12:27:57,442413,7974.477,903.548,-866.441,-156.312,34.775,-96.624,21.125,-0.981,0
2026-01-29 12:27:57,442453,8007.451,5650.095,-554.123,41.279,-324.235,23.443,21.331,1.110,0
2026-01-29 12:27:57,442493,7953.881,306.311,-530.719,-116.888,-72.992,-14.918,21.249,-0.332,0
2026-01-29 12:27:57,442533,7997.530,-2749.928,-590.901,-84.152,63.831,0.196,20.986,1.037,1
2026-01-29 12:27:57,442573,7767.690,3092.454,-824.501,169.830,-63.835,-53.274,21.058,-0.770,1
2026-01-29 12:27:57,442613,8241.172,451.388,-515.976,-102.488,79.817,-1.818,20.977,0.267,1
2026-01-29 12:27:57,442653,8080.057,5627.769,-719.997,-165.131,-19.847,24.336,21.184,-0.332,1
2026-01-29 12:27:57,442693,7857.239,-963.697,-576.705,30.524,124.963,103.290,21.013,-1.441,0
2026-01-29 12:27:57,442733,8201.595,2363.216,-634.822,7.600,155.098,-187.386,21.059,-1.264,0
2026-01-29 12:27:57,442773,8280.657,4445.712,-320.894,-125.846,-12.926,85.472,21.205,1.027,0
2026-01-29 12:27:57,442813,7979.760,-2081.614,-587.291,52.528,-39.682,139.083,20.985,-0.629,0
2026-01-29 12:27:57,442853,8166.138,6298.033,-402.115,-105.371,10.705,139.826,21.230,0.517,0
2026-01-29 12:27:58,442893,7865.722,493.902,-287.111,-39.252,-52.840,312.457,21.153,0.899,0
2026-01-29 12:27:58,442933,8028.481,1886.054,-895.291,107.472,-82.705,242.469,21.148,0.177,0
2026-01-29 12:27:58,442973,7933.378,309.220,-880.196,196.031,-29.223,-45.705,21.061,-1.448,0
2026-01-29 12:27:58,443013,8058.059,2569.164,-585.268,141.009,42.984,-7.608,21.107,-0.409,0
2026-01-29 12:27:58,443053,7703.262,521.140,-748.868,-291.934,-185.460,-171.036,21.030,-1.078,1
2026-01-29 12:27:58,443093,8143.277,3393.838,-566.086,271.594,-11.458,-3.204,21.118,1.194,1
2026-01-29 12:27:58,443133,7881.877,-89.765,-511.941,-114.263,-171.219,85.139,20.996,-0.516,0
2026-01-29 12:27:58,443173,7910.809,5207.116,-551.837,70.272,-8.790,-191.752,21.193,0.996,0
2026-01-29 12:27:58,443213,7939.659,1728.495,-508.929,-3.405,279.162,-16.286,21.199,-0.219,0
2026-01-29 12:27:58,443253,8063.204,193.416,-404.245,109.878,126.063,95.843,21.124,0.251,0
2026-01-29 12:27:58,443293,8032.561,6097.026,-849.325,19.018,24.320,-191.153,21.349,0.444,0
2026-01-29 12:27:58,443333,7829.957,690.718,-816.131,110.088,47.847,-127.371,21.277,-0.130,0
2026-01-29 12:27:58,443373,8034.033,164.296,-378.459,105.149,38.234,-118.562,21.168,-0.552,1
2026-01-29 12:27:58,443413,8162.282,327.485,-696.697,-116.270,73.567,-154.769,21.085,-1.353,0
2026-01-29 12:27:58,443453,7974.101,3667.951,-420.741,68.509,76.122,-200.202,21.192,0.832,0
2026-01-29 12:27:58,443493,7925.673,673.086,-568.845,84.368,-269.949,163.141,21.114,-0.205,0
2026-01-29 12:27:58,443533,8128.792,5700.402,-377.741,-190.765,-196.928,81.861,21.334,-0.510,0
2026-01-29 12:27:58,443573,8158.757,1764.756,-571.371,0.937,-200.539,-351.380,21.342,-1.005,0
2026-01-29 12:27:58,443613,8023.147,-4196.973,-715.434,208.574,-14.101,-149.717,21.002,0.404,0
2026-01-29 12:27:58,443653,7856.266,5132.067,-486.443,26.663,45.602,-289.075,21.182,-1.499,1
2026-01-29 12:27:58,443693,8133.560,1788.392,-562.735,9.958,-224.181,159.711,21.175,0.479,0
2026-01-29 12:27:58,443733,8062.072,5070.658,-702.643,-86.172,-35.464,-79.077,21.356,-0.465,0
2026-01-29 12:27:58,443773,8359.126,53.110,-418.813,174.314,-124.377,228.989,21.260,0.772,0
2026-01-29 12:27:58,443813,7997.118,3051.162,-537.129,-22.433,5.415,-65.982,21.310,0.935,0
2026-01-29 12:27:58,443853,8019.631,-2693.667,-710.842,11.649,61.406,13.167,21.061,-0.599,0
2026-01-29 12:27:59,443893,8090.106,1295.485,-349.551,16.901,-135.822,291.804,21.036,1.229,0
2026-01-29 12:27:59,443933,8155.082,5607.182,-831.451,-43.951,10.464,-2.524,21.248,-0.727,0
2026-01-29 12:27:59,443973,7879.036,1406.935,-854.495,-266.807,-225.744,76.706,21.229,1.056,0
2026-01-29 12:27:59,444013,8012.318,729.760,-608.371,-134.163,-69.671,-44.998,21.177,-0.913,0
2026-01-29 12:27:59,444053,7909.266,4122.269,-815.830,-47.841,-258.066,-12.852,21.316,-0.525,0
2026-01-29 12:27:59,444093,8039.445,-1241.978,-722.038,-165.774,155.408,-29.506,21.127,0.691,0
2026-01-29 12:27:59,444133,8184.869,2012.970,-273.387,-284.971,45.288,202.348,21.138,0.511,0
2026-01-29 12:27:59,444173,8170.633,2717.247,-535.975,-94.495,-20.237,-218.041,21.183,-0.793,0
2026-01-29 12:27:59,444213,8097.964,3294.204,-869.637,-185.276,-101.706,-200.331,21.255,-0.836,0
2026-01-29 12:27:59,444253,8147.104,-477.707,-665.917,19.138,-58.464,16.728,21.121,0.505,0
2026-01-29 12:27:59,444293,7882.790,1598.778,-430.497,13.006,143.962,-150.599,21.115,-0.128,0
2026-01-29 12:27:59,444333,7817.566,3422.848,-665.131,40.796,-186.741,388.273,21.217,-0.089,0
2026-01-29 12:27:59,444373,8271.098,1754.803,-692.240,207.258,9.620,-7.609,21.190,-1.223,0
2026-01-29 12:27:59,444413,8106.399,4050.490,-456.767,-7.486,-45.499,393.060,21.314,1.404,0
2026-01-29 12:27:59,444453,8044.637,359.121,-554.094,-69.702,101.346,12.611,21.224,0.474,0
2026-01-29 12:27:59,444493,7942.989,2869.254,-607.993,-126.069,-65.550,-45.798,21.280,1.075,0
2026-01-29 12:27:59,444533,7851.027,1482.826,-419.944,276.590,-122.961,-129.757,21.272,0.670,1
2026-01-29 12:27:59,444573,8132.601,-2184.331,-879.372,-11.798,-82.411,51.921,21.036,-0.659,0
2026-01-29 12:27:59,444613,7963.040,1799.477,-775.387,-170.770,-21.509,229.884,21.036,0.564,0
2026-01-29 12:27:59,444653,7927.322,1289.810,-694.271,-154.197,-89.192,-74.489,20.981,0.125,0
2026-01-29 12:27:59,444693,7832.929,5541.771,-512.857,169.040,-115.349,-143.047,21.192,-1.285,0
2026-01-29 12:27:59,444733,7812.787,-2192.250,-371.646,-220.840,-277.529,78.888,20.962,1.150,0
2026-01-29 12:27:59,444773,7853.686,8219.009,-652.733,104.790,-25.376,-199.783,21.329,0.556,1
2026-01-29 12:27:59,444813,8150.240,-197.788,-583.432,25.734,30.561,-188.128,21.202,0.383,1
2026-01-29 12:27:59,444853,7909.591,2987.816,-185.630,-159.411,111.945,132.535,21.281,1.180,0
2026-01-29 12:28:00,444893,7757.987,-3709.420,-631.780,-102.125,-63.227,-49.624,20.963,-0.695,0
2026-01-29 12:28:00,444933,8113.061,8319.247,-703.705,-117.277,101.531,-339.438,21.329,1.061,1
2026-01-29 12:28:00,444973,8041.892,532.426,-1026.992,-71.051,-170.486,-56.065,21.238,-0.970,0
2026-01-29 12:28:00,445013,7690.976,-2335.386,-544.161,78.846,139.098,0.919,20.989,0.293,0
2026-01-29 12:28:00,445053,7858.922,3404.978,-430.756,68.544,160.211,-297.688,21.069,-0.338,0
2026-01-29 12:28:00,445093,8271.534,5660.279,-523.410,140.052,220.952,130.638,21.282,-0.631,0
2026-01-29 12:28:00,445133,8077.965,-79.750,-573.464,67.400,22.197,173.887,21.162,0.378,1
2026-01-29 12:28:00,445173,8193.653,4066.930,-689.999,-138.888,231.021,-131.483,21.282,-1.205,0
2026-01-29 12:28:00,445213,8113.085,-1860.076,-957.906,-87.000,115.377,198.855,21.077,0.649,0
2026-01-29 12:28:00,445253,8157.734,6591.202,-841.892,70.365,92.013,135.194,21.350,0.101,0
2026-01-29 12:28:00,445293,7581.880,-3509.533,-505.283,27.632,78.456,-118.485,21.036,-1.228,0
2026-01-29 12:28:00,445333,8277.691,5663.161,-938.026,-32.561,-28.298,-275.967,21.270,-1.260,0
2026-01-29 12:28:00,445373,7989.769,255.726,-698.158,-232.389,106.520,-80.197,21.174,-0.422,0
2026-01-29 12:28:00,445413,8060.013,159.406,-429.116,42.019,391.475,-157.274,21.072,1.268,0
2026-01-29 12:28:00,445453,8105.989,412.488,-594.996,223.411,125.763,102.612,20.992,0.437,0
2026-01-29 12:28:00,445493,7960.935,2363.453,-739.254,32.304,38.882,28.624,21.026,0.669,0
2026-01-29 12:28:00,445533,7885.383,6871.976,-222.460,-157.865,-83.774,-264.792,21.320,0.431,0
2026-01-29 12:28:00,445573,7789.165,-122.598,-802.836,241.422,9.688,-13.368,21.211,-1.098,0
2026-01-29 12:28:00,445613,7969.670,1235.575,-621.768,-24.645,-273.975,-83.433,21.178,1.452,0
2026-01-29 12:28:00,445653,8027.280,2671.381,-907.281,-104.618,47.370,-122.633,21.224,-1.316,0
2026-01-29 12:28:00,445693,7734.775,1028.683,-757.940,-239.001,83.476,-258.850,21.172,-0.700,1
2026-01-29 12:28:00,445733,8005.300,3958.580,-746.942,-27.619,100.719,-106.908,21.297,-0.749,0
2026-01-29 12:28:00,445773,7910.462,-635.336,-547.339,31.492,1.436,-130.152,21.165,1.471,1
2026-01-29 12:28:00,445813,8102.675,5155.705,-817.229,-20.214,-85.725,242.394,21.348,-0.447,0
2026-01-29 12:28:00,445853,8015.521,-2931.695,-546.306,59.645,175.512,-85.759,21.066,0.652,0
2026-01-29 12:28:01,445893,8018.954,3867.231,-594.853,-126.030,-81.883,-166.724,21.184,-0.839,1
2026-01-29 12:28:01,445933,8048.036,-515.589,-252.784,-231.302,-63.022,-4.742,21.060,0.377,0
2026-01-29 12:28:01,445973,8148.612,4454.204,-556.511,56.955,-99.302,138.893,21.198,1.134,1
2026-01-29 12:28:01,446013,7661.732,3289.367,-862.034,230.922,275.270,-171.228,21.279,-1.212,0
2026-01-29 12:28:01,446053,8182.330,-1763.476,-562.269,-198.910,59.644,3.990,21.068,1.476,0
2026-01-29 12:28:01,446093,7707.027,5171.474,-706.694,-89.573,-63.377,-193.377,21.254,0.193,1
2026-01-29 12:28:01,446133,7839.172,2576.081,-512.225,-100.468,-43.732,358.201,21.290,-1.394,0
2026-01-29 12:28:01,446173,8190.838,371.051,-360.562,97.266,33.771,53.990,21.196,1.465,0
2026-01-29 12:28:01,446213,8271.261,3814.111,-804.751,-91.113,-154.864,-90.371,21.306,-1.333,0
2026-01-29 12:28:01,446253,7746.466,-3941.825,-393.134,-201.982,-239.331,121.987,20.972,-0.586,1
2026-01-29 12:28:01,446293,8070.484,6085.078,-711.591,91.744,-61.059,-113.864,21.234,-1.033,0
2026-01-29 12:28:01,446333,7983.442,-2284.076,-598.505,-19.796,-83.536,-177.423,21.005,-1.088,0
2026-01-29 12:28:01,446373,7968.886,4812.946,-259.285,140.525,26.533,15.314,21.174,1.057,0
2026-01-29 12:28:01,446413,7961.132,2039.277,-476.337,-117.786,-254.861,-195.584,21.180,-1.302,0
2026-01-29 12:28:01,446453,8047.945,2334.304,-750.440,296.152,-225.668,-377.980,21.194,-0.492,1
2026-01-29 12:28:01,446493,8397.538,4453.094,-856.510,-187.799,-155.868,-69.390,21.356,-0.181,1
2026-01-29 12:28:01,446533,8131.763,1186.458,-719.959,-162.439,-78.524,136.927,21.308,-0.110,0
2026-01-29 12:28:01,446573,7852.972,-3589.239,-1007.781,31.951,123.433,-125.602,20.994,-0.788,0
2026-01-29 12:28:01,446613,7997.683,7021.912,-296.032,187.418,157.558,-82.065,21.293,1.203,0
2026-01-29 12:28:01,446653,7974.860,1321.356,-787.048,-258.095,245.000,-161.195,21.240,-0.579,0
2026-01-29 12:28:01,446693,8062.829,952.562,-372.924,-98.271,-199.469,-56.877,21.192,0.719,0
2026-01-29 12:28:01,446733,8123.717,-1574.309,-526.606,-151.698,206.593,128.281,20.990,-0.057,0
2026-01-29 12:28:01,446773,7785.118,2153.886,-528.590,225.287,-305.513,-33.973,21.006,-0.202,1
2026-01-29 12:28:01,446813,7731.970,6702.393,-716.149,233.216,-104.688,56.122,21.269,0.352,0
2026-01-29 12:28:01,446853,7917.004,3099.472,-463.095,-99.110,-235.819,82.841,21.333,1.141,0
2026-01-29 12:28:02,446893,7795.772,-2125.349,-848.444,-157.000,-79.285,-68.521,21.115,-1.039,0
2026-01-29 12:28:02,446933,7935.097,1112.277,-343.643,-34.360,30.732,-182.601,21.069,0.128,0
2026-01-29 12:28:02,446973,7825.749,1345.565,-705.987,-54.927,84.543,88.879,21.027,0.719,0
2026-01-29 12:28:02,447013,8019.370,4456.615,-663.710,3.513,-148.096,-31.220,21.183,-0.310,0
2026-01-29 12:28:02,447053,7911.152,1858.328,-646.328,-69.467,-58.043,-19.884,21.172,0.316,1
2026-01-29 12:28:02,447093,8122.203,1264.327,-411.673,28.566,142.058,-47.188,21.143,1.430,0
2026-01-29 12:28:02,447133,7991.595,-495.890,-503.340,39.950,156.130,87.572,21.013,-0.530,0
2026-01-29 12:28:02,447173,7937.549,4218.606,-692.360,54.056,-60.042,266.564,21.161,0.266,0
2026-01-29 12:28:02,447213,8224.650,-1309.266,-374.007,-0.800,63.304,-200.211,20.970,0.124,0
2026-01-29 12:28:02,447253,7604.232,2161.490,-710.707,-274.009,84.417,107.304,20.981,-0.987,0
2026-01-29 12:28:02,447293,7924.400,5722.143,-499.342,268.716,-99.894,161.065,21.205,1.191,0
2026-01-29 12:28:02,447333,8048.477,4005.177,-444.077,-117.019,211.074,196.358,21.317,-1.107,0
2026-01-29 12:28:02,447373,8071.297,-812.252,-585.092,187.852,85.418,295.982,21.169,0.332,1
2026-01-29 12:28:02,447413,8203.334,-1440.577,-389.980,-15.875,-17.271,-255.886,20.982,-0.419,1
2026-01-29 12:28:02,447453,8131.793,7775.733,-607.930,-10.027,-188.923,276.413,21.311,0.148,0
2026-01-29 12:28:02,447493,8039.264,893.233,-746.537,68.933,91.226,-21.180,21.263,-0.749,1
2026-01-29 12:28:02,447533,7941.480,-764.756,-518.084,-2.696,-120.427,-81.837,21.114,1.164,0
2026-01-29 12:28:02,447573,8160.617,3111.769,-536.245,134.381,-9.581,-167.629,21.181,-0.906,0
2026-01-29 12:28:02,447613,7817.510,224.374,-656.798,-16.479,2.777,66.063,21.090,0.862,0
2026-01-29 12:28:02,447653,8095.602,461.072,-870.387,239.803,73.369,-133.110,21.022,0.116,0
2026-01-29 12:28:02,447693,7792.016,4755.020,-384.540,123.000,99.743,18.147,21.168,0.531,0
2026-01-29 12:28:02,447733,7966.749,2306.713,-486.046,54.326,-23.424,-92.155,21.184,0.404,1
2026-01-29 12:28:02,447773,7733.413,1997.886,-725.242,-37.154,127.170,56.743,21.190,-0.069,0
2026-01-29 12:28:02,447813,7898.446,4256.472,-481.412,-34.473,-111.612,-162.806,21.311,1.056,0
2026-01-29 12:28:02,447853,7872.660,-966.231,-472.679,46.938,-162.870,-113.358,21.142,0.430,0
2026-01-29 12:28:03,447893,8042.013,942.263,-586.897,141.592,273.889,424.765,21.080,0.339,0
2026-01-29 12:28:03,447933,8134.422,-117.885,-372.202,-66.234,160.081,299.705,20.965,-0.687,0
2026-01-29 12:28:03,447973,7932.173,5582.373,-701.523,-82.309,136.203,34.245,21.172,1.005,1
2026-01-29 12:28:03,448013,7911.928,457.664,-811.929,278.586,206.077,163.306,21.087,-0.253,0
2026-01-29 12:28:03,448053,7656.364,5116.250,-473.638,21.752,-104.819,-88.539,21.271,0.416,0
2026-01-29 12:28:03,448093,8073.676,-3290.499,-799.160,77.956,3.108,-241.942,20.981,-1.224,0
2026-01-29 12:28:03,448133,7938.923,1937.134,-231.006,323.838,-72.787,-162.086,20.966,0.679,0
2026-01-29 12:28:03,448173,8129.618,7280.730,-951.337,-107.292,-32.679,-190.100,21.299,-0.697,0
2026-01-29 12:28:03,448213,7831.801,-630.258,-753.142,-51.671,170.760,-74.333,21.154,-0.019,0
2026-01-29 12:28:03,448253,8080.745,-1471.610,-406.019,1.413,150.582,35.830,20.968,-0.538,0
2026-01-29 12:28:03,448293,7886.386,6229.295,-429.262,-118.606,-64.025,95.268,21.221,1.417,1
2026-01-29 12:28:03,448333,8257.594,498.060,-729.023,-157.715,-112.956,106.815,21.136,0.430,1
2026-01-29 12:28:03,448373,8020.030,2741.080,-396.475,-24.503,47.223,70.820,21.169,0.648,0
2026-01-29 12:28:03,448413,7822.790,2697.738,-603.676,-32.335,-172.023,157.755,21.203,1.322,0
2026-01-29 12:28:03,448453,8179.677,442.627,-553.282,50.163,-63.153,96.490,21.119,0.894,0
2026-01-29 12:28:03,448493,7962.541,4209.763,-759.306,91.127,-71.365,35.806,21.264,0.446,0
2026-01-29 12:28:03,448533,8054.410,-841.505,-500.890,-108.575,12.658,4.325,21.110,1.029,0
2026-01-29 12:28:03,448573,7885.229,4022.928,-560.065,68.541,-0.806,119.427,21.240,-1.391,0
2026-01-29 12:28:03,448613,8086.798,1078.531,-581.966,-34.811,18.881,-9.428,21.179,-0.173,0
2026-01-29 12:28:03,448653,7991.238,3705.779,-575.284,-93.032,101.271,-293.052,21.291,0.478,0
2026-01-29 12:28:03,448693,7976.236,-1124.739,-802.391,-10.466,209.063,-214.604,21.114,-0.493,1
2026-01-29 12:28:03,448733,7947.432,1999.752,-374.805,-347.838,20.587,16.416,21.126,0.880,0
2026-01-29 12:28:03,448773,7950.765,1619.669,-751.014,-47.650,-25.557,-77.544,21.096,-0.123,0
2026-01-29 12:28:03,448813,7961.969,2137.070,-836.767,-37.852,223.043,247.900,21.118,-0.703,0
2026-01-29 12:28:03,448853,8342.553,3404.931,-388.747,140.805,-11.560,56.246,21.203,0.143,0
2026-01-29 12:28:04,448893,7875.202,1246.416,-100.563,145.236,-56.897,-42.247,21.173,-0.723,1
2026-01-29 12:28:04,448933,7862.235,4892.084,-581.181,69.857,76.614,-90.118,21.338,-0.873,0
2026-01-29 12:28:04,448973,7965.687,1849.849,-775.915,47.872,65.396,-92.290,21.324,-0.600,0
2026-01-29 12:28:04,449013,7910.524,-3554.478,-649.130,30.502,-165.217,-56.546,21.017,-0.931,1
2026-01-29 12:28:04,449053,7777.056,4078.946,-833.413,54.583,-15.742,69.260,21.146,0.671,0
2026-01-29 12:28:04,449093,8128.751,3820.119,-451.754,-125.252,-101.703,5.322,21.247,1.498,0
2026-01-29 12:28:04,449133,7915.847,-2683.356,-194.142,13.033,-143.775,256.682,20.996,0.786,1
2026-01-29 12:28:04,449173,8078.632,2445.548,-571.845,-85.428,69.920,0.955,21.046,-0.020,0
2026-01-29 12:28:04,449213,7929.895,5452.335,-422.783,300.010,-95.230,-148.403,21.228,1.052,0
2026-01-29 12:28:04,449253,7818.095,121.210,-373.755,-184.225,-133.497,240.975,21.132,-0.343,1
2026-01-29 12:28:04,449293,7946.082,1356.706,-684.040,126.963,-141.865,-4.198,21.105,-0.417,1
2026-01-29 12:28:04,449333,8085.796,1808.419,-434.946,258.309,-132.157,51.183,21.099,0.631,0
2026-01-29 12:28:04,449373,8096.751,517.326,-679.363,-166.572,-222.097,-86.523,21.033,-1.047,0
2026-01-29 12:28:04,449413,8144.736,4538.256,-319.652,42.627,104.687,-48.205,21.171,1.398,0
2026-01-29 12:28:04,449453,8142.251,4504.376,-470.866,-38.863,-109.857,-39.846,21.323,1.166,0
2026-01-29 12:28:04,449493,7920.608,-3131.004,-347.505,-303.924,2.660,-168.118,21.047,1.114,0
2026-01-29 12:28:04,449533,8106.442,4537.075,-611.512,-149.365,38.188,-142.947,21.187,0.307,0
2026-01-29 12:28:04,449573,7839.421,1838.916,-508.540,72.694,117.763,193.703,21.184,1.190,1
2026-01-29 12:28:04,449613,7942.203,-1937.748,-745.905,-46.437,107.545,-71.714,20.958,-0.125,0
2026-01-29 12:28:04,449653,8137.953,3166.210,-535.668,-64.771,19.695,-49.963,21.029,1.498,0
2026-01-29 12:28:04,449693,8170.155,4311.543,-591.352,-126.552,-180.365,276.012,21.166,1.054,0
2026-01-29 12:28:04,449733,8099.550,3127.124,-684.370,31.598,176.612,-208.531,21.236,-0.098,0
2026-01-29 12:28:04,449773,7647.705,-2101.716,-559.028,131.751,-279.288,-268.666,21.018,0.675,0
2026-01-29 12:28:04,449813,7761.141,7270.425,-718.193,33.480,-84.938,-55.134,21.316,-0.168,0
2026-01-29 12:28:04,449853,8052.585,-506.271,-900.458,140.394,-95.851,-72.791,21.172,-0.432,0
2026-01-29 12:28:05,449893,8132.686,454.076,-736.187,34.346,-195.183,80.203,21.079,0.091,0
2026-01-29 12:28:05,449933,7980.876,2087.221,-691.668,2.374,53.740,-163.334,21.082,0.439,0
2026-01-29 12:28:05,449973,7879.646,6023.196,-289.596,0.430,-337.442,-214.032,21.318,-0.078,0
2026-01-29 12:28:05,450013,7942.293,-3399.552,-438.774,-228.474,191.448,-40.273,21.011,0.148,0
2026-01-29 12:28:05,450053,8180.629,6048.054,-419.655,11.956,74.996,-9.595,21.241,1.006,0
2026-01-29 12:28:05,450093,8223.913,2894.992,-531.643,-80.605,-228.835,-29.556,21.294,0.228,1
2026-01-29 12:28:05,450133,8034.512,338.620,-334.855,-324.420,128.985,130.712,21.196,0.350,0
2026-01-29 12:28:05,450173,8121.124,2057.348,-482.403,58.815,-129.349,-33.308,21.207,0.212,0
2026-01-29 12:28:05,450213,8027.920,3401.289,-537.887,37.337,-6.059,-253.456,21.282,-0.932,0
2026-01-29 12:28:05,450253,8249.717,-3439.352,-403.747,180.423,-239.219,328.136,20.981,1.244,1
2026-01-29 12:28:05,450293,8108.851,3375.922,-564.255,72.787,131.431,28.142,21.061,-1.407,1
2026-01-29 12:28:05,450333,8042.991,5726.845,-599.242,-59.769,5.797,115.072,21.282,0.872,0
2026-01-29 12:28:05,450373,7784.224,-3621.904,-471.929,-40.355,-6.320,-66.672,20.976,-0.836,1
2026-01-29 12:28:05,450413,8116.604,5341.552,-643.704,56.617,161.432,163.180,21.178,1.432,0
2026-01-29 12:28:05,450453,8057.158,1616.140,-412.959,175.472,65.775,-77.179,21.152,0.686,0
2026-01-29 12:28:05,450493,8194.722,5314.022,-582.872,22.212,126.894,53.434,21.343,-0.766,1
2026-01-29 12:28:05,450533,8017.995,-2862.934,-356.195,-9.885,177.952,36.940,21.063,-0.223,0
2026-01-29 12:28:05,450573,8103.491,6642.493,-533.437,-75.844,174.666,161.543,21.321,-0.523,0
2026-01-29 12:28:05,450613,7814.871,-345.031,-695.767,-142.833,-131.528,-250.007,21.185,-0.953,0
2026-01-29 12:28:05,450653,7855.220,326.792,-519.020,51.320,-46.560,-89.758,21.109,0.610,0
2026-01-29 12:28:05,450693,8452.502,2392.287,-596.085,253.780,-51.336,189.705,21.147,0.657,0
2026-01-29 12:28:05,450733,8121.525,-394.637,-603.296,43.897,66.778,66.096,21.007,-0.817,1
2026-01-29 12:28:05,450773,8005.363,3293.579,-334.283,-131.760,-56.914,-239.123,21.082,-1.468,0
2026-01-29 12:28:05,450813,8003.795,4501.231,-826.599,196.683,90.994,6.775,21.238,-1.457,0
2026-01-29 12:28:05,450853,8200.786,-2321.063,-369.624,-12.301,101.788,136.821,20.995,-0.904,0
2026-01-29 12:28:06,450893,7792.676,3655.049,-687.532,-84.702,52.327,300.873,21.091,1.442,1
2026-01-29 12:28:06,450933,7771.429,4595.353,-613.917,127.402,-63.239,48.479,21.247,1.135,0
2026-01-29 12:28:06,450973,8152.395,-2745.066,-458.911,52.710,-183.057,-153.791,20.972,-0.245,1
2026-01-29 12:28:06,451013,8046.748,3173.581,-760.959,-81.474,256.536,-87.824,21.052,-0.060,0
2026-01-29 12:28:06,451053,8186.218,1394.981,-618.443,-31.160,49.050,193.701,21.037,0.181,0
2026-01-29 12:28:06,451093,7940.293,2190.156,-434.901,-35.923,-71.992,83.150,21.029,-0.921,0
2026-01-29 12:28:06,451133,7967.864,5488.472,-705.499,147.412,-146.002,-176.344,21.234,-0.649,0
2026-01-29 12:28:06,451173,7774.543,-2738.400,-548.058,79.444,76.186,113.358,20.977,-0.286,0
2026-01-29 12:28:06,451213,7843.582,2053.361,-564.521,-44.706,-78.372,101.500,20.986,0.203,0
2026-01-29 12:28:06,451253,7869.344,4452.481,-683.545,20.486,128.321,235.335,21.127,0.444,1
2026-01-29 12:28:06,451293,7914.272,2858.108,-620.145,118.502,-60.101,-63.350,21.187,-0.325,1
2026-01-29 12:28:06,451333,7915.416,-1528.399,-1021.102,92.189,-148.988,-338.821,20.998,-1.373,0
2026-01-29 12:28:06,451373,8061.032,4621.540,-662.925,-90.293,-174.153,-183.015,21.149,0.866,1
2026-01-29 12:28:06,451413,8303.953,5387.249,-462.927,113.312,-143.633,76.982,21.352,1.418,0
2026-01-29 12:28:06,451453,7873.756,-1867.495,-767.997,-66.206,-150.959,144.445,21.135,0.448,0
2026-01-29 12:28:06,451493,8052.604,-771.139,-396.774,-172.126,73.050,54.817,20.993,0.535,0
2026-01-29 12:28:06,451533,7930.840,4199.116,-698.080,48.434,126.338,124.305,21.126,1.060,0
2026-01-29 12:28:06,451573,8028.170,3843.745,-515.726,80.724,-129.638,16.445,21.222,1.249,0
2026-01-29 12:28:06,451613,8124.524,305.055,-417.762,44.080,-245.012,210.885,21.135,0.651,0
2026-01-29 12:28:06,451653,8167.960,3713.904,-216.384,-73.163,197.702,82.022,21.251,1.210,0
2026-01-29 12:28:06,451693,8027.480,2199.393,-537.359,-128.078,200.117,-53.349,21.253,1.260,0
2026-01-29 12:28:06,451733,8033.534,-2612.723,-767.647,52.410,-269.590,-186.630,20.992,0.417,0
2026-01-29 12:28:06,451773,8001.260,7898.822,-482.981,-134.303,99.266,63.386,21.349,-0.738,1
2026-01-29 12:28:06,451813,7893.675,-4702.140,-588.070,198.615,-109.380,285.335,20.981,-0.208,0
2026-01-29 12:28:06,451853,8005.544,6683.029,-274.647,98.065,-11.110,-18.834,21.252,-0.580,0
2026-01-29 12:28:07,451893,8130.729,2324.482,-589.076,-203.363,-136.316,-62.447,21.265,0.648,0
2026-01-29 12:28:07,451933,7955.424,2826.584,-770.796,235.015,289.493,259.536,21.319,-0.278,1
2026-01-29 12:28:07,451973,7734.368,55.121,-562.673,167.915,-106.178,108.250,21.195,0.127,0
2026-01-29 12:28:07,452013,7954.399,391.361,-222.240,103.936,-128.704,97.723,21.101,0.758,0
2026-01-29 12:28:07,452053,8029.554,4583.301,-843.617,-47.196,22.618,-249.923,21.244,0.571,0
2026-01-29 12:28:07,452093,7657.914,290.517,-827.295,-26.967,206.688,-90.278,21.146,-0.295,0
2026-01-29 12:28:07,452133,8038.900,4544.415,-546.055,24.791,-4.332,-123.826,21.315,0.364,0
2026-01-29 12:28:07,452173,7678.830,-2054.598,-560.112,10.995,-148.938,-98.231,21.082,-0.490,0
2026-01-29 12:28:07,452213,7994.608,1949.959,-841.032,121.778,275.627,-184.659,21.084,-0.841,0
2026-01-29 12:28:07,452253,7966.952,6109.738,-810.513,-18.165,-44.553,9.206,21.326,-0.456,0
2026-01-29 12:28:07,452293,7720.927,432.363,-615.366,48.085,-66.998,147.661,21.242,-0.391,0
2026-01-29 12:28:07,452333,8195.464,596.529,-733.824,-265.081,-59.453,-38.899,21.179,-0.783,0
2026-01-29 12:28:07,452373,8123.909,-1082.560,-550.202,-121.887,214.995,268.925,21.006,0.198,0
2026-01-29 12:28:07,452413,8135.964,5595.957,-686.028,-148.243,-65.287,8.829,21.233,1.368,1
2026-01-29 12:28:07,452453,8055.273,-657.952,-553.284,176.843,236.486,-200.033,21.083,-0.585,0
2026-01-29 12:28:07,452493,7949.533,6314.971,-430.280,-118.509,-80.829,36.869,21.332,-0.843,0
2026-01-29 12:28:07,452533,8097.969,-91.321,-359.347,-162.402,-72.947,260.675,21.218,0.550,0
2026-01-29 12:28:07,452573,7927.785,2037.739,-904.912,-33.352,120.098,-226.893,21.223,-0.359,0
2026-01-29 12:28:07,452613,8003.876,3637.482,-586.601,121.395,-192.323,-168.673,21.343,-1.357,0
2026-01-29 12:28:07,452653,7933.841,1028.540,-495.514,212.844,60.946,43.931,21.295,-0.572,0
2026-01-29 12:28:07,452693,8100.538,-1304.973,-146.908,104.582,-71.931,-199.978,21.123,-0.442,0
2026-01-29 12:28:07,452733,8051.963,4208.164,-795.728,-73.751,-108.857,62.876,21.264,-1.328,0
2026-01-29 12:28:07,452773,7758.439,-2321.589,-488.377,90.156,119.425,22.667,21.042,1.067,0
2026-01-29 12:28:07,452813,7842.513,5245.619,-198.291,-29.027,59.537,-328.970,21.228,0.397,0
2026-01-29 12:28:07,452853,7980.322,-1829.334,-529.794,99.817,-119.473,258.598,20.994,-0.160,1
2026-01-29 12:28:08,452893,7967.282,1946.629,-1000.832,53.736,79.628,86.583,20.999,0.249,0
2026-01-29 12:28:08,452933,7857.336,6525.309,-729.369,-239.977,220.589,97.683,21.278,-0.388,0
2026-01-29 12:28:08,452973,7983.870,2198.061,-908.660,5.445,-87.374,-78.305,21.303,1.019,0
2026-01-29 12:28:08,453013,7987.142,-2918.310,-435.230,201.830,-58.466,123.464,21.026,0.353,0
2026-01-29 12:28:08,453053,7946.690,3550.561,-556.032,146.452,29.738,-141.895,21.129,-1.356,0
2026-01-29 12:28:08,453093,8125.532,-762.610,-492.533,-60.991,187.561,-3.900,20.989,1.059,0
2026-01-29 12:28:08,453133,8064.450,6146.808,-538.412,23.231,-314.418,-70.835,21.230,-0.356,1
2026-01-29 12:28:08,453173,8096.047,-1522.365,-729.588,94.359,73.662,-45.001,21.030,-0.064,0
2026-01-29 12:28:08,453213,8145.799,4809.899,-495.865,4.064,11.944,-47.161,21.193,0.562,0
2026-01-29 12:28:08,453253,8057.751,2632.277,-813.851,0.969,-197.268,-234.320,21.228,-0.728,0
2026-01-29 12:28:08,453293,7898.696,-1618.144,-146.567,192.517,-8.586,-230.881,21.037,0.598,0
2026-01-29 12:28:08,453333,7898.351,565.511,-524.843,32.077,9.330,102.499,20.959,0.132,0
2026-01-29 12:28:08,453373,8056.597,4679.336,-659.126,10.645,-107.145,-77.608,21.102,-0.919,1
2026-01-29 12:28:08,453413,7822.770,4375.435,-534.634,-220.498,140.846,148.611,21.237,1.198,0
2026-01-29 12:28:08,453453,7774.583,1585.844,-435.681,-16.660,-62.961,111.216,21.231,0.177,0
2026-01-29 12:28:08,453493,7914.684,-2652.174,-396.779,-22.608,286.435,104.335,20.975,0.601,0
2026-01-29 12:28:08,453533,8239.151,6279.448,-757.882,121.238,21.136,-218.296,21.235,-1.251,1
2026-01-29 12:28:08,453573,8324.565,-2196.167,-619.198,114.242,117.278,68.046,21.023,-0.093,0
2026-01-29 12:28:08,453613,7931.273,5764.822,-914.197,-117.125,2.179,5.212,21.245,-0.219,0
2026-01-29 12:28:08,453653,7954.564,-2273.851,-601.270,-96.908,22.668,-117.690,21.012,0.048,0
2026-01-29 12:28:08,453693,8075.781,4291.807,-795.618,34.806,171.766,37.420,21.138,-1.262,0
2026-01-29 12:28:08,453733,7990.112,322.145,-927.389,-114.377,-49.875,133.140,21.054,0.126,0
2026-01-29 12:28:08,453773,7961.953,3474.427,-943.581,112.291,52.601,-67.003,21.155,-1.066,1
2026-01-29 12:28:08,453813,7892.794,-930.350,-450.077,108.087,-137.928,6.986,21.011,1.354,0
2026-01-29 12:28:08,453853,7968.360,4324.100,-617.824,110.139,47.774,-68.851,21.127,1.390,0
2026-01-29 12:28:09,453893,8072.032,2379.562,-457.171,-105.863,-14.692,257.260,21.149,1.184,0
2026-01-29 12:28:09,453933,7729.295,2200.993,-522.210,-91.564,139.807,-108.273,21.182,0.909,0
2026-01-29 12:28:09,453973,8247.267,4901.899,-554.749,-103.063,-26.644,117.697,21.344,0.649,0
2026-01-29 12:28:09,454013,7681.275,1529.044,-584.661,54.939,166.632,-45.128,21.315,-0.677,0
2026-01-29 12:28:09,454053,8086.274,-1272.409,-311.653,7.803,192.740,-46.720,21.124,0.824,0
2026-01-29 12:28:09,454093,7968.274,3352.492,-715.803,126.608,38.311,-129.457,21.229,0.166,0
2026-01-29 12:28:09,454133,8086.721,-2688.626,-428.902,71.059,-78.817,136.753,20.973,0.787,0
2026-01-29 12:28:09,454173,8098.149,7499.308,-655.846,60.827,-7.055,130.714,21.311,-1.106,0
2026-01-29 12:28:09,454213,8314.742,2086.594,-921.963,0.008,101.887,-55.717,21.314,-0.887,0
2026-01-29 12:28:09,454253,8002.740,-1619.835,-769.469,69.559,-42.881,10.415,21.114,-0.316,1
2026-01-29 12:28:09,454293,8133.958,2951.851,-519.983,128.833,92.436,-279.405,21.168,-1.238,0
2026-01-29 12:28:09,454333,8069.327,4523.695,-294.404,-307.003,-49.484,163.687,21.306,-0.811,0
2026-01-29 12:28:09,454373,8183.803,-808.969,-504.742,13.501,86.428,79.916,21.144,0.423,0
2026-01-29 12:28:09,454413,7797.923,-399.944,-312.535,-47.213,-186.107,63.106,21.008,1.071,0
2026-01-29 12:28:09,454453,7781.424,7423.532,-800.138,-343.115,176.219,-107.921,21.316,-0.310,0
2026-01-29 12:28:09,454493,8063.579,-3758.267,-654.349,-43.393,-74.076,-103.516,20.976,0.021,1
2026-01-29 12:28:09,454533,8082.293,5081.676,-814.757,-10.652,-110.448,1.353,21.162,-0.534,0
2026-01-29 12:28:09,454573,8023.637,3442.811,-784.867,-81.791,-92.081,-49.418,21.257,0.938,0
2026-01-29 12:28:09,454613,8162.400,2761.163,-300.918,422.747,75.047,37.835,21.318,-0.418,0
2026-01-29 12:28:09,454653,7924.770,2185.416,-759.177,-151.014,86.862,-16.792,21.342,-0.548,0
2026-01-29 12:28:09,454693,8141.468,-4138.436,-653.015,-17.973,31.587,91.866,21.018,0.066,0
2026-01-29 12:28:09,454733,8162.877,3707.949,-633.905,-64.000,-110.743,-74.028,21.132,0.606,0
2026-01-29 12:28:09,454773,8049.122,-1376.112,-628.719,154.167,-57.043,-179.749,20.957,0.974,0
2026-01-29 12:28:09,454813,8146.743,2089.245,-646.355,21.248,-60.870,121.504,20.977,0.320,0
2026-01-29 12:28:09,454853,7688.042,7307.831,-843.286,158.733,-8.233,371.146,21.281,-0.499,0
2026-01-29 12:28:10,454893,7954.203,-2852.667,-717.546,-24.115,-260.274,-25.304,21.004,0.168,0
2026-01-29 12:28:10,454933,7902.273,5737.793,-791.056,145.845,-12.788,-139.527,21.241,1.081,0
2026-01-29 12:28:10,454973,7974.382,3372.520,-615.535,151.044,-1.844,-189.463,21.321,-1.016,0
2026-01-29 12:28:10,455013,7968.527,2360.117,-829.863,-236.249,-39.342,-132.360,21.352,-0.212,1
2026-01-29 12:28:10,455053,8015.265,-2232.056,-892.416,67.896,-124.565,-75.293,21.118,-0.942,0
2026-01-29 12:28:10,455093,8054.151,3195.188,-644.166,102.958,-260.791,4.849,21.181,1.080,0
2026-01-29 12:28:10,455133,8153.684,2946.035,-587.431,-229.133,48.812,-85.682,21.240,1.283,0
2026-01-29 12:28:10,455173,7956.277,72.764,-609.199,11.477,-164.690,-46.488,21.141,-1.474,0
2026-01-29 12:28:10,455213,7995.776,2601.080,-641.493,214.597,-43.277,-29.454,21.183,0.180,0
2026-01-29 12:28:10,455253,7839.660,-1162.831,-735.196,185.046,-126.923,68.827,21.006,0.251,0
2026-01-29 12:28:10,455293,7900.557,7617.850,-379.811,103.273,106.623,-195.046,21.320,1.406,0
2026-01-29 12:28:10,455333,8147.858,-4107.046,-641.178,154.407,1.095,-147.113,20.980,-1.396,1
2026-01-29 12:28:10,455373,7829.947,2518.017,-848.459,75.375,-50.574,-81.614,21.011,-0.215,0
2026-01-29 12:28:10,455413,7849.464,1309.379,-538.912,-163.023,-442.755,118.376,20.978,-0.816,0
2026-01-29 12:28:10,455453,7995.813,6502.877,-612.653,-66.829,-3.270,177.147,21.256,1.157,0
2026-01-29 12:28:10,455493,8205.565,-1278.452,-643.985,-35.576,-168.842,-104.423,21.063,0.000,0
2026-01-29 12:28:10,455533,8179.289,4998.763,-738.442,-140.685,-41.977,102.415,21.251,-0.818,0
2026-01-29 12:28:10,455573,7678.904,-2369.596,-500.488,-27.248,-65.884,-18.576,20.998,-0.118,0
2026-01-29 12:28:10,455613,7984.714,3378.395,-750.555,5.330,-23.593,-116.348,21.077,-1.228,0
2026-01-29 12:28:10,455653,7822.148,6287.233,-540.562,259.903,-64.394,176.413,21.333,1.191,0
2026-01-29 12:28:10,455693,8060.570,-2601.518,-602.653,-20.376,-325.453,-289.832,21.075,0.507,1
2026-01-29 12:28:10,455733,8157.906,2328.023,-887.842,-86.546,-38.371,-100.790,21.094,-1.188,0
2026-01-29 12:28:10,455773,7877.417,5805.876,-705.280,-140.319,168.347,-14.565,21.320,-0.776,0
2026-01-29 12:28:10,455813,7977.294,-1269.184,-593.230,98.555,94.248,297.222,21.158,1.223,0
2026-01-29 12:28:10,455853,8101.516,634.139,-618.522,-235.648,-64.524,77.489,21.090,-0.366,0
2026-01-29 12:28:11,455893,7828.897,2877.340,-704.584,78.391,-18.009,192.735,21.147,1.261,0
2026-01-29 12:28:11,455933,7907.139,4939.852,-707.762,45.965,-8.074,-181.216,21.318,0.659,0
2026-01-29 12:28:11,455973,8039.528,-3523.381,-958.387,-50.869,-217.062,-63.658,21.004,-0.647,0
2026-01-29 12:28:11,456013,7827.582,5010.954,-602.617,255.791,74.463,129.355,21.175,0.177,1
2026-01-29 12:28:11,456053,8215.664,4541.927,-651.898,-119.647,-208.071,39.522,21.331,0.778,0
2026-01-29 12:28:11,456093,7910.507,2207.784,-630.975,39.830,39.093,-77.152,21.351,-0.001,0
2026-01-29 12:28:11,456133,7947.202,-4291.771,-439.710,61.966,20.291,-73.985,21.023,0.782,1
2026-01-29 12:28:11,456173,8080.377,2570.266,-700.247,79.030,71.708,-45.492,21.058,0.755,0
2026-01-29 12:28:11,456213,8078.666,2078.568,-441.933,384.194,47.660,-20.026,21.051,-0.035,1
2026-01-29 12:28:11,456253,7898.322,3459.526,-747.017,-42.016,130.930,-159.311,21.146,-0.366,1
2026-01-29 12:28:11,456293,8023.795,5378.587,-505.627,-53.908,-104.946,237.017,21.344,-0.230,0
2026-01-29 12:28:11,456333,7930.535,-2896.185,-778.752,-332.890,214.934,-54.477,21.081,0.113,0
2026-01-29 12:28:11,456373,8071.444,3212.689,-692.077,-105.087,19.498,34.669,21.150,1.433,0
2026-01-29 12:28:11,456413,8014.143,4905.283,-517.901,55.722,60.846,-343.895,21.330,-0.878,1
2026-01-29 12:28:11,456453,8152.004,-2946.789,-358.820,-0.435,67.604,16.519,21.056,-0.140,0
2026-01-29 12:28:11,456493,8000.290,2326.773,-528.981,210.221,25.913,-99.843,21.081,-0.122,0
2026-01-29 12:28:11,456533,8284.056,2296.809,-665.030,79.034,-190.517,178.070,21.098,-0.098,0
2026-01-29 12:28:11,456573,8223.563,5799.543,-803.557,6.745,187.997,-121.667,21.329,0.215,1
2026-01-29 12:28:11,456613,8176.286,782.920,-599.257,111.975,219.519,97.392,21.268,-0.242,0
2026-01-29 12:28:11,456653,8251.871,559.236,-945.347,68.407,44.582,-77.441,21.173,0.547,0
2026-01-29 12:28:11,456693,8304.532,4712.094,-396.283,-94.144,-33.721,50.122,21.344,0.808,0
2026-01-29 12:28:11,456733,7996.819,-2600.456,-491.005,113.129,95.949,-183.886,21.090,-0.730,0
2026-01-29 12:28:11,456773,7887.483,5487.472,-591.430,40.745,-32.137,-225.785,21.312,0.173,0
2026-01-29 12:28:11,456813,8331.939,-542.114,-555.997,-31.406,-110.611,56.736,21.196,-0.853,0
2026-01-29 12:28:11,456853,7921.833,-2199.738,-638.860,199.826,-93.981,101.235,20.964,0.203,0
2026-01-29 12:28:12,456893,7855.895,4272.386,-709.438,-146.965,143.493,-59.272,21.108,0.663,0
2026-01-29 12:28:12,456933,7910.724,-125.175,-682.878,-94.610,-65.279,212.779,20.977,-1.203,0
2026-01-29 12:28:12,456973,7816.859,7239.585,-170.738,177.445,3.556,-345.771,21.289,-1.055,0
2026-01-29 12:28:12,457013,7801.999,-3141.339,-667.225,137.508,-167.694,14.598,21.006,-0.160,0
2026-01-29 12:28:12,457053,7890.527,1699.162,-728.386,92.277,-131.559,-96.485,21.009,-0.706,0
2026-01-29 12:28:12,457093,8069.084,7799.590,-701.925,-8.682,-155.020,-107.010,21.356,-1.254,1
2026-01-29 12:28:12,457133,8002.937,-4019.812,-497.566,170.238,210.828,182.111,21.032,1.241,0
2026-01-29 12:28:12,457173,7845.132,3094.559,-733.052,-181.075,257.476,-31.175,21.120,-0.956,0
2026-01-29 12:28:12,457213,7912.044,4690.326,-855.389,94.334,101.963,111.400,21.275,-1.228,0
2026-01-29 12:28:12,457253,7931.415,-2652.567,-553.384,142.574,-274.271,38.402,21.029,-0.600,0
2026-01-29 12:28:12,457293,7820.352,1600.684,-623.100,133.289,92.882,-57.784,21.017,1.184,1
2026-01-29 12:28:12,457333,7956.943,5255.544,-431.047,84.256,90.213,195.076,21.215,1.079,0
2026-01-29 12:28:12,457373,7875.029,-620.934,-576.543,-163.281,44.303,-161.483,21.077,-1.012,0
2026-01-29 12:28:12,457413,8020.929,4297.425,-584.155,15.131,34.138,-67.165,21.212,1.451,0
2026-01-29 12:28:12,457453,7854.010,2826.782,-512.626,-40.504,-75.142,-148.797,21.269,0.474,0
2026-01-29 12:28:12,457493,7976.131,-2887.620,-644.215,-205.584,-81.199,-194.630,20.997,-1.427,0
2026-01-29 12:28:12,457533,7895.865,2508.226,-569.767,-214.865,43.057,193.108,21.034,0.774,0
2026-01-29 12:28:12,457573,8076.486,5759.663,-736.109,85.868,137.737,-155.542,21.258,-1.431,1
2026-01-29 12:28:12,457613,7848.782,-824.257,-792.448,159.442,-226.564,192.567,21.112,-1.410,0
2026-01-29 12:28:12,457653,8190.844,2050.660,-643.697,-39.077,321.465,-56.946,21.122,-1.238,0
2026-01-29 12:28:12,457693,7959.389,2665.481,-583.466,-36.389,55.576,-192.275,21.178,-1.321,1
2026-01-29 12:28:12,457733,7718.741,180.154,-759.958,-48.409,90.631,-102.168,21.061,-1.194,0
2026-01-29 12:28:12,457773,8427.924,4667.349,-700.080,207.108,-101.724,191.713,21.201,-0.265,0
2026-01-29 12:28:12,457813,8058.595,1017.815,-542.725,3.780,18.616,-58.150,21.126,0.437,0
2026-01-29 12:28:12,457853,8057.854,4468.759,-869.857,80.854,99.825,-187.827,21.277,-0.155,0
2026-01-29 12:28:13,457893,7964.552,206.243,-350.724,-52.505,-28.097,43.432,21.171,1.368,0
2026-01-29 12:28:13,457933,8012.431,1304.392,-451.090,38.112,-126.743,202.928,21.138,0.653,1
2026-01-29 12:28:13,457973,8259.841,5715.312,-592.992,54.230,-48.987,-151.507,21.351,-0.230,0
2026-01-29 12:28:13,458013,8059.818,219.421,-806.692,297.371,138.426,-105.847,21.252,-1.464,1
2026-01-29 12:28:13,458053,7863.912,-424.156,-621.375,235.029,-182.935,0.030,21.105,-1.096,0
2026-01-29 12:28:13,458093,7665.229,5654.399,-723.319,137.532,-60.930,42.793,21.317,1.127,0
2026-01-29 12:28:13,458133,7873.980,-2495.769,-369.365,-40.034,-85.429,-31.054,21.062,1.049,0
2026-01-29 12:28:13,458173,8030.943,5186.232,-526.505,41.699,106.210,-25.745,21.249,-0.374,0
2026-01-29 12:28:13,458213,8248.381,3022.281,-396.085,195.730,259.503,99.712,21.317,0.314,1
2026-01-29 12:28:13,458253,7766.152,-4385.274,-730.041,100.310,24.475,-200.319,20.971,-0.482,0
2026-01-29 12:28:13,458293,7851.605,3918.927,-531.340,132.057,-12.501,1.291,21.106,0.232,0
2026-01-29 12:28:13,458333,8065.477,2018.580,-590.856,19.731,-68.672,198.284,21.116,1.183,1
2026-01-29 12:28:13,458373,7955.443,3845.188,-237.780,144.365,-68.629,148.721,21.236,0.495,1
2026-01-29 12:28:13,458413,8172.095,271.826,-351.358,-118.268,-11.384,340.590,21.123,0.174,0
2026-01-29 12:28:13,458453,7908.121,-201.327,-430.111,-213.388,292.329,-44.803,21.011,-0.058,0
2026-01-29 12:28:13,458493,7943.441,3317.255,-605.545,98.538,152.158,175.297,21.098,1.267,1
2026-01-29 12:28:13,458533,7999.332,1119.953,-417.271,86.339,-72.795,14.394,21.059,0.155,1
2026-01-29 12:28:13,458573,7969.973,6716.095,-782.108,-166.380,126.703,-62.295,21.328,-0.875,0
2026-01-29 12:28:13,458613,8190.009,-3355.958,-855.258,31.246,-4.800,-125.856,21.031,-0.562,0
2026-01-29 12:28:13,458653,8102.967,6951.907,-599.523,-218.668,59.360,-153.594,21.320,-0.710,0
2026-01-29 12:28:13,458693,7894.897,-3716.719,-637.020,-70.480,99.385,5.480,20.989,0.287,0
2026-01-29 12:28:13,458733,7978.183,4170.090,-343.750,115.217,184.611,-137.421,21.117,0.347,0
2026-01-29 12:28:13,458773,8066.447,5822.701,-447.651,-19.048,229.327,88.127,21.351,0.921,0
2026-01-29 12:28:13,458813,7897.629,-64.800,-606.662,-211.591,57.504,-232.857,21.242,1.285,0
2026-01-29 12:28:13,458853,7783.830,2707.839,-681.319,-204.855,-83.133,195.350,21.281,1.193,0
2026-01-29 12:28:14,458893,7907.397,-290.519,-682.742,-14.400,-52.989,165.379,21.165,1.251,0
2026-01-29 12:28:14,458933,7978.165,-298.676,-621.172,192.441,-160.764,-184.567,21.041,-1.148,0
2026-01-29 12:28:14,458973,7872.724,4438.091,-755.862,58.904,153.916,-6.980,21.190,0.314,0
2026-01-29 12:28:14,459013,8245.908,-557.459,-904.923,43.242,86.473,7.876,21.053,-1.148,0
2026-01-29 12:28:14,459053,7806.786,6107.391,-639.494,-46.081,-11.814,12.036,21.275,0.407,0
2026-01-29 12:28:14,459093,8027.062,-1611.702,-366.926,-78.500,-58.368,94.203,21.090,1.180,0
2026-01-29 12:28:14,459133,7937.621,5381.665,-825.675,-71.578,56.980,-67.008,21.292,0.322,0
2026-01-29 12:28:14,459173,8247.927,199.265,-803.909,-112.463,208.896,-105.818,21.193,-1.493,0
2026-01-29 12:28:14,459213,7940.183,3015.838,-400.845,122.924,-90.936,25.860,21.257,0.861,0
2026-01-29 12:28:14,459253,7837.978,-1537.296,-751.973,-107.053,-1.710,-231.505,21.064,-1.483,0
2026-01-29 12:28:14,459293,8128.248,3271.644,-715.426,-66.715,32.172,-206.989,21.141,-1.447,0
2026-01-29 12:28:14,459333,8158.249,2125.585,-708.600,-72.022,57.356,166.293,21.158,-1.016,0
2026-01-29 12:28:14,459373,8019.888,126.617,-637.002,-7.749,268.256,-285.435,21.062,-0.297,1
2026-01-29 12:28:14,459413,7930.916,2071.792,-708.189,-44.282,260.613,23.537,21.089,0.919,0
2026-01-29 12:28:14,459453,8494.583,4602.232,-832.487,156.928,58.390,28.727,21.246,-0.376,0
2026-01-29 12:28:14,459493,7986.408,3756.315,-559.046,32.497,-16.967,53.127,21.351,-1.052,0
2026-01-29 12:28:14,459533,8163.229,-3703.826,-374.893,288.541,181.450,-260.716,21.033,1.195,1
2026-01-29 12:28:14,459573,7957.687,7260.895,-645.797,59.325,230.399,-24.781,21.355,-0.229,1
2026-01-29 12:28:14,459613,7955.635,-936.762,-844.496,5.768,152.992,-55.272,21.204,1.083,0
2026-01-29 12:28:14,459653,8278.557,3308.889,-518.274,74.351,90.399,-69.794,21.290,1.433,0
2026-01-29 12:28:14,459693,8342.980,181.933,-629.070,-35.848,-50.777,-117.534,21.200,1.111,1
2026-01-29 12:28:14,459733,7848.389,-419.961,-641.544,139.658,222.196,99.092,21.081,-0.540,0
2026-01-29 12:28:14,459773,7842.569,3727.661,-676.181,9.783,275.912,-59.668,21.204,1.087,0
2026-01-29 12:28:14,459813,8012.503,1375.350,-583.564,-142.870,-268.807,-251.546,21.171,-1.480,0
2026-01-29 12:28:14,459853,8016.038,2985.168,-541.995,-4.749,-33.726,180.702,21.223,0.601,0
2026-01-29 12:28:15,459893,7890.588,3175.696,-610.127,-30.915,-4.476,49.860,21.302,0.371,0
2026-01-29 12:28:15,459933,7988.657,-807.053,-314.696,-363.520,19.234,-112.182,21.161,1.340,0
2026-01-29 12:28:15,459973,7893.514,844.447,-297.194,-205.417,-66.529,-116.642,21.092,-0.493,1
2026-01-29 12:28:15,460013,8236.687,3924.060,-597.415,89.466,48.131,-70.764,21.192,-1.300,0
2026-01-29 12:28:15,460053,7978.788,3140.224,-750.626,-62.465,238.451,-5.245,21.258,0.268,0
2026-01-29 12:28:15,460093,7690.246,1101.831,-327.858,104.711,4.971,11.462,21.195,-1.186,1
2026-01-29 12:28:15,460133,7833.232,176.529,-665.191,-186.947,-196.370,144.829,21.100,-0.943,0
2026-01-29 12:28:15,460173,8039.163,683.168,-732.628,-109.214,-24.611,-46.343,21.023,-1.217,0
2026-01-29 12:28:15,460213,8175.615,4846.087,-454.285,-87.102,-160.987,106.261,21.206,0.882,0
2026-01-29 12:28:15,460253,7682.195,-1100.159,-829.131,136.052,64.073,-406.934,21.027,-0.725,0
2026-01-29 12:28:15,460293,7946.003,4515.193,-579.658,37.037,-16.141,145.653,21.174,0.976,0
2026-01-29 12:28:15,460333,8006.028,2749.226,-719.634,94.376,-30.772,-57.533,21.217,-1.304,0
2026-01-29 12:28:15,460373,8146.638,2920.601,-418.357,20.789,-193.021,-179.563,21.270,0.347,0
2026-01-29 12:28:15,460413,8062.419,-2550.240,-581.478,-61.396,-240.664,228.257,21.016,-1.255,0
2026-01-29 12:28:15,460453,7890.752,7384.781,-471.706,-133.092,-50.063,-9.541,21.332,1.267,0
2026-01-29 12:28:15,460493,7837.565,-2097.760,-423.158,138.616,-45.513,-125.952,21.108,1.126,0
2026-01-29 12:28:15,460533,7918.591,3686.525,-799.616,55.284,146.868,8.365,21.218,0.906,0
2026-01-29 12:28:15,460573,8097.741,3633.046,-391.981,-21.129,-96.169,47.986,21.327,1.326,0
2026-01-29 12:28:15,460613,8013.781,-163.548,-880.018,-269.138,64.715,43.639,21.218,-0.527,0
2026-01-29 12:28:15,460653,8334.344,34.096,-690.778,53.190,-84.406,70.379,21.116,-0.916,0
2026-01-29 12:28:15,460693,7821.743,252.400,-244.832,153.445,-64.028,299.529,21.017,1.018,1
2026-01-29 12:28:15,460733,8065.978,6060.279,-514.281,-18.152,114.584,145.569,21.249,-0.825,0
2026-01-29 12:28:15,460773,7935.437,2970.519,-556.700,102.915,-228.971,13.822,21.307,0.661,0
2026-01-29 12:28:15,460813,7621.587,1871.402,-743.438,-249.246,58.634,-5.080,21.309,1.211,0
2026-01-29 12:28:15,460853,7971.132,-161.930,-347.979,295.976,-40.709,170.395,21.183,0.191,0
2026-01-29 12:28:16,460893,8144.334,369.827,-620.929,99.697,55.203,179.707,21.105,0.220,0
2026-01-29 12:28:16,460933,7959.482,1125.262,-911.082,-46.432,-242.419,-116.022,21.061,1.350,0
2026-01-29 12:28:16,460973,7879.257,556.177,-699.842,54.509,-180.879,64.413,20.989,-0.840,1
2026-01-29 12:28:16,461013,7790.596,1811.874,-445.163,-8.940,42.519,-108.349,20.981,0.389,0
2026-01-29 12:28:16,461053,7979.709,2911.672,-795.222,-113.804,175.324,179.966,21.040,-0.113,0
2026-01-29 12:28:16,461093,7950.920,3293.890,-532.571,-178.538,-148.325,-15.180,21.127,-1.160,0
2026-01-29 12:28:16,461133,7736.996,1119.006,-693.599,27.171,-100.462,19.388,21.090,-0.471,0
2026-01-29 12:28:16,461173,8050.712,2041.116,-744.377,-77.656,-109.335,42.924,21.100,-0.225,0
2026-01-29 12:28:16,461213,8034.479,4283.428,-681.377,349.747,-26.843,-128.379,21.233,0.782,1
2026-01-29 12:28:16,461253,7955.546,-2072.494,-481.810,-53.074,5.492,104.052,21.001,1.158,0
2026-01-29 12:28:16,461293,8281.745,1673.617,-820.153,138.291,-21.258,9.551,20.964,0.848,0
2026-01-29 12:28:16,461333,8123.888,2539.425,-588.716,-12.378,144.872,-103.599,21.003,0.311,0
2026-01-29 12:28:16,461373,7868.423,1488.745,-546.450,95.557,259.334,256.504,20.981,0.284,0
2026-01-29 12:28:16,461413,8026.384,7332.389,-370.497,-121.387,132.034,216.318,21.296,0.776,1
2026-01-29 12:28:16,461453,8233.511,-440.233,-383.952,-103.847,14.017,-149.229,21.160,0.437,0
2026-01-29 12:28:16,461493,8114.744,124.883,-587.681,132.484,-145.633,-398.072,21.070,-0.789,0
2026-01-29 12:28:16,461533,8125.990,5454.537,-606.078,-21.210,12.199,285.719,21.282,-0.480,0
2026-01-29 12:28:16,461573,8255.193,-1644.336,-547.181,-124.355,-0.477,-71.125,21.087,0.011,1
2026-01-29 12:28:16,461613,7664.562,3797.246,-757.454,-21.442,-147.878,237.517,21.193,0.828,1
2026-01-29 12:28:16,461653,7925.827,-1680.761,-685.172,130.086,73.333,-30.918,20.993,-0.694,0
2026-01-29 12:28:16,461693,8214.869,3546.770,-683.898,-81.689,-120.393,326.952,21.082,-0.399,1
2026-01-29 12:28:16,461733,7902.427,5544.222,-750.842,-36.532,162.432,-97.143,21.281,-0.655,0
2026-01-29 12:28:16,461773,8515.549,-1524.512,-462.735,-200.369,164.645,251.294,21.082,-0.298,1
2026-01-29 12:28:16,461813,8067.241,6336.050,-519.036,-8.986,-21.735,43.988,21.335,0.594,0
2026-01-29 12:28:16,461853,7933.207,-2105.341,-836.064,-214.431,-156.579,-5.989,21.104,0.152,0
2026-01-29 12:28:17,461893,8253.070,-27.269,-724.801,68.578,-4.932,98.781,21.012,0.350,0
2026-01-29 12:28:17,461933,7771.482,1004.452,-627.705,158.767,32.853,182.376,20.964,0.865,0
2026-01-29 12:28:17,461973,8122.386,2734.248,-491.855,235.374,-98.000,292.785,21.019,1.252,0
2026-01-29 12:28:17,462013,8080.600,4014.738,-319.812,153.484,-21.495,19.810,21.156,0.241,1
2026-01-29 12:28:17,462053,7985.116,1614.831,-884.824,115.989,196.010,-212.755,21.147,-1.251,0
2026-01-29 12:28:17,462093,7909.476,2005.224,-481.972,93.822,35.819,2.874,21.158,0.610,0
2026-01-29 12:28:17,462133,7901.545,2124.995,-710.126,97.687,-52.095,136.242,21.156,0.110,0
2026-01-29 12:28:17,462173,7953.924,1964.757,-817.375,-186.028,-168.233,-191.546,21.170,0.090,0
2026-01-29 12:28:17,462213,8055.194,4671.815,-791.622,127.678,144.550,74.216,21.318,-0.234,0
2026-01-29 12:28:17,462253,8113.153,-2766.835,-627.189,81.228,-65.566,203.535,21.048,0.234,1
2026-01-29 12:28:17,462293,8021.429,3106.428,-651.190,2.034,-185.991,-178.708,21.109,1.199,1
2026-01-29 12:28:17,462333,8225.609,4060.617,-779.611,-35.724,145.745,-148.247,21.243,0.684,1
2026-01-29 12:28:17,462373,8112.952,-733.914,-489.742,168.301,-194.521,4.170,21.077,0.502,0
2026-01-29 12:28:17,462413,8062.201,5234.102,-498.586,172.535,90.615,-154.305,21.270,-0.804,0
2026-01-29 12:28:17,462453,7898.864,-1253.869,-610.312,-4.043,-56.489,53.706,21.089,-0.227,0
2026-01-29 12:28:17,462493,7958.463,-567.999,-746.583,-69.341,104.659,-296.316,20.958,-0.975,0
2026-01-29 12:28:17,462533,7858.662,4941.065,-549.934,-58.410,72.827,-16.598,21.140,0.153,0
2026-01-29 12:28:17,462573,8059.652,-1089.822,-610.804,146.648,149.449,122.630,20.970,0.616,0
2026-01-29 12:28:17,462613,7895.151,6861.463,-555.450,133.259,-134.285,-173.373,21.234,0.722,0
2026-01-29 12:28:17,462653,7933.139,2184.213,-452.466,57.010,193.572,221.842,21.257,-0.212,0
2026-01-29 12:28:17,462693,7985.922,953.424,-681.083,-176.957,-213.753,-58.700,21.205,0.107,0
2026-01-29 12:28:17,462733,7928.620,-1629.513,-520.471,-121.412,-156.465,-30.977,21.002,0.478,0
2026-01-29 12:28:17,462773,7753.274,4625.707,-420.743,-138.346,-76.597,-19.424,21.163,0.042,0
2026-01-29 12:28:17,462813,7713.553,4780.561,-455.462,-172.059,45.829,49.272,21.325,1.477,0
2026-01-29 12:28:17,462853,8077.021,51.472,-659.175,-44.696,147.361,14.605,21.240,-0.917,0
2026-01-29 12:28:18,462893,8087.415,-2527.422,-574.044,119.289,53.760,-44.478,20.984,-0.785,0
2026-01-29 12:28:18,462933,8092.573,5313.375,-823.293,-93.502,-84.232,-296.051,21.206,-0.163,0
2026-01-29 12:28:18,462973,8204.049,-199.407,-672.001,167.182,141.482,100.177,21.089,-0.442,0
2026-01-29 12:28:18,463013,8154.514,2201.080,-623.580,63.405,-272.214,-71.678,21.109,-1.013,0
2026-01-29 12:28:18,463053,8025.000,1108.977,-757.135,153.033,28.851,-241.920,21.075,-0.755,0
2026-01-29 12:28:18,463093,8015.208,-164.328,-433.443,17.459,-56.195,189.424,20.957,1.189,0
2026-01-29 12:28:18,463133,7725.910,4326.336,-299.262,336.035,-165.337,-78.730,21.094,-0.172,1
2026-01-29 12:28:18,463173,8381.792,4624.413,-1016.835,-52.418,-6.089,-89.257,21.242,-1.311,0
2026-01-29 12:28:18,463213,7982.155,2906.503,-415.446,-151.423,252.767,106.576,21.293,1.177,0
2026-01-29 12:28:18,463253,8201.941,-3250.717,-529.254,-26.846,234.930,-91.850,21.005,-1.087,0
2026-01-29 12:28:18,463293,8264.053,1905.541,-523.475,-169.908,110.564,123.301,21.015,-0.936,0
2026-01-29 12:28:18,463333,7976.694,5578.659,-631.436,206.454,-28.868,0.120,21.200,-0.157,0
2026-01-29 12:28:18,463373,7992.609,323.590,-780.140,-165.843,72.946,-163.488,21.104,-1.270,0
2026-01-29 12:28:18,463413,8287.786,4612.544,-753.874,222.546,164.524,84.973,21.260,1.173,0
2026-01-29 12:28:18,463453,8116.723,-1519.477,-706.272,49.947,177.271,171.266,21.063,-0.396,0
2026-01-29 12:28:18,463493,8047.844,787.147,-468.451,-243.910,-229.366,21.912,21.006,0.980,1
2026-01-29 12:28:18,463533,8145.860,6347.730,-574.537,39.351,33.210,-22.850,21.264,-1.200,0
2026-01-29 12:28:18,463573,8024.658,-2728.375,-671.754,-198.230,66.036,-42.121,20.994,-1.364,0
2026-01-29 12:28:18,463613,8033.877,6174.781,-600.180,-227.860,-7.084,-57.191,21.226,-0.579,0
2026-01-29 12:28:18,463653,8003.936,2163.526,-593.387,-71.542,2.000,-226.928,21.235,0.997,0
2026-01-29 12:28:18,463693,7989.102,-2087.639,-483.598,43.876,18.965,-44.699,21.007,0.289,0
2026-01-29 12:28:18,463733,8181.960,7474.277,-828.173,-78.601,192.365,41.647,21.318,-0.088,0
2026-01-29 12:28:18,463773,8104.522,-2370.150,-647.589,156.960,-122.134,213.835,21.062,1.103,0
2026-01-29 12:28:18,463813,8189.408,1165.756,-565.078,165.525,105.228,-178.662,21.016,1.041,0
2026-01-29 12:28:18,463853,8018.927,7306.922,-467.511,94.789,131.019,163.367,21.324,0.832,0
2026-01-29 12:28:19,463893,7795.323,1712.849,-569.988,-235.651,-98.074,-35.304,21.315,0.734,0
2026-01-29 12:28:19,463933,8262.691,1820.771,-807.893,-69.964,15.013,-26.025,21.321,0.756,0
2026-01-29 12:28:19,463973,8101.939,-4169.563,-589.427,10.895,188.195,129.691,20.966,-0.865,0
2026-01-29 12:28:19,464013,7892.892,7172.646,-550.746,335.608,-37.441,65.133,21.270,0.490,0
2026-01-29 12:28:19,464053,7796.348,2777.550,-663.889,193.451,-208.932,32.222,21.329,0.892,0
2026-01-29 12:28:19,464093,7998.573,1108.191,-578.066,-310.211,191.217,-67.873,21.286,-1.008,0
2026-01-29 12:28:19,464133,8218.069,-2147.933,-232.880,463.148,-71.060,-22.824,21.039,0.091,0
2026-01-29 12:28:19,464173,7892.784,4868.106,-814.843,184.650,48.241,-0.691,21.201,-1.142,0
2026-01-29 12:28:19,464213,8004.400,-618.462,-695.276,-42.635,-178.600,49.884,21.066,-0.025,0
2026-01-29 12:28:19,464253,7907.905,368.260,-399.142,-17.171,88.414,-56.750,20.978,1.100,0
2026-01-29 12:28:19,464293,7911.646,2580.564,-851.811,-149.707,-94.654,74.116,21.024,-0.469,0
2026-01-29 12:28:19,464333,7990.252,5697.921,-785.620,-4.521,-127.553,215.909,21.231,-1.362,0
2026-01-29 12:28:19,464373,7940.578,602.195,-799.043,-38.902,143.159,224.486,21.163,0.707,0
2026-01-29 12:28:19,464413,7909.675,1597.613,-333.629,-211.896,223.764,-231.583,21.154,0.916,0
2026-01-29 12:28:19,464453,7840.621,-799.329,-925.365,103.537,-141.878,-20.928,20.996,0.157,0
2026-01-29 12:28:19,464493,7900.247,7358.883,-580.712,-195.120,111.490,-156.776,21.313,-0.593,0
2026-01-29 12:28:19,464533,8018.047,1023.306,-618.769,-204.887,135.906,-0.531,21.262,1.388,1
2026-01-29 12:28:19,464573,8153.440,-3125.054,-304.278,258.538,-5.750,-69.525,20.981,0.562,1
2026-01-29 12:28:19,464613,7875.658,6226.178,-605.395,126.709,82.929,56.132,21.249,-0.979,0
2026-01-29 12:28:19,464653,7967.602,-1473.654,-646.797,50.843,121.028,-105.315,21.056,-0.346,0
2026-01-29 12:28:19,464693,7899.672,5945.655,-500.176,48.583,52.092,39.194,21.271,-0.394,0
2026-01-29 12:28:19,464733,8282.843,3355.907,-585.277,33.531,106.959,-79.313,21.353,-1.463,0
2026-01-29 12:28:19,464773,7918.938,-4887.420,-637.430,-160.097,-126.465,100.935,20.963,0.048,0
2026-01-29 12:28:19,464813,7897.865,8084.527,-703.986,-123.257,31.374,22.179,21.303,0.210,1
2026-01-29 12:28:19,464853,8014.413,1357.652,-810.358,-93.301,-106.859,175.656,21.277,1.279,0
2026-01-29 12:28:20,464893,8238.431,-1963.334,-367.563,-121.539,-70.176,101.824,21.039,1.451,0
2026-01-29 12:28:20,464933,8056.454,4970.473,-783.354,-116.957,94.703,-196.266,21.219,-0.968,0
2026-01-29 12:28:20,464973,7919.791,-1289.825,-675.460,50.273,103.306,14.740,21.026,0.657,0
2026-01-29 12:28:20,465013,8074.615,3162.809,-364.365,112.696,11.796,71.927,21.100,0.797,0
2026-01-29 12:28:20,465053,8119.657,6025.532,-184.084,107.426,32.640,118.231,21.330,0.042,0
2026-01-29 12:28:20,465093,8143.293,1467.018,-735.115,-3.130,-170.034,101.316,21.291,1.168,0
2026-01-29 12:28:20,465133,8110.070,-2014.807,-368.391,196.062,123.640,-6.442,21.068,1.441,0
2026-01-29 12:28:20,465173,7968.249,3004.828,-713.740,-54.650,-122.298,104.984,21.155,-0.852,0
2026-01-29 12:28:20,465213,7896.317,4225.211,-516.335,35.900,93.048,41.747,21.275,1.440,0
2026-01-29 12:28:20,465253,7995.244,-3422.810,-387.645,157.897,-121.106,110.916,20.980,0.974,1
2026-01-29 12:28:20,465293,8043.976,2950.676,-593.082,-33.468,-175.381,-139.866,21.031,-0.257,1
2026-01-29 12:28:20,465333,7945.925,693.364,-591.439,199.256,-1.196,-12.784,20.958,0.075,0
2026-01-29 12:28:20,465373,7932.053,4667.538,-485.573,62.297,-353.205,137.202,21.113,0.425,0
2026-01-29 12:28:20,465413,7856.426,2064.762,-735.225,43.230,-56.966,-166.602,21.116,-0.794,0
2026-01-29 12:28:20,465453,8151.687,4961.443,-584.162,-46.105,124.093,329.529,21.285,-0.092,0
2026-01-29 12:28:20,465493,7902.839,-2402.813,-550.383,59.137,-227.774,219.135,21.039,0.170,0
2026-01-29 12:28:20,465533,7706.755,3248.324,-583.425,95.210,194.896,329.831,21.122,1.416,0
2026-01-29 12:28:20,465573,7910.969,2244.360,-384.684,-58.619,-132.962,94.195,21.136,1.247,0
2026-01-29 12:28:20,465613,8105.546,188.700,-409.304,78.654,105.931,2.779,21.024,0.739,0
2026-01-29 12:28:20,465653,8208.900,5144.925,-1254.099,273.330,-150.100,-383.381,21.218,-0.960,0
2026-01-29 12:28:20,465693,7774.511,4314.670,-421.038,-240.115,53.159,-1.215,21.353,1.263,0
2026-01-29 12:28:20,465733,8195.126,1596.415,-334.700,48.932,-75.565,8.800,21.340,1.475,0
2026-01-29 12:28:20,465773,7990.856,-376.645,-659.485,-212.323,-17.480,20.020,21.207,-0.989,0
2026-01-29 12:28:20,465813,8099.114,4218.230,-449.525,82.914,-47.678,-87.688,21.343,-0.376,0
2026-01-29 12:28:20,465853,8120.239,-4560.137,-773.334,-6.426,111.403,-78.713,20.972,-0.567,0
2026-01-29 12:28:21,465893,8265.487,2443.772,-461.797,164.600,93.984,-43.772,20.993,0.277,0
2026-01-29 12:28:21,465933,8313.015,7728.595,-300.290,-323.306,114.212,130.340,21.318,0.904,0
2026-01-29 12:28:21,465973,8125.909,445.667,-503.549,80.736,-0.319,-165.421,21.232,0.293,0
2026-01-29 12:28:21,466013,8019.361,-2695.929,-573.972,-70.406,284.672,90.124,20.982,-1.009,0
2026-01-29 12:28:21,466053,7938.477,6321.485,-908.723,-282.141,259.052,62.710,21.225,-0.936,0
2026-01-29 12:28:21,466093,7930.695,1749.505,-625.920,277.932,309.194,68.473,21.209,-0.753,0
2026-01-29 12:28:21,466133,7959.656,211.300,-441.576,-47.653,-187.907,-24.548,21.135,-1.366,0
2026-01-29 12:28:21,466173,7956.377,4762.015,-844.922,72.428,-99.326,-166.013,21.303,-0.993,1
2026-01-29 12:28:21,466213,8081.238,2739.053,-737.296,270.629,190.098,-76.413,21.348,-0.405,1
2026-01-29 12:28:21,466253,7915.321,-3784.475,-603.334,-250.627,-2.053,-42.481,21.011,-0.589,0
2026-01-29 12:28:21,466293,7963.139,7639.194,-650.194,-160.223,-132.698,-265.499,21.329,0.210,1
2026-01-29 12:28:21,466333,8044.706,-4157.083,-756.080,14.120,-331.347,138.327,20.987,0.538,0
2026-01-29 12:28:21,466373,8120.169,6210.515,-397.470,-2.618,-353.355,18.049,21.261,0.842,0
2026-01-29 12:28:21,466413,8059.899,-591.406,-674.312,38.860,123.812,-316.751,21.115,-1.236,0
2026-01-29 12:28:21,466453,7904.614,5989.257,-453.854,143.944,31.054,277.224,21.349,0.780,0
2026-01-29 12:28:21,466493,8097.354,1560.749,-408.635,-34.120,3.766,41.946,21.318,1.403,1
2026-01-29 12:28:21,466533,8150.011,-3232.686,-686.021,-54.277,-78.311,177.616,21.020,0.463,0
2026-01-29 12:28:21,466573,7895.321,5690.684,-550.005,86.858,-132.202,152.862,21.251,0.373,0
2026-01-29 12:28:21,466613,8113.742,-79.058,-606.298,355.202,65.227,40.172,21.137,-0.853,0
2026-01-29 12:28:21,466653,8263.885,5254.817,-585.718,-83.434,-166.148,-128.149,21.331,1.057,0
2026-01-29 12:28:21,466693,8266.053,2238.790,-692.401,-202.850,284.197,-286.452,21.352,-0.703,0
2026-01-29 12:28:21,466733,7694.725,754.691,-637.769,-206.714,-57.931,-403.751,21.282,1.143,0
2026-01-29 12:28:21,466773,7974.852,3009.308,-337.592,-140.065,207.124,158.538,21.348,0.021,0
2026-01-29 12:28:21,466813,8032.374,-3956.727,-399.260,-34.528,-17.398,12.026,21.024,1.349,0
2026-01-29 12:28:21,466853,8320.289,2552.889,-487.346,-54.351,99.569,35.108,21.063,-0.358,0
2026-01-29 12:28:22,466893,8210.863,2530.578,-645.823,-16.193,166.069,-24.492,21.102,0.445,0
2026-01-29 12:28:22,466933,8067.647,-528.583,-579.429,-197.370,79.017,117.049,20.962,0.858,0
2026-01-29 12:28:22,466973,8027.540,5228.495,-685.969,-51.134,319.335,15.437,21.164,-0.093,0
2026-01-29 12:28:22,467013,7624.694,436.880,-902.515,136.396,-111.239,-180.136,21.086,0.666,1
2026-01-29 12:28:22,467053,8245.549,4433.130,-685.470,-190.346,71.159,43.626,21.239,1.033,0
2026-01-29 12:28:22,467093,7908.928,-1911.986,-754.928,125.059,143.313,-144.979,21.011,1.193,0
2026-01-29 12:28:22,467133,7968.862,4589.294,-539.825,107.373,-110.885,-22.030,21.160,1.342,0
2026-01-29 12:28:22,467173,8078.068,2307.245,-482.453,36.476,9.830,45.332,21.180,1.486,0
2026-01-29 12:28:22,467213,7925.490,3470.551,-618.623,336.635,0.815,-13.304,21.261,-0.317,1
2026-01-29 12:28:22,467253,8033.163,-1848.238,-689.759,-115.513,-18.456,31.529,21.050,-1.171,0
2026-01-29 12:28:22,467293,7957.881,6561.763,-671.445,-198.459,314.546,-168.546,21.316,0.545,0
2026-01-29 12:28:22,467333,8079.490,-604.530,-817.813,38.276,-16.839,-16.922,21.187,-0.426,0
2026-01-29 12:28:22,467373,8045.436,-1078.386,-554.171,-73.376,-122.928,-181.749,21.036,1.178,0
2026-01-29 12:28:22,467413,8009.639,1470.729,-684.665,-135.614,-195.122,49.562,21.017,-0.101,0
2026-01-29 12:28:22,467453,8109.720,6880.426,-710.189,82.430,326.051,-6.907,21.306,-0.816,0
2026-01-29 12:28:22,467493,7885.653,-2875.623,-745.881,-163.794,-57.116,-47.897,21.021,-1.242,0
2026-01-29 12:28:22,467533,7922.380,2994.487,-815.157,-233.497,-59.455,35.412,21.070,1.227,0
2026-01-29 12:28:22,467573,7965.268,1218.962,-721.897,-109.428,259.937,-103.663,21.052,-0.174,0
2026-01-29 12:28:22,467613,7921.046,15.635,-748.158,315.309,32.461,119.301,20.961,0.844,0
2026-01-29 12:28:22,467653,8096.232,8673.311,-645.230,108.963,40.975,204.849,21.350,0.851,0
2026-01-29 12:28:22,467693,8154.996,-2110.756,-571.984,148.100,16.388,89.854,21.141,-0.194,0
2026-01-29 12:28:22,467733,7907.696,5614.450,-586.580,69.050,-0.713,-304.826,21.343,0.774,1
2026-01-29 12:28:22,467773,7903.797,-2869.012,-814.387,98.906,93.580,-38.992,21.069,-0.289,0
2026-01-29 12:28:22,467813,7967.401,4878.541,-912.690,-216.536,52.393,-362.896,21.238,-1.206,0
2026-01-29 12:28:22,467853,7865.285,2216.241,-774.915,-30.888,-44.183,-165.509,21.259,-0.996,0
2026-01-29 12:28:23,467893,7954.225,1977.218,-530.267,82.335,-115.012,345.383,21.254,1.438,0
2026-01-29 12:28:23,467933,8112.968,-1787.373,-623.533,-27.536,-141.035,139.157,21.042,0.515,0
2026-01-29 12:28:23,467973,8073.707,6698.054,-489.179,193.724,46.170,17.504,21.308,0.362,0
2026-01-29 12:28:23,468013,8001.440,763.984,-441.324,100.432,-150.733,-9.616,21.238,1.471,0
2026-01-29 12:28:23,468053,8032.016,2480.126,-545.610,59.975,-22.137,-106.153,21.275,-0.383,0
2026-01-29 12:28:23,468093,7799.641,-2483.764,-654.068,58.541,103.592,412.166,21.004,-1.206,0
2026-01-29 12:28:23,468133,7987.884,2285.312,-475.514,40.674,110.727,-61.930,21.004,-0.528,0
2026-01-29 12:28:23,468173,8182.384,1364.893,-433.027,43.819,-7.977,159.343,20.966,0.602,0
2026-01-29 12:28:23,468213,7815.281,5511.879,-509.160,-17.139,-77.344,62.322,21.177,0.945,1
2026-01-29 12:28:23,468253,8177.389,2831.564,-469.174,88.136,-118.963,121.399,21.239,0.824,0
2026-01-29 12:28:23,468293,8300.966,1945.253,-898.880,-258.673,114.222,67.628,21.239,-0.578,0
2026-01-29 12:28:23,468333,8106.107,-2492.806,-491.352,-83.337,82.622,-63.604,20.977,-0.295,1
2026-01-29 12:28:23,468373,8242.775,4049.145,-871.122,-198.787,5.665,-48.857,21.088,-1.196,0
2026-01-29 12:28:23,468413,7970.690,5569.660,-669.165,-92.222,28.607,-214.330,21.290,1.107,0
2026-01-29 12:28:23,468453,7916.193,-974.144,-550.868,-243.684,-274.120,-33.106,21.127,-0.241,0
2026-01-29 12:28:23,468493,8019.664,4155.686,-668.906,-30.932,53.510,329.634,21.243,1.436,0
2026-01-29 12:28:23,468533,8020.271,1232.253,-459.100,-79.982,107.418,-328.469,21.196,1.448,0
2026-01-29 12:28:23,468573,8212.303,1376.108,-495.837,-35.309,88.685,-224.267,21.170,-1.045,0
2026-01-29 12:28:23,468613,8395.758,3488.945,-785.619,177.431,-107.312,-151.167,21.274,-1.401,0
2026-01-29 12:28:23,468653,7770.819,2620.819,-599.864,3.627,25.816,-44.748,21.308,-0.823,1
2026-01-29 12:28:23,468693,8153.387,-2723.439,-473.823,-41.342,48.927,182.778,21.035,-1.134,1
2026-01-29 12:28:23,468733,7748.735,2964.753,-712.240,-45.156,49.303,-126.931,21.100,-0.069,1
2026-01-29 12:28:23,468773,8011.958,3326.249,-592.782,-214.056,-12.037,-334.653,21.180,1.304,0
2026-01-29 12:28:23,468813,8033.979,4668.259,-832.064,103.030,91.674,199.497,21.339,-0.861,0
2026-01-29 12:28:23,468853,8165.758,-5021.202,-564.050,-215.113,65.349,164.144,20.958,-0.049,0
2026-01-29 12:28:24,468893,7845.703,3512.327,-293.790,129.032,439.141,-115.972,21.046,-0.846,0
2026-01-29 12:28:24,468933,8228.324,1845.821,-506.939,160.860,180.650,-75.186,21.047,-0.076,0
2026-01-29 12:28:24,468973,8062.610,4019.886,-549.173,174.301,-57.821,39.988,21.174,0.973,0
2026-01-29 12:28:24,469013,8113.035,1073.696,-749.313,-31.531,70.984,42.748,21.132,-0.330,0
2026-01-29 12:28:24,469053,7947.143,3784.530,-474.245,86.827,111.907,123.340,21.243,-0.945,0
2026-01-29 12:28:24,469093,8151.242,-2714.356,-550.413,-120.218,-300.359,29.780,20.963,-0.973,0
2026-01-29 12:28:24,469133,8095.390,6210.782,-506.189,-182.328,164.179,167.753,21.215,1.207,0
2026-01-29 12:28:24,469173,8235.425,4068.749,-369.116,140.715,46.640,177.497,21.348,0.599,0
2026-01-29 12:28:24,469213,8185.893,-3734.295,-842.665,67.154,-86.765,72.098,21.020,-1.291,0
2026-01-29 12:28:24,469253,7817.257,6910.451,-343.312,60.480,112.040,4.461,21.303,0.615,0
2026-01-29 12:28:24,469293,7895.697,104.871,-487.612,384.751,127.934,80.055,21.199,1.053,0
2026-01-29 12:28:24,469333,8116.943,1682.485,-488.270,-165.765,-53.720,-48.425,21.187,0.353,0
2026-01-29 12:28:24,469373,7982.823,-813.439,-398.533,-25.550,-62.255,66.605,21.031,-0.597,0
2026-01-29 12:28:24,469413,7915.439,2217.989,-657.066,-42.607,-29.257,-43.843,21.054,-1.290,0
2026-01-29 12:28:24,469453,8253.433,555.725,-825.090,-261.817,-295.802,67.509,20.983,-1.002,0
2026-01-29 12:28:24,469493,8201.847,7579.958,-597.912,87.311,-54.921,104.269,21.318,-1.109,0
2026-01-29 12:28:24,469533,8055.131,-2260.396,-427.624,123.627,-88.487,224.947,21.088,0.847,0
2026-01-29 12:28:24,469573,8082.181,4445.865,-221.926,174.823,-127.959,143.205,21.233,1.248,0
2026-01-29 12:28:24,469613,8167.679,-2989.843,-668.617,-74.532,67.701,137.636,20.959,-1.352,0
2026-01-29 12:28:24,469653,8053.008,6192.078,-652.011,34.430,-134.717,316.012,21.203,0.073,1
2026-01-29 12:28:24,469693,8008.473,1328.729,-600.515,39.661,-44.166,344.386,21.166,1.179,0
2026-01-29 12:28:24,469733,8109.911,3066.162,-527.221,223.973,27.006,-11.050,21.243,1.392,0
2026-01-29 12:28:24,469773,7879.460,2202.464,-769.830,81.420,278.650,-49.269,21.264,0.898,0
2026-01-29 12:28:24,469813,7969.849,-201.839,-662.890,-20.806,-97.810,117.357,21.147,1.295,0
2026-01-29 12:28:24,469853,8169.357,4277.061,-750.054,-162.649,-404.266,-110.207,21.286,0.530,0
2026-01-29 12:28:25,469893,8070.701,-1009.527,-291.335,-103.851,85.781,271.790,21.113,0.671,0
2026-01-29 12:28:25,469933,7990.509,3657.872,-409.455,-28.518,-103.574,-294.747,21.209,-0.126,1
2026-01-29 12:28:25,469973,7914.395,-296.295,-626.119,-17.683,14.127,52.120,21.076,-1.130,0
2026-01-29 12:28:25,470013,7940.049,5326.518,-829.060,-48.988,92.067,344.397,21.262,1.257,0
2026-01-29 12:28:25,470053,7897.450,-1339.735,-614.954,10.413,162.852,-190.656,21.067,-1.258,0
2026-01-29 12:28:25,470093,8134.358,1863.058,-315.698,182.851,-101.916,-73.375,21.060,-1.158,0
2026-01-29 12:28:25,470133,8038.192,975.424,-534.575,-278.066,144.632,-230.030,20.997,-0.139,0
2026-01-29 12:28:25,470173,8154.725,8077.916,-716.767,226.915,-95.477,-28.413,21.347,0.189,1
2026-01-29 12:28:25,470213,7985.316,-3803.381,-656.314,-228.289,-56.857,9.196,21.036,0.307,1
2026-01-29 12:28:25,470253,8184.184,3685.640,-646.907,-152.339,-164.325,-0.753,21.136,0.293,0
2026-01-29 12:28:25,470293,8179.736,3542.569,-679.438,293.408,21.832,-133.046,21.224,-1.041,1
2026-01-29 12:28:25,470333,8353.974,-2831.911,-614.664,-105.400,-151.778,-252.115,20.958,-0.700,0
2026-01-29 12:28:25,470373,7888.249,3321.796,-498.178,-59.819,-81.539,-111.815,21.052,0.557,0
2026-01-29 12:28:25,470413,8269.130,3611.818,-521.707,-45.652,163.499,161.161,21.145,0.683,1
2026-01-29 12:28:25,470453,7802.801,4629.539,-653.240,-311.715,-190.229,22.292,21.317,1.180,0
2026-01-29 12:28:25,470493,8260.224,2662.498,-560.754,28.359,-2.749,-201.765,21.347,1.038,0
2026-01-29 12:28:25,470533,7789.389,-2368.928,-776.699,193.837,-4.696,57.633,21.103,0.795,1
2026-01-29 12:28:25,470573,8041.248,-213.199,-524.115,-78.943,20.580,36.501,21.005,1.217,1
2026-01-29 12:28:25,470613,7897.959,6604.385,-454.739,-26.940,43.850,110.913,21.247,1.197,0
2026-01-29 12:28:25,470653,7917.244,2971.181,-626.979,-17.669,47.623,78.018,21.289,0.718,0
2026-01-29 12:28:25,470693,8135.482,-3014.252,-470.486,149.234,63.924,169.591,21.007,-0.332,0
2026-01-29 12:28:25,470733,8234.939,2474.253,-973.567,1.880,143.420,-87.035,21.054,-1.466,0
2026-01-29 12:28:25,470773,7593.848,2176.365,-766.532,-62.625,28.820,-244.452,21.069,1.074,0
2026-01-29 12:28:25,470813,7955.318,5018.648,-390.264,-76.159,218.100,101.140,21.239,0.909,0
2026-01-29 12:28:25,470853,8235.747,703.653,-476.298,-44.367,-196.840,-375.373,21.177,-0.227,0
2026-01-29 12:28:26,470893,8292.638,-1422.363,-683.131,-33.782,89.203,-32.029,20.974,-0.635,0
2026-01-29 12:28:26,470933,8285.572,1540.527,-341.039,-104.390,-21.483,63.760,20.959,0.889,0
2026-01-29 12:28:26,470973,7990.054,7209.990,-712.541,-48.985,-32.517,-116.957,21.259,-0.012,0
2026-01-29 12:28:26,471013,7755.264,1083.685,-659.600,23.889,-8.377,-249.577,21.215,-1.038,0
2026-01-29 12:28:26,471053,8079.878,1405.796,-387.995,129.926,108.045,8.471,21.180,1.264,0
2026-01-29 12:28:26,471093,7992.804,-577.853,-649.432,49.436,101.272,-60.734,21.059,0.154,0
2026-01-29 12:28:26,471133,7924.934,4428.318,-708.151,-73.434,-176.246,-91.123,21.196,-0.896,0
2026-01-29 12:28:26,471173,8010.695,2192.410,-552.065,-39.768,-109.346,-124.694,21.215,-0.497,0
2026-01-29 12:28:26,471213,8093.479,1177.295,-439.856,-15.195,-159.740,-191.280,21.170,-0.389,0
2026-01-29 12:28:26,471253,7950.869,4573.099,-779.362,-9.045,19.535,49.107,21.317,-0.791,0
2026-01-29 12:28:26,471293,7950.381,-727.393,-431.106,120.247,14.419,-20.160,21.184,0.123,0
2026-01-29 12:28:26,471333,8133.396,4588.420,-965.525,45.744,-230.324,329.541,21.341,0.316,0
2026-01-29 12:28:26,471373,8022.919,-1977.930,-562.121,173.310,-188.574,139.069,21.109,0.124,1
2026-01-29 12:28:26,471413,7969.024,2252.571,-413.012,-18.785,119.220,-64.862,21.143,0.284,0
2026-01-29 12:28:26,471453,7832.473,-813.207,-812.209,240.371,6.871,-48.787,21.003,-0.973,0
2026-01-29 12:28:26,471493,7873.610,6561.248,-526.413,-56.203,-4.203,69.094,21.279,0.023,0
2026-01-29 12:28:26,471533,7966.920,759.263,-828.360,-78.474,-54.167,-286.627,21.214,-0.455,0
2026-01-29 12:28:26,471573,7905.334,2259.550,-509.278,-35.812,-119.229,221.870,21.249,1.032,0
2026-01-29 12:28:26,471613,7777.461,179.586,-609.356,17.682,-195.872,-35.154,21.164,-0.696,0
2026-01-29 12:28:26,471653,8057.775,3873.927,-563.431,-301.602,171.888,0.721,21.293,-0.920,0
2026-01-29 12:28:26,471693,7963.373,702.353,-504.788,83.054,68.199,-214.030,21.229,0.850,1
2026-01-29 12:28:26,471733,8002.001,1424.975,-675.659,-8.251,21.149,226.476,21.213,0.710,0
2026-01-29 12:28:26,471773,8035.687,-2182.192,-236.435,81.391,53.156,287.854,20.988,0.650,0
2026-01-29 12:28:26,471813,7911.301,2616.653,-651.714,22.919,-68.358,234.912,21.020,-0.247,0
2026-01-29 12:28:26,471853,7935.617,6956.584,-529.070,168.821,74.372,239.724,21.316,1.306,0
2026-01-29 12:28:27,471893,7980.270,1800.149,-572.731,-125.610,125.652,127.496,21.318,0.874,0
2026-01-29 12:28:27,471933,7831.094,65.799,-559.931,-69.229,32.003,263.449,21.224,-0.786,0
2026-01-29 12:28:27,471973,7942.512,-374.304,-534.734,-236.825,-14.715,29.155,21.089,0.319,0
2026-01-29 12:28:27,472013,7980.078,6131.345,-942.652,-23.166,186.928,92.882,21.329,-1.452,0
2026-01-29 12:28:27,472053,8159.500,2113.696,-387.449,-194.187,-87.728,-16.893,21.345,0.416,0
2026-01-29 12:28:27,472093,7739.488,-3023.487,-443.490,97.456,-190.475,-133.936,21.069,-0.154,0
2026-01-29 12:28:27,472133,8001.428,5818.438,-648.793,-0.932,-236.791,84.875,21.287,0.471,1
2026-01-29 12:28:27,472173,8122.861,2617.552,-608.948,8.172,-333.215,355.968,21.322,-0.910,0
2026-01-29 12:28:27,472213,7880.871,-1870.954,-560.783,79.955,132.559,-57.901,21.102,-0.516,0
2026-01-29 12:28:27,472253,8015.862,440.179,-596.787,7.404,-39.456,-28.971,21.037,-1.420,1
2026-01-29 12:28:27,472293,7929.469,470.203,-606.381,-12.853,37.790,121.082,20.962,0.418,1
2026-01-29 12:28:27,472333,8038.578,7528.876,-949.144,-164.708,275.893,408.403,21.287,-0.962,0
2026-01-29 12:28:27,472373,8004.642,909.495,-605.397,-66.989,324.183,-200.547,21.236,-1.131,1
2026-01-29 12:28:27,472413,7745.316,-1892.179,-587.687,237.742,-5.312,-98.915,21.026,-1.095,1
2026-01-29 12:28:27,472453,8018.061,3843.813,-903.931,276.291,85.018,-111.231,21.123,-0.083,0
2026-01-29 12:28:27,472493,8353.065,1899.288,-440.486,172.739,140.310,-98.284,21.125,0.268,0
2026-01-29 12:28:27,472533,8051.942,1239.640,-494.370,-229.944,56.265,-139.399,21.086,-0.305,0
2026-01-29 12:28:27,472573,8356.763,-277.743,-550.071,-168.839,-90.638,-246.702,20.962,1.365,0
2026-01-29 12:28:27,472613,8037.464,2582.962,-82.150,-128.576,209.841,48.686,20.991,1.387,1
2026-01-29 12:28:27,472653,7935.428,4959.125,-778.838,-14.011,15.243,-60.674,21.165,-0.913,0
2026-01-29 12:28:27,472693,8236.067,-206.006,-463.942,228.460,-209.954,335.948,21.036,0.611,0
2026-01-29 12:28:27,472733,8085.259,647.273,-412.565,144.691,-97.775,200.823,20.967,1.203,0
2026-01-29 12:28:27,472773,8152.324,4245.684,-647.417,-20.759,-243.536,-70.044,21.100,1.152,0
2026-01-29 12:28:27,472813,7833.654,5061.725,-549.248,62.483,69.411,-125.689,21.289,0.048,1
2026-01-29 12:28:27,472853,7860.682,-1558.976,-537.902,-41.207,-104.892,280.807,21.091,0.906,0
2026-01-29 12:28:28,472893,7997.622,5673.777,-260.437,226.578,34.361,-287.343,21.295,1.129,0
2026-01-29 12:28:28,472933,7940.152,-3667.403,-522.671,-8.831,-88.875,-35.550,20.974,0.424,0
2026-01-29 12:28:28,472973,7882.735,1950.999,-600.390,29.512,210.814,-181.861,20.983,0.066,0
2026-01-29 12:28:28,473013,7849.882,3649.155,-882.565,-1.384,62.090,-169.464,21.075,0.844,0
2026-01-29 12:28:28,473053,8161.043,5291.676,-148.953,-42.353,-122.803,168.771,21.270,0.710,0
2026-01-29 12:28:28,473093,7975.153,2043.442,-559.134,-41.093,218.107,-15.271,21.278,-1.408,0
2026-01-29 12:28:28,473133,8055.367,636.664,-662.856,-216.251,-63.298,-41.514,21.211,1.344,0
2026-01-29 12:28:28,473173,8025.205,-154.281,-409.504,104.340,212.811,-8.530,21.091,-0.758,0
2026-01-29 12:28:28,473213,7904.028,2731.608,-554.278,-34.610,-74.389,-53.595,21.141,0.922,0
2026-01-29 12:28:28,473253,8240.213,-869.082,-224.246,227.634,-108.237,139.405,21.002,1.093,1
2026-01-29 12:28:28,473293,7999.324,1883.418,-543.158,-86.192,-74.262,-106.974,21.004,-1.431,0
2026-01-29 12:28:28,473333,7922.582,5307.860,-362.115,-112.124,-22.181,305.107,21.195,0.810,0
2026-01-29 12:28:28,473373,7936.601,3813.527,-439.578,-234.441,53.945,156.573,21.293,-0.015,0
2026-01-29 12:28:28,473413,8008.672,2010.462,-421.660,-39.109,61.043,193.761,21.302,1.095,0
2026-01-29 12:28:28,473453,8204.740,193.978,-778.407,-131.493,69.255,46.007,21.197,1.396,0
2026-01-29 12:28:28,473493,7852.071,-1394.940,-607.063,-52.706,195.263,8.006,21.011,-1.023,0
2026-01-29 12:28:28,473533,7711.769,1351.747,-878.447,-198.806,-23.180,-35.653,20.976,-1.418,0
2026-01-29 12:28:28,473573,7894.505,8010.195,-856.953,-190.993,-286.100,-54.469,21.317,-0.457,0
2026-01-29 12:28:28,473613,7936.024,-3433.990,-648.600,29.269,2.643,-377.855,21.011,-0.002,0
2026-01-29 12:28:28,473653,8000.765,5400.822,-486.064,-194.294,-351.590,-220.286,21.213,-0.067,0
2026-01-29 12:28:28,473693,7998.646,3558.955,-693.298,-114.440,-64.278,95.652,21.315,1.413,0
2026-01-29 12:28:28,473733,7974.082,-2415.856,-347.213,-50.340,65.967,83.647,21.066,0.405,0
2026-01-29 12:28:28,473773,8173.345,3827.348,-599.992,124.625,-54.544,447.818,21.187,1.320,0
2026-01-29 12:28:28,473813,7977.006,1840.073,-437.342,-163.927,99.788,303.926,21.158,-0.387,0
2026-01-29 12:28:28,473853,8007.382,1569.917,-791.706,17.946,118.340,11.464,21.135,-0.772,1
2026-01-29 12:28:29,473893,7842.006,3439.388,-710.626,-283.996,-182.173,155.361,21.227,0.974,0
2026-01-29 12:28:29,473933,7894.805,2009.647,-617.451,118.540,81.894,-53.186,21.236,1.161,0
2026-01-29 12:28:29,473973,7910.528,-393.267,-745.521,-77.276,-167.362,21.083,21.120,-0.428,0
2026-01-29 12:28:29,474013,7980.831,683.839,-849.191,169.072,-98.164,-227.365,21.043,0.528,0
2026-01-29 12:28:29,474053,8125.837,4749.754,-451.695,178.217,116.148,128.940,21.211,0.676,1
2026-01-29 12:28:29,474093,7759.061,-230.188,-894.098,-180.840,-77.770,-101.106,21.089,-1.248,0
2026-01-29 12:28:29,474133,7896.541,4460.387,-122.826,118.815,98.045,-122.931,21.221,-0.369,1
2026-01-29 12:28:29,474173,7997.834,-1207.392,-661.355,7.535,-43.784,-125.187,21.046,-0.621,0
2026-01-29 12:28:29,474213,7932.682,320.749,-764.468,-33.166,98.228,-310.027,20.962,1.361,0
2026-01-29 12:28:29,474253,8113.589,8346.465,-566.053,92.829,-201.654,-19.891,21.339,0.620,0
2026-01-29 12:28:29,474293,7892.184,-4326.977,-900.382,-52.359,-26.869,-66.064,20.977,-0.632,1
2026-01-29 12:28:29,474333,8138.598,6322.399,-431.148,124.462,11.908,121.411,21.230,-0.085,1
2026-01-29 12:28:29,474373,8204.967,1692.942,-594.526,87.723,-217.384,-59.798,21.208,-0.700,0
2026-01-29 12:28:29,474413,8138.163,4465.356,-559.466,-33.431,0.951,-142.295,21.343,-0.345,1
2026-01-29 12:28:29,474453,8192.801,-4643.140,-610.737,31.905,-60.583,33.467,20.966,0.357,0
2026-01-29 12:28:29,474493,7856.210,3690.172,-753.098,51.223,94.961,-51.970,21.076,-0.231,1
2026-01-29 12:28:29,474533,8001.588,90.841,-630.268,-259.253,-157.185,-25.673,20.973,-0.440,0
2026-01-29 12:28:29,474573,8261.078,4206.285,-528.873,-29.895,-76.621,214.400,21.111,-0.772,0
2026-01-29 12:28:29,474613,7829.900,-821.309,-529.191,5.615,69.633,96.028,20.968,0.204,0
2026-01-29 12:28:29,474653,8036.454,3109.054,-708.378,-121.234,3.145,-265.997,21.035,-1.240,0
2026-01-29 12:28:29,474693,8054.875,3633.900,-109.722,19.714,104.982,213.183,21.126,0.876,0
2026-01-29 12:28:29,474733,7893.936,189.480,-664.917,-173.409,93.898,189.589,21.042,0.850,0
2026-01-29 12:28:29,474773,7808.172,6639.501,-701.516,197.078,-163.511,-121.850,21.309,-0.687,0
2026-01-29 12:28:29,474813,7760.645,-2255.811,-317.876,-292.132,-92.056,-5.229,21.066,-0.598,0
2026-01-29 12:28:29,474853,8103.412,1304.588,-629.125,-130.206,210.555,111.774,21.039,1.173,0
2026-01-29 12:28:30,474893,7908.750,5527.095,-784.761,-106.340,-51.840,-11.038,21.238,-0.887,1
2026-01-29 12:28:30,474933,7716.149,-2320.236,-915.519,-23.307,184.282,79.261,21.002,0.812,1
2026-01-29 12:28:30,474973,7695.828,2337.980,-618.093,61.504,-158.905,-109.507,21.009,0.116,0
2026-01-29 12:28:30,475013,7666.047,7037.347,-827.917,-216.006,-75.513,110.804,21.291,-0.393,0
2026-01-29 12:28:30,475053,7722.025,253.048,-651.261,173.427,-49.379,289.988,21.199,1.083,0
2026-01-29 12:28:30,475093,8159.516,-1644.036,-479.584,-22.951,102.909,-214.091,21.005,-0.692,0
2026-01-29 12:28:30,475133,7872.963,5477.001,-777.134,-72.095,30.218,-28.691,21.208,-0.221,0
2026-01-29 12:28:30,475173,7660.596,-1804.344,-635.907,-159.127,-135.552,-211.143,21.000,1.264,1
2026-01-29 12:28:30,475213,7916.326,7230.413,-208.854,-30.875,-113.331,68.441,21.302,0.798,0
2026-01-29 12:28:30,475253,7760.141,-3812.564,-605.124,350.979,142.417,25.138,20.983,0.962,0
2026-01-29 12:28:30,475293,7947.084,7229.871,-675.309,117.065,182.771,-153.869,21.292,-0.513,0
2026-01-29 12:28:30,475333,8262.328,-2926.926,-654.274,120.954,-34.151,-16.011,21.012,1.032,0
2026-01-29 12:28:30,475373,7821.977,2689.919,-251.534,-71.713,-88.801,-161.218,21.059,0.054,0
2026-01-29 12:28:30,475413,7933.123,5630.559,-346.210,17.603,-116.575,-236.786,21.276,1.168,0
2026-01-29 12:28:30,475453,7816.317,2824.829,-823.952,231.901,-94.167,11.061,21.328,-1.475,0
2026-01-29 12:28:30,475493,7970.431,210.008,-686.623,16.044,424.012,-41.482,21.207,0.342,0
2026-01-29 12:28:30,475533,7983.283,-267.308,-503.951,47.673,44.488,403.637,21.091,1.430,0
2026-01-29 12:28:30,475573,7779.865,5610.586,-616.693,-26.050,155.596,-167.936,21.306,0.548,0
2026-01-29 12:28:30,475613,7986.874,-2241.374,-617.731,-183.647,175.108,-113.334,21.088,0.901,1
2026-01-29 12:28:30,475653,7931.943,5214.871,-771.396,22.617,58.123,-111.055,21.287,-1.209,0
2026-01-29 12:28:30,475693,8085.874,1930.010,-840.222,51.510,198.546,21.785,21.288,-0.632,1
2026-01-29 12:28:30,475733,8062.696,-639.896,-506.203,203.055,-19.455,58.476,21.125,-0.248,1
2026-01-29 12:28:30,475773,8176.334,2528.720,-747.258,141.045,-124.023,-43.739,21.166,0.468,0
2026-01-29 12:28:30,475813,7896.704,2682.911,-784.768,-161.271,338.382,198.504,21.196,-0.096,0
2026-01-29 12:28:30,475853,8135.499,3577.930,-708.720,-17.889,222.414,38.900,21.290,0.793,0
2026-01-29 12:28:31,475893,7746.002,-151.999,-967.808,-48.243,-239.349,-113.800,21.179,-1.198,0
2026-01-29 12:28:31,475933,8311.593,4653.255,-586.536,-325.143,164.128,59.101,21.331,0.396,0
2026-01-29 12:28:31,475973,8088.578,-2223.806,-562.517,-13.090,115.330,178.432,21.094,-1.087,0
2026-01-29 12:28:31,476013,7950.227,3977.569,-622.451,-98.096,242.698,-245.606,21.214,-0.540,1
2026-01-29 12:28:31,476053,8194.544,1736.770,-827.186,144.450,-110.059,61.942,21.210,-0.704,0
2026-01-29 12:28:31,476093,7872.938,52.388,-554.690,-149.661,251.127,135.483,21.108,0.218,0
2026-01-29 12:28:31,476133,7858.378,368.690,-293.810,-3.782,44.547,-9.285,21.025,0.098,0
2026-01-29 12:28:31,476173,8047.500,1596.937,-871.247,-137.086,74.260,-223.600,21.006,0.183,0
2026-01-29 12:28:31,476213,7953.878,1736.540,-849.822,258.554,196.526,59.940,20.992,0.245,1
2026-01-29 12:28:31,476253,7957.683,2016.148,-297.654,-74.965,25.033,105.856,21.004,1.158,0
2026-01-29 12:28:31,476293,8149.251,5149.787,-549.976,-112.489,-271.645,-38.051,21.179,-1.080,0
2026-01-29 12:28:31,476333,7787.840,2443.114,-563.149,97.428,139.185,-130.192,21.226,-1.221,0
2026-01-29 12:28:31,476373,7981.710,4153.183,-612.682,23.107,-119.616,204.673,21.352,0.430,0
2026-01-29 12:28:31,476413,8037.709,-1642.386,-542.665,11.486,-126.661,-0.144,21.158,-0.970,0
2026-01-29 12:28:31,476453,7990.561,3040.840,-559.862,-58.518,-30.305,-40.484,21.219,-0.456,1
2026-01-29 12:28:31,476493,8076.371,-687.727,-564.939,116.136,143.893,-182.261,21.065,-0.312,0
2026-01-29 12:28:31,476533,8036.539,4105.908,-426.904,-85.749,-172.614,73.238,21.191,0.402,0
2026-01-29 12:28:31,476573,7828.727,2559.181,-421.610,-36.009,-77.551,-73.111,21.228,0.829,0
2026-01-29 12:28:31,476613,7850.620,-758.298,-392.686,-163.221,46.140,18.892,21.070,1.165,0
2026-01-29 12:28:31,476653,8190.968,6382.612,-503.417,-159.871,169.321,-123.963,21.314,-1.009,0
2026-01-29 12:28:31,476693,7820.181,1883.201,-738.324,8.561,-107.096,142.720,21.313,0.656,0
2026-01-29 12:28:31,476733,8417.683,-2556.579,-573.755,-45.545,109.070,-184.276,21.054,0.777,0
2026-01-29 12:28:31,476773,8056.048,1039.717,-647.503,65.166,-31.116,-46.423,20.997,-0.359,0
2026-01-29 12:28:31,476813,8035.547,3995.476,-742.804,-80.456,34.811,21.942,21.119,-0.846,1
2026-01-29 12:28:31,476853,8054.172,-476.165,-814.916,165.547,-110.474,-235.595,20.979,1.484,1
2026-01-29 12:28:32,476893,8024.634,4561.258,-464.687,134.535,-77.450,7.038,21.119,1.314,0
2026-01-29 12:28:32,476933,8234.142,980.682,-677.555,-30.300,-102.263,-311.510,21.052,-0.449,1
2026-01-29 12:28:32,476973,8090.223,187.292,-763.327,109.159,112.224,15.527,20.962,-0.441,1
2026-01-29 12:28:32,477013,8069.505,2701.110,-351.081,85.765,63.367,276.883,21.014,1.265,0
2026-01-29 12:28:32,477053,8050.808,7849.579,-461.230,90.590,134.394,-75.826,21.344,-0.150,0
2026-01-29 12:28:32,477093,8007.618,-4950.556,-500.073,43.139,-82.579,-129.016,20.964,-0.867,0
2026-01-29 12:28:32,477133,7707.621,5098.509,-671.491,-6.870,156.308,-93.537,21.164,-0.980,0
2026-01-29 12:28:32,477173,8064.075,-812.750,-865.355,-164.669,-21.155,-113.217,21.017,-1.427,0
2026-01-29 12:28:32,477213,7865.868,4105.576,-462.937,84.341,-55.548,-7.288,21.144,-0.089,0
2026-01-29 12:28:32,477253,8095.354,-803.937,-531.083,-116.698,-48.007,-87.788,21.003,-0.541,0
2026-01-29 12:28:32,477293,8237.420,4821.097,-433.278,242.056,59.070,-29.476,21.173,0.582,0
2026-01-29 12:28:32,477333,7887.762,-775.697,-670.198,-93.876,71.470,26.557,21.035,-1.190,1
2026-01-29 12:28:32,477373,8049.925,6795.143,-445.642,33.927,-138.615,-82.937,21.312,-1.297,0
2026-01-29 12:28:32,477413,8345.649,2147.053,-318.074,-18.572,49.330,111.393,21.332,1.119,0
2026-01-29 12:28:32,477453,8084.426,-35.032,-679.231,104.752,-9.880,-274.007,21.221,-1.273,1
2026-01-29 12:28:32,477493,7872.272,-2212.087,-619.452,-122.776,169.524,93.510,20.995,-1.432,0
2026-01-29 12:28:32,477533,8144.881,4688.246,-467.914,24.501,-45.334,65.679,21.163,1.311,0
2026-01-29 12:28:32,477573,8216.361,3211.183,-624.819,-65.594,85.406,324.807,21.227,1.149,1
2026-01-29 12:28:32,477613,7841.457,646.236,-583.640,-10.639,-110.907,-21.009,21.136,-0.606,1
2026-01-29 12:28:32,477653,8044.468,5712.457,-763.091,-89.105,-14.522,136.186,21.348,-0.907,0
2026-01-29 12:28:32,477693,8082.242,-2724.860,-495.042,-79.246,125.986,122.929,21.081,-0.085,0
2026-01-29 12:28:32,477733,8231.524,3768.333,-603.787,-83.733,-140.514,-44.545,21.179,0.138,0
2026-01-29 12:28:32,477773,8196.261,-1453.125,-775.544,-101.704,-22.800,-290.487,20.990,-0.978,1
2026-01-29 12:28:32,477813,7998.143,2293.207,-654.554,-35.921,48.682,-189.349,21.016,-1.370,0
2026-01-29 12:28:32,477853,8054.599,1440.632,-620.157,183.384,5.012,-157.773,20.997,-1.186,0
2026-01-29 12:28:33,477893,7710.998,2040.729,-543.679,-59.724,192.969,122.008,20.997,0.421,1
2026-01-29 12:28:33,477933,8219.186,5320.126,-447.737,-257.449,307.930,-146.862,21.189,-0.183,0
2026-01-29 12:28:33,477973,8217.184,521.162,-566.763,-74.055,-36.034,-114.242,21.104,1.014,0
2026-01-29 12:28:33,478013,8050.801,4898.007,-612.059,27.385,-97.480,-33.107,21.258,0.650,0
2026-01-29 12:28:33,478053,7938.130,-223.226,-697.466,-55.632,75.176,-51.897,21.139,0.196,0
2026-01-29 12:28:33,478093,8040.185,2933.065,-609.731,96.944,198.610,-77.210,21.195,-1.455,1
2026-01-29 12:28:33,478133,7827.102,4272.056,-735.037,178.628,-106.790,-79.931,21.334,-0.128,0
2026-01-29 12:28:33,478173,8022.036,1652.527,-757.711,144.744,-128.338,-88.720,21.318,-0.632,0
2026-01-29 12:28:33,478213,7959.259,-2187.014,-440.829,-63.330,-82.202,97.502,21.090,-0.352,0
2026-01-29 12:28:33,478253,8084.542,3119.167,-646.837,17.226,13.208,-93.271,21.158,-1.190,0
2026-01-29 12:28:33,478293,8003.238,3546.021,-307.228,-137.456,30.984,-121.830,21.264,0.898,0
2026-01-29 12:28:33,478333,8201.279,-1757.373,-391.065,28.943,-48.590,204.687,21.052,1.208,1
2026-01-29 12:28:33,478373,8180.765,831.372,-510.298,-111.990,-157.753,-255.242,20.994,-0.859,0
2026-01-29 12:28:33,478413,7923.450,5676.129,-845.104,6.285,-201.296,136.738,21.226,-1.042,0
2026-01-29 12:28:33,478453,8054.842,-816.232,-654.049,-186.854,-270.962,-338.871,21.079,0.983,0
2026-01-29 12:28:33,478493,7968.177,4387.638,-1007.606,-74.809,10.526,29.631,21.225,-1.462,1
2026-01-29 12:28:33,478533,7797.811,402.313,-444.905,12.239,84.530,34.352,21.133,0.631,0
2026-01-29 12:28:33,478573,8098.288,1057.092,-630.725,40.422,-107.884,127.633,21.097,-0.777,0
2026-01-29 12:28:33,478613,7682.192,5080.077,-467.407,-222.307,-11.880,163.712,21.287,0.587,0
2026-01-29 12:28:33,478653,7996.136,44.199,-634.200,222.161,-140.425,6.220,21.177,0.320,0
2026-01-29 12:28:33,478693,8088.470,3866.758,-834.175,91.783,22.875,-140.091,21.293,-0.208,0
2026-01-29 12:28:33,478733,7857.925,-1607.707,-310.049,50.806,-0.008,70.068,21.097,0.582,0
2026-01-29 12:28:33,478773,7930.044,3200.474,-791.792,69.798,-158.949,81.259,21.182,0.138,1
2026-01-29 12:28:33,478813,7967.886,1882.724,-663.668,-103.081,-94.618,194.818,21.174,0.113,0
2026-01-29 12:28:33,478853,7954.365,-727.781,-507.348,-26.796,41.170,-1.795,21.019,-0.738,0
2026-01-29 12:28:34,478893,7932.878,4621.860,-731.931,-37.873,28.236,-218.616,21.177,-0.847,0
2026-01-29 12:28:34,478933,7941.199,1762.117,-624.547,-40.111,-40.436,-185.569,21.173,-1.113,0
2026-01-29 12:28:34,478973,7804.069,637.729,-728.480,-138.608,51.997,-38.794,21.100,-1.402,0
2026-01-29 12:28:34,479013,8059.826,-217.635,-546.362,-43.467,79.515,165.583,20.972,1.129,0
2026-01-29 12:28:34,479053,8119.680,5151.353,-812.812,3.496,-54.894,18.077,21.153,0.070,0
2026-01-29 12:28:34,479093,8038.911,-453.190,-855.273,40.078,-48.246,-81.339,21.024,-1.312,0
2026-01-29 12:28:34,479133,8101.010,2214.046,-454.350,185.960,102.686,93.301,21.035,0.708,0
2026-01-29 12:28:34,479173,7902.580,2970.353,-590.209,235.691,47.051,125.235,21.104,1.255,1
2026-01-29 12:28:34,479213,8033.109,1375.495,-568.242,2.151,121.525,289.087,21.075,-0.200,0
2026-01-29 12:28:34,479253,8005.081,2260.500,-874.913,-131.912,140.461,-87.527,21.107,-0.785,0
2026-01-29 12:28:34,479293,7990.421,3182.252,-483.897,-21.441,113.375,-96.421,21.186,0.733,1
2026-01-29 12:28:34,479333,8276.742,-505.788,-693.070,-286.253,-12.945,7.268,21.045,-0.749,0
2026-01-29 12:28:34,479373,7843.323,2257.831,-762.782,50.026,245.901,-147.998,21.063,-0.574,0
2026-01-29 12:28:34,479413,7660.291,3040.085,-624.260,-95.116,90.491,121.208,21.135,1.143,1
2026-01-29 12:28:34,479453,7840.000,4367.866,-475.298,-112.924,-286.997,-84.691,21.270,-0.952,1
2026-01-29 12:28:34,479493,7813.437,-261.339,-692.007,-59.106,-130.102,-179.741,21.145,0.621,1
2026-01-29 12:28:34,479533,7849.030,4506.251,-335.067,184.634,-3.024,32.499,21.293,-0.340,0
2026-01-29 12:28:34,479573,7842.751,-1249.575,-719.305,162.269,-92.623,4.316,21.120,-0.725,0
2026-01-29 12:28:34,479613,8353.064,-121.646,-905.255,132.089,368.372,11.927,21.010,-0.059,0
2026-01-29 12:28:34,479653,8273.869,4073.808,-650.893,-72.288,142.412,-44.617,21.125,0.223,0
2026-01-29 12:28:34,479693,8104.689,-345.728,-612.519,-45.816,254.505,77.278,21.009,0.537,0
2026-01-29 12:28:34,479733,7863.141,1317.425,-723.690,-63.161,57.388,-176.532,20.969,-1.210,0
2026-01-29 12:28:34,479773,8190.623,7201.753,-584.012,-4.031,-273.691,228.532,21.256,0.424,0
2026-01-29 12:28:34,479813,8024.045,-3083.257,-832.140,-79.317,-192.029,-77.234,20.971,-0.325,0
2026-01-29 12:28:34,479853,8076.628,7416.152,-509.838,-107.218,-221.323,47.026,21.279,0.172,0
2026-01-29 12:28:35,479893,8096.277,-1308.176,-311.611,84.638,-172.265,-129.289,21.101,-0.653,0
2026-01-29 12:28:35,479933,8017.981,407.783,-571.813,-107.555,279.158,-35.383,21.024,-1.265,1
2026-01-29 12:28:35,479973,7876.774,1535.250,-644.053,2.841,-85.160,-203.916,20.992,0.408,1
2026-01-29 12:28:35,480013,7825.948,1775.527,-529.307,49.946,105.517,-34.740,20.983,1.281,1
2026-01-29 12:28:35,480053,8038.276,2058.425,-584.920,124.041,-47.376,352.496,20.978,0.993,0
2026-01-29 12:28:35,480093,7888.839,5881.640,-501.307,34.935,197.323,30.406,21.210,-0.498,0
2026-01-29 12:28:35,480133,8121.054,-569.734,-781.806,8.825,28.582,-247.422,21.049,-1.310,0
2026-01-29 12:28:35,480173,8154.295,6056.644,-452.497,-37.905,111.904,-305.702,21.289,-0.482,0
2026-01-29 12:28:35,480213,7941.132,808.368,-899.826,-62.861,-111.307,120.795,21.220,-0.450,0
2026-01-29 12:28:35,480253,8093.530,3042.236,-582.150,249.040,37.551,-223.661,21.286,-0.357,1
2026-01-29 12:28:35,480293,8018.336,881.189,-495.420,6.227,-170.310,142.355,21.230,0.935,0
2026-01-29 12:28:35,480333,8082.754,338.938,-817.397,-106.366,-64.991,49.815,21.142,-0.627,0
2026-01-29 12:28:35,480373,8275.245,3605.806,-746.881,-123.657,103.715,108.295,21.232,1.064,0
2026-01-29 12:28:35,480413,8353.111,1395.387,-551.587,-158.249,29.890,114.181,21.212,0.216,1
2026-01-29 12:28:35,480453,7657.788,-1717.935,-889.248,82.604,-123.189,372.379,21.011,1.071,0
2026-01-29 12:28:35,480493,8202.089,6315.705,-390.298,-25.511,118.517,33.072,21.275,-0.008,0
2026-01-29 12:28:35,480533,8210.026,391.098,-596.182,-232.405,152.920,-188.484,21.177,-1.379,0
2026-01-29 12:28:35,480573,7769.880,544.777,-610.789,11.717,300.888,102.026,21.111,1.110,0
2026-01-29 12:28:35,480613,7778.120,1278.263,-557.973,106.275,-254.357,-8.961,21.087,-0.593,1
2026-01-29 12:28:35,480653,7918.176,4576.484,-637.944,164.299,175.136,33.762,21.231,0.709,0
2026-01-29 12:28:35,480693,8312.740,-2051.642,-879.372,-280.208,37.464,-463.391,21.011,-0.925,0
2026-01-29 12:28:35,480733,8120.286,7652.155,-492.374,4.830,-61.219,-81.437,21.332,-0.946,0
2026-01-29 12:28:35,480773,7807.632,1170.686,-569.716,35.590,-81.518,-101.970,21.291,0.599,0
2026-01-29 12:28:35,480813,7968.386,-1738.508,-682.810,78.713,-205.755,32.726,21.081,0.272,1
2026-01-29 12:28:35,480853,7972.506,5181.668,-623.086,181.988,-31.283,85.568,21.266,1.417,0
2026-01-29 12:28:36,480893,7949.896,-1813.571,-726.587,-310.267,-305.422,221.681,21.049,-1.427,1
2026-01-29 12:28:36,480933,8077.470,2469.377,-914.860,35.067,29.705,248.523,21.085,-0.370,0
2026-01-29 12:28:36,480973,8052.900,4470.675,-696.085,123.050,-29.115,6.624,21.241,-0.247,0
2026-01-29 12:28:36,481013,7826.956,2441.489,-618.034,315.538,312.564,-59.890,21.287,-1.163,0
2026-01-29 12:28:36,481053,8023.020,1063.395,-694.747,155.102,1.545,118.300,21.240,1.327,0
2026-01-29 12:28:36,481093,8058.091,-26.587,-697.491,94.686,-165.795,-19.938,21.141,-0.065,0
2026-01-29 12:28:36,481133,8000.485,2661.952,-253.537,-16.085,-83.352,-76.185,21.182,0.731,0
2026-01-29 12:28:36,481173,7824.852,4380.079,-794.014,42.153,19.304,-216.873,21.332,0.538,0
2026-01-29 12:28:36,481213,8041.463,-3538.844,-373.111,-76.553,-56.657,-219.550,21.032,1.368,0
2026-01-29 12:28:36,481253,7997.422,1673.520,-363.020,204.589,267.060,243.095,21.015,-0.898,0
2026-01-29 12:28:36,481293,7928.132,1055.897,-633.940,74.736,-108.732,-254.462,20.962,-0.442,0
2026-01-29 12:28:36,481333,7881.232,8078.411,-952.214,-93.237,-330.918,-170.222,21.308,1.287,0
2026-01-29 12:28:36,481373,8175.763,2099.480,-217.360,122.028,-91.212,84.437,21.314,1.258,0
2026-01-29 12:28:36,481413,8384.834,-317.138,-405.864,-47.778,-141.988,61.842,21.200,1.291,1
2026-01-29 12:28:36,481453,7987.707,4064.256,-848.738,122.027,-108.254,7.038,21.329,-0.224,1
2026-01-29 12:28:36,481493,8302.654,-2623.828,-547.599,-93.536,-170.831,312.773,21.071,1.192,0
2026-01-29 12:28:36,481533,7734.757,5599.999,-469.002,35.644,-6.650,15.874,21.279,-1.299,1
2026-01-29 12:28:36,481573,8132.804,2928.723,-514.075,162.807,7.160,1.110,21.338,1.266,1
2026-01-29 12:28:36,481613,8140.904,1368.272,-740.735,258.034,126.654,-189.050,21.296,0.597,0
2026-01-29 12:28:36,481653,8383.034,-1290.391,-765.068,-95.930,-351.110,100.427,21.110,1.189,0
2026-01-29 12:28:36,481693,7819.919,5105.265,-671.887,14.170,122.220,169.860,21.294,-0.124,0
2026-01-29 12:28:36,481733,7653.441,2592.813,-657.508,-47.083,-209.371,-244.892,21.339,-1.245,0
2026-01-29 12:28:36,481773,7983.395,-1789.196,-798.202,30.460,90.352,-112.478,21.124,-1.394,0
2026-01-29 12:28:36,481813,7881.395,225.808,-537.117,59.485,226.881,-106.599,21.030,-0.120,0
2026-01-29 12:28:36,481853,7994.333,2165.646,-510.661,100.766,-97.857,-159.711,21.051,1.167,0
2026-01-29 12:28:37,481893,7776.147,4037.606,-592.447,84.853,-143.528,86.439,21.176,-0.261,1
2026-01-29 12:28:37,481933,7969.775,3654.317,-434.959,-98.531,139.061,-12.892,21.281,1.340,0
2026-01-29 12:28:37,481973,8051.187,3159.875,-689.379,-93.258,-9.597,7.812,21.356,1.120,0
2026-01-29 12:28:37,482013,7926.436,-4545.916,-386.435,-81.231,-218.718,293.038,20.998,0.590,0
2026-01-29 12:28:37,482053,8190.040,2314.965,-479.695,82.486,-38.320,-98.133,21.019,-0.419,1
2026-01-29 12:28:37,482093,8020.604,6234.172,-735.857,247.718,-110.829,44.171,21.264,-0.049,0
2026-01-29 12:28:37,482133,7955.843,2414.101,-618.888,-56.013,-161.660,-191.118,21.290,-0.659,0
2026-01-29 12:28:37,482173,8173.685,-1659.663,-502.316,114.729,178.343,154.037,21.084,0.467,1
2026-01-29 12:28:37,482213,7844.184,1133.353,-480.869,-31.338,-125.921,245.274,21.026,0.977,0
2026-01-29 12:28:37,482253,7783.935,2180.036,-585.160,-94.404,28.584,-76.762,21.035,-1.291,0
2026-01-29 12:28:37,482293,8152.675,695.843,-151.104,88.771,-118.147,-291.228,20.977,1.220,0
2026-01-29 12:28:37,482333,7731.538,7258.070,-423.549,105.726,-129.166,-99.731,21.283,-0.818,0
2026-01-29 12:28:37,482373,7812.327,-232.745,-395.566,-29.491,-229.049,-243.320,21.170,-1.419,0
2026-01-29 12:28:37,482413,8152.430,4879.711,-555.707,61.440,-14.341,60.281,21.325,1.362,0
2026-01-29 12:28:37,482453,8010.958,-2444.829,-587.129,99.306,86.454,45.694,21.070,0.087,1
2026-01-29 12:28:37,482493,7970.898,2633.637,-693.250,113.300,177.152,269.179,21.109,-0.171,0
2026-01-29 12:28:37,482533,8050.409,3263.515,-528.155,-218.018,71.149,40.033,21.187,0.000,0
2026-01-29 12:28:37,482573,8057.831,1922.520,-466.396,6.609,-149.871,-77.871,21.175,0.000,0
2026-01-29 12:28:37,482613,8280.050,3235.310,-738.074,-211.291,-211.090,-263.234,21.245,0.000,0
2026-01-29 12:28:37,482653,7978.398,1083.371,-383.217,117.382,2.519,38.363,21.191,0.000,0
2026-01-29 12:28:37,482693,7942.653,-607.436,-549.073,-29.834,123.668,88.437,21.046,0.000,0
2026-01-29 12:28:37,482733,7813.228,-399.442,-678.374,-18.325,-137.261,-117.760,20.921,0.000,0
2026-01-29 12:28:37,482773,7858.106,2953.563,-427.446,-33.999,86.692,-11.048,20.980,0.000,0
2026-01-29 12:28:37,482813,7937.414,2398.297,-533.482,53.005,261.274,-51.058,20.991,0.000,1
2026-01-29 12:28:37,482853,7571.222,86.130,-575.397,-190.232,160.366,-265.282,20.885,0.000,0
2026-01-29 12:28:38,482893,8178.306,1243.013,-473.091,-215.949,-9.293,-72.770,20.855,0.000,0
2026-01-29 12:28:38,482933,8142.815,846.760,-718.377,150.828,-198.210,93.502,20.791,0.000,0
2026-01-29 12:28:38,482973,8095.765,294.511,-947.064,-152.773,-6.044,-59.877,20.691,0.000,1
2026-01-29 12:28:38,483013,7991.106,5281.774,-893.221,226.539,84.007,208.800,20.883,0.000,0
2026-01-29 12:28:38,483053,7905.047,-1694.646,-513.201,142.493,223.134,-46.464,20.663,0.000,0
2026-01-29 12:28:38,483093,8020.131,1375.007,-652.836,-16.196,80.164,-99.534,20.644,0.000,0
2026-01-29 12:28:38,483133,8081.461,3292.728,-605.547,92.796,-14.473,98.599,20.723,0.000,0
2026-01-29 12:28:38,483173,8178.383,-374.431,-553.074,10.083,-91.305,-103.251,20.582,0.000,0
2026-01-29 12:28:38,483213,8015.458,659.798,-377.910,-176.893,22.170,185.718,20.508,0.000,1
2026-01-29 12:28:38,483253,8091.581,4098.913,-706.930,-49.011,376.383,-119.076,20.641,0.000,0
2026-01-29 12:28:38,483293,8038.617,3253.520,-675.295,-229.079,-43.040,310.806,20.728,0.000,0
2026-01-29 12:28:38,483333,7653.292,-1493.859,-516.474,-314.371,-113.219,-146.313,20.535,0.000,1
2026-01-29 12:28:38,483373,8171.985,2779.788,-475.626,62.745,-116.291,207.703,20.598,0.000,0
2026-01-29 12:28:38,483413,8041.360,723.113,-505.052,16.203,-151.022,377.910,20.525,0.000,0
2026-01-29 12:28:38,483453,7932.933,1319.385,-376.040,-255.352,-112.916,220.482,20.482,0.000,0
2026-01-29 12:28:38,483493,8295.461,-1045.626,-253.661,162.663,-1.896,-172.096,20.333,0.000,0
2026-01-29 12:28:38,483533,8155.194,4259.314,-603.229,-93.720,103.965,-90.211,20.456,0.000,0
2026-01-29 12:28:38,483573,7995.434,-1094.667,-674.646,70.958,-10.603,141.203,20.261,0.000,0
2026-01-29 12:28:38,483613,8155.343,2341.575,-463.101,102.656,-160.891,-115.270,20.290,0.000,1
2026-01-29 12:28:38,483653,7865.992,-414.506,-390.037,-20.939,96.830,74.999,20.163,0.000,0
2026-01-29 12:28:38,483693,8101.404,2552.683,-1083.920,-103.806,113.672,140.675,20.219,0.000,0
2026-01-29 12:28:38,483733,7962.631,3934.102,-369.202,61.071,206.652,151.549,20.342,0.000,0
2026-01-29 12:28:38,483773,8068.849,-1982.285,-833.765,62.076,183.826,13.205,20.118,0.000,0
2026-01-29 12:28:38,483813,7732.095,3526.542,-743.735,106.230,12.282,-19.831,20.222,0.000,1
2026-01-29 12:28:38,483853,8220.423,-1760.451,-507.487,-1.831,-60.900,11.529,20.010,0.000,0
2026-01-29 12:28:39,483893,7740.567,2195.136,-791.521,-208.142,-33.588,-182.695,20.026,0.000,0
2026-01-29 12:28:39,483933,7809.008,3797.266,-708.296,180.003,-99.378,71.647,20.132,0.000,0
2026-01-29 12:28:39,483973,8007.175,-160.011,-538.695,-62.357,176.526,14.514,20.006,0.000,1
2026-01-29 12:28:39,484013,8085.359,1865.605,-645.165,-227.732,0.056,115.801,20.003,0.000,0
2026-01-29 12:28:39,484053,7972.366,1106.456,-885.625,-337.036,-123.830,101.064,19.953,0.000,0
2026-01-29 12:28:39,484093,8070.254,1275.547,-817.938,175.694,106.695,-186.188,19.920,0.000,0
2026-01-29 12:28:39,484133,8063.640,862.559,-585.697,-122.824,131.476,-133.958,19.830,0.000,0
2026-01-29 12:28:39,484173,7860.091,3115.398,-574.358,-169.070,40.186,-90.711,19.905,0.000,0
2026-01-29 12:28:39,484213,8236.179,311.385,-599.438,-154.208,-162.773,-34.541,19.799,0.000,0
2026-01-29 12:28:39,484253,8203.673,1310.231,-644.717,365.011,68.559,0.071,19.768,0.000,0
2026-01-29 12:28:39,484293,7735.863,642.715,-513.337,50.055,59.483,-111.759,19.710,0.000,0
2026-01-29 12:28:39,484333,8121.918,5243.703,-585.661,-349.639,268.546,203.941,19.909,0.000,1
2026-01-29 12:28:39,484373,8009.283,948.071,-728.251,103.492,-301.475,-7.526,19.855,0.000,0
2026-01-29 12:28:39,484413,7994.777,-908.987,-441.823,76.377,61.297,-85.743,19.692,0.000,0
2026-01-29 12:28:39,484453,8222.687,916.024,-368.301,26.812,-28.400,-79.009,19.650,0.000,0
2026-01-29 12:28:39,484493,8040.056,2508.379,-575.819,-62.474,10.087,42.799,19.687,0.000,0
2026-01-29 12:28:39,484533,7564.281,621.909,-732.659,26.122,-217.552,-138.932,19.626,0.000,1
2026-01-29 12:28:39,484573,7988.699,2306.467,-598.868,214.122,36.208,164.758,19.643,0.000,0
2026-01-29 12:28:39,484613,8158.818,2863.496,-397.797,-56.097,-218.096,-76.407,19.707,0.000,1
2026-01-29 12:28:39,484653,8089.673,-3692.836,-753.334,215.442,-122.276,52.256,19.408,0.000,0
2026-01-29 12:28:39,484693,8076.239,5835.067,-870.571,141.135,-34.387,11.472,19.623,0.000,0
2026-01-29 12:28:39,484733,8127.360,-2930.875,-554.307,-86.100,7.165,9.318,19.365,0.000,0
2026-01-29 12:28:39,484773,7803.070,6247.260,-315.343,-149.314,-125.000,-44.637,19.605,0.000,0
2026-01-29 12:28:39,484813,8079.795,-3098.531,-436.427,-258.271,56.022,15.421,19.323,0.000,0
2026-01-29 12:28:39,484853,8071.285,856.599,-541.641,35.833,-112.084,152.482,19.260,0.000,0
2026-01-29 12:28:40,484893,8077.357,3281.878,-401.372,-88.866,146.408,-93.540,19.332,0.000,0
2026-01-29 12:28:40,484933,7856.262,1302.087,-452.142,-73.185,-65.971,-11.917,19.294,0.000,0
2026-01-29 12:28:40,484973,8306.558,4699.670,-439.595,-117.018,143.090,-202.819,19.456,0.000,0
2026-01-29 12:28:40,485013,8332.433,-1424.937,-775.994,-287.718,169.548,-49.497,19.271,0.000,0
2026-01-29 12:28:40,485053,7906.042,-285.314,-546.374,103.745,31.804,-31.212,19.131,0.000,0
2026-01-29 12:28:40,485093,7748.943,4928.031,-602.587,113.351,-147.442,-148.396,19.317,0.000,0
2026-01-29 12:28:40,485133,8211.382,-2058.136,-641.197,-142.517,-46.661,-266.425,19.089,0.000,0
2026-01-29 12:28:40,485173,7949.899,2609.476,-659.695,49.025,124.123,91.501,19.137,0.000,0
2026-01-29 12:28:40,485213,7878.904,3596.140,-584.027,-36.615,-151.609,-91.258,19.225,0.000,1
2026-01-29 12:28:40,485253,8231.006,-340.547,-399.554,277.408,-91.146,-135.158,19.102,0.000,0
2026-01-29 12:28:40,485293,8133.509,3430.302,-791.188,44.419,-284.738,-171.965,19.198,0.000,1
2026-01-29 12:28:40,485333,8021.646,-3670.659,-270.904,119.410,-91.128,54.910,18.888,0.000,0
2026-01-29 12:28:40,485373,7894.548,4954.756,-551.418,-4.525,-35.173,-64.157,19.073,0.000,0
2026-01-29 12:28:40,485413,8122.145,-1210.031,-766.152,48.310,131.848,253.961,18.881,0.000,0
2026-01-29 12:28:40,485453,8031.743,1676.726,-626.204,31.404,-96.043,146.668,18.876,0.000,0
2026-01-29 12:28:40,485493,7943.638,3658.845,-755.141,23.373,-158.679,-175.779,18.981,0.000,0
2026-01-29 12:28:40,485533,8150.633,-2255.626,-351.172,-139.759,66.246,-34.633,18.756,0.000,0
2026-01-29 12:28:40,485573,7844.278,2408.802,-784.813,-43.509,259.882,116.639,18.798,0.000,0
2026-01-29 12:28:40,485613,7972.764,3948.975,-745.147,98.487,-52.538,16.181,18.918,0.000,0
2026-01-29 12:28:40,485653,7900.048,727.670,-504.521,71.808,-73.416,-36.957,18.863,0.000,0
2026-01-29 12:28:40,485693,7949.881,170.631,-506.502,-137.630,116.437,-5.866,18.764,0.000,0
2026-01-29 12:28:40,485733,7826.346,2991.230,-589.148,-162.698,-48.247,-64.826,18.821,0.000,0
2026-01-29 12:28:40,485773,7935.658,-984.908,-586.900,42.053,352.173,-196.693,18.644,0.000,0
2026-01-29 12:28:40,485813,7686.058,2812.434,-366.015,20.714,258.755,-107.749,18.710,0.000,0
2026-01-29 12:28:40,485853,8078.447,872.683,-734.032,-213.156,94.972,-185.171,18.662,0.000,0
2026-01-29 12:28:41,485893,8314.037,-1337.620,-868.222,71.398,-80.010,223.955,18.472,0.000,0
2026-01-29 12:28:41,485933,8147.334,3579.387,-424.582,372.913,-102.561,-0.837,18.568,0.000,0
2026-01-29 12:28:41,485973,7934.184,635.075,-612.980,-285.581,-46.945,-246.550,18.511,0.000,0
2026-01-29 12:28:41,486013,7805.402,214.778,-535.580,144.169,-213.562,-39.856,18.420,0.000,0
2026-01-29 12:28:41,486053,7921.587,682.012,-628.205,142.325,-99.571,2.418,18.348,0.000,0
2026-01-29 12:28:41,486093,7858.418,2170.256,-702.986,171.278,322.800,46.034,18.342,0.000,0
2026-01-29 12:28:41,486133,7804.182,5221.017,-530.746,61.070,-109.242,211.160,18.540,0.000,0
2026-01-29 12:28:41,486173,8122.346,1107.785,-278.049,-72.915,-73.238,-34.714,18.496,0.000,0
2026-01-29 12:28:41,486213,8122.433,413.540,-339.091,-76.779,320.738,140.630,18.433,0.000,0
2026-01-29 12:28:41,486253,7956.227,-183.385,-802.168,-0.213,-19.303,39.407,18.313,0.000,1
2026-01-29 12:28:41,486293,8212.485,1970.502,-575.938,-69.509,-150.120,-97.538,18.311,0.000,1
2026-01-29 12:28:41,486333,7818.947,2639.095,-672.162,-256.125,171.669,62.909,18.360,0.000,0
2026-01-29 12:28:41,486373,8081.502,-302.767,-804.845,244.392,-71.754,53.728,18.215,0.000,0
2026-01-29 12:28:41,486413,8041.396,4248.995,-608.898,9.021,240.840,-159.142,18.350,0.000,0
2026-01-29 12:28:41,486453,7788.074,-34.750,-748.492,128.315,-150.538,-79.237,18.257,0.000,1
2026-01-29 12:28:41,486493,7838.702,2133.978,-547.992,163.773,5.154,96.710,18.279,0.000,0
2026-01-29 12:28:41,486533,7903.642,-3122.128,-684.062,163.069,66.029,169.336,17.985,0.000,1
2026-01-29 12:28:41,486573,8032.327,3390.684,-698.891,35.785,-5.018,184.889,18.066,0.000,1
2026-01-29 12:28:41,486613,7992.694,-156.286,-564.328,9.852,-185.340,4.375,17.936,0.000,1
2026-01-29 12:28:41,486653,7833.360,3991.189,-796.181,-15.904,-47.754,-74.285,18.039,0.000,0
2026-01-29 12:28:41,486693,8153.420,-536.631,-681.491,-169.232,-120.025,-104.414,17.903,0.000,0
2026-01-29 12:28:41,486733,8010.281,5042.653,-743.848,128.366,89.281,-21.866,18.084,0.000,0
2026-01-29 12:28:41,486773,8206.556,1328.318,-652.542,55.614,-19.492,192.537,18.044,0.000,0
2026-01-29 12:28:41,486813,7734.662,983.320,-543.449,-24.056,183.929,-14.092,18.000,0.000,1
2026-01-29 12:28:41,486853,7989.946,1385.564,-829.322,-3.395,275.978,138.076,17.975,0.000,1
2026-01-29 12:28:42,486893,8237.217,754.712,-509.488,3.810,-100.474,102.948,17.913,0.000,0
2026-01-29 12:28:42,486933,8032.023,-649.562,-460.837,-34.687,138.675,-261.767,17.770,0.000,1
2026-01-29 12:28:42,486973,7907.044,4768.005,-575.562,29.848,-38.258,-38.170,17.926,0.000,0
2026-01-29 12:28:42,487013,8053.213,-2490.328,-690.118,-15.353,95.044,-96.582,17.685,0.000,0
2026-01-29 12:28:42,487053,7973.637,3529.392,-439.125,79.502,195.637,114.683,17.768,0.000,1
2026-01-29 12:28:42,487093,7994.417,-79.986,-483.310,79.985,110.796,124.156,17.648,0.000,0
2026-01-29 12:28:42,487133,8105.466,3985.560,-519.443,96.673,-69.505,-129.310,17.772,0.000,0
2026-01-29 12:28:42,487173,7984.815,-2537.946,-1018.990,119.877,79.390,-291.024,17.520,0.000,1
2026-01-29 12:28:42,487213,7916.033,1134.838,-831.478,51.384,50.631,200.539,17.478,0.000,0
2026-01-29 12:28:42,487253,8156.135,6204.369,-504.263,-27.029,97.302,54.572,17.727,0.000,0
2026-01-29 12:28:42,487293,7783.935,253.156,-508.271,-16.719,-208.233,76.472,17.640,0.000,1
2026-01-29 12:28:42,487333,7879.896,-1483.354,-519.320,-10.063,83.523,-31.959,17.433,0.000,0
2026-01-29 12:28:42,487373,7830.295,2317.410,-603.130,122.260,31.019,34.627,17.462,0.000,0
2026-01-29 12:28:42,487413,8157.872,2763.386,-310.599,16.377,-127.343,108.044,17.513,0.000,0
2026-01-29 12:28:42,487453,8066.851,-1336.758,-718.068,145.516,-171.705,-85.767,17.338,0.000,0
2026-01-29 12:28:42,487493,8012.435,1454.808,-247.294,-26.207,320.370,-173.278,17.310,0.000,0
2026-01-29 12:28:42,487533,8133.852,4889.791,-624.398,325.167,16.046,59.997,17.483,0.000,0
2026-01-29 12:28:42,487573,7778.707,1339.025,-641.854,-147.056,-291.967,-112.860,17.450,0.000,0
2026-01-29 12:28:42,487613,8011.147,-474.352,-855.925,252.747,-194.927,-110.555,17.326,0.000,0
2026-01-29 12:28:42,487653,8014.528,2160.325,-202.081,-125.099,54.108,145.383,17.329,0.000,1
2026-01-29 12:28:42,487693,7939.494,-280.667,-721.546,-167.333,55.760,57.992,17.187,0.000,0
2026-01-29 12:28:42,487733,8196.365,640.426,-711.845,118.544,-76.256,-105.220,17.121,0.000,0
2026-01-29 12:28:42,487773,7971.222,3302.558,-696.591,48.144,38.204,100.736,17.205,0.000,0
2026-01-29 12:28:42,487813,7799.670,2515.993,-501.227,-68.463,93.643,-122.233,17.246,0.000,0
2026-01-29 12:28:42,487853,7772.573,890.277,-759.756,23.095,48.793,-93.847,17.184,0.000,1
2026-01-29 12:28:43,487893,8102.116,1742.671,-443.843,-142.263,41.961,-273.443,17.189,0.000,1
2026-01-29 12:28:43,487933,8193.376,573.994,-794.797,-38.243,215.502,-9.842,17.106,0.000,0
2026-01-29 12:28:43,487973,8083.343,970.160,-665.564,54.087,246.547,-398.573,17.053,0.000,0
2026-01-29 12:28:43,488013,7783.358,-674.632,-869.136,74.952,-45.231,-19.050,16.907,0.000,0
2026-01-29 12:28:43,488053,8077.870,3693.762,-370.470,-327.436,-91.470,43.994,17.019,0.000,1
2026-01-29 12:28:43,488093,7967.339,68.240,-540.442,34.092,255.173,-321.218,16.914,0.000,0
2026-01-29 12:28:43,488133,8161.145,206.548,-557.990,56.518,-155.228,20.786,16.814,0.000,1
2026-01-29 12:28:43,488173,7990.485,5311.760,-849.414,-159.337,106.320,114.388,17.013,0.000,0
2026-01-29 12:28:43,488213,7817.622,-300.185,-345.224,-54.469,-4.140,14.746,16.888,0.000,1
2026-01-29 12:28:43,488253,7959.980,2256.804,68.184,-127.448,59.427,-82.647,16.920,0.000,0
2026-01-29 12:28:43,488293,7933.693,-2088.945,-770.905,216.219,50.818,-48.001,16.694,0.000,0
2026-01-29 12:28:43,488333,8039.946,1808.521,-694.258,-14.941,205.713,-177.625,16.691,0.000,1
2026-01-29 12:28:43,488373,7931.236,2799.960,-685.726,-6.854,-8.831,-56.673,16.732,0.000,1
2026-01-29 12:28:43,488413,7989.809,3243.900,-664.449,-84.703,209.334,-50.856,16.822,0.000,0
2026-01-29 12:28:43,488453,7956.729,-3059.544,-450.563,34.840,-136.029,24.158,16.548,0.000,0
2026-01-29 12:28:43,488493,8155.843,5634.688,-717.403,-156.808,-85.717,135.259,16.760,0.000,0
2026-01-29 12:28:43,488533,8081.910,600.021,-721.545,-75.943,134.331,-49.836,16.680,0.000,0
2026-01-29 12:28:43,488573,8152.628,404.187,-498.690,-20.721,163.649,200.162,16.587,0.000,0
2026-01-29 12:28:43,488613,8180.110,638.572,-725.897,19.093,149.091,39.127,16.500,0.000,0
2026-01-29 12:28:43,488653,8064.272,3506.905,-330.726,187.967,-131.050,127.373,16.586,0.000,0
2026-01-29 12:28:43,488693,8031.144,-1383.413,-583.475,64.129,-43.148,53.124,16.402,0.000,1
2026-01-29 12:28:43,488733,8089.332,4112.947,-553.266,-94.166,-118.455,-101.829,16.536,0.000,0
2026-01-29 12:28:43,488773,7974.847,2105.426,-394.166,-30.194,141.224,26.548,16.553,0.000,0
2026-01-29 12:28:43,488813,7838.535,-1874.129,-772.306,142.567,-179.111,-63.101,16.342,0.000,0
2026-01-29 12:28:43,488853,8157.691,1910.013,-666.153,76.461,193.979,10.076,16.347,0.000,1
2026-01-29 12:28:44,488893,8142.345,2271.359,-596.489,-146.635,22.923,-37.939,16.358,0.000,1
2026-01-29 12:28:44,488933,7871.405,744.447,-643.036,104.090,119.515,8.034,16.277,0.000,1
2026-01-29 12:28:44,488973,7867.385,-61.070,-766.709,32.458,54.560,32.779,16.166,0.000,0
2026-01-29 12:28:44,489013,7962.324,3910.290,-485.531,187.636,135.943,51.576,16.287,0.000,0
2026-01-29 12:28:44,489053,8205.003,2524.004,-706.905,-215.979,-228.606,-42.599,16.318,0.000,0
2026-01-29 12:28:44,489093,8200.953,-2671.005,-527.440,-289.957,65.536,-72.311,16.055,0.000,0
2026-01-29 12:28:44,489133,8121.043,4893.869,-710.593,-23.604,-113.671,144.691,16.234,0.000,1
2026-01-29 12:28:44,489173,7908.132,2383.026,-671.962,-104.644,179.118,72.455,16.252,0.000,0
2026-01-29 12:28:44,489213,8275.869,986.379,-740.779,-25.551,-8.552,369.864,16.199,0.000,0
2026-01-29 12:28:44,489253,7928.555,1500.062,-731.358,-158.810,-34.379,-110.389,16.168,0.000,0
2026-01-29 12:28:44,489293,8330.956,-672.160,-610.372,-81.919,-127.679,-286.678,16.029,0.000,0
2026-01-29 12:28:44,489333,8032.585,175.166,-594.293,-262.291,-403.513,136.268,15.923,0.000,0
2026-01-29 12:28:44,489373,8021.193,836.514,-660.676,120.722,59.623,-254.701,15.845,0.000,1
2026-01-29 12:28:44,489413,7921.984,5805.416,-568.530,-113.933,-178.908,30.169,16.066,0.000,0
2026-01-29 12:28:44,489453,8241.480,-2511.898,-364.871,-3.894,152.726,87.449,15.801,0.000,0
2026-01-29 12:28:44,489493,8007.455,2093.327,-657.594,236.217,268.419,88.148,15.815,0.000,0
2026-01-29 12:28:44,489533,8112.482,2298.100,-874.700,94.609,162.540,-250.359,15.847,0.000,0
2026-01-29 12:28:44,489573,7880.110,-33.249,-645.485,65.700,117.536,-62.810,15.737,0.000,0
2026-01-29 12:28:44,489613,8159.818,265.018,-615.468,71.558,-106.419,-16.118,15.647,0.000,1
2026-01-29 12:28:44,489653,8075.942,5072.806,-603.146,-91.864,-1.957,-37.206,15.823,0.000,0
2026-01-29 12:28:44,489693,7907.558,1251.189,-428.133,-218.167,-44.248,-82.587,15.791,0.000,0
2026-01-29 12:28:44,489733,8345.845,2604.835,-777.917,-199.885,124.773,-48.976,15.849,0.000,0
2026-01-29 12:28:44,489773,8074.893,833.874,-767.929,19.527,167.572,-184.354,15.785,0.000,0
2026-01-29 12:28:44,489813,7708.477,-689.185,-528.188,4.144,-267.093,165.963,15.624,0.000,0
2026-01-29 12:28:44,489853,8140.566,-853.874,-439.583,27.671,3.427,-109.951,15.471,0.000,0
2026-01-29 12:28:45,489893,8087.626,5246.694,-832.658,-158.286,79.008,102.640,15.659,0.000,0
2026-01-29 12:28:45,489933,7816.365,-2448.461,-574.592,-51.096,-183.176,-40.519,15.420,0.000,0
2026-01-29 12:28:45,489973,8133.114,3502.570,-468.364,44.087,166.583,-66.150,15.518,0.000,0
2026-01-29 12:28:45,490013,7986.301,2691.036,-500.449,-29.078,-144.470,-100.294,15.561,0.000,0
2026-01-29 12:28:45,490053,7921.596,835.756,-617.325,-53.908,232.555,185.961,15.505,0.000,0
2026-01-29 12:28:45,490093,8260.692,-1561.823,-664.050,-128.144,51.568,-288.119,15.288,0.000,0
2026-01-29 12:28:45,490133,8156.887,1468.584,-377.961,87.157,-41.127,-16.185,15.254,0.000,0
2026-01-29 12:28:45,490173,7835.128,5499.347,-644.099,-63.785,90.967,76.998,15.468,0.000,0
2026-01-29 12:28:45,490213,8350.242,-2299.920,-570.281,68.180,-16.395,77.969,15.224,0.000,0
2026-01-29 12:28:45,490253,7931.938,4102.857,-582.317,173.743,9.457,81.084,15.360,0.000,0
2026-01-29 12:28:45,490293,8087.563,-515.107,-652.544,-42.684,-104.210,-114.226,15.195,0.000,0
2026-01-29 12:28:45,490333,8179.717,1557.759,-520.973,-71.550,-29.593,-76.230,15.169,0.000,0
2026-01-29 12:28:45,490373,8114.886,508.144,-557.527,-34.944,147.519,-105.732,15.089,0.000,0
2026-01-29 12:28:45,490413,8089.937,5277.176,-466.805,63.030,-88.808,-146.207,15.282,0.000,0
2026-01-29 12:28:45,490453,8039.377,1166.538,-526.592,54.063,113.557,56.652,15.254,0.000,0
2026-01-29 12:28:45,490493,7683.316,194.034,-509.460,-19.111,117.815,-166.130,15.160,0.000,0
2026-01-29 12:28:45,490533,7732.656,2005.042,-468.299,-226.090,-130.859,-237.328,15.167,0.000,0
2026-01-29 12:28:45,490573,8030.361,1026.830,-516.929,-78.497,-101.365,-120.937,15.111,0.000,0
2026-01-29 12:28:45,490613,8018.956,1146.170,-563.205,-213.968,-2.131,-38.881,15.055,0.000,0
2026-01-29 12:28:45,490653,8139.997,1308.926,-632.030,151.734,97.825,282.633,15.031,0.000,0
2026-01-29 12:28:45,490693,7909.090,750.390,-682.158,238.406,-37.741,137.795,14.968,0.000,1
2026-01-29 12:28:45,490733,7975.936,898.510,-840.138,78.076,-148.660,-240.850,14.908,0.000,1
2026-01-29 12:28:45,490773,8044.715,3048.575,-716.680,96.677,106.441,131.881,14.982,0.000,0
2026-01-29 12:28:45,490813,7775.032,-1107.268,-789.996,103.008,-132.428,-107.122,14.798,0.000,1
2026-01-29 12:28:45,490853,8048.112,4713.392,-730.361,68.111,219.770,7.448,14.946,0.000,0
2026-01-29 12:28:46,490893,7964.264,-2681.346,-808.398,147.436,-125.767,-27.077,14.676,0.000,0
2026-01-29 12:28:46,490933,7949.852,3694.605,-530.120,109.581,50.692,304.092,14.769,0.000,0
2026-01-29 12:28:46,490973,8149.730,-340.706,-592.587,-133.964,103.618,61.554,14.638,0.000,1
2026-01-29 12:28:46,491013,7698.611,2260.134,-545.036,39.038,98.759,-60.817,14.668,0.000,0
2026-01-29 12:28:46,491053,8229.777,3396.964,-692.307,-166.500,130.107,-24.217,14.752,0.000,0
2026-01-29 12:28:46,491093,8294.406,2856.983,-813.631,59.020,71.938,-71.104,14.815,0.000,0
2026-01-29 12:28:46,491133,8027.483,-2539.600,-453.425,-4.062,105.110,-62.399,14.562,0.000,1
2026-01-29 12:28:46,491173,8130.084,3899.550,-693.793,133.610,178.423,-122.163,14.687,0.000,1
2026-01-29 12:28:46,491213,8218.260,1558.571,-607.478,59.260,-119.584,60.891,14.659,0.000,0
2026-01-29 12:28:46,491253,7850.694,1849.709,-415.183,-115.198,-141.072,34.558,14.644,0.000,0
2026-01-29 12:28:46,491293,7899.675,102.658,-477.044,68.087,23.306,-45.221,14.530,0.000,0
2026-01-29 12:28:46,491333,8185.282,1875.172,-595.731,87.438,72.944,126.362,14.531,0.000,0
2026-01-29 12:28:46,491373,8122.704,1013.471,-739.434,-23.148,125.973,102.034,14.494,0.000,0
2026-01-29 12:28:46,491413,8151.353,1587.307,-660.055,-128.435,-121.585,-21.640,14.477,0.000,0
2026-01-29 12:28:46,491453,8069.996,504.399,-316.580,238.514,-228.702,194.081,14.386,0.000,1
2026-01-29 12:28:46,491493,8263.990,2652.841,-541.445,137.791,190.992,-172.976,14.426,0.000,0
2026-01-29 12:28:46,491533,7897.993,2484.601,-429.079,83.062,-40.694,83.545,14.472,0.000,0
2026-01-29 12:28:46,491573,7834.247,469.836,-521.070,135.808,160.987,41.376,14.389,0.000,0
2026-01-29 12:28:46,491613,7861.945,387.007,-652.532,-68.180,-140.183,126.743,14.325,0.000,0
2026-01-29 12:28:46,491653,8123.224,-2262.119,-472.523,110.528,-3.297,130.081,14.101,0.000,0
2026-01-29 12:28:46,491693,7848.607,2487.982,-297.047,-79.927,-40.966,101.062,14.121,0.000,1
2026-01-29 12:28:46,491733,7941.680,4386.793,-641.747,105.001,-47.652,333.574,14.270,0.000,0
2026-01-29 12:28:46,491773,7998.920,-912.133,-503.871,-175.297,84.008,195.691,14.095,0.000,0
2026-01-29 12:28:46,491813,8219.515,799.130,-663.929,-170.510,-217.643,24.264,13.996,0.000,1
2026-01-29 12:28:46,491853,8147.737,2165.941,-539.585,-85.973,173.342,-14.273,14.015,0.000,0
2026-01-29 12:28:47,491893,8068.750,4589.921,-696.694,8.546,-228.377,-138.010,14.159,0.000,0
2026-01-29 12:28:47,491933,8023.480,-2632.312,-370.545,-208.374,-2.472,60.743,13.908,0.000,0
2026-01-29 12:28:47,491973,8315.870,3642.459,-726.745,247.582,185.627,-79.529,14.001,0.000,0
2026-01-29 12:28:47,492013,8524.832,4020.248,-380.844,-291.873,-144.596,137.314,14.122,0.000,0
2026-01-29 12:28:47,492053,7789.218,-2167.683,-746.760,-44.091,28.792,143.402,13.900,0.000,0
2026-01-29 12:28:47,492093,7904.667,669.871,-553.448,-118.610,76.945,21.857,13.828,0.000,0
2026-01-29 12:28:47,492133,7932.902,2173.121,-642.071,-38.655,-80.447,-20.110,13.842,0.000,0
2026-01-29 12:28:47,492173,8013.478,93.733,-516.222,114.258,70.332,26.011,13.727,0.000,1
2026-01-29 12:28:47,492213,8019.854,5622.989,-364.922,47.829,-76.413,17.365,13.941,0.000,0
2026-01-29 12:28:47,492253,7900.272,-2088.333,-257.545,155.615,111.890,16.635,13.728,0.000,0
2026-01-29 12:28:47,492293,8058.867,4335.476,-452.747,-30.025,-321.079,-7.396,13.863,0.000,1
2026-01-29 12:28:47,492333,7783.003,968.867,-671.934,-177.259,-146.089,93.464,13.809,0.000,0
2026-01-29 12:28:47,492373,8158.847,1894.471,-767.100,-98.291,-52.200,-29.247,13.802,0.000,0
2026-01-29 12:28:47,492413,7835.321,-607.865,-336.099,27.003,23.437,-214.874,13.665,0.000,0
2026-01-29 12:28:47,492453,7923.241,495.714,-509.473,111.718,119.470,-151.162,13.592,0.000,0
2026-01-29 12:28:47,492493,7891.205,186.359,-682.518,-170.413,-246.725,-52.033,13.491,0.000,1
2026-01-29 12:28:47,492533,8141.873,2710.640,-404.516,-40.757,-0.433,-177.887,13.537,0.000,0
2026-01-29 12:28:47,492573,8324.239,3334.075,-581.992,-340.686,-16.464,133.488,13.613,0.000,1
2026-01-29 12:28:47,492613,7796.649,346.625,-290.840,375.154,-67.181,-276.768,13.519,0.000,0
2026-01-29 12:28:47,492653,8020.081,1841.064,-528.317,-150.685,66.270,-7.271,13.503,0.000,0
2026-01-29 12:28:47,492693,7975.911,2628.770,-751.002,173.465,-57.058,-319.766,13.537,0.000,0
2026-01-29 12:28:47,492733,7989.957,956.032,-635.559,71.055,-26.917,-455.131,13.483,0.000,0
2026-01-29 12:28:47,492773,7770.172,-667.851,-640.126,-177.312,-150.681,-201.151,13.351,0.000,0
2026-01-29 12:28:47,492813,7846.660,-95.114,-371.766,170.267,88.045,38.753,13.239,0.000,0
2026-01-29 12:28:47,492853,7852.325,6405.189,-803.377,-257.705,11.029,-11.144,13.482,0.000,0
2026-01-29 12:28:48,492893,7911.022,-1507.745,-570.352,-50.299,-159.710,-325.374,13.281,0.000,0
2026-01-29 12:28:48,492933,7929.793,645.638,-718.039,91.459,20.778,41.304,13.205,0.000,0
2026-01-29 12:28:48,492973,7996.801,1028.613,-851.186,156.259,91.117,-146.728,13.157,0.000,0
2026-01-29 12:28:48,493013,8015.412,1142.081,-571.837,181.221,223.816,-10.473,13.115,0.000,0
2026-01-29 12:28:48,493053,8034.968,1954.391,-612.871,-4.287,-169.938,-44.979,13.111,0.000,0
2026-01-29 12:28:48,493093,7916.843,4718.953,-724.749,230.021,65.696,33.096,13.275,0.000,0
2026-01-29 12:28:48,493133,7943.913,699.812,-616.017,65.353,38.609,-143.109,13.204,0.000,0
2026-01-29 12:28:48,493173,7922.552,289.237,-927.466,-90.664,20.699,-151.461,13.121,0.000,1
2026-01-29 12:28:48,493213,7974.158,2140.632,-675.137,195.827,-283.554,51.695,13.133,0.000,1
2026-01-29 12:28:48,493253,8265.106,2716.025,-507.084,86.898,57.710,172.638,13.174,0.000,0
2026-01-29 12:28:48,493293,7697.914,-3067.640,-1079.321,63.910,189.463,-57.204,12.897,0.000,0
2026-01-29 12:28:48,493333,8009.266,4208.881,-645.967,172.660,-102.755,-23.933,13.018,0.000,0
2026-01-29 12:28:48,493373,7813.205,2868.007,-265.239,327.783,-269.128,96.146,13.067,0.000,0
2026-01-29 12:28:48,493413,8194.116,1898.268,-489.519,12.500,99.597,83.751,13.060,0.000,0
2026-01-29 12:28:48,493453,7882.017,-231.649,-823.996,-169.059,96.651,-181.976,12.920,0.000,0
2026-01-29 12:28:48,493493,7972.909,345.986,-664.075,-125.281,118.209,50.075,12.826,0.000,0
2026-01-29 12:28:48,493533,8162.476,-491.123,-786.217,-84.812,241.978,136.819,12.700,0.000,0
2026-01-29 12:28:48,493573,8075.400,1586.979,-447.319,-83.374,6.490,-86.600,12.678,0.000,1
2026-01-29 12:28:48,493613,7886.745,3381.598,-594.446,-102.213,-27.720,5.886,12.756,0.000,0
2026-01-29 12:28:48,493653,7907.623,310.494,-742.733,1.669,-163.160,15.225,12.679,0.000,1
2026-01-29 12:28:48,493693,7771.863,639.885,-675.479,-5.952,-90.573,-20.502,12.598,0.000,1
2026-01-29 12:28:48,493733,8215.163,3369.395,-489.510,-100.776,20.997,-85.263,12.685,0.000,0
2026-01-29 12:28:48,493773,8069.475,2489.030,-504.708,74.655,114.616,125.545,12.722,0.000,0
2026-01-29 12:28:48,493813,7759.943,32.140,-643.111,-146.025,-151.822,-284.217,12.624,0.000,0
2026-01-29 12:28:48,493853,7909.382,2119.490,-559.780,123.756,45.343,-53.818,12.648,0.000,0
2026-01-29 12:28:49,493893,7689.956,1213.109,-374.826,-296.081,267.584,-196.786,12.624,0.000,1
2026-01-29 12:28:49,493933,8124.058,-1048.620,-354.141,68.880,2.626,-66.645,12.462,0.000,0
2026-01-29 12:28:49,493973,7771.517,1989.879,-586.769,165.078,-118.495,27.640,12.478,0.000,1
2026-01-29 12:28:49,494013,8075.133,1273.971,-482.270,-99.643,137.994,57.742,12.447,0.000,0
2026-01-29 12:28:49,494053,7803.325,2128.861,-472.048,-30.673,16.668,-46.699,12.461,0.000,0
2026-01-29 12:28:49,494093,7860.146,-1772.030,-816.838,100.313,-18.603,-5.360,12.257,0.000,0
2026-01-29 12:28:49,494133,8131.171,3152.647,-600.437,3.846,-95.826,-120.310,12.324,0.000,0
2026-01-29 12:28:49,494173,7961.259,1177.242,-579.706,-32.317,-101.203,-71.325,12.264,0.000,0
2026-01-29 12:28:49,494213,7963.770,1474.560,-461.833,-61.447,-103.044,-139.331,12.238,0.000,0
2026-01-29 12:28:49,494253,8239.076,2626.075,-559.115,-39.940,-75.677,68.112,12.273,0.000,1
2026-01-29 12:28:49,494293,7982.336,1827.981,-829.050,210.388,-249.504,-209.876,12.274,0.000,0
2026-01-29 12:28:49,494333,8175.127,1131.214,-736.896,-24.682,98.793,91.649,12.230,0.000,0
2026-01-29 12:28:49,494373,8135.540,3877.021,-464.361,119.870,1.352,-57.889,12.332,0.000,0
2026-01-29 12:28:49,494413,7766.767,-3800.175,-501.308,-72.553,50.767,-230.549,12.017,0.000,0
2026-01-29 12:28:49,494453,7871.849,6095.727,-597.893,87.172,218.891,-100.374,12.258,0.000,0
2026-01-29 12:28:49,494493,7942.087,516.490,-471.658,95.226,70.203,88.351,12.194,0.000,0
2026-01-29 12:28:49,494533,8026.596,137.497,-430.948,107.366,-203.903,171.160,12.085,0.000,0
2026-01-29 12:28:49,494573,7719.550,3010.386,-495.936,-281.353,109.669,-119.542,12.151,0.000,0
2026-01-29 12:28:49,494613,7961.267,-2557.323,-606.048,-24.643,-167.841,64.512,11.888,0.000,0
2026-01-29 12:28:49,494653,7754.932,5015.339,-542.418,163.101,-43.985,-68.548,12.066,0.000,0
2026-01-29 12:28:49,494693,8027.013,337.641,-601.240,-30.833,182.378,144.139,11.985,0.000,1
2026-01-29 12:28:49,494733,7937.330,1532.028,-509.885,-59.660,-224.045,-2.386,11.967,0.000,0
2026-01-29 12:28:49,494773,7934.272,-1448.987,-498.978,-235.179,108.998,-121.149,11.776,0.000,0
2026-01-29 12:28:49,494813,8098.125,1364.055,-890.452,107.763,75.935,186.829,11.743,0.000,0
2026-01-29 12:28:49,494853,8018.690,3590.270,-539.173,169.219,40.792,-54.659,11.860,0.000,0
2026-01-29 12:28:50,494893,7819.249,-2036.174,-466.698,-89.541,9.569,-3.000,11.661,0.000,1
2026-01-29 12:28:50,494933,7917.384,4461.781,-720.550,46.284,49.630,-0.732,11.795,0.000,0
2026-01-29 12:28:50,494973,7970.088,2456.641,-480.651,65.283,42.503,51.923,11.840,0.000,0
2026-01-29 12:28:50,495013,7866.960,1132.087,-648.151,-161.006,-245.778,229.167,11.797,0.000,1
2026-01-29 12:28:50,495053,8158.450,-284.054,-917.248,58.275,88.912,-105.391,11.675,0.000,0
2026-01-29 12:28:50,495093,8197.045,-237.621,-623.273,48.969,35.087,-126.807,11.573,0.000,1
2026-01-29 12:28:50,495133,8149.128,1677.504,-446.523,47.532,-78.835,-209.028,11.562,0.000,1
2026-01-29 12:28:50,495173,7929.084,1137.680,-881.849,-118.212,59.866,210.000,11.547,0.000,0
2026-01-29 12:28:50,495213,7824.549,4113.826,-806.496,145.025,-55.219,112.150,11.672,0.000,0
2026-01-29 12:28:50,495253,7812.762,381.166,-817.733,-102.820,-116.596,-44.659,11.598,0.000,1
2026-01-29 12:28:50,495293,7977.220,2420.575,-1021.717,-181.832,164.008,-28.165,11.615,0.000,1
2026-01-29 12:28:50,495333,7774.578,-2758.957,-407.215,-70.775,24.074,-101.066,11.344,0.000,1
2026-01-29 12:28:50,495373,8250.156,2565.007,-486.449,-350.373,-142.317,-177.225,11.395,0.000,0
2026-01-29 12:28:50,495413,8164.567,34.911,-405.953,203.797,107.238,21.349,11.293,0.000,0
2026-01-29 12:28:50,495453,8316.702,1816.456,-578.826,-119.941,90.790,133.201,11.297,0.000,0
2026-01-29 12:28:50,495493,8131.195,499.676,-531.268,61.251,22.176,-114.926,11.223,0.000,0
2026-01-29 12:28:50,495533,8295.310,4307.058,-317.736,-49.932,86.297,-42.826,11.362,0.000,1
2026-01-29 12:28:50,495573,7879.225,-2067.996,-621.312,-74.269,244.667,228.283,11.135,0.000,0
2026-01-29 12:28:50,495613,7935.213,4683.707,-628.979,-55.394,180.736,76.963,11.304,0.000,0
2026-01-29 12:28:50,495653,7958.574,615.824,-635.922,164.083,62.680,-81.713,11.237,0.000,0
2026-01-29 12:28:50,495693,8043.752,3014.675,-551.018,-127.370,-41.041,18.865,11.318,0.000,0
2026-01-29 12:28:50,495733,8018.908,-2049.670,-562.260,-70.102,198.862,-52.475,11.080,0.000,0
2026-01-29 12:28:50,495773,8010.100,4805.943,-475.091,-77.557,-35.223,268.971,11.250,0.000,0
2026-01-29 12:28:50,495813,8116.103,-915.695,-521.573,68.105,-115.451,76.125,11.075,0.000,0
2026-01-29 12:28:50,495853,8021.787,1512.915,-659.260,8.734,12.883,100.892,11.065,0.000,1
2026-01-29 12:28:51,495893,8293.371,456.991,-882.893,-221.066,-244.488,-19.953,10.975,0.000,0
2026-01-29 12:28:51,495933,8107.222,3884.051,-967.854,-101.902,42.545,209.620,11.096,0.000,0
2026-01-29 12:28:51,495973,8036.031,713.116,-660.662,-58.892,-182.883,-2.882,11.029,0.000,0
2026-01-29 12:28:51,496013,8023.733,-756.119,-672.385,-259.154,-193.639,110.854,10.885,0.000,0
2026-01-29 12:28:51,496053,7691.973,4605.153,-590.849,-75.271,261.798,108.229,11.032,0.000,0
2026-01-29 12:28:51,496093,7964.201,-108.869,-382.689,-26.531,55.368,93.129,10.917,0.000,0
2026-01-29 12:28:51,496133,8022.432,941.154,-793.794,-143.038,-103.230,-112.194,10.871,0.000,1
2026-01-29 12:28:51,496173,8094.512,740.874,-804.705,-167.462,-56.853,98.707,10.802,0.000,1
2026-01-29 12:28:51,496213,8043.299,1817.709,-531.563,132.869,197.895,182.600,10.811,0.000,1
2026-01-29 12:28:51,496253,7888.125,3211.625,-627.099,-112.092,-102.325,-108.140,10.894,0.000,0
2026-01-29 12:28:51,496293,8112.817,-3292.972,-561.475,59.713,54.780,13.206,10.613,0.000,0
2026-01-29 12:28:51,496333,8017.213,644.117,-225.176,-163.031,-108.947,13.546,10.550,0.000,0
2026-01-29 12:28:51,496373,8090.425,5698.453,-867.879,-17.984,62.343,198.420,10.765,0.000,1
2026-01-29 12:28:51,496413,7953.570,-2517.033,-477.987,47.050,-159.963,-89.536,10.509,0.000,0
2026-01-29 12:28:51,496453,8145.357,3192.340,-740.939,-174.461,154.289,240.743,10.594,0.000,0
2026-01-29 12:28:51,496493,7737.755,1212.921,-655.743,-149.474,-44.431,74.345,10.558,0.000,0
2026-01-29 12:28:51,496533,8007.212,4250.334,-707.081,-10.074,-10.101,286.399,10.677,0.000,0
2026-01-29 12:28:51,496573,8178.672,-466.369,-490.564,-115.088,-66.729,121.723,10.547,0.000,1
2026-01-29 12:28:51,496613,8288.830,1934.908,-567.167,-14.497,-49.066,9.225,10.538,0.000,0
2026-01-29 12:28:51,496653,7937.066,3015.824,-704.830,-55.301,-112.684,-183.495,10.594,0.000,0
2026-01-29 12:28:51,496693,8238.548,-1169.291,-655.960,84.921,-41.003,-242.863,10.420,0.000,0
2026-01-29 12:28:51,496733,8046.065,2725.880,-536.157,-88.752,-194.332,214.483,10.486,0.000,1
2026-01-29 12:28:51,496773,7994.313,-1652.168,-639.646,-88.863,-145.144,-236.885,10.286,0.000,0
2026-01-29 12:28:51,496813,8361.442,1286.518,-876.465,-3.646,-243.395,60.623,10.251,0.000,0
2026-01-29 12:28:51,496853,7902.628,3941.028,-772.852,-189.694,-88.511,-48.629,10.368,0.000,0
2026-01-29 12:28:52,496893,7969.036,-817.488,-402.944,-212.950,-179.158,38.083,10.221,0.000,0
2026-01-29 12:28:52,496933,8061.535,4635.676,-622.724,-104.832,171.803,-103.129,10.385,0.000,0
2026-01-29 12:28:52,496973,8154.532,-1205.692,-501.290,-337.062,-151.758,-44.645,10.207,0.000,0
2026-01-29 12:28:52,497013,8014.584,494.037,-735.429,-2.590,2.187,-284.902,10.101,0.000,0
2026-01-29 12:28:52,497053,8054.717,984.618,-516.978,-67.493,1.071,-204.168,10.036,0.000,0
2026-01-29 12:28:52,497093,8107.874,1707.581,-560.665,32.832,-47.112,93.277,10.031,0.000,0
2026-01-29 12:28:52,497133,7937.640,4110.614,-569.742,150.704,-25.430,214.983,10.146,0.000,0
2026-01-29 12:28:52,497173,8085.003,263.689,-409.938,-73.027,-8.570,9.637,10.046,0.000,0
2026-01-29 12:28:52,497213,7671.411,4271.398,-623.238,20.271,-28.394,96.050,10.172,0.000,0
2026-01-29 12:28:52,497253,8041.791,-3090.768,-584.087,-148.246,-11.109,-81.432,9.892,0.000,0
2026-01-29 12:28:52,497293,7848.355,830.433,-599.857,-71.743,96.623,0.599,9.825,0.000,0
2026-01-29 12:28:52,497333,8064.230,2167.810,-274.384,-160.360,-129.878,-153.399,9.853,0.000,0
2026-01-29 12:28:52,497373,8012.527,4929.579,-781.979,157.170,-45.264,-15.332,10.013,0.000,0
2026-01-29 12:28:52,497413,7803.772,-2128.258,-659.526,54.228,18.091,-188.886,9.776,0.000,0
2026-01-29 12:28:52,497453,8113.309,4393.376,-586.092,-26.452,-226.961,175.931,9.929,0.000,1
2026-01-29 12:28:52,497493,7678.648,-1030.866,-669.228,120.650,-184.236,23.748,9.776,0.000,0
2026-01-29 12:28:52,497533,7751.649,684.637,-934.776,-92.652,-33.896,-187.063,9.718,0.000,1
2026-01-29 12:28:52,497573,7748.829,3782.652,-494.498,-111.529,-135.141,-327.205,9.825,0.000,0
2026-01-29 12:28:52,497613,8148.909,1975.867,-485.624,10.186,89.247,199.467,9.836,0.000,0
2026-01-29 12:28:52,497653,8027.850,-2832.580,-764.126,217.111,-260.692,3.935,9.572,0.000,1
2026-01-29 12:28:52,497693,7907.336,1119.938,-628.115,39.679,-220.715,172.974,9.528,0.000,0
2026-01-29 12:28:52,497733,8103.438,5899.642,-897.655,-128.398,-135.809,-46.929,9.737,0.000,1
2026-01-29 12:28:52,497773,8225.624,-1347.584,-458.567,-75.462,-117.541,363.141,9.535,0.000,0
2026-01-29 12:28:52,497813,7952.381,3305.618,-751.573,65.899,118.920,-39.316,9.619,0.000,0
2026-01-29 12:28:52,497853,7977.145,-396.430,-530.014,198.482,-74.154,179.009,9.491,0.000,0
2026-01-29 12:28:53,497893,7648.097,1783.312,-738.264,-130.084,79.086,50.176,9.503,0.000,0
2026-01-29 12:28:53,497933,7793.007,4020.288,-405.905,25.497,9.874,-24.961,9.620,0.000,0
2026-01-29 12:28:53,497973,8101.734,-2729.468,-876.177,-12.431,168.599,-116.939,9.368,0.000,1
2026-01-29 12:28:53,498013,8049.269,4607.377,-555.608,42.566,31.116,-276.611,9.500,0.000,0
2026-01-29 12:28:53,498053,8145.278,-1356.152,-563.746,-330.406,-177.321,-67.279,9.325,0.000,0
2026-01-29 12:28:53,498093,7865.373,3613.459,-682.913,-28.133,175.262,23.051,9.438,0.000,0
2026-01-29 12:28:53,498133,8225.209,2428.673,-837.405,-187.173,-201.733,-60.806,9.485,0.000,0
2026-01-29 12:28:53,498173,8120.219,-2044.751,-475.231,-258.382,28.321,112.772,9.264,0.000,0
2026-01-29 12:28:53,498213,8248.867,735.008,-756.091,319.510,15.462,65.913,9.202,0.000,0
2026-01-29 12:28:53,498253,7921.873,3673.654,-547.042,-98.695,299.986,17.768,9.296,0.000,0
2026-01-29 12:28:53,498293,8039.891,1956.020,-690.565,-150.209,79.664,57.285,9.299,0.000,0
2026-01-29 12:28:53,498333,8255.948,2628.273,-627.901,129.565,-76.517,307.647,9.334,0.000,0
2026-01-29 12:28:53,498373,7819.142,-1792.021,-631.196,-195.912,-2.360,-71.749,9.110,0.000,0
2026-01-29 12:28:53,498413,8005.425,321.307,-557.177,-30.349,-38.895,-118.012,9.029,0.000,0
2026-01-29 12:28:53,498453,8231.624,4594.511,-673.591,107.566,-273.526,6.717,9.179,0.000,0
2026-01-29 12:28:53,498493,8262.872,594.674,-393.590,-205.475,-155.186,221.487,9.106,0.000,0
2026-01-29 12:28:53,498533,7974.420,1503.877,-607.516,165.628,-101.335,89.717,9.077,0.000,0
2026-01-29 12:28:53,498573,7997.923,1321.254,-494.372,-106.776,193.355,167.395,9.030,0.000,0
2026-01-29 12:28:53,498613,8150.278,819.176,-368.663,47.519,-58.461,21.847,8.963,0.000,0
2026-01-29 12:28:53,498653,8073.669,3481.473,-835.985,-57.488,-25.894,185.112,9.046,0.000,1
2026-01-29 12:28:53,498693,8192.177,1929.582,-493.209,-82.374,-30.767,-68.859,9.050,0.000,0
2026-01-29 12:28:53,498733,8011.739,1656.742,-630.927,82.914,-44.115,-90.648,9.029,0.000,0
2026-01-29 12:28:53,498773,8047.983,-2121.285,-842.452,77.715,49.676,-88.775,8.798,0.000,0
2026-01-29 12:28:53,498813,8124.477,3375.071,-710.431,-34.818,-94.891,-168.682,8.876,0.000,0
2026-01-29 12:28:53,498853,8161.103,417.375,-834.120,109.186,86.982,-194.054,8.804,0.000,0
2026-01-29 12:28:54,498893,8151.062,232.930,-656.854,-29.742,9.479,-147.085,8.709,0.000,0
2026-01-29 12:28:54,498933,8348.793,2544.819,-851.050,114.072,-236.951,139.164,8.742,0.000,0
2026-01-29 12:28:54,498973,7441.173,774.779,-568.760,-36.760,-40.726,211.410,8.674,0.000,1
2026-01-29 12:28:54,499013,8018.544,1627.528,-530.521,-35.135,21.938,-112.728,8.644,0.000,0
2026-01-29 12:28:54,499053,7769.432,2799.751,-456.663,-117.418,-76.734,-25.307,8.690,0.000,0
2026-01-29 12:28:54,499093,7787.963,1200.341,-548.809,40.193,-246.892,-24.248,8.662,0.000,0
2026-01-29 12:28:54,499133,7818.382,-960.529,-372.758,-80.396,-54.555,-35.463,8.505,0.000,0
2026-01-29 12:28:54,499173,8386.200,3415.516,-474.526,-58.060,14.921,296.820,8.588,0.000,0
2026-01-29 12:28:54,499213,8149.792,985.007,-632.132,252.943,-25.426,-169.595,8.541,0.000,0
2026-01-29 12:28:54,499253,7788.940,-213.451,-588.202,9.049,37.365,158.397,8.431,0.000,1
2026-01-29 12:28:54,499293,8016.177,1423.040,-776.258,-190.976,-91.285,50.753,8.422,0.000,0
2026-01-29 12:28:54,499333,8062.097,-332.678,-536.008,-182.622,28.229,150.156,8.300,0.000,0
2026-01-29 12:28:54,499373,7847.971,1096.724,-614.538,-300.054,33.772,68.966,8.262,0.000,0
2026-01-29 12:28:54,499413,8108.030,6262.373,-471.229,186.952,277.076,25.089,8.508,0.000,1
2026-01-29 12:28:54,499453,7879.251,-2227.132,-584.647,29.856,-1.557,5.380,8.262,0.000,0
2026-01-29 12:28:54,499493,7963.682,894.510,-791.996,-114.006,98.090,50.263,8.188,0.000,1
2026-01-29 12:28:54,499533,8099.007,4852.056,-527.694,-257.385,-147.560,102.599,8.361,0.000,0
2026-01-29 12:28:54,499573,8021.218,280.530,-573.835,-53.325,-4.843,204.573,8.269,0.000,0
2026-01-29 12:28:54,499613,8085.724,664.435,-481.639,19.186,-133.538,-295.254,8.186,0.000,0
2026-01-29 12:28:54,499653,7839.264,2470.436,-586.279,14.085,-73.126,-93.632,8.224,0.000,0
2026-01-29 12:28:54,499693,7926.480,2316.990,-682.944,88.975,-60.405,76.530,8.252,0.000,1
2026-01-29 12:28:54,499733,7786.957,-221.364,-542.140,-88.554,-77.371,-262.158,8.115,0.000,1
2026-01-29 12:28:54,499773,8076.655,2315.309,-462.796,158.924,185.642,377.135,8.144,0.000,0
2026-01-29 12:28:54,499813,7966.901,1864.697,-704.056,114.287,-340.023,182.372,8.147,0.000,0
2026-01-29 12:28:54,499853,8281.151,-1852.752,-604.528,169.371,-44.606,144.378,7.932,0.000,0
2026-01-29 12:28:55,499893,8111.669,3732.367,-720.078,85.683,-188.715,367.378,8.026,0.000,1
2026-01-29 12:28:55,499933,8224.145,-179.774,-908.782,-131.580,-47.605,127.709,7.912,0.000,1
2026-01-29 12:28:55,499973,8244.314,3107.395,-887.815,-139.555,-82.553,159.295,7.984,0.000,0
2026-01-29 12:28:55,500013,8246.378,1608.685,-911.876,-78.907,-214.090,133.324,7.979,0.000,0
2026-01-29 12:28:55,500053,7793.020,269.209,-588.699,93.310,-64.359,-151.586,7.877,0.000,0
2026-01-29 12:28:55,500093,8004.269,315.401,-333.082,64.435,168.049,-51.459,7.784,0.000,0
2026-01-29 12:28:55,500133,7943.841,2400.130,-534.675,-148.575,78.575,-165.263,7.820,0.000,0
2026-01-29 12:28:55,500173,7939.281,189.250,-891.284,-441.685,92.592,-20.119,7.722,0.000,1
2026-01-29 12:28:55,500213,8210.499,4841.435,-584.405,86.171,-245.575,-183.116,7.884,0.000,0
2026-01-29 12:28:55,500253,7910.840,-2008.116,-982.992,138.586,253.560,40.000,7.645,0.000,1
2026-01-29 12:28:55,500293,8240.323,3901.645,-705.506,199.345,138.039,-208.763,7.757,0.000,0
2026-01-29 12:28:55,500333,7865.910,-888.473,-604.264,63.462,120.879,83.213,7.605,0.000,0
2026-01-29 12:28:55,500373,7936.902,896.036,-704.008,32.499,-51.532,71.430,7.554,0.000,1
2026-01-29 12:28:55,500413,7937.842,2582.703,-647.550,-109.175,119.540,-61.293,7.597,0.000,1
2026-01-29 12:28:55,500453,8075.153,3304.658,-788.856,225.144,43.526,-125.220,7.672,0.000,0
2026-01-29 12:28:55,500493,7788.153,-484.277,-654.125,-52.435,116.743,-58.139,7.530,0.000,0
2026-01-29 12:28:55,500533,8071.382,617.070,-421.971,-26.044,65.160,-68.944,7.455,0.000,0
2026-01-29 12:28:55,500573,8004.800,3447.469,-594.204,76.584,200.918,-75.345,7.531,0.000,0
2026-01-29 12:28:55,500613,8348.298,-1410.026,-491.381,-20.042,111.926,-8.443,7.335,0.000,0
2026-01-29 12:28:55,500653,8118.695,2538.368,-545.454,24.498,-60.368,11.987,7.373,0.000,1
2026-01-29 12:28:55,500693,8384.142,4424.430,-809.334,-88.327,355.672,22.451,7.524,0.000,0
2026-01-29 12:28:55,500733,7610.621,-2326.082,-890.325,-70.845,-52.575,37.981,7.299,0.000,1
2026-01-29 12:28:55,500773,8061.522,1476.861,-557.159,94.675,282.343,1.399,7.263,0.000,1
2026-01-29 12:28:55,500813,7718.616,4850.862,-583.845,-4.544,-17.298,-188.779,7.432,0.000,0
2026-01-29 12:28:55,500853,8210.191,-1840.390,-655.262,81.475,-29.023,-20.163,7.201,0.000,0
2026-01-29 12:28:56,500893,8110.822,982.802,-609.975,-16.413,15.281,206.848,7.136,0.000,0
2026-01-29 12:28:56,500933,7846.105,750.451,-589.874,-78.040,-174.513,66.740,7.083,0.000,0
2026-01-29 12:28:56,500973,8260.429,4535.591,-269.204,-12.051,60.623,-287.000,7.241,0.000,1
2026-01-29 12:28:56,501013,7901.030,-1330.463,-486.017,-128.792,-36.840,260.839,7.052,0.000,1
2026-01-29 12:28:56,501053,8004.513,3182.827,-670.175,23.899,139.649,-116.800,7.124,0.000,1
2026-01-29 12:28:56,501093,8107.750,1250.014,-514.392,-217.173,-68.508,246.274,7.085,0.000,0
2026-01-29 12:28:56,501133,8138.364,765.250,-983.248,-19.862,-74.442,18.818,7.015,0.000,0
2026-01-29 12:28:56,501173,7923.116,837.691,-620.149,25.240,-13.597,146.269,6.955,0.000,0
2026-01-29 12:28:56,501213,7632.833,1466.483,-720.063,165.529,-170.502,84.601,6.938,0.000,1
2026-01-29 12:28:56,501253,7860.758,4075.941,-526.624,-34.748,114.693,96.749,7.045,0.000,0
2026-01-29 12:28:56,501293,7799.400,1671.108,-470.530,-69.378,128.469,-40.733,7.030,0.000,0
2026-01-29 12:28:56,501333,8193.287,-927.399,-668.746,218.712,32.397,-80.642,6.865,0.000,1
2026-01-29 12:28:56,501373,7956.373,3814.118,-232.740,-157.556,363.951,49.132,6.991,0.000,0
2026-01-29 12:28:56,501413,7986.080,-1532.203,-603.578,-271.806,-80.148,55.869,6.794,0.000,0
2026-01-29 12:28:56,501453,8289.581,2939.088,-662.153,68.323,174.348,24.085,6.870,0.000,1
2026-01-29 12:28:56,501493,7936.320,1078.988,-749.236,172.655,-13.826,116.407,6.833,0.000,0
2026-01-29 12:28:56,501533,7716.522,85.647,-522.040,68.481,12.043,162.453,6.737,0.000,0
2026-01-29 12:28:56,501573,8432.708,3220.832,-864.941,6.675,-80.149,-37.446,6.807,0.000,0
2026-01-29 12:28:56,501613,7886.915,1993.573,-618.076,37.670,19.505,71.941,6.807,0.000,0
2026-01-29 12:28:56,501653,7998.276,1824.914,-852.053,-125.940,124.434,-126.370,6.801,0.000,0
2026-01-29 12:28:56,501693,7986.327,-2281.743,-344.855,9.961,-53.902,39.632,6.561,0.000,0
2026-01-29 12:28:56,501733,7905.635,2325.551,-632.479,68.909,26.883,-116.411,6.592,0.000,1
2026-01-29 12:28:56,501773,7922.034,3906.677,-404.071,-52.205,12.513,2.255,6.702,0.000,0
2026-01-29 12:28:56,501813,7976.880,-3141.743,-846.447,-44.307,-123.073,-111.225,6.402,0.000,1
2026-01-29 12:28:56,501853,7877.294,3742.137,-493.381,57.456,-138.672,-94.559,6.505,0.000,0
2026-01-29 12:28:57,501893,7913.255,4081.682,-743.179,-242.114,-40.737,25.584,6.635,0.000,0
2026-01-29 12:28:57,501933,7941.757,-48.934,-817.402,15.404,93.167,-96.000,6.540,0.000,0
2026-01-29 12:28:57,501973,8125.075,1219.101,-450.094,-4.417,93.448,92.162,6.516,0.000,1
2026-01-29 12:28:57,502013,8012.622,-824.230,-423.478,89.375,251.674,92.679,6.347,0.000,0
2026-01-29 12:28:57,502053,8106.302,1255.185,-865.606,63.827,116.399,313.082,6.315,0.000,0
2026-01-29 12:28:57,502093,7983.566,1599.742,-494.533,-12.169,135.206,-117.541,6.276,0.000,0
2026-01-29 12:28:57,502133,8182.338,2312.473,-549.548,-94.568,37.205,-290.004,6.298,0.000,0
2026-01-29 12:28:57,502173,8070.788,2300.320,-448.493,126.897,68.081,52.950,6.349,0.000,0
2026-01-29 12:28:57,502213,8024.193,2190.575,-860.649,-53.462,-142.326,140.117,6.358,0.000,0
2026-01-29 12:28:57,502253,7953.228,-942.861,-682.647,148.121,-7.203,86.360,6.202,0.000,0
2026-01-29 12:28:57,502293,8176.041,-88.694,-677.652,-89.989,88.324,55.739,6.087,0.000,0
2026-01-29 12:28:57,502333,8154.024,3462.446,-923.514,-1.511,-108.644,-26.780,6.175,0.000,0
2026-01-29 12:28:57,502373,7910.320,1458.680,-588.364,224.976,126.488,63.031,6.168,0.000,0
2026-01-29 12:28:57,502413,8173.654,2987.295,-621.779,-99.662,-174.551,260.518,6.225,0.000,0
2026-01-29 12:28:57,502453,8055.657,147.272,-684.235,129.604,-37.532,-40.027,6.129,0.000,0
2026-01-29 12:28:57,502493,8116.575,406.932,-642.012,21.177,-161.133,-95.280,6.036,0.000,0
2026-01-29 12:28:57,502533,8068.502,2160.400,-335.783,-198.217,278.725,-20.696,6.059,0.000,0
2026-01-29 12:28:57,502573,7944.764,-1751.385,-587.042,-50.465,-68.678,-208.422,5.847,0.000,0
2026-01-29 12:28:57,502613,8240.935,2344.311,-801.867,-82.393,-10.172,125.599,5.890,0.000,0
2026-01-29 12:28:57,502653,8067.182,1070.716,-586.827,31.470,201.447,34.504,5.845,0.000,0
2026-01-29 12:28:57,502693,7837.717,3689.823,-381.220,-18.279,157.055,-356.051,5.939,0.000,0
2026-01-29 12:28:57,502733,8126.823,-1777.094,-772.432,1.512,158.013,-169.501,5.723,0.000,0
2026-01-29 12:28:57,502773,7987.978,6366.300,-304.709,-408.237,205.738,-88.570,5.966,0.000,0
2026-01-29 12:28:57,502813,7901.271,-2080.875,-423.733,-87.868,174.041,-59.964,5.736,0.000,1
2026-01-29 12:28:57,502853,7761.097,1630.130,-698.292,-124.639,90.289,-165.462,5.722,0.000,0
2026-01-29 12:28:58,502893,8146.509,1394.708,-664.194,52.862,135.490,8.403,5.689,0.000,0
2026-01-29 12:28:58,502933,7912.497,2635.996,-596.548,52.531,-25.428,32.264,5.738,0.000,0
2026-01-29 12:28:58,502973,8043.305,-202.476,-748.271,-85.161,-125.918,-18.200,5.623,0.000,0
2026-01-29 12:28:58,503013,8043.385,1206.313,-308.162,-97.207,-42.266,-3.868,5.578,0.000,1
2026-01-29 12:28:58,503053,7863.651,184.485,-519.673,68.994,132.884,196.354,5.482,0.000,0
2026-01-29 12:28:58,503093,7735.469,3924.649,-722.321,-36.677,71.722,-169.038,5.590,0.000,0
2026-01-29 12:28:58,503133,7985.481,-1522.898,-509.461,60.953,-7.821,242.502,5.408,0.000,0
2026-01-29 12:28:58,503173,8068.450,3230.168,-473.645,-38.006,-210.020,-281.287,5.475,0.000,0
2026-01-29 12:28:58,503213,7901.925,3611.577,-485.043,114.327,-305.953,140.313,5.587,0.000,0
2026-01-29 12:28:58,503253,7823.670,1386.251,-885.150,-116.406,-127.465,-102.256,5.555,0.000,0
2026-01-29 12:28:58,503293,8032.837,1221.087,-447.452,23.161,-105.514,-96.543,5.513,0.000,0
2026-01-29 12:28:58,503333,8091.070,1907.823,-832.626,-169.354,-63.087,-21.837,5.511,0.000,1
2026-01-29 12:28:58,503373,7829.694,-1648.243,-484.133,-316.979,-29.444,173.410,5.309,0.000,0
2026-01-29 12:28:58,503413,8248.650,4386.919,-761.398,260.946,-57.452,88.792,5.456,0.000,0
2026-01-29 12:28:58,503453,7986.904,1296.160,-624.643,-153.534,140.548,288.988,5.419,0.000,1
2026-01-29 12:28:58,503493,7718.436,-181.406,-885.244,175.593,208.919,183.000,5.298,0.000,1
2026-01-29 12:28:58,503533,8338.757,2577.493,-686.919,1.906,-38.291,-0.756,5.339,0.000,0
2026-01-29 12:28:58,503573,7938.802,-608.382,-533.782,-79.438,131.963,36.406,5.198,0.000,0
2026-01-29 12:28:58,503613,8009.738,-292.069,-254.675,127.626,-233.592,268.520,5.079,0.000,0
2026-01-29 12:28:58,503653,8105.854,5264.092,-359.411,-28.316,75.962,324.706,5.281,0.000,0
2026-01-29 12:28:58,503693,7884.064,-1088.850,-653.975,12.482,51.560,-14.000,5.100,0.000,0
2026-01-29 12:28:58,503733,8140.538,550.869,-783.473,192.080,31.887,45.126,5.026,0.000,0
2026-01-29 12:28:58,503773,7859.062,4804.927,-704.428,-31.464,183.619,-176.975,5.191,0.000,0
2026-01-29 12:28:58,503813,7955.607,565.220,-809.614,149.468,146.362,58.739,5.125,0.000,0
2026-01-29 12:28:58,503853,8057.156,686.469,-863.617,57.913,-189.902,-164.758,5.049,0.000,1
2026-01-29 12:28:59,503893,7899.927,1751.252,-779.900,-138.935,-167.961,-60.323,5.056,0.000,1
2026-01-29 12:28:59,503933,7894.291,-72.032,-524.009,100.397,64.937,131.022,4.942,0.000,0
2026-01-29 12:28:59,503973,7998.797,2867.784,-694.371,177.460,-24.030,131.382,4.998,0.000,1
2026-01-29 12:28:59,504013,7917.163,1060.327,-641.199,105.076,-18.993,-86.432,4.949,0.000,0
2026-01-29 12:28:59,504053,8165.598,1325.552,-489.487,-0.792,-64.890,-63.818,4.910,0.000,0
2026-01-29 12:28:59,504093,7915.900,-1537.719,-557.760,21.705,119.801,45.202,4.724,0.000,0
2026-01-29 12:28:59,504133,8147.459,3129.144,-676.718,41.022,125.125,-180.105,4.791,0.000,1
2026-01-29 12:28:59,504173,7991.182,1417.586,-692.152,160.817,75.318,-120.937,4.760,0.000,0
2026-01-29 12:28:59,504213,8361.527,-502.977,-807.622,70.904,-107.579,49.913,4.611,0.000,1
2026-01-29 12:28:59,504253,7710.329,1434.144,-609.850,-53.243,16.771,-62.018,4.578,0.000,0
2026-01-29 12:28:59,504293,7982.116,5188.537,-656.443,28.206,-212.504,29.819,4.765,0.000,1
2026-01-29 12:28:59,504333,8187.576,-2101.685,-454.140,57.962,-268.287,-379.459,4.535,0.000,0
2026-01-29 12:28:59,504373,8111.925,3497.687,-602.100,121.828,46.625,-150.919,4.620,0.000,0
2026-01-29 12:28:59,504413,7840.997,3697.879,-747.516,-70.974,-18.990,-136.928,4.706,0.000,1
2026-01-29 12:28:59,504453,8010.773,-500.461,-465.321,65.660,164.666,-180.449,4.574,0.000,0
2026-01-29 12:28:59,504493,8143.309,-399.632,-558.652,99.815,-109.359,147.993,4.452,0.000,0
2026-01-29 12:28:59,504533,8148.376,2747.330,-282.063,-131.773,48.768,-27.195,4.493,0.000,0
2026-01-29 12:28:59,504573,7987.371,318.175,-762.630,-133.041,-14.660,-4.524,4.389,0.000,0
2026-01-29 12:28:59,504613,7785.983,273.959,-506.225,-196.260,-265.363,196.181,4.295,0.000,0
2026-01-29 12:28:59,504653,7796.892,4434.517,-415.432,-51.294,-74.398,-87.277,4.456,0.000,0
2026-01-29 12:28:59,504693,8122.728,-2.648,-539.463,-20.475,91.811,-2.656,4.360,0.000,1
2026-01-29 12:28:59,504733,8214.975,3673.666,-548.024,-101.596,-20.183,-11.387,4.476,0.000,0
2026-01-29 12:28:59,504773,8073.128,-3112.713,-469.756,-28.158,-99.424,-16.699,4.174,0.000,0
2026-01-29 12:28:59,504813,7938.083,4843.412,-761.571,48.911,158.094,202.996,4.339,0.000,0
2026-01-29 12:28:59,504853,7903.903,587.243,-700.471,-68.988,143.171,-48.658,4.264,0.000,0
2026-01-29 12:29:00,504893,7949.851,2447.490,-502.564,-49.210,39.919,-234.211,4.304,0.000,0
2026-01-29 12:29:00,504933,8110.179,1607.182,-459.690,-123.907,145.995,80.080,4.294,0.000,0
2026-01-29 12:29:00,504973,8109.049,-2451.462,-647.417,-87.262,53.412,-115.696,4.044,0.000,0
2026-01-29 12:29:00,505013,7730.267,2834.173,-725.850,4.512,-29.424,166.001,4.087,0.000,0
2026-01-29 12:29:00,505053,7707.802,3621.003,-661.345,22.216,118.726,-135.015,4.189,0.000,1
2026-01-29 12:29:00,505093,7952.676,-112.123,-467.987,129.520,117.739,136.168,4.075,0.000,0
2026-01-29 12:29:00,505133,8349.664,-1325.613,-711.264,4.147,154.844,-141.054,3.895,0.000,1
2026-01-29 12:29:00,505173,8038.021,2327.674,-685.932,84.666,-64.744,-109.731,3.919,0.000,0
2026-01-29 12:29:00,505213,7902.137,2810.878,-641.613,-188.024,-186.911,192.650,3.978,0.000,0
2026-01-29 12:29:00,505253,8001.875,166.795,-418.958,11.740,24.347,320.567,3.892,0.000,0
2026-01-29 12:29:00,505293,7999.799,3477.868,-264.151,-34.256,-139.487,-77.894,3.991,0.000,1
2026-01-29 12:29:00,505333,8109.886,471.767,-547.157,-59.157,-21.455,-132.157,3.904,0.000,0
2026-01-29 12:29:00,505373,7947.916,3136.641,-816.287,-37.290,-47.883,-85.370,3.984,0.000,0
2026-01-29 12:29:00,505413,8159.204,-814.393,-377.885,-242.102,70.380,-129.468,3.834,0.000,1
2026-01-29 12:29:00,505453,8056.222,807.053,-607.677,-23.309,71.132,-234.351,3.765,0.000,0
2026-01-29 12:29:00,505493,7843.513,3991.209,-769.879,-167.317,225.256,-349.233,3.875,0.000,0
2026-01-29 12:29:00,505533,7782.683,-443.354,-554.344,-39.894,78.775,103.844,3.738,0.000,0
2026-01-29 12:29:00,505573,8110.091,1438.762,-636.895,-71.753,168.510,108.467,3.713,0.000,1
2026-01-29 12:29:00,505613,8128.015,-1381.430,-230.848,-322.290,-62.064,29.157,3.524,0.000,0
2026-01-29 12:29:00,505653,8029.781,6072.990,-599.393,19.512,77.588,123.574,3.769,0.000,0
2026-01-29 12:29:00,505693,8034.243,-1927.775,-478.496,97.443,57.050,205.451,3.540,0.000,0
2026-01-29 12:29:00,505733,8103.017,1015.827,-580.054,-177.307,-56.303,22.134,3.471,0.000,0
2026-01-29 12:29:00,505773,8337.015,1374.785,-529.253,-144.238,-138.652,-115.124,3.439,0.000,0
2026-01-29 12:29:00,505813,7863.074,4310.035,-620.475,98.557,-87.315,-95.204,3.576,0.000,0
2026-01-29 12:29:00,505853,8138.122,1366.627,-826.553,-175.991,-151.786,5.609,3.541,0.000,1
2026-01-29 12:29:01,505893,8038.342,12.104,-454.623,-74.069,53.178,141.614,3.436,0.000,0
2026-01-29 12:29:01,505933,7869.653,-306.917,-588.927,-175.613,-71.874,-17.213,3.312,0.000,0
2026-01-29 12:29:01,505973,8043.537,780.399,-871.607,-60.273,46.015,-335.587,3.263,0.000,0
2026-01-29 12:29:01,506013,8055.847,6264.438,-844.732,4.972,-200.337,152.185,3.513,0.000,0
2026-01-29 12:29:01,506053,7881.716,-1533.758,-493.071,109.190,5.150,-102.427,3.318,0.000,1
2026-01-29 12:29:01,506093,7821.322,4066.143,-783.718,-0.786,-129.029,-179.966,3.434,0.000,1
2026-01-29 12:29:01,506133,8025.596,-1217.792,-664.788,-322.612,-368.797,-258.371,3.249,0.000,0
2026-01-29 12:29:01,506173,8076.364,1388.017,-972.449,33.677,-151.706,91.498,3.221,0.000,0
2026-01-29 12:29:01,506213,7838.952,1818.504,-668.149,69.746,4.521,102.129,3.205,0.000,0
2026-01-29 12:29:01,506253,7971.014,-1083.220,-708.798,12.316,2.312,43.009,3.042,0.000,0
2026-01-29 12:29:01,506293,7759.585,2892.760,-511.914,217.322,-134.086,185.156,3.106,0.000,0
2026-01-29 12:29:01,506333,7956.900,128.883,-433.165,84.098,-6.663,100.729,3.013,0.000,0
2026-01-29 12:29:01,506373,7791.646,1575.759,-501.542,315.097,40.912,147.014,2.989,0.000,0
2026-01-29 12:29:01,506413,7828.284,5308.349,-688.410,108.502,-20.528,-217.823,3.186,0.000,0
2026-01-29 12:29:01,506453,8097.126,-1856.995,-480.778,-49.474,-193.838,-192.343,2.978,0.000,0
2026-01-29 12:29:01,506493,8294.759,2829.796,-228.387,160.667,-32.850,-38.651,3.032,0.000,0
2026-01-29 12:29:01,506533,7897.725,332.554,-775.843,92.654,-179.763,-90.200,2.961,0.000,0
2026-01-29 12:29:01,506573,7854.362,516.924,-483.724,15.943,-31.304,-58.185,2.910,0.000,0
2026-01-29 12:29:01,506613,7964.683,4242.364,-889.346,-156.950,-121.095,-1.982,3.039,0.000,0
2026-01-29 12:29:01,506653,7915.329,-3370.367,-587.842,66.350,-137.154,-18.095,2.744,0.000,1
2026-01-29 12:29:01,506693,7919.984,6054.297,-524.714,47.920,97.375,-152.793,2.985,0.000,1
2026-01-29 12:29:01,506733,8039.876,718.884,-683.641,-111.664,29.920,-107.080,2.925,0.000,0
2026-01-29 12:29:01,506773,7923.061,-1788.216,-528.608,158.142,46.641,-36.460,2.713,0.000,0
2026-01-29 12:29:01,506813,7800.186,4926.611,-523.758,74.444,204.976,-93.148,2.876,0.000,0
2026-01-29 12:29:01,506853,8213.612,-744.272,-646.083,-111.854,-17.860,-79.571,2.737,0.000,0
2026-01-29 12:29:02,506893,7688.509,-87.624,-657.619,127.128,3.557,296.958,2.617,0.000,0
2026-01-29 12:29:02,506933,7998.476,1389.008,-831.589,228.109,-292.882,-182.516,2.599,0.000,1
2026-01-29 12:29:02,506973,8052.708,155.838,-470.745,303.510,57.802,226.039,2.495,0.000,0
2026-01-29 12:29:02,507013,8038.733,6328.186,-563.001,219.163,-122.848,-60.443,2.751,0.000,0
2026-01-29 12:29:02,507053,7807.694,1241.077,-669.052,111.573,55.592,-22.065,2.704,0.000,1
2026-01-29 12:29:02,507093,8006.516,-366.004,-440.963,-56.696,49.981,-94.571,2.553,0.000,0
2026-01-29 12:29:02,507133,8078.245,3491.847,-626.867,-305.653,183.511,-30.645,2.644,0.000,1
2026-01-29 12:29:02,507173,8159.514,1404.432,-459.239,149.508,-129.969,-103.515,2.621,0.000,0
2026-01-29 12:29:02,507213,7766.409,-15.542,-397.102,-9.676,172.906,-64.229,2.505,0.000,1
2026-01-29 12:29:02,507253,7983.934,1442.389,-797.212,122.799,185.850,102.340,2.479,0.000,0
2026-01-29 12:29:02,507293,8016.660,-2091.129,-678.949,-152.922,-190.067,250.195,2.246,0.000,0
2026-01-29 12:29:02,507333,8167.619,2940.729,-627.096,27.072,-5.140,-51.506,2.303,0.000,0
2026-01-29 12:29:02,507373,7882.424,3340.299,-716.238,17.089,187.239,-214.890,2.379,0.000,0
2026-01-29 12:29:02,507413,7904.911,2665.083,-636.590,193.081,-8.575,-26.357,2.439,0.000,0
2026-01-29 12:29:02,507453,8070.281,-1963.462,-646.680,196.886,-73.241,80.851,2.221,0.000,0
2026-01-29 12:29:02,507493,7920.930,2669.847,-545.106,-132.410,-46.204,-41.307,2.250,0.000,0
2026-01-29 12:29:02,507533,7955.251,-648.936,-508.158,-125.392,-36.603,-243.801,2.112,0.000,0
2026-01-29 12:29:02,507573,8158.242,6074.117,-649.721,-1.061,146.424,-250.770,2.330,0.000,0
2026-01-29 12:29:02,507613,7930.282,-1988.497,-836.484,274.524,-285.232,17.723,2.109,0.000,0
2026-01-29 12:29:02,507653,8144.613,4856.003,-597.882,200.791,192.199,150.868,2.263,0.000,0
2026-01-29 12:29:02,507693,7932.169,1363.923,-633.985,82.275,148.379,-187.508,2.222,0.000,0
2026-01-29 12:29:02,507733,7840.338,-438.722,-667.933,-139.373,207.534,-122.572,2.075,0.000,0
2026-01-29 12:29:02,507773,7936.072,795.221,-873.584,-59.838,277.750,-225.575,1.996,0.000,1
2026-01-29 12:29:02,507813,7603.162,2253.422,-150.582,79.080,54.499,-132.206,2.007,0.000,0
2026-01-29 12:29:02,507853,7878.029,2915.151,-558.875,-221.153,151.027,114.578,2.067,0.000,0
2026-01-29 12:29:03,507893,7849.988,720.547,-515.640,-13.191,-21.943,-181.625,2.008,0.000,0
2026-01-29 12:29:03,507933,8001.693,-1754.631,-520.294,-72.565,-66.120,131.070,1.800,0.000,0
2026-01-29 12:29:03,507973,7841.942,1143.797,-512.867,164.628,-18.057,-145.203,1.755,0.000,0
2026-01-29 12:29:03,508013,8099.947,3576.635,-634.866,2.140,119.135,44.078,1.840,0.000,0
2026-01-29 12:29:03,508053,7990.858,-592.083,-922.040,116.108,281.384,167.468,1.709,0.000,0
2026-01-29 12:29:03,508093,7876.012,4810.917,-501.644,-101.140,-5.504,-180.972,1.864,0.000,0
2026-01-29 12:29:03,508133,7874.232,-2032.998,-649.257,-80.677,48.185,-24.179,1.640,0.000,0
2026-01-29 12:29:03,508173,8184.524,2590.053,-549.725,-135.391,-141.033,-137.324,1.679,0.000,0
2026-01-29 12:29:03,508213,8171.418,3894.127,-612.353,-39.697,-77.007,32.861,1.791,0.000,0
2026-01-29 12:29:03,508253,7949.557,-577.038,-678.647,-49.864,49.435,-91.701,1.654,0.000,0
2026-01-29 12:29:03,508293,7996.519,2097.517,-540.076,-235.592,-31.789,224.901,1.677,0.000,0
2026-01-29 12:29:03,508333,8013.581,780.059,-370.938,60.338,-48.210,41.792,1.617,0.000,0
2026-01-29 12:29:03,508373,8095.527,150.419,-818.303,-15.700,-19.479,40.754,1.517,0.000,0
2026-01-29 12:29:03,508413,8087.811,3524.526,-735.302,183.847,-81.436,70.903,1.620,0.000,0
2026-01-29 12:29:03,508453,7949.008,-927.011,-637.852,167.112,-29.369,35.750,1.464,0.000,1
2026-01-29 12:29:03,508493,7789.758,4384.162,-748.153,-197.344,92.844,-380.811,1.625,0.000,1
2026-01-29 12:29:03,508533,8121.506,-569.893,-380.297,59.509,67.914,161.890,1.476,0.000,0
2026-01-29 12:29:03,508573,8103.720,602.892,-656.722,-42.102,-207.064,-417.538,1.399,0.000,0
2026-01-29 12:29:03,508613,8105.571,4053.983,-791.389,-75.771,53.965,41.064,1.516,0.000,1
2026-01-29 12:29:03,508653,8207.154,-753.152,-816.004,-300.565,-131.813,1.092,1.365,0.000,0
2026-01-29 12:29:03,508693,7912.911,2805.919,-876.125,62.190,18.966,-136.756,1.416,0.000,0
2026-01-29 12:29:03,508733,8024.099,-1944.591,-527.411,148.541,-52.127,352.651,1.204,0.000,0
2026-01-29 12:29:03,508773,8255.180,3757.138,-448.413,-94.000,-49.194,-202.253,1.310,0.000,0
2026-01-29 12:29:03,508813,7981.989,1296.945,-885.497,72.717,-170.748,106.319,1.271,0.000,0
2026-01-29 12:29:03,508853,7767.764,1308.329,-469.596,-96.934,-13.901,27.829,1.245,0.000,0
2026-01-29 12:29:04,508893,8054.191,2311.096,-680.613,-97.031,-85.284,-8.001,1.258,0.000,0
2026-01-29 12:29:04,508933,7946.674,-904.163,-571.856,2.122,69.147,379.998,1.090,0.000,0
2026-01-29 12:29:04,508973,7719.666,655.369,-806.627,13.780,-168.888,-16.961,1.003,0.000,0
2026-01-29 12:29:04,509013,8139.733,3779.244,-576.071,-167.319,-95.307,-19.812,1.116,0.000,1
2026-01-29 12:29:04,509053,8132.920,-777.860,-610.593,48.314,-1.504,201.125,0.968,0.000,0
2026-01-29 12:29:04,509093,7686.299,660.859,-654.293,-63.834,-110.919,27.445,0.903,0.000,1
2026-01-29 12:29:04,509133,7823.660,1194.435,-650.648,-93.497,62.061,174.623,0.869,0.000,1
2026-01-29 12:29:04,509173,8123.746,3000.676,-663.422,98.147,86.078,-119.026,0.945,0.000,0
2026-01-29 12:29:04,509213,7896.275,-209.199,-283.196,164.111,-76.805,57.552,0.813,0.000,0
2026-01-29 12:29:04,509253,8127.976,3935.293,-600.231,255.020,-94.232,105.042,0.926,0.000,0
2026-01-29 12:29:04,509293,8256.281,2434.950,-587.288,57.131,-165.533,-129.569,0.939,0.000,1
2026-01-29 12:29:04,509333,7834.758,-1818.479,-212.079,-11.550,-459.333,-62.247,0.721,0.000,0
2026-01-29 12:29:04,509373,7916.318,3207.607,-745.118,-3.083,181.342,19.889,0.809,0.000,1
2026-01-29 12:29:04,509413,8162.820,-309.784,-569.441,120.458,-227.554,141.443,0.682,0.000,1
2026-01-29 12:29:04,509453,7714.040,5139.608,-773.213,126.932,-221.145,-3.228,0.864,0.000,0
2026-01-29 12:29:04,509493,8029.297,1022.530,-212.659,-4.987,72.551,-30.995,0.824,0.000,0
2026-01-29 12:29:04,509533,7835.249,-401.013,-558.782,173.413,304.973,262.464,0.667,0.000,0
2026-01-29 12:29:04,509573,8276.209,593.560,-873.458,162.851,-119.179,17.400,0.605,0.000,1
2026-01-29 12:29:04,509613,7763.304,5002.437,-557.301,123.855,-305.328,118.267,0.785,0.000,0
2026-01-29 12:29:04,509653,8046.965,-2224.274,-569.598,93.332,-27.887,-106.448,0.551,0.000,0
2026-01-29 12:29:04,509693,8072.097,3128.713,-638.833,-202.973,-37.521,217.661,0.604,0.000,0
2026-01-29 12:29:04,509733,8237.704,331.913,-744.573,228.344,-149.195,-103.618,0.520,0.000,0
2026-01-29 12:29:04,509773,7998.795,1362.014,-597.953,4.877,-76.154,-116.950,0.489,0.000,0
2026-01-29 12:29:04,509813,7964.337,3677.152,-471.553,-144.911,21.426,119.467,0.599,0.000,0
2026-01-29 12:29:04,509853,8116.217,-2097.742,-527.875,12.891,-42.325,23.260,0.367,0.000,0
2026-01-29 12:29:05,509893,8101.661,732.963,-529.307,120.449,84.760,40.900,0.295,0.000,1
2026-01-29 12:29:05,509933,8098.411,4828.691,-617.701,-39.132,95.320,23.205,0.462,0.000,0
2026-01-29 12:29:05,509973,8112.733,796.525,-642.115,185.078,168.743,-10.283,0.403,0.000,0
2026-01-29 12:29:05,510013,8129.286,1972.211,-647.133,157.807,16.252,-11.848,0.406,0.000,0
2026-01-29 12:29:05,510053,7922.690,-1311.215,-542.321,59.237,-56.551,-20.359,0.217,0.000,0
2026-01-29 12:29:05,510093,8077.269,654.724,-512.511,-43.823,25.075,-43.297,0.154,0.000,0
2026-01-29 12:29:05,510133,7981.175,1768.587,-583.040,-48.760,39.386,33.077,0.150,0.000,0
2026-01-29 12:29:05,510173,7938.631,3873.102,-542.207,92.563,49.850,-68.807,0.260,0.000,0
2026-01-29 12:29:05,510213,7988.992,1184.152,-512.641,-58.371,117.063,-55.423,0.216,0.000,0
2026-01-29 12:29:05,510253,8047.878,539.074,-734.079,107.012,105.626,189.958,0.140,0.000,0
2026-01-29 12:29:05,510293,8024.320,1737.909,-405.341,40.633,162.072,21.127,0.126,0.000,0
2026-01-29 12:29:05,510333,8092.820,3660.894,-647.743,24.357,-28.925,-0.485,0.225,0.000,0
2026-01-29 12:29:05,510373,7986.766,-653.491,-517.611,-42.084,-44.814,27.227,0.080,0.000,0
2026-01-29 12:29:05,510413,7980.729,565.894,-594.375,124.881,28.739,8.370,0.000,0.000,0
2026-01-29 12:29:05,510453,7995.041,3243.141,-549.221,75.012,9.812,-8.606,0.073,0.000,0
2026-01-29 12:29:05,510493,8102.978,2241.344,-611.044,92.879,-41.723,-61.498,0.093,0.000,1
2026-01-29 12:29:05,510533,8078.567,252.572,-598.406,37.395,-77.245,22.603,0.000,0.000,0
2026-01-29 12:29:05,510573,7903.906,1921.251,-611.803,67.610,-0.787,133.971,0.000,0.000,0
2026-01-29 12:29:05,510613,8032.104,2248.879,-629.242,-7.479,8.551,97.015,0.027,0.000,0
2026-01-29 12:29:05,510653,8043.768,1453.979,-665.808,-44.606,97.361,58.144,0.000,0.000,1
2026-01-29 12:29:05,510693,8041.258,1933.042,-781.750,21.680,145.815,-34.907,0.000,0.000,0
2026-01-29 12:29:05,510733,7809.524,1836.262,-595.560,113.655,11.810,-9.700,0.000,0.000,1
2026-01-29 12:29:05,510773,7992.439,1990.638,-625.084,12.260,8.899,64.625,0.000,0.000,1
2026-01-29 12:29:05,510813,8133.174,1960.171,-686.466,-60.018,73.078,138.597,0.000,0.000,1
2026-01-29 12:29:05,510853,7998.073,4271.970,-548.731,5.644,24.769,-46.226,0.134,0.000,0
2026-01-29 12:29:06,510893,7964.386,947.624,-659.268,-65.474,11.663,47.529,0.072,0.000,0
2026-01-29 12:29:06,510933,7887.836,668.862,-493.429,211.173,52.514,-191.486,0.000,0.000,0
2026-01-29 12:29:06,510973,7923.002,2097.713,-564.284,-79.439,71.891,6.033,0.013,0.000,0
2026-01-29 12:29:06,511013,7788.839,4534.006,-657.053,-38.623,91.107,152.083,0.165,0.000,0
2026-01-29 12:29:06,511053,8015.269,668.691,-645.945,0.845,-39.235,91.466,0.087,0.000,1
2026-01-29 12:29:06,511093,8015.677,594.718,-564.263,-123.912,-157.654,-95.946,0.005,0.000,0
2026-01-29 12:29:06,511133,7939.093,3121.673,-694.665,-66.593,-67.313,-28.078,0.079,0.000,0
2026-01-29 12:29:06,511173,7818.551,603.540,-552.293,-15.891,84.025,-102.231,0.000,0.000,0
2026-01-29 12:29:06,511213,8053.041,1835.229,-578.308,-113.867,-14.114,-26.759,0.000,0.000,0
2026-01-29 12:29:06,511253,7904.496,1933.354,-623.550,-38.761,73.316,3.305,0.000,0.000,0
2026-01-29 12:29:06,511293,8105.195,3619.293,-543.882,-44.370,74.326,-95.611,0.101,0.000,1
2026-01-29 12:29:06,511333,8048.579,-3.104,-533.198,29.953,82.717,-3.558,0.000,0.000,0
2026-01-29 12:29:06,511373,8220.965,1832.802,-600.020,25.101,-96.764,-57.323,0.000,0.000,0
2026-01-29 12:29:06,511413,8003.733,2521.882,-519.735,43.147,164.450,-12.452,0.042,0.000,0
2026-01-29 12:29:06,511453,8019.841,2984.608,-507.367,184.379,10.084,-2.913,0.103,0.000,1
2026-01-29 12:29:06,511493,7821.559,31.768,-741.939,1.386,-3.294,63.174,0.000,0.000,0
2026-01-29 12:29:06,511533,8073.578,5124.158,-622.547,-195.292,0.584,44.110,0.177,0.000,0
2026-01-29 12:29:06,511573,8047.209,-1285.371,-551.206,-16.749,27.805,-140.717,0.000,0.000,0
2026-01-29 12:29:06,511613,8068.923,1924.007,-628.029,-49.989,-5.219,-94.550,0.000,0.000,0
2026-01-29 12:29:06,511653,8101.006,5053.846,-598.355,3.869,139.922,-151.582,0.189,0.000,0
2026-01-29 12:29:06,511693,7913.850,1680.309,-464.157,141.378,-19.820,-35.099,0.172,0.000,0
2026-01-29 12:29:06,511733,8084.384,-1215.708,-456.127,49.021,-34.256,66.122,0.000,0.000,1
2026-01-29 12:29:06,511773,7925.801,1855.839,-545.745,-8.072,117.969,-26.596,0.000,0.000,1
2026-01-29 12:29:06,511813,7884.935,1854.889,-678.007,48.754,-105.444,3.128,0.000,0.000,0
2026-01-29 12:29:06,511853,7721.029,1944.236,-638.059,152.766,-42.547,178.702,0.000,0.000,1
2026-01-29 12:29:07,511893,7978.056,1907.210,-548.268,-107.201,34.270,21.425,0.000,0.000,1
2026-01-29 12:29:07,511933,7882.976,1737.033,-503.785,-16.448,44.815,-13.438,0.000,0.000,0
2026-01-29 12:29:07,511973,8093.821,4405.944,-550.594,-27.370,-69.740,59.143,0.150,0.000,1
2026-01-29 12:29:07,512013,7935.507,1118.129,-461.868,-92.406,-57.261,78.262,0.110,0.000,0
2026-01-29 12:29:07,512053,7982.194,981.355,-632.819,15.443,118.072,35.821,0.052,0.000,1
2026-01-29 12:29:07,512093,8017.036,922.212,-632.996,74.006,93.106,52.800,0.000,0.000,1
2026-01-29 12:29:07,512133,8183.768,4073.895,-639.468,-61.721,-0.402,91.960,0.128,0.000,0
2026-01-29 12:29:07,512173,8120.164,1583.943,-428.143,89.193,5.877,84.208,0.110,0.000,0
2026-01-29 12:29:07,512213,8056.498,10.681,-610.939,57.650,46.584,-93.775,0.000,0.000,1
2026-01-29 12:29:07,512253,7932.271,5249.616,-662.488,-67.834,57.552,9.497,0.193,0.000,1
2026-01-29 12:29:07,512293,8015.885,-1380.121,-732.366,-94.890,-79.600,-10.472,0.000,0.000,0
2026-01-29 12:29:07,512333,8077.273,1869.431,-530.855,40.139,-9.932,71.820,0.000,0.000,0
2026-01-29 12:29:07,512373,7944.921,3756.166,-685.511,101.251,-25.775,34.807,0.107,0.000,0
2026-01-29 12:29:07,512413,8042.929,1475.688,-540.555,-30.761,-52.947,35.726,0.086,0.000,0
2026-01-29 12:29:07,512453,8101.015,331.923,-704.682,-71.983,31.828,-102.958,0.000,0.000,0
2026-01-29 12:29:07,512493,7993.911,1961.563,-664.149,-33.023,-68.562,33.118,0.000,0.000,0
2026-01-29 12:29:07,512533,8016.078,2045.234,-580.486,-10.547,-18.196,18.606,0.000,0.000,0
2026-01-29 12:29:07,512573,8037.947,1917.624,-606.993,57.720,50.144,-73.959,0.000,0.000,0
2026-01-29 12:29:07,512613,7911.599,4898.491,-675.565,73.241,-2.763,27.322,0.174,0.000,0
2026-01-29 12:29:07,512653,7990.468,-1216.095,-514.900,42.569,-47.139,-32.369,0.000,0.000,0
2026-01-29 12:29:07,512693,8037.895,4307.975,-579.857,54.014,-0.924,60.840,0.138,0.000,1
2026-01-29 12:29:07,512733,7892.785,-472.118,-481.584,32.541,-47.405,-17.097,0.000,0.000,0
2026-01-29 12:29:07,512773,7947.741,1817.166,-752.358,12.382,60.194,-20.815,0.000,0.000,0
2026-01-29 12:29:07,512813,8015.589,1940.262,-644.899,42.127,39.399,83.204,0.000,0.000,0
2026-01-29 12:29:07,512853,7955.479,2941.846,-527.628,-72.235,-177.396,-48.120,0.069,0.000,0
2026-01-29 12:29:08,512893,7896.864,562.234,-634.710,43.467,27.905,24.763,0.000,0.000,0
2026-01-29 12:29:08,512933,8099.716,3025.366,-753.331,-120.741,46.761,-47.038,0.060,0.000,0
2026-01-29 12:29:08,512973,7999.362,1540.302,-578.990,15.929,-112.437,61.399,0.033,0.000,0
2026-01-29 12:29:08,513013,7975.133,1200.431,-519.875,26.382,86.730,190.370,0.000,0.000,0
2026-01-29 12:29:08,513053,7923.007,1829.836,-527.402,-45.026,5.731,111.238,0.000,0.000,0
2026-01-29 12:29:08,513093,7854.066,1750.190,-455.870,-60.610,31.536,84.227,0.000,0.000,1
2026-01-29 12:29:08,513133,8023.229,5384.613,-672.957,-79.772,21.637,-3.804,0.199,0.000,1
2026-01-29 12:29:08,513173,8021.249,-267.017,-639.915,-15.545,65.299,32.015,0.078,0.000,1
2026-01-29 12:29:08,513213,8080.331,633.921,-692.277,-194.522,-78.511,-43.561,0.000,0.000,0
2026-01-29 12:29:08,513253,8116.064,1919.933,-501.079,-0.320,73.323,-75.185,0.000,0.000,0
2026-01-29 12:29:08,513293,7880.024,2992.541,-634.126,2.146,-153.491,80.697,0.068,0.000,0
2026-01-29 12:29:08,513333,7936.254,1083.610,-529.982,48.820,71.617,-49.644,0.021,0.000,1
2026-01-29 12:29:08,513373,8092.554,3103.519,-633.268,-30.267,89.347,90.240,0.091,0.000,0
2026-01-29 12:29:08,513413,8154.870,455.752,-719.213,20.141,-109.632,66.909,0.000,0.000,0
2026-01-29 12:29:08,513453,7992.747,1895.811,-526.029,-49.281,137.510,-53.648,0.000,0.000,0
2026-01-29 12:29:08,513493,8036.920,1930.425,-710.462,52.215,-87.036,-0.358,0.000,0.000,0
2026-01-29 12:29:08,513533,7991.430,3753.125,-613.051,134.058,112.971,-9.261,0.112,0.000,0
2026-01-29 12:29:08,513573,8069.492,1983.336,-590.580,58.610,-130.666,-108.883,0.103,0.000,0
2026-01-29 12:29:08,513613,7964.025,3526.214,-665.565,173.790,42.935,32.485,0.193,0.000,0
2026-01-29 12:29:08,513653,8070.601,201.027,-620.059,-33.530,-10.081,59.264,0.088,0.000,0
2026-01-29 12:29:08,513693,8086.631,1198.956,-451.473,205.859,30.946,126.194,0.043,0.000,0
2026-01-29 12:29:08,513733,7973.289,1317.612,-408.053,-68.668,14.243,115.134,0.000,0.000,0
2026-01-29 12:29:08,513773,7936.762,1896.926,-513.697,-62.216,24.020,-8.199,0.000,0.000,0
2026-01-29 12:29:08,513813,8025.128,3713.009,-554.085,27.714,79.823,-56.434,0.105,0.000,0
2026-01-29 12:29:08,513853,7841.492,40.656,-576.129,-61.165,-85.051,76.624,0.000,0.000,0
2026-01-29 12:29:09,513893,8024.928,2629.916,-462.950,-159.458,-107.141,22.518,0.036,0.000,0
2026-01-29 12:29:09,513933,7970.127,2532.123,-714.760,-107.884,-56.179,-59.429,0.066,0.000,0
2026-01-29 12:29:09,513973,8076.673,688.445,-697.514,79.412,-168.004,3.769,0.000,0.000,0
2026-01-29 12:29:09,514013,7972.809,2994.895,-683.694,46.935,18.677,16.623,0.056,0.000,0
2026-01-29 12:29:09,514053,8078.720,871.481,-582.333,-10.521,5.655,51.075,0.000,0.000,0
2026-01-29 12:29:09,514093,7820.644,3604.736,-595.540,63.852,8.423,-123.291,0.099,0.000,0
2026-01-29 12:29:09,514133,7950.553,204.003,-629.464,-40.991,-4.328,-34.908,0.000,0.000,0
2026-01-29 12:29:09,514173,7939.005,3895.621,-632.644,33.024,211.296,-78.300,0.114,0.000,0
2026-01-29 12:29:09,514213,7995.971,-176.544,-520.515,86.912,25.930,-41.874,0.000,0.000,1
2026-01-29 12:29:09,514253,8153.431,2052.492,-492.430,-202.804,14.345,25.445,0.007,0.000,0
2026-01-29 12:29:09,514293,7980.538,1694.044,-481.063,-63.610,-32.103,4.139,0.000,0.000,0
2026-01-29 12:29:09,514333,7974.031,4776.677,-429.977,-35.068,-12.505,12.948,0.171,0.000,1
2026-01-29 12:29:09,514373,7919.819,-1117.609,-785.258,6.052,-67.970,-5.385,0.000,0.000,0
2026-01-29 12:29:09,514413,7925.166,2971.094,-461.362,-59.833,-3.748,18.139,0.063,0.000,0
2026-01-29 12:29:09,514453,8097.939,1065.473,-418.247,-26.230,22.501,160.072,0.014,0.000,0
2026-01-29 12:29:09,514493,8105.562,3562.552,-688.440,41.954,-44.243,8.202,0.114,0.000,0
2026-01-29 12:29:09,514533,8044.050,3263.217,-588.798,75.260,6.981,27.455,0.186,0.000,0
2026-01-29 12:29:09,514573,8071.258,-1263.377,-419.445,-13.210,91.615,16.945,0.000,0.000,0
2026-01-29 12:29:09,514613,7987.935,1762.733,-711.210,-10.646,-51.208,-79.559,0.000,0.000,0
2026-01-29 12:29:09,514653,7916.324,1963.442,-653.219,-27.337,74.911,29.206,0.000,0.000,1
2026-01-29 12:29:09,514693,8052.809,2902.411,-707.401,138.574,85.015,59.523,0.062,0.000,0
2026-01-29 12:29:09,514733,8178.675,1641.562,-450.933,-109.693,74.047,28.206,0.042,0.000,1
2026-01-29 12:29:09,514773,7952.623,3658.889,-589.041,-191.388,-20.052,80.636,0.137,0.000,0
2026-01-29 12:29:09,514813,7983.293,-469.893,-508.902,65.675,-82.209,149.168,0.000,0.000,0
2026-01-29 12:29:09,514853,7810.114,4472.606,-569.148,15.780,-3.311,7.243,0.143,0.000,1
2026-01-29 12:29:10,514893,8044.415,2712.561,-584.966,-19.832,-92.289,4.187,0.188,0.000,0
2026-01-29 12:29:10,514933,8008.878,-1481.522,-583.179,-31.196,32.702,-72.739,0.000,0.000,1
2026-01-29 12:29:10,514973,8178.143,4775.239,-557.495,50.030,-116.552,131.811,0.160,0.000,0
2026-01-29 12:29:10,515013,8086.949,1569.226,-575.166,-26.976,-48.347,48.682,0.138,0.000,0
2026-01-29 12:29:10,515053,8032.651,405.217,-594.968,22.188,116.986,14.370,0.061,0.000,0
2026-01-29 12:29:10,515093,8018.063,777.608,-657.206,21.146,108.432,-28.495,0.000,0.000,0
2026-01-29 12:29:10,515133,7870.087,3212.656,-577.236,32.910,119.824,98.153,0.076,0.000,0
2026-01-29 12:29:10,515173,7958.228,462.331,-634.235,14.356,50.135,2.961,0.000,0.000,0
2026-01-29 12:29:10,515213,8004.048,1800.278,-733.419,-67.960,40.586,-3.901,0.000,0.000,0
2026-01-29 12:29:10,515253,7990.066,1908.069,-723.936,-8.913,-11.030,-18.243,0.000,0.000,0
2026-01-29 12:29:10,515293,8158.138,3531.330,-758.889,-86.074,-91.290,59.463,0.103,0.000,0
2026-01-29 12:29:10,515333,8024.416,3086.488,-456.791,-92.128,-148.977,-30.476,0.177,0.000,0
2026-01-29 12:29:10,515373,8077.685,-1221.617,-477.389,-160.950,-48.305,-15.408,0.002,0.000,0
2026-01-29 12:29:10,515413,7932.943,1932.523,-502.221,74.681,37.851,78.604,0.000,0.000,0
2026-01-29 12:29:10,515453,7897.949,2642.215,-591.638,-1.117,7.311,47.929,0.038,0.000,1
2026-01-29 12:29:10,515493,8002.833,2669.167,-633.764,10.000,-16.820,103.912,0.082,0.000,0
2026-01-29 12:29:10,515533,8069.553,519.453,-603.746,179.006,-107.747,-123.559,0.000,0.000,0
2026-01-29 12:29:10,515573,8046.170,2663.924,-602.257,75.942,1.512,47.961,0.037,0.000,0
2026-01-29 12:29:10,515613,7823.508,1158.886,-604.129,-81.047,-61.144,-2.202,0.000,0.000,0
2026-01-29 12:29:10,515653,7943.604,1753.471,-510.410,108.591,51.031,-152.041,0.000,0.000,0
2026-01-29 12:29:10,515693,7884.727,1964.992,-625.858,-26.207,29.744,218.694,0.004,0.000,0
2026-01-29 12:29:10,515733,8048.888,1829.064,-626.853,-44.714,67.204,57.241,0.000,0.000,1
2026-01-29 12:29:10,515773,8098.846,3331.316,-597.484,-29.182,144.775,-61.874,0.079,0.000,0
2026-01-29 12:29:10,515813,7936.825,472.815,-590.428,-23.220,-96.675,140.615,0.000,0.000,0
2026-01-29 12:29:10,515853,7975.852,1839.970,-534.775,-101.750,34.576,-56.055,0.000,0.000,1
2026-01-29 12:29:11,515893,7972.678,3229.134,-461.351,-99.193,74.471,-36.218,0.075,0.000,1
2026-01-29 12:29:11,515933,8061.186,2644.989,-626.276,68.568,-25.919,65.221,0.120,0.000,1
2026-01-29 12:29:11,515973,8036.926,-207.130,-573.376,28.526,35.301,-38.295,0.000,0.000,0
2026-01-29 12:29:11,516013,8075.933,2550.905,-786.067,71.993,-68.301,6.321,0.033,0.000,0
2026-01-29 12:29:11,516053,7952.853,1347.069,-456.668,128.906,-154.593,33.284,0.000,0.000,0
2026-01-29 12:29:11,516093,7852.720,4323.239,-620.398,56.368,-55.500,-102.597,0.141,0.000,0
2026-01-29 12:29:11,516133,7990.296,-444.102,-693.233,4.283,-63.740,-45.328,0.000,0.000,1
2026-01-29 12:29:11,516173,8002.402,2035.846,-576.220,-78.436,-80.273,-18.833,0.000,0.000,0
2026-01-29 12:29:11,516213,8080.600,2212.920,-683.186,190.751,92.282,20.129,0.024,0.000,0
2026-01-29 12:29:11,516253,8085.312,4897.802,-565.109,150.027,1.345,-24.967,0.195,0.000,0
2026-01-29 12:29:11,516293,7982.554,-1459.135,-454.106,22.993,66.485,-18.282,0.013,0.000,0
2026-01-29 12:29:11,516333,7944.356,3567.604,-645.299,-7.680,-121.591,84.810,0.104,0.000,0
2026-01-29 12:29:11,516373,8016.138,116.063,-548.064,-36.855,-53.908,-256.211,0.000,0.000,1
2026-01-29 12:29:11,516413,7955.177,5141.358,-631.521,94.295,32.792,-38.450,0.182,0.000,0
2026-01-29 12:29:11,516453,7947.588,-1263.328,-642.782,-53.109,34.549,95.599,0.000,0.000,0
2026-01-29 12:29:11,516493,7839.081,2809.174,-331.953,48.945,-32.302,78.536,0.047,0.000,0
2026-01-29 12:29:11,516533,8017.774,1089.599,-532.005,16.051,25.498,-73.916,0.000,0.000,0
2026-01-29 12:29:11,516573,8019.061,1863.997,-589.286,-20.925,47.597,36.639,0.000,0.000,0
2026-01-29 12:29:11,516613,7905.156,3055.575,-508.439,56.973,-67.139,-44.623,0.068,0.000,0
2026-01-29 12:29:11,516653,7944.242,741.469,-551.053,-154.885,100.652,-48.448,0.000,0.000,0
2026-01-29 12:29:11,516693,7955.643,2621.295,-491.877,-15.124,-140.760,-93.490,0.047,0.000,1
2026-01-29 12:29:11,516733,7944.231,1328.044,-630.603,-146.716,-6.871,72.814,0.015,0.000,0
2026-01-29 12:29:11,516773,8002.535,3342.301,-663.041,-68.927,117.688,-24.363,0.104,0.000,0
2026-01-29 12:29:11,516813,8005.052,157.151,-483.089,-31.980,-90.354,-6.678,0.000,0.000,1
2026-01-29 12:29:11,516853,8003.902,2025.095,-485.909,136.895,18.743,-67.027,0.011,0.000,0
2026-01-29 12:29:12,516893,7984.608,3138.394,-765.157,140.956,-169.975,-169.289,0.079,0.000,0
2026-01-29 12:29:12,516933,8036.986,695.139,-499.780,-65.491,-16.394,13.096,0.014,0.000,0
2026-01-29 12:29:12,516973,7868.249,2695.022,-543.417,62.978,-29.455,-61.345,0.062,0.000,0
2026-01-29 12:29:12,517013,8005.197,821.559,-749.164,-60.013,-94.347,20.331,0.000,0.000,0
2026-01-29 12:29:12,517053,7823.207,1949.166,-515.989,28.155,-36.892,77.014,0.000,0.000,1
2026-01-29 12:29:12,517093,7967.291,1916.993,-674.069,38.587,-34.455,-160.843,0.000,0.000,1
2026-01-29 12:29:12,517133,7917.205,2099.183,-678.527,14.421,-77.578,117.095,0.000,0.000,1
2026-01-29 12:29:12,517173,7866.774,3711.103,-604.511,52.211,119.081,152.307,0.104,0.000,0
2026-01-29 12:29:12,517213,8101.631,104.833,-702.021,-43.318,126.727,-96.061,0.000,0.000,1
2026-01-29 12:29:12,517253,8030.080,1880.718,-731.293,-26.628,-136.865,-23.638,0.000,0.000,0
2026-01-29 12:29:12,517293,8105.447,3954.487,-709.762,-75.575,28.067,-24.062,0.116,0.000,0
2026-01-29 12:29:12,517333,7922.280,755.735,-669.049,-263.772,-131.058,60.129,0.048,0.000,1
2026-01-29 12:29:12,517373,7988.368,2449.639,-698.564,-6.371,30.373,-221.038,0.077,0.000,0
2026-01-29 12:29:12,517413,7910.415,659.822,-773.726,13.246,-63.812,110.040,0.011,0.000,0
2026-01-29 12:29:12,517453,7983.381,1706.618,-617.749,-185.296,20.792,150.617,0.000,0.000,0
2026-01-29 12:29:12,517493,8276.691,1901.511,-609.994,129.288,20.500,-50.387,0.000,0.000,0
2026-01-29 12:29:12,517533,8058.060,2039.220,-586.469,68.861,-19.625,125.393,0.000,0.000,0
2026-01-29 12:29:12,517573,7955.656,3987.619,-622.668,-36.921,-34.711,-155.233,0.115,0.000,0
2026-01-29 12:29:12,517613,7854.897,-208.910,-695.723,73.895,7.221,-47.127,0.000,0.000,0
2026-01-29 12:29:12,517653,8058.922,1902.121,-616.655,45.774,-0.903,75.543,0.000,0.000,1
2026-01-29 12:29:12,517693,8011.407,1831.364,-624.036,6.045,-25.025,-13.540,0.000,0.000,1
2026-01-29 12:29:12,517733,7814.008,4982.309,-604.366,81.970,-36.076,33.689,0.177,0.000,0
2026-01-29 12:29:12,517773,7973.672,-1205.164,-600.458,-35.502,77.242,84.098,0.000,0.000,0
2026-01-29 12:29:12,517813,7822.721,1926.859,-603.176,-68.647,-21.735,-18.019,0.000,0.000,0
2026-01-29 12:29:12,517853,7861.555,4813.617,-486.273,76.345,41.434,-100.044,0.162,0.000,0
2026-01-29 12:29:13,517893,7976.015,2367.698,-649.354,-70.010,52.030,21.531,0.183,0.000,1
2026-01-29 12:29:13,517933,8015.323,-1184.550,-555.891,32.420,-37.571,-30.769,0.000,0.000,1
2026-01-29 12:29:13,517973,7759.068,1861.199,-754.345,-84.990,-13.530,-50.421,0.000,0.000,0
2026-01-29 12:29:13,518013,8056.730,2035.112,-616.098,181.677,-19.884,-60.716,0.014,0.000,0
2026-01-29 12:29:13,518053,8010.740,1728.177,-603.172,-55.640,13.733,-181.433,0.006,0.000,0
2026-01-29 12:29:13,518093,7991.454,1811.366,-701.825,62.764,-19.641,33.203,0.000,0.000,0
2026-01-29 12:29:13,518133,8020.108,4767.077,-703.652,-49.340,82.402,22.914,0.166,0.000,0
2026-01-29 12:29:13,518173,8100.027,-329.841,-548.102,-7.539,-26.368,82.474,0.042,0.000,1
2026-01-29 12:29:13,518213,8131.050,1261.431,-476.332,50.284,77.274,51.858,0.000,0.000,1
2026-01-29 12:29:13,518253,8083.392,2055.568,-558.288,98.097,84.873,-62.130,0.004,0.000,0
2026-01-29 12:29:13,518293,8132.228,1879.263,-477.368,-38.457,152.512,79.824,0.000,0.000,0
2026-01-29 12:29:13,518333,8010.924,1967.085,-577.466,-25.890,78.262,-172.313,0.000,0.000,0
2026-01-29 12:29:13,518373,8087.421,1853.577,-623.482,-18.480,-58.546,-82.919,0.000,0.000,0
2026-01-29 12:29:13,518413,7976.404,2934.470,-571.717,19.068,57.616,29.677,0.060,0.000,0
2026-01-29 12:29:13,518453,7971.447,902.215,-684.917,102.701,62.170,-165.722,0.000,0.000,0
2026-01-29 12:29:13,518493,7992.019,1920.847,-676.957,-76.261,95.708,-92.471,0.000,0.000,0
2026-01-29 12:29:13,518533,8085.554,1907.458,-572.513,28.425,67.284,54.054,0.000,0.000,0
2026-01-29 12:29:13,518573,7953.236,1854.222,-478.007,103.269,37.591,80.127,0.000,0.000,0
2026-01-29 12:29:13,518613,8043.248,1903.190,-452.925,-68.539,39.324,116.752,0.000,0.000,0
2026-01-29 12:29:13,518653,8065.576,1975.981,-506.676,-46.167,-41.823,-64.458,0.000,0.000,0
2026-01-29 12:29:13,518693,8031.933,2349.338,-625.966,92.555,-56.757,-56.464,0.026,0.000,0
2026-01-29 12:29:13,518733,8071.855,1530.279,-665.983,68.829,1.308,-100.596,0.000,0.000,0
2026-01-29 12:29:13,518773,7949.128,1946.392,-543.919,68.047,-75.198,151.059,0.000,0.000,1
2026-01-29 12:29:13,518813,8109.265,2026.612,-603.148,76.059,31.015,0.031,0.000,0.000,1
2026-01-29 12:29:13,518853,8072.072,3824.782,-552.235,81.422,55.366,98.729,0.124,0.000,1
2026-01-29 12:29:14,518893,8093.462,913.818,-684.899,2.755,-6.380,45.820,0.075,0.000,0
2026-01-29 12:29:14,518933,7994.453,2037.601,-551.486,-69.229,-18.871,14.933,0.077,0.000,0
2026-01-29 12:29:14,518973,7978.572,1575.363,-690.880,90.824,22.511,4.747,0.057,0.000,1
2026-01-29 12:29:14,519013,7976.557,1034.015,-660.470,-19.197,-6.217,-62.231,0.000,0.000,1
2026-01-29 12:29:14,519053,8037.607,2027.200,-398.056,34.514,16.742,35.734,0.009,0.000,0
2026-01-29 12:29:14,519093,7879.540,1737.161,-504.477,2.849,3.680,23.561,0.000,0.000,0
2026-01-29 12:29:14,519133,7963.914,1767.986,-666.050,18.897,69.925,73.084,0.000,0.000,0
2026-01-29 12:29:14,519173,7882.959,1813.263,-542.422,-79.451,-27.891,-62.831,0.000,0.000,1
2026-01-29 12:29:14,519213,7970.035,2523.186,-507.517,97.263,37.953,52.903,0.037,0.000,0
2026-01-29 12:29:14,519253,7996.544,2746.977,-712.014,-3.579,30.272,-26.681,0.086,0.000,0
2026-01-29 12:29:14,519293,8045.095,3315.425,-523.434,-56.503,81.943,-49.059,0.170,0.000,1
2026-01-29 12:29:14,519333,7966.182,-1018.064,-808.782,-61.476,6.143,159.506,0.000,0.000,1
2026-01-29 12:29:14,519373,7917.709,1965.349,-407.540,-59.912,-71.152,117.043,0.000,0.000,1
2026-01-29 12:29:14,519413,7915.841,1824.625,-398.084,99.820,23.170,203.832,0.000,0.000,0
2026-01-29 12:29:14,519453,7928.739,2347.010,-528.136,33.789,-124.670,-71.301,0.017,0.000,0
2026-01-29 12:29:14,519493,7955.937,2734.747,-529.134,50.625,307.530,-23.296,0.061,0.000,0
2026-01-29 12:29:14,519533,8086.633,900.949,-648.639,-59.052,-70.884,11.057,0.000,0.000,0
2026-01-29 12:29:14,519573,8207.348,2864.281,-685.106,-73.704,-2.766,-1.964,0.052,0.000,0
2026-01-29 12:29:14,519613,8071.439,2362.054,-678.623,35.143,75.660,-53.948,0.081,0.000,0
2026-01-29 12:29:14,519653,8067.469,423.363,-583.065,7.909,21.775,-49.236,0.000,0.000,0
2026-01-29 12:29:14,519693,7865.823,1905.143,-680.055,28.424,35.275,-16.261,0.000,0.000,1
2026-01-29 12:29:14,519733,8021.034,2378.316,-556.319,23.867,34.032,-135.068,0.026,0.000,0
2026-01-29 12:29:14,519773,7972.551,1506.103,-841.839,-10.327,-33.492,115.073,0.000,0.000,1
2026-01-29 12:29:14,519813,8018.900,1951.311,-651.703,104.001,-1.985,-8.798,0.000,0.000,1
2026-01-29 12:29:14,519853,8028.679,1863.825,-549.713,-23.035,59.588,-55.872,0.000,0.000,0
2026-01-29 12:29:15,519893,8085.842,3898.088,-538.658,6.883,34.796,89.272,0.118,0.000,1
2026-01-29 12:29:15,519933,8003.883,1498.229,-583.022,70.205,-38.658,-84.055,0.096,0.000,0
2026-01-29 12:29:15,519973,7849.417,203.981,-484.726,62.138,23.584,37.407,0.000,0.000,0
2026-01-29 12:29:15,520013,8004.315,4554.652,-674.765,-25.836,16.563,-71.948,0.155,0.000,0
2026-01-29 12:29:15,520053,7966.195,2332.643,-801.699,128.108,14.758,14.631,0.176,0.000,0
2026-01-29 12:29:15,520093,7828.172,-152.023,-607.170,28.207,-3.940,112.465,0.055,0.000,0
2026-01-29 12:29:15,520133,8093.330,1013.065,-566.889,-25.932,-39.956,-38.178,0.000,0.000,0
2026-01-29 12:29:15,520173,8055.929,1908.726,-691.335,29.171,102.360,95.752,0.000,0.000,0
2026-01-29 12:29:15,520213,8027.459,2952.621,-586.598,-70.813,-98.710,-12.295,0.060,0.000,0
2026-01-29 12:29:15,520253,7984.054,2661.990,-731.304,-84.374,14.667,-13.143,0.105,0.000,0
2026-01-29 12:29:15,520293,8017.699,1375.799,-672.621,-71.101,17.447,28.571,0.070,0.000,0
2026-01-29 12:29:15,520333,8042.034,756.715,-626.038,52.999,-8.622,40.085,0.000,0.000,0
2026-01-29 12:29:15,520373,8134.859,1808.657,-611.778,-55.500,69.012,131.606,0.000,0.000,0
2026-01-29 12:29:15,520413,8045.518,4506.341,-663.429,5.139,-26.001,-74.474,0.145,0.000,0
2026-01-29 12:29:15,520453,7994.421,53.465,-488.356,122.548,-33.170,113.763,0.043,0.000,1
2026-01-29 12:29:15,520493,7956.787,3958.239,-595.316,7.961,-116.106,19.033,0.154,0.000,1
2026-01-29 12:29:15,520533,8082.487,-5.649,-574.084,27.729,-82.803,-18.494,0.047,0.000,0
2026-01-29 12:29:15,520573,7975.655,1985.719,-600.161,20.902,132.851,-115.996,0.060,0.000,0
2026-01-29 12:29:15,520613,8060.930,785.886,-551.809,-35.799,83.093,-121.260,0.000,0.000,0
2026-01-29 12:29:15,520653,7946.993,1857.751,-599.100,-92.298,138.619,26.136,0.000,0.000,1
2026-01-29 12:29:15,520693,8109.543,2393.770,-385.003,-64.791,-63.392,-65.927,0.032,0.000,0
2026-01-29 12:29:15,520733,7928.547,1342.637,-624.263,-217.533,-35.426,124.555,0.000,0.000,0
2026-01-29 12:29:15,520773,7902.558,2027.189,-594.199,-39.663,-73.379,50.664,0.000,0.000,1
2026-01-29 12:29:15,520813,7954.691,4882.858,-655.032,-65.055,-3.723,-99.028,0.168,0.000,0
2026-01-29 12:29:15,520853,8095.742,-998.015,-566.542,-44.797,-74.687,13.306,0.000,0.000,1
2026-01-29 12:29:16,520893,8089.191,1978.055,-435.203,-129.158,-17.713,-37.710,0.000,0.000,0
2026-01-29 12:29:16,520933,8073.946,1821.970,-555.032,103.346,-24.833,-86.384,0.000,0.000,1
2026-01-29 12:29:16,520973,8066.928,1898.227,-702.133,32.088,-216.669,-124.032,0.000,0.000,1
2026-01-29 12:29:16,521013,8116.643,1882.615,-480.691,-31.201,21.621,-1.849,0.000,0.000,0
2026-01-29 12:29:16,521053,7966.898,2012.813,-651.078,120.833,83.147,-9.227,0.000,0.000,0
2026-01-29 12:29:16,521093,8018.485,1974.635,-481.567,7.523,-110.945,-22.621,0.000,0.000,0
2026-01-29 12:29:16,521133,8152.777,2182.186,-601.121,-46.190,-11.265,-48.620,0.014,0.000,0
2026-01-29 12:29:16,521173,7963.955,1735.858,-597.871,0.178,-59.810,-32.056,0.000,0.000,1
2026-01-29 12:29:16,521213,8031.077,1976.227,-712.393,-87.283,73.405,150.173,0.000,0.000,0
2026-01-29 12:29:16,521253,7906.777,4935.983,-528.675,-150.446,-15.120,-19.463,0.174,0.000,0
2026-01-29 12:29:16,521293,8028.894,-1149.467,-536.857,-147.071,-32.714,-107.969,0.000,0.000,1
2026-01-29 12:29:16,521333,8003.016,1954.111,-783.696,-2.278,-95.518,-30.502,0.000,0.000,1
2026-01-29 12:29:16,521373,7899.819,1781.001,-589.872,-29.265,-33.172,18.052,0.000,0.000,0
2026-01-29 12:29:16,521413,8017.050,1983.231,-809.311,-11.329,8.726,259.373,0.000,0.000,0
2026-01-29 12:29:16,521453,8179.008,3146.410,-733.109,-33.625,81.304,127.340,0.073,0.000,0
2026-01-29 12:29:16,521493,7963.106,593.414,-634.234,-116.010,-3.585,-21.378,0.000,0.000,0
2026-01-29 12:29:16,521533,7998.735,1840.980,-591.508,-104.499,-55.202,-9.519,0.000,0.000,1
2026-01-29 12:29:16,521573,8086.589,4637.703,-670.126,-15.066,32.445,-100.924,0.163,0.000,0
2026-01-29 12:29:16,521613,8043.260,47.071,-482.859,15.847,20.049,-86.656,0.059,0.000,0
2026-01-29 12:29:16,521653,7773.607,834.874,-752.572,61.878,-132.570,-55.195,0.000,0.000,0
2026-01-29 12:29:16,521693,8094.460,2389.805,-575.119,-54.800,-98.431,27.018,0.035,0.000,0
2026-01-29 12:29:16,521733,7971.606,1224.472,-586.524,78.880,27.918,41.639,0.000,0.000,0
2026-01-29 12:29:16,521773,8110.953,1788.919,-766.410,-137.914,1.690,-47.964,0.000,0.000,1
2026-01-29 12:29:16,521813,7928.353,3589.323,-650.770,33.555,-4.101,-134.496,0.094,0.000,0
2026-01-29 12:29:16,521853,8029.969,1316.784,-575.430,1.589,-67.411,-108.259,0.053,0.000,1
2026-01-29 12:29:17,521893,8092.451,4126.838,-545.710,145.774,50.250,-34.648,0.175,0.000,0
2026-01-29 12:29:17,521933,8141.920,-1220.864,-549.051,131.499,11.264,-38.268,0.000,0.000,0
2026-01-29 12:29:17,521973,7890.216,1912.816,-555.079,-53.751,-40.699,10.285,0.000,0.000,0
2026-01-29 12:29:17,522013,8034.296,1719.743,-506.034,-151.341,10.784,-99.840,0.000,0.000,0
2026-01-29 12:29:17,522053,8004.403,1877.180,-590.510,-15.969,-58.957,-13.989,0.000,0.000,0
2026-01-29 12:29:17,522093,7980.205,1897.234,-709.381,50.891,-267.706,-38.802,0.002,0.000,0
2026-01-29 12:29:17,522133,7965.813,2112.907,-594.319,-13.166,112.199,153.285,0.020,0.000,0
2026-01-29 12:29:17,522173,8015.749,1495.496,-612.538,-17.406,40.571,-15.630,0.000,0.000,0
2026-01-29 12:29:17,522213,8072.863,1857.320,-651.394,54.432,10.353,6.831,0.000,0.000,0
2026-01-29 12:29:17,522253,8026.829,2938.659,-494.067,29.211,110.184,18.425,0.066,0.000,0
2026-01-29 12:29:17,522293,8095.137,3600.588,-524.866,49.267,32.739,157.826,0.159,0.000,0
2026-01-29 12:29:17,522333,7980.844,-854.536,-385.189,-18.158,-21.804,-49.685,0.000,0.000,0
2026-01-29 12:29:17,522373,7973.676,2080.425,-599.622,-130.087,23.722,18.227,0.000,0.000,0
2026-01-29 12:29:17,522413,7999.082,1945.615,-480.351,-10.644,83.055,-69.996,0.000,0.000,1
2026-01-29 12:29:17,522453,8065.710,2017.548,-588.914,-9.777,95.500,-70.652,0.000,0.000,0
2026-01-29 12:29:17,522493,8019.980,1873.055,-707.918,-94.503,-58.180,-34.738,0.000,0.000,0
2026-01-29 12:29:17,522533,8130.969,1852.099,-492.566,-12.033,-157.631,33.590,0.000,0.000,0
2026-01-29 12:29:17,522573,8045.039,1879.842,-610.645,-69.660,-20.177,43.577,0.000,0.000,0
2026-01-29 12:29:17,522613,8148.673,1802.545,-743.671,93.490,24.788,8.557,0.000,0.000,0
2026-01-29 12:29:17,522653,7968.089,1993.544,-573.926,62.290,-56.205,39.700,0.000,0.000,0
2026-01-29 12:29:17,522693,7989.405,1962.821,-523.718,79.414,73.084,-187.438,0.000,0.000,1
2026-01-29 12:29:17,522733,7946.875,1866.461,-561.374,27.327,-11.367,22.097,0.000,0.000,1
2026-01-29 12:29:17,522773,7930.605,2485.218,-453.740,51.770,-8.141,65.550,0.030,0.000,0
2026-01-29 12:29:17,522813,8126.994,4363.102,-667.600,142.669,88.656,-102.167,0.168,0.000,0
2026-01-29 12:29:17,522853,7976.736,2225.443,-683.849,-12.677,164.948,-24.977,0.187,0.000,0
2026-01-29 12:29:18,522893,7994.209,-1419.629,-669.507,61.742,-77.237,-69.733,0.000,0.000,0
2026-01-29 12:29:18,522933,7958.862,1938.609,-483.327,-45.819,18.146,61.216,0.000,0.000,0
2026-01-29 12:29:18,522973,7956.067,1902.328,-650.855,84.369,29.116,12.130,0.000,0.000,1
2026-01-29 12:29:18,523013,7893.032,2156.485,-605.439,25.661,59.416,24.658,0.016,0.000,0
2026-01-29 12:29:18,523053,8146.925,4249.277,-784.454,-16.639,35.076,101.931,0.149,0.000,0
2026-01-29 12:29:18,523093,8017.096,-45.062,-628.963,16.124,119.940,-6.877,0.045,0.000,1
2026-01-29 12:29:18,523133,7979.861,1111.939,-570.101,13.420,-88.713,66.793,0.000,0.000,0
2026-01-29 12:29:18,523173,8072.047,1964.520,-479.888,-108.715,-91.980,-6.163,0.000,0.000,0
2026-01-29 12:29:18,523213,7928.853,2068.896,-690.833,-96.168,12.344,-0.354,0.009,0.000,0
2026-01-29 12:29:18,523253,7980.866,1770.565,-666.569,114.881,80.047,-23.775,0.000,0.000,0
2026-01-29 12:29:18,523293,7964.984,3785.035,-549.409,-32.751,-185.877,47.039,0.106,0.000,0
2026-01-29 12:29:18,523333,7885.368,13.523,-674.187,-82.521,-9.323,24.942,0.000,0.000,0
2026-01-29 12:29:18,523373,8012.527,1916.952,-647.846,47.515,3.630,-40.282,0.002,0.000,0
2026-01-29 12:29:18,523413,7940.774,1937.505,-532.067,108.723,28.553,24.349,0.000,0.000,0
2026-01-29 12:29:18,523453,7991.480,1890.180,-426.662,-28.944,-40.203,18.385,0.000,0.000,0
2026-01-29 12:29:18,523493,8044.637,4746.957,-508.042,-45.027,-3.012,67.844,0.159,0.000,0
2026-01-29 12:29:18,523533,7931.475,2497.644,-596.687,63.250,11.329,-20.067,0.189,0.000,1
2026-01-29 12:29:18,523573,7955.249,-1550.729,-698.812,10.081,89.941,79.421,0.000,0.000,0
2026-01-29 12:29:18,523613,7917.027,1879.394,-674.147,-9.778,-16.352,79.720,0.000,0.000,0
2026-01-29 12:29:18,523653,8054.310,1765.458,-698.782,-10.878,-28.250,-107.317,0.000,0.000,0
2026-01-29 12:29:18,523693,8149.786,2196.030,-522.741,-46.372,86.794,60.255,0.019,0.000,0
2026-01-29 12:29:18,523733,7827.176,1465.646,-631.318,19.473,142.187,-63.461,0.000,0.000,1
2026-01-29 12:29:18,523773,7915.957,4529.754,-639.216,-10.008,5.267,12.336,0.137,0.000,0
2026-01-29 12:29:18,523813,8094.425,-500.774,-522.682,5.315,-72.684,-10.781,0.000,0.000,0
2026-01-29 12:29:18,523853,8027.006,2848.535,-608.624,86.767,-9.062,106.424,0.056,0.000,0
2026-01-29 12:29:19,523893,8061.706,1006.055,-510.588,144.639,87.127,-12.720,0.000,0.000,0
2026-01-29 12:29:19,523933,7993.373,1956.628,-598.361,104.236,-40.697,-93.868,0.000,0.000,0
2026-01-29 12:29:19,523973,8137.653,5210.364,-460.091,76.241,34.294,-5.371,0.189,0.000,0
2026-01-29 12:29:19,524013,8059.775,1385.571,-708.399,-62.332,-43.328,63.015,0.160,0.000,1
2026-01-29 12:29:19,524053,8000.487,-840.004,-521.703,-47.432,47.716,58.419,0.000,0.000,0
2026-01-29 12:29:19,524093,8050.724,1844.435,-298.777,128.515,-31.784,-25.296,0.000,0.000,0
2026-01-29 12:29:19,524133,7918.157,2650.055,-728.794,67.865,-107.140,-111.395,0.048,0.000,0
2026-01-29 12:29:19,524173,7852.383,1736.939,-617.235,-34.581,-129.681,0.098,0.040,0.000,0
2026-01-29 12:29:19,524213,7829.552,1139.109,-576.483,29.336,71.147,-29.556,0.000,0.000,0
2026-01-29 12:29:19,524253,8138.481,1980.744,-505.173,1.779,31.533,65.062,0.000,0.000,0
2026-01-29 12:29:19,524293,8049.151,2876.840,-628.014,48.529,-106.644,62.367,0.059,0.000,0
2026-01-29 12:29:19,524333,7960.757,1278.266,-580.046,12.076,5.100,-42.697,0.023,0.000,1
2026-01-29 12:29:19,524373,7948.030,1708.842,-480.281,6.505,19.073,25.067,0.005,0.000,0
2026-01-29 12:29:19,524413,8154.688,3052.114,-619.569,-0.362,163.798,92.446,0.067,0.000,0
2026-01-29 12:29:19,524453,8056.279,3872.664,-656.099,-8.544,-86.527,-37.074,0.181,0.000,0
2026-01-29 12:29:19,524493,8072.032,-3.664,-494.527,-21.609,-28.663,-82.851,0.070,0.000,0
2026-01-29 12:29:19,524533,7988.974,2201.937,-586.381,41.343,-201.148,9.182,0.087,0.000,0
2026-01-29 12:29:19,524573,7955.532,322.709,-579.888,-25.956,-23.356,35.669,0.000,0.000,0
2026-01-29 12:29:19,524613,8109.888,3472.766,-650.601,42.414,-157.887,-86.653,0.091,0.000,1
2026-01-29 12:29:19,524653,8097.516,496.341,-601.784,-35.134,78.598,-35.020,0.000,0.000,0
2026-01-29 12:29:19,524693,7933.322,1721.562,-618.620,19.301,-30.419,85.439,0.000,0.000,0
2026-01-29 12:29:19,524733,8019.748,1908.871,-628.542,150.352,40.741,52.383,0.000,0.000,0
2026-01-29 12:29:19,524773,8016.747,2667.368,-647.178,-52.452,164.960,-119.731,0.044,0.000,1
2026-01-29 12:29:19,524813,7929.782,1689.455,-758.412,-95.362,-20.283,164.673,0.035,0.000,0
2026-01-29 12:29:19,524853,8068.142,1216.104,-628.909,-51.080,49.161,58.648,0.000,0.000,0
2026-01-29 12:29:20,524893,8131.742,2762.181,-561.539,-57.904,50.543,-1.639,0.048,0.000,0
2026-01-29 12:29:20,524933,8044.425,1051.938,-568.098,74.791,82.879,36.271,0.000,0.000,0
2026-01-29 12:29:20,524973,8073.827,4510.728,-523.398,-4.005,85.880,16.751,0.154,0.000,0
2026-01-29 12:29:20,525013,8091.432,1706.564,-563.628,-73.088,-22.047,-11.095,0.142,0.000,1
2026-01-29 12:29:20,525053,7917.868,-700.212,-430.022,150.345,-10.791,68.088,0.000,0.000,0
2026-01-29 12:29:20,525093,8061.500,2039.676,-626.385,-164.257,12.418,126.350,0.000,0.000,1
2026-01-29 12:29:20,525133,8023.565,2031.310,-502.165,81.654,89.160,-70.746,0.007,0.000,0
2026-01-29 12:29:20,525173,7950.253,1561.684,-623.804,-167.808,33.694,-114.569,0.000,0.000,0
2026-01-29 12:29:20,525213,7917.702,1971.072,-491.635,-5.924,-1.793,63.940,0.000,0.000,0
2026-01-29 12:29:20,525253,8125.974,2933.845,-555.733,-131.754,-69.087,-21.866,0.067,0.000,1
2026-01-29 12:29:20,525293,8036.445,689.287,-575.591,-66.539,-3.412,-146.570,0.000,0.000,1
2026-01-29 12:29:20,525333,7955.850,4351.504,-601.029,-33.701,-101.565,-68.489,0.138,0.000,0
2026-01-29 12:29:20,525373,7886.437,-449.555,-574.982,-147.370,-37.987,80.656,0.001,0.000,0
2026-01-29 12:29:20,525413,7965.864,3084.187,-595.784,-40.929,50.640,47.924,0.077,0.000,1
2026-01-29 12:29:20,525453,7854.528,2195.556,-651.373,-10.058,-137.816,-59.241,0.097,0.000,0
2026-01-29 12:29:20,525493,7868.060,1955.601,-457.047,75.398,22.595,88.873,0.099,0.000,0
2026-01-29 12:29:20,525533,7694.986,280.333,-503.764,-58.959,-81.333,-19.814,0.000,0.000,0
2026-01-29 12:29:20,525573,8090.558,5140.497,-622.637,-96.662,29.594,61.655,0.183,0.000,0
2026-01-29 12:29:20,525613,8031.394,-1166.286,-542.714,19.925,142.244,26.702,0.000,0.000,0
2026-01-29 12:29:20,525653,8075.177,1817.403,-490.143,-140.899,-89.834,30.958,0.000,0.000,0
2026-01-29 12:29:20,525693,7966.121,2250.093,-574.760,-33.786,96.238,-13.880,0.016,0.000,0
2026-01-29 12:29:20,525733,8161.867,1635.613,-569.267,2.024,150.399,-41.244,0.000,0.000,0
2026-01-29 12:29:20,525773,8009.729,5130.544,-687.418,232.861,29.858,28.487,0.191,0.000,1
2026-01-29 12:29:20,525813,8029.977,-1113.244,-559.542,3.688,-165.327,-123.299,0.018,0.000,0
2026-01-29 12:29:20,525853,7890.494,1482.924,-541.483,0.857,-60.100,141.865,0.000,0.000,0
2026-01-29 12:29:21,525893,7932.725,1848.749,-572.470,95.436,9.103,140.965,0.000,0.000,0
2026-01-29 12:29:21,525933,7894.257,1936.450,-800.103,196.137,-175.457,25.096,0.000,0.000,0
2026-01-29 12:29:21,525973,7925.201,1687.108,-500.002,21.936,-48.251,-6.834,0.000,0.000,0
2026-01-29 12:29:21,526013,7972.486,1964.729,-736.039,121.194,102.436,-42.882,0.000,0.000,0
2026-01-29 12:29:21,526053,7992.307,2980.773,-612.935,-78.411,-31.734,-64.193,0.065,0.000,0
2026-01-29 12:29:21,526093,7812.751,2993.096,-604.760,-33.156,49.519,-132.914,0.127,0.000,0
2026-01-29 12:29:21,526133,8235.213,-380.474,-518.317,-118.468,11.855,-101.168,0.000,0.000,0
2026-01-29 12:29:21,526173,8101.731,4904.694,-600.580,-46.764,-20.943,-46.289,0.176,0.000,0
2026-01-29 12:29:21,526213,7939.165,-1216.185,-630.345,-55.924,-108.185,-45.411,0.000,0.000,1
2026-01-29 12:29:21,526253,7966.705,2726.258,-660.119,10.256,-72.159,-93.157,0.046,0.000,1
2026-01-29 12:29:21,526293,7852.961,2589.889,-637.148,56.523,50.544,78.588,0.084,0.000,0
2026-01-29 12:29:21,526333,7977.943,380.701,-557.129,8.744,158.703,-83.501,0.000,0.000,0
2026-01-29 12:29:21,526373,7940.655,1895.925,-863.070,42.534,76.088,104.509,0.000,0.000,0
2026-01-29 12:29:21,526413,8108.353,3076.497,-668.764,-10.926,85.502,-62.137,0.067,0.000,0
2026-01-29 12:29:21,526453,7896.189,3061.850,-536.116,2.602,49.777,-82.021,0.130,0.000,0
2026-01-29 12:29:21,526493,7891.491,1872.932,-499.892,-127.236,84.773,37.876,0.133,0.000,0
2026-01-29 12:29:21,526533,7917.424,-273.829,-538.129,69.946,-94.469,-60.226,0.009,0.000,0
2026-01-29 12:29:21,526573,7969.173,1878.461,-532.163,-45.609,-61.675,-56.977,0.000,0.000,1
2026-01-29 12:29:21,526613,8034.933,3253.862,-640.558,37.733,93.072,-195.062,0.079,0.000,1
2026-01-29 12:29:21,526653,7885.753,610.908,-635.550,28.569,48.315,-67.273,0.000,0.000,1
2026-01-29 12:29:21,526693,8072.061,1792.893,-712.872,-148.400,26.071,-43.181,0.000,0.000,0
2026-01-29 12:29:21,526733,7988.629,1818.140,-604.350,-142.845,5.779,-49.912,0.000,0.000,0
2026-01-29 12:29:21,526773,7997.731,2177.171,-453.008,98.515,110.136,91.174,0.011,0.000,0
2026-01-29 12:29:21,526813,7948.853,1827.780,-567.134,-21.380,134.811,-64.952,0.000,0.000,0
2026-01-29 12:29:21,526853,7852.841,1798.027,-440.876,112.652,-15.012,156.837,0.000,0.000,0
2026-01-29 12:29:22,526893,7929.121,1900.221,-711.895,62.751,1.950,6.429,0.000,0.000,0
2026-01-29 12:29:22,526933,8205.416,2955.720,-533.335,-133.125,67.095,-16.204,0.062,0.000,0
2026-01-29 12:29:22,526973,8020.116,1710.655,-633.882,52.839,-30.913,127.594,0.052,0.000,0
2026-01-29 12:29:22,527013,7939.883,934.978,-551.986,-13.466,170.036,58.390,0.000,0.000,0
2026-01-29 12:29:22,527053,8018.550,1977.201,-691.810,107.309,40.954,9.571,0.000,0.000,0
2026-01-29 12:29:22,527093,7980.434,2521.697,-699.848,-27.412,-45.069,-18.736,0.042,0.000,0
2026-01-29 12:29:22,527133,8074.417,1158.551,-558.549,98.603,6.912,-65.654,0.000,0.000,0
2026-01-29 12:29:22,527173,8026.374,1780.190,-415.949,-92.245,73.014,7.350,0.000,0.000,1
2026-01-29 12:29:22,527213,8032.431,2264.745,-445.682,-92.287,25.251,106.214,0.015,0.000,0
2026-01-29 12:29:22,527253,7905.078,5029.039,-599.247,47.945,76.393,103.878,0.189,0.000,1
2026-01-29 12:29:22,527293,8031.505,-559.049,-594.593,-138.726,10.566,81.572,0.047,0.000,1
2026-01-29 12:29:22,527333,7952.446,1439.216,-575.838,50.623,-49.095,24.502,0.014,0.000,0
2026-01-29 12:29:22,527373,7765.633,2407.358,-738.307,40.222,-131.811,52.448,0.044,0.000,0
2026-01-29 12:29:22,527413,8046.992,1066.242,-551.990,11.347,-24.847,-24.996,0.000,0.000,0
2026-01-29 12:29:22,527453,8075.537,1991.843,-483.468,-61.618,-31.651,69.115,0.000,0.000,0
2026-01-29 12:29:22,527493,8133.088,1901.574,-574.274,27.898,-28.401,-82.226,0.000,0.000,1
2026-01-29 12:29:22,527533,8007.948,4677.497,-521.384,-49.784,-6.534,87.447,0.161,0.000,0
2026-01-29 12:29:22,527573,8053.411,-1168.003,-561.079,26.000,-27.177,-108.201,0.000,0.000,0
2026-01-29 12:29:22,527613,7853.037,1940.158,-656.330,-91.178,-167.759,-100.339,0.000,0.000,0
2026-01-29 12:29:22,527653,8029.745,2002.364,-541.257,26.253,-62.707,-41.787,0.000,0.000,0
2026-01-29 12:29:22,527693,7979.882,1934.865,-616.014,-74.397,-71.680,83.757,0.000,0.000,1
2026-01-29 12:29:22,527733,7833.872,1834.671,-562.868,-103.802,-82.300,-67.938,0.000,0.000,0
2026-01-29 12:29:22,527773,8033.223,2039.222,-683.805,102.543,-117.557,63.958,0.000,0.000,0
2026-01-29 12:29:22,527813,8086.315,1822.929,-442.939,-71.375,85.634,-139.089,0.000,0.000,0
2026-01-29 12:29:22,527853,8186.829,3737.386,-535.432,71.606,-23.662,18.415,0.099,0.000,0
2026-01-29 12:29:23,527893,7921.812,72.344,-516.857,7.903,51.217,9.967,0.000,0.000,0
2026-01-29 12:29:23,527933,8034.987,1835.154,-591.747,-50.351,14.548,38.764,0.000,0.000,0
2026-01-29 12:29:23,527973,8053.157,1822.444,-733.828,52.518,-7.372,-43.544,0.000,0.000,0
2026-01-29 12:29:23,528013,7975.937,1937.590,-815.789,-35.622,131.579,4.013,0.000,0.000,0
2026-01-29 12:29:23,528053,8014.371,1956.967,-494.618,-182.944,-0.864,-45.047,0.000,0.000,1
2026-01-29 12:29:23,528093,7911.054,4326.776,-487.493,2.542,-61.671,69.819,0.148,0.000,0
2026-01-29 12:29:23,528133,7957.246,-545.017,-581.769,138.581,157.201,137.737,0.000,0.000,1
2026-01-29 12:29:23,528173,7858.861,3288.406,-480.356,-23.647,-2.087,54.883,0.082,0.000,0
2026-01-29 12:29:23,528213,7946.210,609.488,-449.410,-169.013,94.518,-48.492,0.000,0.000,1
2026-01-29 12:29:23,528253,8032.336,5211.336,-568.393,-38.709,64.810,7.321,0.192,0.000,0
2026-01-29 12:29:23,528293,7982.170,639.222,-531.131,-10.027,-5.845,-46.396,0.119,0.000,0
2026-01-29 12:29:23,528333,8010.650,-353.939,-580.125,-90.400,-146.635,-53.850,0.000,0.000,0
2026-01-29 12:29:23,528373,8012.198,4892.977,-671.459,-18.716,-22.168,83.369,0.165,0.000,0
2026-01-29 12:29:23,528413,7999.523,-989.766,-547.352,-57.390,-47.202,-94.559,0.000,0.000,0
2026-01-29 12:29:23,528453,8109.543,1894.694,-569.432,-52.855,28.381,130.160,0.000,0.000,0
2026-01-29 12:29:23,528493,7894.684,2483.236,-594.869,30.788,126.816,-70.701,0.042,0.000,1
2026-01-29 12:29:23,528533,8011.899,1089.599,-559.444,82.022,39.424,-35.996,0.000,0.000,0
2026-01-29 12:29:23,528573,7969.050,1925.784,-415.426,-63.429,-90.618,-33.807,0.000,0.000,0
2026-01-29 12:29:23,528613,7894.043,3500.767,-665.805,12.173,30.139,-33.183,0.094,0.000,0
2026-01-29 12:29:23,528653,7788.524,1931.007,-682.625,139.163,19.765,111.880,0.095,0.000,0
2026-01-29 12:29:23,528693,7952.807,180.860,-558.883,-99.452,33.312,-32.530,0.000,0.000,1
2026-01-29 12:29:23,528733,8027.337,3941.332,-713.515,-30.186,-38.840,82.309,0.119,0.000,0
2026-01-29 12:29:23,528773,8032.943,1075.168,-473.969,-19.406,47.067,-34.245,0.065,0.000,0
2026-01-29 12:29:23,528813,7826.216,740.513,-669.671,-79.743,-27.347,31.235,0.000,0.000,0
2026-01-29 12:29:23,528853,7998.525,3146.495,-493.361,-1.480,-4.102,9.100,0.072,0.000,1
2026-01-29 12:29:24,528893,8094.027,667.853,-660.493,45.263,-125.651,42.845,0.000,0.000,0
2026-01-29 12:29:24,528933,7886.346,1924.922,-678.943,-89.106,-71.475,-5.707,0.000,0.000,1
2026-01-29 12:29:24,528973,7988.311,1826.103,-716.969,-156.539,-82.810,-30.035,0.000,0.000,0
2026-01-29 12:29:24,529013,7967.954,1918.806,-587.573,-112.010,-73.546,62.646,0.000,0.000,0
2026-01-29 12:29:24,529053,8030.045,3835.515,-500.992,-88.428,-109.021,69.884,0.114,0.000,0
2026-01-29 12:29:24,529093,8027.575,1886.640,-675.189,44.186,64.072,-103.454,0.113,0.000,0
2026-01-29 12:29:24,529133,7915.359,3060.994,-498.016,61.949,16.749,87.825,0.178,0.000,0
2026-01-29 12:29:24,529173,8001.596,1549.136,-590.688,-61.001,158.823,-56.929,0.157,0.000,0
2026-01-29 12:29:24,529213,7904.432,-412.042,-622.970,-103.314,64.577,83.901,0.014,0.000,0
2026-01-29 12:29:24,529253,8039.019,1961.721,-654.583,-79.813,-27.669,5.008,0.019,0.000,0
2026-01-29 12:29:24,529293,7921.715,1572.252,-626.025,-10.005,66.725,14.020,0.000,0.000,1
2026-01-29 12:29:24,529333,7950.361,1806.588,-655.638,-40.572,26.276,125.221,0.000,0.000,0
2026-01-29 12:29:24,529373,8015.761,3218.839,-654.105,40.488,-32.735,98.642,0.068,0.000,0
2026-01-29 12:29:24,529413,8022.812,697.013,-644.746,-3.395,23.088,34.440,0.000,0.000,0
2026-01-29 12:29:24,529453,7976.927,1921.871,-670.165,0.375,-143.509,-173.533,0.000,0.000,0
2026-01-29 12:29:24,529493,8089.130,3776.019,-490.967,-108.323,71.111,40.661,0.108,0.000,1
2026-01-29 12:29:24,529533,7895.692,25.682,-507.079,35.615,119.031,27.854,0.000,0.000,0
2026-01-29 12:29:24,529573,8044.814,1929.673,-602.622,14.240,9.457,121.659,0.000,0.000,0
2026-01-29 12:29:24,529613,7975.482,1882.940,-685.073,-181.392,-114.143,20.288,0.000,0.000,0
2026-01-29 12:29:24,529653,8073.811,2969.407,-550.964,-50.785,25.886,4.580,0.057,0.000,0
2026-01-29 12:29:24,529693,8137.912,2877.745,-452.741,11.416,14.729,4.852,0.112,0.000,0
2026-01-29 12:29:24,529733,8045.652,-21.556,-681.794,59.208,-16.123,-49.745,0.000,0.000,0
2026-01-29 12:29:24,529773,8022.860,1870.827,-823.514,68.573,39.530,167.215,0.000,0.000,0
2026-01-29 12:29:24,529813,7972.700,4545.999,-492.115,28.448,89.915,-63.364,0.145,0.000,0
2026-01-29 12:29:24,529853,8036.057,-649.453,-600.156,68.362,-50.618,-41.307,0.000,0.000,0
2026-01-29 12:29:25,529893,7859.038,3580.090,-776.772,78.321,-6.546,62.276,0.095,0.000,0
2026-01-29 12:29:25,529933,7851.198,217.714,-554.486,-99.815,20.749,-68.733,0.008,0.000,1
2026-01-29 12:29:25,529973,7952.040,1675.431,-454.676,17.009,8.615,20.062,0.000,0.000,0
2026-01-29 12:29:25,530013,8007.324,1819.338,-597.274,67.968,88.247,-100.091,0.000,0.000,0
2026-01-29 12:29:25,530053,8170.721,1844.393,-559.328,76.893,-85.669,81.761,0.000,0.000,0
2026-01-29 12:29:25,530093,7917.482,2255.774,-514.861,-109.223,-114.372,-56.400,0.032,0.000,0
2026-01-29 12:29:25,530133,8025.058,1207.087,-721.318,-78.935,11.048,-27.254,0.000,0.000,0
2026-01-29 12:29:25,530173,7941.662,2360.279,-548.303,-26.228,-33.258,-114.017,0.028,0.000,0
2026-01-29 12:29:25,530213,8062.512,1514.783,-604.916,132.857,-28.108,-42.355,0.000,0.000,1
2026-01-29 12:29:25,530253,7946.018,2895.234,-639.830,-83.588,33.031,41.367,0.055,0.000,0
2026-01-29 12:29:25,530293,7994.055,913.937,-649.153,-48.837,61.258,35.209,0.000,0.000,0
2026-01-29 12:29:25,530333,7951.867,1967.920,-593.728,-43.422,49.875,-65.864,0.000,0.000,0
2026-01-29 12:29:25,530373,7995.095,2602.112,-554.484,36.074,113.471,34.277,0.042,0.000,0
2026-01-29 12:29:25,530413,7990.627,4239.768,-704.283,112.209,-89.690,61.484,0.175,0.000,0
2026-01-29 12:29:25,530453,7975.145,-1062.457,-544.750,-22.258,-59.007,78.936,0.000,0.000,0
2026-01-29 12:29:25,530493,8077.138,1890.882,-709.465,12.923,-97.012,51.098,0.000,0.000,0
2026-01-29 12:29:25,530533,8173.304,1903.869,-498.914,15.948,36.235,100.461,0.000,0.000,0
2026-01-29 12:29:25,530573,8051.138,2559.977,-522.616,55.480,-30.107,-27.304,0.040,0.000,0
2026-01-29 12:29:25,530613,8026.617,3923.952,-556.696,40.603,17.586,35.001,0.153,0.000,1
2026-01-29 12:29:25,530653,7947.897,-856.269,-707.742,28.031,68.728,-59.811,0.000,0.000,1
2026-01-29 12:29:25,530693,7949.900,1779.833,-813.817,-38.116,-76.920,-258.865,0.000,0.000,0
2026-01-29 12:29:25,530733,7728.004,1957.472,-746.531,7.614,21.304,-14.030,0.000,0.000,1
2026-01-29 12:29:25,530773,7888.888,1853.947,-525.293,59.998,6.359,148.044,0.000,0.000,0
2026-01-29 12:29:25,530813,7951.608,2706.475,-548.175,28.727,-272.030,9.180,0.047,0.000,0
2026-01-29 12:29:25,530853,8024.178,3531.011,-569.694,-0.790,89.642,7.215,0.139,0.000,0
2026-01-29 12:29:26,530893,7925.412,582.014,-533.934,81.744,51.734,-12.722,0.056,0.000,1
2026-01-29 12:29:26,530933,8130.629,1182.463,-706.406,-17.131,-16.860,117.410,0.020,0.000,0
2026-01-29 12:29:26,530973,8067.434,1606.243,-478.001,20.630,-17.072,-12.083,0.000,0.000,0
2026-01-29 12:29:26,531013,7892.364,1957.546,-593.387,151.089,-25.148,-109.148,0.000,0.000,0
2026-01-29 12:29:26,531053,7785.301,3762.277,-542.296,-113.419,179.909,-90.396,0.106,0.000,0
2026-01-29 12:29:26,531093,7884.780,1649.748,-515.743,68.718,13.591,-25.945,0.091,0.000,0
2026-01-29 12:29:26,531133,8134.045,423.524,-612.483,-66.075,-80.967,132.399,0.000,0.000,0
2026-01-29 12:29:26,531173,7987.616,2310.347,-548.141,-68.556,-85.594,-57.040,0.022,0.000,0
2026-01-29 12:29:26,531213,8040.507,1457.813,-645.994,26.246,118.848,-23.774,0.000,0.000,0
2026-01-29 12:29:26,531253,7851.726,1928.229,-475.199,77.928,-118.013,-83.286,0.000,0.000,0
2026-01-29 12:29:26,531293,7966.537,1868.948,-606.681,-63.254,83.238,-97.717,0.000,0.000,0
2026-01-29 12:29:26,531333,8107.853,2055.326,-472.281,-86.598,91.890,-63.659,0.000,0.000,0
2026-01-29 12:29:26,531373,8002.962,1993.337,-523.800,23.747,-40.863,-45.048,0.000,0.000,1
2026-01-29 12:29:26,531413,7990.284,2065.428,-698.617,-0.857,-13.936,-44.096,0.000,0.000,0
