datetime_local,uptime_ms,acc_x,acc_y,acc_z,gyro_x,gyro_y,gyro_z,speed_mps,turn_rate_deg_s,gps_valid
2026-01-31 12:44:49,4395614,1960.000,-2502.000,8174.000,1493.000,920.000,-681.000,0.000,0.000,0
2026-01-31 12:44:49,4395654,1862.000,-3307.000,7420.000,-25.000,667.000,16.000,0.000,0.000,0
2026-01-31 12:44:49,4395694,1258.000,-2990.000,7572.000,258.000,497.000,325.000,0.000,0.000,0
2026-01-31 12:44:49,4395734,1471.000,-3082.000,7613.000,-81.000,215.000,357.000,0.000,0.000,0
2026-01-31 12:44:49,4395774,1414.000,-2863.000,7527.000,-67.000,134.000,287.000,0.000,0.000,0
2026-01-31 12:44:49,4395814,1589.000,-3004.000,7551.000,65.000,-245.000,193.000,0.000,0.000,0
2026-01-31 12:44:49,4395854,1643.000,-2785.000,7780.000,223.000,-299.000,118.000,0.000,0.000,0
2026-01-31 12:44:49,4395894,1750.000,-2866.000,7798.000,214.000,-223.000,-28.000,0.000,0.000,0
2026-01-31 12:44:49,4395934,1614.000,-3028.000,7799.000,82.000,-182.000,-137.000,0.000,0.000,0
2026-01-31 12:44:49,4395974,1822.000,-2949.000,7789.000,252.000,-76.000,-52.000,0.000,0.000,0
2026-01-31 12:44:49,4396014,2008.000,-3041.000,7879.000,272.000,246.000,215.000,0.000,0.000,0
2026-01-31 12:44:50,4396054,2127.000,-2958.000,7842.000,289.000,611.000,561.000,0.000,0.000,0
2026-01-31 12:44:50,4396094,1576.000,-2658.000,7907.000,223.000,816.000,737.000,0.000,0.000,0
2026-01-31 12:44:50,4396134,1165.000,-3213.000,7812.000,-110.000,629.000,647.000,0.000,0.000,0
2026-01-31 12:44:50,4396174,987.000,-2789.000,7639.000,213.000,388.000,491.000,0.000,0.000,0
2026-01-31 12:44:50,4396214,1017.000,-2815.000,7645.000,21.000,60.000,139.000,0.000,0.000,0
2026-01-31 12:44:50,4396254,1245.000,-2969.000,7644.000,292.000,-54.000,81.000,0.000,0.000,0
2026-01-31 12:44:50,4396294,1507.000,-2958.000,7760.000,817.000,-21.000,82.000,0.000,0.000,0
2026-01-31 12:44:50,4396334,1370.000,-2323.000,7943.000,1004.000,109.000,7.000,0.000,0.000,0
2026-01-31 12:44:50,4396374,1348.000,-2818.000,7942.000,389.000,168.000,-32.000,0.000,0.000,0
2026-01-31 12:44:50,4396414,1129.000,-2525.000,7916.000,422.000,213.000,-23.000,0.000,0.000,0
2026-01-31 12:44:50,4396454,1102.000,-2556.000,7788.000,114.000,-47.000,-123.000,0.000,0.000,0
2026-01-31 12:44:50,4396494,1235.000,-2493.000,7799.000,45.000,-117.000,-145.000,0.000,0.000,0
2026-01-31 12:44:50,4396534,1329.000,-2600.000,7796.000,19.000,-142.000,-152.000,0.000,0.000,0
2026-01-31 12:44:50,4396574,1491.000,-2667.000,7913.000,164.000,-45.000,11.000,0.000,0.000,0
2026-01-31 12:44:50,4396614,1555.000,-2539.000,7987.000,181.000,93.000,102.000,0.000,0.000,0
2026-01-31 12:44:50,4396654,1404.000,-2616.000,8138.000,196.000,410.000,234.000,0.000,0.000,0
2026-01-31 12:44:50,4396694,1094.000,-2413.000,8077.000,25.000,401.000,205.000,0.000,0.000,0
2026-01-31 12:44:50,4396734,1224.000,-2872.000,7765.000,-259.000,259.000,32.000,0.000,0.000,0
2026-01-31 12:44:50,4396774,1163.000,-2510.000,7765.000,70.000,96.000,181.000,0.000,0.000,0
2026-01-31 12:44:50,4396814,1285.000,-2459.000,7809.000,-46.000,-12.000,69.000,0.000,0.000,0
2026-01-31 12:44:50,4396854,1337.000,-2842.000,7800.000,33.000,121.000,201.000,0.000,0.000,0
2026-01-31 12:44:50,4396894,1114.000,-2607.000,7780.000,149.000,-33.000,317.000,0.000,0.000,0
2026-01-31 12:44:50,4396934,1104.000,-2636.000,7658.000,11.000,-302.000,351.000,0.000,0.000,0
2026-01-31 12:44:50,4396974,1247.000,-2395.000,8297.000,416.000,-334.000,31.000,0.000,0.000,0
2026-01-31 12:44:50,4397014,1509.000,-2130.000,8170.000,870.000,392.000,-262.000,0.000,0.000,0
2026-01-31 12:44:51,4397054,1350.000,-2817.000,7657.000,319.000,525.000,76.000,0.000,0.000,0
2026-01-31 12:44:51,4397094,1230.000,-2681.000,7735.000,660.000,443.000,368.000,0.000,0.000,0
2026-01-31 12:44:51,4397134,867.000,-2208.000,7967.000,868.000,339.000,461.000,0.000,0.000,0
2026-01-31 12:44:51,4397174,921.000,-2177.000,7838.000,419.000,78.000,303.000,0.000,0.000,0
2026-01-31 12:44:51,4397214,1068.000,-2442.000,7856.000,54.000,-206.000,189.000,0.000,0.000,0
2026-01-31 12:44:51,4397254,1350.000,-2370.000,7868.000,648.000,-214.000,345.000,0.000,0.000,0
2026-01-31 12:44:51,4397294,1092.000,-2038.000,8056.000,673.000,-94.000,385.000,0.000,0.000,0
2026-01-31 12:44:51,4397334,762.000,-2087.000,8043.000,712.000,68.000,300.000,0.000,0.000,0
2026-01-31 12:44:51,4397376,959.000,-2107.000,8000.000,794.000,269.000,233.000,0.000,0.000,0
2026-01-31 12:44:51,4397416,971.000,-1848.000,7966.000,929.000,407.000,239.000,0.000,0.000,0
2026-01-31 12:44:51,4397454,1103.000,-1917.000,7762.000,670.000,622.000,261.000,0.000,0.000,0
2026-01-31 12:44:51,4397494,1313.000,-1908.000,7383.000,1181.000,966.000,316.000,0.000,0.000,0
2026-01-31 12:44:51,4397534,1199.000,-1480.000,7471.000,1788.000,1285.000,461.000,0.000,0.000,0
2026-01-31 12:44:51,4397574,1108.000,-1472.000,7248.000,2272.000,1524.000,720.000,0.000,0.000,0
2026-01-31 12:44:51,4397614,770.000,-1014.000,7468.000,2747.000,1591.000,1069.000,0.000,0.000,0
2026-01-31 12:44:51,4397654,-30.000,-865.000,7896.000,2870.000,1463.000,1168.000,0.000,0.000,0
2026-01-31 12:44:51,4397694,-36.000,-477.000,7969.000,3499.000,1232.000,1276.000,0.000,0.000,0
2026-01-31 12:44:51,4397734,-703.000,168.000,8307.000,3319.000,701.000,1354.000,0.000,0.000,0
2026-01-31 12:44:51,4397774,487.000,-160.000,8675.000,4031.000,936.000,1271.000,0.000,0.000,0
2026-01-31 12:44:51,4397814,-283.000,2058.000,8151.000,5117.000,661.000,1194.000,0.000,0.000,0
2026-01-31 12:44:51,4397854,-279.000,1458.000,8818.000,3737.000,401.000,754.000,0.000,0.000,0
2026-01-31 12:44:51,4397894,-598.000,1539.000,8487.000,4175.000,909.000,871.000,0.000,0.000,0
2026-01-31 12:44:51,4397934,-550.000,1908.000,8323.000,3734.000,935.000,795.000,0.000,0.000,0
2026-01-31 12:44:51,4397974,-149.000,2364.000,8391.000,3710.000,720.000,710.000,0.000,0.000,0
2026-01-31 12:44:51,4398014,801.000,1940.000,8023.000,3015.000,93.000,1114.000,0.000,0.000,0
2026-01-31 12:44:52,4398054,932.000,2130.000,7651.000,3765.000,64.000,2344.000,0.000,0.000,0
2026-01-31 12:44:52,4398094,868.000,1660.000,6726.000,4753.000,925.000,5406.000,0.000,0.000,0
2026-01-31 12:44:52,4398134,1054.000,3221.000,5791.000,7889.000,610.000,7339.000,0.000,0.000,0
2026-01-31 12:44:52,4398174,1048.000,4135.000,5457.000,7987.000,-274.000,8369.000,0.000,0.000,0
2026-01-31 12:44:52,4398214,1047.000,3654.000,4938.000,8117.000,-1712.000,9376.000,0.000,0.000,0
2026-01-31 12:44:52,4398254,1665.000,4229.000,4833.000,8384.000,-3803.000,10651.000,0.000,0.000,0
2026-01-31 12:44:52,4398294,3105.000,4829.000,4777.000,8115.000,-6061.000,11869.000,0.000,0.000,0
2026-01-31 12:44:52,4398334,5203.000,6471.000,4599.000,6888.000,-7536.000,12399.000,0.000,0.000,0
2026-01-31 12:44:52,4398374,6945.000,6248.000,3498.000,1880.000,-8904.000,12983.000,0.000,0.000,0
2026-01-31 12:44:52,4398414,9305.000,3106.000,1989.000,-651.000,-10065.000,13392.000,0.000,0.000,0
2026-01-31 12:44:52,4398454,11956.000,1895.000,1019.000,4434.000,-9352.000,13149.000,0.000,0.000,0
2026-01-31 12:44:52,4398494,11018.000,2632.000,1608.000,6281.000,-5128.000,10336.000,0.000,0.000,0
2026-01-31 12:44:52,4398534,8995.000,1210.000,1682.000,3459.000,-2564.000,5493.000,0.000,0.000,0
2026-01-31 12:44:52,4398574,8753.000,1378.000,1572.000,2892.000,-1213.000,1165.000,0.000,0.000,0
2026-01-31 12:44:52,4398614,8180.000,1660.000,1276.000,2263.000,-468.000,-114.000,0.000,0.000,0
2026-01-31 12:44:52,4398654,7555.000,1962.000,1180.000,3534.000,216.000,-193.000,0.000,0.000,0
2026-01-31 12:44:52,4398694,7215.000,3302.000,1394.000,5022.000,749.000,-67.000,0.000,0.000,0
2026-01-31 12:44:52,4398734,7256.000,3872.000,1605.000,3980.000,876.000,-252.000,0.000,0.000,0
2026-01-31 12:44:52,4398774,7499.000,3651.000,1565.000,1059.000,812.000,-794.000,0.000,0.000,0
2026-01-31 12:44:52,4398814,8003.000,2641.000,1118.000,-1907.000,622.000,-1617.000,0.000,0.000,0
2026-01-31 12:44:52,4398854,8137.000,1526.000,463.000,-3568.000,532.000,-2991.000,0.000,0.000,0
2026-01-31 12:44:52,4398894,8117.000,1326.000,255.000,-3743.000,461.000,-3677.000,0.000,0.000,0
2026-01-31 12:44:52,4398934,7848.000,1352.000,282.000,-2854.000,288.000,-3966.000,0.000,0.000,0
2026-01-31 12:44:52,4398974,7584.000,1765.000,492.000,-1489.000,18.000,-3854.000,0.000,0.000,0
2026-01-31 12:44:52,4399014,7377.000,2272.000,717.000,-803.000,-357.000,-3275.000,0.000,0.000,0
2026-01-31 12:44:53,4399054,7249.000,2528.000,910.000,-1048.000,-821.000,-2403.000,0.000,0.000,0
2026-01-31 12:44:53,4399094,7176.000,2587.000,982.000,-1771.000,-1265.000,-1455.000,0.000,0.000,0
2026-01-31 12:44:53,4399134,7301.000,2491.000,883.000,-2613.000,-1606.000,-458.000,0.000,0.000,0
2026-01-31 12:44:53,4399174,7417.000,2230.000,755.000,-3057.000,-1823.000,504.000,0.000,0.000,0
2026-01-31 12:44:53,4399214,7498.000,2073.000,702.000,-2804.000,-1895.000,1230.000,0.000,0.000,0
2026-01-31 12:44:53,4399254,7873.000,2048.000,556.000,-2008.000,-1745.000,2009.000,0.000,0.000,0
2026-01-31 12:44:53,4399294,8397.000,2415.000,512.000,-1227.000,-1482.000,2557.000,0.000,0.000,0
2026-01-31 12:44:53,4399337,8410.000,2648.000,611.000,-1283.000,-1056.000,3371.000,0.000,0.000,0
2026-01-31 12:44:53,4399377,8518.000,2630.000,578.000,-1628.000,-672.000,3452.000,0.000,0.000,0
2026-01-31 12:44:53,4399414,8466.000,2537.000,541.000,-1877.000,-411.000,3363.000,0.000,0.000,0
2026-01-31 12:44:53,4399454,8165.000,1998.000,437.000,-2145.000,188.000,2762.000,0.000,0.000,0
2026-01-31 12:44:53,4399494,8170.000,1667.000,335.000,-1374.000,815.000,1677.000,0.000,0.000,0
2026-01-31 12:44:53,4399534,8209.000,2184.000,440.000,-716.000,1157.000,1049.000,0.000,0.000,0
2026-01-31 12:44:53,4399574,7885.000,2250.000,588.000,-1227.000,1284.000,735.000,0.000,0.000,0
2026-01-31 12:44:53,4399616,7705.000,1901.000,693.000,-1156.000,1512.000,-189.000,0.000,0.000,0
2026-01-31 12:44:53,4399654,7643.000,1893.000,662.000,-1429.000,1552.000,-1765.000,0.000,0.000,0
2026-01-31 12:44:53,4399694,7685.000,1363.000,672.000,-1528.000,1477.000,-2422.000,0.000,0.000,0
2026-01-31 12:44:53,4399734,7577.000,1725.000,1115.000,-579.000,1208.000,-2890.000,0.000,0.000,0
2026-01-31 12:44:53,4399774,7692.000,1839.000,1485.000,-879.000,696.000,-3160.000,0.000,0.000,0
2026-01-31 12:44:53,4399814,8091.000,1599.000,1742.000,-1491.000,441.000,-3439.000,0.000,0.000,0
2026-01-31 12:44:53,4399854,8103.000,2101.000,2133.000,-2034.000,212.000,-3561.000,0.000,0.000,0
2026-01-31 12:44:53,4399894,7824.000,1929.000,2280.000,-4090.000,-186.000,-3321.000,0.000,0.000,0
2026-01-31 12:44:53,4399934,7303.000,1597.000,2244.000,-5312.000,-508.000,-2863.000,0.000,0.000,0
2026-01-31 12:44:53,4399974,7094.000,1595.000,2106.000,-5242.000,-802.000,-2116.000,0.000,0.000,0
2026-01-31 12:44:53,4400014,6630.000,1705.000,1895.000,-3760.000,-1374.000,-255.000,0.000,0.000,0
2026-01-31 12:44:54,4400054,6710.000,1639.000,1857.000,-2910.000,-1756.000,919.000,0.000,0.000,0
2026-01-31 12:44:54,4400094,6525.000,1810.000,1882.000,-2682.000,-2177.000,1843.000,0.000,0.000,0
2026-01-31 12:44:54,4400134,6421.000,1674.000,1706.000,-2756.000,-2499.000,2545.000,0.000,0.000,0
2026-01-31 12:44:54,4400174,6460.000,1599.000,1570.000,-1951.000,-2589.000,3146.000,0.000,0.000,0
2026-01-31 12:44:54,4400214,7265.000,1904.000,1543.000,-1139.000,-2585.000,3410.000,0.000,0.000,0
2026-01-31 12:44:54,4400254,7936.000,1798.000,1623.000,-1416.000,-2393.000,3191.000,0.000,0.000,0
2026-01-31 12:44:54,4400294,8765.000,1679.000,1367.000,-1712.000,-1990.000,2249.000,0.000,0.000,0
2026-01-31 12:44:54,4400334,9370.000,1920.000,901.000,-1852.000,-1433.000,1305.000,0.000,0.000,0
2026-01-31 12:44:54,4400374,8662.000,1744.000,575.000,-2474.000,-875.000,416.000,0.000,0.000,0
2026-01-31 12:44:54,4400414,7729.000,1639.000,566.000,-3017.000,-316.000,-1319.000,0.000,0.000,0
2026-01-31 12:44:54,4400454,7240.000,1743.000,367.000,-3405.000,-205.000,-2354.000,0.000,0.000,0
2026-01-31 12:44:54,4400494,7782.000,2242.000,-32.000,-3709.000,3.000,-2818.000,0.000,0.000,0
2026-01-31 12:44:54,4400534,8404.000,2595.000,-459.000,-4804.000,-41.000,-2597.000,0.000,0.000,0
2026-01-31 12:44:54,4400574,8763.000,2532.000,-645.000,-4742.000,-528.000,-2312.000,0.000,0.000,0
2026-01-31 12:44:54,4400614,8142.000,2909.000,-455.000,-4546.000,-1087.000,-2278.000,0.000,0.000,0
2026-01-31 12:44:54,4400654,7448.000,2528.000,-765.000,-6022.000,-1560.000,-2422.000,0.000,0.000,0
2026-01-31 12:44:54,4400694,6871.000,2142.000,-835.000,-6035.000,-1871.000,-2728.000,0.000,0.000,0
2026-01-31 12:44:54,4400734,6853.000,2128.000,-725.000,-5239.000,-1914.000,-2910.000,0.000,0.000,0
2026-01-31 12:44:54,4400774,7226.000,2709.000,-62.000,-3214.000,-1902.000,-2295.000,0.000,0.000,0
2026-01-31 12:44:54,4400814,7440.000,3061.000,403.000,-2497.000,-1697.000,-1796.000,0.000,0.000,0
2026-01-31 12:44:54,4400854,7962.000,3090.000,594.000,-3267.000,-1499.000,-1185.000,0.000,0.000,0
2026-01-31 12:44:54,4400894,8526.000,2594.000,908.000,-3863.000,-1170.000,-243.000,0.000,0.000,0
2026-01-31 12:44:54,4400934,8906.000,1913.000,957.000,-3105.000,-384.000,132.000,0.000,0.000,0
2026-01-31 12:44:54,4400974,9897.000,1782.000,971.000,-569.000,956.000,435.000,0.000,0.000,0
2026-01-31 12:44:54,4401014,10155.000,1991.000,959.000,1370.000,1775.000,1071.000,0.000,0.000,0
2026-01-31 12:44:55,4401054,9426.000,1975.000,1265.000,2191.000,2137.000,976.000,0.000,0.000,0
2026-01-31 12:44:55,4401094,8338.000,1988.000,1207.000,1712.000,2630.000,361.000,0.000,0.000,0
2026-01-31 12:44:55,4401134,6752.000,1178.000,567.000,483.000,2963.000,-22.000,0.000,0.000,0
2026-01-31 12:44:55,4401174,6208.000,1109.000,116.000,766.000,3501.000,-848.000,0.000,0.000,0
2026-01-31 12:44:55,4401214,7215.000,1427.000,81.000,1635.000,3327.000,-589.000,0.000,0.000,0
2026-01-31 12:44:55,4401254,7939.000,1573.000,508.000,3050.000,2747.000,329.000,0.000,0.000,0
2026-01-31 12:44:55,4401297,7519.000,1690.000,1953.000,4459.000,1434.000,624.000,0.000,0.000,0
2026-01-31 12:44:55,4401336,7234.000,2040.000,2402.000,3026.000,688.000,597.000,0.000,0.000,0
2026-01-31 12:44:55,4401374,7147.000,2120.000,2302.000,1557.000,493.000,766.000,0.000,0.000,0
2026-01-31 12:44:55,4401414,6854.000,1551.000,1951.000,-752.000,356.000,1285.000,0.000,0.000,0
2026-01-31 12:44:55,4401454,6672.000,1092.000,1859.000,-570.000,111.000,1924.000,0.000,0.000,0
2026-01-31 12:44:55,4401494,6923.000,855.000,1878.000,996.000,-138.000,2630.000,0.000,0.000,0
2026-01-31 12:44:55,4401534,7338.000,1129.000,2166.000,4169.000,-329.000,3321.000,0.000,0.000,0
2026-01-31 12:44:55,4401574,7391.000,1579.000,2077.000,5631.000,-187.000,3232.000,0.000,0.000,0
2026-01-31 12:44:55,4401617,7377.000,2173.000,1425.000,5854.000,241.000,2947.000,0.000,0.000,0
2026-01-31 12:44:55,4401654,7918.000,2294.000,1046.000,5959.000,331.000,2915.000,0.000,0.000,0
2026-01-31 12:44:55,4401694,9000.000,2365.000,552.000,7076.000,577.000,3028.000,0.000,0.000,0
2026-01-31 12:44:55,4401734,8479.000,2422.000,805.000,8334.000,579.000,2669.000,0.000,0.000,0
2026-01-31 12:44:55,4401774,7659.000,2054.000,1105.000,7605.000,260.000,1334.000,0.000,0.000,0
2026-01-31 12:44:55,4401814,7813.000,2049.000,871.000,6332.000,176.000,24.000,0.000,0.000,0
2026-01-31 12:44:55,4401854,8305.000,2639.000,838.000,5286.000,11.000,-571.000,0.000,0.000,0
2026-01-31 12:44:55,4401894,7735.000,2056.000,1469.000,3604.000,-93.000,-834.000,0.000,0.000,0
2026-01-31 12:44:55,4401934,7640.000,2119.000,1531.000,2570.000,292.000,-1580.000,0.000,0.000,0
2026-01-31 12:44:55,4401974,8412.000,2013.000,1027.000,1365.000,610.000,-1351.000,0.000,0.000,0
2026-01-31 12:44:55,4402014,8562.000,1895.000,742.000,1766.000,1066.000,-913.000,0.000,0.000,0
2026-01-31 12:44:56,4402054,8597.000,2157.000,805.000,2236.000,1256.000,-381.000,0.000,0.000,0
2026-01-31 12:44:56,4402094,7893.000,1756.000,937.000,2168.000,1211.000,147.000,0.000,0.000,0
2026-01-31 12:44:56,4402134,7376.000,1726.000,878.000,2888.000,1154.000,47.000,0.000,0.000,0
2026-01-31 12:44:56,4402174,7420.000,1945.000,620.000,3001.000,1151.000,121.000,0.000,0.000,0
2026-01-31 12:44:56,4402214,7482.000,1966.000,399.000,2934.000,1231.000,663.000,0.000,0.000,0
2026-01-31 12:44:56,4402254,7573.000,2122.000,481.000,3408.000,1230.000,1394.000,0.000,0.000,0
2026-01-31 12:44:56,4402294,7947.000,2442.000,615.000,4472.000,1223.000,2469.000,0.000,0.000,0
2026-01-31 12:44:56,4402334,9721.000,2728.000,336.000,4429.000,1209.000,2962.000,0.000,0.000,0
2026-01-31 12:44:56,4402374,10044.000,2331.000,692.000,3918.000,1126.000,3358.000,0.000,0.000,0
2026-01-31 12:44:56,4402414,7136.000,1034.000,1536.000,2999.000,791.000,2465.000,0.000,0.000,0
2026-01-31 12:44:56,4402454,6697.000,825.000,1394.000,3075.000,587.000,621.000,0.000,0.000,0
2026-01-31 12:44:56,4402494,7651.000,1861.000,1046.000,3274.000,812.000,177.000,0.000,0.000,0
2026-01-31 12:44:56,4402534,7582.000,1060.000,1042.000,2632.000,999.000,272.000,0.000,0.000,0
2026-01-31 12:44:56,4402574,7395.000,817.000,1608.000,3387.000,1190.000,-529.000,0.000,0.000,0
2026-01-31 12:44:56,4402614,7484.000,1076.000,2038.000,3008.000,1113.000,-1229.000,0.000,0.000,0
2026-01-31 12:44:56,4402654,7482.000,749.000,2121.000,2247.000,936.000,-1651.000,0.000,0.000,0
2026-01-31 12:44:56,4402694,7200.000,1162.000,2288.000,3116.000,833.000,-1562.000,0.000,0.000,0
2026-01-31 12:44:56,4402734,7009.000,1447.000,2581.000,2545.000,403.000,-1027.000,0.000,0.000,0
2026-01-31 12:44:56,4402774,6909.000,1492.000,2730.000,1753.000,30.000,-467.000,0.000,0.000,0
2026-01-31 12:44:56,4402814,6897.000,1444.000,2611.000,1275.000,-288.000,74.000,0.000,0.000,0
2026-01-31 12:44:56,4402854,7196.000,1501.000,2421.000,971.000,-611.000,495.000,0.000,0.000,0
2026-01-31 12:44:56,4402894,7799.000,1500.000,2160.000,371.000,-900.000,679.000,0.000,0.000,0
2026-01-31 12:44:56,4402934,8392.000,1197.000,1838.000,692.000,-808.000,627.000,0.000,0.000,0
2026-01-31 12:44:56,4402974,8210.000,1626.000,1733.000,1726.000,-567.000,447.000,0.000,0.000,0
2026-01-31 12:44:56,4403014,7753.000,1840.000,1691.000,1477.000,-400.000,103.000,0.000,0.000,0
2026-01-31 12:44:57,4403054,7616.000,2407.000,1412.000,851.000,-204.000,-584.000,0.000,0.000,0
2026-01-31 12:44:57,4403094,7784.000,2659.000,1112.000,65.000,-213.000,-717.000,0.000,0.000,0
2026-01-31 12:44:57,4403134,7693.000,2903.000,1177.000,-298.000,-291.000,-834.000,0.000,0.000,0
2026-01-31 12:44:57,4403174,7398.000,2876.000,1091.000,-1202.000,-268.000,-1162.000,0.000,0.000,0
2026-01-31 12:44:57,4403214,7302.000,2635.000,812.000,-1471.000,-182.000,-1459.000,0.000,0.000,0
2026-01-31 12:44:57,4403254,7504.000,2921.000,415.000,-687.000,154.000,-1692.000,0.000,0.000,0
2026-01-31 12:44:57,4403294,7752.000,3617.000,-9.000,307.000,765.000,-1653.000,0.000,0.000,0
2026-01-31 12:44:57,4403334,7761.000,3720.000,-257.000,1714.000,1223.000,-1506.000,0.000,0.000,0
2026-01-31 12:44:57,4403374,7644.000,4409.000,-12.000,3326.000,1474.000,-2167.000,0.000,0.000,0
2026-01-31 12:44:57,4403414,7808.000,4954.000,185.000,2508.000,1224.000,-3244.000,0.000,0.000,0
2026-01-31 12:44:57,4403454,6660.000,4601.000,968.000,969.000,816.000,-4534.000,0.000,0.000,0
2026-01-31 12:44:57,4403494,6603.000,5204.000,1370.000,407.000,821.000,-5198.000,0.000,0.000,0
2026-01-31 12:44:57,4403534,7573.000,5641.000,1412.000,-781.000,1013.000,-5283.000,0.000,0.000,0
2026-01-31 12:44:57,4403574,7011.000,5095.000,1639.000,-960.000,1133.000,-5141.000,0.000,0.000,0
2026-01-31 12:44:57,4403629,5519.000,5194.000,2110.000,-306.000,779.000,-5617.000,0.000,0.000,0
2026-01-31 12:44:57,4403654,5203.000,5188.000,2046.000,-205.000,687.000,-5719.000,0.000,0.000,0
2026-01-31 12:44:57,4403694,5040.000,5541.000,1740.000,501.000,774.000,-5819.000,0.000,0.000,0
2026-01-31 12:44:57,4403734,5090.000,6203.000,1532.000,873.000,810.000,-5695.000,0.000,0.000,0
2026-01-31 12:44:57,4403774,4874.000,6435.000,1411.000,915.000,740.000,-5618.000,0.000,0.000,0
2026-01-31 12:44:57,4403814,3537.000,7192.000,1246.000,1554.000,713.000,-6238.000,0.000,0.000,0
2026-01-31 12:44:57,4403854,3096.000,7975.000,1098.000,2892.000,35.000,-6413.000,0.000,0.000,0
2026-01-31 12:44:57,4403894,2488.000,8608.000,1225.000,2049.000,-94.000,-6764.000,0.000,0.000,0
2026-01-31 12:44:57,4403934,1443.000,7465.000,1010.000,1267.000,-82.000,-6785.000,0.000,0.000,0
2026-01-31 12:44:57,4403974,1046.000,7748.000,652.000,1666.000,-503.000,-6627.000,0.000,0.000,0
2026-01-31 12:44:57,4404014,725.000,7361.000,468.000,841.000,-686.000,-5868.000,0.000,0.000,0
2026-01-31 12:44:58,4404054,422.000,6615.000,355.000,1734.000,-697.000,-4729.000,0.000,0.000,0
2026-01-31 12:44:58,4404094,150.000,7606.000,145.000,3215.000,-977.000,-3565.000,0.000,0.000,0
2026-01-31 12:44:58,4404134,-87.000,6918.000,-742.000,2138.000,-963.000,-2259.000,0.000,0.000,0
2026-01-31 12:44:58,4404174,-1137.000,6388.000,-1247.000,3514.000,-1196.000,-1078.000,0.000,0.000,0
2026-01-31 12:44:58,4404214,-660.000,9382.000,-782.000,4400.000,-1739.000,-858.000,0.000,0.000,0
2026-01-31 12:44:58,4404254,-456.000,8398.000,-7.000,2961.000,-1104.000,-754.000,0.000,0.000,0
2026-01-31 12:44:58,4404294,-504.000,7738.000,-854.000,274.000,-545.000,251.000,0.000,0.000,0
2026-01-31 12:44:58,4404334,-1324.000,8653.000,-2023.000,330.000,-349.000,-150.000,0.000,0.000,0
2026-01-31 12:44:58,4404374,-980.000,8058.000,-1166.000,63.000,-225.000,-695.000,0.000,0.000,0
2026-01-31 12:44:58,4404414,-913.000,8569.000,-1578.000,75.000,-35.000,-830.000,0.000,0.000,0
2026-01-31 12:44:58,4404454,-1700.000,7480.000,-1737.000,-264.000,-148.000,-884.000,0.000,0.000,0
2026-01-31 12:44:58,4404494,-957.000,8132.000,-1166.000,-4.000,-231.000,-868.000,0.000,0.000,0
2026-01-31 12:44:58,4404534,-1486.000,8225.000,-1933.000,-351.000,-329.000,-958.000,0.000,0.000,0
2026-01-31 12:44:58,4404574,-1286.000,7586.000,-1230.000,-427.000,-655.000,-867.000,0.000,0.000,0
2026-01-31 12:44:58,4404614,-1456.000,7675.000,-1419.000,-464.000,-686.000,-583.000,0.000,0.000,0
2026-01-31 12:44:58,4404654,-1740.000,7321.000,-903.000,-222.000,-691.000,-430.000,0.000,0.000,0
2026-01-31 12:44:58,4404694,-1524.000,7916.000,-924.000,81.000,-510.000,-96.000,0.000,0.000,0
2026-01-31 12:44:58,4404734,-1581.000,8060.000,-998.000,-68.000,-317.000,-226.000,0.000,0.000,0
2026-01-31 12:44:58,4404774,-1795.000,7790.000,-1025.000,-89.000,-219.000,-344.000,0.000,0.000,0
2026-01-31 12:44:58,4404814,-1797.000,7859.000,-1176.000,-9.000,-195.000,-220.000,0.000,0.000,0
2026-01-31 12:44:58,4404854,-1788.000,7997.000,-1147.000,38.000,-265.000,-191.000,0.000,0.000,0
2026-01-31 12:44:58,4404894,-1862.000,7805.000,-1067.000,44.000,-293.000,-169.000,0.000,0.000,0
2026-01-31 12:44:58,4404934,-1783.000,7883.000,-1118.000,121.000,-292.000,-136.000,0.000,0.000,0
2026-01-31 12:44:58,4404974,-1844.000,7962.000,-1060.000,87.000,-342.000,-165.000,0.000,0.000,0
2026-01-31 12:44:58,4405014,-1868.000,7912.000,-836.000,-16.000,-249.000,-127.000,0.000,0.000,0
2026-01-31 12:44:59,4405054,-1728.000,8158.000,-818.000,-405.000,-78.000,-59.000,0.000,0.000,0
2026-01-31 12:44:59,4405094,-1729.000,7902.000,-850.000,-479.000,183.000,-15.000,0.000,0.000,0
2026-01-31 12:44:59,4405134,-1855.000,7301.000,-1155.000,-508.000,436.000,-163.000,0.000,0.000,0
2026-01-31 12:44:59,4405174,-1893.000,7542.000,-1167.000,155.000,462.000,-383.000,0.000,0.000,0
2026-01-31 12:44:59,4405214,-1899.000,7949.000,-1079.000,351.000,342.000,-355.000,0.000,0.000,0
2026-01-31 12:44:59,4405254,-2127.000,8031.000,-883.000,211.000,206.000,-330.000,0.000,0.000,0
2026-01-31 12:44:59,4405294,-2219.000,8034.000,-861.000,-17.000,101.000,-176.000,0.000,0.000,0
2026-01-31 12:44:59,4405334,-2038.000,7919.000,-847.000,-124.000,61.000,-251.000,0.000,0.000,0
2026-01-31 12:44:59,4405375,-1734.000,7892.000,-905.000,11.000,501.000,-557.000,0.000,0.000,0
2026-01-31 12:44:59,4405414,-2233.000,7773.000,-1411.000,-248.000,521.000,-614.000,0.000,0.000,0
2026-01-31 12:44:59,4405454,-2093.000,7643.000,-1166.000,-491.000,571.000,-654.000,0.000,0.000,0
2026-01-31 12:44:59,4405494,-2182.000,7516.000,-1332.000,-587.000,500.000,-515.000,0.000,0.000,0
2026-01-31 12:44:59,4405534,-2474.000,7479.000,-1548.000,-156.000,96.000,-353.000,0.000,0.000,0
2026-01-31 12:44:59,4405574,-2269.000,7744.000,-1193.000,188.000,-175.000,-258.000,0.000,0.000,0
2026-01-31 12:44:59,4405617,-2353.000,7915.000,-988.000,-81.000,-352.000,82.000,0.000,0.000,0
2026-01-31 12:44:59,4405654,-2396.000,7901.000,-992.000,-89.000,-399.000,197.000,0.000,0.000,0
2026-01-31 12:44:59,4405694,-2167.000,7958.000,-967.000,-156.000,-416.000,233.000,0.000,0.000,0
2026-01-31 12:44:59,4405734,-1990.000,7427.000,-894.000,-404.000,-94.000,61.000,0.000,0.000,0
2026-01-31 12:44:59,4405774,-2143.000,7520.000,-944.000,-170.000,-3.000,161.000,0.000,0.000,0
2026-01-31 12:44:59,4405814,-2257.000,7565.000,-917.000,256.000,24.000,217.000,0.000,0.000,0
2026-01-31 12:44:59,4405854,-2170.000,7587.000,-872.000,409.000,4.000,370.000,0.000,0.000,0
2026-01-31 12:44:59,4405894,-2132.000,7845.000,-881.000,710.000,23.000,401.000,0.000,0.000,0
2026-01-31 12:44:59,4405934,-2182.000,7864.000,-1089.000,587.000,75.000,399.000,0.000,0.000,0
2026-01-31 12:44:59,4405974,-1998.000,7739.000,-1114.000,522.000,38.000,307.000,0.000,0.000,0
2026-01-31 12:44:59,4406014,-1837.000,7541.000,-1072.000,302.000,93.000,338.000,0.000,0.000,0
2026-01-31 12:45:00,4406054,-1974.000,7768.000,-1195.000,411.000,35.000,554.000,0.000,0.000,0
2026-01-31 12:45:00,4406094,-2071.000,7871.000,-1428.000,389.000,76.000,667.000,0.000,0.000,0
2026-01-31 12:45:00,4406134,-1944.000,8144.000,-1476.000,451.000,43.000,828.000,0.000,0.000,0
2026-01-31 12:45:00,4406174,-1947.000,8265.000,-1449.000,300.000,74.000,717.000,0.000,0.000,0
2026-01-31 12:45:00,4406214,-1808.000,8233.000,-1381.000,75.000,121.000,575.000,0.000,0.000,0
2026-01-31 12:45:00,4406254,-1322.000,8170.000,-1279.000,-350.000,263.000,231.000,0.000,0.000,0
2026-01-31 12:45:00,4406294,-1659.000,7955.000,-1347.000,-572.000,572.000,162.000,0.000,0.000,0
2026-01-31 12:45:00,4406334,-1411.000,7875.000,-1137.000,-644.000,659.000,63.000,0.000,0.000,0
2026-01-31 12:45:00,4406374,-1349.000,7557.000,-805.000,-752.000,732.000,33.000,0.000,0.000,0
2026-01-31 12:45:00,4406414,-1450.000,7831.000,-979.000,-617.000,636.000,132.000,0.000,0.000,0
2026-01-31 12:45:00,4406454,-1629.000,8051.000,-1056.000,-365.000,511.000,287.000,0.000,0.000,0
2026-01-31 12:45:00,4406494,-1630.000,7864.000,-682.000,-472.000,328.000,218.000,0.000,0.000,0
2026-01-31 12:45:00,4406534,-1947.000,7769.000,-931.000,-652.000,359.000,126.000,0.000,0.000,0
2026-01-31 12:45:00,4406574,-1869.000,7753.000,-1152.000,-487.000,221.000,-113.000,0.000,0.000,0
2026-01-31 12:45:00,4406614,-1395.000,8012.000,-1032.000,-103.000,116.000,-173.000,0.000,0.000,0
2026-01-31 12:45:00,4406654,-1316.000,7980.000,-957.000,-40.000,68.000,-174.000,0.000,0.000,0
2026-01-31 12:45:00,4406694,-1550.000,7833.000,-921.000,49.000,53.000,-235.000,0.000,0.000,0
2026-01-31 12:45:00,4406734,-1596.000,7936.000,-824.000,150.000,20.000,-362.000,0.000,0.000,0
2026-01-31 12:45:00,4406774,-1554.000,7954.000,-911.000,158.000,105.000,-412.000,0.000,0.000,0
2026-01-31 12:45:00,4406814,-1706.000,7914.000,-952.000,172.000,231.000,-523.000,0.000,0.000,0
2026-01-31 12:45:00,4406854,-1743.000,7852.000,-973.000,249.000,294.000,-638.000,0.000,0.000,0
2026-01-31 12:45:00,4406894,-1759.000,7763.000,-1033.000,144.000,413.000,-747.000,0.000,0.000,0
2026-01-31 12:45:00,4406934,-1942.000,7854.000,-1138.000,22.000,494.000,-700.000,0.000,0.000,0
2026-01-31 12:45:00,4406974,-2107.000,7901.000,-1141.000,-60.000,444.000,-627.000,0.000,0.000,0
2026-01-31 12:45:00,4407014,-1994.000,7839.000,-1178.000,-89.000,347.000,-470.000,0.000,0.000,0
2026-01-31 12:45:01,4407054,-2071.000,7770.000,-1215.000,-71.000,260.000,-300.000,0.000,0.000,0
2026-01-31 12:45:01,4407094,-2057.000,7857.000,-1218.000,-64.000,137.000,-87.000,0.000,0.000,0
2026-01-31 12:45:01,4407134,-1957.000,7738.000,-1210.000,-102.000,61.000,19.000,0.000,0.000,0
2026-01-31 12:45:01,4407174,-1939.000,7709.000,-1252.000,30.000,-2.000,90.000,0.000,0.000,0
2026-01-31 12:45:01,4407214,-2012.000,7901.000,-1179.000,71.000,-76.000,79.000,0.000,0.000,0
2026-01-31 12:45:01,4407254,-1981.000,7787.000,-1053.000,-13.000,-144.000,22.000,0.000,0.000,0
2026-01-31 12:45:01,4407294,-1982.000,7834.000,-1137.000,-24.000,-125.000,-38.000,0.000,0.000,0
2026-01-31 12:45:01,4407334,-1949.000,7939.000,-1037.000,-2.000,-87.000,-153.000,0.000,0.000,0
2026-01-31 12:45:01,4407374,-2010.000,7928.000,-942.000,-114.000,-49.000,-200.000,0.000,0.000,0
2026-01-31 12:45:01,4407414,-2080.000,7826.000,-1010.000,-236.000,16.000,-283.000,0.000,0.000,0
2026-01-31 12:45:01,4407454,-2122.000,7709.000,-1123.000,-211.000,5.000,-237.000,0.000,0.000,0
2026-01-31 12:45:01,4407494,-2103.000,7735.000,-1144.000,-5.000,7.000,-199.000,0.000,0.000,0
2026-01-31 12:45:01,4407534,-1974.000,7745.000,-1042.000,110.000,-78.000,-101.000,0.000,0.000,0
2026-01-31 12:45:01,4407574,-2098.000,7687.000,-1065.000,168.000,-137.000,-5.000,0.000,0.000,0
2026-01-31 12:45:01,4407617,-2095.000,7817.000,-1083.000,185.000,-189.000,62.000,0.000,0.000,0
2026-01-31 12:45:01,4407654,-2092.000,7814.000,-1115.000,149.000,-136.000,54.000,0.000,0.000,0
2026-01-31 12:45:01,4407694,-2075.000,7701.000,-1136.000,95.000,-156.000,20.000,0.000,0.000,0
2026-01-31 12:45:01,4407734,-2175.000,7906.000,-1066.000,198.000,-212.000,45.000,0.000,0.000,0
2026-01-31 12:45:01,4407774,-2005.000,7773.000,-1029.000,75.000,-276.000,13.000,0.000,0.000,0
2026-01-31 12:45:01,4407814,-2060.000,7635.000,-1097.000,44.000,-229.000,19.000,0.000,0.000,0
2026-01-31 12:45:01,4407854,-2123.000,7797.000,-1180.000,166.000,-201.000,1.000,0.000,0.000,0
2026-01-31 12:45:01,4407894,-2036.000,7778.000,-1146.000,196.000,-213.000,-28.000,0.000,0.000,0
2026-01-31 12:45:01,4407934,-1970.000,7760.000,-1066.000,178.000,-153.000,-130.000,0.000,0.000,0
2026-01-31 12:45:01,4407974,-2042.000,7909.000,-1133.000,32.000,-53.000,-199.000,0.000,0.000,0
2026-01-31 12:45:01,4408014,-2359.000,7865.000,-1006.000,-1.000,22.000,-157.000,0.000,0.000,0
2026-01-31 12:45:02,4408054,-2371.000,8127.000,-998.000,-83.000,-118.000,-52.000,0.000,0.000,0
2026-01-31 12:45:02,4408094,-2139.000,7839.000,-1046.000,-464.000,-174.000,-56.000,0.000,0.000,0
2026-01-31 12:45:02,4408134,-2161.000,7362.000,-1141.000,-594.000,-299.000,-160.000,0.000,0.000,0
2026-01-31 12:45:02,4408174,-2172.000,7684.000,-981.000,-169.000,-398.000,-266.000,0.000,0.000,0
2026-01-31 12:45:02,4408214,-2314.000,7759.000,-1029.000,199.000,-427.000,-320.000,0.000,0.000,0
2026-01-31 12:45:02,4408254,-2334.000,7589.000,-822.000,175.000,-359.000,-321.000,0.000,0.000,0
2026-01-31 12:45:02,4408294,-2276.000,7611.000,-1187.000,478.000,-415.000,-242.000,0.000,0.000,0
2026-01-31 12:45:02,4408334,-2290.000,7412.000,-1230.000,504.000,-332.000,-347.000,0.000,0.000,0
2026-01-31 12:45:02,4408374,-2336.000,7720.000,-1243.000,919.000,-466.000,-310.000,0.000,0.000,0
2026-01-31 12:45:02,4408414,-2456.000,7859.000,-1347.000,1303.000,-605.000,-225.000,0.000,0.000,0
2026-01-31 12:45:02,4408454,-2559.000,7483.000,-1492.000,742.000,-727.000,-91.000,0.000,0.000,0
2026-01-31 12:45:02,4408494,-2570.000,7702.000,-1402.000,637.000,-927.000,20.000,0.000,0.000,0
2026-01-31 12:45:02,4408534,-2676.000,7868.000,-1496.000,47.000,-1065.000,174.000,0.000,0.000,0
2026-01-31 12:45:02,4408574,-2627.000,7739.000,-1337.000,-60.000,-1202.000,32.000,0.000,0.000,0
2026-01-31 12:45:02,4408614,-2550.000,7633.000,-1233.000,-274.000,-1278.000,-84.000,0.000,0.000,0
2026-01-31 12:45:02,4408654,-2538.000,7822.000,-1366.000,-200.000,-1402.000,-123.000,0.000,0.000,0
2026-01-31 12:45:02,4408694,-2502.000,7570.000,-1325.000,-52.000,-1247.000,-298.000,0.000,0.000,0
2026-01-31 12:45:02,4408734,-2818.000,7382.000,-1077.000,510.000,-1156.000,-489.000,0.000,0.000,0
2026-01-31 12:45:02,4408774,-2316.000,7133.000,-820.000,490.000,-903.000,-367.000,0.000,0.000,0
2026-01-31 12:45:02,4408814,-3042.000,8021.000,-1656.000,714.000,-470.000,-202.000,0.000,0.000,0
2026-01-31 12:45:02,4408854,-2853.000,7245.000,-1504.000,358.000,-490.000,-149.000,0.000,0.000,0
2026-01-31 12:45:02,4408894,-2877.000,7470.000,-1420.000,673.000,-500.000,-55.000,0.000,0.000,0
2026-01-31 12:45:02,4408934,-3207.000,7815.000,-1443.000,460.000,-554.000,67.000,0.000,0.000,0
2026-01-31 12:45:02,4408974,-2747.000,7671.000,-1292.000,75.000,-555.000,89.000,0.000,0.000,0
2026-01-31 12:45:02,4409014,-2737.000,7313.000,-1282.000,136.000,-343.000,199.000,0.000,0.000,0
2026-01-31 12:45:03,4409054,-3044.000,7315.000,-1533.000,-6.000,-97.000,287.000,0.000,0.000,0
2026-01-31 12:45:03,4409094,-2998.000,7567.000,-1582.000,-88.000,-7.000,299.000,0.000,0.000,0
2026-01-31 12:45:03,4409134,-2886.000,7119.000,-1808.000,-178.000,-29.000,258.000,0.000,0.000,0
2026-01-31 12:45:03,4409174,-3079.000,7248.000,-1749.000,8.000,309.000,186.000,0.000,0.000,0
2026-01-31 12:45:03,4409214,-2751.000,7378.000,-1898.000,269.000,378.000,-29.000,0.000,0.000,0
2026-01-31 12:45:03,4409254,-2805.000,7479.000,-1537.000,343.000,596.000,-225.000,0.000,0.000,0
2026-01-31 12:45:03,4409294,-2894.000,7250.000,-1340.000,89.000,518.000,-365.000,0.000,0.000,0
2026-01-31 12:45:03,4409337,-2713.000,7206.000,-1492.000,146.000,565.000,-404.000,0.000,0.000,0
2026-01-31 12:45:03,4409377,-2855.000,7164.000,-1563.000,286.000,723.000,-327.000,0.000,0.000,0
2026-01-31 12:45:03,4409415,-2929.000,7344.000,-1503.000,429.000,717.000,-269.000,0.000,0.000,0
2026-01-31 12:45:03,4409454,-3164.000,7486.000,-1479.000,500.000,707.000,-208.000,0.000,0.000,0
2026-01-31 12:45:03,4409494,-3308.000,7464.000,-1701.000,252.000,678.000,-308.000,0.000,0.000,0
2026-01-31 12:45:03,4409534,-3351.000,7386.000,-1897.000,166.000,547.000,-326.000,0.000,0.000,0
2026-01-31 12:45:03,4409574,-3348.000,7302.000,-1816.000,164.000,259.000,-166.000,0.000,0.000,0
2026-01-31 12:45:03,4409617,-3350.000,7495.000,-1985.000,267.000,147.000,-95.000,0.000,0.000,0
2026-01-31 12:45:03,4409656,-3255.000,7518.000,-1985.000,213.000,120.000,-74.000,0.000,0.000,0
2026-01-31 12:45:03,4409694,-3117.000,7424.000,-1941.000,-91.000,144.000,-53.000,0.000,0.000,0
2026-01-31 12:45:03,4409734,-3123.000,7175.000,-2077.000,-213.000,210.000,-100.000,0.000,0.000,0
2026-01-31 12:45:03,4409774,-3068.000,7255.000,-2096.000,-237.000,248.000,-97.000,0.000,0.000,0
2026-01-31 12:45:03,4409814,-3103.000,7210.000,-2108.000,-241.000,274.000,-30.000,0.000,0.000,0
2026-01-31 12:45:03,4409854,-3177.000,7130.000,-2192.000,-290.000,304.000,-78.000,0.000,0.000,0
2026-01-31 12:45:03,4409894,-3181.000,7193.000,-2210.000,-245.000,253.000,-95.000,0.000,0.000,0
2026-01-31 12:45:03,4409934,-3117.000,7088.000,-2170.000,-219.000,232.000,-136.000,0.000,0.000,0
2026-01-31 12:45:03,4409974,-3226.000,7157.000,-2205.000,-159.000,238.000,-143.000,0.000,0.000,0
2026-01-31 12:45:03,4410014,-3286.000,7137.000,-2261.000,-206.000,171.000,-126.000,0.000,0.000,0
2026-01-31 12:45:04,4410054,-3254.000,7103.000,-2099.000,-75.000,56.000,-134.000,0.000,0.000,0
2026-01-31 12:45:04,4410094,-3222.000,7167.000,-2052.000,-141.000,29.000,-144.000,0.000,0.000,0
2026-01-31 12:45:04,4410134,-3230.000,7190.000,-2024.000,-203.000,6.000,-124.000,0.000,0.000,0
2026-01-31 12:45:04,4410174,-3284.000,7208.000,-1967.000,-268.000,59.000,-138.000,0.000,0.000,0
2026-01-31 12:45:04,4410214,-3303.000,7144.000,-1967.000,-268.000,108.000,-45.000,0.000,0.000,0
2026-01-31 12:45:04,4410254,-3273.000,6955.000,-2052.000,-120.000,108.000,-17.000,0.000,0.000,0
2026-01-31 12:45:04,4410294,-3390.000,7118.000,-1771.000,107.000,-13.000,98.000,0.000,0.000,0
2026-01-31 12:45:04,4410334,-3654.000,6891.000,-2116.000,-105.000,91.000,188.000,0.000,0.000,0
2026-01-31 12:45:04,4410374,-3395.000,7277.000,-2127.000,141.000,44.000,221.000,0.000,0.000,0
2026-01-31 12:45:04,4410414,-3165.000,7322.000,-2017.000,152.000,-3.000,114.000,0.000,0.000,0
2026-01-31 12:45:04,4410454,-3277.000,7072.000,-2059.000,-85.000,74.000,113.000,0.000,0.000,0
2026-01-31 12:45:04,4410494,-3209.000,7144.000,-2164.000,25.000,75.000,115.000,0.000,0.000,0
2026-01-31 12:45:04,4410534,-3235.000,7221.000,-2184.000,19.000,81.000,166.000,0.000,0.000,0
2026-01-31 12:45:04,4410574,-3231.000,7090.000,-2168.000,6.000,-20.000,138.000,0.000,0.000,0
2026-01-31 12:45:04,4410614,-3320.000,7255.000,-2176.000,32.000,-142.000,200.000,0.000,0.000,0
2026-01-31 12:45:04,4410654,-3216.000,7428.000,-2007.000,4.000,-235.000,100.000,0.000,0.000,0
2026-01-31 12:45:04,4410694,-3221.000,7136.000,-2051.000,-117.000,-149.000,-27.000,0.000,0.000,0
2026-01-31 12:45:04,4410734,-3257.000,7297.000,-2043.000,-60.000,-111.000,-14.000,0.000,0.000,0
2026-01-31 12:45:04,4410774,-3324.000,7109.000,-2222.000,-150.000,-146.000,-23.000,0.000,0.000,0
2026-01-31 12:45:04,4410814,-3175.000,7105.000,-2091.000,4.000,-256.000,13.000,0.000,0.000,0
2026-01-31 12:45:04,4410854,-3252.000,7284.000,-1941.000,115.000,-139.000,21.000,0.000,0.000,0
2026-01-31 12:45:04,4410894,-3268.000,7194.000,-1871.000,-5.000,39.000,10.000,0.000,0.000,0
2026-01-31 12:45:04,4410934,-3143.000,7281.000,-1941.000,-5.000,239.000,-47.000,0.000,0.000,0
2026-01-31 12:45:04,4410974,-3346.000,7093.000,-2241.000,-119.000,255.000,-50.000,0.000,0.000,0
2026-01-31 12:45:04,4411014,-3291.000,7026.000,-2134.000,29.000,219.000,-37.000,0.000,0.000,0
2026-01-31 12:45:05,4411054,-3347.000,7144.000,-2168.000,144.000,155.000,25.000,0.000,0.000,0
2026-01-31 12:45:05,4411094,-3326.000,7199.000,-2199.000,48.000,152.000,-26.000,0.000,0.000,0
2026-01-31 12:45:05,4411134,-3283.000,7204.000,-2206.000,4.000,44.000,-23.000,0.000,0.000,0
2026-01-31 12:45:05,4411174,-3183.000,7097.000,-2099.000,-25.000,50.000,-38.000,0.000,0.000,0
2026-01-31 12:45:05,4411214,-3220.000,7149.000,-2244.000,44.000,44.000,-23.000,0.000,0.000,0
2026-01-31 12:45:05,4411254,-3191.000,7175.000,-2171.000,26.000,12.000,-22.000,0.000,0.000,0
2026-01-31 12:45:05,4411294,-3321.000,7230.000,-2174.000,24.000,3.000,-31.000,0.000,0.000,0
2026-01-31 12:45:05,4411337,-3198.000,7174.000,-2132.000,-161.000,-5.000,-109.000,0.000,0.000,0
2026-01-31 12:45:05,4411376,-3304.000,7002.000,-2153.000,-113.000,25.000,-81.000,0.000,0.000,0
2026-01-31 12:45:05,4411414,-3284.000,7132.000,-2175.000,24.000,-5.000,-42.000,0.000,0.000,0
2026-01-31 12:45:05,4411454,-3272.000,7173.000,-2118.000,-21.000,7.000,-15.000,0.000,0.000,0
2026-01-31 12:45:05,4411494,-3281.000,7142.000,-2135.000,-86.000,-21.000,-14.000,0.000,0.000,0
2026-01-31 12:45:05,4411534,-3307.000,7241.000,-2136.000,-99.000,-25.000,6.000,0.000,0.000,0
2026-01-31 12:45:05,4411574,-3348.000,7164.000,-2086.000,-129.000,-31.000,-15.000,0.000,0.000,0
2026-01-31 12:45:05,4411614,-3252.000,7071.000,-2074.000,-94.000,-28.000,-22.000,0.000,0.000,0
2026-01-31 12:45:05,4411654,-3353.000,7126.000,-2124.000,28.000,-23.000,39.000,0.000,0.000,0
2026-01-31 12:45:05,4411694,-3322.000,7190.000,-2066.000,28.000,-40.000,62.000,0.000,0.000,0
2026-01-31 12:45:05,4411734,-3227.000,7225.000,-2095.000,43.000,-52.000,14.000,0.000,0.000,0
2026-01-31 12:45:05,4411774,-3319.000,7150.000,-2101.000,1.000,-45.000,11.000,0.000,0.000,0
2026-01-31 12:45:05,4411814,-3308.000,7202.000,-2101.000,30.000,-76.000,28.000,0.000,0.000,0
2026-01-31 12:45:05,4411854,-3354.000,7143.000,-2103.000,11.000,-124.000,12.000,0.000,0.000,0
2026-01-31 12:45:05,4411894,-3283.000,7093.000,-2038.000,-6.000,-115.000,16.000,0.000,0.000,0
2026-01-31 12:45:05,4411934,-3328.000,7155.000,-2094.000,18.000,-109.000,81.000,0.000,0.000,0
2026-01-31 12:45:05,4411974,-3273.000,7161.000,-2110.000,6.000,-102.000,90.000,0.000,0.000,0
2026-01-31 12:45:05,4412014,-3216.000,7283.000,-2050.000,56.000,-111.000,32.000,0.000,0.000,0
2026-01-31 12:45:06,4412054,-3289.000,7136.000,-2095.000,-14.000,-118.000,45.000,0.000,0.000,0
2026-01-31 12:45:06,4412094,-3338.000,7209.000,-2109.000,41.000,-151.000,60.000,0.000,0.000,0
2026-01-31 12:45:06,4412134,-3229.000,7219.000,-2060.000,-5.000,-145.000,32.000,0.000,0.000,0
2026-01-31 12:45:06,4412174,-3283.000,7183.000,-2053.000,43.000,-104.000,17.000,0.000,0.000,0
2026-01-31 12:45:06,4412214,-3281.000,7176.000,-2119.000,-17.000,-109.000,60.000,0.000,0.000,0
2026-01-31 12:45:06,4412254,-3315.000,7235.000,-2031.000,33.000,-167.000,50.000,0.000,0.000,0
2026-01-31 12:45:06,4412294,-3307.000,7238.000,-2009.000,1.000,-151.000,18.000,0.000,0.000,0
2026-01-31 12:45:06,4412334,-3250.000,7173.000,-2007.000,-44.000,-125.000,8.000,0.000,0.000,0
2026-01-31 12:45:06,4412374,-3258.000,7228.000,-1999.000,30.000,-84.000,27.000,0.000,0.000,0
2026-01-31 12:45:06,4412414,-3310.000,7153.000,-1997.000,5.000,-57.000,8.000,0.000,0.000,0
2026-01-31 12:45:06,4412454,-3263.000,7191.000,-2010.000,31.000,-50.000,1.000,0.000,0.000,0
2026-01-31 12:45:06,4412494,-3314.000,7190.000,-2066.000,21.000,-13.000,22.000,0.000,0.000,0
2026-01-31 12:45:06,4412534,-3287.000,7145.000,-2045.000,-21.000,-6.000,-17.000,0.000,0.000,0
2026-01-31 12:45:06,4412574,-3254.000,7129.000,-2023.000,11.000,-2.000,14.000,0.000,0.000,0
2026-01-31 12:45:06,4412614,-3322.000,7215.000,-2046.000,17.000,21.000,23.000,0.000,0.000,0
2026-01-31 12:45:06,4412654,-3238.000,7175.000,-2006.000,-17.000,26.000,10.000,0.000,0.000,0
2026-01-31 12:45:06,4412694,-3303.000,7167.000,-2076.000,-2.000,41.000,42.000,0.000,0.000,0
2026-01-31 12:45:06,4412734,-3276.000,7254.000,-2037.000,8.000,32.000,13.000,0.000,0.000,0
2026-01-31 12:45:06,4412774,-3287.000,7201.000,-2036.000,-31.000,34.000,10.000,0.000,0.000,0
2026-01-31 12:45:06,4412814,-3300.000,7204.000,-2105.000,-37.000,26.000,14.000,0.000,0.000,0
2026-01-31 12:45:06,4412854,-3287.000,7240.000,-2035.000,-98.000,3.000,-6.000,0.000,0.000,0
2026-01-31 12:45:06,4412894,-3289.000,7234.000,-1998.000,-112.000,-19.000,-9.000,0.000,0.000,0
2026-01-31 12:45:06,4412934,-3347.000,7184.000,-2142.000,-249.000,-46.000,-11.000,0.000,0.000,0
2026-01-31 12:45:06,4412974,-3356.000,7124.000,-2046.000,-176.000,-126.000,-52.000,0.000,0.000,0
2026-01-31 12:45:06,4413014,-3296.000,7110.000,-2006.000,4.000,-219.000,53.000,0.000,0.000,0
2026-01-31 12:45:07,4413054,-3217.000,7339.000,-1879.000,41.000,-205.000,34.000,0.000,0.000,0
2026-01-31 12:45:07,4413094,-3300.000,7197.000,-1793.000,-109.000,-92.000,-21.000,0.000,0.000,0
2026-01-31 12:45:07,4413134,-3298.000,7130.000,-2003.000,-70.000,-64.000,42.000,0.000,0.000,0
2026-01-31 12:45:07,4413174,-3301.000,7360.000,-1844.000,26.000,32.000,-19.000,0.000,0.000,0
2026-01-31 12:45:07,4413214,-3250.000,7099.000,-1837.000,-23.000,120.000,5.000,0.000,0.000,0
2026-01-31 12:45:07,4413254,-3313.000,7149.000,-1950.000,39.000,186.000,74.000,0.000,0.000,0
2026-01-31 12:45:07,4413294,-3247.000,7207.000,-1934.000,217.000,226.000,47.000,0.000,0.000,0
2026-01-31 12:45:07,4413334,-3238.000,7211.000,-1967.000,209.000,245.000,45.000,0.000,0.000,0
2026-01-31 12:45:07,4413374,-3200.000,7317.000,-2035.000,582.000,283.000,31.000,0.000,0.000,0
2026-01-31 12:45:07,4413414,-3353.000,7260.000,-2202.000,224.000,275.000,47.000,0.000,0.000,0
2026-01-31 12:45:07,4413454,-3301.000,7179.000,-2167.000,110.000,174.000,38.000,0.000,0.000,0
2026-01-31 12:45:07,4413494,-3192.000,7236.000,-2062.000,71.000,158.000,0.000,0.000,0.000,0
2026-01-31 12:45:07,4413534,-3210.000,7181.000,-2161.000,-34.000,221.000,3.000,0.000,0.000,0
2026-01-31 12:45:07,4413574,-3250.000,7294.000,-2232.000,21.000,149.000,-16.000,0.000,0.000,0
2026-01-31 12:45:07,4413616,-3230.000,7127.000,-2171.000,-12.000,60.000,-31.000,0.000,0.000,0
2026-01-31 12:45:07,4413654,-3149.000,7123.000,-2113.000,30.000,46.000,9.000,0.000,0.000,0
2026-01-31 12:45:07,4413694,-3242.000,7231.000,-2188.000,111.000,108.000,9.000,0.000,0.000,0
2026-01-31 12:45:07,4413734,-3234.000,7226.000,-2131.000,15.000,81.000,-42.000,0.000,0.000,0
2026-01-31 12:45:07,4413774,-3190.000,7103.000,-2137.000,-124.000,185.000,-59.000,0.000,0.000,0
2026-01-31 12:45:07,4413814,-3151.000,7160.000,-2180.000,-55.000,151.000,-37.000,0.000,0.000,0
2026-01-31 12:45:07,4413854,-3243.000,7081.000,-2217.000,-80.000,170.000,-7.000,0.000,0.000,0
2026-01-31 12:45:07,4413894,-3242.000,7302.000,-2142.000,40.000,141.000,-5.000,0.000,0.000,0
2026-01-31 12:45:07,4413934,-3229.000,7158.000,-2173.000,-120.000,170.000,7.000,0.000,0.000,0
2026-01-31 12:45:07,4413974,-3214.000,7185.000,-2198.000,-41.000,156.000,-21.000,0.000,0.000,0
2026-01-31 12:45:07,4414014,-3218.000,7174.000,-2146.000,-41.000,91.000,-26.000,0.000,0.000,0
2026-01-31 12:45:08,4414054,-3248.000,7142.000,-2145.000,-93.000,109.000,1.000,0.000,0.000,0
2026-01-31 12:45:08,4414094,-3232.000,7157.000,-2172.000,-43.000,103.000,18.000,0.000,0.000,0
2026-01-31 12:45:08,4414134,-3218.000,7178.000,-2111.000,35.000,59.000,55.000,0.000,0.000,0
2026-01-31 12:45:08,4414174,-3228.000,7285.000,-2151.000,-38.000,62.000,22.000,0.000,0.000,0
2026-01-31 12:45:08,4414214,-3173.000,7248.000,-2203.000,-33.000,14.000,-66.000,0.000,0.000,0
2026-01-31 12:45:08,4414254,-3193.000,7184.000,-2168.000,-32.000,-30.000,-71.000,0.000,0.000,0
2026-01-31 12:45:08,4414294,-3209.000,7107.000,-2114.000,-5.000,-12.000,-22.000,0.000,0.000,0
2026-01-31 12:45:08,4414334,-3172.000,7159.000,-2190.000,27.000,-28.000,36.000,0.000,0.000,0
2026-01-31 12:45:08,4414374,-3173.000,7185.000,-2171.000,45.000,-52.000,24.000,0.000,0.000,0
2026-01-31 12:45:08,4414414,-3173.000,7237.000,-2143.000,54.000,-83.000,16.000,0.000,0.000,0
2026-01-31 12:45:08,4414454,-3144.000,7195.000,-2142.000,-18.000,-38.000,44.000,0.000,0.000,0
2026-01-31 12:45:08,4414494,-3197.000,7154.000,-2205.000,-33.000,2.000,0.000,0.000,0.000,0
2026-01-31 12:45:08,4414534,-3156.000,7281.000,-2142.000,31.000,-41.000,-12.000,0.000,0.000,0
2026-01-31 12:45:08,4414574,-3210.000,7171.000,-2174.000,-64.000,9.000,-43.000,0.000,0.000,0
2026-01-31 12:45:08,4414614,-3158.000,7191.000,-2151.000,-27.000,-10.000,-42.000,0.000,0.000,0
2026-01-31 12:45:08,4414654,-3135.000,7246.000,-2078.000,-1.000,37.000,-52.000,0.000,0.000,0
2026-01-31 12:45:08,4414694,-3195.000,7283.000,-2097.000,-71.000,115.000,-85.000,0.000,0.000,0
2026-01-31 12:45:08,4414734,-3287.000,7113.000,-2184.000,-144.000,131.000,-85.000,0.000,0.000,0
2026-01-31 12:45:08,4414774,-3295.000,7155.000,-2190.000,-89.000,65.000,-92.000,0.000,0.000,0
2026-01-31 12:45:08,4414814,-3248.000,7171.000,-2144.000,-82.000,26.000,-107.000,0.000,0.000,0
2026-01-31 12:45:08,4414854,-3298.000,7086.000,-2134.000,-46.000,-4.000,-63.000,0.000,0.000,0
2026-01-31 12:45:08,4414894,-3300.000,7147.000,-2144.000,28.000,-4.000,28.000,0.000,0.000,0
2026-01-31 12:45:08,4414934,-3264.000,7154.000,-2150.000,-4.000,-31.000,35.000,0.000,0.000,0
2026-01-31 12:45:08,4414974,-3227.000,7351.000,-2136.000,61.000,-47.000,52.000,0.000,0.000,0
2026-01-31 12:45:08,4415014,-3316.000,7154.000,-2147.000,-24.000,-21.000,15.000,0.000,0.000,0
2026-01-31 12:45:09,4415054,-3231.000,7267.000,-2100.000,24.000,-40.000,12.000,0.000,0.000,0
2026-01-31 12:45:09,4415094,-3251.000,7185.000,-2147.000,-126.000,-10.000,-17.000,0.000,0.000,0
2026-01-31 12:45:09,4415134,-3313.000,7194.000,-2132.000,-58.000,-7.000,-42.000,0.000,0.000,0
2026-01-31 12:45:09,4415174,-3216.000,7197.000,-2086.000,-34.000,3.000,-53.000,0.000,0.000,0
2026-01-31 12:45:09,4415214,-3122.000,7102.000,-2075.000,-92.000,58.000,-34.000,0.000,0.000,0
2026-01-31 12:45:09,4415254,-3243.000,7208.000,-2112.000,-4.000,126.000,-27.000,0.000,0.000,0
2026-01-31 12:45:09,4415294,-3246.000,7198.000,-2127.000,19.000,67.000,-7.000,0.000,0.000,0
2026-01-31 12:45:09,4415334,-3314.000,7164.000,-2164.000,-65.000,24.000,-21.000,0.000,0.000,0
2026-01-31 12:45:09,4415377,-3295.000,7131.000,-2089.000,-19.000,-29.000,10.000,0.000,0.000,0
2026-01-31 12:45:09,4415416,-3332.000,7158.000,-2185.000,-36.000,-63.000,3.000,0.000,0.000,0
2026-01-31 12:45:09,4415454,-3235.000,7179.000,-2133.000,17.000,-79.000,-17.000,0.000,0.000,0
2026-01-31 12:45:09,4415494,-3249.000,7186.000,-2064.000,-13.000,-76.000,-11.000,0.000,0.000,0
2026-01-31 12:45:09,4415534,-3183.000,7166.000,-2056.000,-31.000,-74.000,8.000,0.000,0.000,0
2026-01-31 12:45:09,4415574,-3206.000,7171.000,-2035.000,16.000,-37.000,57.000,0.000,0.000,0
2026-01-31 12:45:09,4415617,-3318.000,7206.000,-2114.000,1.000,8.000,28.000,0.000,0.000,0
2026-01-31 12:45:09,4415654,-3302.000,7201.000,-2167.000,27.000,-45.000,-34.000,0.000,0.000,0
2026-01-31 12:45:09,4415694,-3272.000,7102.000,-2106.000,-19.000,-68.000,-29.000,0.000,0.000,0
2026-01-31 12:45:09,4415734,-3270.000,7121.000,-2123.000,-9.000,-75.000,-8.000,0.000,0.000,0
2026-01-31 12:45:09,4415774,-3263.000,7148.000,-2074.000,23.000,-76.000,6.000,0.000,0.000,0
2026-01-31 12:45:09,4415814,-3301.000,7167.000,-2076.000,15.000,-48.000,10.000,0.000,0.000,0
2026-01-31 12:45:09,4415854,-3285.000,7174.000,-2097.000,10.000,-65.000,9.000,0.000,0.000,0
2026-01-31 12:45:09,4415894,-3275.000,7227.000,-2079.000,1.000,-66.000,-32.000,0.000,0.000,0
2026-01-31 12:45:09,4415934,-3272.000,7136.000,-2050.000,-43.000,-35.000,-24.000,0.000,0.000,0
2026-01-31 12:45:09,4415974,-3353.000,7135.000,-2117.000,-15.000,-46.000,-20.000,0.000,0.000,0
2026-01-31 12:45:09,4416014,-3288.000,7077.000,-2094.000,30.000,-88.000,26.000,0.000,0.000,0
2026-01-31 12:45:10,4416054,-3296.000,7269.000,-2067.000,-14.000,-51.000,-4.000,0.000,0.000,0
2026-01-31 12:45:10,4416094,-3337.000,7234.000,-2049.000,5.000,-51.000,-46.000,0.000,0.000,0
2026-01-31 12:45:10,4416134,-3254.000,7103.000,-2126.000,-89.000,-66.000,-70.000,0.000,0.000,0
2026-01-31 12:45:10,4416174,-3224.000,7032.000,-2019.000,-6.000,-31.000,-3.000,0.000,0.000,0
2026-01-31 12:45:10,4416214,-3312.000,7243.000,-2091.000,-31.000,34.000,-19.000,0.000,0.000,0
2026-01-31 12:45:10,4416254,-3246.000,7066.000,-2062.000,-56.000,50.000,-14.000,0.000,0.000,0
2026-01-31 12:45:10,4416294,-3194.000,7243.000,-2020.000,37.000,88.000,47.000,0.000,0.000,0
2026-01-31 12:45:10,4416334,-3308.000,7199.000,-2089.000,-21.000,133.000,12.000,0.000,0.000,0
2026-01-31 12:45:10,4416374,-3278.000,7247.000,-2023.000,-18.000,143.000,12.000,0.000,0.000,0
2026-01-31 12:45:10,4416414,-3356.000,7155.000,-2097.000,-76.000,164.000,-20.000,0.000,0.000,0
2026-01-31 12:45:10,4416454,-3320.000,7200.000,-2117.000,-41.000,111.000,-16.000,0.000,0.000,0
2026-01-31 12:45:10,4416494,-3251.000,7136.000,-2015.000,-41.000,117.000,-42.000,0.000,0.000,0
2026-01-31 12:45:10,4416534,-3270.000,7213.000,-2109.000,-3.000,137.000,-21.000,0.000,0.000,0
2026-01-31 12:45:10,4416574,-3310.000,7190.000,-2106.000,-24.000,141.000,-31.000,0.000,0.000,0
2026-01-31 12:45:10,4416614,-3211.000,7170.000,-2040.000,-63.000,154.000,-38.000,0.000,0.000,0
2026-01-31 12:45:10,4416654,-3301.000,7078.000,-2111.000,-42.000,201.000,-1.000,0.000,0.000,0
2026-01-31 12:45:10,4416694,-3281.000,7261.000,-2123.000,-13.000,201.000,0.000,0.000,0.000,0
2026-01-31 12:45:10,4416734,-3219.000,7203.000,-2115.000,-92.000,222.000,-27.000,0.000,0.000,0
2026-01-31 12:45:10,4416774,-3285.000,7101.000,-2100.000,-96.000,222.000,-50.000,0.000,0.000,0
2026-01-31 12:45:10,4416814,-3260.000,7234.000,-2086.000,-19.000,202.000,-19.000,0.000,0.000,0
2026-01-31 12:45:10,4416854,-3317.000,7197.000,-2131.000,-39.000,201.000,-31.000,0.000,0.000,0
2026-01-31 12:45:10,4416894,-3218.000,7141.000,-2157.000,-96.000,201.000,-47.000,0.000,0.000,0
2026-01-31 12:45:10,4416934,-3277.000,7153.000,-2127.000,-43.000,182.000,-20.000,0.000,0.000,0
2026-01-31 12:45:10,4416974,-3308.000,7153.000,-2137.000,-18.000,145.000,-19.000,0.000,0.000,0
2026-01-31 12:45:10,4417014,-3280.000,7247.000,-2131.000,-43.000,132.000,-8.000,0.000,0.000,0
2026-01-31 12:45:11,4417054,-3228.000,7227.000,-2151.000,-75.000,145.000,-14.000,0.000,0.000,0
2026-01-31 12:45:11,4417094,-3290.000,7122.000,-2145.000,-80.000,139.000,-35.000,0.000,0.000,0
2026-01-31 12:45:11,4417134,-3258.000,7162.000,-2164.000,-48.000,113.000,-10.000,0.000,0.000,0
2026-01-31 12:45:11,4417174,-3255.000,7197.000,-2112.000,-24.000,101.000,-16.000,0.000,0.000,0
2026-01-31 12:45:11,4417214,-3211.000,7216.000,-2110.000,-53.000,113.000,-18.000,0.000,0.000,0
2026-01-31 12:45:11,4417254,-3260.000,7208.000,-2159.000,-53.000,103.000,-41.000,0.000,0.000,0
2026-01-31 12:45:11,4417294,-3267.000,7121.000,-2143.000,-54.000,95.000,-18.000,0.000,0.000,0
2026-01-31 12:45:11,4417334,-3272.000,7156.000,-2126.000,-33.000,104.000,-13.000,0.000,0.000,0
2026-01-31 12:45:11,4417377,-3230.000,7132.000,-2139.000,-43.000,59.000,0.000,0.000,0.000,0
2026-01-31 12:45:11,4417417,-3254.000,7205.000,-2169.000,-6.000,75.000,29.000,0.000,0.000,0
2026-01-31 12:45:11,4417457,-3347.000,7170.000,-2201.000,-41.000,35.000,34.000,0.000,0.000,0
2026-01-31 12:45:11,4417494,-3251.000,7200.000,-2148.000,15.000,-11.000,29.000,0.000,0.000,0
2026-01-31 12:45:11,4417534,-3229.000,7161.000,-2108.000,-31.000,-3.000,20.000,0.000,0.000,0
2026-01-31 12:45:11,4417574,-3268.000,7260.000,-2163.000,29.000,-21.000,7.000,0.000,0.000,0
2026-01-31 12:45:11,4417617,-3283.000,7154.000,-2111.000,-34.000,-64.000,-30.000,0.000,0.000,0
2026-01-31 12:45:11,4417654,-3176.000,7143.000,-2099.000,-36.000,-72.000,-34.000,0.000,0.000,0
2026-01-31 12:45:11,4417694,-3216.000,7137.000,-2099.000,7.000,-59.000,-38.000,0.000,0.000,0
2026-01-31 12:45:11,4417734,-3234.000,7080.000,-2114.000,-16.000,-41.000,-17.000,0.000,0.000,0
2026-01-31 12:45:11,4417774,-3262.000,7191.000,-2127.000,48.000,-72.000,31.000,0.000,0.000,0
2026-01-31 12:45:11,4417814,-3256.000,7126.000,-2122.000,12.000,-73.000,17.000,0.000,0.000,0
2026-01-31 12:45:11,4417854,-3244.000,7162.000,-2108.000,26.000,-78.000,21.000,0.000,0.000,0
2026-01-31 12:45:11,4417894,-3351.000,7142.000,-2131.000,10.000,-80.000,42.000,0.000,0.000,0
2026-01-31 12:45:11,4417934,-3322.000,7251.000,-2117.000,29.000,-111.000,42.000,0.000,0.000,0
2026-01-31 12:45:11,4417974,-3263.000,7191.000,-2075.000,11.000,-116.000,22.000,0.000,0.000,0
2026-01-31 12:45:11,4418014,-3235.000,7169.000,-2090.000,15.000,-127.000,32.000,0.000,0.000,0
2026-01-31 12:45:12,4418054,-3256.000,7200.000,-2078.000,3.000,-124.000,1.000,0.000,0.000,0
2026-01-31 12:45:12,4418094,-3289.000,7215.000,-2114.000,-41.000,-122.000,18.000,0.000,0.000,0
2026-01-31 12:45:12,4418134,-3282.000,7148.000,-2095.000,-112.000,-144.000,11.000,0.000,0.000,0
2026-01-31 12:45:12,4418174,-3276.000,7189.000,-2054.000,-111.000,-138.000,-22.000,0.000,0.000,0
2026-01-31 12:45:12,4418214,-3269.000,7109.000,-2073.000,-206.000,-144.000,1.000,0.000,0.000,0
2026-01-31 12:45:12,4418254,-3439.000,7128.000,-2221.000,-218.000,-254.000,76.000,0.000,0.000,0
2026-01-31 12:45:12,4418294,-3357.000,7303.000,-2185.000,-98.000,-421.000,71.000,0.000,0.000,0
2026-01-31 12:45:12,4418334,-3224.000,7111.000,-1863.000,-14.000,-518.000,53.000,0.000,0.000,0
2026-01-31 12:45:12,4418374,-3125.000,7228.000,-1757.000,128.000,-372.000,77.000,0.000,0.000,0
2026-01-31 12:45:12,4418414,-3254.000,7139.000,-1891.000,109.000,-200.000,126.000,0.000,0.000,0
2026-01-31 12:45:12,4418454,-3247.000,7375.000,-1829.000,146.000,-97.000,96.000,0.000,0.000,0
2026-01-31 12:45:12,4418494,-3221.000,7299.000,-1881.000,1.000,46.000,33.000,0.000,0.000,0
2026-01-31 12:45:12,4418534,-3324.000,7197.000,-2058.000,-35.000,87.000,14.000,0.000,0.000,0
2026-01-31 12:45:12,4418574,-3346.000,7330.000,-1969.000,15.000,22.000,10.000,0.000,0.000,0
2026-01-31 12:45:12,4418614,-3234.000,7212.000,-1979.000,-74.000,41.000,-11.000,0.000,0.000,0
2026-01-31 12:45:12,4418654,-3256.000,7123.000,-1956.000,-64.000,60.000,-19.000,0.000,0.000,0
2026-01-31 12:45:12,4418694,-3180.000,7260.000,-1931.000,-14.000,6.000,-15.000,0.000,0.000,0
2026-01-31 12:45:12,4418734,-3181.000,7167.000,-1824.000,-30.000,145.000,-19.000,0.000,0.000,0
2026-01-31 12:45:12,4418774,-3133.000,7248.000,-1841.000,35.000,306.000,-15.000,0.000,0.000,0
2026-01-31 12:45:12,4418814,-3297.000,7235.000,-1960.000,-23.000,422.000,-38.000,0.000,0.000,0
2026-01-31 12:45:12,4418854,-3370.000,7158.000,-2136.000,-22.000,369.000,-32.000,0.000,0.000,0
2026-01-31 12:45:12,4418894,-3244.000,7170.000,-2113.000,48.000,263.000,6.000,0.000,0.000,0
2026-01-31 12:45:12,4418934,-3224.000,7226.000,-2000.000,25.000,181.000,19.000,0.000,0.000,0
2026-01-31 12:45:12,4418974,-3251.000,7201.000,-2066.000,-24.000,161.000,27.000,0.000,0.000,0
2026-01-31 12:45:12,4419014,-3302.000,7224.000,-2099.000,21.000,107.000,19.000,0.000,0.000,0
2026-01-31 12:45:13,4419054,-3269.000,7335.000,-2035.000,-51.000,59.000,-28.000,0.000,0.000,0
2026-01-31 12:45:13,4419094,-3205.000,7066.000,-2063.000,-52.000,15.000,-50.000,0.000,0.000,0
2026-01-31 12:45:13,4419134,-3181.000,7272.000,-2000.000,10.000,-7.000,-16.000,0.000,0.000,0
2026-01-31 12:45:13,4419174,-3272.000,7266.000,-1993.000,-19.000,35.000,-29.000,0.000,0.000,0
2026-01-31 12:45:13,4419214,-3248.000,7092.000,-2089.000,-95.000,-27.000,-8.000,0.000,0.000,0
2026-01-31 12:45:13,4419254,-3257.000,7171.000,-2013.000,34.000,-74.000,34.000,0.000,0.000,0
2026-01-31 12:45:13,4419294,-3341.000,7236.000,-1999.000,33.000,-76.000,64.000,0.000,0.000,0
2026-01-31 12:45:13,4419334,-3183.000,7171.000,-1965.000,22.000,-105.000,60.000,0.000,0.000,0
2026-01-31 12:45:13,4419377,-3351.000,7310.000,-2035.000,7.000,50.000,36.000,0.000,0.000,0
2026-01-31 12:45:13,4419416,-3258.000,7129.000,-2039.000,-24.000,12.000,-11.000,0.000,0.000,0
2026-01-31 12:45:13,4419454,-3224.000,7099.000,-2018.000,8.000,-10.000,13.000,0.000,0.000,0
2026-01-31 12:45:13,4419494,-3267.000,7253.000,-2007.000,117.000,-16.000,44.000,0.000,0.000,0
2026-01-31 12:45:13,4419534,-3225.000,7206.000,-2015.000,92.000,-31.000,3.000,0.000,0.000,0
2026-01-31 12:45:13,4419574,-3218.000,7194.000,-2049.000,102.000,-34.000,12.000,0.000,0.000,0
2026-01-31 12:45:13,4419617,-3293.000,7313.000,-2060.000,80.000,-60.000,4.000,0.000,0.000,0
2026-01-31 12:45:13,4419654,-3248.000,7251.000,-2029.000,-4.000,-81.000,-12.000,0.000,0.000,0
2026-01-31 12:45:13,4419694,-3228.000,7175.000,-2100.000,-12.000,-103.000,-21.000,0.000,0.000,0
2026-01-31 12:45:13,4419734,-3215.000,7168.000,-1977.000,8.000,-108.000,-34.000,0.000,0.000,0
2026-01-31 12:45:13,4419774,-3174.000,7217.000,-2059.000,-46.000,-87.000,-37.000,0.000,0.000,0
2026-01-31 12:45:13,4419814,-3196.000,7076.000,-2082.000,-55.000,-89.000,-7.000,0.000,0.000,0
2026-01-31 12:45:13,4419854,-3180.000,7287.000,-1971.000,58.000,-61.000,47.000,0.000,0.000,0
2026-01-31 12:45:13,4419894,-3167.000,7161.000,-1958.000,-9.000,0.000,86.000,0.000,0.000,0
2026-01-31 12:45:13,4419934,-3162.000,7247.000,-1981.000,57.000,100.000,77.000,0.000,0.000,0
2026-01-31 12:45:13,4419974,-3269.000,7257.000,-2083.000,-25.000,116.000,35.000,0.000,0.000,0
2026-01-31 12:45:13,4420014,-3225.000,7294.000,-2061.000,-29.000,78.000,-8.000,0.000,0.000,0
2026-01-31 12:45:14,4420054,-3250.000,7219.000,-1968.000,-57.000,73.000,-33.000,0.000,0.000,0
2026-01-31 12:45:14,4420094,-3204.000,7142.000,-2017.000,-69.000,93.000,-5.000,0.000,0.000,0
2026-01-31 12:45:14,4420134,-3173.000,7310.000,-2012.000,-18.000,116.000,0.000,0.000,0.000,0
2026-01-31 12:45:14,4420174,-3256.000,7220.000,-2094.000,-66.000,133.000,-3.000,0.000,0.000,0
2026-01-31 12:45:14,4420214,-3219.000,7182.000,-2039.000,-23.000,120.000,-1.000,0.000,0.000,0
2026-01-31 12:45:14,4420254,-3306.000,7247.000,-2083.000,-9.000,59.000,15.000,0.000,0.000,0
2026-01-31 12:45:14,4420294,-3271.000,7270.000,-2008.000,-29.000,29.000,-15.000,0.000,0.000,0
2026-01-31 12:45:14,4420334,-3242.000,7152.000,-2006.000,-80.000,43.000,-61.000,0.000,0.000,0
2026-01-31 12:45:14,4420374,-3222.000,7176.000,-2026.000,-55.000,29.000,-57.000,0.000,0.000,0
2026-01-31 12:45:14,4420414,-3222.000,7170.000,-2013.000,-32.000,32.000,-51.000,0.000,0.000,0
2026-01-31 12:45:14,4420454,-3212.000,7117.000,-1999.000,-59.000,19.000,-44.000,0.000,0.000,0
2026-01-31 12:45:14,4420494,-3154.000,7134.000,-2024.000,-9.000,-5.000,5.000,0.000,0.000,0
2026-01-31 12:45:14,4420534,-3232.000,7208.000,-2026.000,48.000,-8.000,50.000,0.000,0.000,0
2026-01-31 12:45:14,4420574,-3282.000,7130.000,-2027.000,-3.000,-35.000,32.000,0.000,0.000,0
2026-01-31 12:45:14,4420614,-3280.000,7188.000,-2046.000,19.000,-78.000,40.000,0.000,0.000,0
2026-01-31 12:45:14,4420654,-3245.000,7193.000,-1970.000,37.000,-57.000,27.000,0.000,0.000,0
2026-01-31 12:45:14,4420694,-3197.000,7120.000,-2013.000,-7.000,-59.000,5.000,0.000,0.000,0
2026-01-31 12:45:14,4420734,-3199.000,7143.000,-2015.000,-9.000,-68.000,1.000,0.000,0.000,0
2026-01-31 12:45:14,4420774,-3228.000,7161.000,-1963.000,7.000,-51.000,15.000,0.000,0.000,0
2026-01-31 12:45:14,4420814,-3247.000,7111.000,-2002.000,-7.000,-27.000,32.000,0.000,0.000,0
2026-01-31 12:45:14,4420854,-3135.000,7200.000,-2014.000,5.000,-38.000,33.000,0.000,0.000,0
2026-01-31 12:45:14,4420894,-3271.000,7241.000,-2018.000,4.000,-17.000,71.000,0.000,0.000,0
2026-01-31 12:45:14,4420934,-3248.000,7227.000,-2004.000,-19.000,-17.000,57.000,0.000,0.000,0
2026-01-31 12:45:14,4420974,-3177.000,7234.000,-2062.000,-21.000,-24.000,22.000,0.000,0.000,0
2026-01-31 12:45:14,4421014,-3263.000,7165.000,-1981.000,-28.000,-51.000,-23.000,0.000,0.000,0
2026-01-31 12:45:15,4421054,-3064.000,7052.000,-1949.000,-50.000,-26.000,11.000,0.000,0.000,0
2026-01-31 12:45:15,4421094,-3224.000,7218.000,-1998.000,-37.000,36.000,39.000,0.000,0.000,0
2026-01-31 12:45:15,4421134,-3262.000,7237.000,-1997.000,-19.000,29.000,17.000,0.000,0.000,0
2026-01-31 12:45:15,4421174,-3211.000,7193.000,-2005.000,-29.000,14.000,25.000,0.000,0.000,0
2026-01-31 12:45:15,4421214,-3243.000,7177.000,-2038.000,-50.000,-2.000,24.000,0.000,0.000,0
2026-01-31 12:45:15,4421254,-3313.000,7193.000,-2004.000,23.000,-40.000,66.000,0.000,0.000,0
2026-01-31 12:45:15,4421294,-3175.000,7128.000,-1960.000,-60.000,-66.000,35.000,0.000,0.000,0
2026-01-31 12:45:15,4421334,-3148.000,7138.000,-1982.000,-45.000,-77.000,18.000,0.000,0.000,0
2026-01-31 12:45:15,4421374,-3173.000,7206.000,-1895.000,-12.000,-21.000,52.000,0.000,0.000,0
2026-01-31 12:45:15,4421414,-3206.000,7240.000,-2047.000,-38.000,10.000,22.000,0.000,0.000,0
2026-01-31 12:45:15,4421454,-3185.000,7221.000,-2024.000,-98.000,-48.000,6.000,0.000,0.000,0
2026-01-31 12:45:15,4421494,-3270.000,7280.000,-2013.000,-48.000,-110.000,-7.000,0.000,0.000,0
2026-01-31 12:45:15,4421534,-3119.000,7191.000,-1916.000,-83.000,-134.000,-1.000,0.000,0.000,0
2026-01-31 12:45:15,4421574,-3082.000,7125.000,-1823.000,-54.000,-17.000,36.000,0.000,0.000,0
2026-01-31 12:45:15,4421629,-3242.000,7213.000,-2048.000,-59.000,-9.000,40.000,0.000,0.000,0
2026-01-31 12:45:15,4421654,-3261.000,7260.000,-2097.000,-101.000,-78.000,23.000,0.000,0.000,0
2026-01-31 12:45:15,4421694,-3176.000,7294.000,-1977.000,-208.000,-203.000,-40.000,0.000,0.000,0
2026-01-31 12:45:15,4421734,-3188.000,7229.000,-1695.000,-117.000,-119.000,0.000,0.000,0.000,0
2026-01-31 12:45:15,4421774,-3115.000,7112.000,-1785.000,-30.000,262.000,83.000,0.000,0.000,0
2026-01-31 12:45:15,4421814,-3135.000,7411.000,-1817.000,159.000,394.000,91.000,0.000,0.000,0
2026-01-31 12:45:15,4421854,-3293.000,7228.000,-1991.000,-68.000,440.000,12.000,0.000,0.000,0
2026-01-31 12:45:15,4421894,-3197.000,7072.000,-2062.000,161.000,316.000,-4.000,0.000,0.000,0
2026-01-31 12:45:15,4421934,-3136.000,7487.000,-1898.000,236.000,192.000,-10.000,0.000,0.000,0
2026-01-31 12:45:15,4421974,-3224.000,7254.000,-1980.000,10.000,243.000,-28.000,0.000,0.000,0
2026-01-31 12:45:15,4422014,-3174.000,7265.000,-2091.000,21.000,146.000,-58.000,0.000,0.000,0
2026-01-31 12:45:16,4422054,-3269.000,7226.000,-2164.000,24.000,4.000,-24.000,0.000,0.000,0
2026-01-31 12:45:16,4422094,-3294.000,7082.000,-2051.000,-15.000,-124.000,14.000,0.000,0.000,0
2026-01-31 12:45:16,4422134,-3129.000,7090.000,-1933.000,60.000,-211.000,21.000,0.000,0.000,0
2026-01-31 12:45:16,4422174,-3080.000,7248.000,-1913.000,81.000,-158.000,51.000,0.000,0.000,0
2026-01-31 12:45:16,4422214,-3130.000,7237.000,-1941.000,29.000,-127.000,34.000,0.000,0.000,0
2026-01-31 12:45:16,4422254,-3116.000,7192.000,-1976.000,13.000,-119.000,43.000,0.000,0.000,0
2026-01-31 12:45:16,4422294,-3093.000,7287.000,-2045.000,40.000,-131.000,55.000,0.000,0.000,0
2026-01-31 12:45:16,4422334,-3070.000,7283.000,-1955.000,42.000,-113.000,50.000,0.000,0.000,0
2026-01-31 12:45:16,4422374,-3072.000,7299.000,-1977.000,11.000,-128.000,35.000,0.000,0.000,0
2026-01-31 12:45:16,4422414,-3088.000,7235.000,-1951.000,10.000,-108.000,36.000,0.000,0.000,0
2026-01-31 12:45:16,4422454,-3036.000,7271.000,-1968.000,-5.000,-83.000,14.000,0.000,0.000,0
2026-01-31 12:45:16,4422494,-3153.000,7214.000,-1943.000,-5.000,-50.000,6.000,0.000,0.000,0
2026-01-31 12:45:16,4422534,-3109.000,7298.000,-1961.000,-87.000,-2.000,-11.000,0.000,0.000,0
2026-01-31 12:45:16,4422574,-3114.000,7184.000,-1958.000,-115.000,-18.000,-18.000,0.000,0.000,0
2026-01-31 12:45:16,4422614,-3040.000,7280.000,-1883.000,-148.000,-8.000,-31.000,0.000,0.000,0
2026-01-31 12:45:16,4422654,-3176.000,7310.000,-1868.000,-262.000,18.000,-54.000,0.000,0.000,0
2026-01-31 12:45:16,4422694,-3205.000,7159.000,-1970.000,-327.000,-58.000,-75.000,0.000,0.000,0
2026-01-31 12:45:16,4422734,-3158.000,7330.000,-1782.000,-324.000,-49.000,-71.000,0.000,0.000,0
2026-01-31 12:45:16,4422774,-3080.000,6792.000,-1758.000,-419.000,31.000,-16.000,0.000,0.000,0
2026-01-31 12:45:16,4422814,-3105.000,7414.000,-1666.000,80.000,168.000,18.000,0.000,0.000,0
2026-01-31 12:45:16,4422854,-3521.000,7139.000,-1990.000,262.000,237.000,18.000,0.000,0.000,0
2026-01-31 12:45:16,4422894,-2999.000,7685.000,-1913.000,125.000,165.000,-111.000,0.000,0.000,0
2026-01-31 12:45:16,4422934,-3351.000,6984.000,-1903.000,-338.000,191.000,-80.000,0.000,0.000,0
2026-01-31 12:45:16,4422974,-2985.000,6903.000,-2064.000,143.000,-16.000,-123.000,0.000,0.000,0
2026-01-31 12:45:16,4423014,-3148.000,7264.000,-1690.000,197.000,-14.000,4.000,0.000,0.000,0
2026-01-31 12:45:17,4423054,-3418.000,7363.000,-1965.000,71.000,26.000,17.000,0.000,0.000,0
2026-01-31 12:45:17,4423094,-3232.000,7255.000,-2001.000,-57.000,43.000,-18.000,0.000,0.000,0
2026-01-31 12:45:17,4423134,-3217.000,7292.000,-1902.000,145.000,-88.000,-51.000,0.000,0.000,0
2026-01-31 12:45:17,4423174,-3266.000,7328.000,-1891.000,-231.000,-118.000,4.000,0.000,0.000,0
2026-01-31 12:45:17,4423214,-3275.000,7202.000,-1955.000,-433.000,-144.000,8.000,0.000,0.000,0
2026-01-31 12:45:17,4423254,-3202.000,6952.000,-1742.000,-130.000,-121.000,24.000,0.000,0.000,0
2026-01-31 12:45:17,4423294,-3142.000,7112.000,-1772.000,56.000,46.000,55.000,0.000,0.000,0
2026-01-31 12:45:17,4423337,-3158.000,7396.000,-1797.000,17.000,340.000,97.000,0.000,0.000,0
2026-01-31 12:45:17,4423376,-3275.000,7303.000,-1838.000,-184.000,262.000,78.000,0.000,0.000,0
2026-01-31 12:45:17,4423417,-3266.000,7270.000,-1935.000,-570.000,164.000,65.000,0.000,0.000,0
2026-01-31 12:45:17,4423454,-3205.000,7176.000,-1829.000,-494.000,47.000,11.000,0.000,0.000,0
2026-01-31 12:45:17,4423494,-3077.000,7173.000,-1775.000,-434.000,-9.000,20.000,0.000,0.000,0
2026-01-31 12:45:17,4423534,-2999.000,7086.000,-1798.000,-168.000,-63.000,110.000,0.000,0.000,0
2026-01-31 12:45:17,4423574,-3189.000,7179.000,-1650.000,-217.000,41.000,199.000,0.000,0.000,0
2026-01-31 12:45:17,4423617,-3038.000,7195.000,-1731.000,52.000,-55.000,124.000,0.000,0.000,0
2026-01-31 12:45:17,4423656,-3034.000,7238.000,-1837.000,176.000,-2.000,105.000,0.000,0.000,0
2026-01-31 12:45:17,4423694,-3044.000,6925.000,-1866.000,118.000,-27.000,56.000,0.000,0.000,0
2026-01-31 12:45:17,4423734,-2920.000,7169.000,-1714.000,457.000,-70.000,259.000,0.000,0.000,0
2026-01-31 12:45:17,4423774,-3134.000,7716.000,-1844.000,267.000,-61.000,232.000,0.000,0.000,0
2026-01-31 12:45:17,4423814,-3027.000,7320.000,-1935.000,-231.000,-189.000,99.000,0.000,0.000,0
2026-01-31 12:45:17,4423854,-3150.000,7333.000,-1822.000,-164.000,-270.000,-23.000,0.000,0.000,0
2026-01-31 12:45:17,4423894,-2973.000,6974.000,-1674.000,-268.000,-332.000,105.000,0.000,0.000,0
2026-01-31 12:45:17,4423934,-3067.000,7296.000,-1624.000,143.000,-265.000,106.000,0.000,0.000,0
2026-01-31 12:45:17,4423974,-3030.000,7194.000,-1634.000,65.000,-180.000,240.000,0.000,0.000,0
2026-01-31 12:45:17,4424014,-3048.000,7352.000,-1670.000,109.000,-99.000,293.000,0.000,0.000,0
2026-01-31 12:45:18,4424054,-3018.000,7553.000,-1630.000,174.000,-69.000,151.000,0.000,0.000,0
2026-01-31 12:45:18,4424094,-3042.000,7437.000,-1687.000,82.000,-31.000,11.000,0.000,0.000,0
2026-01-31 12:45:18,4424134,-3045.000,7226.000,-1750.000,87.000,-70.000,41.000,0.000,0.000,0
2026-01-31 12:45:18,4424174,-2999.000,7094.000,-1801.000,42.000,-90.000,166.000,0.000,0.000,0
2026-01-31 12:45:18,4424214,-3013.000,7372.000,-1755.000,456.000,-185.000,196.000,0.000,0.000,0
2026-01-31 12:45:18,4424254,-2922.000,7206.000,-1688.000,272.000,-138.000,260.000,0.000,0.000,0
2026-01-31 12:45:18,4424294,-2737.000,7327.000,-1595.000,269.000,63.000,402.000,0.000,0.000,0
2026-01-31 12:45:18,4424334,-2742.000,7279.000,-1615.000,178.000,282.000,705.000,0.000,0.000,0
2026-01-31 12:45:18,4424374,-2825.000,7169.000,-2058.000,-143.000,377.000,999.000,0.000,0.000,0
2026-01-31 12:45:18,4424414,-2785.000,7324.000,-2332.000,135.000,301.000,1086.000,0.000,0.000,0
2026-01-31 12:45:18,4424454,-3011.000,7413.000,-2575.000,-77.000,255.000,1102.000,0.000,0.000,0
2026-01-31 12:45:18,4424494,-2874.000,7655.000,-2250.000,741.000,38.000,812.000,0.000,0.000,0
2026-01-31 12:45:18,4424534,-2214.000,7703.000,-2053.000,529.000,-113.000,811.000,0.000,0.000,0
2026-01-31 12:45:18,4424574,-2409.000,7683.000,-2150.000,933.000,-311.000,910.000,0.000,0.000,0
2026-01-31 12:45:18,4424614,-2118.000,8213.000,-1749.000,552.000,-236.000,734.000,0.000,0.000,0
2026-01-31 12:45:18,4424654,-2338.000,7759.000,-2070.000,-604.000,201.000,574.000,0.000,0.000,0
2026-01-31 12:45:18,4424694,-2077.000,7540.000,-1899.000,-798.000,85.000,498.000,0.000,0.000,0
2026-01-31 12:45:18,4424734,-2009.000,7515.000,-1781.000,-802.000,202.000,626.000,0.000,0.000,0
2026-01-31 12:45:18,4424774,-2035.000,7764.000,-1882.000,-1163.000,288.000,675.000,0.000,0.000,0
2026-01-31 12:45:18,4424814,-1764.000,7432.000,-1629.000,-965.000,286.000,585.000,0.000,0.000,0
2026-01-31 12:45:18,4424854,-1704.000,7751.000,-1587.000,-715.000,332.000,579.000,0.000,0.000,0
2026-01-31 12:45:18,4424894,-1802.000,7738.000,-1372.000,-1045.000,398.000,483.000,0.000,0.000,0
2026-01-31 12:45:18,4424934,-1659.000,7674.000,-1273.000,-931.000,440.000,433.000,0.000,0.000,0
2026-01-31 12:45:18,4424974,-1552.000,7516.000,-1273.000,-969.000,518.000,548.000,0.000,0.000,0
2026-01-31 12:45:18,4425014,-1537.000,7701.000,-1302.000,-607.000,552.000,555.000,0.000,0.000,0
2026-01-31 12:45:19,4425054,-1302.000,7462.000,-1116.000,-529.000,494.000,603.000,0.000,0.000,0
2026-01-31 12:45:19,4425094,-1624.000,7910.000,-1585.000,-218.000,739.000,521.000,0.000,0.000,0
2026-01-31 12:45:19,4425134,-1387.000,7670.000,-1303.000,-402.000,602.000,445.000,0.000,0.000,0
2026-01-31 12:45:19,4425174,-1184.000,7784.000,-1227.000,-309.000,591.000,637.000,0.000,0.000,0
2026-01-31 12:45:19,4425214,-1196.000,7924.000,-1033.000,-651.000,596.000,612.000,0.000,0.000,0
2026-01-31 12:45:19,4425254,-1000.000,7909.000,-949.000,-1220.000,851.000,701.000,0.000,0.000,0
2026-01-31 12:45:19,4425294,-1541.000,8633.000,-1368.000,-1006.000,782.000,414.000,0.000,0.000,0
2026-01-31 12:45:19,4425337,-1452.000,7462.000,-934.000,-1367.000,516.000,191.000,0.000,0.000,0
2026-01-31 12:45:19,4425377,-1446.000,7786.000,-875.000,127.000,-7.000,169.000,0.000,0.000,0
2026-01-31 12:45:19,4425416,-1325.000,7916.000,-750.000,266.000,-160.000,217.000,0.000,0.000,0
2026-01-31 12:45:19,4425454,-1106.000,7485.000,-1046.000,557.000,-481.000,487.000,0.000,0.000,0
2026-01-31 12:45:19,4425494,-1092.000,7987.000,-991.000,905.000,-686.000,625.000,0.000,0.000,0
2026-01-31 12:45:19,4425534,-1017.000,7829.000,-666.000,998.000,-563.000,725.000,0.000,0.000,0
2026-01-31 12:45:19,4425574,-1011.000,8329.000,-1056.000,476.000,-390.000,866.000,0.000,0.000,0
2026-01-31 12:45:19,4425618,-958.000,8597.000,-959.000,395.000,-890.000,714.000,0.000,0.000,0
2026-01-31 12:45:19,4425654,-1017.000,8435.000,-965.000,-149.000,-1034.000,664.000,0.000,0.000,0
2026-01-31 12:45:19,4425694,-974.000,8033.000,-1145.000,-157.000,-1375.000,756.000,0.000,0.000,0
2026-01-31 12:45:19,4425734,-1009.000,8785.000,-1116.000,-492.000,-1614.000,504.000,0.000,0.000,0
2026-01-31 12:45:19,4425774,-779.000,7619.000,-870.000,-1294.000,-1351.000,481.000,0.000,0.000,0
2026-01-31 12:45:19,4425814,-313.000,8799.000,-799.000,-722.000,-1338.000,500.000,0.000,0.000,0
2026-01-31 12:45:19,4425854,-108.000,8215.000,-731.000,-1743.000,-1215.000,381.000,0.000,0.000,0
2026-01-31 12:45:19,4425894,187.000,7926.000,-436.000,-1834.000,-1095.000,608.000,0.000,0.000,0
2026-01-31 12:45:19,4425934,866.000,7314.000,274.000,-1547.000,-108.000,846.000,0.000,0.000,0
2026-01-31 12:45:19,4425974,-368.000,8982.000,-633.000,-231.000,1404.000,1285.000,0.000,0.000,0
2026-01-31 12:45:19,4426014,-806.000,8427.000,-1071.000,-1550.000,728.000,1049.000,0.000,0.000,0
2026-01-31 12:45:20,4426054,69.000,7828.000,203.000,-1692.000,183.000,1105.000,0.000,0.000,0
2026-01-31 12:45:20,4426094,1080.000,7985.000,1470.000,-2462.000,1485.000,1316.000,0.000,0.000,0
2026-01-31 12:45:20,4426134,1077.000,6924.000,1212.000,-2538.000,3347.000,1797.000,0.000,0.000,0
2026-01-31 12:45:20,4426174,339.000,8166.000,1463.000,-2507.000,4319.000,2486.000,0.000,0.000,0
2026-01-31 12:45:20,4426214,674.000,6823.000,1265.000,-5129.000,5297.000,3808.000,0.000,0.000,0
2026-01-31 12:45:20,4426254,763.000,5913.000,7.000,-5202.000,5379.000,5807.000,0.000,0.000,0
2026-01-31 12:45:20,4426294,2020.000,7623.000,74.000,-2484.000,3564.000,6968.000,0.000,0.000,0
2026-01-31 12:45:20,4426334,2944.000,7091.000,1417.000,-5205.000,1931.000,7777.000,0.000,0.000,0
2026-01-31 12:45:20,4426374,3274.000,4545.000,1581.000,-7738.000,-153.000,9850.000,0.000,0.000,0
2026-01-31 12:45:20,4426414,3946.000,4457.000,2273.000,-4193.000,-2564.000,10864.000,0.000,0.000,0
2026-01-31 12:45:20,4426454,5114.000,4099.000,2683.000,-1857.000,-4299.000,11977.000,0.000,0.000,0
2026-01-31 12:45:20,4426494,7347.000,3597.000,2441.000,1332.000,-5385.000,12637.000,0.000,0.000,0
2026-01-31 12:45:20,4426534,9231.000,4449.000,2308.000,4019.000,-5816.000,12269.000,0.000,0.000,0
2026-01-31 12:45:20,4426574,10079.000,3302.000,1908.000,3751.000,-5781.000,11618.000,0.000,0.000,0
2026-01-31 12:45:20,4426614,10313.000,1947.000,1527.000,4396.000,-4944.000,10225.000,0.000,0.000,0
2026-01-31 12:45:20,4426654,9662.000,1904.000,1385.000,6046.000,-3049.000,7894.000,0.000,0.000,0
2026-01-31 12:45:20,4426694,8614.000,2062.000,1080.000,6531.000,-1382.000,5453.000,0.000,0.000,0
2026-01-31 12:45:20,4426734,7586.000,2320.000,1117.000,5888.000,-347.000,2235.000,0.000,0.000,0
2026-01-31 12:45:20,4426774,7793.000,2516.000,1104.000,4701.000,8.000,586.000,0.000,0.000,0
2026-01-31 12:45:20,4426814,7786.000,2387.000,1103.000,3815.000,189.000,-490.000,0.000,0.000,0
2026-01-31 12:45:20,4426854,7550.000,2342.000,1329.000,3736.000,394.000,-1354.000,0.000,0.000,0
2026-01-31 12:45:20,4426894,7506.000,2438.000,1700.000,3433.000,552.000,-2148.000,0.000,0.000,0
2026-01-31 12:45:20,4426934,7813.000,1844.000,1799.000,1840.000,648.000,-2950.000,0.000,0.000,0
2026-01-31 12:45:20,4426974,7962.000,1061.000,1771.000,1452.000,864.000,-3089.000,0.000,0.000,0
2026-01-31 12:45:20,4427014,7827.000,1572.000,1953.000,1551.000,677.000,-2435.000,0.000,0.000,0
2026-01-31 12:45:21,4427054,8148.000,1143.000,1913.000,28.000,460.000,-1944.000,0.000,0.000,0
2026-01-31 12:45:21,4427094,8146.000,1371.000,1575.000,-818.000,385.000,-1768.000,0.000,0.000,0
2026-01-31 12:45:21,4427134,7800.000,1473.000,1244.000,-1496.000,233.000,-1521.000,0.000,0.000,0
2026-01-31 12:45:21,4427174,7486.000,1578.000,1037.000,-1466.000,61.000,-1231.000,0.000,0.000,0
2026-01-31 12:45:21,4427214,7473.000,1709.000,1017.000,-1409.000,-217.000,-859.000,0.000,0.000,0
2026-01-31 12:45:21,4427254,7429.000,1665.000,1081.000,-1123.000,-377.000,-489.000,0.000,0.000,0
2026-01-31 12:45:21,4427294,7617.000,2050.000,1157.000,-691.000,-603.000,-156.000,0.000,0.000,0
2026-01-31 12:45:21,4427337,7761.000,1983.000,1258.000,-1182.000,-824.000,413.000,0.000,0.000,0
2026-01-31 12:45:21,4427376,7939.000,1999.000,1281.000,-1034.000,-721.000,521.000,0.000,0.000,0
2026-01-31 12:45:21,4427414,8026.000,2057.000,1292.000,-967.000,-606.000,551.000,0.000,0.000,0
2026-01-31 12:45:21,4427454,8036.000,2031.000,1334.000,-886.000,-377.000,639.000,0.000,0.000,0
2026-01-31 12:45:21,4427494,7806.000,1981.000,1322.000,-755.000,-197.000,354.000,0.000,0.000,0
2026-01-31 12:45:21,4427534,7888.000,2084.000,1120.000,-1038.000,-123.000,73.000,0.000,0.000,0
2026-01-31 12:45:21,4427574,7815.000,2059.000,1059.000,-1207.000,-109.000,12.000,0.000,0.000,0
2026-01-31 12:45:21,4427617,7472.000,2062.000,1060.000,-1158.000,-161.000,-150.000,0.000,0.000,0
2026-01-31 12:45:21,4427654,7443.000,2038.000,971.000,-1275.000,-192.000,-230.000,0.000,0.000,0
2026-01-31 12:45:21,4427694,7565.000,1900.000,828.000,-1375.000,-255.000,-368.000,0.000,0.000,0
2026-01-31 12:45:21,4427734,7585.000,1940.000,813.000,-1263.000,-336.000,-489.000,0.000,0.000,0
2026-01-31 12:45:21,4427774,7719.000,1930.000,835.000,-1240.000,-532.000,-532.000,0.000,0.000,0
2026-01-31 12:45:21,4427814,7565.000,1896.000,813.000,-1200.000,-638.000,-553.000,0.000,0.000,0
2026-01-31 12:45:21,4427854,7749.000,1964.000,851.000,-977.000,-732.000,-501.000,0.000,0.000,0
2026-01-31 12:45:21,4427894,7816.000,2048.000,991.000,-1234.000,-892.000,-170.000,0.000,0.000,0
2026-01-31 12:45:21,4427934,7788.000,2097.000,1014.000,-1328.000,-920.000,27.000,0.000,0.000,0
2026-01-31 12:45:21,4427974,7831.000,2045.000,938.000,-1499.000,-817.000,218.000,0.000,0.000,0
2026-01-31 12:45:21,4428014,7908.000,2065.000,918.000,-1484.000,-646.000,365.000,0.000,0.000,0
2026-01-31 12:45:22,4428054,7931.000,2034.000,964.000,-1504.000,-491.000,398.000,0.000,0.000,0
2026-01-31 12:45:22,4428094,7824.000,2020.000,886.000,-1625.000,-342.000,233.000,0.000,0.000,0
2026-01-31 12:45:22,4428134,7736.000,1965.000,762.000,-1669.000,-189.000,20.000,0.000,0.000,0
2026-01-31 12:45:22,4428174,7818.000,2033.000,684.000,-1543.000,-31.000,-179.000,0.000,0.000,0
2026-01-31 12:45:22,4428214,7834.000,2067.000,713.000,-1541.000,27.000,-294.000,0.000,0.000,0
2026-01-31 12:45:22,4428254,7732.000,1963.000,681.000,-1581.000,22.000,-568.000,0.000,0.000,0
2026-01-31 12:45:22,4428294,7703.000,1951.000,646.000,-1596.000,13.000,-693.000,0.000,0.000,0
2026-01-31 12:45:22,4428334,7752.000,1919.000,679.000,-1501.000,1.000,-717.000,0.000,0.000,0
2026-01-31 12:45:22,4428374,7644.000,1937.000,739.000,-1350.000,-68.000,-681.000,0.000,0.000,0
2026-01-31 12:45:22,4428414,7582.000,1985.000,769.000,-1266.000,-213.000,-564.000,0.000,0.000,0
2026-01-31 12:45:22,4428454,7583.000,1999.000,760.000,-1238.000,-326.000,-375.000,0.000,0.000,0
2026-01-31 12:45:22,4428494,7725.000,1937.000,774.000,-1115.000,-402.000,-219.000,0.000,0.000,0
2026-01-31 12:45:22,4428534,7732.000,1851.000,836.000,-959.000,-466.000,-189.000,0.000,0.000,0
2026-01-31 12:45:22,4428574,7702.000,1895.000,861.000,-721.000,-519.000,-259.000,0.000,0.000,0
2026-01-31 12:45:22,4428614,7828.000,2049.000,902.000,-590.000,-536.000,-234.000,0.000,0.000,0
2026-01-31 12:45:22,4428654,7928.000,2044.000,1057.000,-538.000,-468.000,-48.000,0.000,0.000,0
2026-01-31 12:45:22,4428694,7825.000,2122.000,1106.000,-449.000,-354.000,-54.000,0.000,0.000,0
2026-01-31 12:45:22,4428734,7794.000,3058.000,1013.000,-888.000,-298.000,-181.000,0.000,0.000,0
2026-01-31 12:45:22,4428774,7847.000,2481.000,1214.000,-3906.000,-271.000,-55.000,0.000,0.000,0
2026-01-31 12:45:22,4428814,7714.000,1424.000,1007.000,-3875.000,-184.000,179.000,0.000,0.000,0
2026-01-31 12:45:22,4428854,7629.000,1317.000,828.000,-982.000,-5.000,115.000,0.000,0.000,0
2026-01-31 12:45:22,4428894,7535.000,2142.000,855.000,680.000,156.000,98.000,0.000,0.000,0
2026-01-31 12:45:22,4428934,7701.000,2360.000,946.000,-410.000,3.000,123.000,0.000,0.000,0
2026-01-31 12:45:22,4428974,7785.000,1964.000,1136.000,-848.000,-41.000,114.000,0.000,0.000,0
2026-01-31 12:45:22,4429014,7557.000,1639.000,992.000,153.000,-68.000,-80.000,0.000,0.000,0
2026-01-31 12:45:23,4429054,7634.000,1809.000,859.000,1856.000,-83.000,-153.000,0.000,0.000,0
2026-01-31 12:45:23,4429094,7642.000,1956.000,855.000,2141.000,-111.000,-77.000,0.000,0.000,0
2026-01-31 12:45:23,4429134,7838.000,2083.000,888.000,1960.000,-133.000,-38.000,0.000,0.000,0
2026-01-31 12:45:23,4429174,7905.000,2142.000,941.000,1431.000,-126.000,42.000,0.000,0.000,0
2026-01-31 12:45:23,4429214,7817.000,2007.000,991.000,731.000,-101.000,34.000,0.000,0.000,0
2026-01-31 12:45:23,4429254,7764.000,1913.000,973.000,370.000,-34.000,53.000,0.000,0.000,0
2026-01-31 12:45:23,4429294,7766.000,1864.000,908.000,484.000,72.000,198.000,0.000,0.000,0
2026-01-31 12:45:23,4429337,7899.000,1938.000,865.000,926.000,229.000,379.000,0.000,0.000,0
2026-01-31 12:45:23,4429374,7945.000,1948.000,864.000,969.000,251.000,394.000,0.000,0.000,0
2026-01-31 12:45:23,4429414,7755.000,1879.000,794.000,980.000,252.000,364.000,0.000,0.000,0
2026-01-31 12:45:23,4429454,7724.000,2061.000,750.000,1120.000,194.000,358.000,0.000,0.000,0
2026-01-31 12:45:23,4429494,7692.000,2069.000,706.000,1011.000,159.000,487.000,0.000,0.000,0
2026-01-31 12:45:23,4429534,7763.000,2188.000,753.000,1088.000,93.000,604.000,0.000,0.000,0
2026-01-31 12:45:23,4429574,7796.000,2227.000,833.000,887.000,-14.000,706.000,0.000,0.000,0
2026-01-31 12:45:23,4429617,7699.000,2104.000,815.000,401.000,-109.000,586.000,0.000,0.000,0
2026-01-31 12:45:23,4429654,7738.000,2067.000,787.000,284.000,-117.000,489.000,0.000,0.000,0
2026-01-31 12:45:23,4429694,7717.000,2046.000,805.000,216.000,-105.000,318.000,0.000,0.000,0
2026-01-31 12:45:23,4429734,7569.000,1971.000,775.000,242.000,-84.000,115.000,0.000,0.000,0
2026-01-31 12:45:23,4429774,7700.000,2168.000,762.000,167.000,-147.000,-58.000,0.000,0.000,0
2026-01-31 12:45:23,4429814,7719.000,2132.000,798.000,-205.000,-255.000,-33.000,0.000,0.000,0
2026-01-31 12:45:23,4429854,7727.000,2043.000,765.000,-501.000,-269.000,-116.000,0.000,0.000,0
2026-01-31 12:45:23,4429894,7658.000,1931.000,776.000,-793.000,-285.000,-208.000,0.000,0.000,0
2026-01-31 12:45:23,4429934,7788.000,2024.000,723.000,-802.000,-258.000,-281.000,0.000,0.000,0
2026-01-31 12:45:23,4429974,7804.000,2106.000,737.000,-1035.000,-233.000,-186.000,0.000,0.000,0
2026-01-31 12:45:23,4430014,7741.000,1937.000,683.000,-1244.000,-213.000,-114.000,0.000,0.000,0
2026-01-31 12:45:24,4430054,7722.000,1937.000,674.000,-1303.000,-222.000,-124.000,0.000,0.000,0
2026-01-31 12:45:24,4430094,7686.000,1834.000,637.000,-1425.000,-199.000,-126.000,0.000,0.000,0
2026-01-31 12:45:24,4430134,7768.000,1994.000,592.000,-1441.000,-203.000,-186.000,0.000,0.000,0
2026-01-31 12:45:24,4430174,7843.000,1854.000,544.000,-1434.000,-187.000,-232.000,0.000,0.000,0
2026-01-31 12:45:24,4430214,7808.000,1791.000,544.000,-1382.000,-196.000,-364.000,0.000,0.000,0
2026-01-31 12:45:24,4430254,7853.000,1832.000,520.000,-1319.000,-213.000,-449.000,0.000,0.000,0
2026-01-31 12:45:24,4430294,7839.000,1814.000,505.000,-1254.000,-182.000,-470.000,0.000,0.000,0
2026-01-31 12:45:24,4430334,7945.000,1805.000,502.000,-1175.000,-168.000,-492.000,0.000,0.000,0
2026-01-31 12:45:24,4430374,8046.000,1802.000,546.000,-1063.000,-158.000,-466.000,0.000,0.000,0
2026-01-31 12:45:24,4430414,7960.000,1761.000,630.000,-920.000,-128.000,-388.000,0.000,0.000,0
2026-01-31 12:45:24,4430454,7694.000,1590.000,649.000,-918.000,-77.000,-321.000,0.000,0.000,0
2026-01-31 12:45:24,4430494,7714.000,1557.000,633.000,-603.000,-30.000,-227.000,0.000,0.000,0
2026-01-31 12:45:24,4430534,7898.000,1748.000,627.000,-234.000,53.000,-45.000,0.000,0.000,0
2026-01-31 12:45:24,4430574,7654.000,1591.000,595.000,-232.000,136.000,109.000,0.000,0.000,0
2026-01-31 12:45:24,4430614,7504.000,1615.000,477.000,-29.000,125.000,85.000,0.000,0.000,0
2026-01-31 12:45:24,4430654,7534.000,1878.000,484.000,340.000,77.000,254.000,0.000,0.000,0
2026-01-31 12:45:24,4430694,7762.000,2130.000,434.000,436.000,2.000,573.000,0.000,0.000,0
2026-01-31 12:45:24,4430734,7897.000,2132.000,437.000,358.000,-121.000,902.000,0.000,0.000,0
2026-01-31 12:45:24,4430774,7935.000,2093.000,405.000,422.000,-205.000,1056.000,0.000,0.000,0
2026-01-31 12:45:24,4430814,7890.000,2045.000,412.000,538.000,-227.000,1079.000,0.000,0.000,0
2026-01-31 12:45:24,4430854,7963.000,2062.000,388.000,718.000,-124.000,964.000,0.000,0.000,0
2026-01-31 12:45:24,4430894,7919.000,2089.000,416.000,826.000,-4.000,838.000,0.000,0.000,0
2026-01-31 12:45:24,4430934,7676.000,2064.000,462.000,849.000,142.000,524.000,0.000,0.000,0
2026-01-31 12:45:24,4430974,7767.000,2072.000,402.000,770.000,211.000,297.000,0.000,0.000,0
2026-01-31 12:45:24,4431014,7756.000,2032.000,462.000,766.000,283.000,148.000,0.000,0.000,0
2026-01-31 12:45:25,4431054,7710.000,1951.000,508.000,695.000,283.000,-55.000,0.000,0.000,0
2026-01-31 12:45:25,4431094,7811.000,1857.000,492.000,624.000,291.000,-237.000,0.000,0.000,0
2026-01-31 12:45:25,4431134,7952.000,1779.000,500.000,611.000,322.000,-330.000,0.000,0.000,0
2026-01-31 12:45:25,4431174,7974.000,1641.000,623.000,632.000,313.000,-354.000,0.000,0.000,0
2026-01-31 12:45:25,4431214,7946.000,1496.000,679.000,690.000,287.000,-418.000,0.000,0.000,0
2026-01-31 12:45:25,4431254,7870.000,1339.000,744.000,875.000,287.000,-420.000,0.000,0.000,0
2026-01-31 12:45:25,4431294,7879.000,1335.000,943.000,928.000,289.000,-395.000,0.000,0.000,0
2026-01-31 12:45:25,4431334,7952.000,1265.000,1051.000,717.000,312.000,-257.000,0.000,0.000,0
2026-01-31 12:45:25,4431374,7931.000,1261.000,1291.000,529.000,353.000,-37.000,0.000,0.000,0
2026-01-31 12:45:25,4431415,7855.000,974.000,1300.000,571.000,435.000,230.000,0.000,0.000,0
2026-01-31 12:45:25,4431454,7766.000,1324.000,1289.000,1320.000,509.000,339.000,0.000,0.000,0
2026-01-31 12:45:25,4431494,7688.000,1684.000,1283.000,1349.000,567.000,430.000,0.000,0.000,0
2026-01-31 12:45:25,4431534,7789.000,1808.000,1235.000,914.000,560.000,450.000,0.000,0.000,0
2026-01-31 12:45:25,4431574,7720.000,1693.000,1194.000,676.000,465.000,504.000,0.000,0.000,0
2026-01-31 12:45:25,4431617,7655.000,1795.000,1259.000,674.000,284.000,358.000,0.000,0.000,0
2026-01-31 12:45:25,4431654,7600.000,1807.000,1273.000,600.000,242.000,292.000,0.000,0.000,0
2026-01-31 12:45:25,4431694,7701.000,1826.000,1421.000,153.000,-25.000,62.000,0.000,0.000,0
2026-01-31 12:45:25,4431734,7627.000,1647.000,1494.000,-182.000,-171.000,0.000,0.000,0.000,0
2026-01-31 12:45:25,4431774,7649.000,1571.000,1539.000,-515.000,-325.000,51.000,0.000,0.000,0
2026-01-31 12:45:25,4431814,7754.000,1417.000,1485.000,-855.000,-435.000,154.000,0.000,0.000,0
2026-01-31 12:45:25,4431854,7777.000,1381.000,1397.000,-943.000,-528.000,176.000,0.000,0.000,0
2026-01-31 12:45:25,4431894,7918.000,1395.000,1282.000,-1058.000,-600.000,86.000,0.000,0.000,0
2026-01-31 12:45:25,4431934,7859.000,1401.000,1184.000,-1092.000,-587.000,-14.000,0.000,0.000,0
2026-01-31 12:45:25,4431974,7808.000,1405.000,1014.000,-1147.000,-570.000,-183.000,0.000,0.000,0
2026-01-31 12:45:25,4432014,8001.000,1396.000,896.000,-1272.000,-584.000,-426.000,0.000,0.000,0
2026-01-31 12:45:26,4432054,7784.000,1249.000,844.000,-1438.000,-603.000,-641.000,0.000,0.000,0
2026-01-31 12:45:26,4432094,7906.000,1260.000,800.000,-1324.000,-578.000,-955.000,0.000,0.000,0
2026-01-31 12:45:26,4432134,7770.000,1138.000,771.000,-1374.000,-506.000,-995.000,0.000,0.000,0
2026-01-31 12:45:26,4432174,7813.000,1156.000,717.000,-1241.000,-438.000,-1103.000,0.000,0.000,0
2026-01-31 12:45:26,4432214,7839.000,1159.000,688.000,-1278.000,-395.000,-1145.000,0.000,0.000,0
2026-01-31 12:45:26,4432254,7902.000,1105.000,622.000,-1243.000,-338.000,-1160.000,0.000,0.000,0
2026-01-31 12:45:26,4432294,8035.000,1234.000,576.000,-840.000,-252.000,-1087.000,0.000,0.000,0
2026-01-31 12:45:26,4432334,8056.000,1446.000,641.000,-389.000,-193.000,-857.000,0.000,0.000,0
2026-01-31 12:45:26,4432374,7900.000,1781.000,657.000,-168.000,-163.000,-593.000,0.000,0.000,0
2026-01-31 12:45:26,4432414,7874.000,2011.000,643.000,-147.000,-142.000,-284.000,0.000,0.000,0
2026-01-31 12:45:26,4432454,7681.000,2225.000,567.000,140.000,-61.000,-249.000,0.000,0.000,0
2026-01-31 12:45:26,4432494,7693.000,2335.000,534.000,96.000,-72.000,-339.000,0.000,0.000,0
2026-01-31 12:45:26,4432534,7540.000,2461.000,606.000,216.000,-76.000,-351.000,0.000,0.000,0
2026-01-31 12:45:26,4432574,7597.000,2664.000,591.000,305.000,-153.000,-321.000,0.000,0.000,0
2026-01-31 12:45:26,4432614,7599.000,2748.000,559.000,146.000,-165.000,-232.000,0.000,0.000,0
2026-01-31 12:45:26,4432654,7531.000,2617.000,548.000,0.000,-127.000,-191.000,0.000,0.000,0
2026-01-31 12:45:26,4432694,7538.000,2689.000,594.000,60.000,-141.000,-238.000,0.000,0.000,0
2026-01-31 12:45:26,4432734,7633.000,2899.000,640.000,-58.000,-212.000,-192.000,0.000,0.000,0
2026-01-31 12:45:26,4432774,7682.000,2869.000,660.000,-458.000,-296.000,-55.000,0.000,0.000,0
2026-01-31 12:45:26,4432814,7778.000,2773.000,602.000,-614.000,-281.000,101.000,0.000,0.000,0
2026-01-31 12:45:26,4432854,7682.000,2649.000,552.000,-536.000,-36.000,244.000,0.000,0.000,0
2026-01-31 12:45:26,4432894,7617.000,2640.000,500.000,-561.000,67.000,251.000,0.000,0.000,0
2026-01-31 12:45:26,4432934,7658.000,2669.000,452.000,-556.000,110.000,321.000,0.000,0.000,0
2026-01-31 12:45:26,4432974,7560.000,2591.000,399.000,-532.000,121.000,434.000,0.000,0.000,0
2026-01-31 12:45:26,4433014,7386.000,2449.000,365.000,-560.000,108.000,489.000,0.000,0.000,0
2026-01-31 12:45:27,4433054,7345.000,2334.000,319.000,-612.000,88.000,432.000,0.000,0.000,0
2026-01-31 12:45:27,4433094,7571.000,2332.000,277.000,-492.000,62.000,365.000,0.000,0.000,0
2026-01-31 12:45:27,4433134,7784.000,2378.000,276.000,-339.000,32.000,385.000,0.000,0.000,0
2026-01-31 12:45:27,4433174,7664.000,2235.000,428.000,-417.000,-61.000,365.000,0.000,0.000,0
2026-01-31 12:45:27,4433214,7601.000,2014.000,445.000,-520.000,-157.000,-35.000,0.000,0.000,0
2026-01-31 12:45:27,4433254,7845.000,2053.000,507.000,-360.000,-128.000,-205.000,0.000,0.000,0
2026-01-31 12:45:27,4433294,7977.000,2021.000,701.000,-280.000,-128.000,-285.000,0.000,0.000,0
2026-01-31 12:45:27,4433334,7798.000,1947.000,818.000,-228.000,-158.000,-395.000,0.000,0.000,0
2026-01-31 12:45:27,4433377,7710.000,2047.000,890.000,-137.000,-105.000,-419.000,0.000,0.000,0
2026-01-31 12:45:27,4433417,7619.000,2044.000,976.000,-186.000,-22.000,-278.000,0.000,0.000,0
2026-01-31 12:45:27,4433454,7624.000,2038.000,996.000,-191.000,-4.000,-210.000,0.000,0.000,0
2026-01-31 12:45:27,4433494,7730.000,2061.000,950.000,-216.000,12.000,-77.000,0.000,0.000,0
2026-01-31 12:45:27,4433534,7644.000,1969.000,838.000,-257.000,68.000,-18.000,0.000,0.000,0
2026-01-31 12:45:27,4433574,7852.000,2002.000,753.000,-250.000,81.000,-29.000,0.000,0.000,0
2026-01-31 12:45:27,4433617,7565.000,1791.000,683.000,-28.000,86.000,-206.000,0.000,0.000,0
2026-01-31 12:45:27,4433654,7569.000,1797.000,603.000,-46.000,90.000,-257.000,0.000,0.000,0
2026-01-31 12:45:27,4433694,7865.000,1895.000,505.000,158.000,91.000,-195.000,0.000,0.000,0
2026-01-31 12:45:27,4433734,8131.000,1953.000,612.000,601.000,28.000,8.000,0.000,0.000,0
2026-01-31 12:45:27,4433774,7799.000,1820.000,802.000,661.000,-102.000,92.000,0.000,0.000,0
2026-01-31 12:45:27,4433814,7505.000,1809.000,789.000,824.000,-196.000,39.000,0.000,0.000,0
2026-01-31 12:45:27,4433854,7738.000,2230.000,746.000,951.000,-166.000,253.000,0.000,0.000,0
2026-01-31 12:45:27,4433894,7933.000,2314.000,878.000,778.000,-147.000,719.000,0.000,0.000,0
2026-01-31 12:45:27,4433934,7691.000,2158.000,965.000,656.000,-209.000,958.000,0.000,0.000,0
2026-01-31 12:45:27,4433974,7809.000,2102.000,766.000,341.000,-271.000,751.000,0.000,0.000,0
2026-01-31 12:45:27,4434014,7907.000,2186.000,724.000,153.000,-74.000,617.000,0.000,0.000,0
2026-01-31 12:45:28,4434054,7975.000,2264.000,804.000,61.000,2.000,554.000,0.000,0.000,0
2026-01-31 12:45:28,4434094,7734.000,2223.000,812.000,-278.000,14.000,418.000,0.000,0.000,0
2026-01-31 12:45:28,4434134,7667.000,2006.000,706.000,-611.000,79.000,115.000,0.000,0.000,0
2026-01-31 12:45:28,4434174,7837.000,1961.000,608.000,-751.000,229.000,-147.000,0.000,0.000,0
2026-01-31 12:45:28,4434214,7894.000,1922.000,658.000,-621.000,365.000,-317.000,0.000,0.000,0
2026-01-31 12:45:28,4434254,7633.000,1765.000,771.000,-710.000,386.000,-519.000,0.000,0.000,0
2026-01-31 12:45:28,4434294,7559.000,1668.000,587.000,-781.000,410.000,-810.000,0.000,0.000,0
2026-01-31 12:45:28,4434334,7945.000,1726.000,574.000,-627.000,463.000,-805.000,0.000,0.000,0
2026-01-31 12:45:28,4434374,7970.000,1799.000,864.000,-232.000,381.000,-723.000,0.000,0.000,0
2026-01-31 12:45:28,4434414,7772.000,1732.000,829.000,-534.000,324.000,-638.000,0.000,0.000,0
2026-01-31 12:45:28,4434454,7751.000,1653.000,818.000,-401.000,346.000,-424.000,0.000,0.000,0
2026-01-31 12:45:28,4434494,7710.000,1714.000,779.000,159.000,494.000,-100.000,0.000,0.000,0
2026-01-31 12:45:28,4434534,7810.000,1856.000,842.000,536.000,533.000,293.000,0.000,0.000,0
2026-01-31 12:45:28,4434574,7697.000,1844.000,950.000,578.000,436.000,581.000,0.000,0.000,0
2026-01-31 12:45:28,4434614,7708.000,1812.000,855.000,543.000,331.000,707.000,0.000,0.000,0
2026-01-31 12:45:28,4434654,7737.000,1864.000,853.000,827.000,318.000,833.000,0.000,0.000,0
2026-01-31 12:45:28,4434694,7772.000,1890.000,981.000,936.000,267.000,874.000,0.000,0.000,0
2026-01-31 12:45:28,4434734,7824.000,1704.000,1031.000,946.000,238.000,802.000,0.000,0.000,0
2026-01-31 12:45:28,4434774,7459.000,1699.000,951.000,939.000,338.000,307.000,0.000,0.000,0
2026-01-31 12:45:28,4434814,7403.000,1821.000,926.000,1087.000,343.000,250.000,0.000,0.000,0
2026-01-31 12:45:28,4434854,7316.000,1886.000,925.000,1446.000,401.000,305.000,0.000,0.000,0
2026-01-31 12:45:28,4434894,7815.000,2003.000,827.000,1301.000,307.000,305.000,0.000,0.000,0
2026-01-31 12:45:28,4434934,8063.000,1527.000,989.000,1299.000,205.000,202.000,0.000,0.000,0
2026-01-31 12:45:28,4434974,8019.000,1551.000,1053.000,1449.000,153.000,-325.000,0.000,0.000,0
2026-01-31 12:45:28,4435014,7609.000,1642.000,925.000,1432.000,268.000,-538.000,0.000,0.000,0
2026-01-31 12:45:29,4435054,7405.000,1930.000,1026.000,1799.000,380.000,-321.000,0.000,0.000,0
2026-01-31 12:45:29,4435094,7599.000,2136.000,1188.000,1799.000,254.000,196.000,0.000,0.000,0
2026-01-31 12:45:29,4435134,7857.000,1843.000,1100.000,1416.000,144.000,628.000,0.000,0.000,0
2026-01-31 12:45:29,4435174,7862.000,1615.000,982.000,1402.000,179.000,494.000,0.000,0.000,0
2026-01-31 12:45:29,4435214,7712.000,1983.000,1109.000,1734.000,173.000,394.000,0.000,0.000,0
2026-01-31 12:45:29,4435254,7500.000,2195.000,1167.000,1682.000,91.000,405.000,0.000,0.000,0
2026-01-31 12:45:29,4435294,7918.000,2179.000,1189.000,1285.000,-23.000,460.000,0.000,0.000,0
2026-01-31 12:45:29,4435334,8189.000,1786.000,1306.000,1154.000,37.000,280.000,0.000,0.000,0
2026-01-31 12:45:29,4435377,7848.000,1690.000,1224.000,1242.000,424.000,-502.000,0.000,0.000,0
2026-01-31 12:45:29,4435417,7496.000,1941.000,1277.000,1489.000,566.000,-591.000,0.000,0.000,0
2026-01-31 12:45:29,4435454,7432.000,2047.000,1300.000,1553.000,612.000,-499.000,0.000,0.000,0
2026-01-31 12:45:29,4435494,7355.000,2236.000,983.000,1230.000,639.000,-140.000,0.000,0.000,0
2026-01-31 12:45:29,4435534,7595.000,2018.000,993.000,506.000,239.000,485.000,0.000,0.000,0
2026-01-31 12:45:29,4435574,7858.000,1771.000,943.000,503.000,41.000,459.000,0.000,0.000,0
2026-01-31 12:45:29,4435617,8095.000,1536.000,828.000,710.000,48.000,44.000,0.000,0.000,0
2026-01-31 12:45:29,4435654,8138.000,1651.000,993.000,1040.000,83.000,-58.000,0.000,0.000,0
2026-01-31 12:45:29,4435694,7738.000,1887.000,1362.000,1399.000,85.000,-129.000,0.000,0.000,0
2026-01-31 12:45:29,4435734,7685.000,2150.000,1368.000,953.000,47.000,-89.000,0.000,0.000,0
2026-01-31 12:45:29,4435774,7817.000,1997.000,1331.000,582.000,239.000,217.000,0.000,0.000,0
2026-01-31 12:45:29,4435814,7745.000,2003.000,1305.000,661.000,333.000,322.000,0.000,0.000,0
2026-01-31 12:45:29,4435854,7682.000,2022.000,1131.000,314.000,222.000,290.000,0.000,0.000,0
2026-01-31 12:45:29,4435894,7684.000,1929.000,1001.000,443.000,110.000,244.000,0.000,0.000,0
2026-01-31 12:45:29,4435934,7717.000,1968.000,1097.000,363.000,24.000,143.000,0.000,0.000,0
2026-01-31 12:45:29,4435974,7681.000,1924.000,1137.000,240.000,-11.000,15.000,0.000,0.000,0
2026-01-31 12:45:29,4436014,7554.000,1858.000,1220.000,344.000,16.000,-50.000,0.000,0.000,0
2026-01-31 12:45:30,4436054,7652.000,2054.000,1270.000,514.000,42.000,-21.000,0.000,0.000,0
2026-01-31 12:45:30,4436094,7818.000,2228.000,1298.000,391.000,22.000,192.000,0.000,0.000,0
2026-01-31 12:45:30,4436134,7660.000,2176.000,1267.000,90.000,-36.000,252.000,0.000,0.000,0
2026-01-31 12:45:30,4436174,7659.000,2148.000,1140.000,-71.000,-110.000,125.000,0.000,0.000,0
2026-01-31 12:45:30,4436214,7851.000,2207.000,1127.000,4.000,-73.000,16.000,0.000,0.000,0
2026-01-31 12:45:30,4436254,7967.000,2105.000,1302.000,-271.000,-107.000,-78.000,0.000,0.000,0
2026-01-31 12:45:30,4436294,7816.000,1833.000,1225.000,-432.000,-196.000,-239.000,0.000,0.000,0
2026-01-31 12:45:30,4436334,7679.000,2000.000,1237.000,-240.000,-105.000,-74.000,0.000,0.000,0
2026-01-31 12:45:30,4436374,7667.000,2090.000,1384.000,-345.000,-214.000,60.000,0.000,0.000,0
2026-01-31 12:45:30,4436414,7616.000,2174.000,1224.000,-541.000,-273.000,114.000,0.000,0.000,0
2026-01-31 12:45:30,4436454,7672.000,2219.000,1161.000,-668.000,-258.000,198.000,0.000,0.000,0
2026-01-31 12:45:30,4436494,7711.000,2412.000,1346.000,-707.000,-400.000,175.000,0.000,0.000,0
2026-01-31 12:45:30,4436534,7632.000,2464.000,1259.000,-1318.000,-587.000,76.000,0.000,0.000,0
2026-01-31 12:45:30,4436574,7673.000,2398.000,1218.000,-1806.000,-641.000,-15.000,0.000,0.000,0
2026-01-31 12:45:30,4436614,7629.000,2461.000,1290.000,-2060.000,-734.000,-46.000,0.000,0.000,0
2026-01-31 12:45:30,4436654,7464.000,2598.000,1206.000,-2636.000,-883.000,-18.000,0.000,0.000,0
2026-01-31 12:45:30,4436694,7571.000,2635.000,1091.000,-3047.000,-907.000,35.000,0.000,0.000,0
2026-01-31 12:45:30,4436734,7593.000,2662.000,1023.000,-3510.000,-934.000,53.000,0.000,0.000,0
2026-01-31 12:45:30,4436774,7732.000,2639.000,864.000,-3842.000,-935.000,29.000,0.000,0.000,0
2026-01-31 12:45:30,4436814,7688.000,2693.000,830.000,-4020.000,-931.000,48.000,0.000,0.000,0
2026-01-31 12:45:30,4436854,7830.000,2714.000,635.000,-4417.000,-914.000,-34.000,0.000,0.000,0
2026-01-31 12:45:30,4436894,7834.000,2689.000,540.000,-4738.000,-902.000,-61.000,0.000,0.000,0
2026-01-31 12:45:30,4436934,7883.000,2576.000,343.000,-4800.000,-805.000,-127.000,0.000,0.000,0
2026-01-31 12:45:30,4436974,7947.000,2384.000,267.000,-4805.000,-719.000,-299.000,0.000,0.000,0
2026-01-31 12:45:30,4437014,7849.000,2139.000,227.000,-4721.000,-662.000,-716.000,0.000,0.000,0
2026-01-31 12:45:31,4437054,7991.000,1940.000,205.000,-4775.000,-745.000,-1599.000,0.000,0.000,0
2026-01-31 12:45:31,4437094,8157.000,1581.000,407.000,-4714.000,-906.000,-2260.000,0.000,0.000,0
2026-01-31 12:45:31,4437134,8312.000,1529.000,607.000,-4404.000,-1104.000,-2951.000,0.000,0.000,0
2026-01-31 12:45:31,4437174,8486.000,1609.000,789.000,-4096.000,-1276.000,-3421.000,0.000,0.000,0
2026-01-31 12:45:31,4437214,8321.000,1742.000,1206.000,-4164.000,-1401.000,-3446.000,0.000,0.000,0
2026-01-31 12:45:31,4437254,7438.000,1603.000,1477.000,-4422.000,-1534.000,-3267.000,0.000,0.000,0
2026-01-31 12:45:31,4437294,7351.000,1605.000,1447.000,-5161.000,-1573.000,-2848.000,0.000,0.000,0
2026-01-31 12:45:31,4437334,7335.000,1589.000,1287.000,-4871.000,-1473.000,-1833.000,0.000,0.000,0
2026-01-31 12:45:31,4437374,7485.000,2117.000,1093.000,-3388.000,-1478.000,-529.000,0.000,0.000,0
2026-01-31 12:45:31,4437414,8047.000,2084.000,650.000,-2743.000,-1245.000,1694.000,0.000,0.000,0
2026-01-31 12:45:31,4437454,8015.000,1387.000,467.000,-2463.000,-948.000,2039.000,0.000,0.000,0
2026-01-31 12:45:31,4437494,7796.000,925.000,374.000,-1929.000,-585.000,1500.000,0.000,0.000,0
2026-01-31 12:45:31,4437534,8038.000,831.000,41.000,-995.000,-278.000,609.000,0.000,0.000,0
2026-01-31 12:45:31,4437574,8259.000,1368.000,-63.000,874.000,-91.000,152.000,0.000,0.000,0
2026-01-31 12:45:31,4437614,8024.000,2152.000,68.000,2587.000,-156.000,472.000,0.000,0.000,0
2026-01-31 12:45:31,4437654,7364.000,2463.000,307.000,2780.000,-566.000,1052.000,0.000,0.000,0
2026-01-31 12:45:31,4437694,7475.000,2266.000,244.000,1831.000,-1082.000,1352.000,0.000,0.000,0
2026-01-31 12:45:31,4437734,7424.000,2103.000,49.000,1801.000,-1279.000,1616.000,0.000,0.000,0
2026-01-31 12:45:31,4437774,7815.000,2427.000,-235.000,2802.000,-1103.000,2167.000,0.000,0.000,0
2026-01-31 12:45:31,4437814,8680.000,2587.000,-46.000,4143.000,-832.000,3014.000,0.000,0.000,0
2026-01-31 12:45:31,4437854,8580.000,2248.000,43.000,3774.000,-748.000,2584.000,0.000,0.000,0
2026-01-31 12:45:31,4437894,8202.000,2282.000,4.000,3182.000,-708.000,1764.000,0.000,0.000,0
2026-01-31 12:45:31,4437934,7909.000,2573.000,-50.000,2755.000,-542.000,1333.000,0.000,0.000,0
2026-01-31 12:45:31,4437974,7877.000,2829.000,-15.000,2752.000,-196.000,1276.000,0.000,0.000,0
2026-01-31 12:45:31,4438014,7716.000,2841.000,184.000,2409.000,92.000,1393.000,0.000,0.000,0
2026-01-31 12:45:32,4438054,7564.000,2592.000,266.000,1988.000,289.000,1224.000,0.000,0.000,0
2026-01-31 12:45:32,4438094,7728.000,2615.000,342.000,1408.000,418.000,778.000,0.000,0.000,0
2026-01-31 12:45:32,4438134,7902.000,2369.000,257.000,842.000,703.000,264.000,0.000,0.000,0
2026-01-31 12:45:32,4438174,8552.000,2580.000,345.000,607.000,879.000,-445.000,0.000,0.000,0
2026-01-31 12:45:32,4438214,8242.000,2296.000,898.000,-1174.000,431.000,-943.000,0.000,0.000,0
2026-01-31 12:45:32,4438254,7816.000,1848.000,1160.000,-2659.000,-28.000,-1820.000,0.000,0.000,0
2026-01-31 12:45:32,4438294,7788.000,1794.000,1135.000,-3856.000,-110.000,-2641.000,0.000,0.000,0
2026-01-31 12:45:32,4438334,7882.000,1545.000,921.000,-4838.000,273.000,-2956.000,0.000,0.000,0
2026-01-31 12:45:32,4438374,7935.000,906.000,677.000,-4431.000,685.000,-3018.000,0.000,0.000,0
2026-01-31 12:45:32,4438414,8107.000,1235.000,680.000,-3095.000,738.000,-3349.000,0.000,0.000,0
2026-01-31 12:45:32,4438454,8033.000,1442.000,626.000,-3261.000,771.000,-3303.000,0.000,0.000,0
2026-01-31 12:45:32,4438494,7843.000,1114.000,353.000,-3609.000,839.000,-3043.000,0.000,0.000,0
2026-01-31 12:45:32,4438534,7604.000,1103.000,349.000,-2686.000,718.000,-2708.000,0.000,0.000,0
2026-01-31 12:45:32,4438574,7409.000,1428.000,546.000,-1119.000,59.000,-1528.000,0.000,0.000,0
2026-01-31 12:45:32,4438614,7534.000,1480.000,568.000,-629.000,-449.000,-571.000,0.000,0.000,0
2026-01-31 12:45:32,4438654,7837.000,1379.000,553.000,286.000,-792.000,135.000,0.000,0.000,0
2026-01-31 12:45:32,4438694,7899.000,1576.000,711.000,1398.000,-920.000,807.000,0.000,0.000,0
2026-01-31 12:45:32,4438734,7937.000,1776.000,786.000,1869.000,-755.000,1390.000,0.000,0.000,0
2026-01-31 12:45:32,4438774,7954.000,2071.000,809.000,1667.000,-568.000,1859.000,0.000,0.000,0
2026-01-31 12:45:32,4438814,8059.000,1972.000,751.000,1196.000,-400.000,2203.000,0.000,0.000,0
2026-01-31 12:45:32,4438854,8181.000,1961.000,717.000,1429.000,-336.000,2416.000,0.000,0.000,0
2026-01-31 12:45:32,4438894,8100.000,2048.000,645.000,1732.000,-310.000,2503.000,0.000,0.000,0
2026-01-31 12:45:32,4438934,7967.000,2115.000,560.000,1580.000,-289.000,2409.000,0.000,0.000,0
2026-01-31 12:45:32,4438974,8104.000,2073.000,426.000,905.000,-257.000,2053.000,0.000,0.000,0
2026-01-31 12:45:32,4439014,8187.000,2054.000,417.000,851.000,-199.000,1782.000,0.000,0.000,0
2026-01-31 12:45:33,4439054,7939.000,2046.000,474.000,909.000,-125.000,1441.000,0.000,0.000,0
2026-01-31 12:45:33,4439094,7753.000,1899.000,478.000,757.000,-21.000,920.000,0.000,0.000,0
2026-01-31 12:45:33,4439134,7722.000,1978.000,500.000,628.000,70.000,420.000,0.000,0.000,0
2026-01-31 12:45:33,4439174,7684.000,1943.000,598.000,352.000,146.000,71.000,0.000,0.000,0
2026-01-31 12:45:33,4439214,7659.000,1998.000,670.000,237.000,219.000,-268.000,0.000,0.000,0
2026-01-31 12:45:33,4439254,7759.000,1868.000,660.000,-402.000,248.000,-538.000,0.000,0.000,0
2026-01-31 12:45:33,4439294,7715.000,1626.000,657.000,-706.000,319.000,-874.000,0.000,0.000,0
2026-01-31 12:45:33,4439337,7901.000,1677.000,593.000,-810.000,418.000,-1411.000,0.000,0.000,0
2026-01-31 12:45:33,4439376,7900.000,1637.000,589.000,-883.000,414.000,-1435.000,0.000,0.000,0
2026-01-31 12:45:33,4439414,7916.000,1608.000,584.000,-851.000,392.000,-1427.000,0.000,0.000,0
2026-01-31 12:45:33,4439454,7893.000,1600.000,603.000,-736.000,315.000,-1331.000,0.000,0.000,0
2026-01-31 12:45:33,4439494,7930.000,1608.000,608.000,-697.000,234.000,-1199.000,0.000,0.000,0
2026-01-31 12:45:33,4439534,7990.000,1582.000,607.000,-751.000,145.000,-1012.000,0.000,0.000,0
2026-01-31 12:45:33,4439574,7960.000,1495.000,633.000,-613.000,91.000,-797.000,0.000,0.000,0
2026-01-31 12:45:33,4439614,7742.000,1486.000,684.000,-328.000,62.000,-617.000,0.000,0.000,0
2026-01-31 12:45:33,4439654,7616.000,1553.000,695.000,-277.000,33.000,-426.000,0.000,0.000,0
2026-01-31 12:45:33,4439694,7719.000,1698.000,640.000,-184.000,25.000,-88.000,0.000,0.000,0
2026-01-31 12:45:33,4439734,7738.000,1608.000,667.000,70.000,-17.000,475.000,0.000,0.000,0
2026-01-31 12:45:33,4439774,7697.000,1593.000,605.000,256.000,-58.000,596.000,0.000,0.000,0
2026-01-31 12:45:33,4439814,7833.000,1710.000,543.000,343.000,-49.000,664.000,0.000,0.000,0
2026-01-31 12:45:33,4439854,7929.000,1739.000,549.000,438.000,-16.000,776.000,0.000,0.000,0
2026-01-31 12:45:33,4439894,7835.000,1712.000,631.000,565.000,-45.000,810.000,0.000,0.000,0
2026-01-31 12:45:33,4439934,7806.000,1687.000,614.000,609.000,-78.000,715.000,0.000,0.000,0
2026-01-31 12:45:33,4439974,7939.000,1822.000,614.000,602.000,-29.000,625.000,0.000,0.000,0
2026-01-31 12:45:33,4440014,7924.000,1771.000,712.000,527.000,7.000,579.000,0.000,0.000,0
2026-01-31 12:45:34,4440054,7942.000,1816.000,706.000,559.000,21.000,458.000,0.000,0.000,0
2026-01-31 12:45:34,4440094,8007.000,1821.000,738.000,397.000,79.000,315.000,0.000,0.000,0
2026-01-31 12:45:34,4440134,7937.000,1779.000,766.000,319.000,121.000,163.000,0.000,0.000,0
2026-01-31 12:45:34,4440174,7839.000,1751.000,751.000,240.000,155.000,-16.000,0.000,0.000,0
2026-01-31 12:45:34,4440214,7888.000,1797.000,674.000,219.000,217.000,-131.000,0.000,0.000,0
2026-01-31 12:45:34,4440254,7863.000,1763.000,736.000,123.000,229.000,-155.000,0.000,0.000,0
2026-01-31 12:45:34,4440294,7710.000,1619.000,713.000,69.000,207.000,-258.000,0.000,0.000,0
2026-01-31 12:45:34,4440334,7659.000,1630.000,675.000,79.000,190.000,-375.000,0.000,0.000,0
2026-01-31 12:45:34,4440374,7693.000,1655.000,702.000,7.000,195.000,-396.000,0.000,0.000,0
2026-01-31 12:45:34,4440414,7720.000,1630.000,742.000,17.000,152.000,-362.000,0.000,0.000,0
2026-01-31 12:45:34,4440454,7688.000,1626.000,802.000,76.000,62.000,-303.000,0.000,0.000,0
2026-01-31 12:45:34,4440494,7630.000,1656.000,782.000,18.000,-16.000,-189.000,0.000,0.000,0
2026-01-31 12:45:34,4440534,7822.000,1782.000,794.000,89.000,-50.000,11.000,0.000,0.000,0
2026-01-31 12:45:34,4440574,7789.000,1767.000,894.000,59.000,-106.000,231.000,0.000,0.000,0
2026-01-31 12:45:34,4440614,7760.000,1685.000,860.000,-9.000,-160.000,261.000,0.000,0.000,0
2026-01-31 12:45:34,4440654,8063.000,1815.000,806.000,-47.000,-142.000,262.000,0.000,0.000,0
2026-01-31 12:45:34,4440694,7999.000,1790.000,945.000,-69.000,-97.000,311.000,0.000,0.000,0
2026-01-31 12:45:34,4440734,8017.000,1783.000,930.000,-125.000,-116.000,227.000,0.000,0.000,0
2026-01-31 12:45:34,4440774,7946.000,1823.000,936.000,-231.000,-79.000,154.000,0.000,0.000,0
2026-01-31 12:45:34,4440814,7914.000,1804.000,963.000,-327.000,-18.000,101.000,0.000,0.000,0
2026-01-31 12:45:34,4440854,7753.000,1768.000,982.000,-359.000,26.000,-7.000,0.000,0.000,0
2026-01-31 12:45:34,4440894,7713.000,1780.000,894.000,-445.000,91.000,-98.000,0.000,0.000,0
2026-01-31 12:45:34,4440934,7736.000,1729.000,854.000,-486.000,136.000,-138.000,0.000,0.000,0
2026-01-31 12:45:34,4440974,7686.000,1737.000,817.000,-447.000,115.000,-197.000,0.000,0.000,0
2026-01-31 12:45:34,4441014,7711.000,1669.000,699.000,-531.000,57.000,-274.000,0.000,0.000,0
2026-01-31 12:45:35,4441054,7777.000,1638.000,652.000,-437.000,30.000,-317.000,0.000,0.000,0
2026-01-31 12:45:35,4441094,7805.000,1631.000,660.000,-315.000,-16.000,-341.000,0.000,0.000,0
2026-01-31 12:45:35,4441134,7810.000,1619.000,686.000,-254.000,-93.000,-363.000,0.000,0.000,0
2026-01-31 12:45:35,4441174,7706.000,1571.000,704.000,-207.000,-141.000,-345.000,0.000,0.000,0
2026-01-31 12:45:35,4441214,7840.000,1649.000,672.000,-49.000,-131.000,-284.000,0.000,0.000,0
2026-01-31 12:45:35,4441254,7887.000,1640.000,807.000,103.000,-105.000,9.000,0.000,0.000,0
2026-01-31 12:45:35,4441294,7767.000,1594.000,799.000,194.000,-102.000,80.000,0.000,0.000,0
2026-01-31 12:45:35,4441334,7848.000,1614.000,709.000,210.000,-30.000,141.000,0.000,0.000,0
2026-01-31 12:45:35,4441377,8053.000,1788.000,841.000,452.000,69.000,383.000,0.000,0.000,0
2026-01-31 12:45:35,4441414,7990.000,1741.000,873.000,429.000,51.000,428.000,0.000,0.000,0
2026-01-31 12:45:35,4441454,7756.000,1653.000,828.000,399.000,36.000,375.000,0.000,0.000,0
2026-01-31 12:45:35,4441494,7765.000,1754.000,757.000,433.000,126.000,318.000,0.000,0.000,0
2026-01-31 12:45:35,4441534,7820.000,1859.000,857.000,505.000,194.000,383.000,0.000,0.000,0
2026-01-31 12:45:35,4441574,7770.000,1838.000,891.000,454.000,131.000,398.000,0.000,0.000,0
2026-01-31 12:45:35,4441617,7811.000,1788.000,703.000,299.000,119.000,160.000,0.000,0.000,0
2026-01-31 12:45:35,4441654,7863.000,1837.000,743.000,328.000,114.000,106.000,0.000,0.000,0
2026-01-31 12:45:35,4441694,7793.000,1822.000,795.000,225.000,27.000,-21.000,0.000,0.000,0
2026-01-31 12:45:35,4441734,7729.000,1699.000,713.000,116.000,-58.000,-188.000,0.000,0.000,0
2026-01-31 12:45:35,4441774,7690.000,1721.000,734.000,167.000,-51.000,-299.000,0.000,0.000,0
2026-01-31 12:45:35,4441814,7882.000,1816.000,770.000,124.000,-61.000,-318.000,0.000,0.000,0
2026-01-31 12:45:35,4441854,7789.000,1693.000,856.000,-23.000,-143.000,-250.000,0.000,0.000,0
2026-01-31 12:45:35,4441894,7669.000,1593.000,797.000,-40.000,-184.000,-310.000,0.000,0.000,0
2026-01-31 12:45:35,4441934,7826.000,1721.000,716.000,-57.000,-115.000,-294.000,0.000,0.000,0
2026-01-31 12:45:35,4441974,7975.000,1789.000,795.000,-56.000,-69.000,-92.000,0.000,0.000,0
2026-01-31 12:45:35,4442014,7829.000,1590.000,706.000,-99.000,-129.000,-12.000,0.000,0.000,0
2026-01-31 12:45:36,4442054,7904.000,1646.000,593.000,-49.000,-41.000,-51.000,0.000,0.000,0
2026-01-31 12:45:36,4442094,7948.000,1677.000,701.000,5.000,33.000,5.000,0.000,0.000,0
2026-01-31 12:45:36,4442134,7913.000,1664.000,682.000,37.000,-11.000,13.000,0.000,0.000,0
2026-01-31 12:45:36,4442174,7809.000,1617.000,598.000,1.000,-29.000,15.000,0.000,0.000,0
2026-01-31 12:45:36,4442214,7893.000,1679.000,591.000,54.000,13.000,70.000,0.000,0.000,0
2026-01-31 12:45:36,4442254,7885.000,1652.000,665.000,66.000,14.000,140.000,0.000,0.000,0
2026-01-31 12:45:36,4442294,7822.000,1564.000,607.000,122.000,-19.000,64.000,0.000,0.000,0
2026-01-31 12:45:36,4442334,7778.000,1619.000,565.000,199.000,30.000,-2.000,0.000,0.000,0
2026-01-31 12:45:36,4442374,7845.000,1671.000,611.000,234.000,88.000,29.000,0.000,0.000,0
2026-01-31 12:45:36,4442414,7830.000,1599.000,564.000,210.000,37.000,10.000,0.000,0.000,0
2026-01-31 12:45:36,4442454,7875.000,1641.000,541.000,296.000,42.000,-29.000,0.000,0.000,0
2026-01-31 12:45:36,4442494,7954.000,1652.000,568.000,299.000,75.000,-42.000,0.000,0.000,0
2026-01-31 12:45:36,4442534,8027.000,1692.000,634.000,355.000,59.000,-43.000,0.000,0.000,0
2026-01-31 12:45:36,4442574,7813.000,1659.000,670.000,366.000,39.000,-31.000,0.000,0.000,0
2026-01-31 12:45:36,4442614,7734.000,1690.000,632.000,361.000,77.000,-34.000,0.000,0.000,0
2026-01-31 12:45:36,4442654,7715.000,1757.000,665.000,336.000,131.000,58.000,0.000,0.000,0
2026-01-31 12:45:36,4442694,7732.000,1762.000,659.000,249.000,119.000,115.000,0.000,0.000,0
2026-01-31 12:45:36,4442734,7851.000,1718.000,534.000,162.000,89.000,112.000,0.000,0.000,0
2026-01-31 12:45:36,4442774,7900.000,1772.000,547.000,207.000,81.000,79.000,0.000,0.000,0
2026-01-31 12:45:36,4442814,7836.000,1694.000,574.000,144.000,18.000,11.000,0.000,0.000,0
2026-01-31 12:45:36,4442854,7843.000,1750.000,558.000,218.000,-21.000,-53.000,0.000,0.000,0
2026-01-31 12:45:36,4442894,8003.000,1814.000,650.000,132.000,-49.000,-17.000,0.000,0.000,0
2026-01-31 12:45:36,4442934,8016.000,1723.000,743.000,50.000,-78.000,28.000,0.000,0.000,0
2026-01-31 12:45:36,4442974,7913.000,1638.000,738.000,83.000,-70.000,-47.000,0.000,0.000,0
2026-01-31 12:45:36,4443014,7829.000,1672.000,795.000,85.000,8.000,-101.000,0.000,0.000,0
2026-01-31 12:45:37,4443054,7722.000,1658.000,841.000,23.000,95.000,-106.000,0.000,0.000,0
2026-01-31 12:45:37,4443094,7777.000,1595.000,792.000,-40.000,145.000,-90.000,0.000,0.000,0
2026-01-31 12:45:37,4443134,7806.000,1597.000,771.000,2.000,206.000,-57.000,0.000,0.000,0
2026-01-31 12:45:37,4443174,7738.000,1550.000,782.000,-74.000,203.000,-13.000,0.000,0.000,0
2026-01-31 12:45:37,4443214,7785.000,1535.000,694.000,-33.000,172.000,-17.000,0.000,0.000,0
2026-01-31 12:45:37,4443254,7802.000,1626.000,756.000,33.000,136.000,58.000,0.000,0.000,0
2026-01-31 12:45:37,4443294,7837.000,1610.000,776.000,12.000,76.000,113.000,0.000,0.000,0
2026-01-31 12:45:37,4443334,7856.000,1653.000,783.000,67.000,42.000,145.000,0.000,0.000,0
2026-01-31 12:45:37,4443374,7725.000,1668.000,844.000,82.000,16.000,164.000,0.000,0.000,0
2026-01-31 12:45:37,4443417,7774.000,1807.000,784.000,80.000,25.000,113.000,0.000,0.000,0
2026-01-31 12:45:37,4443457,8016.000,1886.000,776.000,27.000,37.000,174.000,0.000,0.000,0
2026-01-31 12:45:37,4443494,8031.000,1866.000,804.000,-7.000,25.000,190.000,0.000,0.000,0
2026-01-31 12:45:37,4443534,7907.000,1698.000,787.000,-61.000,-28.000,-33.000,0.000,0.000,0
2026-01-31 12:45:37,4443574,7901.000,1819.000,770.000,4.000,33.000,-192.000,0.000,0.000,0
2026-01-31 12:45:37,4443617,7973.000,1822.000,866.000,-117.000,91.000,-120.000,0.000,0.000,0
2026-01-31 12:45:37,4443654,7879.000,1730.000,887.000,-143.000,77.000,-120.000,0.000,0.000,0
2026-01-31 12:45:37,4443694,7732.000,1670.000,827.000,-100.000,90.000,-183.000,0.000,0.000,0
2026-01-31 12:45:37,4443734,7749.000,1787.000,793.000,-86.000,182.000,-161.000,0.000,0.000,0
2026-01-31 12:45:37,4443774,7723.000,1747.000,854.000,-160.000,215.000,-30.000,0.000,0.000,0
2026-01-31 12:45:37,4443814,7577.000,1613.000,783.000,-158.000,169.000,1.000,0.000,0.000,0
2026-01-31 12:45:37,4443854,7631.000,1688.000,676.000,-33.000,179.000,8.000,0.000,0.000,0
2026-01-31 12:45:37,4443894,7658.000,1737.000,718.000,-49.000,193.000,91.000,0.000,0.000,0
2026-01-31 12:45:37,4443934,7751.000,1781.000,694.000,-14.000,17.000,152.000,0.000,0.000,0
2026-01-31 12:45:37,4443974,7756.000,1773.000,678.000,-3.000,-52.000,176.000,0.000,0.000,0
2026-01-31 12:45:37,4444014,7778.000,1763.000,749.000,24.000,-89.000,120.000,0.000,0.000,0
2026-01-31 12:45:38,4444054,7905.000,1836.000,763.000,120.000,-117.000,53.000,0.000,0.000,0
2026-01-31 12:45:38,4444094,7882.000,1834.000,831.000,70.000,-117.000,22.000,0.000,0.000,0
2026-01-31 12:45:38,4444134,7886.000,1739.000,836.000,30.000,-121.000,-90.000,0.000,0.000,0
2026-01-31 12:45:38,4444174,8069.000,1870.000,837.000,120.000,-85.000,-142.000,0.000,0.000,0
2026-01-31 12:45:38,4444214,8051.000,1727.000,887.000,4.000,-40.000,-130.000,0.000,0.000,0
2026-01-31 12:45:38,4444254,7916.000,1587.000,886.000,58.000,-40.000,-244.000,0.000,0.000,0
2026-01-31 12:45:38,4444294,7839.000,1626.000,842.000,98.000,48.000,-314.000,0.000,0.000,0
2026-01-31 12:45:38,4444334,7833.000,1550.000,856.000,123.000,88.000,-240.000,0.000,0.000,0
2026-01-31 12:45:38,4444374,7799.000,1563.000,839.000,214.000,71.000,-150.000,0.000,0.000,0
2026-01-31 12:45:38,4444414,7695.000,1460.000,809.000,197.000,67.000,-76.000,0.000,0.000,0
2026-01-31 12:45:38,4444454,7668.000,1433.000,755.000,245.000,83.000,-54.000,0.000,0.000,0
2026-01-31 12:45:38,4444494,7745.000,1524.000,753.000,339.000,84.000,27.000,0.000,0.000,0
2026-01-31 12:45:38,4444534,7741.000,1514.000,751.000,341.000,16.000,145.000,0.000,0.000,0
2026-01-31 12:45:38,4444574,7755.000,1499.000,758.000,399.000,-62.000,232.000,0.000,0.000,0
2026-01-31 12:45:38,4444614,7860.000,1599.000,764.000,463.000,-86.000,291.000,0.000,0.000,0
2026-01-31 12:45:38,4444654,7944.000,1624.000,869.000,429.000,-98.000,355.000,0.000,0.000,0
2026-01-31 12:45:38,4444694,7998.000,1687.000,873.000,439.000,-88.000,394.000,0.000,0.000,0
2026-01-31 12:45:38,4444734,8013.000,1723.000,880.000,339.000,-29.000,385.000,0.000,0.000,0
2026-01-31 12:45:38,4444774,8097.000,1776.000,876.000,293.000,41.000,348.000,0.000,0.000,0
2026-01-31 12:45:38,4444814,7988.000,1775.000,917.000,206.000,79.000,307.000,0.000,0.000,0
2026-01-31 12:45:38,4444854,7885.000,1750.000,839.000,103.000,124.000,172.000,0.000,0.000,0
2026-01-31 12:45:38,4444894,7946.000,1833.000,785.000,29.000,202.000,82.000,0.000,0.000,0
2026-01-31 12:45:38,4444934,7846.000,1772.000,814.000,-67.000,228.000,15.000,0.000,0.000,0
2026-01-31 12:45:38,4444974,7788.000,1723.000,761.000,-166.000,175.000,-116.000,0.000,0.000,0
2026-01-31 12:45:38,4445014,7619.000,1663.000,716.000,-228.000,175.000,-198.000,0.000,0.000,0
2026-01-31 12:45:39,4445054,7712.000,1683.000,640.000,-311.000,171.000,-245.000,0.000,0.000,0
2026-01-31 12:45:39,4445094,7812.000,1634.000,644.000,-295.000,112.000,-178.000,0.000,0.000,0
2026-01-31 12:45:39,4445134,7630.000,1478.000,682.000,-327.000,9.000,-226.000,0.000,0.000,0
2026-01-31 12:45:39,4445174,7762.000,1489.000,577.000,-264.000,-29.000,-349.000,0.000,0.000,0
2026-01-31 12:45:39,4445214,7899.000,1615.000,648.000,-173.000,2.000,-266.000,0.000,0.000,0
2026-01-31 12:45:39,4445254,7784.000,1469.000,787.000,-181.000,-81.000,-164.000,0.000,0.000,0
2026-01-31 12:45:39,4445294,7769.000,1476.000,735.000,-61.000,-168.000,-178.000,0.000,0.000,0
2026-01-31 12:45:39,4445334,7907.000,1530.000,728.000,-48.000,-103.000,-102.000,0.000,0.000,0
2026-01-31 12:45:39,4445374,8036.000,1470.000,828.000,56.000,-27.000,-5.000,0.000,0.000,0
2026-01-31 12:45:39,4445419,7924.000,1436.000,781.000,153.000,11.000,-60.000,0.000,0.000,0
2026-01-31 12:45:39,4445454,8011.000,1490.000,760.000,221.000,58.000,-47.000,0.000,0.000,0
2026-01-31 12:45:39,4445494,8124.000,1552.000,842.000,288.000,127.000,74.000,0.000,0.000,0
2026-01-31 12:45:39,4445534,8013.000,1478.000,866.000,319.000,102.000,109.000,0.000,0.000,0
2026-01-31 12:45:39,4445574,7956.000,1479.000,786.000,348.000,109.000,81.000,0.000,0.000,0
2026-01-31 12:45:39,4445617,7894.000,1577.000,869.000,451.000,208.000,131.000,0.000,0.000,0
2026-01-31 12:45:39,4445654,7873.000,1604.000,911.000,418.000,191.000,156.000,0.000,0.000,0
2026-01-31 12:45:39,4445694,7756.000,1574.000,903.000,354.000,130.000,198.000,0.000,0.000,0
2026-01-31 12:45:39,4445734,7640.000,1587.000,868.000,331.000,138.000,192.000,0.000,0.000,0
2026-01-31 12:45:39,4445774,7680.000,1634.000,869.000,281.000,174.000,209.000,0.000,0.000,0
2026-01-31 12:45:39,4445814,7603.000,1634.000,896.000,273.000,113.000,212.000,0.000,0.000,0
2026-01-31 12:45:39,4445854,7650.000,1661.000,756.000,146.000,71.000,124.000,0.000,0.000,0
2026-01-31 12:45:39,4445894,7808.000,1780.000,772.000,113.000,53.000,138.000,0.000,0.000,0
2026-01-31 12:45:39,4445934,7841.000,1739.000,819.000,32.000,-38.000,157.000,0.000,0.000,0
2026-01-31 12:45:39,4445974,7833.000,1649.000,778.000,-64.000,-120.000,39.000,0.000,0.000,0
2026-01-31 12:45:39,4446014,7913.000,1685.000,756.000,-64.000,-94.000,-78.000,0.000,0.000,0
2026-01-31 12:45:40,4446054,8108.000,1782.000,879.000,-70.000,-68.000,-90.000,0.000,0.000,0
2026-01-31 12:45:40,4446094,8047.000,1661.000,939.000,-174.000,-96.000,-111.000,0.000,0.000,0
2026-01-31 12:45:40,4446134,7854.000,1562.000,915.000,-240.000,-86.000,-197.000,0.000,0.000,0
2026-01-31 12:45:40,4446174,7882.000,1624.000,875.000,-187.000,47.000,-203.000,0.000,0.000,0
2026-01-31 12:45:40,4446214,7870.000,1544.000,862.000,-238.000,153.000,-57.000,0.000,0.000,0
2026-01-31 12:45:40,4446254,7822.000,1506.000,743.000,-163.000,142.000,-73.000,0.000,0.000,0
2026-01-31 12:45:40,4446294,7789.000,1494.000,672.000,-152.000,168.000,-76.000,0.000,0.000,0
2026-01-31 12:45:40,4446334,7876.000,1516.000,648.000,-48.000,164.000,-66.000,0.000,0.000,0
2026-01-31 12:45:40,4446374,7926.000,1526.000,706.000,32.000,69.000,-23.000,0.000,0.000,0
2026-01-31 12:45:40,4446414,7787.000,1405.000,747.000,68.000,-27.000,-44.000,0.000,0.000,0
2026-01-31 12:45:40,4446454,7813.000,1498.000,762.000,204.000,-46.000,-84.000,0.000,0.000,0
2026-01-31 12:45:40,4446494,7794.000,1525.000,903.000,223.000,-22.000,10.000,0.000,0.000,0
2026-01-31 12:45:40,4446534,7780.000,1514.000,965.000,275.000,-33.000,55.000,0.000,0.000,0
2026-01-31 12:45:40,4446574,7714.000,1545.000,949.000,259.000,-3.000,126.000,0.000,0.000,0
2026-01-31 12:45:40,4446614,7680.000,1579.000,928.000,281.000,102.000,140.000,0.000,0.000,0
2026-01-31 12:45:40,4446654,7857.000,1710.000,801.000,274.000,125.000,169.000,0.000,0.000,0
2026-01-31 12:45:40,4446694,7962.000,1733.000,814.000,198.000,100.000,255.000,0.000,0.000,0
2026-01-31 12:45:40,4446734,7940.000,1671.000,789.000,138.000,13.000,221.000,0.000,0.000,0
2026-01-31 12:45:40,4446774,7907.000,1710.000,735.000,131.000,-34.000,120.000,0.000,0.000,0
2026-01-31 12:45:40,4446814,7885.000,1790.000,779.000,50.000,-33.000,76.000,0.000,0.000,0
2026-01-31 12:45:40,4446854,7925.000,1804.000,814.000,-52.000,-58.000,86.000,0.000,0.000,0
2026-01-31 12:45:40,4446894,7853.000,1755.000,828.000,-130.000,-75.000,80.000,0.000,0.000,0
2026-01-31 12:45:40,4446934,7732.000,1689.000,787.000,-254.000,-34.000,-5.000,0.000,0.000,0
2026-01-31 12:45:40,4446974,7706.000,1664.000,718.000,-288.000,101.000,-98.000,0.000,0.000,0
2026-01-31 12:45:40,4447014,7834.000,1657.000,670.000,-310.000,98.000,-135.000,0.000,0.000,0
2026-01-31 12:45:41,4447054,7844.000,1612.000,639.000,-346.000,48.000,-147.000,0.000,0.000,0
2026-01-31 12:45:41,4447094,7869.000,1536.000,616.000,-342.000,-15.000,-196.000,0.000,0.000,0
2026-01-31 12:45:41,4447134,7930.000,1550.000,606.000,-260.000,-42.000,-251.000,0.000,0.000,0
2026-01-31 12:45:41,4447174,7946.000,1524.000,658.000,-205.000,-58.000,-245.000,0.000,0.000,0
2026-01-31 12:45:41,4447214,7850.000,1461.000,709.000,-154.000,-89.000,-257.000,0.000,0.000,0
2026-01-31 12:45:41,4447254,7860.000,1528.000,678.000,-55.000,-82.000,-251.000,0.000,0.000,0
2026-01-31 12:45:41,4447294,7789.000,1499.000,726.000,-77.000,-33.000,-144.000,0.000,0.000,0
2026-01-31 12:45:41,4447334,7897.000,1528.000,667.000,5.000,-10.000,-68.000,0.000,0.000,0
2026-01-31 12:45:41,4447376,7929.000,1502.000,672.000,36.000,64.000,73.000,0.000,0.000,0
2026-01-31 12:45:41,4447416,7834.000,1538.000,624.000,102.000,62.000,80.000,0.000,0.000,0
2026-01-31 12:45:41,4447454,7835.000,1603.000,579.000,123.000,72.000,108.000,0.000,0.000,0
2026-01-31 12:45:41,4447494,7863.000,1655.000,575.000,115.000,112.000,228.000,0.000,0.000,0
2026-01-31 12:45:41,4447534,7780.000,1567.000,613.000,97.000,100.000,264.000,0.000,0.000,0
2026-01-31 12:45:41,4447574,7792.000,1575.000,593.000,146.000,56.000,164.000,0.000,0.000,0
2026-01-31 12:45:41,4447617,7755.000,1637.000,624.000,122.000,141.000,92.000,0.000,0.000,0
2026-01-31 12:45:41,4447654,7799.000,1686.000,653.000,119.000,148.000,81.000,0.000,0.000,0
2026-01-31 12:45:41,4447694,7962.000,1699.000,635.000,50.000,107.000,83.000,0.000,0.000,0
2026-01-31 12:45:41,4447734,7890.000,1569.000,657.000,22.000,83.000,16.000,0.000,0.000,0
2026-01-31 12:45:41,4447774,7930.000,1591.000,597.000,76.000,124.000,-106.000,0.000,0.000,0
2026-01-31 12:45:41,4447814,8048.000,1660.000,631.000,107.000,157.000,-121.000,0.000,0.000,0
2026-01-31 12:45:41,4447854,7997.000,1571.000,701.000,68.000,120.000,-103.000,0.000,0.000,0
2026-01-31 12:45:41,4447894,7840.000,1459.000,671.000,101.000,80.000,-168.000,0.000,0.000,0
2026-01-31 12:45:41,4447934,7769.000,1512.000,666.000,203.000,136.000,-205.000,0.000,0.000,0
2026-01-31 12:45:41,4447974,7706.000,1508.000,730.000,174.000,209.000,-134.000,0.000,0.000,0
2026-01-31 12:45:41,4448014,7714.000,1460.000,711.000,197.000,206.000,-50.000,0.000,0.000,0
2026-01-31 12:45:42,4448054,7844.000,1496.000,645.000,268.000,205.000,24.000,0.000,0.000,0
2026-01-31 12:45:42,4448094,7814.000,1460.000,729.000,280.000,200.000,125.000,0.000,0.000,0
2026-01-31 12:45:42,4448134,7772.000,1537.000,676.000,384.000,152.000,157.000,0.000,0.000,0
2026-01-31 12:45:42,4448174,7978.000,1715.000,679.000,342.000,164.000,272.000,0.000,0.000,0
2026-01-31 12:45:42,4448214,7928.000,1595.000,822.000,233.000,131.000,385.000,0.000,0.000,0
2026-01-31 12:45:42,4448254,7749.000,1548.000,819.000,313.000,56.000,296.000,0.000,0.000,0
2026-01-31 12:45:42,4448294,7783.000,1732.000,800.000,300.000,112.000,218.000,0.000,0.000,0
2026-01-31 12:45:42,4448334,7878.000,1747.000,870.000,151.000,194.000,264.000,0.000,0.000,0
2026-01-31 12:45:42,4448374,7877.000,1702.000,891.000,133.000,165.000,258.000,0.000,0.000,0
2026-01-31 12:45:42,4448414,7816.000,1681.000,786.000,56.000,156.000,141.000,0.000,0.000,0
2026-01-31 12:45:42,4448454,7783.000,1657.000,728.000,-42.000,220.000,11.000,0.000,0.000,0
2026-01-31 12:45:42,4448494,7981.000,1754.000,723.000,-53.000,175.000,-75.000,0.000,0.000,0
2026-01-31 12:45:42,4448534,7981.000,1607.000,712.000,-209.000,61.000,-127.000,0.000,0.000,0
2026-01-31 12:45:42,4448574,7967.000,1525.000,705.000,-161.000,16.000,-232.000,0.000,0.000,0
2026-01-31 12:45:42,4448614,7981.000,1597.000,750.000,-73.000,34.000,-274.000,0.000,0.000,0
2026-01-31 12:45:42,4448654,7914.000,1566.000,840.000,-149.000,23.000,-210.000,0.000,0.000,0
2026-01-31 12:45:42,4448694,7847.000,1493.000,829.000,-178.000,0.000,-154.000,0.000,0.000,0
2026-01-31 12:45:42,4448734,7948.000,1488.000,778.000,-161.000,44.000,-89.000,0.000,0.000,0
2026-01-31 12:45:42,4448774,7924.000,1439.000,818.000,-143.000,112.000,-6.000,0.000,0.000,0
2026-01-31 12:45:42,4448814,7744.000,1366.000,798.000,-85.000,126.000,6.000,0.000,0.000,0
2026-01-31 12:45:42,4448854,7739.000,1534.000,676.000,16.000,146.000,-12.000,0.000,0.000,0
2026-01-31 12:45:42,4448894,7931.000,1532.000,777.000,-2.000,146.000,171.000,0.000,0.000,0
2026-01-31 12:45:42,4448934,7775.000,1358.000,782.000,0.000,50.000,124.000,0.000,0.000,0
2026-01-31 12:45:42,4448974,7733.000,1395.000,698.000,143.000,58.000,-14.000,0.000,0.000,0
2026-01-31 12:45:42,4449014,7970.000,1611.000,793.000,206.000,125.000,17.000,0.000,0.000,0
2026-01-31 12:45:43,4449054,8047.000,1537.000,907.000,84.000,71.000,107.000,0.000,0.000,0
2026-01-31 12:45:43,4449094,7906.000,1420.000,853.000,123.000,-5.000,26.000,0.000,0.000,0
2026-01-31 12:45:43,4449134,7869.000,1511.000,852.000,196.000,65.000,-47.000,0.000,0.000,0
2026-01-31 12:45:43,4449174,7960.000,1568.000,926.000,220.000,163.000,21.000,0.000,0.000,0
2026-01-31 12:45:43,4449214,7989.000,1613.000,957.000,194.000,129.000,104.000,0.000,0.000,0
2026-01-31 12:45:43,4449254,7905.000,1557.000,843.000,-3.000,96.000,104.000,0.000,0.000,0
2026-01-31 12:45:43,4449294,8007.000,1636.000,831.000,38.000,129.000,106.000,0.000,0.000,0
2026-01-31 12:45:43,4449334,8067.000,1709.000,876.000,-4.000,104.000,161.000,0.000,0.000,0
2026-01-31 12:45:43,4449374,7993.000,1606.000,855.000,-109.000,40.000,153.000,0.000,0.000,0
2026-01-31 12:45:43,4449414,7998.000,1638.000,809.000,-85.000,49.000,66.000,0.000,0.000,0
2026-01-31 12:45:43,4449454,8022.000,1741.000,859.000,-121.000,100.000,76.000,0.000,0.000,0
2026-01-31 12:45:43,4449494,7879.000,1658.000,903.000,-209.000,85.000,82.000,0.000,0.000,0
2026-01-31 12:45:43,4449534,7769.000,1596.000,800.000,-251.000,78.000,-11.000,0.000,0.000,0
2026-01-31 12:45:43,4449574,7920.000,1725.000,757.000,-205.000,146.000,-7.000,0.000,0.000,0
2026-01-31 12:45:43,4449617,7677.000,1426.000,791.000,-392.000,38.000,-93.000,0.000,0.000,0
2026-01-31 12:45:43,4449654,7639.000,1436.000,694.000,-293.000,27.000,-172.000,0.000,0.000,0
2026-01-31 12:45:43,4449694,7768.000,1662.000,705.000,-210.000,83.000,-141.000,0.000,0.000,0
2026-01-31 12:45:43,4449734,7926.000,1545.000,817.000,-355.000,25.000,16.000,0.000,0.000,0
2026-01-31 12:45:43,4449774,7807.000,1408.000,791.000,-234.000,-122.000,-29.000,0.000,0.000,0
2026-01-31 12:45:43,4449814,7668.000,1393.000,714.000,-176.000,-124.000,-130.000,0.000,0.000,0
2026-01-31 12:45:43,4449854,7833.000,1579.000,771.000,-94.000,-52.000,-89.000,0.000,0.000,0
2026-01-31 12:45:43,4449894,8021.000,1899.000,898.000,-507.000,-150.000,53.000,0.000,0.000,0
2026-01-31 12:45:43,4449934,7889.000,1241.000,784.000,-1320.000,-240.000,85.000,0.000,0.000,0
2026-01-31 12:45:43,4449974,7930.000,979.000,649.000,-340.000,-203.000,-66.000,0.000,0.000,0
2026-01-31 12:45:43,4450014,8196.000,1529.000,811.000,779.000,-21.000,-79.000,0.000,0.000,0
2026-01-31 12:45:44,4450054,8180.000,1666.000,925.000,783.000,-74.000,-81.000,0.000,0.000,0
2026-01-31 12:45:44,4450094,8037.000,1614.000,957.000,256.000,-114.000,-133.000,0.000,0.000,0
2026-01-31 12:45:44,4450134,8095.000,1427.000,879.000,76.000,-37.000,-87.000,0.000,0.000,0
2026-01-31 12:45:44,4450174,8130.000,1588.000,1012.000,413.000,77.000,35.000,0.000,0.000,0
2026-01-31 12:45:44,4450214,7823.000,1513.000,1010.000,189.000,94.000,73.000,0.000,0.000,0
2026-01-31 12:45:44,4450254,7757.000,1532.000,825.000,171.000,143.000,57.000,0.000,0.000,0
2026-01-31 12:45:44,4450294,7836.000,1673.000,814.000,231.000,223.000,172.000,0.000,0.000,0
2026-01-31 12:45:44,4450334,7791.000,1618.000,817.000,112.000,163.000,214.000,0.000,0.000,0
2026-01-31 12:45:44,4450374,7672.000,1583.000,704.000,70.000,63.000,102.000,0.000,0.000,0
2026-01-31 12:45:44,4450414,7857.000,1719.000,683.000,8.000,17.000,26.000,0.000,0.000,0
2026-01-31 12:45:44,4450454,7902.000,1683.000,779.000,-34.000,-81.000,33.000,0.000,0.000,0
2026-01-31 12:45:44,4450494,7801.000,1600.000,828.000,-102.000,-196.000,-71.000,0.000,0.000,0
2026-01-31 12:45:44,4450534,7883.000,1613.000,773.000,-155.000,-168.000,-162.000,0.000,0.000,0
2026-01-31 12:45:44,4450574,8062.000,1697.000,870.000,-94.000,-75.000,-109.000,0.000,0.000,0
2026-01-31 12:45:44,4450614,8052.000,1599.000,910.000,-230.000,-78.000,-84.000,0.000,0.000,0
2026-01-31 12:45:44,4450654,7930.000,1473.000,807.000,-237.000,-77.000,-154.000,0.000,0.000,0
2026-01-31 12:45:44,4450694,7990.000,1583.000,730.000,-98.000,20.000,-169.000,0.000,0.000,0
2026-01-31 12:45:44,4450734,8115.000,1639.000,761.000,-138.000,56.000,-56.000,0.000,0.000,0
2026-01-31 12:45:44,4450774,7972.000,1487.000,683.000,-152.000,-32.000,-13.000,0.000,0.000,0
2026-01-31 12:45:44,4450814,7986.000,1555.000,635.000,-22.000,-17.000,-43.000,0.000,0.000,0
2026-01-31 12:45:44,4450854,8029.000,1656.000,738.000,38.000,-2.000,40.000,0.000,0.000,0
2026-01-31 12:45:44,4450894,7920.000,1585.000,797.000,-39.000,-50.000,93.000,0.000,0.000,0
2026-01-31 12:45:44,4450934,7817.000,1513.000,721.000,21.000,-41.000,37.000,0.000,0.000,0
2026-01-31 12:45:44,4450974,7745.000,1644.000,766.000,158.000,54.000,26.000,0.000,0.000,0
2026-01-31 12:45:44,4451014,7683.000,1687.000,822.000,89.000,81.000,73.000,0.000,0.000,0
2026-01-31 12:45:45,4451054,7598.000,1652.000,761.000,35.000,55.000,78.000,0.000,0.000,0
2026-01-31 12:45:45,4451094,7540.000,1642.000,694.000,25.000,71.000,20.000,0.000,0.000,0
2026-01-31 12:45:45,4451134,7854.000,1789.000,698.000,61.000,73.000,-27.000,0.000,0.000,0
2026-01-31 12:45:45,4451174,8031.000,1774.000,832.000,3.000,-66.000,-25.000,0.000,0.000,0
2026-01-31 12:45:45,4451214,7856.000,1680.000,889.000,-40.000,-142.000,-151.000,0.000,0.000,0
2026-01-31 12:45:45,4451254,7941.000,1856.000,884.000,30.000,-108.000,-214.000,0.000,0.000,0
2026-01-31 12:45:45,4451294,8236.000,2054.000,968.000,-49.000,-55.000,-43.000,0.000,0.000,0
2026-01-31 12:45:45,4451334,8197.000,1859.000,1050.000,-209.000,-102.000,85.000,0.000,0.000,0
2026-01-31 12:45:45,4451374,8013.000,1698.000,997.000,-179.000,-83.000,-86.000,0.000,0.000,0
2026-01-31 12:45:45,4451414,7859.000,1738.000,924.000,-115.000,102.000,-283.000,0.000,0.000,0
2026-01-31 12:45:45,4451454,7815.000,1897.000,948.000,-60.000,205.000,-295.000,0.000,0.000,0
2026-01-31 12:45:45,4451494,7713.000,1940.000,884.000,-245.000,126.000,-198.000,0.000,0.000,0
2026-01-31 12:45:45,4451534,7733.000,1689.000,597.000,-466.000,45.000,-134.000,0.000,0.000,0
2026-01-31 12:45:45,4451574,7787.000,1663.000,601.000,-259.000,50.000,-196.000,0.000,0.000,0
2026-01-31 12:45:45,4451617,7823.000,1663.000,577.000,-196.000,-80.000,-329.000,0.000,0.000,0
2026-01-31 12:45:45,4451656,7838.000,1634.000,567.000,-186.000,-123.000,-325.000,0.000,0.000,0
2026-01-31 12:45:45,4451694,7804.000,1635.000,651.000,-76.000,-183.000,-250.000,0.000,0.000,0
2026-01-31 12:45:45,4451734,7834.000,1663.000,718.000,2.000,-222.000,-123.000,0.000,0.000,0
2026-01-31 12:45:45,4451774,7862.000,1663.000,767.000,25.000,-228.000,56.000,0.000,0.000,0
2026-01-31 12:45:45,4451814,7964.000,1641.000,797.000,48.000,-191.000,219.000,0.000,0.000,0
2026-01-31 12:45:45,4451854,8110.000,1674.000,786.000,105.000,-116.000,310.000,0.000,0.000,0
2026-01-31 12:45:45,4451894,8146.000,1684.000,773.000,185.000,-30.000,342.000,0.000,0.000,0
2026-01-31 12:45:45,4451934,8033.000,1749.000,719.000,267.000,75.000,294.000,0.000,0.000,0
2026-01-31 12:45:45,4451974,8118.000,1813.000,695.000,278.000,113.000,278.000,0.000,0.000,0
2026-01-31 12:45:45,4452014,8044.000,1785.000,742.000,265.000,104.000,257.000,0.000,0.000,0
2026-01-31 12:45:46,4452054,7942.000,1728.000,742.000,222.000,62.000,129.000,0.000,0.000,0
2026-01-31 12:45:46,4452094,7845.000,1703.000,740.000,215.000,91.000,-7.000,0.000,0.000,0
2026-01-31 12:45:46,4452134,7821.000,1788.000,788.000,208.000,130.000,-60.000,0.000,0.000,0
2026-01-31 12:45:46,4452174,7821.000,1724.000,818.000,45.000,131.000,-45.000,0.000,0.000,0
2026-01-31 12:45:46,4452214,7797.000,1658.000,787.000,5.000,118.000,-61.000,0.000,0.000,0
2026-01-31 12:45:46,4452254,7765.000,1613.000,749.000,-31.000,142.000,-108.000,0.000,0.000,0
2026-01-31 12:45:46,4452294,7815.000,1671.000,756.000,-31.000,178.000,-128.000,0.000,0.000,0
2026-01-31 12:45:46,4452334,7878.000,1697.000,756.000,0.000,118.000,-43.000,0.000,0.000,0
2026-01-31 12:45:46,4452374,7875.000,1628.000,743.000,-67.000,44.000,-9.000,0.000,0.000,0
2026-01-31 12:45:46,4452414,7859.000,1611.000,743.000,-3.000,16.000,-29.000,0.000,0.000,0
2026-01-31 12:45:46,4452454,7877.000,1689.000,786.000,85.000,32.000,-47.000,0.000,0.000,0
2026-01-31 12:45:46,4452494,7982.000,1722.000,864.000,29.000,24.000,-32.000,0.000,0.000,0
2026-01-31 12:45:46,4452534,8025.000,1688.000,904.000,23.000,-1.000,-32.000,0.000,0.000,0
2026-01-31 12:45:46,4452574,8029.000,1713.000,929.000,47.000,31.000,-39.000,0.000,0.000,0
2026-01-31 12:45:46,4452614,7899.000,1650.000,952.000,23.000,99.000,-72.000,0.000,0.000,0
2026-01-31 12:45:46,4452654,7894.000,1709.000,935.000,108.000,167.000,-75.000,0.000,0.000,0
2026-01-31 12:45:46,4452694,7942.000,1705.000,876.000,15.000,211.000,3.000,0.000,0.000,0
2026-01-31 12:45:46,4452734,8000.000,1748.000,876.000,59.000,191.000,59.000,0.000,0.000,0
2026-01-31 12:45:46,4452774,7800.000,1670.000,913.000,58.000,161.000,59.000,0.000,0.000,0
2026-01-31 12:45:46,4452814,7645.000,1650.000,889.000,69.000,140.000,2.000,0.000,0.000,0
2026-01-31 12:45:46,4452854,7720.000,1826.000,871.000,130.000,141.000,67.000,0.000,0.000,0
2026-01-31 12:45:46,4452894,7924.000,1927.000,913.000,29.000,80.000,251.000,0.000,0.000,0
2026-01-31 12:45:46,4452934,7747.000,1723.000,893.000,-84.000,-19.000,289.000,0.000,0.000,0
2026-01-31 12:45:46,4452974,7645.000,1775.000,800.000,56.000,-28.000,143.000,0.000,0.000,0
2026-01-31 12:45:46,4453014,7836.000,1960.000,770.000,40.000,21.000,92.000,0.000,0.000,0
2026-01-31 12:45:47,4453054,8017.000,1935.000,840.000,-54.000,-52.000,152.000,0.000,0.000,0
2026-01-31 12:45:47,4453094,7912.000,1770.000,783.000,-185.000,-223.000,11.000,0.000,0.000,0
2026-01-31 12:45:47,4453134,7986.000,1790.000,775.000,-94.000,-148.000,-182.000,0.000,0.000,0
2026-01-31 12:45:47,4453174,7971.000,1830.000,935.000,-64.000,-69.000,-248.000,0.000,0.000,0
2026-01-31 12:45:47,4453214,7885.000,1738.000,935.000,-188.000,-74.000,-291.000,0.000,0.000,0
2026-01-31 12:45:47,4453254,7844.000,1635.000,844.000,-242.000,-22.000,-292.000,0.000,0.000,0
2026-01-31 12:45:47,4453294,7852.000,1611.000,857.000,-149.000,88.000,-274.000,0.000,0.000,0
2026-01-31 12:45:47,4453334,7814.000,1595.000,818.000,-133.000,117.000,-248.000,0.000,0.000,0
2026-01-31 12:45:47,4453374,7856.000,1583.000,728.000,-77.000,92.000,-183.000,0.000,0.000,0
2026-01-31 12:45:47,4453414,7821.000,1535.000,738.000,-22.000,58.000,-91.000,0.000,0.000,0
2026-01-31 12:45:47,4453454,7864.000,1575.000,725.000,137.000,-27.000,-50.000,0.000,0.000,0
2026-01-31 12:45:47,4453494,7948.000,1605.000,810.000,179.000,-84.000,40.000,0.000,0.000,0
2026-01-31 12:45:47,4453534,7910.000,1606.000,903.000,263.000,-129.000,78.000,0.000,0.000,0
2026-01-31 12:45:47,4453574,7908.000,1682.000,948.000,304.000,-137.000,83.000,0.000,0.000,0
2026-01-31 12:45:47,4453616,7921.000,1755.000,1018.000,293.000,-79.000,129.000,0.000,0.000,0
2026-01-31 12:45:47,4453654,8027.000,1796.000,1009.000,231.000,-24.000,171.000,0.000,0.000,0
2026-01-31 12:45:47,4453694,8055.000,1771.000,978.000,183.000,36.000,182.000,0.000,0.000,0
2026-01-31 12:45:47,4453734,7942.000,1723.000,941.000,129.000,109.000,99.000,0.000,0.000,0
2026-01-31 12:45:47,4453774,7900.000,1757.000,865.000,118.000,157.000,-14.000,0.000,0.000,0
2026-01-31 12:45:47,4453814,7958.000,1867.000,847.000,108.000,162.000,-13.000,0.000,0.000,0
2026-01-31 12:45:47,4453854,7777.000,1672.000,818.000,-68.000,81.000,2.000,0.000,0.000,0
2026-01-31 12:45:47,4453894,7710.000,1708.000,746.000,26.000,76.000,-57.000,0.000,0.000,0
2026-01-31 12:45:47,4453934,7844.000,1831.000,761.000,-4.000,99.000,7.000,0.000,0.000,0
2026-01-31 12:45:47,4453974,7812.000,1705.000,796.000,-122.000,34.000,87.000,0.000,0.000,0
2026-01-31 12:45:47,4454014,7755.000,1674.000,695.000,-43.000,-23.000,37.000,0.000,0.000,0
2026-01-31 12:45:48,4454054,7838.000,1790.000,694.000,-2.000,-9.000,45.000,0.000,0.000,0
2026-01-31 12:45:48,4454094,7962.000,1832.000,797.000,-63.000,-43.000,105.000,0.000,0.000,0
2026-01-31 12:45:48,4454134,7871.000,1738.000,805.000,-119.000,-129.000,88.000,0.000,0.000,0
2026-01-31 12:45:48,4454174,7852.000,1739.000,720.000,-40.000,-100.000,-25.000,0.000,0.000,0
2026-01-31 12:45:48,4454214,8053.000,1898.000,878.000,-34.000,-22.000,4.000,0.000,0.000,0
2026-01-31 12:45:48,4454254,7937.000,1732.000,888.000,-163.000,-77.000,-46.000,0.000,0.000,0
2026-01-31 12:45:48,4454294,7765.000,1673.000,845.000,-108.000,-47.000,-180.000,0.000,0.000,0
2026-01-31 12:45:48,4454334,7901.000,1789.000,827.000,-69.000,80.000,-220.000,0.000,0.000,0
2026-01-31 12:45:48,4454374,8062.000,1786.000,901.000,-141.000,99.000,-126.000,0.000,0.000,0
2026-01-31 12:45:48,4454414,7813.000,1529.000,860.000,-226.000,37.000,-154.000,0.000,0.000,0
2026-01-31 12:45:48,4454454,7662.000,1500.000,740.000,-78.000,64.000,-298.000,0.000,0.000,0
2026-01-31 12:45:48,4454494,7813.000,1710.000,767.000,30.000,159.000,-243.000,0.000,0.000,0
2026-01-31 12:45:48,4454534,7857.000,1694.000,934.000,-6.000,83.000,-30.000,0.000,0.000,0
2026-01-31 12:45:48,4454574,7637.000,1522.000,888.000,-40.000,-63.000,3.000,0.000,0.000,0
2026-01-31 12:45:48,4454614,7740.000,1736.000,851.000,153.000,33.000,75.000,0.000,0.000,0
2026-01-31 12:45:48,4454654,7940.000,1824.000,964.000,87.000,37.000,233.000,0.000,0.000,0
2026-01-31 12:45:48,4454694,7852.000,1674.000,913.000,34.000,-63.000,248.000,0.000,0.000,0
2026-01-31 12:45:48,4454734,7774.000,1735.000,809.000,147.000,-32.000,136.000,0.000,0.000,0
2026-01-31 12:45:48,4454774,7916.000,1886.000,884.000,96.000,44.000,124.000,0.000,0.000,0
2026-01-31 12:45:48,4454814,7959.000,1862.000,930.000,35.000,15.000,151.000,0.000,0.000,0
2026-01-31 12:45:48,4454854,7869.000,1783.000,858.000,15.000,-25.000,80.000,0.000,0.000,0
2026-01-31 12:45:48,4454894,7836.000,1800.000,867.000,40.000,41.000,-11.000,0.000,0.000,0
2026-01-31 12:45:48,4454934,7907.000,1893.000,961.000,37.000,92.000,-7.000,0.000,0.000,0
2026-01-31 12:45:48,4454974,7762.000,1761.000,861.000,-70.000,84.000,14.000,0.000,0.000,0
2026-01-31 12:45:48,4455014,7699.000,1804.000,800.000,-35.000,158.000,8.000,0.000,0.000,0
2026-01-31 12:45:49,4455054,7762.000,1868.000,749.000,-23.000,187.000,54.000,0.000,0.000,0
2026-01-31 12:45:49,4455094,7799.000,1912.000,686.000,-58.000,117.000,120.000,0.000,0.000,0
2026-01-31 12:45:49,4455134,7625.000,1785.000,622.000,-148.000,39.000,107.000,0.000,0.000,0
2026-01-31 12:45:49,4455174,7671.000,1862.000,553.000,0.000,1.000,31.000,0.000,0.000,0
2026-01-31 12:45:49,4455214,7840.000,2010.000,582.000,36.000,-23.000,66.000,0.000,0.000,0
2026-01-31 12:45:49,4455254,7739.000,1884.000,677.000,-90.000,-123.000,109.000,0.000,0.000,0
2026-01-31 12:45:49,4455294,7674.000,1808.000,623.000,-79.000,-198.000,-17.000,0.000,0.000,0
2026-01-31 12:45:49,4455334,7788.000,1906.000,616.000,1.000,-147.000,-83.000,0.000,0.000,0
2026-01-31 12:45:49,4455374,7847.000,1855.000,735.000,-183.000,-129.000,-59.000,0.000,0.000,0
2026-01-31 12:45:49,4455417,7764.000,1747.000,674.000,-125.000,-95.000,-187.000,0.000,0.000,0
2026-01-31 12:45:49,4455457,7766.000,1738.000,697.000,-133.000,-1.000,-227.000,0.000,0.000,0
2026-01-31 12:45:49,4455494,7806.000,1751.000,714.000,-124.000,21.000,-222.000,0.000,0.000,0
2026-01-31 12:45:49,4455534,7877.000,1729.000,703.000,-137.000,16.000,-163.000,0.000,0.000,0
2026-01-31 12:45:49,4455574,7850.000,1638.000,717.000,-186.000,0.000,-125.000,0.000,0.000,0
2026-01-31 12:45:49,4455619,7688.000,1570.000,756.000,-54.000,28.000,-198.000,0.000,0.000,0
2026-01-31 12:45:49,4455654,7745.000,1668.000,750.000,-6.000,41.000,-190.000,0.000,0.000,0
2026-01-31 12:45:49,4455694,7909.000,1754.000,788.000,-67.000,57.000,-26.000,0.000,0.000,0
2026-01-31 12:45:49,4455734,7804.000,1581.000,813.000,-122.000,7.000,71.000,0.000,0.000,0
2026-01-31 12:45:49,4455774,7821.000,1653.000,717.000,-10.000,26.000,12.000,0.000,0.000,0
2026-01-31 12:45:49,4455814,7795.000,1701.000,749.000,-11.000,95.000,40.000,0.000,0.000,0
2026-01-31 12:45:49,4455854,7727.000,1661.000,679.000,-12.000,70.000,28.000,0.000,0.000,0
2026-01-31 12:45:49,4455894,7885.000,1770.000,586.000,28.000,27.000,60.000,0.000,0.000,0
2026-01-31 12:45:49,4455934,7897.000,1736.000,631.000,-44.000,22.000,126.000,0.000,0.000,0
2026-01-31 12:45:49,4455974,7891.000,1659.000,631.000,-14.000,-37.000,68.000,0.000,0.000,0
2026-01-31 12:45:49,4456014,7981.000,1829.000,600.000,94.000,-37.000,38.000,0.000,0.000,0
2026-01-31 12:45:50,4456054,8051.000,1840.000,675.000,-31.000,-9.000,109.000,0.000,0.000,0
2026-01-31 12:45:50,4456094,8001.000,1746.000,710.000,-24.000,-15.000,124.000,0.000,0.000,0
2026-01-31 12:45:50,4456134,7796.000,1818.000,683.000,12.000,85.000,72.000,0.000,0.000,0
2026-01-31 12:45:50,4456174,7721.000,1790.000,691.000,-50.000,166.000,90.000,0.000,0.000,0
2026-01-31 12:45:50,4456214,7668.000,1838.000,631.000,-38.000,206.000,119.000,0.000,0.000,0
2026-01-31 12:45:50,4456254,7631.000,1765.000,543.000,-162.000,226.000,115.000,0.000,0.000,0
2026-01-31 12:45:50,4456294,7560.000,1718.000,505.000,-136.000,241.000,68.000,0.000,0.000,0
2026-01-31 12:45:50,4456334,7613.000,1787.000,461.000,-89.000,207.000,26.000,0.000,0.000,0
2026-01-31 12:45:50,4456374,7787.000,1833.000,431.000,-162.000,146.000,85.000,0.000,0.000,0
2026-01-31 12:45:50,4456414,7835.000,1767.000,460.000,-199.000,61.000,121.000,0.000,0.000,0
2026-01-31 12:45:50,4456454,7850.000,1707.000,499.000,-155.000,-38.000,28.000,0.000,0.000,0
2026-01-31 12:45:50,4456494,7915.000,1842.000,613.000,-70.000,-69.000,-44.000,0.000,0.000,0
2026-01-31 12:45:50,4456534,7925.000,1783.000,712.000,-205.000,-63.000,16.000,0.000,0.000,0
2026-01-31 12:45:50,4456574,7824.000,1716.000,750.000,-201.000,-36.000,5.000,0.000,0.000,0
2026-01-31 12:45:50,4456614,7830.000,1711.000,729.000,-242.000,50.000,-49.000,0.000,0.000,0
2026-01-31 12:45:50,4456654,7922.000,1758.000,728.000,-226.000,155.000,-30.000,0.000,0.000,0
2026-01-31 12:45:50,4456694,7924.000,1681.000,696.000,-280.000,199.000,-13.000,0.000,0.000,0
2026-01-31 12:45:50,4456734,7893.000,1612.000,612.000,-250.000,207.000,-70.000,0.000,0.000,0
2026-01-31 12:45:50,4456774,7907.000,1659.000,610.000,-141.000,230.000,-101.000,0.000,0.000,0
2026-01-31 12:45:50,4456814,7925.000,1629.000,627.000,-160.000,193.000,-100.000,0.000,0.000,0
2026-01-31 12:45:50,4456854,7889.000,1610.000,652.000,-76.000,116.000,-83.000,0.000,0.000,0
2026-01-31 12:45:50,4456894,7788.000,1655.000,716.000,1.000,87.000,3.000,0.000,0.000,0
2026-01-31 12:45:50,4456934,7735.000,1602.000,774.000,11.000,88.000,57.000,0.000,0.000,0
2026-01-31 12:45:50,4456974,7685.000,1663.000,738.000,114.000,104.000,71.000,0.000,0.000,0
2026-01-31 12:45:50,4457014,7686.000,1695.000,724.000,70.000,144.000,136.000,0.000,0.000,0
2026-01-31 12:45:51,4457054,7759.000,1726.000,700.000,95.000,159.000,188.000,0.000,0.000,0
2026-01-31 12:45:51,4457094,7712.000,1740.000,674.000,114.000,146.000,203.000,0.000,0.000,0
2026-01-31 12:45:51,4457134,7661.000,1747.000,645.000,118.000,133.000,167.000,0.000,0.000,0
2026-01-31 12:45:51,4457174,7775.000,1843.000,602.000,116.000,128.000,145.000,0.000,0.000,0
2026-01-31 12:45:51,4457214,7885.000,1908.000,628.000,92.000,87.000,195.000,0.000,0.000,0
2026-01-31 12:45:51,4457254,7863.000,1824.000,684.000,46.000,15.000,193.000,0.000,0.000,0
2026-01-31 12:45:51,4457294,7823.000,1861.000,711.000,18.000,13.000,29.000,0.000,0.000,0
2026-01-31 12:45:51,4457334,7934.000,1952.000,773.000,-24.000,54.000,-2.000,0.000,0.000,0
2026-01-31 12:45:51,4457374,7921.000,1878.000,830.000,-152.000,67.000,-9.000,0.000,0.000,0
2026-01-31 12:45:51,4457417,7729.000,1728.000,781.000,-183.000,129.000,-179.000,0.000,0.000,0
2026-01-31 12:45:51,4457456,7806.000,1858.000,752.000,-154.000,214.000,-192.000,0.000,0.000,0
2026-01-31 12:45:51,4457494,7858.000,1833.000,742.000,-227.000,226.000,-146.000,0.000,0.000,0
2026-01-31 12:45:51,4457534,7874.000,1704.000,699.000,-304.000,154.000,-98.000,0.000,0.000,0
2026-01-31 12:45:51,4457574,7786.000,1605.000,593.000,-256.000,95.000,-158.000,0.000,0.000,0
2026-01-31 12:45:51,4457617,7894.000,1698.000,670.000,-220.000,66.000,-184.000,0.000,0.000,0
2026-01-31 12:45:51,4457654,7832.000,1626.000,695.000,-196.000,-42.000,-130.000,0.000,0.000,0
2026-01-31 12:45:51,4457694,7758.000,1625.000,697.000,-129.000,-112.000,-89.000,0.000,0.000,0
2026-01-31 12:45:51,4457734,7754.000,1643.000,718.000,-154.000,-78.000,-14.000,0.000,0.000,0
2026-01-31 12:45:51,4457774,7740.000,1640.000,759.000,-122.000,-37.000,72.000,0.000,0.000,0
2026-01-31 12:45:51,4457814,7811.000,1676.000,690.000,-118.000,-31.000,118.000,0.000,0.000,0
2026-01-31 12:45:51,4457854,7850.000,1687.000,620.000,-128.000,7.000,143.000,0.000,0.000,0
2026-01-31 12:45:51,4457894,7887.000,1724.000,642.000,-99.000,40.000,148.000,0.000,0.000,0
2026-01-31 12:45:51,4457934,7835.000,1669.000,636.000,-114.000,32.000,83.000,0.000,0.000,0
2026-01-31 12:45:51,4457974,7802.000,1669.000,613.000,-54.000,49.000,-26.000,0.000,0.000,0
2026-01-31 12:45:51,4458014,7916.000,1753.000,696.000,-15.000,59.000,-60.000,0.000,0.000,0
2026-01-31 12:45:52,4458054,7890.000,1633.000,771.000,-86.000,-2.000,-76.000,0.000,0.000,0
2026-01-31 12:45:52,4458094,7829.000,1601.000,788.000,5.000,-8.000,-192.000,0.000,0.000,0
2026-01-31 12:45:52,4458134,7766.000,1705.000,879.000,56.000,53.000,-201.000,0.000,0.000,0
2026-01-31 12:45:52,4458174,7960.000,1788.000,894.000,4.000,69.000,-95.000,0.000,0.000,0
2026-01-31 12:45:52,4458214,7938.000,1684.000,888.000,-114.000,57.000,-1.000,0.000,0.000,0
2026-01-31 12:45:52,4458254,7726.000,1533.000,763.000,-117.000,86.000,-97.000,0.000,0.000,0
2026-01-31 12:45:52,4458294,7788.000,1687.000,669.000,56.000,184.000,-141.000,0.000,0.000,0
2026-01-31 12:45:52,4458334,7937.000,1824.000,685.000,46.000,187.000,-13.000,0.000,0.000,0
2026-01-31 12:45:52,4458374,7814.000,1645.000,719.000,-99.000,24.000,88.000,0.000,0.000,0
2026-01-31 12:45:52,4458414,7862.000,1769.000,677.000,48.000,-46.000,36.000,0.000,0.000,0
2026-01-31 12:45:52,4458454,7875.000,1813.000,823.000,-13.000,3.000,120.000,0.000,0.000,0
2026-01-31 12:45:52,4458494,7808.000,1751.000,858.000,-10.000,-8.000,134.000,0.000,0.000,0
2026-01-31 12:45:52,4458534,7701.000,1799.000,823.000,34.000,35.000,109.000,0.000,0.000,0
2026-01-31 12:45:52,4458574,7869.000,1907.000,785.000,-37.000,140.000,140.000,0.000,0.000,0
2026-01-31 12:45:52,4458614,7845.000,1854.000,819.000,-111.000,151.000,213.000,0.000,0.000,0
2026-01-31 12:45:52,4458654,7686.000,1752.000,724.000,-94.000,112.000,102.000,0.000,0.000,0
2026-01-31 12:45:52,4458694,7682.000,1789.000,625.000,-107.000,141.000,-28.000,0.000,0.000,0
2026-01-31 12:45:52,4458734,7871.000,1923.000,655.000,-59.000,131.000,-40.000,0.000,0.000,0
2026-01-31 12:45:52,4458774,7957.000,1880.000,697.000,-204.000,-12.000,0.000,0.000,0.000,0
2026-01-31 12:45:52,4458814,7631.000,1607.000,678.000,-140.000,-125.000,-200.000,0.000,0.000,0
2026-01-31 12:45:52,4458854,7860.000,1893.000,705.000,24.000,-68.000,-217.000,0.000,0.000,0
2026-01-31 12:45:52,4458894,8074.000,1894.000,783.000,-194.000,-81.000,-14.000,0.000,0.000,0
2026-01-31 12:45:52,4458934,7797.000,1549.000,790.000,-306.000,-175.000,6.000,0.000,0.000,0
2026-01-31 12:45:52,4458974,7601.000,1537.000,664.000,-62.000,-117.000,-186.000,0.000,0.000,0
2026-01-31 12:45:52,4459014,7724.000,1792.000,701.000,13.000,42.000,-174.000,0.000,0.000,0
2026-01-31 12:45:53,4459054,7903.000,1743.000,772.000,-196.000,3.000,12.000,0.000,0.000,0
2026-01-31 12:45:53,4459094,7847.000,1551.000,692.000,-157.000,-111.000,39.000,0.000,0.000,0
2026-01-31 12:45:53,4459134,7741.000,1522.000,641.000,-71.000,-82.000,-71.000,0.000,0.000,0
2026-01-31 12:45:53,4459174,7946.000,1768.000,821.000,65.000,-40.000,-49.000,0.000,0.000,0
2026-01-31 12:45:53,4459214,7947.000,1722.000,903.000,-93.000,-151.000,74.000,0.000,0.000,0
2026-01-31 12:45:53,4459254,7973.000,1652.000,905.000,-134.000,-210.000,49.000,0.000,0.000,0
2026-01-31 12:45:53,4459294,7972.000,1700.000,1004.000,-137.000,-153.000,-1.000,0.000,0.000,0
2026-01-31 12:45:53,4459334,7818.000,1682.000,1036.000,-194.000,-78.000,-62.000,0.000,0.000,0
2026-01-31 12:45:53,4459374,7702.000,1630.000,856.000,-224.000,14.000,-130.000,0.000,0.000,0
2026-01-31 12:45:53,4459417,7822.000,1698.000,728.000,-260.000,95.000,-82.000,0.000,0.000,0
2026-01-31 12:45:53,4459457,7813.000,1564.000,612.000,-327.000,17.000,-86.000,0.000,0.000,0
2026-01-31 12:45:53,4459494,7816.000,1526.000,555.000,-294.000,-31.000,-126.000,0.000,0.000,0
2026-01-31 12:45:53,4459534,7855.000,1558.000,499.000,-213.000,-80.000,-183.000,0.000,0.000,0
2026-01-31 12:45:53,4459574,7994.000,1530.000,566.000,-252.000,-165.000,-163.000,0.000,0.000,0
2026-01-31 12:45:53,4459614,7940.000,1489.000,607.000,-171.000,-256.000,-146.000,0.000,0.000,0
2026-01-31 12:45:53,4459654,7917.000,1557.000,649.000,-112.000,-258.000,-94.000,0.000,0.000,0
2026-01-31 12:45:53,4459694,7880.000,1528.000,726.000,-153.000,-182.000,38.000,0.000,0.000,0
2026-01-31 12:45:53,4459734,7954.000,1563.000,775.000,-127.000,-113.000,138.000,0.000,0.000,0
2026-01-31 12:45:53,4459774,7963.000,1607.000,774.000,-142.000,-48.000,230.000,0.000,0.000,0
2026-01-31 12:45:53,4459814,7961.000,1645.000,735.000,-195.000,32.000,285.000,0.000,0.000,0
2026-01-31 12:45:53,4459854,7906.000,1685.000,699.000,-213.000,102.000,321.000,0.000,0.000,0
2026-01-31 12:45:53,4459894,7878.000,1734.000,630.000,-235.000,129.000,313.000,0.000,0.000,0
2026-01-31 12:45:53,4459934,7910.000,1754.000,518.000,-293.000,137.000,254.000,0.000,0.000,0
2026-01-31 12:45:53,4459974,7931.000,1783.000,496.000,-285.000,95.000,189.000,0.000,0.000,0
2026-01-31 12:45:53,4460014,7943.000,1761.000,485.000,-348.000,16.000,61.000,0.000,0.000,0
2026-01-31 12:45:54,4460054,7806.000,1692.000,513.000,-345.000,-40.000,-94.000,0.000,0.000,0
2026-01-31 12:45:54,4460094,7716.000,1700.000,538.000,-285.000,-51.000,-232.000,0.000,0.000,0
2026-01-31 12:45:54,4460134,7875.000,1732.000,556.000,-350.000,-44.000,-251.000,0.000,0.000,0
2026-01-31 12:45:54,4460174,7993.000,1612.000,619.000,-390.000,-58.000,-208.000,0.000,0.000,0
2026-01-31 12:45:54,4460214,8057.000,1551.000,622.000,-340.000,-85.000,-243.000,0.000,0.000,0
2026-01-31 12:45:54,4460254,8047.000,1505.000,677.000,-312.000,-68.000,-291.000,0.000,0.000,0
2026-01-31 12:45:54,4460294,8089.000,1511.000,744.000,-223.000,-26.000,-301.000,0.000,0.000,0
2026-01-31 12:45:54,4460334,7920.000,1565.000,922.000,-79.000,-12.000,-153.000,0.000,0.000,0
2026-01-31 12:45:54,4460374,7753.000,1552.000,940.000,-107.000,-7.000,-13.000,0.000,0.000,0
2026-01-31 12:45:54,4460414,7790.000,1591.000,910.000,-97.000,46.000,127.000,0.000,0.000,0
2026-01-31 12:45:54,4460454,7768.000,1617.000,827.000,-44.000,134.000,237.000,0.000,0.000,0
2026-01-31 12:45:54,4460494,7742.000,1651.000,724.000,-34.000,155.000,251.000,0.000,0.000,0
2026-01-31 12:45:54,4460534,7798.000,1698.000,621.000,-44.000,108.000,220.000,0.000,0.000,0
2026-01-31 12:45:54,4460574,7804.000,1717.000,607.000,-26.000,18.000,176.000,0.000,0.000,0
2026-01-31 12:45:54,4460614,7914.000,1720.000,620.000,-61.000,-94.000,95.000,0.000,0.000,0
2026-01-31 12:45:54,4460654,7945.000,1722.000,672.000,-44.000,-156.000,12.000,0.000,0.000,0
2026-01-31 12:45:54,4460694,8095.000,1791.000,811.000,-21.000,-175.000,-39.000,0.000,0.000,0
2026-01-31 12:45:54,4460734,8005.000,1724.000,917.000,-98.000,-151.000,-18.000,0.000,0.000,0
2026-01-31 12:45:54,4460774,7977.000,1694.000,906.000,-124.000,-69.000,-38.000,0.000,0.000,0
2026-01-31 12:45:54,4460814,8026.000,1719.000,916.000,-129.000,70.000,-4.000,0.000,0.000,0
2026-01-31 12:45:54,4460854,7999.000,1662.000,888.000,-172.000,170.000,14.000,0.000,0.000,0
2026-01-31 12:45:54,4460894,8062.000,1650.000,741.000,-167.000,213.000,-29.000,0.000,0.000,0
2026-01-31 12:45:54,4460934,8057.000,1674.000,702.000,-122.000,232.000,-24.000,0.000,0.000,0
2026-01-31 12:45:54,4460974,7877.000,1574.000,676.000,-134.000,182.000,-65.000,0.000,0.000,0
2026-01-31 12:45:54,4461014,7872.000,1639.000,640.000,-31.000,94.000,-100.000,0.000,0.000,0
2026-01-31 12:45:55,4461054,7883.000,1712.000,707.000,-41.000,14.000,-27.000,0.000,0.000,0
2026-01-31 12:45:55,4461094,7764.000,1531.000,758.000,-94.000,-137.000,-19.000,0.000,0.000,0
2026-01-31 12:45:55,4461134,7753.000,1657.000,759.000,32.000,-127.000,-55.000,0.000,0.000,0
2026-01-31 12:45:55,4461174,7783.000,1706.000,798.000,-80.000,-100.000,15.000,0.000,0.000,0
2026-01-31 12:45:55,4461214,7787.000,1647.000,750.000,-117.000,-126.000,52.000,0.000,0.000,0
2026-01-31 12:45:55,4461254,7792.000,1630.000,659.000,-107.000,-117.000,16.000,0.000,0.000,0
2026-01-31 12:45:55,4461294,7875.000,1685.000,633.000,-103.000,-82.000,-31.000,0.000,0.000,0
2026-01-31 12:45:55,4461334,8016.000,1760.000,641.000,-105.000,-111.000,-16.000,0.000,0.000,0
2026-01-31 12:45:55,4461377,8048.000,1645.000,651.000,-214.000,-197.000,-42.000,0.000,0.000,0
2026-01-31 12:45:55,4461416,8102.000,1703.000,740.000,-142.000,-177.000,-85.000,0.000,0.000,0
2026-01-31 12:45:55,4461454,8085.000,1689.000,832.000,-149.000,-152.000,-89.000,0.000,0.000,0
2026-01-31 12:45:55,4461494,8078.000,1701.000,844.000,-208.000,-72.000,-69.000,0.000,0.000,0
2026-01-31 12:45:55,4461534,8074.000,1740.000,830.000,-234.000,11.000,-9.000,0.000,0.000,0
2026-01-31 12:45:55,4461574,8006.000,1623.000,774.000,-349.000,82.000,-33.000,0.000,0.000,0
2026-01-31 12:45:55,4461617,7874.000,1670.000,634.000,-181.000,176.000,-126.000,0.000,0.000,0
2026-01-31 12:45:55,4461654,7846.000,1663.000,612.000,-220.000,185.000,-131.000,0.000,0.000,0
2026-01-31 12:45:55,4461694,7875.000,1582.000,569.000,-284.000,121.000,-145.000,0.000,0.000,0
2026-01-31 12:45:55,4461734,7905.000,1569.000,517.000,-174.000,35.000,-173.000,0.000,0.000,0
2026-01-31 12:45:55,4461774,7880.000,1549.000,584.000,-159.000,-36.000,-151.000,0.000,0.000,0
2026-01-31 12:45:55,4461814,7764.000,1434.000,648.000,-114.000,-97.000,-163.000,0.000,0.000,0
2026-01-31 12:45:55,4461854,7781.000,1551.000,737.000,14.000,-105.000,-117.000,0.000,0.000,0
2026-01-31 12:45:55,4461894,7810.000,1494.000,796.000,2.000,-95.000,-36.000,0.000,0.000,0
2026-01-31 12:45:55,4461934,8000.000,1555.000,758.000,100.000,-75.000,14.000,0.000,0.000,0
2026-01-31 12:45:55,4461974,8077.000,1630.000,816.000,153.000,-19.000,108.000,0.000,0.000,0
2026-01-31 12:45:55,4462014,7911.000,1562.000,850.000,152.000,0.000,103.000,0.000,0.000,0
2026-01-31 12:45:56,4462054,7862.000,1668.000,779.000,229.000,40.000,51.000,0.000,0.000,0
2026-01-31 12:45:56,4462094,8131.000,1843.000,780.000,178.000,100.000,128.000,0.000,0.000,0
2026-01-31 12:45:56,4462134,8252.000,1775.000,841.000,69.000,54.000,211.000,0.000,0.000,0
2026-01-31 12:45:56,4462174,8125.000,1689.000,862.000,104.000,-17.000,116.000,0.000,0.000,0
2026-01-31 12:45:56,4462214,7930.000,1714.000,893.000,64.000,44.000,-39.000,0.000,0.000,0
2026-01-31 12:45:56,4462254,8103.000,1892.000,948.000,-6.000,152.000,24.000,0.000,0.000,0
2026-01-31 12:45:56,4462294,7978.000,1740.000,957.000,-161.000,129.000,77.000,0.000,0.000,0
2026-01-31 12:45:56,4462334,7731.000,1624.000,817.000,-137.000,172.000,-50.000,0.000,0.000,0
2026-01-31 12:45:56,4462374,7648.000,1781.000,785.000,-63.000,255.000,-93.000,0.000,0.000,0
2026-01-31 12:45:56,4462414,7680.000,1786.000,715.000,-207.000,223.000,-8.000,0.000,0.000,0
2026-01-31 12:45:56,4462454,7742.000,1699.000,609.000,-250.000,100.000,42.000,0.000,0.000,0
2026-01-31 12:45:56,4462494,7684.000,1636.000,586.000,-237.000,4.000,-23.000,0.000,0.000,0
2026-01-31 12:45:56,4462534,7731.000,1644.000,579.000,-151.000,-62.000,-125.000,0.000,0.000,0
2026-01-31 12:45:56,4462574,7923.000,1804.000,681.000,-74.000,-137.000,-93.000,0.000,0.000,0
2026-01-31 12:45:56,4462614,7924.000,1626.000,875.000,-213.000,-250.000,-60.000,0.000,0.000,0
2026-01-31 12:45:56,4462654,7944.000,1684.000,947.000,-123.000,-203.000,-126.000,0.000,0.000,0
2026-01-31 12:45:56,4462694,8123.000,1799.000,1032.000,-109.000,-75.000,-77.000,0.000,0.000,0
2026-01-31 12:45:56,4462734,8001.000,1693.000,1138.000,-218.000,6.000,-15.000,0.000,0.000,0
2026-01-31 12:45:56,4462774,7926.000,1673.000,1027.000,-182.000,77.000,-94.000,0.000,0.000,0
2026-01-31 12:45:56,4462814,8082.000,1863.000,973.000,-143.000,225.000,-48.000,0.000,0.000,0
2026-01-31 12:45:56,4462854,8035.000,1778.000,1013.000,-278.000,246.000,9.000,0.000,0.000,0
2026-01-31 12:45:56,4462894,7886.000,1628.000,838.000,-279.000,186.000,-113.000,0.000,0.000,0
2026-01-31 12:45:56,4462934,7918.000,1790.000,758.000,-119.000,195.000,-168.000,0.000,0.000,0
2026-01-31 12:45:56,4462974,7921.000,1777.000,857.000,-245.000,141.000,-102.000,0.000,0.000,0
2026-01-31 12:45:56,4463014,7846.000,1597.000,799.000,-161.000,-61.000,-180.000,0.000,0.000,0
2026-01-31 12:45:57,4463054,7923.000,1721.000,879.000,-76.000,-59.000,-157.000,0.000,0.000,0
2026-01-31 12:45:57,4463094,7791.000,1616.000,1041.000,-159.000,-90.000,-71.000,0.000,0.000,0
2026-01-31 12:45:57,4463134,7743.000,1610.000,987.000,-54.000,-130.000,-64.000,0.000,0.000,0
2026-01-31 12:45:57,4463174,7820.000,1725.000,962.000,-47.000,-50.000,28.000,0.000,0.000,0
2026-01-31 12:45:57,4463214,7839.000,1698.000,990.000,-93.000,-6.000,129.000,0.000,0.000,0
2026-01-31 12:45:57,4463254,7868.000,1758.000,877.000,-72.000,-54.000,151.000,0.000,0.000,0
2026-01-31 12:45:57,4463294,7868.000,1767.000,806.000,-73.000,-53.000,165.000,0.000,0.000,0
2026-01-31 12:45:57,4463334,7804.000,1713.000,819.000,-75.000,-51.000,104.000,0.000,0.000,0
2026-01-31 12:45:57,4463377,7873.000,1789.000,857.000,-73.000,-130.000,-11.000,0.000,0.000,0
2026-01-31 12:45:57,4463419,7867.000,1707.000,887.000,-122.000,-167.000,-64.000,0.000,0.000,0
2026-01-31 12:45:57,4463454,7867.000,1715.000,908.000,-104.000,-171.000,-84.000,0.000,0.000,0
2026-01-31 12:45:57,4463494,7965.000,1755.000,948.000,-86.000,-144.000,-84.000,0.000,0.000,0
2026-01-31 12:45:57,4463534,7947.000,1669.000,970.000,-164.000,-112.000,-73.000,0.000,0.000,0
2026-01-31 12:45:57,4463574,7945.000,1663.000,916.000,-133.000,-83.000,-102.000,0.000,0.000,0
2026-01-31 12:45:57,4463617,7934.000,1656.000,838.000,-177.000,-26.000,-58.000,0.000,0.000,0
2026-01-31 12:45:57,4463654,7973.000,1669.000,808.000,-175.000,-30.000,-46.000,0.000,0.000,0
2026-01-31 12:45:57,4463694,7951.000,1668.000,739.000,-151.000,-60.000,-14.000,0.000,0.000,0
2026-01-31 12:45:57,4463734,7889.000,1677.000,684.000,-182.000,-101.000,-11.000,0.000,0.000,0
2026-01-31 12:45:57,4463774,7954.000,1657.000,649.000,-184.000,-162.000,-4.000,0.000,0.000,0
2026-01-31 12:45:57,4463814,7908.000,1623.000,666.000,-171.000,-205.000,-56.000,0.000,0.000,0
2026-01-31 12:45:57,4463854,7883.000,1616.000,686.000,-162.000,-214.000,-119.000,0.000,0.000,0
2026-01-31 12:45:57,4463894,7934.000,1661.000,736.000,-139.000,-191.000,-104.000,0.000,0.000,0
2026-01-31 12:45:57,4463934,7939.000,1584.000,783.000,-210.000,-176.000,-69.000,0.000,0.000,0
2026-01-31 12:45:57,4463974,7940.000,1576.000,775.000,-180.000,-136.000,-79.000,0.000,0.000,0
2026-01-31 12:45:57,4464014,7911.000,1534.000,746.000,-185.000,-56.000,-91.000,0.000,0.000,0
2026-01-31 12:45:58,4464054,7904.000,1568.000,722.000,-156.000,23.000,-84.000,0.000,0.000,0
2026-01-31 12:45:58,4464094,7912.000,1516.000,676.000,-172.000,56.000,-80.000,0.000,0.000,0
2026-01-31 12:45:58,4464134,7909.000,1485.000,616.000,-132.000,75.000,-127.000,0.000,0.000,0
2026-01-31 12:45:58,4464174,7954.000,1547.000,644.000,-42.000,72.000,-111.000,0.000,0.000,0
2026-01-31 12:45:58,4464214,8007.000,1571.000,708.000,-32.000,13.000,-19.000,0.000,0.000,0
2026-01-31 12:45:58,4464254,7914.000,1515.000,738.000,-7.000,-25.000,57.000,0.000,0.000,0
2026-01-31 12:45:58,4464294,7892.000,1567.000,742.000,38.000,17.000,104.000,0.000,0.000,0
2026-01-31 12:45:58,4464334,7955.000,1645.000,804.000,32.000,72.000,191.000,0.000,0.000,0
2026-01-31 12:45:58,4464374,7946.000,1639.000,795.000,31.000,86.000,239.000,0.000,0.000,0
2026-01-31 12:45:58,4464414,7912.000,1674.000,757.000,68.000,117.000,229.000,0.000,0.000,0
2026-01-31 12:45:58,4464454,7892.000,1750.000,784.000,60.000,166.000,221.000,0.000,0.000,0
2026-01-31 12:45:58,4464494,7804.000,1737.000,813.000,25.000,162.000,202.000,0.000,0.000,0
2026-01-31 12:45:58,4464534,7703.000,1815.000,770.000,1.000,152.000,156.000,0.000,0.000,0
2026-01-31 12:45:58,4464574,7775.000,1872.000,824.000,-49.000,133.000,155.000,0.000,0.000,0
2026-01-31 12:45:58,4464614,7826.000,1906.000,862.000,-133.000,67.000,164.000,0.000,0.000,0
2026-01-31 12:45:58,4464654,7668.000,1823.000,881.000,-205.000,33.000,109.000,0.000,0.000,0
2026-01-31 12:45:58,4464694,7708.000,1895.000,854.000,-177.000,63.000,-17.000,0.000,0.000,0
2026-01-31 12:45:58,4464734,7879.000,2004.000,877.000,-265.000,93.000,-23.000,0.000,0.000,0
2026-01-31 12:45:58,4464774,7846.000,1870.000,903.000,-366.000,52.000,-51.000,0.000,0.000,0
2026-01-31 12:45:58,4464814,7828.000,1835.000,845.000,-384.000,9.000,-206.000,0.000,0.000,0
2026-01-31 12:45:58,4464854,7741.000,1808.000,878.000,-412.000,36.000,-302.000,0.000,0.000,0
2026-01-31 12:45:58,4464894,7881.000,1764.000,832.000,-408.000,31.000,-358.000,0.000,0.000,0
2026-01-31 12:45:58,4464934,7819.000,1634.000,858.000,-382.000,-9.000,-341.000,0.000,0.000,0
2026-01-31 12:45:58,4464974,7729.000,1545.000,839.000,-365.000,-69.000,-419.000,0.000,0.000,0
2026-01-31 12:45:58,4465014,7807.000,1594.000,804.000,-251.000,-91.000,-419.000,0.000,0.000,0
2026-01-31 12:45:59,4465054,7767.000,1528.000,861.000,-225.000,-122.000,-294.000,0.000,0.000,0
2026-01-31 12:45:59,4465094,7746.000,1405.000,824.000,-111.000,-167.000,-241.000,0.000,0.000,0
2026-01-31 12:45:59,4465134,7845.000,1462.000,773.000,49.000,-139.000,-203.000,0.000,0.000,0
2026-01-31 12:45:59,4465174,7943.000,1459.000,834.000,111.000,-123.000,-109.000,0.000,0.000,0
2026-01-31 12:45:59,4465214,8048.000,1440.000,864.000,262.000,-161.000,-55.000,0.000,0.000,0
2026-01-31 12:45:59,4465254,8054.000,1313.000,934.000,294.000,-160.000,-53.000,0.000,0.000,0
2026-01-31 12:45:59,4465294,8000.000,1283.000,1111.000,516.000,-44.000,-76.000,0.000,0.000,0
2026-01-31 12:45:59,4465334,7925.000,1379.000,1153.000,629.000,51.000,46.000,0.000,0.000,0
2026-01-31 12:45:59,4465377,7840.000,1580.000,1138.000,566.000,138.000,309.000,0.000,0.000,0
2026-01-31 12:45:59,4465417,7693.000,1493.000,1027.000,328.000,158.000,393.000,0.000,0.000,0
2026-01-31 12:45:59,4465457,7754.000,1561.000,899.000,352.000,172.000,370.000,0.000,0.000,0
2026-01-31 12:45:59,4465494,7838.000,1618.000,837.000,370.000,174.000,363.000,0.000,0.000,0
2026-01-31 12:45:59,4465534,7789.000,1629.000,843.000,309.000,115.000,366.000,0.000,0.000,0
2026-01-31 12:45:59,4465574,7671.000,1522.000,777.000,227.000,4.000,235.000,0.000,0.000,0
2026-01-31 12:45:59,4465617,7843.000,1736.000,782.000,106.000,-68.000,116.000,0.000,0.000,0
2026-01-31 12:45:59,4465656,7897.000,1609.000,908.000,-15.000,-105.000,111.000,0.000,0.000,0
2026-01-31 12:45:59,4465694,7947.000,1497.000,930.000,-140.000,-225.000,-74.000,0.000,0.000,0
2026-01-31 12:45:59,4465734,8041.000,1548.000,1046.000,-247.000,-160.000,-124.000,0.000,0.000,0
2026-01-31 12:45:59,4465774,8091.000,1433.000,1138.000,-468.000,-63.000,-47.000,0.000,0.000,0
2026-01-31 12:45:59,4465814,7895.000,1269.000,1088.000,-480.000,-8.000,20.000,0.000,0.000,0
2026-01-31 12:45:59,4465854,7796.000,1382.000,932.000,-322.000,96.000,14.000,0.000,0.000,0
2026-01-31 12:45:59,4465894,7894.000,1506.000,859.000,-435.000,158.000,100.000,0.000,0.000,0
2026-01-31 12:45:59,4465934,7865.000,1392.000,816.000,-563.000,86.000,123.000,0.000,0.000,0
2026-01-31 12:45:59,4465974,7759.000,1401.000,728.000,-549.000,-25.000,-5.000,0.000,0.000,0
2026-01-31 12:45:59,4466014,7746.000,1374.000,659.000,-676.000,-41.000,-83.000,0.000,0.000,0
2026-01-31 12:46:00,4466054,8061.000,1333.000,694.000,-624.000,-112.000,-103.000,0.000,0.000,0
2026-01-31 12:46:00,4466094,8073.000,1217.000,716.000,-610.000,-172.000,-194.000,0.000,0.000,0
2026-01-31 12:46:00,4466134,8093.000,1047.000,722.000,-593.000,-164.000,-309.000,0.000,0.000,0
2026-01-31 12:46:00,4466174,8019.000,1058.000,783.000,-432.000,-67.000,-356.000,0.000,0.000,0
2026-01-31 12:46:00,4466214,8084.000,1048.000,781.000,-553.000,-60.000,-292.000,0.000,0.000,0
2026-01-31 12:46:00,4466254,8039.000,992.000,776.000,-432.000,-61.000,-113.000,0.000,0.000,0
2026-01-31 12:46:00,4466294,7852.000,960.000,764.000,-327.000,-51.000,60.000,0.000,0.000,0
2026-01-31 12:46:00,4466334,7783.000,955.000,686.000,-206.000,2.000,130.000,0.000,0.000,0
2026-01-31 12:46:00,4466374,7812.000,1094.000,673.000,-15.000,67.000,187.000,0.000,0.000,0
2026-01-31 12:46:00,4466414,7840.000,1135.000,666.000,-41.000,59.000,228.000,0.000,0.000,0
2026-01-31 12:46:00,4466454,7847.000,1005.000,678.000,-11.000,-12.000,165.000,0.000,0.000,0
2026-01-31 12:46:00,4466494,7952.000,1122.000,746.000,130.000,-47.000,109.000,0.000,0.000,0
2026-01-31 12:46:00,4466534,8212.000,1180.000,831.000,168.000,-81.000,134.000,0.000,0.000,0
2026-01-31 12:46:00,4466574,8138.000,1108.000,999.000,141.000,-103.000,150.000,0.000,0.000,0
2026-01-31 12:46:00,4466614,7961.000,1089.000,1019.000,89.000,-70.000,77.000,0.000,0.000,0
2026-01-31 12:46:00,4466654,8060.000,1183.000,981.000,2.000,47.000,97.000,0.000,0.000,0
2026-01-31 12:46:00,4466694,8265.000,1214.000,983.000,-106.000,125.000,162.000,0.000,0.000,0
2026-01-31 12:46:00,4466734,8155.000,1053.000,927.000,-215.000,121.000,138.000,0.000,0.000,0
2026-01-31 12:46:00,4466774,7955.000,999.000,831.000,-144.000,147.000,45.000,0.000,0.000,0
2026-01-31 12:46:00,4466814,7861.000,1021.000,850.000,-104.000,173.000,76.000,0.000,0.000,0
2026-01-31 12:46:00,4466854,7939.000,971.000,842.000,-122.000,92.000,157.000,0.000,0.000,0
2026-01-31 12:46:00,4466894,7916.000,860.000,849.000,-106.000,40.000,200.000,0.000,0.000,0
2026-01-31 12:46:00,4466934,7915.000,845.000,859.000,12.000,80.000,192.000,0.000,0.000,0
2026-01-31 12:46:00,4466974,8006.000,942.000,931.000,128.000,131.000,236.000,0.000,0.000,0
2026-01-31 12:46:00,4467014,8021.000,901.000,997.000,84.000,130.000,276.000,0.000,0.000,0
2026-01-31 12:46:01,4467054,7933.000,875.000,1010.000,118.000,163.000,255.000,0.000,0.000,0
2026-01-31 12:46:01,4467094,7896.000,916.000,1067.000,82.000,238.000,273.000,0.000,0.000,0
2026-01-31 12:46:01,4467134,7949.000,910.000,1045.000,33.000,292.000,267.000,0.000,0.000,0
2026-01-31 12:46:01,4467174,7978.000,880.000,1024.000,15.000,300.000,264.000,0.000,0.000,0
2026-01-31 12:46:01,4467214,7852.000,823.000,1007.000,120.000,322.000,138.000,0.000,0.000,0
2026-01-31 12:46:01,4467254,7849.000,897.000,1005.000,254.000,329.000,55.000,0.000,0.000,0
2026-01-31 12:46:01,4467294,7869.000,928.000,1061.000,303.000,295.000,48.000,0.000,0.000,0
2026-01-31 12:46:01,4467334,7882.000,919.000,1073.000,315.000,238.000,18.000,0.000,0.000,0
2026-01-31 12:46:01,4467374,7980.000,959.000,1113.000,329.000,204.000,-10.000,0.000,0.000,0
2026-01-31 12:46:01,4467414,7983.000,942.000,1202.000,346.000,191.000,-58.000,0.000,0.000,0
2026-01-31 12:46:01,4467454,7925.000,962.000,1268.000,424.000,188.000,-131.000,0.000,0.000,0
2026-01-31 12:46:01,4467494,7973.000,976.000,1325.000,435.000,225.000,-138.000,0.000,0.000,0
2026-01-31 12:46:01,4467534,7976.000,1032.000,1423.000,587.000,290.000,-119.000,0.000,0.000,0
2026-01-31 12:46:01,4467574,7834.000,1079.000,1471.000,478.000,286.000,-127.000,0.000,0.000,0
2026-01-31 12:46:01,4467614,7850.000,1005.000,1409.000,209.000,304.000,-105.000,0.000,0.000,0
2026-01-31 12:46:01,4467654,7894.000,1068.000,1446.000,425.000,344.000,-81.000,0.000,0.000,0
2026-01-31 12:46:01,4467694,7816.000,1142.000,1503.000,302.000,285.000,-86.000,0.000,0.000,0
2026-01-31 12:46:01,4467734,7767.000,1054.000,1423.000,58.000,210.000,-165.000,0.000,0.000,0
2026-01-31 12:46:01,4467774,7678.000,993.000,1447.000,159.000,220.000,-206.000,0.000,0.000,0
2026-01-31 12:46:01,4467814,7784.000,1149.000,1564.000,247.000,188.000,-264.000,0.000,0.000,0
2026-01-31 12:46:01,4467854,7865.000,1166.000,1608.000,35.000,114.000,-282.000,0.000,0.000,0
2026-01-31 12:46:01,4467894,7901.000,1082.000,1670.000,46.000,82.000,-319.000,0.000,0.000,0
2026-01-31 12:46:01,4467934,7829.000,1242.000,1780.000,360.000,114.000,-320.000,0.000,0.000,0
2026-01-31 12:46:01,4467974,7553.000,1343.000,1906.000,191.000,86.000,-187.000,0.000,0.000,0
2026-01-31 12:46:01,4468014,7628.000,1375.000,1820.000,88.000,87.000,-118.000,0.000,0.000,0
2026-01-31 12:46:02,4468054,7881.000,1390.000,1712.000,-10.000,158.000,-75.000,0.000,0.000,0
2026-01-31 12:46:02,4468094,7997.000,1329.000,1661.000,31.000,202.000,-133.000,0.000,0.000,0
2026-01-31 12:46:02,4468134,7823.000,1363.000,1644.000,83.000,179.000,-277.000,0.000,0.000,0
2026-01-31 12:46:02,4468174,7702.000,1343.000,1590.000,45.000,163.000,-351.000,0.000,0.000,0
2026-01-31 12:46:02,4468214,7825.000,1496.000,1635.000,122.000,158.000,-242.000,0.000,0.000,0
2026-01-31 12:46:02,4468254,7895.000,1447.000,1709.000,-63.000,45.000,-97.000,0.000,0.000,0
2026-01-31 12:46:02,4468294,7925.000,1432.000,1676.000,-93.000,-67.000,-85.000,0.000,0.000,0
2026-01-31 12:46:02,4468334,7815.000,1444.000,1777.000,-103.000,-70.000,-20.000,0.000,0.000,0
2026-01-31 12:46:02,4468374,7883.000,1560.000,1759.000,39.000,-20.000,31.000,0.000,0.000,0
2026-01-31 12:46:02,4468414,7721.000,1539.000,1779.000,-63.000,-5.000,61.000,0.000,0.000,0
2026-01-31 12:46:02,4468454,7535.000,1467.000,1696.000,-90.000,-9.000,-33.000,0.000,0.000,0
2026-01-31 12:46:02,4468494,7559.000,1539.000,1571.000,-94.000,27.000,-92.000,0.000,0.000,0
2026-01-31 12:46:02,4468534,7685.000,1498.000,1539.000,-127.000,26.000,-77.000,0.000,0.000,0
2026-01-31 12:46:02,4468574,7818.000,1390.000,1525.000,-90.000,-73.000,-144.000,0.000,0.000,0
2026-01-31 12:46:02,4468614,7851.000,1318.000,1606.000,-70.000,-164.000,-239.000,0.000,0.000,0
2026-01-31 12:46:02,4468654,7772.000,1138.000,1720.000,-64.000,-174.000,-332.000,0.000,0.000,0
2026-01-31 12:46:02,4468694,7866.000,1197.000,1780.000,117.000,-112.000,-342.000,0.000,0.000,0
2026-01-31 12:46:02,4468734,7979.000,1189.000,1906.000,219.000,-44.000,-66.000,0.000,0.000,0
2026-01-31 12:46:02,4468774,7869.000,1146.000,1920.000,281.000,-28.000,67.000,0.000,0.000,0
2026-01-31 12:46:02,4468814,7807.000,1151.000,1870.000,298.000,45.000,123.000,0.000,0.000,0
2026-01-31 12:46:02,4468854,7819.000,1285.000,1835.000,514.000,133.000,215.000,0.000,0.000,0
2026-01-31 12:46:02,4468894,7761.000,1396.000,1808.000,505.000,116.000,293.000,0.000,0.000,0
2026-01-31 12:46:02,4468934,7630.000,1273.000,1696.000,400.000,72.000,257.000,0.000,0.000,0
2026-01-31 12:46:02,4468974,7622.000,1375.000,1611.000,639.000,99.000,145.000,0.000,0.000,0
2026-01-31 12:46:02,4469014,7700.000,1459.000,1652.000,673.000,108.000,77.000,0.000,0.000,0
2026-01-31 12:46:03,4469054,7726.000,1331.000,1620.000,735.000,97.000,-53.000,0.000,0.000,0
2026-01-31 12:46:03,4469094,8014.000,1496.000,1701.000,929.000,137.000,-217.000,0.000,0.000,0
2026-01-31 12:46:03,4469134,8027.000,1403.000,1762.000,889.000,150.000,-297.000,0.000,0.000,0
2026-01-31 12:46:03,4469174,7892.000,1362.000,1756.000,1008.000,192.000,-272.000,0.000,0.000,0
2026-01-31 12:46:03,4469214,7788.000,1456.000,1709.000,985.000,280.000,-157.000,0.000,0.000,0
2026-01-31 12:46:03,4469254,7813.000,1540.000,1563.000,969.000,279.000,156.000,0.000,0.000,0
2026-01-31 12:46:03,4469294,7866.000,1641.000,1381.000,1165.000,217.000,522.000,0.000,0.000,0
2026-01-31 12:46:03,4469334,7734.000,1460.000,1328.000,1196.000,119.000,641.000,0.000,0.000,0
2026-01-31 12:46:03,4469377,7618.000,1359.000,1134.000,1572.000,109.000,232.000,0.000,0.000,0
2026-01-31 12:46:03,4469417,7801.000,1342.000,1079.000,1979.000,208.000,149.000,0.000,0.000,0
2026-01-31 12:46:03,4469454,7913.000,1401.000,1092.000,2247.000,240.000,139.000,0.000,0.000,0
2026-01-31 12:46:03,4469494,7747.000,1255.000,1144.000,2174.000,184.000,126.000,0.000,0.000,0
2026-01-31 12:46:03,4469534,7782.000,1325.000,1056.000,2436.000,214.000,181.000,0.000,0.000,0
2026-01-31 12:46:03,4469574,7887.000,1281.000,1128.000,2724.000,350.000,419.000,0.000,0.000,0
2026-01-31 12:46:03,4469619,8194.000,1236.000,1234.000,2911.000,510.000,507.000,0.000,0.000,0
2026-01-31 12:46:03,4469654,8177.000,1287.000,1209.000,2829.000,536.000,485.000,0.000,0.000,0
2026-01-31 12:46:03,4469694,8196.000,1438.000,1218.000,2854.000,603.000,643.000,0.000,0.000,0
2026-01-31 12:46:03,4469734,8207.000,1574.000,1540.000,3031.000,603.000,1073.000,0.000,0.000,0
2026-01-31 12:46:03,4469774,8091.000,1506.000,1635.000,3038.000,654.000,1227.000,0.000,0.000,0
2026-01-31 12:46:03,4469814,7905.000,1838.000,1647.000,3114.000,823.000,1244.000,0.000,0.000,0
2026-01-31 12:46:03,4469854,7752.000,2474.000,1849.000,2941.000,1104.000,851.000,0.000,0.000,0
2026-01-31 12:46:03,4469894,7464.000,2473.000,1685.000,1612.000,1202.000,-651.000,0.000,0.000,0
2026-01-31 12:46:03,4469934,7183.000,2761.000,1902.000,1840.000,1086.000,-1715.000,0.000,0.000,0
2026-01-31 12:46:03,4469974,6979.000,3852.000,2431.000,1141.000,907.000,-2701.000,0.000,0.000,0
2026-01-31 12:46:03,4470014,6513.000,3752.000,2250.000,-964.000,613.000,-3522.000,0.000,0.000,0
2026-01-31 12:46:04,4470054,6304.000,3905.000,2534.000,-1534.000,-77.000,-4495.000,0.000,0.000,0
2026-01-31 12:46:04,4470094,6468.000,3920.000,2543.000,-2537.000,-252.000,-5078.000,0.000,0.000,0
2026-01-31 12:46:04,4470134,6261.000,3759.000,2409.000,-2588.000,-593.000,-5400.000,0.000,0.000,0
2026-01-31 12:46:04,4470174,6472.000,3999.000,2417.000,-2906.000,-1078.000,-5396.000,0.000,0.000,0
2026-01-31 12:46:04,4470214,6861.000,3757.000,2463.000,-3240.000,-1519.000,-5087.000,0.000,0.000,0
2026-01-31 12:46:04,4470254,7039.000,3852.000,2700.000,-2453.000,-2039.000,-4653.000,0.000,0.000,0
2026-01-31 12:46:04,4470294,7068.000,3885.000,2940.000,-3271.000,-2029.000,-4340.000,0.000,0.000,0
2026-01-31 12:46:04,4470334,7044.000,3385.000,3339.000,-4165.000,-1713.000,-2898.000,0.000,0.000,0
2026-01-31 12:46:04,4470374,6698.000,2317.000,2743.000,-2175.000,-1276.000,-1394.000,0.000,0.000,0
2026-01-31 12:46:04,4470414,5761.000,6078.000,2300.000,2259.000,-1111.000,-1165.000,0.000,0.000,0
2026-01-31 12:46:04,4470454,4528.000,9238.000,2223.000,-3223.000,-1604.000,-2113.000,0.000,0.000,0
2026-01-31 12:46:04,4470494,3472.000,4285.000,1320.000,-5998.000,-1173.000,-2276.000,0.000,0.000,0
2026-01-31 12:46:04,4470534,5283.000,5232.000,1256.000,968.000,-812.000,-1775.000,0.000,0.000,0
2026-01-31 12:46:04,4470574,6396.000,7553.000,1395.000,319.000,-1123.000,-493.000,0.000,0.000,0
2026-01-31 12:46:04,4470614,6328.000,6688.000,2686.000,-2011.000,-1700.000,-1005.000,0.000,0.000,0
2026-01-31 12:46:04,4470654,5201.000,4143.000,2234.000,-950.000,-1045.000,-574.000,0.000,0.000,0
2026-01-31 12:46:04,4470694,5262.000,5974.000,2211.000,1523.000,-157.000,-180.000,0.000,0.000,0
2026-01-31 12:46:04,4470734,4898.000,6887.000,2078.000,1717.000,945.000,-53.000,0.000,0.000,0
2026-01-31 12:46:04,4470774,4584.000,6586.000,1684.000,1001.000,1243.000,23.000,0.000,0.000,0
2026-01-31 12:46:04,4470814,4645.000,6294.000,1480.000,650.000,967.000,180.000,0.000,0.000,0
2026-01-31 12:46:04,4470854,4614.000,6003.000,1373.000,597.000,595.000,347.000,0.000,0.000,0
2026-01-31 12:46:04,4470894,5034.000,6774.000,1684.000,1298.000,859.000,453.000,0.000,0.000,0
2026-01-31 12:46:04,4470934,5102.000,7118.000,1693.000,630.000,1154.000,766.000,0.000,0.000,0
2026-01-31 12:46:04,4470974,5190.000,6288.000,1719.000,68.000,1276.000,807.000,0.000,0.000,0
2026-01-31 12:46:04,4471014,5229.000,4992.000,1473.000,348.000,1269.000,959.000,0.000,0.000,0
2026-01-31 12:46:05,4471054,5227.000,4967.000,1530.000,1229.000,1273.000,976.000,0.000,0.000,0
2026-01-31 12:46:05,4471094,5546.000,5547.000,1764.000,2263.000,1316.000,1150.000,0.000,0.000,0
2026-01-31 12:46:05,4471134,5986.000,5553.000,1951.000,2012.000,1344.000,1247.000,0.000,0.000,0
2026-01-31 12:46:05,4471174,6062.000,5315.000,2212.000,1416.000,1418.000,897.000,0.000,0.000,0
2026-01-31 12:46:05,4471214,6092.000,5014.000,2401.000,1202.000,1575.000,595.000,0.000,0.000,0
2026-01-31 12:46:05,4471254,5777.000,5135.000,2311.000,2224.000,1927.000,632.000,0.000,0.000,0
2026-01-31 12:46:05,4471294,5644.000,5488.000,2236.000,2897.000,2153.000,752.000,0.000,0.000,0
2026-01-31 12:46:05,4471337,5759.000,5580.000,2454.000,2663.000,2234.000,891.000,0.000,0.000,0
2026-01-31 12:46:05,4471376,5479.000,5581.000,2221.000,2737.000,1789.000,724.000,0.000,0.000,0
2026-01-31 12:46:05,4471414,5300.000,5448.000,2033.000,2499.000,1711.000,707.000,0.000,0.000,0
2026-01-31 12:46:05,4471454,4992.000,5664.000,1729.000,2868.000,1597.000,796.000,0.000,0.000,0
2026-01-31 12:46:05,4471494,4775.000,6349.000,1814.000,3153.000,1485.000,769.000,0.000,0.000,0
2026-01-31 12:46:05,4471534,4997.000,6262.000,1895.000,2297.000,1201.000,643.000,0.000,0.000,0
2026-01-31 12:46:05,4471574,4955.000,6171.000,1665.000,1875.000,843.000,665.000,0.000,0.000,0
2026-01-31 12:46:05,4471617,4972.000,6281.000,1297.000,1374.000,156.000,688.000,0.000,0.000,0
2026-01-31 12:46:05,4471654,5006.000,6238.000,1195.000,1039.000,-97.000,656.000,0.000,0.000,0
2026-01-31 12:46:05,4471694,4958.000,6116.000,1157.000,345.000,-400.000,480.000,0.000,0.000,0
2026-01-31 12:46:05,4471734,5018.000,5818.000,1097.000,-94.000,-555.000,337.000,0.000,0.000,0
2026-01-31 12:46:05,4471774,5475.000,5784.000,1183.000,-90.000,-670.000,186.000,0.000,0.000,0
2026-01-31 12:46:05,4471814,5660.000,5799.000,1057.000,-160.000,-644.000,66.000,0.000,0.000,0
2026-01-31 12:46:05,4471854,5957.000,6023.000,1026.000,-232.000,-589.000,-3.000,0.000,0.000,0
2026-01-31 12:46:05,4471894,6102.000,5862.000,1044.000,-531.000,-443.000,-54.000,0.000,0.000,0
2026-01-31 12:46:05,4471934,5992.000,5505.000,971.000,-743.000,-278.000,-145.000,0.000,0.000,0
2026-01-31 12:46:05,4471974,5837.000,5196.000,864.000,-754.000,-139.000,-208.000,0.000,0.000,0
2026-01-31 12:46:05,4472014,5571.000,5340.000,959.000,-385.000,53.000,-221.000,0.000,0.000,0
2026-01-31 12:46:06,4472054,5908.000,5613.000,1169.000,-174.000,219.000,-95.000,0.000,0.000,0
2026-01-31 12:46:06,4472094,6203.000,5971.000,1190.000,70.000,399.000,61.000,0.000,0.000,0
2026-01-31 12:46:06,4472134,6009.000,5625.000,1126.000,-41.000,375.000,11.000,0.000,0.000,0
2026-01-31 12:46:06,4472174,5077.000,5134.000,939.000,0.000,368.000,-164.000,0.000,0.000,0
2026-01-31 12:46:06,4472214,5208.000,5606.000,1043.000,463.000,380.000,-103.000,0.000,0.000,0
2026-01-31 12:46:06,4472254,5581.000,6207.000,1347.000,643.000,472.000,94.000,0.000,0.000,0
2026-01-31 12:46:06,4472294,5616.000,5764.000,1502.000,235.000,320.000,-10.000,0.000,0.000,0
2026-01-31 12:46:06,4472334,5390.000,5769.000,1389.000,367.000,87.000,-87.000,0.000,0.000,0
2026-01-31 12:46:06,4472374,5324.000,5911.000,1298.000,267.000,-29.000,-42.000,0.000,0.000,0
2026-01-31 12:46:06,4472414,5312.000,5814.000,1385.000,219.000,-77.000,-25.000,0.000,0.000,0
2026-01-31 12:46:06,4472454,5450.000,5765.000,1420.000,271.000,-193.000,-5.000,0.000,0.000,0
2026-01-31 12:46:06,4472494,5556.000,5749.000,1357.000,267.000,-249.000,41.000,0.000,0.000,0
2026-01-31 12:46:06,4472534,5709.000,5942.000,1291.000,296.000,-224.000,-11.000,0.000,0.000,0
2026-01-31 12:46:06,4472574,5723.000,5875.000,1215.000,248.000,-58.000,-24.000,0.000,0.000,0
2026-01-31 12:46:06,4472614,5517.000,5720.000,1164.000,176.000,57.000,-89.000,0.000,0.000,0
2026-01-31 12:46:06,4472654,5332.000,5879.000,1050.000,308.000,76.000,-117.000,0.000,0.000,0
2026-01-31 12:46:06,4472694,5311.000,5938.000,995.000,232.000,11.000,-51.000,0.000,0.000,0
2026-01-31 12:46:06,4472734,5391.000,6046.000,951.000,218.000,-74.000,24.000,0.000,0.000,0
2026-01-31 12:46:06,4472774,5485.000,5970.000,848.000,-1.000,-164.000,82.000,0.000,0.000,0
2026-01-31 12:46:06,4472814,5416.000,5808.000,805.000,-180.000,-193.000,17.000,0.000,0.000,0
2026-01-31 12:46:06,4472854,5452.000,5849.000,840.000,-115.000,-216.000,15.000,0.000,0.000,0
2026-01-31 12:46:06,4472894,5539.000,5859.000,896.000,-261.000,-184.000,90.000,0.000,0.000,0
2026-01-31 12:46:06,4472934,5637.000,5733.000,885.000,-200.000,-75.000,28.000,0.000,0.000,0
2026-01-31 12:46:06,4472974,5627.000,5835.000,927.000,-147.000,-48.000,31.000,0.000,0.000,0
2026-01-31 12:46:06,4473014,5675.000,5744.000,990.000,-203.000,7.000,59.000,0.000,0.000,0
2026-01-31 12:46:07,4473054,5731.000,5836.000,1036.000,-145.000,44.000,68.000,0.000,0.000,0
2026-01-31 12:46:07,4473094,5648.000,5668.000,1025.000,-225.000,60.000,34.000,0.000,0.000,0
2026-01-31 12:46:07,4473134,5580.000,5570.000,1004.000,-153.000,100.000,17.000,0.000,0.000,0
2026-01-31 12:46:07,4473174,5656.000,5699.000,1036.000,-76.000,141.000,41.000,0.000,0.000,0
2026-01-31 12:46:07,4473214,5700.000,5708.000,1123.000,-113.000,196.000,22.000,0.000,0.000,0
2026-01-31 12:46:07,4473254,5506.000,5529.000,1273.000,-286.000,279.000,-48.000,0.000,0.000,0
2026-01-31 12:46:07,4473294,5546.000,6040.000,1341.000,-23.000,297.000,-103.000,0.000,0.000,0
2026-01-31 12:46:07,4473334,5434.000,5876.000,1437.000,-181.000,245.000,-19.000,0.000,0.000,0
2026-01-31 12:46:07,4473377,5252.000,5613.000,1224.000,-183.000,19.000,-50.000,0.000,0.000,0
2026-01-31 12:46:07,4473417,5446.000,5947.000,1198.000,-70.000,-18.000,34.000,0.000,0.000,0
2026-01-31 12:46:07,4473454,5542.000,5947.000,1265.000,-128.000,-4.000,79.000,0.000,0.000,0
2026-01-31 12:46:07,4473494,5531.000,5737.000,1365.000,-238.000,15.000,51.000,0.000,0.000,0
2026-01-31 12:46:07,4473534,5353.000,5839.000,1226.000,-57.000,-13.000,-35.000,0.000,0.000,0
2026-01-31 12:46:07,4473574,5209.000,5991.000,1194.000,-22.000,-72.000,11.000,0.000,0.000,0
2026-01-31 12:46:07,4473617,5342.000,5912.000,1228.000,-157.000,-231.000,45.000,0.000,0.000,0
2026-01-31 12:46:07,4473654,5383.000,5947.000,1184.000,-147.000,-262.000,30.000,0.000,0.000,0
2026-01-31 12:46:07,4473694,5386.000,5999.000,1100.000,-191.000,-285.000,-45.000,0.000,0.000,0
2026-01-31 12:46:07,4473734,5286.000,5900.000,1146.000,-300.000,-291.000,-81.000,0.000,0.000,0
2026-01-31 12:46:07,4473774,5315.000,5926.000,1116.000,-262.000,-344.000,-66.000,0.000,0.000,0
2026-01-31 12:46:07,4473814,5429.000,5897.000,1109.000,-356.000,-363.000,-28.000,0.000,0.000,0
2026-01-31 12:46:07,4473854,5538.000,5827.000,1106.000,-375.000,-343.000,-26.000,0.000,0.000,0
2026-01-31 12:46:07,4473894,5601.000,5810.000,1120.000,-365.000,-284.000,-37.000,0.000,0.000,0
2026-01-31 12:46:07,4473934,5537.000,5868.000,1119.000,-309.000,-212.000,-36.000,0.000,0.000,0
2026-01-31 12:46:07,4473974,5503.000,5699.000,1144.000,-419.000,-187.000,-42.000,0.000,0.000,0
2026-01-31 12:46:07,4474014,5480.000,5690.000,1186.000,-335.000,-173.000,-26.000,0.000,0.000,0
2026-01-31 12:46:08,4474054,5510.000,5643.000,1194.000,-305.000,-170.000,-22.000,0.000,0.000,0
2026-01-31 12:46:08,4474094,5708.000,5761.000,1266.000,-230.000,-165.000,29.000,0.000,0.000,0
2026-01-31 12:46:08,4474134,5688.000,5598.000,1308.000,-235.000,-121.000,8.000,0.000,0.000,0
2026-01-31 12:46:08,4474174,5531.000,5409.000,1219.000,-189.000,-94.000,-20.000,0.000,0.000,0
2026-01-31 12:46:08,4474214,5545.000,5490.000,1216.000,-7.000,-52.000,42.000,0.000,0.000,0
2026-01-31 12:46:08,4474254,5676.000,5657.000,1325.000,67.000,20.000,85.000,0.000,0.000,0
2026-01-31 12:46:08,4474294,5747.000,5696.000,1313.000,137.000,35.000,82.000,0.000,0.000,0
2026-01-31 12:46:08,4474334,5689.000,5642.000,1224.000,129.000,4.000,75.000,0.000,0.000,0
2026-01-31 12:46:08,4474374,5560.000,5457.000,1176.000,86.000,20.000,54.000,0.000,0.000,0
2026-01-31 12:46:08,4474414,5568.000,5465.000,1178.000,246.000,86.000,45.000,0.000,0.000,0
2026-01-31 12:46:08,4474454,5669.000,5669.000,1236.000,303.000,178.000,42.000,0.000,0.000,0
2026-01-31 12:46:08,4474494,5666.000,5652.000,1191.000,368.000,166.000,-24.000,0.000,0.000,0
2026-01-31 12:46:08,4474534,5646.000,5848.000,1170.000,388.000,153.000,-28.000,0.000,0.000,0
2026-01-31 12:46:08,4474574,5665.000,5554.000,1155.000,171.000,153.000,-36.000,0.000,0.000,0
2026-01-31 12:46:08,4474614,5769.000,5629.000,1202.000,301.000,169.000,-23.000,0.000,0.000,0
2026-01-31 12:46:08,4474654,5733.000,5698.000,1249.000,301.000,198.000,-25.000,0.000,0.000,0
2026-01-31 12:46:08,4474694,5607.000,5537.000,1228.000,229.000,180.000,-29.000,0.000,0.000,0
2026-01-31 12:46:08,4474734,5551.000,5487.000,1201.000,212.000,147.000,9.000,0.000,0.000,0
2026-01-31 12:46:08,4474774,5596.000,5562.000,1228.000,226.000,131.000,39.000,0.000,0.000,0
2026-01-31 12:46:08,4474814,5666.000,5513.000,1288.000,148.000,123.000,70.000,0.000,0.000,0
2026-01-31 12:46:08,4474854,5697.000,5579.000,1337.000,92.000,107.000,76.000,0.000,0.000,0
2026-01-31 12:46:08,4474894,5689.000,5584.000,1422.000,-27.000,114.000,90.000,0.000,0.000,0
2026-01-31 12:46:08,4474934,5716.000,5485.000,1411.000,-120.000,115.000,94.000,0.000,0.000,0
2026-01-31 12:46:08,4474974,5782.000,5519.000,1478.000,-153.000,86.000,118.000,0.000,0.000,0
2026-01-31 12:46:08,4475014,5895.000,5443.000,1518.000,-223.000,62.000,150.000,0.000,0.000,0
2026-01-31 12:46:09,4475054,5897.000,5452.000,1564.000,-269.000,64.000,129.000,0.000,0.000,0
2026-01-31 12:46:09,4475094,5825.000,5259.000,1553.000,-357.000,101.000,87.000,0.000,0.000,0
2026-01-31 12:46:09,4475134,5785.000,5178.000,1530.000,-283.000,107.000,92.000,0.000,0.000,0
2026-01-31 12:46:09,4475174,5898.000,5306.000,1598.000,-195.000,98.000,127.000,0.000,0.000,0
2026-01-31 12:46:09,4475214,5999.000,5386.000,1722.000,-217.000,139.000,155.000,0.000,0.000,0
2026-01-31 12:46:09,4475254,5833.000,5310.000,1687.000,-274.000,91.000,115.000,0.000,0.000,0
2026-01-31 12:46:09,4475294,5739.000,5282.000,1624.000,-261.000,36.000,145.000,0.000,0.000,0
2026-01-31 12:46:09,4475334,5797.000,5207.000,1673.000,-289.000,-51.000,167.000,0.000,0.000,0
2026-01-31 12:46:09,4475377,5956.000,5257.000,1681.000,-206.000,-96.000,174.000,0.000,0.000,0
2026-01-31 12:46:09,4475416,5933.000,5338.000,1653.000,-219.000,-75.000,137.000,0.000,0.000,0
2026-01-31 12:46:09,4475454,5878.000,5313.000,1628.000,-242.000,-75.000,113.000,0.000,0.000,0
2026-01-31 12:46:09,4475494,5801.000,5340.000,1590.000,-179.000,-94.000,99.000,0.000,0.000,0
2026-01-31 12:46:09,4475534,5841.000,5468.000,1596.000,-105.000,-130.000,128.000,0.000,0.000,0
2026-01-31 12:46:09,4475574,5784.000,5426.000,1467.000,-149.000,-206.000,104.000,0.000,0.000,0
2026-01-31 12:46:09,4475617,5347.000,5452.000,1215.000,-16.000,-398.000,10.000,0.000,0.000,0
2026-01-31 12:46:09,4475654,5356.000,5594.000,1187.000,-7.000,-473.000,9.000,0.000,0.000,0
2026-01-31 12:46:09,4475694,5545.000,5741.000,1114.000,-85.000,-650.000,24.000,0.000,0.000,0
2026-01-31 12:46:09,4475734,5666.000,5675.000,995.000,-245.000,-765.000,-1.000,0.000,0.000,0
2026-01-31 12:46:09,4475774,5679.000,5524.000,885.000,-321.000,-798.000,-110.000,0.000,0.000,0
2026-01-31 12:46:09,4475814,5740.000,5702.000,816.000,-226.000,-765.000,-156.000,0.000,0.000,0
2026-01-31 12:46:09,4475854,5879.000,5607.000,823.000,-366.000,-664.000,-113.000,0.000,0.000,0
2026-01-31 12:46:09,4475894,5833.000,5331.000,748.000,-382.000,-560.000,-146.000,0.000,0.000,0
2026-01-31 12:46:09,4475934,5853.000,5338.000,719.000,-189.000,-445.000,-195.000,0.000,0.000,0
2026-01-31 12:46:09,4475974,6208.000,5653.000,731.000,-16.000,-150.000,-50.000,0.000,0.000,0
2026-01-31 12:46:09,4476014,6398.000,5671.000,781.000,-45.000,28.000,25.000,0.000,0.000,0
2026-01-31 12:46:10,4476054,6354.000,5406.000,796.000,-179.000,135.000,3.000,0.000,0.000,0
2026-01-31 12:46:10,4476094,5985.000,4969.000,745.000,-149.000,265.000,-58.000,0.000,0.000,0
2026-01-31 12:46:10,4476134,5691.000,4899.000,691.000,222.000,367.000,-59.000,0.000,0.000,0
2026-01-31 12:46:10,4476174,5702.000,5223.000,809.000,410.000,471.000,24.000,0.000,0.000,0
2026-01-31 12:46:10,4476214,5966.000,5558.000,941.000,454.000,551.000,46.000,0.000,0.000,0
2026-01-31 12:46:10,4476254,6024.000,5415.000,1025.000,156.000,548.000,-19.000,0.000,0.000,0
2026-01-31 12:46:10,4476294,5942.000,5199.000,1000.000,49.000,582.000,-95.000,0.000,0.000,0
2026-01-31 12:46:10,4476334,5806.000,4959.000,1204.000,-123.000,654.000,-114.000,0.000,0.000,0
2026-01-31 12:46:10,4476374,6100.000,5588.000,1585.000,659.000,729.000,-108.000,0.000,0.000,0
2026-01-31 12:46:10,4476414,6078.000,5518.000,1674.000,357.000,665.000,-40.000,0.000,0.000,0
2026-01-31 12:46:10,4476454,5910.000,5067.000,1532.000,128.000,495.000,-180.000,0.000,0.000,0
2026-01-31 12:46:10,4476494,5897.000,5385.000,1621.000,313.000,385.000,-137.000,0.000,0.000,0
2026-01-31 12:46:10,4476534,6013.000,5263.000,1794.000,86.000,417.000,-70.000,0.000,0.000,0
2026-01-31 12:46:10,4476574,5948.000,5078.000,1864.000,68.000,412.000,-150.000,0.000,0.000,0
2026-01-31 12:46:10,4476614,5825.000,5250.000,1793.000,184.000,358.000,-179.000,0.000,0.000,0
2026-01-31 12:46:10,4476654,5795.000,5396.000,1755.000,76.000,305.000,-148.000,0.000,0.000,0
2026-01-31 12:46:10,4476694,5824.000,5310.000,1783.000,-124.000,221.000,-114.000,0.000,0.000,0
2026-01-31 12:46:10,4476734,5827.000,5169.000,1785.000,-229.000,117.000,-64.000,0.000,0.000,0
2026-01-31 12:46:10,4476774,5820.000,5335.000,1760.000,-135.000,-39.000,-20.000,0.000,0.000,0
2026-01-31 12:46:10,4476814,5811.000,5341.000,1693.000,-230.000,-179.000,25.000,0.000,0.000,0
2026-01-31 12:46:10,4476854,5660.000,5156.000,1571.000,-380.000,-314.000,4.000,0.000,0.000,0
2026-01-31 12:46:10,4476894,5737.000,5226.000,1463.000,-284.000,-375.000,34.000,0.000,0.000,0
2026-01-31 12:46:10,4476934,5974.000,5445.000,1558.000,-297.000,-376.000,95.000,0.000,0.000,0
2026-01-31 12:46:10,4476974,6128.000,5531.000,1574.000,-353.000,-355.000,64.000,0.000,0.000,0
2026-01-31 12:46:10,4477014,5869.000,5348.000,1406.000,-436.000,-345.000,-43.000,0.000,0.000,0
2026-01-31 12:46:11,4477054,5661.000,5227.000,1312.000,-423.000,-321.000,-81.000,0.000,0.000,0
2026-01-31 12:46:11,4477094,5694.000,5386.000,1401.000,-438.000,-337.000,-4.000,0.000,0.000,0
2026-01-31 12:46:11,4477134,6024.000,5628.000,1449.000,-329.000,-404.000,24.000,0.000,0.000,0
2026-01-31 12:46:11,4477174,5936.000,5549.000,1312.000,-505.000,-427.000,-37.000,0.000,0.000,0
2026-01-31 12:46:11,4477214,5674.000,5446.000,1283.000,-530.000,-445.000,-100.000,0.000,0.000,0
2026-01-31 12:46:11,4477254,5602.000,5438.000,1310.000,-606.000,-461.000,-76.000,0.000,0.000,0
2026-01-31 12:46:11,4477294,5744.000,5460.000,1303.000,-639.000,-460.000,-33.000,0.000,0.000,0
2026-01-31 12:46:11,4477334,5887.000,5569.000,1364.000,-666.000,-437.000,-41.000,0.000,0.000,0
2026-01-31 12:46:11,4477374,5728.000,5683.000,1285.000,-497.000,-394.000,-120.000,0.000,0.000,0
2026-01-31 12:46:11,4477414,5478.000,5563.000,1177.000,-551.000,-457.000,-136.000,0.000,0.000,0
2026-01-31 12:46:11,4477454,5586.000,5639.000,1211.000,-568.000,-511.000,-98.000,0.000,0.000,0
2026-01-31 12:46:11,4477494,5760.000,5477.000,1201.000,-630.000,-499.000,-104.000,0.000,0.000,0
2026-01-31 12:46:11,4477534,5721.000,5525.000,1240.000,-433.000,-296.000,-201.000,0.000,0.000,0
2026-01-31 12:46:11,4477574,5571.000,5530.000,1358.000,-334.000,-150.000,-265.000,0.000,0.000,0
2026-01-31 12:46:11,4477617,5515.000,5653.000,1335.000,-113.000,-166.000,-296.000,0.000,0.000,0
2026-01-31 12:46:11,4477654,5625.000,5785.000,1461.000,-168.000,-166.000,-258.000,0.000,0.000,0
2026-01-31 12:46:11,4477694,5513.000,5297.000,1591.000,-543.000,5.000,-300.000,0.000,0.000,0
2026-01-31 12:46:11,4477734,5451.000,5717.000,1758.000,-42.000,65.000,-610.000,0.000,0.000,0
2026-01-31 12:46:11,4477774,5482.000,6085.000,2139.000,-123.000,43.000,-590.000,0.000,0.000,0
2026-01-31 12:46:11,4477814,5533.000,5786.000,2038.000,-307.000,37.000,-523.000,0.000,0.000,0
2026-01-31 12:46:11,4477854,5443.000,5637.000,1987.000,-332.000,-63.000,-583.000,0.000,0.000,0
2026-01-31 12:46:11,4477894,5317.000,5431.000,1920.000,-383.000,60.000,-679.000,0.000,0.000,0
2026-01-31 12:46:11,4477934,5365.000,5074.000,1999.000,-322.000,105.000,-601.000,0.000,0.000,0
2026-01-31 12:46:11,4477974,5531.000,5243.000,2178.000,195.000,24.000,-430.000,0.000,0.000,0
2026-01-31 12:46:11,4478014,5499.000,5440.000,2039.000,413.000,1.000,-353.000,0.000,0.000,0
2026-01-31 12:46:12,4478054,5871.000,5682.000,1955.000,521.000,-1.000,-259.000,0.000,0.000,0
2026-01-31 12:46:12,4478094,6418.000,5655.000,2174.000,173.000,118.000,-52.000,0.000,0.000,0
2026-01-31 12:46:12,4478134,6365.000,5201.000,2125.000,199.000,266.000,27.000,0.000,0.000,0
2026-01-31 12:46:12,4478174,5919.000,5086.000,1817.000,646.000,316.000,78.000,0.000,0.000,0
2026-01-31 12:46:12,4478214,5699.000,5013.000,1713.000,670.000,311.000,438.000,0.000,0.000,0
2026-01-31 12:46:12,4478254,6074.000,5460.000,1823.000,701.000,150.000,796.000,0.000,0.000,0
2026-01-31 12:46:12,4478294,6420.000,5506.000,1801.000,685.000,-30.000,1045.000,0.000,0.000,0
2026-01-31 12:46:12,4478334,6251.000,5118.000,1623.000,537.000,-6.000,996.000,0.000,0.000,0
2026-01-31 12:46:12,4478374,5759.000,5268.000,1606.000,621.000,1.000,975.000,0.000,0.000,0
2026-01-31 12:46:12,4478414,5542.000,5180.000,1666.000,314.000,-2.000,922.000,0.000,0.000,0
2026-01-31 12:46:12,4478454,5671.000,5184.000,1676.000,29.000,-130.000,896.000,0.000,0.000,0
2026-01-31 12:46:12,4478494,5806.000,4978.000,1606.000,-191.000,-306.000,819.000,0.000,0.000,0
2026-01-31 12:46:12,4478534,6010.000,5146.000,1487.000,-66.000,-398.000,638.000,0.000,0.000,0
2026-01-31 12:46:12,4478574,6308.000,5535.000,1672.000,-230.000,-349.000,498.000,0.000,0.000,0
2026-01-31 12:46:12,4478614,6208.000,5249.000,1747.000,-598.000,-251.000,170.000,0.000,0.000,0
2026-01-31 12:46:12,4478654,5408.000,4525.000,1461.000,-673.000,-213.000,-221.000,0.000,0.000,0
2026-01-31 12:46:12,4478694,5189.000,4581.000,1229.000,-389.000,-305.000,-246.000,0.000,0.000,0
2026-01-31 12:46:12,4478734,6287.000,5434.000,1970.000,-408.000,-308.000,134.000,0.000,0.000,0
2026-01-31 12:46:12,4478774,7000.000,6242.000,2793.000,-401.000,-20.000,101.000,0.000,0.000,0
2026-01-31 12:46:12,4478814,6550.000,5744.000,2852.000,-1121.000,237.000,-226.000,0.000,0.000,0
2026-01-31 12:46:12,4478854,5554.000,4982.000,2096.000,-1388.000,281.000,-565.000,0.000,0.000,0
2026-01-31 12:46:12,4478894,5209.000,4888.000,1661.000,-898.000,180.000,-323.000,0.000,0.000,0
2026-01-31 12:46:12,4478934,5488.000,5095.000,1824.000,-796.000,-24.000,93.000,0.000,0.000,0
2026-01-31 12:46:12,4478974,6123.000,4634.000,1992.000,-855.000,-206.000,225.000,0.000,0.000,0
2026-01-31 12:46:12,4479014,6273.000,4847.000,1733.000,-458.000,-238.000,275.000,0.000,0.000,0
2026-01-31 12:46:13,4479054,6086.000,5333.000,1861.000,-130.000,103.000,208.000,0.000,0.000,0
2026-01-31 12:46:13,4479094,5910.000,5412.000,2053.000,-300.000,65.000,188.000,0.000,0.000,0
2026-01-31 12:46:13,4479134,5882.000,4944.000,1966.000,-540.000,-128.000,277.000,0.000,0.000,0
2026-01-31 12:46:13,4479174,5910.000,4855.000,1830.000,-160.000,-253.000,371.000,0.000,0.000,0
2026-01-31 12:46:13,4479214,5952.000,5145.000,1767.000,210.000,-294.000,370.000,0.000,0.000,0
2026-01-31 12:46:13,4479254,5910.000,5029.000,1672.000,65.000,-376.000,283.000,0.000,0.000,0
2026-01-31 12:46:13,4479294,5793.000,4830.000,1565.000,54.000,-416.000,184.000,0.000,0.000,0
2026-01-31 12:46:13,4479334,5943.000,4776.000,1585.000,270.000,-411.000,129.000,0.000,0.000,0
2026-01-31 12:46:13,4479374,6234.000,5020.000,1718.000,491.000,-310.000,105.000,0.000,0.000,0
2026-01-31 12:46:13,4479414,6280.000,4891.000,1732.000,468.000,-205.000,-14.000,0.000,0.000,0
2026-01-31 12:46:13,4479454,6028.000,4704.000,1607.000,529.000,-159.000,-169.000,0.000,0.000,0
2026-01-31 12:46:13,4479494,6084.000,4751.000,1651.000,586.000,-80.000,-179.000,0.000,0.000,0
2026-01-31 12:46:13,4479534,6371.000,4909.000,1762.000,696.000,16.000,-147.000,0.000,0.000,0
2026-01-31 12:46:13,4479574,6576.000,4875.000,1867.000,552.000,47.000,-80.000,0.000,0.000,0
2026-01-31 12:46:13,4479617,6783.000,4789.000,1911.000,429.000,133.000,31.000,0.000,0.000,0
2026-01-31 12:46:13,4479656,6741.000,4691.000,2081.000,334.000,188.000,97.000,0.000,0.000,0
2026-01-31 12:46:13,4479694,6502.000,4369.000,2160.000,320.000,332.000,22.000,0.000,0.000,0
2026-01-31 12:46:13,4479734,6276.000,4519.000,2057.000,610.000,462.000,14.000,0.000,0.000,0
2026-01-31 12:46:13,4479774,6017.000,4571.000,2218.000,637.000,479.000,58.000,0.000,0.000,0
2026-01-31 12:46:13,4479814,6480.000,5446.000,2535.000,765.000,433.000,152.000,0.000,0.000,0
2026-01-31 12:46:13,4479854,6446.000,5125.000,2389.000,165.000,470.000,13.000,0.000,0.000,0
2026-01-31 12:46:13,4479894,5974.000,4623.000,2094.000,-20.000,453.000,-154.000,0.000,0.000,0
2026-01-31 12:46:13,4479934,5726.000,4608.000,2115.000,70.000,398.000,-33.000,0.000,0.000,0
2026-01-31 12:46:13,4479974,5964.000,4897.000,2369.000,144.000,267.000,144.000,0.000,0.000,0
2026-01-31 12:46:13,4480014,6150.000,4900.000,2338.000,55.000,127.000,155.000,0.000,0.000,0
2026-01-31 12:46:14,4480054,6157.000,5069.000,2230.000,129.000,60.000,71.000,0.000,0.000,0
2026-01-31 12:46:14,4480094,6061.000,5211.000,2229.000,-43.000,37.000,36.000,0.000,0.000,0
2026-01-31 12:46:14,4480134,5965.000,5086.000,2312.000,-274.000,-13.000,-12.000,0.000,0.000,0
2026-01-31 12:46:14,4480174,6097.000,4939.000,2266.000,-376.000,-184.000,69.000,0.000,0.000,0
2026-01-31 12:46:14,4480214,6303.000,4745.000,2255.000,-519.000,-219.000,130.000,0.000,0.000,0
2026-01-31 12:46:14,4480254,6309.000,4923.000,2290.000,-373.000,-175.000,114.000,0.000,0.000,0
2026-01-31 12:46:14,4480294,6050.000,4951.000,2109.000,-314.000,-121.000,5.000,0.000,0.000,0
2026-01-31 12:46:14,4480334,5805.000,5112.000,2031.000,-188.000,-203.000,-38.000,0.000,0.000,0
2026-01-31 12:46:14,4480374,5773.000,5048.000,2073.000,-432.000,-386.000,-11.000,0.000,0.000,0
2026-01-31 12:46:14,4480414,5854.000,5041.000,2016.000,-589.000,-487.000,-13.000,0.000,0.000,0
2026-01-31 12:46:14,4480454,5991.000,5136.000,1876.000,-602.000,-470.000,-91.000,0.000,0.000,0
2026-01-31 12:46:14,4480494,6090.000,5165.000,1864.000,-606.000,-430.000,-84.000,0.000,0.000,0
2026-01-31 12:46:14,4480534,6072.000,5102.000,1842.000,-592.000,-491.000,-64.000,0.000,0.000,0
2026-01-31 12:46:14,4480574,5787.000,4939.000,1500.000,-493.000,-620.000,-85.000,0.000,0.000,0
2026-01-31 12:46:14,4480614,5748.000,5031.000,1383.000,-328.000,-685.000,-117.000,0.000,0.000,0
2026-01-31 12:46:14,4480654,5994.000,5383.000,1505.000,-219.000,-748.000,-67.000,0.000,0.000,0
2026-01-31 12:46:14,4480694,6134.000,5310.000,1538.000,-331.000,-785.000,-74.000,0.000,0.000,0
2026-01-31 12:46:14,4480734,6237.000,5233.000,1337.000,-334.000,-800.000,-187.000,0.000,0.000,0
2026-01-31 12:46:14,4480774,6174.000,5270.000,1190.000,-224.000,-712.000,-226.000,0.000,0.000,0
2026-01-31 12:46:14,4480814,5988.000,5150.000,1212.000,-131.000,-651.000,-295.000,0.000,0.000,0
2026-01-31 12:46:14,4480854,5879.000,5214.000,1262.000,-92.000,-703.000,-330.000,0.000,0.000,0
2026-01-31 12:46:14,4480894,5897.000,5142.000,1248.000,-151.000,-695.000,-342.000,0.000,0.000,0
2026-01-31 12:46:14,4480934,5961.000,5552.000,1185.000,-22.000,-651.000,-396.000,0.000,0.000,0
2026-01-31 12:46:14,4480974,6188.000,5742.000,1245.000,-199.000,-640.000,-340.000,0.000,0.000,0
2026-01-31 12:46:14,4481014,6168.000,5527.000,1254.000,-585.000,-564.000,-374.000,0.000,0.000,0
2026-01-31 12:46:15,4481054,5964.000,5314.000,1135.000,-598.000,-507.000,-468.000,0.000,0.000,0
2026-01-31 12:46:15,4481094,5782.000,5261.000,1167.000,-594.000,-447.000,-422.000,0.000,0.000,0
2026-01-31 12:46:15,4481134,5822.000,5237.000,1231.000,-574.000,-417.000,-390.000,0.000,0.000,0
2026-01-31 12:46:15,4481174,5979.000,5247.000,1345.000,-660.000,-364.000,-330.000,0.000,0.000,0
2026-01-31 12:46:15,4481214,6340.000,5709.000,1555.000,-400.000,-178.000,-334.000,0.000,0.000,0
2026-01-31 12:46:15,4481254,6121.000,5568.000,1589.000,-602.000,-102.000,-387.000,0.000,0.000,0
2026-01-31 12:46:15,4481294,5709.000,5103.000,1434.000,-772.000,-226.000,-431.000,0.000,0.000,0
2026-01-31 12:46:15,4481337,6091.000,5091.000,1529.000,-565.000,-318.000,-158.000,0.000,0.000,0
2026-01-31 12:46:15,4481377,6291.000,4921.000,1728.000,-553.000,-236.000,-139.000,0.000,0.000,0
2026-01-31 12:46:15,4481414,6320.000,4969.000,1800.000,-395.000,-156.000,-158.000,0.000,0.000,0
2026-01-31 12:46:15,4481454,6262.000,5242.000,1894.000,-82.000,38.000,-234.000,0.000,0.000,0
2026-01-31 12:46:15,4481494,6091.000,5272.000,1808.000,-21.000,107.000,-239.000,0.000,0.000,0
2026-01-31 12:46:15,4481534,6067.000,5075.000,1688.000,-66.000,-19.000,-147.000,0.000,0.000,0
2026-01-31 12:46:15,4481574,6030.000,4896.000,1663.000,-170.000,-86.000,-65.000,0.000,0.000,0
2026-01-31 12:46:15,4481614,6195.000,4803.000,1565.000,-44.000,-76.000,2.000,0.000,0.000,0
2026-01-31 12:46:15,4481654,6475.000,4908.000,1567.000,194.000,10.000,117.000,0.000,0.000,0
2026-01-31 12:46:15,4481694,6289.000,4876.000,1618.000,293.000,151.000,177.000,0.000,0.000,0
2026-01-31 12:46:15,4481734,6040.000,5093.000,1629.000,541.000,338.000,179.000,0.000,0.000,0
2026-01-31 12:46:15,4481774,6048.000,5161.000,1680.000,488.000,362.000,243.000,0.000,0.000,0
2026-01-31 12:46:15,4481814,6194.000,5323.000,1665.000,409.000,341.000,259.000,0.000,0.000,0
2026-01-31 12:46:15,4481854,6107.000,5238.000,1593.000,286.000,334.000,174.000,0.000,0.000,0
2026-01-31 12:46:15,4481894,5907.000,5210.000,1517.000,279.000,349.000,116.000,0.000,0.000,0
2026-01-31 12:46:15,4481934,5920.000,5314.000,1516.000,250.000,339.000,112.000,0.000,0.000,0
2026-01-31 12:46:15,4481974,5914.000,5307.000,1617.000,154.000,303.000,85.000,0.000,0.000,0
2026-01-31 12:46:15,4482014,5898.000,5298.000,1544.000,179.000,250.000,21.000,0.000,0.000,0
2026-01-31 12:46:16,4482054,5833.000,5488.000,1486.000,164.000,206.000,-7.000,0.000,0.000,0
2026-01-31 12:46:16,4482094,5760.000,5366.000,1546.000,-60.000,130.000,-81.000,0.000,0.000,0
2026-01-31 12:46:16,4482134,5813.000,5500.000,1605.000,-49.000,79.000,-77.000,0.000,0.000,0
2026-01-31 12:46:16,4482174,5727.000,5392.000,1612.000,-226.000,35.000,-87.000,0.000,0.000,0
2026-01-31 12:46:16,4482214,5733.000,5385.000,1556.000,-222.000,-40.000,-75.000,0.000,0.000,0
2026-01-31 12:46:16,4482254,5851.000,5556.000,1601.000,-260.000,-86.000,-27.000,0.000,0.000,0
2026-01-31 12:46:16,4482294,5951.000,5467.000,1748.000,-425.000,-100.000,-3.000,0.000,0.000,0
2026-01-31 12:46:16,4482334,5936.000,5502.000,1772.000,-391.000,-123.000,-17.000,0.000,0.000,0
2026-01-31 12:46:16,4482374,5808.000,5470.000,1795.000,-485.000,-135.000,-33.000,0.000,0.000,0
2026-01-31 12:46:16,4482414,5723.000,5380.000,1826.000,-498.000,-151.000,-2.000,0.000,0.000,0
2026-01-31 12:46:16,4482454,5845.000,5418.000,1770.000,-445.000,-213.000,13.000,0.000,0.000,0
2026-01-31 12:46:16,4482494,5934.000,5311.000,1754.000,-524.000,-256.000,33.000,0.000,0.000,0
2026-01-31 12:46:16,4482534,5940.000,5282.000,1762.000,-423.000,-247.000,26.000,0.000,0.000,0
2026-01-31 12:46:16,4482574,5859.000,5223.000,1786.000,-334.000,-217.000,10.000,0.000,0.000,0
2026-01-31 12:46:16,4482614,5807.000,5280.000,1764.000,-224.000,-189.000,7.000,0.000,0.000,0
2026-01-31 12:46:16,4482654,5826.000,5250.000,1738.000,-174.000,-176.000,3.000,0.000,0.000,0
2026-01-31 12:46:16,4482694,5910.000,5299.000,1675.000,-67.000,-173.000,10.000,0.000,0.000,0
2026-01-31 12:46:16,4482734,5963.000,5281.000,1628.000,-39.000,-178.000,13.000,0.000,0.000,0
2026-01-31 12:46:16,4482774,5909.000,5160.000,1562.000,5.000,-180.000,16.000,0.000,0.000,0
2026-01-31 12:46:16,4482814,5847.000,5011.000,1470.000,69.000,-166.000,8.000,0.000,0.000,0
2026-01-31 12:46:16,4482854,5957.000,5089.000,1486.000,348.000,-41.000,34.000,0.000,0.000,0
2026-01-31 12:46:16,4482894,5973.000,5146.000,1571.000,413.000,43.000,2.000,0.000,0.000,0
2026-01-31 12:46:16,4482934,6038.000,5227.000,1543.000,497.000,105.000,-26.000,0.000,0.000,0
2026-01-31 12:46:16,4482974,6190.000,5424.000,1601.000,507.000,180.000,4.000,0.000,0.000,0
2026-01-31 12:46:16,4483014,6127.000,5197.000,1635.000,341.000,212.000,-8.000,0.000,0.000,0
2026-01-31 12:46:17,4483054,6067.000,5194.000,1606.000,428.000,190.000,-5.000,0.000,0.000,0
2026-01-31 12:46:17,4483094,6082.000,5257.000,1621.000,376.000,189.000,37.000,0.000,0.000,0
2026-01-31 12:46:17,4483134,6188.000,5230.000,1685.000,300.000,202.000,65.000,0.000,0.000,0
2026-01-31 12:46:17,4483174,6334.000,5232.000,1671.000,266.000,204.000,81.000,0.000,0.000,0
2026-01-31 12:46:17,4483214,6262.000,5038.000,1742.000,175.000,233.000,84.000,0.000,0.000,0
2026-01-31 12:46:17,4483254,6198.000,5182.000,1853.000,230.000,292.000,111.000,0.000,0.000,0
2026-01-31 12:46:17,4483294,6187.000,5216.000,1899.000,160.000,304.000,110.000,0.000,0.000,0
2026-01-31 12:46:17,4483334,6113.000,5054.000,1866.000,46.000,287.000,90.000,0.000,0.000,0
2026-01-31 12:46:17,4483374,6074.000,5121.000,1871.000,21.000,275.000,78.000,0.000,0.000,0
2026-01-31 12:46:17,4483414,6073.000,5054.000,1879.000,-75.000,220.000,89.000,0.000,0.000,0
2026-01-31 12:46:17,4483454,6010.000,4889.000,1841.000,-113.000,154.000,76.000,0.000,0.000,0
2026-01-31 12:46:17,4483494,5905.000,4921.000,1898.000,-44.000,104.000,81.000,0.000,0.000,0
2026-01-31 12:46:17,4483534,5942.000,5129.000,1941.000,-2.000,62.000,71.000,0.000,0.000,0
2026-01-31 12:46:17,4483574,5894.000,5109.000,1939.000,-113.000,23.000,31.000,0.000,0.000,0
2026-01-31 12:46:17,4483617,5952.000,5163.000,1882.000,-223.000,-116.000,26.000,0.000,0.000,0
2026-01-31 12:46:17,4483654,5976.000,5139.000,1869.000,-252.000,-142.000,14.000,0.000,0.000,0
2026-01-31 12:46:17,4483694,5962.000,5191.000,1889.000,-257.000,-181.000,-17.000,0.000,0.000,0
2026-01-31 12:46:17,4483734,5943.000,5262.000,1812.000,-276.000,-193.000,-44.000,0.000,0.000,0
2026-01-31 12:46:17,4483774,6036.000,5302.000,1851.000,-300.000,-203.000,-66.000,0.000,0.000,0
2026-01-31 12:46:17,4483814,6084.000,5359.000,1835.000,-341.000,-221.000,-63.000,0.000,0.000,0
2026-01-31 12:46:17,4483854,6022.000,5238.000,1796.000,-411.000,-216.000,-85.000,0.000,0.000,0
2026-01-31 12:46:17,4483894,5972.000,5263.000,1786.000,-363.000,-181.000,-79.000,0.000,0.000,0
2026-01-31 12:46:17,4483934,5970.000,5357.000,1802.000,-360.000,-160.000,-76.000,0.000,0.000,0
2026-01-31 12:46:17,4483974,5943.000,5275.000,1737.000,-384.000,-163.000,-73.000,0.000,0.000,0
2026-01-31 12:46:17,4484014,5879.000,5289.000,1664.000,-288.000,-203.000,-69.000,0.000,0.000,0
2026-01-31 12:46:18,4484054,5886.000,5249.000,1644.000,-320.000,-219.000,-45.000,0.000,0.000,0
2026-01-31 12:46:18,4484094,5878.000,5133.000,1642.000,-299.000,-220.000,-50.000,0.000,0.000,0
2026-01-31 12:46:18,4484134,5882.000,5245.000,1631.000,-159.000,-189.000,-43.000,0.000,0.000,0
2026-01-31 12:46:18,4484174,5873.000,5310.000,1657.000,-102.000,-146.000,-48.000,0.000,0.000,0
2026-01-31 12:46:18,4484214,5827.000,5286.000,1619.000,-120.000,-135.000,-60.000,0.000,0.000,0
2026-01-31 12:46:18,4484254,5828.000,5175.000,1581.000,-126.000,-137.000,-74.000,0.000,0.000,0
2026-01-31 12:46:18,4484294,5935.000,5222.000,1546.000,-10.000,-121.000,-48.000,0.000,0.000,0
2026-01-31 12:46:18,4484334,6025.000,5196.000,1600.000,42.000,-81.000,-37.000,0.000,0.000,0
2026-01-31 12:46:18,4484374,6017.000,5355.000,1662.000,158.000,36.000,-70.000,0.000,0.000,0
2026-01-31 12:46:18,4484414,6013.000,5332.000,1673.000,155.000,104.000,-81.000,0.000,0.000,0
2026-01-31 12:46:18,4484454,6008.000,5286.000,1668.000,171.000,136.000,-79.000,0.000,0.000,0
2026-01-31 12:46:18,4484494,6038.000,5339.000,1668.000,246.000,165.000,-84.000,0.000,0.000,0
2026-01-31 12:46:18,4484534,6039.000,5302.000,1639.000,225.000,192.000,-101.000,0.000,0.000,0
2026-01-31 12:46:18,4484574,5994.000,5187.000,1701.000,258.000,223.000,-109.000,0.000,0.000,0
2026-01-31 12:46:18,4484614,5973.000,5411.000,1759.000,428.000,275.000,-108.000,0.000,0.000,0
2026-01-31 12:46:18,4484654,5906.000,5330.000,1752.000,326.000,280.000,-127.000,0.000,0.000,0
2026-01-31 12:46:18,4484694,5889.000,5202.000,1683.000,338.000,240.000,-109.000,0.000,0.000,0
2026-01-31 12:46:18,4484734,5904.000,5303.000,1658.000,394.000,211.000,-70.000,0.000,0.000,0
2026-01-31 12:46:18,4484774,5890.000,5164.000,1712.000,356.000,175.000,-34.000,0.000,0.000,0
2026-01-31 12:46:18,4484814,5915.000,5258.000,1728.000,434.000,175.000,-11.000,0.000,0.000,0
2026-01-31 12:46:18,4484854,5853.000,5311.000,1713.000,436.000,176.000,-11.000,0.000,0.000,0
2026-01-31 12:46:18,4484894,5785.000,5231.000,1672.000,329.000,140.000,-26.000,0.000,0.000,0
2026-01-31 12:46:18,4484934,5815.000,5253.000,1658.000,324.000,81.000,7.000,0.000,0.000,0
2026-01-31 12:46:18,4484974,5906.000,5263.000,1691.000,251.000,37.000,41.000,0.000,0.000,0
2026-01-31 12:46:18,4485014,5943.000,5204.000,1690.000,188.000,14.000,48.000,0.000,0.000,0
2026-01-31 12:46:19,4485054,6046.000,5328.000,1704.000,193.000,20.000,71.000,0.000,0.000,0
2026-01-31 12:46:19,4485094,6115.000,5357.000,1742.000,115.000,51.000,70.000,0.000,0.000,0
2026-01-31 12:46:19,4485134,6003.000,5383.000,1702.000,91.000,66.000,37.000,0.000,0.000,0
2026-01-31 12:46:19,4485174,6022.000,5374.000,1710.000,-29.000,45.000,55.000,0.000,0.000,0
2026-01-31 12:46:19,4485214,6035.000,5287.000,1678.000,-101.000,35.000,44.000,0.000,0.000,0
2026-01-31 12:46:19,4485254,6037.000,5394.000,1708.000,-68.000,46.000,44.000,0.000,0.000,0
2026-01-31 12:46:19,4485294,5982.000,5400.000,1712.000,-143.000,41.000,15.000,0.000,0.000,0
2026-01-31 12:46:19,4485334,5920.000,5397.000,1654.000,-199.000,-11.000,-14.000,0.000,0.000,0
2026-01-31 12:46:19,4485374,5863.000,5278.000,1605.000,-265.000,-27.000,-46.000,0.000,0.000,0
2026-01-31 12:46:19,4485414,5891.000,5302.000,1642.000,-215.000,-47.000,-51.000,0.000,0.000,0
2026-01-31 12:46:19,4485454,5873.000,5315.000,1687.000,-247.000,-73.000,-51.000,0.000,0.000,0
2026-01-31 12:46:19,4485494,5815.000,5270.000,1661.000,-217.000,-104.000,-74.000,0.000,0.000,0
2026-01-31 12:46:19,4485534,5799.000,5302.000,1639.000,-202.000,-98.000,-80.000,0.000,0.000,0
2026-01-31 12:46:19,4485574,5818.000,5341.000,1685.000,-166.000,-107.000,-82.000,0.000,0.000,0
2026-01-31 12:46:19,4485617,5741.000,5370.000,1686.000,-182.000,-119.000,-108.000,0.000,0.000,0
2026-01-31 12:46:19,4485654,5744.000,5366.000,1667.000,-183.000,-120.000,-110.000,0.000,0.000,0
2026-01-31 12:46:19,4485694,5753.000,5415.000,1679.000,-153.000,-135.000,-105.000,0.000,0.000,0
2026-01-31 12:46:19,4485734,5783.000,5466.000,1709.000,-144.000,-151.000,-92.000,0.000,0.000,0
2026-01-31 12:46:19,4485774,5804.000,5501.000,1704.000,-176.000,-160.000,-95.000,0.000,0.000,0
2026-01-31 12:46:19,4485814,5829.000,5442.000,1658.000,-204.000,-154.000,-93.000,0.000,0.000,0
2026-01-31 12:46:19,4485854,5844.000,5467.000,1656.000,-167.000,-160.000,-80.000,0.000,0.000,0
2026-01-31 12:46:19,4485894,5848.000,5428.000,1593.000,-149.000,-177.000,-49.000,0.000,0.000,0
2026-01-31 12:46:19,4485934,5890.000,5363.000,1559.000,-182.000,-175.000,-28.000,0.000,0.000,0
2026-01-31 12:46:19,4485974,5901.000,5298.000,1556.000,-161.000,-136.000,-9.000,0.000,0.000,0
2026-01-31 12:46:19,4486014,5954.000,5394.000,1585.000,-38.000,-108.000,23.000,0.000,0.000,0
2026-01-31 12:46:20,4486054,5983.000,5390.000,1632.000,-72.000,-72.000,48.000,0.000,0.000,0
2026-01-31 12:46:20,4486094,5905.000,5290.000,1601.000,-67.000,-50.000,29.000,0.000,0.000,0
2026-01-31 12:46:20,4486134,5850.000,5272.000,1565.000,-44.000,-31.000,27.000,0.000,0.000,0
2026-01-31 12:46:20,4486174,5972.000,5279.000,1628.000,-11.000,-12.000,72.000,0.000,0.000,0
2026-01-31 12:46:20,4486214,6009.000,5259.000,1641.000,-5.000,9.000,79.000,0.000,0.000,0
2026-01-31 12:46:20,4486254,5988.000,5214.000,1633.000,39.000,45.000,61.000,0.000,0.000,0
2026-01-31 12:46:20,4486294,5992.000,5317.000,1662.000,106.000,132.000,68.000,0.000,0.000,0
2026-01-31 12:46:20,4486334,6008.000,5307.000,1716.000,116.000,156.000,64.000,0.000,0.000,0
2026-01-31 12:46:20,4486374,5956.000,5323.000,1700.000,122.000,164.000,54.000,0.000,0.000,0
2026-01-31 12:46:20,4486414,5887.000,5234.000,1665.000,78.000,180.000,27.000,0.000,0.000,0
2026-01-31 12:46:20,4486454,5855.000,5217.000,1677.000,132.000,180.000,33.000,0.000,0.000,0
2026-01-31 12:46:20,4486494,5906.000,5252.000,1715.000,151.000,163.000,38.000,0.000,0.000,0
2026-01-31 12:46:20,4486534,5921.000,5258.000,1733.000,163.000,173.000,29.000,0.000,0.000,0
2026-01-31 12:46:20,4486574,5947.000,5394.000,1770.000,203.000,188.000,9.000,0.000,0.000,0
2026-01-31 12:46:20,4486614,5937.000,5412.000,1805.000,129.000,202.000,-6.000,0.000,0.000,0
2026-01-31 12:46:20,4486654,5872.000,5337.000,1774.000,86.000,192.000,-21.000,0.000,0.000,0
2026-01-31 12:46:20,4486694,5885.000,5323.000,1752.000,85.000,140.000,-1.000,0.000,0.000,0
2026-01-31 12:46:20,4486734,5859.000,5322.000,1787.000,63.000,120.000,5.000,0.000,0.000,0
2026-01-31 12:46:20,4486774,5828.000,5305.000,1769.000,49.000,83.000,2.000,0.000,0.000,0
2026-01-31 12:46:20,4486814,5869.000,5389.000,1769.000,58.000,67.000,29.000,0.000,0.000,0
2026-01-31 12:46:20,4486854,5902.000,5402.000,1799.000,33.000,59.000,35.000,0.000,0.000,0
2026-01-31 12:46:20,4486894,5850.000,5404.000,1788.000,-16.000,28.000,16.000,0.000,0.000,0
2026-01-31 12:46:20,4486934,5860.000,5388.000,1745.000,-69.000,1.000,17.000,0.000,0.000,0
2026-01-31 12:46:20,4486974,5881.000,5372.000,1739.000,-89.000,-21.000,30.000,0.000,0.000,0
2026-01-31 12:46:20,4487014,5911.000,5354.000,1729.000,-96.000,-49.000,33.000,0.000,0.000,0
2026-01-31 12:46:21,4487054,5887.000,5308.000,1728.000,-100.000,-60.000,37.000,0.000,0.000,0
2026-01-31 12:46:21,4487094,5888.000,5348.000,1725.000,-77.000,-70.000,41.000,0.000,0.000,0
2026-01-31 12:46:21,4487134,5947.000,5336.000,1718.000,-93.000,-69.000,51.000,0.000,0.000,0
2026-01-31 12:46:21,4487174,5953.000,5342.000,1727.000,-66.000,-66.000,48.000,0.000,0.000,0
2026-01-31 12:46:21,4487214,5895.000,5269.000,1696.000,-95.000,-80.000,33.000,0.000,0.000,0
2026-01-31 12:46:21,4487254,5888.000,5184.000,1652.000,-74.000,-73.000,37.000,0.000,0.000,0
2026-01-31 12:46:21,4487294,5974.000,5231.000,1684.000,1.000,-52.000,59.000,0.000,0.000,0
2026-01-31 12:46:21,4487334,5988.000,5188.000,1719.000,1.000,-22.000,49.000,0.000,0.000,0
2026-01-31 12:46:21,4487377,5952.000,5210.000,1691.000,78.000,18.000,31.000,0.000,0.000,0
2026-01-31 12:46:21,4487414,5970.000,5206.000,1713.000,86.000,34.000,38.000,0.000,0.000,0
2026-01-31 12:46:21,4487454,6044.000,5156.000,1727.000,99.000,52.000,54.000,0.000,0.000,0
2026-01-31 12:46:21,4487494,6050.000,5191.000,1727.000,145.000,71.000,55.000,0.000,0.000,0
2026-01-31 12:46:21,4487534,6011.000,5137.000,1765.000,137.000,106.000,67.000,0.000,0.000,0
2026-01-31 12:46:21,4487574,6033.000,5162.000,1789.000,177.000,130.000,80.000,0.000,0.000,0
2026-01-31 12:46:21,4487617,6003.000,5165.000,1821.000,168.000,161.000,72.000,0.000,0.000,0
2026-01-31 12:46:21,4487654,5994.000,5189.000,1803.000,175.000,158.000,73.000,0.000,0.000,0
2026-01-31 12:46:21,4487694,6025.000,5226.000,1794.000,166.000,141.000,90.000,0.000,0.000,0
2026-01-31 12:46:21,4487734,6029.000,5204.000,1806.000,139.000,139.000,78.000,0.000,0.000,0
2026-01-31 12:46:21,4487774,6056.000,5244.000,1799.000,142.000,117.000,79.000,0.000,0.000,0
2026-01-31 12:46:21,4487814,6041.000,5108.000,1761.000,69.000,121.000,67.000,0.000,0.000,0
2026-01-31 12:46:21,4487854,6054.000,5229.000,1765.000,142.000,108.000,59.000,0.000,0.000,0
2026-01-31 12:46:21,4487894,6001.000,5169.000,1790.000,55.000,103.000,50.000,0.000,0.000,0
2026-01-31 12:46:21,4487934,6006.000,5192.000,1785.000,80.000,79.000,40.000,0.000,0.000,0
2026-01-31 12:46:21,4487974,6051.000,5245.000,1771.000,51.000,58.000,54.000,0.000,0.000,0
2026-01-31 12:46:21,4488014,5989.000,5168.000,1773.000,3.000,44.000,26.000,0.000,0.000,0
2026-01-31 12:46:22,4488054,5963.000,5224.000,1778.000,18.000,9.000,11.000,0.000,0.000,0
2026-01-31 12:46:22,4488094,6005.000,5264.000,1781.000,-29.000,-16.000,25.000,0.000,0.000,0
2026-01-31 12:46:22,4488134,6051.000,5236.000,1766.000,-52.000,-36.000,13.000,0.000,0.000,0
2026-01-31 12:46:22,4488174,5982.000,5205.000,1735.000,-80.000,-62.000,-12.000,0.000,0.000,0
2026-01-31 12:46:22,4488214,5936.000,5181.000,1738.000,-78.000,-94.000,-3.000,0.000,0.000,0
2026-01-31 12:46:22,4488254,6017.000,5210.000,1727.000,-83.000,-121.000,14.000,0.000,0.000,0
2026-01-31 12:46:22,4488294,6043.000,5224.000,1731.000,-102.000,-122.000,1.000,0.000,0.000,0
2026-01-31 12:46:22,4488334,5996.000,5176.000,1718.000,-120.000,-115.000,-15.000,0.000,0.000,0
2026-01-31 12:46:22,4488374,6007.000,5175.000,1714.000,-99.000,-116.000,-18.000,0.000,0.000,0
2026-01-31 12:46:22,4488414,6071.000,5196.000,1713.000,-72.000,-106.000,-5.000,0.000,0.000,0
2026-01-31 12:46:22,4488454,6061.000,5201.000,1694.000,-65.000,-95.000,-11.000,0.000,0.000,0
2026-01-31 12:46:22,4488494,6038.000,5183.000,1699.000,-64.000,-83.000,-23.000,0.000,0.000,0
2026-01-31 12:46:22,4488534,6028.000,5125.000,1695.000,-69.000,-66.000,-15.000,0.000,0.000,0
2026-01-31 12:46:22,4488574,6073.000,5118.000,1701.000,-5.000,-32.000,7.000,0.000,0.000,0
2026-01-31 12:46:22,4488614,6084.000,5173.000,1729.000,34.000,2.000,1.000,0.000,0.000,0
2026-01-31 12:46:22,4488654,6029.000,5132.000,1705.000,-2.000,15.000,-5.000,0.000,0.000,0
2026-01-31 12:46:22,4488694,6050.000,5114.000,1688.000,17.000,48.000,6.000,0.000,0.000,0
2026-01-31 12:46:22,4488734,6137.000,5227.000,1754.000,58.000,83.000,10.000,0.000,0.000,0
2026-01-31 12:46:22,4488774,6116.000,5168.000,1747.000,3.000,97.000,15.000,0.000,0.000,0
2026-01-31 12:46:22,4488814,6052.000,5160.000,1748.000,15.000,109.000,7.000,0.000,0.000,0
2026-01-31 12:46:22,4488854,6031.000,5153.000,1775.000,-12.000,122.000,23.000,0.000,0.000,0
2026-01-31 12:46:22,4488894,6096.000,5192.000,1804.000,22.000,118.000,37.000,0.000,0.000,0
2026-01-31 12:46:22,4488934,6076.000,5235.000,1806.000,10.000,115.000,20.000,0.000,0.000,0
2026-01-31 12:46:22,4488974,5968.000,5184.000,1797.000,-41.000,87.000,-3.000,0.000,0.000,0
2026-01-31 12:46:22,4489014,5946.000,5119.000,1786.000,-50.000,55.000,1.000,0.000,0.000,0
2026-01-31 12:46:23,4489054,6021.000,5209.000,1811.000,2.000,22.000,14.000,0.000,0.000,0
2026-01-31 12:46:23,4489094,6078.000,5232.000,1826.000,-33.000,7.000,20.000,0.000,0.000,0
2026-01-31 12:46:23,4489134,5989.000,5169.000,1772.000,-61.000,-17.000,-17.000,0.000,0.000,0
2026-01-31 12:46:23,4489174,5920.000,5137.000,1755.000,-39.000,-37.000,-14.000,0.000,0.000,0
2026-01-31 12:46:23,4489214,6002.000,5244.000,1780.000,-3.000,-39.000,16.000,0.000,0.000,0
2026-01-31 12:46:23,4489254,6061.000,5149.000,1821.000,-72.000,-46.000,4.000,0.000,0.000,0
2026-01-31 12:46:23,4489294,6070.000,5178.000,1745.000,9.000,-57.000,-3.000,0.000,0.000,0
2026-01-31 12:46:23,4489334,5999.000,5126.000,1759.000,-7.000,-27.000,-7.000,0.000,0.000,0
2026-01-31 12:46:23,4489374,6047.000,5122.000,1780.000,30.000,-27.000,9.000,0.000,0.000,0
2026-01-31 12:46:23,4489417,6112.000,5211.000,1745.000,76.000,-13.000,20.000,0.000,0.000,0
2026-01-31 12:46:23,4489457,6050.000,5094.000,1754.000,17.000,-5.000,17.000,0.000,0.000,0
2026-01-31 12:46:23,4489494,5991.000,5083.000,1772.000,47.000,3.000,10.000,0.000,0.000,0
2026-01-31 12:46:23,4489534,5995.000,5135.000,1732.000,90.000,0.000,21.000,0.000,0.000,0
2026-01-31 12:46:23,4489574,6037.000,5133.000,1722.000,69.000,18.000,38.000,0.000,0.000,0
2026-01-31 12:46:23,4489617,6061.000,5154.000,1750.000,100.000,22.000,27.000,0.000,0.000,0
2026-01-31 12:46:23,4489654,6060.000,5151.000,1754.000,93.000,29.000,31.000,0.000,0.000,0
2026-01-31 12:46:23,4489694,6030.000,5154.000,1750.000,89.000,35.000,20.000,0.000,0.000,0
2026-01-31 12:46:23,4489734,6058.000,5160.000,1727.000,92.000,36.000,23.000,0.000,0.000,0
2026-01-31 12:46:23,4489774,6123.000,5281.000,1782.000,92.000,59.000,45.000,0.000,0.000,0
2026-01-31 12:46:23,4489814,6050.000,5143.000,1773.000,3.000,45.000,13.000,0.000,0.000,0
2026-01-31 12:46:23,4489854,6030.000,5202.000,1738.000,54.000,26.000,21.000,0.000,0.000,0
2026-01-31 12:46:23,4489894,6030.000,5192.000,1743.000,-6.000,25.000,25.000,0.000,0.000,0
2026-01-31 12:46:23,4489934,6029.000,5170.000,1758.000,9.000,12.000,17.000,0.000,0.000,0
2026-01-31 12:46:23,4489974,6000.000,5204.000,1739.000,-3.000,0.000,12.000,0.000,0.000,0
2026-01-31 12:46:23,4490014,5951.000,5188.000,1741.000,-18.000,-19.000,5.000,0.000,0.000,0
2026-01-31 12:46:24,4490054,5979.000,5213.000,1705.000,-14.000,-36.000,17.000,0.000,0.000,0
2026-01-31 12:46:24,4490094,5963.000,5194.000,1706.000,-46.000,-53.000,-9.000,0.000,0.000,0
2026-01-31 12:46:24,4490134,5939.000,5254.000,1725.000,-36.000,-72.000,-11.000,0.000,0.000,0
2026-01-31 12:46:24,4490174,5927.000,5298.000,1722.000,-49.000,-86.000,-29.000,0.000,0.000,0
2026-01-31 12:46:24,4490214,5897.000,5278.000,1709.000,-99.000,-109.000,-45.000,0.000,0.000,0
2026-01-31 12:46:24,4490254,5928.000,5376.000,1696.000,-75.000,-143.000,-57.000,0.000,0.000,0
2026-01-31 12:46:24,4490294,5958.000,5359.000,1716.000,-156.000,-146.000,-53.000,0.000,0.000,0
2026-01-31 12:46:24,4490334,5876.000,5375.000,1691.000,-164.000,-162.000,-117.000,0.000,0.000,0
2026-01-31 12:46:24,4490374,5755.000,5355.000,1668.000,-240.000,-184.000,-138.000,0.000,0.000,0
2026-01-31 12:46:24,4490414,5773.000,5339.000,1643.000,-239.000,-207.000,-153.000,0.000,0.000,0
2026-01-31 12:46:24,4490454,5902.000,5419.000,1636.000,-259.000,-247.000,-142.000,0.000,0.000,0
2026-01-31 12:46:24,4490494,5789.000,5378.000,1702.000,-371.000,-278.000,-202.000,0.000,0.000,0
2026-01-31 12:46:24,4490534,5681.000,5369.000,1703.000,-416.000,-309.000,-231.000,0.000,0.000,0
2026-01-31 12:46:24,4490574,5770.000,5500.000,1714.000,-402.000,-319.000,-222.000,0.000,0.000,0
2026-01-31 12:46:24,4490614,5846.000,5671.000,1763.000,-438.000,-333.000,-220.000,0.000,0.000,0
2026-01-31 12:46:24,4490654,5746.000,5626.000,1730.000,-640.000,-382.000,-320.000,0.000,0.000,0
2026-01-31 12:46:24,4490694,5595.000,5526.000,1631.000,-731.000,-441.000,-406.000,0.000,0.000,0
2026-01-31 12:46:24,4490734,5632.000,5568.000,1641.000,-730.000,-534.000,-434.000,0.000,0.000,0
2026-01-31 12:46:24,4490774,5777.000,5559.000,1626.000,-859.000,-678.000,-450.000,0.000,0.000,0
2026-01-31 12:46:24,4490814,5917.000,5430.000,1552.000,-942.000,-740.000,-440.000,0.000,0.000,0
2026-01-31 12:46:24,4490854,6017.000,5013.000,1560.000,-941.000,-700.000,-438.000,0.000,0.000,0
2026-01-31 12:46:24,4490894,6185.000,5037.000,1436.000,-586.000,-747.000,-279.000,0.000,0.000,0
2026-01-31 12:46:24,4490934,6502.000,5378.000,1484.000,-302.000,-749.000,-48.000,0.000,0.000,0
2026-01-31 12:46:24,4490974,6684.000,5069.000,1689.000,-561.000,-648.000,203.000,0.000,0.000,0
2026-01-31 12:46:24,4491014,6243.000,4225.000,1652.000,-516.000,-522.000,287.000,0.000,0.000,0
2026-01-31 12:46:25,4491054,6125.000,4445.000,1541.000,54.000,-561.000,325.000,0.000,0.000,0
2026-01-31 12:46:25,4491094,6237.000,4589.000,1679.000,161.000,-503.000,454.000,0.000,0.000,0
2026-01-31 12:46:25,4491134,6490.000,4836.000,2162.000,635.000,-408.000,561.000,0.000,0.000,0
2026-01-31 12:46:25,4491174,6610.000,5441.000,2711.000,1069.000,-281.000,704.000,0.000,0.000,0
2026-01-31 12:46:25,4491214,6313.000,5313.000,2321.000,798.000,-227.000,732.000,0.000,0.000,0
2026-01-31 12:46:25,4491254,5959.000,4597.000,1786.000,283.000,-337.000,685.000,0.000,0.000,0
2026-01-31 12:46:25,4491294,5825.000,4363.000,1726.000,321.000,-287.000,637.000,0.000,0.000,0
2026-01-31 12:46:25,4491334,5764.000,4435.000,1979.000,441.000,-315.000,650.000,0.000,0.000,0
2026-01-31 12:46:25,4491374,5572.000,4991.000,2535.000,651.000,-447.000,605.000,0.000,0.000,0
2026-01-31 12:46:25,4491414,5351.000,5504.000,2624.000,566.000,-603.000,321.000,0.000,0.000,0
2026-01-31 12:46:25,4491454,5752.000,5839.000,2190.000,-91.000,-726.000,-108.000,0.000,0.000,0
2026-01-31 12:46:25,4491494,6249.000,5712.000,1923.000,-897.000,-594.000,-725.000,0.000,0.000,0
2026-01-31 12:46:25,4491534,6641.000,5512.000,1801.000,-961.000,-367.000,-1314.000,0.000,0.000,0
2026-01-31 12:46:25,4491574,6812.000,6211.000,1565.000,-612.000,-303.000,-1419.000,0.000,0.000,0
2026-01-31 12:46:25,4491614,7155.000,4842.000,756.000,-1760.000,-257.000,-1076.000,0.000,0.000,0
2026-01-31 12:46:25,4491654,6717.000,4475.000,484.000,-1565.000,-348.000,-678.000,0.000,0.000,0
2026-01-31 12:46:25,4491694,6237.000,4569.000,811.000,-618.000,-81.000,-890.000,0.000,0.000,0
2026-01-31 12:46:25,4491734,5705.000,4587.000,835.000,54.000,231.000,-685.000,0.000,0.000,0
2026-01-31 12:46:25,4491774,5539.000,5057.000,505.000,664.000,324.000,-734.000,0.000,0.000,0
2026-01-31 12:46:25,4491814,5596.000,5434.000,-24.000,965.000,298.000,-472.000,0.000,0.000,0
2026-01-31 12:46:25,4491854,5454.000,5918.000,-193.000,1483.000,76.000,-207.000,0.000,0.000,0
2026-01-31 12:46:25,4491894,5048.000,5616.000,-353.000,1310.000,-315.000,-192.000,0.000,0.000,0
2026-01-31 12:46:25,4491934,5205.000,6269.000,-27.000,1325.000,-654.000,-224.000,0.000,0.000,0
2026-01-31 12:46:25,4491974,5902.000,7517.000,473.000,603.000,-479.000,124.000,0.000,0.000,0
2026-01-31 12:46:25,4492014,6051.000,6367.000,447.000,-1276.000,-147.000,87.000,0.000,0.000,0
2026-01-31 12:46:26,4492054,5356.000,5350.000,343.000,-1176.000,-218.000,-64.000,0.000,0.000,0
2026-01-31 12:46:26,4492094,4846.000,5131.000,205.000,-495.000,-57.000,354.000,0.000,0.000,0
2026-01-31 12:46:26,4492134,5035.000,5309.000,82.000,94.000,120.000,755.000,0.000,0.000,0
2026-01-31 12:46:26,4492174,5404.000,5664.000,53.000,478.000,374.000,981.000,0.000,0.000,0
2026-01-31 12:46:26,4492214,6494.000,6022.000,-234.000,583.000,626.000,1363.000,0.000,0.000,0
2026-01-31 12:46:26,4492254,7663.000,6572.000,-18.000,477.000,947.000,1851.000,0.000,0.000,0
2026-01-31 12:46:26,4492294,7775.000,5564.000,878.000,-690.000,1064.000,2131.000,0.000,0.000,0
2026-01-31 12:46:26,4492334,6520.000,3803.000,1427.000,-848.000,911.000,1609.000,0.000,0.000,0
2026-01-31 12:46:26,4492374,5765.000,3020.000,318.000,82.000,724.000,1089.000,0.000,0.000,0
2026-01-31 12:46:26,4492414,6136.000,4459.000,793.000,2528.000,1213.000,1481.000,0.000,0.000,0
2026-01-31 12:46:26,4492454,6858.000,5139.000,2210.000,2370.000,1177.000,1794.000,0.000,0.000,0
2026-01-31 12:46:26,4492494,7144.000,4349.000,2215.000,1609.000,755.000,1762.000,0.000,0.000,0
2026-01-31 12:46:26,4492534,7034.000,4156.000,1406.000,1467.000,687.000,1222.000,0.000,0.000,0
2026-01-31 12:46:26,4492574,6769.000,3753.000,1112.000,1051.000,1123.000,620.000,0.000,0.000,0
2026-01-31 12:46:26,4492614,6769.000,3569.000,1377.000,1339.000,1369.000,417.000,0.000,0.000,0
2026-01-31 12:46:26,4492654,7046.000,3718.000,1828.000,1743.000,1363.000,499.000,0.000,0.000,0
2026-01-31 12:46:26,4492694,7172.000,4047.000,1998.000,2187.000,1291.000,453.000,0.000,0.000,0
2026-01-31 12:46:26,4492734,6802.000,4444.000,1891.000,2178.000,1183.000,227.000,0.000,0.000,0
2026-01-31 12:46:26,4492774,6312.000,4251.000,1690.000,1438.000,1019.000,-35.000,0.000,0.000,0
2026-01-31 12:46:26,4492814,6247.000,4392.000,1737.000,1032.000,872.000,-258.000,0.000,0.000,0
2026-01-31 12:46:26,4492854,6464.000,4066.000,1852.000,276.000,744.000,-357.000,0.000,0.000,0
2026-01-31 12:46:26,4492894,6921.000,3936.000,1827.000,22.000,629.000,-289.000,0.000,0.000,0
2026-01-31 12:46:26,4492934,7211.000,3663.000,1712.000,-90.000,612.000,-268.000,0.000,0.000,0
2026-01-31 12:46:26,4492974,7440.000,3950.000,1514.000,617.000,727.000,-198.000,0.000,0.000,0
2026-01-31 12:46:26,4493014,7175.000,4635.000,1484.000,1275.000,882.000,-246.000,0.000,0.000,0
2026-01-31 12:46:27,4493054,6548.000,4676.000,1438.000,1116.000,926.000,-471.000,0.000,0.000,0
2026-01-31 12:46:27,4493094,6077.000,4796.000,1226.000,939.000,783.000,-565.000,0.000,0.000,0
2026-01-31 12:46:27,4493134,5956.000,4881.000,1186.000,378.000,555.000,-575.000,0.000,0.000,0
2026-01-31 12:46:27,4493174,6362.000,4397.000,1366.000,-256.000,304.000,-418.000,0.000,0.000,0
2026-01-31 12:46:27,4493214,6760.000,4721.000,1568.000,-60.000,215.000,-206.000,0.000,0.000,0
2026-01-31 12:46:27,4493254,6773.000,4752.000,1475.000,54.000,214.000,-140.000,0.000,0.000,0
2026-01-31 12:46:27,4493294,6421.000,4899.000,1414.000,102.000,191.000,-164.000,0.000,0.000,0
2026-01-31 12:46:27,4493334,5966.000,4714.000,1314.000,-122.000,195.000,-232.000,0.000,0.000,0
2026-01-31 12:46:27,4493376,6412.000,4828.000,1472.000,-215.000,167.000,-39.000,0.000,0.000,0
2026-01-31 12:46:27,4493416,6663.000,4978.000,1650.000,-169.000,128.000,53.000,0.000,0.000,0
2026-01-31 12:46:27,4493457,6549.000,4681.000,1748.000,-145.000,-61.000,189.000,0.000,0.000,0
2026-01-31 12:46:27,4493494,6404.000,4825.000,1555.000,-16.000,-129.000,215.000,0.000,0.000,0
2026-01-31 12:46:27,4493534,6263.000,4772.000,1438.000,-177.000,-84.000,168.000,0.000,0.000,0
2026-01-31 12:46:27,4493574,6306.000,4494.000,1673.000,-276.000,-6.000,149.000,0.000,0.000,0
2026-01-31 12:46:27,4493617,6536.000,4721.000,1644.000,52.000,61.000,213.000,0.000,0.000,0
2026-01-31 12:46:27,4493656,6503.000,4755.000,1608.000,91.000,90.000,199.000,0.000,0.000,0
2026-01-31 12:46:27,4493694,6380.000,4764.000,1578.000,119.000,108.000,140.000,0.000,0.000,0
2026-01-31 12:46:27,4493734,6312.000,4800.000,1572.000,85.000,138.000,105.000,0.000,0.000,0
2026-01-31 12:46:27,4493774,6346.000,4657.000,1623.000,47.000,151.000,81.000,0.000,0.000,0
2026-01-31 12:46:27,4493814,6400.000,4628.000,1624.000,156.000,182.000,64.000,0.000,0.000,0
2026-01-31 12:46:27,4493854,6420.000,4706.000,1581.000,291.000,238.000,26.000,0.000,0.000,0
2026-01-31 12:46:27,4493894,6361.000,4728.000,1570.000,320.000,286.000,-18.000,0.000,0.000,0
2026-01-31 12:46:27,4493934,6381.000,4785.000,1641.000,355.000,318.000,-43.000,0.000,0.000,0
2026-01-31 12:46:27,4493974,6407.000,4842.000,1708.000,348.000,318.000,-36.000,0.000,0.000,0
2026-01-31 12:46:27,4494014,6310.000,4753.000,1646.000,279.000,281.000,-44.000,0.000,0.000,0
2026-01-31 12:46:28,4494054,6262.000,4780.000,1599.000,249.000,257.000,-28.000,0.000,0.000,0
2026-01-31 12:46:28,4494094,6261.000,4800.000,1657.000,293.000,230.000,-21.000,0.000,0.000,0
2026-01-31 12:46:28,4494134,6332.000,4956.000,1750.000,336.000,185.000,-1.000,0.000,0.000,0
2026-01-31 12:46:28,4494174,6355.000,4998.000,1717.000,207.000,166.000,-6.000,0.000,0.000,0
2026-01-31 12:46:28,4494214,6258.000,4994.000,1686.000,138.000,121.000,-33.000,0.000,0.000,0
2026-01-31 12:46:28,4494254,6129.000,4925.000,1699.000,38.000,81.000,-63.000,0.000,0.000,0
2026-01-31 12:46:28,4494294,6161.000,4939.000,1734.000,35.000,19.000,-68.000,0.000,0.000,0
2026-01-31 12:46:28,4494334,6155.000,4916.000,1706.000,-61.000,-112.000,-96.000,0.000,0.000,0
2026-01-31 12:46:28,4494374,6242.000,4997.000,1682.000,-46.000,-180.000,-102.000,0.000,0.000,0
2026-01-31 12:46:28,4494414,6275.000,4951.000,1667.000,-171.000,-208.000,-109.000,0.000,0.000,0
2026-01-31 12:46:28,4494454,6277.000,4788.000,1639.000,-232.000,-252.000,-116.000,0.000,0.000,0
2026-01-31 12:46:28,4494494,6352.000,4756.000,1607.000,-197.000,-275.000,-118.000,0.000,0.000,0
2026-01-31 12:46:28,4494534,6378.000,4816.000,1635.000,-103.000,-254.000,-121.000,0.000,0.000,0
2026-01-31 12:46:28,4494574,6332.000,4813.000,1636.000,-115.000,-244.000,-158.000,0.000,0.000,0
2026-01-31 12:46:28,4494614,6206.000,4801.000,1616.000,-153.000,-255.000,-211.000,0.000,0.000,0
2026-01-31 12:46:28,4494654,6236.000,4867.000,1604.000,-154.000,-289.000,-212.000,0.000,0.000,0
2026-01-31 12:46:28,4494694,6369.000,4856.000,1649.000,-333.000,-328.000,-234.000,0.000,0.000,0
2026-01-31 12:46:28,4494734,6344.000,4799.000,1619.000,-349.000,-356.000,-249.000,0.000,0.000,0
2026-01-31 12:46:28,4494774,6375.000,4889.000,1647.000,-351.000,-344.000,-229.000,0.000,0.000,0
2026-01-31 12:46:28,4494814,6390.000,4766.000,1638.000,-476.000,-319.000,-220.000,0.000,0.000,0
2026-01-31 12:46:28,4494854,6374.000,4806.000,1578.000,-394.000,-296.000,-226.000,0.000,0.000,0
2026-01-31 12:46:28,4494894,6386.000,4833.000,1629.000,-406.000,-273.000,-179.000,0.000,0.000,0
2026-01-31 12:46:28,4494934,6359.000,4824.000,1570.000,-394.000,-260.000,-167.000,0.000,0.000,0
2026-01-31 12:46:28,4494974,6405.000,4870.000,1571.000,-380.000,-239.000,-132.000,0.000,0.000,0
2026-01-31 12:46:28,4495014,6346.000,4778.000,1547.000,-404.000,-190.000,-119.000,0.000,0.000,0
2026-01-31 12:46:29,4495054,6363.000,4812.000,1588.000,-322.000,-167.000,-92.000,0.000,0.000,0
2026-01-31 12:46:29,4495094,6380.000,4818.000,1581.000,-234.000,-95.000,-31.000,0.000,0.000,0
2026-01-31 12:46:29,4495134,6295.000,4802.000,1555.000,-164.000,-56.000,-34.000,0.000,0.000,0
2026-01-31 12:46:29,4495174,6304.000,4911.000,1573.000,-98.000,-31.000,-17.000,0.000,0.000,0
2026-01-31 12:46:29,4495214,6376.000,4934.000,1605.000,-101.000,-20.000,18.000,0.000,0.000,0
2026-01-31 12:46:29,4495254,6289.000,4801.000,1550.000,-83.000,2.000,-6.000,0.000,0.000,0
2026-01-31 12:46:29,4495294,6243.000,4877.000,1563.000,26.000,26.000,-12.000,0.000,0.000,0
2026-01-31 12:46:29,4495334,6297.000,4947.000,1601.000,39.000,39.000,23.000,0.000,0.000,0
2026-01-31 12:46:29,4495377,6272.000,4910.000,1561.000,76.000,42.000,-1.000,0.000,0.000,0
2026-01-31 12:46:29,4495414,6270.000,4948.000,1553.000,89.000,47.000,5.000,0.000,0.000,0
2026-01-31 12:46:29,4495454,6207.000,4838.000,1553.000,75.000,72.000,13.000,0.000,0.000,0
2026-01-31 12:46:29,4495494,6206.000,4909.000,1559.000,166.000,72.000,21.000,0.000,0.000,0
2026-01-31 12:46:29,4495534,6265.000,5027.000,1580.000,149.000,80.000,44.000,0.000,0.000,0
2026-01-31 12:46:29,4495574,6210.000,4879.000,1512.000,87.000,89.000,14.000,0.000,0.000,0
2026-01-31 12:46:29,4495616,6215.000,4980.000,1515.000,177.000,95.000,26.000,0.000,0.000,0
2026-01-31 12:46:29,4495654,6247.000,4958.000,1532.000,116.000,105.000,44.000,0.000,0.000,0
2026-01-31 12:46:29,4495694,6260.000,4944.000,1549.000,140.000,112.000,56.000,0.000,0.000,0
2026-01-31 12:46:29,4495734,6246.000,4991.000,1533.000,129.000,133.000,82.000,0.000,0.000,0
2026-01-31 12:46:29,4495774,6240.000,4976.000,1513.000,112.000,167.000,99.000,0.000,0.000,0
2026-01-31 12:46:29,4495814,6177.000,5057.000,1499.000,162.000,173.000,105.000,0.000,0.000,0
2026-01-31 12:46:29,4495854,6131.000,5064.000,1477.000,141.000,158.000,115.000,0.000,0.000,0
2026-01-31 12:46:29,4495894,6087.000,5065.000,1431.000,117.000,134.000,99.000,0.000,0.000,0
2026-01-31 12:46:29,4495934,6063.000,5075.000,1447.000,119.000,102.000,84.000,0.000,0.000,0
2026-01-31 12:46:29,4495974,6128.000,5181.000,1479.000,142.000,68.000,72.000,0.000,0.000,0
2026-01-31 12:46:29,4496014,6080.000,5171.000,1465.000,68.000,46.000,47.000,0.000,0.000,0
2026-01-31 12:46:30,4496054,6076.000,5166.000,1412.000,87.000,12.000,3.000,0.000,0.000,0
2026-01-31 12:46:30,4496094,6003.000,5210.000,1393.000,45.000,-4.000,-24.000,0.000,0.000,0
2026-01-31 12:46:30,4496134,6014.000,5168.000,1372.000,34.000,-40.000,-69.000,0.000,0.000,0
2026-01-31 12:46:30,4496174,6101.000,5332.000,1402.000,24.000,-91.000,-51.000,0.000,0.000,0
2026-01-31 12:46:30,4496214,6127.000,5155.000,1268.000,-62.000,-129.000,-73.000,0.000,0.000,0
2026-01-31 12:46:30,4496254,6099.000,5126.000,1264.000,-7.000,-113.000,-77.000,0.000,0.000,0
2026-01-31 12:46:30,4496294,6088.000,5169.000,1289.000,37.000,-118.000,-69.000,0.000,0.000,0
2026-01-31 12:46:30,4496334,6104.000,5103.000,1264.000,-28.000,-116.000,-74.000,0.000,0.000,0
2026-01-31 12:46:30,4496374,6226.000,5190.000,1276.000,14.000,-93.000,-68.000,0.000,0.000,0
2026-01-31 12:46:30,4496414,6197.000,5097.000,1315.000,-31.000,-47.000,-60.000,0.000,0.000,0
2026-01-31 12:46:30,4496454,6160.000,5037.000,1280.000,38.000,-44.000,-79.000,0.000,0.000,0
2026-01-31 12:46:30,4496494,6196.000,5071.000,1317.000,33.000,-46.000,-46.000,0.000,0.000,0
2026-01-31 12:46:30,4496534,6227.000,4967.000,1358.000,15.000,-35.000,-55.000,0.000,0.000,0
2026-01-31 12:46:30,4496574,6268.000,5003.000,1496.000,63.000,-12.000,-47.000,0.000,0.000,0
2026-01-31 12:46:30,4496614,6456.000,4963.000,1522.000,-170.000,-5.000,16.000,0.000,0.000,0
2026-01-31 12:46:30,4496654,6457.000,4739.000,1618.000,-220.000,5.000,32.000,0.000,0.000,0
2026-01-31 12:46:30,4496694,6419.000,4715.000,1636.000,-107.000,58.000,61.000,0.000,0.000,0
2026-01-31 12:46:30,4496734,6424.000,4683.000,1767.000,-154.000,75.000,111.000,0.000,0.000,0
2026-01-31 12:46:30,4496774,6467.000,4718.000,1850.000,-191.000,65.000,157.000,0.000,0.000,0
2026-01-31 12:46:30,4496814,6494.000,4667.000,1836.000,-277.000,15.000,142.000,0.000,0.000,0
2026-01-31 12:46:30,4496854,6426.000,4557.000,1875.000,-296.000,10.000,132.000,0.000,0.000,0
2026-01-31 12:46:30,4496894,6464.000,4592.000,1958.000,-301.000,-20.000,123.000,0.000,0.000,0
2026-01-31 12:46:30,4496934,6500.000,4602.000,2062.000,-379.000,-59.000,133.000,0.000,0.000,0
2026-01-31 12:46:30,4496974,6461.000,4416.000,1918.000,-398.000,-108.000,93.000,0.000,0.000,0
2026-01-31 12:46:30,4497014,6485.000,4423.000,1941.000,-345.000,-102.000,81.000,0.000,0.000,0
2026-01-31 12:46:31,4497054,6475.000,4492.000,1927.000,-231.000,-101.000,31.000,0.000,0.000,0
2026-01-31 12:46:31,4497094,6471.000,4491.000,1835.000,-204.000,-97.000,-1.000,0.000,0.000,0
2026-01-31 12:46:31,4497134,6423.000,4520.000,1793.000,-177.000,-78.000,-40.000,0.000,0.000,0
2026-01-31 12:46:31,4497174,6430.000,4563.000,1867.000,-116.000,-60.000,-85.000,0.000,0.000,0
2026-01-31 12:46:31,4497214,6480.000,4647.000,1852.000,-9.000,-16.000,-73.000,0.000,0.000,0
2026-01-31 12:46:31,4497254,6375.000,4680.000,1754.000,13.000,5.000,-128.000,0.000,0.000,0
2026-01-31 12:46:31,4497294,6340.000,4782.000,1728.000,47.000,5.000,-127.000,0.000,0.000,0
2026-01-31 12:46:31,4497334,6327.000,4785.000,1703.000,55.000,24.000,-127.000,0.000,0.000,0
2026-01-31 12:46:31,4497377,6276.000,4959.000,1623.000,155.000,57.000,-138.000,0.000,0.000,0
2026-01-31 12:46:31,4497417,6205.000,4983.000,1626.000,103.000,73.000,-155.000,0.000,0.000,0
2026-01-31 12:46:31,4497454,6165.000,4979.000,1640.000,95.000,81.000,-145.000,0.000,0.000,0
2026-01-31 12:46:31,4497494,6133.000,4966.000,1615.000,70.000,81.000,-114.000,0.000,0.000,0
2026-01-31 12:46:31,4497534,6076.000,4910.000,1547.000,45.000,104.000,-82.000,0.000,0.000,0
2026-01-31 12:46:31,4497574,5995.000,4969.000,1529.000,93.000,143.000,-40.000,0.000,0.000,0
2026-01-31 12:46:31,4497617,5873.000,5238.000,1208.000,518.000,91.000,22.000,0.000,0.000,0
2026-01-31 12:46:31,4497654,5854.000,5549.000,1204.000,795.000,-40.000,24.000,0.000,0.000,0
2026-01-31 12:46:31,4497694,5399.000,5915.000,1123.000,964.000,-311.000,-63.000,0.000,0.000,0
2026-01-31 12:46:31,4497734,5202.000,5979.000,459.000,562.000,-701.000,-158.000,0.000,0.000,0
2026-01-31 12:46:31,4497774,5230.000,5991.000,176.000,403.000,-936.000,-385.000,0.000,0.000,0
2026-01-31 12:46:31,4497814,5839.000,5923.000,498.000,-178.000,-1015.000,-477.000,0.000,0.000,0
2026-01-31 12:46:31,4497854,6192.000,5594.000,891.000,-493.000,-743.000,-488.000,0.000,0.000,0
2026-01-31 12:46:31,4497894,6228.000,5249.000,862.000,-21.000,-486.000,-637.000,0.000,0.000,0
2026-01-31 12:46:31,4497934,5933.000,5361.000,519.000,768.000,-198.000,-625.000,0.000,0.000,0
2026-01-31 12:46:31,4497974,5706.000,5756.000,439.000,1156.000,46.000,-515.000,0.000,0.000,0
2026-01-31 12:46:31,4498014,5710.000,5934.000,434.000,1043.000,215.000,-446.000,0.000,0.000,0
2026-01-31 12:46:32,4498054,5827.000,6044.000,320.000,839.000,423.000,-418.000,0.000,0.000,0
2026-01-31 12:46:32,4498094,5990.000,5736.000,298.000,484.000,572.000,-327.000,0.000,0.000,0
2026-01-31 12:46:32,4498134,5569.000,5384.000,428.000,824.000,701.000,-296.000,0.000,0.000,0
2026-01-31 12:46:32,4498174,5252.000,5718.000,403.000,1139.000,738.000,-154.000,0.000,0.000,0
2026-01-31 12:46:32,4498214,5145.000,5735.000,240.000,1177.000,837.000,-133.000,0.000,0.000,0
2026-01-31 12:46:32,4498254,5120.000,6333.000,283.000,1508.000,862.000,-10.000,0.000,0.000,0
2026-01-31 12:46:32,4498294,5198.000,6270.000,330.000,1134.000,742.000,91.000,0.000,0.000,0
2026-01-31 12:46:32,4498334,5424.000,6495.000,506.000,1269.000,575.000,155.000,0.000,0.000,0
2026-01-31 12:46:32,4498374,5364.000,6725.000,579.000,1212.000,331.000,289.000,0.000,0.000,0
2026-01-31 12:46:32,4498414,5195.000,5858.000,444.000,813.000,-61.000,374.000,0.000,0.000,0
2026-01-31 12:46:32,4498454,5196.000,5698.000,264.000,1122.000,-179.000,500.000,0.000,0.000,0
2026-01-31 12:46:32,4498494,5488.000,5869.000,478.000,1217.000,-98.000,702.000,0.000,0.000,0
2026-01-31 12:46:32,4498534,5823.000,6160.000,974.000,1208.000,365.000,875.000,0.000,0.000,0
2026-01-31 12:46:32,4498574,6044.000,6570.000,1279.000,1269.000,906.000,872.000,0.000,0.000,0
2026-01-31 12:46:32,4498614,6105.000,6476.000,1409.000,538.000,1535.000,647.000,0.000,0.000,0
2026-01-31 12:46:32,4498654,6622.000,5940.000,522.000,-126.000,2231.000,528.000,0.000,0.000,0
2026-01-31 12:46:32,4498694,7423.000,6235.000,60.000,318.000,2611.000,928.000,0.000,0.000,0
2026-01-31 12:46:32,4498734,7011.000,5574.000,311.000,248.000,2491.000,1033.000,0.000,0.000,0
2026-01-31 12:46:32,4498774,6407.000,5201.000,725.000,196.000,1917.000,831.000,0.000,0.000,0
2026-01-31 12:46:32,4498814,5965.000,4806.000,337.000,-136.000,2065.000,654.000,0.000,0.000,0
2026-01-31 12:46:32,4498854,5450.000,3989.000,-381.000,-30.000,2306.000,333.000,0.000,0.000,0
2026-01-31 12:46:32,4498894,5390.000,3937.000,54.000,1128.000,1821.000,395.000,0.000,0.000,0
2026-01-31 12:46:32,4498934,6167.000,4222.000,901.000,1221.000,1585.000,661.000,0.000,0.000,0
2026-01-31 12:46:32,4498974,7159.000,4595.000,1584.000,1162.000,1529.000,612.000,0.000,0.000,0
2026-01-31 12:46:32,4499014,7449.000,4519.000,1865.000,1306.000,1642.000,552.000,0.000,0.000,0
2026-01-31 12:46:33,4499054,7002.000,4387.000,1520.000,1941.000,1719.000,512.000,0.000,0.000,0
2026-01-31 12:46:33,4499094,6226.000,4330.000,1139.000,2132.000,1654.000,454.000,0.000,0.000,0
2026-01-31 12:46:33,4499134,5605.000,4129.000,1179.000,2008.000,1509.000,308.000,0.000,0.000,0
2026-01-31 12:46:33,4499174,5412.000,4122.000,1356.000,2041.000,1389.000,257.000,0.000,0.000,0
2026-01-31 12:46:33,4499214,5766.000,4394.000,1545.000,2229.000,1254.000,274.000,0.000,0.000,0
2026-01-31 12:46:33,4499254,6000.000,4615.000,1931.000,2213.000,1102.000,223.000,0.000,0.000,0
2026-01-31 12:46:33,4499294,5912.000,4645.000,2096.000,1829.000,749.000,-46.000,0.000,0.000,0
2026-01-31 12:46:33,4499334,5834.000,4748.000,2167.000,1546.000,623.000,-360.000,0.000,0.000,0
2026-01-31 12:46:33,4499374,6140.000,4735.000,1745.000,1399.000,584.000,-521.000,0.000,0.000,0
2026-01-31 12:46:33,4499414,6047.000,4709.000,1900.000,1554.000,516.000,-831.000,0.000,0.000,0
2026-01-31 12:46:33,4499454,6302.000,5426.000,2508.000,1777.000,1102.000,-1636.000,0.000,0.000,0
2026-01-31 12:46:33,4499494,6814.000,7201.000,2236.000,2463.000,1592.000,-2118.000,0.000,0.000,0
2026-01-31 12:46:33,4499534,7515.000,6890.000,1214.000,630.000,1324.000,-1597.000,0.000,0.000,0
2026-01-31 12:46:33,4499574,7669.000,5640.000,385.000,29.000,922.000,-969.000,0.000,0.000,0
2026-01-31 12:46:33,4499617,5755.000,4217.000,224.000,-236.000,838.000,-830.000,0.000,0.000,0
2026-01-31 12:46:33,4499654,5369.000,3977.000,-53.000,-16.000,941.000,-648.000,0.000,0.000,0
2026-01-31 12:46:33,4499694,5022.000,4139.000,-666.000,1369.000,1108.000,-155.000,0.000,0.000,0
2026-01-31 12:46:33,4499734,5280.000,4989.000,-1081.000,2758.000,1522.000,292.000,0.000,0.000,0
2026-01-31 12:46:33,4499774,5499.000,6495.000,-843.000,3829.000,1755.000,530.000,0.000,0.000,0
2026-01-31 12:46:33,4499814,5939.000,7531.000,-99.000,3323.000,1594.000,618.000,0.000,0.000,0
2026-01-31 12:46:33,4499854,5784.000,7453.000,624.000,1654.000,1442.000,575.000,0.000,0.000,0
2026-01-31 12:46:33,4499894,5204.000,5977.000,341.000,252.000,1350.000,-137.000,0.000,0.000,0
2026-01-31 12:46:33,4499934,4900.000,5056.000,44.000,566.000,1432.000,-469.000,0.000,0.000,0
2026-01-31 12:46:33,4499974,4666.000,4944.000,-87.000,1704.000,1557.000,-39.000,0.000,0.000,0
2026-01-31 12:46:33,4500014,5054.000,6143.000,550.000,2940.000,1556.000,555.000,0.000,0.000,0
2026-01-31 12:46:34,4500054,5653.000,6617.000,821.000,2440.000,1513.000,786.000,0.000,0.000,0
2026-01-31 12:46:34,4500094,5585.000,6327.000,893.000,1497.000,1459.000,581.000,0.000,0.000,0
2026-01-31 12:46:34,4500134,5568.000,6261.000,975.000,1146.000,1603.000,572.000,0.000,0.000,0
2026-01-31 12:46:34,4500174,5489.000,6036.000,706.000,1047.000,1796.000,674.000,0.000,0.000,0
2026-01-31 12:46:34,4500214,5302.000,6221.000,904.000,1463.000,1772.000,759.000,0.000,0.000,0
2026-01-31 12:46:34,4500254,5636.000,6828.000,1447.000,1225.000,1889.000,768.000,0.000,0.000,0
2026-01-31 12:46:34,4500294,5991.000,6772.000,1546.000,229.000,2369.000,585.000,0.000,0.000,0
2026-01-31 12:46:34,4500334,6479.000,6381.000,636.000,-125.000,2531.000,342.000,0.000,0.000,0
2026-01-31 12:46:34,4500374,6778.000,6239.000,556.000,104.000,2230.000,620.000,0.000,0.000,0
2026-01-31 12:46:34,4500414,5491.000,4608.000,619.000,175.000,1281.000,479.000,0.000,0.000,0
2026-01-31 12:46:34,4500454,4899.000,4511.000,161.000,758.000,786.000,508.000,0.000,0.000,0
2026-01-31 12:46:34,4500494,4978.000,4621.000,-184.000,725.000,722.000,366.000,0.000,0.000,0
2026-01-31 12:46:34,4500534,5544.000,4072.000,-456.000,406.000,731.000,323.000,0.000,0.000,0
2026-01-31 12:46:34,4500574,6609.000,4169.000,174.000,735.000,611.000,591.000,0.000,0.000,0
2026-01-31 12:46:34,4500614,7732.000,4330.000,1425.000,794.000,495.000,818.000,0.000,0.000,0
2026-01-31 12:46:34,4500654,7973.000,4076.000,2032.000,1286.000,643.000,667.000,0.000,0.000,0
2026-01-31 12:46:34,4500694,6834.000,4260.000,1242.000,2845.000,960.000,453.000,0.000,0.000,0
2026-01-31 12:46:34,4500734,6149.000,4530.000,782.000,3410.000,1148.000,582.000,0.000,0.000,0
2026-01-31 12:46:34,4500774,5664.000,4999.000,737.000,3247.000,1142.000,544.000,0.000,0.000,0
2026-01-31 12:46:34,4500814,5956.000,5190.000,1071.000,1618.000,565.000,626.000,0.000,0.000,0
2026-01-31 12:46:34,4500854,6296.000,4481.000,1270.000,651.000,348.000,496.000,0.000,0.000,0
2026-01-31 12:46:34,4500894,6350.000,4391.000,1144.000,1199.000,502.000,104.000,0.000,0.000,0
2026-01-31 12:46:34,4500934,4987.000,4419.000,2458.000,7477.000,900.000,1039.000,0.000,0.000,0
2026-01-31 12:46:34,4500974,6830.000,5331.000,472.000,2544.000,1046.000,-1317.000,0.000,0.000,0
2026-01-31 12:46:34,4501014,6022.000,7242.000,-2.000,2661.000,2087.000,-2037.000,0.000,0.000,0
2026-01-31 12:46:35,4501054,7356.000,4449.000,-2075.000,-5491.000,-493.000,-2663.000,0.000,0.000,0
2026-01-31 12:46:35,4501094,5722.000,5693.000,442.000,-1171.000,851.000,-2485.000,0.000,0.000,0
2026-01-31 12:46:35,4501134,4670.000,4509.000,527.000,-1438.000,755.000,-2036.000,0.000,0.000,0
2026-01-31 12:46:35,4501174,5959.000,7132.000,1045.000,2190.000,150.000,-559.000,0.000,0.000,0
2026-01-31 12:46:35,4501214,6012.000,7326.000,2142.000,574.000,-116.000,10.000,0.000,0.000,0
2026-01-31 12:46:35,4501254,5298.000,5565.000,1490.000,568.000,-203.000,111.000,0.000,0.000,0
2026-01-31 12:46:35,4501294,4433.000,6565.000,1119.000,2125.000,90.000,160.000,0.000,0.000,0
2026-01-31 12:46:35,4501334,4155.000,7053.000,1768.000,1381.000,376.000,437.000,0.000,0.000,0
2026-01-31 12:46:35,4501377,5121.000,7217.000,2131.000,-486.000,664.000,383.000,0.000,0.000,0
2026-01-31 12:46:35,4501417,6178.000,7034.000,968.000,-244.000,295.000,605.000,0.000,0.000,0
2026-01-31 12:46:35,4501454,6611.000,7376.000,778.000,-446.000,-136.000,821.000,0.000,0.000,0
2026-01-31 12:46:35,4501494,5879.000,6004.000,823.000,-2795.000,-449.000,986.000,0.000,0.000,0
2026-01-31 12:46:35,4501534,5200.000,4128.000,324.000,-4066.000,-135.000,-104.000,0.000,0.000,0
2026-01-31 12:46:35,4501574,5451.000,5444.000,-138.000,-352.000,157.000,-153.000,0.000,0.000,0
2026-01-31 12:46:35,4501614,6132.000,4819.000,431.000,-598.000,-279.000,296.000,0.000,0.000,0
2026-01-31 12:46:35,4501654,6087.000,5564.000,1134.000,271.000,-1105.000,466.000,0.000,0.000,0
2026-01-31 12:46:35,4501694,5679.000,6523.000,1718.000,-1108.000,-1635.000,-233.000,0.000,0.000,0
2026-01-31 12:46:35,4501734,5387.000,5034.000,1544.000,-3407.000,-1634.000,-702.000,0.000,0.000,0
2026-01-31 12:46:35,4501774,5236.000,4159.000,1648.000,-2945.000,-1552.000,-698.000,0.000,0.000,0
2026-01-31 12:46:35,4501814,5762.000,4634.000,1875.000,-1194.000,-1386.000,-447.000,0.000,0.000,0
2026-01-31 12:46:35,4501854,6325.000,4997.000,2027.000,-458.000,-1131.000,-406.000,0.000,0.000,0
2026-01-31 12:46:35,4501894,6266.000,5167.000,2412.000,-98.000,-868.000,-880.000,0.000,0.000,0
2026-01-31 12:46:35,4501934,6012.000,5053.000,2628.000,349.000,-201.000,-974.000,0.000,0.000,0
2026-01-31 12:46:35,4501974,6274.000,5555.000,2684.000,935.000,208.000,-870.000,0.000,0.000,0
2026-01-31 12:46:35,4502014,6933.000,5990.000,2308.000,-1.000,602.000,-1011.000,0.000,0.000,0
2026-01-31 12:46:36,4502054,7748.000,5956.000,1577.000,-1127.000,1118.000,-506.000,0.000,0.000,0
2026-01-31 12:46:36,4502094,7721.000,6027.000,1031.000,-1701.000,1772.000,-36.000,0.000,0.000,0
2026-01-31 12:46:36,4502134,7736.000,5102.000,104.000,-2520.000,2490.000,-150.000,0.000,0.000,0
2026-01-31 12:46:36,4502174,7119.000,4658.000,-1067.000,-1120.000,3064.000,463.000,0.000,0.000,0
2026-01-31 12:46:36,4502214,6331.000,4771.000,-990.000,161.000,3064.000,1171.000,0.000,0.000,0
2026-01-31 12:46:36,4502254,5863.000,4668.000,-1053.000,954.000,2946.000,1516.000,0.000,0.000,0
2026-01-31 12:46:36,4502294,5543.000,4992.000,-904.000,2704.000,2616.000,2083.000,0.000,0.000,0
2026-01-31 12:46:36,4502334,6137.000,6122.000,-592.000,4129.000,2358.000,2440.000,0.000,0.000,0
2026-01-31 12:46:36,4502374,6282.000,6636.000,424.000,2520.000,2207.000,2648.000,0.000,0.000,0
2026-01-31 12:46:36,4502414,6512.000,6119.000,737.000,101.000,1902.000,3262.000,0.000,0.000,0
2026-01-31 12:46:36,4502454,6320.000,5840.000,1137.000,648.000,1633.000,4012.000,0.000,0.000,0
2026-01-31 12:46:36,4502494,6816.000,7014.000,2023.000,1436.000,780.000,4472.000,0.000,0.000,0
2026-01-31 12:46:36,4502534,6484.000,6855.000,1692.000,1632.000,-692.000,4276.000,0.000,0.000,0
2026-01-31 12:46:36,4502574,7162.000,7608.000,1953.000,2103.000,-2305.000,3452.000,0.000,0.000,0
2026-01-31 12:46:36,4502614,6286.000,7081.000,1578.000,1967.000,-2973.000,1760.000,0.000,0.000,0
2026-01-31 12:46:36,4502654,6242.000,7041.000,670.000,4411.000,-3991.000,480.000,0.000,0.000,0
2026-01-31 12:46:36,4502694,4618.000,7561.000,-1558.000,6890.000,-4076.000,-2337.000,0.000,0.000,0
2026-01-31 12:46:36,4502734,4724.000,7310.000,-2362.000,6398.000,-3404.000,-3313.000,0.000,0.000,0
2026-01-31 12:46:36,4502774,2900.000,7573.000,-2585.000,5335.000,-2728.000,-5939.000,0.000,0.000,0
2026-01-31 12:46:36,4502814,3211.000,3812.000,-2423.000,3989.000,-3054.000,-6463.000,0.000,0.000,0
2026-01-31 12:46:36,4502854,4772.000,3551.000,-1444.000,3540.000,-2436.000,-6030.000,0.000,0.000,0
2026-01-31 12:46:36,4502894,6624.000,2695.000,-2254.000,523.000,-1425.000,-2695.000,0.000,0.000,0
2026-01-31 12:46:36,4502934,6007.000,7412.000,-2808.000,4728.000,-1382.000,-2869.000,0.000,0.000,0
2026-01-31 12:46:36,4502974,2929.000,6835.000,-4124.000,754.000,-867.000,-3663.000,0.000,0.000,0
2026-01-31 12:46:36,4503014,-999.000,1909.000,-5689.000,33.000,-1956.000,-3599.000,0.000,0.000,0
2026-01-31 12:46:37,4503054,2594.000,1199.000,5154.000,10028.000,-146.000,-5925.000,0.000,0.000,0
2026-01-31 12:46:37,4503094,585.000,4985.000,-1830.000,2312.000,9081.000,-10088.000,0.000,0.000,0
2026-01-31 12:46:37,4503134,5008.000,8320.000,-411.000,3616.000,15382.000,-11963.000,0.000,0.000,0
2026-01-31 12:46:37,4503174,3089.000,8825.000,-3161.000,1356.000,16901.000,-13836.000,0.000,0.000,0
2026-01-31 12:46:37,4503214,4436.000,8280.000,-630.000,1146.000,14474.000,-10660.000,0.000,0.000,0
2026-01-31 12:46:37,4503254,3038.000,10930.000,743.000,1560.000,13131.000,-9256.000,0.000,0.000,0
2026-01-31 12:46:37,4503297,-8498.000,9663.000,1069.000,-5747.000,16445.000,-9999.000,0.000,0.000,0
2026-01-31 12:46:37,4503336,1262.000,9410.000,1562.000,-11939.000,15256.000,-10513.000,0.000,0.000,0
2026-01-31 12:46:37,4503374,1382.000,5495.000,78.000,-12145.000,14413.000,-6576.000,0.000,0.000,0
2026-01-31 12:46:37,4503414,4135.000,7857.000,1311.000,-9249.000,12219.000,-2840.000,0.000,0.000,0
2026-01-31 12:46:37,4503454,3568.000,8188.000,8412.000,-15469.000,12814.000,-2301.000,0.000,0.000,0
2026-01-31 12:46:37,4503494,1134.000,3180.000,7183.000,-31391.000,9896.000,6876.000,0.000,0.000,0
2026-01-31 12:46:37,4503534,145.000,3883.000,7889.000,-25781.000,7401.000,13071.000,0.000,0.000,0
2026-01-31 12:46:37,4503574,-2138.000,2401.000,4035.000,-8593.000,6898.000,15595.000,0.000,0.000,0
2026-01-31 12:46:37,4503617,-6913.000,9489.000,549.000,-16580.000,6140.000,10926.000,0.000,0.000,0
2026-01-31 12:46:37,4503654,-5690.000,6051.000,983.000,-17491.000,-1252.000,12144.000,0.000,0.000,0
2026-01-31 12:46:37,4503694,-5084.000,1198.000,-11427.000,5684.000,-13296.000,8644.000,0.000,0.000,0
2026-01-31 12:46:37,4503734,1239.000,17245.000,8035.000,29873.000,-11213.000,14570.000,0.000,0.000,0
2026-01-31 12:46:37,4503774,10094.000,8074.000,5193.000,1098.000,-12141.000,14701.000,0.000,0.000,0
2026-01-31 12:46:37,4503814,12662.000,6454.000,5151.000,2101.000,-5042.000,1376.000,0.000,0.000,0
2026-01-31 12:46:37,4503854,3598.000,5205.000,3188.000,-4512.000,-2024.000,-5411.000,0.000,0.000,0
2026-01-31 12:46:37,4503894,3513.000,3997.000,5259.000,-5179.000,-3363.000,-3486.000,0.000,0.000,0
2026-01-31 12:46:37,4503934,6168.000,7531.000,7519.000,-3782.000,-3449.000,-4573.000,0.000,0.000,0
2026-01-31 12:46:37,4503974,3437.000,6488.000,5558.000,-3723.000,-3572.000,-6775.000,0.000,0.000,0
2026-01-31 12:46:37,4504014,4785.000,8067.000,4521.000,-6650.000,-5921.000,-8502.000,0.000,0.000,0
2026-01-31 12:46:38,4504054,6163.000,5688.000,4299.000,-11368.000,-5202.000,-9051.000,0.000,0.000,0
2026-01-31 12:46:38,4504094,4964.000,3295.000,3305.000,-7545.000,-2353.000,-9795.000,0.000,0.000,0
2026-01-31 12:46:38,4504134,3937.000,4563.000,2785.000,-2965.000,-1496.000,-9035.000,0.000,0.000,0
2026-01-31 12:46:38,4504174,3423.000,5127.000,2838.000,-2291.000,-1232.000,-9041.000,0.000,0.000,0
2026-01-31 12:46:38,4504214,2983.000,5679.000,3610.000,-1360.000,-1289.000,-8239.000,0.000,0.000,0
2026-01-31 12:46:38,4504254,2695.000,5660.000,4081.000,786.000,-1817.000,-8257.000,0.000,0.000,0
2026-01-31 12:46:38,4504294,1810.000,4794.000,4576.000,1791.000,-1830.000,-7818.000,0.000,0.000,0
2026-01-31 12:46:38,4504334,1703.000,6473.000,5391.000,4256.000,-1637.000,-7185.000,0.000,0.000,0
2026-01-31 12:46:38,4504374,1022.000,6364.000,4816.000,4470.000,-1530.000,-7167.000,0.000,0.000,0
2026-01-31 12:46:38,4504414,835.000,6878.000,4924.000,5233.000,-1855.000,-6343.000,0.000,0.000,0
2026-01-31 12:46:38,4504454,855.000,7846.000,5485.000,3791.000,-1894.000,-6481.000,0.000,0.000,0
2026-01-31 12:46:38,4504494,-451.000,6103.000,3650.000,3459.000,-1034.000,-5399.000,0.000,0.000,0
2026-01-31 12:46:38,4504534,-1666.000,7829.000,3052.000,6339.000,-2246.000,-5121.000,0.000,0.000,0
2026-01-31 12:46:38,4504574,-2917.000,7960.000,2274.000,5726.000,-4049.000,-5918.000,0.000,0.000,0
2026-01-31 12:46:38,4504614,-4493.000,8904.000,1504.000,7083.000,-6630.000,-7188.000,0.000,0.000,0
2026-01-31 12:46:38,4504654,-2521.000,8677.000,2299.000,6228.000,-7723.000,-7675.000,0.000,0.000,0
2026-01-31 12:46:38,4504694,-2257.000,8191.000,2039.000,4769.000,-7565.000,-7442.000,0.000,0.000,0
2026-01-31 12:46:38,4504734,-746.000,8779.000,2000.000,4297.000,-7320.000,-6278.000,0.000,0.000,0
2026-01-31 12:46:38,4504774,-1507.000,7648.000,1874.000,2183.000,-5690.000,-5147.000,0.000,0.000,0
2026-01-31 12:46:38,4504814,-1637.000,9517.000,2353.000,4820.000,-3389.000,-2862.000,0.000,0.000,0
2026-01-31 12:46:38,4504854,-5884.000,9170.000,1926.000,-739.000,-2192.000,-2228.000,0.000,0.000,0
2026-01-31 12:46:38,4504894,-4294.000,8104.000,1094.000,-1065.000,-1972.000,-2893.000,0.000,0.000,0
2026-01-31 12:46:38,4504934,-3162.000,8738.000,159.000,-796.000,-1556.000,-2925.000,0.000,0.000,0
2026-01-31 12:46:38,4504974,-3662.000,6943.000,370.000,-2095.000,-1919.000,-1925.000,0.000,0.000,0
2026-01-31 12:46:38,4505014,-5343.000,8394.000,1306.000,-616.000,-3352.000,-736.000,0.000,0.000,0
2026-01-31 12:46:39,4505054,-5234.000,6993.000,2348.000,-1917.000,-4552.000,-346.000,0.000,0.000,0
2026-01-31 12:46:39,4505094,-5456.000,9172.000,3335.000,-1282.000,-2192.000,-586.000,0.000,0.000,0
2026-01-31 12:46:39,4505134,-7679.000,7879.000,5104.000,1609.000,-234.000,-1213.000,0.000,0.000,0
2026-01-31 12:46:39,4505174,-3360.000,7110.000,6608.000,1037.000,-1203.000,-515.000,0.000,0.000,0
2026-01-31 12:46:39,4505214,-3137.000,5003.000,3857.000,-2094.000,-4219.000,564.000,0.000,0.000,0
2026-01-31 12:46:39,4505254,-3630.000,4804.000,1293.000,-2175.000,-6182.000,1153.000,0.000,0.000,0
2026-01-31 12:46:39,4505294,-5633.000,5052.000,3125.000,757.000,-5542.000,690.000,0.000,0.000,0
2026-01-31 12:46:39,4505334,-3583.000,4585.000,4333.000,656.000,-3700.000,-379.000,0.000,0.000,0
2026-01-31 12:46:39,4505374,-1231.000,6125.000,5869.000,562.000,-3544.000,-100.000,0.000,0.000,0
2026-01-31 12:46:39,4505414,-2654.000,5230.000,4434.000,-982.000,-3362.000,-338.000,0.000,0.000,0
2026-01-31 12:46:39,4505454,-3641.000,4785.000,4359.000,229.000,-3347.000,-876.000,0.000,0.000,0
2026-01-31 12:46:39,4505494,-2830.000,6183.000,4746.000,557.000,-3441.000,-863.000,0.000,0.000,0
2026-01-31 12:46:39,4505534,-2432.000,5937.000,4238.000,116.000,-3086.000,-999.000,0.000,0.000,0
2026-01-31 12:46:39,4505574,-2487.000,6499.000,4565.000,808.000,-3284.000,-671.000,0.000,0.000,0
2026-01-31 12:46:39,4505617,-2229.000,6461.000,4863.000,414.000,-3141.000,-554.000,0.000,0.000,0
2026-01-31 12:46:39,4505654,-2471.000,6248.000,4960.000,352.000,-3268.000,-585.000,0.000,0.000,0
2026-01-31 12:46:39,4505694,-2447.000,6233.000,5015.000,212.000,-3469.000,-785.000,0.000,0.000,0
2026-01-31 12:46:39,4505734,-2423.000,6094.000,4443.000,-517.000,-3240.000,-730.000,0.000,0.000,0
2026-01-31 12:46:39,4505774,-1134.000,6181.000,4260.000,-54.000,-3045.000,-718.000,0.000,0.000,0
2026-01-31 12:46:39,4505814,-781.000,6367.000,4417.000,792.000,-2774.000,-867.000,0.000,0.000,0
2026-01-31 12:46:39,4505854,-413.000,6958.000,5495.000,949.000,-2220.000,-898.000,0.000,0.000,0
2026-01-31 12:46:39,4505894,-510.000,6291.000,5419.000,-339.000,-1092.000,-566.000,0.000,0.000,0
2026-01-31 12:46:39,4505934,-754.000,6564.000,5068.000,-245.000,-509.000,-113.000,0.000,0.000,0
2026-01-31 12:46:39,4505974,-364.000,6231.000,5227.000,-554.000,-248.000,-243.000,0.000,0.000,0
2026-01-31 12:46:39,4506014,-789.000,6381.000,5249.000,-168.000,141.000,-435.000,0.000,0.000,0
2026-01-31 12:46:40,4506054,-427.000,6420.000,5909.000,-149.000,862.000,-329.000,0.000,0.000,0
2026-01-31 12:46:40,4506094,109.000,6385.000,6046.000,-721.000,2140.000,-122.000,0.000,0.000,0
2026-01-31 12:46:40,4506134,-279.000,6015.000,5031.000,-883.000,3176.000,534.000,0.000,0.000,0
2026-01-31 12:46:40,4506174,93.000,5872.000,4728.000,-990.000,3914.000,1014.000,0.000,0.000,0
2026-01-31 12:46:40,4506214,-692.000,6366.000,4694.000,-1155.000,4899.000,1672.000,0.000,0.000,0
2026-01-31 12:46:40,4506254,-749.000,6469.000,4396.000,-938.000,5547.000,2668.000,0.000,0.000,0
2026-01-31 12:46:40,4506294,-1475.000,7746.000,3807.000,-1113.000,6411.000,2982.000,0.000,0.000,0
2026-01-31 12:46:40,4506334,-2955.000,6638.000,3697.000,-1824.000,6641.000,3518.000,0.000,0.000,0
2026-01-31 12:46:40,4506374,-3636.000,7182.000,3846.000,-1260.000,6685.000,3671.000,0.000,0.000,0
2026-01-31 12:46:40,4506414,-4522.000,6614.000,3711.000,-1794.000,6626.000,3633.000,0.000,0.000,0
2026-01-31 12:46:40,4506454,-4278.000,6603.000,3992.000,-1336.000,6199.000,3444.000,0.000,0.000,0
2026-01-31 12:46:40,4506494,-4029.000,6938.000,4019.000,-1660.000,5916.000,3041.000,0.000,0.000,0
2026-01-31 12:46:40,4506534,-4567.000,6641.000,4031.000,-1597.000,5162.000,2332.000,0.000,0.000,0
2026-01-31 12:46:40,4506574,-4601.000,7071.000,3996.000,-1901.000,4634.000,1787.000,0.000,0.000,0
2026-01-31 12:46:40,4506614,-4573.000,6801.000,3829.000,-2367.000,4347.000,1220.000,0.000,0.000,0
2026-01-31 12:46:40,4506654,-4225.000,6371.000,3592.000,-2695.000,3933.000,832.000,0.000,0.000,0
2026-01-31 12:46:40,4506694,-4236.000,5850.000,3372.000,-2164.000,3413.000,992.000,0.000,0.000,0
2026-01-31 12:46:40,4506734,-4299.000,6725.000,3965.000,-1380.000,2916.000,1057.000,0.000,0.000,0
2026-01-31 12:46:40,4506774,-4477.000,6083.000,4190.000,-2552.000,2993.000,908.000,0.000,0.000,0
2026-01-31 12:46:40,4506814,-4586.000,6105.000,3827.000,-2805.000,2413.000,927.000,0.000,0.000,0
2026-01-31 12:46:40,4506854,-4992.000,5542.000,3550.000,-2717.000,2395.000,545.000,0.000,0.000,0
2026-01-31 12:46:40,4506894,-4678.000,5161.000,3777.000,-1399.000,1642.000,221.000,0.000,0.000,0
2026-01-31 12:46:40,4506934,-4625.000,6387.000,4012.000,-386.000,2140.000,-462.000,0.000,0.000,0
2026-01-31 12:46:40,4506974,-5550.000,5125.000,3105.000,-1419.000,1840.000,-1466.000,0.000,0.000,0
2026-01-31 12:46:40,4507014,-5426.000,4592.000,3337.000,-269.000,903.000,-2501.000,0.000,0.000,0
2026-01-31 12:46:41,4507054,-5304.000,2720.000,3796.000,-53.000,37.000,-1212.000,0.000,0.000,0
2026-01-31 12:46:41,4507094,-4346.000,4193.000,5885.000,1797.000,-1212.000,-865.000,0.000,0.000,0
2026-01-31 12:46:41,4507134,1565.000,2676.000,7931.000,3036.000,2439.000,1812.000,0.000,0.000,0
2026-01-31 12:46:41,4507174,-3435.000,10150.000,2313.000,3008.000,5235.000,3940.000,0.000,0.000,0
2026-01-31 12:46:41,4507214,-5074.000,5176.000,-237.000,-2876.000,1666.000,2374.000,0.000,0.000,0
2026-01-31 12:46:41,4507254,-3762.000,3735.000,4509.000,1738.000,277.000,2140.000,0.000,0.000,0
2026-01-31 12:46:41,4507294,-4061.000,2895.000,1995.000,111.000,3592.000,1721.000,0.000,0.000,0
2026-01-31 12:46:41,4507334,-3540.000,10839.000,4059.000,3051.000,3798.000,1951.000,0.000,0.000,0
2026-01-31 12:46:41,4507378,-4926.000,7425.000,2132.000,553.000,2676.000,198.000,0.000,0.000,0
2026-01-31 12:46:41,4507414,-3578.000,8302.000,813.000,1220.000,1863.000,-142.000,0.000,0.000,0
2026-01-31 12:46:41,4507454,-9573.000,11710.000,4654.000,900.000,-539.000,-1732.000,0.000,0.000,0
2026-01-31 12:46:41,4507494,-4655.000,3737.000,2613.000,-2855.000,846.000,-71.000,0.000,0.000,0
2026-01-31 12:46:41,4507534,-3733.000,6074.000,1329.000,-1260.000,1714.000,-366.000,0.000,0.000,0
2026-01-31 12:46:41,4507574,-5763.000,7034.000,2891.000,-363.000,738.000,-906.000,0.000,0.000,0
2026-01-31 12:46:41,4507617,-4782.000,5770.000,3380.000,-529.000,1160.000,-935.000,0.000,0.000,0
2026-01-31 12:46:41,4507656,-3097.000,6307.000,2175.000,-540.000,1945.000,-253.000,0.000,0.000,0
2026-01-31 12:46:41,4507694,-3989.000,7321.000,1575.000,-631.000,1603.000,-85.000,0.000,0.000,0
2026-01-31 12:46:41,4507734,-7802.000,3935.000,1114.000,-1975.000,-13.000,59.000,0.000,0.000,0
2026-01-31 12:46:41,4507774,-6503.000,4739.000,2160.000,-92.000,-353.000,36.000,0.000,0.000,0
2026-01-31 12:46:41,4507814,-6011.000,4259.000,2306.000,-1181.000,9.000,216.000,0.000,0.000,0
2026-01-31 12:46:41,4507854,-4323.000,5492.000,879.000,279.000,762.000,1022.000,0.000,0.000,0
2026-01-31 12:46:41,4507894,-5402.000,5445.000,3469.000,-1750.000,-143.000,873.000,0.000,0.000,0
2026-01-31 12:46:41,4507934,-3331.000,5573.000,4715.000,-3597.000,1974.000,1211.000,0.000,0.000,0
2026-01-31 12:46:41,4507974,-4021.000,8101.000,5239.000,-2375.000,2959.000,625.000,0.000,0.000,0
2026-01-31 12:46:41,4508014,-4020.000,7207.000,3636.000,-8173.000,3508.000,1241.000,0.000,0.000,0
2026-01-31 12:46:42,4508054,-4098.000,4289.000,1922.000,-2292.000,2442.000,1712.000,0.000,0.000,0
2026-01-31 12:46:42,4508094,-4563.000,7252.000,2300.000,1246.000,1815.000,1300.000,0.000,0.000,0
2026-01-31 12:46:42,4508134,-5257.000,4596.000,2398.000,-4785.000,1539.000,2384.000,0.000,0.000,0
2026-01-31 12:46:42,4508174,-5999.000,3993.000,2708.000,-1397.000,1909.000,2371.000,0.000,0.000,0
2026-01-31 12:46:42,4508214,-5585.000,5453.000,3465.000,1523.000,1602.000,2392.000,0.000,0.000,0
2026-01-31 12:46:42,4508254,-5550.000,6532.000,3026.000,1524.000,829.000,2205.000,0.000,0.000,0
2026-01-31 12:46:42,4508294,-5334.000,6542.000,2931.000,971.000,336.000,1627.000,0.000,0.000,0
2026-01-31 12:46:42,4508334,-4465.000,6587.000,2961.000,946.000,-5.000,566.000,0.000,0.000,0
2026-01-31 12:46:42,4508374,-4600.000,6147.000,3108.000,1289.000,-3.000,738.000,0.000,0.000,0
2026-01-31 12:46:42,4508414,-4877.000,6431.000,3058.000,1393.000,26.000,1051.000,0.000,0.000,0
2026-01-31 12:46:42,4508454,-4762.000,5809.000,3267.000,-827.000,308.000,1908.000,0.000,0.000,0
2026-01-31 12:46:42,4508494,-4285.000,6637.000,3405.000,-908.000,657.000,1990.000,0.000,0.000,0
2026-01-31 12:46:42,4508534,-4163.000,6520.000,2897.000,-672.000,962.000,1800.000,0.000,0.000,0
2026-01-31 12:46:42,4508574,-3829.000,6891.000,3050.000,-111.000,274.000,1461.000,0.000,0.000,0
2026-01-31 12:46:42,4508614,-4112.000,6496.000,2831.000,-256.000,728.000,1623.000,0.000,0.000,0
2026-01-31 12:46:42,4508654,-3914.000,6687.000,2897.000,181.000,820.000,2035.000,0.000,0.000,0
2026-01-31 12:46:42,4508694,-3461.000,6693.000,2751.000,-197.000,377.000,2471.000,0.000,0.000,0
2026-01-31 12:46:42,4508734,-3259.000,6946.000,2862.000,-322.000,497.000,2993.000,0.000,0.000,0
2026-01-31 12:46:42,4508774,-3360.000,7325.000,2544.000,186.000,735.000,3146.000,0.000,0.000,0
2026-01-31 12:46:42,4508814,-2640.000,8338.000,2454.000,254.000,519.000,2644.000,0.000,0.000,0
2026-01-31 12:46:42,4508854,-2923.000,7659.000,2209.000,376.000,212.000,1865.000,0.000,0.000,0
2026-01-31 12:46:42,4508894,-2694.000,8076.000,2647.000,1440.000,-416.000,444.000,0.000,0.000,0
2026-01-31 12:46:42,4508934,-2495.000,8127.000,2809.000,-141.000,134.000,109.000,0.000,0.000,0
2026-01-31 12:46:42,4508974,-2507.000,7070.000,2651.000,-685.000,61.000,-126.000,0.000,0.000,0
2026-01-31 12:46:42,4509014,-2235.000,7202.000,2730.000,-30.000,-158.000,-351.000,0.000,0.000,0
2026-01-31 12:46:43,4509054,-2562.000,7380.000,2506.000,392.000,47.000,-124.000,0.000,0.000,0
2026-01-31 12:46:43,4509094,-2644.000,7638.000,2441.000,592.000,80.000,-55.000,0.000,0.000,0
2026-01-31 12:46:43,4509134,-2606.000,6952.000,2342.000,-222.000,-453.000,83.000,0.000,0.000,0
2026-01-31 12:46:43,4509174,-2283.000,7438.000,2038.000,258.000,-420.000,293.000,0.000,0.000,0
2026-01-31 12:46:43,4509214,-2503.000,7318.000,1948.000,509.000,-407.000,278.000,0.000,0.000,0
2026-01-31 12:46:43,4509254,-2420.000,7507.000,2181.000,1184.000,-780.000,188.000,0.000,0.000,0
2026-01-31 12:46:43,4509294,-2182.000,8208.000,2104.000,1344.000,-784.000,60.000,0.000,0.000,0
2026-01-31 12:46:43,4509334,-2365.000,7829.000,2103.000,356.000,-765.000,-31.000,0.000,0.000,0
2026-01-31 12:46:43,4509374,-2320.000,7557.000,2316.000,250.000,-917.000,-53.000,0.000,0.000,0
2026-01-31 12:46:43,4509414,-2158.000,7697.000,2308.000,184.000,-743.000,39.000,0.000,0.000,0
2026-01-31 12:46:43,4509454,-2327.000,7492.000,2230.000,189.000,-402.000,13.000,0.000,0.000,0
2026-01-31 12:46:43,4509494,-2313.000,7182.000,2416.000,443.000,-366.000,-64.000,0.000,0.000,0
2026-01-31 12:46:43,4509534,-2119.000,7452.000,2652.000,525.000,-429.000,65.000,0.000,0.000,0
2026-01-31 12:46:43,4509574,-2066.000,7253.000,2858.000,-593.000,-479.000,760.000,0.000,0.000,0
2026-01-31 12:46:43,4509614,-1783.000,7241.000,3027.000,-1602.000,-8.000,1305.000,0.000,0.000,0
2026-01-31 12:46:43,4509654,-2111.000,6398.000,2514.000,-1311.000,309.000,1838.000,0.000,0.000,0
2026-01-31 12:46:43,4509694,-1894.000,7389.000,2502.000,654.000,222.000,1834.000,0.000,0.000,0
2026-01-31 12:46:43,4509734,-2520.000,7910.000,2195.000,757.000,652.000,1527.000,0.000,0.000,0
2026-01-31 12:46:43,4509774,-2833.000,7939.000,2088.000,994.000,589.000,1121.000,0.000,0.000,0
2026-01-31 12:46:43,4509814,-2209.000,8663.000,2746.000,86.000,123.000,759.000,0.000,0.000,0
2026-01-31 12:46:43,4509854,-1774.000,7792.000,2473.000,-1043.000,-138.000,570.000,0.000,0.000,0
2026-01-31 12:46:43,4509894,-1675.000,7410.000,2181.000,164.000,-542.000,197.000,0.000,0.000,0
2026-01-31 12:46:43,4509934,-1766.000,7565.000,2164.000,703.000,-669.000,-78.000,0.000,0.000,0
2026-01-31 12:46:43,4509974,-1655.000,7257.000,2316.000,-799.000,-637.000,357.000,0.000,0.000,0
2026-01-31 12:46:43,4510014,-1821.000,7324.000,2591.000,-761.000,-843.000,958.000,0.000,0.000,0
2026-01-31 12:46:44,4510054,-2457.000,8318.000,2913.000,-183.000,-1566.000,1139.000,0.000,0.000,0
2026-01-31 12:46:44,4510094,-2699.000,7493.000,2630.000,-2616.000,-1806.000,1143.000,0.000,0.000,0
2026-01-31 12:46:44,4510134,-3344.000,6562.000,2224.000,-3522.000,-2586.000,1939.000,0.000,0.000,0
2026-01-31 12:46:44,4510174,-1528.000,6830.000,2821.000,-4455.000,-3341.000,3628.000,0.000,0.000,0
2026-01-31 12:46:44,4510214,1.000,6273.000,3121.000,-5007.000,-3428.000,5063.000,0.000,0.000,0
2026-01-31 12:46:44,4510254,2402.000,6385.000,2943.000,-3262.000,-4080.000,5784.000,0.000,0.000,0
2026-01-31 12:46:44,4510294,5619.000,7714.000,3430.000,-3065.000,-4225.000,4795.000,0.000,0.000,0
2026-01-31 12:46:44,4510334,4651.000,3414.000,3931.000,-5456.000,-3562.000,3524.000,0.000,0.000,0
2026-01-31 12:46:44,4510374,5323.000,7664.000,5470.000,-2284.000,-2955.000,2083.000,0.000,0.000,0
2026-01-31 12:46:44,4510414,2549.000,6568.000,6795.000,-6344.000,-1867.000,1258.000,0.000,0.000,0
2026-01-31 12:46:44,4510454,3829.000,6096.000,7364.000,-3407.000,30.000,1541.000,0.000,0.000,0
2026-01-31 12:46:44,4510494,2715.000,4725.000,6409.000,-1193.000,1869.000,1285.000,0.000,0.000,0
2026-01-31 12:46:44,4510534,986.000,3575.000,6748.000,124.000,871.000,2502.000,0.000,0.000,0
2026-01-31 12:46:44,4510574,3335.000,3154.000,5830.000,5457.000,625.000,3249.000,0.000,0.000,0
2026-01-31 12:46:44,4510614,2941.000,7130.000,2985.000,11642.000,-689.000,2643.000,0.000,0.000,0
2026-01-31 12:46:44,4510654,3486.000,9557.000,1910.000,1209.000,-2296.000,4469.000,0.000,0.000,0
2026-01-31 12:46:44,4510694,4032.000,5881.000,3056.000,-8695.000,-2634.000,4596.000,0.000,0.000,0
2026-01-31 12:46:44,4510734,4567.000,2242.000,5756.000,-4696.000,-1903.000,1386.000,0.000,0.000,0
2026-01-31 12:46:44,4510774,5727.000,3680.000,6995.000,2912.000,-1067.000,582.000,0.000,0.000,0
2026-01-31 12:46:44,4510814,4822.000,4516.000,5394.000,5977.000,251.000,-801.000,0.000,0.000,0
2026-01-31 12:46:44,4510854,4268.000,6315.000,3598.000,6319.000,227.000,-1642.000,0.000,0.000,0
2026-01-31 12:46:44,4510894,4244.000,6477.000,3596.000,1529.000,55.000,-631.000,0.000,0.000,0
2026-01-31 12:46:44,4510934,4372.000,5264.000,4219.000,-1203.000,292.000,349.000,0.000,0.000,0
2026-01-31 12:46:44,4510974,4273.000,5169.000,4175.000,-235.000,421.000,-135.000,0.000,0.000,0
2026-01-31 12:46:44,4511014,4151.000,5894.000,4579.000,157.000,209.000,-694.000,0.000,0.000,0
2026-01-31 12:46:45,4511054,4192.000,5528.000,4379.000,-503.000,69.000,-309.000,0.000,0.000,0
2026-01-31 12:46:45,4511094,4103.000,5862.000,4139.000,311.000,201.000,-868.000,0.000,0.000,0
2026-01-31 12:46:45,4511134,3914.000,6017.000,4043.000,164.000,252.000,-1029.000,0.000,0.000,0
2026-01-31 12:46:45,4511174,3987.000,5633.000,4275.000,-219.000,245.000,-606.000,0.000,0.000,0
2026-01-31 12:46:45,4511214,4077.000,5624.000,4434.000,182.000,241.000,-573.000,0.000,0.000,0
2026-01-31 12:46:45,4511254,3971.000,5727.000,4497.000,52.000,110.000,-707.000,0.000,0.000,0
2026-01-31 12:46:45,4511294,3829.000,5661.000,4531.000,-42.000,24.000,-532.000,0.000,0.000,0
2026-01-31 12:46:45,4511334,3805.000,5707.000,4551.000,94.000,12.000,-426.000,0.000,0.000,0
2026-01-31 12:46:45,4511374,3732.000,5760.000,4420.000,69.000,31.000,-281.000,0.000,0.000,0
2026-01-31 12:46:45,4511414,3953.000,5670.000,4359.000,314.000,134.000,-37.000,0.000,0.000,0
2026-01-31 12:46:45,4511454,3806.000,5818.000,4282.000,369.000,249.000,-51.000,0.000,0.000,0
2026-01-31 12:46:45,4511494,3789.000,5767.000,4470.000,-323.000,235.000,368.000,0.000,0.000,0
2026-01-31 12:46:45,4511534,3656.000,5800.000,4420.000,-301.000,247.000,263.000,0.000,0.000,0
2026-01-31 12:46:45,4511574,3644.000,5912.000,4340.000,-320.000,118.000,278.000,0.000,0.000,0
2026-01-31 12:46:45,4511614,3759.000,5688.000,4338.000,-66.000,29.000,-132.000,0.000,0.000,0
2026-01-31 12:46:45,4511654,3411.000,6088.000,4346.000,832.000,-61.000,-147.000,0.000,0.000,0
2026-01-31 12:46:45,4511694,3682.000,6157.000,4171.000,698.000,-194.000,2.000,0.000,0.000,0
2026-01-31 12:46:45,4511734,3992.000,5722.000,4224.000,311.000,-112.000,-621.000,0.000,0.000,0
2026-01-31 12:46:45,4511774,3764.000,6081.000,4203.000,808.000,86.000,-990.000,0.000,0.000,0
2026-01-31 12:46:45,4511814,3938.000,6088.000,4255.000,512.000,3.000,-688.000,0.000,0.000,0
2026-01-31 12:46:45,4511854,3724.000,5984.000,4198.000,173.000,-71.000,-745.000,0.000,0.000,0
2026-01-31 12:46:45,4511894,4110.000,5904.000,4265.000,-317.000,-208.000,-586.000,0.000,0.000,0
2026-01-31 12:46:45,4511934,3609.000,5858.000,4336.000,-286.000,-76.000,-634.000,0.000,0.000,0
2026-01-31 12:46:45,4511974,3638.000,5873.000,4377.000,14.000,-13.000,113.000,0.000,0.000,0
2026-01-31 12:46:45,4512014,3635.000,6055.000,4075.000,1072.000,230.000,-219.000,0.000,0.000,0
2026-01-31 12:46:46,4512054,3348.000,6238.000,3644.000,1658.000,477.000,-746.000,0.000,0.000,0
2026-01-31 12:46:46,4512094,3332.000,6948.000,3453.000,1466.000,544.000,-875.000,0.000,0.000,0
2026-01-31 12:46:46,4512134,3163.000,6532.000,3683.000,1569.000,672.000,-997.000,0.000,0.000,0
2026-01-31 12:46:46,4512174,2957.000,6888.000,3669.000,1215.000,218.000,-1066.000,0.000,0.000,0
2026-01-31 12:46:46,4512214,3013.000,6539.000,3749.000,835.000,-269.000,-798.000,0.000,0.000,0
2026-01-31 12:46:46,4512254,3201.000,6823.000,3708.000,757.000,-299.000,-850.000,0.000,0.000,0
2026-01-31 12:46:46,4512294,3075.000,6812.000,3656.000,-61.000,-146.000,-599.000,0.000,0.000,0
2026-01-31 12:46:46,4512334,3092.000,6639.000,3984.000,-627.000,-188.000,-187.000,0.000,0.000,0
2026-01-31 12:46:46,4512374,3460.000,6314.000,4019.000,-468.000,-297.000,239.000,0.000,0.000,0
2026-01-31 12:46:46,4512414,3332.000,6670.000,3781.000,-390.000,1.000,14.000,0.000,0.000,0
2026-01-31 12:46:46,4512454,3105.000,6478.000,3657.000,-864.000,-244.000,110.000,0.000,0.000,0
2026-01-31 12:46:46,4512494,3211.000,6640.000,3707.000,-586.000,-418.000,21.000,0.000,0.000,0
2026-01-31 12:46:46,4512534,3052.000,6533.000,3649.000,-762.000,-343.000,159.000,0.000,0.000,0
2026-01-31 12:46:46,4512574,3050.000,6368.000,3686.000,-525.000,-422.000,147.000,0.000,0.000,0
2026-01-31 12:46:46,4512614,3114.000,6624.000,3683.000,47.000,-430.000,-56.000,0.000,0.000,0
2026-01-31 12:46:46,4512654,3011.000,6574.000,3616.000,-327.000,-208.000,186.000,0.000,0.000,0
2026-01-31 12:46:46,4512694,3212.000,6630.000,3718.000,226.000,-212.000,85.000,0.000,0.000,0
2026-01-31 12:46:46,4512734,3254.000,6608.000,3801.000,223.000,-220.000,6.000,0.000,0.000,0
2026-01-31 12:46:46,4512774,3236.000,6562.000,3849.000,178.000,-43.000,-119.000,0.000,0.000,0
2026-01-31 12:46:46,4512814,3119.000,6659.000,3735.000,193.000,-21.000,-292.000,0.000,0.000,0
2026-01-31 12:46:46,4512854,3102.000,6619.000,3759.000,-141.000,30.000,-160.000,0.000,0.000,0
2026-01-31 12:46:46,4512894,3214.000,6400.000,3874.000,-203.000,54.000,-9.000,0.000,0.000,0
2026-01-31 12:46:46,4512934,3142.000,6321.000,3970.000,124.000,210.000,-38.000,0.000,0.000,0
2026-01-31 12:46:46,4512974,3176.000,6451.000,3855.000,773.000,342.000,-23.000,0.000,0.000,0
2026-01-31 12:46:46,4513014,3089.000,6624.000,3701.000,1119.000,268.000,41.000,0.000,0.000,0
2026-01-31 12:46:47,4513054,2967.000,6606.000,3649.000,1437.000,377.000,218.000,0.000,0.000,0
2026-01-31 12:46:47,4513094,3110.000,6677.000,3446.000,1720.000,611.000,302.000,0.000,0.000,0
2026-01-31 12:46:47,4513134,3134.000,6805.000,3222.000,1827.000,568.000,459.000,0.000,0.000,0
2026-01-31 12:46:47,4513174,3263.000,6978.000,3229.000,1485.000,643.000,383.000,0.000,0.000,0
2026-01-31 12:46:47,4513214,3060.000,6874.000,2920.000,1042.000,362.000,514.000,0.000,0.000,0
2026-01-31 12:46:47,4513254,3320.000,6923.000,3000.000,709.000,215.000,1169.000,0.000,0.000,0
2026-01-31 12:46:47,4513294,3237.000,6841.000,3039.000,745.000,283.000,1264.000,0.000,0.000,0
2026-01-31 12:46:47,4513334,3241.000,6904.000,3042.000,1043.000,368.000,1214.000,0.000,0.000,0
2026-01-31 12:46:47,4513377,3437.000,7034.000,2540.000,1750.000,590.000,411.000,0.000,0.000,0
2026-01-31 12:46:47,4513417,3429.000,6863.000,2578.000,2055.000,658.000,-195.000,0.000,0.000,0
2026-01-31 12:46:47,4513454,3434.000,7167.000,2264.000,2222.000,820.000,-591.000,0.000,0.000,0
2026-01-31 12:46:47,4513494,3741.000,6853.000,2475.000,998.000,1097.000,-832.000,0.000,0.000,0
2026-01-31 12:46:47,4513534,3498.000,7350.000,1836.000,2934.000,994.000,-2122.000,0.000,0.000,0
2026-01-31 12:46:47,4513574,3424.000,7562.000,1391.000,1751.000,1008.000,-3277.000,0.000,0.000,0
2026-01-31 12:46:47,4513617,2565.000,7481.000,2610.000,1138.000,1105.000,-3646.000,0.000,0.000,0
2026-01-31 12:46:47,4513654,2294.000,7694.000,2430.000,1567.000,1188.000,-3620.000,0.000,0.000,0
2026-01-31 12:46:47,4513694,1994.000,7637.000,2281.000,2569.000,1015.000,-3928.000,0.000,0.000,0
2026-01-31 12:46:47,4513734,1488.000,7777.000,1635.000,3955.000,890.000,-3676.000,0.000,0.000,0
2026-01-31 12:46:47,4513774,1299.000,8291.000,963.000,2550.000,284.000,-3628.000,0.000,0.000,0
2026-01-31 12:46:47,4513814,1037.000,8222.000,968.000,2174.000,562.000,-2835.000,0.000,0.000,0
2026-01-31 12:46:47,4513854,77.000,8347.000,377.000,1449.000,584.000,-2328.000,0.000,0.000,0
2026-01-31 12:46:47,4513894,312.000,7876.000,809.000,916.000,209.000,-1796.000,0.000,0.000,0
2026-01-31 12:46:47,4513934,255.000,7921.000,909.000,1169.000,425.000,-1478.000,0.000,0.000,0
2026-01-31 12:46:47,4513974,-438.000,8312.000,370.000,1116.000,422.000,-1306.000,0.000,0.000,0
2026-01-31 12:46:47,4514014,95.000,7890.000,1037.000,214.000,436.000,-1040.000,0.000,0.000,0
2026-01-31 12:46:48,4514054,-517.000,8050.000,408.000,540.000,892.000,-1259.000,0.000,0.000,0
2026-01-31 12:46:48,4514094,-878.000,7945.000,-343.000,303.000,902.000,-554.000,0.000,0.000,0
2026-01-31 12:46:48,4514134,-458.000,7874.000,-418.000,631.000,1275.000,-470.000,0.000,0.000,0
2026-01-31 12:46:48,4514174,-548.000,8755.000,-1307.000,2491.000,1256.000,-254.000,0.000,0.000,0
2026-01-31 12:46:48,4514214,-721.000,8324.000,-982.000,208.000,924.000,-220.000,0.000,0.000,0
2026-01-31 12:46:48,4514254,-373.000,7497.000,-224.000,-41.000,537.000,-255.000,0.000,0.000,0
2026-01-31 12:46:48,4514294,408.000,8287.000,1261.000,-1340.000,769.000,597.000,0.000,0.000,0
2026-01-31 12:46:48,4514334,473.000,7923.000,1880.000,-1694.000,1430.000,1152.000,0.000,0.000,0
2026-01-31 12:46:48,4514374,44.000,7110.000,-532.000,963.000,1688.000,242.000,0.000,0.000,0
2026-01-31 12:46:48,4514414,-808.000,7871.000,-1155.000,595.000,1455.000,-509.000,0.000,0.000,0
2026-01-31 12:46:48,4514454,-2516.000,9232.000,-2249.000,1109.000,112.000,-394.000,0.000,0.000,0
2026-01-31 12:46:48,4514494,-935.000,7663.000,-1334.000,-1454.000,-1396.000,340.000,0.000,0.000,0
2026-01-31 12:46:48,4514534,-504.000,8606.000,949.000,-3761.000,-2405.000,1368.000,0.000,0.000,0
2026-01-31 12:46:48,4514574,953.000,8686.000,1374.000,-6821.000,-2087.000,3703.000,0.000,0.000,0
2026-01-31 12:46:48,4514614,1291.000,7824.000,2111.000,-7116.000,-2158.000,2623.000,0.000,0.000,0
2026-01-31 12:46:48,4514654,645.000,8123.000,2582.000,-5633.000,-1854.000,2132.000,0.000,0.000,0
2026-01-31 12:46:48,4514694,674.000,7496.000,3313.000,-3444.000,-1716.000,1292.000,0.000,0.000,0
2026-01-31 12:46:48,4514734,648.000,7978.000,2560.000,-672.000,-976.000,932.000,0.000,0.000,0
2026-01-31 12:46:48,4514774,692.000,7270.000,2843.000,-951.000,-732.000,427.000,0.000,0.000,0
2026-01-31 12:46:48,4514814,40.000,7805.000,2748.000,477.000,-903.000,-368.000,0.000,0.000,0
2026-01-31 12:46:48,4514854,982.000,7510.000,2442.000,-432.000,-1070.000,429.000,0.000,0.000,0
2026-01-31 12:46:48,4514894,2377.000,7315.000,2684.000,690.000,-644.000,745.000,0.000,0.000,0
2026-01-31 12:46:48,4514934,1224.000,8150.000,2515.000,-2050.000,-495.000,955.000,0.000,0.000,0
2026-01-31 12:46:48,4514974,2469.000,7011.000,3220.000,-1485.000,-449.000,1178.000,0.000,0.000,0
2026-01-31 12:46:48,4515014,1411.000,7495.000,2581.000,1275.000,320.000,330.000,0.000,0.000,0
2026-01-31 12:46:49,4515054,1504.000,8263.000,2085.000,930.000,296.000,1354.000,0.000,0.000,0
2026-01-31 12:46:49,4515094,2352.000,7360.000,2323.000,229.000,164.000,1384.000,0.000,0.000,0
2026-01-31 12:46:49,4515134,2034.000,7524.000,2992.000,939.000,274.000,162.000,0.000,0.000,0
2026-01-31 12:46:49,4515174,1747.000,7564.000,3259.000,-1654.000,-185.000,-376.000,0.000,0.000,0
2026-01-31 12:46:49,4515214,1541.000,7028.000,3320.000,-1427.000,-810.000,320.000,0.000,0.000,0
2026-01-31 12:46:49,4515254,1096.000,7397.000,3396.000,-220.000,-550.000,-36.000,0.000,0.000,0
2026-01-31 12:46:49,4515294,1634.000,7607.000,2522.000,646.000,2.000,557.000,0.000,0.000,0
2026-01-31 12:46:49,4515334,1897.000,7584.000,2643.000,418.000,179.000,472.000,0.000,0.000,0
2026-01-31 12:46:49,4515374,1588.000,7814.000,2770.000,-555.000,234.000,195.000,0.000,0.000,0
2026-01-31 12:46:49,4515414,1585.000,7276.000,2749.000,-335.000,9.000,331.000,0.000,0.000,0
2026-01-31 12:46:49,4515454,1611.000,7584.000,2680.000,-66.000,-331.000,532.000,0.000,0.000,0
2026-01-31 12:46:49,4515494,1891.000,7262.000,3066.000,-238.000,80.000,571.000,0.000,0.000,0
2026-01-31 12:46:49,4515534,1686.000,7542.000,3078.000,918.000,77.000,1100.000,0.000,0.000,0
2026-01-31 12:46:49,4515574,1908.000,7436.000,3174.000,103.000,709.000,-88.000,0.000,0.000,0
2026-01-31 12:46:49,4515617,2146.000,7381.000,2597.000,935.000,724.000,276.000,0.000,0.000,0
2026-01-31 12:46:49,4515654,2238.000,7568.000,2506.000,1082.000,596.000,410.000,0.000,0.000,0
2026-01-31 12:46:49,4515694,2251.000,7233.000,2573.000,-648.000,47.000,283.000,0.000,0.000,0
2026-01-31 12:46:49,4515734,2340.000,7184.000,2596.000,-433.000,212.000,36.000,0.000,0.000,0
2026-01-31 12:46:49,4515774,1945.000,7234.000,2464.000,465.000,469.000,-12.000,0.000,0.000,0
2026-01-31 12:46:49,4515814,1968.000,7603.000,2443.000,1306.000,365.000,8.000,0.000,0.000,0
2026-01-31 12:46:49,4515854,1937.000,7634.000,2222.000,1614.000,203.000,-225.000,0.000,0.000,0
2026-01-31 12:46:49,4515894,2008.000,7839.000,2147.000,1384.000,19.000,-506.000,0.000,0.000,0
2026-01-31 12:46:49,4515934,2055.000,7722.000,2296.000,756.000,19.000,-577.000,0.000,0.000,0
2026-01-31 12:46:49,4515974,1868.000,7690.000,2346.000,-860.000,148.000,-249.000,0.000,0.000,0
2026-01-31 12:46:49,4516014,2015.000,7485.000,2745.000,-2267.000,133.000,-46.000,0.000,0.000,0
2026-01-31 12:46:50,4516054,1758.000,7208.000,3152.000,-1949.000,282.000,-321.000,0.000,0.000,0
2026-01-31 12:46:50,4516094,1764.000,7302.000,2998.000,529.000,436.000,-498.000,0.000,0.000,0
2026-01-31 12:46:50,4516134,1772.000,7474.000,2713.000,1657.000,394.000,-691.000,0.000,0.000,0
2026-01-31 12:46:50,4516174,1598.000,7774.000,2300.000,1697.000,230.000,-676.000,0.000,0.000,0
2026-01-31 12:46:50,4516214,1435.000,8041.000,2200.000,608.000,-16.000,-481.000,0.000,0.000,0
2026-01-31 12:46:50,4516254,1423.000,7889.000,2361.000,-855.000,-207.000,-89.000,0.000,0.000,0
2026-01-31 12:46:50,4516294,1599.000,7487.000,2578.000,-1292.000,-258.000,22.000,0.000,0.000,0
2026-01-31 12:46:50,4516334,1620.000,7438.000,2840.000,-479.000,-124.000,-156.000,0.000,0.000,0
2026-01-31 12:46:50,4516374,1656.000,7558.000,2719.000,400.000,-2.000,-131.000,0.000,0.000,0
2026-01-31 12:46:50,4516414,1654.000,7769.000,2533.000,310.000,31.000,-9.000,0.000,0.000,0
2026-01-31 12:46:50,4516454,1547.000,7494.000,2789.000,-199.000,105.000,1.000,0.000,0.000,0
2026-01-31 12:46:50,4516494,1677.000,7573.000,2699.000,122.000,120.000,81.000,0.000,0.000,0
2026-01-31 12:46:50,4516534,1636.000,7581.000,2520.000,557.000,139.000,-87.000,0.000,0.000,0
2026-01-31 12:46:50,4516574,1412.000,7779.000,2428.000,408.000,72.000,-89.000,0.000,0.000,0
2026-01-31 12:46:50,4516614,1403.000,7750.000,2484.000,-265.000,-27.000,6.000,0.000,0.000,0
2026-01-31 12:46:50,4516654,1466.000,7518.000,2589.000,-385.000,-41.000,61.000,0.000,0.000,0
2026-01-31 12:46:50,4516694,1602.000,7704.000,2614.000,-140.000,-1.000,89.000,0.000,0.000,0
2026-01-31 12:46:50,4516734,1517.000,7585.000,2553.000,-226.000,-16.000,149.000,0.000,0.000,0
2026-01-31 12:46:50,4516774,1639.000,7606.000,2631.000,-156.000,-67.000,213.000,0.000,0.000,0
2026-01-31 12:46:50,4516814,1645.000,7566.000,2762.000,-303.000,-96.000,79.000,0.000,0.000,0
2026-01-31 12:46:50,4516854,1667.000,7510.000,2716.000,186.000,74.000,16.000,0.000,0.000,0
2026-01-31 12:46:50,4516894,1599.000,7637.000,2585.000,474.000,126.000,-26.000,0.000,0.000,0
2026-01-31 12:46:50,4516934,1575.000,7692.000,2530.000,336.000,130.000,35.000,0.000,0.000,0
2026-01-31 12:46:50,4516974,1562.000,7644.000,2500.000,43.000,82.000,-16.000,0.000,0.000,0
2026-01-31 12:46:50,4517014,1596.000,7601.000,2557.000,-11.000,67.000,43.000,0.000,0.000,0
2026-01-31 12:46:51,4517054,1650.000,7658.000,2582.000,89.000,49.000,4.000,0.000,0.000,0
2026-01-31 12:46:51,4517094,1563.000,7551.000,2590.000,-81.000,45.000,-55.000,0.000,0.000,0
2026-01-31 12:46:51,4517134,1580.000,7638.000,2618.000,59.000,72.000,21.000,0.000,0.000,0
2026-01-31 12:46:51,4517174,1637.000,7549.000,2563.000,112.000,71.000,27.000,0.000,0.000,0
2026-01-31 12:46:51,4517214,1557.000,7665.000,2522.000,289.000,186.000,-38.000,0.000,0.000,0
2026-01-31 12:46:51,4517254,1539.000,7689.000,2414.000,132.000,148.000,73.000,0.000,0.000,0
2026-01-31 12:46:51,4517294,1623.000,7713.000,2382.000,-12.000,59.000,95.000,0.000,0.000,0
2026-01-31 12:46:51,4517334,1636.000,7695.000,2517.000,-525.000,-47.000,30.000,0.000,0.000,0
2026-01-31 12:46:51,4517374,1647.000,7423.000,2751.000,-522.000,-72.000,-38.000,0.000,0.000,0
2026-01-31 12:46:51,4517414,1579.000,7554.000,2729.000,250.000,20.000,-92.000,0.000,0.000,0
2026-01-31 12:46:51,4517454,1566.000,7670.000,2495.000,392.000,33.000,88.000,0.000,0.000,0
2026-01-31 12:46:51,4517494,1652.000,7660.000,2336.000,-62.000,-43.000,121.000,0.000,0.000,0
2026-01-31 12:46:51,4517534,1544.000,7655.000,2512.000,-376.000,-76.000,55.000,0.000,0.000,0
2026-01-31 12:46:51,4517574,1652.000,7517.000,2738.000,-438.000,-148.000,38.000,0.000,0.000,0
2026-01-31 12:46:51,4517617,1674.000,7537.000,2698.000,5.000,-17.000,-53.000,0.000,0.000,0
2026-01-31 12:46:51,4517654,1685.000,7464.000,2721.000,82.000,5.000,-44.000,0.000,0.000,0
2026-01-31 12:46:51,4517694,1537.000,7624.000,2633.000,239.000,20.000,-11.000,0.000,0.000,0
2026-01-31 12:46:51,4517734,1612.000,7730.000,2464.000,401.000,60.000,130.000,0.000,0.000,0
2026-01-31 12:46:51,4517774,1539.000,7591.000,2547.000,212.000,99.000,181.000,0.000,0.000,0
2026-01-31 12:46:51,4517814,1673.000,7550.000,2651.000,482.000,134.000,223.000,0.000,0.000,0
2026-01-31 12:46:51,4517854,1665.000,7677.000,2583.000,598.000,117.000,209.000,0.000,0.000,0
2026-01-31 12:46:51,4517894,1786.000,7724.000,2486.000,341.000,121.000,344.000,0.000,0.000,0
2026-01-31 12:46:51,4517934,1703.000,7658.000,2234.000,179.000,163.000,216.000,0.000,0.000,0
2026-01-31 12:46:51,4517974,1796.000,7626.000,2478.000,-33.000,293.000,175.000,0.000,0.000,0
2026-01-31 12:46:51,4518014,1741.000,7626.000,2340.000,27.000,380.000,25.000,0.000,0.000,0
2026-01-31 12:46:52,4518054,1826.000,7477.000,2392.000,512.000,402.000,235.000,0.000,0.000,0
2026-01-31 12:46:52,4518094,1568.000,8069.000,2258.000,1162.000,636.000,-342.000,0.000,0.000,0
2026-01-31 12:46:52,4518134,1555.000,7789.000,2018.000,1233.000,728.000,-324.000,0.000,0.000,0
2026-01-31 12:46:52,4518174,1918.000,8611.000,1981.000,655.000,1085.000,-1156.000,0.000,0.000,0
2026-01-31 12:46:52,4518214,1521.000,8859.000,2865.000,-434.000,1467.000,-1702.000,0.000,0.000,0
2026-01-31 12:46:52,4518254,1889.000,9322.000,2909.000,-5851.000,1865.000,-1065.000,0.000,0.000,0
2026-01-31 12:46:52,4518294,1228.000,7159.000,4115.000,-10178.000,2269.000,-1079.000,0.000,0.000,0
2026-01-31 12:46:52,4518334,244.000,4442.000,5429.000,-7871.000,2932.000,-752.000,0.000,0.000,0
2026-01-31 12:46:52,4518374,-165.000,6707.000,4744.000,2050.000,3598.000,-1396.000,0.000,0.000,0
2026-01-31 12:46:52,4518414,-556.000,7817.000,3715.000,2263.000,3322.000,-1713.000,0.000,0.000,0
2026-01-31 12:46:52,4518454,-1038.000,6895.000,3041.000,1346.000,1942.000,-1679.000,0.000,0.000,0
2026-01-31 12:46:52,4518494,-1300.000,6261.000,2794.000,1627.000,1326.000,-1617.000,0.000,0.000,0
2026-01-31 12:46:52,4518534,-873.000,5920.000,2320.000,2553.000,558.000,-744.000,0.000,0.000,0
2026-01-31 12:46:52,4518574,-591.000,5523.000,2024.000,5810.000,-453.000,-429.000,0.000,0.000,0
2026-01-31 12:46:52,4518614,-298.000,6939.000,1688.000,9483.000,-1457.000,173.000,0.000,0.000,0
2026-01-31 12:46:52,4518654,829.000,11617.000,2088.000,6828.000,-1659.000,689.000,0.000,0.000,0
2026-01-31 12:46:52,4518694,-196.000,8810.000,1572.000,-2815.000,-2147.000,1876.000,0.000,0.000,0
2026-01-31 12:46:52,4518734,411.000,7705.000,3208.000,580.000,-3019.000,1953.000,0.000,0.000,0
2026-01-31 12:46:52,4518774,399.000,7930.000,2499.000,230.000,-1984.000,1770.000,0.000,0.000,0
2026-01-31 12:46:52,4518814,1217.000,9403.000,2288.000,504.000,-913.000,1174.000,0.000,0.000,0
2026-01-31 12:46:52,4518854,903.000,8861.000,2018.000,-1006.000,377.000,-422.000,0.000,0.000,0
2026-01-31 12:46:52,4518894,-19.000,8401.000,2507.000,-1660.000,754.000,-1165.000,0.000,0.000,0
2026-01-31 12:46:52,4518934,671.000,9426.000,2477.000,-3193.000,310.000,-1136.000,0.000,0.000,0
2026-01-31 12:46:52,4518974,1433.000,8816.000,2511.000,-8479.000,593.000,-1479.000,0.000,0.000,0
2026-01-31 12:46:52,4519014,1505.000,6932.000,2953.000,-12687.000,1300.000,206.000,0.000,0.000,0
2026-01-31 12:46:53,4519054,2248.000,4379.000,3522.000,-13909.000,1191.000,1485.000,0.000,0.000,0
2026-01-31 12:46:53,4519094,880.000,4116.000,6291.000,-8142.000,99.000,499.000,0.000,0.000,0
2026-01-31 12:46:53,4519134,521.000,5842.000,6689.000,-2650.000,-442.000,221.000,0.000,0.000,0
2026-01-31 12:46:53,4519174,-251.000,7148.000,4968.000,-49.000,-288.000,-612.000,0.000,0.000,0
2026-01-31 12:46:53,4519214,-202.000,5653.000,5539.000,-1381.000,-833.000,-585.000,0.000,0.000,0
2026-01-31 12:46:53,4519254,250.000,5344.000,6778.000,638.000,-878.000,-793.000,0.000,0.000,0
2026-01-31 12:46:53,4519294,428.000,5486.000,6286.000,503.000,-887.000,-1372.000,0.000,0.000,0
2026-01-31 12:46:53,4519334,200.000,4889.000,6431.000,25.000,-964.000,-1399.000,0.000,0.000,0
2026-01-31 12:46:53,4519374,-164.000,4988.000,6461.000,-247.000,-1008.000,-1112.000,0.000,0.000,0
2026-01-31 12:46:53,4519414,87.000,4783.000,6556.000,-64.000,-1270.000,-728.000,0.000,0.000,0
2026-01-31 12:46:53,4519454,329.000,5090.000,6929.000,-227.000,-878.000,16.000,0.000,0.000,0
2026-01-31 12:46:53,4519494,14.000,5008.000,6570.000,-451.000,-140.000,52.000,0.000,0.000,0
2026-01-31 12:46:53,4519534,72.000,5461.000,6399.000,-52.000,168.000,62.000,0.000,0.000,0
2026-01-31 12:46:53,4519574,246.000,5778.000,6332.000,210.000,501.000,-249.000,0.000,0.000,0
2026-01-31 12:46:53,4519617,295.000,5588.000,6444.000,361.000,810.000,-819.000,0.000,0.000,0
2026-01-31 12:46:53,4519654,2.000,5240.000,5705.000,250.000,675.000,-977.000,0.000,0.000,0
2026-01-31 12:46:53,4519694,350.000,5678.000,6073.000,-219.000,-217.000,-761.000,0.000,0.000,0
2026-01-31 12:46:53,4519734,505.000,5904.000,6633.000,-142.000,-201.000,-986.000,0.000,0.000,0
2026-01-31 12:46:53,4519774,237.000,5588.000,6328.000,-134.000,49.000,-1414.000,0.000,0.000,0
2026-01-31 12:46:53,4519814,-140.000,5243.000,6335.000,-123.000,28.000,-1169.000,0.000,0.000,0
2026-01-31 12:46:53,4519854,-63.000,5346.000,6320.000,-257.000,-26.000,-731.000,0.000,0.000,0
2026-01-31 12:46:53,4519894,13.000,5063.000,6449.000,-266.000,-125.000,-435.000,0.000,0.000,0
2026-01-31 12:46:53,4519934,-283.000,5272.000,6407.000,2.000,-156.000,-76.000,0.000,0.000,0
2026-01-31 12:46:53,4519974,-166.000,5372.000,6373.000,-77.000,-134.000,164.000,0.000,0.000,0
2026-01-31 12:46:53,4520014,-134.000,5388.000,6345.000,-152.000,-15.000,165.000,0.000,0.000,0
2026-01-31 12:46:54,4520054,-95.000,5288.000,6372.000,78.000,-13.000,60.000,0.000,0.000,0
2026-01-31 12:46:54,4520094,-117.000,5502.000,6318.000,77.000,-21.000,14.000,0.000,0.000,0
2026-01-31 12:46:54,4520134,-158.000,5329.000,6343.000,-81.000,-74.000,-17.000,0.000,0.000,0
2026-01-31 12:46:54,4520174,-109.000,5232.000,6444.000,-5.000,-82.000,44.000,0.000,0.000,0
2026-01-31 12:46:54,4520214,4.000,5173.000,6413.000,126.000,-81.000,172.000,0.000,0.000,0
2026-01-31 12:46:54,4520254,-118.000,5295.000,6417.000,146.000,56.000,298.000,0.000,0.000,0
2026-01-31 12:46:54,4520294,-110.000,5089.000,6284.000,183.000,148.000,434.000,0.000,0.000,0
2026-01-31 12:46:54,4520334,6.000,5197.000,6440.000,842.000,153.000,638.000,0.000,0.000,0
2026-01-31 12:46:54,4520374,36.000,6196.000,6304.000,622.000,254.000,598.000,0.000,0.000,0
2026-01-31 12:46:54,4520414,86.000,5253.000,6365.000,37.000,449.000,286.000,0.000,0.000,0
2026-01-31 12:46:54,4520454,-29.000,4673.000,6200.000,987.000,456.000,362.000,0.000,0.000,0
2026-01-31 12:46:54,4520494,-17.000,5359.000,6126.000,2067.000,355.000,679.000,0.000,0.000,0
2026-01-31 12:46:54,4520534,210.000,5479.000,5988.000,2904.000,-2.000,948.000,0.000,0.000,0
2026-01-31 12:46:54,4520574,330.000,5890.000,6331.000,3214.000,436.000,1123.000,0.000,0.000,0
2026-01-31 12:46:54,4520614,191.000,5959.000,5362.000,4735.000,863.000,991.000,0.000,0.000,0
2026-01-31 12:46:54,4520654,42.000,7460.000,4012.000,5550.000,943.000,291.000,0.000,0.000,0
2026-01-31 12:46:54,4520694,-426.000,7078.000,3578.000,3486.000,502.000,530.000,0.000,0.000,0
2026-01-31 12:46:54,4520734,72.000,6766.000,4208.000,3052.000,88.000,1220.000,0.000,0.000,0
2026-01-31 12:46:54,4520774,282.000,6905.000,3479.000,5306.000,-170.000,1049.000,0.000,0.000,0
2026-01-31 12:46:54,4520814,479.000,8475.000,3027.000,5503.000,-1031.000,486.000,0.000,0.000,0
2026-01-31 12:46:54,4520854,517.000,8262.000,2955.000,2068.000,-800.000,462.000,0.000,0.000,0
2026-01-31 12:46:54,4520894,374.000,7209.000,2464.000,1700.000,-728.000,216.000,0.000,0.000,0
2026-01-31 12:46:54,4520934,520.000,8372.000,2304.000,3819.000,-1096.000,-262.000,0.000,0.000,0
2026-01-31 12:46:54,4520974,685.000,7992.000,2481.000,1831.000,-1257.000,-261.000,0.000,0.000,0
2026-01-31 12:46:54,4521014,646.000,8145.000,2516.000,1303.000,-1211.000,-108.000,0.000,0.000,0
2026-01-31 12:46:55,4521054,490.000,8235.000,2049.000,438.000,-702.000,-122.000,0.000,0.000,0
2026-01-31 12:46:55,4521094,554.000,7670.000,2155.000,-1180.000,-417.000,435.000,0.000,0.000,0
2026-01-31 12:46:55,4521134,711.000,7757.000,2582.000,-937.000,-209.000,338.000,0.000,0.000,0
2026-01-31 12:46:55,4521174,699.000,7603.000,2489.000,-342.000,97.000,401.000,0.000,0.000,0
2026-01-31 12:46:55,4521214,705.000,7815.000,2195.000,-37.000,79.000,367.000,0.000,0.000,0
2026-01-31 12:46:55,4521254,654.000,7891.000,2180.000,-119.000,88.000,77.000,0.000,0.000,0
2026-01-31 12:46:55,4521294,723.000,8044.000,1985.000,209.000,140.000,-221.000,0.000,0.000,0
2026-01-31 12:46:55,4521334,1174.000,7751.000,1942.000,281.000,-110.000,-490.000,0.000,0.000,0
2026-01-31 12:46:55,4521376,1591.000,7848.000,1690.000,769.000,-5.000,-215.000,0.000,0.000,0
2026-01-31 12:46:55,4521414,2460.000,8648.000,1666.000,2150.000,-4.000,-98.000,0.000,0.000,0
2026-01-31 12:46:55,4521454,1916.000,8502.000,1526.000,1590.000,883.000,419.000,0.000,0.000,0
2026-01-31 12:46:55,4521494,998.000,8574.000,1300.000,2091.000,1122.000,715.000,0.000,0.000,0
2026-01-31 12:46:55,4521534,386.000,10168.000,2238.000,106.000,-132.000,351.000,0.000,0.000,0
2026-01-31 12:46:55,4521574,1447.000,7240.000,2218.000,-5142.000,-492.000,141.000,0.000,0.000,0
2026-01-31 12:46:55,4521617,602.000,8504.000,970.000,3217.000,384.000,-532.000,0.000,0.000,0
2026-01-31 12:46:55,4521656,602.000,9179.000,1577.000,2789.000,539.000,-205.000,0.000,0.000,0
2026-01-31 12:46:55,4521694,1656.000,7490.000,1772.000,-378.000,1137.000,214.000,0.000,0.000,0
2026-01-31 12:46:55,4521734,1756.000,7237.000,1801.000,1036.000,972.000,55.000,0.000,0.000,0
2026-01-31 12:46:55,4521774,957.000,8336.000,787.000,2552.000,809.000,96.000,0.000,0.000,0
2026-01-31 12:46:55,4521814,786.000,7951.000,603.000,362.000,-267.000,904.000,0.000,0.000,0
2026-01-31 12:46:55,4521854,311.000,6780.000,378.000,-245.000,-629.000,1518.000,0.000,0.000,0
2026-01-31 12:46:55,4521894,-1394.000,6887.000,1285.000,1927.000,-1700.000,1992.000,0.000,0.000,0
2026-01-31 12:46:55,4521934,-1874.000,8272.000,2497.000,2082.000,-2611.000,2468.000,0.000,0.000,0
2026-01-31 12:46:55,4521974,-1565.000,8093.000,2277.000,-1570.000,-2576.000,2696.000,0.000,0.000,0
2026-01-31 12:46:55,4522014,1533.000,7572.000,1693.000,-2921.000,-2474.000,2601.000,0.000,0.000,0
2026-01-31 12:46:56,4522054,3413.000,7808.000,2776.000,-2075.000,-1973.000,1850.000,0.000,0.000,0
2026-01-31 12:46:56,4522094,2436.000,5737.000,3062.000,-3266.000,607.000,1767.000,0.000,0.000,0
2026-01-31 12:46:56,4522134,1557.000,8186.000,2041.000,922.000,176.000,1172.000,0.000,0.000,0
2026-01-31 12:46:56,4522174,1934.000,9116.000,1136.000,-6249.000,45.000,-245.000,0.000,0.000,0
2026-01-31 12:46:56,4522214,1749.000,8468.000,2965.000,-3751.000,423.000,-500.000,0.000,0.000,0
2026-01-31 12:46:56,4522254,2781.000,6541.000,3607.000,-1229.000,302.000,-793.000,0.000,0.000,0
2026-01-31 12:46:56,4522294,1975.000,6755.000,2839.000,1092.000,510.000,-613.000,0.000,0.000,0
2026-01-31 12:46:56,4522334,1697.000,7270.000,2320.000,727.000,472.000,-159.000,0.000,0.000,0
2026-01-31 12:46:56,4522374,1782.000,7768.000,2631.000,397.000,518.000,177.000,0.000,0.000,0
2026-01-31 12:46:56,4522414,2046.000,7717.000,2639.000,368.000,393.000,-45.000,0.000,0.000,0
2026-01-31 12:46:56,4522454,1899.000,7491.000,2597.000,-23.000,88.000,-278.000,0.000,0.000,0
2026-01-31 12:46:56,4522494,2174.000,7197.000,2617.000,-253.000,-11.000,74.000,0.000,0.000,0
2026-01-31 12:46:56,4522534,2030.000,7522.000,2603.000,1084.000,592.000,-337.000,0.000,0.000,0
2026-01-31 12:46:56,4522574,1850.000,8114.000,2474.000,202.000,165.000,-41.000,0.000,0.000,0
2026-01-31 12:46:56,4522614,2226.000,7456.000,2277.000,-410.000,638.000,-271.000,0.000,0.000,0
2026-01-31 12:46:56,4522654,1793.000,7517.000,2315.000,395.000,839.000,-1601.000,0.000,0.000,0
2026-01-31 12:46:56,4522694,1768.000,7980.000,2652.000,-584.000,869.000,-1439.000,0.000,0.000,0
2026-01-31 12:46:56,4522734,1525.000,7437.000,2718.000,-294.000,1342.000,-1473.000,0.000,0.000,0
2026-01-31 12:46:56,4522774,1382.000,7769.000,2652.000,980.000,1200.000,-1757.000,0.000,0.000,0
2026-01-31 12:46:56,4522814,972.000,7451.000,2388.000,808.000,995.000,-1338.000,0.000,0.000,0
2026-01-31 12:46:56,4522854,858.000,8637.000,2496.000,2411.000,563.000,-1346.000,0.000,0.000,0
2026-01-31 12:46:56,4522894,759.000,7765.000,2101.000,51.000,397.000,-832.000,0.000,0.000,0
2026-01-31 12:46:56,4522934,746.000,7173.000,2303.000,-1407.000,0.000,294.000,0.000,0.000,0
2026-01-31 12:46:56,4522974,795.000,7732.000,2474.000,-909.000,-354.000,890.000,0.000,0.000,0
2026-01-31 12:46:56,4523014,830.000,8831.000,2265.000,-1782.000,-738.000,1389.000,0.000,0.000,0
2026-01-31 12:46:57,4523054,1116.000,7713.000,2648.000,-3593.000,-1137.000,1580.000,0.000,0.000,0
2026-01-31 12:46:57,4523094,1214.000,8171.000,2888.000,-4267.000,-1579.000,1382.000,0.000,0.000,0
2026-01-31 12:46:57,4523134,1705.000,7035.000,3744.000,-5657.000,-1854.000,845.000,0.000,0.000,0
2026-01-31 12:46:57,4523174,1722.000,6169.000,4606.000,-3842.000,-1233.000,544.000,0.000,0.000,0
2026-01-31 12:46:57,4523214,1937.000,6391.000,4591.000,-1769.000,-807.000,590.000,0.000,0.000,0
2026-01-31 12:46:57,4523254,2163.000,6648.000,4542.000,-729.000,-306.000,321.000,0.000,0.000,0
2026-01-31 12:46:57,4523294,1941.000,6362.000,4443.000,-27.000,154.000,-12.000,0.000,0.000,0
2026-01-31 12:46:57,4523337,1594.000,7198.000,3842.000,1133.000,294.000,-185.000,0.000,0.000,0
2026-01-31 12:46:57,4523376,1615.000,7072.000,3844.000,137.000,14.000,-117.000,0.000,0.000,0
2026-01-31 12:46:57,4523414,1601.000,6963.000,3939.000,-258.000,-101.000,-10.000,0.000,0.000,0
2026-01-31 12:46:57,4523454,1767.000,6811.000,4131.000,-642.000,-256.000,144.000,0.000,0.000,0
2026-01-31 12:46:57,4523494,1820.000,6732.000,4374.000,-499.000,-237.000,260.000,0.000,0.000,0
2026-01-31 12:46:57,4523534,1912.000,6710.000,4367.000,-66.000,-120.000,316.000,0.000,0.000,0
2026-01-31 12:46:57,4523574,1994.000,6844.000,4250.000,220.000,33.000,180.000,0.000,0.000,0
2026-01-31 12:46:57,4523614,1815.000,6949.000,4160.000,178.000,132.000,-4.000,0.000,0.000,0
2026-01-31 12:46:57,4523654,1710.000,6908.000,4050.000,62.000,74.000,9.000,0.000,0.000,0
2026-01-31 12:46:57,4523694,1838.000,6910.000,4190.000,-108.000,-74.000,163.000,0.000,0.000,0
2026-01-31 12:46:57,4523734,1926.000,6892.000,4224.000,-186.000,-45.000,109.000,0.000,0.000,0
2026-01-31 12:46:57,4523774,1871.000,6746.000,4254.000,-161.000,27.000,-19.000,0.000,0.000,0
2026-01-31 12:46:57,4523814,1822.000,6769.000,4183.000,56.000,45.000,15.000,0.000,0.000,0
2026-01-31 12:46:57,4523854,1832.000,6875.000,4164.000,67.000,25.000,24.000,0.000,0.000,0
2026-01-31 12:46:57,4523894,1879.000,6847.000,4211.000,-20.000,0.000,19.000,0.000,0.000,0
2026-01-31 12:46:57,4523934,1850.000,6663.000,4184.000,20.000,-9.000,-13.000,0.000,0.000,0
2026-01-31 12:46:57,4523974,1863.000,6923.000,4211.000,48.000,-35.000,52.000,0.000,0.000,0
2026-01-31 12:46:57,4524014,1862.000,6838.000,4166.000,-31.000,-70.000,120.000,0.000,0.000,0
2026-01-31 12:46:58,4524054,1859.000,6999.000,4130.000,-134.000,-121.000,124.000,0.000,0.000,0
2026-01-31 12:46:58,4524094,1866.000,6907.000,4160.000,-315.000,-210.000,97.000,0.000,0.000,0
2026-01-31 12:46:58,4524134,1922.000,6687.000,4360.000,-301.000,-231.000,26.000,0.000,0.000,0
2026-01-31 12:46:58,4524174,1964.000,6704.000,4344.000,49.000,-155.000,-12.000,0.000,0.000,0
2026-01-31 12:46:58,4524214,1947.000,6693.000,4257.000,341.000,-24.000,-57.000,0.000,0.000,0
2026-01-31 12:46:58,4524254,1885.000,6880.000,4133.000,425.000,46.000,-55.000,0.000,0.000,0
2026-01-31 12:46:58,4524294,1863.000,6940.000,4075.000,183.000,6.000,-16.000,0.000,0.000,0
2026-01-31 12:46:58,4524334,1921.000,6900.000,4170.000,-166.000,-48.000,64.000,0.000,0.000,0
2026-01-31 12:46:58,4524374,1943.000,6758.000,4272.000,-126.000,-18.000,-4.000,0.000,0.000,0
2026-01-31 12:46:58,4524414,1906.000,6825.000,4198.000,89.000,25.000,-33.000,0.000,0.000,0
2026-01-31 12:46:58,4524454,1910.000,6887.000,4149.000,126.000,11.000,2.000,0.000,0.000,0
2026-01-31 12:46:58,4524494,1941.000,6835.000,4180.000,-33.000,17.000,46.000,0.000,0.000,0
2026-01-31 12:46:58,4524534,1940.000,6787.000,4175.000,45.000,44.000,37.000,0.000,0.000,0
2026-01-31 12:46:58,4524574,1916.000,6893.000,4134.000,130.000,37.000,4.000,0.000,0.000,0
2026-01-31 12:46:58,4524614,1919.000,6898.000,4117.000,102.000,11.000,-19.000,0.000,0.000,0
2026-01-31 12:46:58,4524654,1910.000,6845.000,4115.000,12.000,-10.000,-31.000,0.000,0.000,0
2026-01-31 12:46:58,4524694,1920.000,6839.000,4194.000,-47.000,-20.000,46.000,0.000,0.000,0
2026-01-31 12:46:58,4524734,1944.000,6861.000,4143.000,100.000,-7.000,19.000,0.000,0.000,0
2026-01-31 12:46:58,4524774,1926.000,6893.000,4104.000,138.000,6.000,-37.000,0.000,0.000,0
2026-01-31 12:46:58,4524814,1919.000,6868.000,4085.000,34.000,-10.000,-8.000,0.000,0.000,0
2026-01-31 12:46:58,4524854,1913.000,6883.000,4125.000,11.000,-4.000,1.000,0.000,0.000,0
2026-01-31 12:46:58,4524894,1934.000,6858.000,4110.000,31.000,5.000,-4.000,0.000,0.000,0
2026-01-31 12:46:58,4524934,1933.000,6860.000,4109.000,28.000,6.000,10.000,0.000,0.000,0
2026-01-31 12:46:58,4524974,1933.000,6883.000,4096.000,52.000,5.000,11.000,0.000,0.000,0
2026-01-31 12:46:58,4525014,1927.000,6901.000,4083.000,-1.000,5.000,12.000,0.000,0.000,0
2026-01-31 12:46:59,4525054,1937.000,6836.000,4117.000,-56.000,14.000,7.000,0.000,0.000,0
2026-01-31 12:46:59,4525094,1928.000,6887.000,4131.000,-11.000,11.000,-11.000,0.000,0.000,0
2026-01-31 12:46:59,4525134,1906.000,6885.000,4130.000,-23.000,15.000,2.000,0.000,0.000,0
2026-01-31 12:46:59,4525174,1909.000,6867.000,4116.000,-16.000,24.000,4.000,0.000,0.000,0
2026-01-31 12:46:59,4525214,1915.000,6854.000,4116.000,-8.000,23.000,-6.000,0.000,0.000,0
2026-01-31 12:46:59,4525254,1922.000,6867.000,4128.000,-2.000,13.000,3.000,0.000,0.000,0
2026-01-31 12:46:59,4525294,1925.000,6883.000,4121.000,-1.000,6.000,1.000,0.000,0.000,0
2026-01-31 12:46:59,4525334,1919.000,6863.000,4127.000,-20.000,12.000,6.000,0.000,0.000,0
2026-01-31 12:46:59,4525374,1927.000,6877.000,4127.000,-4.000,14.000,9.000,0.000,0.000,0
2026-01-31 12:46:59,4525417,1919.000,6902.000,4077.000,15.000,20.000,-2.000,0.000,0.000,0
2026-01-31 12:46:59,4525456,1927.000,6870.000,4122.000,-28.000,12.000,1.000,0.000,0.000,0
2026-01-31 12:46:59,4525494,1923.000,6873.000,4127.000,-23.000,16.000,-10.000,0.000,0.000,0
2026-01-31 12:46:59,4525534,1913.000,6849.000,4108.000,10.000,10.000,-6.000,0.000,0.000,0
2026-01-31 12:46:59,4525574,1915.000,6878.000,4100.000,-25.000,1.000,4.000,0.000,0.000,0
2026-01-31 12:46:59,4525617,1915.000,6859.000,4127.000,2.000,11.000,-9.000,0.000,0.000,0
2026-01-31 12:46:59,4525654,1928.000,6865.000,4131.000,16.000,8.000,4.000,0.000,0.000,0
2026-01-31 12:46:59,4525694,1931.000,6901.000,4110.000,0.000,2.000,23.000,0.000,0.000,0
2026-01-31 12:46:59,4525734,1930.000,6835.000,4104.000,-16.000,23.000,1.000,0.000,0.000,0
2026-01-31 12:46:59,4525774,1906.000,6893.000,4109.000,14.000,24.000,-10.000,0.000,0.000,0
2026-01-31 12:46:59,4525814,1904.000,6856.000,4111.000,-38.000,0.000,10.000,0.000,0.000,0
2026-01-31 12:46:59,4525854,1913.000,6846.000,4124.000,-15.000,14.000,4.000,0.000,0.000,0
2026-01-31 12:46:59,4525894,1933.000,6877.000,4101.000,23.000,31.000,-12.000,0.000,0.000,0
2026-01-31 12:46:59,4525934,1893.000,6882.000,4103.000,-12.000,14.000,-14.000,0.000,0.000,0
2026-01-31 12:46:59,4525974,1925.000,6867.000,4157.000,-48.000,-8.000,16.000,0.000,0.000,0
2026-01-31 12:46:59,4526014,1915.000,6834.000,4133.000,10.000,13.000,-11.000,0.000,0.000,0
2026-01-31 12:47:00,4526054,1923.000,6884.000,4111.000,17.000,20.000,15.000,0.000,0.000,0
2026-01-31 12:47:00,4526094,1904.000,6878.000,4111.000,-16.000,12.000,9.000,0.000,0.000,0
2026-01-31 12:47:00,4526134,1907.000,6858.000,4120.000,-7.000,13.000,9.000,0.000,0.000,0
2026-01-31 12:47:00,4526174,1916.000,6878.000,4104.000,5.000,11.000,2.000,0.000,0.000,0
2026-01-31 12:47:00,4526214,1912.000,6888.000,4113.000,-11.000,10.000,-1.000,0.000,0.000,0
2026-01-31 12:47:00,4526254,1880.000,6864.000,4117.000,-18.000,12.000,6.000,0.000,0.000,0
2026-01-31 12:47:00,4526294,1894.000,6881.000,4120.000,-6.000,4.000,-4.000,0.000,0.000,0
2026-01-31 12:47:00,4526334,1918.000,6890.000,4118.000,10.000,13.000,3.000,0.000,0.000,0
2026-01-31 12:47:00,4526374,1912.000,6841.000,4123.000,-24.000,8.000,-1.000,0.000,0.000,0
2026-01-31 12:47:00,4526414,1921.000,6920.000,4101.000,35.000,6.000,21.000,0.000,0.000,0
2026-01-31 12:47:00,4526454,1922.000,6894.000,4098.000,-8.000,26.000,-6.000,0.000,0.000,0
2026-01-31 12:47:00,4526494,1890.000,6857.000,4127.000,-43.000,7.000,0.000,0.000,0.000,0
2026-01-31 12:47:00,4526534,1911.000,6879.000,4134.000,-17.000,-3.000,15.000,0.000,0.000,0
2026-01-31 12:47:00,4526574,1936.000,6891.000,4120.000,10.000,23.000,-4.000,0.000,0.000,0
2026-01-31 12:47:00,4526614,1909.000,6882.000,4097.000,0.000,15.000,-19.000,0.000,0.000,0
2026-01-31 12:47:00,4526654,1911.000,6857.000,4132.000,-26.000,-1.000,14.000,0.000,0.000,0
2026-01-31 12:47:00,4526694,1910.000,6867.000,4119.000,-10.000,-4.000,-12.000,0.000,0.000,0
2026-01-31 12:47:00,4526734,1919.000,6852.000,4157.000,-33.000,1.000,11.000,0.000,0.000,0
2026-01-31 12:47:00,4526774,1898.000,6893.000,4125.000,42.000,14.000,-6.000,0.000,0.000,0
2026-01-31 12:47:00,4526814,1910.000,6879.000,4096.000,1.000,9.000,20.000,0.000,0.000,0
2026-01-31 12:47:00,4526854,1899.000,6859.000,4107.000,-9.000,15.000,-1.000,0.000,0.000,0
2026-01-31 12:47:00,4526894,1901.000,6882.000,4122.000,4.000,4.000,2.000,0.000,0.000,0
2026-01-31 12:47:00,4526934,1916.000,6892.000,4118.000,30.000,9.000,-1.000,0.000,0.000,0
2026-01-31 12:47:00,4526974,1899.000,6851.000,4114.000,-3.000,14.000,-8.000,0.000,0.000,0
2026-01-31 12:47:00,4527014,1916.000,6880.000,4124.000,15.000,7.000,5.000,0.000,0.000,0
2026-01-31 12:47:01,4527054,1909.000,6873.000,4120.000,-33.000,4.000,0.000,0.000,0.000,0
2026-01-31 12:47:01,4527094,1922.000,6847.000,4132.000,20.000,15.000,-3.000,0.000,0.000,0
2026-01-31 12:47:01,4527134,1890.000,6940.000,4067.000,82.000,23.000,-20.000,0.000,0.000,0
2026-01-31 12:47:01,4527174,1926.000,6867.000,4094.000,-9.000,18.000,10.000,0.000,0.000,0
2026-01-31 12:47:01,4527214,1885.000,6864.000,4105.000,-8.000,20.000,-28.000,0.000,0.000,0
2026-01-31 12:47:01,4527254,1886.000,6885.000,4125.000,-12.000,-7.000,10.000,0.000,0.000,0
2026-01-31 12:47:01,4527294,1918.000,6853.000,4087.000,24.000,19.000,-5.000,0.000,0.000,0
2026-01-31 12:47:01,4527334,1898.000,6904.000,4090.000,19.000,17.000,-23.000,0.000,0.000,0
2026-01-31 12:47:01,4527374,1911.000,6920.000,4119.000,-34.000,-6.000,13.000,0.000,0.000,0
2026-01-31 12:47:01,4527414,1918.000,6845.000,4125.000,-17.000,9.000,-13.000,0.000,0.000,0
2026-01-31 12:47:01,4527457,1901.000,6906.000,4082.000,32.000,11.000,14.000,0.000,0.000,0
2026-01-31 12:47:01,4527497,1897.000,6871.000,4090.000,-23.000,7.000,-9.000,0.000,0.000,0
2026-01-31 12:47:01,4527534,1886.000,6835.000,4083.000,-25.000,11.000,1.000,0.000,0.000,0
2026-01-31 12:47:01,4527574,1889.000,6897.000,4099.000,6.000,11.000,11.000,0.000,0.000,0
2026-01-31 12:47:01,4527614,1888.000,6919.000,4106.000,-27.000,2.000,0.000,0.000,0.000,0
2026-01-31 12:47:01,4527654,1901.000,6864.000,4106.000,-21.000,8.000,1.000,0.000,0.000,0
2026-01-31 12:47:01,4527694,1907.000,6890.000,4106.000,26.000,10.000,-10.000,0.000,0.000,0
2026-01-31 12:47:01,4527734,1900.000,6906.000,4098.000,-7.000,7.000,10.000,0.000,0.000,0
2026-01-31 12:47:01,4527774,1894.000,6871.000,4074.000,-1.000,13.000,-12.000,0.000,0.000,0
2026-01-31 12:47:01,4527814,1898.000,6914.000,4124.000,-20.000,0.000,11.000,0.000,0.000,0
2026-01-31 12:47:01,4527854,1898.000,6878.000,4102.000,18.000,15.000,2.000,0.000,0.000,0
2026-01-31 12:47:01,4527894,1888.000,6869.000,4099.000,-22.000,8.000,15.000,0.000,0.000,0
2026-01-31 12:47:01,4527934,1907.000,6922.000,4091.000,15.000,0.000,15.000,0.000,0.000,0
2026-01-31 12:47:01,4527974,1922.000,6887.000,4088.000,-4.000,20.000,-14.000,0.000,0.000,0
2026-01-31 12:47:01,4528014,1877.000,6908.000,4107.000,-12.000,7.000,-3.000,0.000,0.000,0
2026-01-31 12:47:02,4528054,1905.000,6880.000,4113.000,-13.000,-3.000,20.000,0.000,0.000,0
2026-01-31 12:47:02,4528094,1920.000,6882.000,4094.000,24.000,23.000,-12.000,0.000,0.000,0
2026-01-31 12:47:02,4528134,1893.000,6908.000,4068.000,7.000,17.000,-11.000,0.000,0.000,0
2026-01-31 12:47:02,4528174,1893.000,6898.000,4090.000,-11.000,5.000,7.000,0.000,0.000,0
2026-01-31 12:47:02,4528214,1907.000,6881.000,4085.000,-3.000,0.000,-2.000,0.000,0.000,0
2026-01-31 12:47:02,4528254,1893.000,6882.000,4106.000,-28.000,3.000,4.000,0.000,0.000,0
2026-01-31 12:47:02,4528294,1914.000,6907.000,4108.000,-16.000,4.000,4.000,0.000,0.000,0
2026-01-31 12:47:02,4528334,1891.000,6876.000,4098.000,-7.000,1.000,13.000,0.000,0.000,0
2026-01-31 12:47:02,4528374,1906.000,6925.000,4086.000,-4.000,6.000,8.000,0.000,0.000,0
2026-01-31 12:47:02,4528414,1889.000,6860.000,4085.000,-32.000,18.000,0.000,0.000,0.000,0
2026-01-31 12:47:02,4528454,1903.000,6905.000,4082.000,-66.000,23.000,32.000,0.000,0.000,0
2026-01-31 12:47:02,4528494,1914.000,6875.000,4115.000,-78.000,16.000,36.000,0.000,0.000,0
2026-01-31 12:47:02,4528534,1904.000,6878.000,4110.000,-45.000,23.000,20.000,0.000,0.000,0
2026-01-31 12:47:02,4528574,1895.000,6815.000,4143.000,-47.000,32.000,38.000,0.000,0.000,0
2026-01-31 12:47:02,4528614,1919.000,6867.000,4163.000,131.000,69.000,32.000,0.000,0.000,0
2026-01-31 12:47:02,4528654,1891.000,6832.000,4081.000,281.000,112.000,1.000,0.000,0.000,0
2026-01-31 12:47:02,4528694,1932.000,6964.000,4127.000,656.000,178.000,-62.000,0.000,0.000,0
2026-01-31 12:47:02,4528734,1895.000,7004.000,3921.000,755.000,186.000,-104.000,0.000,0.000,0
2026-01-31 12:47:02,4528774,1857.000,6950.000,3874.000,400.000,168.000,-107.000,0.000,0.000,0
2026-01-31 12:47:02,4528814,1811.000,6994.000,3935.000,89.000,137.000,6.000,0.000,0.000,0
2026-01-31 12:47:02,4528854,1825.000,7108.000,3845.000,58.000,77.000,78.000,0.000,0.000,0
2026-01-31 12:47:02,4528894,1824.000,7053.000,3865.000,-224.000,-25.000,50.000,0.000,0.000,0
2026-01-31 12:47:02,4528934,1807.000,6950.000,3924.000,-453.000,-52.000,60.000,0.000,0.000,0
2026-01-31 12:47:02,4528974,1876.000,7007.000,3988.000,-379.000,-71.000,87.000,0.000,0.000,0
2026-01-31 12:47:02,4529014,1873.000,6973.000,3972.000,-505.000,-140.000,45.000,0.000,0.000,0
2026-01-31 12:47:03,4529054,1935.000,6857.000,4139.000,-624.000,-214.000,65.000,0.000,0.000,0
2026-01-31 12:47:03,4529094,1952.000,6805.000,4192.000,-514.000,-105.000,43.000,0.000,0.000,0
2026-01-31 12:47:03,4529134,1941.000,6726.000,4288.000,-280.000,-91.000,61.000,0.000,0.000,0
2026-01-31 12:47:03,4529174,1973.000,6901.000,4153.000,38.000,0.000,80.000,0.000,0.000,0
2026-01-31 12:47:03,4529214,1907.000,6821.000,4114.000,-138.000,-24.000,0.000,0.000,0.000,0
2026-01-31 12:47:03,4529254,1929.000,6868.000,4174.000,-79.000,-15.000,14.000,0.000,0.000,0
2026-01-31 12:47:03,4529294,1959.000,6805.000,4183.000,-31.000,-24.000,-11.000,0.000,0.000,0
2026-01-31 12:47:03,4529334,1909.000,6817.000,4205.000,3.000,11.000,-32.000,0.000,0.000,0
2026-01-31 12:47:03,4529374,1926.000,6857.000,4111.000,-71.000,3.000,11.000,0.000,0.000,0
2026-01-31 12:47:03,4529417,1935.000,6956.000,4088.000,21.000,8.000,-56.000,0.000,0.000,0
2026-01-31 12:47:03,4529457,1898.000,6638.000,4239.000,-235.000,-29.000,-13.000,0.000,0.000,0
2026-01-31 12:47:03,4529494,1946.000,6702.000,4402.000,-65.000,-18.000,44.000,0.000,0.000,0
2026-01-31 12:47:03,4529534,1972.000,6981.000,4117.000,217.000,74.000,-17.000,0.000,0.000,0
2026-01-31 12:47:03,4529574,1883.000,6903.000,4075.000,-192.000,32.000,-67.000,0.000,0.000,0
2026-01-31 12:47:03,4529617,1921.000,6736.000,4279.000,-305.000,-29.000,-43.000,0.000,0.000,0
2026-01-31 12:47:03,4529654,1911.000,6744.000,4258.000,-220.000,-9.000,-53.000,0.000,0.000,0
2026-01-31 12:47:03,4529694,1895.000,6826.000,4250.000,-50.000,-10.000,-2.000,0.000,0.000,0
2026-01-31 12:47:03,4529734,1931.000,6774.000,4261.000,4.000,17.000,-47.000,0.000,0.000,0
2026-01-31 12:47:03,4529774,1848.000,6835.000,4245.000,109.000,52.000,-106.000,0.000,0.000,0
2026-01-31 12:47:03,4529814,1919.000,6838.000,4186.000,21.000,67.000,-15.000,0.000,0.000,0
2026-01-31 12:47:03,4529854,1923.000,6750.000,4274.000,96.000,115.000,-74.000,0.000,0.000,0
2026-01-31 12:47:03,4529894,1909.000,6934.000,4225.000,163.000,137.000,-96.000,0.000,0.000,0
2026-01-31 12:47:03,4529934,1848.000,6720.000,4224.000,177.000,255.000,-123.000,0.000,0.000,0
2026-01-31 12:47:03,4529974,1824.000,6889.000,4239.000,128.000,226.000,-69.000,0.000,0.000,0
2026-01-31 12:47:03,4530014,1881.000,6922.000,4228.000,271.000,260.000,-159.000,0.000,0.000,0
2026-01-31 12:47:04,4530054,1863.000,6753.000,4237.000,557.000,443.000,-520.000,0.000,0.000,0
2026-01-31 12:47:04,4530094,1706.000,6775.000,4115.000,993.000,480.000,-733.000,0.000,0.000,0
2026-01-31 12:47:04,4530134,1814.000,7236.000,4020.000,1474.000,653.000,-1335.000,0.000,0.000,0
2026-01-31 12:47:04,4530174,1350.000,7283.000,3881.000,1425.000,780.000,-1820.000,0.000,0.000,0
2026-01-31 12:47:04,4530214,1188.000,7389.000,3629.000,1995.000,975.000,-2310.000,0.000,0.000,0
2026-01-31 12:47:04,4530254,1166.000,7560.000,3865.000,1494.000,1358.000,-2489.000,0.000,0.000,0
2026-01-31 12:47:04,4530294,646.000,7891.000,3982.000,-391.000,1625.000,-2156.000,0.000,0.000,0
2026-01-31 12:47:04,4530334,672.000,7748.000,4132.000,-841.000,2092.000,-1928.000,0.000,0.000,0
2026-01-31 12:47:04,4530374,98.000,7620.000,4096.000,-1278.000,2524.000,-2020.000,0.000,0.000,0
2026-01-31 12:47:04,4530414,-157.000,7133.000,3973.000,-2137.000,2508.000,-1607.000,0.000,0.000,0
2026-01-31 12:47:04,4530454,-339.000,6813.000,4031.000,-1514.000,2645.000,-1722.000,0.000,0.000,0
2026-01-31 12:47:04,4530494,-92.000,6583.000,5175.000,-330.000,2875.000,-1490.000,0.000,0.000,0
2026-01-31 12:47:04,4530534,-1054.000,7587.000,3168.000,-148.000,2995.000,-1279.000,0.000,0.000,0
2026-01-31 12:47:04,4530574,-1544.000,7063.000,3732.000,-3161.000,2381.000,-558.000,0.000,0.000,0
2026-01-31 12:47:04,4530614,-1835.000,6143.000,3567.000,-3027.000,1632.000,-294.000,0.000,0.000,0
2026-01-31 12:47:04,4530654,-1702.000,7119.000,3929.000,-1692.000,847.000,-425.000,0.000,0.000,0
2026-01-31 12:47:04,4530694,-1830.000,7578.000,4222.000,-3058.000,192.000,-698.000,0.000,0.000,0
2026-01-31 12:47:04,4530734,-1641.000,8497.000,4914.000,-6184.000,-306.000,-893.000,0.000,0.000,0
2026-01-31 12:47:04,4530774,-1736.000,5602.000,5054.000,-10109.000,-579.000,-957.000,0.000,0.000,0
2026-01-31 12:47:04,4530814,-1866.000,3350.000,5858.000,-5747.000,-934.000,-2101.000,0.000,0.000,0
2026-01-31 12:47:04,4530854,-1852.000,5105.000,6480.000,-2148.000,-1183.000,-2513.000,0.000,0.000,0
2026-01-31 12:47:04,4530894,-1999.000,4240.000,6575.000,-1406.000,-1365.000,-2500.000,0.000,0.000,0
2026-01-31 12:47:04,4530934,-1605.000,4124.000,6496.000,-481.000,-1496.000,-2200.000,0.000,0.000,0
2026-01-31 12:47:04,4530974,-1727.000,3760.000,6726.000,-413.000,-1546.000,-1553.000,0.000,0.000,0
2026-01-31 12:47:04,4531014,-1382.000,4395.000,7034.000,-6.000,-1442.000,-1104.000,0.000,0.000,0
2026-01-31 12:47:05,4531054,-1289.000,3990.000,7228.000,-289.000,-1069.000,-627.000,0.000,0.000,0
2026-01-31 12:47:05,4531094,-1406.000,4354.000,7427.000,160.000,-568.000,-244.000,0.000,0.000,0
2026-01-31 12:47:05,4531134,-1296.000,4488.000,7423.000,-162.000,58.000,72.000,0.000,0.000,0
2026-01-31 12:47:05,4531174,-1533.000,4391.000,7167.000,-128.000,685.000,137.000,0.000,0.000,0
2026-01-31 12:47:05,4531214,-1706.000,4537.000,6926.000,-309.000,1047.000,111.000,0.000,0.000,0
2026-01-31 12:47:05,4531254,-1805.000,4457.000,6788.000,-48.000,1155.000,48.000,0.000,0.000,0
2026-01-31 12:47:05,4531294,-1827.000,4405.000,6490.000,-46.000,1215.000,-51.000,0.000,0.000,0
2026-01-31 12:47:05,4531337,-2279.000,4454.000,6709.000,-322.000,466.000,-364.000,0.000,0.000,0
2026-01-31 12:47:05,4531377,-2336.000,4597.000,6854.000,69.000,410.000,-575.000,0.000,0.000,0
2026-01-31 12:47:05,4531414,-2147.000,4595.000,6858.000,1.000,392.000,-674.000,0.000,0.000,0
2026-01-31 12:47:05,4531454,-2224.000,3891.000,6600.000,-9.000,347.000,-554.000,0.000,0.000,0
2026-01-31 12:47:05,4531494,-2217.000,4218.000,6525.000,23.000,197.000,-237.000,0.000,0.000,0
2026-01-31 12:47:05,4531534,-2205.000,4166.000,6705.000,-237.000,38.000,-17.000,0.000,0.000,0
2026-01-31 12:47:05,4531574,-2210.000,4332.000,6726.000,16.000,-79.000,162.000,0.000,0.000,0
2026-01-31 12:47:05,4531617,-2197.000,4510.000,6784.000,89.000,-15.000,117.000,0.000,0.000,0
2026-01-31 12:47:05,4531654,-2259.000,4301.000,6739.000,-86.000,-8.000,121.000,0.000,0.000,0
2026-01-31 12:47:05,4531694,-2216.000,4413.000,6732.000,120.000,-18.000,110.000,0.000,0.000,0
2026-01-31 12:47:05,4531734,-2134.000,4477.000,6819.000,79.000,-16.000,37.000,0.000,0.000,0
2026-01-31 12:47:05,4531774,-2307.000,4403.000,6723.000,76.000,52.000,3.000,0.000,0.000,0
2026-01-31 12:47:05,4531814,-2253.000,4286.000,6542.000,-18.000,-94.000,-11.000,0.000,0.000,0
2026-01-31 12:47:05,4531854,-2128.000,4531.000,6914.000,89.000,-180.000,-39.000,0.000,0.000,0
2026-01-31 12:47:05,4531894,-2154.000,4366.000,6823.000,27.000,-21.000,-66.000,0.000,0.000,0
2026-01-31 12:47:05,4531934,-2172.000,4293.000,6673.000,-74.000,26.000,7.000,0.000,0.000,0
2026-01-31 12:47:05,4531974,-2167.000,4401.000,6683.000,21.000,6.000,9.000,0.000,0.000,0
2026-01-31 12:47:05,4532014,-2122.000,4422.000,6801.000,39.000,-26.000,-19.000,0.000,0.000,0
2026-01-31 12:47:06,4532054,-2179.000,4273.000,6732.000,-8.000,-24.000,-7.000,0.000,0.000,0
2026-01-31 12:47:06,4532094,-2205.000,4496.000,6718.000,97.000,-110.000,31.000,0.000,0.000,0
2026-01-31 12:47:06,4532134,-2197.000,4290.000,6754.000,15.000,-131.000,-3.000,0.000,0.000,0
2026-01-31 12:47:06,4532174,-2090.000,4480.000,6817.000,103.000,-74.000,-24.000,0.000,0.000,0
2026-01-31 12:47:06,4532214,-2076.000,4417.000,6794.000,15.000,-1.000,8.000,0.000,0.000,0
2026-01-31 12:47:06,4532254,-2143.000,4392.000,6747.000,-51.000,38.000,35.000,0.000,0.000,0
2026-01-31 12:47:06,4532294,-2154.000,4368.000,6602.000,-63.000,25.000,18.000,0.000,0.000,0
2026-01-31 12:47:06,4532334,-2129.000,4379.000,6702.000,-195.000,-65.000,3.000,0.000,0.000,0
2026-01-31 12:47:06,4532374,-2103.000,4342.000,6792.000,-59.000,-52.000,-4.000,0.000,0.000,0
2026-01-31 12:47:06,4532414,-2106.000,4428.000,6773.000,-26.000,-29.000,14.000,0.000,0.000,0
2026-01-31 12:47:06,4532454,-2172.000,4498.000,6704.000,-63.000,-86.000,-32.000,0.000,0.000,0
2026-01-31 12:47:06,4532494,-2160.000,4546.000,6666.000,392.000,-131.000,-240.000,0.000,0.000,0
2026-01-31 12:47:06,4532534,-2031.000,4280.000,6707.000,63.000,-276.000,-208.000,0.000,0.000,0
2026-01-31 12:47:06,4532574,-2021.000,4302.000,6939.000,-39.000,-193.000,-80.000,0.000,0.000,0
2026-01-31 12:47:06,4532614,-2088.000,4343.000,6833.000,61.000,-8.000,19.000,0.000,0.000,0
2026-01-31 12:47:06,4532654,-2098.000,4375.000,6750.000,-58.000,24.000,79.000,0.000,0.000,0
2026-01-31 12:47:06,4532694,-2087.000,4395.000,6795.000,-33.000,15.000,59.000,0.000,0.000,0
2026-01-31 12:47:06,4532734,-2122.000,4429.000,6732.000,56.000,29.000,13.000,0.000,0.000,0
2026-01-31 12:47:06,4532774,-2063.000,4477.000,6736.000,14.000,5.000,38.000,0.000,0.000,0
2026-01-31 12:47:06,4532814,-2136.000,4353.000,6731.000,-23.000,-11.000,40.000,0.000,0.000,0
2026-01-31 12:47:06,4532854,-2072.000,4475.000,6745.000,89.000,-60.000,-16.000,0.000,0.000,0
2026-01-31 12:47:06,4532894,-2074.000,4383.000,6783.000,17.000,-48.000,-17.000,0.000,0.000,0
2026-01-31 12:47:06,4532934,-2082.000,4422.000,6771.000,8.000,-33.000,13.000,0.000,0.000,0
2026-01-31 12:47:06,4532974,-2059.000,4367.000,6764.000,34.000,-16.000,9.000,0.000,0.000,0
2026-01-31 12:47:06,4533014,-2049.000,4392.000,6731.000,-12.000,-10.000,22.000,0.000,0.000,0
2026-01-31 12:47:07,4533054,-2065.000,4374.000,6752.000,33.000,-33.000,40.000,0.000,0.000,0
2026-01-31 12:47:07,4533094,-2044.000,4388.000,6782.000,34.000,-24.000,78.000,0.000,0.000,0
2026-01-31 12:47:07,4533134,-2060.000,4474.000,6728.000,35.000,-12.000,109.000,0.000,0.000,0
2026-01-31 12:47:07,4533174,-2057.000,4405.000,6728.000,31.000,-33.000,105.000,0.000,0.000,0
2026-01-31 12:47:07,4533214,-2022.000,4528.000,6769.000,69.000,-49.000,79.000,0.000,0.000,0
2026-01-31 12:47:07,4533254,-2036.000,4418.000,6723.000,34.000,-16.000,40.000,0.000,0.000,0
2026-01-31 12:47:07,4533294,-1980.000,4566.000,6759.000,71.000,-7.000,25.000,0.000,0.000,0
2026-01-31 12:47:07,4533334,-2048.000,4361.000,6736.000,-51.000,2.000,0.000,0.000,0.000,0
2026-01-31 12:47:07,4533377,-2017.000,4481.000,6751.000,55.000,-13.000,8.000,0.000,0.000,0
2026-01-31 12:47:07,4533417,-2057.000,4431.000,6782.000,-6.000,-20.000,14.000,0.000,0.000,0
2026-01-31 12:47:07,4533454,-2006.000,4444.000,6765.000,43.000,-25.000,9.000,0.000,0.000,0
2026-01-31 12:47:07,4533494,-1994.000,4511.000,6750.000,51.000,-7.000,14.000,0.000,0.000,0
2026-01-31 12:47:07,4533534,-2025.000,4361.000,6726.000,22.000,4.000,34.000,0.000,0.000,0
2026-01-31 12:47:07,4533574,-2028.000,4484.000,6721.000,82.000,-21.000,71.000,0.000,0.000,0
2026-01-31 12:47:07,4533617,-1985.000,4542.000,6739.000,40.000,-4.000,6.000,0.000,0.000,0
2026-01-31 12:47:07,4533654,-1998.000,4482.000,6722.000,5.000,4.000,2.000,0.000,0.000,0
2026-01-31 12:47:07,4533694,-2008.000,4420.000,6684.000,7.000,2.000,-32.000,0.000,0.000,0
2026-01-31 12:47:07,4533734,-1966.000,4446.000,6732.000,67.000,-28.000,4.000,0.000,0.000,0
2026-01-31 12:47:07,4533774,-1999.000,4473.000,6692.000,3.000,-3.000,19.000,0.000,0.000,0
2026-01-31 12:47:07,4533814,-2040.000,4374.000,6706.000,65.000,-55.000,66.000,0.000,0.000,0
2026-01-31 12:47:07,4533854,-1955.000,4571.000,6712.000,113.000,-54.000,90.000,0.000,0.000,0
2026-01-31 12:47:07,4533894,-2023.000,4315.000,6679.000,119.000,-88.000,155.000,0.000,0.000,0
2026-01-31 12:47:07,4533934,-2004.000,4084.000,6590.000,520.000,-122.000,257.000,0.000,0.000,0
2026-01-31 12:47:07,4533974,-1946.000,3579.000,6520.000,2002.000,-216.000,571.000,0.000,0.000,0
2026-01-31 12:47:07,4534014,-1864.000,3606.000,5752.000,3353.000,-685.000,1666.000,0.000,0.000,0
2026-01-31 12:47:08,4534054,-1055.000,4688.000,6097.000,4218.000,-1060.000,2761.000,0.000,0.000,0
2026-01-31 12:47:08,4534094,-1021.000,5139.000,5867.000,4318.000,-896.000,3465.000,0.000,0.000,0
2026-01-31 12:47:08,4534134,-816.000,6521.000,5702.000,4458.000,-651.000,3863.000,0.000,0.000,0
2026-01-31 12:47:08,4534174,-684.000,7231.000,5504.000,3983.000,-188.000,2999.000,0.000,0.000,0
2026-01-31 12:47:08,4534214,-446.000,7893.000,5141.000,3799.000,-122.000,2573.000,0.000,0.000,0
2026-01-31 12:47:08,4534254,-306.000,8363.000,4579.000,2840.000,-198.000,1812.000,0.000,0.000,0
2026-01-31 12:47:08,4534294,-389.000,8291.000,4117.000,734.000,-414.000,1186.000,0.000,0.000,0
2026-01-31 12:47:08,4534334,-55.000,5636.000,4422.000,-2637.000,-1035.000,1311.000,0.000,0.000,0
2026-01-31 12:47:08,4534374,359.000,7350.000,5538.000,-1306.000,-1362.000,1418.000,0.000,0.000,0
2026-01-31 12:47:08,4534414,1105.000,6524.000,5386.000,135.000,-662.000,982.000,0.000,0.000,0
2026-01-31 12:47:08,4534454,707.000,6371.000,5253.000,984.000,357.000,-35.000,0.000,0.000,0
2026-01-31 12:47:08,4534494,115.000,6624.000,4601.000,1605.000,652.000,-127.000,0.000,0.000,0
2026-01-31 12:47:08,4534534,74.000,7156.000,4250.000,571.000,6.000,492.000,0.000,0.000,0
2026-01-31 12:47:08,4534574,642.000,6986.000,4918.000,-329.000,-273.000,544.000,0.000,0.000,0
2026-01-31 12:47:08,4534614,624.000,6487.000,5012.000,144.000,78.000,-114.000,0.000,0.000,0
2026-01-31 12:47:08,4534654,186.000,6858.000,4601.000,544.000,157.000,-138.000,0.000,0.000,0
2026-01-31 12:47:08,4534694,349.000,7019.000,4540.000,-9.000,-23.000,180.000,0.000,0.000,0
2026-01-31 12:47:08,4534734,499.000,6719.000,4737.000,-314.000,-75.000,127.000,0.000,0.000,0
2026-01-31 12:47:08,4534774,490.000,6717.000,4862.000,-203.000,-117.000,64.000,0.000,0.000,0
2026-01-31 12:47:08,4534814,503.000,6609.000,4863.000,150.000,63.000,-53.000,0.000,0.000,0
2026-01-31 12:47:08,4534854,350.000,6799.000,4621.000,418.000,85.000,-72.000,0.000,0.000,0
2026-01-31 12:47:08,4534894,380.000,6888.000,4601.000,-6.000,-49.000,39.000,0.000,0.000,0
2026-01-31 12:47:08,4534934,517.000,6749.000,4827.000,-184.000,-56.000,21.000,0.000,0.000,0
2026-01-31 12:47:08,4534974,415.000,6671.000,4744.000,140.000,62.000,-64.000,0.000,0.000,0
2026-01-31 12:47:08,4535014,338.000,7003.000,4633.000,186.000,30.000,32.000,0.000,0.000,0
2026-01-31 12:47:09,4535054,426.000,6809.000,4674.000,-294.000,-81.000,211.000,0.000,0.000,0
2026-01-31 12:47:09,4535094,489.000,6574.000,4790.000,-239.000,-79.000,138.000,0.000,0.000,0
2026-01-31 12:47:09,4535134,480.000,6764.000,4749.000,-3.000,-36.000,85.000,0.000,0.000,0
2026-01-31 12:47:09,4535174,544.000,6693.000,4769.000,-45.000,-18.000,151.000,0.000,0.000,0
2026-01-31 12:47:09,4535214,506.000,6770.000,4773.000,102.000,34.000,39.000,0.000,0.000,0
2026-01-31 12:47:09,4535254,468.000,6798.000,4699.000,131.000,40.000,-9.000,0.000,0.000,0
2026-01-31 12:47:09,4535294,460.000,6744.000,4702.000,32.000,13.000,25.000,0.000,0.000,0
2026-01-31 12:47:09,4535334,507.000,6773.000,4705.000,64.000,6.000,7.000,0.000,0.000,0
2026-01-31 12:47:09,4535376,498.000,6758.000,4707.000,41.000,22.000,-33.000,0.000,0.000,0
2026-01-31 12:47:09,4535414,477.000,6742.000,4707.000,33.000,22.000,-27.000,0.000,0.000,0
2026-01-31 12:47:09,4535454,483.000,6796.000,4707.000,39.000,4.000,-11.000,0.000,0.000,0
2026-01-31 12:47:09,4535494,495.000,6769.000,4705.000,22.000,7.000,-12.000,0.000,0.000,0
2026-01-31 12:47:09,4535534,482.000,6779.000,4703.000,26.000,19.000,-8.000,0.000,0.000,0
2026-01-31 12:47:09,4535574,479.000,6772.000,4711.000,33.000,19.000,-10.000,0.000,0.000,0
2026-01-31 12:47:09,4535614,490.000,6770.000,4695.000,13.000,8.000,-5.000,0.000,0.000,0
2026-01-31 12:47:09,4535654,475.000,6794.000,4692.000,55.000,22.000,-22.000,0.000,0.000,0
2026-01-31 12:47:09,4535694,464.000,6791.000,4664.000,74.000,20.000,-23.000,0.000,0.000,0
2026-01-31 12:47:09,4535734,459.000,6801.000,4666.000,43.000,5.000,-27.000,0.000,0.000,0
2026-01-31 12:47:09,4535774,483.000,6849.000,4703.000,10.000,-15.000,-4.000,0.000,0.000,0
2026-01-31 12:47:09,4535814,523.000,6769.000,4698.000,46.000,5.000,-10.000,0.000,0.000,0
2026-01-31 12:47:09,4535854,461.000,6857.000,4657.000,57.000,40.000,-57.000,0.000,0.000,0
2026-01-31 12:47:09,4535894,458.000,6798.000,4681.000,36.000,13.000,-15.000,0.000,0.000,0
2026-01-31 12:47:09,4535934,461.000,6777.000,4666.000,32.000,23.000,-15.000,0.000,0.000,0
2026-01-31 12:47:09,4535974,448.000,6794.000,4631.000,2.000,26.000,-6.000,0.000,0.000,0
2026-01-31 12:47:09,4536014,444.000,6853.000,4651.000,-27.000,-10.000,37.000,0.000,0.000,0
2026-01-31 12:47:10,4536054,457.000,6877.000,4663.000,-78.000,-29.000,70.000,0.000,0.000,0
2026-01-31 12:47:10,4536094,471.000,6805.000,4689.000,-195.000,-59.000,105.000,0.000,0.000,0
2026-01-31 12:47:10,4536134,507.000,6689.000,4728.000,-178.000,-61.000,98.000,0.000,0.000,0
2026-01-31 12:47:10,4536174,510.000,6734.000,4724.000,1.000,-16.000,64.000,0.000,0.000,0
2026-01-31 12:47:10,4536214,509.000,6779.000,4664.000,103.000,7.000,26.000,0.000,0.000,0
2026-01-31 12:47:10,4536254,504.000,6758.000,4685.000,104.000,-8.000,17.000,0.000,0.000,0
2026-01-31 12:47:10,4536294,518.000,6780.000,4665.000,261.000,0.000,-19.000,0.000,0.000,0
2026-01-31 12:47:10,4536334,480.000,6853.000,4628.000,219.000,4.000,-4.000,0.000,0.000,0
2026-01-31 12:47:10,4536374,501.000,6891.000,4614.000,160.000,-4.000,-1.000,0.000,0.000,0
2026-01-31 12:47:10,4536414,492.000,6810.000,4615.000,72.000,-4.000,-2.000,0.000,0.000,0
2026-01-31 12:47:10,4536454,502.000,6869.000,4601.000,70.000,-13.000,11.000,0.000,0.000,0
2026-01-31 12:47:10,4536494,478.000,6916.000,4588.000,11.000,-25.000,40.000,0.000,0.000,0
2026-01-31 12:47:10,4536534,522.000,6809.000,4609.000,-120.000,-75.000,119.000,0.000,0.000,0
2026-01-31 12:47:10,4536574,560.000,6794.000,4656.000,-68.000,-44.000,89.000,0.000,0.000,0
2026-01-31 12:47:10,4536614,543.000,6811.000,4630.000,-9.000,-15.000,61.000,0.000,0.000,0
2026-01-31 12:47:10,4536654,547.000,6788.000,4625.000,13.000,-1.000,44.000,0.000,0.000,0
2026-01-31 12:47:10,4536694,557.000,6818.000,4614.000,36.000,18.000,21.000,0.000,0.000,0
2026-01-31 12:47:10,4536734,543.000,6856.000,4610.000,46.000,21.000,4.000,0.000,0.000,0
2026-01-31 12:47:10,4536774,555.000,6832.000,4594.000,41.000,21.000,1.000,0.000,0.000,0
2026-01-31 12:47:10,4536814,543.000,6855.000,4568.000,58.000,19.000,-15.000,0.000,0.000,0
2026-01-31 12:47:10,4536854,550.000,6893.000,4585.000,1.000,4.000,10.000,0.000,0.000,0
2026-01-31 12:47:10,4536894,550.000,6821.000,4629.000,-31.000,4.000,-18.000,0.000,0.000,0
2026-01-31 12:47:10,4536934,517.000,6820.000,4619.000,32.000,14.000,-8.000,0.000,0.000,0
2026-01-31 12:47:10,4536974,522.000,6853.000,4591.000,34.000,20.000,-10.000,0.000,0.000,0
2026-01-31 12:47:10,4537014,557.000,6839.000,4596.000,-8.000,11.000,-3.000,0.000,0.000,0
2026-01-31 12:47:11,4537054,532.000,6812.000,4615.000,7.000,24.000,3.000,0.000,0.000,0
2026-01-31 12:47:11,4537094,538.000,6866.000,4583.000,58.000,27.000,8.000,0.000,0.000,0
2026-01-31 12:47:11,4537134,547.000,6835.000,4584.000,13.000,19.000,1.000,0.000,0.000,0
2026-01-31 12:47:11,4537174,550.000,6858.000,4595.000,12.000,8.000,2.000,0.000,0.000,0
2026-01-31 12:47:11,4537214,553.000,6840.000,4560.000,9.000,10.000,15.000,0.000,0.000,0
2026-01-31 12:47:11,4537254,523.000,6840.000,4555.000,22.000,16.000,-2.000,0.000,0.000,0
2026-01-31 12:47:11,4537294,526.000,6854.000,4566.000,9.000,5.000,-6.000,0.000,0.000,0
2026-01-31 12:47:11,4537334,546.000,6854.000,4590.000,1.000,1.000,3.000,0.000,0.000,0
2026-01-31 12:47:11,4537374,567.000,6842.000,4589.000,-18.000,-1.000,5.000,0.000,0.000,0
2026-01-31 12:47:11,4537414,556.000,6876.000,4584.000,4.000,7.000,2.000,0.000,0.000,0
2026-01-31 12:47:11,4537457,541.000,6873.000,4584.000,10.000,9.000,8.000,0.000,0.000,0
2026-01-31 12:47:11,4537496,538.000,6850.000,4589.000,13.000,20.000,-4.000,0.000,0.000,0
2026-01-31 12:47:11,4537534,533.000,6835.000,4583.000,20.000,27.000,1.000,0.000,0.000,0
2026-01-31 12:47:11,4537574,517.000,6871.000,4558.000,24.000,19.000,12.000,0.000,0.000,0
2026-01-31 12:47:11,4537614,545.000,6877.000,4558.000,24.000,9.000,12.000,0.000,0.000,0
2026-01-31 12:47:11,4537654,542.000,6832.000,4571.000,-13.000,8.000,-18.000,0.000,0.000,0
2026-01-31 12:47:11,4537694,506.000,6894.000,4594.000,-20.000,-2.000,-3.000,0.000,0.000,0
2026-01-31 12:47:11,4537734,515.000,6811.000,4565.000,-39.000,2.000,1.000,0.000,0.000,0
2026-01-31 12:47:11,4537774,516.000,6852.000,4555.000,10.000,15.000,-16.000,0.000,0.000,0
2026-01-31 12:47:11,4537814,537.000,6836.000,4598.000,-20.000,7.000,-3.000,0.000,0.000,0
2026-01-31 12:47:11,4537854,553.000,6833.000,4595.000,3.000,4.000,7.000,0.000,0.000,0
2026-01-31 12:47:11,4537894,560.000,6862.000,4619.000,-8.000,1.000,10.000,0.000,0.000,0
2026-01-31 12:47:11,4537934,560.000,6880.000,4610.000,-9.000,17.000,11.000,0.000,0.000,0
2026-01-31 12:47:11,4537974,551.000,6856.000,4586.000,2.000,22.000,7.000,0.000,0.000,0
2026-01-31 12:47:11,4538014,520.000,6854.000,4571.000,24.000,28.000,4.000,0.000,0.000,0
2026-01-31 12:47:12,4538054,518.000,6874.000,4581.000,40.000,24.000,-17.000,0.000,0.000,0
2026-01-31 12:47:12,4538094,532.000,6916.000,4625.000,-20.000,-1.000,5.000,0.000,0.000,0
2026-01-31 12:47:12,4538134,548.000,6814.000,4598.000,-41.000,9.000,-4.000,0.000,0.000,0
2026-01-31 12:47:12,4538174,525.000,6837.000,4614.000,5.000,-16.000,-16.000,0.000,0.000,0
2026-01-31 12:47:12,4538214,579.000,6767.000,4697.000,-91.000,-51.000,-24.000,0.000,0.000,0
2026-01-31 12:47:12,4538254,601.000,6743.000,4760.000,-140.000,-71.000,2.000,0.000,0.000,0
2026-01-31 12:47:12,4538294,606.000,6734.000,4762.000,-126.000,-63.000,-4.000,0.000,0.000,0
2026-01-31 12:47:12,4538334,621.000,6689.000,4782.000,-128.000,-76.000,-17.000,0.000,0.000,0
2026-01-31 12:47:12,4538374,635.000,6680.000,4824.000,-146.000,-69.000,15.000,0.000,0.000,0
2026-01-31 12:47:12,4538414,673.000,6646.000,4836.000,-94.000,-49.000,14.000,0.000,0.000,0
2026-01-31 12:47:12,4538454,660.000,6683.000,4876.000,-36.000,-28.000,4.000,0.000,0.000,0
2026-01-31 12:47:12,4538494,679.000,6631.000,4840.000,-56.000,-17.000,29.000,0.000,0.000,0
2026-01-31 12:47:12,4538534,655.000,6687.000,4876.000,-21.000,-34.000,27.000,0.000,0.000,0
2026-01-31 12:47:12,4538574,713.000,6571.000,4861.000,-24.000,-30.000,-10.000,0.000,0.000,0
2026-01-31 12:47:12,4538614,685.000,6646.000,4899.000,29.000,-13.000,-26.000,0.000,0.000,0
2026-01-31 12:47:12,4538654,732.000,6659.000,4905.000,69.000,-28.000,-9.000,0.000,0.000,0
2026-01-31 12:47:12,4538694,760.000,6605.000,4933.000,48.000,-12.000,-15.000,0.000,0.000,0
2026-01-31 12:47:12,4538734,706.000,6611.000,4941.000,37.000,6.000,-29.000,0.000,0.000,0
2026-01-31 12:47:12,4538774,716.000,6619.000,4918.000,46.000,14.000,-2.000,0.000,0.000,0
2026-01-31 12:47:12,4538814,733.000,6628.000,4943.000,58.000,-6.000,-26.000,0.000,0.000,0
2026-01-31 12:47:12,4538854,755.000,6598.000,4954.000,32.000,-7.000,-1.000,0.000,0.000,0
2026-01-31 12:47:12,4538894,766.000,6606.000,4925.000,35.000,10.000,-30.000,0.000,0.000,0
2026-01-31 12:47:12,4538934,727.000,6652.000,4956.000,36.000,3.000,-45.000,0.000,0.000,0
2026-01-31 12:47:12,4538974,750.000,6545.000,4930.000,-7.000,14.000,-23.000,0.000,0.000,0
2026-01-31 12:47:12,4539014,704.000,6592.000,4948.000,2.000,22.000,-35.000,0.000,0.000,0
2026-01-31 12:47:13,4539054,716.000,6657.000,4952.000,61.000,15.000,-32.000,0.000,0.000,0
2026-01-31 12:47:13,4539094,725.000,6527.000,4897.000,49.000,30.000,-12.000,0.000,0.000,0
2026-01-31 12:47:13,4539134,703.000,6652.000,4965.000,58.000,13.000,-39.000,0.000,0.000,0
2026-01-31 12:47:13,4539174,726.000,6558.000,4986.000,37.000,18.000,-38.000,0.000,0.000,0
2026-01-31 12:47:13,4539214,720.000,6604.000,4974.000,105.000,28.000,-38.000,0.000,0.000,0
2026-01-31 12:47:13,4539254,724.000,6664.000,4965.000,69.000,4.000,-8.000,0.000,0.000,0
2026-01-31 12:47:13,4539294,770.000,6587.000,4990.000,26.000,-6.000,-11.000,0.000,0.000,0
2026-01-31 12:47:13,4539334,736.000,6596.000,4973.000,59.000,4.000,-11.000,0.000,0.000,0
2026-01-31 12:47:13,4539374,710.000,6514.000,4979.000,22.000,10.000,-19.000,0.000,0.000,0
2026-01-31 12:47:13,4539414,777.000,6637.000,4987.000,31.000,1.000,6.000,0.000,0.000,0
2026-01-31 12:47:13,4539457,736.000,6649.000,4980.000,14.000,14.000,-20.000,0.000,0.000,0
2026-01-31 12:47:13,4539494,729.000,6575.000,4978.000,-19.000,8.000,0.000,0.000,0.000,0
2026-01-31 12:47:13,4539534,731.000,6594.000,4948.000,44.000,7.000,-25.000,0.000,0.000,0
2026-01-31 12:47:13,4539574,719.000,6567.000,4976.000,44.000,-1.000,-53.000,0.000,0.000,0
2026-01-31 12:47:13,4539614,749.000,6611.000,4997.000,46.000,-26.000,-13.000,0.000,0.000,0
2026-01-31 12:47:13,4539654,792.000,6586.000,4997.000,20.000,-25.000,-6.000,0.000,0.000,0
2026-01-31 12:47:13,4539694,779.000,6607.000,5015.000,-79.000,-25.000,44.000,0.000,0.000,0
2026-01-31 12:47:13,4539734,1009.000,6741.000,5120.000,-230.000,239.000,-16.000,0.000,0.000,0
2026-01-31 12:47:13,4539774,595.000,6187.000,4956.000,72.000,449.000,-130.000,0.000,0.000,0
2026-01-31 12:47:13,4539814,675.000,7221.000,4975.000,84.000,182.000,-256.000,0.000,0.000,0
2026-01-31 12:47:13,4539854,562.000,6378.000,5207.000,-791.000,82.000,-180.000,0.000,0.000,0
2026-01-31 12:47:13,4539894,753.000,6051.000,5237.000,-183.000,68.000,10.000,0.000,0.000,0
2026-01-31 12:47:13,4539934,703.000,6824.000,4944.000,-86.000,42.000,180.000,0.000,0.000,0
2026-01-31 12:47:13,4539974,676.000,6852.000,5061.000,-870.000,-142.000,-24.000,0.000,0.000,0
2026-01-31 12:47:13,4540014,618.000,6263.000,5160.000,-1166.000,-248.000,-181.000,0.000,0.000,0
2026-01-31 12:47:14,4540054,726.000,6294.000,5411.000,-976.000,-332.000,-76.000,0.000,0.000,0
2026-01-31 12:47:14,4540094,759.000,6139.000,5526.000,-759.000,-324.000,50.000,0.000,0.000,0
2026-01-31 12:47:14,4540134,860.000,6142.000,5552.000,-374.000,-300.000,-46.000,0.000,0.000,0
2026-01-31 12:47:14,4540174,878.000,5951.000,5656.000,-366.000,-238.000,-25.000,0.000,0.000,0
2026-01-31 12:47:14,4540214,783.000,6092.000,5721.000,-178.000,-125.000,32.000,0.000,0.000,0
2026-01-31 12:47:14,4540254,763.000,6124.000,5616.000,24.000,-46.000,134.000,0.000,0.000,0
2026-01-31 12:47:14,4540294,959.000,6051.000,5552.000,384.000,17.000,124.000,0.000,0.000,0
2026-01-31 12:47:14,4540334,1144.000,6157.000,5573.000,920.000,195.000,-191.000,0.000,0.000,0
2026-01-31 12:47:14,4540374,886.000,6091.000,5487.000,1310.000,372.000,-673.000,0.000,0.000,0
2026-01-31 12:47:14,4540414,901.000,6608.000,5335.000,1975.000,405.000,-833.000,0.000,0.000,0
2026-01-31 12:47:14,4540454,853.000,6686.000,5107.000,2705.000,653.000,-1827.000,0.000,0.000,0
2026-01-31 12:47:14,4540494,-179.000,7650.000,4284.000,2351.000,879.000,-2142.000,0.000,0.000,0
2026-01-31 12:47:14,4540534,-246.000,7519.000,4560.000,536.000,383.000,-1591.000,0.000,0.000,0
2026-01-31 12:47:14,4540574,-251.000,6262.000,4637.000,-231.000,261.000,-1288.000,0.000,0.000,0
2026-01-31 12:47:14,4540614,-245.000,6138.000,4554.000,1531.000,120.000,-1633.000,0.000,0.000,0
2026-01-31 12:47:14,4540654,-448.000,6847.000,4307.000,2018.000,-41.000,-1356.000,0.000,0.000,0
2026-01-31 12:47:14,4540694,-370.000,7133.000,4143.000,1461.000,-320.000,-792.000,0.000,0.000,0
2026-01-31 12:47:14,4540734,-502.000,7429.000,4290.000,813.000,-366.000,-665.000,0.000,0.000,0
2026-01-31 12:47:14,4540774,-423.000,6971.000,4140.000,208.000,-393.000,-350.000,0.000,0.000,0
2026-01-31 12:47:14,4540814,38.000,7206.000,4345.000,64.000,-466.000,-106.000,0.000,0.000,0
2026-01-31 12:47:14,4540854,-290.000,6628.000,4428.000,-349.000,-217.000,80.000,0.000,0.000,0
2026-01-31 12:47:14,4540894,-704.000,7036.000,4246.000,362.000,23.000,373.000,0.000,0.000,0
2026-01-31 12:47:14,4540934,-334.000,7560.000,4072.000,375.000,66.000,552.000,0.000,0.000,0
2026-01-31 12:47:14,4540974,-217.000,7332.000,3955.000,65.000,3.000,337.000,0.000,0.000,0
2026-01-31 12:47:14,4541014,-170.000,7077.000,4001.000,-168.000,-214.000,282.000,0.000,0.000,0
2026-01-31 12:47:15,4541054,-235.000,7161.000,4334.000,-300.000,-295.000,309.000,0.000,0.000,0
2026-01-31 12:47:15,4541094,-129.000,7085.000,4463.000,-166.000,-150.000,239.000,0.000,0.000,0
2026-01-31 12:47:15,4541134,-123.000,6988.000,4362.000,627.000,162.000,44.000,0.000,0.000,0
2026-01-31 12:47:15,4541174,-125.000,7323.000,4170.000,947.000,328.000,77.000,0.000,0.000,0
2026-01-31 12:47:15,4541214,-196.000,7216.000,4016.000,652.000,445.000,135.000,0.000,0.000,0
2026-01-31 12:47:15,4541254,-312.000,7436.000,3726.000,470.000,307.000,127.000,0.000,0.000,0
2026-01-31 12:47:15,4541294,-285.000,7277.000,3827.000,43.000,158.000,167.000,0.000,0.000,0
2026-01-31 12:47:15,4541334,-442.000,7348.000,3810.000,19.000,70.000,10.000,0.000,0.000,0
2026-01-31 12:47:15,4541374,-363.000,7322.000,3797.000,-194.000,-90.000,130.000,0.000,0.000,0
2026-01-31 12:47:15,4541414,-111.000,7362.000,3938.000,-447.000,-132.000,168.000,0.000,0.000,0
2026-01-31 12:47:15,4541454,-227.000,7245.000,4049.000,-593.000,-125.000,106.000,0.000,0.000,0
2026-01-31 12:47:15,4541494,-26.000,7111.000,4049.000,-659.000,-98.000,289.000,0.000,0.000,0
2026-01-31 12:47:15,4541534,-132.000,7147.000,4220.000,-661.000,-54.000,197.000,0.000,0.000,0
2026-01-31 12:47:15,4541574,-59.000,7162.000,4158.000,149.000,31.000,85.000,0.000,0.000,0
2026-01-31 12:47:15,4541617,-163.000,7346.000,4057.000,-415.000,-162.000,90.000,0.000,0.000,0
2026-01-31 12:47:15,4541654,-76.000,7202.000,4180.000,-613.000,-131.000,106.000,0.000,0.000,0
2026-01-31 12:47:15,4541694,-125.000,6934.000,4288.000,-557.000,-92.000,94.000,0.000,0.000,0
2026-01-31 12:47:15,4541734,-57.000,7009.000,4275.000,-172.000,-57.000,288.000,0.000,0.000,0
2026-01-31 12:47:15,4541774,76.000,6968.000,4173.000,81.000,-18.000,268.000,0.000,0.000,0
2026-01-31 12:47:15,4541814,-65.000,7286.000,4233.000,82.000,31.000,139.000,0.000,0.000,0
2026-01-31 12:47:15,4541854,-116.000,7232.000,4230.000,-152.000,-10.000,208.000,0.000,0.000,0
2026-01-31 12:47:15,4541894,252.000,6951.000,4413.000,-100.000,5.000,240.000,0.000,0.000,0
2026-01-31 12:47:15,4541934,-94.000,6708.000,3994.000,142.000,97.000,85.000,0.000,0.000,0
2026-01-31 12:47:15,4541974,-194.000,7483.000,4238.000,142.000,-134.000,547.000,0.000,0.000,0
2026-01-31 12:47:15,4542014,105.000,7296.000,4190.000,172.000,50.000,257.000,0.000,0.000,0
2026-01-31 12:47:16,4542054,31.000,7153.000,4092.000,426.000,78.000,51.000,0.000,0.000,0
2026-01-31 12:47:16,4542094,122.000,7219.000,4051.000,461.000,14.000,112.000,0.000,0.000,0
2026-01-31 12:47:16,4542134,155.000,7308.000,4056.000,190.000,-10.000,85.000,0.000,0.000,0
2026-01-31 12:47:16,4542174,102.000,7235.000,4110.000,-50.000,-20.000,61.000,0.000,0.000,0
2026-01-31 12:47:16,4542214,120.000,7182.000,4108.000,-86.000,-29.000,96.000,0.000,0.000,0
2026-01-31 12:47:16,4542254,107.000,7233.000,4097.000,-146.000,-23.000,143.000,0.000,0.000,0
2026-01-31 12:47:16,4542294,118.000,7128.000,4065.000,-300.000,-55.000,223.000,0.000,0.000,0
2026-01-31 12:47:16,4542334,108.000,7190.000,4103.000,-392.000,-132.000,279.000,0.000,0.000,0
2026-01-31 12:47:16,4542374,131.000,7296.000,4141.000,-738.000,-257.000,402.000,0.000,0.000,0
2026-01-31 12:47:16,4542414,278.000,7021.000,4302.000,-1171.000,-392.000,521.000,0.000,0.000,0
2026-01-31 12:47:16,4542454,385.000,7028.000,4439.000,-1188.000,-441.000,526.000,0.000,0.000,0
2026-01-31 12:47:16,4542494,546.000,6890.000,4539.000,-1061.000,-414.000,449.000,0.000,0.000,0
2026-01-31 12:47:16,4542534,544.000,6802.000,4703.000,-534.000,-181.000,205.000,0.000,0.000,0
2026-01-31 12:47:16,4542574,478.000,6881.000,4664.000,84.000,-44.000,96.000,0.000,0.000,0
2026-01-31 12:47:16,4542614,462.000,6840.000,4527.000,323.000,19.000,44.000,0.000,0.000,0
2026-01-31 12:47:16,4542654,440.000,7011.000,4442.000,229.000,-10.000,80.000,0.000,0.000,0
2026-01-31 12:47:16,4542694,478.000,7002.000,4420.000,-80.000,-98.000,108.000,0.000,0.000,0
2026-01-31 12:47:16,4542734,548.000,6989.000,4471.000,-352.000,-189.000,82.000,0.000,0.000,0
2026-01-31 12:47:16,4542774,555.000,6830.000,4648.000,-371.000,-144.000,33.000,0.000,0.000,0
2026-01-31 12:47:16,4542814,544.000,6883.000,4632.000,-60.000,-77.000,23.000,0.000,0.000,0
2026-01-31 12:47:16,4542854,553.000,6877.000,4576.000,-29.000,-56.000,42.000,0.000,0.000,0
2026-01-31 12:47:16,4542894,539.000,6928.000,4576.000,-65.000,-51.000,42.000,0.000,0.000,0
2026-01-31 12:47:16,4542934,542.000,6914.000,4605.000,-149.000,-62.000,58.000,0.000,0.000,0
2026-01-31 12:47:16,4542974,564.000,6833.000,4622.000,-114.000,-50.000,41.000,0.000,0.000,0
2026-01-31 12:47:16,4543014,568.000,6924.000,4645.000,4.000,-33.000,37.000,0.000,0.000,0
2026-01-31 12:47:17,4543054,556.000,6858.000,4595.000,5.000,-2.000,22.000,0.000,0.000,0
2026-01-31 12:47:17,4543094,548.000,6876.000,4610.000,3.000,-13.000,29.000,0.000,0.000,0
2026-01-31 12:47:17,4543134,575.000,6914.000,4623.000,-44.000,-26.000,75.000,0.000,0.000,0
2026-01-31 12:47:17,4543174,591.000,6828.000,4616.000,-8.000,-10.000,52.000,0.000,0.000,0
2026-01-31 12:47:17,4543214,573.000,6910.000,4585.000,19.000,-15.000,50.000,0.000,0.000,0
2026-01-31 12:47:17,4543254,608.000,6894.000,4585.000,-34.000,-9.000,54.000,0.000,0.000,0
2026-01-31 12:47:17,4543294,595.000,6872.000,4601.000,11.000,-3.000,14.000,0.000,0.000,0
2026-01-31 12:47:17,4543334,569.000,6907.000,4604.000,31.000,-12.000,24.000,0.000,0.000,0
2026-01-31 12:47:17,4543374,589.000,6856.000,4588.000,-38.000,-18.000,40.000,0.000,0.000,0
2026-01-31 12:47:17,4543417,622.000,6900.000,4602.000,5.000,-17.000,42.000,0.000,0.000,0
2026-01-31 12:47:17,4543457,642.000,6877.000,4591.000,-30.000,-26.000,22.000,0.000,0.000,0
2026-01-31 12:47:17,4543494,625.000,6827.000,4598.000,-37.000,-18.000,13.000,0.000,0.000,0
2026-01-31 12:47:17,4543534,630.000,6916.000,4612.000,7.000,-6.000,13.000,0.000,0.000,0
2026-01-31 12:47:17,4543574,616.000,6831.000,4596.000,-21.000,17.000,7.000,0.000,0.000,0
2026-01-31 12:47:17,4543614,611.000,6859.000,4589.000,35.000,25.000,15.000,0.000,0.000,0
2026-01-31 12:47:17,4543654,616.000,6948.000,4610.000,25.000,16.000,8.000,0.000,0.000,0
2026-01-31 12:47:17,4543694,617.000,6836.000,4597.000,-5.000,25.000,-1.000,0.000,0.000,0
2026-01-31 12:47:17,4543734,590.000,6917.000,4605.000,28.000,14.000,-2.000,0.000,0.000,0
2026-01-31 12:47:17,4543774,608.000,6881.000,4602.000,-7.000,7.000,7.000,0.000,0.000,0
2026-01-31 12:47:17,4543814,605.000,6876.000,4593.000,7.000,19.000,-4.000,0.000,0.000,0
2026-01-31 12:47:17,4543854,599.000,6944.000,4603.000,0.000,19.000,-2.000,0.000,0.000,0
2026-01-31 12:47:17,4543894,590.000,6877.000,4595.000,-35.000,13.000,-1.000,0.000,0.000,0
2026-01-31 12:47:17,4543934,605.000,6873.000,4597.000,-29.000,-4.000,16.000,0.000,0.000,0
2026-01-31 12:47:17,4543974,608.000,6941.000,4626.000,-17.000,-1.000,14.000,0.000,0.000,0
2026-01-31 12:47:17,4544014,636.000,6797.000,4607.000,-63.000,7.000,9.000,0.000,0.000,0
2026-01-31 12:47:18,4544054,570.000,6928.000,4620.000,30.000,4.000,-6.000,0.000,0.000,0
2026-01-31 12:47:18,4544094,615.000,6876.000,4630.000,-53.000,1.000,33.000,0.000,0.000,0
2026-01-31 12:47:18,4544134,613.000,6845.000,4622.000,-1.000,27.000,-9.000,0.000,0.000,0
2026-01-31 12:47:18,4544174,577.000,6875.000,4596.000,40.000,25.000,-4.000,0.000,0.000,0
2026-01-31 12:47:18,4544214,592.000,6892.000,4588.000,-24.000,1.000,18.000,0.000,0.000,0
2026-01-31 12:47:18,4544254,614.000,6890.000,4625.000,-33.000,-4.000,-2.000,0.000,0.000,0
2026-01-31 12:47:18,4544294,611.000,6826.000,4587.000,-6.000,8.000,9.000,0.000,0.000,0
2026-01-31 12:47:18,4544334,611.000,6929.000,4608.000,2.000,-2.000,16.000,0.000,0.000,0
2026-01-31 12:47:18,4544374,611.000,6839.000,4607.000,-50.000,5.000,9.000,0.000,0.000,0
2026-01-31 12:47:18,4544414,596.000,6855.000,4626.000,11.000,20.000,4.000,0.000,0.000,0
2026-01-31 12:47:18,4544454,590.000,6862.000,4598.000,2.000,12.000,11.000,0.000,0.000,0
2026-01-31 12:47:18,4544494,620.000,6923.000,4618.000,-21.000,-5.000,10.000,0.000,0.000,0
2026-01-31 12:47:18,4544534,613.000,6848.000,4624.000,-34.000,0.000,1.000,0.000,0.000,0
2026-01-31 12:47:18,4544574,628.000,6873.000,4614.000,8.000,11.000,8.000,0.000,0.000,0
2026-01-31 12:47:18,4544614,604.000,6933.000,4635.000,-11.000,1.000,6.000,0.000,0.000,0
2026-01-31 12:47:18,4544654,636.000,6837.000,4618.000,-35.000,1.000,22.000,0.000,0.000,0
2026-01-31 12:47:18,4544694,591.000,6930.000,4603.000,25.000,1.000,20.000,0.000,0.000,0
2026-01-31 12:47:18,4544734,624.000,6821.000,4594.000,-21.000,10.000,14.000,0.000,0.000,0
2026-01-31 12:47:18,4544774,614.000,6909.000,4619.000,-34.000,-12.000,16.000,0.000,0.000,0
2026-01-31 12:47:18,4544814,599.000,6801.000,4617.000,-51.000,-3.000,1.000,0.000,0.000,0
2026-01-31 12:47:18,4544854,636.000,6852.000,4607.000,5.000,5.000,18.000,0.000,0.000,0
2026-01-31 12:47:18,4544894,648.000,6914.000,4605.000,-18.000,3.000,8.000,0.000,0.000,0
2026-01-31 12:47:18,4544934,639.000,6816.000,4592.000,-41.000,5.000,0.000,0.000,0.000,0
2026-01-31 12:47:18,4544974,615.000,6872.000,4621.000,-17.000,-2.000,14.000,0.000,0.000,0
2026-01-31 12:47:18,4545014,653.000,6839.000,4615.000,-48.000,-2.000,16.000,0.000,0.000,0
2026-01-31 12:47:19,4545054,613.000,6838.000,4630.000,-19.000,15.000,-10.000,0.000,0.000,0
2026-01-31 12:47:19,4545094,628.000,6887.000,4623.000,-2.000,8.000,10.000,0.000,0.000,0
2026-01-31 12:47:19,4545134,639.000,6894.000,4629.000,-26.000,6.000,8.000,0.000,0.000,0
2026-01-31 12:47:19,4545174,621.000,6835.000,4625.000,10.000,20.000,-22.000,0.000,0.000,0
2026-01-31 12:47:19,4545214,621.000,6927.000,4632.000,9.000,9.000,4.000,0.000,0.000,0
2026-01-31 12:47:19,4545254,641.000,6850.000,4633.000,-60.000,10.000,6.000,0.000,0.000,0
2026-01-31 12:47:19,4545294,614.000,6797.000,4628.000,13.000,20.000,-14.000,0.000,0.000,0
2026-01-31 12:47:19,4545334,619.000,6937.000,4640.000,-7.000,3.000,15.000,0.000,0.000,0
2026-01-31 12:47:19,4545374,627.000,6785.000,4613.000,-26.000,16.000,-18.000,0.000,0.000,0
2026-01-31 12:47:19,4545414,596.000,6884.000,4638.000,12.000,7.000,8.000,0.000,0.000,0
2026-01-31 12:47:19,4545454,607.000,6741.000,4607.000,-27.000,17.000,-12.000,0.000,0.000,0
2026-01-31 12:47:19,4545494,583.000,6873.000,4642.000,1.000,1.000,8.000,0.000,0.000,0
2026-01-31 12:47:19,4545534,633.000,6831.000,4628.000,-33.000,2.000,12.000,0.000,0.000,0
2026-01-31 12:47:19,4545574,606.000,6862.000,4659.000,2.000,18.000,-14.000,0.000,0.000,0
2026-01-31 12:47:19,4545614,604.000,6875.000,4634.000,8.000,13.000,10.000,0.000,0.000,0
2026-01-31 12:47:19,4545654,593.000,6879.000,4666.000,-48.000,-1.000,-9.000,0.000,0.000,0
2026-01-31 12:47:19,4545694,654.000,6907.000,4671.000,-44.000,-2.000,30.000,0.000,0.000,0
2026-01-31 12:47:19,4545734,610.000,6807.000,4652.000,14.000,33.000,-25.000,0.000,0.000,0
2026-01-31 12:47:19,4545774,590.000,6964.000,4648.000,34.000,4.000,16.000,0.000,0.000,0
2026-01-31 12:47:19,4545814,620.000,6824.000,4655.000,-35.000,9.000,0.000,0.000,0.000,0
2026-01-31 12:47:19,4545854,610.000,6902.000,4657.000,16.000,5.000,23.000,0.000,0.000,0
2026-01-31 12:47:19,4545894,603.000,6767.000,4592.000,18.000,31.000,-11.000,0.000,0.000,0
2026-01-31 12:47:19,4545934,573.000,6849.000,4622.000,-55.000,-3.000,11.000,0.000,0.000,0
2026-01-31 12:47:19,4545974,602.000,6763.000,4631.000,-48.000,1.000,9.000,0.000,0.000,0
2026-01-31 12:47:19,4546014,585.000,6833.000,4639.000,7.000,0.000,0.000,0.000,0.000,0
2026-01-31 12:47:20,4546054,644.000,6850.000,4641.000,-16.000,-4.000,29.000,0.000,0.000,0
2026-01-31 12:47:20,4546094,617.000,6864.000,4656.000,19.000,5.000,-1.000,0.000,0.000,0
2026-01-31 12:47:20,4546134,616.000,6877.000,4653.000,10.000,2.000,26.000,0.000,0.000,0
2026-01-31 12:47:20,4546174,622.000,6912.000,4673.000,-2.000,2.000,17.000,0.000,0.000,0
2026-01-31 12:47:20,4546214,623.000,6839.000,4632.000,38.000,24.000,2.000,0.000,0.000,0
2026-01-31 12:47:20,4546254,622.000,6879.000,4620.000,19.000,11.000,20.000,0.000,0.000,0
2026-01-31 12:47:20,4546294,636.000,6858.000,4619.000,3.000,7.000,14.000,0.000,0.000,0
2026-01-31 12:47:20,4546334,635.000,6837.000,4614.000,-7.000,10.000,6.000,0.000,0.000,0
2026-01-31 12:47:20,4546374,625.000,6861.000,4611.000,0.000,7.000,7.000,0.000,0.000,0
2026-01-31 12:47:20,4546414,641.000,6855.000,4602.000,-11.000,-5.000,17.000,0.000,0.000,0
2026-01-31 12:47:20,4546454,661.000,6803.000,4606.000,-20.000,7.000,8.000,0.000,0.000,0
2026-01-31 12:47:20,4546494,643.000,6876.000,4617.000,21.000,5.000,-1.000,0.000,0.000,0
2026-01-31 12:47:20,4546534,634.000,6853.000,4623.000,-35.000,-2.000,11.000,0.000,0.000,0
2026-01-31 12:47:20,4546574,620.000,6827.000,4648.000,-37.000,5.000,9.000,0.000,0.000,0
2026-01-31 12:47:20,4546614,631.000,6854.000,4600.000,17.000,29.000,-16.000,0.000,0.000,0
2026-01-31 12:47:20,4546654,613.000,6889.000,4625.000,-17.000,5.000,-7.000,0.000,0.000,0
2026-01-31 12:47:20,4546694,626.000,6843.000,4645.000,-34.000,7.000,1.000,0.000,0.000,0
2026-01-31 12:47:20,4546734,633.000,6827.000,4632.000,-7.000,7.000,0.000,0.000,0.000,0
2026-01-31 12:47:20,4546774,632.000,6927.000,4674.000,9.000,12.000,3.000,0.000,0.000,0
2026-01-31 12:47:20,4546814,638.000,6822.000,4636.000,-15.000,25.000,-7.000,0.000,0.000,0
2026-01-31 12:47:20,4546854,573.000,6880.000,4654.000,12.000,13.000,-10.000,0.000,0.000,0
2026-01-31 12:47:20,4546894,636.000,6892.000,4666.000,-45.000,-3.000,25.000,0.000,0.000,0
2026-01-31 12:47:20,4546934,582.000,6789.000,4657.000,-18.000,29.000,-33.000,0.000,0.000,0
2026-01-31 12:47:20,4546974,604.000,6851.000,4633.000,-1.000,9.000,13.000,0.000,0.000,0
2026-01-31 12:47:20,4547014,591.000,6846.000,4645.000,-13.000,7.000,-10.000,0.000,0.000,0
2026-01-31 12:47:21,4547054,604.000,6846.000,4650.000,-3.000,-1.000,12.000,0.000,0.000,0
2026-01-31 12:47:21,4547094,623.000,6815.000,4637.000,1.000,13.000,7.000,0.000,0.000,0
2026-01-31 12:47:21,4547134,589.000,6911.000,4651.000,32.000,8.000,0.000,0.000,0.000,0
2026-01-31 12:47:21,4547174,630.000,6849.000,4636.000,-28.000,10.000,21.000,0.000,0.000,0
2026-01-31 12:47:21,4547214,586.000,6796.000,4632.000,21.000,17.000,-11.000,0.000,0.000,0
2026-01-31 12:47:21,4547254,616.000,6996.000,4669.000,2.000,-19.000,45.000,0.000,0.000,0
2026-01-31 12:47:21,4547294,647.000,6717.000,4604.000,-65.000,18.000,0.000,0.000,0.000,0
2026-01-31 12:47:21,4547334,584.000,6905.000,4648.000,28.000,2.000,1.000,0.000,0.000,0
2026-01-31 12:47:21,4547374,626.000,6763.000,4608.000,-36.000,-1.000,-4.000,0.000,0.000,0
2026-01-31 12:47:21,4547414,612.000,6856.000,4650.000,9.000,7.000,8.000,0.000,0.000,0
2026-01-31 12:47:21,4547457,648.000,6837.000,4605.000,-27.000,12.000,-6.000,0.000,0.000,0
2026-01-31 12:47:21,4547496,651.000,6861.000,4641.000,-22.000,17.000,6.000,0.000,0.000,0
2026-01-31 12:47:21,4547534,654.000,6780.000,4620.000,1.000,32.000,16.000,0.000,0.000,0
2026-01-31 12:47:21,4547574,634.000,6934.000,4617.000,22.000,6.000,-1.000,0.000,0.000,0
2026-01-31 12:47:21,4547617,628.000,6729.000,4606.000,-41.000,17.000,-12.000,0.000,0.000,0
2026-01-31 12:47:21,4547654,617.000,6779.000,4620.000,5.000,11.000,-18.000,0.000,0.000,0
2026-01-31 12:47:21,4547694,606.000,6891.000,4632.000,-19.000,-5.000,7.000,0.000,0.000,0
2026-01-31 12:47:21,4547734,628.000,6865.000,4649.000,-42.000,-7.000,3.000,0.000,0.000,0
2026-01-31 12:47:21,4547774,609.000,6854.000,4646.000,-11.000,13.000,-5.000,0.000,0.000,0
2026-01-31 12:47:21,4547814,589.000,6865.000,4657.000,-48.000,14.000,1.000,0.000,0.000,0
2026-01-31 12:47:21,4547854,592.000,6871.000,4664.000,-16.000,9.000,-3.000,0.000,0.000,0
2026-01-31 12:47:21,4547894,590.000,6870.000,4666.000,-2.000,10.000,3.000,0.000,0.000,0
2026-01-31 12:47:21,4547934,607.000,6868.000,4657.000,-6.000,6.000,4.000,0.000,0.000,0
2026-01-31 12:47:21,4547974,578.000,6841.000,4645.000,-26.000,-1.000,-5.000,0.000,0.000,0
2026-01-31 12:47:21,4548014,590.000,6852.000,4677.000,-45.000,-14.000,11.000,0.000,0.000,0
2026-01-31 12:47:22,4548054,583.000,6767.000,4663.000,-44.000,-8.000,5.000,0.000,0.000,0
2026-01-31 12:47:22,4548094,566.000,6846.000,4680.000,8.000,-10.000,15.000,0.000,0.000,0
2026-01-31 12:47:22,4548134,609.000,6822.000,4686.000,-14.000,-9.000,23.000,0.000,0.000,0
2026-01-31 12:47:22,4548174,601.000,6827.000,4677.000,34.000,8.000,23.000,0.000,0.000,0
2026-01-31 12:47:22,4548214,597.000,6894.000,4671.000,44.000,-2.000,33.000,0.000,0.000,0
2026-01-31 12:47:22,4548254,637.000,6849.000,4643.000,25.000,-4.000,32.000,0.000,0.000,0
2026-01-31 12:47:22,4548294,629.000,6887.000,4643.000,59.000,-8.000,38.000,0.000,0.000,0
2026-01-31 12:47:22,4548334,675.000,6818.000,4604.000,71.000,24.000,27.000,0.000,0.000,0
2026-01-31 12:47:22,4548374,628.000,6881.000,4606.000,70.000,13.000,6.000,0.000,0.000,0
2026-01-31 12:47:22,4548414,642.000,6831.000,4606.000,-29.000,-5.000,30.000,0.000,0.000,0
2026-01-31 12:47:22,4548454,662.000,6832.000,4625.000,11.000,7.000,16.000,0.000,0.000,0
2026-01-31 12:47:22,4548494,692.000,6842.000,4589.000,2.000,-7.000,34.000,0.000,0.000,0
2026-01-31 12:47:22,4548534,653.000,6843.000,4595.000,-17.000,-4.000,-2.000,0.000,0.000,0
2026-01-31 12:47:22,4548574,634.000,6880.000,4635.000,-6.000,-15.000,5.000,0.000,0.000,0
2026-01-31 12:47:22,4548614,680.000,6784.000,4647.000,-23.000,5.000,19.000,0.000,0.000,0
2026-01-31 12:47:22,4548654,671.000,6883.000,4615.000,69.000,18.000,6.000,0.000,0.000,0
2026-01-31 12:47:22,4548694,682.000,6868.000,4593.000,17.000,16.000,22.000,0.000,0.000,0
2026-01-31 12:47:22,4548734,647.000,6863.000,4623.000,-41.000,3.000,6.000,0.000,0.000,0
2026-01-31 12:47:22,4548774,679.000,6881.000,4641.000,-54.000,-4.000,18.000,0.000,0.000,0
2026-01-31 12:47:22,4548814,635.000,6767.000,4628.000,-29.000,8.000,-9.000,0.000,0.000,0
2026-01-31 12:47:22,4548854,610.000,6918.000,4621.000,23.000,-10.000,0.000,0.000,0.000,0
2026-01-31 12:47:22,4548894,628.000,6823.000,4631.000,-32.000,17.000,5.000,0.000,0.000,0
2026-01-31 12:47:22,4548934,581.000,6805.000,4615.000,29.000,36.000,2.000,0.000,0.000,0
2026-01-31 12:47:22,4548974,604.000,6868.000,4603.000,40.000,23.000,11.000,0.000,0.000,0
2026-01-31 12:47:22,4549014,629.000,6844.000,4630.000,-24.000,22.000,-5.000,0.000,0.000,0
2026-01-31 12:47:23,4549054,632.000,6861.000,4651.000,-24.000,13.000,-1.000,0.000,0.000,0
2026-01-31 12:47:23,4549094,627.000,6817.000,4661.000,24.000,11.000,9.000,0.000,0.000,0
2026-01-31 12:47:23,4549134,626.000,6830.000,4630.000,25.000,0.000,20.000,0.000,0.000,0
2026-01-31 12:47:23,4549174,655.000,6975.000,4678.000,-8.000,-18.000,42.000,0.000,0.000,0
2026-01-31 12:47:23,4549214,650.000,6809.000,4631.000,-18.000,23.000,12.000,0.000,0.000,0
2026-01-31 12:47:23,4549254,604.000,6969.000,4590.000,127.000,43.000,22.000,0.000,0.000,0
2026-01-31 12:47:23,4549294,638.000,6945.000,4602.000,74.000,47.000,-2.000,0.000,0.000,0
2026-01-31 12:47:23,4549334,633.000,6833.000,4596.000,84.000,48.000,-52.000,0.000,0.000,0
2026-01-31 12:47:23,4549374,608.000,6923.000,4559.000,74.000,14.000,-11.000,0.000,0.000,0
2026-01-31 12:47:23,4549414,585.000,6907.000,4587.000,37.000,3.000,-26.000,0.000,0.000,0
2026-01-31 12:47:23,4549457,667.000,6790.000,4625.000,-128.000,-3.000,6.000,0.000,0.000,0
2026-01-31 12:47:23,4549494,660.000,6725.000,4592.000,-62.000,17.000,-5.000,0.000,0.000,0
2026-01-31 12:47:23,4549534,565.000,6956.000,4602.000,54.000,8.000,8.000,0.000,0.000,0
2026-01-31 12:47:23,4549574,646.000,7008.000,4591.000,-38.000,2.000,32.000,0.000,0.000,0
2026-01-31 12:47:23,4549617,595.000,6864.000,4599.000,-3.000,27.000,-6.000,0.000,0.000,0
2026-01-31 12:47:23,4549656,632.000,6899.000,4560.000,8.000,21.000,27.000,0.000,0.000,0
2026-01-31 12:47:23,4549694,596.000,6880.000,4550.000,-42.000,8.000,-40.000,0.000,0.000,0
2026-01-31 12:47:23,4549734,633.000,6884.000,4598.000,-149.000,-38.000,2.000,0.000,0.000,0
2026-01-31 12:47:23,4549774,659.000,6758.000,4588.000,-130.000,-2.000,-8.000,0.000,0.000,0
2026-01-31 12:47:23,4549814,619.000,6825.000,4623.000,-78.000,-18.000,-3.000,0.000,0.000,0
2026-01-31 12:47:23,4549854,634.000,6893.000,4619.000,-75.000,-10.000,16.000,0.000,0.000,0
2026-01-31 12:47:23,4549894,643.000,6869.000,4625.000,-119.000,-3.000,34.000,0.000,0.000,0
2026-01-31 12:47:23,4549934,646.000,6833.000,4618.000,6.000,15.000,17.000,0.000,0.000,0
2026-01-31 12:47:23,4549974,634.000,6883.000,4587.000,18.000,11.000,6.000,0.000,0.000,0
2026-01-31 12:47:23,4550014,643.000,6865.000,4605.000,-31.000,1.000,2.000,0.000,0.000,0
2026-01-31 12:47:24,4550054,647.000,6769.000,4580.000,-25.000,14.000,-8.000,0.000,0.000,0
2026-01-31 12:47:24,4550094,598.000,6827.000,4602.000,-45.000,6.000,-9.000,0.000,0.000,0
2026-01-31 12:47:24,4550134,672.000,6926.000,4692.000,-108.000,-27.000,33.000,0.000,0.000,0
2026-01-31 12:47:24,4550174,710.000,6721.000,4643.000,23.000,35.000,3.000,0.000,0.000,0
2026-01-31 12:47:24,4550214,644.000,6998.000,4627.000,124.000,30.000,7.000,0.000,0.000,0
2026-01-31 12:47:24,4550254,679.000,6866.000,4607.000,-55.000,17.000,34.000,0.000,0.000,0
2026-01-31 12:47:24,4550294,642.000,6841.000,4642.000,-22.000,29.000,-27.000,0.000,0.000,0
2026-01-31 12:47:24,4550334,605.000,6808.000,4641.000,7.000,31.000,8.000,0.000,0.000,0
2026-01-31 12:47:24,4550374,632.000,6854.000,4600.000,33.000,34.000,3.000,0.000,0.000,0
2026-01-31 12:47:24,4550414,627.000,6893.000,4658.000,-56.000,8.000,-2.000,0.000,0.000,0
2026-01-31 12:47:24,4550454,615.000,6806.000,4651.000,-19.000,26.000,-27.000,0.000,0.000,0
2026-01-31 12:47:24,4550494,609.000,6977.000,4676.000,18.000,15.000,4.000,0.000,0.000,0
2026-01-31 12:47:24,4550534,643.000,6892.000,4671.000,-56.000,23.000,-1.000,0.000,0.000,0
2026-01-31 12:47:24,4550574,600.000,6792.000,4621.000,-1.000,29.000,-24.000,0.000,0.000,0
2026-01-31 12:47:24,4550614,583.000,6909.000,4633.000,-23.000,3.000,12.000,0.000,0.000,0
2026-01-31 12:47:24,4550654,585.000,6737.000,4640.000,-116.000,8.000,-4.000,0.000,0.000,0
2026-01-31 12:47:24,4550694,562.000,6781.000,4672.000,-44.000,7.000,-13.000,0.000,0.000,0
2026-01-31 12:47:24,4550734,589.000,6866.000,4661.000,-27.000,4.000,9.000,0.000,0.000,0
2026-01-31 12:47:24,4550774,585.000,6818.000,4668.000,-49.000,10.000,-10.000,0.000,0.000,0
2026-01-31 12:47:24,4550814,594.000,6792.000,4656.000,15.000,10.000,23.000,0.000,0.000,0
2026-01-31 12:47:24,4550854,625.000,6858.000,4655.000,-25.000,-2.000,27.000,0.000,0.000,0
2026-01-31 12:47:24,4550894,641.000,6710.000,4657.000,-33.000,7.000,10.000,0.000,0.000,0
2026-01-31 12:47:24,4550934,572.000,6906.000,4659.000,49.000,8.000,8.000,0.000,0.000,0
2026-01-31 12:47:24,4550974,600.000,6833.000,4638.000,-86.000,-6.000,22.000,0.000,0.000,0
2026-01-31 12:47:24,4551014,576.000,6800.000,4683.000,-28.000,7.000,4.000,0.000,0.000,0
2026-01-31 12:47:25,4551054,607.000,6940.000,4672.000,48.000,10.000,9.000,0.000,0.000,0
2026-01-31 12:47:25,4551094,603.000,6903.000,4649.000,-14.000,5.000,-2.000,0.000,0.000,0
2026-01-31 12:47:25,4551134,626.000,6859.000,4692.000,-32.000,-10.000,32.000,0.000,0.000,0
2026-01-31 12:47:25,4551174,657.000,6835.000,4680.000,-19.000,4.000,3.000,0.000,0.000,0
2026-01-31 12:47:25,4551214,664.000,6765.000,4656.000,-10.000,14.000,15.000,0.000,0.000,0
2026-01-31 12:47:25,4551254,645.000,6858.000,4605.000,-8.000,7.000,7.000,0.000,0.000,0
2026-01-31 12:47:25,4551294,608.000,6857.000,4628.000,-28.000,4.000,-2.000,0.000,0.000,0
2026-01-31 12:47:25,4551334,640.000,6838.000,4645.000,-31.000,10.000,5.000,0.000,0.000,0
2026-01-31 12:47:25,4551374,628.000,6863.000,4635.000,-2.000,17.000,4.000,0.000,0.000,0
2026-01-31 12:47:25,4551414,652.000,6878.000,4650.000,-14.000,-1.000,16.000,0.000,0.000,0
2026-01-31 12:47:25,4551457,641.000,6720.000,4637.000,-57.000,6.000,1.000,0.000,0.000,0
2026-01-31 12:47:25,4551497,603.000,6740.000,4619.000,-22.000,1.000,-8.000,0.000,0.000,0
2026-01-31 12:47:25,4551534,598.000,6755.000,4631.000,-39.000,-6.000,-6.000,0.000,0.000,0
2026-01-31 12:47:25,4551574,607.000,6785.000,4708.000,-67.000,-17.000,-10.000,0.000,0.000,0
2026-01-31 12:47:25,4551614,633.000,6884.000,4709.000,21.000,-3.000,4.000,0.000,0.000,0
2026-01-31 12:47:25,4551654,605.000,6935.000,4710.000,41.000,27.000,-6.000,0.000,0.000,0
2026-01-31 12:47:25,4551694,609.000,6911.000,4703.000,21.000,19.000,17.000,0.000,0.000,0
2026-01-31 12:47:25,4551734,618.000,6784.000,4652.000,20.000,15.000,21.000,0.000,0.000,0
2026-01-31 12:47:25,4551774,579.000,6858.000,4638.000,54.000,0.000,11.000,0.000,0.000,0
2026-01-31 12:47:25,4551814,614.000,6840.000,4674.000,-40.000,-18.000,20.000,0.000,0.000,0
2026-01-31 12:47:25,4551854,623.000,6860.000,4703.000,-18.000,-26.000,8.000,0.000,0.000,0
2026-01-31 12:47:25,4551894,605.000,6912.000,4708.000,13.000,-9.000,5.000,0.000,0.000,0
2026-01-31 12:47:25,4551934,634.000,6848.000,4654.000,-11.000,6.000,21.000,0.000,0.000,0
2026-01-31 12:47:25,4551974,586.000,6839.000,4625.000,5.000,6.000,18.000,0.000,0.000,0
2026-01-31 12:47:25,4552014,599.000,6758.000,4626.000,-24.000,-7.000,27.000,0.000,0.000,0
2026-01-31 12:47:26,4552054,644.000,6711.000,4607.000,-25.000,-25.000,24.000,0.000,0.000,0
2026-01-31 12:47:26,4552094,662.000,6782.000,4659.000,-26.000,-30.000,22.000,0.000,0.000,0
2026-01-31 12:47:26,4552134,686.000,6849.000,4687.000,-35.000,-20.000,25.000,0.000,0.000,0
2026-01-31 12:47:26,4552174,690.000,6808.000,4671.000,-36.000,1.000,21.000,0.000,0.000,0
2026-01-31 12:47:26,4552214,625.000,6827.000,4622.000,34.000,21.000,17.000,0.000,0.000,0
2026-01-31 12:47:26,4552254,619.000,6801.000,4590.000,8.000,12.000,27.000,0.000,0.000,0
2026-01-31 12:47:26,4552294,659.000,6747.000,4565.000,1.000,2.000,23.000,0.000,0.000,0
2026-01-31 12:47:26,4552334,656.000,6903.000,4644.000,-5.000,-29.000,10.000,0.000,0.000,0
2026-01-31 12:47:26,4552374,731.000,6907.000,4694.000,-61.000,-30.000,7.000,0.000,0.000,0
2026-01-31 12:47:26,4552414,676.000,6842.000,4692.000,-15.000,13.000,-27.000,0.000,0.000,0
2026-01-31 12:47:26,4552454,630.000,6999.000,4681.000,6.000,-2.000,4.000,0.000,0.000,0
2026-01-31 12:47:26,4552494,647.000,6801.000,4663.000,-88.000,12.000,-2.000,0.000,0.000,0
2026-01-31 12:47:26,4552534,613.000,6814.000,4681.000,-29.000,9.000,5.000,0.000,0.000,0
2026-01-31 12:47:26,4552574,659.000,6876.000,4674.000,-16.000,-6.000,8.000,0.000,0.000,0
2026-01-31 12:47:26,4552614,656.000,6830.000,4660.000,-20.000,12.000,-18.000,0.000,0.000,0
2026-01-31 12:47:26,4552654,619.000,6831.000,4682.000,-34.000,12.000,-15.000,0.000,0.000,0
2026-01-31 12:47:26,4552694,585.000,6871.000,4733.000,-29.000,8.000,-20.000,0.000,0.000,0
2026-01-31 12:47:26,4552734,602.000,6709.000,4688.000,-10.000,32.000,-9.000,0.000,0.000,0
2026-01-31 12:47:26,4552774,585.000,6910.000,4667.000,84.000,18.000,-1.000,0.000,0.000,0
2026-01-31 12:47:26,4552814,640.000,6850.000,4645.000,-47.000,8.000,0.000,0.000,0.000,0
2026-01-31 12:47:26,4552854,559.000,6752.000,4657.000,-37.000,35.000,-40.000,0.000,0.000,0
2026-01-31 12:47:26,4552894,622.000,6934.000,4722.000,15.000,19.000,-16.000,0.000,0.000,0
2026-01-31 12:47:26,4552934,739.000,6834.000,4702.000,-6.000,102.000,-190.000,0.000,0.000,0
2026-01-31 12:47:26,4552974,611.000,6830.000,4658.000,99.000,238.000,-456.000,0.000,0.000,0
2026-01-31 12:47:26,4553014,382.000,7167.000,4626.000,-61.000,436.000,-726.000,0.000,0.000,0
2026-01-31 12:47:27,4553054,266.000,7027.000,4603.000,-772.000,396.000,-641.000,0.000,0.000,0
2026-01-31 12:47:27,4553094,309.000,6654.000,4885.000,-1438.000,324.000,-826.000,0.000,0.000,0
2026-01-31 12:47:27,4553134,163.000,6747.000,5023.000,-968.000,371.000,-807.000,0.000,0.000,0
2026-01-31 12:47:27,4553174,272.000,6389.000,4934.000,-1352.000,485.000,-783.000,0.000,0.000,0
2026-01-31 12:47:27,4553214,163.000,6460.000,5069.000,-1043.000,374.000,-552.000,0.000,0.000,0
2026-01-31 12:47:27,4553254,92.000,6190.000,5235.000,-930.000,277.000,-380.000,0.000,0.000,0
2026-01-31 12:47:27,4553294,105.000,6342.000,5255.000,-256.000,210.000,-166.000,0.000,0.000,0
2026-01-31 12:47:27,4553334,49.000,6249.000,5232.000,-408.000,243.000,-106.000,0.000,0.000,0
2026-01-31 12:47:27,4553374,-112.000,6238.000,5104.000,-143.000,165.000,-67.000,0.000,0.000,0
2026-01-31 12:47:27,4553414,-105.000,6890.000,5234.000,-108.000,70.000,-60.000,0.000,0.000,0
2026-01-31 12:47:27,4553455,-172.000,6288.000,5341.000,-666.000,-30.000,-83.000,0.000,0.000,0
2026-01-31 12:47:27,4553494,-112.000,6181.000,5303.000,-347.000,-46.000,21.000,0.000,0.000,0
2026-01-31 12:47:27,4553534,-2.000,6512.000,5350.000,-268.000,-100.000,14.000,0.000,0.000,0
2026-01-31 12:47:27,4553574,57.000,6232.000,5385.000,-442.000,-114.000,-64.000,0.000,0.000,0
2026-01-31 12:47:27,4553617,-60.000,6251.000,5540.000,-156.000,-75.000,-12.000,0.000,0.000,0
2026-01-31 12:47:27,4553654,-16.000,6373.000,5492.000,-75.000,-64.000,24.000,0.000,0.000,0
2026-01-31 12:47:27,4553694,-47.000,6245.000,5454.000,-177.000,-21.000,25.000,0.000,0.000,0
2026-01-31 12:47:27,4553734,-159.000,6303.000,5611.000,-59.000,-20.000,57.000,0.000,0.000,0
2026-01-31 12:47:27,4553774,-167.000,6443.000,5502.000,-139.000,-29.000,9.000,0.000,0.000,0
2026-01-31 12:47:27,4553814,-132.000,6217.000,5534.000,-274.000,-38.000,8.000,0.000,0.000,0
2026-01-31 12:47:27,4553854,-20.000,6367.000,5556.000,-225.000,-109.000,72.000,0.000,0.000,0
2026-01-31 12:47:27,4553894,20.000,6272.000,5532.000,-392.000,-50.000,-19.000,0.000,0.000,0
2026-01-31 12:47:27,4553934,-162.000,6088.000,5606.000,-422.000,-73.000,-39.000,0.000,0.000,0
2026-01-31 12:47:27,4553974,-34.000,6157.000,5612.000,-239.000,-156.000,52.000,0.000,0.000,0
2026-01-31 12:47:27,4554014,49.000,6195.000,5644.000,-326.000,-141.000,12.000,0.000,0.000,0
2026-01-31 12:47:28,4554054,128.000,6092.000,5865.000,-302.000,-87.000,17.000,0.000,0.000,0
2026-01-31 12:47:28,4554094,107.000,5915.000,5737.000,218.000,126.000,-67.000,0.000,0.000,0
2026-01-31 12:47:28,4554134,-173.000,6125.000,5395.000,719.000,210.000,-59.000,0.000,0.000,0
2026-01-31 12:47:28,4554174,-84.000,6515.000,5428.000,71.000,4.000,19.000,0.000,0.000,0
2026-01-31 12:47:28,4554214,-44.000,5788.000,5565.000,-301.000,-30.000,-2.000,0.000,0.000,0
2026-01-31 12:47:28,4554254,27.000,6398.000,5605.000,95.000,-32.000,18.000,0.000,0.000,0
2026-01-31 12:47:28,4554294,47.000,6174.000,5580.000,-58.000,5.000,-14.000,0.000,0.000,0
2026-01-31 12:47:28,4554334,-31.000,6123.000,5500.000,-7.000,12.000,25.000,0.000,0.000,0
2026-01-31 12:47:28,4554374,-31.000,6120.000,5530.000,14.000,3.000,30.000,0.000,0.000,0
2026-01-31 12:47:28,4554414,-23.000,6170.000,5572.000,-11.000,7.000,3.000,0.000,0.000,0
2026-01-31 12:47:28,4554454,14.000,6124.000,5549.000,78.000,32.000,23.000,0.000,0.000,0
2026-01-31 12:47:28,4554494,56.000,6287.000,5532.000,128.000,21.000,36.000,0.000,0.000,0
2026-01-31 12:47:28,4554534,-9.000,6328.000,5497.000,77.000,35.000,5.000,0.000,0.000,0
2026-01-31 12:47:28,4554574,-25.000,6217.000,5527.000,16.000,-9.000,33.000,0.000,0.000,0
2026-01-31 12:47:28,4554614,-9.000,6166.000,5528.000,-50.000,-18.000,14.000,0.000,0.000,0
2026-01-31 12:47:28,4554654,3.000,6093.000,5502.000,8.000,-27.000,38.000,0.000,0.000,0
2026-01-31 12:47:28,4554694,77.000,6033.000,5522.000,150.000,-48.000,79.000,0.000,0.000,0
2026-01-31 12:47:28,4554734,82.000,6218.000,5633.000,394.000,-20.000,106.000,0.000,0.000,0
2026-01-31 12:47:28,4554774,47.000,6043.000,5490.000,803.000,15.000,214.000,0.000,0.000,0
2026-01-31 12:47:28,4554814,2.000,6268.000,5333.000,1306.000,-56.000,326.000,0.000,0.000,0
2026-01-31 12:47:28,4554854,69.000,6781.000,5214.000,1146.000,-176.000,443.000,0.000,0.000,0
2026-01-31 12:47:28,4554894,237.000,6802.000,5207.000,535.000,-77.000,354.000,0.000,0.000,0
2026-01-31 12:47:28,4554934,163.000,6380.000,5291.000,366.000,42.000,192.000,0.000,0.000,0
2026-01-31 12:47:28,4554974,49.000,6596.000,5106.000,581.000,0.000,210.000,0.000,0.000,0
2026-01-31 12:47:28,4555014,71.000,6901.000,5122.000,103.000,-140.000,258.000,0.000,0.000,0
2026-01-31 12:47:29,4555054,171.000,6502.000,5032.000,-158.000,-165.000,287.000,0.000,0.000,0
2026-01-31 12:47:29,4555094,178.000,6310.000,5068.000,-134.000,-173.000,276.000,0.000,0.000,0
2026-01-31 12:47:29,4555134,236.000,6722.000,5161.000,8.000,-211.000,309.000,0.000,0.000,0
2026-01-31 12:47:29,4555174,343.000,6395.000,5084.000,-172.000,-265.000,304.000,0.000,0.000,0
2026-01-31 12:47:29,4555214,419.000,6644.000,5241.000,-17.000,-230.000,335.000,0.000,0.000,0
2026-01-31 12:47:29,4555254,562.000,6312.000,5074.000,-263.000,-185.000,271.000,0.000,0.000,0
2026-01-31 12:47:29,4555294,412.000,6260.000,5177.000,-509.000,-332.000,354.000,0.000,0.000,0
2026-01-31 12:47:29,4555334,513.000,6733.000,5385.000,-238.000,-404.000,481.000,0.000,0.000,0
2026-01-31 12:47:29,4555374,422.000,5915.000,5233.000,-346.000,14.000,253.000,0.000,0.000,0
2026-01-31 12:47:29,4555414,483.000,6442.000,5265.000,307.000,-43.000,433.000,0.000,0.000,0
2026-01-31 12:47:29,4555454,609.000,6579.000,5140.000,273.000,-72.000,445.000,0.000,0.000,0
2026-01-31 12:47:29,4555494,721.000,6488.000,5168.000,22.000,-75.000,358.000,0.000,0.000,0
2026-01-31 12:47:29,4555534,670.000,6464.000,5182.000,204.000,22.000,62.000,0.000,0.000,0
2026-01-31 12:47:29,4555574,526.000,6659.000,5114.000,185.000,-15.000,-64.000,0.000,0.000,0
2026-01-31 12:47:29,4555617,846.000,6368.000,5298.000,-203.000,-160.000,196.000,0.000,0.000,0
2026-01-31 12:47:29,4555654,917.000,6191.000,5285.000,-45.000,-94.000,159.000,0.000,0.000,0
2026-01-31 12:47:29,4555694,780.000,6446.000,5117.000,374.000,69.000,-28.000,0.000,0.000,0
2026-01-31 12:47:29,4555734,600.000,6696.000,4994.000,130.000,50.000,-18.000,0.000,0.000,0
2026-01-31 12:47:29,4555774,669.000,6412.000,5185.000,-346.000,-84.000,110.000,0.000,0.000,0
2026-01-31 12:47:29,4555814,734.000,6381.000,5225.000,-205.000,-121.000,61.000,0.000,0.000,0
2026-01-31 12:47:29,4555854,732.000,6535.000,5217.000,-134.000,-103.000,52.000,0.000,0.000,0
2026-01-31 12:47:29,4555894,732.000,6455.000,5166.000,-280.000,-112.000,110.000,0.000,0.000,0
2026-01-31 12:47:29,4555934,766.000,6488.000,5205.000,-321.000,-167.000,110.000,0.000,0.000,0
2026-01-31 12:47:29,4555974,792.000,6452.000,5290.000,-399.000,-163.000,81.000,0.000,0.000,0
2026-01-31 12:47:29,4556014,810.000,6312.000,5320.000,-400.000,-117.000,157.000,0.000,0.000,0
2026-01-31 12:47:30,4556054,909.000,6403.000,5307.000,-247.000,-132.000,213.000,0.000,0.000,0
2026-01-31 12:47:30,4556094,863.000,6310.000,5260.000,-168.000,-19.000,54.000,0.000,0.000,0
2026-01-31 12:47:30,4556134,728.000,6400.000,5383.000,-293.000,-75.000,-34.000,0.000,0.000,0
2026-01-31 12:47:30,4556174,793.000,6104.000,5426.000,-289.000,-59.000,23.000,0.000,0.000,0
2026-01-31 12:47:30,4556214,847.000,6160.000,5356.000,84.000,30.000,-29.000,0.000,0.000,0
2026-01-31 12:47:30,4556254,750.000,6275.000,5270.000,166.000,61.000,-79.000,0.000,0.000,0
2026-01-31 12:47:30,4556294,754.000,6271.000,5313.000,-79.000,5.000,-43.000,0.000,0.000,0
2026-01-31 12:47:30,4556334,756.000,6232.000,5390.000,-156.000,-19.000,-12.000,0.000,0.000,0
2026-01-31 12:47:30,4556374,796.000,6165.000,5385.000,-149.000,-40.000,0.000,0.000,0.000,0
2026-01-31 12:47:30,4556414,775.000,6167.000,5364.000,-23.000,11.000,2.000,0.000,0.000,0
2026-01-31 12:47:30,4556454,778.000,6303.000,5339.000,34.000,4.000,33.000,0.000,0.000,0
2026-01-31 12:47:30,4556494,804.000,6280.000,5343.000,-58.000,-15.000,9.000,0.000,0.000,0
2026-01-31 12:47:30,4556534,790.000,6368.000,5453.000,-69.000,-31.000,-5.000,0.000,0.000,0
2026-01-31 12:47:30,4556574,824.000,6246.000,5395.000,-37.000,-1.000,8.000,0.000,0.000,0
2026-01-31 12:47:30,4556614,831.000,6333.000,5382.000,74.000,31.000,10.000,0.000,0.000,0
2026-01-31 12:47:30,4556654,831.000,6371.000,5379.000,60.000,34.000,2.000,0.000,0.000,0
2026-01-31 12:47:30,4556694,836.000,6337.000,5379.000,49.000,33.000,-1.000,0.000,0.000,0
2026-01-31 12:47:30,4556734,842.000,6372.000,5400.000,42.000,36.000,18.000,0.000,0.000,0
2026-01-31 12:47:30,4556774,818.000,6321.000,5346.000,77.000,56.000,16.000,0.000,0.000,0
2026-01-31 12:47:30,4556814,795.000,6368.000,5292.000,107.000,47.000,-6.000,0.000,0.000,0
2026-01-31 12:47:30,4556854,830.000,6380.000,5308.000,28.000,14.000,4.000,0.000,0.000,0
2026-01-31 12:47:30,4556894,807.000,6311.000,5299.000,-16.000,13.000,-6.000,0.000,0.000,0
2026-01-31 12:47:30,4556934,776.000,6295.000,5295.000,-69.000,0.000,-11.000,0.000,0.000,0
2026-01-31 12:47:30,4556974,779.000,6271.000,5349.000,-124.000,-7.000,-31.000,0.000,0.000,0
2026-01-31 12:47:30,4557014,792.000,6245.000,5374.000,-85.000,1.000,-27.000,0.000,0.000,0
2026-01-31 12:47:31,4557054,763.000,6224.000,5348.000,-54.000,12.000,-13.000,0.000,0.000,0
2026-01-31 12:47:31,4557094,746.000,6229.000,5336.000,-31.000,19.000,-4.000,0.000,0.000,0
2026-01-31 12:47:31,4557134,718.000,6244.000,5356.000,-29.000,24.000,-15.000,0.000,0.000,0
2026-01-31 12:47:31,4557174,715.000,6303.000,5437.000,6.000,31.000,-24.000,0.000,0.000,0
2026-01-31 12:47:31,4557214,749.000,6378.000,5442.000,49.000,32.000,-2.000,0.000,0.000,0
2026-01-31 12:47:31,4557254,724.000,6279.000,5325.000,81.000,61.000,-1.000,0.000,0.000,0
2026-01-31 12:47:31,4557294,696.000,6420.000,5339.000,38.000,18.000,16.000,0.000,0.000,0
2026-01-31 12:47:31,4557334,744.000,6298.000,5386.000,-21.000,10.000,-6.000,0.000,0.000,0
2026-01-31 12:47:31,4557374,754.000,6319.000,5392.000,43.000,15.000,-7.000,0.000,0.000,0
2026-01-31 12:47:31,4557414,732.000,6317.000,5295.000,42.000,18.000,10.000,0.000,0.000,0
2026-01-31 12:47:31,4557454,704.000,6295.000,5273.000,-30.000,8.000,8.000,0.000,0.000,0
2026-01-31 12:47:31,4557494,727.000,6262.000,5323.000,-63.000,-9.000,4.000,0.000,0.000,0
2026-01-31 12:47:31,4557534,767.000,6260.000,5326.000,-19.000,-12.000,12.000,0.000,0.000,0
2026-01-31 12:47:31,4557574,758.000,6344.000,5321.000,4.000,6.000,11.000,0.000,0.000,0
2026-01-31 12:47:31,4557617,755.000,6308.000,5330.000,-13.000,2.000,29.000,0.000,0.000,0
2026-01-31 12:47:31,4557654,780.000,6325.000,5361.000,-17.000,-5.000,28.000,0.000,0.000,0
2026-01-31 12:47:31,4557694,827.000,6352.000,5396.000,11.000,-9.000,26.000,0.000,0.000,0
2026-01-31 12:47:31,4557734,820.000,6362.000,5330.000,99.000,34.000,19.000,0.000,0.000,0
2026-01-31 12:47:31,4557774,754.000,6485.000,5334.000,61.000,24.000,-1.000,0.000,0.000,0
2026-01-31 12:47:31,4557814,790.000,6339.000,5343.000,-48.000,10.000,19.000,0.000,0.000,0
2026-01-31 12:47:31,4557854,784.000,6318.000,5329.000,36.000,42.000,3.000,0.000,0.000,0
2026-01-31 12:47:31,4557894,721.000,6403.000,5266.000,73.000,43.000,-10.000,0.000,0.000,0
2026-01-31 12:47:31,4557934,716.000,6360.000,5248.000,-2.000,22.000,2.000,0.000,0.000,0
2026-01-31 12:47:31,4557974,764.000,6308.000,5275.000,-30.000,11.000,-3.000,0.000,0.000,0
2026-01-31 12:47:31,4558014,732.000,6267.000,5286.000,5.000,26.000,-34.000,0.000,0.000,0
2026-01-31 12:47:32,4558054,762.000,6298.000,5252.000,-19.000,5.000,17.000,0.000,0.000,0
2026-01-31 12:47:32,4558094,753.000,6315.000,5282.000,-33.000,1.000,0.000,0.000,0.000,0
2026-01-31 12:47:32,4558134,736.000,6312.000,5322.000,-29.000,-4.000,-7.000,0.000,0.000,0
2026-01-31 12:47:32,4558174,731.000,6297.000,5339.000,-38.000,-11.000,2.000,0.000,0.000,0
2026-01-31 12:47:32,4558214,747.000,6391.000,5378.000,-50.000,-19.000,26.000,0.000,0.000,0
2026-01-31 12:47:32,4558254,728.000,6270.000,5325.000,-11.000,21.000,4.000,0.000,0.000,0
2026-01-31 12:47:32,4558294,695.000,6463.000,5368.000,12.000,13.000,5.000,0.000,0.000,0
2026-01-31 12:47:32,4558334,758.000,6322.000,5342.000,-9.000,19.000,11.000,0.000,0.000,0
2026-01-31 12:47:32,4558374,738.000,6399.000,5317.000,74.000,21.000,10.000,0.000,0.000,0
2026-01-31 12:47:32,4558414,738.000,6389.000,5235.000,69.000,22.000,12.000,0.000,0.000,0
2026-01-31 12:47:32,4558454,760.000,6364.000,5267.000,-10.000,3.000,2.000,0.000,0.000,0
2026-01-31 12:47:32,4558494,764.000,6345.000,5278.000,-11.000,-1.000,11.000,0.000,0.000,0
2026-01-31 12:47:32,4558534,760.000,6182.000,5154.000,-4.000,15.000,13.000,0.000,0.000,0
2026-01-31 12:47:32,4558574,705.000,6364.000,5195.000,8.000,-6.000,2.000,0.000,0.000,0
2026-01-31 12:47:32,4558614,739.000,6255.000,5267.000,-119.000,-21.000,16.000,0.000,0.000,0
2026-01-31 12:47:32,4558654,739.000,6267.000,5312.000,-29.000,-14.000,3.000,0.000,0.000,0
2026-01-31 12:47:32,4558694,753.000,6257.000,5251.000,1.000,6.000,27.000,0.000,0.000,0
2026-01-31 12:47:32,4558734,730.000,6416.000,5279.000,49.000,14.000,-1.000,0.000,0.000,0
2026-01-31 12:47:32,4558774,761.000,6368.000,5306.000,-34.000,-5.000,10.000,0.000,0.000,0
2026-01-31 12:47:32,4558814,775.000,6460.000,5387.000,8.000,-8.000,16.000,0.000,0.000,0
2026-01-31 12:47:32,4558854,775.000,6366.000,5330.000,6.000,8.000,10.000,0.000,0.000,0
2026-01-31 12:47:32,4558894,749.000,6456.000,5358.000,6.000,-4.000,6.000,0.000,0.000,0
2026-01-31 12:47:32,4558934,762.000,6369.000,5329.000,-22.000,0.000,10.000,0.000,0.000,0
2026-01-31 12:47:32,4558974,754.000,6406.000,5320.000,0.000,3.000,16.000,0.000,0.000,0
2026-01-31 12:47:32,4559014,741.000,6299.000,5236.000,13.000,33.000,15.000,0.000,0.000,0
2026-01-31 12:47:33,4559054,720.000,6367.000,5207.000,23.000,21.000,0.000,0.000,0.000,0
2026-01-31 12:47:33,4559094,721.000,6285.000,5217.000,-20.000,7.000,6.000,0.000,0.000,0
2026-01-31 12:47:33,4559134,750.000,6351.000,5263.000,8.000,-2.000,10.000,0.000,0.000,0
2026-01-31 12:47:33,4559174,760.000,6300.000,5220.000,33.000,17.000,3.000,0.000,0.000,0
2026-01-31 12:47:33,4559214,758.000,6365.000,5254.000,-9.000,-10.000,15.000,0.000,0.000,0
2026-01-31 12:47:33,4559254,755.000,6250.000,5284.000,-45.000,-12.000,3.000,0.000,0.000,0
2026-01-31 12:47:33,4559294,783.000,6405.000,5326.000,-25.000,-19.000,26.000,0.000,0.000,0
2026-01-31 12:47:33,4559334,766.000,6348.000,5301.000,-18.000,12.000,-3.000,0.000,0.000,0
2026-01-31 12:47:33,4559374,731.000,6324.000,5275.000,-6.000,17.000,3.000,0.000,0.000,0
2026-01-31 12:47:33,4559414,712.000,6491.000,5320.000,-14.000,-17.000,10.000,0.000,0.000,0
2026-01-31 12:47:33,4559454,784.000,6301.000,5316.000,-79.000,9.000,32.000,0.000,0.000,0
2026-01-31 12:47:33,4559494,718.000,6425.000,5288.000,91.000,55.000,-9.000,0.000,0.000,0
2026-01-31 12:47:33,4559534,681.000,6506.000,5274.000,13.000,22.000,-1.000,0.000,0.000,0
2026-01-31 12:47:33,4559574,759.000,6375.000,5314.000,6.000,18.000,9.000,0.000,0.000,0
2026-01-31 12:47:33,4559619,654.000,6400.000,5236.000,57.000,32.000,-30.000,0.000,0.000,0
2026-01-31 12:47:33,4559654,680.000,6473.000,5267.000,16.000,-3.000,-15.000,0.000,0.000,0
2026-01-31 12:47:33,4559694,766.000,6326.000,5317.000,-63.000,-13.000,24.000,0.000,0.000,0
2026-01-31 12:47:33,4559734,745.000,6380.000,5298.000,43.000,14.000,-1.000,0.000,0.000,0
2026-01-31 12:47:33,4559774,687.000,6330.000,5199.000,37.000,27.000,13.000,0.000,0.000,0
2026-01-31 12:47:33,4559814,714.000,6318.000,5232.000,-56.000,-18.000,27.000,0.000,0.000,0
2026-01-31 12:47:33,4559854,737.000,6254.000,5287.000,-46.000,-6.000,6.000,0.000,0.000,0
2026-01-31 12:47:33,4559894,771.000,6390.000,5263.000,17.000,-6.000,21.000,0.000,0.000,0
2026-01-31 12:47:33,4559934,730.000,6310.000,5172.000,18.000,30.000,6.000,0.000,0.000,0
2026-01-31 12:47:33,4559974,719.000,6315.000,5225.000,-33.000,-3.000,4.000,0.000,0.000,0
2026-01-31 12:47:33,4560014,765.000,6457.000,5324.000,-9.000,-11.000,17.000,0.000,0.000,0
2026-01-31 12:47:34,4560054,801.000,6312.000,5241.000,21.000,44.000,22.000,0.000,0.000,0
2026-01-31 12:47:34,4560094,715.000,6454.000,5179.000,117.000,47.000,4.000,0.000,0.000,0
2026-01-31 12:47:34,4560134,760.000,6445.000,5189.000,-17.000,9.000,19.000,0.000,0.000,0
2026-01-31 12:47:34,4560174,750.000,6348.000,5237.000,-21.000,16.000,5.000,0.000,0.000,0
2026-01-31 12:47:34,4560214,754.000,6478.000,5246.000,70.000,27.000,6.000,0.000,0.000,0
2026-01-31 12:47:34,4560254,719.000,6511.000,5185.000,66.000,34.000,-26.000,0.000,0.000,0
2026-01-31 12:47:34,4560294,749.000,6288.000,5176.000,-71.000,13.000,3.000,0.000,0.000,0
2026-01-31 12:47:34,4560334,717.000,6424.000,5260.000,-40.000,0.000,-2.000,0.000,0.000,0
2026-01-31 12:47:34,4560374,748.000,6503.000,5328.000,-65.000,-8.000,-13.000,0.000,0.000,0
2026-01-31 12:47:34,4560414,793.000,6378.000,5298.000,-85.000,16.000,5.000,0.000,0.000,0
2026-01-31 12:47:34,4560454,684.000,6475.000,5277.000,-12.000,25.000,-33.000,0.000,0.000,0
2026-01-31 12:47:34,4560494,673.000,6357.000,5228.000,-77.000,4.000,10.000,0.000,0.000,0
2026-01-31 12:47:34,4560534,670.000,6371.000,5310.000,-37.000,7.000,-13.000,0.000,0.000,0
2026-01-31 12:47:34,4560574,695.000,6441.000,5370.000,-54.000,-7.000,-3.000,0.000,0.000,0
2026-01-31 12:47:34,4560614,682.000,6361.000,5284.000,35.000,36.000,-9.000,0.000,0.000,0
2026-01-31 12:47:34,4560654,625.000,6300.000,5146.000,41.000,48.000,-4.000,0.000,0.000,0
2026-01-31 12:47:34,4560694,610.000,6322.000,5136.000,4.000,6.000,10.000,0.000,0.000,0
2026-01-31 12:47:34,4560734,685.000,6382.000,5299.000,-10.000,0.000,-8.000,0.000,0.000,0
2026-01-31 12:47:34,4560774,698.000,6266.000,5144.000,31.000,45.000,14.000,0.000,0.000,0
2026-01-31 12:47:34,4560814,593.000,6382.000,5104.000,73.000,43.000,-20.000,0.000,0.000,0
2026-01-31 12:47:34,4560854,655.000,6323.000,5167.000,-64.000,-18.000,24.000,0.000,0.000,0
2026-01-31 12:47:34,4560894,727.000,6449.000,5331.000,-32.000,-35.000,18.000,0.000,0.000,0
2026-01-31 12:47:34,4560934,774.000,6351.000,5252.000,7.000,4.000,13.000,0.000,0.000,0
2026-01-31 12:47:34,4560974,679.000,6462.000,5240.000,40.000,5.000,-1.000,0.000,0.000,0
2026-01-31 12:47:34,4561014,732.000,6486.000,5311.000,-94.000,-44.000,58.000,0.000,0.000,0
2026-01-31 12:47:35,4561054,764.000,6463.000,5363.000,-53.000,-16.000,26.000,0.000,0.000,0
2026-01-31 12:47:35,4561094,720.000,6442.000,5256.000,22.000,9.000,7.000,0.000,0.000,0
2026-01-31 12:47:35,4561134,685.000,6468.000,5247.000,1.000,16.000,9.000,0.000,0.000,0
2026-01-31 12:47:35,4561174,718.000,6440.000,5251.000,-3.000,14.000,25.000,0.000,0.000,0
2026-01-31 12:47:35,4561214,721.000,6376.000,5193.000,48.000,40.000,-6.000,0.000,0.000,0
2026-01-31 12:47:35,4561254,704.000,6469.000,5207.000,20.000,18.000,0.000,0.000,0.000,0
2026-01-31 12:47:35,4561294,727.000,6238.000,5121.000,-13.000,44.000,-15.000,0.000,0.000,0
2026-01-31 12:47:35,4561334,621.000,6331.000,5109.000,34.000,25.000,-24.000,0.000,0.000,0
2026-01-31 12:47:35,4561374,673.000,6277.000,5133.000,-36.000,-12.000,7.000,0.000,0.000,0
2026-01-31 12:47:35,4561414,743.000,6331.000,5224.000,-30.000,-11.000,0.000,0.000,0.000,0
2026-01-31 12:47:35,4561457,710.000,6406.000,5165.000,36.000,23.000,1.000,0.000,0.000,0
2026-01-31 12:47:35,4561497,696.000,6416.000,5206.000,-43.000,-4.000,36.000,0.000,0.000,0
2026-01-31 12:47:35,4561534,720.000,6425.000,5225.000,-56.000,-12.000,39.000,0.000,0.000,0
2026-01-31 12:47:35,4561574,690.000,6410.000,5263.000,6.000,13.000,4.000,0.000,0.000,0
2026-01-31 12:47:35,4561614,686.000,6558.000,5275.000,67.000,20.000,-2.000,0.000,0.000,0
2026-01-31 12:47:35,4561654,687.000,6424.000,5197.000,106.000,42.000,-1.000,0.000,0.000,0
2026-01-31 12:47:35,4561694,734.000,6509.000,5190.000,98.000,17.000,26.000,0.000,0.000,0
2026-01-31 12:47:35,4561734,753.000,6420.000,5183.000,13.000,29.000,5.000,0.000,0.000,0
2026-01-31 12:47:35,4561774,750.000,6440.000,5177.000,-45.000,39.000,-10.000,0.000,0.000,0
2026-01-31 12:47:35,4561814,681.000,6336.000,5085.000,-43.000,40.000,-18.000,0.000,0.000,0
2026-01-31 12:47:35,4561854,746.000,6519.000,5171.000,-112.000,-32.000,19.000,0.000,0.000,0
2026-01-31 12:47:35,4561894,721.000,6298.000,5178.000,-187.000,-13.000,-11.000,0.000,0.000,0
2026-01-31 12:47:35,4561934,617.000,6278.000,5191.000,-167.000,-6.000,-36.000,0.000,0.000,0
2026-01-31 12:47:35,4561974,606.000,6378.000,5284.000,-190.000,-51.000,-39.000,0.000,0.000,0
2026-01-31 12:47:35,4562014,735.000,6362.000,5370.000,-192.000,-64.000,9.000,0.000,0.000,0
2026-01-31 12:47:36,4562054,736.000,6264.000,5280.000,-63.000,23.000,-13.000,0.000,0.000,0
2026-01-31 12:47:36,4562094,613.000,6510.000,5306.000,-14.000,17.000,-18.000,0.000,0.000,0
2026-01-31 12:47:36,4562134,659.000,6336.000,5310.000,-155.000,-4.000,17.000,0.000,0.000,0
2026-01-31 12:47:36,4562174,664.000,6346.000,5356.000,10.000,30.000,-4.000,0.000,0.000,0
2026-01-31 12:47:36,4562214,617.000,6418.000,5260.000,116.000,67.000,-18.000,0.000,0.000,0
2026-01-31 12:47:36,4562254,503.000,6376.000,5346.000,-75.000,10.000,-1.000,0.000,0.000,0
2026-01-31 12:47:36,4562294,560.000,6292.000,5344.000,-27.000,14.000,-8.000,0.000,0.000,0
2026-01-31 12:47:36,4562334,551.000,6363.000,5304.000,185.000,16.000,-1.000,0.000,0.000,0
2026-01-31 12:47:36,4562374,664.000,6545.000,5273.000,113.000,-24.000,61.000,0.000,0.000,0
2026-01-31 12:47:36,4562414,718.000,6447.000,5314.000,-38.000,-38.000,49.000,0.000,0.000,0
2026-01-31 12:47:36,4562454,704.000,6339.000,5276.000,-6.000,-2.000,43.000,0.000,0.000,0
2026-01-31 12:47:36,4562494,644.000,6490.000,5244.000,108.000,-1.000,56.000,0.000,0.000,0
2026-01-31 12:47:36,4562534,756.000,6513.000,5251.000,-19.000,-45.000,76.000,0.000,0.000,0
2026-01-31 12:47:36,4562574,782.000,6256.000,5186.000,-20.000,-5.000,35.000,0.000,0.000,0
2026-01-31 12:47:36,4562614,714.000,6322.000,5089.000,50.000,1.000,29.000,0.000,0.000,0
2026-01-31 12:47:36,4562654,826.000,6530.000,5189.000,-44.000,-65.000,59.000,0.000,0.000,0
2026-01-31 12:47:36,4562694,933.000,6207.000,5101.000,-32.000,3.000,41.000,0.000,0.000,0
2026-01-31 12:47:36,4562734,768.000,6296.000,5003.000,53.000,37.000,9.000,0.000,0.000,0
2026-01-31 12:47:36,4562774,665.000,6394.000,5066.000,-59.000,-11.000,-8.000,0.000,0.000,0
2026-01-31 12:47:36,4562814,756.000,6317.000,5266.000,-201.000,-49.000,4.000,0.000,0.000,0
2026-01-31 12:47:36,4562854,833.000,6428.000,5293.000,-11.000,2.000,-12.000,0.000,0.000,0
2026-01-31 12:47:36,4562894,687.000,6328.000,5082.000,109.000,64.000,-48.000,0.000,0.000,0
2026-01-31 12:47:36,4562934,637.000,6673.000,5274.000,-114.000,-42.000,-1.000,0.000,0.000,0
2026-01-31 12:47:36,4562974,719.000,6216.000,5372.000,-248.000,-20.000,-26.000,0.000,0.000,0
2026-01-31 12:47:36,4563014,686.000,6470.000,5301.000,114.000,54.000,-17.000,0.000,0.000,0
2026-01-31 12:47:37,4563054,626.000,6473.000,5225.000,45.000,51.000,-20.000,0.000,0.000,0
2026-01-31 12:47:37,4563094,612.000,6521.000,5358.000,-123.000,-12.000,4.000,0.000,0.000,0
2026-01-31 12:47:37,4563134,647.000,6358.000,5385.000,-85.000,11.000,-25.000,0.000,0.000,0
2026-01-31 12:47:37,4563174,594.000,6354.000,5269.000,84.000,45.000,-21.000,0.000,0.000,0
2026-01-31 12:47:37,4563214,543.000,6470.000,5258.000,43.000,-3.000,12.000,0.000,0.000,0
2026-01-31 12:47:37,4563254,643.000,6509.000,5371.000,-126.000,-60.000,20.000,0.000,0.000,0
2026-01-31 12:47:37,4563294,685.000,6200.000,5307.000,1.000,12.000,6.000,0.000,0.000,0
2026-01-31 12:47:37,4563334,672.000,6556.000,5262.000,137.000,-15.000,47.000,0.000,0.000,0
2026-01-31 12:47:37,4563374,671.000,6370.000,5244.000,-73.000,-38.000,23.000,0.000,0.000,0
2026-01-31 12:47:37,4563417,566.000,6458.000,5321.000,50.000,-37.000,38.000,0.000,0.000,0
2026-01-31 12:47:37,4563457,742.000,6526.000,5310.000,-42.000,-55.000,43.000,0.000,0.000,0
2026-01-31 12:47:37,4563497,752.000,6097.000,5150.000,44.000,39.000,19.000,0.000,0.000,0
2026-01-31 12:47:37,4563534,646.000,6316.000,5145.000,128.000,16.000,40.000,0.000,0.000,0
2026-01-31 12:47:37,4563574,624.000,6549.000,5220.000,0.000,-39.000,51.000,0.000,0.000,0
2026-01-31 12:47:37,4563614,794.000,6262.000,5261.000,-73.000,0.000,24.000,0.000,0.000,0
2026-01-31 12:47:37,4563654,777.000,6469.000,5257.000,92.000,37.000,28.000,0.000,0.000,0
2026-01-31 12:47:37,4563694,740.000,6283.000,5035.000,114.000,67.000,8.000,0.000,0.000,0
2026-01-31 12:47:37,4563734,724.000,6557.000,5155.000,33.000,-27.000,25.000,0.000,0.000,0
2026-01-31 12:47:37,4563774,879.000,6217.000,5231.000,-65.000,23.000,7.000,0.000,0.000,0
2026-01-31 12:47:37,4563814,707.000,6341.000,5109.000,140.000,57.000,-26.000,0.000,0.000,0
2026-01-31 12:47:37,4563854,678.000,6505.000,5166.000,-54.000,-44.000,28.000,0.000,0.000,0
2026-01-31 12:47:37,4563894,851.000,6412.000,5359.000,-204.000,-55.000,23.000,0.000,0.000,0
2026-01-31 12:47:37,4563934,871.000,6300.000,5230.000,62.000,63.000,-22.000,0.000,0.000,0
2026-01-31 12:47:37,4563974,704.000,6474.000,5092.000,87.000,59.000,-24.000,0.000,0.000,0
2026-01-31 12:47:37,4564014,661.000,6347.000,5194.000,-164.000,-18.000,14.000,0.000,0.000,0
2026-01-31 12:47:38,4564054,760.000,6458.000,5410.000,-127.000,-14.000,-7.000,0.000,0.000,0
2026-01-31 12:47:38,4564094,761.000,6332.000,5240.000,103.000,100.000,-47.000,0.000,0.000,0
2026-01-31 12:47:38,4564134,624.000,6400.000,5042.000,131.000,90.000,-22.000,0.000,0.000,0
2026-01-31 12:47:38,4564174,652.000,6412.000,5288.000,-145.000,-27.000,-7.000,0.000,0.000,0
2026-01-31 12:47:38,4564214,737.000,6340.000,5364.000,3.000,52.000,-51.000,0.000,0.000,0
2026-01-31 12:47:38,4564254,698.000,6454.000,5184.000,143.000,79.000,-26.000,0.000,0.000,0
2026-01-31 12:47:38,4564294,600.000,6371.000,5094.000,-19.000,39.000,-10.000,0.000,0.000,0
2026-01-31 12:47:38,4564334,569.000,6305.000,5248.000,-127.000,-19.000,-20.000,0.000,0.000,0
2026-01-31 12:47:38,4564374,687.000,6561.000,5464.000,-67.000,-44.000,-14.000,0.000,0.000,0
2026-01-31 12:47:38,4564414,768.000,6268.000,5270.000,4.000,47.000,-6.000,0.000,0.000,0
2026-01-31 12:47:38,4564454,574.000,6329.000,5099.000,109.000,73.000,-26.000,0.000,0.000,0
2026-01-31 12:47:38,4564494,543.000,6535.000,5252.000,-94.000,-61.000,25.000,0.000,0.000,0
2026-01-31 12:47:38,4564534,772.000,6288.000,5444.000,-203.000,0.000,22.000,0.000,0.000,0
2026-01-31 12:47:38,4564574,666.000,6395.000,5173.000,242.000,98.000,6.000,0.000,0.000,0
2026-01-31 12:47:38,4564614,516.000,6371.000,4986.000,108.000,49.000,1.000,0.000,0.000,0
2026-01-31 12:47:38,4564654,576.000,6543.000,5306.000,-170.000,-105.000,64.000,0.000,0.000,0
2026-01-31 12:47:38,4564694,782.000,6325.000,5437.000,-73.000,-19.000,15.000,0.000,0.000,0
2026-01-31 12:47:38,4564734,771.000,6185.000,5049.000,306.000,134.000,-27.000,0.000,0.000,0
2026-01-31 12:47:38,4564774,546.000,6456.000,4903.000,210.000,62.000,19.000,0.000,0.000,0
2026-01-31 12:47:38,4564814,683.000,6555.000,5189.000,-209.000,-112.000,81.000,0.000,0.000,0
2026-01-31 12:47:38,4564854,864.000,6274.000,5355.000,-115.000,-16.000,4.000,0.000,0.000,0
2026-01-31 12:47:38,4564894,798.000,6358.000,5123.000,217.000,89.000,2.000,0.000,0.000,0
2026-01-31 12:47:38,4564934,611.000,6518.000,5052.000,-74.000,-36.000,36.000,0.000,0.000,0
2026-01-31 12:47:38,4564974,777.000,6433.000,5314.000,-237.000,-80.000,21.000,0.000,0.000,0
2026-01-31 12:47:38,4565014,803.000,6292.000,5291.000,21.000,35.000,-45.000,0.000,0.000,0
2026-01-31 12:47:39,4565054,716.000,6525.000,5136.000,106.000,49.000,17.000,0.000,0.000,0
2026-01-31 12:47:39,4565094,677.000,6398.000,5041.000,-60.000,19.000,6.000,0.000,0.000,0
2026-01-31 12:47:39,4565134,628.000,6432.000,5261.000,-125.000,-18.000,-43.000,0.000,0.000,0
2026-01-31 12:47:39,4565174,738.000,6391.000,5358.000,-98.000,2.000,-10.000,0.000,0.000,0
2026-01-31 12:47:39,4565214,681.000,6386.000,5217.000,57.000,71.000,-27.000,0.000,0.000,0
2026-01-31 12:47:39,4565254,504.000,6427.000,5114.000,67.000,64.000,-36.000,0.000,0.000,0
2026-01-31 12:47:39,4565294,680.000,6368.000,5346.000,-119.000,-49.000,9.000,0.000,0.000,0
2026-01-31 12:47:39,4565334,701.000,6504.000,5386.000,73.000,40.000,-26.000,0.000,0.000,0
2026-01-31 12:47:39,4565374,606.000,6388.000,5110.000,172.000,81.000,-22.000,0.000,0.000,0
2026-01-31 12:47:39,4565414,529.000,6518.000,5135.000,-2.000,-15.000,8.000,0.000,0.000,0
2026-01-31 12:47:39,4565454,690.000,6375.000,5317.000,-163.000,-54.000,52.000,0.000,0.000,0
2026-01-31 12:47:39,4565494,685.000,6301.000,5234.000,96.000,49.000,-17.000,0.000,0.000,0
2026-01-31 12:47:39,4565534,577.000,6433.000,5057.000,141.000,38.000,6.000,0.000,0.000,0
2026-01-31 12:47:39,4565574,612.000,6458.000,5160.000,-131.000,-61.000,67.000,0.000,0.000,0
2026-01-31 12:47:39,4565614,717.000,6225.000,5230.000,-67.000,-6.000,18.000,0.000,0.000,0
2026-01-31 12:47:39,4565654,667.000,6547.000,5213.000,132.000,14.000,-4.000,0.000,0.000,0
2026-01-31 12:47:39,4565694,717.000,6371.000,5172.000,-59.000,-4.000,43.000,0.000,0.000,0
2026-01-31 12:47:39,4565734,676.000,6521.000,5242.000,6.000,-18.000,5.000,0.000,0.000,0
2026-01-31 12:47:39,4565774,729.000,6370.000,5178.000,-21.000,12.000,20.000,0.000,0.000,0
2026-01-31 12:47:39,4565814,709.000,6378.000,5166.000,38.000,21.000,30.000,0.000,0.000,0
2026-01-31 12:47:39,4565854,778.000,6639.000,5194.000,26.000,-19.000,28.000,0.000,0.000,0
2026-01-31 12:47:39,4565894,728.000,6155.000,5054.000,-8.000,54.000,-45.000,0.000,0.000,0
2026-01-31 12:47:39,4565934,609.000,6400.000,5105.000,20.000,12.000,21.000,0.000,0.000,0
2026-01-31 12:47:39,4565974,745.000,6620.000,5255.000,-119.000,-52.000,50.000,0.000,0.000,0
2026-01-31 12:47:39,4566014,734.000,6041.000,5120.000,7.000,96.000,-71.000,0.000,0.000,0
2026-01-31 12:47:40,4566054,605.000,6516.000,5098.000,123.000,31.000,-4.000,0.000,0.000,0
2026-01-31 12:47:40,4566094,633.000,6396.000,5257.000,-158.000,-5.000,6.000,0.000,0.000,0
2026-01-31 12:47:40,4566134,649.000,6363.000,5224.000,61.000,55.000,-21.000,0.000,0.000,0
2026-01-31 12:47:40,4566174,627.000,6617.000,5161.000,102.000,33.000,-46.000,0.000,0.000,0
2026-01-31 12:47:40,4566214,634.000,6433.000,5213.000,-129.000,-7.000,19.000,0.000,0.000,0
2026-01-31 12:47:40,4566254,594.000,6304.000,5208.000,-5.000,11.000,-16.000,0.000,0.000,0
2026-01-31 12:47:40,4566294,566.000,6564.000,5272.000,37.000,1.000,-24.000,0.000,0.000,0
2026-01-31 12:47:40,4566334,680.000,6487.000,5305.000,-121.000,-37.000,55.000,0.000,0.000,0
2026-01-31 12:47:40,4566374,640.000,6289.000,5160.000,52.000,45.000,0.000,0.000,0.000,0
2026-01-31 12:47:40,4566414,497.000,6718.000,5179.000,130.000,13.000,4.000,0.000,0.000,0
2026-01-31 12:47:40,4566454,773.000,6242.000,5275.000,-155.000,-10.000,46.000,0.000,0.000,0
2026-01-31 12:47:40,4566494,629.000,6383.000,5109.000,250.000,92.000,-2.000,0.000,0.000,0
2026-01-31 12:47:40,4566534,594.000,6769.000,5048.000,92.000,-7.000,33.000,0.000,0.000,0
2026-01-31 12:47:40,4566574,704.000,6262.000,5148.000,-231.000,-43.000,51.000,0.000,0.000,0
2026-01-31 12:47:40,4566614,675.000,6198.000,5071.000,109.000,50.000,6.000,0.000,0.000,0
2026-01-31 12:47:40,4566654,623.000,6527.000,4923.000,152.000,22.000,-17.000,0.000,0.000,0
2026-01-31 12:47:40,4566694,615.000,6295.000,5026.000,-111.000,-16.000,19.000,0.000,0.000,0
2026-01-31 12:47:40,4566734,784.000,6567.000,5219.000,-76.000,-56.000,58.000,0.000,0.000,0
2026-01-31 12:47:40,4566774,651.000,6147.000,4943.000,119.000,112.000,-49.000,0.000,0.000,0
2026-01-31 12:47:40,4566814,610.000,6641.000,5107.000,18.000,-14.000,49.000,0.000,0.000,0
2026-01-31 12:47:40,4566854,763.000,6476.000,5292.000,-170.000,-44.000,-7.000,0.000,0.000,0
2026-01-31 12:47:40,4566894,702.000,6473.000,5143.000,163.000,69.000,-36.000,0.000,0.000,0
2026-01-31 12:47:40,4566934,609.000,6781.000,5082.000,60.000,10.000,35.000,0.000,0.000,0
2026-01-31 12:47:40,4566974,632.000,6500.000,5221.000,-252.000,-37.000,24.000,0.000,0.000,0
2026-01-31 12:47:40,4567014,619.000,6348.000,5239.000,6.000,23.000,-29.000,0.000,0.000,0
2026-01-31 12:47:41,4567054,580.000,6583.000,5146.000,72.000,18.000,-10.000,0.000,0.000,0
2026-01-31 12:47:41,4567094,585.000,6560.000,5170.000,-74.000,-26.000,31.000,0.000,0.000,0
2026-01-31 12:47:41,4567134,591.000,6429.000,5154.000,-26.000,8.000,-3.000,0.000,0.000,0
2026-01-31 12:47:41,4567174,573.000,6359.000,5068.000,51.000,30.000,-22.000,0.000,0.000,0
2026-01-31 12:47:41,4567214,681.000,6694.000,5185.000,0.000,-49.000,70.000,0.000,0.000,0
2026-01-31 12:47:41,4567254,701.000,6293.000,5048.000,35.000,52.000,-19.000,0.000,0.000,0
2026-01-31 12:47:41,4567294,556.000,6432.000,5002.000,90.000,42.000,10.000,0.000,0.000,0
2026-01-31 12:47:41,4567334,629.000,6661.000,5152.000,-112.000,-83.000,77.000,0.000,0.000,0
2026-01-31 12:47:41,4567374,707.000,6224.000,5114.000,-65.000,3.000,-12.000,0.000,0.000,0
2026-01-31 12:47:41,4567417,546.000,6648.000,5004.000,65.000,12.000,27.000,0.000,0.000,0
2026-01-31 12:47:41,4567456,586.000,6544.000,5140.000,-168.000,-45.000,23.000,0.000,0.000,0
2026-01-31 12:47:41,4567494,630.000,6456.000,5213.000,-128.000,-35.000,-2.000,0.000,0.000,0
2026-01-31 12:47:41,4567534,626.000,6517.000,5165.000,81.000,29.000,-9.000,0.000,0.000,0
2026-01-31 12:47:41,4567574,591.000,6485.000,5066.000,4.000,16.000,37.000,0.000,0.000,0
2026-01-31 12:47:41,4567617,637.000,6603.000,5210.000,-3.000,-23.000,-14.000,0.000,0.000,0
2026-01-31 12:47:41,4567654,645.000,6634.000,5241.000,-13.000,-14.000,-21.000,0.000,0.000,0
2026-01-31 12:47:41,4567694,654.000,6435.000,5117.000,-24.000,35.000,48.000,0.000,0.000,0
2026-01-31 12:47:41,4567734,543.000,6363.000,4937.000,132.000,71.000,-10.000,0.000,0.000,0
2026-01-31 12:47:41,4567774,532.000,6648.000,5064.000,-6.000,-38.000,-2.000,0.000,0.000,0
2026-01-31 12:47:41,4567814,755.000,6455.000,5176.000,-146.000,-48.000,50.000,0.000,0.000,0
2026-01-31 12:47:41,4567854,692.000,6363.000,5008.000,171.000,95.000,-5.000,0.000,0.000,0
2026-01-31 12:47:41,4567894,598.000,6781.000,4900.000,162.000,28.000,13.000,0.000,0.000,0
2026-01-31 12:47:41,4567934,678.000,6312.000,4957.000,-211.000,-16.000,53.000,0.000,0.000,0
2026-01-31 12:47:41,4567974,695.000,6718.000,5159.000,74.000,0.000,14.000,0.000,0.000,0
2026-01-31 12:47:41,4568014,627.000,6424.000,4931.000,35.000,74.000,-40.000,0.000,0.000,0
2026-01-31 12:47:42,4568054,524.000,6591.000,5027.000,-56.000,-6.000,28.000,0.000,0.000,0
2026-01-31 12:47:42,4568094,669.000,6618.000,5143.000,-87.000,-47.000,18.000,0.000,0.000,0
2026-01-31 12:47:42,4568134,707.000,6443.000,5121.000,15.000,49.000,-54.000,0.000,0.000,0
2026-01-31 12:47:42,4568174,581.000,6743.000,5090.000,46.000,41.000,-2.000,0.000,0.000,0
2026-01-31 12:47:42,4568214,561.000,6498.000,5067.000,-127.000,13.000,2.000,0.000,0.000,0
2026-01-31 12:47:42,4568254,613.000,6629.000,5213.000,-11.000,4.000,-28.000,0.000,0.000,0
2026-01-31 12:47:42,4568294,709.000,6665.000,5166.000,12.000,29.000,-1.000,0.000,0.000,0
2026-01-31 12:47:42,4568334,620.000,6472.000,4959.000,1.000,77.000,-6.000,0.000,0.000,0
2026-01-31 12:47:42,4568374,529.000,6688.000,5057.000,-9.000,-20.000,3.000,0.000,0.000,0
2026-01-31 12:47:42,4568414,680.000,6533.000,5209.000,-180.000,-19.000,20.000,0.000,0.000,0
2026-01-31 12:47:42,4568454,571.000,6371.000,5031.000,71.000,96.000,-13.000,0.000,0.000,0
2026-01-31 12:47:42,4568494,426.000,6702.000,4917.000,136.000,30.000,-18.000,0.000,0.000,0
2026-01-31 12:47:42,4568534,514.000,6636.000,5153.000,-201.000,-81.000,34.000,0.000,0.000,0
2026-01-31 12:47:42,4568574,664.000,6499.000,5283.000,-113.000,-26.000,11.000,0.000,0.000,0
2026-01-31 12:47:42,4568614,518.000,6640.000,5110.000,193.000,59.000,-36.000,0.000,0.000,0
2026-01-31 12:47:42,4568654,517.000,6731.000,5078.000,-54.000,-19.000,56.000,0.000,0.000,0
2026-01-31 12:47:42,4568694,580.000,6536.000,5218.000,-156.000,-39.000,37.000,0.000,0.000,0
2026-01-31 12:47:42,4568734,572.000,6614.000,5123.000,141.000,47.000,-8.000,0.000,0.000,0
2026-01-31 12:47:42,4568774,583.000,6686.000,5092.000,-27.000,-2.000,65.000,0.000,0.000,0
2026-01-31 12:47:42,4568814,604.000,6496.000,5086.000,-43.000,13.000,51.000,0.000,0.000,0
2026-01-31 12:47:42,4568854,603.000,6592.000,5026.000,140.000,28.000,-8.000,0.000,0.000,0
2026-01-31 12:47:42,4568894,658.000,6633.000,5026.000,10.000,-10.000,40.000,0.000,0.000,0
2026-01-31 12:47:42,4568934,652.000,6484.000,5015.000,-16.000,29.000,45.000,0.000,0.000,0
2026-01-31 12:47:42,4568974,620.000,6553.000,4923.000,104.000,36.000,3.000,0.000,0.000,0
2026-01-31 12:47:42,4569014,643.000,6620.000,4996.000,-41.000,-19.000,9.000,0.000,0.000,0
2026-01-31 12:47:43,4569054,666.000,6482.000,5060.000,-132.000,-11.000,43.000,0.000,0.000,0
2026-01-31 12:47:43,4569094,598.000,6702.000,5087.000,28.000,2.000,-41.000,0.000,0.000,0
2026-01-31 12:47:43,4569134,588.000,6504.000,5076.000,-107.000,-6.000,-44.000,0.000,0.000,0
2026-01-31 12:47:43,4569174,539.000,6670.000,5215.000,-79.000,-15.000,-17.000,0.000,0.000,0
2026-01-31 12:47:43,4569214,609.000,6772.000,5240.000,-13.000,13.000,-24.000,0.000,0.000,0
2026-01-31 12:47:43,4569254,623.000,6600.000,5120.000,5.000,77.000,5.000,0.000,0.000,0
2026-01-31 12:47:43,4569294,572.000,6685.000,5034.000,41.000,60.000,46.000,0.000,0.000,0
2026-01-31 12:47:43,4569334,546.000,6784.000,5103.000,45.000,29.000,-8.000,0.000,0.000,0
2026-01-31 12:47:43,4569374,673.000,6774.000,5208.000,-30.000,8.000,8.000,0.000,0.000,0
2026-01-31 12:47:43,4569414,618.000,6479.000,4960.000,97.000,86.000,5.000,0.000,0.000,0
2026-01-31 12:47:43,4569454,414.000,6680.000,4916.000,83.000,18.000,-26.000,0.000,0.000,0
2026-01-31 12:47:43,4569494,609.000,6431.000,5194.000,-216.000,-82.000,-4.000,0.000,0.000,0
2026-01-31 12:47:43,4569534,620.000,6345.000,5078.000,-16.000,17.000,-1.000,0.000,0.000,0
2026-01-31 12:47:43,4569574,444.000,6487.000,4857.000,158.000,58.000,-33.000,0.000,0.000,0
2026-01-31 12:47:43,4569617,663.000,6518.000,5162.000,-305.000,-76.000,71.000,0.000,0.000,0
2026-01-31 12:47:43,4569654,680.000,6428.000,5240.000,-200.000,-10.000,32.000,0.000,0.000,0
2026-01-31 12:47:43,4569694,552.000,6521.000,5027.000,177.000,103.000,-15.000,0.000,0.000,0
2026-01-31 12:47:43,4569734,424.000,6675.000,4883.000,88.000,52.000,11.000,0.000,0.000,0
2026-01-31 12:47:43,4569774,496.000,6520.000,5060.000,-200.000,-38.000,67.000,0.000,0.000,0
2026-01-31 12:47:43,4569814,591.000,6775.000,5256.000,57.000,-16.000,-22.000,0.000,0.000,0
2026-01-31 12:47:43,4569854,610.000,6590.000,5026.000,163.000,63.000,-32.000,0.000,0.000,0
2026-01-31 12:47:43,4569894,425.000,6703.000,5075.000,-68.000,-23.000,29.000,0.000,0.000,0
2026-01-31 12:47:43,4569934,510.000,6681.000,5277.000,-108.000,-41.000,-17.000,0.000,0.000,0
2026-01-31 12:47:43,4569974,632.000,6702.000,5293.000,-21.000,-6.000,27.000,0.000,0.000,0
2026-01-31 12:47:43,4570014,645.000,6692.000,5114.000,18.000,27.000,58.000,0.000,0.000,0
2026-01-31 12:47:44,4570054,491.000,6604.000,4970.000,32.000,39.000,-20.000,0.000,0.000,0
2026-01-31 12:47:44,4570094,544.000,6824.000,5206.000,-175.000,-82.000,34.000,0.000,0.000,0
2026-01-31 12:47:44,4570134,726.000,6416.000,5199.000,-162.000,-20.000,60.000,0.000,0.000,0
2026-01-31 12:47:44,4570174,517.000,6394.000,4906.000,248.000,116.000,-39.000,0.000,0.000,0
2026-01-31 12:47:44,4570214,482.000,6736.000,4836.000,53.000,-7.000,52.000,0.000,0.000,0
2026-01-31 12:47:44,4570254,747.000,6437.000,5122.000,-235.000,-64.000,55.000,0.000,0.000,0
2026-01-31 12:47:44,4570294,620.000,6445.000,4853.000,292.000,102.000,-31.000,0.000,0.000,0
2026-01-31 12:47:44,4570334,505.000,6650.000,4770.000,60.000,4.000,29.000,0.000,0.000,0
2026-01-31 12:47:44,4570374,602.000,6589.000,5061.000,-280.000,-103.000,58.000,0.000,0.000,0
2026-01-31 12:47:44,4570414,652.000,6460.000,5191.000,-60.000,-23.000,-44.000,0.000,0.000,0
2026-01-31 12:47:44,4570454,576.000,6692.000,5080.000,62.000,15.000,-31.000,0.000,0.000,0
2026-01-31 12:47:44,4570494,519.000,6623.000,5051.000,-156.000,-23.000,51.000,0.000,0.000,0
2026-01-31 12:47:44,4570534,526.000,6655.000,5227.000,-132.000,-35.000,-7.000,0.000,0.000,0
2026-01-31 12:47:44,4570574,645.000,6776.000,5317.000,-36.000,-18.000,-6.000,0.000,0.000,0
2026-01-31 12:47:44,4570614,704.000,6690.000,5175.000,15.000,34.000,63.000,0.000,0.000,0
2026-01-31 12:47:44,4570654,454.000,6648.000,4970.000,63.000,47.000,-4.000,0.000,0.000,0
2026-01-31 12:47:44,4570694,575.000,6841.000,5215.000,-167.000,-90.000,47.000,0.000,0.000,0
2026-01-31 12:47:44,4570734,736.000,6365.000,5170.000,-59.000,16.000,27.000,0.000,0.000,0
2026-01-31 12:47:44,4570774,491.000,6460.000,4834.000,269.000,102.000,-47.000,0.000,0.000,0
2026-01-31 12:47:44,4570814,378.000,6731.000,4953.000,-72.000,-54.000,-3.000,0.000,0.000,0
2026-01-31 12:47:44,4570854,669.000,6524.000,5281.000,-439.000,-152.000,87.000,0.000,0.000,0
2026-01-31 12:47:44,4570894,656.000,6294.000,5172.000,72.000,64.000,-72.000,0.000,0.000,0
2026-01-31 12:47:44,4570934,457.000,6622.000,4866.000,242.000,78.000,-11.000,0.000,0.000,0
2026-01-31 12:47:44,4570974,496.000,6876.000,5087.000,-210.000,-87.000,71.000,0.000,0.000,0
2026-01-31 12:47:44,4571014,679.000,6408.000,5311.000,-271.000,-83.000,8.000,0.000,0.000,0
2026-01-31 12:47:45,4571054,520.000,6546.000,4990.000,230.000,83.000,14.000,0.000,0.000,0
2026-01-31 12:47:45,4571094,459.000,6843.000,5059.000,-35.000,-44.000,79.000,0.000,0.000,0
2026-01-31 12:47:45,4571134,649.000,6557.000,5251.000,-179.000,-78.000,12.000,0.000,0.000,0
2026-01-31 12:47:45,4571174,638.000,6391.000,5152.000,87.000,43.000,-14.000,0.000,0.000,0
2026-01-31 12:47:45,4571214,531.000,6670.000,4974.000,124.000,28.000,85.000,0.000,0.000,0
2026-01-31 12:47:45,4571254,557.000,6571.000,5013.000,-62.000,-20.000,24.000,0.000,0.000,0
2026-01-31 12:47:45,4571294,704.000,6630.000,5193.000,-58.000,-41.000,21.000,0.000,0.000,0
2026-01-31 12:47:45,4571334,820.000,6535.000,5039.000,71.000,41.000,55.000,0.000,0.000,0
2026-01-31 12:47:45,4571374,691.000,6553.000,4807.000,207.000,86.000,25.000,0.000,0.000,0
2026-01-31 12:47:45,4571417,828.000,6544.000,5200.000,-289.000,-73.000,63.000,0.000,0.000,0
2026-01-31 12:47:45,4571457,707.000,6307.000,4981.000,129.000,102.000,-52.000,0.000,0.000,0
2026-01-31 12:47:45,4571494,566.000,6498.000,4844.000,249.000,105.000,-54.000,0.000,0.000,0
2026-01-31 12:47:45,4571534,463.000,6894.000,5017.000,-135.000,-70.000,-2.000,0.000,0.000,0
2026-01-31 12:47:45,4571574,757.000,6541.000,5330.000,-422.000,-103.000,30.000,0.000,0.000,0
2026-01-31 12:47:45,4571614,609.000,6297.000,5137.000,178.000,136.000,-100.000,0.000,0.000,0
2026-01-31 12:47:45,4571654,467.000,7017.000,5035.000,164.000,37.000,2.000,0.000,0.000,0
2026-01-31 12:47:45,4571694,594.000,6671.000,5259.000,-344.000,-36.000,57.000,0.000,0.000,0
2026-01-31 12:47:45,4571734,615.000,6552.000,5317.000,28.000,68.000,-26.000,0.000,0.000,0
2026-01-31 12:47:45,4571774,518.000,6706.000,4962.000,240.000,127.000,-43.000,0.000,0.000,0
2026-01-31 12:47:45,4571814,536.000,6772.000,5103.000,-103.000,-9.000,51.000,0.000,0.000,0
2026-01-31 12:47:45,4571854,604.000,6580.000,5113.000,-10.000,17.000,-32.000,0.000,0.000,0
2026-01-31 12:47:45,4571894,503.000,6510.000,4956.000,114.000,72.000,-23.000,0.000,0.000,0
2026-01-31 12:47:45,4571934,476.000,6695.000,4962.000,-41.000,-18.000,76.000,0.000,0.000,0
2026-01-31 12:47:45,4571974,459.000,6329.000,4938.000,-52.000,16.000,-28.000,0.000,0.000,0
2026-01-31 12:47:45,4572014,501.000,6692.000,5054.000,55.000,-20.000,18.000,0.000,0.000,0
2026-01-31 12:47:46,4572054,650.000,6694.000,5026.000,-57.000,-9.000,90.000,0.000,0.000,0
2026-01-31 12:47:46,4572094,508.000,6369.000,4811.000,124.000,103.000,-15.000,0.000,0.000,0
2026-01-31 12:47:46,4572134,366.000,6883.000,4921.000,44.000,-17.000,23.000,0.000,0.000,0
2026-01-31 12:47:46,4572174,660.000,6518.000,5124.000,-100.000,17.000,19.000,0.000,0.000,0
2026-01-31 12:47:46,4572214,545.000,6763.000,4922.000,313.000,95.000,-14.000,0.000,0.000,0
2026-01-31 12:47:46,4572254,501.000,6973.000,4882.000,1.000,-9.000,66.000,0.000,0.000,0
2026-01-31 12:47:46,4572294,572.000,6574.000,5079.000,-239.000,-41.000,23.000,0.000,0.000,0
2026-01-31 12:47:46,4572334,560.000,6642.000,5077.000,74.000,12.000,-30.000,0.000,0.000,0
2026-01-31 12:47:46,4572374,586.000,6838.000,4957.000,34.000,-3.000,23.000,0.000,0.000,0
2026-01-31 12:47:46,4572414,613.000,6689.000,4961.000,-154.000,-20.000,50.000,0.000,0.000,0
2026-01-31 12:47:46,4572454,558.000,6701.000,5031.000,-135.000,-32.000,-11.000,0.000,0.000,0
2026-01-31 12:47:46,4572494,511.000,6544.000,5000.000,-108.000,-7.000,-13.000,0.000,0.000,0
2026-01-31 12:47:46,4572534,525.000,6634.000,4924.000,144.000,36.000,62.000,0.000,0.000,0
2026-01-31 12:47:46,4572574,561.000,6690.000,4929.000,66.000,42.000,-45.000,0.000,0.000,0
2026-01-31 12:47:46,4572614,529.000,6542.000,4893.000,20.000,29.000,11.000,0.000,0.000,0
2026-01-31 12:47:46,4572654,510.000,6741.000,4910.000,-23.000,30.000,32.000,0.000,0.000,0
2026-01-31 12:47:46,4572694,415.000,6445.000,4779.000,4.000,96.000,-67.000,0.000,0.000,0
2026-01-31 12:47:46,4572734,367.000,6751.000,4862.000,83.000,10.000,-10.000,0.000,0.000,0
2026-01-31 12:47:46,4572774,409.000,6930.000,4941.000,65.000,-58.000,20.000,0.000,0.000,0
2026-01-31 12:47:46,4572814,567.000,6457.000,4735.000,256.000,78.000,34.000,0.000,0.000,0
2026-01-31 12:47:46,4572854,424.000,7006.000,4875.000,377.000,84.000,-32.000,0.000,0.000,0
2026-01-31 12:47:46,4572894,491.000,7158.000,4984.000,-315.000,-95.000,-4.000,0.000,0.000,0
2026-01-31 12:47:46,4572934,605.000,6676.000,4973.000,-337.000,-68.000,79.000,0.000,0.000,0
2026-01-31 12:47:46,4572974,468.000,7047.000,4880.000,-445.000,-71.000,-4.000,0.000,0.000,0
2026-01-31 12:47:46,4573014,301.000,6708.000,4981.000,-888.000,-158.000,8.000,0.000,0.000,0
2026-01-31 12:47:47,4573054,383.000,6330.000,5114.000,-617.000,-212.000,89.000,0.000,0.000,0
2026-01-31 12:47:47,4573094,542.000,6579.000,5164.000,-137.000,-184.000,45.000,0.000,0.000,0
2026-01-31 12:47:47,4573134,573.000,6420.000,5072.000,-17.000,-48.000,12.000,0.000,0.000,0
2026-01-31 12:47:47,4573174,601.000,6459.000,5068.000,58.000,-13.000,54.000,0.000,0.000,0
2026-01-31 12:47:47,4573214,628.000,6661.000,5172.000,-37.000,-41.000,55.000,0.000,0.000,0
2026-01-31 12:47:47,4573254,645.000,6411.000,5069.000,-60.000,37.000,58.000,0.000,0.000,0
2026-01-31 12:47:47,4573294,528.000,6590.000,4978.000,146.000,66.000,5.000,0.000,0.000,0
2026-01-31 12:47:47,4573334,554.000,6623.000,5037.000,-102.000,-57.000,46.000,0.000,0.000,0
2026-01-31 12:47:47,4573374,584.000,6434.000,5096.000,-93.000,-5.000,36.000,0.000,0.000,0
2026-01-31 12:47:47,4573417,481.000,6566.000,5020.000,78.000,33.000,-28.000,0.000,0.000,0
2026-01-31 12:47:47,4573456,575.000,6560.000,5033.000,-26.000,-13.000,42.000,0.000,0.000,0
2026-01-31 12:47:47,4573494,591.000,6596.000,5104.000,-9.000,-19.000,28.000,0.000,0.000,0
2026-01-31 12:47:47,4573534,697.000,6632.000,5082.000,41.000,-11.000,-4.000,0.000,0.000,0
2026-01-31 12:47:47,4573574,665.000,6580.000,5071.000,47.000,12.000,-11.000,0.000,0.000,0
2026-01-31 12:47:47,4573617,635.000,6619.000,5043.000,-35.000,9.000,25.000,0.000,0.000,0
2026-01-31 12:47:47,4573654,563.000,6450.000,4995.000,-25.000,48.000,-28.000,0.000,0.000,0
2026-01-31 12:47:47,4573694,498.000,6614.000,5032.000,6.000,-21.000,21.000,0.000,0.000,0
2026-01-31 12:47:47,4573734,602.000,6518.000,5056.000,-57.000,-19.000,18.000,0.000,0.000,0
2026-01-31 12:47:47,4573774,557.000,6461.000,4951.000,72.000,56.000,-43.000,0.000,0.000,0
2026-01-31 12:47:47,4573814,458.000,6575.000,4954.000,-15.000,12.000,-8.000,0.000,0.000,0
2026-01-31 12:47:47,4573854,561.000,6539.000,5076.000,-145.000,-42.000,45.000,0.000,0.000,0
2026-01-31 12:47:47,4573894,613.000,6336.000,4990.000,44.000,57.000,-34.000,0.000,0.000,0
2026-01-31 12:47:47,4573934,555.000,6718.000,4965.000,121.000,28.000,-6.000,0.000,0.000,0
2026-01-31 12:47:47,4573974,641.000,6506.000,4989.000,-104.000,-4.000,52.000,0.000,0.000,0
2026-01-31 12:47:47,4574014,618.000,6569.000,5082.000,27.000,19.000,-12.000,0.000,0.000,0
2026-01-31 12:47:48,4574054,592.000,6635.000,5009.000,46.000,30.000,-8.000,0.000,0.000,0
2026-01-31 12:47:48,4574094,497.000,6474.000,5009.000,-44.000,1.000,-4.000,0.000,0.000,0
2026-01-31 12:47:48,4574134,535.000,6629.000,5113.000,-14.000,-37.000,-23.000,0.000,0.000,0
2026-01-31 12:47:48,4574174,611.000,6656.000,5197.000,-62.000,-20.000,-6.000,0.000,0.000,0
2026-01-31 12:47:48,4574214,528.000,6304.000,4977.000,-22.000,81.000,5.000,0.000,0.000,0
2026-01-31 12:47:48,4574254,339.000,6591.000,4945.000,123.000,52.000,-27.000,0.000,0.000,0
2026-01-31 12:47:48,4574294,506.000,6742.000,5145.000,-103.000,-87.000,48.000,0.000,0.000,0
2026-01-31 12:47:48,4574334,712.000,6381.000,5079.000,-35.000,23.000,32.000,0.000,0.000,0
2026-01-31 12:47:48,4574374,468.000,6527.000,4853.000,306.000,146.000,-23.000,0.000,0.000,0
2026-01-31 12:47:48,4574414,392.000,6677.000,4836.000,12.000,-19.000,52.000,0.000,0.000,0
2026-01-31 12:47:48,4574454,681.000,6362.000,5090.000,-207.000,-110.000,42.000,0.000,0.000,0
2026-01-31 12:47:48,4574494,554.000,6507.000,4879.000,256.000,84.000,-68.000,0.000,0.000,0
2026-01-31 12:47:48,4574534,476.000,6668.000,4880.000,2.000,-29.000,24.000,0.000,0.000,0
2026-01-31 12:47:48,4574574,663.000,6519.000,5087.000,-232.000,-99.000,92.000,0.000,0.000,0
2026-01-31 12:47:48,4574614,674.000,6464.000,5067.000,84.000,41.000,-30.000,0.000,0.000,0
2026-01-31 12:47:48,4574654,520.000,6783.000,4993.000,157.000,48.000,-33.000,0.000,0.000,0
2026-01-31 12:47:48,4574694,606.000,6704.000,5037.000,-133.000,-25.000,79.000,0.000,0.000,0
2026-01-31 12:47:48,4574734,634.000,6622.000,5086.000,-3.000,28.000,-12.000,0.000,0.000,0
2026-01-31 12:47:48,4574774,587.000,6741.000,5033.000,106.000,43.000,-35.000,0.000,0.000,0
2026-01-31 12:47:48,4574814,634.000,6646.000,4976.000,-61.000,17.000,30.000,0.000,0.000,0
2026-01-31 12:47:48,4574854,511.000,6536.000,4893.000,50.000,35.000,-25.000,0.000,0.000,0
2026-01-31 12:47:48,4574894,518.000,6650.000,4937.000,-13.000,-15.000,-24.000,0.000,0.000,0
2026-01-31 12:47:48,4574934,591.000,6416.000,4986.000,-152.000,-14.000,12.000,0.000,0.000,0
2026-01-31 12:47:48,4574974,496.000,6394.000,4899.000,49.000,56.000,-30.000,0.000,0.000,0
2026-01-31 12:47:48,4575014,398.000,6477.000,4860.000,48.000,26.000,-24.000,0.000,0.000,0
2026-01-31 12:47:49,4575054,577.000,6599.000,5067.000,-149.000,-69.000,43.000,0.000,0.000,0
2026-01-31 12:47:49,4575094,595.000,6314.000,5045.000,16.000,54.000,-21.000,0.000,0.000,0
2026-01-31 12:47:49,4575134,513.000,6563.000,4869.000,209.000,77.000,-9.000,0.000,0.000,0
2026-01-31 12:47:49,4575174,512.000,6752.000,4975.000,-60.000,-34.000,40.000,0.000,0.000,0
2026-01-31 12:47:49,4575214,591.000,6399.000,5039.000,-128.000,-15.000,42.000,0.000,0.000,0
2026-01-31 12:47:49,4575254,473.000,6774.000,5001.000,137.000,27.000,-6.000,0.000,0.000,0
2026-01-31 12:47:49,4575294,592.000,6804.000,5102.000,-138.000,-64.000,56.000,0.000,0.000,0
2026-01-31 12:47:49,4575334,610.000,6470.000,5087.000,-36.000,21.000,8.000,0.000,0.000,0
2026-01-31 12:47:49,4575374,476.000,6809.000,5040.000,138.000,29.000,-23.000,0.000,0.000,0
2026-01-31 12:47:49,4575417,565.000,6590.000,5129.000,-113.000,-20.000,32.000,0.000,0.000,0
2026-01-31 12:47:49,4575457,555.000,6608.000,5045.000,88.000,44.000,-13.000,0.000,0.000,0
2026-01-31 12:47:49,4575494,497.000,6578.000,4953.000,107.000,65.000,-31.000,0.000,0.000,0
2026-01-31 12:47:49,4575534,493.000,6561.000,4914.000,-8.000,18.000,23.000,0.000,0.000,0
2026-01-31 12:47:49,4575574,582.000,6627.000,4974.000,-21.000,-12.000,63.000,0.000,0.000,0
2026-01-31 12:47:49,4575617,494.000,6554.000,4690.000,88.000,79.000,-11.000,0.000,0.000,0
2026-01-31 12:47:49,4575654,437.000,6590.000,4722.000,-2.000,35.000,23.000,0.000,0.000,0
2026-01-31 12:47:49,4575694,496.000,6493.000,4804.000,-99.000,-25.000,54.000,0.000,0.000,0
2026-01-31 12:47:49,4575734,530.000,6545.000,4861.000,42.000,-3.000,-28.000,0.000,0.000,0
2026-01-31 12:47:49,4575774,526.000,6595.000,4823.000,5.000,-1.000,-6.000,0.000,0.000,0
2026-01-31 12:47:49,4575814,490.000,6486.000,4775.000,-57.000,18.000,26.000,0.000,0.000,0
2026-01-31 12:47:49,4575854,467.000,6689.000,4819.000,6.000,1.000,8.000,0.000,0.000,0
2026-01-31 12:47:49,4575894,471.000,6693.000,4893.000,-29.000,-3.000,-30.000,0.000,0.000,0
2026-01-31 12:47:49,4575934,521.000,6827.000,4981.000,-48.000,4.000,6.000,0.000,0.000,0
2026-01-31 12:47:49,4575974,388.000,6742.000,4840.000,8.000,72.000,1.000,0.000,0.000,0
2026-01-31 12:47:49,4576014,376.000,6848.000,4893.000,-6.000,9.000,6.000,0.000,0.000,0
2026-01-31 12:47:50,4576054,510.000,6855.000,5003.000,-97.000,-30.000,52.000,0.000,0.000,0
2026-01-31 12:47:50,4576094,543.000,6738.000,4899.000,113.000,71.000,-10.000,0.000,0.000,0
2026-01-31 12:47:50,4576134,378.000,6748.000,4759.000,135.000,72.000,-16.000,0.000,0.000,0
2026-01-31 12:47:50,4576174,436.000,6821.000,4838.000,-95.000,-56.000,65.000,0.000,0.000,0
2026-01-31 12:47:50,4576214,542.000,6650.000,4943.000,-68.000,-15.000,16.000,0.000,0.000,0
2026-01-31 12:47:50,4576254,470.000,6588.000,4730.000,134.000,83.000,-42.000,0.000,0.000,0
2026-01-31 12:47:50,4576294,334.000,6676.000,4632.000,19.000,24.000,0.000,0.000,0.000,0
2026-01-31 12:47:50,4576334,415.000,6650.000,4808.000,-146.000,-59.000,57.000,0.000,0.000,0
2026-01-31 12:47:50,4576374,505.000,6638.000,4760.000,91.000,49.000,-19.000,0.000,0.000,0
2026-01-31 12:47:50,4576414,405.000,6736.000,4663.000,47.000,45.000,38.000,0.000,0.000,0
2026-01-31 12:47:50,4576454,368.000,6757.000,4739.000,-15.000,-3.000,45.000,0.000,0.000,0
2026-01-31 12:47:50,4576494,433.000,6765.000,4794.000,-10.000,2.000,12.000,0.000,0.000,0
2026-01-31 12:47:50,4576534,407.000,6774.000,4755.000,9.000,31.000,10.000,0.000,0.000,0
2026-01-31 12:47:50,4576574,342.000,6667.000,4659.000,55.000,62.000,7.000,0.000,0.000,0
2026-01-31 12:47:50,4576614,316.000,6916.000,4732.000,37.000,-3.000,18.000,0.000,0.000,0
2026-01-31 12:47:50,4576654,436.000,6811.000,4790.000,-78.000,-15.000,20.000,0.000,0.000,0
2026-01-31 12:47:50,4576694,398.000,6737.000,4760.000,12.000,44.000,5.000,0.000,0.000,0
2026-01-31 12:47:50,4576734,347.000,6911.000,4703.000,51.000,30.000,20.000,0.000,0.000,0
2026-01-31 12:47:50,4576774,377.000,6728.000,4738.000,13.000,-6.000,13.000,0.000,0.000,0
2026-01-31 12:47:50,4576814,429.000,6856.000,4788.000,23.000,-8.000,46.000,0.000,0.000,0
2026-01-31 12:47:50,4576854,476.000,6929.000,4740.000,63.000,13.000,33.000,0.000,0.000,0
2026-01-31 12:47:50,4576894,399.000,6759.000,4629.000,32.000,46.000,21.000,0.000,0.000,0
2026-01-31 12:47:50,4576934,318.000,6788.000,4591.000,-22.000,15.000,55.000,0.000,0.000,0
2026-01-31 12:47:50,4576974,327.000,6806.000,4656.000,-35.000,-6.000,24.000,0.000,0.000,0
2026-01-31 12:47:50,4577014,386.000,6873.000,4724.000,-38.000,-13.000,17.000,0.000,0.000,0
2026-01-31 12:47:51,4577054,397.000,6742.000,4632.000,20.000,47.000,21.000,0.000,0.000,0
2026-01-31 12:47:51,4577094,342.000,6858.000,4610.000,59.000,44.000,34.000,0.000,0.000,0
2026-01-31 12:47:51,4577134,427.000,6755.000,4644.000,-22.000,2.000,-1.000,0.000,0.000,0
2026-01-31 12:47:51,4577174,444.000,6898.000,4709.000,4.000,-5.000,18.000,0.000,0.000,0
2026-01-31 12:47:51,4577214,409.000,6835.000,4648.000,31.000,23.000,18.000,0.000,0.000,0
2026-01-31 12:47:51,4577254,406.000,6917.000,4650.000,19.000,5.000,15.000,0.000,0.000,0
2026-01-31 12:47:51,4577294,372.000,6781.000,4664.000,-63.000,-6.000,-14.000,0.000,0.000,0
2026-01-31 12:47:51,4577334,371.000,6694.000,4644.000,-3.000,15.000,22.000,0.000,0.000,0
2026-01-31 12:47:51,4577374,357.000,6909.000,4640.000,50.000,8.000,10.000,0.000,0.000,0
2026-01-31 12:47:51,4577414,397.000,6739.000,4608.000,-57.000,4.000,1.000,0.000,0.000,0
2026-01-31 12:47:51,4577457,304.000,6691.000,4616.000,-6.000,34.000,13.000,0.000,0.000,0
2026-01-31 12:47:51,4577496,383.000,6802.000,4579.000,12.000,12.000,18.000,0.000,0.000,0
2026-01-31 12:47:51,4577537,385.000,6876.000,4616.000,2.000,21.000,-16.000,0.000,0.000,0
2026-01-31 12:47:51,4577574,387.000,6820.000,4600.000,-17.000,22.000,18.000,0.000,0.000,0
2026-01-31 12:47:51,4577617,334.000,7006.000,4619.000,102.000,14.000,23.000,0.000,0.000,0
2026-01-31 12:47:51,4577656,395.000,7081.000,4658.000,36.000,-28.000,26.000,0.000,0.000,0
2026-01-31 12:47:51,4577694,437.000,6868.000,4668.000,-51.000,-2.000,-5.000,0.000,0.000,0
2026-01-31 12:47:51,4577734,368.000,6861.000,4612.000,56.000,37.000,15.000,0.000,0.000,0
2026-01-31 12:47:51,4577774,288.000,7064.000,4641.000,5.000,-6.000,11.000,0.000,0.000,0
2026-01-31 12:47:51,4577814,345.000,6916.000,4721.000,-65.000,-37.000,-11.000,0.000,0.000,0
2026-01-31 12:47:51,4577854,417.000,6960.000,4752.000,-10.000,-1.000,23.000,0.000,0.000,0
2026-01-31 12:47:51,4577894,332.000,6996.000,4582.000,75.000,41.000,-31.000,0.000,0.000,0
2026-01-31 12:47:51,4577934,290.000,6786.000,4570.000,-60.000,11.000,-7.000,0.000,0.000,0
2026-01-31 12:47:51,4577974,365.000,6824.000,4640.000,-38.000,-19.000,22.000,0.000,0.000,0
2026-01-31 12:47:51,4578014,429.000,6941.000,4603.000,50.000,20.000,13.000,0.000,0.000,0
2026-01-31 12:47:52,4578054,349.000,6787.000,4451.000,53.000,63.000,-12.000,0.000,0.000,0
2026-01-31 12:47:52,4578094,263.000,6831.000,4487.000,-62.000,-8.000,27.000,0.000,0.000,0
2026-01-31 12:47:52,4578134,326.000,6667.000,4523.000,-46.000,-10.000,37.000,0.000,0.000,0
2026-01-31 12:47:52,4578174,374.000,6868.000,4516.000,99.000,2.000,1.000,0.000,0.000,0
2026-01-31 12:47:52,4578214,385.000,6859.000,4497.000,-8.000,-5.000,-7.000,0.000,0.000,0
2026-01-31 12:47:52,4578254,343.000,6684.000,4522.000,-59.000,3.000,25.000,0.000,0.000,0
2026-01-31 12:47:52,4578294,370.000,6983.000,4606.000,19.000,-21.000,26.000,0.000,0.000,0
2026-01-31 12:47:52,4578334,413.000,6857.000,4598.000,9.000,18.000,-26.000,0.000,0.000,0
2026-01-31 12:47:52,4578374,396.000,6986.000,4614.000,31.000,9.000,8.000,0.000,0.000,0
2026-01-31 12:47:52,4578414,423.000,7037.000,4633.000,4.000,0.000,36.000,0.000,0.000,0
2026-01-31 12:47:52,4578454,413.000,6881.000,4613.000,15.000,30.000,-17.000,0.000,0.000,0
2026-01-31 12:47:52,4578494,369.000,7038.000,4656.000,23.000,0.000,4.000,0.000,0.000,0
2026-01-31 12:47:52,4578534,411.000,6879.000,4634.000,-16.000,18.000,3.000,0.000,0.000,0
2026-01-31 12:47:52,4578574,369.000,6932.000,4579.000,19.000,14.000,7.000,0.000,0.000,0
2026-01-31 12:47:52,4578614,349.000,6781.000,4564.000,-52.000,11.000,-4.000,0.000,0.000,0
2026-01-31 12:47:52,4578654,365.000,6782.000,4555.000,-9.000,10.000,-7.000,0.000,0.000,0
2026-01-31 12:47:52,4578694,373.000,6986.000,4585.000,-1.000,1.000,13.000,0.000,0.000,0
2026-01-31 12:47:52,4578734,363.000,6744.000,4559.000,-36.000,29.000,-23.000,0.000,0.000,0
2026-01-31 12:47:52,4578774,306.000,6816.000,4558.000,21.000,20.000,6.000,0.000,0.000,0
2026-01-31 12:47:52,4578814,320.000,6920.000,4612.000,8.000,7.000,19.000,0.000,0.000,0
2026-01-31 12:47:52,4578854,433.000,6929.000,4617.000,-20.000,12.000,7.000,0.000,0.000,0
2026-01-31 12:47:52,4578894,339.000,6857.000,4555.000,46.000,49.000,-38.000,0.000,0.000,0
2026-01-31 12:47:52,4578934,308.000,6884.000,4555.000,25.000,4.000,25.000,0.000,0.000,0
2026-01-31 12:47:52,4578974,389.000,6916.000,4612.000,-50.000,-17.000,24.000,0.000,0.000,0
2026-01-31 12:47:52,4579014,379.000,6805.000,4599.000,-4.000,24.000,-29.000,0.000,0.000,0
2026-01-31 12:47:53,4579054,334.000,6780.000,4499.000,18.000,21.000,14.000,0.000,0.000,0
2026-01-31 12:47:53,4579094,354.000,6861.000,4573.000,-20.000,-8.000,32.000,0.000,0.000,0
2026-01-31 12:47:53,4579134,367.000,6820.000,4601.000,-32.000,3.000,-23.000,0.000,0.000,0
2026-01-31 12:47:53,4579174,350.000,6729.000,4563.000,1.000,25.000,-6.000,0.000,0.000,0
2026-01-31 12:47:53,4579214,345.000,6849.000,4534.000,35.000,10.000,27.000,0.000,0.000,0
2026-01-31 12:47:53,4579254,402.000,6971.000,4606.000,-1.000,-14.000,9.000,0.000,0.000,0
2026-01-31 12:47:53,4579294,457.000,6816.000,4600.000,-59.000,10.000,-26.000,0.000,0.000,0
2026-01-31 12:47:53,4579334,350.000,6864.000,4605.000,37.000,28.000,-9.000,0.000,0.000,0
2026-01-31 12:47:53,4579374,378.000,7004.000,4604.000,25.000,-4.000,41.000,0.000,0.000,0
2026-01-31 12:47:53,4579414,432.000,6799.000,4582.000,-49.000,3.000,-24.000,0.000,0.000,0
2026-01-31 12:47:53,4579457,385.000,6805.000,4516.000,-18.000,39.000,-2.000,0.000,0.000,0
2026-01-31 12:47:53,4579494,316.000,6691.000,4501.000,-25.000,45.000,-24.000,0.000,0.000,0
2026-01-31 12:47:53,4579534,362.000,6991.000,4632.000,-38.000,-31.000,10.000,0.000,0.000,0
2026-01-31 12:47:53,4579574,414.000,6783.000,4634.000,-90.000,9.000,-40.000,0.000,0.000,0
2026-01-31 12:47:53,4579616,322.000,6768.000,4597.000,38.000,30.000,-36.000,0.000,0.000,0
2026-01-31 12:47:53,4579654,327.000,6947.000,4593.000,19.000,-1.000,9.000,0.000,0.000,0
2026-01-31 12:47:53,4579694,410.000,6822.000,4690.000,-94.000,-13.000,3.000,0.000,0.000,0
2026-01-31 12:47:53,4579734,362.000,6934.000,4695.000,34.000,22.000,-25.000,0.000,0.000,0
2026-01-31 12:47:53,4579774,305.000,6861.000,4555.000,20.000,37.000,4.000,0.000,0.000,0
2026-01-31 12:47:53,4579814,286.000,6875.000,4617.000,-14.000,-17.000,14.000,0.000,0.000,0
2026-01-31 12:47:53,4579854,369.000,6822.000,4630.000,-35.000,-5.000,-4.000,0.000,0.000,0
2026-01-31 12:47:53,4579894,305.000,6771.000,4535.000,30.000,32.000,-11.000,0.000,0.000,0
2026-01-31 12:47:53,4579934,235.000,6828.000,4472.000,33.000,7.000,26.000,0.000,0.000,0
2026-01-31 12:47:53,4579974,314.000,6815.000,4592.000,-58.000,-34.000,16.000,0.000,0.000,0
2026-01-31 12:47:53,4580014,379.000,6798.000,4648.000,-2.000,-10.000,-9.000,0.000,0.000,0
2026-01-31 12:47:54,4580054,329.000,6830.000,4558.000,61.000,34.000,13.000,0.000,0.000,0
2026-01-31 12:47:54,4580094,324.000,6791.000,4521.000,25.000,15.000,27.000,0.000,0.000,0
2026-01-31 12:47:54,4580134,417.000,6919.000,4619.000,0.000,-31.000,10.000,0.000,0.000,0
2026-01-31 12:47:54,4580174,429.000,6829.000,4569.000,-3.000,12.000,-7.000,0.000,0.000,0
2026-01-31 12:47:54,4580214,367.000,6842.000,4461.000,70.000,42.000,19.000,0.000,0.000,0
2026-01-31 12:47:54,4580254,392.000,7025.000,4573.000,-23.000,-24.000,25.000,0.000,0.000,0
2026-01-31 12:47:54,4580294,487.000,6706.000,4607.000,-45.000,17.000,-20.000,0.000,0.000,0
2026-01-31 12:47:54,4580334,383.000,6843.000,4494.000,109.000,69.000,-23.000,0.000,0.000,0
2026-01-31 12:47:54,4580374,322.000,6835.000,4430.000,-20.000,33.000,1.000,0.000,0.000,0
2026-01-31 12:47:54,4580414,396.000,6843.000,4577.000,-87.000,-25.000,1.000,0.000,0.000,0
2026-01-31 12:47:54,4580454,419.000,6940.000,4641.000,-19.000,12.000,-43.000,0.000,0.000,0
2026-01-31 12:47:54,4580494,293.000,6824.000,4534.000,1.000,56.000,-48.000,0.000,0.000,0
2026-01-31 12:47:54,4580534,221.000,6694.000,4445.000,-6.000,40.000,-8.000,0.000,0.000,0
2026-01-31 12:47:54,4580574,340.000,6890.000,4676.000,-72.000,-39.000,-18.000,0.000,0.000,0
2026-01-31 12:47:54,4580614,371.000,6878.000,4686.000,-2.000,38.000,-38.000,0.000,0.000,0
2026-01-31 12:47:54,4580654,207.000,6877.000,4567.000,9.000,52.000,-13.000,0.000,0.000,0
2026-01-31 12:47:54,4580694,120.000,6669.000,4527.000,-34.000,22.000,-9.000,0.000,0.000,0
2026-01-31 12:47:54,4580734,234.000,6885.000,4723.000,-13.000,-50.000,8.000,0.000,0.000,0
2026-01-31 12:47:54,4580774,377.000,6871.000,4731.000,15.000,20.000,-11.000,0.000,0.000,0
2026-01-31 12:47:54,4580814,257.000,6894.000,4566.000,87.000,68.000,-9.000,0.000,0.000,0
2026-01-31 12:47:54,4580854,200.000,6934.000,4541.000,2.000,2.000,38.000,0.000,0.000,0
2026-01-31 12:47:54,4580894,270.000,6752.000,4629.000,-25.000,-19.000,14.000,0.000,0.000,0
2026-01-31 12:47:54,4580934,310.000,6978.000,4592.000,75.000,-2.000,15.000,0.000,0.000,0
2026-01-31 12:47:54,4580974,293.000,6810.000,4499.000,9.000,29.000,22.000,0.000,0.000,0
2026-01-31 12:47:54,4581014,304.000,6845.000,4534.000,14.000,-17.000,39.000,0.000,0.000,0
2026-01-31 12:47:55,4581054,335.000,6674.000,4481.000,37.000,-1.000,0.000,0.000,0.000,0
2026-01-31 12:47:55,4581094,350.000,6853.000,4478.000,81.000,2.000,18.000,0.000,0.000,0
2026-01-31 12:47:55,4581134,375.000,6845.000,4445.000,20.000,10.000,30.000,0.000,0.000,0
2026-01-31 12:47:55,4581174,358.000,6857.000,4471.000,27.000,6.000,26.000,0.000,0.000,0
2026-01-31 12:47:55,4581214,394.000,6812.000,4441.000,23.000,14.000,17.000,0.000,0.000,0
2026-01-31 12:47:55,4581254,367.000,6810.000,4435.000,60.000,34.000,-30.000,0.000,0.000,0
2026-01-31 12:47:55,4581294,430.000,6966.000,4491.000,13.000,-7.000,3.000,0.000,0.000,0
2026-01-31 12:47:55,4581334,444.000,6851.000,4525.000,-10.000,17.000,-16.000,0.000,0.000,0
2026-01-31 12:47:55,4581374,385.000,6910.000,4510.000,-2.000,22.000,-29.000,0.000,0.000,0
2026-01-31 12:47:55,4581414,341.000,6865.000,4505.000,-26.000,26.000,-30.000,0.000,0.000,0
2026-01-31 12:47:55,4581457,276.000,6802.000,4485.000,-5.000,33.000,-39.000,0.000,0.000,0
2026-01-31 12:47:55,4581496,346.000,6805.000,4448.000,-30.000,19.000,5.000,0.000,0.000,0
2026-01-31 12:47:55,4581534,330.000,6802.000,4452.000,-14.000,33.000,-35.000,0.000,0.000,0
2026-01-31 12:47:55,4581574,313.000,6906.000,4516.000,-21.000,16.000,-27.000,0.000,0.000,0
2026-01-31 12:47:55,4581614,235.000,6634.000,4431.000,-31.000,48.000,-40.000,0.000,0.000,0
2026-01-31 12:47:55,4581654,167.000,6745.000,4491.000,5.000,14.000,-23.000,0.000,0.000,0
2026-01-31 12:47:55,4581694,258.000,6896.000,4592.000,-36.000,-23.000,-6.000,0.000,0.000,0
2026-01-31 12:47:55,4581734,270.000,6906.000,4627.000,11.000,29.000,-41.000,0.000,0.000,0
2026-01-31 12:47:55,4581774,215.000,6849.000,4554.000,14.000,34.000,13.000,0.000,0.000,0
2026-01-31 12:47:55,4581814,219.000,6936.000,4622.000,35.000,4.000,0.000,0.000,0.000,0
2026-01-31 12:47:55,4581854,303.000,7000.000,4681.000,-7.000,-2.000,18.000,0.000,0.000,0
2026-01-31 12:47:55,4581894,290.000,6897.000,4622.000,40.000,50.000,-2.000,0.000,0.000,0
2026-01-31 12:47:55,4581934,269.000,7059.000,4576.000,85.000,21.000,33.000,0.000,0.000,0
2026-01-31 12:47:55,4581974,317.000,6892.000,4528.000,21.000,4.000,34.000,0.000,0.000,0
2026-01-31 12:47:55,4582014,309.000,6837.000,4518.000,68.000,20.000,10.000,0.000,0.000,0
2026-01-31 12:47:56,4582054,296.000,6837.000,4480.000,53.000,4.000,22.000,0.000,0.000,0
2026-01-31 12:47:56,4582094,334.000,6866.000,4490.000,25.000,-3.000,32.000,0.000,0.000,0
2026-01-31 12:47:56,4582134,421.000,6861.000,4455.000,27.000,-4.000,20.000,0.000,0.000,0
2026-01-31 12:47:56,4582174,336.000,6713.000,4374.000,71.000,66.000,-4.000,0.000,0.000,0
2026-01-31 12:47:56,4582214,327.000,6918.000,4406.000,39.000,0.000,35.000,0.000,0.000,0
2026-01-31 12:47:56,4582254,361.000,6724.000,4438.000,-19.000,19.000,10.000,0.000,0.000,0
2026-01-31 12:47:56,4582294,401.000,7055.000,4556.000,46.000,1.000,6.000,0.000,0.000,0
2026-01-31 12:47:56,4582334,378.000,7018.000,4494.000,20.000,40.000,-4.000,0.000,0.000,0
2026-01-31 12:47:56,4582374,272.000,6775.000,4410.000,40.000,66.000,-13.000,0.000,0.000,0
2026-01-31 12:47:56,4582414,297.000,7014.000,4482.000,-15.000,-15.000,7.000,0.000,0.000,0
2026-01-31 12:47:56,4582454,338.000,6802.000,4561.000,-89.000,7.000,-32.000,0.000,0.000,0
2026-01-31 12:47:56,4582494,284.000,6901.000,4444.000,56.000,56.000,-11.000,0.000,0.000,0
2026-01-31 12:47:56,4582534,303.000,6897.000,4445.000,-21.000,3.000,21.000,0.000,0.000,0
2026-01-31 12:47:56,4582574,304.000,6690.000,4438.000,-18.000,28.000,-16.000,0.000,0.000,0
2026-01-31 12:47:56,4582614,240.000,6772.000,4421.000,48.000,36.000,0.000,0.000,0.000,0
2026-01-31 12:47:56,4582654,272.000,6862.000,4423.000,-11.000,15.000,19.000,0.000,0.000,0
2026-01-31 12:47:56,4582694,263.000,6813.000,4448.000,-9.000,29.000,-17.000,0.000,0.000,0
2026-01-31 12:47:56,4582734,286.000,6984.000,4469.000,17.000,11.000,2.000,0.000,0.000,0
2026-01-31 12:47:56,4582774,259.000,6805.000,4452.000,-10.000,34.000,-23.000,0.000,0.000,0
2026-01-31 12:47:56,4582814,256.000,6857.000,4441.000,50.000,21.000,-3.000,0.000,0.000,0
2026-01-31 12:47:56,4582854,320.000,6954.000,4544.000,-2.000,-13.000,4.000,0.000,0.000,0
2026-01-31 12:47:56,4582894,336.000,6852.000,4472.000,23.000,39.000,3.000,0.000,0.000,0
2026-01-31 12:47:56,4582934,259.000,7042.000,4470.000,75.000,24.000,-16.000,0.000,0.000,0
2026-01-31 12:47:56,4582974,325.000,6921.000,4475.000,-39.000,-6.000,27.000,0.000,0.000,0
2026-01-31 12:47:56,4583014,321.000,6820.000,4460.000,18.000,31.000,-8.000,0.000,0.000,0
2026-01-31 12:47:57,4583054,217.000,6824.000,4332.000,48.000,40.000,3.000,0.000,0.000,0
2026-01-31 12:47:57,4583094,235.000,6899.000,4358.000,-8.000,0.000,2.000,0.000,0.000,0
2026-01-31 12:47:57,4583134,328.000,7064.000,4515.000,-30.000,-51.000,7.000,0.000,0.000,0
2026-01-31 12:47:57,4583174,352.000,6866.000,4466.000,23.000,32.000,-21.000,0.000,0.000,0
2026-01-31 12:47:57,4583214,237.000,6908.000,4412.000,58.000,38.000,-11.000,0.000,0.000,0
2026-01-31 12:47:57,4583254,257.000,6816.000,4422.000,1.000,-8.000,9.000,0.000,0.000,0
2026-01-31 12:47:57,4583294,328.000,7026.000,4523.000,-4.000,-24.000,8.000,0.000,0.000,0
2026-01-31 12:47:57,4583334,330.000,7081.000,4547.000,3.000,11.000,-9.000,0.000,0.000,0
2026-01-31 12:47:57,4583374,268.000,6930.000,4475.000,24.000,36.000,4.000,0.000,0.000,0
2026-01-31 12:47:57,4583414,188.000,6904.000,4443.000,44.000,25.000,1.000,0.000,0.000,0
2026-01-31 12:47:57,4583459,330.000,6897.000,4384.000,2.000,-36.000,-8.000,0.000,0.000,0
2026-01-31 12:47:57,4583494,210.000,6895.000,4508.000,35.000,31.000,-11.000,0.000,0.000,0
2026-01-31 12:47:57,4583534,188.000,7057.000,4450.000,58.000,35.000,-12.000,0.000,0.000,0
2026-01-31 12:47:57,4583574,212.000,6899.000,4445.000,-36.000,21.000,28.000,0.000,0.000,0
2026-01-31 12:47:57,4583617,244.000,6862.000,4397.000,40.000,-36.000,-12.000,0.000,0.000,0
2026-01-31 12:47:57,4583654,235.000,6787.000,4391.000,-2.000,-27.000,-39.000,0.000,0.000,0
2026-01-31 12:47:57,4583694,276.000,6850.000,4405.000,74.000,3.000,22.000,0.000,0.000,0
2026-01-31 12:47:57,4583734,231.000,6988.000,4389.000,39.000,-1.000,36.000,0.000,0.000,0
2026-01-31 12:47:57,4583774,275.000,6802.000,4371.000,59.000,20.000,21.000,0.000,0.000,0
2026-01-31 12:47:57,4583814,194.000,6918.000,4427.000,99.000,23.000,-16.000,0.000,0.000,0
2026-01-31 12:47:57,4583854,283.000,6953.000,4423.000,63.000,-21.000,62.000,0.000,0.000,0
2026-01-31 12:47:57,4583894,311.000,6880.000,4419.000,148.000,46.000,52.000,0.000,0.000,0
2026-01-31 12:47:57,4583934,301.000,7103.000,4351.000,187.000,52.000,37.000,0.000,0.000,0
2026-01-31 12:47:57,4583974,262.000,6973.000,4314.000,120.000,57.000,23.000,0.000,0.000,0
2026-01-31 12:47:57,4584014,368.000,7153.000,4427.000,-16.000,-9.000,52.000,0.000,0.000,0
2026-01-31 12:47:58,4584054,390.000,6950.000,4372.000,18.000,51.000,28.000,0.000,0.000,0
2026-01-31 12:47:58,4584094,246.000,7090.000,4342.000,58.000,68.000,-13.000,0.000,0.000,0
2026-01-31 12:47:58,4584134,278.000,7005.000,4332.000,-40.000,3.000,4.000,0.000,0.000,0
2026-01-31 12:47:58,4584174,342.000,7002.000,4426.000,-117.000,-31.000,-36.000,0.000,0.000,0
2026-01-31 12:47:58,4584214,311.000,6883.000,4406.000,-77.000,6.000,-37.000,0.000,0.000,0
2026-01-31 12:47:58,4584254,269.000,6960.000,4436.000,-110.000,-19.000,-53.000,0.000,0.000,0
2026-01-31 12:47:58,4584294,306.000,6786.000,4442.000,-163.000,-17.000,-36.000,0.000,0.000,0
2026-01-31 12:47:58,4584334,285.000,6804.000,4507.000,-98.000,-5.000,-66.000,0.000,0.000,0
2026-01-31 12:47:58,4584374,325.000,6814.000,4489.000,-78.000,8.000,-43.000,0.000,0.000,0
2026-01-31 12:47:58,4584414,248.000,6879.000,4586.000,-89.000,11.000,-44.000,0.000,0.000,0
2026-01-31 12:47:58,4584454,301.000,6936.000,4647.000,-78.000,-22.000,-6.000,0.000,0.000,0
2026-01-31 12:47:58,4584494,301.000,6841.000,4658.000,-51.000,4.000,-53.000,0.000,0.000,0
2026-01-31 12:47:58,4584534,287.000,6912.000,4674.000,9.000,11.000,-25.000,0.000,0.000,0
2026-01-31 12:47:58,4584574,311.000,6895.000,4623.000,-52.000,8.000,8.000,0.000,0.000,0
2026-01-31 12:47:58,4584614,268.000,6803.000,4640.000,-74.000,-2.000,-25.000,0.000,0.000,0
2026-01-31 12:47:58,4584654,297.000,6948.000,4745.000,-45.000,-38.000,-18.000,0.000,0.000,0
2026-01-31 12:47:58,4584694,354.000,6806.000,4708.000,-66.000,-4.000,-14.000,0.000,0.000,0
2026-01-31 12:47:58,4584734,310.000,6791.000,4634.000,5.000,19.000,-5.000,0.000,0.000,0
2026-01-31 12:47:58,4584774,290.000,6701.000,4550.000,8.000,2.000,1.000,0.000,0.000,0
2026-01-31 12:47:58,4584814,354.000,6832.000,4620.000,-1.000,-31.000,8.000,0.000,0.000,0
2026-01-31 12:47:58,4584854,392.000,6777.000,4596.000,-11.000,4.000,42.000,0.000,0.000,0
2026-01-31 12:47:58,4584894,349.000,6721.000,4519.000,24.000,36.000,7.000,0.000,0.000,0
2026-01-31 12:47:58,4584934,307.000,6899.000,4574.000,-12.000,-18.000,18.000,0.000,0.000,0
2026-01-31 12:47:58,4584974,407.000,6763.000,4563.000,-96.000,-36.000,34.000,0.000,0.000,0
2026-01-31 12:47:58,4585014,365.000,6867.000,4653.000,27.000,-12.000,-31.000,0.000,0.000,0
2026-01-31 12:47:59,4585054,419.000,6822.000,4579.000,-7.000,-10.000,-1.000,0.000,0.000,0
2026-01-31 12:47:59,4585094,392.000,6836.000,4608.000,-22.000,-9.000,18.000,0.000,0.000,0
2026-01-31 12:47:59,4585134,430.000,6996.000,4643.000,-6.000,-14.000,8.000,0.000,0.000,0
2026-01-31 12:47:59,4585174,424.000,6888.000,4644.000,6.000,11.000,-11.000,0.000,0.000,0
2026-01-31 12:47:59,4585214,420.000,6964.000,4622.000,24.000,27.000,9.000,0.000,0.000,0
2026-01-31 12:47:59,4585254,382.000,6866.000,4581.000,1.000,15.000,-24.000,0.000,0.000,0
2026-01-31 12:47:59,4585294,393.000,6848.000,4599.000,-37.000,1.000,-11.000,0.000,0.000,0
2026-01-31 12:47:59,4585334,334.000,6818.000,4598.000,-38.000,25.000,-22.000,0.000,0.000,0
2026-01-31 12:47:59,4585374,333.000,6890.000,4602.000,-49.000,-7.000,-12.000,0.000,0.000,0
2026-01-31 12:47:59,4585414,386.000,6821.000,4619.000,-110.000,-8.000,-16.000,0.000,0.000,0
2026-01-31 12:47:59,4585457,298.000,6786.000,4597.000,-7.000,24.000,-28.000,0.000,0.000,0
2026-01-31 12:47:59,4585497,310.000,6839.000,4638.000,-57.000,0.000,13.000,0.000,0.000,0
2026-01-31 12:47:59,4585534,362.000,6780.000,4633.000,-68.000,9.000,-10.000,0.000,0.000,0
2026-01-31 12:47:59,4585574,272.000,6792.000,4643.000,26.000,25.000,-32.000,0.000,0.000,0
2026-01-31 12:47:59,4585617,308.000,6793.000,4645.000,-61.000,2.000,-7.000,0.000,0.000,0
2026-01-31 12:47:59,4585654,269.000,6750.000,4688.000,-43.000,21.000,-18.000,0.000,0.000,0
2026-01-31 12:47:59,4585694,339.000,7014.000,4710.000,11.000,-11.000,36.000,0.000,0.000,0
2026-01-31 12:47:59,4585734,296.000,6759.000,4610.000,10.000,49.000,-35.000,0.000,0.000,0
2026-01-31 12:47:59,4585774,299.000,7001.000,4639.000,39.000,-4.000,39.000,0.000,0.000,0
2026-01-31 12:47:59,4585814,322.000,6859.000,4625.000,-44.000,16.000,6.000,0.000,0.000,0
2026-01-31 12:47:59,4585854,284.000,6861.000,4644.000,18.000,16.000,-2.000,0.000,0.000,0
2026-01-31 12:47:59,4585894,272.000,6989.000,4579.000,9.000,6.000,14.000,0.000,0.000,0
2026-01-31 12:47:59,4585934,272.000,6809.000,4608.000,-13.000,5.000,-18.000,0.000,0.000,0
2026-01-31 12:47:59,4585974,319.000,6873.000,4596.000,5.000,-5.000,21.000,0.000,0.000,0
2026-01-31 12:47:59,4586014,319.000,6765.000,4551.000,-8.000,20.000,-2.000,0.000,0.000,0
2026-01-31 12:48:00,4586054,289.000,6989.000,4586.000,23.000,-9.000,28.000,0.000,0.000,0
2026-01-31 12:48:00,4586094,332.000,6823.000,4565.000,-44.000,9.000,15.000,0.000,0.000,0
2026-01-31 12:48:00,4586134,249.000,6937.000,4613.000,33.000,5.000,-9.000,0.000,0.000,0
2026-01-31 12:48:00,4586174,324.000,6885.000,4565.000,-13.000,-1.000,53.000,0.000,0.000,0
2026-01-31 12:48:00,4586214,303.000,6798.000,4530.000,18.000,33.000,0.000,0.000,0.000,0
2026-01-31 12:48:00,4586254,302.000,6958.000,4509.000,51.000,13.000,22.000,0.000,0.000,0
2026-01-31 12:48:00,4586294,279.000,6911.000,4582.000,-24.000,3.000,11.000,0.000,0.000,0
2026-01-31 12:48:00,4586334,290.000,6938.000,4583.000,5.000,8.000,20.000,0.000,0.000,0
2026-01-31 12:48:00,4586374,295.000,6958.000,4567.000,26.000,17.000,5.000,0.000,0.000,0
2026-01-31 12:48:00,4586414,283.000,6823.000,4537.000,-3.000,16.000,-5.000,0.000,0.000,0
2026-01-31 12:48:00,4586454,292.000,6940.000,4542.000,-14.000,-8.000,37.000,0.000,0.000,0
2026-01-31 12:48:00,4586494,270.000,6838.000,4511.000,-8.000,17.000,7.000,0.000,0.000,0
2026-01-31 12:48:00,4586534,280.000,7023.000,4568.000,1.000,-12.000,15.000,0.000,0.000,0
2026-01-31 12:48:00,4586574,302.000,6914.000,4566.000,-36.000,11.000,24.000,0.000,0.000,0
2026-01-31 12:48:00,4586614,276.000,6917.000,4537.000,22.000,18.000,20.000,0.000,0.000,0
2026-01-31 12:48:00,4586654,248.000,6832.000,4431.000,31.000,30.000,28.000,0.000,0.000,0
2026-01-31 12:48:00,4586694,293.000,7074.000,4545.000,42.000,-5.000,25.000,0.000,0.000,0
2026-01-31 12:48:00,4586734,354.000,7004.000,4528.000,0.000,1.000,10.000,0.000,0.000,0
2026-01-31 12:48:00,4586774,269.000,6834.000,4433.000,32.000,49.000,14.000,0.000,0.000,0
2026-01-31 12:48:00,4586814,253.000,7053.000,4458.000,15.000,-24.000,38.000,0.000,0.000,0
2026-01-31 12:48:00,4586854,318.000,6825.000,4470.000,-49.000,-10.000,8.000,0.000,0.000,0
2026-01-31 12:48:00,4586894,338.000,7101.000,4545.000,40.000,-10.000,26.000,0.000,0.000,0
2026-01-31 12:48:00,4586934,323.000,6975.000,4498.000,-34.000,20.000,4.000,0.000,0.000,0
2026-01-31 12:48:00,4586974,278.000,6903.000,4457.000,13.000,17.000,30.000,0.000,0.000,0
2026-01-31 12:48:00,4587014,312.000,6982.000,4473.000,-17.000,-7.000,21.000,0.000,0.000,0
2026-01-31 12:48:01,4587054,301.000,7012.000,4502.000,-26.000,24.000,-7.000,0.000,0.000,0
2026-01-31 12:48:01,4587094,252.000,7010.000,4475.000,-7.000,28.000,7.000,0.000,0.000,0
2026-01-31 12:48:01,4587134,243.000,6947.000,4459.000,-30.000,27.000,-3.000,0.000,0.000,0
2026-01-31 12:48:01,4587174,233.000,6889.000,4430.000,16.000,30.000,-10.000,0.000,0.000,0
2026-01-31 12:48:01,4587214,259.000,6973.000,4500.000,18.000,-1.000,-11.000,0.000,0.000,0
2026-01-31 12:48:01,4587254,294.000,6944.000,4456.000,14.000,19.000,-9.000,0.000,0.000,0
2026-01-31 12:48:01,4587294,250.000,7014.000,4504.000,-16.000,9.000,11.000,0.000,0.000,0
2026-01-31 12:48:01,4587334,245.000,6987.000,4527.000,-45.000,1.000,-2.000,0.000,0.000,0
2026-01-31 12:48:01,4587374,196.000,6864.000,4490.000,-15.000,29.000,-24.000,0.000,0.000,0
2026-01-31 12:48:01,4587414,206.000,7076.000,4516.000,18.000,-8.000,15.000,0.000,0.000,0
2026-01-31 12:48:01,4587454,218.000,6912.000,4530.000,-34.000,15.000,-8.000,0.000,0.000,0
2026-01-31 12:48:01,4587494,163.000,6981.000,4522.000,44.000,29.000,25.000,0.000,0.000,0
2026-01-31 12:48:01,4587534,85.000,6992.000,4587.000,-32.000,30.000,-17.000,0.000,0.000,0
2026-01-31 12:48:01,4587574,193.000,6893.000,4523.000,-38.000,24.000,-1.000,0.000,0.000,0
2026-01-31 12:48:01,4587617,279.000,7029.000,4416.000,21.000,-6.000,36.000,0.000,0.000,0
2026-01-31 12:48:01,4587654,230.000,6891.000,4451.000,5.000,31.000,5.000,0.000,0.000,0
2026-01-31 12:48:01,4587694,272.000,6965.000,4430.000,22.000,0.000,11.000,0.000,0.000,0
2026-01-31 12:48:01,4587734,303.000,6946.000,4420.000,-34.000,-14.000,27.000,0.000,0.000,0
2026-01-31 12:48:01,4587774,313.000,6901.000,4414.000,21.000,3.000,9.000,0.000,0.000,0
2026-01-31 12:48:01,4587814,334.000,6941.000,4423.000,42.000,2.000,12.000,0.000,0.000,0
2026-01-31 12:48:01,4587854,282.000,6837.000,4420.000,12.000,34.000,0.000,0.000,0.000,0
2026-01-31 12:48:01,4587894,283.000,7005.000,4445.000,21.000,-4.000,11.000,0.000,0.000,0
2026-01-31 12:48:01,4587934,324.000,6905.000,4454.000,-59.000,3.000,2.000,0.000,0.000,0
2026-01-31 12:48:01,4587974,303.000,6968.000,4467.000,25.000,16.000,-9.000,0.000,0.000,0
2026-01-31 12:48:01,4588014,347.000,7003.000,4457.000,-11.000,13.000,2.000,0.000,0.000,0
2026-01-31 12:48:02,4588054,338.000,6920.000,4482.000,-24.000,20.000,-9.000,0.000,0.000,0
2026-01-31 12:48:02,4588094,344.000,6978.000,4462.000,18.000,11.000,-11.000,0.000,0.000,0
2026-01-31 12:48:02,4588134,314.000,6982.000,4470.000,-31.000,10.000,-14.000,0.000,0.000,0
2026-01-31 12:48:02,4588174,291.000,6998.000,4487.000,-31.000,11.000,9.000,0.000,0.000,0
2026-01-31 12:48:02,4588214,248.000,7002.000,4512.000,-23.000,17.000,-22.000,0.000,0.000,0
2026-01-31 12:48:02,4588254,216.000,6944.000,4515.000,-30.000,24.000,-15.000,0.000,0.000,0
2026-01-31 12:48:02,4588294,229.000,6931.000,4493.000,-3.000,17.000,-7.000,0.000,0.000,0
2026-01-31 12:48:02,4588334,229.000,6962.000,4515.000,-15.000,8.000,-27.000,0.000,0.000,0
2026-01-31 12:48:02,4588374,231.000,6905.000,4530.000,-44.000,17.000,-5.000,0.000,0.000,0
2026-01-31 12:48:02,4588414,207.000,6971.000,4520.000,-9.000,7.000,6.000,0.000,0.000,0
2026-01-31 12:48:02,4588454,224.000,6945.000,4534.000,-19.000,5.000,-16.000,0.000,0.000,0
2026-01-31 12:48:02,4588494,212.000,6969.000,4558.000,-8.000,4.000,18.000,0.000,0.000,0
2026-01-31 12:48:02,4588534,258.000,6947.000,4530.000,6.000,13.000,17.000,0.000,0.000,0
2026-01-31 12:48:02,4588574,231.000,7007.000,4511.000,27.000,14.000,28.000,0.000,0.000,0
2026-01-31 12:48:02,4588614,255.000,6939.000,4532.000,-40.000,-4.000,26.000,0.000,0.000,0
2026-01-31 12:48:02,4588654,224.000,6972.000,4518.000,43.000,12.000,-19.000,0.000,0.000,0
2026-01-31 12:48:02,4588694,213.000,6989.000,4501.000,-10.000,-2.000,18.000,0.000,0.000,0
2026-01-31 12:48:02,4588734,248.000,6868.000,4495.000,-28.000,-3.000,31.000,0.000,0.000,0
2026-01-31 12:48:02,4588774,268.000,7028.000,4507.000,54.000,-6.000,17.000,0.000,0.000,0
2026-01-31 12:48:02,4588814,326.000,6982.000,4502.000,-5.000,-1.000,25.000,0.000,0.000,0
2026-01-31 12:48:02,4588854,320.000,6950.000,4490.000,33.000,24.000,41.000,0.000,0.000,0
2026-01-31 12:48:02,4588894,306.000,6981.000,4444.000,60.000,19.000,24.000,0.000,0.000,0
2026-01-31 12:48:02,4588934,320.000,6953.000,4442.000,18.000,9.000,21.000,0.000,0.000,0
2026-01-31 12:48:02,4588974,309.000,6954.000,4427.000,28.000,19.000,18.000,0.000,0.000,0
2026-01-31 12:48:02,4589014,338.000,7009.000,4437.000,21.000,0.000,-1.000,0.000,0.000,0
2026-01-31 12:48:03,4589054,340.000,6945.000,4458.000,-27.000,13.000,5.000,0.000,0.000,0
2026-01-31 12:48:03,4589094,321.000,7003.000,4474.000,-1.000,7.000,8.000,0.000,0.000,0
2026-01-31 12:48:03,4589134,349.000,6958.000,4425.000,-25.000,5.000,-3.000,0.000,0.000,0
2026-01-31 12:48:03,4589174,317.000,6959.000,4405.000,-12.000,28.000,-5.000,0.000,0.000,0
2026-01-31 12:48:03,4589214,294.000,6962.000,4394.000,-20.000,16.000,-5.000,0.000,0.000,0
2026-01-31 12:48:03,4589254,284.000,6901.000,4394.000,-17.000,22.000,-27.000,0.000,0.000,0
2026-01-31 12:48:03,4589294,241.000,6973.000,4415.000,-21.000,26.000,-17.000,0.000,0.000,0
2026-01-31 12:48:03,4589334,265.000,6995.000,4483.000,-55.000,14.000,-14.000,0.000,0.000,0
2026-01-31 12:48:03,4589374,273.000,7033.000,4503.000,-3.000,13.000,-30.000,0.000,0.000,0
2026-01-31 12:48:03,4589414,235.000,7004.000,4498.000,-25.000,21.000,-4.000,0.000,0.000,0
2026-01-31 12:48:03,4589457,198.000,6970.000,4473.000,-4.000,22.000,-30.000,0.000,0.000,0
2026-01-31 12:48:03,4589497,205.000,6970.000,4487.000,-53.000,-11.000,-2.000,0.000,0.000,0
2026-01-31 12:48:03,4589534,216.000,6909.000,4514.000,-82.000,-8.000,9.000,0.000,0.000,0
2026-01-31 12:48:03,4589574,195.000,6848.000,4479.000,-6.000,30.000,-18.000,0.000,0.000,0
2026-01-31 12:48:03,4589614,153.000,7059.000,4520.000,4.000,4.000,1.000,0.000,0.000,0
2026-01-31 12:48:03,4589654,249.000,7023.000,4564.000,-87.000,-14.000,21.000,0.000,0.000,0
2026-01-31 12:48:03,4589694,206.000,6958.000,4539.000,77.000,44.000,-7.000,0.000,0.000,0
2026-01-31 12:48:03,4589734,237.000,7001.000,4513.000,-33.000,7.000,11.000,0.000,0.000,0
2026-01-31 12:48:03,4589774,244.000,6874.000,4509.000,3.000,25.000,14.000,0.000,0.000,0
2026-01-31 12:48:03,4589814,226.000,6988.000,4419.000,73.000,19.000,17.000,0.000,0.000,0
2026-01-31 12:48:03,4589854,262.000,6976.000,4441.000,-24.000,-7.000,17.000,0.000,0.000,0
2026-01-31 12:48:03,4589894,247.000,6950.000,4483.000,-43.000,-6.000,8.000,0.000,0.000,0
2026-01-31 12:48:03,4589934,228.000,6957.000,4426.000,38.000,28.000,25.000,0.000,0.000,0
2026-01-31 12:48:03,4589974,244.000,7063.000,4439.000,10.000,2.000,13.000,0.000,0.000,0
2026-01-31 12:48:03,4590014,245.000,6946.000,4445.000,-15.000,8.000,-4.000,0.000,0.000,0
2026-01-31 12:48:04,4590054,296.000,7041.000,4461.000,14.000,0.000,18.000,0.000,0.000,0
2026-01-31 12:48:04,4590094,274.000,6945.000,4414.000,19.000,22.000,-6.000,0.000,0.000,0
2026-01-31 12:48:04,4590134,255.000,6984.000,4421.000,-20.000,2.000,1.000,0.000,0.000,0
2026-01-31 12:48:04,4590174,256.000,6901.000,4422.000,-26.000,14.000,6.000,0.000,0.000,0
2026-01-31 12:48:04,4590214,257.000,7066.000,4444.000,18.000,10.000,2.000,0.000,0.000,0
2026-01-31 12:48:04,4590254,249.000,6968.000,4449.000,-29.000,22.000,-16.000,0.000,0.000,0
2026-01-31 12:48:04,4590294,252.000,7028.000,4466.000,6.000,8.000,8.000,0.000,0.000,0
2026-01-31 12:48:04,4590334,254.000,7010.000,4446.000,14.000,15.000,3.000,0.000,0.000,0
2026-01-31 12:48:04,4590374,280.000,6968.000,4407.000,20.000,13.000,6.000,0.000,0.000,0
2026-01-31 12:48:04,4590414,257.000,7032.000,4453.000,-26.000,13.000,-4.000,0.000,0.000,0
2026-01-31 12:48:04,4590454,246.000,6898.000,4409.000,-31.000,19.000,13.000,0.000,0.000,0
2026-01-31 12:48:04,4590494,247.000,6990.000,4409.000,-25.000,3.000,-3.000,0.000,0.000,0
2026-01-31 12:48:04,4590534,239.000,6992.000,4431.000,-30.000,12.000,-21.000,0.000,0.000,0
2026-01-31 12:48:04,4590574,244.000,7000.000,4434.000,-14.000,16.000,4.000,0.000,0.000,0
2026-01-31 12:48:04,4590614,225.000,7046.000,4426.000,1.000,15.000,-4.000,0.000,0.000,0
2026-01-31 12:48:04,4590654,236.000,7047.000,4447.000,-32.000,4.000,-3.000,0.000,0.000,0
2026-01-31 12:48:04,4590694,211.000,6977.000,4445.000,-29.000,21.000,-4.000,0.000,0.000,0
2026-01-31 12:48:04,4590734,180.000,7023.000,4415.000,28.000,21.000,7.000,0.000,0.000,0
2026-01-31 12:48:04,4590774,187.000,6989.000,4419.000,-53.000,3.000,4.000,0.000,0.000,0
2026-01-31 12:48:04,4590814,193.000,6969.000,4448.000,-35.000,1.000,-8.000,0.000,0.000,0
2026-01-31 12:48:04,4590854,190.000,7001.000,4433.000,-9.000,10.000,6.000,0.000,0.000,0
2026-01-31 12:48:04,4590894,191.000,6997.000,4453.000,-33.000,-1.000,11.000,0.000,0.000,0
2026-01-31 12:48:04,4590934,204.000,7064.000,4493.000,-28.000,-4.000,6.000,0.000,0.000,0
2026-01-31 12:48:04,4590974,216.000,7005.000,4486.000,1.000,13.000,9.000,0.000,0.000,0
2026-01-31 12:48:04,4591014,213.000,7039.000,4466.000,45.000,10.000,12.000,0.000,0.000,0
2026-01-31 12:48:05,4591054,191.000,6995.000,4457.000,-5.000,11.000,13.000,0.000,0.000,0
2026-01-31 12:48:05,4591094,204.000,6976.000,4470.000,8.000,-3.000,28.000,0.000,0.000,0
2026-01-31 12:48:05,4591134,201.000,6956.000,4431.000,11.000,10.000,22.000,0.000,0.000,0
2026-01-31 12:48:05,4591174,181.000,6943.000,4377.000,19.000,11.000,28.000,0.000,0.000,0
2026-01-31 12:48:05,4591214,190.000,7032.000,4408.000,3.000,-9.000,34.000,0.000,0.000,0
2026-01-31 12:48:05,4591254,256.000,7003.000,4434.000,7.000,2.000,21.000,0.000,0.000,0
2026-01-31 12:48:05,4591294,218.000,7049.000,4419.000,50.000,16.000,24.000,0.000,0.000,0
2026-01-31 12:48:05,4591334,267.000,7062.000,4402.000,24.000,2.000,31.000,0.000,0.000,0
2026-01-31 12:48:05,4591374,249.000,6971.000,4428.000,-2.000,5.000,0.000,0.000,0.000,0
2026-01-31 12:48:05,4591414,278.000,7022.000,4410.000,15.000,-11.000,39.000,0.000,0.000,0
2026-01-31 12:48:05,4591457,228.000,6931.000,4343.000,30.000,27.000,-26.000,0.000,0.000,0
2026-01-31 12:48:05,4591497,300.000,7081.000,4361.000,14.000,-6.000,7.000,0.000,0.000,0
2026-01-31 12:48:05,4591534,296.000,7010.000,4386.000,-122.000,-5.000,43.000,0.000,0.000,0
2026-01-31 12:48:05,4591574,268.000,6947.000,4384.000,-43.000,28.000,30.000,0.000,0.000,0
2026-01-31 12:48:05,4591617,238.000,7058.000,4348.000,23.000,3.000,-22.000,0.000,0.000,0
2026-01-31 12:48:05,4591655,250.000,7029.000,4405.000,-60.000,-7.000,-13.000,0.000,0.000,0
2026-01-31 12:48:05,4591694,257.000,7008.000,4430.000,-28.000,20.000,3.000,0.000,0.000,0
2026-01-31 12:48:05,4591734,220.000,7054.000,4370.000,42.000,37.000,-19.000,0.000,0.000,0
2026-01-31 12:48:05,4591774,222.000,7067.000,4390.000,-24.000,8.000,-20.000,0.000,0.000,0
2026-01-31 12:48:05,4591814,220.000,7041.000,4469.000,-55.000,4.000,-16.000,0.000,0.000,0
2026-01-31 12:48:05,4591854,226.000,7029.000,4437.000,-17.000,26.000,-7.000,0.000,0.000,0
2026-01-31 12:48:05,4591894,184.000,7052.000,4392.000,3.000,34.000,-7.000,0.000,0.000,0
2026-01-31 12:48:05,4591934,160.000,7040.000,4412.000,-42.000,9.000,-9.000,0.000,0.000,0
2026-01-31 12:48:05,4591974,177.000,6999.000,4452.000,-38.000,7.000,-14.000,0.000,0.000,0
2026-01-31 12:48:05,4592014,155.000,7046.000,4432.000,15.000,17.000,3.000,0.000,0.000,0
2026-01-31 12:48:06,4592054,160.000,6996.000,4424.000,-15.000,12.000,2.000,0.000,0.000,0
2026-01-31 12:48:06,4592094,182.000,7034.000,4453.000,4.000,-8.000,6.000,0.000,0.000,0
2026-01-31 12:48:06,4592134,177.000,7038.000,4487.000,-3.000,1.000,-6.000,0.000,0.000,0
2026-01-31 12:48:06,4592174,207.000,7027.000,4462.000,13.000,8.000,21.000,0.000,0.000,0
2026-01-31 12:48:06,4592214,190.000,7065.000,4426.000,42.000,15.000,7.000,0.000,0.000,0
2026-01-31 12:48:06,4592254,193.000,7038.000,4456.000,-14.000,1.000,4.000,0.000,0.000,0
2026-01-31 12:48:06,4592294,202.000,6971.000,4430.000,3.000,5.000,22.000,0.000,0.000,0
2026-01-31 12:48:06,4592334,198.000,6984.000,4400.000,28.000,12.000,32.000,0.000,0.000,0
2026-01-31 12:48:06,4592374,218.000,7023.000,4365.000,18.000,6.000,11.000,0.000,0.000,0
2026-01-31 12:48:06,4592414,217.000,7026.000,4402.000,23.000,-1.000,21.000,0.000,0.000,0
2026-01-31 12:48:06,4592454,244.000,6981.000,4389.000,17.000,3.000,8.000,0.000,0.000,0
2026-01-31 12:48:06,4592494,279.000,7010.000,4379.000,24.000,4.000,11.000,0.000,0.000,0
2026-01-31 12:48:06,4592534,287.000,7063.000,4396.000,3.000,-3.000,13.000,0.000,0.000,0
2026-01-31 12:48:06,4592574,293.000,7027.000,4401.000,-4.000,7.000,16.000,0.000,0.000,0
2026-01-31 12:48:06,4592614,283.000,6991.000,4380.000,22.000,24.000,6.000,0.000,0.000,0
2026-01-31 12:48:06,4592654,282.000,7044.000,4356.000,16.000,19.000,11.000,0.000,0.000,0
2026-01-31 12:48:06,4592694,252.000,7001.000,4354.000,-18.000,18.000,1.000,0.000,0.000,0
2026-01-31 12:48:06,4592734,244.000,7022.000,4360.000,-11.000,11.000,4.000,0.000,0.000,0
2026-01-31 12:48:06,4592774,219.000,6997.000,4368.000,-21.000,13.000,-10.000,0.000,0.000,0
2026-01-31 12:48:06,4592814,220.000,7041.000,4381.000,-7.000,12.000,-11.000,0.000,0.000,0
2026-01-31 12:48:06,4592854,223.000,7011.000,4403.000,-33.000,11.000,-13.000,0.000,0.000,0
2026-01-31 12:48:06,4592894,244.000,7018.000,4423.000,-25.000,12.000,-4.000,0.000,0.000,0
2026-01-31 12:48:06,4592934,237.000,7010.000,4398.000,-1.000,23.000,-19.000,0.000,0.000,0
2026-01-31 12:48:06,4592974,218.000,7046.000,4413.000,-17.000,14.000,-7.000,0.000,0.000,0
2026-01-31 12:48:06,4593014,205.000,6975.000,4403.000,-37.000,17.000,-4.000,0.000,0.000,0
2026-01-31 12:48:07,4593054,204.000,7014.000,4388.000,12.000,20.000,-8.000,0.000,0.000,0
2026-01-31 12:48:07,4593094,167.000,7037.000,4386.000,-6.000,14.000,-7.000,0.000,0.000,0
2026-01-31 12:48:07,4593134,208.000,7024.000,4426.000,-40.000,3.000,4.000,0.000,0.000,0
2026-01-31 12:48:07,4593174,142.000,7038.000,4436.000,5.000,19.000,-9.000,0.000,0.000,0
2026-01-31 12:48:07,4593214,194.000,7033.000,4433.000,-41.000,-4.000,7.000,0.000,0.000,0
2026-01-31 12:48:07,4593254,197.000,7008.000,4458.000,-26.000,6.000,-19.000,0.000,0.000,0
2026-01-31 12:48:07,4593294,207.000,7028.000,4440.000,-13.000,8.000,-3.000,0.000,0.000,0
2026-01-31 12:48:07,4593334,195.000,7023.000,4446.000,-15.000,4.000,7.000,0.000,0.000,0
2026-01-31 12:48:07,4593374,226.000,6941.000,4413.000,-11.000,11.000,18.000,0.000,0.000,0
2026-01-31 12:48:07,4593414,231.000,7027.000,4411.000,20.000,8.000,-1.000,0.000,0.000,0
2026-01-31 12:48:07,4593457,231.000,6995.000,4424.000,-24.000,8.000,24.000,0.000,0.000,0
2026-01-31 12:48:07,4593499,213.000,6996.000,4401.000,2.000,10.000,-5.000,0.000,0.000,0
2026-01-31 12:48:07,4593534,219.000,7031.000,4396.000,5.000,7.000,-8.000,0.000,0.000,0
2026-01-31 12:48:07,4593574,234.000,6998.000,4400.000,-31.000,10.000,4.000,0.000,0.000,0
2026-01-31 12:48:07,4593615,217.000,7057.000,4408.000,-7.000,7.000,3.000,0.000,0.000,0
2026-01-31 12:48:07,4593654,236.000,7003.000,4372.000,-16.000,16.000,2.000,0.000,0.000,0
2026-01-31 12:48:07,4593694,189.000,7018.000,4382.000,2.000,18.000,-9.000,0.000,0.000,0
2026-01-31 12:48:07,4593734,210.000,7072.000,4399.000,-32.000,2.000,15.000,0.000,0.000,0
2026-01-31 12:48:07,4593774,208.000,7043.000,4413.000,-16.000,16.000,-7.000,0.000,0.000,0
2026-01-31 12:48:07,4593814,194.000,7047.000,4379.000,-10.000,20.000,-3.000,0.000,0.000,0
2026-01-31 12:48:07,4593854,195.000,7094.000,4413.000,-24.000,-1.000,1.000,0.000,0.000,0
2026-01-31 12:48:07,4593894,186.000,6981.000,4430.000,-54.000,10.000,-14.000,0.000,0.000,0
2026-01-31 12:48:07,4593934,195.000,7022.000,4424.000,-22.000,16.000,1.000,0.000,0.000,0
2026-01-31 12:48:07,4593974,191.000,7005.000,4421.000,-32.000,4.000,-6.000,0.000,0.000,0
2026-01-31 12:48:07,4594014,222.000,7018.000,4463.000,-18.000,0.000,4.000,0.000,0.000,0
2026-01-31 12:48:08,4594054,207.000,6995.000,4472.000,-23.000,10.000,7.000,0.000,0.000,0
2026-01-31 12:48:08,4594094,169.000,7005.000,4453.000,-16.000,8.000,8.000,0.000,0.000,0
2026-01-31 12:48:08,4594134,178.000,6958.000,4456.000,-28.000,10.000,5.000,0.000,0.000,0
2026-01-31 12:48:08,4594174,160.000,7052.000,4438.000,55.000,13.000,-10.000,0.000,0.000,0
2026-01-31 12:48:08,4594214,155.000,6995.000,4446.000,-38.000,2.000,18.000,0.000,0.000,0
2026-01-31 12:48:08,4594254,192.000,7001.000,4467.000,-5.000,-4.000,24.000,0.000,0.000,0
2026-01-31 12:48:08,4594294,174.000,7030.000,4461.000,15.000,20.000,-15.000,0.000,0.000,0
2026-01-31 12:48:08,4594334,206.000,7013.000,4456.000,-9.000,-3.000,42.000,0.000,0.000,0
2026-01-31 12:48:08,4594374,197.000,7022.000,4458.000,18.000,6.000,6.000,0.000,0.000,0
2026-01-31 12:48:08,4594414,205.000,7019.000,4428.000,27.000,9.000,29.000,0.000,0.000,0
2026-01-31 12:48:08,4594454,225.000,6999.000,4441.000,-13.000,1.000,16.000,0.000,0.000,0
2026-01-31 12:48:08,4594494,227.000,6970.000,4418.000,18.000,6.000,19.000,0.000,0.000,0
2026-01-31 12:48:08,4594534,229.000,7012.000,4365.000,18.000,2.000,26.000,0.000,0.000,0
2026-01-31 12:48:08,4594574,214.000,7014.000,4365.000,8.000,2.000,28.000,0.000,0.000,0
2026-01-31 12:48:08,4594614,240.000,7026.000,4384.000,-3.000,-2.000,20.000,0.000,0.000,0
2026-01-31 12:48:08,4594654,231.000,7037.000,4391.000,21.000,11.000,16.000,0.000,0.000,0
2026-01-31 12:48:08,4594694,255.000,7005.000,4395.000,-18.000,3.000,4.000,0.000,0.000,0
2026-01-31 12:48:08,4594734,236.000,6999.000,4408.000,-1.000,4.000,7.000,0.000,0.000,0
2026-01-31 12:48:08,4594774,230.000,7030.000,4419.000,-21.000,0.000,10.000,0.000,0.000,0
2026-01-31 12:48:08,4594814,256.000,6955.000,4418.000,-18.000,1.000,12.000,0.000,0.000,0
2026-01-31 12:48:08,4594854,232.000,6985.000,4385.000,11.000,8.000,5.000,0.000,0.000,0
2026-01-31 12:48:08,4594894,269.000,7074.000,4391.000,-18.000,-3.000,33.000,0.000,0.000,0
2026-01-31 12:48:08,4594934,228.000,6946.000,4395.000,-24.000,24.000,-14.000,0.000,0.000,0
2026-01-31 12:48:08,4594974,214.000,7087.000,4397.000,7.000,-8.000,21.000,0.000,0.000,0
2026-01-31 12:48:08,4595014,234.000,6928.000,4386.000,-52.000,17.000,5.000,0.000,0.000,0
2026-01-31 12:48:09,4595054,216.000,7036.000,4387.000,21.000,9.000,-3.000,0.000,0.000,0
2026-01-31 12:48:09,4595094,223.000,7018.000,4452.000,-60.000,-15.000,-6.000,0.000,0.000,0
2026-01-31 12:48:09,4595134,239.000,6962.000,4483.000,-28.000,4.000,-2.000,0.000,0.000,0
2026-01-31 12:48:09,4595174,235.000,7022.000,4435.000,31.000,10.000,-3.000,0.000,0.000,0
2026-01-31 12:48:09,4595214,231.000,7063.000,4479.000,-12.000,5.000,-1.000,0.000,0.000,0
2026-01-31 12:48:09,4595254,224.000,6952.000,4449.000,27.000,12.000,6.000,0.000,0.000,0
2026-01-31 12:48:09,4595294,215.000,7085.000,4434.000,49.000,7.000,3.000,0.000,0.000,0
2026-01-31 12:48:09,4595334,235.000,6997.000,4447.000,-30.000,3.000,12.000,0.000,0.000,0
2026-01-31 12:48:09,4595374,216.000,6977.000,4467.000,-2.000,11.000,10.000,0.000,0.000,0
2026-01-31 12:48:09,4595414,187.000,7041.000,4420.000,50.000,25.000,-1.000,0.000,0.000,0
2026-01-31 12:48:09,4595457,250.000,6986.000,4432.000,0.000,6.000,13.000,0.000,0.000,0
2026-01-31 12:48:09,4595497,238.000,6968.000,4401.000,19.000,22.000,-6.000,0.000,0.000,0
2026-01-31 12:48:09,4595534,228.000,7041.000,4411.000,18.000,10.000,-10.000,0.000,0.000,0
2026-01-31 12:48:09,4595574,252.000,6986.000,4390.000,-13.000,10.000,11.000,0.000,0.000,0
2026-01-31 12:48:09,4595617,230.000,7008.000,4396.000,0.000,10.000,-6.000,0.000,0.000,0
2026-01-31 12:48:09,4595654,255.000,7002.000,4400.000,11.000,10.000,-9.000,0.000,0.000,0
2026-01-31 12:48:09,4595694,242.000,6995.000,4415.000,4.000,15.000,-3.000,0.000,0.000,0
2026-01-31 12:48:09,4595734,261.000,7054.000,4415.000,-8.000,7.000,14.000,0.000,0.000,0
2026-01-31 12:48:09,4595774,221.000,6948.000,4403.000,8.000,32.000,-29.000,0.000,0.000,0
2026-01-31 12:48:09,4595814,213.000,7112.000,4434.000,1.000,-9.000,9.000,0.000,0.000,0
2026-01-31 12:48:09,4595854,242.000,6967.000,4448.000,-43.000,16.000,-14.000,0.000,0.000,0
2026-01-31 12:48:09,4595894,205.000,7030.000,4399.000,32.000,28.000,-13.000,0.000,0.000,0
2026-01-31 12:48:09,4595934,205.000,7045.000,4437.000,-57.000,-4.000,-6.000,0.000,0.000,0
2026-01-31 12:48:09,4595974,233.000,6938.000,4480.000,-38.000,5.000,2.000,0.000,0.000,0
2026-01-31 12:48:09,4596014,222.000,6995.000,4429.000,38.000,22.000,-5.000,0.000,0.000,0
2026-01-31 12:48:10,4596054,216.000,7031.000,4432.000,-1.000,10.000,-7.000,0.000,0.000,0
2026-01-31 12:48:10,4596094,215.000,6938.000,4434.000,-28.000,15.000,8.000,0.000,0.000,0
2026-01-31 12:48:10,4596134,209.000,7035.000,4432.000,18.000,2.000,-3.000,0.000,0.000,0
2026-01-31 12:48:10,4596174,217.000,7042.000,4437.000,-6.000,5.000,-5.000,0.000,0.000,0
2026-01-31 12:48:10,4596214,207.000,6960.000,4435.000,-32.000,17.000,-6.000,0.000,0.000,0
2026-01-31 12:48:10,4596254,232.000,7057.000,4445.000,-4.000,0.000,11.000,0.000,0.000,0
2026-01-31 12:48:10,4596294,198.000,6883.000,4418.000,-35.000,25.000,-7.000,0.000,0.000,0
2026-01-31 12:48:10,4596334,228.000,7066.000,4453.000,21.000,-2.000,10.000,0.000,0.000,0
2026-01-31 12:48:10,4596374,261.000,7004.000,4446.000,-26.000,9.000,7.000,0.000,0.000,0
2026-01-31 12:48:10,4596414,214.000,6921.000,4420.000,0.000,25.000,-2.000,0.000,0.000,0
2026-01-31 12:48:10,4596454,210.000,7100.000,4413.000,22.000,-1.000,18.000,0.000,0.000,0
2026-01-31 12:48:10,4596494,231.000,6960.000,4428.000,-52.000,8.000,-6.000,0.000,0.000,0
2026-01-31 12:48:10,4596534,211.000,7027.000,4430.000,14.000,7.000,10.000,0.000,0.000,0
2026-01-31 12:48:10,4596574,220.000,7048.000,4418.000,2.000,8.000,1.000,0.000,0.000,0
2026-01-31 12:48:10,4596614,211.000,6992.000,4424.000,17.000,12.000,6.000,0.000,0.000,0
2026-01-31 12:48:10,4596654,251.000,7071.000,4432.000,-22.000,-6.000,10.000,0.000,0.000,0
2026-01-31 12:48:10,4596694,213.000,6957.000,4397.000,2.000,20.000,1.000,0.000,0.000,0
2026-01-31 12:48:10,4596734,218.000,7012.000,4410.000,-5.000,-7.000,20.000,0.000,0.000,0
2026-01-31 12:48:10,4596774,230.000,7037.000,4423.000,-20.000,6.000,4.000,0.000,0.000,0
2026-01-31 12:48:10,4596814,218.000,6938.000,4384.000,14.000,28.000,-13.000,0.000,0.000,0
2026-01-31 12:48:10,4596854,218.000,7087.000,4421.000,30.000,-7.000,8.000,0.000,0.000,0
2026-01-31 12:48:10,4596894,278.000,6979.000,4451.000,-52.000,-4.000,9.000,0.000,0.000,0
2026-01-31 12:48:10,4596934,247.000,6901.000,4404.000,14.000,27.000,0.000,0.000,0.000,0
2026-01-31 12:48:10,4596974,248.000,7118.000,4422.000,41.000,1.000,24.000,0.000,0.000,0
2026-01-31 12:48:10,4597014,235.000,6898.000,4425.000,-39.000,16.000,-11.000,0.000,0.000,0
2026-01-31 12:48:11,4597054,202.000,7053.000,4417.000,36.000,7.000,4.000,0.000,0.000,0
2026-01-31 12:48:11,4597094,220.000,7026.000,4416.000,-48.000,5.000,6.000,0.000,0.000,0
2026-01-31 12:48:11,4597134,221.000,6968.000,4435.000,-9.000,10.000,-13.000,0.000,0.000,0
2026-01-31 12:48:11,4597174,226.000,7063.000,4438.000,13.000,4.000,1.000,0.000,0.000,0
2026-01-31 12:48:11,4597214,219.000,6987.000,4454.000,-39.000,9.000,-5.000,0.000,0.000,0
2026-01-31 12:48:11,4597254,220.000,6971.000,4446.000,-9.000,13.000,-1.000,0.000,0.000,0
2026-01-31 12:48:11,4597294,196.000,7023.000,4432.000,18.000,14.000,-6.000,0.000,0.000,0
2026-01-31 12:48:11,4597334,236.000,7003.000,4465.000,-44.000,-7.000,13.000,0.000,0.000,0
2026-01-31 12:48:11,4597374,209.000,7007.000,4439.000,31.000,13.000,7.000,0.000,0.000,0
2026-01-31 12:48:11,4597414,213.000,7006.000,4426.000,-15.000,7.000,2.000,0.000,0.000,0
2026-01-31 12:48:11,4597457,233.000,6989.000,4473.000,-13.000,4.000,6.000,0.000,0.000,0
2026-01-31 12:48:11,4597494,244.000,6985.000,4449.000,15.000,16.000,2.000,0.000,0.000,0
2026-01-31 12:48:11,4597534,187.000,6988.000,4430.000,14.000,19.000,-1.000,0.000,0.000,0
2026-01-31 12:48:11,4597574,254.000,7064.000,4458.000,-20.000,-12.000,20.000,0.000,0.000,0
2026-01-31 12:48:11,4597617,205.000,6973.000,4435.000,22.000,23.000,0.000,0.000,0.000,0
2026-01-31 12:48:11,4597654,197.000,6984.000,4418.000,27.000,15.000,14.000,0.000,0.000,0
2026-01-31 12:48:11,4597694,225.000,7025.000,4438.000,-24.000,-6.000,17.000,0.000,0.000,0
2026-01-31 12:48:11,4597734,202.000,6955.000,4437.000,-29.000,15.000,-9.000,0.000,0.000,0
2026-01-31 12:48:11,4597774,221.000,6995.000,4412.000,7.000,10.000,25.000,0.000,0.000,0
2026-01-31 12:48:11,4597814,211.000,6988.000,4441.000,1.000,9.000,1.000,0.000,0.000,0
2026-01-31 12:48:11,4597854,250.000,6988.000,4449.000,-22.000,3.000,11.000,0.000,0.000,0
2026-01-31 12:48:11,4597894,238.000,6982.000,4436.000,21.000,28.000,3.000,0.000,0.000,0
2026-01-31 12:48:11,4597934,216.000,7040.000,4409.000,16.000,14.000,15.000,0.000,0.000,0
2026-01-31 12:48:11,4597974,244.000,7010.000,4445.000,-52.000,-4.000,-1.000,0.000,0.000,0
2026-01-31 12:48:11,4598014,244.000,6943.000,4443.000,5.000,19.000,-15.000,0.000,0.000,0
2026-01-31 12:48:12,4598054,227.000,7021.000,4407.000,10.000,13.000,7.000,0.000,0.000,0
2026-01-31 12:48:12,4598094,241.000,7020.000,4430.000,-35.000,0.000,0.000,0.000,0.000,0
2026-01-31 12:48:12,4598134,228.000,6953.000,4434.000,18.000,21.000,-19.000,0.000,0.000,0
2026-01-31 12:48:12,4598174,234.000,7033.000,4448.000,-9.000,9.000,8.000,0.000,0.000,0
2026-01-31 12:48:12,4598214,235.000,6938.000,4445.000,-46.000,18.000,-3.000,0.000,0.000,0
2026-01-31 12:48:12,4598254,199.000,6989.000,4428.000,12.000,19.000,-7.000,0.000,0.000,0
2026-01-31 12:48:12,4598294,218.000,7066.000,4451.000,-29.000,2.000,8.000,0.000,0.000,0
2026-01-31 12:48:12,4598334,213.000,6946.000,4448.000,-29.000,18.000,-13.000,0.000,0.000,0
2026-01-31 12:48:12,4598374,187.000,7021.000,4432.000,35.000,17.000,0.000,0.000,0.000,0
2026-01-31 12:48:12,4598414,200.000,7012.000,4446.000,-25.000,3.000,-6.000,0.000,0.000,0
2026-01-31 12:48:12,4598454,217.000,6976.000,4477.000,-27.000,-3.000,-2.000,0.000,0.000,0
2026-01-31 12:48:12,4598494,197.000,7004.000,4432.000,20.000,12.000,-3.000,0.000,0.000,0
2026-01-31 12:48:12,4598534,202.000,7010.000,4452.000,-14.000,-1.000,5.000,0.000,0.000,0
2026-01-31 12:48:12,4598574,201.000,6993.000,4476.000,-14.000,11.000,-3.000,0.000,0.000,0
2026-01-31 12:48:12,4598614,189.000,6971.000,4416.000,19.000,16.000,9.000,0.000,0.000,0
2026-01-31 12:48:12,4598654,204.000,7046.000,4449.000,-11.000,-9.000,12.000,0.000,0.000,0
2026-01-31 12:48:12,4598694,234.000,6976.000,4467.000,-26.000,4.000,-8.000,0.000,0.000,0
2026-01-31 12:48:12,4598734,202.000,6995.000,4450.000,25.000,13.000,6.000,0.000,0.000,0
2026-01-31 12:48:12,4598774,217.000,7009.000,4447.000,14.000,-1.000,13.000,0.000,0.000,0
2026-01-31 12:48:12,4598814,254.000,6976.000,4494.000,-27.000,-5.000,8.000,0.000,0.000,0
2026-01-31 12:48:12,4598854,259.000,6995.000,4480.000,4.000,7.000,15.000,0.000,0.000,0
2026-01-31 12:48:12,4598894,240.000,6978.000,4406.000,23.000,5.000,12.000,0.000,0.000,0
2026-01-31 12:48:12,4598934,240.000,7001.000,4447.000,-35.000,-14.000,9.000,0.000,0.000,0
2026-01-31 12:48:12,4598974,288.000,6978.000,4463.000,-16.000,-1.000,22.000,0.000,0.000,0
2026-01-31 12:48:12,4599014,223.000,6991.000,4420.000,42.000,25.000,-3.000,0.000,0.000,0
2026-01-31 12:48:13,4599054,234.000,7036.000,4434.000,-18.000,-7.000,16.000,0.000,0.000,0
2026-01-31 12:48:13,4599094,256.000,6946.000,4469.000,-35.000,-1.000,-3.000,0.000,0.000,0
2026-01-31 12:48:13,4599134,238.000,6973.000,4451.000,15.000,16.000,8.000,0.000,0.000,0
2026-01-31 12:48:13,4599174,248.000,6994.000,4438.000,-3.000,7.000,1.000,0.000,0.000,0
2026-01-31 12:48:13,4599214,243.000,6970.000,4459.000,-44.000,0.000,8.000,0.000,0.000,0
2026-01-31 12:48:13,4599254,250.000,6951.000,4448.000,-18.000,9.000,6.000,0.000,0.000,0
2026-01-31 12:48:13,4599294,236.000,6993.000,4454.000,-7.000,1.000,8.000,0.000,0.000,0
2026-01-31 12:48:13,4599334,230.000,6995.000,4483.000,-36.000,1.000,12.000,0.000,0.000,0
2026-01-31 12:48:13,4599374,238.000,6939.000,4474.000,-2.000,10.000,-1.000,0.000,0.000,0
2026-01-31 12:48:13,4599414,221.000,7040.000,4496.000,8.000,4.000,-4.000,0.000,0.000,0
2026-01-31 12:48:13,4599457,245.000,6946.000,4486.000,-8.000,8.000,-6.000,0.000,0.000,0
2026-01-31 12:48:13,4599497,245.000,6998.000,4487.000,21.000,-2.000,-6.000,0.000,0.000,0
2026-01-31 12:48:13,4599534,269.000,6968.000,4505.000,-4.000,-2.000,-5.000,0.000,0.000,0
2026-01-31 12:48:13,4599574,282.000,6865.000,4548.000,-51.000,-3.000,-29.000,0.000,0.000,0
2026-01-31 12:48:13,4599617,305.000,6854.000,4588.000,-40.000,-12.000,23.000,0.000,0.000,0
2026-01-31 12:48:13,4599654,318.000,6870.000,4621.000,-17.000,-8.000,-19.000,0.000,0.000,0
2026-01-31 12:48:13,4599694,340.000,6870.000,4607.000,-10.000,3.000,-4.000,0.000,0.000,0
2026-01-31 12:48:13,4599734,334.000,6842.000,4626.000,-29.000,-3.000,-6.000,0.000,0.000,0
2026-01-31 12:48:13,4599774,361.000,6853.000,4649.000,-31.000,-10.000,13.000,0.000,0.000,0
2026-01-31 12:48:13,4599814,361.000,6782.000,4607.000,7.000,16.000,-6.000,0.000,0.000,0
2026-01-31 12:48:13,4599854,348.000,6899.000,4624.000,7.000,5.000,5.000,0.000,0.000,0
2026-01-31 12:48:13,4599894,361.000,6803.000,4626.000,-16.000,9.000,1.000,0.000,0.000,0
2026-01-31 12:48:13,4599934,365.000,6807.000,4628.000,8.000,16.000,3.000,0.000,0.000,0
2026-01-31 12:48:13,4599974,364.000,6871.000,4631.000,23.000,10.000,-6.000,0.000,0.000,0
2026-01-31 12:48:13,4600014,387.000,6839.000,4673.000,-34.000,1.000,-3.000,0.000,0.000,0
2026-01-31 12:48:14,4600054,367.000,6840.000,4665.000,-20.000,15.000,-3.000,0.000,0.000,0
2026-01-31 12:48:14,4600094,335.000,6854.000,4642.000,-18.000,24.000,3.000,0.000,0.000,0
2026-01-31 12:48:14,4600134,320.000,6865.000,4617.000,-3.000,21.000,-2.000,0.000,0.000,0
2026-01-31 12:48:14,4600174,324.000,6915.000,4636.000,-24.000,13.000,6.000,0.000,0.000,0
2026-01-31 12:48:14,4600214,309.000,6841.000,4613.000,-16.000,30.000,-3.000,0.000,0.000,0
2026-01-31 12:48:14,4600254,282.000,6890.000,4587.000,31.000,24.000,-3.000,0.000,0.000,0
2026-01-31 12:48:14,4600294,291.000,6902.000,4569.000,-6.000,3.000,-3.000,0.000,0.000,0
2026-01-31 12:48:14,4600334,316.000,6840.000,4560.000,-24.000,9.000,-1.000,0.000,0.000,0
2026-01-31 12:48:14,4600374,246.000,6920.000,4542.000,32.000,25.000,-1.000,0.000,0.000,0
2026-01-31 12:48:14,4600414,275.000,6948.000,4545.000,-28.000,7.000,11.000,0.000,0.000,0
2026-01-31 12:48:14,4600454,237.000,6894.000,4499.000,10.000,32.000,12.000,0.000,0.000,0
2026-01-31 12:48:14,4600494,208.000,7079.000,4477.000,48.000,25.000,27.000,0.000,0.000,0
2026-01-31 12:48:14,4600534,231.000,7003.000,4502.000,-11.000,18.000,-7.000,0.000,0.000,0
2026-01-31 12:48:14,4600574,245.000,6985.000,4518.000,7.000,11.000,4.000,0.000,0.000,0
2026-01-31 12:48:14,4600614,209.000,7021.000,4464.000,3.000,30.000,38.000,0.000,0.000,0
2026-01-31 12:48:14,4600654,197.000,7043.000,4403.000,8.000,30.000,18.000,0.000,0.000,0
2026-01-31 12:48:14,4600694,158.000,6946.000,4372.000,5.000,23.000,-15.000,0.000,0.000,0
2026-01-31 12:48:14,4600734,162.000,7029.000,4422.000,11.000,3.000,16.000,0.000,0.000,0
2026-01-31 12:48:14,4600774,156.000,6992.000,4408.000,-21.000,28.000,41.000,0.000,0.000,0
2026-01-31 12:48:14,4600814,188.000,7034.000,4370.000,68.000,27.000,-35.000,0.000,0.000,0
2026-01-31 12:48:14,4600854,199.000,7049.000,4440.000,-25.000,-7.000,2.000,0.000,0.000,0
2026-01-31 12:48:14,4600894,207.000,7039.000,4431.000,-52.000,10.000,47.000,0.000,0.000,0
2026-01-31 12:48:14,4600934,197.000,7027.000,4352.000,24.000,16.000,0.000,0.000,0.000,0
2026-01-31 12:48:14,4600974,162.000,7095.000,4362.000,15.000,17.000,1.000,0.000,0.000,0
2026-01-31 12:48:14,4601014,200.000,7056.000,4363.000,-28.000,19.000,32.000,0.000,0.000,0
2026-01-31 12:48:15,4601054,168.000,6978.000,4346.000,31.000,38.000,-12.000,0.000,0.000,0
2026-01-31 12:48:15,4601094,167.000,7089.000,4304.000,24.000,21.000,30.000,0.000,0.000,0
2026-01-31 12:48:15,4601134,144.000,7032.000,4320.000,-25.000,23.000,15.000,0.000,0.000,0
2026-01-31 12:48:15,4601174,151.000,7101.000,4361.000,-19.000,12.000,1.000,0.000,0.000,0
2026-01-31 12:48:15,4601214,158.000,7055.000,4298.000,32.000,39.000,7.000,0.000,0.000,0
2026-01-31 12:48:15,4601254,148.000,7146.000,4338.000,14.000,8.000,2.000,0.000,0.000,0
2026-01-31 12:48:15,4601294,189.000,7043.000,4354.000,-57.000,4.000,7.000,0.000,0.000,0
2026-01-31 12:48:15,4601334,150.000,7013.000,4331.000,0.000,27.000,-3.000,0.000,0.000,0
2026-01-31 12:48:15,4601374,112.000,7114.000,4326.000,11.000,6.000,-3.000,0.000,0.000,0
2026-01-31 12:48:15,4601414,143.000,7063.000,4366.000,-74.000,-9.000,9.000,0.000,0.000,0
2026-01-31 12:48:15,4601459,147.000,7046.000,4356.000,21.000,17.000,-13.000,0.000,0.000,0
2026-01-31 12:48:15,4601494,146.000,7050.000,4342.000,25.000,22.000,-17.000,0.000,0.000,0
2026-01-31 12:48:15,4601534,198.000,6986.000,4480.000,11.000,-18.000,-44.000,0.000,0.000,0
2026-01-31 12:48:15,4601574,446.000,6530.000,4942.000,-28.000,-222.000,-298.000,0.000,0.000,0
2026-01-31 12:48:15,4601614,601.000,6538.000,5362.000,-490.000,-478.000,-277.000,0.000,0.000,0
2026-01-31 12:48:15,4601654,779.000,6214.000,5538.000,-979.000,-590.000,-92.000,0.000,0.000,0
2026-01-31 12:48:15,4601694,933.000,6092.000,5550.000,-1171.000,-652.000,165.000,0.000,0.000,0
2026-01-31 12:48:15,4601734,1059.000,6370.000,5362.000,-1221.000,-534.000,463.000,0.000,0.000,0
2026-01-31 12:48:15,4601774,792.000,6170.000,5060.000,-611.000,26.000,417.000,0.000,0.000,0
2026-01-31 12:48:15,4601814,523.000,6157.000,4891.000,737.000,431.000,-150.000,0.000,0.000,0
2026-01-31 12:48:15,4601854,350.000,6796.000,4948.000,1206.000,167.000,-453.000,0.000,0.000,0
2026-01-31 12:48:15,4601894,627.000,6831.000,5229.000,195.000,-227.000,-339.000,0.000,0.000,0
2026-01-31 12:48:15,4601934,1217.000,6258.000,5500.000,-599.000,-97.000,340.000,0.000,0.000,0
2026-01-31 12:48:15,4601974,948.000,6234.000,5198.000,179.000,297.000,418.000,0.000,0.000,0
2026-01-31 12:48:15,4602014,490.000,6676.000,4612.000,786.000,461.000,77.000,0.000,0.000,0
2026-01-31 12:48:16,4602054,256.000,6817.000,4598.000,596.000,211.000,-264.000,0.000,0.000,0
2026-01-31 12:48:16,4602094,352.000,6702.000,5092.000,19.000,-166.000,-237.000,0.000,0.000,0
2026-01-31 12:48:16,4602134,696.000,6368.000,5384.000,-348.000,-291.000,-89.000,0.000,0.000,0
2026-01-31 12:48:16,4602174,760.000,6199.000,5381.000,-225.000,-43.000,107.000,0.000,0.000,0
2026-01-31 12:48:16,4602214,707.000,6562.000,5037.000,-18.000,76.000,194.000,0.000,0.000,0
2026-01-31 12:48:16,4602254,513.000,6532.000,4844.000,-18.000,112.000,21.000,0.000,0.000,0
2026-01-31 12:48:16,4602294,468.000,6519.000,4973.000,-44.000,-55.000,-143.000,0.000,0.000,0
2026-01-31 12:48:16,4602334,684.000,6446.000,5336.000,-124.000,-135.000,-67.000,0.000,0.000,0
2026-01-31 12:48:16,4602374,779.000,6367.000,5308.000,-79.000,-23.000,88.000,0.000,0.000,0
2026-01-31 12:48:16,4602414,679.000,6505.000,5137.000,-26.000,69.000,124.000,0.000,0.000,0
2026-01-31 12:48:16,4602454,546.000,6510.000,5007.000,16.000,85.000,42.000,0.000,0.000,0
2026-01-31 12:48:16,4602494,506.000,6482.000,5047.000,43.000,17.000,-58.000,0.000,0.000,0
2026-01-31 12:48:16,4602534,598.000,6469.000,5165.000,33.000,-46.000,-50.000,0.000,0.000,0
2026-01-31 12:48:16,4602574,668.000,6395.000,5206.000,-8.000,-17.000,13.000,0.000,0.000,0
2026-01-31 12:48:16,4602614,664.000,6463.000,5149.000,-31.000,14.000,64.000,0.000,0.000,0
2026-01-31 12:48:16,4602654,589.000,6463.000,5062.000,-15.000,51.000,32.000,0.000,0.000,0
2026-01-31 12:48:16,4602694,566.000,6504.000,5076.000,42.000,24.000,-25.000,0.000,0.000,0
2026-01-31 12:48:16,4602734,619.000,6465.000,5180.000,-50.000,-44.000,-17.000,0.000,0.000,0
2026-01-31 12:48:16,4602774,666.000,6389.000,5217.000,-30.000,-5.000,12.000,0.000,0.000,0
2026-01-31 12:48:16,4602814,636.000,6475.000,5161.000,0.000,19.000,45.000,0.000,0.000,0
2026-01-31 12:48:16,4602854,588.000,6461.000,5087.000,12.000,32.000,28.000,0.000,0.000,0
2026-01-31 12:48:16,4602894,582.000,6491.000,5086.000,9.000,-6.000,5.000,0.000,0.000,0
2026-01-31 12:48:16,4602934,610.000,6429.000,5144.000,-27.000,-21.000,-4.000,0.000,0.000,0
2026-01-31 12:48:16,4602974,648.000,6443.000,5157.000,36.000,-3.000,5.000,0.000,0.000,0
2026-01-31 12:48:16,4603014,639.000,6469.000,5118.000,-6.000,11.000,41.000,0.000,0.000,0
2026-01-31 12:48:17,4603054,622.000,6499.000,5119.000,-34.000,0.000,25.000,0.000,0.000,0
2026-01-31 12:48:17,4603094,625.000,6453.000,5109.000,19.000,5.000,-6.000,0.000,0.000,0
2026-01-31 12:48:17,4603134,613.000,6473.000,5118.000,14.000,-4.000,-9.000,0.000,0.000,0
2026-01-31 12:48:17,4603174,641.000,6456.000,5138.000,-36.000,-8.000,12.000,0.000,0.000,0
2026-01-31 12:48:17,4603214,626.000,6420.000,5126.000,-20.000,10.000,14.000,0.000,0.000,0
2026-01-31 12:48:17,4603254,624.000,6518.000,5114.000,12.000,7.000,17.000,0.000,0.000,0
2026-01-31 12:48:17,4603294,629.000,6496.000,5115.000,0.000,2.000,4.000,0.000,0.000,0
2026-01-31 12:48:17,4603334,645.000,6498.000,5138.000,-15.000,-7.000,2.000,0.000,0.000,0
2026-01-31 12:48:17,4603374,645.000,6436.000,5133.000,7.000,11.000,0.000,0.000,0.000,0
2026-01-31 12:48:17,4603417,643.000,6467.000,5134.000,-18.000,-3.000,26.000,0.000,0.000,0
2026-01-31 12:48:17,4603457,625.000,6469.000,5108.000,17.000,19.000,-1.000,0.000,0.000,0
2026-01-31 12:48:17,4603494,606.000,6480.000,5121.000,4.000,12.000,-5.000,0.000,0.000,0
2026-01-31 12:48:17,4603534,637.000,6523.000,5152.000,-16.000,-17.000,5.000,0.000,0.000,0
2026-01-31 12:48:17,4603574,661.000,6420.000,5134.000,-14.000,8.000,10.000,0.000,0.000,0
2026-01-31 12:48:17,4603617,628.000,6515.000,5104.000,13.000,25.000,4.000,0.000,0.000,0
2026-01-31 12:48:17,4603654,641.000,6528.000,5096.000,-25.000,10.000,-3.000,0.000,0.000,0
2026-01-31 12:48:17,4603694,624.000,6407.000,5127.000,-25.000,5.000,-7.000,0.000,0.000,0
2026-01-31 12:48:17,4603734,629.000,6489.000,5132.000,28.000,3.000,-4.000,0.000,0.000,0
2026-01-31 12:48:17,4603774,668.000,6477.000,5122.000,-11.000,12.000,8.000,0.000,0.000,0
2026-01-31 12:48:17,4603814,643.000,6437.000,5127.000,1.000,28.000,3.000,0.000,0.000,0
2026-01-31 12:48:17,4603854,653.000,6492.000,5094.000,4.000,15.000,-1.000,0.000,0.000,0
2026-01-31 12:48:17,4603894,628.000,6558.000,5136.000,-10.000,-5.000,-9.000,0.000,0.000,0
2026-01-31 12:48:17,4603934,651.000,6435.000,5126.000,-21.000,18.000,-17.000,0.000,0.000,0
2026-01-31 12:48:17,4603974,599.000,6503.000,5135.000,20.000,10.000,8.000,0.000,0.000,0
2026-01-31 12:48:17,4604014,639.000,6473.000,5129.000,-57.000,2.000,16.000,0.000,0.000,0
2026-01-31 12:48:18,4604054,609.000,6463.000,5130.000,13.000,21.000,-26.000,0.000,0.000,0
2026-01-31 12:48:18,4604094,611.000,6578.000,5151.000,-5.000,2.000,5.000,0.000,0.000,0
2026-01-31 12:48:18,4604134,607.000,6372.000,5144.000,-34.000,22.000,-14.000,0.000,0.000,0
2026-01-31 12:48:18,4604174,598.000,6498.000,5177.000,-4.000,-3.000,14.000,0.000,0.000,0
2026-01-31 12:48:18,4604214,610.000,6431.000,5146.000,-22.000,11.000,11.000,0.000,0.000,0
2026-01-31 12:48:18,4604254,608.000,6487.000,5128.000,27.000,17.000,8.000,0.000,0.000,0
2026-01-31 12:48:18,4604294,617.000,6431.000,5127.000,4.000,14.000,8.000,0.000,0.000,0
2026-01-31 12:48:18,4604334,645.000,6427.000,5128.000,2.000,10.000,23.000,0.000,0.000,0
2026-01-31 12:48:18,4604374,638.000,6491.000,5119.000,17.000,6.000,3.000,0.000,0.000,0
2026-01-31 12:48:18,4604414,664.000,6476.000,5105.000,-6.000,17.000,15.000,0.000,0.000,0
2026-01-31 12:48:18,4604454,617.000,6428.000,5106.000,-9.000,23.000,-9.000,0.000,0.000,0
2026-01-31 12:48:18,4604494,609.000,6492.000,5115.000,-6.000,-1.000,10.000,0.000,0.000,0
2026-01-31 12:48:18,4604534,652.000,6417.000,5129.000,-39.000,8.000,-9.000,0.000,0.000,0
2026-01-31 12:48:18,4604574,643.000,6481.000,5104.000,21.000,27.000,0.000,0.000,0.000,0
2026-01-31 12:48:18,4604614,622.000,6484.000,5116.000,-43.000,3.000,5.000,0.000,0.000,0
2026-01-31 12:48:18,4604654,636.000,6413.000,5130.000,-18.000,11.000,-10.000,0.000,0.000,0
2026-01-31 12:48:18,4604694,628.000,6483.000,5127.000,8.000,11.000,-5.000,0.000,0.000,0
2026-01-31 12:48:18,4604734,628.000,6434.000,5121.000,-22.000,23.000,-3.000,0.000,0.000,0
2026-01-31 12:48:18,4604774,608.000,6479.000,5132.000,-13.000,12.000,8.000,0.000,0.000,0
2026-01-31 12:48:18,4604814,611.000,6490.000,5147.000,-18.000,8.000,-6.000,0.000,0.000,0
2026-01-31 12:48:18,4604854,587.000,6423.000,5121.000,10.000,25.000,-17.000,0.000,0.000,0
2026-01-31 12:48:18,4604894,597.000,6509.000,5139.000,-4.000,2.000,3.000,0.000,0.000,0
2026-01-31 12:48:18,4604934,623.000,6488.000,5146.000,-31.000,2.000,4.000,0.000,0.000,0
2026-01-31 12:48:18,4604974,615.000,6436.000,5133.000,2.000,20.000,2.000,0.000,0.000,0
2026-01-31 12:48:18,4605014,602.000,6501.000,5139.000,-22.000,-6.000,5.000,0.000,0.000,0
2026-01-31 12:48:19,4605054,617.000,6397.000,5137.000,-16.000,8.000,-4.000,0.000,0.000,0
2026-01-31 12:48:19,4605094,610.000,6497.000,5134.000,21.000,4.000,6.000,0.000,0.000,0
2026-01-31 12:48:19,4605134,618.000,6486.000,5116.000,-12.000,4.000,5.000,0.000,0.000,0
2026-01-31 12:48:19,4605174,610.000,6464.000,5126.000,-6.000,7.000,5.000,0.000,0.000,0
2026-01-31 12:48:19,4605214,614.000,6485.000,5106.000,24.000,7.000,5.000,0.000,0.000,0
2026-01-31 12:48:19,4605254,633.000,6470.000,5127.000,-4.000,6.000,3.000,0.000,0.000,0
2026-01-31 12:48:19,4605294,638.000,6475.000,5138.000,2.000,3.000,15.000,0.000,0.000,0
2026-01-31 12:48:19,4605334,644.000,6488.000,5126.000,3.000,7.000,15.000,0.000,0.000,0
2026-01-31 12:48:19,4605374,620.000,6475.000,5093.000,-8.000,8.000,3.000,0.000,0.000,0
2026-01-31 12:48:19,4605414,647.000,6503.000,5128.000,0.000,3.000,5.000,0.000,0.000,0
2026-01-31 12:48:19,4605455,641.000,6476.000,5107.000,-8.000,10.000,10.000,0.000,0.000,0
2026-01-31 12:48:19,4605494,639.000,6446.000,5110.000,-15.000,11.000,5.000,0.000,0.000,0
2026-01-31 12:48:19,4605534,631.000,6442.000,5084.000,10.000,22.000,-10.000,0.000,0.000,0
2026-01-31 12:48:19,4605574,634.000,6484.000,5111.000,-20.000,11.000,-4.000,0.000,0.000,0
2026-01-31 12:48:19,4605617,623.000,6503.000,5172.000,-21.000,1.000,-4.000,0.000,0.000,0
2026-01-31 12:48:19,4605654,623.000,6446.000,5144.000,-18.000,14.000,-2.000,0.000,0.000,0
2026-01-31 12:48:19,4605694,597.000,6438.000,5110.000,0.000,25.000,-9.000,0.000,0.000,0
2026-01-31 12:48:19,4605734,594.000,6492.000,5156.000,-28.000,1.000,-2.000,0.000,0.000,0
2026-01-31 12:48:19,4605774,619.000,6414.000,5141.000,0.000,25.000,-1.000,0.000,0.000,0
2026-01-31 12:48:19,4605814,582.000,6523.000,5110.000,36.000,14.000,11.000,0.000,0.000,0
2026-01-31 12:48:19,4605854,609.000,6484.000,5136.000,-35.000,4.000,7.000,0.000,0.000,0
2026-01-31 12:48:19,4605894,615.000,6421.000,5143.000,-7.000,11.000,5.000,0.000,0.000,0
2026-01-31 12:48:19,4605934,610.000,6562.000,5134.000,38.000,4.000,9.000,0.000,0.000,0
2026-01-31 12:48:19,4605974,597.000,6371.000,5085.000,-37.000,19.000,7.000,0.000,0.000,0
2026-01-31 12:48:19,4606014,555.000,6498.000,5164.000,-6.000,-7.000,-1.000,0.000,0.000,0
2026-01-31 12:48:20,4606054,606.000,6405.000,5146.000,-41.000,8.000,9.000,0.000,0.000,0
2026-01-31 12:48:20,4606094,586.000,6466.000,5156.000,21.000,18.000,-8.000,0.000,0.000,0
2026-01-31 12:48:20,4606134,676.000,6507.000,5068.000,6.000,27.000,11.000,0.000,0.000,0
2026-01-31 12:48:20,4606174,644.000,6474.000,5109.000,-10.000,-7.000,0.000,0.000,0.000,0
2026-01-31 12:48:20,4606214,664.000,6449.000,5083.000,9.000,2.000,17.000,0.000,0.000,0
2026-01-31 12:48:20,4606254,629.000,6485.000,5088.000,16.000,8.000,-7.000,0.000,0.000,0
2026-01-31 12:48:20,4606294,629.000,6502.000,5139.000,-3.000,-7.000,16.000,0.000,0.000,0
2026-01-31 12:48:20,4606334,639.000,6450.000,5140.000,-50.000,1.000,12.000,0.000,0.000,0
2026-01-31 12:48:20,4606374,575.000,6453.000,5132.000,36.000,23.000,-8.000,0.000,0.000,0
2026-01-31 12:48:20,4606414,597.000,6610.000,5163.000,-25.000,-8.000,20.000,0.000,0.000,0
2026-01-31 12:48:20,4606454,595.000,6423.000,5169.000,-51.000,3.000,-11.000,0.000,0.000,0
2026-01-31 12:48:20,4606494,631.000,6482.000,5156.000,-9.000,-7.000,26.000,0.000,0.000,0
2026-01-31 12:48:20,4606534,613.000,6521.000,5139.000,-14.000,2.000,-2.000,0.000,0.000,0
2026-01-31 12:48:20,4606574,630.000,6432.000,5136.000,-23.000,5.000,8.000,0.000,0.000,0
2026-01-31 12:48:20,4606614,644.000,6440.000,5116.000,18.000,1.000,12.000,0.000,0.000,0
2026-01-31 12:48:20,4606654,661.000,6523.000,5093.000,33.000,3.000,9.000,0.000,0.000,0
2026-01-31 12:48:20,4606694,670.000,6456.000,5074.000,-6.000,2.000,16.000,0.000,0.000,0
2026-01-31 12:48:20,4606734,646.000,6554.000,5118.000,0.000,-14.000,13.000,0.000,0.000,0
2026-01-31 12:48:20,4606774,630.000,6394.000,5102.000,-33.000,5.000,13.000,0.000,0.000,0
2026-01-31 12:48:20,4606814,599.000,6518.000,5123.000,21.000,-7.000,4.000,0.000,0.000,0
2026-01-31 12:48:20,4606854,611.000,6445.000,5125.000,-18.000,-6.000,6.000,0.000,0.000,0
2026-01-31 12:48:20,4606894,663.000,6438.000,5126.000,-5.000,-15.000,20.000,0.000,0.000,0
2026-01-31 12:48:20,4606934,632.000,6503.000,5106.000,33.000,14.000,5.000,0.000,0.000,0
2026-01-31 12:48:20,4606974,626.000,6486.000,5119.000,13.000,5.000,17.000,0.000,0.000,0
2026-01-31 12:48:20,4607014,637.000,6453.000,5127.000,4.000,5.000,6.000,0.000,0.000,0
2026-01-31 12:48:21,4607054,621.000,6485.000,5135.000,23.000,14.000,10.000,0.000,0.000,0
2026-01-31 12:48:21,4607094,624.000,6474.000,5109.000,3.000,5.000,13.000,0.000,0.000,0
2026-01-31 12:48:21,4607134,625.000,6457.000,5112.000,-15.000,5.000,12.000,0.000,0.000,0
2026-01-31 12:48:21,4607174,628.000,6455.000,5116.000,-9.000,0.000,3.000,0.000,0.000,0
2026-01-31 12:48:21,4607214,629.000,6498.000,5144.000,-16.000,-9.000,8.000,0.000,0.000,0
2026-01-31 12:48:21,4607254,652.000,6447.000,5146.000,-27.000,-7.000,7.000,0.000,0.000,0
2026-01-31 12:48:21,4607294,625.000,6519.000,5115.000,24.000,5.000,11.000,0.000,0.000,0
2026-01-31 12:48:21,4607334,638.000,6449.000,5138.000,-52.000,-1.000,12.000,0.000,0.000,0
2026-01-31 12:48:21,4607374,629.000,6472.000,5149.000,15.000,4.000,9.000,0.000,0.000,0
2026-01-31 12:48:21,4607414,637.000,6472.000,5110.000,15.000,17.000,18.000,0.000,0.000,0
2026-01-31 12:48:21,4607457,622.000,6478.000,5109.000,-3.000,11.000,-9.000,0.000,0.000,0
2026-01-31 12:48:21,4607496,621.000,6514.000,5132.000,-15.000,7.000,-5.000,0.000,0.000,0
2026-01-31 12:48:21,4607537,647.000,6480.000,5126.000,11.000,16.000,-8.000,0.000,0.000,0
2026-01-31 12:48:21,4607574,624.000,6479.000,5127.000,24.000,19.000,-7.000,0.000,0.000,0
2026-01-31 12:48:21,4607617,637.000,6457.000,5133.000,-28.000,15.000,-6.000,0.000,0.000,0
2026-01-31 12:48:21,4607656,637.000,6479.000,5123.000,-15.000,17.000,-10.000,0.000,0.000,0
2026-01-31 12:48:21,4607694,636.000,6499.000,5130.000,3.000,11.000,-4.000,0.000,0.000,0
2026-01-31 12:48:21,4607734,648.000,6448.000,5108.000,-20.000,19.000,11.000,0.000,0.000,0
2026-01-31 12:48:21,4607774,614.000,6426.000,5078.000,17.000,29.000,-15.000,0.000,0.000,0
2026-01-31 12:48:21,4607814,600.000,6482.000,5111.000,-20.000,2.000,4.000,0.000,0.000,0
2026-01-31 12:48:21,4607854,618.000,6403.000,5130.000,-49.000,12.000,-3.000,0.000,0.000,0
2026-01-31 12:48:21,4607894,600.000,6482.000,5156.000,3.000,13.000,-10.000,0.000,0.000,0
2026-01-31 12:48:21,4607934,617.000,6458.000,5113.000,-3.000,16.000,4.000,0.000,0.000,0
2026-01-31 12:48:21,4607974,629.000,6501.000,5129.000,5.000,10.000,-1.000,0.000,0.000,0
2026-01-31 12:48:21,4608014,663.000,6453.000,5131.000,-10.000,11.000,10.000,0.000,0.000,0
2026-01-31 12:48:22,4608054,639.000,6497.000,5136.000,4.000,19.000,10.000,0.000,0.000,0
2026-01-31 12:48:22,4608094,614.000,6457.000,5110.000,-8.000,22.000,1.000,0.000,0.000,0
2026-01-31 12:48:22,4608134,605.000,6459.000,5112.000,-11.000,4.000,10.000,0.000,0.000,0
2026-01-31 12:48:22,4608174,623.000,6445.000,5106.000,0.000,6.000,-7.000,0.000,0.000,0
2026-01-31 12:48:22,4608214,646.000,6488.000,5107.000,6.000,9.000,6.000,0.000,0.000,0
2026-01-31 12:48:22,4608254,625.000,6455.000,5096.000,-6.000,13.000,-6.000,0.000,0.000,0
2026-01-31 12:48:22,4608294,627.000,6508.000,5109.000,-18.000,-1.000,9.000,0.000,0.000,0
2026-01-31 12:48:22,4608334,630.000,6432.000,5135.000,-30.000,12.000,-4.000,0.000,0.000,0
2026-01-31 12:48:22,4608374,631.000,6517.000,5126.000,9.000,17.000,-10.000,0.000,0.000,0
2026-01-31 12:48:22,4608414,608.000,6496.000,5108.000,1.000,20.000,-6.000,0.000,0.000,0
2026-01-31 12:48:22,4608454,622.000,6487.000,5130.000,-13.000,3.000,10.000,0.000,0.000,0
2026-01-31 12:48:22,4608494,642.000,6437.000,5120.000,-5.000,16.000,-3.000,0.000,0.000,0
2026-01-31 12:48:22,4608534,608.000,6455.000,5086.000,32.000,30.000,0.000,0.000,0.000,0
2026-01-31 12:48:22,4608574,600.000,6548.000,5104.000,-3.000,-3.000,6.000,0.000,0.000,0
2026-01-31 12:48:22,4608614,607.000,6435.000,5140.000,-39.000,-2.000,-2.000,0.000,0.000,0
2026-01-31 12:48:22,4608654,607.000,6465.000,5137.000,10.000,11.000,-9.000,0.000,0.000,0
2026-01-31 12:48:22,4608694,626.000,6522.000,5130.000,5.000,8.000,10.000,0.000,0.000,0
2026-01-31 12:48:22,4608734,641.000,6498.000,5128.000,-12.000,4.000,8.000,0.000,0.000,0
2026-01-31 12:48:22,4608774,647.000,6482.000,5134.000,-6.000,14.000,12.000,0.000,0.000,0
2026-01-31 12:48:22,4608814,596.000,6493.000,5110.000,14.000,21.000,-1.000,0.000,0.000,0
2026-01-31 12:48:22,4608854,637.000,6467.000,5112.000,-37.000,2.000,10.000,0.000,0.000,0
2026-01-31 12:48:22,4608894,618.000,6420.000,5109.000,-4.000,17.000,-12.000,0.000,0.000,0
2026-01-31 12:48:22,4608934,606.000,6534.000,5112.000,14.000,1.000,10.000,0.000,0.000,0
2026-01-31 12:48:22,4608974,623.000,6447.000,5110.000,-34.000,14.000,-1.000,0.000,0.000,0
2026-01-31 12:48:22,4609014,578.000,6499.000,5148.000,4.000,10.000,-6.000,0.000,0.000,0
2026-01-31 12:48:23,4609054,629.000,6461.000,5126.000,-14.000,7.000,15.000,0.000,0.000,0
2026-01-31 12:48:23,4609094,598.000,6412.000,5104.000,2.000,19.000,-6.000,0.000,0.000,0
2026-01-31 12:48:23,4609134,637.000,6537.000,5135.000,-13.000,-11.000,22.000,0.000,0.000,0
2026-01-31 12:48:23,4609174,625.000,6394.000,5100.000,-7.000,27.000,-13.000,0.000,0.000,0
2026-01-31 12:48:23,4609214,602.000,6570.000,5140.000,-36.000,-10.000,21.000,0.000,0.000,0
2026-01-31 12:48:23,4609254,646.000,6394.000,5144.000,-45.000,11.000,-6.000,0.000,0.000,0
2026-01-31 12:48:23,4609294,598.000,6506.000,5121.000,53.000,25.000,-15.000,0.000,0.000,0
2026-01-31 12:48:23,4609334,606.000,6524.000,5113.000,-23.000,-1.000,16.000,0.000,0.000,0
2026-01-31 12:48:23,4609374,628.000,6383.000,5120.000,-43.000,7.000,8.000,0.000,0.000,0
2026-01-31 12:48:23,4609414,619.000,6487.000,5119.000,27.000,9.000,-2.000,0.000,0.000,0
2026-01-31 12:48:23,4609457,617.000,6472.000,5129.000,-28.000,7.000,5.000,0.000,0.000,0
2026-01-31 12:48:23,4609494,607.000,6420.000,5125.000,-20.000,12.000,5.000,0.000,0.000,0
2026-01-31 12:48:23,4609534,614.000,6526.000,5135.000,3.000,7.000,7.000,0.000,0.000,0
2026-01-31 12:48:23,4609574,614.000,6447.000,5127.000,-8.000,15.000,-2.000,0.000,0.000,0
2026-01-31 12:48:23,4609616,595.000,6475.000,5115.000,2.000,10.000,4.000,0.000,0.000,0
2026-01-31 12:48:23,4609654,619.000,6505.000,5124.000,-12.000,5.000,-2.000,0.000,0.000,0
2026-01-31 12:48:23,4609694,602.000,6436.000,5133.000,0.000,11.000,-5.000,0.000,0.000,0
2026-01-31 12:48:23,4609734,623.000,6471.000,5121.000,-16.000,1.000,19.000,0.000,0.000,0
2026-01-31 12:48:23,4609774,607.000,6431.000,5100.000,-4.000,10.000,5.000,0.000,0.000,0
2026-01-31 12:48:23,4609814,586.000,6468.000,5113.000,-11.000,0.000,16.000,0.000,0.000,0
2026-01-31 12:48:23,4609854,598.000,6498.000,5151.000,-40.000,-9.000,0.000,0.000,0.000,0
2026-01-31 12:48:23,4609894,597.000,6436.000,5116.000,16.000,11.000,4.000,0.000,0.000,0
2026-01-31 12:48:23,4609934,610.000,6608.000,5149.000,20.000,-8.000,14.000,0.000,0.000,0
2026-01-31 12:48:23,4609974,665.000,6426.000,5156.000,-1.000,7.000,1.000,0.000,0.000,0
2026-01-31 12:48:23,4610014,624.000,6528.000,5113.000,40.000,13.000,17.000,0.000,0.000,0
2026-01-31 12:48:24,4610054,652.000,6508.000,5102.000,-28.000,-1.000,22.000,0.000,0.000,0
2026-01-31 12:48:24,4610094,588.000,6422.000,5116.000,2.000,19.000,-20.000,0.000,0.000,0
2026-01-31 12:48:24,4610134,592.000,6484.000,5108.000,-26.000,-11.000,21.000,0.000,0.000,0
2026-01-31 12:48:24,4610174,621.000,6451.000,5130.000,-27.000,5.000,-6.000,0.000,0.000,0
2026-01-31 12:48:24,4610214,621.000,6436.000,5100.000,7.000,22.000,6.000,0.000,0.000,0
2026-01-31 12:48:24,4610254,607.000,6518.000,5123.000,-10.000,3.000,6.000,0.000,0.000,0
2026-01-31 12:48:24,4610294,631.000,6436.000,5151.000,-31.000,-5.000,15.000,0.000,0.000,0
2026-01-31 12:48:24,4610334,629.000,6485.000,5124.000,6.000,12.000,3.000,0.000,0.000,0
2026-01-31 12:48:24,4610374,608.000,6491.000,5114.000,2.000,12.000,6.000,0.000,0.000,0
2026-01-31 12:48:24,4610414,620.000,6490.000,5152.000,-26.000,-4.000,19.000,0.000,0.000,0
2026-01-31 12:48:24,4610454,628.000,6467.000,5126.000,6.000,6.000,6.000,0.000,0.000,0
2026-01-31 12:48:24,4610494,623.000,6467.000,5088.000,35.000,13.000,4.000,0.000,0.000,0
2026-01-31 12:48:24,4610534,636.000,6458.000,5084.000,-8.000,1.000,22.000,0.000,0.000,0
2026-01-31 12:48:24,4610574,622.000,6475.000,5149.000,-32.000,-11.000,1.000,0.000,0.000,0
2026-01-31 12:48:24,4610614,641.000,6428.000,5151.000,-35.000,-2.000,14.000,0.000,0.000,0
2026-01-31 12:48:24,4610654,598.000,6506.000,5129.000,30.000,12.000,2.000,0.000,0.000,0
2026-01-31 12:48:24,4610694,615.000,6507.000,5130.000,-15.000,-3.000,10.000,0.000,0.000,0
2026-01-31 12:48:24,4610734,649.000,6463.000,5153.000,-1.000,6.000,6.000,0.000,0.000,0
2026-01-31 12:48:24,4610774,658.000,6491.000,5100.000,29.000,17.000,28.000,0.000,0.000,0
2026-01-31 12:48:24,4610814,620.000,6489.000,5081.000,-4.000,11.000,5.000,0.000,0.000,0
2026-01-31 12:48:24,4610854,634.000,6425.000,5109.000,-27.000,1.000,-1.000,0.000,0.000,0
2026-01-31 12:48:24,4610894,605.000,6430.000,5122.000,-3.000,0.000,-9.000,0.000,0.000,0
2026-01-31 12:48:24,4610934,627.000,6483.000,5123.000,-13.000,-4.000,16.000,0.000,0.000,0
2026-01-31 12:48:24,4610974,630.000,6437.000,5129.000,-33.000,11.000,2.000,0.000,0.000,0
2026-01-31 12:48:24,4611014,602.000,6455.000,5111.000,10.000,13.000,8.000,0.000,0.000,0
2026-01-31 12:48:25,4611054,631.000,6482.000,5125.000,-15.000,-5.000,13.000,0.000,0.000,0
2026-01-31 12:48:25,4611094,663.000,6480.000,5119.000,3.000,10.000,0.000,0.000,0.000,0
2026-01-31 12:48:25,4611134,591.000,6492.000,5117.000,-12.000,22.000,3.000,0.000,0.000,0
2026-01-31 12:48:25,4611174,597.000,6483.000,5126.000,-12.000,7.000,2.000,0.000,0.000,0
2026-01-31 12:48:25,4611214,616.000,6428.000,5133.000,-2.000,16.000,-10.000,0.000,0.000,0
2026-01-31 12:48:25,4611254,637.000,6502.000,5158.000,2.000,13.000,-2.000,0.000,0.000,0
2026-01-31 12:48:25,4611294,646.000,6482.000,5125.000,9.000,21.000,8.000,0.000,0.000,0
2026-01-31 12:48:25,4611334,626.000,6437.000,5095.000,3.000,21.000,7.000,0.000,0.000,0
2026-01-31 12:48:25,4611374,630.000,6508.000,5104.000,0.000,9.000,2.000,0.000,0.000,0
2026-01-31 12:48:25,4611414,645.000,6467.000,5115.000,-14.000,11.000,-7.000,0.000,0.000,0
2026-01-31 12:48:25,4611457,612.000,6492.000,5105.000,-3.000,15.000,3.000,0.000,0.000,0
2026-01-31 12:48:25,4611496,638.000,6441.000,5117.000,-24.000,12.000,-5.000,0.000,0.000,0
2026-01-31 12:48:25,4611534,628.000,6440.000,5121.000,-2.000,20.000,-7.000,0.000,0.000,0
2026-01-31 12:48:25,4611574,647.000,6485.000,5104.000,21.000,13.000,1.000,0.000,0.000,0
2026-01-31 12:48:25,4611614,641.000,6469.000,5102.000,-11.000,15.000,-2.000,0.000,0.000,0
2026-01-31 12:48:25,4611654,612.000,6521.000,5154.000,-20.000,5.000,-6.000,0.000,0.000,0
2026-01-31 12:48:25,4611694,627.000,6496.000,5170.000,-44.000,8.000,0.000,0.000,0.000,0
2026-01-31 12:48:25,4611734,617.000,6426.000,5099.000,38.000,38.000,-10.000,0.000,0.000,0
2026-01-31 12:48:25,4611774,616.000,6544.000,5076.000,25.000,6.000,11.000,0.000,0.000,0
2026-01-31 12:48:25,4611814,663.000,6496.000,5148.000,-45.000,-2.000,1.000,0.000,0.000,0
2026-01-31 12:48:25,4611854,580.000,6460.000,5114.000,-3.000,24.000,-8.000,0.000,0.000,0
2026-01-31 12:48:25,4611894,585.000,6532.000,5094.000,-19.000,-6.000,18.000,0.000,0.000,0
2026-01-31 12:48:25,4611934,632.000,6413.000,5134.000,-52.000,-4.000,-8.000,0.000,0.000,0
2026-01-31 12:48:25,4611974,623.000,6446.000,5107.000,18.000,20.000,-14.000,0.000,0.000,0
2026-01-31 12:48:25,4612014,578.000,6574.000,5127.000,-7.000,8.000,3.000,0.000,0.000,0
2026-01-31 12:48:26,4612054,591.000,6409.000,5146.000,-42.000,8.000,8.000,0.000,0.000,0
2026-01-31 12:48:26,4612094,622.000,6503.000,5153.000,16.000,12.000,8.000,0.000,0.000,0
2026-01-31 12:48:26,4612134,632.000,6494.000,5114.000,16.000,22.000,4.000,0.000,0.000,0
2026-01-31 12:48:26,4612174,609.000,6487.000,5117.000,1.000,11.000,15.000,0.000,0.000,0
2026-01-31 12:48:26,4612214,607.000,6472.000,5148.000,-29.000,7.000,13.000,0.000,0.000,0
2026-01-31 12:48:26,4612254,612.000,6508.000,5141.000,19.000,7.000,-13.000,0.000,0.000,0
2026-01-31 12:48:26,4612294,631.000,6474.000,5108.000,-1.000,7.000,-2.000,0.000,0.000,0
2026-01-31 12:48:26,4612334,632.000,6498.000,5096.000,11.000,0.000,-1.000,0.000,0.000,0
2026-01-31 12:48:26,4612374,634.000,6484.000,5096.000,-1.000,8.000,1.000,0.000,0.000,0
2026-01-31 12:48:26,4612414,609.000,6458.000,5100.000,-5.000,14.000,-2.000,0.000,0.000,0
2026-01-31 12:48:26,4612454,587.000,6447.000,5077.000,-6.000,15.000,5.000,0.000,0.000,0
2026-01-31 12:48:26,4612494,611.000,6470.000,5108.000,-22.000,5.000,14.000,0.000,0.000,0
2026-01-31 12:48:26,4612534,625.000,6441.000,5158.000,-21.000,-7.000,-13.000,0.000,0.000,0
2026-01-31 12:48:26,4612574,637.000,6482.000,5147.000,5.000,4.000,1.000,0.000,0.000,0
2026-01-31 12:48:26,4612614,601.000,6488.000,5091.000,17.000,16.000,-6.000,0.000,0.000,0
2026-01-31 12:48:26,4612654,610.000,6492.000,5123.000,-24.000,-7.000,3.000,0.000,0.000,0
2026-01-31 12:48:26,4612694,615.000,6464.000,5127.000,12.000,12.000,-2.000,0.000,0.000,0
2026-01-31 12:48:26,4612734,604.000,6478.000,5112.000,15.000,20.000,10.000,0.000,0.000,0
2026-01-31 12:48:26,4612774,574.000,6495.000,5115.000,-12.000,11.000,16.000,0.000,0.000,0
2026-01-31 12:48:26,4612814,597.000,6450.000,5154.000,-43.000,-6.000,2.000,0.000,0.000,0
2026-01-31 12:48:26,4612854,612.000,6469.000,5144.000,17.000,12.000,-5.000,0.000,0.000,0
2026-01-31 12:48:26,4612894,615.000,6489.000,5097.000,8.000,10.000,7.000,0.000,0.000,0
2026-01-31 12:48:26,4612934,609.000,6486.000,5122.000,-43.000,-4.000,8.000,0.000,0.000,0
2026-01-31 12:48:26,4612974,620.000,6435.000,5121.000,-2.000,12.000,10.000,0.000,0.000,0
2026-01-31 12:48:26,4613014,598.000,6495.000,5122.000,5.000,12.000,-1.000,0.000,0.000,0
2026-01-31 12:48:27,4613054,604.000,6426.000,5123.000,-17.000,14.000,11.000,0.000,0.000,0
2026-01-31 12:48:27,4613094,618.000,6483.000,5120.000,-5.000,3.000,14.000,0.000,0.000,0
2026-01-31 12:48:27,4613134,614.000,6485.000,5099.000,10.000,13.000,2.000,0.000,0.000,0
2026-01-31 12:48:27,4613174,603.000,6469.000,5096.000,-9.000,9.000,-2.000,0.000,0.000,0
2026-01-31 12:48:27,4613214,612.000,6486.000,5116.000,-15.000,-2.000,-2.000,0.000,0.000,0
2026-01-31 12:48:27,4613254,624.000,6495.000,5139.000,-7.000,8.000,6.000,0.000,0.000,0
2026-01-31 12:48:27,4613294,606.000,6473.000,5121.000,-6.000,15.000,-2.000,0.000,0.000,0
2026-01-31 12:48:27,4613334,601.000,6508.000,5110.000,-5.000,11.000,7.000,0.000,0.000,0
2026-01-31 12:48:27,4613374,544.000,6367.000,5002.000,15.000,16.000,-25.000,0.000,0.000,0
2026-01-31 12:48:27,4613414,678.000,6705.000,5217.000,-177.000,-24.000,-4.000,0.000,0.000,0
2026-01-31 12:48:27,4613459,620.000,6501.000,5183.000,144.000,27.000,80.000,0.000,0.000,0
2026-01-31 12:48:27,4613494,615.000,6602.000,5019.000,293.000,57.000,20.000,0.000,0.000,0
2026-01-31 12:48:27,4613534,523.000,6513.000,4958.000,77.000,29.000,-91.000,0.000,0.000,0
2026-01-31 12:48:27,4613574,589.000,6520.000,5198.000,-57.000,-58.000,-37.000,0.000,0.000,0
2026-01-31 12:48:27,4613617,649.000,6521.000,5166.000,16.000,47.000,38.000,0.000,0.000,0
2026-01-31 12:48:27,4613654,579.000,6531.000,5090.000,21.000,77.000,53.000,0.000,0.000,0
2026-01-31 12:48:27,4613694,540.000,6563.000,5010.000,-52.000,30.000,38.000,0.000,0.000,0
2026-01-31 12:48:27,4613734,535.000,6466.000,5102.000,-115.000,-26.000,-9.000,0.000,0.000,0
2026-01-31 12:48:27,4613774,662.000,6483.000,5148.000,41.000,-17.000,-31.000,0.000,0.000,0
2026-01-31 12:48:27,4613814,626.000,6508.000,5114.000,-18.000,7.000,-3.000,0.000,0.000,0
2026-01-31 12:48:27,4613854,619.000,6475.000,5134.000,-91.000,3.000,54.000,0.000,0.000,0
2026-01-31 12:48:27,4613894,608.000,6444.000,5112.000,-3.000,20.000,16.000,0.000,0.000,0
2026-01-31 12:48:27,4613934,593.000,6470.000,5090.000,44.000,15.000,-11.000,0.000,0.000,0
2026-01-31 12:48:27,4613974,623.000,6507.000,5139.000,-10.000,-11.000,17.000,0.000,0.000,0
2026-01-31 12:48:27,4614014,614.000,6419.000,5113.000,-14.000,16.000,22.000,0.000,0.000,0
2026-01-31 12:48:28,4614054,582.000,6536.000,5098.000,6.000,9.000,18.000,0.000,0.000,0
2026-01-31 12:48:28,4614094,599.000,6452.000,5100.000,-14.000,2.000,-3.000,0.000,0.000,0
2026-01-31 12:48:28,4614134,616.000,6493.000,5134.000,1.000,-11.000,0.000,0.000,0.000,0
2026-01-31 12:48:28,4614174,641.000,6478.000,5116.000,-8.000,1.000,14.000,0.000,0.000,0
2026-01-31 12:48:28,4614214,613.000,6476.000,5106.000,-16.000,6.000,18.000,0.000,0.000,0
2026-01-31 12:48:28,4614254,601.000,6480.000,5097.000,-18.000,12.000,13.000,0.000,0.000,0
2026-01-31 12:48:28,4614294,615.000,6479.000,5097.000,-15.000,4.000,13.000,0.000,0.000,0
2026-01-31 12:48:28,4614334,631.000,6471.000,5124.000,-11.000,1.000,24.000,0.000,0.000,0
2026-01-31 12:48:28,4614374,644.000,6437.000,5133.000,-27.000,-13.000,-3.000,0.000,0.000,0
2026-01-31 12:48:28,4614414,605.000,6480.000,5109.000,22.000,12.000,5.000,0.000,0.000,0
2026-01-31 12:48:28,4614454,607.000,6498.000,5094.000,-14.000,-2.000,9.000,0.000,0.000,0
2026-01-31 12:48:28,4614494,628.000,6467.000,5136.000,-22.000,-9.000,3.000,0.000,0.000,0
2026-01-31 12:48:28,4614534,625.000,6507.000,5122.000,21.000,4.000,12.000,0.000,0.000,0
2026-01-31 12:48:28,4614574,632.000,6468.000,5115.000,-26.000,9.000,18.000,0.000,0.000,0
2026-01-31 12:48:28,4614614,594.000,6462.000,5122.000,-8.000,6.000,12.000,0.000,0.000,0
2026-01-31 12:48:28,4614654,604.000,6462.000,5099.000,10.000,4.000,18.000,0.000,0.000,0
2026-01-31 12:48:28,4614694,618.000,6496.000,5120.000,1.000,6.000,-2.000,0.000,0.000,0
2026-01-31 12:48:28,4614734,633.000,6468.000,5097.000,-15.000,7.000,-4.000,0.000,0.000,0
2026-01-31 12:48:28,4614774,620.000,6507.000,5131.000,-13.000,4.000,9.000,0.000,0.000,0
2026-01-31 12:48:28,4614814,632.000,6460.000,5112.000,-12.000,8.000,3.000,0.000,0.000,0
2026-01-31 12:48:28,4614854,622.000,6478.000,5099.000,11.000,16.000,-8.000,0.000,0.000,0
2026-01-31 12:48:28,4614894,616.000,6490.000,5127.000,-10.000,5.000,-7.000,0.000,0.000,0
2026-01-31 12:48:28,4614934,614.000,6452.000,5122.000,-6.000,19.000,7.000,0.000,0.000,0
2026-01-31 12:48:28,4614974,601.000,6493.000,5115.000,11.000,18.000,1.000,0.000,0.000,0
2026-01-31 12:48:28,4615014,607.000,6477.000,5102.000,-13.000,13.000,-4.000,0.000,0.000,0
2026-01-31 12:48:29,4615054,595.000,6503.000,5143.000,19.000,10.000,-11.000,0.000,0.000,0
2026-01-31 12:48:29,4615094,643.000,6419.000,5131.000,-41.000,8.000,21.000,0.000,0.000,0
2026-01-31 12:48:29,4615134,618.000,6492.000,5115.000,16.000,19.000,-5.000,0.000,0.000,0
2026-01-31 12:48:29,4615174,611.000,6545.000,5098.000,15.000,12.000,8.000,0.000,0.000,0
2026-01-31 12:48:29,4615214,635.000,6437.000,5109.000,-32.000,9.000,-4.000,0.000,0.000,0
2026-01-31 12:48:29,4615254,619.000,6486.000,5106.000,33.000,21.000,2.000,0.000,0.000,0
2026-01-31 12:48:29,4615294,605.000,6451.000,5090.000,-6.000,12.000,-4.000,0.000,0.000,0
2026-01-31 12:48:29,4615334,620.000,6517.000,5110.000,17.000,9.000,-10.000,0.000,0.000,0
2026-01-31 12:48:29,4615374,604.000,6451.000,5097.000,-30.000,5.000,6.000,0.000,0.000,0
2026-01-31 12:48:29,4615414,628.000,6502.000,5121.000,27.000,2.000,2.000,0.000,0.000,0
2026-01-31 12:48:29,4615457,604.000,6583.000,5118.000,48.000,12.000,-33.000,0.000,0.000,0
2026-01-31 12:48:29,4615497,626.000,6441.000,5132.000,-51.000,7.000,13.000,0.000,0.000,0
2026-01-31 12:48:29,4615534,644.000,6480.000,5143.000,-17.000,12.000,21.000,0.000,0.000,0
2026-01-31 12:48:29,4615574,621.000,6493.000,5097.000,1.000,39.000,11.000,0.000,0.000,0
2026-01-31 12:48:29,4615617,568.000,6481.000,5068.000,-42.000,4.000,-7.000,0.000,0.000,0
2026-01-31 12:48:29,4615654,576.000,6454.000,5084.000,-43.000,-6.000,-5.000,0.000,0.000,0
2026-01-31 12:48:29,4615694,661.000,6612.000,5145.000,-6.000,-19.000,-4.000,0.000,0.000,0
2026-01-31 12:48:29,4615734,622.000,6419.000,5122.000,-11.000,29.000,-14.000,0.000,0.000,0
2026-01-31 12:48:29,4615774,585.000,6525.000,5127.000,-6.000,14.000,29.000,0.000,0.000,0
2026-01-31 12:48:29,4615814,615.000,6512.000,5132.000,-32.000,9.000,7.000,0.000,0.000,0
2026-01-31 12:48:29,4615854,594.000,6434.000,5126.000,17.000,20.000,-15.000,0.000,0.000,0
2026-01-31 12:48:29,4615894,611.000,6517.000,5113.000,-1.000,5.000,16.000,0.000,0.000,0
2026-01-31 12:48:29,4615934,627.000,6440.000,5091.000,-22.000,17.000,7.000,0.000,0.000,0
2026-01-31 12:48:29,4615974,591.000,6483.000,5091.000,5.000,13.000,-1.000,0.000,0.000,0
2026-01-31 12:48:29,4616014,588.000,6485.000,5096.000,-20.000,1.000,-5.000,0.000,0.000,0
2026-01-31 12:48:30,4616054,612.000,6455.000,5123.000,-12.000,8.000,-9.000,0.000,0.000,0
2026-01-31 12:48:30,4616094,638.000,6518.000,5130.000,-3.000,4.000,11.000,0.000,0.000,0
2026-01-31 12:48:30,4616134,621.000,6470.000,5126.000,-20.000,15.000,3.000,0.000,0.000,0
2026-01-31 12:48:30,4616174,601.000,6477.000,5111.000,6.000,20.000,3.000,0.000,0.000,0
2026-01-31 12:48:30,4616214,587.000,6495.000,5102.000,-9.000,9.000,0.000,0.000,0.000,0
2026-01-31 12:48:30,4616254,614.000,6474.000,5122.000,-23.000,-2.000,6.000,0.000,0.000,0
2026-01-31 12:48:30,4616294,598.000,6477.000,5132.000,0.000,5.000,-2.000,0.000,0.000,0
2026-01-31 12:48:30,4616334,606.000,6478.000,5104.000,-4.000,15.000,11.000,0.000,0.000,0
2026-01-31 12:48:30,4616374,580.000,6497.000,5126.000,-8.000,13.000,-7.000,0.000,0.000,0
2026-01-31 12:48:30,4616414,601.000,6476.000,5122.000,-26.000,-3.000,10.000,0.000,0.000,0
2026-01-31 12:48:30,4616454,631.000,6451.000,5113.000,9.000,21.000,0.000,0.000,0.000,0
2026-01-31 12:48:30,4616494,604.000,6515.000,5089.000,17.000,19.000,-2.000,0.000,0.000,0
2026-01-31 12:48:30,4616534,583.000,6469.000,5115.000,-33.000,1.000,4.000,0.000,0.000,0
2026-01-31 12:48:30,4616574,606.000,6436.000,5116.000,-4.000,7.000,8.000,0.000,0.000,0
2026-01-31 12:48:30,4616614,607.000,6516.000,5121.000,17.000,13.000,-3.000,0.000,0.000,0
2026-01-31 12:48:30,4616654,598.000,6477.000,5122.000,-19.000,13.000,-1.000,0.000,0.000,0
2026-01-31 12:48:30,4616694,596.000,6434.000,5085.000,-9.000,13.000,3.000,0.000,0.000,0
2026-01-31 12:48:30,4616734,583.000,6536.000,5117.000,-2.000,2.000,2.000,0.000,0.000,0
2026-01-31 12:48:30,4616774,635.000,6516.000,5155.000,-26.000,-4.000,5.000,0.000,0.000,0
2026-01-31 12:48:30,4616814,599.000,6492.000,5078.000,18.000,26.000,-8.000,0.000,0.000,0
2026-01-31 12:48:30,4616854,615.000,6512.000,5101.000,-33.000,-4.000,4.000,0.000,0.000,0
2026-01-31 12:48:30,4616894,619.000,6396.000,5122.000,-26.000,11.000,-4.000,0.000,0.000,0
2026-01-31 12:48:30,4616934,607.000,6522.000,5099.000,36.000,15.000,7.000,0.000,0.000,0
2026-01-31 12:48:30,4616974,595.000,6498.000,5099.000,-31.000,6.000,0.000,0.000,0.000,0
2026-01-31 12:48:30,4617014,599.000,6460.000,5133.000,-27.000,4.000,3.000,0.000,0.000,0
2026-01-31 12:48:31,4617054,594.000,6477.000,5116.000,17.000,13.000,0.000,0.000,0.000,0
2026-01-31 12:48:31,4617094,627.000,6545.000,5125.000,-4.000,1.000,11.000,0.000,0.000,0
2026-01-31 12:48:31,4617134,605.000,6418.000,5100.000,-14.000,21.000,-3.000,0.000,0.000,0
2026-01-31 12:48:31,4617174,588.000,6529.000,5123.000,5.000,-4.000,10.000,0.000,0.000,0
2026-01-31 12:48:31,4617214,615.000,6447.000,5125.000,-8.000,9.000,-9.000,0.000,0.000,0
2026-01-31 12:48:31,4617254,602.000,6499.000,5097.000,31.000,15.000,16.000,0.000,0.000,0
2026-01-31 12:48:31,4617294,595.000,6519.000,5110.000,-16.000,8.000,9.000,0.000,0.000,0
2026-01-31 12:48:31,4617334,614.000,6443.000,5130.000,-29.000,-1.000,10.000,0.000,0.000,0
2026-01-31 12:48:31,4617374,620.000,6451.000,5131.000,40.000,24.000,7.000,0.000,0.000,0
2026-01-31 12:48:31,4617414,597.000,6527.000,5076.000,63.000,32.000,-2.000,0.000,0.000,0
2026-01-31 12:48:31,4617454,566.000,6486.000,5103.000,-31.000,4.000,8.000,0.000,0.000,0
2026-01-31 12:48:31,4617494,604.000,6471.000,5146.000,-33.000,-8.000,13.000,0.000,0.000,0
2026-01-31 12:48:31,4617534,606.000,6461.000,5120.000,-3.000,13.000,-11.000,0.000,0.000,0
2026-01-31 12:48:31,4617574,576.000,6447.000,5062.000,-3.000,17.000,8.000,0.000,0.000,0
2026-01-31 12:48:31,4617617,614.000,6542.000,5206.000,-66.000,-25.000,-1.000,0.000,0.000,0
2026-01-31 12:48:31,4617654,634.000,6459.000,5191.000,-32.000,0.000,-1.000,0.000,0.000,0
2026-01-31 12:48:31,4617694,608.000,6453.000,5089.000,70.000,30.000,5.000,0.000,0.000,0
2026-01-31 12:48:31,4617734,613.000,6572.000,5098.000,-23.000,-18.000,34.000,0.000,0.000,0
2026-01-31 12:48:31,4617774,665.000,6387.000,5137.000,-60.000,2.000,9.000,0.000,0.000,0
2026-01-31 12:48:31,4617814,581.000,6470.000,5098.000,59.000,24.000,2.000,0.000,0.000,0
2026-01-31 12:48:31,4617854,572.000,6488.000,5035.000,12.000,3.000,10.000,0.000,0.000,0
2026-01-31 12:48:31,4617894,585.000,6426.000,5097.000,-48.000,-12.000,14.000,0.000,0.000,0
2026-01-31 12:48:31,4617934,627.000,6499.000,5158.000,-27.000,-25.000,11.000,0.000,0.000,0
2026-01-31 12:48:31,4617974,590.000,6475.000,5104.000,29.000,21.000,4.000,0.000,0.000,0
2026-01-31 12:48:31,4618014,608.000,6593.000,5133.000,-12.000,-26.000,16.000,0.000,0.000,0
2026-01-31 12:48:32,4618054,662.000,6442.000,5159.000,-60.000,-11.000,3.000,0.000,0.000,0
2026-01-31 12:48:32,4618094,643.000,6458.000,5137.000,36.000,19.000,15.000,0.000,0.000,0
2026-01-31 12:48:32,4618134,610.000,6539.000,5083.000,26.000,14.000,22.000,0.000,0.000,0
2026-01-31 12:48:32,4618174,627.000,6475.000,5094.000,-26.000,6.000,8.000,0.000,0.000,0
2026-01-31 12:48:32,4618214,611.000,6464.000,5117.000,-6.000,8.000,-5.000,0.000,0.000,0
2026-01-31 12:48:32,4618254,607.000,6494.000,5096.000,12.000,-6.000,20.000,0.000,0.000,0
2026-01-31 12:48:32,4618294,620.000,6396.000,5065.000,-21.000,8.000,17.000,0.000,0.000,0
2026-01-31 12:48:32,4618334,613.000,6565.000,5129.000,2.000,-5.000,0.000,0.000,0.000,0
2026-01-31 12:48:32,4618374,599.000,6420.000,5129.000,-29.000,8.000,-11.000,0.000,0.000,0
2026-01-31 12:48:32,4618414,592.000,6501.000,5131.000,9.000,0.000,10.000,0.000,0.000,0
2026-01-31 12:48:32,4618454,642.000,6472.000,5125.000,-21.000,8.000,3.000,0.000,0.000,0
2026-01-31 12:48:32,4618494,620.000,6459.000,5108.000,13.000,21.000,-4.000,0.000,0.000,0
2026-01-31 12:48:32,4618534,653.000,6589.000,5131.000,12.000,-2.000,16.000,0.000,0.000,0
2026-01-31 12:48:32,4618574,659.000,6482.000,5136.000,-24.000,18.000,0.000,0.000,0.000,0
2026-01-31 12:48:32,4618614,589.000,6421.000,5070.000,26.000,39.000,-9.000,0.000,0.000,0
2026-01-31 12:48:32,4618654,564.000,6517.000,5080.000,-9.000,0.000,6.000,0.000,0.000,0
2026-01-31 12:48:32,4618694,642.000,6431.000,5139.000,-59.000,-10.000,3.000,0.000,0.000,0
2026-01-31 12:48:32,4618734,587.000,6525.000,5108.000,38.000,16.000,7.000,0.000,0.000,0
2026-01-31 12:48:32,4618774,622.000,6509.000,5114.000,-44.000,6.000,18.000,0.000,0.000,0
2026-01-31 12:48:32,4618814,636.000,6457.000,5146.000,-15.000,11.000,-8.000,0.000,0.000,0
2026-01-31 12:48:32,4618854,635.000,6526.000,5115.000,36.000,17.000,2.000,0.000,0.000,0
2026-01-31 12:48:32,4618894,624.000,6505.000,5103.000,-8.000,19.000,2.000,0.000,0.000,0
2026-01-31 12:48:32,4618934,605.000,6484.000,5103.000,-19.000,12.000,3.000,0.000,0.000,0
2026-01-31 12:48:32,4618974,599.000,6452.000,5105.000,5.000,16.000,-2.000,0.000,0.000,0
2026-01-31 12:48:32,4619014,622.000,6460.000,5111.000,-2.000,7.000,4.000,0.000,0.000,0
2026-01-31 12:48:33,4619054,617.000,6493.000,5107.000,11.000,13.000,-2.000,0.000,0.000,0
2026-01-31 12:48:33,4619094,633.000,6471.000,5113.000,-23.000,13.000,6.000,0.000,0.000,0
2026-01-31 12:48:33,4619134,611.000,6485.000,5103.000,-14.000,-1.000,16.000,0.000,0.000,0
2026-01-31 12:48:33,4619174,627.000,6486.000,5130.000,-20.000,4.000,-2.000,0.000,0.000,0
2026-01-31 12:48:33,4619214,629.000,6478.000,5113.000,11.000,21.000,-13.000,0.000,0.000,0
2026-01-31 12:48:33,4619254,599.000,6515.000,5111.000,3.000,17.000,-10.000,0.000,0.000,0
2026-01-31 12:48:33,4619294,593.000,6442.000,5110.000,-10.000,16.000,-2.000,0.000,0.000,0
2026-01-31 12:48:33,4619334,610.000,6477.000,5126.000,-11.000,5.000,5.000,0.000,0.000,0
2026-01-31 12:48:33,4619374,611.000,6455.000,5122.000,-4.000,15.000,-9.000,0.000,0.000,0
2026-01-31 12:48:33,4619414,602.000,6490.000,5108.000,9.000,15.000,8.000,0.000,0.000,0
2026-01-31 12:48:33,4619457,605.000,6466.000,5129.000,-20.000,12.000,2.000,0.000,0.000,0
2026-01-31 12:48:33,4619497,613.000,6489.000,5109.000,-3.000,8.000,5.000,0.000,0.000,0
2026-01-31 12:48:33,4619534,608.000,6487.000,5108.000,-4.000,15.000,5.000,0.000,0.000,0
2026-01-31 12:48:33,4619574,603.000,6479.000,5093.000,0.000,14.000,1.000,0.000,0.000,0
2026-01-31 12:48:33,4619614,607.000,6489.000,5116.000,-16.000,2.000,2.000,0.000,0.000,0
2026-01-31 12:48:33,4619654,621.000,6475.000,5130.000,-16.000,7.000,-3.000,0.000,0.000,0
2026-01-31 12:48:33,4619694,600.000,6466.000,5105.000,12.000,16.000,-3.000,0.000,0.000,0
2026-01-31 12:48:33,4619734,604.000,6495.000,5108.000,-15.000,8.000,7.000,0.000,0.000,0
2026-01-31 12:48:33,4619774,616.000,6468.000,5117.000,-24.000,10.000,-2.000,0.000,0.000,0
2026-01-31 12:48:33,4619814,602.000,6483.000,5123.000,14.000,17.000,-5.000,0.000,0.000,0
2026-01-31 12:48:33,4619854,615.000,6512.000,5107.000,-5.000,12.000,11.000,0.000,0.000,0
2026-01-31 12:48:33,4619894,597.000,6476.000,5119.000,-3.000,3.000,3.000,0.000,0.000,0
2026-01-31 12:48:33,4619934,611.000,6479.000,5108.000,-10.000,7.000,3.000,0.000,0.000,0
2026-01-31 12:48:33,4619974,591.000,6479.000,5115.000,6.000,12.000,-3.000,0.000,0.000,0
2026-01-31 12:48:33,4620014,616.000,6485.000,5113.000,-6.000,10.000,4.000,0.000,0.000,0
2026-01-31 12:48:34,4620054,591.000,6490.000,5105.000,-3.000,13.000,6.000,0.000,0.000,0
2026-01-31 12:48:34,4620094,609.000,6443.000,5112.000,-35.000,5.000,9.000,0.000,0.000,0
2026-01-31 12:48:34,4620134,604.000,6503.000,5123.000,10.000,11.000,-9.000,0.000,0.000,0
2026-01-31 12:48:34,4620174,606.000,6457.000,5097.000,-15.000,17.000,-1.000,0.000,0.000,0
2026-01-31 12:48:34,4620214,585.000,6530.000,5128.000,-1.000,1.000,2.000,0.000,0.000,0
2026-01-31 12:48:34,4620254,610.000,6460.000,5116.000,-16.000,7.000,-12.000,0.000,0.000,0
2026-01-31 12:48:34,4620294,574.000,6516.000,5128.000,22.000,17.000,-10.000,0.000,0.000,0
2026-01-31 12:48:34,4620334,610.000,6477.000,5116.000,-19.000,4.000,13.000,0.000,0.000,0
2026-01-31 12:48:34,4620374,598.000,6415.000,5102.000,-14.000,19.000,2.000,0.000,0.000,0
2026-01-31 12:48:34,4620414,589.000,6567.000,5116.000,23.000,1.000,2.000,0.000,0.000,0
2026-01-31 12:48:34,4620454,620.000,6443.000,5107.000,-42.000,8.000,6.000,0.000,0.000,0
2026-01-31 12:48:34,4620494,592.000,6500.000,5109.000,19.000,12.000,-2.000,0.000,0.000,0
2026-01-31 12:48:34,4620534,608.000,6520.000,5100.000,-9.000,8.000,12.000,0.000,0.000,0
2026-01-31 12:48:34,4620574,601.000,6439.000,5123.000,-29.000,11.000,-7.000,0.000,0.000,0
2026-01-31 12:48:34,4620614,595.000,6501.000,5118.000,12.000,8.000,6.000,0.000,0.000,0
2026-01-31 12:48:34,4620654,620.000,6468.000,5100.000,-22.000,10.000,-2.000,0.000,0.000,0
2026-01-31 12:48:34,4620694,593.000,6483.000,5105.000,-3.000,9.000,2.000,0.000,0.000,0
2026-01-31 12:48:34,4620734,596.000,6495.000,5105.000,-12.000,4.000,5.000,0.000,0.000,0
2026-01-31 12:48:34,4620774,604.000,6458.000,5110.000,-9.000,11.000,0.000,0.000,0.000,0
2026-01-31 12:48:34,4620814,594.000,6501.000,5121.000,-11.000,4.000,3.000,0.000,0.000,0
2026-01-31 12:48:34,4620854,605.000,6462.000,5117.000,-8.000,8.000,8.000,0.000,0.000,0
2026-01-31 12:48:34,4620894,598.000,6491.000,5121.000,10.000,6.000,0.000,0.000,0.000,0
2026-01-31 12:48:34,4620934,627.000,6496.000,5119.000,-13.000,7.000,13.000,0.000,0.000,0
2026-01-31 12:48:34,4620974,577.000,6461.000,5133.000,4.000,24.000,-9.000,0.000,0.000,0
2026-01-31 12:48:34,4621014,610.000,6466.000,5122.000,-19.000,-2.000,26.000,0.000,0.000,0
2026-01-31 12:48:35,4621054,619.000,6474.000,5131.000,11.000,16.000,-4.000,0.000,0.000,0
2026-01-31 12:48:35,4621094,580.000,6505.000,5092.000,12.000,16.000,-8.000,0.000,0.000,0
2026-01-31 12:48:35,4621134,594.000,6463.000,5125.000,-45.000,-5.000,14.000,0.000,0.000,0
2026-01-31 12:48:35,4621174,611.000,6435.000,5113.000,-3.000,4.000,8.000,0.000,0.000,0
2026-01-31 12:48:35,4621214,602.000,6491.000,5113.000,-8.000,4.000,6.000,0.000,0.000,0
2026-01-31 12:48:35,4621254,593.000,6460.000,5112.000,-18.000,8.000,4.000,0.000,0.000,0
2026-01-31 12:48:35,4621294,619.000,6524.000,5123.000,-1.000,-6.000,12.000,0.000,0.000,0
2026-01-31 12:48:35,4621334,612.000,6472.000,5117.000,-20.000,6.000,10.000,0.000,0.000,0
2026-01-31 12:48:35,4621374,598.000,6476.000,5098.000,4.000,4.000,12.000,0.000,0.000,0
2026-01-31 12:48:35,4621414,602.000,6465.000,5121.000,-18.000,-1.000,7.000,0.000,0.000,0
2026-01-31 12:48:35,4621457,604.000,6476.000,5122.000,17.000,-1.000,7.000,0.000,0.000,0
2026-01-31 12:48:35,4621497,624.000,6457.000,5123.000,-39.000,-1.000,18.000,0.000,0.000,0
2026-01-31 12:48:35,4621537,597.000,6472.000,5130.000,5.000,11.000,7.000,0.000,0.000,0
2026-01-31 12:48:35,4621574,591.000,6518.000,5115.000,4.000,8.000,8.000,0.000,0.000,0
2026-01-31 12:48:35,4621617,628.000,6460.000,5114.000,-10.000,6.000,-1.000,0.000,0.000,0
2026-01-31 12:48:35,4621656,609.000,6451.000,5129.000,-1.000,8.000,-1.000,0.000,0.000,0
2026-01-31 12:48:35,4621694,631.000,6506.000,5115.000,1.000,-1.000,22.000,0.000,0.000,0
2026-01-31 12:48:35,4621734,612.000,6454.000,5095.000,-9.000,16.000,3.000,0.000,0.000,0
2026-01-31 12:48:35,4621774,595.000,6482.000,5114.000,-4.000,-3.000,7.000,0.000,0.000,0
2026-01-31 12:48:35,4621814,618.000,6441.000,5114.000,-5.000,-3.000,3.000,0.000,0.000,0
2026-01-31 12:48:35,4621854,623.000,6494.000,5104.000,19.000,13.000,12.000,0.000,0.000,0
2026-01-31 12:48:35,4621894,602.000,6509.000,5139.000,-35.000,5.000,1.000,0.000,0.000,0
2026-01-31 12:48:35,4621934,606.000,6445.000,5125.000,-17.000,6.000,19.000,0.000,0.000,0
2026-01-31 12:48:35,4621974,612.000,6497.000,5115.000,20.000,5.000,10.000,0.000,0.000,0
2026-01-31 12:48:35,4622014,623.000,6457.000,5082.000,4.000,12.000,-1.000,0.000,0.000,0
2026-01-31 12:48:36,4622054,635.000,6516.000,5116.000,-18.000,-2.000,6.000,0.000,0.000,0
2026-01-31 12:48:36,4622094,628.000,6465.000,5127.000,-14.000,4.000,5.000,0.000,0.000,0
2026-01-31 12:48:36,4622134,611.000,6492.000,5120.000,12.000,13.000,4.000,0.000,0.000,0
2026-01-31 12:48:36,4622174,626.000,6476.000,5106.000,-9.000,9.000,-2.000,0.000,0.000,0
2026-01-31 12:48:36,4622214,627.000,6495.000,5107.000,8.000,9.000,3.000,0.000,0.000,0
2026-01-31 12:48:36,4622254,628.000,6473.000,5102.000,-12.000,11.000,7.000,0.000,0.000,0
2026-01-31 12:48:36,4622294,617.000,6500.000,5113.000,-2.000,8.000,-3.000,0.000,0.000,0
2026-01-31 12:48:36,4622334,618.000,6480.000,5104.000,-10.000,7.000,-1.000,0.000,0.000,0
2026-01-31 12:48:36,4622374,618.000,6489.000,5116.000,-8.000,7.000,-2.000,0.000,0.000,0
2026-01-31 12:48:36,4622414,625.000,6475.000,5114.000,-5.000,14.000,-1.000,0.000,0.000,0
2026-01-31 12:48:36,4622454,615.000,6479.000,5122.000,-6.000,13.000,-1.000,0.000,0.000,0
2026-01-31 12:48:36,4622494,617.000,6480.000,5107.000,-18.000,15.000,4.000,0.000,0.000,0
2026-01-31 12:48:36,4622534,617.000,6470.000,5120.000,2.000,17.000,-1.000,0.000,0.000,0
2026-01-31 12:48:36,4622574,623.000,6483.000,5114.000,-17.000,10.000,7.000,0.000,0.000,0
2026-01-31 12:48:36,4622614,622.000,6482.000,5100.000,1.000,16.000,-5.000,0.000,0.000,0
2026-01-31 12:48:36,4622654,606.000,6517.000,5111.000,-2.000,13.000,0.000,0.000,0.000,0
2026-01-31 12:48:36,4622694,621.000,6465.000,5127.000,-21.000,5.000,4.000,0.000,0.000,0
2026-01-31 12:48:36,4622734,616.000,6485.000,5120.000,19.000,13.000,-3.000,0.000,0.000,0
2026-01-31 12:48:36,4622774,637.000,6487.000,5103.000,-4.000,15.000,10.000,0.000,0.000,0
2026-01-31 12:48:36,4622814,597.000,6451.000,5119.000,-13.000,19.000,-2.000,0.000,0.000,0
2026-01-31 12:48:36,4622854,608.000,6494.000,5119.000,-11.000,5.000,15.000,0.000,0.000,0
2026-01-31 12:48:36,4622894,623.000,6428.000,5112.000,-11.000,19.000,-4.000,0.000,0.000,0
2026-01-31 12:48:36,4622934,603.000,6520.000,5098.000,-1.000,13.000,-1.000,0.000,0.000,0
2026-01-31 12:48:36,4622974,609.000,6443.000,5124.000,-36.000,4.000,-1.000,0.000,0.000,0
2026-01-31 12:48:36,4623014,607.000,6472.000,5133.000,1.000,12.000,-2.000,0.000,0.000,0
2026-01-31 12:48:37,4623054,613.000,6477.000,5120.000,-9.000,16.000,-3.000,0.000,0.000,0
2026-01-31 12:48:37,4623094,600.000,6459.000,5102.000,-4.000,20.000,-2.000,0.000,0.000,0
2026-01-31 12:48:37,4623134,601.000,6517.000,5124.000,6.000,3.000,9.000,0.000,0.000,0
2026-01-31 12:48:37,4623174,610.000,6462.000,5123.000,-28.000,7.000,5.000,0.000,0.000,0
2026-01-31 12:48:37,4623214,603.000,6504.000,5132.000,14.000,17.000,-5.000,0.000,0.000,0
2026-01-31 12:48:37,4623254,578.000,6497.000,5101.000,-1.000,14.000,8.000,0.000,0.000,0
2026-01-31 12:48:37,4623294,616.000,6491.000,5117.000,-14.000,0.000,5.000,0.000,0.000,0
2026-01-31 12:48:37,4623334,623.000,6478.000,5113.000,7.000,7.000,4.000,0.000,0.000,0
2026-01-31 12:48:37,4623374,607.000,6489.000,5111.000,4.000,15.000,-1.000,0.000,0.000,0
2026-01-31 12:48:37,4623414,624.000,6443.000,5095.000,-29.000,11.000,14.000,0.000,0.000,0
2026-01-31 12:48:37,4623457,584.000,6511.000,5112.000,-7.000,5.000,-2.000,0.000,0.000,0
2026-01-31 12:48:37,4623497,620.000,6467.000,5110.000,-21.000,9.000,-2.000,0.000,0.000,0
2026-01-31 12:48:37,4623534,612.000,6444.000,5117.000,-2.000,20.000,-4.000,0.000,0.000,0
2026-01-31 12:48:37,4623574,589.000,6505.000,5113.000,7.000,12.000,5.000,0.000,0.000,0
2026-01-31 12:48:37,4623616,621.000,6483.000,5116.000,-27.000,-2.000,8.000,0.000,0.000,0
2026-01-31 12:48:37,4623654,596.000,6476.000,5121.000,-3.000,6.000,-6.000,0.000,0.000,0
2026-01-31 12:48:37,4623694,613.000,6477.000,5096.000,10.000,10.000,1.000,0.000,0.000,0
2026-01-31 12:48:37,4623734,595.000,6485.000,5096.000,-3.000,7.000,6.000,0.000,0.000,0
2026-01-31 12:48:37,4623774,621.000,6488.000,5109.000,-31.000,-4.000,17.000,0.000,0.000,0
2026-01-31 12:48:37,4623814,615.000,6463.000,5098.000,20.000,26.000,-5.000,0.000,0.000,0
2026-01-31 12:48:37,4623854,593.000,6545.000,5096.000,15.000,15.000,-7.000,0.000,0.000,0
2026-01-31 12:48:37,4623894,619.000,6507.000,5123.000,-29.000,-7.000,10.000,0.000,0.000,0
2026-01-31 12:48:37,4623934,606.000,6486.000,5157.000,20.000,12.000,-2.000,0.000,0.000,0
2026-01-31 12:48:37,4623974,611.000,6396.000,5103.000,-32.000,21.000,9.000,0.000,0.000,0
2026-01-31 12:48:37,4624014,607.000,6444.000,5108.000,-18.000,17.000,8.000,0.000,0.000,0
2026-01-31 12:48:38,4624054,594.000,6483.000,5100.000,1.000,13.000,2.000,0.000,0.000,0
2026-01-31 12:48:38,4624094,616.000,6394.000,5110.000,-10.000,18.000,3.000,0.000,0.000,0
2026-01-31 12:48:38,4624134,608.000,6503.000,5082.000,0.000,9.000,7.000,0.000,0.000,0
2026-01-31 12:48:38,4624174,581.000,6523.000,5121.000,-13.000,2.000,-1.000,0.000,0.000,0
2026-01-31 12:48:38,4624214,593.000,6392.000,5128.000,-35.000,9.000,1.000,0.000,0.000,0
2026-01-31 12:48:38,4624254,597.000,6546.000,5156.000,11.000,3.000,1.000,0.000,0.000,0
2026-01-31 12:48:38,4624294,618.000,6467.000,5123.000,-5.000,12.000,8.000,0.000,0.000,0
2026-01-31 12:48:38,4624334,594.000,6492.000,5121.000,-3.000,13.000,8.000,0.000,0.000,0
2026-01-31 12:48:38,4624374,610.000,6496.000,5119.000,-22.000,8.000,9.000,0.000,0.000,0
2026-01-31 12:48:38,4624414,571.000,6464.000,5119.000,10.000,18.000,-9.000,0.000,0.000,0
2026-01-31 12:48:38,4624454,618.000,6472.000,5084.000,3.000,5.000,8.000,0.000,0.000,0
2026-01-31 12:48:38,4624494,607.000,6515.000,5139.000,-12.000,1.000,-8.000,0.000,0.000,0
2026-01-31 12:48:38,4624534,617.000,6443.000,5099.000,1.000,6.000,11.000,0.000,0.000,0
2026-01-31 12:48:38,4624574,573.000,6476.000,5114.000,2.000,9.000,2.000,0.000,0.000,0
2026-01-31 12:48:38,4624614,607.000,6414.000,5105.000,-37.000,7.000,20.000,0.000,0.000,0
2026-01-31 12:48:38,4624654,593.000,6484.000,5136.000,1.000,10.000,-7.000,0.000,0.000,0
2026-01-31 12:48:38,4624694,589.000,6484.000,5094.000,-8.000,6.000,17.000,0.000,0.000,0
2026-01-31 12:48:38,4624734,618.000,6460.000,5124.000,-51.000,-9.000,10.000,0.000,0.000,0
2026-01-31 12:48:38,4624774,620.000,6476.000,5097.000,28.000,15.000,-3.000,0.000,0.000,0
2026-01-31 12:48:38,4624814,613.000,6522.000,5093.000,-13.000,3.000,6.000,0.000,0.000,0
2026-01-31 12:48:38,4624854,602.000,6477.000,5134.000,-14.000,-3.000,6.000,0.000,0.000,0
2026-01-31 12:48:38,4624894,608.000,6464.000,5137.000,-10.000,12.000,-2.000,0.000,0.000,0
2026-01-31 12:48:38,4624934,604.000,6451.000,5136.000,-10.000,14.000,7.000,0.000,0.000,0
2026-01-31 12:48:38,4624974,613.000,6521.000,5104.000,1.000,7.000,22.000,0.000,0.000,0
2026-01-31 12:48:38,4625014,579.000,6462.000,5095.000,-4.000,9.000,0.000,0.000,0.000,0
2026-01-31 12:48:39,4625054,599.000,6482.000,5118.000,-10.000,-4.000,8.000,0.000,0.000,0
2026-01-31 12:48:39,4625094,618.000,6483.000,5117.000,-4.000,3.000,4.000,0.000,0.000,0
2026-01-31 12:48:39,4625134,602.000,6472.000,5101.000,1.000,6.000,12.000,0.000,0.000,0
2026-01-31 12:48:39,4625174,611.000,6522.000,5097.000,-14.000,-6.000,13.000,0.000,0.000,0
2026-01-31 12:48:39,4625214,621.000,6481.000,5143.000,-15.000,-6.000,-3.000,0.000,0.000,0
2026-01-31 12:48:39,4625254,619.000,6492.000,5120.000,5.000,4.000,8.000,0.000,0.000,0
2026-01-31 12:48:39,4625294,602.000,6471.000,5103.000,-11.000,7.000,11.000,0.000,0.000,0
2026-01-31 12:48:39,4625334,615.000,6487.000,5114.000,-12.000,-4.000,16.000,0.000,0.000,0
2026-01-31 12:48:39,4625374,608.000,6482.000,5114.000,8.000,-1.000,5.000,0.000,0.000,0
2026-01-31 12:48:39,4625414,620.000,6480.000,5101.000,11.000,1.000,10.000,0.000,0.000,0
2026-01-31 12:48:39,4625454,611.000,6504.000,5106.000,-13.000,1.000,6.000,0.000,0.000,0
2026-01-31 12:48:39,4625494,618.000,6496.000,5143.000,-13.000,-5.000,7.000,0.000,0.000,0
2026-01-31 12:48:39,4625534,620.000,6464.000,5135.000,-8.000,5.000,2.000,0.000,0.000,0
2026-01-31 12:48:39,4625574,622.000,6510.000,5105.000,25.000,13.000,11.000,0.000,0.000,0
2026-01-31 12:48:39,4625617,601.000,6439.000,5128.000,-25.000,-1.000,7.000,0.000,0.000,0
2026-01-31 12:48:39,4625654,611.000,6458.000,5126.000,-6.000,-3.000,16.000,0.000,0.000,0
2026-01-31 12:48:39,4625694,628.000,6489.000,5117.000,5.000,7.000,12.000,0.000,0.000,0
2026-01-31 12:48:39,4625734,617.000,6511.000,5093.000,8.000,20.000,-12.000,0.000,0.000,0
2026-01-31 12:48:39,4625774,606.000,6491.000,5120.000,-36.000,0.000,8.000,0.000,0.000,0
2026-01-31 12:48:39,4625814,626.000,6467.000,5138.000,1.000,6.000,-2.000,0.000,0.000,0
2026-01-31 12:48:39,4625854,623.000,6499.000,5115.000,16.000,17.000,-1.000,0.000,0.000,0
2026-01-31 12:48:39,4625894,612.000,6481.000,5122.000,-14.000,19.000,4.000,0.000,0.000,0
2026-01-31 12:48:39,4625934,611.000,6450.000,5113.000,-2.000,17.000,6.000,0.000,0.000,0
2026-01-31 12:48:39,4625974,609.000,6484.000,5101.000,0.000,15.000,3.000,0.000,0.000,0
2026-01-31 12:48:39,4626014,626.000,6487.000,5117.000,6.000,12.000,-3.000,0.000,0.000,0
2026-01-31 12:48:40,4626054,619.000,6476.000,5102.000,-2.000,15.000,3.000,0.000,0.000,0
2026-01-31 12:48:40,4626094,610.000,6506.000,5123.000,-2.000,12.000,2.000,0.000,0.000,0
2026-01-31 12:48:40,4626134,616.000,6453.000,5124.000,-18.000,10.000,-2.000,0.000,0.000,0
2026-01-31 12:48:40,4626174,610.000,6476.000,5126.000,-3.000,15.000,-2.000,0.000,0.000,0
2026-01-31 12:48:40,4626214,623.000,6495.000,5114.000,-14.000,13.000,5.000,0.000,0.000,0
2026-01-31 12:48:40,4626254,616.000,6467.000,5116.000,-6.000,13.000,-3.000,0.000,0.000,0
2026-01-31 12:48:40,4626294,611.000,6461.000,5114.000,-3.000,13.000,2.000,0.000,0.000,0
2026-01-31 12:48:40,4626334,617.000,6491.000,5110.000,7.000,12.000,7.000,0.000,0.000,0
2026-01-31 12:48:40,4626374,594.000,6494.000,5110.000,8.000,13.000,4.000,0.000,0.000,0
2026-01-31 12:48:40,4626414,607.000,6457.000,5118.000,-19.000,7.000,5.000,0.000,0.000,0
2026-01-31 12:48:40,4626454,600.000,6478.000,5120.000,8.000,12.000,-3.000,0.000,0.000,0
2026-01-31 12:48:40,4626494,622.000,6500.000,5111.000,-4.000,11.000,11.000,0.000,0.000,0
2026-01-31 12:48:40,4626534,604.000,6476.000,5119.000,-13.000,17.000,2.000,0.000,0.000,0
2026-01-31 12:48:40,4626574,600.000,6485.000,5114.000,-13.000,7.000,7.000,0.000,0.000,0
2026-01-31 12:48:40,4626614,612.000,6455.000,5100.000,6.000,19.000,-4.000,0.000,0.000,0
2026-01-31 12:48:40,4626654,610.000,6524.000,5109.000,16.000,14.000,-8.000,0.000,0.000,0
2026-01-31 12:48:40,4626694,608.000,6498.000,5127.000,-28.000,10.000,0.000,0.000,0.000,0
2026-01-31 12:48:40,4626734,608.000,6475.000,5092.000,9.000,16.000,5.000,0.000,0.000,0
2026-01-31 12:48:40,4626774,606.000,6492.000,5091.000,-12.000,13.000,-6.000,0.000,0.000,0
2026-01-31 12:48:40,4626814,607.000,6450.000,5124.000,-25.000,11.000,-4.000,0.000,0.000,0
2026-01-31 12:48:40,4626854,599.000,6486.000,5100.000,3.000,14.000,2.000,0.000,0.000,0
2026-01-31 12:48:40,4626894,587.000,6490.000,5088.000,-6.000,12.000,5.000,0.000,0.000,0
2026-01-31 12:48:40,4626934,603.000,6483.000,5099.000,-22.000,3.000,-2.000,0.000,0.000,0
2026-01-31 12:48:40,4626974,608.000,6498.000,5126.000,-6.000,4.000,-3.000,0.000,0.000,0
2026-01-31 12:48:40,4627014,611.000,6500.000,5111.000,12.000,12.000,2.000,0.000,0.000,0
2026-01-31 12:48:41,4627054,616.000,6514.000,5108.000,-4.000,8.000,8.000,0.000,0.000,0
2026-01-31 12:48:41,4627094,617.000,6500.000,5108.000,-9.000,8.000,2.000,0.000,0.000,0
2026-01-31 12:48:41,4627134,596.000,6486.000,5103.000,-10.000,4.000,-5.000,0.000,0.000,0
2026-01-31 12:48:41,4627174,588.000,6483.000,5102.000,-24.000,0.000,-3.000,0.000,0.000,0
2026-01-31 12:48:41,4627214,590.000,6455.000,5105.000,-18.000,4.000,-5.000,0.000,0.000,0
2026-01-31 12:48:41,4627254,616.000,6524.000,5131.000,2.000,0.000,10.000,0.000,0.000,0
2026-01-31 12:48:41,4627294,626.000,6496.000,5119.000,-2.000,16.000,4.000,0.000,0.000,0
2026-01-31 12:48:41,4627334,604.000,6519.000,5112.000,12.000,12.000,6.000,0.000,0.000,0
2026-01-31 12:48:41,4627374,593.000,6459.000,5096.000,-23.000,15.000,1.000,0.000,0.000,0
2026-01-31 12:48:41,4627414,593.000,6504.000,5130.000,5.000,7.000,2.000,0.000,0.000,0
2026-01-31 12:48:41,4627454,608.000,6480.000,5116.000,6.000,16.000,5.000,0.000,0.000,0
2026-01-31 12:48:41,4627494,592.000,6484.000,5101.000,0.000,16.000,5.000,0.000,0.000,0
2026-01-31 12:48:41,4627534,609.000,6487.000,5121.000,-12.000,8.000,3.000,0.000,0.000,0
2026-01-31 12:48:41,4627574,614.000,6485.000,5113.000,26.000,24.000,-11.000,0.000,0.000,0
2026-01-31 12:48:41,4627614,579.000,6492.000,5095.000,-1.000,15.000,-2.000,0.000,0.000,0
2026-01-31 12:48:41,4627654,606.000,6509.000,5130.000,-33.000,-2.000,7.000,0.000,0.000,0
2026-01-31 12:48:41,4627694,607.000,6457.000,5108.000,0.000,12.000,3.000,0.000,0.000,0
2026-01-31 12:48:41,4627734,585.000,6504.000,5106.000,2.000,13.000,-1.000,0.000,0.000,0
2026-01-31 12:48:41,4627774,606.000,6454.000,5101.000,-38.000,-4.000,15.000,0.000,0.000,0
2026-01-31 12:48:41,4627814,594.000,6467.000,5130.000,-18.000,4.000,-4.000,0.000,0.000,0
2026-01-31 12:48:41,4627854,594.000,6460.000,5102.000,15.000,13.000,5.000,0.000,0.000,0
2026-01-31 12:48:41,4627894,613.000,6508.000,5132.000,-10.000,5.000,6.000,0.000,0.000,0
2026-01-31 12:48:41,4627934,609.000,6470.000,5132.000,4.000,23.000,-2.000,0.000,0.000,0
2026-01-31 12:48:41,4627974,580.000,6491.000,5112.000,4.000,19.000,-2.000,0.000,0.000,0
2026-01-31 12:48:41,4628014,581.000,6465.000,5116.000,-20.000,13.000,2.000,0.000,0.000,0
2026-01-31 12:48:42,4628054,601.000,6454.000,5121.000,-11.000,10.000,4.000,0.000,0.000,0
2026-01-31 12:48:42,4628094,605.000,6483.000,5115.000,1.000,9.000,4.000,0.000,0.000,0
2026-01-31 12:48:42,4628134,587.000,6470.000,5094.000,-5.000,13.000,-1.000,0.000,0.000,0
2026-01-31 12:48:42,4628174,583.000,6488.000,5104.000,-2.000,6.000,5.000,0.000,0.000,0
2026-01-31 12:48:42,4628214,588.000,6495.000,5118.000,-7.000,5.000,0.000,0.000,0.000,0
2026-01-31 12:48:42,4628254,592.000,6493.000,5123.000,1.000,4.000,7.000,0.000,0.000,0
2026-01-31 12:48:42,4628294,592.000,6484.000,5106.000,-5.000,7.000,5.000,0.000,0.000,0
2026-01-31 12:48:42,4628334,589.000,6477.000,5106.000,-4.000,9.000,8.000,0.000,0.000,0
2026-01-31 12:48:42,4628374,604.000,6491.000,5118.000,-7.000,8.000,3.000,0.000,0.000,0
2026-01-31 12:48:42,4628414,587.000,6480.000,5095.000,-4.000,11.000,8.000,0.000,0.000,0
2026-01-31 12:48:42,4628454,600.000,6475.000,5117.000,-34.000,-5.000,11.000,0.000,0.000,0
2026-01-31 12:48:42,4628494,616.000,6494.000,5124.000,-9.000,5.000,3.000,0.000,0.000,0
2026-01-31 12:48:42,4628534,591.000,6497.000,5098.000,3.000,16.000,-8.000,0.000,0.000,0
2026-01-31 12:48:42,4628574,586.000,6532.000,5105.000,-8.000,-3.000,19.000,0.000,0.000,0
2026-01-31 12:48:42,4628614,618.000,6437.000,5124.000,-25.000,1.000,14.000,0.000,0.000,0
2026-01-31 12:48:42,4628654,592.000,6509.000,5112.000,10.000,13.000,6.000,0.000,0.000,0
2026-01-31 12:48:42,4628694,609.000,6486.000,5114.000,-26.000,-2.000,20.000,0.000,0.000,0
2026-01-31 12:48:42,4628734,602.000,6473.000,5117.000,-25.000,2.000,6.000,0.000,0.000,0
2026-01-31 12:48:42,4628774,600.000,6502.000,5116.000,-4.000,0.000,8.000,0.000,0.000,0
2026-01-31 12:48:42,4628814,617.000,6490.000,5115.000,-11.000,-6.000,5.000,0.000,0.000,0
2026-01-31 12:48:42,4628854,612.000,6478.000,5118.000,5.000,1.000,8.000,0.000,0.000,0
2026-01-31 12:48:42,4628894,612.000,6517.000,5104.000,3.000,-4.000,13.000,0.000,0.000,0
2026-01-31 12:48:42,4628934,616.000,6465.000,5101.000,-13.000,-6.000,15.000,0.000,0.000,0
2026-01-31 12:48:42,4628974,614.000,6478.000,5110.000,-14.000,-6.000,7.000,0.000,0.000,0
2026-01-31 12:48:42,4629014,611.000,6491.000,5133.000,-41.000,-15.000,4.000,0.000,0.000,0
2026-01-31 12:48:43,4629054,576.000,6465.000,5136.000,-5.000,1.000,2.000,0.000,0.000,0
2026-01-31 12:48:43,4629094,609.000,6505.000,5110.000,19.000,2.000,30.000,0.000,0.000,0
2026-01-31 12:48:43,4629134,653.000,6466.000,5108.000,9.000,11.000,22.000,0.000,0.000,0
2026-01-31 12:48:43,4629174,622.000,6505.000,5113.000,20.000,11.000,11.000,0.000,0.000,0
2026-01-31 12:48:43,4629214,607.000,6484.000,5114.000,-2.000,10.000,16.000,0.000,0.000,0
2026-01-31 12:48:43,4629254,593.000,6476.000,5098.000,5.000,2.000,13.000,0.000,0.000,0
2026-01-31 12:48:43,4629294,621.000,6492.000,5103.000,-8.000,-8.000,10.000,0.000,0.000,0
2026-01-31 12:48:43,4629334,609.000,6452.000,5135.000,-22.000,-7.000,-9.000,0.000,0.000,0
2026-01-31 12:48:43,4629374,614.000,6469.000,5131.000,-14.000,-15.000,18.000,0.000,0.000,0
2026-01-31 12:48:43,4629414,633.000,6482.000,5109.000,-4.000,11.000,8.000,0.000,0.000,0
2026-01-31 12:48:43,4629457,614.000,6459.000,5114.000,-29.000,2.000,7.000,0.000,0.000,0
2026-01-31 12:48:43,4629497,636.000,6472.000,5129.000,-4.000,6.000,2.000,0.000,0.000,0
2026-01-31 12:48:43,4629534,632.000,6474.000,5129.000,4.000,17.000,7.000,0.000,0.000,0
2026-01-31 12:48:43,4629574,618.000,6490.000,5102.000,4.000,25.000,4.000,0.000,0.000,0
2026-01-31 12:48:43,4629617,601.000,6491.000,5099.000,-11.000,5.000,-2.000,0.000,0.000,0
2026-01-31 12:48:43,4629654,595.000,6461.000,5097.000,-11.000,9.000,-3.000,0.000,0.000,0
2026-01-31 12:48:43,4629694,608.000,6469.000,5114.000,1.000,6.000,-8.000,0.000,0.000,0
2026-01-31 12:48:43,4629734,641.000,6486.000,5121.000,-9.000,1.000,-8.000,0.000,0.000,0
2026-01-31 12:48:43,4629774,631.000,6475.000,5116.000,-9.000,14.000,3.000,0.000,0.000,0
2026-01-31 12:48:43,4629814,622.000,6469.000,5112.000,-13.000,19.000,6.000,0.000,0.000,0
2026-01-31 12:48:43,4629854,612.000,6467.000,5117.000,-10.000,18.000,-3.000,0.000,0.000,0
2026-01-31 12:48:43,4629894,614.000,6492.000,5120.000,-6.000,17.000,0.000,0.000,0.000,0
2026-01-31 12:48:43,4629934,611.000,6466.000,5109.000,-8.000,18.000,0.000,0.000,0.000,0
2026-01-31 12:48:43,4629974,611.000,6478.000,5101.000,-7.000,14.000,2.000,0.000,0.000,0
2026-01-31 12:48:43,4630014,602.000,6488.000,5110.000,-8.000,11.000,-10.000,0.000,0.000,0
2026-01-31 12:48:44,4630054,619.000,6479.000,5120.000,-2.000,3.000,-5.000,0.000,0.000,0
2026-01-31 12:48:44,4630094,624.000,6487.000,5124.000,1.000,13.000,-4.000,0.000,0.000,0
2026-01-31 12:48:44,4630134,627.000,6509.000,5118.000,1.000,18.000,6.000,0.000,0.000,0
2026-01-31 12:48:44,4630174,591.000,6484.000,5117.000,-15.000,15.000,4.000,0.000,0.000,0
2026-01-31 12:48:44,4630214,592.000,6485.000,5115.000,-13.000,3.000,9.000,0.000,0.000,0
2026-01-31 12:48:44,4630254,619.000,6466.000,5127.000,-14.000,9.000,1.000,0.000,0.000,0
2026-01-31 12:48:44,4630294,609.000,6506.000,5110.000,12.000,20.000,-10.000,0.000,0.000,0
2026-01-31 12:48:44,4630334,596.000,6489.000,5103.000,-15.000,13.000,-1.000,0.000,0.000,0
2026-01-31 12:48:44,4630374,620.000,6477.000,5120.000,-7.000,4.000,2.000,0.000,0.000,0
2026-01-31 12:48:44,4630414,632.000,6487.000,5122.000,5.000,13.000,-6.000,0.000,0.000,0
2026-01-31 12:48:44,4630454,616.000,6472.000,5121.000,-2.000,19.000,-2.000,0.000,0.000,0
2026-01-31 12:48:44,4630494,611.000,6498.000,5117.000,-1.000,12.000,14.000,0.000,0.000,0
2026-01-31 12:48:44,4630534,601.000,6481.000,5110.000,-12.000,10.000,3.000,0.000,0.000,0
2026-01-31 12:48:44,4630574,617.000,6499.000,5110.000,7.000,10.000,-1.000,0.000,0.000,0
2026-01-31 12:48:44,4630614,613.000,6486.000,5107.000,-8.000,7.000,2.000,0.000,0.000,0
2026-01-31 12:48:44,4630654,618.000,6495.000,5106.000,-3.000,10.000,5.000,0.000,0.000,0
2026-01-31 12:48:44,4630694,602.000,6483.000,5103.000,-10.000,12.000,0.000,0.000,0.000,0
2026-01-31 12:48:44,4630734,602.000,6488.000,5114.000,-6.000,11.000,-5.000,0.000,0.000,0
2026-01-31 12:48:44,4630774,610.000,6481.000,5122.000,-12.000,8.000,0.000,0.000,0.000,0
2026-01-31 12:48:44,4630814,605.000,6469.000,5115.000,-6.000,11.000,4.000,0.000,0.000,0
2026-01-31 12:48:44,4630854,594.000,6458.000,5110.000,4.000,12.000,0.000,0.000,0.000,0
2026-01-31 12:48:44,4630894,540.000,6479.000,5117.000,17.000,-16.000,7.000,0.000,0.000,0
2026-01-31 12:48:44,4630934,655.000,6483.000,5100.000,-15.000,-57.000,56.000,0.000,0.000,0
2026-01-31 12:48:44,4630974,636.000,6485.000,5131.000,-66.000,9.000,-40.000,0.000,0.000,0
2026-01-31 12:48:44,4631014,574.000,6452.000,5155.000,-57.000,31.000,-4.000,0.000,0.000,0
2026-01-31 12:48:45,4631054,624.000,6506.000,5096.000,21.000,25.000,21.000,0.000,0.000,0
2026-01-31 12:48:45,4631094,607.000,6482.000,5094.000,-43.000,20.000,-34.000,0.000,0.000,0
2026-01-31 12:48:45,4631134,563.000,6381.000,5148.000,-33.000,9.000,-41.000,0.000,0.000,0
2026-01-31 12:48:45,4631174,624.000,6486.000,5116.000,61.000,21.000,10.000,0.000,0.000,0
2026-01-31 12:48:45,4631214,593.000,6537.000,5100.000,-2.000,24.000,-4.000,0.000,0.000,0
2026-01-31 12:48:45,4631254,566.000,6462.000,5106.000,-82.000,-24.000,15.000,0.000,0.000,0
2026-01-31 12:48:45,4631294,636.000,6444.000,5118.000,-64.000,-34.000,19.000,0.000,0.000,0
2026-01-31 12:48:45,4631334,613.000,6451.000,5152.000,-45.000,-3.000,-2.000,0.000,0.000,0
2026-01-31 12:48:45,4631374,616.000,6429.000,5154.000,-41.000,6.000,17.000,0.000,0.000,0
2026-01-31 12:48:45,4631414,598.000,6455.000,5124.000,-6.000,13.000,11.000,0.000,0.000,0
2026-01-31 12:48:45,4631454,602.000,6454.000,5117.000,11.000,13.000,9.000,0.000,0.000,0
2026-01-31 12:48:45,4631494,594.000,6453.000,5133.000,20.000,12.000,-3.000,0.000,0.000,0
2026-01-31 12:48:45,4631534,623.000,6493.000,5147.000,27.000,11.000,13.000,0.000,0.000,0
2026-01-31 12:48:45,4631574,623.000,6478.000,5125.000,30.000,30.000,8.000,0.000,0.000,0
2026-01-31 12:48:45,4631617,582.000,6473.000,5103.000,23.000,21.000,-3.000,0.000,0.000,0
2026-01-31 12:48:45,4631654,590.000,6527.000,5113.000,6.000,7.000,-3.000,0.000,0.000,0
2026-01-31 12:48:45,4631694,606.000,6402.000,5144.000,-34.000,10.000,1.000,0.000,0.000,0
2026-01-31 12:48:45,4631734,600.000,6489.000,5130.000,32.000,20.000,7.000,0.000,0.000,0
2026-01-31 12:48:45,4631774,604.000,6475.000,5113.000,27.000,27.000,4.000,0.000,0.000,0
2026-01-31 12:48:45,4631814,589.000,6484.000,5111.000,25.000,11.000,10.000,0.000,0.000,0
2026-01-31 12:48:45,4631854,612.000,6475.000,5115.000,21.000,8.000,2.000,0.000,0.000,0
2026-01-31 12:48:45,4631894,592.000,6481.000,5116.000,42.000,22.000,-8.000,0.000,0.000,0
2026-01-31 12:48:45,4631934,621.000,6521.000,5103.000,48.000,21.000,17.000,0.000,0.000,0
2026-01-31 12:48:45,4631974,606.000,6521.000,5108.000,18.000,30.000,-9.000,0.000,0.000,0
2026-01-31 12:48:45,4632014,563.000,6527.000,5094.000,-46.000,2.000,-4.000,0.000,0.000,0
2026-01-31 12:48:46,4632054,592.000,6425.000,5143.000,-92.000,-9.000,10.000,0.000,0.000,0
2026-01-31 12:48:46,4632094,590.000,6493.000,5099.000,25.000,14.000,-12.000,0.000,0.000,0
2026-01-31 12:48:46,4632134,592.000,6510.000,5095.000,-36.000,-12.000,14.000,0.000,0.000,0
2026-01-31 12:48:46,4632174,627.000,6443.000,5130.000,-49.000,-10.000,14.000,0.000,0.000,0
2026-01-31 12:48:46,4632214,603.000,6468.000,5112.000,26.000,8.000,-1.000,0.000,0.000,0
2026-01-31 12:48:46,4632254,597.000,6526.000,5103.000,22.000,1.000,23.000,0.000,0.000,0
2026-01-31 12:48:46,4632294,604.000,6474.000,5115.000,-5.000,-5.000,21.000,0.000,0.000,0
2026-01-31 12:48:46,4632334,601.000,6484.000,5116.000,7.000,-3.000,21.000,0.000,0.000,0
2026-01-31 12:48:46,4632374,604.000,6476.000,5108.000,25.000,6.000,15.000,0.000,0.000,0
2026-01-31 12:48:46,4632414,599.000,6492.000,5114.000,-3.000,2.000,16.000,0.000,0.000,0
2026-01-31 12:48:46,4632454,612.000,6475.000,5113.000,-9.000,-2.000,19.000,0.000,0.000,0
2026-01-31 12:48:46,4632494,601.000,6513.000,5103.000,16.000,1.000,9.000,0.000,0.000,0
2026-01-31 12:48:46,4632534,610.000,6491.000,5100.000,-9.000,-8.000,16.000,0.000,0.000,0
2026-01-31 12:48:46,4632574,616.000,6479.000,5110.000,-3.000,-8.000,19.000,0.000,0.000,0
2026-01-31 12:48:46,4632614,630.000,6501.000,5125.000,-7.000,-16.000,28.000,0.000,0.000,0
2026-01-31 12:48:46,4632654,615.000,6493.000,5129.000,-24.000,-14.000,27.000,0.000,0.000,0
2026-01-31 12:48:46,4632694,623.000,6472.000,5112.000,-32.000,-17.000,26.000,0.000,0.000,0
2026-01-31 12:48:46,4632734,612.000,6433.000,5121.000,-31.000,-31.000,31.000,0.000,0.000,0
2026-01-31 12:48:46,4632774,634.000,6482.000,5086.000,-83.000,-40.000,28.000,0.000,0.000,0
2026-01-31 12:48:46,4632814,652.000,6454.000,5127.000,-90.000,-37.000,58.000,0.000,0.000,0
2026-01-31 12:48:46,4632854,612.000,6504.000,5109.000,-27.000,-77.000,73.000,0.000,0.000,0
2026-01-31 12:48:46,4632894,676.000,6537.000,5099.000,-103.000,-92.000,75.000,0.000,0.000,0
2026-01-31 12:48:46,4632934,673.000,6416.000,5114.000,-183.000,-90.000,43.000,0.000,0.000,0
2026-01-31 12:48:46,4632974,685.000,6452.000,5164.000,-162.000,-118.000,79.000,0.000,0.000,0
2026-01-31 12:48:46,4633014,698.000,6456.000,5166.000,-149.000,-115.000,74.000,0.000,0.000,0
2026-01-31 12:48:47,4633054,696.000,6410.000,5167.000,-134.000,-107.000,79.000,0.000,0.000,0
2026-01-31 12:48:47,4633094,727.000,6415.000,5215.000,-99.000,-141.000,90.000,0.000,0.000,0
2026-01-31 12:48:47,4633134,797.000,6348.000,5206.000,35.000,-86.000,84.000,0.000,0.000,0
2026-01-31 12:48:47,4633174,745.000,6448.000,5160.000,192.000,-22.000,61.000,0.000,0.000,0
2026-01-31 12:48:47,4633214,722.000,6463.000,5176.000,156.000,5.000,69.000,0.000,0.000,0
2026-01-31 12:48:47,4633254,731.000,6434.000,5146.000,374.000,8.000,23.000,0.000,0.000,0
2026-01-31 12:48:47,4633294,746.000,6433.000,5081.000,463.000,28.000,39.000,0.000,0.000,0
2026-01-31 12:48:47,4633334,711.000,6530.000,5030.000,436.000,32.000,26.000,0.000,0.000,0
2026-01-31 12:48:47,4633374,719.000,6635.000,5016.000,299.000,-59.000,95.000,0.000,0.000,0
2026-01-31 12:48:47,4633414,817.000,6410.000,5050.000,358.000,-43.000,134.000,0.000,0.000,0
2026-01-31 12:48:47,4633457,789.000,6595.000,4944.000,658.000,86.000,67.000,0.000,0.000,0
2026-01-31 12:48:47,4633497,841.000,6578.000,4890.000,709.000,137.000,35.000,0.000,0.000,0
2026-01-31 12:48:47,4633534,784.000,6567.000,4877.000,810.000,189.000,36.000,0.000,0.000,0
2026-01-31 12:48:47,4633574,820.000,6738.000,4799.000,858.000,218.000,8.000,0.000,0.000,0
2026-01-31 12:48:47,4633619,783.000,6655.000,4708.000,771.000,189.000,133.000,0.000,0.000,0
2026-01-31 12:48:47,4633654,782.000,6815.000,4675.000,878.000,234.000,139.000,0.000,0.000,0
2026-01-31 12:48:47,4633694,770.000,6936.000,4485.000,646.000,216.000,83.000,0.000,0.000,0
2026-01-31 12:48:47,4633734,803.000,6751.000,4407.000,562.000,320.000,-14.000,0.000,0.000,0
2026-01-31 12:48:47,4633774,681.000,6947.000,4558.000,803.000,384.000,-112.000,0.000,0.000,0
2026-01-31 12:48:47,4633814,647.000,6979.000,4392.000,817.000,259.000,-45.000,0.000,0.000,0
2026-01-31 12:48:47,4633854,765.000,6780.000,4452.000,928.000,395.000,-133.000,0.000,0.000,0
2026-01-31 12:48:47,4633894,607.000,6933.000,4365.000,1574.000,591.000,-237.000,0.000,0.000,0
2026-01-31 12:48:47,4633934,492.000,7251.000,3916.000,1816.000,534.000,-252.000,0.000,0.000,0
2026-01-31 12:48:47,4633974,484.000,7431.000,3808.000,1274.000,422.000,-174.000,0.000,0.000,0
2026-01-31 12:48:47,4634014,422.000,7302.000,3815.000,152.000,20.000,-52.000,0.000,0.000,0
2026-01-31 12:48:48,4634054,541.000,7269.000,3958.000,-23.000,-39.000,55.000,0.000,0.000,0
2026-01-31 12:48:48,4634094,567.000,7195.000,3932.000,232.000,45.000,-68.000,0.000,0.000,0
2026-01-31 12:48:48,4634134,595.000,7101.000,4003.000,430.000,240.000,-10.000,0.000,0.000,0
2026-01-31 12:48:48,4634174,424.000,7416.000,3766.000,733.000,290.000,-64.000,0.000,0.000,0
2026-01-31 12:48:48,4634214,440.000,7400.000,3648.000,302.000,134.000,26.000,0.000,0.000,0
2026-01-31 12:48:48,4634254,559.000,7271.000,3764.000,137.000,92.000,-61.000,0.000,0.000,0
2026-01-31 12:48:48,4634294,476.000,7210.000,3753.000,321.000,192.000,-184.000,0.000,0.000,0
2026-01-31 12:48:48,4634334,288.000,7416.000,3681.000,372.000,120.000,-171.000,0.000,0.000,0
2026-01-31 12:48:48,4634374,486.000,7383.000,3624.000,257.000,-5.000,-81.000,0.000,0.000,0
2026-01-31 12:48:48,4634414,315.000,7539.000,3723.000,-125.000,-41.000,-106.000,0.000,0.000,0
2026-01-31 12:48:48,4634454,499.000,7238.000,3720.000,-72.000,-53.000,-6.000,0.000,0.000,0
2026-01-31 12:48:48,4634494,444.000,7306.000,3693.000,274.000,34.000,-146.000,0.000,0.000,0
2026-01-31 12:48:48,4634534,335.000,7501.000,3627.000,347.000,49.000,-130.000,0.000,0.000,0
2026-01-31 12:48:48,4634574,398.000,7378.000,3594.000,102.000,6.000,-36.000,0.000,0.000,0
2026-01-31 12:48:48,4634614,376.000,7395.000,3622.000,-26.000,-18.000,-30.000,0.000,0.000,0
2026-01-31 12:48:48,4634654,367.000,7429.000,3599.000,-206.000,-57.000,-15.000,0.000,0.000,0
2026-01-31 12:48:48,4634694,402.000,7454.000,3619.000,-345.000,-103.000,17.000,0.000,0.000,0
2026-01-31 12:48:48,4634734,521.000,7215.000,3760.000,-298.000,-39.000,-24.000,0.000,0.000,0
2026-01-31 12:48:48,4634774,374.000,7335.000,3782.000,586.000,314.000,-62.000,0.000,0.000,0
2026-01-31 12:48:48,4634814,261.000,7625.000,3451.000,442.000,209.000,32.000,0.000,0.000,0
2026-01-31 12:48:48,4634854,426.000,7373.000,3522.000,-35.000,125.000,63.000,0.000,0.000,0
2026-01-31 12:48:48,4634894,244.000,7300.000,3650.000,23.000,118.000,-23.000,0.000,0.000,0
2026-01-31 12:48:48,4634934,322.000,7487.000,3539.000,152.000,25.000,57.000,0.000,0.000,0
2026-01-31 12:48:48,4634974,602.000,7296.000,3656.000,138.000,99.000,99.000,0.000,0.000,0
2026-01-31 12:48:48,4635014,350.000,7356.000,3715.000,446.000,268.000,71.000,0.000,0.000,0
2026-01-31 12:48:49,4635054,294.000,7514.000,3429.000,502.000,228.000,118.000,0.000,0.000,0
2026-01-31 12:48:49,4635094,361.000,7572.000,3375.000,138.000,124.000,158.000,0.000,0.000,0
2026-01-31 12:48:49,4635134,369.000,7185.000,3490.000,55.000,127.000,135.000,0.000,0.000,0
2026-01-31 12:48:49,4635174,228.000,7625.000,3457.000,572.000,193.000,109.000,0.000,0.000,0
2026-01-31 12:48:49,4635214,342.000,7662.000,3348.000,154.000,30.000,161.000,0.000,0.000,0
2026-01-31 12:48:49,4635254,704.000,7257.000,3476.000,62.000,127.000,245.000,0.000,0.000,0
2026-01-31 12:48:49,4635294,386.000,7541.000,3555.000,496.000,356.000,169.000,0.000,0.000,0
2026-01-31 12:48:49,4635334,248.000,7647.000,3174.000,457.000,161.000,177.000,0.000,0.000,0
2026-01-31 12:48:49,4635374,512.000,7630.000,3149.000,-181.000,32.000,176.000,0.000,0.000,0
2026-01-31 12:48:49,4635417,271.000,7274.000,3493.000,-362.000,17.000,145.000,0.000,0.000,0
2026-01-31 12:48:49,4635456,614.000,7639.000,3236.000,-163.000,-120.000,203.000,0.000,0.000,0
2026-01-31 12:48:49,4635497,494.000,7348.000,3482.000,-290.000,2.000,167.000,0.000,0.000,0
2026-01-31 12:48:49,4635534,489.000,7398.000,3460.000,178.000,85.000,319.000,0.000,0.000,0
2026-01-31 12:48:49,4635574,550.000,7366.000,3490.000,288.000,251.000,79.000,0.000,0.000,0
2026-01-31 12:48:49,4635617,363.000,7732.000,3148.000,444.000,268.000,-33.000,0.000,0.000,0
2026-01-31 12:48:49,4635656,572.000,7498.000,3314.000,-113.000,0.000,-23.000,0.000,0.000,0
2026-01-31 12:48:49,4635694,582.000,7193.000,3519.000,-137.000,70.000,-10.000,0.000,0.000,0
2026-01-31 12:48:49,4635734,415.000,7576.000,3240.000,441.000,215.000,-42.000,0.000,0.000,0
2026-01-31 12:48:49,4635774,555.000,7732.000,3193.000,-107.000,36.000,66.000,0.000,0.000,0
2026-01-31 12:48:49,4635814,485.000,7115.000,3456.000,-78.000,152.000,-98.000,0.000,0.000,0
2026-01-31 12:48:49,4635854,416.000,7767.000,3374.000,379.000,170.000,49.000,0.000,0.000,0
2026-01-31 12:48:49,4635894,585.000,7473.000,3250.000,273.000,230.000,51.000,0.000,0.000,0
2026-01-31 12:48:49,4635934,202.000,7683.000,3146.000,-29.000,26.000,-29.000,0.000,0.000,0
2026-01-31 12:48:49,4635974,563.000,7577.000,3119.000,-284.000,-83.000,108.000,0.000,0.000,0
2026-01-31 12:48:49,4636014,459.000,7285.000,3462.000,-671.000,-85.000,-96.000,0.000,0.000,0
2026-01-31 12:48:50,4636054,250.000,7435.000,3405.000,130.000,125.000,-8.000,0.000,0.000,0
2026-01-31 12:48:50,4636094,370.000,7848.000,3076.000,-161.000,-189.000,153.000,0.000,0.000,0
2026-01-31 12:48:50,4636134,652.000,7582.000,3231.000,-924.000,-265.000,105.000,0.000,0.000,0
2026-01-31 12:48:50,4636174,209.000,7812.000,3317.000,-1517.000,-553.000,19.000,0.000,0.000,0
2026-01-31 12:48:50,4636214,707.000,7285.000,3512.000,-2459.000,-895.000,199.000,0.000,0.000,0
2026-01-31 12:48:50,4636254,761.000,6754.000,4344.000,-2049.000,-471.000,23.000,0.000,0.000,0
2026-01-31 12:48:50,4636294,584.000,7258.000,3762.000,-510.000,-287.000,85.000,0.000,0.000,0
2026-01-31 12:48:50,4636334,646.000,7303.000,3930.000,-1256.000,-483.000,96.000,0.000,0.000,0
2026-01-31 12:48:50,4636374,642.000,6768.000,4353.000,-1482.000,-356.000,56.000,0.000,0.000,0
2026-01-31 12:48:50,4636414,677.000,6938.000,4381.000,-530.000,-263.000,89.000,0.000,0.000,0
2026-01-31 12:48:50,4636454,873.000,6950.000,4290.000,37.000,0.000,104.000,0.000,0.000,0
2026-01-31 12:48:50,4636494,683.000,7140.000,4275.000,189.000,179.000,-106.000,0.000,0.000,0
2026-01-31 12:48:50,4636534,501.000,7100.000,4216.000,90.000,4.000,-38.000,0.000,0.000,0
2026-01-31 12:48:50,4636574,770.000,7085.000,4347.000,-79.000,-132.000,102.000,0.000,0.000,0
2026-01-31 12:48:50,4636614,762.000,6884.000,4318.000,236.000,65.000,8.000,0.000,0.000,0
2026-01-31 12:48:50,4636654,668.000,6972.000,4183.000,719.000,165.000,-170.000,0.000,0.000,0
2026-01-31 12:48:50,4636694,678.000,7271.000,4032.000,508.000,102.000,-218.000,0.000,0.000,0
2026-01-31 12:48:50,4636734,627.000,7111.000,4116.000,53.000,148.000,-264.000,0.000,0.000,0
2026-01-31 12:48:50,4636774,715.000,6910.000,4146.000,188.000,281.000,-336.000,0.000,0.000,0
2026-01-31 12:48:50,4636814,628.000,7373.000,3958.000,474.000,521.000,-436.000,0.000,0.000,0
2026-01-31 12:48:50,4636854,498.000,7391.000,3947.000,-56.000,509.000,-686.000,0.000,0.000,0
2026-01-31 12:48:50,4636894,588.000,7783.000,3981.000,-532.000,840.000,-1268.000,0.000,0.000,0
2026-01-31 12:48:50,4636934,217.000,7175.000,4230.000,-1454.000,711.000,-1397.000,0.000,0.000,0
2026-01-31 12:48:50,4636974,-444.000,6379.000,4231.000,98.000,748.000,-1107.000,0.000,0.000,0
2026-01-31 12:48:50,4637014,-205.000,7103.000,4091.000,1412.000,546.000,-600.000,0.000,0.000,0
2026-01-31 12:48:51,4637054,-101.000,7425.000,3710.000,1164.000,148.000,-304.000,0.000,0.000,0
2026-01-31 12:48:51,4637094,-116.000,7221.000,4041.000,356.000,-7.000,-263.000,0.000,0.000,0
2026-01-31 12:48:51,4637134,-79.000,7101.000,4094.000,241.000,13.000,41.000,0.000,0.000,0
2026-01-31 12:48:51,4637174,-262.000,7230.000,3777.000,389.000,-62.000,265.000,0.000,0.000,0
2026-01-31 12:48:51,4637214,-178.000,7519.000,3734.000,206.000,-212.000,385.000,0.000,0.000,0
2026-01-31 12:48:51,4637254,26.000,7261.000,3840.000,-163.000,-262.000,369.000,0.000,0.000,0
2026-01-31 12:48:51,4637294,34.000,7102.000,3908.000,109.000,-133.000,210.000,0.000,0.000,0
2026-01-31 12:48:51,4637334,-30.000,7360.000,3845.000,397.000,-126.000,200.000,0.000,0.000,0
2026-01-31 12:48:51,4637374,-25.000,7302.000,3668.000,452.000,-120.000,180.000,0.000,0.000,0
2026-01-31 12:48:51,4637414,-142.000,7340.000,3483.000,57.000,-297.000,214.000,0.000,0.000,0
2026-01-31 12:48:51,4637454,458.000,7517.000,4187.000,-494.000,-433.000,396.000,0.000,0.000,0
2026-01-31 12:48:51,4637494,255.000,6904.000,3799.000,-107.000,-49.000,59.000,0.000,0.000,0
2026-01-31 12:48:51,4637534,176.000,7437.000,3869.000,139.000,-92.000,68.000,0.000,0.000,0
2026-01-31 12:48:51,4637574,122.000,7493.000,3659.000,79.000,-65.000,112.000,0.000,0.000,0
2026-01-31 12:48:51,4637614,123.000,7368.000,3711.000,-465.000,-243.000,105.000,0.000,0.000,0
2026-01-31 12:48:51,4637654,135.000,7456.000,3913.000,-840.000,-421.000,193.000,0.000,0.000,0
2026-01-31 12:48:51,4637694,387.000,7059.000,4041.000,-1014.000,-419.000,119.000,0.000,0.000,0
2026-01-31 12:48:51,4637734,472.000,6937.000,4246.000,-808.000,-281.000,124.000,0.000,0.000,0
2026-01-31 12:48:51,4637774,367.000,6986.000,4264.000,-119.000,-23.000,61.000,0.000,0.000,0
2026-01-31 12:48:51,4637814,193.000,7183.000,3908.000,374.000,128.000,-8.000,0.000,0.000,0
2026-01-31 12:48:51,4637854,204.000,7336.000,3910.000,112.000,15.000,-15.000,0.000,0.000,0
2026-01-31 12:48:51,4637894,272.000,7294.000,3983.000,-199.000,-117.000,36.000,0.000,0.000,0
2026-01-31 12:48:51,4637934,347.000,7195.000,4114.000,-451.000,-162.000,88.000,0.000,0.000,0
2026-01-31 12:48:51,4637974,332.000,7099.000,4164.000,-448.000,-111.000,64.000,0.000,0.000,0
2026-01-31 12:48:51,4638014,325.000,7064.000,4158.000,-243.000,-57.000,40.000,0.000,0.000,0
2026-01-31 12:48:52,4638054,294.000,7037.000,4094.000,-30.000,-7.000,-14.000,0.000,0.000,0
2026-01-31 12:48:52,4638094,317.000,7338.000,4113.000,-14.000,-48.000,34.000,0.000,0.000,0
2026-01-31 12:48:52,4638134,342.000,7123.000,4155.000,-341.000,-41.000,12.000,0.000,0.000,0
2026-01-31 12:48:52,4638174,290.000,7046.000,4227.000,-272.000,-27.000,-42.000,0.000,0.000,0
2026-01-31 12:48:52,4638214,342.000,7094.000,4181.000,8.000,10.000,1.000,0.000,0.000,0
2026-01-31 12:48:52,4638254,302.000,7069.000,4145.000,-12.000,32.000,-37.000,0.000,0.000,0
2026-01-31 12:48:52,4638294,338.000,7144.000,4213.000,-3.000,-15.000,-18.000,0.000,0.000,0
2026-01-31 12:48:52,4638334,325.000,7081.000,4235.000,-41.000,-6.000,-10.000,0.000,0.000,0
2026-01-31 12:48:52,4638374,344.000,7075.000,4217.000,18.000,30.000,6.000,0.000,0.000,0
2026-01-31 12:48:52,4638414,314.000,7167.000,4235.000,15.000,23.000,-30.000,0.000,0.000,0
2026-01-31 12:48:52,4638454,314.000,7079.000,4237.000,-55.000,-1.000,-27.000,0.000,0.000,0
2026-01-31 12:48:52,4638494,340.000,7127.000,4275.000,-47.000,-6.000,1.000,0.000,0.000,0
2026-01-31 12:48:52,4638534,343.000,6991.000,4266.000,5.000,11.000,-33.000,0.000,0.000,0
2026-01-31 12:48:52,4638574,329.000,7079.000,4330.000,45.000,-1.000,-31.000,0.000,0.000,0
2026-01-31 12:48:52,4638614,392.000,6984.000,4384.000,-24.000,-22.000,-71.000,0.000,0.000,0
2026-01-31 12:48:52,4638654,422.000,6939.000,4443.000,-25.000,-36.000,-50.000,0.000,0.000,0
2026-01-31 12:48:52,4638694,443.000,6886.000,4440.000,21.000,-60.000,-46.000,0.000,0.000,0
2026-01-31 12:48:52,4638734,466.000,7004.000,4457.000,10.000,-67.000,-58.000,0.000,0.000,0
2026-01-31 12:48:52,4638774,507.000,6934.000,4455.000,-135.000,-125.000,-42.000,0.000,0.000,0
2026-01-31 12:48:52,4638814,471.000,6916.000,4514.000,-105.000,-88.000,-25.000,0.000,0.000,0
2026-01-31 12:48:52,4638854,500.000,6875.000,4490.000,50.000,-51.000,-56.000,0.000,0.000,0
2026-01-31 12:48:52,4638894,482.000,6940.000,4417.000,183.000,-3.000,-48.000,0.000,0.000,0
2026-01-31 12:48:52,4638934,446.000,6971.000,4478.000,112.000,-5.000,-70.000,0.000,0.000,0
2026-01-31 12:48:52,4638974,516.000,6918.000,4493.000,77.000,24.000,-18.000,0.000,0.000,0
2026-01-31 12:48:52,4639014,450.000,6947.000,4459.000,105.000,65.000,-15.000,0.000,0.000,0
2026-01-31 12:48:53,4639054,418.000,7005.000,4429.000,102.000,58.000,6.000,0.000,0.000,0
2026-01-31 12:48:53,4639094,416.000,6981.000,4411.000,61.000,34.000,-21.000,0.000,0.000,0
2026-01-31 12:48:53,4639134,431.000,6976.000,4426.000,7.000,5.000,-41.000,0.000,0.000,0
2026-01-31 12:48:53,4639174,412.000,6923.000,4450.000,22.000,1.000,-55.000,0.000,0.000,0
2026-01-31 12:48:53,4639214,438.000,6959.000,4464.000,15.000,-10.000,-55.000,0.000,0.000,0
2026-01-31 12:48:53,4639254,456.000,6950.000,4522.000,-15.000,-16.000,-57.000,0.000,0.000,0
2026-01-31 12:48:53,4639294,488.000,6887.000,4508.000,18.000,-4.000,-50.000,0.000,0.000,0
2026-01-31 12:48:53,4639334,470.000,6939.000,4526.000,31.000,8.000,-80.000,0.000,0.000,0
2026-01-31 12:48:53,4639374,481.000,6875.000,4541.000,16.000,7.000,-27.000,0.000,0.000,0
2026-01-31 12:48:53,4639414,486.000,6923.000,4545.000,47.000,11.000,-13.000,0.000,0.000,0
2026-01-31 12:48:53,4639454,469.000,6930.000,4534.000,26.000,30.000,-13.000,0.000,0.000,0
2026-01-31 12:48:53,4639494,456.000,6916.000,4525.000,50.000,39.000,-1.000,0.000,0.000,0
2026-01-31 12:48:53,4639534,428.000,6970.000,4503.000,39.000,27.000,-5.000,0.000,0.000,0
2026-01-31 12:48:53,4639574,446.000,6930.000,4534.000,-40.000,9.000,-3.000,0.000,0.000,0
2026-01-31 12:48:53,4639617,469.000,6909.000,4512.000,32.000,22.000,-15.000,0.000,0.000,0
2026-01-31 12:48:53,4639654,465.000,6939.000,4503.000,39.000,13.000,-24.000,0.000,0.000,0
2026-01-31 12:48:53,4639694,471.000,6924.000,4515.000,18.000,3.000,-10.000,0.000,0.000,0
2026-01-31 12:48:53,4639734,499.000,6881.000,4558.000,9.000,13.000,-28.000,0.000,0.000,0
2026-01-31 12:48:53,4639774,510.000,6924.000,4576.000,6.000,18.000,-30.000,0.000,0.000,0
2026-01-31 12:48:53,4639814,471.000,6879.000,4561.000,-16.000,28.000,-25.000,0.000,0.000,0
2026-01-31 12:48:53,4639854,493.000,6914.000,4571.000,6.000,22.000,14.000,0.000,0.000,0
2026-01-31 12:48:53,4639894,487.000,6876.000,4548.000,-31.000,38.000,-8.000,0.000,0.000,0
2026-01-31 12:48:53,4639934,474.000,6929.000,4584.000,-7.000,16.000,-15.000,0.000,0.000,0
2026-01-31 12:48:53,4639974,487.000,6871.000,4569.000,-7.000,24.000,-7.000,0.000,0.000,0
2026-01-31 12:48:53,4640014,493.000,6901.000,4566.000,37.000,10.000,-16.000,0.000,0.000,0
2026-01-31 12:48:54,4640054,493.000,6898.000,4606.000,-18.000,7.000,-17.000,0.000,0.000,0
2026-01-31 12:48:54,4640094,499.000,6864.000,4600.000,-8.000,8.000,-13.000,0.000,0.000,0
2026-01-31 12:48:54,4640134,501.000,6937.000,4610.000,-6.000,2.000,-5.000,0.000,0.000,0
2026-01-31 12:48:54,4640174,506.000,6827.000,4650.000,-70.000,-7.000,4.000,0.000,0.000,0
2026-01-31 12:48:54,4640214,523.000,6827.000,4648.000,-12.000,-1.000,-10.000,0.000,0.000,0
2026-01-31 12:48:54,4640254,509.000,6911.000,4646.000,-38.000,-12.000,-13.000,0.000,0.000,0
2026-01-31 12:48:54,4640294,555.000,6720.000,4673.000,-93.000,-5.000,-15.000,0.000,0.000,0
2026-01-31 12:48:54,4640334,527.000,6859.000,4693.000,51.000,26.000,-52.000,0.000,0.000,0
2026-01-31 12:48:54,4640374,510.000,6853.000,4690.000,-21.000,32.000,-17.000,0.000,0.000,0
2026-01-31 12:48:54,4640414,528.000,6821.000,4651.000,32.000,44.000,2.000,0.000,0.000,0
2026-01-31 12:48:54,4640454,508.000,6886.000,4665.000,17.000,23.000,-23.000,0.000,0.000,0
2026-01-31 12:48:54,4640494,514.000,6803.000,4676.000,-58.000,15.000,9.000,0.000,0.000,0
2026-01-31 12:48:54,4640534,517.000,6847.000,4690.000,-5.000,16.000,-1.000,0.000,0.000,0
2026-01-31 12:48:54,4640574,506.000,6817.000,4702.000,-2.000,20.000,-9.000,0.000,0.000,0
2026-01-31 12:48:54,4640614,536.000,6865.000,4707.000,11.000,6.000,-11.000,0.000,0.000,0
2026-01-31 12:48:54,4640654,550.000,6833.000,4717.000,-9.000,6.000,-8.000,0.000,0.000,0
2026-01-31 12:48:54,4640694,527.000,6754.000,4717.000,-40.000,25.000,-41.000,0.000,0.000,0
2026-01-31 12:48:54,4640734,521.000,6833.000,4727.000,5.000,18.000,-22.000,0.000,0.000,0
2026-01-31 12:48:54,4640774,542.000,6822.000,4728.000,-8.000,21.000,-15.000,0.000,0.000,0
2026-01-31 12:48:54,4640814,537.000,6803.000,4709.000,3.000,34.000,-19.000,0.000,0.000,0
2026-01-31 12:48:54,4640854,518.000,6829.000,4712.000,2.000,19.000,8.000,0.000,0.000,0
2026-01-31 12:48:54,4640894,502.000,6742.000,4696.000,-44.000,33.000,-5.000,0.000,0.000,0
2026-01-31 12:48:54,4640934,496.000,6856.000,4712.000,14.000,12.000,1.000,0.000,0.000,0
2026-01-31 12:48:54,4640974,518.000,6862.000,4701.000,-28.000,14.000,3.000,0.000,0.000,0
2026-01-31 12:48:54,4641014,511.000,6805.000,4711.000,-64.000,0.000,12.000,0.000,0.000,0
2026-01-31 12:48:55,4641054,515.000,6846.000,4720.000,-44.000,10.000,19.000,0.000,0.000,0
2026-01-31 12:48:55,4641094,514.000,6816.000,4694.000,-60.000,-7.000,9.000,0.000,0.000,0
2026-01-31 12:48:55,4641134,528.000,6799.000,4715.000,-23.000,0.000,-5.000,0.000,0.000,0
2026-01-31 12:48:55,4641174,510.000,6844.000,4719.000,-39.000,-4.000,17.000,0.000,0.000,0
2026-01-31 12:48:55,4641214,507.000,6856.000,4690.000,-118.000,-25.000,22.000,0.000,0.000,0
2026-01-31 12:48:55,4641254,490.000,6809.000,4728.000,-212.000,-48.000,33.000,0.000,0.000,0
2026-01-31 12:48:55,4641294,537.000,6712.000,4782.000,-244.000,-56.000,18.000,0.000,0.000,0
2026-01-31 12:48:55,4641334,483.000,6711.000,4813.000,-25.000,-9.000,-3.000,0.000,0.000,0
2026-01-31 12:48:55,4641374,581.000,6847.000,4766.000,103.000,-4.000,51.000,0.000,0.000,0
2026-01-31 12:48:55,4641414,542.000,6773.000,4774.000,-31.000,23.000,-4.000,0.000,0.000,0
2026-01-31 12:48:55,4641457,520.000,6793.000,4762.000,15.000,-8.000,42.000,0.000,0.000,0
2026-01-31 12:48:55,4641497,584.000,6766.000,4782.000,94.000,49.000,27.000,0.000,0.000,0
2026-01-31 12:48:55,4641534,544.000,6760.000,4773.000,147.000,82.000,-2.000,0.000,0.000,0
2026-01-31 12:48:55,4641574,507.000,6848.000,4689.000,151.000,64.000,-21.000,0.000,0.000,0
2026-01-31 12:48:55,4641619,546.000,6703.000,4762.000,-60.000,26.000,31.000,0.000,0.000,0
2026-01-31 12:48:55,4641654,536.000,6724.000,4762.000,73.000,30.000,28.000,0.000,0.000,0
2026-01-31 12:48:55,4641694,544.000,6898.000,4687.000,117.000,12.000,16.000,0.000,0.000,0
2026-01-31 12:48:55,4641734,568.000,6786.000,4680.000,-13.000,13.000,21.000,0.000,0.000,0
2026-01-31 12:48:55,4641774,532.000,6798.000,4755.000,100.000,64.000,14.000,0.000,0.000,0
2026-01-31 12:48:55,4641814,520.000,6860.000,4663.000,130.000,42.000,7.000,0.000,0.000,0
2026-01-31 12:48:55,4641854,540.000,6828.000,4672.000,-21.000,3.000,30.000,0.000,0.000,0
2026-01-31 12:48:55,4641894,546.000,6802.000,4756.000,2.000,22.000,25.000,0.000,0.000,0
2026-01-31 12:48:55,4641934,523.000,6806.000,4678.000,137.000,52.000,3.000,0.000,0.000,0
2026-01-31 12:48:55,4641974,546.000,6921.000,4650.000,31.000,-3.000,42.000,0.000,0.000,0
2026-01-31 12:48:55,4642014,528.000,6841.000,4736.000,-84.000,-2.000,47.000,0.000,0.000,0
2026-01-31 12:48:56,4642054,581.000,6803.000,4683.000,1.000,8.000,37.000,0.000,0.000,0
2026-01-31 12:48:56,4642094,548.000,6829.000,4673.000,-19.000,31.000,5.000,0.000,0.000,0
2026-01-31 12:48:56,4642134,512.000,6853.000,4695.000,-19.000,3.000,-10.000,0.000,0.000,0
2026-01-31 12:48:56,4642174,550.000,6788.000,4708.000,-55.000,-6.000,7.000,0.000,0.000,0
2026-01-31 12:48:56,4642214,577.000,6826.000,4699.000,10.000,10.000,9.000,0.000,0.000,0
2026-01-31 12:48:56,4642254,543.000,6808.000,4676.000,3.000,26.000,-14.000,0.000,0.000,0
2026-01-31 12:48:56,4642294,523.000,6835.000,4690.000,-40.000,13.000,10.000,0.000,0.000,0
2026-01-31 12:48:56,4642334,527.000,6809.000,4706.000,-13.000,14.000,6.000,0.000,0.000,0
2026-01-31 12:48:56,4642374,544.000,6831.000,4710.000,-13.000,18.000,-5.000,0.000,0.000,0
2026-01-31 12:48:56,4642414,518.000,6820.000,4712.000,-5.000,7.000,8.000,0.000,0.000,0
2026-01-31 12:48:56,4642454,546.000,6840.000,4706.000,-5.000,0.000,11.000,0.000,0.000,0
2026-01-31 12:48:56,4642494,547.000,6838.000,4722.000,-65.000,-4.000,0.000,0.000,0.000,0
2026-01-31 12:48:56,4642534,542.000,6787.000,4719.000,-19.000,20.000,-7.000,0.000,0.000,0
2026-01-31 12:48:56,4642574,517.000,6843.000,4715.000,0.000,10.000,3.000,0.000,0.000,0
2026-01-31 12:48:56,4642614,538.000,6816.000,4717.000,-33.000,2.000,15.000,0.000,0.000,0
2026-01-31 12:48:56,4642654,537.000,6762.000,4713.000,-17.000,11.000,4.000,0.000,0.000,0
2026-01-31 12:48:56,4642694,545.000,6861.000,4703.000,10.000,6.000,12.000,0.000,0.000,0
2026-01-31 12:48:56,4642734,538.000,6809.000,4699.000,-40.000,5.000,12.000,0.000,0.000,0
2026-01-31 12:48:56,4642774,527.000,6777.000,4728.000,-51.000,-3.000,13.000,0.000,0.000,0
2026-01-31 12:48:56,4642814,573.000,6871.000,4714.000,18.000,11.000,16.000,0.000,0.000,0
2026-01-31 12:48:56,4642854,545.000,6787.000,4684.000,-27.000,12.000,-11.000,0.000,0.000,0
2026-01-31 12:48:56,4642894,511.000,6834.000,4735.000,-16.000,-4.000,8.000,0.000,0.000,0
2026-01-31 12:48:56,4642934,576.000,6861.000,4736.000,-4.000,-8.000,18.000,0.000,0.000,0
2026-01-31 12:48:56,4642974,560.000,6759.000,4710.000,-6.000,20.000,-7.000,0.000,0.000,0
2026-01-31 12:48:56,4643014,533.000,6841.000,4699.000,-4.000,6.000,11.000,0.000,0.000,0
2026-01-31 12:48:57,4643054,546.000,6821.000,4710.000,-32.000,-7.000,20.000,0.000,0.000,0
2026-01-31 12:48:57,4643094,582.000,6761.000,4699.000,-36.000,9.000,9.000,0.000,0.000,0
2026-01-31 12:48:57,4643134,510.000,6820.000,4698.000,-11.000,12.000,-21.000,0.000,0.000,0
2026-01-31 12:48:57,4643174,571.000,6790.000,4720.000,-64.000,-5.000,18.000,0.000,0.000,0
2026-01-31 12:48:57,4643214,555.000,6744.000,4712.000,-15.000,19.000,-16.000,0.000,0.000,0
2026-01-31 12:48:57,4643254,527.000,6838.000,4715.000,15.000,18.000,2.000,0.000,0.000,0
2026-01-31 12:48:57,4643294,565.000,6835.000,4724.000,-29.000,3.000,6.000,0.000,0.000,0
2026-01-31 12:48:57,4643334,551.000,6751.000,4721.000,-41.000,15.000,-13.000,0.000,0.000,0
2026-01-31 12:48:57,4643374,529.000,6819.000,4710.000,21.000,17.000,-4.000,0.000,0.000,0
2026-01-31 12:48:57,4643414,552.000,6824.000,4707.000,-13.000,12.000,6.000,0.000,0.000,0
2026-01-31 12:48:57,4643454,533.000,6807.000,4757.000,-29.000,10.000,-9.000,0.000,0.000,0
2026-01-31 12:48:57,4643495,505.000,6783.000,4732.000,-13.000,14.000,-4.000,0.000,0.000,0
2026-01-31 12:48:57,4643534,545.000,6859.000,4709.000,37.000,27.000,5.000,0.000,0.000,0
2026-01-31 12:48:57,4643574,530.000,6791.000,4710.000,-34.000,16.000,-14.000,0.000,0.000,0
2026-01-31 12:48:57,4643617,521.000,6925.000,4746.000,24.000,-2.000,17.000,0.000,0.000,0
2026-01-31 12:48:57,4643654,548.000,6862.000,4735.000,-21.000,-1.000,18.000,0.000,0.000,0
2026-01-31 12:48:57,4643694,503.000,6730.000,4718.000,3.000,32.000,-16.000,0.000,0.000,0
2026-01-31 12:48:57,4643734,496.000,6932.000,4754.000,29.000,1.000,14.000,0.000,0.000,0
2026-01-31 12:48:57,4643774,532.000,6780.000,4715.000,-32.000,11.000,17.000,0.000,0.000,0
2026-01-31 12:48:57,4643814,505.000,6807.000,4725.000,15.000,17.000,-5.000,0.000,0.000,0
2026-01-31 12:48:57,4643854,493.000,6875.000,4728.000,-7.000,0.000,13.000,0.000,0.000,0
2026-01-31 12:48:57,4643894,545.000,6760.000,4720.000,-37.000,1.000,25.000,0.000,0.000,0
2026-01-31 12:48:57,4643934,509.000,6872.000,4713.000,52.000,10.000,7.000,0.000,0.000,0
2026-01-31 12:48:57,4643974,550.000,6814.000,4684.000,-15.000,5.000,22.000,0.000,0.000,0
2026-01-31 12:48:57,4644014,568.000,6796.000,4697.000,-3.000,7.000,10.000,0.000,0.000,0
2026-01-31 12:48:58,4644054,528.000,6826.000,4699.000,21.000,18.000,0.000,0.000,0.000,0
2026-01-31 12:48:58,4644094,531.000,6775.000,4652.000,3.000,17.000,19.000,0.000,0.000,0
2026-01-31 12:48:58,4644134,545.000,6813.000,4680.000,4.000,3.000,4.000,0.000,0.000,0
2026-01-31 12:48:58,4644174,556.000,6824.000,4709.000,7.000,7.000,3.000,0.000,0.000,0
2026-01-31 12:48:58,4644214,575.000,6756.000,4660.000,28.000,30.000,-3.000,0.000,0.000,0
2026-01-31 12:48:58,4644254,537.000,6897.000,4694.000,4.000,10.000,-13.000,0.000,0.000,0
2026-01-31 12:48:58,4644294,569.000,6689.000,4687.000,-69.000,13.000,10.000,0.000,0.000,0
2026-01-31 12:48:58,4644334,501.000,6950.000,4715.000,46.000,23.000,-22.000,0.000,0.000,0
2026-01-31 12:48:58,4644374,492.000,6840.000,4714.000,-53.000,18.000,-17.000,0.000,0.000,0
2026-01-31 12:48:58,4644414,519.000,6784.000,4725.000,-31.000,18.000,-2.000,0.000,0.000,0
2026-01-31 12:48:58,4644454,482.000,6892.000,4739.000,13.000,13.000,-18.000,0.000,0.000,0
2026-01-31 12:48:58,4644494,493.000,6819.000,4720.000,-12.000,14.000,-1.000,0.000,0.000,0
2026-01-31 12:48:58,4644534,499.000,6855.000,4752.000,-16.000,8.000,-2.000,0.000,0.000,0
2026-01-31 12:48:58,4644574,489.000,6791.000,4714.000,-10.000,22.000,-8.000,0.000,0.000,0
2026-01-31 12:48:58,4644614,489.000,6807.000,4711.000,10.000,17.000,4.000,0.000,0.000,0
2026-01-31 12:48:58,4644654,510.000,6826.000,4706.000,-8.000,11.000,9.000,0.000,0.000,0
2026-01-31 12:48:58,4644694,493.000,6784.000,4709.000,9.000,16.000,4.000,0.000,0.000,0
2026-01-31 12:48:58,4644734,506.000,6839.000,4699.000,13.000,10.000,11.000,0.000,0.000,0
2026-01-31 12:48:58,4644774,500.000,6759.000,4703.000,-17.000,12.000,-2.000,0.000,0.000,0
2026-01-31 12:48:58,4644814,519.000,6846.000,4699.000,21.000,2.000,18.000,0.000,0.000,0
2026-01-31 12:48:58,4644854,516.000,6793.000,4688.000,2.000,18.000,0.000,0.000,0.000,0
2026-01-31 12:48:58,4644894,510.000,6862.000,4722.000,2.000,-2.000,7.000,0.000,0.000,0
2026-01-31 12:48:58,4644934,529.000,6841.000,4719.000,3.000,8.000,13.000,0.000,0.000,0
2026-01-31 12:48:58,4644974,515.000,6798.000,4689.000,10.000,13.000,6.000,0.000,0.000,0
2026-01-31 12:48:58,4645014,513.000,6898.000,4706.000,14.000,3.000,7.000,0.000,0.000,0
2026-01-31 12:48:59,4645054,515.000,6852.000,4717.000,-21.000,3.000,7.000,0.000,0.000,0
2026-01-31 12:48:59,4645094,499.000,6807.000,4717.000,-12.000,13.000,-5.000,0.000,0.000,0
2026-01-31 12:48:59,4645134,531.000,6869.000,4698.000,19.000,8.000,12.000,0.000,0.000,0
2026-01-31 12:48:59,4645174,519.000,6784.000,4685.000,-4.000,15.000,-6.000,0.000,0.000,0
2026-01-31 12:48:59,4645214,516.000,6830.000,4697.000,0.000,7.000,11.000,0.000,0.000,0
2026-01-31 12:48:59,4645254,539.000,6777.000,4667.000,-1.000,13.000,5.000,0.000,0.000,0
2026-01-31 12:48:59,4645294,533.000,6822.000,4699.000,3.000,9.000,3.000,0.000,0.000,0
2026-01-31 12:48:59,4645334,539.000,6797.000,4673.000,4.000,13.000,4.000,0.000,0.000,0
2026-01-31 12:48:59,4645374,523.000,6783.000,4674.000,2.000,16.000,6.000,0.000,0.000,0
2026-01-31 12:48:59,4645414,529.000,6861.000,4696.000,-11.000,-1.000,6.000,0.000,0.000,0
2026-01-31 12:48:59,4645457,496.000,6822.000,4693.000,9.000,17.000,-16.000,0.000,0.000,0
2026-01-31 12:48:59,4645497,512.000,6865.000,4713.000,-32.000,5.000,1.000,0.000,0.000,0
2026-01-31 12:48:59,4645534,534.000,6842.000,4716.000,-34.000,11.000,-9.000,0.000,0.000,0
2026-01-31 12:48:59,4645574,513.000,6779.000,4709.000,-14.000,26.000,-17.000,0.000,0.000,0
2026-01-31 12:48:59,4645614,479.000,6926.000,4725.000,15.000,11.000,-5.000,0.000,0.000,0
2026-01-31 12:48:59,4645654,494.000,6775.000,4707.000,-28.000,19.000,-6.000,0.000,0.000,0
2026-01-31 12:48:59,4645694,496.000,6856.000,4738.000,14.000,15.000,-4.000,0.000,0.000,0
2026-01-31 12:48:59,4645734,474.000,6809.000,4693.000,7.000,27.000,-17.000,0.000,0.000,0
2026-01-31 12:48:59,4645774,483.000,6851.000,4721.000,17.000,8.000,-1.000,0.000,0.000,0
2026-01-31 12:48:59,4645814,506.000,6772.000,4672.000,6.000,13.000,3.000,0.000,0.000,0
2026-01-31 12:48:59,4645854,528.000,6809.000,4694.000,3.000,4.000,15.000,0.000,0.000,0
2026-01-31 12:48:59,4645894,523.000,6804.000,4661.000,1.000,20.000,7.000,0.000,0.000,0
2026-01-31 12:48:59,4645934,495.000,6793.000,4693.000,-25.000,11.000,-3.000,0.000,0.000,0
2026-01-31 12:48:59,4645974,506.000,6841.000,4699.000,-16.000,4.000,7.000,0.000,0.000,0
2026-01-31 12:48:59,4646014,518.000,6757.000,4659.000,-27.000,14.000,-3.000,0.000,0.000,0
2026-01-31 12:49:00,4646054,471.000,6893.000,4726.000,-36.000,-17.000,-1.000,0.000,0.000,0
2026-01-31 12:49:00,4646094,489.000,6786.000,4730.000,-34.000,-9.000,24.000,0.000,0.000,0
2026-01-31 12:49:00,4646134,510.000,6856.000,4748.000,-5.000,-11.000,3.000,0.000,0.000,0
2026-01-31 12:49:00,4646174,496.000,6841.000,4733.000,29.000,0.000,21.000,0.000,0.000,0
2026-01-31 12:49:00,4646214,502.000,6862.000,4710.000,28.000,1.000,24.000,0.000,0.000,0
2026-01-31 12:49:00,4646254,502.000,6821.000,4702.000,8.000,5.000,18.000,0.000,0.000,0
2026-01-31 12:49:00,4646294,496.000,6900.000,4711.000,25.000,-9.000,15.000,0.000,0.000,0
2026-01-31 12:49:00,4646334,553.000,6774.000,4663.000,11.000,2.000,33.000,0.000,0.000,0
2026-01-31 12:49:00,4646374,548.000,6804.000,4634.000,53.000,5.000,27.000,0.000,0.000,0
2026-01-31 12:49:00,4646414,532.000,6841.000,4647.000,-13.000,-15.000,14.000,0.000,0.000,0
2026-01-31 12:49:00,4646454,581.000,6761.000,4688.000,-44.000,-11.000,23.000,0.000,0.000,0
2026-01-31 12:49:00,4646494,580.000,6776.000,4648.000,2.000,4.000,6.000,0.000,0.000,0
2026-01-31 12:49:00,4646534,538.000,6836.000,4655.000,1.000,-5.000,14.000,0.000,0.000,0
2026-01-31 12:49:00,4646574,566.000,6824.000,4665.000,-42.000,-13.000,33.000,0.000,0.000,0
2026-01-31 12:49:00,4646614,536.000,6812.000,4704.000,-43.000,-1.000,3.000,0.000,0.000,0
2026-01-31 12:49:00,4646654,510.000,6853.000,4703.000,4.000,-5.000,9.000,0.000,0.000,0
2026-01-31 12:49:00,4646694,517.000,6910.000,4711.000,-22.000,-12.000,11.000,0.000,0.000,0
2026-01-31 12:49:00,4646734,520.000,6824.000,4745.000,-62.000,-3.000,8.000,0.000,0.000,0
2026-01-31 12:49:00,4646774,501.000,6853.000,4727.000,12.000,-3.000,10.000,0.000,0.000,0
2026-01-31 12:49:00,4646814,534.000,6829.000,4695.000,-24.000,0.000,15.000,0.000,0.000,0
2026-01-31 12:49:00,4646854,559.000,6816.000,4691.000,-2.000,18.000,6.000,0.000,0.000,0
2026-01-31 12:49:00,4646894,544.000,6781.000,4662.000,0.000,21.000,-1.000,0.000,0.000,0
2026-01-31 12:49:00,4646934,554.000,6833.000,4679.000,-13.000,-8.000,16.000,0.000,0.000,0
2026-01-31 12:49:00,4646974,572.000,6784.000,4670.000,-13.000,13.000,1.000,0.000,0.000,0
2026-01-31 12:49:00,4647014,551.000,6817.000,4676.000,-6.000,10.000,-1.000,0.000,0.000,0
2026-01-31 12:49:01,4647054,553.000,6825.000,4695.000,-37.000,-2.000,13.000,0.000,0.000,0
2026-01-31 12:49:01,4647094,539.000,6827.000,4725.000,-36.000,7.000,-12.000,0.000,0.000,0
2026-01-31 12:49:01,4647134,501.000,6822.000,4733.000,-13.000,13.000,-10.000,0.000,0.000,0
2026-01-31 12:49:01,4647174,518.000,6883.000,4734.000,-22.000,1.000,5.000,0.000,0.000,0
2026-01-31 12:49:01,4647214,508.000,6761.000,4720.000,-7.000,19.000,-2.000,0.000,0.000,0
2026-01-31 12:49:01,4647254,530.000,6887.000,4737.000,21.000,8.000,8.000,0.000,0.000,0
2026-01-31 12:49:01,4647294,548.000,6812.000,4703.000,25.000,22.000,7.000,0.000,0.000,0
2026-01-31 12:49:01,4647334,560.000,6790.000,4690.000,21.000,29.000,6.000,0.000,0.000,0
2026-01-31 12:49:01,4647374,546.000,6782.000,4659.000,10.000,22.000,6.000,0.000,0.000,0
2026-01-31 12:49:01,4647414,582.000,6847.000,4679.000,4.000,6.000,8.000,0.000,0.000,0
2026-01-31 12:49:01,4647457,534.000,6864.000,4687.000,16.000,9.000,-9.000,0.000,0.000,0
2026-01-31 12:49:01,4647494,542.000,6915.000,4711.000,4.000,-1.000,9.000,0.000,0.000,0
2026-01-31 12:49:01,4647534,535.000,6832.000,4707.000,-48.000,10.000,-6.000,0.000,0.000,0
2026-01-31 12:49:01,4647574,496.000,6805.000,4744.000,-37.000,3.000,-10.000,0.000,0.000,0
2026-01-31 12:49:01,4647617,525.000,6845.000,4711.000,-10.000,23.000,5.000,0.000,0.000,0
2026-01-31 12:49:01,4647654,543.000,6848.000,4706.000,-2.000,22.000,-2.000,0.000,0.000,0
2026-01-31 12:49:01,4647694,500.000,6768.000,4685.000,-22.000,25.000,-18.000,0.000,0.000,0
2026-01-31 12:49:01,4647734,540.000,6732.000,4678.000,-8.000,15.000,14.000,0.000,0.000,0
2026-01-31 12:49:01,4647774,546.000,6784.000,4674.000,5.000,18.000,-15.000,0.000,0.000,0
2026-01-31 12:49:01,4647814,569.000,6873.000,4703.000,9.000,14.000,4.000,0.000,0.000,0
2026-01-31 12:49:01,4647854,551.000,6798.000,4691.000,-17.000,17.000,1.000,0.000,0.000,0
2026-01-31 12:49:01,4647894,504.000,6799.000,4687.000,2.000,23.000,-3.000,0.000,0.000,0
2026-01-31 12:49:01,4647934,474.000,6893.000,4737.000,-22.000,5.000,-11.000,0.000,0.000,0
2026-01-31 12:49:01,4647974,485.000,6833.000,4759.000,-40.000,9.000,-16.000,0.000,0.000,0
2026-01-31 12:49:01,4648014,465.000,6819.000,4722.000,15.000,16.000,-3.000,0.000,0.000,0
2026-01-31 12:49:02,4648054,465.000,6869.000,4705.000,-3.000,6.000,5.000,0.000,0.000,0
2026-01-31 12:49:02,4648094,471.000,6784.000,4723.000,-31.000,11.000,-6.000,0.000,0.000,0
2026-01-31 12:49:02,4648134,500.000,6803.000,4686.000,27.000,26.000,-1.000,0.000,0.000,0
2026-01-31 12:49:02,4648174,497.000,6815.000,4679.000,6.000,12.000,9.000,0.000,0.000,0
2026-01-31 12:49:02,4648214,529.000,6760.000,4679.000,-18.000,16.000,13.000,0.000,0.000,0
2026-01-31 12:49:02,4648254,511.000,6814.000,4693.000,6.000,6.000,-5.000,0.000,0.000,0
2026-01-31 12:49:02,4648294,508.000,6859.000,4712.000,17.000,4.000,18.000,0.000,0.000,0
2026-01-31 12:49:02,4648334,508.000,6897.000,4729.000,-12.000,-8.000,13.000,0.000,0.000,0
2026-01-31 12:49:02,4648374,476.000,6818.000,4735.000,-26.000,-2.000,15.000,0.000,0.000,0
2026-01-31 12:49:02,4648414,510.000,6810.000,4703.000,14.000,11.000,28.000,0.000,0.000,0
2026-01-31 12:49:02,4648454,508.000,6862.000,4693.000,3.000,6.000,13.000,0.000,0.000,0
2026-01-31 12:49:02,4648494,515.000,6835.000,4713.000,-10.000,0.000,20.000,0.000,0.000,0
2026-01-31 12:49:02,4648534,572.000,6825.000,4674.000,15.000,9.000,28.000,0.000,0.000,0
2026-01-31 12:49:02,4648574,540.000,6722.000,4635.000,8.000,23.000,2.000,0.000,0.000,0
2026-01-31 12:49:02,4648614,536.000,6878.000,4668.000,30.000,2.000,22.000,0.000,0.000,0
2026-01-31 12:49:02,4648654,602.000,6830.000,4669.000,-33.000,-11.000,18.000,0.000,0.000,0
2026-01-31 12:49:02,4648694,584.000,6718.000,4624.000,33.000,25.000,8.000,0.000,0.000,0
2026-01-31 12:49:02,4648734,519.000,6922.000,4651.000,34.000,5.000,2.000,0.000,0.000,0
2026-01-31 12:49:02,4648774,573.000,6807.000,4682.000,-74.000,-6.000,24.000,0.000,0.000,0
2026-01-31 12:49:02,4648814,576.000,6848.000,4713.000,18.000,14.000,-1.000,0.000,0.000,0
2026-01-31 12:49:02,4648854,523.000,6909.000,4671.000,26.000,19.000,6.000,0.000,0.000,0
2026-01-31 12:49:02,4648894,562.000,6797.000,4671.000,-31.000,13.000,2.000,0.000,0.000,0
2026-01-31 12:49:02,4648934,551.000,6848.000,4687.000,-2.000,4.000,-14.000,0.000,0.000,0
2026-01-31 12:49:02,4648974,574.000,6730.000,4636.000,3.000,21.000,-4.000,0.000,0.000,0
2026-01-31 12:49:02,4649014,556.000,6874.000,4649.000,-7.000,0.000,-3.000,0.000,0.000,0
2026-01-31 12:49:03,4649054,523.000,6740.000,4656.000,-48.000,19.000,-20.000,0.000,0.000,0
2026-01-31 12:49:03,4649094,550.000,6875.000,4693.000,-7.000,-1.000,6.000,0.000,0.000,0
2026-01-31 12:49:03,4649134,552.000,6891.000,4678.000,8.000,19.000,-1.000,0.000,0.000,0
2026-01-31 12:49:03,4649174,547.000,6859.000,4669.000,-5.000,20.000,-6.000,0.000,0.000,0
2026-01-31 12:49:03,4649214,493.000,6856.000,4705.000,-25.000,3.000,2.000,0.000,0.000,0
2026-01-31 12:49:03,4649254,543.000,6810.000,4690.000,-27.000,5.000,6.000,0.000,0.000,0
2026-01-31 12:49:03,4649294,517.000,6816.000,4655.000,-9.000,13.000,-11.000,0.000,0.000,0
2026-01-31 12:49:03,4649334,461.000,6770.000,4662.000,-22.000,5.000,-11.000,0.000,0.000,0
2026-01-31 12:49:03,4649374,534.000,6867.000,4723.000,-39.000,-12.000,5.000,0.000,0.000,0
2026-01-31 12:49:03,4649414,531.000,6743.000,4702.000,-14.000,24.000,-17.000,0.000,0.000,0
2026-01-31 12:49:03,4649454,497.000,6931.000,4700.000,52.000,19.000,13.000,0.000,0.000,0
2026-01-31 12:49:03,4649494,541.000,6833.000,4670.000,-27.000,20.000,13.000,0.000,0.000,0
2026-01-31 12:49:03,4649534,553.000,6941.000,4757.000,-7.000,-8.000,4.000,0.000,0.000,0
2026-01-31 12:49:03,4649574,554.000,6826.000,4680.000,21.000,29.000,-2.000,0.000,0.000,0
2026-01-31 12:49:03,4649617,490.000,6927.000,4662.000,-6.000,-3.000,6.000,0.000,0.000,0
2026-01-31 12:49:03,4649654,511.000,6768.000,4650.000,-50.000,13.000,-2.000,0.000,0.000,0
2026-01-31 12:49:03,4649694,448.000,6771.000,4665.000,14.000,23.000,-34.000,0.000,0.000,0
2026-01-31 12:49:03,4649734,490.000,6914.000,4680.000,-25.000,-2.000,13.000,0.000,0.000,0
2026-01-31 12:49:03,4649774,487.000,6737.000,4681.000,-37.000,20.000,-11.000,0.000,0.000,0
2026-01-31 12:49:03,4649814,475.000,6908.000,4715.000,-2.000,-1.000,-8.000,0.000,0.000,0
2026-01-31 12:49:03,4649854,505.000,6810.000,4707.000,-37.000,9.000,7.000,0.000,0.000,0
2026-01-31 12:49:03,4649894,535.000,6798.000,4709.000,-16.000,9.000,8.000,0.000,0.000,0
2026-01-31 12:49:03,4649934,499.000,6899.000,4701.000,19.000,4.000,2.000,0.000,0.000,0
2026-01-31 12:49:03,4649974,534.000,6766.000,4692.000,-35.000,7.000,13.000,0.000,0.000,0
2026-01-31 12:49:03,4650014,523.000,6777.000,4675.000,-12.000,7.000,11.000,0.000,0.000,0
2026-01-31 12:49:04,4650054,459.000,6911.000,4707.000,-2.000,-4.000,-1.000,0.000,0.000,0
2026-01-31 12:49:04,4650094,466.000,6767.000,4739.000,-78.000,-4.000,14.000,0.000,0.000,0
2026-01-31 12:49:04,4650134,485.000,6837.000,4704.000,31.000,8.000,19.000,0.000,0.000,0
2026-01-31 12:49:04,4650174,459.000,6848.000,4670.000,36.000,24.000,-6.000,0.000,0.000,0
2026-01-31 12:49:04,4650214,529.000,6884.000,4731.000,-37.000,-13.000,31.000,0.000,0.000,0
2026-01-31 12:49:04,4650254,537.000,6742.000,4684.000,30.000,21.000,5.000,0.000,0.000,0
2026-01-31 12:49:04,4650294,518.000,6877.000,4677.000,54.000,6.000,12.000,0.000,0.000,0
2026-01-31 12:49:04,4650334,545.000,6798.000,4670.000,-47.000,2.000,20.000,0.000,0.000,0
2026-01-31 12:49:04,4650374,506.000,6756.000,4656.000,29.000,20.000,0.000,0.000,0.000,0
2026-01-31 12:49:04,4650414,541.000,6832.000,4627.000,25.000,3.000,33.000,0.000,0.000,0
2026-01-31 12:49:04,4650454,559.000,6808.000,4647.000,20.000,11.000,20.000,0.000,0.000,0
2026-01-31 12:49:04,4650494,515.000,6951.000,4668.000,36.000,-2.000,5.000,0.000,0.000,0
2026-01-31 12:49:04,4650534,575.000,6924.000,4689.000,-5.000,-10.000,25.000,0.000,0.000,0
2026-01-31 12:49:04,4650574,570.000,6780.000,4657.000,-24.000,15.000,-1.000,0.000,0.000,0
2026-01-31 12:49:04,4650614,504.000,6879.000,4649.000,6.000,9.000,-8.000,0.000,0.000,0
2026-01-31 12:49:04,4650654,589.000,6850.000,4642.000,-32.000,0.000,19.000,0.000,0.000,0
2026-01-31 12:49:04,4650694,580.000,6666.000,4593.000,-24.000,35.000,-11.000,0.000,0.000,0
2026-01-31 12:49:04,4650734,515.000,6873.000,4626.000,12.000,13.000,-4.000,0.000,0.000,0
2026-01-31 12:49:04,4650774,561.000,6864.000,4664.000,-44.000,2.000,15.000,0.000,0.000,0
2026-01-31 12:49:04,4650814,512.000,6858.000,4662.000,0.000,29.000,-43.000,0.000,0.000,0
2026-01-31 12:49:04,4650854,452.000,6935.000,4701.000,-24.000,9.000,-9.000,0.000,0.000,0
2026-01-31 12:49:04,4650894,532.000,6855.000,4719.000,-53.000,4.000,-7.000,0.000,0.000,0
2026-01-31 12:49:04,4650934,483.000,6833.000,4694.000,21.000,26.000,-40.000,0.000,0.000,0
2026-01-31 12:49:04,4650974,453.000,6817.000,4659.000,2.000,28.000,-7.000,0.000,0.000,0
2026-01-31 12:49:04,4651014,469.000,6844.000,4705.000,-65.000,1.000,5.000,0.000,0.000,0
2026-01-31 12:49:05,4651054,460.000,6778.000,4761.000,-53.000,8.000,-22.000,0.000,0.000,0
2026-01-31 12:49:05,4651094,467.000,6923.000,4733.000,39.000,33.000,-1.000,0.000,0.000,0
2026-01-31 12:49:05,4651134,443.000,6964.000,4717.000,-6.000,14.000,-3.000,0.000,0.000,0
2026-01-31 12:49:05,4651174,441.000,6873.000,4734.000,-26.000,8.000,4.000,0.000,0.000,0
2026-01-31 12:49:05,4651214,464.000,6957.000,4737.000,34.000,2.000,15.000,0.000,0.000,0
2026-01-31 12:49:05,4651254,467.000,6853.000,4713.000,7.000,7.000,13.000,0.000,0.000,0
2026-01-31 12:49:05,4651294,468.000,6833.000,4682.000,17.000,2.000,35.000,0.000,0.000,0
2026-01-31 12:49:05,4651334,466.000,6837.000,4670.000,18.000,-7.000,24.000,0.000,0.000,0
2026-01-31 12:49:05,4651374,542.000,6934.000,4706.000,13.000,-20.000,46.000,0.000,0.000,0
2026-01-31 12:49:05,4651414,554.000,6819.000,4651.000,9.000,14.000,35.000,0.000,0.000,0
2026-01-31 12:49:05,4651454,513.000,6878.000,4628.000,46.000,17.000,34.000,0.000,0.000,0
2026-01-31 12:49:05,4651494,556.000,6870.000,4613.000,-8.000,-9.000,40.000,0.000,0.000,0
2026-01-31 12:49:05,4651534,592.000,6728.000,4594.000,-11.000,7.000,29.000,0.000,0.000,0
2026-01-31 12:49:05,4651574,546.000,6812.000,4546.000,35.000,6.000,15.000,0.000,0.000,0
2026-01-31 12:49:05,4651617,611.000,6748.000,4618.000,-50.000,1.000,10.000,0.000,0.000,0
2026-01-31 12:49:05,4651656,588.000,6784.000,4625.000,-9.000,11.000,-3.000,0.000,0.000,0
2026-01-31 12:49:05,4651694,541.000,6831.000,4576.000,7.000,24.000,0.000,0.000,0.000,0
2026-01-31 12:49:05,4651734,546.000,6880.000,4608.000,-31.000,12.000,4.000,0.000,0.000,0
2026-01-31 12:49:05,4651774,561.000,6722.000,4607.000,-62.000,21.000,-7.000,0.000,0.000,0
2026-01-31 12:49:05,4651814,506.000,6816.000,4595.000,21.000,28.000,-30.000,0.000,0.000,0
2026-01-31 12:49:05,4651854,523.000,6929.000,4644.000,-54.000,-7.000,-9.000,0.000,0.000,0
2026-01-31 12:49:05,4651894,548.000,6803.000,4674.000,-56.000,16.000,-21.000,0.000,0.000,0
2026-01-31 12:49:05,4651934,464.000,7001.000,4724.000,6.000,24.000,-33.000,0.000,0.000,0
2026-01-31 12:49:05,4651974,507.000,6896.000,4738.000,-79.000,14.000,-2.000,0.000,0.000,0
2026-01-31 12:49:05,4652014,497.000,6913.000,4711.000,17.000,34.000,-19.000,0.000,0.000,0
2026-01-31 12:49:06,4652054,466.000,6957.000,4691.000,-5.000,22.000,-13.000,0.000,0.000,0
2026-01-31 12:49:06,4652094,467.000,6861.000,4710.000,-54.000,9.000,-5.000,0.000,0.000,0
2026-01-31 12:49:06,4652134,475.000,6878.000,4707.000,-11.000,12.000,-11.000,0.000,0.000,0
2026-01-31 12:49:06,4652174,410.000,6806.000,4677.000,-14.000,28.000,-18.000,0.000,0.000,0
2026-01-31 12:49:06,4652214,415.000,6811.000,4663.000,-18.000,13.000,9.000,0.000,0.000,0
2026-01-31 12:49:06,4652254,450.000,6843.000,4693.000,-18.000,-3.000,14.000,0.000,0.000,0
2026-01-31 12:49:06,4652294,496.000,6866.000,4681.000,13.000,7.000,16.000,0.000,0.000,0
2026-01-31 12:49:06,4652334,449.000,6903.000,4659.000,-7.000,15.000,15.000,0.000,0.000,0
2026-01-31 12:49:06,4652374,431.000,6796.000,4672.000,-26.000,14.000,6.000,0.000,0.000,0
2026-01-31 12:49:06,4652414,444.000,6766.000,4641.000,-1.000,16.000,3.000,0.000,0.000,0
2026-01-31 12:49:06,4652454,426.000,6900.000,4672.000,17.000,-10.000,4.000,0.000,0.000,0
2026-01-31 12:49:06,4652494,478.000,6941.000,4735.000,-30.000,-14.000,20.000,0.000,0.000,0
2026-01-31 12:49:06,4652534,535.000,6843.000,4708.000,1.000,14.000,19.000,0.000,0.000,0
2026-01-31 12:49:06,4652574,489.000,6955.000,4701.000,34.000,11.000,30.000,0.000,0.000,0
2026-01-31 12:49:06,4652614,516.000,6934.000,4721.000,-41.000,-14.000,50.000,0.000,0.000,0
2026-01-31 12:49:06,4652654,591.000,6859.000,4724.000,-21.000,-5.000,52.000,0.000,0.000,0
2026-01-31 12:49:06,4652694,543.000,6879.000,4632.000,19.000,2.000,33.000,0.000,0.000,0
2026-01-31 12:49:06,4652734,522.000,6920.000,4680.000,-32.000,-20.000,46.000,0.000,0.000,0
2026-01-31 12:49:06,4652774,560.000,6826.000,4676.000,-22.000,-13.000,28.000,0.000,0.000,0
2026-01-31 12:49:06,4652814,555.000,6915.000,4666.000,44.000,3.000,22.000,0.000,0.000,0
2026-01-31 12:49:06,4652854,557.000,6912.000,4654.000,-5.000,-4.000,26.000,0.000,0.000,0
2026-01-31 12:49:06,4652894,600.000,6799.000,4647.000,-51.000,-6.000,30.000,0.000,0.000,0
2026-01-31 12:49:06,4652934,597.000,6806.000,4602.000,40.000,18.000,6.000,0.000,0.000,0
2026-01-31 12:49:06,4652974,591.000,6875.000,4589.000,-9.000,5.000,9.000,0.000,0.000,0
2026-01-31 12:49:06,4653014,581.000,6774.000,4624.000,-60.000,6.000,-1.000,0.000,0.000,0
2026-01-31 12:49:07,4653054,560.000,6842.000,4646.000,-19.000,7.000,-3.000,0.000,0.000,0
2026-01-31 12:49:07,4653094,550.000,6875.000,4661.000,-54.000,5.000,-4.000,0.000,0.000,0
2026-01-31 12:49:07,4653134,529.000,6828.000,4662.000,-49.000,11.000,-7.000,0.000,0.000,0
2026-01-31 12:49:07,4653174,481.000,6861.000,4675.000,-33.000,-1.000,-15.000,0.000,0.000,0
2026-01-31 12:49:07,4653214,508.000,6835.000,4686.000,-65.000,-2.000,-1.000,0.000,0.000,0
2026-01-31 12:49:07,4653254,488.000,6784.000,4713.000,-67.000,3.000,-14.000,0.000,0.000,0
2026-01-31 12:49:07,4653294,466.000,6879.000,4728.000,-36.000,2.000,-6.000,0.000,0.000,0
2026-01-31 12:49:07,4653334,465.000,6824.000,4713.000,-49.000,9.000,-6.000,0.000,0.000,0
2026-01-31 12:49:07,4653374,440.000,6803.000,4757.000,-71.000,8.000,-9.000,0.000,0.000,0
2026-01-31 12:49:07,4653414,475.000,6872.000,4754.000,-28.000,2.000,7.000,0.000,0.000,0
2026-01-31 12:49:07,4653454,481.000,6795.000,4751.000,-12.000,15.000,1.000,0.000,0.000,0
2026-01-31 12:49:07,4653494,480.000,6868.000,4734.000,-31.000,-1.000,9.000,0.000,0.000,0
2026-01-31 12:49:07,4653534,456.000,6787.000,4711.000,-5.000,17.000,-5.000,0.000,0.000,0
2026-01-31 12:49:07,4653574,446.000,6898.000,4740.000,2.000,-9.000,17.000,0.000,0.000,0
2026-01-31 12:49:07,4653616,495.000,6882.000,4736.000,-7.000,-7.000,16.000,0.000,0.000,0
2026-01-31 12:49:07,4653654,500.000,6894.000,4722.000,37.000,16.000,11.000,0.000,0.000,0
2026-01-31 12:49:07,4653694,477.000,6984.000,4737.000,-17.000,-1.000,19.000,0.000,0.000,0
2026-01-31 12:49:07,4653734,487.000,6759.000,4706.000,-51.000,4.000,19.000,0.000,0.000,0
2026-01-31 12:49:07,4653774,480.000,6835.000,4704.000,31.000,7.000,8.000,0.000,0.000,0
2026-01-31 12:49:07,4653814,548.000,6954.000,4706.000,16.000,-10.000,33.000,0.000,0.000,0
2026-01-31 12:49:07,4653854,559.000,6801.000,4672.000,4.000,14.000,7.000,0.000,0.000,0
2026-01-31 12:49:07,4653894,516.000,6902.000,4698.000,2.000,3.000,20.000,0.000,0.000,0
2026-01-31 12:49:07,4653934,556.000,6785.000,4708.000,-57.000,4.000,16.000,0.000,0.000,0
2026-01-31 12:49:07,4653974,564.000,6861.000,4719.000,18.000,0.000,5.000,0.000,0.000,0
2026-01-31 12:49:07,4654014,608.000,6943.000,4671.000,25.000,-11.000,38.000,0.000,0.000,0
2026-01-31 12:49:08,4654054,602.000,6786.000,4628.000,3.000,14.000,24.000,0.000,0.000,0
2026-01-31 12:49:08,4654094,574.000,6897.000,4676.000,4.000,6.000,3.000,0.000,0.000,0
2026-01-31 12:49:08,4654134,571.000,6862.000,4706.000,-59.000,-5.000,-1.000,0.000,0.000,0
2026-01-31 12:49:08,4654174,564.000,6824.000,4709.000,-16.000,8.000,-4.000,0.000,0.000,0
2026-01-31 12:49:08,4654214,539.000,6985.000,4699.000,32.000,1.000,5.000,0.000,0.000,0
2026-01-31 12:49:08,4654254,540.000,6785.000,4648.000,-30.000,17.000,-12.000,0.000,0.000,0
2026-01-31 12:49:08,4654294,516.000,6820.000,4680.000,-3.000,10.000,-15.000,0.000,0.000,0
2026-01-31 12:49:08,4654334,524.000,6883.000,4707.000,-11.000,13.000,-16.000,0.000,0.000,0
2026-01-31 12:49:08,4654374,531.000,6786.000,4690.000,-16.000,21.000,-8.000,0.000,0.000,0
2026-01-31 12:49:08,4654414,509.000,6886.000,4692.000,4.000,9.000,8.000,0.000,0.000,0
2026-01-31 12:49:08,4654454,512.000,6767.000,4653.000,-16.000,15.000,0.000,0.000,0.000,0
2026-01-31 12:49:08,4654494,532.000,6870.000,4688.000,7.000,-3.000,11.000,0.000,0.000,0
2026-01-31 12:49:08,4654534,518.000,6864.000,4685.000,-9.000,6.000,1.000,0.000,0.000,0
2026-01-31 12:49:08,4654574,489.000,6761.000,4654.000,-20.000,22.000,16.000,0.000,0.000,0
2026-01-31 12:49:08,4654614,445.000,6913.000,4719.000,-15.000,6.000,-8.000,0.000,0.000,0
2026-01-31 12:49:08,4654654,460.000,6802.000,4718.000,-39.000,16.000,-16.000,0.000,0.000,0
2026-01-31 12:49:08,4654694,482.000,6972.000,4751.000,18.000,-10.000,8.000,0.000,0.000,0
2026-01-31 12:49:08,4654734,551.000,6953.000,4725.000,-8.000,15.000,25.000,0.000,0.000,0
2026-01-31 12:49:08,4654774,548.000,6872.000,4695.000,2.000,29.000,7.000,0.000,0.000,0
2026-01-31 12:49:08,4654814,512.000,7021.000,4747.000,5.000,12.000,12.000,0.000,0.000,0
2026-01-31 12:49:08,4654854,536.000,6853.000,4700.000,-45.000,25.000,9.000,0.000,0.000,0
2026-01-31 12:49:08,4654894,491.000,6850.000,4679.000,10.000,30.000,-3.000,0.000,0.000,0
2026-01-31 12:49:08,4654934,521.000,6969.000,4670.000,0.000,4.000,14.000,0.000,0.000,0
2026-01-31 12:49:08,4654974,545.000,6817.000,4660.000,-53.000,14.000,3.000,0.000,0.000,0
2026-01-31 12:49:08,4655014,525.000,6894.000,4644.000,2.000,21.000,1.000,0.000,0.000,0
2026-01-31 12:49:09,4655054,486.000,6753.000,4606.000,-41.000,36.000,-13.000,0.000,0.000,0
2026-01-31 12:49:09,4655094,474.000,6835.000,4658.000,-46.000,9.000,-13.000,0.000,0.000,0
2026-01-31 12:49:09,4655134,461.000,6761.000,4674.000,-70.000,12.000,-16.000,0.000,0.000,0
2026-01-31 12:49:09,4655174,461.000,6782.000,4674.000,-8.000,17.000,-6.000,0.000,0.000,0
2026-01-31 12:49:09,4655214,472.000,6874.000,4656.000,-21.000,13.000,-2.000,0.000,0.000,0
2026-01-31 12:49:09,4655254,478.000,6811.000,4674.000,-38.000,19.000,-9.000,0.000,0.000,0
2026-01-31 12:49:09,4655294,477.000,6867.000,4703.000,-4.000,9.000,2.000,0.000,0.000,0
2026-01-31 12:49:09,4655334,479.000,6828.000,4700.000,-35.000,18.000,-2.000,0.000,0.000,0
2026-01-31 12:49:09,4655374,470.000,6964.000,4738.000,9.000,9.000,23.000,0.000,0.000,0
2026-01-31 12:49:09,4655414,489.000,6906.000,4715.000,-47.000,1.000,19.000,0.000,0.000,0
2026-01-31 12:49:09,4655457,436.000,6866.000,4679.000,33.000,22.000,13.000,0.000,0.000,0
2026-01-31 12:49:09,4655497,413.000,6846.000,4671.000,-27.000,9.000,2.000,0.000,0.000,0
2026-01-31 12:49:09,4655534,406.000,6778.000,4695.000,-41.000,1.000,-8.000,0.000,0.000,0
2026-01-31 12:49:09,4655574,446.000,6868.000,4732.000,-1.000,-7.000,23.000,0.000,0.000,0
2026-01-31 12:49:09,4655619,464.000,6872.000,4663.000,18.000,6.000,20.000,0.000,0.000,0
2026-01-31 12:49:09,4655654,459.000,6851.000,4659.000,17.000,7.000,28.000,0.000,0.000,0
2026-01-31 12:49:09,4655694,509.000,6975.000,4697.000,44.000,-11.000,35.000,0.000,0.000,0
2026-01-31 12:49:09,4655734,530.000,6898.000,4720.000,-16.000,-3.000,26.000,0.000,0.000,0
2026-01-31 12:49:09,4655774,564.000,6923.000,4677.000,27.000,9.000,53.000,0.000,0.000,0
2026-01-31 12:49:09,4655814,529.000,6932.000,4659.000,-9.000,-4.000,23.000,0.000,0.000,0
2026-01-31 12:49:09,4655854,570.000,6923.000,4711.000,-49.000,-30.000,41.000,0.000,0.000,0
2026-01-31 12:49:09,4655894,618.000,6931.000,4705.000,-10.000,-14.000,34.000,0.000,0.000,0
2026-01-31 12:49:09,4655934,610.000,6944.000,4645.000,12.000,9.000,21.000,0.000,0.000,0
2026-01-31 12:49:09,4655974,579.000,6954.000,4628.000,-48.000,17.000,10.000,0.000,0.000,0
2026-01-31 12:49:09,4656014,550.000,6791.000,4633.000,-86.000,12.000,-12.000,0.000,0.000,0
2026-01-31 12:49:10,4656054,567.000,6771.000,4632.000,-13.000,13.000,-4.000,0.000,0.000,0
2026-01-31 12:49:10,4656094,587.000,6850.000,4629.000,-20.000,1.000,-7.000,0.000,0.000,0
2026-01-31 12:49:10,4656134,631.000,6804.000,4622.000,-39.000,1.000,-7.000,0.000,0.000,0
2026-01-31 12:49:10,4656174,552.000,6786.000,4622.000,-37.000,20.000,-42.000,0.000,0.000,0
2026-01-31 12:49:10,4656214,509.000,6707.000,4646.000,-58.000,29.000,-40.000,0.000,0.000,0
2026-01-31 12:49:10,4656254,491.000,6783.000,4667.000,-47.000,22.000,-36.000,0.000,0.000,0
2026-01-31 12:49:10,4656294,477.000,6695.000,4658.000,-76.000,18.000,-32.000,0.000,0.000,0
2026-01-31 12:49:10,4656334,495.000,6786.000,4661.000,-4.000,26.000,-22.000,0.000,0.000,0
2026-01-31 12:49:10,4656374,466.000,6835.000,4667.000,-30.000,27.000,-40.000,0.000,0.000,0
2026-01-31 12:49:10,4656414,411.000,6866.000,4743.000,-50.000,19.000,-54.000,0.000,0.000,0
2026-01-31 12:49:10,4656454,406.000,6757.000,4719.000,-35.000,47.000,-48.000,0.000,0.000,0
2026-01-31 12:49:10,4656494,337.000,6794.000,4696.000,35.000,40.000,-41.000,0.000,0.000,0
2026-01-31 12:49:10,4656534,393.000,6877.000,4730.000,-20.000,20.000,-8.000,0.000,0.000,0
2026-01-31 12:49:10,4656574,387.000,6865.000,4748.000,13.000,16.000,-18.000,0.000,0.000,0
2026-01-31 12:49:10,4656614,385.000,6929.000,4724.000,36.000,19.000,-2.000,0.000,0.000,0
2026-01-31 12:49:10,4656654,378.000,6855.000,4720.000,-6.000,17.000,17.000,0.000,0.000,0
2026-01-31 12:49:10,4656694,416.000,6907.000,4736.000,0.000,2.000,34.000,0.000,0.000,0
2026-01-31 12:49:10,4656734,423.000,6925.000,4727.000,19.000,4.000,22.000,0.000,0.000,0
2026-01-31 12:49:10,4656774,431.000,6898.000,4690.000,13.000,3.000,32.000,0.000,0.000,0
2026-01-31 12:49:10,4656814,448.000,6933.000,4723.000,-17.000,-8.000,33.000,0.000,0.000,0
2026-01-31 12:49:10,4656854,489.000,6956.000,4726.000,-2.000,-4.000,41.000,0.000,0.000,0
2026-01-31 12:49:10,4656894,497.000,6820.000,4641.000,-1.000,9.000,36.000,0.000,0.000,0
2026-01-31 12:49:10,4656934,498.000,6952.000,4664.000,12.000,-7.000,35.000,0.000,0.000,0
2026-01-31 12:49:10,4656974,561.000,6868.000,4640.000,9.000,-11.000,37.000,0.000,0.000,0
2026-01-31 12:49:10,4657014,579.000,6905.000,4633.000,45.000,-11.000,36.000,0.000,0.000,0
2026-01-31 12:49:11,4657054,534.000,6918.000,4612.000,9.000,6.000,17.000,0.000,0.000,0
2026-01-31 12:49:11,4657094,500.000,6813.000,4591.000,-10.000,15.000,8.000,0.000,0.000,0
2026-01-31 12:49:11,4657134,492.000,6850.000,4612.000,-22.000,-6.000,2.000,0.000,0.000,0
2026-01-31 12:49:11,4657174,528.000,6792.000,4611.000,-48.000,-12.000,9.000,0.000,0.000,0
2026-01-31 12:49:11,4657214,555.000,6783.000,4567.000,10.000,18.000,2.000,0.000,0.000,0
2026-01-31 12:49:11,4657254,478.000,6796.000,4560.000,-49.000,18.000,-14.000,0.000,0.000,0
2026-01-31 12:49:11,4657294,490.000,6809.000,4619.000,-28.000,1.000,-7.000,0.000,0.000,0
2026-01-31 12:49:11,4657334,509.000,6753.000,4605.000,-53.000,10.000,-13.000,0.000,0.000,0
2026-01-31 12:49:11,4657374,461.000,6814.000,4614.000,-13.000,4.000,-14.000,0.000,0.000,0
2026-01-31 12:49:11,4657414,441.000,6824.000,4611.000,-41.000,-6.000,-2.000,0.000,0.000,0
2026-01-31 12:49:11,4657457,430.000,6783.000,4682.000,-74.000,-4.000,-31.000,0.000,0.000,0
2026-01-31 12:49:11,4657496,410.000,6846.000,4712.000,-40.000,-7.000,-13.000,0.000,0.000,0
2026-01-31 12:49:11,4657534,414.000,6900.000,4720.000,-30.000,-12.000,0.000,0.000,0.000,0
2026-01-31 12:49:11,4657574,426.000,6831.000,4697.000,-51.000,1.000,6.000,0.000,0.000,0
2026-01-31 12:49:11,4657617,412.000,6881.000,4690.000,-5.000,-4.000,2.000,0.000,0.000,0
2026-01-31 12:49:11,4657654,424.000,6949.000,4720.000,8.000,-7.000,2.000,0.000,0.000,0
2026-01-31 12:49:11,4657694,488.000,6939.000,4693.000,16.000,-6.000,22.000,0.000,0.000,0
2026-01-31 12:49:11,4657734,457.000,6900.000,4653.000,14.000,8.000,14.000,0.000,0.000,0
2026-01-31 12:49:11,4657774,427.000,6901.000,4656.000,1.000,-2.000,24.000,0.000,0.000,0
2026-01-31 12:49:11,4657814,444.000,6823.000,4658.000,-14.000,-12.000,5.000,0.000,0.000,0
2026-01-31 12:49:11,4657854,442.000,6779.000,4641.000,-1.000,-16.000,7.000,0.000,0.000,0
2026-01-31 12:49:11,4657894,460.000,6893.000,4639.000,18.000,-20.000,21.000,0.000,0.000,0
2026-01-31 12:49:11,4657934,489.000,6848.000,4658.000,-66.000,-17.000,19.000,0.000,0.000,0
2026-01-31 12:49:11,4657974,467.000,6811.000,4664.000,-23.000,3.000,9.000,0.000,0.000,0
2026-01-31 12:49:11,4658014,491.000,6771.000,4597.000,1.000,9.000,31.000,0.000,0.000,0
2026-01-31 12:49:12,4658054,583.000,6924.000,4624.000,9.000,-2.000,32.000,0.000,0.000,0
2026-01-31 12:49:12,4658094,553.000,6878.000,4632.000,-8.000,8.000,14.000,0.000,0.000,0
2026-01-31 12:49:12,4658134,507.000,6878.000,4643.000,15.000,10.000,8.000,0.000,0.000,0
2026-01-31 12:49:12,4658174,508.000,6864.000,4621.000,1.000,9.000,5.000,0.000,0.000,0
2026-01-31 12:49:12,4658214,478.000,6810.000,4591.000,33.000,22.000,-16.000,0.000,0.000,0
2026-01-31 12:49:12,4658254,469.000,6880.000,4598.000,41.000,13.000,6.000,0.000,0.000,0
2026-01-31 12:49:12,4658294,509.000,6934.000,4622.000,-4.000,2.000,-3.000,0.000,0.000,0
2026-01-31 12:49:12,4658334,493.000,6783.000,4592.000,-3.000,40.000,-24.000,0.000,0.000,0
2026-01-31 12:49:12,4658374,411.000,6743.000,4531.000,23.000,53.000,-26.000,0.000,0.000,0
2026-01-31 12:49:12,4658414,417.000,6899.000,4614.000,-29.000,6.000,-7.000,0.000,0.000,0
2026-01-31 12:49:12,4658454,453.000,6730.000,4602.000,-18.000,30.000,-36.000,0.000,0.000,0
2026-01-31 12:49:12,4658494,417.000,6909.000,4603.000,15.000,17.000,-11.000,0.000,0.000,0
2026-01-31 12:49:12,4658534,440.000,6844.000,4611.000,-48.000,11.000,10.000,0.000,0.000,0
2026-01-31 12:49:12,4658574,449.000,6878.000,4677.000,-40.000,7.000,-1.000,0.000,0.000,0
2026-01-31 12:49:12,4658614,431.000,6907.000,4690.000,-15.000,16.000,-5.000,0.000,0.000,0
2026-01-31 12:49:12,4658654,431.000,6908.000,4676.000,-3.000,17.000,8.000,0.000,0.000,0
2026-01-31 12:49:12,4658694,459.000,6965.000,4700.000,-2.000,1.000,21.000,0.000,0.000,0
2026-01-31 12:49:12,4658734,484.000,6890.000,4641.000,4.000,32.000,11.000,0.000,0.000,0
2026-01-31 12:49:12,4658774,447.000,6974.000,4636.000,15.000,28.000,7.000,0.000,0.000,0
2026-01-31 12:49:12,4658814,437.000,6890.000,4625.000,-7.000,26.000,-10.000,0.000,0.000,0
2026-01-31 12:49:12,4658854,453.000,6821.000,4559.000,37.000,41.000,-7.000,0.000,0.000,0
2026-01-31 12:49:12,4658894,427.000,6915.000,4564.000,21.000,15.000,9.000,0.000,0.000,0
2026-01-31 12:49:12,4658934,462.000,6883.000,4588.000,3.000,11.000,5.000,0.000,0.000,0
2026-01-31 12:49:12,4658974,455.000,6857.000,4581.000,10.000,25.000,-28.000,0.000,0.000,0
2026-01-31 12:49:12,4659014,404.000,6799.000,4545.000,12.000,39.000,-7.000,0.000,0.000,0
2026-01-31 12:49:13,4659054,410.000,6917.000,4578.000,-2.000,3.000,18.000,0.000,0.000,0
2026-01-31 12:49:13,4659094,486.000,6846.000,4604.000,-38.000,-1.000,19.000,0.000,0.000,0
2026-01-31 12:49:13,4659134,485.000,6905.000,4621.000,31.000,10.000,9.000,0.000,0.000,0
2026-01-31 12:49:13,4659174,461.000,6818.000,4581.000,-42.000,17.000,16.000,0.000,0.000,0
2026-01-31 12:49:13,4659214,442.000,6818.000,4619.000,-61.000,-3.000,9.000,0.000,0.000,0
2026-01-31 12:49:13,4659254,458.000,6802.000,4611.000,-28.000,2.000,6.000,0.000,0.000,0
2026-01-31 12:49:13,4659294,471.000,6850.000,4602.000,1.000,6.000,14.000,0.000,0.000,0
2026-01-31 12:49:13,4659334,480.000,6884.000,4619.000,-18.000,11.000,15.000,0.000,0.000,0
2026-01-31 12:49:13,4659374,428.000,6777.000,4567.000,-5.000,40.000,-4.000,0.000,0.000,0
2026-01-31 12:49:13,4659414,371.000,6853.000,4557.000,20.000,32.000,-8.000,0.000,0.000,0
2026-01-31 12:49:13,4659457,457.000,6977.000,4610.000,21.000,5.000,7.000,0.000,0.000,0
2026-01-31 12:49:13,4659497,464.000,6951.000,4576.000,64.000,16.000,-13.000,0.000,0.000,0
2026-01-31 12:49:13,4659534,454.000,6962.000,4574.000,78.000,21.000,-7.000,0.000,0.000,0
2026-01-31 12:49:13,4659574,385.000,6898.000,4598.000,-3.000,17.000,-20.000,0.000,0.000,0
2026-01-31 12:49:13,4659614,357.000,6850.000,4646.000,-54.000,7.000,-37.000,0.000,0.000,0
2026-01-31 12:49:13,4659654,433.000,6995.000,4648.000,16.000,-3.000,6.000,0.000,0.000,0
2026-01-31 12:49:13,4659694,482.000,6973.000,4590.000,-8.000,-2.000,9.000,0.000,0.000,0
2026-01-31 12:49:13,4659734,413.000,6897.000,4608.000,-63.000,8.000,-11.000,0.000,0.000,0
2026-01-31 12:49:13,4659774,395.000,6935.000,4653.000,-71.000,-9.000,3.000,0.000,0.000,0
2026-01-31 12:49:13,4659814,401.000,6828.000,4657.000,-60.000,3.000,-15.000,0.000,0.000,0
2026-01-31 12:49:13,4659854,406.000,7008.000,4678.000,13.000,-13.000,16.000,0.000,0.000,0
2026-01-31 12:49:13,4659894,478.000,6933.000,4593.000,-2.000,0.000,34.000,0.000,0.000,0
2026-01-31 12:49:13,4659934,459.000,6905.000,4575.000,31.000,8.000,4.000,0.000,0.000,0
2026-01-31 12:49:13,4659974,442.000,6842.000,4563.000,-5.000,11.000,2.000,0.000,0.000,0
2026-01-31 12:49:13,4660014,442.000,6861.000,4538.000,63.000,13.000,19.000,0.000,0.000,0
2026-01-31 12:49:14,4660054,464.000,6976.000,4524.000,42.000,-2.000,26.000,0.000,0.000,0
2026-01-31 12:49:14,4660094,436.000,6604.000,4421.000,-16.000,42.000,-2.000,0.000,0.000,0
2026-01-31 12:49:14,4660134,369.000,6773.000,4443.000,24.000,9.000,-12.000,0.000,0.000,0
2026-01-31 12:49:14,4660174,377.000,6809.000,4505.000,-37.000,-25.000,-9.000,0.000,0.000,0
2026-01-31 12:49:14,4660214,451.000,6673.000,4522.000,-28.000,1.000,-4.000,0.000,0.000,0
2026-01-31 12:49:14,4660254,432.000,6913.000,4530.000,24.000,4.000,3.000,0.000,0.000,0
2026-01-31 12:49:14,4660294,426.000,6948.000,4579.000,-41.000,-4.000,22.000,0.000,0.000,0
2026-01-31 12:49:14,4660334,416.000,6919.000,4618.000,-56.000,23.000,-14.000,0.000,0.000,0
2026-01-31 12:49:14,4660374,406.000,7089.000,4663.000,2.000,4.000,11.000,0.000,0.000,0
2026-01-31 12:49:14,4660414,434.000,7085.000,4674.000,-4.000,8.000,9.000,0.000,0.000,0
2026-01-31 12:49:14,4660454,425.000,7040.000,4668.000,-34.000,18.000,4.000,0.000,0.000,0
2026-01-31 12:49:14,4660494,350.000,6944.000,4624.000,1.000,33.000,-21.000,0.000,0.000,0
2026-01-31 12:49:14,4660534,406.000,6935.000,4591.000,-15.000,20.000,-8.000,0.000,0.000,0
2026-01-31 12:49:14,4660574,370.000,6874.000,4594.000,-29.000,19.000,-36.000,0.000,0.000,0
2026-01-31 12:49:14,4660614,363.000,6846.000,4576.000,-6.000,22.000,-5.000,0.000,0.000,0
2026-01-31 12:49:14,4660654,389.000,6902.000,4560.000,5.000,24.000,1.000,0.000,0.000,0
2026-01-31 12:49:14,4660694,383.000,6761.000,4516.000,-45.000,40.000,-15.000,0.000,0.000,0
2026-01-31 12:49:14,4660734,330.000,6842.000,4511.000,10.000,16.000,5.000,0.000,0.000,0
2026-01-31 12:49:14,4660774,393.000,6911.000,4559.000,-30.000,-11.000,12.000,0.000,0.000,0
2026-01-31 12:49:14,4660814,454.000,6864.000,4565.000,-4.000,15.000,-2.000,0.000,0.000,0
2026-01-31 12:49:14,4660854,398.000,6813.000,4517.000,9.000,26.000,7.000,0.000,0.000,0
2026-01-31 12:49:14,4660894,398.000,6870.000,4533.000,-15.000,1.000,36.000,0.000,0.000,0
2026-01-31 12:49:14,4660934,451.000,6931.000,4629.000,-41.000,-29.000,2.000,0.000,0.000,0
2026-01-31 12:49:14,4660974,440.000,6866.000,4634.000,-19.000,-1.000,-1.000,0.000,0.000,0
2026-01-31 12:49:14,4661014,404.000,6934.000,4600.000,-21.000,-5.000,30.000,0.000,0.000,0
2026-01-31 12:49:15,4661054,355.000,6830.000,4566.000,-62.000,-1.000,25.000,0.000,0.000,0
2026-01-31 12:49:15,4661094,321.000,6995.000,4650.000,-30.000,-13.000,-2.000,0.000,0.000,0
2026-01-31 12:49:15,4661134,357.000,6966.000,4645.000,-18.000,-8.000,3.000,0.000,0.000,0
2026-01-31 12:49:15,4661174,338.000,6910.000,4599.000,52.000,15.000,10.000,0.000,0.000,0
2026-01-31 12:49:15,4661214,324.000,6972.000,4560.000,43.000,1.000,25.000,0.000,0.000,0
2026-01-31 12:49:15,4661254,378.000,6876.000,4583.000,3.000,-5.000,39.000,0.000,0.000,0
2026-01-31 12:49:15,4661294,430.000,6983.000,4631.000,43.000,-17.000,31.000,0.000,0.000,0
2026-01-31 12:49:15,4661334,430.000,6984.000,4581.000,54.000,-3.000,32.000,0.000,0.000,0
2026-01-31 12:49:15,4661374,441.000,6914.000,4495.000,46.000,13.000,45.000,0.000,0.000,0
2026-01-31 12:49:15,4661414,433.000,6882.000,4484.000,-4.000,-8.000,38.000,0.000,0.000,0
2026-01-31 12:49:15,4661454,438.000,6843.000,4534.000,-23.000,-23.000,50.000,0.000,0.000,0
2026-01-31 12:49:15,4661494,530.000,6919.000,4497.000,30.000,-12.000,42.000,0.000,0.000,0
2026-01-31 12:49:15,4661534,537.000,6914.000,4466.000,14.000,-1.000,31.000,0.000,0.000,0
2026-01-31 12:49:15,4661574,539.000,6890.000,4457.000,-25.000,-7.000,37.000,0.000,0.000,0
2026-01-31 12:49:15,4661617,544.000,6817.000,4448.000,-2.000,12.000,23.000,0.000,0.000,0
2026-01-31 12:49:15,4661654,561.000,6932.000,4453.000,28.000,7.000,13.000,0.000,0.000,0
2026-01-31 12:49:15,4661694,601.000,6999.000,4438.000,7.000,3.000,-8.000,0.000,0.000,0
2026-01-31 12:49:15,4661734,553.000,6775.000,4383.000,-43.000,44.000,-33.000,0.000,0.000,0
2026-01-31 12:49:15,4661774,416.000,6711.000,4361.000,-6.000,50.000,-39.000,0.000,0.000,0
2026-01-31 12:49:15,4661814,428.000,6941.000,4457.000,-43.000,1.000,-17.000,0.000,0.000,0
2026-01-31 12:49:15,4661854,488.000,6828.000,4495.000,-69.000,19.000,-64.000,0.000,0.000,0
2026-01-31 12:49:15,4661894,299.000,6913.000,4484.000,5.000,65.000,-69.000,0.000,0.000,0
2026-01-31 12:49:15,4661934,262.000,6904.000,4554.000,-91.000,32.000,-50.000,0.000,0.000,0
2026-01-31 12:49:15,4661974,329.000,6920.000,4676.000,-82.000,16.000,-57.000,0.000,0.000,0
2026-01-31 12:49:15,4662014,324.000,7079.000,4713.000,29.000,31.000,-58.000,0.000,0.000,0
2026-01-31 12:49:16,4662054,311.000,7066.000,4661.000,12.000,44.000,-27.000,0.000,0.000,0
2026-01-31 12:49:16,4662094,305.000,6998.000,4638.000,-39.000,28.000,-1.000,0.000,0.000,0
2026-01-31 12:49:16,4662134,229.000,6884.000,4660.000,-62.000,26.000,-25.000,0.000,0.000,0
2026-01-31 12:49:16,4662174,279.000,6999.000,4716.000,-24.000,0.000,14.000,0.000,0.000,0
2026-01-31 12:49:16,4662214,363.000,6992.000,4658.000,6.000,26.000,34.000,0.000,0.000,0
2026-01-31 12:49:16,4662254,225.000,7029.000,4574.000,41.000,13.000,22.000,0.000,0.000,0
2026-01-31 12:49:16,4662294,290.000,6823.000,4551.000,-16.000,6.000,49.000,0.000,0.000,0
2026-01-31 12:49:16,4662334,318.000,6817.000,4553.000,44.000,5.000,19.000,0.000,0.000,0
2026-01-31 12:49:16,4662374,339.000,7064.000,4586.000,109.000,-6.000,41.000,0.000,0.000,0
2026-01-31 12:49:16,4662414,447.000,7046.000,4543.000,38.000,-10.000,67.000,0.000,0.000,0
2026-01-31 12:49:16,4662454,412.000,6675.000,4412.000,29.000,51.000,27.000,0.000,0.000,0
2026-01-31 12:49:16,4662494,374.000,6884.000,4412.000,67.000,1.000,47.000,0.000,0.000,0
2026-01-31 12:49:16,4662534,484.000,6862.000,4457.000,-28.000,-39.000,49.000,0.000,0.000,0
2026-01-31 12:49:16,4662574,565.000,6812.000,4480.000,20.000,-15.000,21.000,0.000,0.000,0
2026-01-31 12:49:16,4662614,503.000,6903.000,4388.000,33.000,5.000,28.000,0.000,0.000,0
2026-01-31 12:49:16,4662654,405.000,6759.000,4385.000,-72.000,5.000,24.000,0.000,0.000,0
2026-01-31 12:49:16,4662694,392.000,6898.000,4515.000,-50.000,-21.000,-18.000,0.000,0.000,0
2026-01-31 12:49:16,4662734,456.000,6896.000,4532.000,-15.000,-6.000,-9.000,0.000,0.000,0
2026-01-31 12:49:16,4662774,483.000,6961.000,4486.000,38.000,12.000,4.000,0.000,0.000,0
2026-01-31 12:49:16,4662814,418.000,6968.000,4459.000,9.000,21.000,-6.000,0.000,0.000,0
2026-01-31 12:49:16,4662854,432.000,6955.000,4523.000,-56.000,-3.000,-8.000,0.000,0.000,0
2026-01-31 12:49:16,4662894,451.000,6952.000,4572.000,-6.000,11.000,-27.000,0.000,0.000,0
2026-01-31 12:49:16,4662934,389.000,7008.000,4514.000,60.000,37.000,-31.000,0.000,0.000,0
2026-01-31 12:49:16,4662974,355.000,7094.000,4512.000,-17.000,4.000,-4.000,0.000,0.000,0
2026-01-31 12:49:16,4663014,342.000,6920.000,4554.000,-20.000,18.000,-29.000,0.000,0.000,0
2026-01-31 12:49:17,4663054,326.000,7032.000,4553.000,33.000,17.000,-34.000,0.000,0.000,0
2026-01-31 12:49:17,4663094,340.000,7050.000,4554.000,15.000,7.000,-10.000,0.000,0.000,0
2026-01-31 12:49:17,4663134,403.000,7002.000,4561.000,-5.000,2.000,-3.000,0.000,0.000,0
2026-01-31 12:49:17,4663174,383.000,6949.000,4561.000,-13.000,11.000,-6.000,0.000,0.000,0
2026-01-31 12:49:17,4663214,370.000,6794.000,4475.000,-2.000,32.000,13.000,0.000,0.000,0
2026-01-31 12:49:17,4663254,321.000,6947.000,4486.000,24.000,12.000,-9.000,0.000,0.000,0
2026-01-31 12:49:17,4663294,371.000,6921.000,4508.000,-3.000,5.000,-16.000,0.000,0.000,0
2026-01-31 12:49:17,4663334,412.000,6756.000,4421.000,-1.000,34.000,-9.000,0.000,0.000,0
2026-01-31 12:49:17,4663374,326.000,6681.000,4311.000,0.000,53.000,6.000,0.000,0.000,0
2026-01-31 12:49:17,4663414,326.000,6813.000,4378.000,-65.000,-7.000,-13.000,0.000,0.000,0
2026-01-31 12:49:17,4663457,361.000,6822.000,4475.000,-26.000,11.000,-20.000,0.000,0.000,0
2026-01-31 12:49:17,4663497,295.000,6889.000,4420.000,13.000,30.000,8.000,0.000,0.000,0
2026-01-31 12:49:17,4663534,319.000,6899.000,4414.000,5.000,18.000,8.000,0.000,0.000,0
2026-01-31 12:49:17,4663574,329.000,6875.000,4499.000,-89.000,-7.000,-14.000,0.000,0.000,0
2026-01-31 12:49:17,4663614,328.000,6870.000,4597.000,-68.000,3.000,-17.000,0.000,0.000,0
2026-01-31 12:49:17,4663654,354.000,7063.000,4595.000,37.000,18.000,0.000,0.000,0.000,0
2026-01-31 12:49:17,4663694,350.000,7110.000,4567.000,-11.000,11.000,0.000,0.000,0.000,0
2026-01-31 12:49:17,4663734,318.000,6953.000,4604.000,-56.000,5.000,-5.000,0.000,0.000,0
2026-01-31 12:49:17,4663774,319.000,7022.000,4593.000,1.000,22.000,18.000,0.000,0.000,0
2026-01-31 12:49:17,4663814,301.000,7044.000,4585.000,-8.000,10.000,-19.000,0.000,0.000,0
2026-01-31 12:49:17,4663854,326.000,6937.000,4540.000,-30.000,14.000,-4.000,0.000,0.000,0
2026-01-31 12:49:17,4663894,293.000,6852.000,4473.000,0.000,34.000,-1.000,0.000,0.000,0
2026-01-31 12:49:17,4663934,250.000,6890.000,4483.000,-10.000,3.000,13.000,0.000,0.000,0
2026-01-31 12:49:17,4663974,344.000,6862.000,4484.000,1.000,-6.000,29.000,0.000,0.000,0
2026-01-31 12:49:17,4664014,340.000,6725.000,4431.000,17.000,16.000,-2.000,0.000,0.000,0
2026-01-31 12:49:18,4664054,332.000,6752.000,4394.000,7.000,4.000,40.000,0.000,0.000,0
2026-01-31 12:49:18,4664094,356.000,6737.000,4402.000,-25.000,-12.000,29.000,0.000,0.000,0
2026-01-31 12:49:18,4664134,397.000,6734.000,4414.000,-29.000,-13.000,11.000,0.000,0.000,0
2026-01-31 12:49:18,4664174,399.000,6795.000,4428.000,-49.000,-12.000,34.000,0.000,0.000,0
2026-01-31 12:49:18,4664214,371.000,6780.000,4439.000,-29.000,10.000,26.000,0.000,0.000,0
2026-01-31 12:49:18,4664254,401.000,6884.000,4469.000,24.000,-2.000,13.000,0.000,0.000,0
2026-01-31 12:49:18,4664294,419.000,6846.000,4495.000,-31.000,2.000,10.000,0.000,0.000,0
2026-01-31 12:49:18,4664334,437.000,6971.000,4519.000,17.000,1.000,26.000,0.000,0.000,0
2026-01-31 12:49:18,4664374,429.000,7031.000,4484.000,44.000,15.000,6.000,0.000,0.000,0
2026-01-31 12:49:18,4664414,433.000,6974.000,4463.000,10.000,18.000,9.000,0.000,0.000,0
2026-01-31 12:49:18,4664454,402.000,6995.000,4489.000,15.000,8.000,-7.000,0.000,0.000,0
2026-01-31 12:49:18,4664494,391.000,7017.000,4516.000,35.000,9.000,-2.000,0.000,0.000,0
2026-01-31 12:49:18,4664534,361.000,6960.000,4444.000,67.000,32.000,-31.000,0.000,0.000,0
2026-01-31 12:49:18,4664574,357.000,6911.000,4477.000,-28.000,7.000,-9.000,0.000,0.000,0
2026-01-31 12:49:18,4664614,352.000,6871.000,4480.000,-13.000,17.000,0.000,0.000,0.000,0
2026-01-31 12:49:18,4664654,364.000,6956.000,4480.000,12.000,4.000,-17.000,0.000,0.000,0
2026-01-31 12:49:18,4664694,377.000,6871.000,4462.000,-35.000,18.000,-15.000,0.000,0.000,0
2026-01-31 12:49:18,4664734,379.000,6752.000,4394.000,-33.000,32.000,4.000,0.000,0.000,0
2026-01-31 12:49:18,4664774,313.000,6858.000,4427.000,-16.000,5.000,1.000,0.000,0.000,0
2026-01-31 12:49:18,4664814,369.000,6844.000,4438.000,-41.000,-6.000,6.000,0.000,0.000,0
2026-01-31 12:49:18,4664854,401.000,6700.000,4411.000,-47.000,21.000,-9.000,0.000,0.000,0
2026-01-31 12:49:18,4664894,278.000,6704.000,4355.000,12.000,32.000,1.000,0.000,0.000,0
2026-01-31 12:49:18,4664934,242.000,6811.000,4413.000,-67.000,-7.000,-16.000,0.000,0.000,0
2026-01-31 12:49:18,4664974,268.000,6770.000,4515.000,-64.000,1.000,-19.000,0.000,0.000,0
2026-01-31 12:49:18,4665014,248.000,6795.000,4455.000,34.000,34.000,-13.000,0.000,0.000,0
2026-01-31 12:49:19,4665054,248.000,6929.000,4430.000,64.000,28.000,-8.000,0.000,0.000,0
2026-01-31 12:49:19,4665094,273.000,7068.000,4591.000,-32.000,-19.000,-13.000,0.000,0.000,0
2026-01-31 12:49:19,4665134,354.000,6987.000,4636.000,-46.000,-5.000,-7.000,0.000,0.000,0
2026-01-31 12:49:19,4665174,310.000,6941.000,4551.000,63.000,48.000,2.000,0.000,0.000,0
2026-01-31 12:49:19,4665214,228.000,7091.000,4557.000,28.000,11.000,-6.000,0.000,0.000,0
2026-01-31 12:49:19,4665254,330.000,7041.000,4654.000,-94.000,-38.000,14.000,0.000,0.000,0
2026-01-31 12:49:19,4665294,323.000,6976.000,4531.000,12.000,21.000,19.000,0.000,0.000,0
2026-01-31 12:49:19,4665334,282.000,7024.000,4450.000,59.000,12.000,22.000,0.000,0.000,0
2026-01-31 12:49:19,4665374,359.000,6877.000,4480.000,-38.000,-6.000,35.000,0.000,0.000,0
2026-01-31 12:49:19,4665414,304.000,6765.000,4434.000,53.000,20.000,28.000,0.000,0.000,0
2026-01-31 12:49:19,4665459,378.000,6873.000,4358.000,53.000,9.000,31.000,0.000,0.000,0
2026-01-31 12:49:19,4665498,395.000,6722.000,4323.000,23.000,22.000,4.000,0.000,0.000,0
2026-01-31 12:49:19,4665538,368.000,6722.000,4337.000,38.000,-2.000,20.000,0.000,0.000,0
2026-01-31 12:49:19,4665574,377.000,6768.000,4335.000,56.000,-8.000,33.000,0.000,0.000,0
2026-01-31 12:49:19,4665617,495.000,6814.000,4373.000,7.000,-16.000,5.000,0.000,0.000,0
2026-01-31 12:49:19,4665656,485.000,6782.000,4376.000,10.000,2.000,-13.000,0.000,0.000,0
2026-01-31 12:49:19,4665694,420.000,6869.000,4371.000,8.000,6.000,22.000,0.000,0.000,0
2026-01-31 12:49:19,4665734,411.000,6963.000,4390.000,-25.000,2.000,-4.000,0.000,0.000,0
2026-01-31 12:49:19,4665774,394.000,6964.000,4460.000,-6.000,13.000,-45.000,0.000,0.000,0
2026-01-31 12:49:19,4665814,408.000,7018.000,4455.000,14.000,9.000,-26.000,0.000,0.000,0
2026-01-31 12:49:19,4665854,343.000,6929.000,4394.000,18.000,48.000,-28.000,0.000,0.000,0
2026-01-31 12:49:19,4665894,293.000,7030.000,4435.000,-5.000,23.000,-55.000,0.000,0.000,0
2026-01-31 12:49:19,4665934,293.000,6972.000,4517.000,-51.000,9.000,-64.000,0.000,0.000,0
2026-01-31 12:49:19,4665974,353.000,6901.000,4445.000,-13.000,40.000,-31.000,0.000,0.000,0
2026-01-31 12:49:19,4666014,243.000,6899.000,4375.000,46.000,65.000,-72.000,0.000,0.000,0
2026-01-31 12:49:20,4666054,221.000,6891.000,4518.000,-69.000,-10.000,-49.000,0.000,0.000,0
2026-01-31 12:49:20,4666094,303.000,6742.000,4467.000,-30.000,39.000,-18.000,0.000,0.000,0
2026-01-31 12:49:20,4666134,200.000,6975.000,4409.000,83.000,32.000,-33.000,0.000,0.000,0
2026-01-31 12:49:20,4666174,261.000,6927.000,4470.000,-69.000,-12.000,7.000,0.000,0.000,0
2026-01-31 12:49:20,4666214,326.000,6842.000,4532.000,-75.000,-6.000,26.000,0.000,0.000,0
2026-01-31 12:49:20,4666254,243.000,6872.000,4453.000,64.000,37.000,5.000,0.000,0.000,0
2026-01-31 12:49:20,4666294,226.000,6868.000,4361.000,32.000,28.000,14.000,0.000,0.000,0
2026-01-31 12:49:20,4666334,259.000,6839.000,4431.000,-62.000,-25.000,21.000,0.000,0.000,0
2026-01-31 12:49:20,4666374,274.000,6857.000,4456.000,41.000,-9.000,24.000,0.000,0.000,0
2026-01-31 12:49:20,4666414,270.000,6828.000,4326.000,98.000,34.000,13.000,0.000,0.000,0
2026-01-31 12:49:20,4666454,254.000,6955.000,4463.000,-35.000,-15.000,38.000,0.000,0.000,0
2026-01-31 12:49:20,4666494,281.000,6812.000,4429.000,18.000,32.000,21.000,0.000,0.000,0
2026-01-31 12:49:20,4666534,269.000,7022.000,4431.000,111.000,32.000,-2.000,0.000,0.000,0
2026-01-31 12:49:20,4666574,321.000,7103.000,4466.000,17.000,8.000,5.000,0.000,0.000,0
2026-01-31 12:49:20,4666614,392.000,6965.000,4474.000,-19.000,15.000,34.000,0.000,0.000,0
2026-01-31 12:49:20,4666654,380.000,7098.000,4453.000,78.000,28.000,10.000,0.000,0.000,0
2026-01-31 12:49:20,4666694,359.000,7086.000,4427.000,13.000,15.000,-7.000,0.000,0.000,0
2026-01-31 12:49:20,4666734,408.000,7024.000,4480.000,-58.000,-3.000,28.000,0.000,0.000,0
2026-01-31 12:49:20,4666774,350.000,7007.000,4430.000,2.000,18.000,5.000,0.000,0.000,0
2026-01-31 12:49:20,4666814,300.000,6891.000,4381.000,-7.000,19.000,-17.000,0.000,0.000,0
2026-01-31 12:49:20,4666854,290.000,7036.000,4513.000,-75.000,-43.000,18.000,0.000,0.000,0
2026-01-31 12:49:20,4666894,312.000,6896.000,4406.000,-18.000,21.000,5.000,0.000,0.000,0
2026-01-31 12:49:20,4666934,205.000,6871.000,4276.000,61.000,55.000,-18.000,0.000,0.000,0
2026-01-31 12:49:20,4666974,165.000,6901.000,4292.000,-5.000,6.000,7.000,0.000,0.000,0
2026-01-31 12:49:20,4667014,195.000,6955.000,4415.000,-23.000,-5.000,16.000,0.000,0.000,0
2026-01-31 12:49:21,4667054,273.000,6900.000,4330.000,35.000,30.000,-7.000,0.000,0.000,0
2026-01-31 12:49:21,4667094,169.000,6591.000,4121.000,87.000,93.000,-4.000,0.000,0.000,0
2026-01-31 12:49:21,4667134,169.000,7197.000,4314.000,84.000,-54.000,52.000,0.000,0.000,0
2026-01-31 12:49:21,4667174,334.000,6923.000,4329.000,-71.000,-31.000,36.000,0.000,0.000,0
2026-01-31 12:49:21,4667214,243.000,7058.000,4200.000,198.000,42.000,35.000,0.000,0.000,0
2026-01-31 12:49:21,4667254,266.000,7296.000,4249.000,24.000,-26.000,74.000,0.000,0.000,0
2026-01-31 12:49:21,4667294,375.000,6982.000,4254.000,-77.000,22.000,69.000,0.000,0.000,0
2026-01-31 12:49:21,4667334,263.000,7227.000,4268.000,42.000,41.000,5.000,0.000,0.000,0
2026-01-31 12:49:21,4667374,214.000,7175.000,4171.000,19.000,58.000,5.000,0.000,0.000,0
2026-01-31 12:49:21,4667414,250.000,7224.000,4213.000,-13.000,36.000,31.000,0.000,0.000,0
2026-01-31 12:49:21,4667454,278.000,7218.000,4193.000,-58.000,36.000,-13.000,0.000,0.000,0
2026-01-31 12:49:21,4667494,243.000,7258.000,4201.000,-8.000,37.000,-38.000,0.000,0.000,0
2026-01-31 12:49:21,4667534,244.000,7190.000,4172.000,-93.000,34.000,-27.000,0.000,0.000,0
2026-01-31 12:49:21,4667574,197.000,7148.000,4163.000,-100.000,26.000,-55.000,0.000,0.000,0
2026-01-31 12:49:21,4667614,179.000,7224.000,4278.000,-74.000,-19.000,-64.000,0.000,0.000,0
2026-01-31 12:49:21,4667654,209.000,7211.000,4352.000,-139.000,-29.000,-66.000,0.000,0.000,0
2026-01-31 12:49:21,4667694,233.000,7074.000,4300.000,-104.000,9.000,-51.000,0.000,0.000,0
2026-01-31 12:49:21,4667734,83.000,6924.000,4210.000,-65.000,46.000,-67.000,0.000,0.000,0
2026-01-31 12:49:21,4667774,47.000,7013.000,4262.000,-108.000,-12.000,-5.000,0.000,0.000,0
2026-01-31 12:49:21,4667814,13.000,7100.000,4343.000,-83.000,-15.000,-2.000,0.000,0.000,0
2026-01-31 12:49:21,4667854,32.000,6753.000,4173.000,-51.000,50.000,7.000,0.000,0.000,0
2026-01-31 12:49:21,4667894,-109.000,6770.000,4128.000,106.000,55.000,-7.000,0.000,0.000,0
2026-01-31 12:49:21,4667934,-5.000,7328.000,4276.000,62.000,-66.000,89.000,0.000,0.000,0
2026-01-31 12:49:21,4667974,146.000,6783.000,4213.000,-47.000,37.000,31.000,0.000,0.000,0
2026-01-31 12:49:21,4668014,79.000,7141.000,4224.000,150.000,-3.000,68.000,0.000,0.000,0
2026-01-31 12:49:22,4668054,161.000,7200.000,4266.000,56.000,-43.000,100.000,0.000,0.000,0
2026-01-31 12:49:22,4668094,301.000,7357.000,4326.000,13.000,-62.000,82.000,0.000,0.000,0
2026-01-31 12:49:22,4668134,229.000,7101.000,4267.000,9.000,12.000,32.000,0.000,0.000,0
2026-01-31 12:49:22,4668174,159.000,7262.000,4256.000,36.000,-15.000,67.000,0.000,0.000,0
2026-01-31 12:49:22,4668214,194.000,7290.000,4271.000,-21.000,-31.000,62.000,0.000,0.000,0
2026-01-31 12:49:22,4668254,244.000,7161.000,4276.000,-27.000,-10.000,34.000,0.000,0.000,0
2026-01-31 12:49:22,4668294,297.000,7308.000,4241.000,55.000,-12.000,35.000,0.000,0.000,0
2026-01-31 12:49:22,4668334,292.000,7041.000,4096.000,25.000,38.000,43.000,0.000,0.000,0
2026-01-31 12:49:22,4668374,283.000,7085.000,4063.000,20.000,17.000,12.000,0.000,0.000,0
2026-01-31 12:49:22,4668414,353.000,7055.000,4121.000,-33.000,-1.000,0.000,0.000,0.000,0
2026-01-31 12:49:22,4668454,317.000,6898.000,4079.000,-34.000,54.000,-18.000,0.000,0.000,0
2026-01-31 12:49:22,4668494,201.000,6898.000,4008.000,13.000,55.000,-28.000,0.000,0.000,0
2026-01-31 12:49:22,4668534,191.000,7014.000,4074.000,-58.000,-11.000,-27.000,0.000,0.000,0
2026-01-31 12:49:22,4668574,331.000,6997.000,4171.000,-124.000,-23.000,-13.000,0.000,0.000,0
2026-01-31 12:49:22,4668614,273.000,7044.000,4196.000,-16.000,29.000,-59.000,0.000,0.000,0
2026-01-31 12:49:22,4668654,235.000,7147.000,4159.000,7.000,16.000,-16.000,0.000,0.000,0
2026-01-31 12:49:22,4668694,224.000,7160.000,4261.000,-89.000,-4.000,-18.000,0.000,0.000,0
2026-01-31 12:49:22,4668734,186.000,7187.000,4322.000,-78.000,4.000,-30.000,0.000,0.000,0
2026-01-31 12:49:22,4668774,81.000,7150.000,4215.000,36.000,52.000,-43.000,0.000,0.000,0
2026-01-31 12:49:22,4668814,1.000,7224.000,4284.000,-2.000,7.000,-38.000,0.000,0.000,0
2026-01-31 12:49:22,4668854,118.000,7275.000,4387.000,-54.000,-30.000,2.000,0.000,0.000,0
2026-01-31 12:49:22,4668894,137.000,7056.000,4274.000,39.000,50.000,-30.000,0.000,0.000,0
2026-01-31 12:49:22,4668934,70.000,7149.000,4206.000,83.000,38.000,-2.000,0.000,0.000,0
2026-01-31 12:49:22,4668974,111.000,7196.000,4248.000,-31.000,-19.000,33.000,0.000,0.000,0
2026-01-31 12:49:22,4669014,166.000,6970.000,4262.000,-33.000,6.000,1.000,0.000,0.000,0
2026-01-31 12:49:23,4669054,126.000,7107.000,4255.000,69.000,16.000,-5.000,0.000,0.000,0
2026-01-31 12:49:23,4669094,144.000,7010.000,4178.000,12.000,16.000,40.000,0.000,0.000,0
2026-01-31 12:49:23,4669134,180.000,7059.000,4182.000,11.000,4.000,36.000,0.000,0.000,0
2026-01-31 12:49:23,4669174,243.000,7047.000,4164.000,37.000,2.000,12.000,0.000,0.000,0
2026-01-31 12:49:23,4669214,246.000,7009.000,4129.000,19.000,23.000,34.000,0.000,0.000,0
2026-01-31 12:49:23,4669254,182.000,7061.000,4130.000,34.000,21.000,13.000,0.000,0.000,0
2026-01-31 12:49:23,4669294,157.000,7149.000,4189.000,3.000,-12.000,-2.000,0.000,0.000,0
2026-01-31 12:49:23,4669334,212.000,7037.000,4190.000,-49.000,4.000,7.000,0.000,0.000,0
2026-01-31 12:49:23,4669374,153.000,7117.000,4180.000,39.000,28.000,-13.000,0.000,0.000,0
2026-01-31 12:49:23,4669414,113.000,7201.000,4199.000,1.000,3.000,-18.000,0.000,0.000,0
2026-01-31 12:49:23,4669457,214.000,7128.000,4288.000,-42.000,2.000,5.000,0.000,0.000,0
2026-01-31 12:49:23,4669494,223.000,7278.000,4278.000,21.000,18.000,-15.000,0.000,0.000,0
2026-01-31 12:49:23,4669534,209.000,7180.000,4193.000,1.000,39.000,10.000,0.000,0.000,0
2026-01-31 12:49:23,4669574,170.000,6969.000,4133.000,-28.000,49.000,-15.000,0.000,0.000,0
2026-01-31 12:49:23,4669617,209.000,7260.000,4270.000,0.000,-23.000,34.000,0.000,0.000,0
2026-01-31 12:49:23,4669654,239.000,7116.000,4210.000,-17.000,4.000,32.000,0.000,0.000,0
2026-01-31 12:49:23,4669694,184.000,6903.000,4087.000,32.000,61.000,-24.000,0.000,0.000,0
2026-01-31 12:49:23,4669734,137.000,7097.000,4090.000,-5.000,2.000,42.000,0.000,0.000,0
2026-01-31 12:49:23,4669774,224.000,7056.000,4121.000,-39.000,-15.000,51.000,0.000,0.000,0
2026-01-31 12:49:23,4669814,203.000,7081.000,4148.000,18.000,13.000,-24.000,0.000,0.000,0
2026-01-31 12:49:23,4669854,190.000,7200.000,4106.000,29.000,25.000,38.000,0.000,0.000,0
2026-01-31 12:49:23,4669894,90.000,7186.000,4050.000,20.000,39.000,-1.000,0.000,0.000,0
2026-01-31 12:49:23,4669934,73.000,7238.000,4112.000,-16.000,13.000,-18.000,0.000,0.000,0
2026-01-31 12:49:23,4669974,56.000,7076.000,4087.000,-13.000,55.000,-33.000,0.000,0.000,0
2026-01-31 12:49:23,4670014,25.000,7376.000,4073.000,44.000,44.000,-4.000,0.000,0.000,0
2026-01-31 12:49:24,4670054,20.000,7044.000,3925.000,-23.000,50.000,-42.000,0.000,0.000,0
2026-01-31 12:49:24,4670094,37.000,7288.000,4047.000,40.000,0.000,-18.000,0.000,0.000,0
2026-01-31 12:49:24,4670134,105.000,7178.000,4101.000,-50.000,-13.000,-18.000,0.000,0.000,0
2026-01-31 12:49:24,4670174,150.000,7048.000,4034.000,3.000,33.000,-17.000,0.000,0.000,0
2026-01-31 12:49:24,4670214,57.000,7188.000,4063.000,1.000,-1.000,-16.000,0.000,0.000,0
2026-01-31 12:49:24,4670254,127.000,7062.000,4150.000,-123.000,-42.000,38.000,0.000,0.000,0
2026-01-31 12:49:24,4670294,79.000,7221.000,4180.000,8.000,-3.000,-30.000,0.000,0.000,0
2026-01-31 12:49:24,4670334,63.000,7047.000,4156.000,-12.000,9.000,-18.000,0.000,0.000,0
2026-01-31 12:49:24,4670374,102.000,7122.000,4255.000,-51.000,-22.000,40.000,0.000,0.000,0
2026-01-31 12:49:24,4670414,202.000,7338.000,4314.000,-30.000,-30.000,59.000,0.000,0.000,0
2026-01-31 12:49:24,4670454,218.000,7153.000,4127.000,75.000,58.000,24.000,0.000,0.000,0
2026-01-31 12:49:24,4670494,127.000,7135.000,3991.000,80.000,57.000,-3.000,0.000,0.000,0
2026-01-31 12:49:24,4670534,112.000,7237.000,4153.000,-15.000,-42.000,23.000,0.000,0.000,0
2026-01-31 12:49:24,4670574,234.000,7205.000,4246.000,-47.000,-28.000,53.000,0.000,0.000,0
2026-01-31 12:49:24,4670614,176.000,7049.000,4081.000,87.000,56.000,3.000,0.000,0.000,0
2026-01-31 12:49:24,4670654,90.000,7194.000,4072.000,-41.000,-33.000,11.000,0.000,0.000,0
2026-01-31 12:49:24,4670694,177.000,6958.000,4145.000,-113.000,-42.000,4.000,0.000,0.000,0
2026-01-31 12:49:24,4670734,176.000,7086.000,4151.000,33.000,2.000,-34.000,0.000,0.000,0
2026-01-31 12:49:24,4670774,139.000,7158.000,4071.000,-9.000,20.000,14.000,0.000,0.000,0
2026-01-31 12:49:24,4670814,128.000,7000.000,4057.000,-79.000,33.000,1.000,0.000,0.000,0
2026-01-31 12:49:24,4670854,89.000,6964.000,4067.000,-33.000,27.000,-41.000,0.000,0.000,0
2026-01-31 12:49:24,4670894,124.000,7188.000,4167.000,14.000,-6.000,-8.000,0.000,0.000,0
2026-01-31 12:49:24,4670934,195.000,7323.000,4175.000,1.000,13.000,14.000,0.000,0.000,0
2026-01-31 12:49:24,4670974,111.000,6969.000,4002.000,-6.000,77.000,-37.000,0.000,0.000,0
2026-01-31 12:49:24,4671014,2.000,7280.000,4242.000,-27.000,-1.000,-32.000,0.000,0.000,0
2026-01-31 12:49:25,4671054,240.000,7367.000,4339.000,-71.000,-45.000,21.000,0.000,0.000,0
2026-01-31 12:49:25,4671094,184.000,6999.000,4096.000,17.000,78.000,-42.000,0.000,0.000,0
2026-01-31 12:49:25,4671134,-64.000,6985.000,4029.000,26.000,57.000,-15.000,0.000,0.000,0
2026-01-31 12:49:25,4671174,-63.000,7367.000,4336.000,-153.000,-106.000,55.000,0.000,0.000,0
2026-01-31 12:49:25,4671214,215.000,7200.000,4384.000,-115.000,-52.000,7.000,0.000,0.000,0
2026-01-31 12:49:25,4671254,102.000,6908.000,4084.000,167.000,129.000,-53.000,0.000,0.000,0
2026-01-31 12:49:25,4671294,-72.000,7391.000,4100.000,88.000,2.000,69.000,0.000,0.000,0
2026-01-31 12:49:25,4671334,147.000,7294.000,4256.000,-184.000,-90.000,87.000,0.000,0.000,0
2026-01-31 12:49:25,4671374,243.000,7001.000,4247.000,50.000,28.000,-31.000,0.000,0.000,0
2026-01-31 12:49:25,4671414,115.000,7182.000,4014.000,93.000,28.000,60.000,0.000,0.000,0
2026-01-31 12:49:25,4671457,94.000,7046.000,4166.000,-92.000,-47.000,30.000,0.000,0.000,0
2026-01-31 12:49:25,4671496,194.000,7195.000,4226.000,-19.000,-48.000,29.000,0.000,0.000,0
2026-01-31 12:49:25,4671534,213.000,7072.000,4132.000,15.000,8.000,17.000,0.000,0.000,0
2026-01-31 12:49:25,4671574,84.000,7039.000,3958.000,59.000,66.000,23.000,0.000,0.000,0
2026-01-31 12:49:25,4671617,62.000,7181.000,4093.000,-89.000,-60.000,11.000,0.000,0.000,0
2026-01-31 12:49:25,4671654,134.000,7072.000,4172.000,-117.000,-48.000,28.000,0.000,0.000,0
2026-01-31 12:49:25,4671694,250.000,7307.000,4180.000,64.000,22.000,44.000,0.000,0.000,0
2026-01-31 12:49:25,4671734,169.000,7340.000,3965.000,113.000,68.000,6.000,0.000,0.000,0
2026-01-31 12:49:25,4671774,107.000,7261.000,3944.000,-11.000,35.000,24.000,0.000,0.000,0
2026-01-31 12:49:25,4671814,93.000,7242.000,4025.000,-27.000,9.000,20.000,0.000,0.000,0
2026-01-31 12:49:25,4671854,142.000,7356.000,4063.000,42.000,-12.000,-12.000,0.000,0.000,0
2026-01-31 12:49:25,4671894,103.000,7029.000,3916.000,-7.000,48.000,-4.000,0.000,0.000,0
2026-01-31 12:49:25,4671934,6.000,6971.000,3847.000,-23.000,47.000,35.000,0.000,0.000,0
2026-01-31 12:49:25,4671974,-58.000,7389.000,4072.000,-43.000,-60.000,-11.000,0.000,0.000,0
2026-01-31 12:49:25,4672014,204.000,7272.000,4070.000,-119.000,-42.000,-1.000,0.000,0.000,0
2026-01-31 12:49:26,4672054,87.000,6856.000,3860.000,61.000,125.000,-40.000,0.000,0.000,0
2026-01-31 12:49:26,4672094,-76.000,7503.000,3957.000,114.000,10.000,40.000,0.000,0.000,0
2026-01-31 12:49:26,4672134,151.000,7424.000,4080.000,-156.000,-49.000,34.000,0.000,0.000,0
2026-01-31 12:49:26,4672174,51.000,7217.000,3954.000,147.000,99.000,-35.000,0.000,0.000,0
2026-01-31 12:49:26,4672214,-29.000,7417.000,3805.000,118.000,41.000,16.000,0.000,0.000,0
2026-01-31 12:49:26,4672254,9.000,7230.000,3914.000,-136.000,5.000,-1.000,0.000,0.000,0
2026-01-31 12:49:26,4672294,6.000,7311.000,4020.000,-53.000,-10.000,-24.000,0.000,0.000,0
2026-01-31 12:49:26,4672334,-28.000,7323.000,3915.000,65.000,40.000,-8.000,0.000,0.000,0
2026-01-31 12:49:26,4672374,-80.000,7184.000,3788.000,11.000,57.000,-1.000,0.000,0.000,0
2026-01-31 12:49:26,4672414,-154.000,7249.000,3918.000,-80.000,-2.000,-13.000,0.000,0.000,0
2026-01-31 12:49:26,4672454,-18.000,7324.000,4039.000,-40.000,-24.000,11.000,0.000,0.000,0
2026-01-31 12:49:26,4672494,82.000,7383.000,3925.000,57.000,32.000,21.000,0.000,0.000,0
2026-01-31 12:49:26,4672534,7.000,7261.000,3782.000,58.000,73.000,19.000,0.000,0.000,0
2026-01-31 12:49:26,4672574,36.000,7394.000,3887.000,-26.000,-17.000,26.000,0.000,0.000,0
2026-01-31 12:49:26,4672614,47.000,7199.000,3831.000,7.000,42.000,9.000,0.000,0.000,0
2026-01-31 12:49:26,4672654,-63.000,7276.000,3722.000,86.000,70.000,12.000,0.000,0.000,0
2026-01-31 12:49:26,4672694,-101.000,7288.000,3650.000,43.000,34.000,17.000,0.000,0.000,0
2026-01-31 12:49:26,4672734,-97.000,7159.000,3671.000,-22.000,28.000,3.000,0.000,0.000,0
2026-01-31 12:49:26,4672774,-61.000,7380.000,3761.000,26.000,3.000,10.000,0.000,0.000,0
2026-01-31 12:49:26,4672814,-12.000,7391.000,3700.000,49.000,21.000,19.000,0.000,0.000,0
2026-01-31 12:49:26,4672854,-71.000,7226.000,3587.000,38.000,81.000,6.000,0.000,0.000,0
2026-01-31 12:49:26,4672894,-174.000,7469.000,3701.000,-24.000,16.000,-13.000,0.000,0.000,0
2026-01-31 12:49:26,4672934,-124.000,7407.000,3730.000,-77.000,29.000,0.000,0.000,0.000,0
2026-01-31 12:49:26,4672974,-103.000,7628.000,3722.000,61.000,18.000,-19.000,0.000,0.000,0
2026-01-31 12:49:26,4673014,-106.000,7504.000,3675.000,6.000,29.000,-8.000,0.000,0.000,0
2026-01-31 12:49:27,4673054,-142.000,7391.000,3634.000,-4.000,58.000,13.000,0.000,0.000,0
2026-01-31 12:49:27,4673094,-161.000,7785.000,3730.000,18.000,-15.000,2.000,0.000,0.000,0
2026-01-31 12:49:27,4673134,-102.000,7416.000,3648.000,-56.000,24.000,-6.000,0.000,0.000,0
2026-01-31 12:49:27,4673174,-172.000,7490.000,3607.000,41.000,39.000,5.000,0.000,0.000,0
2026-01-31 12:49:27,4673214,-242.000,7370.000,3513.000,-32.000,30.000,-1.000,0.000,0.000,0
2026-01-31 12:49:27,4673254,-206.000,7207.000,3491.000,-31.000,25.000,-6.000,0.000,0.000,0
2026-01-31 12:49:27,4673294,-188.000,7538.000,3607.000,-8.000,-45.000,5.000,0.000,0.000,0
2026-01-31 12:49:27,4673334,-85.000,7197.000,3475.000,-45.000,53.000,11.000,0.000,0.000,0
2026-01-31 12:49:27,4673374,-227.000,7333.000,3443.000,69.000,38.000,-15.000,0.000,0.000,0
2026-01-31 12:49:27,4673414,-220.000,7515.000,3557.000,-35.000,-51.000,21.000,0.000,0.000,0
2026-01-31 12:49:27,4673459,-191.000,7389.000,3591.000,-4.000,30.000,-9.000,0.000,0.000,0
2026-01-31 12:49:27,4673494,-220.000,7500.000,3567.000,68.000,31.000,-10.000,0.000,0.000,0
2026-01-31 12:49:27,4673534,-218.000,7569.000,3575.000,40.000,9.000,5.000,0.000,0.000,0
2026-01-31 12:49:27,4673574,-114.000,7425.000,3594.000,-56.000,15.000,15.000,0.000,0.000,0
2026-01-31 12:49:27,4673617,-101.000,7704.000,3607.000,57.000,1.000,28.000,0.000,0.000,0
2026-01-31 12:49:27,4673654,-77.000,7599.000,3544.000,8.000,17.000,30.000,0.000,0.000,0
2026-01-31 12:49:27,4673694,-190.000,7547.000,3562.000,-17.000,26.000,7.000,0.000,0.000,0
2026-01-31 12:49:27,4673734,-175.000,7387.000,3532.000,-29.000,4.000,-10.000,0.000,0.000,0
2026-01-31 12:49:27,4673774,-218.000,7324.000,3493.000,-9.000,39.000,20.000,0.000,0.000,0
2026-01-31 12:49:27,4673814,-197.000,7732.000,3615.000,0.000,-48.000,-21.000,0.000,0.000,0
2026-01-31 12:49:27,4673854,-113.000,7427.000,3639.000,-119.000,-24.000,-4.000,0.000,0.000,0
2026-01-31 12:49:27,4673894,-144.000,7307.000,3553.000,63.000,53.000,-4.000,0.000,0.000,0
2026-01-31 12:49:27,4673934,-229.000,7691.000,3589.000,50.000,-21.000,15.000,0.000,0.000,0
2026-01-31 12:49:27,4673974,-130.000,7271.000,3611.000,-156.000,1.000,-23.000,0.000,0.000,0
2026-01-31 12:49:27,4674014,-200.000,7498.000,3705.000,23.000,12.000,5.000,0.000,0.000,0
2026-01-31 12:49:28,4674054,-257.000,7283.000,3574.000,23.000,45.000,-20.000,0.000,0.000,0
2026-01-31 12:49:28,4674094,-120.000,7298.000,3566.000,-44.000,-7.000,25.000,0.000,0.000,0
2026-01-31 12:49:28,4674134,-74.000,7381.000,3601.000,-13.000,-7.000,19.000,0.000,0.000,0
2026-01-31 12:49:28,4674174,-57.000,7444.000,3597.000,25.000,20.000,8.000,0.000,0.000,0
2026-01-31 12:49:28,4674214,-123.000,7472.000,3616.000,-5.000,12.000,8.000,0.000,0.000,0
2026-01-31 12:49:28,4674254,-156.000,7086.000,3552.000,-18.000,35.000,5.000,0.000,0.000,0
2026-01-31 12:49:28,4674294,-259.000,7592.000,3696.000,48.000,-22.000,13.000,0.000,0.000,0
2026-01-31 12:49:28,4674334,-99.000,7576.000,3730.000,-113.000,-36.000,10.000,0.000,0.000,0
2026-01-31 12:49:28,4674374,-106.000,7409.000,3719.000,48.000,28.000,-25.000,0.000,0.000,0
2026-01-31 12:49:28,4674414,-162.000,7431.000,3632.000,56.000,45.000,11.000,0.000,0.000,0
2026-01-31 12:49:28,4674454,-86.000,7687.000,3722.000,-35.000,-42.000,24.000,0.000,0.000,0
2026-01-31 12:49:28,4674494,-87.000,7276.000,3687.000,33.000,46.000,-49.000,0.000,0.000,0
2026-01-31 12:49:28,4674534,-151.000,7775.000,3677.000,58.000,0.000,54.000,0.000,0.000,0
2026-01-31 12:49:28,4674574,-161.000,7110.000,3562.000,-119.000,45.000,-23.000,0.000,0.000,0
2026-01-31 12:49:28,4674614,-235.000,7263.000,3655.000,41.000,-4.000,-31.000,0.000,0.000,0
2026-01-31 12:49:28,4674654,-60.000,7573.000,3644.000,-33.000,-42.000,78.000,0.000,0.000,0
2026-01-31 12:49:28,4674694,-179.000,7191.000,3589.000,-62.000,45.000,-11.000,0.000,0.000,0
2026-01-31 12:49:28,4674734,-139.000,7262.000,3547.000,41.000,4.000,-25.000,0.000,0.000,0
2026-01-31 12:49:28,4674774,-190.000,7583.000,3643.000,12.000,-13.000,85.000,0.000,0.000,0
2026-01-31 12:49:28,4674814,-20.000,7144.000,3484.000,-32.000,27.000,12.000,0.000,0.000,0
2026-01-31 12:49:28,4674854,-154.000,7752.000,3704.000,65.000,-68.000,62.000,0.000,0.000,0
2026-01-31 12:49:28,4674894,-158.000,7254.000,3662.000,-169.000,51.000,78.000,0.000,0.000,0
2026-01-31 12:49:28,4674934,-40.000,7662.000,3540.000,142.000,-14.000,10.000,0.000,0.000,0
2026-01-31 12:49:28,4674974,-142.000,6994.000,3563.000,-27.000,23.000,-119.000,0.000,0.000,0
2026-01-31 12:49:28,4675014,-43.000,7799.000,3821.000,-26.000,-68.000,168.000,0.000,0.000,0
2026-01-31 12:49:29,4675054,-156.000,7332.000,3623.000,-90.000,71.000,-26.000,0.000,0.000,0
2026-01-31 12:49:29,4675094,-73.000,7422.000,3594.000,72.000,3.000,-34.000,0.000,0.000,0
2026-01-31 12:49:29,4675134,-178.000,7435.000,3763.000,-13.000,-9.000,-23.000,0.000,0.000,0
2026-01-31 12:49:29,4675174,-43.000,7468.000,3748.000,-98.000,1.000,72.000,0.000,0.000,0
2026-01-31 12:49:29,4675214,-159.000,7992.000,3746.000,63.000,22.000,9.000,0.000,0.000,0
2026-01-31 12:49:29,4675254,-94.000,7009.000,3630.000,-102.000,78.000,-72.000,0.000,0.000,0
2026-01-31 12:49:29,4675294,-212.000,7721.000,3685.000,161.000,26.000,62.000,0.000,0.000,0
2026-01-31 12:49:29,4675334,-195.000,7779.000,3649.000,-93.000,-22.000,5.000,0.000,0.000,0
2026-01-31 12:49:29,4675374,-97.000,6941.000,3625.000,-200.000,28.000,-116.000,0.000,0.000,0
2026-01-31 12:49:29,4675417,-170.000,7728.000,3585.000,152.000,-1.000,99.000,0.000,0.000,0
2026-01-31 12:49:29,4675457,-21.000,6960.000,3433.000,-97.000,26.000,-91.000,0.000,0.000,0
2026-01-31 12:49:29,4675494,-56.000,6869.000,3570.000,-86.000,2.000,-121.000,0.000,0.000,0
2026-01-31 12:49:29,4675534,-148.000,7205.000,3689.000,-66.000,-4.000,28.000,0.000,0.000,0
2026-01-31 12:49:29,4675574,-197.000,7359.000,3654.000,-80.000,17.000,95.000,0.000,0.000,0
2026-01-31 12:49:29,4675617,-129.000,7144.000,3799.000,-15.000,1.000,-46.000,0.000,0.000,0
2026-01-31 12:49:29,4675654,-199.000,7318.000,3832.000,-2.000,31.000,17.000,0.000,0.000,0
2026-01-31 12:49:29,4675694,-225.000,7831.000,3654.000,37.000,35.000,194.000,0.000,0.000,0
2026-01-31 12:49:29,4675734,-196.000,6996.000,3539.000,192.000,88.000,-185.000,0.000,0.000,0
2026-01-31 12:49:29,4675774,-114.000,8859.000,4329.000,-1.000,-251.000,-9.000,0.000,0.000,0
2026-01-31 12:49:29,4675814,205.000,6802.000,3667.000,-375.000,188.000,246.000,0.000,0.000,0
2026-01-31 12:49:29,4675854,-410.000,7500.000,3695.000,615.000,217.000,-131.000,0.000,0.000,0
2026-01-31 12:49:29,4675894,-154.000,8190.000,3677.000,-108.000,-169.000,-44.000,0.000,0.000,0
2026-01-31 12:49:29,4675934,161.000,7357.000,4076.000,-520.000,-64.000,133.000,0.000,0.000,0
2026-01-31 12:49:29,4675974,-200.000,6535.000,3309.000,277.000,289.000,-112.000,0.000,0.000,0
2026-01-31 12:49:29,4676014,-139.000,7500.000,3428.000,-155.000,-158.000,100.000,0.000,0.000,0
2026-01-31 12:49:30,4676054,70.000,7772.000,4055.000,-397.000,-205.000,-11.000,0.000,0.000,0
2026-01-31 12:49:30,4676094,149.000,6582.000,3514.000,107.000,171.000,-24.000,0.000,0.000,0
2026-01-31 12:49:30,4676134,-376.000,7216.000,3398.000,425.000,128.000,-48.000,0.000,0.000,0
2026-01-31 12:49:30,4676174,-66.000,7905.000,3657.000,-202.000,-201.000,128.000,0.000,0.000,0
2026-01-31 12:49:30,4676214,61.000,6332.000,3653.000,-426.000,77.000,-114.000,0.000,0.000,0
2026-01-31 12:49:30,4676254,-220.000,7569.000,3757.000,457.000,43.000,17.000,0.000,0.000,0
2026-01-31 12:49:30,4676294,-115.000,8095.000,3462.000,-23.000,10.000,92.000,0.000,0.000,0
2026-01-31 12:49:30,4676334,-167.000,6781.000,3682.000,-340.000,42.000,-162.000,0.000,0.000,0
2026-01-31 12:49:30,4676374,39.000,8143.000,3787.000,241.000,-1.000,147.000,0.000,0.000,0
2026-01-31 12:49:30,4676414,107.000,6973.000,3332.000,-11.000,184.000,1.000,0.000,0.000,0
2026-01-31 12:49:30,4676454,-234.000,7687.000,3594.000,71.000,-54.000,-176.000,0.000,0.000,0
2026-01-31 12:49:30,4676494,-174.000,7667.000,3891.000,-326.000,-103.000,142.000,0.000,0.000,0
2026-01-31 12:49:30,4676534,-186.000,7303.000,3792.000,-36.000,82.000,-61.000,0.000,0.000,0
2026-01-31 12:49:30,4676574,-340.000,7839.000,3702.000,187.000,-1.000,-159.000,0.000,0.000,0
2026-01-31 12:49:30,4676614,-297.000,6987.000,3733.000,-286.000,27.000,15.000,0.000,0.000,0
2026-01-31 12:49:30,4676654,-305.000,8070.000,3996.000,27.000,-74.000,29.000,0.000,0.000,0
2026-01-31 12:49:30,4676694,-162.000,7081.000,3575.000,-80.000,105.000,-68.000,0.000,0.000,0
2026-01-31 12:49:30,4676734,-100.000,8273.000,3968.000,53.000,-103.000,61.000,0.000,0.000,0
2026-01-31 12:49:30,4676774,-333.000,6905.000,3666.000,44.000,181.000,-93.000,0.000,0.000,0
2026-01-31 12:49:30,4676814,-6.000,8170.000,3584.000,192.000,-111.000,149.000,0.000,0.000,0
2026-01-31 12:49:30,4676854,-319.000,7449.000,3952.000,-79.000,45.000,-143.000,0.000,0.000,0
2026-01-31 12:49:30,4676894,198.000,7851.000,3724.000,6.000,-45.000,185.000,0.000,0.000,0
2026-01-31 12:49:30,4676934,-418.000,6041.000,3187.000,136.000,367.000,-158.000,0.000,0.000,0
2026-01-31 12:49:30,4676974,-171.000,8467.000,3565.000,262.000,-274.000,173.000,0.000,0.000,0
2026-01-31 12:49:30,4677014,-89.000,6626.000,3478.000,-573.000,8.000,22.000,0.000,0.000,0
2026-01-31 12:49:31,4677054,-14.000,7228.000,3677.000,178.000,-10.000,45.000,0.000,0.000,0
2026-01-31 12:49:31,4677094,-268.000,7440.000,3417.000,235.000,15.000,-30.000,0.000,0.000,0
2026-01-31 12:49:31,4677134,-34.000,6998.000,3627.000,-137.000,-18.000,-26.000,0.000,0.000,0
2026-01-31 12:49:31,4677174,-164.000,7583.000,3736.000,-80.000,-79.000,10.000,0.000,0.000,0
2026-01-31 12:49:31,4677214,45.000,7396.000,3763.000,-28.000,-2.000,-13.000,0.000,0.000,0
2026-01-31 12:49:31,4677254,-9.000,7786.000,3763.000,162.000,17.000,-3.000,0.000,0.000,0
2026-01-31 12:49:31,4677294,74.000,7852.000,3747.000,-27.000,37.000,58.000,0.000,0.000,0
2026-01-31 12:49:31,4677334,-85.000,7276.000,3685.000,-47.000,100.000,-49.000,0.000,0.000,0
2026-01-31 12:49:31,4677374,-200.000,8148.000,3753.000,65.000,-18.000,14.000,0.000,0.000,0
2026-01-31 12:49:31,4677414,-105.000,7137.000,3613.000,-65.000,65.000,-71.000,0.000,0.000,0
2026-01-31 12:49:31,4677454,-99.000,7566.000,3706.000,141.000,0.000,-12.000,0.000,0.000,0
2026-01-31 12:49:31,4677494,-44.000,7520.000,3484.000,-129.000,-20.000,125.000,0.000,0.000,0
2026-01-31 12:49:31,4677534,-433.000,7359.000,3758.000,81.000,-32.000,-133.000,0.000,0.000,0
2026-01-31 12:49:31,4677574,-108.000,7588.000,3709.000,-202.000,-78.000,110.000,0.000,0.000,0
2026-01-31 12:49:31,4677617,-356.000,7281.000,3611.000,238.000,11.000,-71.000,0.000,0.000,0
2026-01-31 12:49:31,4677654,-366.000,8158.000,3787.000,245.000,-137.000,-3.000,0.000,0.000,0
2026-01-31 12:49:31,4677694,-49.000,7063.000,3650.000,-409.000,-1.000,-16.000,0.000,0.000,0
2026-01-31 12:49:31,4677734,-379.000,7249.000,3896.000,100.000,41.000,-26.000,0.000,0.000,0
2026-01-31 12:49:31,4677774,-180.000,7965.000,3649.000,198.000,-2.000,43.000,0.000,0.000,0
2026-01-31 12:49:31,4677814,-99.000,7118.000,3671.000,-179.000,51.000,-16.000,0.000,0.000,0
2026-01-31 12:49:31,4677854,-161.000,7584.000,3789.000,97.000,19.000,42.000,0.000,0.000,0
2026-01-31 12:49:31,4677894,-53.000,7524.000,3591.000,23.000,9.000,59.000,0.000,0.000,0
2026-01-31 12:49:31,4677934,-67.000,7355.000,3558.000,19.000,25.000,15.000,0.000,0.000,0
2026-01-31 12:49:31,4677974,-180.000,7762.000,3728.000,181.000,-50.000,10.000,0.000,0.000,0
2026-01-31 12:49:31,4678014,30.000,7032.000,3553.000,-123.000,29.000,26.000,0.000,0.000,0
2026-01-31 12:49:32,4678054,-137.000,7786.000,3637.000,66.000,-27.000,93.000,0.000,0.000,0
2026-01-31 12:49:32,4678094,-179.000,7016.000,3376.000,-68.000,66.000,-20.000,0.000,0.000,0
2026-01-31 12:49:32,4678134,-185.000,7326.000,3599.000,123.000,-21.000,-17.000,0.000,0.000,0
2026-01-31 12:49:32,4678174,-114.000,7670.000,3678.000,-51.000,-39.000,28.000,0.000,0.000,0
2026-01-31 12:49:32,4678214,-76.000,7247.000,3598.000,-45.000,64.000,-9.000,0.000,0.000,0
2026-01-31 12:49:32,4678254,-223.000,7304.000,3427.000,223.000,118.000,-40.000,0.000,0.000,0
2026-01-31 12:49:32,4678294,-81.000,7641.000,3731.000,-90.000,-76.000,44.000,0.000,0.000,0
2026-01-31 12:49:32,4678334,116.000,7553.000,3755.000,-52.000,-3.000,47.000,0.000,0.000,0
2026-01-31 12:49:32,4678374,-114.000,7351.000,3577.000,258.000,174.000,-54.000,0.000,0.000,0
2026-01-31 12:49:32,4678414,-161.000,7859.000,3509.000,-21.000,-19.000,28.000,0.000,0.000,0
2026-01-31 12:49:32,4678454,-282.000,7000.000,3656.000,-242.000,19.000,-52.000,0.000,0.000,0
2026-01-31 12:49:32,4678494,-237.000,7960.000,3867.000,96.000,-98.000,-14.000,0.000,0.000,0
2026-01-31 12:49:32,4678534,-46.000,7226.000,3570.000,-164.000,47.000,31.000,0.000,0.000,0
2026-01-31 12:49:32,4678574,-225.000,7233.000,3603.000,73.000,58.000,-64.000,0.000,0.000,0
2026-01-31 12:49:32,4678614,-97.000,8027.000,3610.000,24.000,-105.000,55.000,0.000,0.000,0
2026-01-31 12:49:32,4678654,-275.000,7346.000,3727.000,-230.000,31.000,13.000,0.000,0.000,0
2026-01-31 12:49:32,4678694,-414.000,7545.000,3731.000,44.000,-30.000,0.000,0.000,0.000,0
2026-01-31 12:49:32,4678734,-150.000,7319.000,3673.000,-41.000,20.000,59.000,0.000,0.000,0
2026-01-31 12:49:32,4678774,-202.000,7791.000,3602.000,146.000,11.000,14.000,0.000,0.000,0
2026-01-31 12:49:32,4678814,-103.000,7130.000,3400.000,-58.000,65.000,62.000,0.000,0.000,0
2026-01-31 12:49:32,4678854,-328.000,7346.000,3581.000,57.000,15.000,-57.000,0.000,0.000,0
2026-01-31 12:49:32,4678894,-55.000,7611.000,3670.000,-57.000,-77.000,98.000,0.000,0.000,0
2026-01-31 12:49:32,4678934,73.000,7242.000,3576.000,65.000,88.000,20.000,0.000,0.000,0
2026-01-31 12:49:32,4678974,-63.000,7679.000,3512.000,166.000,38.000,39.000,0.000,0.000,0
2026-01-31 12:49:32,4679014,-66.000,7347.000,3556.000,-126.000,14.000,16.000,0.000,0.000,0
2026-01-31 12:49:33,4679054,-24.000,7480.000,3613.000,82.000,2.000,29.000,0.000,0.000,0
2026-01-31 12:49:33,4679094,4.000,7395.000,3425.000,37.000,48.000,30.000,0.000,0.000,0
2026-01-31 12:49:33,4679134,-120.000,7539.000,3559.000,39.000,5.000,-6.000,0.000,0.000,0
2026-01-31 12:49:33,4679174,-45.000,7589.000,3647.000,-94.000,-52.000,18.000,0.000,0.000,0
2026-01-31 12:49:33,4679214,-29.000,7279.000,3617.000,-61.000,60.000,-30.000,0.000,0.000,0
2026-01-31 12:49:33,4679254,-278.000,7352.000,3529.000,91.000,34.000,-60.000,0.000,0.000,0
2026-01-31 12:49:33,4679294,-141.000,7489.000,3524.000,-113.000,-40.000,47.000,0.000,0.000,0
2026-01-31 12:49:33,4679334,-72.000,7375.000,3713.000,-68.000,-11.000,-65.000,0.000,0.000,0
2026-01-31 12:49:33,4679374,-101.000,7393.000,3687.000,-37.000,6.000,-24.000,0.000,0.000,0
2026-01-31 12:49:33,4679414,-117.000,7206.000,3635.000,-25.000,41.000,-5.000,0.000,0.000,0
2026-01-31 12:49:33,4679454,-112.000,7651.000,3832.000,18.000,-55.000,-46.000,0.000,0.000,0
2026-01-31 12:49:33,4679494,62.000,7192.000,3856.000,-145.000,-1.000,-37.000,0.000,0.000,0
2026-01-31 12:49:33,4679534,-121.000,7223.000,3786.000,76.000,90.000,-33.000,0.000,0.000,0
2026-01-31 12:49:33,4679574,-73.000,7392.000,3770.000,22.000,2.000,7.000,0.000,0.000,0
2026-01-31 12:49:33,4679617,-23.000,7369.000,3947.000,-82.000,4.000,4.000,0.000,0.000,0
2026-01-31 12:49:33,4679656,-9.000,7327.000,3881.000,4.000,26.000,-21.000,0.000,0.000,0
2026-01-31 12:49:33,4679694,-98.000,7446.000,3791.000,72.000,28.000,-2.000,0.000,0.000,0
2026-01-31 12:49:33,4679734,-14.000,7320.000,3805.000,-18.000,-4.000,15.000,0.000,0.000,0
2026-01-31 12:49:33,4679774,-80.000,7305.000,3886.000,-32.000,-9.000,-13.000,0.000,0.000,0
2026-01-31 12:49:33,4679814,-79.000,7243.000,3823.000,-8.000,15.000,0.000,0.000,0.000,0
2026-01-31 12:49:33,4679854,-96.000,7570.000,3869.000,62.000,-28.000,15.000,0.000,0.000,0
2026-01-31 12:49:33,4679894,-9.000,7201.000,3804.000,-85.000,14.000,44.000,0.000,0.000,0
2026-01-31 12:49:33,4679934,2.000,7216.000,3739.000,94.000,39.000,16.000,0.000,0.000,0
2026-01-31 12:49:33,4679974,-41.000,7416.000,3786.000,89.000,-20.000,2.000,0.000,0.000,0
2026-01-31 12:49:33,4680014,65.000,7193.000,3842.000,-122.000,-24.000,43.000,0.000,0.000,0
2026-01-31 12:49:34,4680054,-5.000,7132.000,3825.000,69.000,35.000,1.000,0.000,0.000,0
2026-01-31 12:49:34,4680094,30.000,7523.000,3836.000,55.000,-45.000,18.000,0.000,0.000,0
2026-01-31 12:49:34,4680134,146.000,7240.000,3845.000,-103.000,5.000,41.000,0.000,0.000,0
2026-01-31 12:49:34,4680174,-9.000,7385.000,3758.000,50.000,54.000,-23.000,0.000,0.000,0
2026-01-31 12:49:34,4680214,12.000,7194.000,3722.000,-30.000,19.000,34.000,0.000,0.000,0
2026-01-31 12:49:34,4680254,54.000,7347.000,3793.000,-20.000,7.000,10.000,0.000,0.000,0
2026-01-31 12:49:34,4680294,85.000,7425.000,3781.000,11.000,22.000,-15.000,0.000,0.000,0
2026-01-31 12:49:34,4680334,-2.000,7386.000,3794.000,-9.000,22.000,-6.000,0.000,0.000,0
2026-01-31 12:49:34,4680374,-2.000,7326.000,3731.000,-16.000,19.000,-1.000,0.000,0.000,0
2026-01-31 12:49:34,4680414,-46.000,7236.000,3767.000,-20.000,14.000,-40.000,0.000,0.000,0
2026-01-31 12:49:34,4680454,-9.000,7324.000,3796.000,-9.000,3.000,-5.000,0.000,0.000,0
2026-01-31 12:49:34,4680494,19.000,7475.000,3840.000,-31.000,6.000,-12.000,0.000,0.000,0
2026-01-31 12:49:34,4680534,-23.000,7206.000,3769.000,-55.000,43.000,-41.000,0.000,0.000,0
2026-01-31 12:49:34,4680574,-91.000,7409.000,3798.000,-6.000,-15.000,-11.000,0.000,0.000,0
2026-01-31 12:49:34,4680614,-26.000,7346.000,3908.000,-97.000,-18.000,-32.000,0.000,0.000,0
2026-01-31 12:49:34,4680654,34.000,7320.000,3861.000,-10.000,21.000,-38.000,0.000,0.000,0
2026-01-31 12:49:34,4680694,-152.000,7183.000,3761.000,23.000,66.000,-31.000,0.000,0.000,0
2026-01-31 12:49:34,4680734,-144.000,7291.000,3811.000,-45.000,-23.000,-2.000,0.000,0.000,0
2026-01-31 12:49:34,4680774,-75.000,7384.000,3922.000,-69.000,-33.000,-25.000,0.000,0.000,0
2026-01-31 12:49:34,4680814,-70.000,7367.000,3889.000,-27.000,26.000,9.000,0.000,0.000,0
2026-01-31 12:49:34,4680854,-168.000,7495.000,3833.000,71.000,46.000,6.000,0.000,0.000,0
2026-01-31 12:49:34,4680894,-147.000,7231.000,3767.000,-43.000,33.000,6.000,0.000,0.000,0
2026-01-31 12:49:34,4680934,-138.000,7351.000,3837.000,32.000,-4.000,21.000,0.000,0.000,0
2026-01-31 12:49:34,4680974,-79.000,7492.000,3801.000,21.000,-14.000,8.000,0.000,0.000,0
2026-01-31 12:49:34,4681014,-47.000,7486.000,3819.000,-26.000,-5.000,46.000,0.000,0.000,0
2026-01-31 12:49:35,4681054,-110.000,7466.000,3777.000,46.000,19.000,36.000,0.000,0.000,0
2026-01-31 12:49:35,4681094,-89.000,7272.000,3721.000,28.000,11.000,1.000,0.000,0.000,0
2026-01-31 12:49:35,4681134,-28.000,7344.000,3780.000,31.000,-5.000,26.000,0.000,0.000,0
2026-01-31 12:49:35,4681174,19.000,7349.000,3711.000,4.000,0.000,40.000,0.000,0.000,0
2026-01-31 12:49:35,4681214,-22.000,7242.000,3630.000,18.000,24.000,26.000,0.000,0.000,0
2026-01-31 12:49:35,4681254,-54.000,7339.000,3649.000,13.000,-10.000,29.000,0.000,0.000,0
2026-01-31 12:49:35,4681294,27.000,7340.000,3704.000,-18.000,-23.000,15.000,0.000,0.000,0
2026-01-31 12:49:35,4681334,8.000,7400.000,3667.000,49.000,33.000,41.000,0.000,0.000,0
2026-01-31 12:49:35,4681374,-13.000,7329.000,3594.000,6.000,19.000,11.000,0.000,0.000,0
2026-01-31 12:49:35,4681414,1.000,7323.000,3667.000,-20.000,0.000,-14.000,0.000,0.000,0
2026-01-31 12:49:35,4681454,30.000,7442.000,3702.000,-19.000,-8.000,1.000,0.000,0.000,0
2026-01-31 12:49:35,4681494,6.000,7418.000,3704.000,-28.000,17.000,-15.000,0.000,0.000,0
2026-01-31 12:49:35,4681534,-41.000,7458.000,3719.000,-18.000,20.000,-32.000,0.000,0.000,0
2026-01-31 12:49:35,4681574,-41.000,7391.000,3697.000,-22.000,23.000,-14.000,0.000,0.000,0
2026-01-31 12:49:35,4681614,-88.000,7437.000,3688.000,-26.000,24.000,-31.000,0.000,0.000,0
2026-01-31 12:49:35,4681654,-105.000,7357.000,3678.000,-57.000,22.000,-37.000,0.000,0.000,0
2026-01-31 12:49:35,4681694,-151.000,7371.000,3689.000,-55.000,26.000,-37.000,0.000,0.000,0
2026-01-31 12:49:35,4681734,-173.000,7339.000,3707.000,-58.000,16.000,-47.000,0.000,0.000,0
2026-01-31 12:49:35,4681774,-167.000,7361.000,3757.000,-60.000,13.000,-33.000,0.000,0.000,0
2026-01-31 12:49:35,4681814,-154.000,7361.000,3724.000,-37.000,30.000,-15.000,0.000,0.000,0
2026-01-31 12:49:35,4681854,-199.000,7410.000,3700.000,-3.000,19.000,-27.000,0.000,0.000,0
2026-01-31 12:49:35,4681894,-154.000,7341.000,3691.000,-57.000,18.000,-2.000,0.000,0.000,0
2026-01-31 12:49:35,4681934,-223.000,7344.000,3683.000,9.000,37.000,-17.000,0.000,0.000,0
2026-01-31 12:49:35,4681974,-212.000,7453.000,3680.000,-26.000,-13.000,15.000,0.000,0.000,0
2026-01-31 12:49:35,4682014,-214.000,7346.000,3765.000,-52.000,-1.000,-4.000,0.000,0.000,0
2026-01-31 12:49:36,4682054,-196.000,7482.000,3764.000,27.000,4.000,7.000,0.000,0.000,0
2026-01-31 12:49:36,4682094,-202.000,7388.000,3706.000,-3.000,9.000,23.000,0.000,0.000,0
2026-01-31 12:49:36,4682134,-204.000,7474.000,3721.000,21.000,-9.000,10.000,0.000,0.000,0
2026-01-31 12:49:36,4682174,-182.000,7353.000,3679.000,-5.000,16.000,34.000,0.000,0.000,0
2026-01-31 12:49:36,4682214,-179.000,7398.000,3671.000,38.000,12.000,23.000,0.000,0.000,0
2026-01-31 12:49:36,4682254,-159.000,7459.000,3662.000,-6.000,-9.000,49.000,0.000,0.000,0
2026-01-31 12:49:36,4682294,-84.000,7347.000,3647.000,12.000,7.000,31.000,0.000,0.000,0
2026-01-31 12:49:36,4682334,-133.000,7454.000,3621.000,53.000,8.000,32.000,0.000,0.000,0
2026-01-31 12:49:36,4682374,-57.000,7356.000,3538.000,6.000,7.000,67.000,0.000,0.000,0
2026-01-31 12:49:36,4682414,-71.000,7397.000,3536.000,33.000,11.000,38.000,0.000,0.000,0
2026-01-31 12:49:36,4682454,-32.000,7497.000,3564.000,21.000,-9.000,38.000,0.000,0.000,0
2026-01-31 12:49:36,4682494,-38.000,7417.000,3578.000,12.000,12.000,29.000,0.000,0.000,0
2026-01-31 12:49:36,4682534,-100.000,7382.000,3541.000,24.000,12.000,-2.000,0.000,0.000,0
2026-01-31 12:49:36,4682574,-62.000,7443.000,3548.000,-23.000,-17.000,39.000,0.000,0.000,0
2026-01-31 12:49:36,4682614,-32.000,7498.000,3590.000,-17.000,-12.000,-6.000,0.000,0.000,0
2026-01-31 12:49:36,4682654,-45.000,7552.000,3622.000,-26.000,4.000,-1.000,0.000,0.000,0
2026-01-31 12:49:36,4682694,-71.000,7493.000,3617.000,-14.000,19.000,-5.000,0.000,0.000,0
2026-01-31 12:49:36,4682734,-136.000,7472.000,3584.000,2.000,23.000,-19.000,0.000,0.000,0
2026-01-31 12:49:36,4682774,-93.000,7438.000,3636.000,-39.000,-6.000,-19.000,0.000,0.000,0
2026-01-31 12:49:36,4682814,-101.000,7401.000,3642.000,-48.000,12.000,-18.000,0.000,0.000,0
2026-01-31 12:49:36,4682854,-140.000,7365.000,3558.000,-10.000,33.000,9.000,0.000,0.000,0
2026-01-31 12:49:36,4682894,-114.000,7525.000,3653.000,-62.000,-26.000,-15.000,0.000,0.000,0
2026-01-31 12:49:36,4682934,-119.000,7368.000,3692.000,-78.000,17.000,-12.000,0.000,0.000,0
2026-01-31 12:49:36,4682974,-213.000,7462.000,3603.000,41.000,32.000,-3.000,0.000,0.000,0
2026-01-31 12:49:36,4683014,-231.000,7417.000,3602.000,-28.000,5.000,-23.000,0.000,0.000,0
2026-01-31 12:49:37,4683054,-189.000,7352.000,3679.000,-70.000,-5.000,0.000,0.000,0.000,0
2026-01-31 12:49:37,4683094,-184.000,7430.000,3669.000,22.000,9.000,11.000,0.000,0.000,0
2026-01-31 12:49:37,4683134,-154.000,7498.000,3655.000,17.000,-3.000,9.000,0.000,0.000,0
2026-01-31 12:49:37,4683174,-168.000,7397.000,3700.000,-34.000,10.000,14.000,0.000,0.000,0
2026-01-31 12:49:37,4683214,-149.000,7565.000,3688.000,38.000,1.000,24.000,0.000,0.000,0
2026-01-31 12:49:37,4683254,-159.000,7480.000,3671.000,3.000,8.000,13.000,0.000,0.000,0
2026-01-31 12:49:37,4683294,-174.000,7384.000,3627.000,2.000,15.000,23.000,0.000,0.000,0
2026-01-31 12:49:37,4683334,-147.000,7430.000,3610.000,33.000,5.000,22.000,0.000,0.000,0
2026-01-31 12:49:37,4683374,-139.000,7393.000,3595.000,-18.000,6.000,19.000,0.000,0.000,0
2026-01-31 12:49:37,4683414,-132.000,7408.000,3623.000,1.000,6.000,23.000,0.000,0.000,0
2026-01-31 12:49:37,4683454,-134.000,7424.000,3565.000,27.000,24.000,10.000,0.000,0.000,0
2026-01-31 12:49:37,4683494,-121.000,7370.000,3553.000,-13.000,11.000,5.000,0.000,0.000,0
2026-01-31 12:49:37,4683534,-90.000,7383.000,3569.000,11.000,11.000,6.000,0.000,0.000,0
2026-01-31 12:49:37,4683574,-99.000,7356.000,3506.000,26.000,21.000,11.000,0.000,0.000,0
2026-01-31 12:49:37,4683614,-76.000,7459.000,3586.000,-6.000,-4.000,7.000,0.000,0.000,0
2026-01-31 12:49:37,4683654,-115.000,7390.000,3580.000,-11.000,16.000,7.000,0.000,0.000,0
2026-01-31 12:49:37,4683694,-141.000,7466.000,3564.000,21.000,18.000,2.000,0.000,0.000,0
2026-01-31 12:49:37,4683734,-119.000,7529.000,3617.000,-35.000,3.000,-11.000,0.000,0.000,0
2026-01-31 12:49:37,4683774,-106.000,7444.000,3613.000,-32.000,15.000,-14.000,0.000,0.000,0
2026-01-31 12:49:37,4683814,-155.000,7486.000,3611.000,22.000,13.000,-14.000,0.000,0.000,0
2026-01-31 12:49:37,4683854,-89.000,7539.000,3644.000,-25.000,-11.000,-5.000,0.000,0.000,0
2026-01-31 12:49:37,4683894,-113.000,7415.000,3645.000,-47.000,24.000,-19.000,0.000,0.000,0
2026-01-31 12:49:37,4683934,-151.000,7477.000,3581.000,36.000,30.000,6.000,0.000,0.000,0
2026-01-31 12:49:37,4683974,-183.000,7428.000,3602.000,-25.000,8.000,-26.000,0.000,0.000,0
2026-01-31 12:49:37,4684014,-129.000,7348.000,3643.000,-23.000,17.000,1.000,0.000,0.000,0
2026-01-31 12:49:38,4684054,-195.000,7484.000,3606.000,28.000,26.000,-4.000,0.000,0.000,0
2026-01-31 12:49:38,4684094,-189.000,7408.000,3624.000,-45.000,3.000,-21.000,0.000,0.000,0
2026-01-31 12:49:38,4684134,-186.000,7386.000,3660.000,-34.000,11.000,-4.000,0.000,0.000,0
2026-01-31 12:49:38,4684174,-210.000,7395.000,3601.000,29.000,30.000,-2.000,0.000,0.000,0
2026-01-31 12:49:38,4684214,-190.000,7420.000,3566.000,-10.000,17.000,7.000,0.000,0.000,0
2026-01-31 12:49:38,4684254,-157.000,7431.000,3611.000,-19.000,0.000,11.000,0.000,0.000,0
2026-01-31 12:49:38,4684294,-164.000,7476.000,3600.000,24.000,5.000,4.000,0.000,0.000,0
2026-01-31 12:49:38,4684334,-137.000,7458.000,3610.000,0.000,11.000,9.000,0.000,0.000,0
2026-01-31 12:49:38,4684374,-155.000,7489.000,3636.000,-2.000,-3.000,5.000,0.000,0.000,0
2026-01-31 12:49:38,4684414,-151.000,7483.000,3630.000,12.000,4.000,-3.000,0.000,0.000,0
2026-01-31 12:49:38,4684454,-160.000,7480.000,3618.000,-7.000,1.000,14.000,0.000,0.000,0
2026-01-31 12:49:38,4684494,-150.000,7450.000,3628.000,1.000,8.000,16.000,0.000,0.000,0
2026-01-31 12:49:38,4684534,-168.000,7452.000,3611.000,10.000,7.000,9.000,0.000,0.000,0
2026-01-31 12:49:38,4684574,-125.000,7383.000,3612.000,-1.000,2.000,19.000,0.000,0.000,0
2026-01-31 12:49:38,4684614,-117.000,7455.000,3597.000,3.000,9.000,22.000,0.000,0.000,0
2026-01-31 12:49:38,4684654,-113.000,7458.000,3583.000,-3.000,8.000,2.000,0.000,0.000,0
2026-01-31 12:49:38,4684694,-138.000,7404.000,3572.000,-5.000,11.000,11.000,0.000,0.000,0
2026-01-31 12:49:38,4684734,-131.000,7427.000,3551.000,20.000,15.000,19.000,0.000,0.000,0
2026-01-31 12:49:38,4684774,-133.000,7420.000,3567.000,-18.000,8.000,-2.000,0.000,0.000,0
2026-01-31 12:49:38,4684814,-148.000,7393.000,3551.000,14.000,16.000,5.000,0.000,0.000,0
2026-01-31 12:49:38,4684854,-156.000,7480.000,3553.000,-7.000,1.000,6.000,0.000,0.000,0
2026-01-31 12:49:38,4684894,-149.000,7432.000,3581.000,-38.000,5.000,-4.000,0.000,0.000,0
2026-01-31 12:49:38,4684934,-156.000,7438.000,3571.000,-2.000,13.000,5.000,0.000,0.000,0
2026-01-31 12:49:38,4684974,-185.000,7442.000,3555.000,3.000,23.000,-3.000,0.000,0.000,0
2026-01-31 12:49:38,4685014,-153.000,7477.000,3587.000,-32.000,0.000,10.000,0.000,0.000,0
2026-01-31 12:49:39,4685054,-165.000,7378.000,3587.000,-12.000,18.000,-15.000,0.000,0.000,0
2026-01-31 12:49:39,4685094,-141.000,7562.000,3613.000,19.000,-1.000,14.000,0.000,0.000,0
2026-01-31 12:49:39,4685134,-152.000,7439.000,3630.000,-39.000,12.000,-5.000,0.000,0.000,0
2026-01-31 12:49:39,4685174,-207.000,7458.000,3616.000,3.000,10.000,-1.000,0.000,0.000,0
2026-01-31 12:49:39,4685214,-207.000,7414.000,3617.000,-18.000,11.000,2.000,0.000,0.000,0
2026-01-31 12:49:39,4685254,-194.000,7466.000,3631.000,-4.000,0.000,-2.000,0.000,0.000,0
2026-01-31 12:49:39,4685294,-167.000,7384.000,3590.000,-8.000,15.000,11.000,0.000,0.000,0
2026-01-31 12:49:39,4685334,-160.000,7408.000,3566.000,24.000,14.000,6.000,0.000,0.000,0
2026-01-31 12:49:39,4685374,-137.000,7505.000,3569.000,-4.000,-1.000,30.000,0.000,0.000,0
2026-01-31 12:49:39,4685414,-155.000,7414.000,3552.000,-12.000,22.000,4.000,0.000,0.000,0
2026-01-31 12:49:39,4685457,-179.000,7442.000,3528.000,-15.000,9.000,19.000,0.000,0.000,0
2026-01-31 12:49:39,4685497,-173.000,7419.000,3536.000,-11.000,8.000,3.000,0.000,0.000,0
2026-01-31 12:49:39,4685534,-166.000,7449.000,3523.000,2.000,9.000,-3.000,0.000,0.000,0
2026-01-31 12:49:39,4685574,-140.000,7459.000,3562.000,4.000,-2.000,4.000,0.000,0.000,0
2026-01-31 12:49:39,4685617,-147.000,7511.000,3567.000,0.000,14.000,-5.000,0.000,0.000,0
2026-01-31 12:49:39,4685654,-148.000,7478.000,3542.000,-13.000,14.000,-4.000,0.000,0.000,0
2026-01-31 12:49:39,4685694,-166.000,7511.000,3547.000,8.000,12.000,2.000,0.000,0.000,0
2026-01-31 12:49:39,4685734,-161.000,7536.000,3551.000,-22.000,6.000,-1.000,0.000,0.000,0
2026-01-31 12:49:39,4685774,-157.000,7488.000,3536.000,3.000,18.000,9.000,0.000,0.000,0
2026-01-31 12:49:39,4685814,-156.000,7542.000,3542.000,16.000,9.000,-6.000,0.000,0.000,0
2026-01-31 12:49:39,4685854,-143.000,7521.000,3562.000,-11.000,3.000,11.000,0.000,0.000,0
2026-01-31 12:49:39,4685894,-162.000,7467.000,3546.000,14.000,19.000,-10.000,0.000,0.000,0
2026-01-31 12:49:39,4685934,-186.000,7440.000,3552.000,-42.000,-1.000,-1.000,0.000,0.000,0
2026-01-31 12:49:39,4685974,-202.000,7476.000,3564.000,-3.000,14.000,-13.000,0.000,0.000,0
2026-01-31 12:49:39,4686014,-179.000,7497.000,3547.000,-20.000,4.000,1.000,0.000,0.000,0
2026-01-31 12:49:40,4686054,-166.000,7453.000,3558.000,-5.000,10.000,1.000,0.000,0.000,0
2026-01-31 12:49:40,4686094,-174.000,7475.000,3524.000,28.000,16.000,6.000,0.000,0.000,0
2026-01-31 12:49:40,4686134,-186.000,7519.000,3564.000,-18.000,-5.000,-2.000,0.000,0.000,0
2026-01-31 12:49:40,4686174,-177.000,7381.000,3541.000,-12.000,10.000,6.000,0.000,0.000,0
2026-01-31 12:49:40,4686214,-212.000,7478.000,3529.000,38.000,14.000,2.000,0.000,0.000,0
2026-01-31 12:49:40,4686254,-201.000,7473.000,3550.000,-34.000,-2.000,14.000,0.000,0.000,0
2026-01-31 12:49:40,4686294,-202.000,7499.000,3556.000,-22.000,17.000,1.000,0.000,0.000,0
2026-01-31 12:49:40,4686334,-180.000,7508.000,3532.000,-2.000,4.000,29.000,0.000,0.000,0
2026-01-31 12:49:40,4686374,-166.000,7449.000,3547.000,-24.000,0.000,3.000,0.000,0.000,0
2026-01-31 12:49:40,4686414,-164.000,7486.000,3560.000,6.000,8.000,0.000,0.000,0.000,0
2026-01-31 12:49:40,4686454,-157.000,7467.000,3551.000,3.000,13.000,15.000,0.000,0.000,0
2026-01-31 12:49:40,4686494,-152.000,7448.000,3545.000,9.000,4.000,1.000,0.000,0.000,0
2026-01-31 12:49:40,4686534,-140.000,7460.000,3597.000,-37.000,-7.000,1.000,0.000,0.000,0
2026-01-31 12:49:40,4686574,-157.000,7444.000,3588.000,4.000,13.000,12.000,0.000,0.000,0
2026-01-31 12:49:40,4686614,-171.000,7484.000,3546.000,12.000,8.000,10.000,0.000,0.000,0
2026-01-31 12:49:40,4686654,-165.000,7431.000,3582.000,-34.000,2.000,8.000,0.000,0.000,0
2026-01-31 12:49:40,4686694,-164.000,7459.000,3554.000,4.000,13.000,1.000,0.000,0.000,0
2026-01-31 12:49:40,4686734,-162.000,7428.000,3543.000,-14.000,13.000,19.000,0.000,0.000,0
2026-01-31 12:49:40,4686774,-170.000,7485.000,3550.000,2.000,7.000,8.000,0.000,0.000,0
2026-01-31 12:49:40,4686814,-155.000,7470.000,3564.000,-17.000,2.000,2.000,0.000,0.000,0
2026-01-31 12:49:40,4686854,-164.000,7501.000,3589.000,6.000,12.000,11.000,0.000,0.000,0
2026-01-31 12:49:40,4686894,-167.000,7471.000,3561.000,-12.000,7.000,7.000,0.000,0.000,0
2026-01-31 12:49:40,4686934,-179.000,7445.000,3563.000,-11.000,9.000,4.000,0.000,0.000,0
2026-01-31 12:49:40,4686974,-175.000,7416.000,3548.000,-6.000,5.000,10.000,0.000,0.000,0
2026-01-31 12:49:40,4687014,-164.000,7450.000,3547.000,-3.000,3.000,13.000,0.000,0.000,0
2026-01-31 12:49:41,4687054,-197.000,7386.000,3543.000,-22.000,12.000,14.000,0.000,0.000,0
2026-01-31 12:49:41,4687094,-205.000,7438.000,3538.000,8.000,5.000,6.000,0.000,0.000,0
2026-01-31 12:49:41,4687134,-180.000,7475.000,3563.000,-23.000,1.000,14.000,0.000,0.000,0
2026-01-31 12:49:41,4687174,-183.000,7521.000,3581.000,-10.000,7.000,10.000,0.000,0.000,0
2026-01-31 12:49:41,4687214,-213.000,7450.000,3554.000,0.000,9.000,14.000,0.000,0.000,0
2026-01-31 12:49:41,4687254,-185.000,7528.000,3567.000,-6.000,-4.000,23.000,0.000,0.000,0
2026-01-31 12:49:41,4687294,-166.000,7478.000,3557.000,-12.000,8.000,4.000,0.000,0.000,0
2026-01-31 12:49:41,4687334,-170.000,7494.000,3552.000,11.000,5.000,12.000,0.000,0.000,0
2026-01-31 12:49:41,4687374,-172.000,7449.000,3534.000,5.000,8.000,20.000,0.000,0.000,0
2026-01-31 12:49:41,4687414,-156.000,7473.000,3532.000,0.000,7.000,15.000,0.000,0.000,0
2026-01-31 12:49:41,4687457,-164.000,7449.000,3523.000,6.000,17.000,11.000,0.000,0.000,0
2026-01-31 12:49:41,4687496,-173.000,7481.000,3532.000,-2.000,7.000,5.000,0.000,0.000,0
2026-01-31 12:49:41,4687534,-177.000,7513.000,3549.000,-15.000,1.000,-3.000,0.000,0.000,0
2026-01-31 12:49:41,4687574,-161.000,7526.000,3572.000,-9.000,7.000,8.000,0.000,0.000,0
2026-01-31 12:49:41,4687617,-184.000,7458.000,3524.000,2.000,22.000,-2.000,0.000,0.000,0
2026-01-31 12:49:41,4687654,-149.000,7525.000,3512.000,18.000,11.000,5.000,0.000,0.000,0
2026-01-31 12:49:41,4687694,-146.000,7487.000,3541.000,-8.000,10.000,4.000,0.000,0.000,0
2026-01-31 12:49:41,4687734,-132.000,7467.000,3543.000,-16.000,10.000,7.000,0.000,0.000,0
2026-01-31 12:49:41,4687774,-161.000,7434.000,3529.000,3.000,14.000,0.000,0.000,0.000,0
2026-01-31 12:49:41,4687814,-157.000,7544.000,3534.000,28.000,8.000,1.000,0.000,0.000,0
2026-01-31 12:49:41,4687854,-113.000,7461.000,3555.000,-77.000,-10.000,5.000,0.000,0.000,0
2026-01-31 12:49:41,4687894,-167.000,7429.000,3588.000,-48.000,6.000,-5.000,0.000,0.000,0
2026-01-31 12:49:41,4687934,-126.000,7536.000,3556.000,18.000,8.000,22.000,0.000,0.000,0
2026-01-31 12:49:41,4687974,-182.000,7474.000,3561.000,9.000,25.000,-17.000,0.000,0.000,0
2026-01-31 12:49:41,4688014,-152.000,7471.000,3579.000,-14.000,17.000,8.000,0.000,0.000,0
2026-01-31 12:49:42,4688054,-173.000,7455.000,3552.000,-30.000,19.000,-1.000,0.000,0.000,0
2026-01-31 12:49:42,4688094,-188.000,7384.000,3552.000,-4.000,17.000,-11.000,0.000,0.000,0
2026-01-31 12:49:42,4688134,-168.000,7498.000,3508.000,-6.000,-12.000,5.000,0.000,0.000,0
2026-01-31 12:49:42,4688174,-202.000,7348.000,3553.000,-25.000,28.000,-33.000,0.000,0.000,0
2026-01-31 12:49:42,4688214,-177.000,7500.000,3597.000,-32.000,-11.000,8.000,0.000,0.000,0
2026-01-31 12:49:42,4688254,-170.000,7412.000,3601.000,-12.000,24.000,8.000,0.000,0.000,0
2026-01-31 12:49:42,4688294,-171.000,7522.000,3558.000,47.000,23.000,15.000,0.000,0.000,0
2026-01-31 12:49:42,4688334,-158.000,7517.000,3561.000,8.000,4.000,10.000,0.000,0.000,0
2026-01-31 12:49:42,4688374,-138.000,7467.000,3566.000,3.000,17.000,8.000,0.000,0.000,0
2026-01-31 12:49:42,4688414,-177.000,7459.000,3518.000,14.000,19.000,4.000,0.000,0.000,0
2026-01-31 12:49:42,4688454,-148.000,7488.000,3533.000,17.000,0.000,11.000,0.000,0.000,0
2026-01-31 12:49:42,4688494,-124.000,7471.000,3523.000,-25.000,3.000,5.000,0.000,0.000,0
2026-01-31 12:49:42,4688534,-173.000,7387.000,3524.000,-10.000,15.000,-10.000,0.000,0.000,0
2026-01-31 12:49:42,4688574,-164.000,7487.000,3523.000,2.000,-5.000,13.000,0.000,0.000,0
2026-01-31 12:49:42,4688614,-161.000,7440.000,3561.000,-33.000,12.000,-1.000,0.000,0.000,0
2026-01-31 12:49:42,4688654,-165.000,7499.000,3558.000,-8.000,6.000,1.000,0.000,0.000,0
2026-01-31 12:49:42,4688694,-139.000,7470.000,3558.000,-19.000,4.000,-8.000,0.000,0.000,0
2026-01-31 12:49:42,4688734,-135.000,7474.000,3577.000,-14.000,4.000,-5.000,0.000,0.000,0
2026-01-31 12:49:42,4688774,-140.000,7466.000,3573.000,7.000,15.000,7.000,0.000,0.000,0
2026-01-31 12:49:42,4688814,-123.000,7511.000,3527.000,7.000,12.000,2.000,0.000,0.000,0
2026-01-31 12:49:42,4688854,-165.000,7541.000,3536.000,-1.000,13.000,6.000,0.000,0.000,0
2026-01-31 12:49:42,4688894,-157.000,7466.000,3553.000,-19.000,12.000,4.000,0.000,0.000,0
2026-01-31 12:49:42,4688934,-209.000,7502.000,3552.000,1.000,7.000,-5.000,0.000,0.000,0
2026-01-31 12:49:42,4688974,-165.000,7428.000,3560.000,-44.000,-6.000,16.000,0.000,0.000,0
2026-01-31 12:49:42,4689014,-180.000,7477.000,3530.000,8.000,14.000,-1.000,0.000,0.000,0
2026-01-31 12:49:43,4689054,-189.000,7453.000,3528.000,-18.000,5.000,9.000,0.000,0.000,0
2026-01-31 12:49:43,4689094,-194.000,7445.000,3563.000,-14.000,-4.000,18.000,0.000,0.000,0
2026-01-31 12:49:43,4689134,-144.000,7483.000,3552.000,1.000,3.000,23.000,0.000,0.000,0
2026-01-31 12:49:43,4689174,-156.000,7513.000,3565.000,7.000,11.000,14.000,0.000,0.000,0
2026-01-31 12:49:43,4689214,-112.000,7514.000,3559.000,-15.000,4.000,33.000,0.000,0.000,0
2026-01-31 12:49:43,4689254,-128.000,7510.000,3569.000,4.000,6.000,18.000,0.000,0.000,0
2026-01-31 12:49:43,4689294,-118.000,7480.000,3570.000,-9.000,2.000,15.000,0.000,0.000,0
2026-01-31 12:49:43,4689334,-119.000,7478.000,3551.000,-13.000,12.000,16.000,0.000,0.000,0
2026-01-31 12:49:43,4689374,-155.000,7412.000,3531.000,-47.000,2.000,-12.000,0.000,0.000,0
2026-01-31 12:49:43,4689414,-138.000,7410.000,3580.000,8.000,16.000,-7.000,0.000,0.000,0
2026-01-31 12:49:43,4689454,-171.000,7430.000,3482.000,20.000,21.000,-10.000,0.000,0.000,0
2026-01-31 12:49:43,4689494,-198.000,7429.000,3530.000,-45.000,6.000,-7.000,0.000,0.000,0
2026-01-31 12:49:43,4689534,-180.000,7426.000,3578.000,4.000,10.000,-6.000,0.000,0.000,0
2026-01-31 12:49:43,4689574,-186.000,7460.000,3575.000,25.000,24.000,-9.000,0.000,0.000,0
2026-01-31 12:49:43,4689619,-152.000,7480.000,3584.000,-11.000,11.000,5.000,0.000,0.000,0
2026-01-31 12:49:43,4689654,-137.000,7457.000,3569.000,-8.000,10.000,11.000,0.000,0.000,0
2026-01-31 12:49:43,4689694,-131.000,7503.000,3555.000,34.000,13.000,4.000,0.000,0.000,0
2026-01-31 12:49:43,4689734,-145.000,7490.000,3597.000,-15.000,21.000,-23.000,0.000,0.000,0
2026-01-31 12:49:43,4689774,-136.000,7494.000,3595.000,7.000,14.000,1.000,0.000,0.000,0
2026-01-31 12:49:43,4689814,-135.000,7487.000,3581.000,-35.000,5.000,-3.000,0.000,0.000,0
2026-01-31 12:49:43,4689854,-147.000,7436.000,3567.000,6.000,19.000,-19.000,0.000,0.000,0
2026-01-31 12:49:43,4689894,-193.000,7451.000,3579.000,2.000,16.000,-8.000,0.000,0.000,0
2026-01-31 12:49:43,4689934,-179.000,7411.000,3572.000,-32.000,5.000,12.000,0.000,0.000,0
2026-01-31 12:49:43,4689974,-201.000,7367.000,3564.000,-9.000,17.000,-10.000,0.000,0.000,0
2026-01-31 12:49:43,4690014,-213.000,7470.000,3557.000,-9.000,3.000,8.000,0.000,0.000,0
2026-01-31 12:49:44,4690054,-197.000,7383.000,3560.000,-29.000,1.000,4.000,0.000,0.000,0
2026-01-31 12:49:44,4690094,-212.000,7454.000,3565.000,8.000,-2.000,8.000,0.000,0.000,0
2026-01-31 12:49:44,4690134,-178.000,7474.000,3597.000,-2.000,-3.000,9.000,0.000,0.000,0
2026-01-31 12:49:44,4690174,-163.000,7484.000,3571.000,-9.000,8.000,26.000,0.000,0.000,0
2026-01-31 12:49:44,4690214,-167.000,7465.000,3587.000,13.000,8.000,7.000,0.000,0.000,0
2026-01-31 12:49:44,4690254,-173.000,7557.000,3610.000,8.000,-4.000,18.000,0.000,0.000,0
2026-01-31 12:49:44,4690294,-140.000,7439.000,3583.000,-8.000,11.000,13.000,0.000,0.000,0
2026-01-31 12:49:44,4690334,-168.000,7492.000,3587.000,37.000,6.000,6.000,0.000,0.000,0
2026-01-31 12:49:44,4690374,-113.000,7485.000,3545.000,3.000,-1.000,29.000,0.000,0.000,0
2026-01-31 12:49:44,4690414,-133.000,7410.000,3548.000,-12.000,12.000,1.000,0.000,0.000,0
2026-01-31 12:49:44,4690454,-146.000,7400.000,3525.000,26.000,17.000,13.000,0.000,0.000,0
2026-01-31 12:49:44,4690494,-128.000,7400.000,3517.000,7.000,14.000,-2.000,0.000,0.000,0
2026-01-31 12:49:44,4690534,-137.000,7421.000,3539.000,-12.000,6.000,-2.000,0.000,0.000,0
2026-01-31 12:49:44,4690574,-169.000,7457.000,3545.000,-10.000,6.000,-11.000,0.000,0.000,0
2026-01-31 12:49:44,4690614,-166.000,7406.000,3545.000,-42.000,4.000,0.000,0.000,0.000,0
2026-01-31 12:49:44,4690654,-155.000,7447.000,3539.000,-9.000,18.000,-9.000,0.000,0.000,0
2026-01-31 12:49:44,4690694,-197.000,7484.000,3541.000,-7.000,11.000,-12.000,0.000,0.000,0
2026-01-31 12:49:44,4690734,-200.000,7501.000,3586.000,-31.000,1.000,-2.000,0.000,0.000,0
2026-01-31 12:49:44,4690774,-185.000,7462.000,3606.000,-19.000,15.000,-8.000,0.000,0.000,0
2026-01-31 12:49:44,4690814,-209.000,7513.000,3593.000,13.000,11.000,8.000,0.000,0.000,0
2026-01-31 12:49:44,4690854,-183.000,7512.000,3605.000,-18.000,14.000,-2.000,0.000,0.000,0
2026-01-31 12:49:44,4690894,-160.000,7481.000,3600.000,2.000,13.000,12.000,0.000,0.000,0
2026-01-31 12:49:44,4690934,-166.000,7491.000,3591.000,26.000,17.000,-4.000,0.000,0.000,0
2026-01-31 12:49:44,4690974,-141.000,7487.000,3600.000,-21.000,0.000,-3.000,0.000,0.000,0
2026-01-31 12:49:44,4691014,-113.000,7465.000,3595.000,0.000,10.000,18.000,0.000,0.000,0
2026-01-31 12:49:45,4691054,-152.000,7456.000,3542.000,34.000,19.000,-6.000,0.000,0.000,0
2026-01-31 12:49:45,4691094,-122.000,7463.000,3581.000,-20.000,-11.000,1.000,0.000,0.000,0
2026-01-31 12:49:45,4691134,-147.000,7382.000,3606.000,-13.000,15.000,3.000,0.000,0.000,0
2026-01-31 12:49:45,4691174,-178.000,7411.000,3535.000,10.000,20.000,8.000,0.000,0.000,0
2026-01-31 12:49:45,4691214,-150.000,7392.000,3533.000,-19.000,4.000,-1.000,0.000,0.000,0
2026-01-31 12:49:45,4691254,-159.000,7508.000,3613.000,-11.000,-3.000,13.000,0.000,0.000,0
2026-01-31 12:49:45,4691294,-151.000,7414.000,3576.000,1.000,25.000,0.000,0.000,0.000,0
2026-01-31 12:49:45,4691334,-203.000,7518.000,3572.000,32.000,15.000,13.000,0.000,0.000,0
2026-01-31 12:49:45,4691374,-149.000,7489.000,3583.000,-40.000,-2.000,13.000,0.000,0.000,0
2026-01-31 12:49:45,4691414,-177.000,7442.000,3598.000,7.000,17.000,-12.000,0.000,0.000,0
2026-01-31 12:49:45,4691456,-154.000,7516.000,3564.000,-33.000,0.000,17.000,0.000,0.000,0
2026-01-31 12:49:45,4691496,-146.000,7403.000,3548.000,-36.000,15.000,-1.000,0.000,0.000,0
2026-01-31 12:49:45,4691534,-172.000,7530.000,3563.000,41.000,13.000,-7.000,0.000,0.000,0
2026-01-31 12:49:45,4691574,-167.000,7470.000,3551.000,-26.000,10.000,15.000,0.000,0.000,0
2026-01-31 12:49:45,4691617,-168.000,7455.000,3507.000,26.000,19.000,-9.000,0.000,0.000,0
2026-01-31 12:49:45,4691654,-158.000,7487.000,3535.000,8.000,12.000,1.000,0.000,0.000,0
2026-01-31 12:49:45,4691694,-144.000,7452.000,3530.000,-12.000,8.000,6.000,0.000,0.000,0
2026-01-31 12:49:45,4691734,-148.000,7440.000,3525.000,14.000,4.000,-16.000,0.000,0.000,0
2026-01-31 12:49:45,4691774,-133.000,7506.000,3548.000,16.000,12.000,-1.000,0.000,0.000,0
2026-01-31 12:49:45,4691814,-134.000,7422.000,3556.000,-16.000,16.000,-7.000,0.000,0.000,0
2026-01-31 12:49:45,4691854,-165.000,7475.000,3576.000,-12.000,9.000,1.000,0.000,0.000,0
2026-01-31 12:49:45,4691894,-166.000,7436.000,3550.000,-16.000,17.000,5.000,0.000,0.000,0
2026-01-31 12:49:45,4691934,-170.000,7469.000,3548.000,1.000,14.000,-2.000,0.000,0.000,0
2026-01-31 12:49:45,4691974,-168.000,7492.000,3572.000,-23.000,-2.000,-1.000,0.000,0.000,0
2026-01-31 12:49:45,4692014,-169.000,7409.000,3550.000,-27.000,6.000,11.000,0.000,0.000,0
2026-01-31 12:49:46,4692054,-187.000,7444.000,3554.000,-15.000,2.000,5.000,0.000,0.000,0
2026-01-31 12:49:46,4692094,-170.000,7465.000,3595.000,8.000,-2.000,19.000,0.000,0.000,0
2026-01-31 12:49:46,4692134,-121.000,7491.000,3569.000,51.000,9.000,25.000,0.000,0.000,0
2026-01-31 12:49:46,4692174,-186.000,7519.000,3544.000,7.000,16.000,-4.000,0.000,0.000,0
2026-01-31 12:49:46,4692214,-143.000,7495.000,3556.000,-72.000,-20.000,29.000,0.000,0.000,0
2026-01-31 12:49:46,4692254,-114.000,7443.000,3572.000,-88.000,-15.000,-8.000,0.000,0.000,0
2026-01-31 12:49:46,4692294,-151.000,7459.000,3596.000,-67.000,-11.000,2.000,0.000,0.000,0
2026-01-31 12:49:46,4692334,-134.000,7398.000,3539.000,-22.000,19.000,12.000,0.000,0.000,0
2026-01-31 12:49:46,4692374,-150.000,7545.000,3525.000,22.000,9.000,-5.000,0.000,0.000,0
2026-01-31 12:49:46,4692414,-129.000,7383.000,3544.000,-33.000,25.000,10.000,0.000,0.000,0
2026-01-31 12:49:46,4692454,-152.000,7518.000,3551.000,25.000,14.000,-9.000,0.000,0.000,0
2026-01-31 12:49:46,4692494,-138.000,7503.000,3553.000,-37.000,-1.000,1.000,0.000,0.000,0
2026-01-31 12:49:46,4692534,-127.000,7405.000,3552.000,-1.000,15.000,-3.000,0.000,0.000,0
2026-01-31 12:49:46,4692574,-159.000,7570.000,3570.000,2.000,2.000,-22.000,0.000,0.000,0
2026-01-31 12:49:46,4692614,-116.000,7428.000,3600.000,-77.000,2.000,-12.000,0.000,0.000,0
2026-01-31 12:49:46,4692654,-186.000,7426.000,3588.000,-2.000,32.000,-14.000,0.000,0.000,0
2026-01-31 12:49:46,4692694,-184.000,7509.000,3557.000,2.000,7.000,1.000,0.000,0.000,0
2026-01-31 12:49:46,4692734,-146.000,7429.000,3592.000,-45.000,2.000,-11.000,0.000,0.000,0
2026-01-31 12:49:46,4692774,-183.000,7462.000,3593.000,-35.000,8.000,-12.000,0.000,0.000,0
2026-01-31 12:49:46,4692814,-178.000,7429.000,3589.000,-8.000,2.000,-8.000,0.000,0.000,0
2026-01-31 12:49:46,4692854,-193.000,7459.000,3599.000,-27.000,5.000,-3.000,0.000,0.000,0
2026-01-31 12:49:46,4692894,-203.000,7434.000,3619.000,-34.000,2.000,-2.000,0.000,0.000,0
2026-01-31 12:49:46,4692934,-196.000,7453.000,3619.000,-2.000,9.000,4.000,0.000,0.000,0
2026-01-31 12:49:46,4692974,-212.000,7452.000,3609.000,1.000,8.000,4.000,0.000,0.000,0
2026-01-31 12:49:46,4693014,-168.000,7481.000,3625.000,-10.000,-6.000,17.000,0.000,0.000,0
2026-01-31 12:49:47,4693054,-169.000,7384.000,3614.000,9.000,22.000,-6.000,0.000,0.000,0
2026-01-31 12:49:47,4693094,-175.000,7501.000,3629.000,29.000,0.000,17.000,0.000,0.000,0
2026-01-31 12:49:47,4693134,-131.000,7406.000,3599.000,-38.000,0.000,35.000,0.000,0.000,0
2026-01-31 12:49:47,4693174,-190.000,7493.000,3623.000,14.000,0.000,-8.000,0.000,0.000,0
2026-01-31 12:49:47,4693214,-134.000,7422.000,3617.000,-24.000,-4.000,26.000,0.000,0.000,0
2026-01-31 12:49:47,4693254,-157.000,7413.000,3604.000,19.000,19.000,10.000,0.000,0.000,0
2026-01-31 12:49:47,4693294,-131.000,7439.000,3584.000,5.000,5.000,17.000,0.000,0.000,0
2026-01-31 12:49:47,4693334,-118.000,7438.000,3604.000,-1.000,7.000,11.000,0.000,0.000,0
2026-01-31 12:49:47,4693374,-121.000,7471.000,3583.000,3.000,13.000,17.000,0.000,0.000,0
2026-01-31 12:49:47,4693414,-132.000,7422.000,3559.000,-6.000,16.000,8.000,0.000,0.000,0
2026-01-31 12:49:47,4693457,-121.000,7487.000,3601.000,-4.000,1.000,-9.000,0.000,0.000,0
2026-01-31 12:49:47,4693496,-108.000,7414.000,3596.000,-19.000,10.000,1.000,0.000,0.000,0
2026-01-31 12:49:47,4693537,-154.000,7462.000,3580.000,-20.000,10.000,-13.000,0.000,0.000,0
2026-01-31 12:49:47,4693574,-152.000,7425.000,3585.000,-34.000,12.000,-15.000,0.000,0.000,0
2026-01-31 12:49:47,4693614,-123.000,7411.000,3621.000,-23.000,5.000,-7.000,0.000,0.000,0
2026-01-31 12:49:47,4693654,-141.000,7439.000,3598.000,-7.000,25.000,-6.000,0.000,0.000,0
2026-01-31 12:49:47,4693694,-178.000,7410.000,3594.000,-10.000,16.000,-13.000,0.000,0.000,0
2026-01-31 12:49:47,4693734,-150.000,7476.000,3622.000,-17.000,-2.000,-6.000,0.000,0.000,0
2026-01-31 12:49:47,4693774,-164.000,7405.000,3610.000,-11.000,21.000,-5.000,0.000,0.000,0
2026-01-31 12:49:47,4693814,-160.000,7481.000,3600.000,14.000,5.000,2.000,0.000,0.000,0
2026-01-31 12:49:47,4693854,-191.000,7485.000,3633.000,-41.000,7.000,-15.000,0.000,0.000,0
2026-01-31 12:49:47,4693894,-179.000,7411.000,3637.000,-36.000,3.000,10.000,0.000,0.000,0
2026-01-31 12:49:47,4693934,-193.000,7471.000,3615.000,-8.000,12.000,1.000,0.000,0.000,0
2026-01-31 12:49:47,4693974,-202.000,7409.000,3630.000,-27.000,7.000,-8.000,0.000,0.000,0
2026-01-31 12:49:47,4694014,-194.000,7417.000,3636.000,3.000,0.000,4.000,0.000,0.000,0
2026-01-31 12:49:48,4694054,-161.000,7449.000,3644.000,6.000,4.000,9.000,0.000,0.000,0
2026-01-31 12:49:48,4694094,-165.000,7418.000,3630.000,-11.000,11.000,4.000,0.000,0.000,0
2026-01-31 12:49:48,4694134,-165.000,7469.000,3613.000,17.000,4.000,15.000,0.000,0.000,0
2026-01-31 12:49:48,4694174,-174.000,7437.000,3619.000,-4.000,2.000,10.000,0.000,0.000,0
2026-01-31 12:49:48,4694214,-156.000,7416.000,3618.000,11.000,7.000,11.000,0.000,0.000,0
2026-01-31 12:49:48,4694254,-155.000,7444.000,3627.000,-2.000,0.000,6.000,0.000,0.000,0
2026-01-31 12:49:48,4694294,-135.000,7427.000,3614.000,5.000,-1.000,21.000,0.000,0.000,0
2026-01-31 12:49:48,4694334,-134.000,7406.000,3638.000,-14.000,-6.000,-4.000,0.000,0.000,0
2026-01-31 12:49:48,4694374,-88.000,7423.000,3688.000,9.000,-11.000,-1.000,0.000,0.000,0
2026-01-31 12:49:48,4694414,-70.000,7393.000,3713.000,-21.000,3.000,7.000,0.000,0.000,0
2026-01-31 12:49:48,4694454,-70.000,7385.000,3716.000,-17.000,-3.000,0.000,0.000,0.000,0
2026-01-31 12:49:48,4694494,-51.000,7384.000,3727.000,-52.000,-19.000,-6.000,0.000,0.000,0
2026-01-31 12:49:48,4694534,-46.000,7318.000,3779.000,-99.000,-14.000,-6.000,0.000,0.000,0
2026-01-31 12:49:48,4694574,-54.000,7280.000,3781.000,-3.000,-2.000,-16.000,0.000,0.000,0
2026-01-31 12:49:48,4694614,-45.000,7299.000,3798.000,27.000,-6.000,-12.000,0.000,0.000,0
2026-01-31 12:49:48,4694654,-14.000,7308.000,3862.000,-30.000,-12.000,2.000,0.000,0.000,0
2026-01-31 12:49:48,4694694,-26.000,7290.000,3803.000,63.000,43.000,-19.000,0.000,0.000,0
2026-01-31 12:49:48,4694734,28.000,7495.000,3775.000,54.000,46.000,-36.000,0.000,0.000,0
2026-01-31 12:49:48,4694774,-71.000,7235.000,3867.000,-74.000,110.000,-136.000,0.000,0.000,0
2026-01-31 12:49:48,4694814,-56.000,7292.000,3818.000,180.000,114.000,-112.000,0.000,0.000,0
2026-01-31 12:49:48,4694854,-120.000,7504.000,3744.000,205.000,165.000,-231.000,0.000,0.000,0
2026-01-31 12:49:48,4694894,-120.000,7206.000,3777.000,128.000,217.000,-344.000,0.000,0.000,0
2026-01-31 12:49:48,4694934,-174.000,7310.000,3849.000,409.000,278.000,-486.000,0.000,0.000,0
2026-01-31 12:49:48,4694974,-183.000,7567.000,3710.000,844.000,410.000,-579.000,0.000,0.000,0
2026-01-31 12:49:48,4695014,-304.000,7414.000,3628.000,757.000,465.000,-747.000,0.000,0.000,0
2026-01-31 12:49:49,4695054,-517.000,7555.000,3336.000,847.000,480.000,-782.000,0.000,0.000,0
2026-01-31 12:49:49,4695094,-520.000,7957.000,3318.000,-918.000,166.000,-875.000,0.000,0.000,0
2026-01-31 12:49:49,4695134,-739.000,7619.000,3676.000,-1796.000,106.000,-1067.000,0.000,0.000,0
2026-01-31 12:49:49,4695174,-875.000,7866.000,3761.000,-2193.000,-5.000,-1078.000,0.000,0.000,0
2026-01-31 12:49:49,4695214,-1124.000,7846.000,3750.000,-3476.000,-100.000,-943.000,0.000,0.000,0
2026-01-31 12:49:49,4695254,-1072.000,7347.000,4283.000,-5364.000,-370.000,-747.000,0.000,0.000,0
2026-01-31 12:49:49,4695294,-684.000,5676.000,5145.000,-5182.000,-199.000,-647.000,0.000,0.000,0
2026-01-31 12:49:49,4695334,-747.000,6279.000,5209.000,-2982.000,264.000,-779.000,0.000,0.000,0
2026-01-31 12:49:49,4695374,-1173.000,6296.000,5274.000,-2835.000,476.000,-721.000,0.000,0.000,0
2026-01-31 12:49:49,4695417,-1222.000,5433.000,5455.000,-2008.000,614.000,-388.000,0.000,0.000,0
2026-01-31 12:49:49,4695456,-1603.000,6212.000,5333.000,-979.000,558.000,-167.000,0.000,0.000,0
2026-01-31 12:49:49,4695494,-1554.000,6089.000,5381.000,-986.000,421.000,-147.000,0.000,0.000,0
2026-01-31 12:49:49,4695534,-1447.000,5729.000,5523.000,-459.000,264.000,-179.000,0.000,0.000,0
2026-01-31 12:49:49,4695574,-1558.000,5929.000,5494.000,-105.000,107.000,-279.000,0.000,0.000,0
2026-01-31 12:49:49,4695614,-1493.000,5905.000,5631.000,-312.000,5.000,-287.000,0.000,0.000,0
2026-01-31 12:49:49,4695654,-1496.000,5667.000,5854.000,-247.000,65.000,-113.000,0.000,0.000,0
2026-01-31 12:49:49,4695694,-1436.000,5969.000,5575.000,145.000,145.000,84.000,0.000,0.000,0
2026-01-31 12:49:49,4695734,-1521.000,6132.000,5463.000,7.000,85.000,119.000,0.000,0.000,0
2026-01-31 12:49:49,4695774,-1524.000,5953.000,5651.000,-71.000,-26.000,28.000,0.000,0.000,0
2026-01-31 12:49:49,4695814,-1483.000,5976.000,5621.000,-28.000,-107.000,-12.000,0.000,0.000,0
2026-01-31 12:49:49,4695854,-1364.000,5850.000,5748.000,-209.000,-75.000,-15.000,0.000,0.000,0
2026-01-31 12:49:49,4695894,-1488.000,5903.000,5694.000,-78.000,-4.000,48.000,0.000,0.000,0
2026-01-31 12:49:49,4695934,-1432.000,5995.000,5604.000,-13.000,-9.000,38.000,0.000,0.000,0
2026-01-31 12:49:49,4695974,-1510.000,5988.000,5657.000,-123.000,-47.000,-28.000,0.000,0.000,0
2026-01-31 12:49:49,4696014,-1434.000,5804.000,5772.000,29.000,-80.000,-13.000,0.000,0.000,0
2026-01-31 12:49:50,4696054,-1470.000,6031.000,5636.000,163.000,9.000,-46.000,0.000,0.000,0
2026-01-31 12:49:50,4696094,-1430.000,5907.000,5675.000,6.000,-37.000,46.000,0.000,0.000,0
2026-01-31 12:49:50,4696134,-1450.000,5828.000,5655.000,131.000,-24.000,158.000,0.000,0.000,0
2026-01-31 12:49:50,4696174,-1454.000,6044.000,5577.000,215.000,-48.000,210.000,0.000,0.000,0
2026-01-31 12:49:50,4696214,-1412.000,6008.000,5639.000,104.000,-45.000,162.000,0.000,0.000,0
2026-01-31 12:49:50,4696254,-1435.000,6009.000,5616.000,103.000,-24.000,100.000,0.000,0.000,0
2026-01-31 12:49:50,4696294,-1568.000,6224.000,5503.000,-35.000,-99.000,77.000,0.000,0.000,0
2026-01-31 12:49:50,4696334,-1474.000,6186.000,5520.000,-442.000,-354.000,-28.000,0.000,0.000,0
2026-01-31 12:49:50,4696374,-1370.000,6001.000,5655.000,-406.000,-491.000,-223.000,0.000,0.000,0
2026-01-31 12:49:50,4696414,-1348.000,6020.000,5753.000,-575.000,-691.000,-508.000,0.000,0.000,0
2026-01-31 12:49:50,4696454,-1176.000,5418.000,6032.000,-976.000,-1081.000,-895.000,0.000,0.000,0
2026-01-31 12:49:50,4696494,-1012.000,5437.000,6314.000,-1267.000,-1646.000,-1337.000,0.000,0.000,0
2026-01-31 12:49:50,4696534,-794.000,5196.000,6654.000,-2011.000,-2116.000,-1707.000,0.000,0.000,0
2026-01-31 12:49:50,4696574,-516.000,4225.000,7040.000,-1615.000,-2165.000,-1741.000,0.000,0.000,0
2026-01-31 12:49:50,4696614,-509.000,4224.000,7025.000,-997.000,-1788.000,-891.000,0.000,0.000,0
2026-01-31 12:49:50,4696654,-86.000,4141.000,7006.000,-597.000,-1291.000,-242.000,0.000,0.000,0
2026-01-31 12:49:50,4696694,39.000,4487.000,6921.000,299.000,-462.000,154.000,0.000,0.000,0
2026-01-31 12:49:50,4696734,-757.000,5061.000,6845.000,68.000,-248.000,-40.000,0.000,0.000,0
2026-01-31 12:49:50,4696774,-366.000,4810.000,6884.000,-79.000,-363.000,-267.000,0.000,0.000,0
2026-01-31 12:49:50,4696814,-405.000,4881.000,6913.000,-122.000,-350.000,-264.000,0.000,0.000,0
2026-01-31 12:49:50,4696854,-359.000,4725.000,6996.000,-398.000,-218.000,-61.000,0.000,0.000,0
2026-01-31 12:49:50,4696894,-355.000,4391.000,6949.000,-222.000,105.000,215.000,0.000,0.000,0
2026-01-31 12:49:50,4696934,-598.000,4794.000,6624.000,97.000,208.000,222.000,0.000,0.000,0
2026-01-31 12:49:50,4696974,-646.000,4965.000,6790.000,338.000,-3.000,254.000,0.000,0.000,0
2026-01-31 12:49:50,4697014,-548.000,4936.000,6837.000,-99.000,-332.000,-257.000,0.000,0.000,0
2026-01-31 12:49:51,4697054,-336.000,4575.000,7014.000,-427.000,-335.000,-428.000,0.000,0.000,0
2026-01-31 12:49:51,4697094,-298.000,4640.000,6855.000,-351.000,-221.000,-365.000,0.000,0.000,0
2026-01-31 12:49:51,4697134,-372.000,4209.000,6893.000,-626.000,11.000,-51.000,0.000,0.000,0
2026-01-31 12:49:51,4697174,-452.000,4595.000,6803.000,22.000,99.000,152.000,0.000,0.000,0
2026-01-31 12:49:51,4697214,-646.000,4634.000,6868.000,-37.000,-63.000,73.000,0.000,0.000,0
2026-01-31 12:49:51,4697254,-484.000,4618.000,7081.000,49.000,-199.000,27.000,0.000,0.000,0
2026-01-31 12:49:51,4697294,-270.000,4617.000,6998.000,98.000,-154.000,-3.000,0.000,0.000,0
2026-01-31 12:49:51,4697337,-488.000,4528.000,6894.000,43.000,148.000,68.000,0.000,0.000,0
2026-01-31 12:49:51,4697374,-521.000,4734.000,6834.000,379.000,115.000,0.000,0.000,0.000,0
2026-01-31 12:49:51,4697414,-529.000,4909.000,6858.000,257.000,13.000,-152.000,0.000,0.000,0
2026-01-31 12:49:51,4697454,-504.000,4710.000,6946.000,-37.000,-78.000,-74.000,0.000,0.000,0
2026-01-31 12:49:51,4697494,-394.000,4633.000,6953.000,56.000,-165.000,-156.000,0.000,0.000,0
2026-01-31 12:49:51,4697534,-344.000,4632.000,6909.000,421.000,-175.000,-117.000,0.000,0.000,0
2026-01-31 12:49:51,4697574,-505.000,4772.000,6807.000,21.000,26.000,82.000,0.000,0.000,0
2026-01-31 12:49:51,4697617,-542.000,4713.000,6799.000,-123.000,154.000,123.000,0.000,0.000,0
2026-01-31 12:49:51,4697654,-513.000,4824.000,6808.000,5.000,62.000,12.000,0.000,0.000,0
2026-01-31 12:49:51,4697694,-408.000,4714.000,6853.000,-7.000,-48.000,-104.000,0.000,0.000,0
2026-01-31 12:49:51,4697734,-377.000,4759.000,6868.000,9.000,-29.000,-82.000,0.000,0.000,0
2026-01-31 12:49:51,4697774,-460.000,4729.000,6822.000,5.000,0.000,-34.000,0.000,0.000,0
2026-01-31 12:49:51,4697814,-432.000,4695.000,6836.000,48.000,-8.000,-25.000,0.000,0.000,0
2026-01-31 12:49:51,4697854,-434.000,4774.000,6847.000,-87.000,0.000,-63.000,0.000,0.000,0
2026-01-31 12:49:51,4697894,-424.000,4594.000,6918.000,-116.000,-40.000,-64.000,0.000,0.000,0
2026-01-31 12:49:51,4697934,-481.000,4673.000,6852.000,20.000,-1.000,-62.000,0.000,0.000,0
2026-01-31 12:49:51,4697974,-465.000,4691.000,6844.000,-53.000,-37.000,-81.000,0.000,0.000,0
2026-01-31 12:49:51,4698014,-467.000,4699.000,6860.000,-55.000,-18.000,-101.000,0.000,0.000,0
2026-01-31 12:49:52,4698054,-446.000,4691.000,6903.000,-5.000,-20.000,-77.000,0.000,0.000,0
2026-01-31 12:49:52,4698094,-434.000,4686.000,6891.000,40.000,23.000,10.000,0.000,0.000,0
2026-01-31 12:49:52,4698134,-463.000,4662.000,6868.000,-61.000,27.000,5.000,0.000,0.000,0
2026-01-31 12:49:52,4698174,-515.000,4697.000,6839.000,71.000,46.000,35.000,0.000,0.000,0
2026-01-31 12:49:52,4698214,-487.000,4750.000,6838.000,15.000,-3.000,18.000,0.000,0.000,0
2026-01-31 12:49:52,4698254,-433.000,4720.000,6847.000,82.000,-24.000,8.000,0.000,0.000,0
2026-01-31 12:49:52,4698294,-473.000,4705.000,6911.000,52.000,-9.000,20.000,0.000,0.000,0
2026-01-31 12:49:52,4698334,-449.000,4720.000,6862.000,74.000,6.000,-1.000,0.000,0.000,0
2026-01-31 12:49:52,4698374,-467.000,4817.000,6778.000,-31.000,-50.000,-59.000,0.000,0.000,0
2026-01-31 12:49:52,4698414,-498.000,4715.000,6807.000,-236.000,-142.000,-59.000,0.000,0.000,0
2026-01-31 12:49:52,4698454,-434.000,4786.000,6813.000,-304.000,-419.000,59.000,0.000,0.000,0
2026-01-31 12:49:52,4698494,-352.000,4509.000,7059.000,-333.000,-372.000,78.000,0.000,0.000,0
2026-01-31 12:49:52,4698534,-288.000,4594.000,6985.000,93.000,39.000,30.000,0.000,0.000,0
2026-01-31 12:49:52,4698574,-386.000,4630.000,6918.000,907.000,191.000,-141.000,0.000,0.000,0
2026-01-31 12:49:52,4698614,-564.000,4973.000,6762.000,970.000,287.000,-104.000,0.000,0.000,0
