datetime_local,uptime_ms,acc_x,acc_y,acc_z,gyro_x,gyro_y,gyro_z,speed_mps,turn_rate_deg_s,gps_valid
2026-01-31 12:44:51,4366414,2165.000,-5222.000,6261.000,817.000,551.000,97.000,0.000,0.000,0
2026-01-31 12:44:51,4366454,1826.000,-5155.000,6370.000,926.000,541.000,323.000,0.000,0.000,0
2026-01-31 12:44:51,4366495,1450.000,-4732.000,6684.000,1220.000,437.000,491.000,0.000,0.000,0
2026-01-31 12:44:51,4366534,1317.000,-4223.000,6772.000,792.000,168.000,363.000,0.000,0.000,0
2026-01-31 12:44:51,4366574,1335.000,-4516.000,6665.000,77.000,-88.000,173.000,0.000,0.000,0
2026-01-31 12:44:51,4366614,1785.000,-4679.000,6872.000,289.000,-262.000,264.000,0.000,0.000,0
2026-01-31 12:44:51,4366654,1482.000,-4439.000,7138.000,726.000,-113.000,329.000,0.000,0.000,0
2026-01-31 12:44:51,4366694,1192.000,-4529.000,7021.000,673.000,24.000,313.000,0.000,0.000,0
2026-01-31 12:44:51,4366734,1244.000,-4611.000,7149.000,568.000,39.000,256.000,0.000,0.000,0
2026-01-31 12:44:51,4366774,1397.000,-4470.000,7163.000,801.000,212.000,289.000,0.000,0.000,0
2026-01-31 12:44:51,4366814,1433.000,-4193.000,7053.000,671.000,462.000,391.000,0.000,0.000,0
2026-01-31 12:44:51,4366854,1646.000,-4335.000,6831.000,719.000,731.000,540.000,0.000,0.000,0
2026-01-31 12:44:51,4366894,1644.000,-4022.000,6665.000,1313.000,1191.000,786.000,0.000,0.000,0
2026-01-31 12:44:51,4366934,1475.000,-3963.000,6637.000,1838.000,1428.000,1118.000,0.000,0.000,0
2026-01-31 12:44:51,4366974,1302.000,-3651.000,6455.000,2266.000,1545.000,1467.000,0.000,0.000,0
2026-01-31 12:44:51,4367014,207.000,-3564.000,7133.000,2744.000,1396.000,1527.000,0.000,0.000,0
2026-01-31 12:44:51,4367054,102.000,-3099.000,6979.000,3500.000,1217.000,1599.000,0.000,0.000,0
2026-01-31 12:44:51,4367094,-571.000,-2595.000,7641.000,3262.000,867.000,1467.000,0.000,0.000,0
2026-01-31 12:44:51,4367134,-196.000,-2722.000,8395.000,3567.000,709.000,1356.000,0.000,0.000,0
2026-01-31 12:44:51,4367174,779.000,-686.000,7504.000,5933.000,829.000,1210.000,0.000,0.000,0
2026-01-31 12:44:51,4367214,-202.000,-980.000,9022.000,4204.000,646.000,911.000,0.000,0.000,0
2026-01-31 12:44:51,4367254,-298.000,-1760.000,8718.000,3598.000,1030.000,980.000,0.000,0.000,0
2026-01-31 12:44:51,4367294,-868.000,-993.000,8584.000,3961.000,1297.000,925.000,0.000,0.000,0
2026-01-31 12:44:51,4367334,-513.000,-603.000,8358.000,3556.000,1059.000,858.000,0.000,0.000,0
2026-01-31 12:44:51,4367374,381.000,-1018.000,7897.000,2745.000,407.000,934.000,0.000,0.000,0
2026-01-31 12:44:52,4367414,689.000,-1312.000,7905.000,4606.000,-76.000,2667.000,0.000,0.000,0
2026-01-31 12:44:52,4367454,651.000,-2055.000,7512.000,4933.000,-82.000,4793.000,0.000,0.000,0
2026-01-31 12:44:52,4367494,865.000,-377.000,5683.000,8429.000,-541.000,6711.000,0.000,0.000,0
2026-01-31 12:44:52,4367534,1038.000,1810.000,5624.000,8702.000,-1528.000,7996.000,0.000,0.000,0
2026-01-31 12:44:52,4367574,1273.000,1980.000,4613.000,9123.000,-3047.000,8872.000,0.000,0.000,0
2026-01-31 12:44:52,4367614,1565.000,1958.000,3813.000,10055.000,-4950.000,9571.000,0.000,0.000,0
2026-01-31 12:44:52,4367654,3047.000,3242.000,3959.000,10520.000,-7500.000,10251.000,0.000,0.000,0
2026-01-31 12:44:52,4367694,5488.000,5419.000,4761.000,9503.000,-9772.000,11316.000,0.000,0.000,0
2026-01-31 12:44:52,4367734,7080.000,5659.000,4162.000,2045.000,-11444.000,11618.000,0.000,0.000,0
2026-01-31 12:44:52,4367774,11370.000,1665.000,2718.000,-2741.000,-13938.000,11097.000,0.000,0.000,0
2026-01-31 12:44:52,4367814,14154.000,1407.000,2255.000,4036.000,-12706.000,10782.000,0.000,0.000,0
2026-01-31 12:44:52,4367854,13980.000,4088.000,3550.000,8958.000,-8805.000,9860.000,0.000,0.000,0
2026-01-31 12:44:52,4367894,10778.000,4778.000,4073.000,5945.000,-4614.000,6984.000,0.000,0.000,0
2026-01-31 12:44:52,4367934,9043.000,2201.000,2980.000,1725.000,-2496.000,2759.000,0.000,0.000,0
2026-01-31 12:44:52,4367974,8494.000,685.000,2152.000,2638.000,-1207.000,-186.000,0.000,0.000,0
2026-01-31 12:44:52,4368014,7953.000,806.000,1881.000,5850.000,-86.000,-1063.000,0.000,0.000,0
2026-01-31 12:44:52,4368054,7435.000,2103.000,1902.000,9374.000,812.000,-995.000,0.000,0.000,0
2026-01-31 12:44:52,4368094,7274.000,3938.000,2176.000,9495.000,1211.000,-799.000,0.000,0.000,0
2026-01-31 12:44:52,4368136,7472.000,4577.000,2226.000,5522.000,1272.000,-702.000,0.000,0.000,0
2026-01-31 12:44:52,4368176,8205.000,3358.000,1499.000,-2372.000,868.000,-1290.000,0.000,0.000,0
2026-01-31 12:44:52,4368214,8221.000,2272.000,897.000,-4839.000,749.000,-2245.000,0.000,0.000,0
2026-01-31 12:44:52,4368254,8382.000,1397.000,364.000,-4605.000,674.000,-3318.000,0.000,0.000,0
2026-01-31 12:44:52,4368294,8128.000,1191.000,295.000,-2682.000,661.000,-4148.000,0.000,0.000,0
2026-01-31 12:44:52,4368334,7846.000,1270.000,454.000,-581.000,439.000,-4449.000,0.000,0.000,0
2026-01-31 12:44:52,4368374,7548.000,1685.000,664.000,838.000,56.000,-4178.000,0.000,0.000,0
2026-01-31 12:44:53,4368415,7349.000,2087.000,861.000,902.000,-472.000,-3336.000,0.000,0.000,0
2026-01-31 12:44:53,4368454,7230.000,2281.000,1018.000,-294.000,-1055.000,-2200.000,0.000,0.000,0
2026-01-31 12:44:53,4368494,7247.000,2206.000,1036.000,-2083.000,-1565.000,-986.000,0.000,0.000,0
2026-01-31 12:44:53,4368534,7429.000,2003.000,922.000,-3445.000,-1897.000,144.000,0.000,0.000,0
2026-01-31 12:44:53,4368574,7565.000,1749.000,952.000,-3645.000,-2016.000,1402.000,0.000,0.000,0
2026-01-31 12:44:53,4368614,7746.000,1776.000,984.000,-2899.000,-1947.000,1931.000,0.000,0.000,0
2026-01-31 12:44:53,4368654,8329.000,1870.000,908.000,-2016.000,-1799.000,2421.000,0.000,0.000,0
2026-01-31 12:44:53,4368694,8629.000,2299.000,1003.000,-1276.000,-1444.000,3014.000,0.000,0.000,0
2026-01-31 12:44:53,4368734,8574.000,2643.000,1194.000,-1401.000,-1091.000,3498.000,0.000,0.000,0
2026-01-31 12:44:53,4368774,8722.000,2847.000,1287.000,-2229.000,-759.000,3645.000,0.000,0.000,0
2026-01-31 12:44:53,4368814,8485.000,2834.000,1295.000,-3190.000,-189.000,3364.000,0.000,0.000,0
2026-01-31 12:44:53,4368854,8293.000,2266.000,1087.000,-3486.000,371.000,2584.000,0.000,0.000,0
2026-01-31 12:44:53,4368894,8333.000,1779.000,749.000,-2032.000,864.000,1620.000,0.000,0.000,0
2026-01-31 12:44:53,4368934,8008.000,2561.000,1176.000,-453.000,1358.000,568.000,0.000,0.000,0
2026-01-31 12:44:53,4368974,7880.000,2662.000,1252.000,-510.000,1605.000,-244.000,0.000,0.000,0
2026-01-31 12:44:53,4369014,7761.000,2339.000,984.000,-1161.000,1686.000,-1266.000,0.000,0.000,0
2026-01-31 12:44:53,4369054,7899.000,1726.000,809.000,-1353.000,1577.000,-2195.000,0.000,0.000,0
2026-01-31 12:44:53,4369094,7735.000,1647.000,971.000,-335.000,1522.000,-2879.000,0.000,0.000,0
2026-01-31 12:44:53,4369134,7685.000,1908.000,1398.000,164.000,1089.000,-3292.000,0.000,0.000,0
2026-01-31 12:44:53,4369174,8144.000,1957.000,1922.000,-746.000,567.000,-3604.000,0.000,0.000,0
2026-01-31 12:44:53,4369214,8341.000,1898.000,2015.000,-2068.000,401.000,-3782.000,0.000,0.000,0
2026-01-31 12:44:53,4369254,8086.000,1756.000,2167.000,-3313.000,125.000,-3685.000,0.000,0.000,0
2026-01-31 12:44:53,4369294,7612.000,1366.000,2213.000,-4708.000,-249.000,-3394.000,0.000,0.000,0
2026-01-31 12:44:53,4369334,7114.000,836.000,2068.000,-5324.000,-888.000,-2310.000,0.000,0.000,0
2026-01-31 12:44:53,4369374,6699.000,846.000,1872.000,-4116.000,-1256.000,-1063.000,0.000,0.000,0
2026-01-31 12:44:54,4369414,6714.000,1037.000,1873.000,-3092.000,-1733.000,330.000,0.000,0.000,0
2026-01-31 12:44:54,4369454,6679.000,1266.000,1888.000,-2811.000,-2114.000,1409.000,0.000,0.000,0
2026-01-31 12:44:54,4369494,6464.000,1259.000,1916.000,-2929.000,-2548.000,2175.000,0.000,0.000,0
2026-01-31 12:44:54,4369534,6506.000,1269.000,1909.000,-2635.000,-2791.000,2868.000,0.000,0.000,0
2026-01-31 12:44:54,4369574,6971.000,1615.000,1893.000,-2033.000,-2884.000,3463.000,0.000,0.000,0
2026-01-31 12:44:54,4369614,7967.000,2058.000,2087.000,-2117.000,-2755.000,3665.000,0.000,0.000,0
2026-01-31 12:44:54,4369654,8576.000,2208.000,2190.000,-2976.000,-2376.000,3054.000,0.000,0.000,0
2026-01-31 12:44:54,4369694,9255.000,2092.000,1523.000,-3262.000,-1875.000,2020.000,0.000,0.000,0
2026-01-31 12:44:54,4369734,9097.000,2170.000,1308.000,-2505.000,-676.000,358.000,0.000,0.000,0
2026-01-31 12:44:54,4369774,8379.000,2129.000,1023.000,-2147.000,-110.000,-948.000,0.000,0.000,0
2026-01-31 12:44:54,4369814,7424.000,1998.000,939.000,-2123.000,149.000,-2227.000,0.000,0.000,0
2026-01-31 12:44:54,4369854,7507.000,1909.000,516.000,-1927.000,141.000,-3126.000,0.000,0.000,0
2026-01-31 12:44:54,4369894,8369.000,2400.000,-197.000,-1849.000,85.000,-3448.000,0.000,0.000,0
2026-01-31 12:44:54,4369934,8804.000,2584.000,-664.000,-2839.000,-290.000,-3099.000,0.000,0.000,0
2026-01-31 12:44:54,4369974,8628.000,3215.000,-541.000,-3218.000,-781.000,-2629.000,0.000,0.000,0
2026-01-31 12:44:54,4370014,7860.000,2968.000,-698.000,-5466.000,-1508.000,-2520.000,0.000,0.000,0
2026-01-31 12:44:54,4370054,7146.000,2603.000,-888.000,-6637.000,-1927.000,-2684.000,0.000,0.000,0
2026-01-31 12:44:54,4370096,6973.000,1917.000,-659.000,-6008.000,-2056.000,-2959.000,0.000,0.000,0
2026-01-31 12:44:54,4370135,7316.000,2252.000,-141.000,-3685.000,-2005.000,-2666.000,0.000,0.000,0
2026-01-31 12:44:54,4370174,7394.000,2706.000,592.000,-2537.000,-1796.000,-2070.000,0.000,0.000,0
2026-01-31 12:44:54,4370214,7694.000,2709.000,838.000,-2518.000,-1672.000,-1561.000,0.000,0.000,0
2026-01-31 12:44:54,4370254,8451.000,2565.000,1178.000,-2963.000,-1570.000,-1070.000,0.000,0.000,0
2026-01-31 12:44:54,4370294,8684.000,2470.000,1843.000,-2949.000,-895.000,-189.000,0.000,0.000,0
2026-01-31 12:44:54,4370334,9722.000,1571.000,1751.000,-2266.000,82.000,354.000,0.000,0.000,0
2026-01-31 12:44:54,4370374,10246.000,1842.000,1257.000,644.000,1413.000,1116.000,0.000,0.000,0
2026-01-31 12:44:55,4370417,9974.000,2500.000,1472.000,2058.000,2290.000,1617.000,0.000,0.000,0
2026-01-31 12:44:55,4370454,9014.000,2240.000,1613.000,1350.000,2710.000,850.000,0.000,0.000,0
2026-01-31 12:44:55,4370494,6706.000,1841.000,1217.000,367.000,3175.000,-246.000,0.000,0.000,0
2026-01-31 12:44:55,4370534,6080.000,1335.000,498.000,278.000,3402.000,-756.000,0.000,0.000,0
2026-01-31 12:44:55,4370574,6914.000,874.000,-152.000,1200.000,3324.000,-866.000,0.000,0.000,0
2026-01-31 12:44:55,4370614,7813.000,986.000,-9.000,3120.000,3029.000,-294.000,0.000,0.000,0
2026-01-31 12:44:55,4370654,8004.000,1883.000,686.000,4958.000,2597.000,355.000,0.000,0.000,0
2026-01-31 12:44:55,4370694,7484.000,2110.000,1881.000,4623.000,1755.000,663.000,0.000,0.000,0
2026-01-31 12:44:55,4370734,7181.000,2131.000,2450.000,1587.000,643.000,767.000,0.000,0.000,0
2026-01-31 12:44:55,4370774,6994.000,1732.000,2211.000,-2025.000,108.000,1152.000,0.000,0.000,0
2026-01-31 12:44:55,4370814,6756.000,912.000,1810.000,-3377.000,-86.000,1901.000,0.000,0.000,0
2026-01-31 12:44:55,4370854,6826.000,115.000,1865.000,-1943.000,-291.000,2688.000,0.000,0.000,0
2026-01-31 12:44:55,4370894,7417.000,541.000,2151.000,2939.000,-508.000,3414.000,0.000,0.000,0
2026-01-31 12:44:55,4370934,7550.000,1217.000,2481.000,5472.000,-461.000,3481.000,0.000,0.000,0
2026-01-31 12:44:55,4370974,7436.000,1876.000,2157.000,6353.000,-195.000,3290.000,0.000,0.000,0
2026-01-31 12:44:55,4371014,7522.000,2113.000,1698.000,6100.000,74.000,3192.000,0.000,0.000,0
2026-01-31 12:44:55,4371054,9063.000,2191.000,938.000,6475.000,191.000,3322.000,0.000,0.000,0
2026-01-31 12:44:55,4371094,9091.000,2758.000,703.000,8148.000,827.000,3335.000,0.000,0.000,0
2026-01-31 12:44:55,4371134,7986.000,3076.000,1211.000,8716.000,805.000,2434.000,0.000,0.000,0
2026-01-31 12:44:55,4371174,7696.000,2534.000,1551.000,6986.000,199.000,783.000,0.000,0.000,0
2026-01-31 12:44:55,4371214,8334.000,2501.000,887.000,5914.000,-188.000,-386.000,0.000,0.000,0
2026-01-31 12:44:55,4371254,7749.000,2306.000,1957.000,4800.000,22.000,-1020.000,0.000,0.000,0
2026-01-31 12:44:55,4371294,7507.000,2001.000,2052.000,2676.000,156.000,-1491.000,0.000,0.000,0
2026-01-31 12:44:55,4371334,8213.000,1660.000,1734.000,1619.000,282.000,-1603.000,0.000,0.000,0
2026-01-31 12:44:55,4371374,8775.000,1555.000,1239.000,1739.000,824.000,-1166.000,0.000,0.000,0
2026-01-31 12:44:56,4371414,8678.000,1566.000,1030.000,2759.000,1320.000,-608.000,0.000,0.000,0
2026-01-31 12:44:56,4371454,8352.000,1806.000,1087.000,3286.000,1419.000,-142.000,0.000,0.000,0
2026-01-31 12:44:56,4371494,7544.000,1902.000,1260.000,3096.000,1318.000,24.000,0.000,0.000,0
2026-01-31 12:44:56,4371534,7438.000,1667.000,978.000,2824.000,1108.000,112.000,0.000,0.000,0
2026-01-31 12:44:56,4371574,7559.000,1596.000,661.000,2980.000,1122.000,443.000,0.000,0.000,0
2026-01-31 12:44:56,4371614,7515.000,1578.000,619.000,3560.000,1258.000,1087.000,0.000,0.000,0
2026-01-31 12:44:56,4371654,7803.000,1970.000,814.000,4460.000,1228.000,2332.000,0.000,0.000,0
2026-01-31 12:44:56,4371694,8853.000,2368.000,673.000,4378.000,1053.000,3067.000,0.000,0.000,0
2026-01-31 12:44:56,4371734,10941.000,2750.000,448.000,3847.000,980.000,3619.000,0.000,0.000,0
2026-01-31 12:44:56,4371774,8463.000,2650.000,1316.000,2904.000,1441.000,3238.000,0.000,0.000,0
2026-01-31 12:44:56,4371814,6311.000,1479.000,1987.000,1332.000,737.000,1552.000,0.000,0.000,0
2026-01-31 12:44:56,4371854,7396.000,972.000,1492.000,1845.000,180.000,270.000,0.000,0.000,0
2026-01-31 12:44:56,4371894,7901.000,1561.000,1218.000,3183.000,690.000,161.000,0.000,0.000,0
2026-01-31 12:44:56,4371934,7485.000,1334.000,1778.000,3267.000,1339.000,-94.000,0.000,0.000,0
2026-01-31 12:44:56,4371974,7521.000,1061.000,2028.000,3002.000,1365.000,-939.000,0.000,0.000,0
2026-01-31 12:44:56,4372014,7572.000,730.000,2427.000,2786.000,1034.000,-1794.000,0.000,0.000,0
2026-01-31 12:44:56,4372054,7452.000,638.000,2235.000,2951.000,981.000,-1769.000,0.000,0.000,0
2026-01-31 12:44:56,4372094,7111.000,906.000,2423.000,2984.000,705.000,-1326.000,0.000,0.000,0
2026-01-31 12:44:56,4372136,6954.000,1107.000,2772.000,2185.000,280.000,-737.000,0.000,0.000,0
2026-01-31 12:44:56,4372176,6848.000,1152.000,2778.000,1151.000,-122.000,-103.000,0.000,0.000,0
2026-01-31 12:44:56,4372214,7127.000,1104.000,2512.000,494.000,-545.000,459.000,0.000,0.000,0
2026-01-31 12:44:56,4372254,7516.000,1285.000,2405.000,202.000,-864.000,719.000,0.000,0.000,0
2026-01-31 12:44:56,4372294,8440.000,1264.000,2342.000,110.000,-1010.000,777.000,0.000,0.000,0
2026-01-31 12:44:56,4372334,8470.000,1386.000,2113.000,991.000,-682.000,675.000,0.000,0.000,0
2026-01-31 12:44:56,4372374,7932.000,1733.000,2064.000,1770.000,-382.000,370.000,0.000,0.000,0
2026-01-31 12:44:57,4372416,7675.000,2338.000,1862.000,1713.000,-231.000,-453.000,0.000,0.000,0
2026-01-31 12:44:57,4372454,7822.000,2630.000,1461.000,1361.000,-200.000,-770.000,0.000,0.000,0
2026-01-31 12:44:57,4372494,7904.000,3138.000,1487.000,628.000,-190.000,-883.000,0.000,0.000,0
2026-01-31 12:44:57,4372534,7528.000,3080.000,1514.000,-872.000,-158.000,-1075.000,0.000,0.000,0
2026-01-31 12:44:57,4372574,7433.000,2848.000,1317.000,-1583.000,-215.000,-1385.000,0.000,0.000,0
2026-01-31 12:44:57,4372614,7427.000,2683.000,1098.000,-941.000,17.000,-1671.000,0.000,0.000,0
2026-01-31 12:44:57,4372654,7815.000,3316.000,790.000,362.000,483.000,-1866.000,0.000,0.000,0
2026-01-31 12:44:57,4372694,7875.000,3710.000,311.000,1551.000,1140.000,-1686.000,0.000,0.000,0
2026-01-31 12:44:57,4372734,7627.000,4703.000,338.000,3064.000,1642.000,-1849.000,0.000,0.000,0
2026-01-31 12:44:57,4372774,7748.000,5319.000,183.000,3542.000,1515.000,-2943.000,0.000,0.000,0
2026-01-31 12:44:57,4372814,7029.000,5328.000,1009.000,2724.000,1063.000,-4721.000,0.000,0.000,0
2026-01-31 12:44:57,4372854,6533.000,5394.000,1510.000,1924.000,745.000,-5509.000,0.000,0.000,0
2026-01-31 12:44:57,4372894,7302.000,5759.000,1523.000,776.000,549.000,-5731.000,0.000,0.000,0
2026-01-31 12:44:57,4372934,7448.000,5712.000,1412.000,-31.000,930.000,-5508.000,0.000,0.000,0
2026-01-31 12:44:57,4372974,6162.000,5590.000,1696.000,58.000,1060.000,-5661.000,0.000,0.000,0
2026-01-31 12:44:57,4373014,5308.000,5373.000,1825.000,859.000,588.000,-6097.000,0.000,0.000,0
2026-01-31 12:44:57,4373054,4903.000,5764.000,1726.000,1874.000,338.000,-6291.000,0.000,0.000,0
2026-01-31 12:44:57,4373094,4907.000,6182.000,1098.000,2486.000,370.000,-6176.000,0.000,0.000,0
2026-01-31 12:44:57,4373134,4727.000,6766.000,741.000,2990.000,358.000,-6130.000,0.000,0.000,0
2026-01-31 12:44:57,4373174,3494.000,7221.000,60.000,3498.000,260.000,-6464.000,0.000,0.000,0
2026-01-31 12:44:57,4373214,2626.000,7848.000,-527.000,6190.000,-263.000,-6930.000,0.000,0.000,0
2026-01-31 12:44:57,4373254,2168.000,9313.000,-447.000,5560.000,-819.000,-7103.000,0.000,0.000,0
2026-01-31 12:44:57,4373294,1142.000,7607.000,-953.000,3633.000,-1008.000,-7153.000,0.000,0.000,0
2026-01-31 12:44:57,4373334,512.000,7344.000,-1224.000,4589.000,-1457.000,-6799.000,0.000,0.000,0
2026-01-31 12:44:57,4373374,232.000,6740.000,-1649.000,3613.000,-1841.000,-6269.000,0.000,0.000,0
2026-01-31 12:44:58,4373414,-156.000,5740.000,-1581.000,4280.000,-1772.000,-5173.000,0.000,0.000,0
2026-01-31 12:44:58,4373454,-337.000,6198.000,-2143.000,7073.000,-1700.000,-3764.000,0.000,0.000,0
2026-01-31 12:44:58,4373494,-931.000,5877.000,-3095.000,6063.000,-1496.000,-2190.000,0.000,0.000,0
2026-01-31 12:44:58,4373534,-1474.000,4335.000,-4222.000,6581.000,-1073.000,-842.000,0.000,0.000,0
2026-01-31 12:44:58,4373574,-1856.000,7800.000,-5290.000,10122.000,-989.000,-456.000,0.000,0.000,0
2026-01-31 12:44:58,4373614,-1605.000,6897.000,-3792.000,8479.000,-872.000,-570.000,0.000,0.000,0
2026-01-31 12:44:58,4373654,-1256.000,6098.000,-3883.000,3262.000,-250.000,75.000,0.000,0.000,0
2026-01-31 12:44:58,4373694,-2370.000,5760.000,-6644.000,1749.000,-116.000,209.000,0.000,0.000,0
2026-01-31 12:44:58,4373734,-2312.000,5529.000,-5703.000,788.000,-553.000,-323.000,0.000,0.000,0
2026-01-31 12:44:58,4373774,-1907.000,5423.000,-6347.000,729.000,-555.000,-662.000,0.000,0.000,0
2026-01-31 12:44:58,4373814,-2357.000,4593.000,-5985.000,505.000,-836.000,-533.000,0.000,0.000,0
2026-01-31 12:44:58,4373854,-2135.000,5051.000,-5689.000,200.000,-1010.000,-463.000,0.000,0.000,0
2026-01-31 12:44:58,4373894,-2318.000,4864.000,-6670.000,369.000,-1062.000,-371.000,0.000,0.000,0
2026-01-31 12:44:58,4373934,-2824.000,4577.000,-5441.000,-576.000,-1090.000,-204.000,0.000,0.000,0
2026-01-31 12:44:58,4373974,-2390.000,4415.000,-5853.000,-1198.000,-911.000,-135.000,0.000,0.000,0
2026-01-31 12:44:58,4374014,-2705.000,4789.000,-5110.000,-246.000,-835.000,49.000,0.000,0.000,0
2026-01-31 12:44:58,4374054,-2543.000,5045.000,-5028.000,84.000,-531.000,169.000,0.000,0.000,0
2026-01-31 12:44:58,4374096,-2574.000,5492.000,-5629.000,-33.000,-359.000,56.000,0.000,0.000,0
2026-01-31 12:44:58,4374135,-2851.000,5070.000,-5313.000,-199.000,-375.000,-88.000,0.000,0.000,0
2026-01-31 12:44:58,4374174,-2827.000,4933.000,-5440.000,39.000,-303.000,-115.000,0.000,0.000,0
2026-01-31 12:44:58,4374214,-2782.000,5123.000,-5610.000,129.000,-300.000,-38.000,0.000,0.000,0
2026-01-31 12:44:58,4374254,-2843.000,5001.000,-5445.000,-10.000,-319.000,23.000,0.000,0.000,0
2026-01-31 12:44:58,4374294,-2852.000,5008.000,-5476.000,208.000,-307.000,54.000,0.000,0.000,0
2026-01-31 12:44:58,4374334,-2913.000,5098.000,-5520.000,296.000,-330.000,77.000,0.000,0.000,0
2026-01-31 12:44:58,4374374,-2916.000,5240.000,-5225.000,66.000,-283.000,64.000,0.000,0.000,0
2026-01-31 12:44:59,4374417,-2900.000,5544.000,-5246.000,-424.000,-171.000,37.000,0.000,0.000,0
2026-01-31 12:44:59,4374454,-2779.000,5474.000,-5164.000,-765.000,55.000,-67.000,0.000,0.000,0
2026-01-31 12:44:59,4374494,-2800.000,4923.000,-5220.000,-761.000,178.000,-270.000,0.000,0.000,0
2026-01-31 12:44:59,4374534,-2903.000,4679.000,-5377.000,-48.000,222.000,-597.000,0.000,0.000,0
2026-01-31 12:44:59,4374574,-2897.000,4898.000,-5489.000,415.000,169.000,-642.000,0.000,0.000,0
2026-01-31 12:44:59,4374614,-3083.000,5254.000,-5466.000,405.000,64.000,-482.000,0.000,0.000,0
2026-01-31 12:44:59,4374654,-3316.000,5109.000,-5258.000,-149.000,25.000,-283.000,0.000,0.000,0
2026-01-31 12:44:59,4374694,-3171.000,5183.000,-5731.000,-63.000,-50.000,-190.000,0.000,0.000,0
2026-01-31 12:44:59,4374734,-2833.000,5323.000,-5030.000,382.000,-11.000,-697.000,0.000,0.000,0
2026-01-31 12:44:59,4374774,-3180.000,4845.000,-5761.000,26.000,100.000,-870.000,0.000,0.000,0
2026-01-31 12:44:59,4374814,-3099.000,4798.000,-5351.000,-1007.000,2.000,-918.000,0.000,0.000,0
2026-01-31 12:44:59,4374854,-3046.000,4546.000,-5449.000,-1181.000,9.000,-761.000,0.000,0.000,0
2026-01-31 12:44:59,4374894,-3376.000,4103.000,-5710.000,-455.000,-93.000,-442.000,0.000,0.000,0
2026-01-31 12:44:59,4374934,-3335.000,4710.000,-5568.000,317.000,-219.000,-183.000,0.000,0.000,0
2026-01-31 12:44:59,4374974,-3279.000,4775.000,-5107.000,0.000,-271.000,-2.000,0.000,0.000,0
2026-01-31 12:44:59,4375014,-3441.000,4984.000,-5332.000,-203.000,-203.000,333.000,0.000,0.000,0
2026-01-31 12:44:59,4375054,-3411.000,5250.000,-5366.000,-174.000,-178.000,509.000,0.000,0.000,0
2026-01-31 12:44:59,4375094,-3069.000,5209.000,-4949.000,-684.000,-215.000,346.000,0.000,0.000,0
2026-01-31 12:44:59,4375134,-3083.000,4894.000,-5031.000,-822.000,50.000,131.000,0.000,0.000,0
2026-01-31 12:44:59,4375174,-3232.000,4821.000,-4995.000,-42.000,161.000,138.000,0.000,0.000,0
2026-01-31 12:44:59,4375214,-3167.000,5022.000,-5050.000,467.000,255.000,248.000,0.000,0.000,0
2026-01-31 12:44:59,4375254,-3217.000,5095.000,-5052.000,900.000,370.000,300.000,0.000,0.000,0
2026-01-31 12:44:59,4375294,-3172.000,5145.000,-5310.000,969.000,410.000,254.000,0.000,0.000,0
2026-01-31 12:44:59,4375334,-3170.000,5073.000,-5472.000,990.000,400.000,225.000,0.000,0.000,0
2026-01-31 12:44:59,4375374,-2903.000,4874.000,-5159.000,547.000,345.000,155.000,0.000,0.000,0
2026-01-31 12:45:00,4375414,-2935.000,4764.000,-5359.000,503.000,471.000,323.000,0.000,0.000,0
2026-01-31 12:45:00,4375454,-3020.000,4887.000,-5547.000,625.000,485.000,465.000,0.000,0.000,0
2026-01-31 12:45:00,4375494,-3044.000,4952.000,-5952.000,675.000,602.000,585.000,0.000,0.000,0
2026-01-31 12:45:00,4375534,-3023.000,5129.000,-6015.000,728.000,540.000,584.000,0.000,0.000,0
2026-01-31 12:45:00,4375574,-3041.000,5180.000,-6003.000,476.000,486.000,425.000,0.000,0.000,0
2026-01-31 12:45:00,4375614,-2548.000,5460.000,-5831.000,-20.000,295.000,130.000,0.000,0.000,0
2026-01-31 12:45:00,4375654,-2623.000,5047.000,-5635.000,-838.000,376.000,-145.000,0.000,0.000,0
2026-01-31 12:45:00,4375694,-2578.000,5104.000,-5722.000,-1039.000,460.000,-296.000,0.000,0.000,0
2026-01-31 12:45:00,4375734,-2332.000,4951.000,-5136.000,-1241.000,423.000,-376.000,0.000,0.000,0
2026-01-31 12:45:00,4375774,-2369.000,4992.000,-5287.000,-859.000,468.000,-312.000,0.000,0.000,0
2026-01-31 12:45:00,4375814,-2675.000,5070.000,-5591.000,-492.000,520.000,-133.000,0.000,0.000,0
2026-01-31 12:45:00,4375854,-2554.000,5218.000,-5480.000,-195.000,454.000,-8.000,0.000,0.000,0
2026-01-31 12:45:00,4375894,-2958.000,5207.000,-5311.000,-595.000,309.000,-39.000,0.000,0.000,0
2026-01-31 12:45:00,4375934,-3060.000,4891.000,-5607.000,-583.000,122.000,-194.000,0.000,0.000,0
2026-01-31 12:45:00,4375974,-2570.000,5138.000,-5607.000,-67.000,-11.000,-257.000,0.000,0.000,0
2026-01-31 12:45:00,4376014,-2349.000,5282.000,-5511.000,204.000,-68.000,-194.000,0.000,0.000,0
2026-01-31 12:45:00,4376054,-2529.000,5160.000,-5440.000,211.000,-85.000,-212.000,0.000,0.000,0
2026-01-31 12:45:00,4376094,-2688.000,5285.000,-5364.000,166.000,-150.000,-277.000,0.000,0.000,0
2026-01-31 12:45:00,4376136,-2668.000,5261.000,-5345.000,43.000,-181.000,-372.000,0.000,0.000,0
2026-01-31 12:45:00,4376178,-2763.000,5276.000,-5444.000,-14.000,-119.000,-498.000,0.000,0.000,0
2026-01-31 12:45:00,4376214,-2816.000,5146.000,-5386.000,-89.000,-124.000,-648.000,0.000,0.000,0
2026-01-31 12:45:00,4376254,-2781.000,5149.000,-5384.000,-137.000,-127.000,-785.000,0.000,0.000,0
2026-01-31 12:45:00,4376294,-2917.000,5014.000,-5392.000,-422.000,-72.000,-886.000,0.000,0.000,0
2026-01-31 12:45:00,4376334,-3100.000,4964.000,-5474.000,-514.000,-39.000,-826.000,0.000,0.000,0
2026-01-31 12:45:00,4376374,-3062.000,4918.000,-5421.000,-386.000,-37.000,-648.000,0.000,0.000,0
2026-01-31 12:45:01,4376416,-2994.000,4805.000,-5400.000,-267.000,4.000,-467.000,0.000,0.000,0
2026-01-31 12:45:01,4376454,-3109.000,4940.000,-5443.000,-215.000,52.000,-213.000,0.000,0.000,0
2026-01-31 12:45:01,4376494,-3022.000,4892.000,-5399.000,-334.000,52.000,-14.000,0.000,0.000,0
2026-01-31 12:45:01,4376534,-2969.000,4931.000,-5371.000,-82.000,60.000,115.000,0.000,0.000,0
2026-01-31 12:45:01,4376574,-3073.000,5014.000,-5500.000,-39.000,45.000,140.000,0.000,0.000,0
2026-01-31 12:45:01,4376614,-3060.000,5132.000,-5271.000,-46.000,-59.000,171.000,0.000,0.000,0
2026-01-31 12:45:01,4376654,-3019.000,5178.000,-5366.000,-85.000,-91.000,137.000,0.000,0.000,0
2026-01-31 12:45:01,4376694,-3032.000,5266.000,-5343.000,-4.000,-166.000,-7.000,0.000,0.000,0
2026-01-31 12:45:01,4376734,-3063.000,5372.000,-5205.000,-76.000,-178.000,-98.000,0.000,0.000,0
2026-01-31 12:45:01,4376774,-3166.000,5259.000,-5187.000,-337.000,-183.000,-178.000,0.000,0.000,0
2026-01-31 12:45:01,4376814,-3128.000,5003.000,-5209.000,-386.000,-181.000,-203.000,0.000,0.000,0
2026-01-31 12:45:01,4376854,-3183.000,5007.000,-5300.000,-101.000,-119.000,-156.000,0.000,0.000,0
2026-01-31 12:45:01,4376894,-3028.000,4987.000,-5170.000,92.000,-98.000,-80.000,0.000,0.000,0
2026-01-31 12:45:01,4376934,-3082.000,4992.000,-5185.000,134.000,-56.000,73.000,0.000,0.000,0
2026-01-31 12:45:01,4376974,-3176.000,5009.000,-5220.000,301.000,-78.000,143.000,0.000,0.000,0
2026-01-31 12:45:01,4377014,-3159.000,5234.000,-5202.000,220.000,-61.000,160.000,0.000,0.000,0
2026-01-31 12:45:01,4377054,-3065.000,5077.000,-5298.000,123.000,-86.000,107.000,0.000,0.000,0
2026-01-31 12:45:01,4377094,-3275.000,5046.000,-5284.000,254.000,-95.000,115.000,0.000,0.000,0
2026-01-31 12:45:01,4377134,-3210.000,5203.000,-5255.000,173.000,-173.000,190.000,0.000,0.000,0
2026-01-31 12:45:01,4377174,-3158.000,5042.000,-5096.000,22.000,-174.000,185.000,0.000,0.000,0
2026-01-31 12:45:01,4377214,-3125.000,5001.000,-5338.000,59.000,-129.000,127.000,0.000,0.000,0
2026-01-31 12:45:01,4377254,-3170.000,5092.000,-5372.000,198.000,-130.000,109.000,0.000,0.000,0
2026-01-31 12:45:01,4377294,-3149.000,5173.000,-5159.000,244.000,-152.000,23.000,0.000,0.000,0
2026-01-31 12:45:01,4377334,-3115.000,5228.000,-5237.000,83.000,-141.000,-91.000,0.000,0.000,0
2026-01-31 12:45:01,4377374,-3307.000,5184.000,-5326.000,-18.000,-78.000,-164.000,0.000,0.000,0
2026-01-31 12:45:02,4377414,-3412.000,5005.000,-5229.000,-18.000,-88.000,-98.000,0.000,0.000,0
2026-01-31 12:45:02,4377454,-3305.000,5358.000,-5335.000,-426.000,-159.000,219.000,0.000,0.000,0
2026-01-31 12:45:02,4377494,-3172.000,4909.000,-5195.000,-852.000,-230.000,193.000,0.000,0.000,0
2026-01-31 12:45:02,4377534,-3101.000,5031.000,-5166.000,-375.000,-280.000,-1.000,0.000,0.000,0
2026-01-31 12:45:02,4377574,-3240.000,5216.000,-5197.000,648.000,-287.000,-47.000,0.000,0.000,0
2026-01-31 12:45:02,4377614,-3307.000,5029.000,-5044.000,566.000,-340.000,-16.000,0.000,0.000,0
2026-01-31 12:45:02,4377654,-3174.000,4840.000,-5221.000,1196.000,-337.000,-51.000,0.000,0.000,0
2026-01-31 12:45:02,4377694,-3316.000,4804.000,-5304.000,1476.000,-336.000,-37.000,0.000,0.000,0
2026-01-31 12:45:02,4377734,-3304.000,4770.000,-5419.000,1859.000,-387.000,-41.000,0.000,0.000,0
2026-01-31 12:45:02,4377774,-3387.000,4321.000,-5614.000,1841.000,-450.000,72.000,0.000,0.000,0
2026-01-31 12:45:02,4377814,-3437.000,4272.000,-5692.000,1464.000,-544.000,352.000,0.000,0.000,0
2026-01-31 12:45:02,4377854,-3545.000,4463.000,-5531.000,1017.000,-597.000,537.000,0.000,0.000,0
2026-01-31 12:45:02,4377894,-3561.000,4588.000,-5836.000,-372.000,-681.000,751.000,0.000,0.000,0
2026-01-31 12:45:02,4377934,-3700.000,4748.000,-5794.000,-685.000,-876.000,842.000,0.000,0.000,0
2026-01-31 12:45:02,4377974,-3484.000,4620.000,-5475.000,-785.000,-964.000,824.000,0.000,0.000,0
2026-01-31 12:45:02,4378014,-3562.000,4921.000,-5593.000,-407.000,-957.000,790.000,0.000,0.000,0
2026-01-31 12:45:02,4378054,-3405.000,4647.000,-5704.000,-453.000,-971.000,595.000,0.000,0.000,0
2026-01-31 12:45:02,4378094,-3552.000,4463.000,-5299.000,789.000,-862.000,487.000,0.000,0.000,0
2026-01-31 12:45:02,4378136,-3329.000,5133.000,-4246.000,1671.000,-738.000,520.000,0.000,0.000,0
2026-01-31 12:45:02,4378175,-3346.000,4564.000,-5322.000,1014.000,-383.000,540.000,0.000,0.000,0
2026-01-31 12:45:02,4378214,-3842.000,4147.000,-5632.000,894.000,-471.000,471.000,0.000,0.000,0
2026-01-31 12:45:02,4378254,-3615.000,3951.000,-5605.000,1111.000,-359.000,366.000,0.000,0.000,0
2026-01-31 12:45:02,4378294,-3901.000,4579.000,-5697.000,1147.000,-402.000,403.000,0.000,0.000,0
2026-01-31 12:45:02,4378334,-3790.000,4553.000,-5732.000,59.000,-422.000,411.000,0.000,0.000,0
2026-01-31 12:45:02,4378374,-3455.000,4317.000,-5278.000,232.000,-297.000,393.000,0.000,0.000,0
2026-01-31 12:45:03,4378417,-3845.000,4088.000,-5572.000,-236.000,-25.000,359.000,0.000,0.000,0
2026-01-31 12:45:03,4378454,-3875.000,4314.000,-5753.000,-460.000,57.000,286.000,0.000,0.000,0
2026-01-31 12:45:03,4378494,-3720.000,3840.000,-5769.000,-551.000,-11.000,323.000,0.000,0.000,0
2026-01-31 12:45:03,4378534,-3664.000,4293.000,-5631.000,-410.000,125.000,177.000,0.000,0.000,0
2026-01-31 12:45:03,4378574,-3928.000,3994.000,-5846.000,-387.000,230.000,33.000,0.000,0.000,0
2026-01-31 12:45:03,4378614,-3592.000,4453.000,-5687.000,-110.000,165.000,-351.000,0.000,0.000,0
2026-01-31 12:45:03,4378654,-3681.000,4217.000,-5468.000,-349.000,191.000,-568.000,0.000,0.000,0
2026-01-31 12:45:03,4378694,-3715.000,4489.000,-5363.000,161.000,93.000,-552.000,0.000,0.000,0
2026-01-31 12:45:03,4378734,-3501.000,4289.000,-5270.000,20.000,214.000,-693.000,0.000,0.000,0
2026-01-31 12:45:03,4378774,-3657.000,4230.000,-5375.000,49.000,422.000,-707.000,0.000,0.000,0
2026-01-31 12:45:03,4378814,-4017.000,4415.000,-5452.000,260.000,542.000,-660.000,0.000,0.000,0
2026-01-31 12:45:03,4378854,-4139.000,4397.000,-5619.000,211.000,428.000,-675.000,0.000,0.000,0
2026-01-31 12:45:03,4378894,-4156.000,4095.000,-5755.000,-3.000,331.000,-645.000,0.000,0.000,0
2026-01-31 12:45:03,4378934,-4152.000,4023.000,-5771.000,-183.000,224.000,-463.000,0.000,0.000,0
2026-01-31 12:45:03,4378974,-4135.000,3974.000,-5715.000,-48.000,123.000,-304.000,0.000,0.000,0
2026-01-31 12:45:03,4379014,-4142.000,4145.000,-5839.000,278.000,104.000,-164.000,0.000,0.000,0
2026-01-31 12:45:03,4379054,-4001.000,4260.000,-5836.000,-90.000,58.000,-119.000,0.000,0.000,0
2026-01-31 12:45:03,4379094,-3912.000,3970.000,-5733.000,-217.000,81.000,-143.000,0.000,0.000,0
2026-01-31 12:45:03,4379134,-3842.000,3926.000,-5723.000,-366.000,72.000,-194.000,0.000,0.000,0
2026-01-31 12:45:03,4379174,-3883.000,3939.000,-5804.000,-370.000,153.000,-116.000,0.000,0.000,0
2026-01-31 12:45:03,4379214,-3937.000,3809.000,-5803.000,-248.000,143.000,-141.000,0.000,0.000,0
2026-01-31 12:45:03,4379254,-3961.000,3848.000,-5896.000,-276.000,120.000,-165.000,0.000,0.000,0
2026-01-31 12:45:03,4379294,-3904.000,3784.000,-5801.000,-353.000,69.000,-200.000,0.000,0.000,0
2026-01-31 12:45:03,4379334,-3887.000,3831.000,-5802.000,-177.000,88.000,-200.000,0.000,0.000,0
2026-01-31 12:45:03,4379374,-4046.000,3770.000,-5902.000,-197.000,70.000,-177.000,0.000,0.000,0
2026-01-31 12:45:04,4379414,-4012.000,3808.000,-5768.000,-196.000,-23.000,-101.000,0.000,0.000,0
2026-01-31 12:45:04,4379454,-3983.000,3949.000,-5671.000,-202.000,-73.000,-106.000,0.000,0.000,0
2026-01-31 12:45:04,4379494,-3981.000,4026.000,-5687.000,-375.000,-82.000,-74.000,0.000,0.000,0
2026-01-31 12:45:04,4379534,-3986.000,4089.000,-5565.000,-570.000,-74.000,-83.000,0.000,0.000,0
2026-01-31 12:45:04,4379574,-4106.000,3958.000,-5562.000,-779.000,22.000,-35.000,0.000,0.000,0
2026-01-31 12:45:04,4379614,-3995.000,3762.000,-5567.000,-281.000,60.000,11.000,0.000,0.000,0
2026-01-31 12:45:04,4379654,-4105.000,3805.000,-5724.000,150.000,91.000,126.000,0.000,0.000,0
2026-01-31 12:45:04,4379694,-3830.000,4437.000,-5268.000,-185.000,88.000,148.000,0.000,0.000,0
2026-01-31 12:45:04,4379734,-4297.000,4238.000,-5516.000,282.000,178.000,223.000,0.000,0.000,0
2026-01-31 12:45:04,4379774,-3952.000,4241.000,-5690.000,225.000,101.000,217.000,0.000,0.000,0
2026-01-31 12:45:04,4379814,-4027.000,4029.000,-5578.000,-184.000,78.000,240.000,0.000,0.000,0
2026-01-31 12:45:04,4379854,-3932.000,3925.000,-5699.000,-119.000,79.000,259.000,0.000,0.000,0
2026-01-31 12:45:04,4379894,-3923.000,4010.000,-5770.000,-28.000,125.000,291.000,0.000,0.000,0
2026-01-31 12:45:04,4379934,-3982.000,3921.000,-5707.000,-35.000,59.000,334.000,0.000,0.000,0
2026-01-31 12:45:04,4379974,-4005.000,3945.000,-5771.000,-134.000,7.000,316.000,0.000,0.000,0
2026-01-31 12:45:04,4380014,-4025.000,4431.000,-5779.000,-35.000,-90.000,283.000,0.000,0.000,0
2026-01-31 12:45:04,4380054,-4015.000,4192.000,-5591.000,-531.000,-178.000,242.000,0.000,0.000,0
2026-01-31 12:45:04,4380094,-4027.000,4178.000,-5572.000,-207.000,-145.000,165.000,0.000,0.000,0
2026-01-31 12:45:04,4380136,-3999.000,4057.000,-5734.000,-428.000,-127.000,188.000,0.000,0.000,0
2026-01-31 12:45:04,4380174,-3930.000,4006.000,-5606.000,-214.000,-201.000,233.000,0.000,0.000,0
2026-01-31 12:45:04,4380218,-3936.000,4275.000,-5521.000,127.000,-106.000,167.000,0.000,0.000,0
2026-01-31 12:45:04,4380254,-4025.000,4337.000,-5413.000,-70.000,30.000,36.000,0.000,0.000,0
2026-01-31 12:45:04,4380294,-3858.000,4400.000,-5372.000,79.000,161.000,-175.000,0.000,0.000,0
2026-01-31 12:45:04,4380334,-4092.000,4125.000,-5690.000,21.000,205.000,-189.000,0.000,0.000,0
2026-01-31 12:45:04,4380374,-3961.000,3905.000,-5570.000,-36.000,162.000,-187.000,0.000,0.000,0
2026-01-31 12:45:05,4380417,-4022.000,4021.000,-5701.000,337.000,143.000,-130.000,0.000,0.000,0
2026-01-31 12:45:05,4380455,-3942.000,4250.000,-5651.000,543.000,117.000,-148.000,0.000,0.000,0
2026-01-31 12:45:05,4380494,-4098.000,4032.000,-5774.000,330.000,96.000,-112.000,0.000,0.000,0
2026-01-31 12:45:05,4380534,-3942.000,4079.000,-5708.000,203.000,47.000,-77.000,0.000,0.000,0
2026-01-31 12:45:05,4380574,-4033.000,3927.000,-5762.000,173.000,44.000,-45.000,0.000,0.000,0
2026-01-31 12:45:05,4380614,-4038.000,3975.000,-5725.000,133.000,35.000,-47.000,0.000,0.000,0
2026-01-31 12:45:05,4380654,-4057.000,4052.000,-5745.000,125.000,-22.000,-63.000,0.000,0.000,0
2026-01-31 12:45:05,4380694,-3996.000,4194.000,-5756.000,53.000,-61.000,-65.000,0.000,0.000,0
2026-01-31 12:45:05,4380734,-3955.000,3979.000,-5633.000,-342.000,-89.000,-87.000,0.000,0.000,0
2026-01-31 12:45:05,4380774,-3973.000,3899.000,-5639.000,-26.000,-54.000,-82.000,0.000,0.000,0
2026-01-31 12:45:05,4380814,-4033.000,4091.000,-5686.000,-25.000,-11.000,-17.000,0.000,0.000,0
2026-01-31 12:45:05,4380854,-4063.000,4027.000,-5642.000,-147.000,-19.000,-11.000,0.000,0.000,0
2026-01-31 12:45:05,4380894,-3973.000,4066.000,-5696.000,-191.000,-46.000,2.000,0.000,0.000,0
2026-01-31 12:45:05,4380934,-4060.000,4105.000,-5643.000,-347.000,-47.000,22.000,0.000,0.000,0
2026-01-31 12:45:05,4380974,-3951.000,4063.000,-5532.000,-206.000,-59.000,12.000,0.000,0.000,0
2026-01-31 12:45:05,4381014,-4051.000,3985.000,-5606.000,-48.000,13.000,39.000,0.000,0.000,0
2026-01-31 12:45:05,4381054,-4025.000,4184.000,-5612.000,71.000,12.000,81.000,0.000,0.000,0
2026-01-31 12:45:05,4381094,-3957.000,4159.000,-5635.000,57.000,-17.000,57.000,0.000,0.000,0
2026-01-31 12:45:05,4381134,-4065.000,4072.000,-5588.000,-4.000,-13.000,52.000,0.000,0.000,0
2026-01-31 12:45:05,4381174,-4048.000,4113.000,-5642.000,47.000,-11.000,70.000,0.000,0.000,0
2026-01-31 12:45:05,4381214,-4050.000,4067.000,-5746.000,73.000,-38.000,67.000,0.000,0.000,0
2026-01-31 12:45:05,4381254,-4124.000,4119.000,-5553.000,77.000,-44.000,69.000,0.000,0.000,0
2026-01-31 12:45:05,4381294,-3993.000,4069.000,-5582.000,-3.000,-78.000,115.000,0.000,0.000,0
2026-01-31 12:45:05,4381334,-3917.000,4150.000,-5663.000,96.000,-57.000,137.000,0.000,0.000,0
2026-01-31 12:45:05,4381374,-3984.000,4158.000,-5635.000,53.000,-65.000,95.000,0.000,0.000,0
2026-01-31 12:45:06,4381414,-4039.000,4071.000,-5563.000,-35.000,-83.000,131.000,0.000,0.000,0
2026-01-31 12:45:06,4381454,-4044.000,4083.000,-5686.000,30.000,-87.000,140.000,0.000,0.000,0
2026-01-31 12:45:06,4381494,-3963.000,4230.000,-5573.000,-22.000,-115.000,128.000,0.000,0.000,0
2026-01-31 12:45:06,4381534,-4068.000,4154.000,-5575.000,-12.000,-70.000,97.000,0.000,0.000,0
2026-01-31 12:45:06,4381574,-4046.000,4042.000,-5547.000,-69.000,-72.000,119.000,0.000,0.000,0
2026-01-31 12:45:06,4381614,-4043.000,4142.000,-5662.000,40.000,-78.000,140.000,0.000,0.000,0
2026-01-31 12:45:06,4381654,-4068.000,4225.000,-5582.000,8.000,-109.000,127.000,0.000,0.000,0
2026-01-31 12:45:06,4381694,-4064.000,4240.000,-5518.000,8.000,-99.000,114.000,0.000,0.000,0
2026-01-31 12:45:06,4381734,-4044.000,4191.000,-5522.000,2.000,-47.000,79.000,0.000,0.000,0
2026-01-31 12:45:06,4381774,-4088.000,4200.000,-5530.000,16.000,-20.000,57.000,0.000,0.000,0
2026-01-31 12:45:06,4381814,-4038.000,4181.000,-5517.000,49.000,-23.000,25.000,0.000,0.000,0
2026-01-31 12:45:06,4381854,-4064.000,4206.000,-5580.000,65.000,17.000,31.000,0.000,0.000,0
2026-01-31 12:45:06,4381894,-4075.000,4147.000,-5566.000,2.000,-5.000,6.000,0.000,0.000,0
2026-01-31 12:45:06,4381934,-3975.000,4136.000,-5496.000,-8.000,3.000,16.000,0.000,0.000,0
2026-01-31 12:45:06,4381974,-4055.000,4156.000,-5612.000,53.000,55.000,15.000,0.000,0.000,0
2026-01-31 12:45:06,4382014,-4083.000,4200.000,-5555.000,-35.000,38.000,11.000,0.000,0.000,0
2026-01-31 12:45:06,4382054,-3989.000,4165.000,-5550.000,-76.000,37.000,7.000,0.000,0.000,0
2026-01-31 12:45:06,4382094,-4064.000,4238.000,-5613.000,8.000,55.000,4.000,0.000,0.000,0
2026-01-31 12:45:06,4382134,-4037.000,4221.000,-5518.000,-83.000,34.000,3.000,0.000,0.000,0
2026-01-31 12:45:06,4382176,-4037.000,4190.000,-5616.000,-100.000,36.000,10.000,0.000,0.000,0
2026-01-31 12:45:06,4382215,-4070.000,4222.000,-5580.000,-267.000,7.000,20.000,0.000,0.000,0
2026-01-31 12:45:06,4382254,-4033.000,4274.000,-5529.000,-339.000,-15.000,30.000,0.000,0.000,0
2026-01-31 12:45:06,4382294,-4047.000,4215.000,-5623.000,-577.000,-44.000,75.000,0.000,0.000,0
2026-01-31 12:45:06,4382334,-4010.000,4181.000,-5564.000,-621.000,-140.000,52.000,0.000,0.000,0
2026-01-31 12:45:06,4382374,-4046.000,4133.000,-5446.000,-333.000,-136.000,122.000,0.000,0.000,0
2026-01-31 12:45:07,4382415,-4026.000,4356.000,-5410.000,-48.000,-128.000,173.000,0.000,0.000,0
2026-01-31 12:45:07,4382454,-4015.000,4588.000,-5203.000,-167.000,-104.000,77.000,0.000,0.000,0
2026-01-31 12:45:07,4382494,-3989.000,4220.000,-5407.000,-311.000,-45.000,107.000,0.000,0.000,0
2026-01-31 12:45:07,4382534,-4015.000,4617.000,-5374.000,51.000,18.000,-3.000,0.000,0.000,0
2026-01-31 12:45:07,4382574,-3973.000,4362.000,-5155.000,-50.000,96.000,-34.000,0.000,0.000,0
2026-01-31 12:45:07,4382614,-3977.000,4311.000,-5342.000,53.000,200.000,-30.000,0.000,0.000,0
2026-01-31 12:45:07,4382654,-3991.000,4378.000,-5363.000,463.000,258.000,-78.000,0.000,0.000,0
2026-01-31 12:45:07,4382694,-4043.000,4320.000,-5435.000,532.000,270.000,-125.000,0.000,0.000,0
2026-01-31 12:45:07,4382734,-4084.000,4028.000,-5467.000,947.000,283.000,-197.000,0.000,0.000,0
2026-01-31 12:45:07,4382774,-3918.000,4354.000,-5659.000,1581.000,301.000,-219.000,0.000,0.000,0
2026-01-31 12:45:07,4382814,-3983.000,4031.000,-5766.000,560.000,232.000,-103.000,0.000,0.000,0
2026-01-31 12:45:07,4382854,-4020.000,4157.000,-5728.000,423.000,194.000,-144.000,0.000,0.000,0
2026-01-31 12:45:07,4382894,-3894.000,4062.000,-5702.000,116.000,180.000,-114.000,0.000,0.000,0
2026-01-31 12:45:07,4382934,-4017.000,4019.000,-5877.000,125.000,152.000,-102.000,0.000,0.000,0
2026-01-31 12:45:07,4382974,-4009.000,3937.000,-5802.000,-16.000,46.000,-80.000,0.000,0.000,0
2026-01-31 12:45:07,4383014,-3948.000,3947.000,-5692.000,42.000,41.000,-36.000,0.000,0.000,0
2026-01-31 12:45:07,4383054,-3970.000,3993.000,-5779.000,310.000,108.000,-48.000,0.000,0.000,0
2026-01-31 12:45:07,4383094,-4006.000,4193.000,-5742.000,233.000,50.000,-86.000,0.000,0.000,0
2026-01-31 12:45:07,4383134,-3900.000,4044.000,-5633.000,-197.000,73.000,-110.000,0.000,0.000,0
2026-01-31 12:45:07,4383174,-3955.000,3877.000,-5708.000,-185.000,116.000,-122.000,0.000,0.000,0
2026-01-31 12:45:07,4383214,-3924.000,3956.000,-5768.000,-129.000,114.000,-105.000,0.000,0.000,0
2026-01-31 12:45:07,4383254,-3989.000,4077.000,-5760.000,85.000,133.000,-99.000,0.000,0.000,0
2026-01-31 12:45:07,4383294,-3914.000,3992.000,-5778.000,-195.000,135.000,-72.000,0.000,0.000,0
2026-01-31 12:45:07,4383334,-3912.000,3882.000,-5793.000,-67.000,113.000,-100.000,0.000,0.000,0
2026-01-31 12:45:07,4383374,-3989.000,4023.000,-5759.000,-1.000,72.000,-73.000,0.000,0.000,0
2026-01-31 12:45:08,4383414,-3952.000,3974.000,-5706.000,-200.000,81.000,-52.000,0.000,0.000,0
2026-01-31 12:45:08,4383454,-3969.000,3923.000,-5762.000,-173.000,108.000,-28.000,0.000,0.000,0
2026-01-31 12:45:08,4383494,-3897.000,3954.000,-5762.000,-67.000,106.000,22.000,0.000,0.000,0
2026-01-31 12:45:08,4383534,-3997.000,4123.000,-5670.000,35.000,109.000,-7.000,0.000,0.000,0
2026-01-31 12:45:08,4383574,-4000.000,4037.000,-5842.000,-97.000,47.000,-51.000,0.000,0.000,0
2026-01-31 12:45:08,4383614,-4021.000,3918.000,-5767.000,18.000,-37.000,-55.000,0.000,0.000,0
2026-01-31 12:45:08,4383654,-3986.000,3973.000,-5619.000,18.000,1.000,-16.000,0.000,0.000,0
2026-01-31 12:45:08,4383694,-3903.000,3921.000,-5756.000,-19.000,11.000,28.000,0.000,0.000,0
2026-01-31 12:45:08,4383734,-3990.000,3955.000,-5805.000,67.000,5.000,54.000,0.000,0.000,0
2026-01-31 12:45:08,4383774,-4020.000,4019.000,-5744.000,72.000,-20.000,59.000,0.000,0.000,0
2026-01-31 12:45:08,4383814,-3881.000,4034.000,-5735.000,-56.000,-10.000,72.000,0.000,0.000,0
2026-01-31 12:45:08,4383854,-3968.000,3993.000,-5775.000,10.000,13.000,29.000,0.000,0.000,0
2026-01-31 12:45:08,4383894,-3989.000,3949.000,-5809.000,30.000,-5.000,-5.000,0.000,0.000,0
2026-01-31 12:45:08,4383934,-3948.000,4120.000,-5713.000,-7.000,-16.000,-15.000,0.000,0.000,0
2026-01-31 12:45:08,4383974,-3959.000,3967.000,-5783.000,-44.000,-20.000,-31.000,0.000,0.000,0
2026-01-31 12:45:08,4384014,-3899.000,4095.000,-5669.000,-20.000,10.000,-79.000,0.000,0.000,0
2026-01-31 12:45:08,4384054,-3983.000,4141.000,-5699.000,-62.000,51.000,-147.000,0.000,0.000,0
2026-01-31 12:45:08,4384094,-4005.000,3940.000,-5749.000,-206.000,44.000,-145.000,0.000,0.000,0
2026-01-31 12:45:08,4384138,-3962.000,3960.000,-5800.000,-103.000,-9.000,-118.000,0.000,0.000,0
2026-01-31 12:45:08,4384174,-3987.000,3993.000,-5723.000,-94.000,-50.000,-103.000,0.000,0.000,0
2026-01-31 12:45:08,4384214,-4035.000,3922.000,-5653.000,-83.000,-40.000,-53.000,0.000,0.000,0
2026-01-31 12:45:08,4384254,-3928.000,3924.000,-5701.000,-108.000,-12.000,14.000,0.000,0.000,0
2026-01-31 12:45:08,4384294,-3996.000,3999.000,-5707.000,55.000,9.000,41.000,0.000,0.000,0
2026-01-31 12:45:08,4384334,-4091.000,3959.000,-5681.000,-12.000,16.000,69.000,0.000,0.000,0
2026-01-31 12:45:08,4384374,-4029.000,4153.000,-5729.000,34.000,3.000,69.000,0.000,0.000,0
2026-01-31 12:45:09,4384417,-3940.000,4138.000,-5682.000,16.000,-21.000,20.000,0.000,0.000,0
2026-01-31 12:45:09,4384454,-3980.000,4122.000,-5725.000,-178.000,-34.000,5.000,0.000,0.000,0
2026-01-31 12:45:09,4384494,-4018.000,4047.000,-5712.000,-145.000,-32.000,-25.000,0.000,0.000,0
2026-01-31 12:45:09,4384534,-3928.000,4138.000,-5658.000,-52.000,-34.000,-57.000,0.000,0.000,0
2026-01-31 12:45:09,4384574,-3853.000,4036.000,-5559.000,-141.000,13.000,-65.000,0.000,0.000,0
2026-01-31 12:45:09,4384614,-4030.000,4097.000,-5643.000,29.000,101.000,-78.000,0.000,0.000,0
2026-01-31 12:45:09,4384654,-4034.000,3911.000,-5729.000,-119.000,84.000,-52.000,0.000,0.000,0
2026-01-31 12:45:09,4384694,-4014.000,4031.000,-5773.000,-29.000,44.000,-45.000,0.000,0.000,0
2026-01-31 12:45:09,4384734,-4010.000,3985.000,-5688.000,-37.000,-11.000,-4.000,0.000,0.000,0
2026-01-31 12:45:09,4384774,-4001.000,4062.000,-5659.000,-79.000,-27.000,16.000,0.000,0.000,0
2026-01-31 12:45:09,4384814,-4074.000,4031.000,-5701.000,46.000,-56.000,47.000,0.000,0.000,0
2026-01-31 12:45:09,4384854,-4073.000,4070.000,-5632.000,-35.000,-48.000,49.000,0.000,0.000,0
2026-01-31 12:45:09,4384894,-3999.000,4021.000,-5579.000,-147.000,-46.000,74.000,0.000,0.000,0
2026-01-31 12:45:09,4384934,-4024.000,4033.000,-5580.000,-119.000,17.000,85.000,0.000,0.000,0
2026-01-31 12:45:09,4384974,-4014.000,4202.000,-5648.000,120.000,50.000,49.000,0.000,0.000,0
2026-01-31 12:45:09,4385014,-4071.000,4137.000,-5767.000,119.000,13.000,5.000,0.000,0.000,0
2026-01-31 12:45:09,4385054,-3996.000,4011.000,-5682.000,-104.000,-75.000,9.000,0.000,0.000,0
2026-01-31 12:45:09,4385094,-3976.000,4047.000,-5650.000,36.000,-65.000,17.000,0.000,0.000,0
2026-01-31 12:45:09,4385134,-4025.000,4024.000,-5634.000,49.000,-59.000,47.000,0.000,0.000,0
2026-01-31 12:45:09,4385174,-3999.000,4095.000,-5630.000,22.000,-25.000,44.000,0.000,0.000,0
2026-01-31 12:45:09,4385214,-4015.000,4070.000,-5655.000,61.000,-42.000,32.000,0.000,0.000,0
2026-01-31 12:45:09,4385254,-4029.000,4124.000,-5662.000,68.000,-60.000,11.000,0.000,0.000,0
2026-01-31 12:45:09,4385294,-3985.000,4068.000,-5592.000,-37.000,-52.000,11.000,0.000,0.000,0
2026-01-31 12:45:09,4385334,-4095.000,3993.000,-5685.000,-18.000,-34.000,16.000,0.000,0.000,0
2026-01-31 12:45:09,4385374,-4007.000,3885.000,-5608.000,1.000,-52.000,59.000,0.000,0.000,0
2026-01-31 12:45:10,4385414,-4041.000,4271.000,-5645.000,153.000,-35.000,64.000,0.000,0.000,0
2026-01-31 12:45:10,4385454,-4124.000,4144.000,-5696.000,17.000,-30.000,7.000,0.000,0.000,0
2026-01-31 12:45:10,4385494,-4082.000,4130.000,-5685.000,-49.000,-75.000,-17.000,0.000,0.000,0
2026-01-31 12:45:10,4385534,-3986.000,3936.000,-5440.000,-95.000,-96.000,-16.000,0.000,0.000,0
2026-01-31 12:45:10,4385574,-4092.000,4137.000,-5745.000,1.000,28.000,-26.000,0.000,0.000,0
2026-01-31 12:45:10,4385614,-3995.000,3947.000,-5528.000,-144.000,25.000,-15.000,0.000,0.000,0
2026-01-31 12:45:10,4385654,-3952.000,4114.000,-5577.000,-40.000,101.000,-10.000,0.000,0.000,0
2026-01-31 12:45:10,4385694,-4065.000,4098.000,-5641.000,4.000,124.000,-37.000,0.000,0.000,0
2026-01-31 12:45:10,4385734,-4047.000,4155.000,-5598.000,-92.000,121.000,-63.000,0.000,0.000,0
2026-01-31 12:45:10,4385774,-4003.000,4094.000,-5652.000,-121.000,121.000,-84.000,0.000,0.000,0
2026-01-31 12:45:10,4385814,-4046.000,4075.000,-5699.000,69.000,102.000,-94.000,0.000,0.000,0
2026-01-31 12:45:10,4385854,-4055.000,4091.000,-5618.000,-55.000,72.000,-83.000,0.000,0.000,0
2026-01-31 12:45:10,4385894,-3968.000,4063.000,-5577.000,-30.000,76.000,-100.000,0.000,0.000,0
2026-01-31 12:45:10,4385934,-4091.000,4071.000,-5672.000,97.000,104.000,-97.000,0.000,0.000,0
2026-01-31 12:45:10,4385974,-4000.000,4108.000,-5573.000,-121.000,100.000,-101.000,0.000,0.000,0
2026-01-31 12:45:10,4386014,-4039.000,3952.000,-5594.000,-57.000,160.000,-102.000,0.000,0.000,0
2026-01-31 12:45:10,4386054,-4003.000,4133.000,-5723.000,22.000,166.000,-117.000,0.000,0.000,0
2026-01-31 12:45:10,4386094,-4005.000,4076.000,-5683.000,-117.000,160.000,-133.000,0.000,0.000,0
2026-01-31 12:45:10,4386134,-4063.000,3974.000,-5635.000,-139.000,159.000,-144.000,0.000,0.000,0
2026-01-31 12:45:10,4386176,-4021.000,4012.000,-5651.000,-28.000,157.000,-129.000,0.000,0.000,0
2026-01-31 12:45:10,4386215,-3976.000,4067.000,-5702.000,25.000,151.000,-135.000,0.000,0.000,0
2026-01-31 12:45:10,4386254,-4008.000,4008.000,-5673.000,-99.000,133.000,-140.000,0.000,0.000,0
2026-01-31 12:45:10,4386294,-3999.000,3969.000,-5690.000,-119.000,141.000,-134.000,0.000,0.000,0
2026-01-31 12:45:10,4386334,-4035.000,3994.000,-5675.000,-13.000,116.000,-95.000,0.000,0.000,0
2026-01-31 12:45:10,4386374,-3993.000,4128.000,-5699.000,-45.000,102.000,-83.000,0.000,0.000,0
2026-01-31 12:45:11,4386416,-3988.000,4065.000,-5749.000,-120.000,107.000,-85.000,0.000,0.000,0
2026-01-31 12:45:11,4386454,-4025.000,3995.000,-5679.000,-131.000,94.000,-91.000,0.000,0.000,0
2026-01-31 12:45:11,4386494,-3941.000,3989.000,-5708.000,-82.000,86.000,-78.000,0.000,0.000,0
2026-01-31 12:45:11,4386534,-3966.000,4011.000,-5725.000,-31.000,80.000,-68.000,0.000,0.000,0
2026-01-31 12:45:11,4386574,-4013.000,4086.000,-5635.000,-67.000,84.000,-61.000,0.000,0.000,0
2026-01-31 12:45:11,4386614,-4032.000,4023.000,-5712.000,-92.000,88.000,-63.000,0.000,0.000,0
2026-01-31 12:45:11,4386654,-3962.000,3984.000,-5671.000,-133.000,56.000,-75.000,0.000,0.000,0
2026-01-31 12:45:11,4386694,-4005.000,4028.000,-5667.000,-51.000,80.000,-56.000,0.000,0.000,0
2026-01-31 12:45:11,4386734,-3984.000,4029.000,-5685.000,-67.000,46.000,-43.000,0.000,0.000,0
2026-01-31 12:45:11,4386774,-3956.000,4045.000,-5662.000,-66.000,62.000,-17.000,0.000,0.000,0
2026-01-31 12:45:11,4386814,-4044.000,4021.000,-5728.000,-93.000,78.000,-9.000,0.000,0.000,0
2026-01-31 12:45:11,4386854,-4040.000,4060.000,-5744.000,-31.000,20.000,30.000,0.000,0.000,0
2026-01-31 12:45:11,4386894,-3949.000,4097.000,-5633.000,-62.000,1.000,26.000,0.000,0.000,0
2026-01-31 12:45:11,4386934,-4025.000,4075.000,-5746.000,21.000,20.000,26.000,0.000,0.000,0
2026-01-31 12:45:11,4386974,-4021.000,4103.000,-5740.000,69.000,-25.000,20.000,0.000,0.000,0
2026-01-31 12:45:11,4387014,-4054.000,4055.000,-5650.000,-18.000,-60.000,18.000,0.000,0.000,0
2026-01-31 12:45:11,4387054,-3960.000,4028.000,-5623.000,-19.000,-70.000,14.000,0.000,0.000,0
2026-01-31 12:45:11,4387094,-3960.000,3982.000,-5581.000,34.000,-39.000,11.000,0.000,0.000,0
2026-01-31 12:45:11,4387134,-4022.000,4037.000,-5674.000,56.000,-22.000,44.000,0.000,0.000,0
2026-01-31 12:45:11,4387174,-4010.000,4043.000,-5644.000,18.000,-34.000,67.000,0.000,0.000,0
2026-01-31 12:45:11,4387214,-3999.000,4044.000,-5632.000,34.000,-45.000,64.000,0.000,0.000,0
2026-01-31 12:45:11,4387254,-4111.000,4040.000,-5672.000,28.000,-23.000,82.000,0.000,0.000,0
2026-01-31 12:45:11,4387294,-4068.000,4085.000,-5687.000,41.000,-55.000,98.000,0.000,0.000,0
2026-01-31 12:45:11,4387334,-4011.000,4145.000,-5683.000,33.000,-73.000,96.000,0.000,0.000,0
2026-01-31 12:45:11,4387374,-3993.000,4017.000,-5625.000,-50.000,-97.000,97.000,0.000,0.000,0
2026-01-31 12:45:12,4387414,-3993.000,4078.000,-5679.000,17.000,-88.000,88.000,0.000,0.000,0
2026-01-31 12:45:12,4387454,-3986.000,4062.000,-5612.000,-63.000,-106.000,66.000,0.000,0.000,0
2026-01-31 12:45:12,4387494,-4054.000,4136.000,-5605.000,-267.000,-126.000,100.000,0.000,0.000,0
2026-01-31 12:45:12,4387534,-4058.000,4130.000,-5583.000,-345.000,-143.000,71.000,0.000,0.000,0
2026-01-31 12:45:12,4387574,-4043.000,4110.000,-5460.000,-583.000,-179.000,141.000,0.000,0.000,0
2026-01-31 12:45:12,4387614,-4155.000,4033.000,-5735.000,-694.000,-202.000,243.000,0.000,0.000,0
2026-01-31 12:45:12,4387654,-4063.000,4223.000,-5789.000,-428.000,-327.000,322.000,0.000,0.000,0
2026-01-31 12:45:12,4387694,-4006.000,4205.000,-5444.000,-400.000,-450.000,392.000,0.000,0.000,0
2026-01-31 12:45:12,4387734,-3988.000,4357.000,-5243.000,-33.000,-349.000,320.000,0.000,0.000,0
2026-01-31 12:45:12,4387774,-3915.000,4441.000,-5179.000,85.000,-180.000,280.000,0.000,0.000,0
2026-01-31 12:45:12,4387814,-3985.000,4499.000,-5390.000,230.000,-49.000,215.000,0.000,0.000,0
2026-01-31 12:45:12,4387854,-4051.000,4531.000,-5345.000,68.000,25.000,82.000,0.000,0.000,0
2026-01-31 12:45:12,4387894,-4077.000,4290.000,-5521.000,-47.000,84.000,-1.000,0.000,0.000,0
2026-01-31 12:45:12,4387934,-4128.000,4417.000,-5485.000,-1.000,41.000,-10.000,0.000,0.000,0
2026-01-31 12:45:12,4387974,-3997.000,4405.000,-5419.000,-91.000,10.000,-7.000,0.000,0.000,0
2026-01-31 12:45:12,4388014,-3994.000,4222.000,-5395.000,-82.000,35.000,-34.000,0.000,0.000,0
2026-01-31 12:45:12,4388054,-3992.000,4349.000,-5465.000,77.000,2.000,-10.000,0.000,0.000,0
2026-01-31 12:45:12,4388094,-4037.000,4444.000,-5255.000,-4.000,61.000,-46.000,0.000,0.000,0
2026-01-31 12:45:12,4388134,-3959.000,4443.000,-5259.000,72.000,197.000,-116.000,0.000,0.000,0
2026-01-31 12:45:12,4388174,-3991.000,4395.000,-5333.000,44.000,332.000,-198.000,0.000,0.000,0
2026-01-31 12:45:12,4388214,-4058.000,4216.000,-5570.000,3.000,357.000,-261.000,0.000,0.000,0
2026-01-31 12:45:12,4388254,-3974.000,4139.000,-5576.000,137.000,253.000,-147.000,0.000,0.000,0
2026-01-31 12:45:12,4388294,-3987.000,4320.000,-5489.000,-14.000,198.000,-103.000,0.000,0.000,0
2026-01-31 12:45:12,4388334,-4000.000,4232.000,-5559.000,-46.000,165.000,-73.000,0.000,0.000,0
2026-01-31 12:45:12,4388374,-4040.000,4234.000,-5605.000,86.000,121.000,-48.000,0.000,0.000,0
2026-01-31 12:45:13,4388416,-4073.000,4414.000,-5625.000,-4.000,49.000,-56.000,0.000,0.000,0
2026-01-31 12:45:13,4388454,-3998.000,4074.000,-5444.000,-128.000,-5.000,-62.000,0.000,0.000,0
2026-01-31 12:45:13,4388494,-3995.000,4183.000,-5499.000,40.000,-6.000,-40.000,0.000,0.000,0
2026-01-31 12:45:13,4388534,-4092.000,4292.000,-5465.000,-31.000,27.000,-15.000,0.000,0.000,0
2026-01-31 12:45:13,4388574,-4078.000,4154.000,-5551.000,-132.000,-4.000,-17.000,0.000,0.000,0
2026-01-31 12:45:13,4388614,-3990.000,4111.000,-5512.000,-111.000,-54.000,52.000,0.000,0.000,0
2026-01-31 12:45:13,4388654,-4074.000,4306.000,-5505.000,23.000,-20.000,119.000,0.000,0.000,0
2026-01-31 12:45:13,4388694,-3961.000,4314.000,-5436.000,14.000,-52.000,132.000,0.000,0.000,0
2026-01-31 12:45:13,4388734,-3959.000,4467.000,-5426.000,99.000,52.000,36.000,0.000,0.000,0
2026-01-31 12:45:13,4388774,-4117.000,4331.000,-5591.000,73.000,36.000,30.000,0.000,0.000,0
2026-01-31 12:45:13,4388814,-3957.000,4141.000,-5467.000,3.000,9.000,23.000,0.000,0.000,0
2026-01-31 12:45:13,4388854,-3946.000,4276.000,-5508.000,157.000,34.000,60.000,0.000,0.000,0
2026-01-31 12:45:13,4388894,-4054.000,4298.000,-5543.000,317.000,27.000,29.000,0.000,0.000,0
2026-01-31 12:45:13,4388934,-3953.000,4210.000,-5528.000,270.000,-7.000,24.000,0.000,0.000,0
2026-01-31 12:45:13,4388974,-3912.000,4193.000,-5559.000,223.000,5.000,43.000,0.000,0.000,0
2026-01-31 12:45:13,4389014,-4037.000,4252.000,-5583.000,156.000,-45.000,33.000,0.000,0.000,0
2026-01-31 12:45:13,4389054,-3984.000,4196.000,-5600.000,6.000,-75.000,32.000,0.000,0.000,0
2026-01-31 12:45:13,4389094,-3972.000,4213.000,-5479.000,26.000,-81.000,-11.000,0.000,0.000,0
2026-01-31 12:45:13,4389134,-3928.000,4219.000,-5576.000,37.000,-72.000,18.000,0.000,0.000,0
2026-01-31 12:45:13,4389174,-3969.000,4029.000,-5479.000,-94.000,-74.000,54.000,0.000,0.000,0
2026-01-31 12:45:13,4389214,-3969.000,4247.000,-5483.000,115.000,-37.000,70.000,0.000,0.000,0
2026-01-31 12:45:13,4389254,-3964.000,4267.000,-5456.000,7.000,17.000,74.000,0.000,0.000,0
2026-01-31 12:45:13,4389294,-3927.000,4217.000,-5439.000,-4.000,103.000,55.000,0.000,0.000,0
2026-01-31 12:45:13,4389334,-3938.000,4311.000,-5601.000,68.000,152.000,-22.000,0.000,0.000,0
2026-01-31 12:45:13,4389374,-4040.000,4214.000,-5635.000,-43.000,109.000,-45.000,0.000,0.000,0
2026-01-31 12:45:14,4389414,-3985.000,4283.000,-5483.000,-70.000,47.000,-64.000,0.000,0.000,0
2026-01-31 12:45:14,4389454,-3901.000,4160.000,-5519.000,-70.000,64.000,-55.000,0.000,0.000,0
2026-01-31 12:45:14,4389494,-3873.000,4310.000,-5551.000,-8.000,94.000,-62.000,0.000,0.000,0
2026-01-31 12:45:14,4389534,-3996.000,4209.000,-5626.000,-96.000,112.000,-60.000,0.000,0.000,0
2026-01-31 12:45:14,4389574,-3952.000,4113.000,-5571.000,-120.000,103.000,-58.000,0.000,0.000,0
2026-01-31 12:45:14,4389614,-3969.000,4241.000,-5667.000,17.000,82.000,-20.000,0.000,0.000,0
2026-01-31 12:45:14,4389654,-3993.000,4305.000,-5612.000,38.000,37.000,-29.000,0.000,0.000,0
2026-01-31 12:45:14,4389694,-4029.000,4269.000,-5520.000,-57.000,7.000,-44.000,0.000,0.000,0
2026-01-31 12:45:14,4389734,-3893.000,4192.000,-5514.000,-24.000,-29.000,-78.000,0.000,0.000,0
2026-01-31 12:45:14,4389774,-3971.000,4185.000,-5534.000,21.000,-5.000,-58.000,0.000,0.000,0
2026-01-31 12:45:14,4389814,-3962.000,4106.000,-5492.000,-75.000,-8.000,-42.000,0.000,0.000,0
2026-01-31 12:45:14,4389854,-3908.000,4125.000,-5500.000,-3.000,2.000,13.000,0.000,0.000,0
2026-01-31 12:45:14,4389894,-4022.000,4197.000,-5547.000,51.000,43.000,55.000,0.000,0.000,0
2026-01-31 12:45:14,4389934,-4055.000,4151.000,-5551.000,-22.000,4.000,64.000,0.000,0.000,0
2026-01-31 12:45:14,4389974,-3939.000,4220.000,-5543.000,27.000,-46.000,63.000,0.000,0.000,0
2026-01-31 12:45:14,4390014,-3976.000,4233.000,-5559.000,14.000,-35.000,72.000,0.000,0.000,0
2026-01-31 12:45:14,4390054,-4006.000,4188.000,-5469.000,16.000,-30.000,43.000,0.000,0.000,0
2026-01-31 12:45:14,4390094,-3933.000,4214.000,-5548.000,75.000,-45.000,34.000,0.000,0.000,0
2026-01-31 12:45:14,4390134,-3888.000,4229.000,-5500.000,24.000,-56.000,31.000,0.000,0.000,0
2026-01-31 12:45:14,4390176,-4026.000,4181.000,-5489.000,30.000,-18.000,43.000,0.000,0.000,0
2026-01-31 12:45:14,4390216,-3946.000,4199.000,-5528.000,26.000,6.000,45.000,0.000,0.000,0
2026-01-31 12:45:14,4390254,-4064.000,4281.000,-5561.000,-3.000,50.000,70.000,0.000,0.000,0
2026-01-31 12:45:14,4390294,-4026.000,4250.000,-5543.000,-33.000,42.000,57.000,0.000,0.000,0
2026-01-31 12:45:14,4390334,-3940.000,4231.000,-5614.000,15.000,5.000,25.000,0.000,0.000,0
2026-01-31 12:45:14,4390374,-3996.000,4196.000,-5586.000,34.000,-8.000,-7.000,0.000,0.000,0
2026-01-31 12:45:15,4390416,-3843.000,4134.000,-5404.000,-102.000,-59.000,-6.000,0.000,0.000,0
2026-01-31 12:45:15,4390454,-3838.000,4248.000,-5459.000,-10.000,29.000,-18.000,0.000,0.000,0
2026-01-31 12:45:15,4390494,-3966.000,4276.000,-5595.000,26.000,57.000,-34.000,0.000,0.000,0
2026-01-31 12:45:15,4390534,-3901.000,4203.000,-5550.000,-9.000,22.000,2.000,0.000,0.000,0
2026-01-31 12:45:15,4390574,-3958.000,4135.000,-5555.000,-52.000,19.000,26.000,0.000,0.000,0
2026-01-31 12:45:15,4390614,-4010.000,4183.000,-5551.000,39.000,20.000,66.000,0.000,0.000,0
2026-01-31 12:45:15,4390654,-3869.000,4189.000,-5475.000,-14.000,-24.000,70.000,0.000,0.000,0
2026-01-31 12:45:15,4390694,-3851.000,4195.000,-5457.000,-70.000,-60.000,60.000,0.000,0.000,0
2026-01-31 12:45:15,4390734,-3909.000,4362.000,-5436.000,-84.000,6.000,53.000,0.000,0.000,0
2026-01-31 12:45:15,4390774,-3985.000,4246.000,-5554.000,-74.000,50.000,30.000,0.000,0.000,0
2026-01-31 12:45:15,4390814,-3902.000,4285.000,-5632.000,-92.000,-34.000,20.000,0.000,0.000,0
2026-01-31 12:45:15,4390854,-3929.000,4275.000,-5629.000,-161.000,-81.000,55.000,0.000,0.000,0
2026-01-31 12:45:15,4390894,-3913.000,4247.000,-5520.000,-293.000,-159.000,99.000,0.000,0.000,0
2026-01-31 12:45:15,4390934,-3794.000,4296.000,-5326.000,-336.000,-126.000,83.000,0.000,0.000,0
2026-01-31 12:45:15,4390974,-4008.000,4244.000,-5521.000,-127.000,25.000,62.000,0.000,0.000,0
2026-01-31 12:45:15,4391014,-4019.000,4281.000,-5649.000,-233.000,-105.000,88.000,0.000,0.000,0
2026-01-31 12:45:15,4391054,-3980.000,4353.000,-5514.000,-521.000,-235.000,80.000,0.000,0.000,0
2026-01-31 12:45:15,4391094,-4015.000,4482.000,-5173.000,-399.000,-119.000,60.000,0.000,0.000,0
2026-01-31 12:45:15,4391134,-3986.000,4676.000,-5037.000,26.000,193.000,9.000,0.000,0.000,0
2026-01-31 12:45:15,4391174,-3927.000,4396.000,-5234.000,57.000,372.000,-60.000,0.000,0.000,0
2026-01-31 12:45:15,4391214,-4063.000,4635.000,-5454.000,161.000,448.000,-193.000,0.000,0.000,0
2026-01-31 12:45:15,4391254,-4157.000,4010.000,-5455.000,142.000,381.000,-187.000,0.000,0.000,0
2026-01-31 12:45:15,4391294,-3956.000,4390.000,-5625.000,609.000,280.000,-209.000,0.000,0.000,0
2026-01-31 12:45:15,4391334,-3887.000,4289.000,-5535.000,305.000,221.000,-165.000,0.000,0.000,0
2026-01-31 12:45:15,4391374,-3871.000,4130.000,-5632.000,217.000,90.000,-125.000,0.000,0.000,0
2026-01-31 12:45:16,4391414,-3947.000,4124.000,-5713.000,117.000,-4.000,-30.000,0.000,0.000,0
2026-01-31 12:45:16,4391454,-3993.000,4097.000,-5550.000,-5.000,-103.000,76.000,0.000,0.000,0
2026-01-31 12:45:16,4391494,-3847.000,4175.000,-5472.000,86.000,-169.000,127.000,0.000,0.000,0
2026-01-31 12:45:16,4391534,-3865.000,4256.000,-5395.000,146.000,-120.000,144.000,0.000,0.000,0
2026-01-31 12:45:16,4391574,-4017.000,4282.000,-5454.000,53.000,-69.000,127.000,0.000,0.000,0
2026-01-31 12:45:16,4391614,-3906.000,4229.000,-5514.000,-15.000,-78.000,115.000,0.000,0.000,0
2026-01-31 12:45:16,4391654,-3909.000,4204.000,-5567.000,56.000,-68.000,120.000,0.000,0.000,0
2026-01-31 12:45:16,4391694,-4040.000,4232.000,-5498.000,6.000,-46.000,136.000,0.000,0.000,0
2026-01-31 12:45:16,4391734,-3824.000,4302.000,-5554.000,10.000,-83.000,112.000,0.000,0.000,0
2026-01-31 12:45:16,4391774,-3814.000,4284.000,-5483.000,22.000,-66.000,101.000,0.000,0.000,0
2026-01-31 12:45:16,4391814,-3768.000,4325.000,-5495.000,5.000,-65.000,58.000,0.000,0.000,0
2026-01-31 12:45:16,4391854,-3872.000,4223.000,-5456.000,-24.000,-35.000,32.000,0.000,0.000,0
2026-01-31 12:45:16,4391894,-3892.000,4390.000,-5499.000,40.000,-17.000,28.000,0.000,0.000,0
2026-01-31 12:45:16,4391934,-3884.000,4224.000,-5525.000,-83.000,-13.000,12.000,0.000,0.000,0
2026-01-31 12:45:16,4391974,-3904.000,4245.000,-5528.000,-21.000,-23.000,14.000,0.000,0.000,0
2026-01-31 12:45:16,4392014,-3936.000,4230.000,-5377.000,-95.000,6.000,-27.000,0.000,0.000,0
2026-01-31 12:45:16,4392054,-3897.000,4191.000,-5659.000,-21.000,-7.000,-69.000,0.000,0.000,0
2026-01-31 12:45:16,4392094,-3966.000,4286.000,-5451.000,-47.000,-21.000,-55.000,0.000,0.000,0
2026-01-31 12:45:16,4392134,-3799.000,4021.000,-5060.000,-193.000,38.000,-80.000,0.000,0.000,0
2026-01-31 12:45:16,4392174,-3852.000,4284.000,-5418.000,373.000,191.000,-213.000,0.000,0.000,0
2026-01-31 12:45:16,4392214,-4223.000,4190.000,-5679.000,1202.000,271.000,-214.000,0.000,0.000,0
2026-01-31 12:45:16,4392254,-3860.000,4701.000,-5725.000,621.000,95.000,-363.000,0.000,0.000,0
2026-01-31 12:45:16,4392294,-3998.000,3960.000,-5483.000,-844.000,72.000,-270.000,0.000,0.000,0
2026-01-31 12:45:16,4392334,-3963.000,3492.000,-5799.000,-684.000,-41.000,-239.000,0.000,0.000,0
2026-01-31 12:45:16,4392374,-3967.000,3996.000,-5413.000,410.000,10.000,-137.000,0.000,0.000,0
2026-01-31 12:45:17,4392417,-4039.000,4221.000,-5638.000,-64.000,84.000,-67.000,0.000,0.000,0
2026-01-31 12:45:17,4392454,-4080.000,4218.000,-5633.000,-177.000,29.000,-88.000,0.000,0.000,0
2026-01-31 12:45:17,4392494,-3948.000,4098.000,-5533.000,112.000,-52.000,-16.000,0.000,0.000,0
2026-01-31 12:45:17,4392534,-4080.000,4241.000,-5603.000,-214.000,-84.000,111.000,0.000,0.000,0
2026-01-31 12:45:17,4392574,-4065.000,4211.000,-5641.000,-782.000,-192.000,174.000,0.000,0.000,0
2026-01-31 12:45:17,4392614,-3918.000,4036.000,-5289.000,-240.000,-226.000,192.000,0.000,0.000,0
2026-01-31 12:45:17,4392654,-3976.000,4521.000,-5319.000,227.000,-75.000,130.000,0.000,0.000,0
2026-01-31 12:45:17,4392694,-3967.000,4322.000,-5209.000,27.000,-3.000,43.000,0.000,0.000,0
2026-01-31 12:45:17,4392734,-3962.000,4357.000,-5488.000,-355.000,121.000,-24.000,0.000,0.000,0
2026-01-31 12:45:17,4392774,-4047.000,4325.000,-5466.000,-559.000,157.000,-36.000,0.000,0.000,0
2026-01-31 12:45:17,4392814,-4000.000,4233.000,-5657.000,-1063.000,96.000,7.000,0.000,0.000,0
2026-01-31 12:45:17,4392854,-3968.000,4394.000,-5359.000,-580.000,76.000,-25.000,0.000,0.000,0
2026-01-31 12:45:17,4392894,-3859.000,4368.000,-5193.000,-122.000,70.000,111.000,0.000,0.000,0
2026-01-31 12:45:17,4392934,-3966.000,4357.000,-5262.000,-406.000,97.000,155.000,0.000,0.000,0
2026-01-31 12:45:17,4392974,-3884.000,4597.000,-5378.000,11.000,30.000,171.000,0.000,0.000,0
2026-01-31 12:45:17,4393014,-3901.000,4559.000,-5145.000,104.000,95.000,97.000,0.000,0.000,0
2026-01-31 12:45:17,4393054,-3920.000,4217.000,-5420.000,-444.000,55.000,129.000,0.000,0.000,0
2026-01-31 12:45:17,4393094,-3711.000,3936.000,-5166.000,102.000,94.000,213.000,0.000,0.000,0
2026-01-31 12:45:17,4393134,-4024.000,4546.000,-5387.000,245.000,272.000,202.000,0.000,0.000,0
2026-01-31 12:45:17,4393174,-4038.000,4684.000,-5721.000,-238.000,46.000,218.000,0.000,0.000,0
2026-01-31 12:45:17,4393214,-3967.000,4401.000,-5619.000,-583.000,-154.000,188.000,0.000,0.000,0
2026-01-31 12:45:17,4393254,-3761.000,4200.000,-5212.000,-870.000,-301.000,315.000,0.000,0.000,0
2026-01-31 12:45:17,4393294,-3898.000,4648.000,-5059.000,52.000,-117.000,239.000,0.000,0.000,0
2026-01-31 12:45:17,4393334,-3846.000,4575.000,-5023.000,-222.000,-52.000,338.000,0.000,0.000,0
2026-01-31 12:45:17,4393374,-3867.000,4828.000,-5188.000,35.000,41.000,290.000,0.000,0.000,0
2026-01-31 12:45:18,4393414,-3967.000,4947.000,-5237.000,28.000,6.000,229.000,0.000,0.000,0
2026-01-31 12:45:18,4393454,-3914.000,4976.000,-5233.000,-37.000,-125.000,89.000,0.000,0.000,0
2026-01-31 12:45:18,4393494,-3833.000,4655.000,-5115.000,-26.000,-177.000,80.000,0.000,0.000,0
2026-01-31 12:45:18,4393534,-3652.000,4392.000,-5235.000,-58.000,-127.000,142.000,0.000,0.000,0
2026-01-31 12:45:18,4393574,-3743.000,4361.000,-5227.000,687.000,19.000,170.000,0.000,0.000,0
2026-01-31 12:45:18,4393614,-3708.000,4659.000,-5227.000,1061.000,109.000,127.000,0.000,0.000,0
2026-01-31 12:45:18,4393654,-3505.000,4427.000,-4993.000,1119.000,282.000,250.000,0.000,0.000,0
2026-01-31 12:45:18,4393694,-3511.000,4441.000,-5050.000,1015.000,662.000,409.000,0.000,0.000,0
2026-01-31 12:45:18,4393734,-3532.000,3967.000,-5593.000,900.000,889.000,680.000,0.000,0.000,0
2026-01-31 12:45:18,4393774,-3540.000,3931.000,-5939.000,1213.000,898.000,888.000,0.000,0.000,0
2026-01-31 12:45:18,4393814,-3690.000,4124.000,-6126.000,585.000,814.000,776.000,0.000,0.000,0
2026-01-31 12:45:18,4393854,-3780.000,3914.000,-6531.000,1276.000,682.000,553.000,0.000,0.000,0
2026-01-31 12:45:18,4393894,-3571.000,4206.000,-6188.000,2168.000,501.000,519.000,0.000,0.000,0
2026-01-31 12:45:18,4393934,-3065.000,3780.000,-6269.000,2452.000,332.000,547.000,0.000,0.000,0
2026-01-31 12:45:18,4393974,-3183.000,4733.000,-6311.000,3109.000,252.000,530.000,0.000,0.000,0
2026-01-31 12:45:18,4394014,-3157.000,4460.000,-6210.000,707.000,380.000,314.000,0.000,0.000,0
2026-01-31 12:45:18,4394054,-2987.000,3929.000,-6008.000,-923.000,277.000,342.000,0.000,0.000,0
2026-01-31 12:45:18,4394094,-2949.000,4207.000,-5798.000,-1192.000,430.000,373.000,0.000,0.000,0
2026-01-31 12:45:18,4394136,-3015.000,4152.000,-6302.000,-2096.000,494.000,322.000,0.000,0.000,0
2026-01-31 12:45:18,4394176,-3091.000,4108.000,-5959.000,-1867.000,461.000,246.000,0.000,0.000,0
2026-01-31 12:45:18,4394216,-2564.000,4304.000,-5808.000,-1389.000,485.000,229.000,0.000,0.000,0
2026-01-31 12:45:18,4394254,-2821.000,4892.000,-5831.000,-1166.000,573.000,162.000,0.000,0.000,0
2026-01-31 12:45:18,4394294,-2635.000,4645.000,-5618.000,-1854.000,502.000,110.000,0.000,0.000,0
2026-01-31 12:45:18,4394334,-2535.000,4715.000,-5445.000,-1596.000,567.000,81.000,0.000,0.000,0
2026-01-31 12:45:18,4394374,-2453.000,4697.000,-5668.000,-1132.000,690.000,127.000,0.000,0.000,0
2026-01-31 12:45:19,4394419,-2516.000,4544.000,-5159.000,-965.000,808.000,156.000,0.000,0.000,0
2026-01-31 12:45:19,4394457,-2573.000,4790.000,-6033.000,-786.000,905.000,-27.000,0.000,0.000,0
2026-01-31 12:45:19,4394494,-2272.000,4713.000,-5405.000,-934.000,730.000,-9.000,0.000,0.000,0
2026-01-31 12:45:19,4394534,-2110.000,5020.000,-5496.000,-415.000,901.000,70.000,0.000,0.000,0
2026-01-31 12:45:19,4394574,-2195.000,5204.000,-5497.000,-610.000,1041.000,91.000,0.000,0.000,0
2026-01-31 12:45:19,4394614,-2071.000,5430.000,-5059.000,-1676.000,1036.000,170.000,0.000,0.000,0
2026-01-31 12:45:19,4394654,-2319.000,5686.000,-6067.000,-1502.000,1104.000,106.000,0.000,0.000,0
2026-01-31 12:45:19,4394694,-2527.000,5793.000,-5698.000,-2657.000,578.000,106.000,0.000,0.000,0
2026-01-31 12:45:19,4394734,-2252.000,4778.000,-5385.000,-2699.000,339.000,118.000,0.000,0.000,0
2026-01-31 12:45:19,4394774,-2351.000,5113.000,-5260.000,-150.000,239.000,282.000,0.000,0.000,0
2026-01-31 12:45:19,4394814,-1889.000,5119.000,-5133.000,1409.000,112.000,546.000,0.000,0.000,0
2026-01-31 12:45:19,4394854,-2042.000,5430.000,-5325.000,1504.000,35.000,845.000,0.000,0.000,0
2026-01-31 12:45:19,4394894,-1960.000,5734.000,-4781.000,1486.000,168.000,927.000,0.000,0.000,0
2026-01-31 12:45:19,4394934,-1627.000,5516.000,-5298.000,619.000,313.000,841.000,0.000,0.000,0
2026-01-31 12:45:19,4394974,-1981.000,5516.000,-5817.000,696.000,154.000,867.000,0.000,0.000,0
2026-01-31 12:45:19,4395014,-1880.000,6040.000,-5660.000,496.000,-143.000,983.000,0.000,0.000,0
2026-01-31 12:45:19,4395054,-1715.000,5259.000,-5524.000,-564.000,-386.000,1163.000,0.000,0.000,0
2026-01-31 12:45:19,4395094,-2213.000,6132.000,-5921.000,-794.000,-636.000,1196.000,0.000,0.000,0
2026-01-31 12:45:19,4395134,-1604.000,5930.000,-5090.000,-2953.000,-1181.000,1122.000,0.000,0.000,0
2026-01-31 12:45:19,4395174,-1395.000,5995.000,-5028.000,-2499.000,-993.000,1139.000,0.000,0.000,0
2026-01-31 12:45:19,4395214,-1349.000,6777.000,-5061.000,-2387.000,-991.000,1124.000,0.000,0.000,0
2026-01-31 12:45:19,4395254,-742.000,6306.000,-3971.000,-4438.000,-987.000,1324.000,0.000,0.000,0
2026-01-31 12:45:19,4395294,-116.000,6427.000,-2624.000,-3221.000,-38.000,1175.000,0.000,0.000,0
2026-01-31 12:45:19,4395334,-560.000,6377.000,-3877.000,-1241.000,1380.000,846.000,0.000,0.000,0
2026-01-31 12:45:19,4395374,-1848.000,7167.000,-5452.000,-1584.000,1535.000,822.000,0.000,0.000,0
2026-01-31 12:45:20,4395414,-1457.000,6729.000,-3950.000,-3137.000,485.000,1109.000,0.000,0.000,0
2026-01-31 12:45:20,4395454,-300.000,7733.000,-1425.000,-4802.000,596.000,1319.000,0.000,0.000,0
2026-01-31 12:45:20,4395494,233.000,6886.000,-1098.000,-4849.000,2072.000,1015.000,0.000,0.000,0
2026-01-31 12:45:20,4395534,93.000,7852.000,-670.000,-3341.000,3620.000,979.000,0.000,0.000,0
2026-01-31 12:45:20,4395574,-66.000,7318.000,-522.000,-7473.000,4775.000,1862.000,0.000,0.000,0
2026-01-31 12:45:20,4395614,658.000,3876.000,-2458.000,-9090.000,5844.000,4224.000,0.000,0.000,0
2026-01-31 12:45:20,4395654,2074.000,7690.000,-2710.000,-5895.000,4890.000,5933.000,0.000,0.000,0
2026-01-31 12:45:20,4395694,2648.000,7981.000,-663.000,-12717.000,3786.000,7601.000,0.000,0.000,0
2026-01-31 12:45:20,4395734,2967.000,5028.000,-23.000,-16736.000,1559.000,9726.000,0.000,0.000,0
2026-01-31 12:45:20,4395774,3744.000,4223.000,619.000,-13993.000,-1085.000,11374.000,0.000,0.000,0
2026-01-31 12:45:20,4395814,4796.000,2960.000,1927.000,-10556.000,-4030.000,12246.000,0.000,0.000,0
2026-01-31 12:45:20,4395854,6810.000,2543.000,2695.000,-4733.000,-6627.000,12517.000,0.000,0.000,0
2026-01-31 12:45:20,4395894,9678.000,4252.000,2712.000,-761.000,-7817.000,12598.000,0.000,0.000,0
2026-01-31 12:45:20,4395934,10857.000,3363.000,2735.000,885.000,-8053.000,11690.000,0.000,0.000,0
2026-01-31 12:45:20,4395974,11548.000,2363.000,2933.000,3184.000,-7596.000,9205.000,0.000,0.000,0
2026-01-31 12:45:20,4396014,10536.000,2766.000,2895.000,7289.000,-4535.000,7237.000,0.000,0.000,0
2026-01-31 12:45:20,4396054,9185.000,3048.000,2126.000,8039.000,-2479.000,5279.000,0.000,0.000,0
2026-01-31 12:45:20,4396096,7985.000,3073.000,1874.000,7405.000,-1093.000,3217.000,0.000,0.000,0
2026-01-31 12:45:20,4396135,7839.000,2804.000,1831.000,6692.000,-405.000,1143.000,0.000,0.000,0
2026-01-31 12:45:20,4396174,7979.000,2727.000,1634.000,6462.000,138.000,-330.000,0.000,0.000,0
2026-01-31 12:45:20,4396214,7808.000,2710.000,1837.000,6249.000,538.000,-1337.000,0.000,0.000,0
2026-01-31 12:45:20,4396254,7653.000,2776.000,2082.000,5675.000,721.000,-2067.000,0.000,0.000,0
2026-01-31 12:45:20,4396294,7721.000,2677.000,2335.000,4102.000,741.000,-2706.000,0.000,0.000,0
2026-01-31 12:45:20,4396334,8084.000,1154.000,2189.000,1944.000,733.000,-3211.000,0.000,0.000,0
2026-01-31 12:45:20,4396374,7988.000,830.000,1909.000,1855.000,766.000,-3209.000,0.000,0.000,0
2026-01-31 12:45:21,4396417,8208.000,968.000,2063.000,1209.000,613.000,-2065.000,0.000,0.000,0
2026-01-31 12:45:21,4396454,8258.000,1360.000,1890.000,-143.000,482.000,-1988.000,0.000,0.000,0
2026-01-31 12:45:21,4396494,8077.000,1437.000,1545.000,-1112.000,298.000,-1769.000,0.000,0.000,0
2026-01-31 12:45:21,4396534,7672.000,1406.000,1171.000,-1395.000,165.000,-1484.000,0.000,0.000,0
2026-01-31 12:45:21,4396574,7499.000,1493.000,1026.000,-1271.000,-75.000,-1103.000,0.000,0.000,0
2026-01-31 12:45:21,4396614,7553.000,1582.000,1190.000,-1255.000,-313.000,-722.000,0.000,0.000,0
2026-01-31 12:45:21,4396654,7472.000,1730.000,1169.000,-979.000,-494.000,-315.000,0.000,0.000,0
2026-01-31 12:45:21,4396694,7781.000,1939.000,1310.000,-999.000,-769.000,109.000,0.000,0.000,0
2026-01-31 12:45:21,4396734,7815.000,2029.000,1591.000,-1360.000,-832.000,428.000,0.000,0.000,0
2026-01-31 12:45:21,4396774,8089.000,1982.000,1654.000,-1465.000,-600.000,646.000,0.000,0.000,0
2026-01-31 12:45:21,4396814,8096.000,2068.000,1648.000,-1065.000,-348.000,707.000,0.000,0.000,0
2026-01-31 12:45:21,4396854,7960.000,2191.000,1691.000,-901.000,-205.000,584.000,0.000,0.000,0
2026-01-31 12:45:21,4396894,7845.000,2153.000,1525.000,-1121.000,-163.000,262.000,0.000,0.000,0
2026-01-31 12:45:21,4396934,8011.000,2113.000,1280.000,-1200.000,-156.000,20.000,0.000,0.000,0
2026-01-31 12:45:21,4396974,7773.000,2141.000,1323.000,-1060.000,-77.000,-70.000,0.000,0.000,0
2026-01-31 12:45:21,4397014,7513.000,2169.000,1290.000,-1094.000,-133.000,-177.000,0.000,0.000,0
2026-01-31 12:45:21,4397054,7616.000,2065.000,1084.000,-1300.000,-265.000,-341.000,0.000,0.000,0
2026-01-31 12:45:21,4397094,7543.000,1941.000,997.000,-1191.000,-241.000,-486.000,0.000,0.000,0
2026-01-31 12:45:21,4397134,7802.000,2011.000,990.000,-947.000,-522.000,-617.000,0.000,0.000,0
2026-01-31 12:45:21,4397174,7606.000,1950.000,1043.000,-1045.000,-656.000,-635.000,0.000,0.000,0
2026-01-31 12:45:21,4397214,7839.000,1884.000,909.000,-1020.000,-776.000,-527.000,0.000,0.000,0
2026-01-31 12:45:21,4397254,7858.000,1955.000,1105.000,-961.000,-844.000,-346.000,0.000,0.000,0
2026-01-31 12:45:21,4397294,7845.000,2051.000,1278.000,-1260.000,-926.000,-114.000,0.000,0.000,0
2026-01-31 12:45:21,4397334,7910.000,2006.000,1284.000,-1660.000,-933.000,131.000,0.000,0.000,0
2026-01-31 12:45:21,4397374,7916.000,1972.000,1234.000,-1715.000,-750.000,300.000,0.000,0.000,0
2026-01-31 12:45:22,4397414,8021.000,2093.000,1275.000,-1551.000,-563.000,413.000,0.000,0.000,0
2026-01-31 12:45:22,4397454,7961.000,2187.000,1273.000,-1619.000,-404.000,329.000,0.000,0.000,0
2026-01-31 12:45:22,4397494,7833.000,2121.000,1149.000,-1798.000,-265.000,112.000,0.000,0.000,0
2026-01-31 12:45:22,4397534,7893.000,2110.000,960.000,-1502.000,-42.000,-199.000,0.000,0.000,0
2026-01-31 12:45:22,4397574,7914.000,2200.000,981.000,-1354.000,57.000,-338.000,0.000,0.000,0
2026-01-31 12:45:22,4397614,7825.000,2151.000,957.000,-1519.000,40.000,-490.000,0.000,0.000,0
2026-01-31 12:45:22,4397654,7784.000,2024.000,889.000,-1586.000,10.000,-677.000,0.000,0.000,0
2026-01-31 12:45:22,4397694,7811.000,1961.000,877.000,-1442.000,6.000,-762.000,0.000,0.000,0
2026-01-31 12:45:22,4397734,7764.000,1933.000,903.000,-1304.000,-5.000,-755.000,0.000,0.000,0
2026-01-31 12:45:22,4397774,7685.000,1916.000,902.000,-1213.000,-139.000,-678.000,0.000,0.000,0
2026-01-31 12:45:22,4397814,7619.000,1936.000,958.000,-1206.000,-280.000,-512.000,0.000,0.000,0
2026-01-31 12:45:22,4397854,7727.000,1950.000,940.000,-1220.000,-376.000,-291.000,0.000,0.000,0
2026-01-31 12:45:22,4397894,7812.000,1927.000,1040.000,-1141.000,-422.000,-176.000,0.000,0.000,0
2026-01-31 12:45:22,4397934,7767.000,1921.000,1088.000,-785.000,-513.000,-282.000,0.000,0.000,0
2026-01-31 12:45:22,4397974,7894.000,2016.000,1161.000,-609.000,-547.000,-259.000,0.000,0.000,0
2026-01-31 12:45:22,4398014,8049.000,2062.000,1294.000,-632.000,-493.000,-111.000,0.000,0.000,0
2026-01-31 12:45:22,4398054,7913.000,2049.000,1424.000,-672.000,-389.000,-20.000,0.000,0.000,0
2026-01-31 12:45:22,4398094,8052.000,2930.000,1335.000,-843.000,-231.000,-24.000,0.000,0.000,0
2026-01-31 12:45:22,4398134,7838.000,3064.000,1674.000,-5554.000,145.000,143.000,0.000,0.000,0
2026-01-31 12:45:22,4398174,7796.000,1384.000,1459.000,-7994.000,-96.000,209.000,0.000,0.000,0
2026-01-31 12:45:22,4398214,7745.000,657.000,1257.000,-4128.000,-50.000,260.000,0.000,0.000,0
2026-01-31 12:45:22,4398254,7624.000,1387.000,1374.000,417.000,135.000,163.000,0.000,0.000,0
2026-01-31 12:45:22,4398294,7778.000,2270.000,1546.000,120.000,92.000,68.000,0.000,0.000,0
2026-01-31 12:45:22,4398334,7811.000,1552.000,1661.000,-1525.000,14.000,71.000,0.000,0.000,0
2026-01-31 12:45:22,4398374,7637.000,1313.000,1550.000,586.000,-99.000,-21.000,0.000,0.000,0
2026-01-31 12:45:23,4398416,7664.000,1387.000,1350.000,2828.000,-235.000,-195.000,0.000,0.000,0
2026-01-31 12:45:23,4398454,7694.000,1738.000,1221.000,4181.000,-246.000,-260.000,0.000,0.000,0
2026-01-31 12:45:23,4398494,7822.000,2008.000,1238.000,4201.000,-250.000,-233.000,0.000,0.000,0
2026-01-31 12:45:23,4398534,8032.000,2233.000,1270.000,3409.000,-225.000,-138.000,0.000,0.000,0
2026-01-31 12:45:23,4398574,7954.000,2268.000,1356.000,1865.000,-138.000,-41.000,0.000,0.000,0
2026-01-31 12:45:23,4398614,7862.000,1962.000,1352.000,516.000,-82.000,7.000,0.000,0.000,0
2026-01-31 12:45:23,4398654,7800.000,1724.000,1281.000,307.000,12.000,109.000,0.000,0.000,0
2026-01-31 12:45:23,4398694,7964.000,1865.000,1214.000,954.000,171.000,369.000,0.000,0.000,0
2026-01-31 12:45:23,4398734,8016.000,1974.000,1173.000,1058.000,239.000,418.000,0.000,0.000,0
2026-01-31 12:45:23,4398774,7915.000,1910.000,1084.000,1092.000,256.000,389.000,0.000,0.000,0
2026-01-31 12:45:23,4398814,7816.000,1980.000,1010.000,1250.000,169.000,338.000,0.000,0.000,0
2026-01-31 12:45:23,4398854,7751.000,1973.000,961.000,1298.000,145.000,399.000,0.000,0.000,0
2026-01-31 12:45:23,4398894,7833.000,2121.000,939.000,1307.000,105.000,548.000,0.000,0.000,0
2026-01-31 12:45:23,4398934,7862.000,2222.000,1018.000,1119.000,47.000,691.000,0.000,0.000,0
2026-01-31 12:45:23,4398974,7853.000,2306.000,1090.000,681.000,-47.000,743.000,0.000,0.000,0
2026-01-31 12:45:23,4399014,7758.000,2228.000,1081.000,204.000,-90.000,632.000,0.000,0.000,0
2026-01-31 12:45:23,4399054,7856.000,2128.000,1098.000,108.000,-102.000,414.000,0.000,0.000,0
2026-01-31 12:45:23,4399094,7625.000,2104.000,1045.000,249.000,-52.000,100.000,0.000,0.000,0
2026-01-31 12:45:23,4399134,7667.000,2098.000,967.000,222.000,-135.000,-92.000,0.000,0.000,0
2026-01-31 12:45:23,4399174,7833.000,2205.000,1064.000,59.000,-232.000,-89.000,0.000,0.000,0
2026-01-31 12:45:23,4399214,7800.000,2185.000,1050.000,-406.000,-254.000,-57.000,0.000,0.000,0
2026-01-31 12:45:23,4399254,7752.000,2018.000,1025.000,-766.000,-268.000,-194.000,0.000,0.000,0
2026-01-31 12:45:23,4399294,7762.000,1986.000,1053.000,-720.000,-268.000,-318.000,0.000,0.000,0
2026-01-31 12:45:23,4399334,7910.000,2039.000,1001.000,-789.000,-248.000,-297.000,0.000,0.000,0
2026-01-31 12:45:23,4399374,7827.000,2047.000,1029.000,-1095.000,-213.000,-179.000,0.000,0.000,0
2026-01-31 12:45:24,4399414,7838.000,1958.000,929.000,-1314.000,-223.000,-138.000,0.000,0.000,0
2026-01-31 12:45:24,4399454,7735.000,1939.000,952.000,-1328.000,-189.000,-155.000,0.000,0.000,0
2026-01-31 12:45:24,4399494,7840.000,1885.000,831.000,-1575.000,-210.000,-226.000,0.000,0.000,0
2026-01-31 12:45:24,4399534,7980.000,1968.000,801.000,-1391.000,-198.000,-251.000,0.000,0.000,0
2026-01-31 12:45:24,4399574,7873.000,1914.000,808.000,-1345.000,-172.000,-333.000,0.000,0.000,0
2026-01-31 12:45:24,4399614,7920.000,1880.000,769.000,-1310.000,-218.000,-472.000,0.000,0.000,0
2026-01-31 12:45:24,4399654,7938.000,1875.000,800.000,-1206.000,-198.000,-513.000,0.000,0.000,0
2026-01-31 12:45:24,4399694,7951.000,1859.000,761.000,-1152.000,-172.000,-521.000,0.000,0.000,0
2026-01-31 12:45:24,4399734,8077.000,1805.000,787.000,-1072.000,-165.000,-519.000,0.000,0.000,0
2026-01-31 12:45:24,4399774,8139.000,1807.000,883.000,-931.000,-148.000,-442.000,0.000,0.000,0
2026-01-31 12:45:24,4399814,7849.000,1678.000,901.000,-973.000,-66.000,-358.000,0.000,0.000,0
2026-01-31 12:45:24,4399854,7780.000,1448.000,915.000,-558.000,-18.000,-242.000,0.000,0.000,0
2026-01-31 12:45:24,4399894,7941.000,1673.000,910.000,-116.000,52.000,-42.000,0.000,0.000,0
2026-01-31 12:45:24,4399934,7875.000,1739.000,906.000,-245.000,148.000,107.000,0.000,0.000,0
2026-01-31 12:45:24,4399974,7602.000,1560.000,739.000,-226.000,163.000,72.000,0.000,0.000,0
2026-01-31 12:45:24,4400014,7558.000,1628.000,708.000,306.000,112.000,107.000,0.000,0.000,0
2026-01-31 12:45:24,4400054,7731.000,1920.000,667.000,596.000,29.000,412.000,0.000,0.000,0
2026-01-31 12:45:24,4400094,7947.000,2068.000,646.000,339.000,-72.000,803.000,0.000,0.000,0
2026-01-31 12:45:24,4400136,7990.000,2079.000,663.000,228.000,-166.000,1077.000,0.000,0.000,0
2026-01-31 12:45:24,4400174,8006.000,2117.000,682.000,348.000,-211.000,1146.000,0.000,0.000,0
2026-01-31 12:45:24,4400214,8072.000,2162.000,727.000,509.000,-163.000,1077.000,0.000,0.000,0
2026-01-31 12:45:24,4400254,8004.000,2207.000,757.000,783.000,40.000,870.000,0.000,0.000,0
2026-01-31 12:45:24,4400294,7837.000,2228.000,813.000,829.000,147.000,662.000,0.000,0.000,0
2026-01-31 12:45:24,4400334,7770.000,2181.000,764.000,785.000,194.000,420.000,0.000,0.000,0
2026-01-31 12:45:24,4400374,7870.000,2153.000,744.000,813.000,271.000,229.000,0.000,0.000,0
2026-01-31 12:45:25,4400416,7786.000,2137.000,778.000,830.000,327.000,60.000,0.000,0.000,0
2026-01-31 12:45:25,4400454,7851.000,1998.000,821.000,700.000,281.000,-155.000,0.000,0.000,0
2026-01-31 12:45:25,4400494,7946.000,1859.000,781.000,704.000,316.000,-282.000,0.000,0.000,0
2026-01-31 12:45:25,4400534,8069.000,1742.000,829.000,772.000,347.000,-342.000,0.000,0.000,0
2026-01-31 12:45:25,4400574,8043.000,1651.000,947.000,797.000,311.000,-382.000,0.000,0.000,0
2026-01-31 12:45:25,4400614,7957.000,1346.000,1008.000,971.000,304.000,-424.000,0.000,0.000,0
2026-01-31 12:45:25,4400654,7974.000,1357.000,1174.000,1076.000,299.000,-399.000,0.000,0.000,0
2026-01-31 12:45:25,4400694,8012.000,1254.000,1260.000,806.000,302.000,-322.000,0.000,0.000,0
2026-01-31 12:45:25,4400734,8071.000,1285.000,1488.000,436.000,364.000,-114.000,0.000,0.000,0
2026-01-31 12:45:25,4400774,7921.000,791.000,1594.000,43.000,445.000,165.000,0.000,0.000,0
2026-01-31 12:45:25,4400814,7838.000,1027.000,1546.000,1215.000,487.000,274.000,0.000,0.000,0
2026-01-31 12:45:25,4400854,7809.000,1529.000,1581.000,1870.000,539.000,361.000,0.000,0.000,0
2026-01-31 12:45:25,4400894,7794.000,1885.000,1523.000,1367.000,578.000,424.000,0.000,0.000,0
2026-01-31 12:45:25,4400934,7844.000,1762.000,1404.000,679.000,532.000,531.000,0.000,0.000,0
2026-01-31 12:45:25,4400974,7761.000,1808.000,1371.000,701.000,408.000,490.000,0.000,0.000,0
2026-01-31 12:45:25,4401014,7649.000,1950.000,1464.000,671.000,266.000,279.000,0.000,0.000,0
2026-01-31 12:45:25,4401054,7747.000,1977.000,1528.000,401.000,83.000,122.000,0.000,0.000,0
2026-01-31 12:45:25,4401094,7741.000,1787.000,1677.000,-118.000,-82.000,20.000,0.000,0.000,0
2026-01-31 12:45:25,4401134,7659.000,1584.000,1702.000,-625.000,-227.000,57.000,0.000,0.000,0
2026-01-31 12:45:25,4401174,7739.000,1364.000,1737.000,-953.000,-367.000,146.000,0.000,0.000,0
2026-01-31 12:45:25,4401214,7875.000,1398.000,1650.000,-988.000,-493.000,186.000,0.000,0.000,0
2026-01-31 12:45:25,4401254,7898.000,1453.000,1589.000,-1044.000,-588.000,127.000,0.000,0.000,0
2026-01-31 12:45:25,4401294,8018.000,1468.000,1524.000,-1101.000,-625.000,-2.000,0.000,0.000,0
2026-01-31 12:45:25,4401334,7857.000,1512.000,1364.000,-1120.000,-599.000,-137.000,0.000,0.000,0
2026-01-31 12:45:25,4401374,8049.000,1506.000,1114.000,-1192.000,-616.000,-359.000,0.000,0.000,0
2026-01-31 12:45:26,4401414,7854.000,1430.000,1148.000,-1206.000,-580.000,-759.000,0.000,0.000,0
2026-01-31 12:45:26,4401454,7967.000,1317.000,1083.000,-1292.000,-620.000,-969.000,0.000,0.000,0
2026-01-31 12:45:26,4401494,7936.000,1229.000,1069.000,-1167.000,-531.000,-1074.000,0.000,0.000,0
2026-01-31 12:45:26,4401534,7839.000,1215.000,1013.000,-1069.000,-460.000,-1149.000,0.000,0.000,0
2026-01-31 12:45:26,4401574,7953.000,1234.000,955.000,-1066.000,-425.000,-1207.000,0.000,0.000,0
2026-01-31 12:45:26,4401614,7996.000,1179.000,924.000,-1149.000,-387.000,-1236.000,0.000,0.000,0
2026-01-31 12:45:26,4401654,8048.000,1124.000,859.000,-970.000,-302.000,-1193.000,0.000,0.000,0
2026-01-31 12:45:26,4401694,8184.000,1257.000,860.000,-453.000,-218.000,-1007.000,0.000,0.000,0
2026-01-31 12:45:26,4401734,8044.000,1588.000,942.000,-179.000,-145.000,-721.000,0.000,0.000,0
2026-01-31 12:45:26,4401774,7929.000,1976.000,936.000,-385.000,-117.000,-188.000,0.000,0.000,0
2026-01-31 12:45:26,4401814,7743.000,2170.000,912.000,-18.000,-38.000,-79.000,0.000,0.000,0
2026-01-31 12:45:26,4401854,7763.000,2421.000,781.000,-36.000,-37.000,-245.000,0.000,0.000,0
2026-01-31 12:45:26,4401894,7682.000,2412.000,829.000,-35.000,-16.000,-353.000,0.000,0.000,0
2026-01-31 12:45:26,4401934,7571.000,2547.000,855.000,304.000,-92.000,-323.000,0.000,0.000,0
2026-01-31 12:45:26,4401974,7700.000,2729.000,868.000,236.000,-171.000,-262.000,0.000,0.000,0
2026-01-31 12:45:26,4402014,7647.000,2707.000,851.000,17.000,-120.000,-166.000,0.000,0.000,0
2026-01-31 12:45:26,4402054,7568.000,2678.000,832.000,4.000,-91.000,-210.000,0.000,0.000,0
2026-01-31 12:45:26,4402094,7657.000,2777.000,861.000,77.000,-175.000,-232.000,0.000,0.000,0
2026-01-31 12:45:26,4402136,7722.000,2866.000,920.000,-206.000,-269.000,-139.000,0.000,0.000,0
2026-01-31 12:45:26,4402176,7844.000,2720.000,977.000,-684.000,-276.000,118.000,0.000,0.000,0
2026-01-31 12:45:26,4402214,7794.000,2678.000,951.000,-592.000,-79.000,254.000,0.000,0.000,0
2026-01-31 12:45:26,4402254,7697.000,2621.000,846.000,-580.000,51.000,231.000,0.000,0.000,0
2026-01-31 12:45:26,4402294,7717.000,2626.000,791.000,-501.000,107.000,258.000,0.000,0.000,0
2026-01-31 12:45:26,4402334,7694.000,2596.000,708.000,-511.000,125.000,376.000,0.000,0.000,0
2026-01-31 12:45:26,4402374,7512.000,2516.000,658.000,-539.000,141.000,471.000,0.000,0.000,0
2026-01-31 12:45:27,4402417,7378.000,2429.000,613.000,-553.000,120.000,446.000,0.000,0.000,0
2026-01-31 12:45:27,4402454,7523.000,2365.000,568.000,-480.000,60.000,361.000,0.000,0.000,0
2026-01-31 12:45:27,4402494,7817.000,2364.000,512.000,-305.000,26.000,354.000,0.000,0.000,0
2026-01-31 12:45:27,4402534,7719.000,2409.000,679.000,-263.000,5.000,390.000,0.000,0.000,0
2026-01-31 12:45:27,4402574,7589.000,2208.000,735.000,-647.000,-155.000,78.000,0.000,0.000,0
2026-01-31 12:45:27,4402614,7835.000,2086.000,756.000,-451.000,-177.000,-182.000,0.000,0.000,0
2026-01-31 12:45:27,4402654,8061.000,2141.000,888.000,-197.000,-131.000,-294.000,0.000,0.000,0
2026-01-31 12:45:27,4402694,7966.000,2072.000,1070.000,-264.000,-137.000,-377.000,0.000,0.000,0
2026-01-31 12:45:27,4402734,7786.000,1969.000,1132.000,-276.000,-160.000,-467.000,0.000,0.000,0
2026-01-31 12:45:27,4402774,7766.000,1969.000,1200.000,-156.000,-95.000,-432.000,0.000,0.000,0
2026-01-31 12:45:27,4402814,7674.000,1977.000,1268.000,-151.000,-5.000,-278.000,0.000,0.000,0
2026-01-31 12:45:27,4402854,7778.000,2005.000,1271.000,-203.000,-4.000,-123.000,0.000,0.000,0
2026-01-31 12:45:27,4402894,7740.000,2028.000,1190.000,-248.000,55.000,-10.000,0.000,0.000,0
2026-01-31 12:45:27,4402934,7895.000,1984.000,1015.000,-269.000,83.000,-10.000,0.000,0.000,0
2026-01-31 12:45:27,4402974,7835.000,1973.000,1018.000,-84.000,105.000,-68.000,0.000,0.000,0
2026-01-31 12:45:27,4403014,7615.000,1836.000,938.000,-59.000,87.000,-244.000,0.000,0.000,0
2026-01-31 12:45:27,4403054,7815.000,1770.000,785.000,157.000,61.000,-299.000,0.000,0.000,0
2026-01-31 12:45:27,4403094,8122.000,1871.000,753.000,605.000,68.000,-69.000,0.000,0.000,0
2026-01-31 12:45:27,4403134,8094.000,1990.000,966.000,706.000,-10.000,114.000,0.000,0.000,0
2026-01-31 12:45:27,4403174,7608.000,1798.000,1036.000,520.000,-158.000,64.000,0.000,0.000,0
2026-01-31 12:45:27,4403214,7643.000,1825.000,1035.000,823.000,-220.000,123.000,0.000,0.000,0
2026-01-31 12:45:27,4403254,8027.000,2144.000,1063.000,950.000,-141.000,548.000,0.000,0.000,0
2026-01-31 12:45:27,4403294,7850.000,2224.000,1211.000,560.000,-111.000,980.000,0.000,0.000,0
2026-01-31 12:45:27,4403334,7841.000,2182.000,1156.000,-6.000,-292.000,894.000,0.000,0.000,0
2026-01-31 12:45:27,4403374,7916.000,2191.000,1090.000,72.000,-126.000,671.000,0.000,0.000,0
2026-01-31 12:45:28,4403414,8092.000,2271.000,1071.000,142.000,-7.000,583.000,0.000,0.000,0
2026-01-31 12:45:28,4403454,7892.000,2438.000,1179.000,-87.000,29.000,473.000,0.000,0.000,0
2026-01-31 12:45:28,4403494,7740.000,2255.000,1098.000,-658.000,28.000,255.000,0.000,0.000,0
2026-01-31 12:45:28,4403534,7847.000,2050.000,1003.000,-731.000,137.000,-90.000,0.000,0.000,0
2026-01-31 12:45:28,4403574,7985.000,2057.000,961.000,-448.000,317.000,-306.000,0.000,0.000,0
2026-01-31 12:45:28,4403614,7871.000,2059.000,1031.000,-497.000,403.000,-475.000,0.000,0.000,0
2026-01-31 12:45:28,4403654,7607.000,1836.000,952.000,-745.000,381.000,-758.000,0.000,0.000,0
2026-01-31 12:45:28,4403694,8107.000,1846.000,845.000,-662.000,410.000,-895.000,0.000,0.000,0
2026-01-31 12:45:28,4403734,8146.000,1918.000,1052.000,-116.000,426.000,-771.000,0.000,0.000,0
2026-01-31 12:45:28,4403774,7796.000,1711.000,1103.000,-518.000,352.000,-722.000,0.000,0.000,0
2026-01-31 12:45:28,4403814,7861.000,1563.000,1103.000,-576.000,284.000,-578.000,0.000,0.000,0
2026-01-31 12:45:28,4403854,7771.000,1463.000,1146.000,-115.000,422.000,-241.000,0.000,0.000,0
2026-01-31 12:45:28,4403894,7859.000,1600.000,999.000,487.000,513.000,160.000,0.000,0.000,0
2026-01-31 12:45:28,4403934,7800.000,1825.000,1140.000,647.000,511.000,531.000,0.000,0.000,0
2026-01-31 12:45:28,4403974,7739.000,1781.000,1125.000,419.000,353.000,725.000,0.000,0.000,0
2026-01-31 12:45:28,4404014,7851.000,1815.000,1062.000,571.000,300.000,850.000,0.000,0.000,0
2026-01-31 12:45:28,4404054,7786.000,1897.000,1162.000,841.000,320.000,950.000,0.000,0.000,0
2026-01-31 12:45:28,4404094,7947.000,2018.000,1359.000,798.000,250.000,852.000,0.000,0.000,0
2026-01-31 12:45:28,4404134,7616.000,1806.000,1269.000,722.000,348.000,491.000,0.000,0.000,0
2026-01-31 12:45:28,4404178,7522.000,1720.000,1155.000,1101.000,324.000,191.000,0.000,0.000,0
2026-01-31 12:45:28,4404214,7429.000,1910.000,1268.000,1480.000,404.000,302.000,0.000,0.000,0
2026-01-31 12:45:28,4404254,7581.000,1927.000,1028.000,1349.000,350.000,375.000,0.000,0.000,0
2026-01-31 12:45:28,4404294,8134.000,1967.000,1140.000,1330.000,251.000,347.000,0.000,0.000,0
2026-01-31 12:45:28,4404334,8135.000,1826.000,1371.000,1282.000,189.000,-39.000,0.000,0.000,0
2026-01-31 12:45:28,4404374,7890.000,1590.000,1286.000,1323.000,210.000,-583.000,0.000,0.000,0
2026-01-31 12:45:29,4404416,7501.000,1563.000,1258.000,1826.000,381.000,-506.000,0.000,0.000,0
2026-01-31 12:45:29,4404454,7530.000,1778.000,1265.000,2158.000,344.000,-20.000,0.000,0.000,0
2026-01-31 12:45:29,4404494,7908.000,1980.000,1478.000,1291.000,132.000,738.000,0.000,0.000,0
2026-01-31 12:45:29,4404534,7893.000,1712.000,1248.000,1091.000,188.000,696.000,0.000,0.000,0
2026-01-31 12:45:29,4404574,7866.000,1836.000,1265.000,1790.000,210.000,409.000,0.000,0.000,0
2026-01-31 12:45:29,4404614,7588.000,2171.000,1376.000,2066.000,163.000,387.000,0.000,0.000,0
2026-01-31 12:45:29,4404654,7741.000,2231.000,1437.000,1399.000,-1.000,512.000,0.000,0.000,0
2026-01-31 12:45:29,4404694,8262.000,2159.000,1599.000,998.000,7.000,527.000,0.000,0.000,0
2026-01-31 12:45:29,4404734,8245.000,2078.000,1789.000,1061.000,212.000,23.000,0.000,0.000,0
2026-01-31 12:45:29,4404774,7885.000,1783.000,1537.000,1204.000,463.000,-535.000,0.000,0.000,0
2026-01-31 12:45:29,4404814,7502.000,1790.000,1612.000,1680.000,609.000,-645.000,0.000,0.000,0
2026-01-31 12:45:29,4404854,7375.000,1984.000,1199.000,1792.000,639.000,-331.000,0.000,0.000,0
2026-01-31 12:45:29,4404894,7593.000,2101.000,1043.000,967.000,361.000,355.000,0.000,0.000,0
2026-01-31 12:45:29,4404934,7829.000,2049.000,1230.000,445.000,108.000,606.000,0.000,0.000,0
2026-01-31 12:45:29,4404974,8114.000,1853.000,1050.000,124.000,-26.000,390.000,0.000,0.000,0
2026-01-31 12:45:29,4405014,8188.000,1601.000,1133.000,664.000,73.000,38.000,0.000,0.000,0
2026-01-31 12:45:29,4405054,7986.000,1887.000,1505.000,1589.000,158.000,-122.000,0.000,0.000,0
2026-01-31 12:45:29,4405094,7652.000,2052.000,1682.000,1212.000,74.000,-134.000,0.000,0.000,0
2026-01-31 12:45:29,4405134,7872.000,1840.000,1687.000,661.000,132.000,85.000,0.000,0.000,0
2026-01-31 12:45:29,4405174,7816.000,2009.000,1563.000,785.000,296.000,337.000,0.000,0.000,0
2026-01-31 12:45:29,4405214,7736.000,2125.000,1409.000,539.000,247.000,294.000,0.000,0.000,0
2026-01-31 12:45:29,4405254,7716.000,1958.000,1203.000,348.000,128.000,292.000,0.000,0.000,0
2026-01-31 12:45:29,4405294,7768.000,2078.000,1264.000,425.000,57.000,198.000,0.000,0.000,0
2026-01-31 12:45:29,4405334,7778.000,2061.000,1363.000,135.000,5.000,55.000,0.000,0.000,0
2026-01-31 12:45:29,4405374,7650.000,1857.000,1435.000,125.000,37.000,-12.000,0.000,0.000,0
2026-01-31 12:45:30,4405414,7607.000,1881.000,1510.000,509.000,59.000,-51.000,0.000,0.000,0
2026-01-31 12:45:30,4405454,7851.000,2083.000,1507.000,646.000,13.000,84.000,0.000,0.000,0
2026-01-31 12:45:30,4405494,7817.000,2322.000,1501.000,287.000,-2.000,255.000,0.000,0.000,0
2026-01-31 12:45:30,4405534,7665.000,2204.000,1405.000,-145.000,-82.000,181.000,0.000,0.000,0
2026-01-31 12:45:30,4405574,7856.000,2312.000,1399.000,-87.000,-133.000,48.000,0.000,0.000,0
2026-01-31 12:45:30,4405614,8049.000,2301.000,1373.000,-308.000,-98.000,-7.000,0.000,0.000,0
2026-01-31 12:45:30,4405654,7835.000,1782.000,1584.000,-985.000,-170.000,-158.000,0.000,0.000,0
2026-01-31 12:45:30,4405694,7774.000,1719.000,1420.000,-180.000,-109.000,-187.000,0.000,0.000,0
2026-01-31 12:45:30,4405734,7691.000,2069.000,1537.000,96.000,-121.000,-32.000,0.000,0.000,0
2026-01-31 12:45:30,4405774,7730.000,2160.000,1612.000,-424.000,-274.000,72.000,0.000,0.000,0
2026-01-31 12:45:30,4405814,7712.000,2089.000,1327.000,-716.000,-276.000,173.000,0.000,0.000,0
2026-01-31 12:45:30,4405854,7741.000,2435.000,1463.000,-436.000,-306.000,192.000,0.000,0.000,0
2026-01-31 12:45:30,4405894,7707.000,2637.000,1537.000,-1089.000,-523.000,112.000,0.000,0.000,0
2026-01-31 12:45:30,4405934,7741.000,2431.000,1414.000,-1858.000,-628.000,4.000,0.000,0.000,0
2026-01-31 12:45:30,4405974,7688.000,2450.000,1516.000,-2045.000,-689.000,-85.000,0.000,0.000,0
2026-01-31 12:45:30,4406014,7584.000,2517.000,1467.000,-2667.000,-876.000,-79.000,0.000,0.000,0
2026-01-31 12:45:30,4406054,7570.000,2561.000,1382.000,-3002.000,-924.000,-30.000,0.000,0.000,0
2026-01-31 12:45:30,4406094,7644.000,2670.000,1352.000,-3449.000,-927.000,5.000,0.000,0.000,0
2026-01-31 12:45:30,4406134,7704.000,2587.000,1201.000,-3936.000,-944.000,-31.000,0.000,0.000,0
2026-01-31 12:45:30,4406176,7789.000,2653.000,1164.000,-3981.000,-918.000,-23.000,0.000,0.000,0
2026-01-31 12:45:30,4406216,7853.000,2739.000,1007.000,-4320.000,-939.000,-87.000,0.000,0.000,0
2026-01-31 12:45:30,4406254,7904.000,2660.000,909.000,-4689.000,-898.000,-163.000,0.000,0.000,0
2026-01-31 12:45:30,4406294,7924.000,2664.000,805.000,-4782.000,-843.000,-202.000,0.000,0.000,0
2026-01-31 12:45:30,4406334,8069.000,2594.000,601.000,-4806.000,-727.000,-318.000,0.000,0.000,0
2026-01-31 12:45:30,4406374,7979.000,2499.000,555.000,-4686.000,-619.000,-658.000,0.000,0.000,0
2026-01-31 12:45:31,4406416,8065.000,2328.000,355.000,-4516.000,-689.000,-1571.000,0.000,0.000,0
2026-01-31 12:45:31,4406454,8234.000,2132.000,456.000,-4460.000,-833.000,-2221.000,0.000,0.000,0
2026-01-31 12:45:31,4406494,8422.000,1882.000,628.000,-4316.000,-1080.000,-2966.000,0.000,0.000,0
2026-01-31 12:45:31,4406534,8615.000,1742.000,793.000,-3971.000,-1319.000,-3563.000,0.000,0.000,0
2026-01-31 12:45:31,4406574,8683.000,1634.000,1144.000,-3858.000,-1432.000,-3772.000,0.000,0.000,0
2026-01-31 12:45:31,4406614,7808.000,1490.000,1470.000,-4064.000,-1474.000,-3626.000,0.000,0.000,0
2026-01-31 12:45:31,4406654,7330.000,1347.000,1652.000,-4724.000,-1679.000,-3367.000,0.000,0.000,0
2026-01-31 12:45:31,4406694,7536.000,811.000,1445.000,-5155.000,-1701.000,-2520.000,0.000,0.000,0
2026-01-31 12:45:31,4406734,7310.000,973.000,1434.000,-3895.000,-1597.000,-1118.000,0.000,0.000,0
2026-01-31 12:45:31,4406774,7904.000,1602.000,1223.000,-2599.000,-1540.000,630.000,0.000,0.000,0
2026-01-31 12:45:31,4406814,8133.000,1845.000,974.000,-3075.000,-1005.000,2242.000,0.000,0.000,0
2026-01-31 12:45:31,4406854,8041.000,1549.000,846.000,-2839.000,-640.000,1980.000,0.000,0.000,0
2026-01-31 12:45:31,4406894,7969.000,1178.000,478.000,-1781.000,-378.000,998.000,0.000,0.000,0
2026-01-31 12:45:31,4406934,8283.000,1181.000,185.000,466.000,-135.000,117.000,0.000,0.000,0
2026-01-31 12:45:31,4406974,8305.000,1614.000,84.000,3009.000,-51.000,162.000,0.000,0.000,0
2026-01-31 12:45:31,4407014,7608.000,2349.000,197.000,3904.000,-248.000,779.000,0.000,0.000,0
2026-01-31 12:45:31,4407054,7450.000,2497.000,320.000,2466.000,-845.000,1362.000,0.000,0.000,0
2026-01-31 12:45:31,4407094,7465.000,1983.000,380.000,1063.000,-1185.000,1650.000,0.000,0.000,0
2026-01-31 12:45:31,4407134,7725.000,1837.000,163.000,2021.000,-1168.000,2112.000,0.000,0.000,0
2026-01-31 12:45:31,4407174,8848.000,2645.000,132.000,3520.000,-862.000,3197.000,0.000,0.000,0
2026-01-31 12:45:31,4407214,8811.000,2948.000,347.000,3686.000,-499.000,3135.000,0.000,0.000,0
2026-01-31 12:45:31,4407254,8533.000,2672.000,278.000,2884.000,-621.000,2254.000,0.000,0.000,0
2026-01-31 12:45:31,4407294,8030.000,2581.000,448.000,2693.000,-641.000,1442.000,0.000,0.000,0
2026-01-31 12:45:31,4407334,8020.000,2730.000,416.000,2811.000,-352.000,1303.000,0.000,0.000,0
2026-01-31 12:45:31,4407374,7890.000,2868.000,609.000,2517.000,48.000,1443.000,0.000,0.000,0
2026-01-31 12:45:32,4407414,7668.000,2839.000,647.000,1963.000,294.000,1423.000,0.000,0.000,0
2026-01-31 12:45:32,4407454,7737.000,2864.000,777.000,1387.000,372.000,1035.000,0.000,0.000,0
2026-01-31 12:45:32,4407494,7940.000,2750.000,855.000,797.000,571.000,509.000,0.000,0.000,0
2026-01-31 12:45:32,4407534,8344.000,2652.000,523.000,724.000,812.000,-42.000,0.000,0.000,0
2026-01-31 12:45:32,4407574,8545.000,2882.000,759.000,-67.000,622.000,-866.000,0.000,0.000,0
2026-01-31 12:45:32,4407614,7998.000,2703.000,1282.000,-1937.000,54.000,-1668.000,0.000,0.000,0
2026-01-31 12:45:32,4407654,7940.000,2170.000,1534.000,-4174.000,-305.000,-2569.000,0.000,0.000,0
2026-01-31 12:45:32,4407694,8009.000,1568.000,1382.000,-5414.000,2.000,-3070.000,0.000,0.000,0
2026-01-31 12:45:32,4407734,8040.000,911.000,1023.000,-4333.000,504.000,-3223.000,0.000,0.000,0
2026-01-31 12:45:32,4407774,8197.000,1251.000,861.000,-2345.000,737.000,-3519.000,0.000,0.000,0
2026-01-31 12:45:32,4407814,8220.000,1412.000,889.000,-2102.000,722.000,-3736.000,0.000,0.000,0
2026-01-31 12:45:32,4407854,8065.000,1355.000,597.000,-2609.000,680.000,-3566.000,0.000,0.000,0
2026-01-31 12:45:32,4407894,7810.000,899.000,336.000,-2606.000,634.000,-3116.000,0.000,0.000,0
2026-01-31 12:45:32,4407934,7527.000,766.000,289.000,-1528.000,372.000,-2448.000,0.000,0.000,0
2026-01-31 12:45:32,4407974,7497.000,1229.000,541.000,-186.000,-343.000,-957.000,0.000,0.000,0
2026-01-31 12:45:32,4408014,7851.000,1303.000,631.000,-470.000,-733.000,145.000,0.000,0.000,0
2026-01-31 12:45:32,4408054,7972.000,1306.000,793.000,-136.000,-835.000,981.000,0.000,0.000,0
2026-01-31 12:45:32,4408094,7978.000,1407.000,1046.000,834.000,-782.000,1444.000,0.000,0.000,0
2026-01-31 12:45:32,4408138,8056.000,1766.000,1027.000,1406.000,-613.000,1831.000,0.000,0.000,0
2026-01-31 12:45:32,4408174,8100.000,1939.000,1056.000,1231.000,-407.000,2184.000,0.000,0.000,0
2026-01-31 12:45:32,4408218,8296.000,1971.000,949.000,1149.000,-292.000,2471.000,0.000,0.000,0
2026-01-31 12:45:32,4408254,8243.000,2086.000,915.000,1379.000,-240.000,2635.000,0.000,0.000,0
2026-01-31 12:45:32,4408294,8141.000,2256.000,840.000,1381.000,-226.000,2605.000,0.000,0.000,0
2026-01-31 12:45:32,4408334,8148.000,2286.000,742.000,973.000,-230.000,2228.000,0.000,0.000,0
2026-01-31 12:45:32,4408374,8333.000,2255.000,705.000,696.000,-210.000,1931.000,0.000,0.000,0
2026-01-31 12:45:33,4408416,8132.000,2342.000,796.000,785.000,-111.000,1604.000,0.000,0.000,0
2026-01-31 12:45:33,4408455,7886.000,2275.000,836.000,638.000,-40.000,1142.000,0.000,0.000,0
2026-01-31 12:45:33,4408494,7823.000,2164.000,781.000,587.000,33.000,572.000,0.000,0.000,0
2026-01-31 12:45:33,4408534,7788.000,2192.000,927.000,547.000,119.000,119.000,0.000,0.000,0
2026-01-31 12:45:33,4408574,7684.000,2159.000,969.000,368.000,206.000,-180.000,0.000,0.000,0
2026-01-31 12:45:33,4408614,7852.000,2119.000,966.000,-48.000,209.000,-490.000,0.000,0.000,0
2026-01-31 12:45:33,4408654,7816.000,1943.000,969.000,-490.000,284.000,-824.000,0.000,0.000,0
2026-01-31 12:45:33,4408694,7817.000,1775.000,921.000,-605.000,330.000,-1185.000,0.000,0.000,0
2026-01-31 12:45:33,4408734,7982.000,1756.000,835.000,-566.000,344.000,-1349.000,0.000,0.000,0
2026-01-31 12:45:33,4408774,7999.000,1678.000,796.000,-675.000,373.000,-1523.000,0.000,0.000,0
2026-01-31 12:45:33,4408814,8006.000,1603.000,777.000,-629.000,306.000,-1441.000,0.000,0.000,0
2026-01-31 12:45:33,4408854,7987.000,1593.000,781.000,-595.000,225.000,-1307.000,0.000,0.000,0
2026-01-31 12:45:33,4408894,8045.000,1567.000,782.000,-644.000,146.000,-1132.000,0.000,0.000,0
2026-01-31 12:45:33,4408934,8089.000,1499.000,806.000,-586.000,79.000,-911.000,0.000,0.000,0
2026-01-31 12:45:33,4408974,7866.000,1482.000,860.000,-382.000,76.000,-702.000,0.000,0.000,0
2026-01-31 12:45:33,4409014,7703.000,1465.000,889.000,-279.000,39.000,-522.000,0.000,0.000,0
2026-01-31 12:45:33,4409054,7735.000,1481.000,859.000,-183.000,2.000,-243.000,0.000,0.000,0
2026-01-31 12:45:33,4409094,7851.000,1597.000,855.000,-39.000,11.000,218.000,0.000,0.000,0
2026-01-31 12:45:33,4409134,7774.000,1620.000,823.000,88.000,-41.000,619.000,0.000,0.000,0
2026-01-31 12:45:33,4409174,7850.000,1697.000,771.000,250.000,-58.000,668.000,0.000,0.000,0
2026-01-31 12:45:33,4409214,7993.000,1779.000,774.000,390.000,-9.000,772.000,0.000,0.000,0
2026-01-31 12:45:33,4409254,7956.000,1832.000,787.000,460.000,9.000,857.000,0.000,0.000,0
2026-01-31 12:45:33,4409294,7850.000,1829.000,872.000,474.000,-46.000,798.000,0.000,0.000,0
2026-01-31 12:45:33,4409334,7985.000,1868.000,840.000,499.000,-45.000,686.000,0.000,0.000,0
2026-01-31 12:45:33,4409374,7998.000,1915.000,944.000,491.000,34.000,626.000,0.000,0.000,0
2026-01-31 12:45:34,4409414,7995.000,1935.000,967.000,444.000,35.000,536.000,0.000,0.000,0
2026-01-31 12:45:34,4409454,8079.000,1943.000,961.000,392.000,46.000,420.000,0.000,0.000,0
2026-01-31 12:45:34,4409494,8038.000,1958.000,1016.000,335.000,112.000,231.000,0.000,0.000,0
2026-01-31 12:45:34,4409534,7917.000,1886.000,1028.000,212.000,158.000,38.000,0.000,0.000,0
2026-01-31 12:45:34,4409574,7917.000,1857.000,962.000,244.000,195.000,-114.000,0.000,0.000,0
2026-01-31 12:45:34,4409614,7976.000,1884.000,944.000,252.000,250.000,-158.000,0.000,0.000,0
2026-01-31 12:45:34,4409654,7824.000,1810.000,969.000,120.000,229.000,-229.000,0.000,0.000,0
2026-01-31 12:45:34,4409694,7738.000,1703.000,893.000,94.000,189.000,-367.000,0.000,0.000,0
2026-01-31 12:45:34,4409734,7741.000,1715.000,929.000,147.000,195.000,-434.000,0.000,0.000,0
2026-01-31 12:45:34,4409774,7797.000,1684.000,907.000,85.000,170.000,-400.000,0.000,0.000,0
2026-01-31 12:45:34,4409814,7769.000,1662.000,955.000,97.000,88.000,-335.000,0.000,0.000,0
2026-01-31 12:45:34,4409854,7668.000,1660.000,1002.000,51.000,20.000,-267.000,0.000,0.000,0
2026-01-31 12:45:34,4409894,7720.000,1613.000,999.000,5.000,-9.000,-229.000,0.000,0.000,0
2026-01-31 12:45:34,4409934,7875.000,1808.000,1058.000,62.000,-61.000,196.000,0.000,0.000,0
2026-01-31 12:45:34,4409974,7797.000,1773.000,1102.000,-138.000,-137.000,302.000,0.000,0.000,0
2026-01-31 12:45:34,4410014,8069.000,1788.000,1040.000,-126.000,-182.000,271.000,0.000,0.000,0
2026-01-31 12:45:34,4410054,8097.000,1900.000,1167.000,-55.000,-69.000,318.000,0.000,0.000,0
2026-01-31 12:45:34,4410094,8060.000,1891.000,1188.000,-224.000,-107.000,282.000,0.000,0.000,0
2026-01-31 12:45:34,4410134,8016.000,1891.000,1221.000,-293.000,-87.000,187.000,0.000,0.000,0
2026-01-31 12:45:34,4410176,8001.000,1898.000,1222.000,-349.000,-27.000,114.000,0.000,0.000,0
2026-01-31 12:45:34,4410216,7881.000,1891.000,1270.000,-359.000,22.000,55.000,0.000,0.000,0
2026-01-31 12:45:34,4410254,7807.000,1843.000,1186.000,-418.000,41.000,-35.000,0.000,0.000,0
2026-01-31 12:45:34,4410294,7801.000,1819.000,1110.000,-405.000,135.000,-154.000,0.000,0.000,0
2026-01-31 12:45:34,4410334,7761.000,1838.000,1043.000,-371.000,138.000,-189.000,0.000,0.000,0
2026-01-31 12:45:34,4410374,7744.000,1783.000,950.000,-467.000,66.000,-270.000,0.000,0.000,0
2026-01-31 12:45:35,4410414,7837.000,1714.000,872.000,-414.000,35.000,-332.000,0.000,0.000,0
2026-01-31 12:45:35,4410454,7884.000,1718.000,860.000,-253.000,5.000,-359.000,0.000,0.000,0
2026-01-31 12:45:35,4410494,7879.000,1699.000,864.000,-208.000,-75.000,-380.000,0.000,0.000,0
2026-01-31 12:45:35,4410534,7789.000,1634.000,938.000,-187.000,-126.000,-379.000,0.000,0.000,0
2026-01-31 12:45:35,4410574,7857.000,1596.000,927.000,-81.000,-158.000,-332.000,0.000,0.000,0
2026-01-31 12:45:35,4410614,8018.000,1636.000,941.000,95.000,-110.000,-167.000,0.000,0.000,0
2026-01-31 12:45:35,4410654,7851.000,1646.000,1060.000,137.000,-80.000,91.000,0.000,0.000,0
2026-01-31 12:45:35,4410694,7869.000,1578.000,1006.000,144.000,-66.000,120.000,0.000,0.000,0
2026-01-31 12:45:35,4410734,8085.000,1707.000,1002.000,384.000,42.000,255.000,0.000,0.000,0
2026-01-31 12:45:35,4410774,8099.000,1825.000,1072.000,414.000,87.000,446.000,0.000,0.000,0
2026-01-31 12:45:35,4410814,7868.000,1773.000,1114.000,259.000,46.000,441.000,0.000,0.000,0
2026-01-31 12:45:35,4410854,7801.000,1738.000,1054.000,322.000,87.000,341.000,0.000,0.000,0
2026-01-31 12:45:35,4410894,7876.000,1859.000,1064.000,527.000,206.000,366.000,0.000,0.000,0
2026-01-31 12:45:35,4410934,7878.000,1960.000,1103.000,458.000,171.000,441.000,0.000,0.000,0
2026-01-31 12:45:35,4410974,7771.000,1910.000,1027.000,204.000,92.000,363.000,0.000,0.000,0
2026-01-31 12:45:35,4411014,7859.000,1869.000,943.000,267.000,110.000,205.000,0.000,0.000,0
2026-01-31 12:45:35,4411054,7936.000,1989.000,960.000,370.000,135.000,86.000,0.000,0.000,0
2026-01-31 12:45:35,4411094,7825.000,1868.000,959.000,94.000,-48.000,-141.000,0.000,0.000,0
2026-01-31 12:45:35,4411134,7728.000,1786.000,970.000,207.000,-41.000,-286.000,0.000,0.000,0
2026-01-31 12:45:35,4411174,7920.000,1838.000,950.000,254.000,-54.000,-346.000,0.000,0.000,0
2026-01-31 12:45:35,4411214,7927.000,1824.000,1050.000,93.000,-98.000,-276.000,0.000,0.000,0
2026-01-31 12:45:35,4411254,7730.000,1707.000,1066.000,-86.000,-174.000,-287.000,0.000,0.000,0
2026-01-31 12:45:35,4411294,7822.000,1625.000,1001.000,-29.000,-150.000,-348.000,0.000,0.000,0
2026-01-31 12:45:35,4411334,8043.000,1765.000,983.000,106.000,-69.000,-183.000,0.000,0.000,0
2026-01-31 12:45:35,4411374,7927.000,1781.000,1076.000,-90.000,-81.000,23.000,0.000,0.000,0
2026-01-31 12:45:36,4411414,7905.000,1638.000,856.000,-206.000,-132.000,-10.000,0.000,0.000,0
2026-01-31 12:45:36,4411454,8050.000,1747.000,914.000,133.000,43.000,-39.000,0.000,0.000,0
2026-01-31 12:45:36,4411494,8001.000,1770.000,915.000,59.000,10.000,20.000,0.000,0.000,0
2026-01-31 12:45:36,4411534,7878.000,1658.000,862.000,-47.000,-33.000,14.000,0.000,0.000,0
2026-01-31 12:45:36,4411574,7937.000,1671.000,831.000,82.000,-1.000,38.000,0.000,0.000,0
2026-01-31 12:45:36,4411614,7991.000,1772.000,869.000,120.000,33.000,130.000,0.000,0.000,0
2026-01-31 12:45:36,4411654,7885.000,1698.000,863.000,32.000,-11.000,113.000,0.000,0.000,0
2026-01-31 12:45:36,4411694,7852.000,1655.000,837.000,186.000,16.000,-1.000,0.000,0.000,0
2026-01-31 12:45:36,4411734,7933.000,1732.000,818.000,306.000,85.000,-9.000,0.000,0.000,0
2026-01-31 12:45:36,4411774,7911.000,1735.000,814.000,232.000,90.000,34.000,0.000,0.000,0
2026-01-31 12:45:36,4411814,7937.000,1701.000,787.000,249.000,32.000,-12.000,0.000,0.000,0
2026-01-31 12:45:36,4411854,7994.000,1730.000,789.000,332.000,80.000,-36.000,0.000,0.000,0
2026-01-31 12:45:36,4411894,8100.000,1749.000,832.000,347.000,73.000,-39.000,0.000,0.000,0
2026-01-31 12:45:36,4411934,7938.000,1764.000,920.000,347.000,60.000,-18.000,0.000,0.000,0
2026-01-31 12:45:36,4411974,7822.000,1686.000,901.000,298.000,67.000,-35.000,0.000,0.000,0
2026-01-31 12:45:36,4412014,7791.000,1761.000,898.000,404.000,139.000,25.000,0.000,0.000,0
2026-01-31 12:45:36,4412054,7764.000,1840.000,909.000,272.000,141.000,129.000,0.000,0.000,0
2026-01-31 12:45:36,4412094,7895.000,1790.000,781.000,128.000,83.000,130.000,0.000,0.000,0
2026-01-31 12:45:36,4412134,8010.000,1858.000,735.000,243.000,101.000,102.000,0.000,0.000,0
2026-01-31 12:45:36,4412174,7948.000,1859.000,757.000,193.000,93.000,63.000,0.000,0.000,0
2026-01-31 12:45:36,4412216,7877.000,1783.000,792.000,183.000,-14.000,-40.000,0.000,0.000,0
2026-01-31 12:45:36,4412255,8051.000,1840.000,832.000,197.000,-44.000,-31.000,0.000,0.000,0
2026-01-31 12:45:36,4412294,8115.000,1860.000,958.000,62.000,-64.000,32.000,0.000,0.000,0
2026-01-31 12:45:36,4412334,8016.000,1761.000,985.000,-8.000,-76.000,-1.000,0.000,0.000,0
2026-01-31 12:45:36,4412374,7921.000,1724.000,1049.000,116.000,-4.000,-113.000,0.000,0.000,0
2026-01-31 12:45:37,4412416,7774.000,1733.000,1105.000,109.000,99.000,-124.000,0.000,0.000,0
2026-01-31 12:45:37,4412454,7845.000,1661.000,1063.000,-10.000,129.000,-103.000,0.000,0.000,0
2026-01-31 12:45:37,4412494,7841.000,1628.000,1011.000,35.000,199.000,-73.000,0.000,0.000,0
2026-01-31 12:45:37,4412534,7879.000,1651.000,977.000,37.000,227.000,-28.000,0.000,0.000,0
2026-01-31 12:45:37,4412574,7788.000,1606.000,914.000,-59.000,198.000,-22.000,0.000,0.000,0
2026-01-31 12:45:37,4412614,7863.000,1629.000,944.000,34.000,153.000,37.000,0.000,0.000,0
2026-01-31 12:45:37,4412654,7878.000,1683.000,964.000,-16.000,95.000,117.000,0.000,0.000,0
2026-01-31 12:45:37,4412694,7942.000,1668.000,980.000,-45.000,40.000,158.000,0.000,0.000,0
2026-01-31 12:45:37,4412734,7815.000,1760.000,1061.000,49.000,40.000,171.000,0.000,0.000,0
2026-01-31 12:45:37,4412774,7733.000,1770.000,1068.000,12.000,23.000,145.000,0.000,0.000,0
2026-01-31 12:45:37,4412814,7899.000,1846.000,1011.000,38.000,13.000,142.000,0.000,0.000,0
2026-01-31 12:45:37,4412854,8108.000,1975.000,1009.000,9.000,38.000,215.000,0.000,0.000,0
2026-01-31 12:45:37,4412894,8064.000,1928.000,1032.000,-147.000,-6.000,151.000,0.000,0.000,0
2026-01-31 12:45:37,4412934,7938.000,1858.000,1050.000,-70.000,-12.000,-88.000,0.000,0.000,0
2026-01-31 12:45:37,4412974,8095.000,1909.000,1058.000,43.000,81.000,-192.000,0.000,0.000,0
2026-01-31 12:45:37,4413014,7992.000,1869.000,1112.000,-109.000,101.000,-115.000,0.000,0.000,0
2026-01-31 12:45:37,4413054,7821.000,1729.000,1109.000,-163.000,79.000,-164.000,0.000,0.000,0
2026-01-31 12:45:37,4413094,7793.000,1748.000,1069.000,-26.000,160.000,-199.000,0.000,0.000,0
2026-01-31 12:45:37,4413134,7831.000,1787.000,1050.000,-53.000,232.000,-79.000,0.000,0.000,0
2026-01-31 12:45:37,4413174,7645.000,1729.000,1052.000,-174.000,190.000,5.000,0.000,0.000,0
2026-01-31 12:45:37,4413214,7691.000,1655.000,911.000,-96.000,166.000,1.000,0.000,0.000,0
2026-01-31 12:45:37,4413254,7683.000,1765.000,922.000,37.000,217.000,53.000,0.000,0.000,0
2026-01-31 12:45:37,4413294,7751.000,1793.000,875.000,-58.000,117.000,128.000,0.000,0.000,0
2026-01-31 12:45:37,4413334,7833.000,1835.000,873.000,-74.000,-14.000,181.000,0.000,0.000,0
2026-01-31 12:45:37,4413374,7824.000,1844.000,952.000,-32.000,-72.000,145.000,0.000,0.000,0
2026-01-31 12:45:38,4413414,7959.000,1902.000,994.000,82.000,-123.000,72.000,0.000,0.000,0
2026-01-31 12:45:38,4413454,7977.000,1941.000,1046.000,75.000,-108.000,45.000,0.000,0.000,0
2026-01-31 12:45:38,4413494,7898.000,1851.000,1096.000,13.000,-112.000,-57.000,0.000,0.000,0
2026-01-31 12:45:38,4413534,8113.000,1871.000,1084.000,151.000,-101.000,-146.000,0.000,0.000,0
2026-01-31 12:45:38,4413574,8173.000,1889.000,1104.000,103.000,-31.000,-132.000,0.000,0.000,0
2026-01-31 12:45:38,4413614,7998.000,1712.000,1128.000,57.000,-23.000,-218.000,0.000,0.000,0
2026-01-31 12:45:38,4413654,7939.000,1686.000,1119.000,187.000,-6.000,-345.000,0.000,0.000,0
2026-01-31 12:45:38,4413694,7914.000,1615.000,1084.000,191.000,81.000,-329.000,0.000,0.000,0
2026-01-31 12:45:38,4413734,7905.000,1589.000,1052.000,256.000,94.000,-237.000,0.000,0.000,0
2026-01-31 12:45:38,4413774,7791.000,1531.000,1040.000,218.000,74.000,-96.000,0.000,0.000,0
2026-01-31 12:45:38,4413814,7724.000,1460.000,982.000,277.000,86.000,-73.000,0.000,0.000,0
2026-01-31 12:45:38,4413854,7809.000,1519.000,946.000,404.000,89.000,-15.000,0.000,0.000,0
2026-01-31 12:45:38,4413894,7788.000,1537.000,916.000,374.000,46.000,119.000,0.000,0.000,0
2026-01-31 12:45:38,4413934,7829.000,1538.000,952.000,342.000,-43.000,231.000,0.000,0.000,0
2026-01-31 12:45:38,4413974,7915.000,1598.000,958.000,373.000,-90.000,301.000,0.000,0.000,0
2026-01-31 12:45:38,4414014,7989.000,1658.000,1042.000,379.000,-86.000,363.000,0.000,0.000,0
2026-01-31 12:45:38,4414054,8041.000,1723.000,1116.000,362.000,-94.000,415.000,0.000,0.000,0
2026-01-31 12:45:38,4414094,8067.000,1765.000,1128.000,297.000,-66.000,428.000,0.000,0.000,0
2026-01-31 12:45:38,4414134,8150.000,1835.000,1132.000,255.000,27.000,377.000,0.000,0.000,0
2026-01-31 12:45:38,4414176,8088.000,1897.000,1167.000,177.000,97.000,338.000,0.000,0.000,0
2026-01-31 12:45:38,4414216,7942.000,1876.000,1146.000,39.000,124.000,220.000,0.000,0.000,0
2026-01-31 12:45:38,4414254,8022.000,1883.000,1053.000,44.000,186.000,87.000,0.000,0.000,0
2026-01-31 12:45:38,4414294,7926.000,1928.000,1050.000,-4.000,251.000,31.000,0.000,0.000,0
2026-01-31 12:45:38,4414334,7881.000,1834.000,974.000,-160.000,191.000,-92.000,0.000,0.000,0
2026-01-31 12:45:38,4414374,7727.000,1778.000,959.000,-162.000,182.000,-209.000,0.000,0.000,0
2026-01-31 12:45:39,4414414,7628.000,1704.000,908.000,-228.000,197.000,-271.000,0.000,0.000,0
2026-01-31 12:45:39,4414454,7835.000,1695.000,812.000,-207.000,147.000,-255.000,0.000,0.000,0
2026-01-31 12:45:39,4414494,7857.000,1712.000,841.000,-243.000,97.000,-182.000,0.000,0.000,0
2026-01-31 12:45:39,4414534,7785.000,1527.000,814.000,-282.000,-50.000,-358.000,0.000,0.000,0
2026-01-31 12:45:39,4414574,7962.000,1595.000,839.000,-68.000,0.000,-330.000,0.000,0.000,0
2026-01-31 12:45:39,4414614,7894.000,1596.000,923.000,-125.000,-30.000,-190.000,0.000,0.000,0
2026-01-31 12:45:39,4414654,7811.000,1514.000,973.000,-160.000,-171.000,-171.000,0.000,0.000,0
2026-01-31 12:45:39,4414694,7953.000,1511.000,980.000,-48.000,-128.000,-131.000,0.000,0.000,0
2026-01-31 12:45:39,4414734,8105.000,1557.000,1040.000,85.000,-23.000,-24.000,0.000,0.000,0
2026-01-31 12:45:39,4414774,8102.000,1577.000,1093.000,142.000,-23.000,6.000,0.000,0.000,0
2026-01-31 12:45:39,4414814,7970.000,1485.000,1074.000,115.000,-4.000,-47.000,0.000,0.000,0
2026-01-31 12:45:39,4414854,8127.000,1512.000,1037.000,301.000,88.000,-23.000,0.000,0.000,0
2026-01-31 12:45:39,4414894,8204.000,1600.000,1083.000,359.000,140.000,110.000,0.000,0.000,0
2026-01-31 12:45:39,4414934,8046.000,1515.000,1040.000,264.000,96.000,93.000,0.000,0.000,0
2026-01-31 12:45:39,4414974,7953.000,1583.000,1086.000,451.000,195.000,107.000,0.000,0.000,0
2026-01-31 12:45:39,4415014,7958.000,1633.000,1075.000,431.000,212.000,159.000,0.000,0.000,0
2026-01-31 12:45:39,4415054,7861.000,1663.000,1121.000,323.000,148.000,204.000,0.000,0.000,0
2026-01-31 12:45:39,4415094,7697.000,1620.000,1110.000,244.000,145.000,217.000,0.000,0.000,0
2026-01-31 12:45:39,4415134,7730.000,1666.000,1093.000,307.000,178.000,203.000,0.000,0.000,0
2026-01-31 12:45:39,4415174,7746.000,1757.000,1090.000,279.000,172.000,240.000,0.000,0.000,0
2026-01-31 12:45:39,4415214,7640.000,1729.000,1067.000,115.000,110.000,206.000,0.000,0.000,0
2026-01-31 12:45:39,4415254,7773.000,1736.000,943.000,121.000,62.000,125.000,0.000,0.000,0
2026-01-31 12:45:39,4415294,7920.000,1886.000,991.000,61.000,-3.000,177.000,0.000,0.000,0
2026-01-31 12:45:39,4415334,7887.000,1798.000,1005.000,-144.000,-112.000,94.000,0.000,0.000,0
2026-01-31 12:45:39,4415374,7935.000,1743.000,1008.000,-62.000,-103.000,-67.000,0.000,0.000,0
2026-01-31 12:45:40,4415414,8164.000,1843.000,1074.000,18.000,-64.000,-103.000,0.000,0.000,0
2026-01-31 12:45:40,4415454,8158.000,1821.000,1150.000,-167.000,-83.000,-95.000,0.000,0.000,0
2026-01-31 12:45:40,4415494,7956.000,1641.000,1191.000,-263.000,-88.000,-196.000,0.000,0.000,0
2026-01-31 12:45:40,4415534,7941.000,1634.000,1184.000,-125.000,12.000,-245.000,0.000,0.000,0
2026-01-31 12:45:40,4415574,7988.000,1642.000,1128.000,-116.000,145.000,-141.000,0.000,0.000,0
2026-01-31 12:45:40,4415614,7916.000,1615.000,1061.000,-180.000,162.000,-61.000,0.000,0.000,0
2026-01-31 12:45:40,4415654,7903.000,1568.000,936.000,-157.000,141.000,-81.000,0.000,0.000,0
2026-01-31 12:45:40,4415694,7940.000,1565.000,834.000,-3.000,168.000,-86.000,0.000,0.000,0
2026-01-31 12:45:40,4415734,8018.000,1611.000,844.000,72.000,95.000,-34.000,0.000,0.000,0
2026-01-31 12:45:40,4415774,7864.000,1542.000,950.000,26.000,7.000,-22.000,0.000,0.000,0
2026-01-31 12:45:40,4415814,7864.000,1481.000,970.000,133.000,-51.000,-85.000,0.000,0.000,0
2026-01-31 12:45:40,4415854,7855.000,1566.000,1114.000,274.000,-4.000,-23.000,0.000,0.000,0
2026-01-31 12:45:40,4415894,7840.000,1556.000,1187.000,186.000,-21.000,75.000,0.000,0.000,0
2026-01-31 12:45:40,4415934,7839.000,1565.000,1178.000,207.000,-13.000,102.000,0.000,0.000,0
2026-01-31 12:45:40,4415974,7773.000,1606.000,1222.000,247.000,74.000,143.000,0.000,0.000,0
2026-01-31 12:45:40,4416014,7763.000,1647.000,1126.000,264.000,111.000,153.000,0.000,0.000,0
2026-01-31 12:45:40,4416054,8029.000,1804.000,994.000,277.000,120.000,213.000,0.000,0.000,0
2026-01-31 12:45:40,4416094,8019.000,1815.000,975.000,97.000,37.000,269.000,0.000,0.000,0
2026-01-31 12:45:40,4416134,7992.000,1787.000,951.000,70.000,-32.000,148.000,0.000,0.000,0
2026-01-31 12:45:40,4416176,7955.000,1841.000,984.000,82.000,-23.000,76.000,0.000,0.000,0
2026-01-31 12:45:40,4416215,8004.000,1872.000,1024.000,-44.000,-49.000,85.000,0.000,0.000,0
2026-01-31 12:45:40,4416254,7961.000,1861.000,1064.000,-151.000,-70.000,95.000,0.000,0.000,0
2026-01-31 12:45:40,4416294,7799.000,1798.000,1078.000,-240.000,-36.000,12.000,0.000,0.000,0
2026-01-31 12:45:40,4416334,7791.000,1747.000,1003.000,-222.000,46.000,-88.000,0.000,0.000,0
2026-01-31 12:45:40,4416374,7798.000,1747.000,934.000,-205.000,111.000,-131.000,0.000,0.000,0
2026-01-31 12:45:41,4416416,7927.000,1730.000,844.000,-262.000,85.000,-148.000,0.000,0.000,0
2026-01-31 12:45:41,4416454,7942.000,1662.000,812.000,-308.000,-6.000,-198.000,0.000,0.000,0
2026-01-31 12:45:41,4416494,8000.000,1621.000,821.000,-239.000,-44.000,-260.000,0.000,0.000,0
2026-01-31 12:45:41,4416534,8034.000,1613.000,834.000,-156.000,-47.000,-265.000,0.000,0.000,0
2026-01-31 12:45:41,4416574,7939.000,1565.000,935.000,-141.000,-71.000,-266.000,0.000,0.000,0
2026-01-31 12:45:41,4416614,7938.000,1520.000,905.000,-71.000,-89.000,-272.000,0.000,0.000,0
2026-01-31 12:45:41,4416654,7856.000,1535.000,964.000,-4.000,-22.000,-184.000,0.000,0.000,0
2026-01-31 12:45:41,4416694,7885.000,1521.000,951.000,-12.000,-11.000,-78.000,0.000,0.000,0
2026-01-31 12:45:41,4416734,8018.000,1567.000,891.000,32.000,7.000,-2.000,0.000,0.000,0
2026-01-31 12:45:41,4416774,8027.000,1577.000,889.000,47.000,75.000,70.000,0.000,0.000,0
2026-01-31 12:45:41,4416814,7911.000,1576.000,840.000,83.000,70.000,83.000,0.000,0.000,0
2026-01-31 12:45:41,4416854,7948.000,1673.000,794.000,111.000,106.000,213.000,0.000,0.000,0
2026-01-31 12:45:41,4416894,7861.000,1700.000,797.000,56.000,114.000,275.000,0.000,0.000,0
2026-01-31 12:45:41,4416934,7871.000,1690.000,830.000,63.000,61.000,197.000,0.000,0.000,0
2026-01-31 12:45:41,4416974,7867.000,1712.000,824.000,142.000,110.000,103.000,0.000,0.000,0
2026-01-31 12:45:41,4417014,7850.000,1754.000,863.000,139.000,153.000,84.000,0.000,0.000,0
2026-01-31 12:45:41,4417054,8028.000,1779.000,839.000,62.000,102.000,94.000,0.000,0.000,0
2026-01-31 12:45:41,4417094,8008.000,1788.000,860.000,37.000,94.000,90.000,0.000,0.000,0
2026-01-31 12:45:41,4417134,7949.000,1697.000,889.000,24.000,105.000,-20.000,0.000,0.000,0
2026-01-31 12:45:41,4417174,8020.000,1671.000,831.000,152.000,144.000,-135.000,0.000,0.000,0
2026-01-31 12:45:41,4417214,8103.000,1715.000,885.000,180.000,159.000,-114.000,0.000,0.000,0
2026-01-31 12:45:41,4417254,7942.000,1578.000,896.000,56.000,94.000,-149.000,0.000,0.000,0
2026-01-31 12:45:41,4417294,7852.000,1534.000,932.000,220.000,134.000,-222.000,0.000,0.000,0
2026-01-31 12:45:41,4417334,7786.000,1539.000,953.000,257.000,224.000,-166.000,0.000,0.000,0
2026-01-31 12:45:41,4417374,7777.000,1498.000,933.000,224.000,215.000,-67.000,0.000,0.000,0
2026-01-31 12:45:42,4417414,7884.000,1498.000,874.000,257.000,198.000,20.000,0.000,0.000,0
2026-01-31 12:45:42,4417454,7954.000,1548.000,889.000,288.000,223.000,120.000,0.000,0.000,0
2026-01-31 12:45:42,4417494,7839.000,1547.000,930.000,279.000,181.000,161.000,0.000,0.000,0
2026-01-31 12:45:42,4417534,7908.000,1586.000,875.000,323.000,137.000,190.000,0.000,0.000,0
2026-01-31 12:45:42,4417574,8084.000,1726.000,924.000,292.000,173.000,344.000,0.000,0.000,0
2026-01-31 12:45:42,4417614,7832.000,1673.000,1048.000,157.000,74.000,348.000,0.000,0.000,0
2026-01-31 12:45:42,4417654,7834.000,1723.000,1066.000,238.000,92.000,227.000,0.000,0.000,0
2026-01-31 12:45:42,4417694,7935.000,1797.000,1086.000,201.000,199.000,260.000,0.000,0.000,0
2026-01-31 12:45:42,4417734,7959.000,1831.000,1106.000,99.000,180.000,293.000,0.000,0.000,0
2026-01-31 12:45:42,4417774,7904.000,1811.000,1042.000,-12.000,148.000,192.000,0.000,0.000,0
2026-01-31 12:45:42,4417814,7835.000,1746.000,973.000,-1.000,222.000,23.000,0.000,0.000,0
2026-01-31 12:45:42,4417854,7979.000,1814.000,926.000,75.000,223.000,-68.000,0.000,0.000,0
2026-01-31 12:45:42,4417894,8085.000,1843.000,882.000,-78.000,135.000,-77.000,0.000,0.000,0
2026-01-31 12:45:42,4417934,8053.000,1688.000,904.000,-217.000,30.000,-163.000,0.000,0.000,0
2026-01-31 12:45:42,4417974,8049.000,1623.000,941.000,-67.000,21.000,-278.000,0.000,0.000,0
2026-01-31 12:45:42,4418014,8018.000,1621.000,1044.000,-68.000,40.000,-250.000,0.000,0.000,0
2026-01-31 12:45:42,4418054,7926.000,1541.000,1047.000,-166.000,2.000,-170.000,0.000,0.000,0
2026-01-31 12:45:42,4418094,8012.000,1481.000,1035.000,-136.000,26.000,-113.000,0.000,0.000,0
2026-01-31 12:45:42,4418134,8016.000,1511.000,1039.000,-56.000,118.000,-29.000,0.000,0.000,0
2026-01-31 12:45:42,4418174,7852.000,1471.000,1027.000,-82.000,136.000,-2.000,0.000,0.000,0
2026-01-31 12:45:42,4418216,7785.000,1442.000,943.000,-38.000,132.000,-19.000,0.000,0.000,0
2026-01-31 12:45:42,4418255,8004.000,1551.000,884.000,79.000,166.000,80.000,0.000,0.000,0
2026-01-31 12:45:42,4418294,7968.000,1620.000,974.000,-43.000,136.000,202.000,0.000,0.000,0
2026-01-31 12:45:42,4418334,7796.000,1458.000,964.000,-102.000,40.000,91.000,0.000,0.000,0
2026-01-31 12:45:42,4418374,8001.000,1593.000,991.000,198.000,83.000,-36.000,0.000,0.000,0
2026-01-31 12:45:43,4418414,8133.000,1675.000,1069.000,91.000,103.000,119.000,0.000,0.000,0
2026-01-31 12:45:43,4418454,7995.000,1543.000,1087.000,-47.000,0.000,76.000,0.000,0.000,0
2026-01-31 12:45:43,4418494,7934.000,1524.000,1117.000,172.000,55.000,-49.000,0.000,0.000,0
2026-01-31 12:45:43,4418534,8023.000,1603.000,1148.000,282.000,164.000,-6.000,0.000,0.000,0
2026-01-31 12:45:43,4418574,8062.000,1666.000,1144.000,180.000,151.000,120.000,0.000,0.000,0
2026-01-31 12:45:43,4418614,8021.000,1644.000,1106.000,-17.000,88.000,130.000,0.000,0.000,0
2026-01-31 12:45:43,4418654,7973.000,1621.000,1066.000,-10.000,118.000,98.000,0.000,0.000,0
2026-01-31 12:45:43,4418694,8134.000,1731.000,1044.000,66.000,129.000,124.000,0.000,0.000,0
2026-01-31 12:45:43,4418734,8115.000,1778.000,1077.000,-83.000,87.000,189.000,0.000,0.000,0
2026-01-31 12:45:43,4418774,8065.000,1687.000,1045.000,-139.000,40.000,77.000,0.000,0.000,0
2026-01-31 12:45:43,4418814,8112.000,1794.000,1092.000,-60.000,99.000,53.000,0.000,0.000,0
2026-01-31 12:45:43,4418854,7994.000,1795.000,1107.000,-232.000,105.000,93.000,0.000,0.000,0
2026-01-31 12:45:43,4418894,7809.000,1666.000,1085.000,-292.000,70.000,2.000,0.000,0.000,0
2026-01-31 12:45:43,4418934,7978.000,1717.000,1005.000,-148.000,129.000,-35.000,0.000,0.000,0
2026-01-31 12:45:43,4418974,8052.000,1807.000,991.000,-237.000,162.000,37.000,0.000,0.000,0
2026-01-31 12:45:43,4419014,7777.000,1605.000,1011.000,-420.000,56.000,-75.000,0.000,0.000,0
2026-01-31 12:45:43,4419054,7742.000,1526.000,895.000,-205.000,27.000,-224.000,0.000,0.000,0
2026-01-31 12:45:43,4419094,7901.000,1655.000,929.000,-137.000,90.000,-107.000,0.000,0.000,0
2026-01-31 12:45:43,4419134,7987.000,1613.000,978.000,-328.000,-21.000,39.000,0.000,0.000,0
2026-01-31 12:45:43,4419174,7736.000,1442.000,972.000,-193.000,-127.000,-137.000,0.000,0.000,0
2026-01-31 12:45:43,4419214,7832.000,1559.000,1066.000,0.000,-65.000,-133.000,0.000,0.000,0
2026-01-31 12:45:43,4419254,8213.000,2143.000,1035.000,-1010.000,-305.000,107.000,0.000,0.000,0
2026-01-31 12:45:43,4419294,8009.000,1374.000,965.000,-2388.000,-241.000,222.000,0.000,0.000,0
2026-01-31 12:45:43,4419334,8000.000,896.000,908.000,-1100.000,-219.000,1.000,0.000,0.000,0
2026-01-31 12:45:43,4419374,8196.000,1261.000,953.000,1045.000,-31.000,-151.000,0.000,0.000,0
2026-01-31 12:45:44,4419414,8300.000,1762.000,1075.000,1830.000,34.000,-154.000,0.000,0.000,0
2026-01-31 12:45:44,4419454,8228.000,1915.000,1213.000,971.000,-48.000,-129.000,0.000,0.000,0
2026-01-31 12:45:44,4419494,8084.000,1486.000,1190.000,-16.000,-66.000,-122.000,0.000,0.000,0
2026-01-31 12:45:44,4419534,8234.000,1606.000,1249.000,296.000,32.000,-52.000,0.000,0.000,0
2026-01-31 12:45:44,4419574,7935.000,1653.000,1277.000,241.000,132.000,76.000,0.000,0.000,0
2026-01-31 12:45:44,4419614,7820.000,1479.000,1112.000,90.000,129.000,48.000,0.000,0.000,0
2026-01-31 12:45:44,4419654,7902.000,1642.000,1035.000,340.000,232.000,149.000,0.000,0.000,0
2026-01-31 12:45:44,4419694,7870.000,1736.000,987.000,212.000,199.000,233.000,0.000,0.000,0
2026-01-31 12:45:44,4419734,7741.000,1708.000,920.000,8.000,74.000,133.000,0.000,0.000,0
2026-01-31 12:45:44,4419774,7801.000,1691.000,848.000,38.000,27.000,24.000,0.000,0.000,0
2026-01-31 12:45:44,4419814,7966.000,1755.000,896.000,89.000,5.000,23.000,0.000,0.000,0
2026-01-31 12:45:44,4419854,7958.000,1815.000,989.000,-38.000,-126.000,18.000,0.000,0.000,0
2026-01-31 12:45:44,4419894,7867.000,1673.000,1046.000,-227.000,-203.000,-115.000,0.000,0.000,0
2026-01-31 12:45:44,4419934,8022.000,1650.000,1074.000,-184.000,-189.000,-173.000,0.000,0.000,0
2026-01-31 12:45:44,4419974,8138.000,1732.000,1138.000,-183.000,-62.000,-78.000,0.000,0.000,0
2026-01-31 12:45:44,4420014,8032.000,1561.000,1072.000,-273.000,-76.000,-152.000,0.000,0.000,0
2026-01-31 12:45:44,4420054,8049.000,1569.000,1009.000,-45.000,2.000,-197.000,0.000,0.000,0
2026-01-31 12:45:44,4420094,8179.000,1662.000,967.000,-9.000,68.000,-89.000,0.000,0.000,0
2026-01-31 12:45:44,4420134,8164.000,1658.000,947.000,-168.000,8.000,14.000,0.000,0.000,0
2026-01-31 12:45:44,4420174,8032.000,1551.000,874.000,-157.000,-36.000,-31.000,0.000,0.000,0
2026-01-31 12:45:44,4420214,8062.000,1603.000,907.000,72.000,10.000,-40.000,0.000,0.000,0
2026-01-31 12:45:44,4420254,8103.000,1731.000,969.000,28.000,-7.000,74.000,0.000,0.000,0
2026-01-31 12:45:44,4420294,7939.000,1636.000,1021.000,-163.000,-63.000,96.000,0.000,0.000,0
2026-01-31 12:45:44,4420334,7826.000,1643.000,1002.000,165.000,60.000,7.000,0.000,0.000,0
2026-01-31 12:45:44,4420374,7761.000,1773.000,1043.000,139.000,102.000,57.000,0.000,0.000,0
2026-01-31 12:45:45,4420416,7685.000,1730.000,980.000,-45.000,63.000,100.000,0.000,0.000,0
2026-01-31 12:45:45,4420454,7575.000,1710.000,935.000,-1.000,77.000,38.000,0.000,0.000,0
2026-01-31 12:45:45,4420494,7893.000,1818.000,892.000,94.000,67.000,-21.000,0.000,0.000,0
2026-01-31 12:45:45,4420534,8126.000,1921.000,927.000,40.000,15.000,14.000,0.000,0.000,0
2026-01-31 12:45:45,4420574,8038.000,1862.000,1062.000,-123.000,-87.000,-33.000,0.000,0.000,0
2026-01-31 12:45:45,4420614,7907.000,1761.000,1134.000,-104.000,-137.000,-203.000,0.000,0.000,0
2026-01-31 12:45:45,4420654,8137.000,1899.000,1174.000,33.000,-87.000,-177.000,0.000,0.000,0
2026-01-31 12:45:45,4420694,8303.000,2027.000,1279.000,-111.000,-50.000,58.000,0.000,0.000,0
2026-01-31 12:45:45,4420734,8111.000,1910.000,1322.000,-363.000,-79.000,-19.000,0.000,0.000,0
2026-01-31 12:45:45,4420774,7937.000,1744.000,1243.000,-162.000,97.000,-279.000,0.000,0.000,0
2026-01-31 12:45:45,4420814,7895.000,1870.000,1161.000,147.000,229.000,-348.000,0.000,0.000,0
2026-01-31 12:45:45,4420854,7768.000,1970.000,1102.000,-98.000,149.000,-223.000,0.000,0.000,0
2026-01-31 12:45:45,4420894,7780.000,1827.000,915.000,-487.000,40.000,-118.000,0.000,0.000,0
2026-01-31 12:45:45,4420934,7849.000,1742.000,805.000,-317.000,60.000,-156.000,0.000,0.000,0
2026-01-31 12:45:45,4420974,7847.000,1798.000,794.000,-67.000,47.000,-264.000,0.000,0.000,0
2026-01-31 12:45:45,4421014,7894.000,1734.000,750.000,-134.000,-77.000,-345.000,0.000,0.000,0
2026-01-31 12:45:45,4421054,7916.000,1650.000,779.000,-84.000,-158.000,-333.000,0.000,0.000,0
2026-01-31 12:45:45,4421094,7902.000,1617.000,923.000,5.000,-224.000,-156.000,0.000,0.000,0
2026-01-31 12:45:45,4421134,7939.000,1615.000,997.000,6.000,-231.000,29.000,0.000,0.000,0
2026-01-31 12:45:45,4421174,8017.000,1659.000,1061.000,8.000,-201.000,213.000,0.000,0.000,0
2026-01-31 12:45:45,4421214,8188.000,1702.000,1062.000,22.000,-132.000,325.000,0.000,0.000,0
2026-01-31 12:45:45,4421254,8240.000,1749.000,1032.000,132.000,-35.000,354.000,0.000,0.000,0
2026-01-31 12:45:45,4421294,8106.000,1802.000,1034.000,208.000,46.000,333.000,0.000,0.000,0
2026-01-31 12:45:45,4421334,8152.000,1829.000,936.000,230.000,88.000,295.000,0.000,0.000,0
2026-01-31 12:45:45,4421374,8195.000,1896.000,946.000,279.000,134.000,292.000,0.000,0.000,0
2026-01-31 12:45:46,4421414,8092.000,1905.000,954.000,198.000,95.000,234.000,0.000,0.000,0
2026-01-31 12:45:46,4421454,7983.000,1827.000,987.000,164.000,70.000,77.000,0.000,0.000,0
2026-01-31 12:45:46,4421494,7896.000,1821.000,1026.000,222.000,146.000,-75.000,0.000,0.000,0
2026-01-31 12:45:46,4421534,7884.000,1786.000,1049.000,87.000,145.000,-53.000,0.000,0.000,0
2026-01-31 12:45:46,4421574,7868.000,1741.000,1018.000,-7.000,123.000,-51.000,0.000,0.000,0
2026-01-31 12:45:46,4421614,7840.000,1697.000,1007.000,-17.000,149.000,-112.000,0.000,0.000,0
2026-01-31 12:45:46,4421654,7796.000,1718.000,1019.000,10.000,195.000,-150.000,0.000,0.000,0
2026-01-31 12:45:46,4421694,7939.000,1685.000,920.000,17.000,146.000,-97.000,0.000,0.000,0
2026-01-31 12:45:46,4421734,7908.000,1712.000,955.000,-45.000,101.000,-13.000,0.000,0.000,0
2026-01-31 12:45:46,4421774,7944.000,1682.000,959.000,-99.000,22.000,-5.000,0.000,0.000,0
2026-01-31 12:45:46,4421814,7916.000,1706.000,1008.000,41.000,32.000,-36.000,0.000,0.000,0
2026-01-31 12:45:46,4421854,8046.000,1768.000,1082.000,52.000,34.000,-29.000,0.000,0.000,0
2026-01-31 12:45:46,4421894,8093.000,1767.000,1148.000,-23.000,7.000,-18.000,0.000,0.000,0
2026-01-31 12:45:46,4421934,8118.000,1778.000,1189.000,5.000,27.000,-31.000,0.000,0.000,0
2026-01-31 12:45:46,4421974,7970.000,1711.000,1224.000,18.000,104.000,-73.000,0.000,0.000,0
2026-01-31 12:45:46,4422014,7972.000,1729.000,1199.000,112.000,165.000,-80.000,0.000,0.000,0
2026-01-31 12:45:46,4422054,7931.000,1751.000,1162.000,77.000,219.000,-20.000,0.000,0.000,0
2026-01-31 12:45:46,4422094,8088.000,1744.000,1086.000,38.000,199.000,33.000,0.000,0.000,0
2026-01-31 12:45:46,4422134,8033.000,1812.000,1109.000,68.000,191.000,82.000,0.000,0.000,0
2026-01-31 12:45:46,4422176,7763.000,1712.000,1140.000,7.000,169.000,38.000,0.000,0.000,0
2026-01-31 12:45:46,4422215,7692.000,1692.000,1112.000,130.000,142.000,-5.000,0.000,0.000,0
2026-01-31 12:45:46,4422256,7998.000,1920.000,1098.000,16.000,87.000,259.000,0.000,0.000,0
2026-01-31 12:45:46,4422294,7828.000,1871.000,1117.000,-170.000,4.000,329.000,0.000,0.000,0
2026-01-31 12:45:46,4422334,7700.000,1832.000,1069.000,-37.000,-30.000,168.000,0.000,0.000,0
2026-01-31 12:45:46,4422374,7881.000,1968.000,1014.000,103.000,14.000,79.000,0.000,0.000,0
2026-01-31 12:45:47,4422417,8079.000,2064.000,986.000,-13.000,-32.000,159.000,0.000,0.000,0
2026-01-31 12:45:47,4422455,8062.000,2021.000,1045.000,-207.000,-185.000,145.000,0.000,0.000,0
2026-01-31 12:45:47,4422494,8028.000,1882.000,1026.000,-221.000,-219.000,-80.000,0.000,0.000,0
2026-01-31 12:45:47,4422534,8064.000,1888.000,1137.000,51.000,-82.000,-250.000,0.000,0.000,0
2026-01-31 12:45:47,4422574,8005.000,1897.000,1197.000,-23.000,-52.000,-285.000,0.000,0.000,0
2026-01-31 12:45:47,4422614,7941.000,1725.000,1145.000,-217.000,-68.000,-314.000,0.000,0.000,0
2026-01-31 12:45:47,4422654,7928.000,1659.000,1111.000,-53.000,90.000,-302.000,0.000,0.000,0
2026-01-31 12:45:47,4422694,7871.000,1623.000,1054.000,-44.000,120.000,-281.000,0.000,0.000,0
2026-01-31 12:45:47,4422734,7941.000,1597.000,943.000,-31.000,95.000,-208.000,0.000,0.000,0
2026-01-31 12:45:47,4422774,7908.000,1586.000,936.000,31.000,70.000,-112.000,0.000,0.000,0
2026-01-31 12:45:47,4422814,7849.000,1564.000,933.000,80.000,14.000,-57.000,0.000,0.000,0
2026-01-31 12:45:47,4422854,7996.000,1599.000,941.000,161.000,-56.000,-7.000,0.000,0.000,0
2026-01-31 12:45:47,4422894,8011.000,1681.000,1066.000,179.000,-92.000,85.000,0.000,0.000,0
2026-01-31 12:45:47,4422934,7970.000,1665.000,1149.000,165.000,-134.000,101.000,0.000,0.000,0
2026-01-31 12:45:47,4422974,7989.000,1736.000,1252.000,253.000,-106.000,112.000,0.000,0.000,0
2026-01-31 12:45:47,4423014,8100.000,1819.000,1271.000,192.000,-30.000,194.000,0.000,0.000,0
2026-01-31 12:45:47,4423054,8134.000,1868.000,1265.000,157.000,34.000,211.000,0.000,0.000,0
2026-01-31 12:45:47,4423094,8020.000,1843.000,1206.000,110.000,123.000,124.000,0.000,0.000,0
2026-01-31 12:45:47,4423134,7975.000,1824.000,1112.000,158.000,161.000,-20.000,0.000,0.000,0
2026-01-31 12:45:47,4423174,8028.000,1889.000,1053.000,171.000,165.000,-24.000,0.000,0.000,0
2026-01-31 12:45:47,4423214,7928.000,1860.000,1055.000,-26.000,130.000,36.000,0.000,0.000,0
2026-01-31 12:45:47,4423254,7780.000,1714.000,1019.000,-60.000,77.000,-31.000,0.000,0.000,0
2026-01-31 12:45:47,4423294,7852.000,1781.000,966.000,105.000,86.000,-62.000,0.000,0.000,0
2026-01-31 12:45:47,4423334,7924.000,1836.000,978.000,-3.000,92.000,50.000,0.000,0.000,0
2026-01-31 12:45:47,4423374,7860.000,1764.000,963.000,-147.000,-4.000,85.000,0.000,0.000,0
2026-01-31 12:45:48,4423414,7891.000,1789.000,936.000,32.000,-9.000,32.000,0.000,0.000,0
2026-01-31 12:45:48,4423454,8029.000,1901.000,987.000,-44.000,-32.000,110.000,0.000,0.000,0
2026-01-31 12:45:48,4423494,7953.000,1855.000,1041.000,-195.000,-115.000,102.000,0.000,0.000,0
2026-01-31 12:45:48,4423534,7932.000,1781.000,1003.000,-112.000,-118.000,-20.000,0.000,0.000,0
2026-01-31 12:45:48,4423574,8077.000,1921.000,1057.000,78.000,-16.000,-37.000,0.000,0.000,0
2026-01-31 12:45:48,4423614,8090.000,1943.000,1114.000,-125.000,-19.000,9.000,0.000,0.000,0
2026-01-31 12:45:48,4423654,7940.000,1804.000,1133.000,-193.000,-80.000,-105.000,0.000,0.000,0
2026-01-31 12:45:48,4423694,7826.000,1755.000,1127.000,-34.000,17.000,-238.000,0.000,0.000,0
2026-01-31 12:45:48,4423734,8091.000,1812.000,1078.000,35.000,110.000,-193.000,0.000,0.000,0
2026-01-31 12:45:48,4423774,8104.000,1821.000,1085.000,-143.000,86.000,-108.000,0.000,0.000,0
2026-01-31 12:45:48,4423814,7735.000,1541.000,1018.000,-91.000,58.000,-315.000,0.000,0.000,0
2026-01-31 12:45:48,4423854,7852.000,1646.000,1000.000,169.000,156.000,-291.000,0.000,0.000,0
2026-01-31 12:45:48,4423894,7950.000,1725.000,1056.000,53.000,114.000,-49.000,0.000,0.000,0
2026-01-31 12:45:48,4423934,7710.000,1606.000,1114.000,-180.000,-57.000,25.000,0.000,0.000,0
2026-01-31 12:45:48,4423974,7669.000,1543.000,1084.000,19.000,-36.000,7.000,0.000,0.000,0
2026-01-31 12:45:48,4424014,7927.000,1802.000,1126.000,224.000,62.000,148.000,0.000,0.000,0
2026-01-31 12:45:48,4424054,8021.000,1852.000,1148.000,-18.000,-2.000,294.000,0.000,0.000,0
2026-01-31 12:45:48,4424094,7850.000,1757.000,1128.000,-67.000,-69.000,229.000,0.000,0.000,0
2026-01-31 12:45:48,4424134,7898.000,1831.000,1093.000,135.000,12.000,115.000,0.000,0.000,0
2026-01-31 12:45:48,4424174,8042.000,1969.000,1138.000,123.000,27.000,166.000,0.000,0.000,0
2026-01-31 12:45:48,4424214,7944.000,1881.000,1113.000,-85.000,-30.000,110.000,0.000,0.000,0
2026-01-31 12:45:48,4424254,7902.000,1838.000,1148.000,51.000,43.000,-18.000,0.000,0.000,0
2026-01-31 12:45:48,4424294,7983.000,1931.000,1181.000,105.000,102.000,-26.000,0.000,0.000,0
2026-01-31 12:45:48,4424334,7896.000,1885.000,1192.000,-97.000,75.000,24.000,0.000,0.000,0
2026-01-31 12:45:48,4424374,7783.000,1774.000,1086.000,-86.000,111.000,6.000,0.000,0.000,0
2026-01-31 12:45:49,4424414,7765.000,1854.000,1032.000,62.000,194.000,1.000,0.000,0.000,0
2026-01-31 12:45:49,4424454,7886.000,1930.000,907.000,-14.000,168.000,96.000,0.000,0.000,0
2026-01-31 12:45:49,4424494,7777.000,1931.000,868.000,-142.000,95.000,139.000,0.000,0.000,0
2026-01-31 12:45:49,4424534,7676.000,1864.000,806.000,-134.000,17.000,71.000,0.000,0.000,0
2026-01-31 12:45:49,4424574,7844.000,1959.000,779.000,-34.000,-4.000,29.000,0.000,0.000,0
2026-01-31 12:45:49,4424614,7809.000,2025.000,863.000,-87.000,-98.000,122.000,0.000,0.000,0
2026-01-31 12:45:49,4424654,7736.000,1898.000,875.000,-154.000,-203.000,-5.000,0.000,0.000,0
2026-01-31 12:45:49,4424694,7861.000,1950.000,890.000,56.000,-155.000,-96.000,0.000,0.000,0
2026-01-31 12:45:49,4424734,7924.000,2010.000,962.000,-33.000,-96.000,-62.000,0.000,0.000,0
2026-01-31 12:45:49,4424774,7898.000,1886.000,961.000,-198.000,-144.000,-86.000,0.000,0.000,0
2026-01-31 12:45:49,4424814,7850.000,1808.000,959.000,-92.000,-98.000,-192.000,0.000,0.000,0
2026-01-31 12:45:49,4424854,7832.000,1781.000,973.000,-25.000,4.000,-251.000,0.000,0.000,0
2026-01-31 12:45:49,4424894,7905.000,1766.000,949.000,-53.000,26.000,-206.000,0.000,0.000,0
2026-01-31 12:45:49,4424934,7985.000,1749.000,940.000,-130.000,0.000,-140.000,0.000,0.000,0
2026-01-31 12:45:49,4424974,7769.000,1626.000,1007.000,-110.000,22.000,-182.000,0.000,0.000,0
2026-01-31 12:45:49,4425014,7802.000,1634.000,1000.000,10.000,35.000,-204.000,0.000,0.000,0
2026-01-31 12:45:49,4425054,7981.000,1734.000,997.000,1.000,54.000,-45.000,0.000,0.000,0
2026-01-31 12:45:49,4425094,7924.000,1719.000,1045.000,-171.000,23.000,107.000,0.000,0.000,0
2026-01-31 12:45:49,4425134,7882.000,1655.000,1020.000,-125.000,-17.000,50.000,0.000,0.000,0
2026-01-31 12:45:49,4425174,7916.000,1731.000,969.000,53.000,73.000,2.000,0.000,0.000,0
2026-01-31 12:45:49,4425214,7811.000,1751.000,943.000,18.000,115.000,32.000,0.000,0.000,0
2026-01-31 12:45:49,4425254,7865.000,1718.000,836.000,-10.000,33.000,30.000,0.000,0.000,0
2026-01-31 12:45:49,4425294,8010.000,1831.000,831.000,21.000,32.000,105.000,0.000,0.000,0
2026-01-31 12:45:49,4425334,7967.000,1762.000,858.000,-77.000,-34.000,78.000,0.000,0.000,0
2026-01-31 12:45:49,4425374,8057.000,1839.000,866.000,82.000,-49.000,36.000,0.000,0.000,0
2026-01-31 12:45:50,4425414,8121.000,1886.000,908.000,-32.000,-5.000,110.000,0.000,0.000,0
2026-01-31 12:45:50,4425454,8090.000,1847.000,965.000,-60.000,-11.000,134.000,0.000,0.000,0
2026-01-31 12:45:50,4425494,7937.000,1862.000,967.000,0.000,38.000,89.000,0.000,0.000,0
2026-01-31 12:45:50,4425534,7826.000,1816.000,965.000,-30.000,142.000,62.000,0.000,0.000,0
2026-01-31 12:45:50,4425574,7771.000,1866.000,928.000,-13.000,192.000,99.000,0.000,0.000,0
2026-01-31 12:45:50,4425614,7736.000,1874.000,821.000,-119.000,212.000,130.000,0.000,0.000,0
2026-01-31 12:45:50,4425654,7677.000,1817.000,763.000,-148.000,246.000,91.000,0.000,0.000,0
2026-01-31 12:45:50,4425694,7609.000,1800.000,703.000,-72.000,241.000,34.000,0.000,0.000,0
2026-01-31 12:45:50,4425734,7856.000,1861.000,638.000,-134.000,142.000,78.000,0.000,0.000,0
2026-01-31 12:45:50,4425774,7903.000,1867.000,642.000,-232.000,72.000,139.000,0.000,0.000,0
2026-01-31 12:45:50,4425814,7915.000,1819.000,707.000,-205.000,-36.000,34.000,0.000,0.000,0
2026-01-31 12:45:50,4425854,7964.000,1858.000,792.000,-82.000,-75.000,-52.000,0.000,0.000,0
2026-01-31 12:45:50,4425894,8013.000,1868.000,910.000,-162.000,-61.000,-19.000,0.000,0.000,0
2026-01-31 12:45:50,4425934,7959.000,1831.000,992.000,-252.000,-49.000,26.000,0.000,0.000,0
2026-01-31 12:45:50,4425974,7869.000,1771.000,1034.000,-260.000,4.000,-26.000,0.000,0.000,0
2026-01-31 12:45:50,4426014,7965.000,1759.000,997.000,-199.000,105.000,-72.000,0.000,0.000,0
2026-01-31 12:45:50,4426054,7989.000,1809.000,999.000,-202.000,198.000,-20.000,0.000,0.000,0
2026-01-31 12:45:50,4426094,7979.000,1713.000,863.000,-298.000,203.000,-41.000,0.000,0.000,0
2026-01-31 12:45:50,4426134,7987.000,1737.000,832.000,-95.000,239.000,-114.000,0.000,0.000,0
2026-01-31 12:45:50,4426174,7999.000,1695.000,809.000,-144.000,199.000,-108.000,0.000,0.000,0
2026-01-31 12:45:50,4426214,7964.000,1648.000,862.000,-80.000,129.000,-96.000,0.000,0.000,0
2026-01-31 12:45:50,4426254,7902.000,1673.000,916.000,-22.000,92.000,-35.000,0.000,0.000,0
2026-01-31 12:45:50,4426294,7846.000,1656.000,978.000,-24.000,98.000,29.000,0.000,0.000,0
2026-01-31 12:45:50,4426334,7739.000,1656.000,1019.000,40.000,109.000,67.000,0.000,0.000,0
2026-01-31 12:45:50,4426374,7765.000,1696.000,973.000,84.000,122.000,100.000,0.000,0.000,0
2026-01-31 12:45:51,4426416,7805.000,1747.000,953.000,73.000,156.000,167.000,0.000,0.000,0
2026-01-31 12:45:51,4426454,7799.000,1777.000,922.000,70.000,167.000,220.000,0.000,0.000,0
2026-01-31 12:45:51,4426494,7735.000,1813.000,883.000,77.000,142.000,178.000,0.000,0.000,0
2026-01-31 12:45:51,4426534,7846.000,1880.000,827.000,114.000,119.000,152.000,0.000,0.000,0
2026-01-31 12:45:51,4426574,7957.000,1961.000,826.000,83.000,92.000,207.000,0.000,0.000,0
2026-01-31 12:45:51,4426614,7941.000,1964.000,897.000,-17.000,26.000,218.000,0.000,0.000,0
2026-01-31 12:45:51,4426654,7895.000,1930.000,945.000,-39.000,-11.000,87.000,0.000,0.000,0
2026-01-31 12:45:51,4426694,7934.000,1967.000,1006.000,19.000,38.000,-4.000,0.000,0.000,0
2026-01-31 12:45:51,4426734,8030.000,2005.000,1059.000,-77.000,69.000,7.000,0.000,0.000,0
2026-01-31 12:45:51,4426774,7941.000,1920.000,1099.000,-214.000,74.000,-38.000,0.000,0.000,0
2026-01-31 12:45:51,4426814,7782.000,1799.000,1085.000,-150.000,131.000,-186.000,0.000,0.000,0
2026-01-31 12:45:51,4426854,7868.000,1827.000,1012.000,-49.000,217.000,-216.000,0.000,0.000,0
2026-01-31 12:45:51,4426894,7958.000,1781.000,884.000,-292.000,163.000,-94.000,0.000,0.000,0
2026-01-31 12:45:51,4426934,7849.000,1701.000,828.000,-235.000,97.000,-164.000,0.000,0.000,0
2026-01-31 12:45:51,4426974,7910.000,1717.000,803.000,-118.000,93.000,-216.000,0.000,0.000,0
2026-01-31 12:45:51,4427014,7968.000,1706.000,844.000,-157.000,21.000,-177.000,0.000,0.000,0
2026-01-31 12:45:51,4427054,7878.000,1667.000,902.000,-177.000,-93.000,-108.000,0.000,0.000,0
2026-01-31 12:45:51,4427094,7807.000,1622.000,958.000,-167.000,-105.000,-62.000,0.000,0.000,0
2026-01-31 12:45:51,4427134,7826.000,1664.000,990.000,-111.000,-44.000,22.000,0.000,0.000,0
2026-01-31 12:45:51,4427174,7873.000,1701.000,963.000,-130.000,-43.000,100.000,0.000,0.000,0
2026-01-31 12:45:51,4427214,7857.000,1719.000,934.000,-151.000,-6.000,140.000,0.000,0.000,0
2026-01-31 12:45:51,4427254,7963.000,1799.000,880.000,-121.000,27.000,155.000,0.000,0.000,0
2026-01-31 12:45:51,4427294,7911.000,1792.000,878.000,-141.000,33.000,92.000,0.000,0.000,0
2026-01-31 12:45:51,4427334,7869.000,1743.000,852.000,-65.000,48.000,-26.000,0.000,0.000,0
2026-01-31 12:45:51,4427374,7991.000,1808.000,892.000,32.000,62.000,-68.000,0.000,0.000,0
2026-01-31 12:45:52,4427414,8080.000,1825.000,935.000,-71.000,26.000,-46.000,0.000,0.000,0
2026-01-31 12:45:52,4427454,7908.000,1711.000,1006.000,-97.000,-11.000,-127.000,0.000,0.000,0
2026-01-31 12:45:52,4427494,7852.000,1673.000,1116.000,60.000,32.000,-226.000,0.000,0.000,0
2026-01-31 12:45:52,4427534,7939.000,1742.000,1114.000,71.000,66.000,-168.000,0.000,0.000,0
2026-01-31 12:45:52,4427574,8052.000,1787.000,1143.000,-57.000,78.000,-14.000,0.000,0.000,0
2026-01-31 12:45:52,4427614,7878.000,1709.000,1110.000,-176.000,78.000,-21.000,0.000,0.000,0
2026-01-31 12:45:52,4427654,7853.000,1669.000,920.000,16.000,187.000,-173.000,0.000,0.000,0
2026-01-31 12:45:52,4427694,8013.000,1818.000,829.000,110.000,192.000,-23.000,0.000,0.000,0
2026-01-31 12:45:52,4427734,7871.000,1764.000,897.000,-147.000,45.000,102.000,0.000,0.000,0
2026-01-31 12:45:52,4427774,7903.000,1695.000,893.000,-101.000,-78.000,51.000,0.000,0.000,0
2026-01-31 12:45:52,4427814,7977.000,1833.000,1006.000,61.000,-14.000,62.000,0.000,0.000,0
2026-01-31 12:45:52,4427854,7899.000,1849.000,1102.000,-70.000,20.000,151.000,0.000,0.000,0
2026-01-31 12:45:52,4427894,7811.000,1802.000,1110.000,-65.000,-1.000,136.000,0.000,0.000,0
2026-01-31 12:45:52,4427934,7818.000,1873.000,1082.000,-7.000,87.000,118.000,0.000,0.000,0
2026-01-31 12:45:52,4427974,7967.000,1917.000,1033.000,-52.000,170.000,188.000,0.000,0.000,0
2026-01-31 12:45:52,4428014,7824.000,1946.000,973.000,-139.000,137.000,203.000,0.000,0.000,0
2026-01-31 12:45:52,4428054,7746.000,1836.000,867.000,-50.000,146.000,-48.000,0.000,0.000,0
2026-01-31 12:45:52,4428094,7935.000,1971.000,835.000,32.000,130.000,-48.000,0.000,0.000,0
2026-01-31 12:45:52,4428134,8034.000,1975.000,863.000,-215.000,-6.000,14.000,0.000,0.000,0
2026-01-31 12:45:52,4428174,7788.000,1764.000,909.000,-296.000,-110.000,-115.000,0.000,0.000,0
2026-01-31 12:45:52,4428216,7784.000,1719.000,936.000,39.000,-110.000,-279.000,0.000,0.000,0
2026-01-31 12:45:52,4428256,8076.000,1914.000,966.000,51.000,-56.000,-132.000,0.000,0.000,0
2026-01-31 12:45:52,4428294,8078.000,1851.000,994.000,-309.000,-115.000,52.000,0.000,0.000,0
2026-01-31 12:45:52,4428334,7743.000,1619.000,998.000,-275.000,-173.000,-98.000,0.000,0.000,0
2026-01-31 12:45:52,4428374,7669.000,1627.000,964.000,104.000,-16.000,-250.000,0.000,0.000,0
2026-01-31 12:45:53,4428416,7984.000,1786.000,936.000,51.000,64.000,-115.000,0.000,0.000,0
2026-01-31 12:45:53,4428454,7915.000,1680.000,900.000,-275.000,-118.000,68.000,0.000,0.000,0
2026-01-31 12:45:53,4428494,7812.000,1569.000,907.000,-79.000,-73.000,-87.000,0.000,0.000,0
2026-01-31 12:45:53,4428534,7909.000,1701.000,969.000,181.000,-12.000,-122.000,0.000,0.000,0
2026-01-31 12:45:53,4428574,8057.000,1798.000,1039.000,-25.000,-88.000,35.000,0.000,0.000,0
2026-01-31 12:45:53,4428614,8011.000,1722.000,1120.000,-280.000,-198.000,107.000,0.000,0.000,0
2026-01-31 12:45:53,4428654,8068.000,1739.000,1218.000,-171.000,-189.000,24.000,0.000,0.000,0
2026-01-31 12:45:53,4428694,7994.000,1828.000,1309.000,-140.000,-97.000,-36.000,0.000,0.000,0
2026-01-31 12:45:53,4428734,7812.000,1692.000,1227.000,-234.000,-27.000,-110.000,0.000,0.000,0
2026-01-31 12:45:53,4428774,7798.000,1679.000,1049.000,-103.000,70.000,-162.000,0.000,0.000,0
2026-01-31 12:45:53,4428814,7885.000,1731.000,868.000,-242.000,78.000,-76.000,0.000,0.000,0
2026-01-31 12:45:53,4428854,7888.000,1621.000,732.000,-295.000,-36.000,-128.000,0.000,0.000,0
2026-01-31 12:45:53,4428894,7944.000,1632.000,706.000,-136.000,-87.000,-204.000,0.000,0.000,0
2026-01-31 12:45:53,4428934,8083.000,1617.000,710.000,-193.000,-124.000,-196.000,0.000,0.000,0
2026-01-31 12:45:53,4428974,8068.000,1569.000,766.000,-188.000,-214.000,-170.000,0.000,0.000,0
2026-01-31 12:45:53,4429014,8002.000,1550.000,858.000,-149.000,-275.000,-143.000,0.000,0.000,0
2026-01-31 12:45:53,4429054,7944.000,1536.000,951.000,-146.000,-214.000,-37.000,0.000,0.000,0
2026-01-31 12:45:53,4429094,7980.000,1540.000,1020.000,-169.000,-140.000,93.000,0.000,0.000,0
2026-01-31 12:45:53,4429134,8050.000,1609.000,1036.000,-176.000,-85.000,192.000,0.000,0.000,0
2026-01-31 12:45:53,4429174,8042.000,1670.000,1028.000,-229.000,-12.000,270.000,0.000,0.000,0
2026-01-31 12:45:53,4429214,7980.000,1747.000,943.000,-242.000,108.000,317.000,0.000,0.000,0
2026-01-31 12:45:53,4429254,7950.000,1796.000,875.000,-289.000,131.000,315.000,0.000,0.000,0
2026-01-31 12:45:53,4429294,7933.000,1820.000,768.000,-328.000,141.000,284.000,0.000,0.000,0
2026-01-31 12:45:53,4429334,8012.000,1889.000,719.000,-300.000,119.000,232.000,0.000,0.000,0
2026-01-31 12:45:53,4429374,8008.000,1927.000,685.000,-351.000,62.000,139.000,0.000,0.000,0
2026-01-31 12:45:54,4429414,7967.000,1862.000,711.000,-373.000,-9.000,-26.000,0.000,0.000,0
2026-01-31 12:45:54,4429454,7812.000,1798.000,757.000,-283.000,-45.000,-196.000,0.000,0.000,0
2026-01-31 12:45:54,4429494,7853.000,1764.000,768.000,-254.000,-50.000,-283.000,0.000,0.000,0
2026-01-31 12:45:54,4429534,8038.000,1742.000,825.000,-313.000,-49.000,-241.000,0.000,0.000,0
2026-01-31 12:45:54,4429574,8140.000,1635.000,850.000,-360.000,-82.000,-229.000,0.000,0.000,0
2026-01-31 12:45:54,4429614,8135.000,1593.000,935.000,-254.000,-60.000,-322.000,0.000,0.000,0
2026-01-31 12:45:54,4429654,8166.000,1543.000,992.000,-190.000,-24.000,-322.000,0.000,0.000,0
2026-01-31 12:45:54,4429694,8100.000,1547.000,1088.000,-117.000,-2.000,-231.000,0.000,0.000,0
2026-01-31 12:45:54,4429734,7867.000,1537.000,1188.000,-142.000,3.000,-81.000,0.000,0.000,0
2026-01-31 12:45:54,4429774,7842.000,1526.000,1182.000,-165.000,15.000,60.000,0.000,0.000,0
2026-01-31 12:45:54,4429814,7859.000,1614.000,1145.000,-77.000,100.000,198.000,0.000,0.000,0
2026-01-31 12:45:54,4429854,7805.000,1689.000,1005.000,-55.000,162.000,272.000,0.000,0.000,0
2026-01-31 12:45:54,4429894,7863.000,1745.000,833.000,-43.000,135.000,238.000,0.000,0.000,0
2026-01-31 12:45:54,4429934,7851.000,1812.000,794.000,-25.000,80.000,211.000,0.000,0.000,0
2026-01-31 12:45:54,4429974,7993.000,1826.000,810.000,-92.000,-97.000,103.000,0.000,0.000,0
2026-01-31 12:45:54,4430014,8020.000,1823.000,903.000,-55.000,-158.000,9.000,0.000,0.000,0
2026-01-31 12:45:54,4430054,8178.000,1824.000,992.000,-38.000,-183.000,-41.000,0.000,0.000,0
2026-01-31 12:45:54,4430094,8147.000,1834.000,1128.000,-73.000,-159.000,-27.000,0.000,0.000,0
2026-01-31 12:45:54,4430134,8018.000,1749.000,1220.000,-167.000,-106.000,-28.000,0.000,0.000,0
2026-01-31 12:45:54,4430174,8085.000,1731.000,1218.000,-109.000,0.000,-32.000,0.000,0.000,0
2026-01-31 12:45:54,4430215,8093.000,1770.000,1186.000,-104.000,142.000,16.000,0.000,0.000,0
2026-01-31 12:45:54,4430254,8096.000,1711.000,1061.000,-166.000,196.000,-8.000,0.000,0.000,0
2026-01-31 12:45:54,4430294,8196.000,1738.000,933.000,-76.000,220.000,-42.000,0.000,0.000,0
2026-01-31 12:45:54,4430334,8009.000,1725.000,910.000,-101.000,242.000,-38.000,0.000,0.000,0
2026-01-31 12:45:54,4430374,7940.000,1663.000,829.000,0.000,92.000,-115.000,0.000,0.000,0
2026-01-31 12:45:55,4430416,7951.000,1748.000,869.000,-39.000,17.000,-25.000,0.000,0.000,0
2026-01-31 12:45:55,4430454,7895.000,1656.000,969.000,-179.000,-99.000,8.000,0.000,0.000,0
2026-01-31 12:45:55,4430494,7815.000,1641.000,975.000,-42.000,-140.000,-52.000,0.000,0.000,0
2026-01-31 12:45:55,4430534,7850.000,1705.000,1006.000,20.000,-94.000,-44.000,0.000,0.000,0
2026-01-31 12:45:55,4430574,7848.000,1733.000,1016.000,-101.000,-103.000,44.000,0.000,0.000,0
2026-01-31 12:45:55,4430614,7869.000,1704.000,930.000,-158.000,-128.000,51.000,0.000,0.000,0
2026-01-31 12:45:55,4430654,7869.000,1724.000,891.000,-68.000,-81.000,-23.000,0.000,0.000,0
2026-01-31 12:45:55,4430694,8050.000,1777.000,832.000,-47.000,-91.000,-43.000,0.000,0.000,0
2026-01-31 12:45:55,4430734,8089.000,1793.000,870.000,-152.000,-144.000,6.000,0.000,0.000,0
2026-01-31 12:45:55,4430774,8177.000,1726.000,934.000,-197.000,-204.000,-74.000,0.000,0.000,0
2026-01-31 12:45:55,4430814,8158.000,1783.000,1070.000,-129.000,-143.000,-99.000,0.000,0.000,0
2026-01-31 12:45:55,4430854,8138.000,1720.000,1101.000,-224.000,-99.000,-91.000,0.000,0.000,0
2026-01-31 12:45:55,4430894,8174.000,1774.000,1115.000,-202.000,-31.000,-38.000,0.000,0.000,0
2026-01-31 12:45:55,4430934,8125.000,1772.000,1078.000,-321.000,62.000,-2.000,0.000,0.000,0
2026-01-31 12:45:55,4430974,8028.000,1682.000,969.000,-272.000,128.000,-96.000,0.000,0.000,0
2026-01-31 12:45:55,4431014,7945.000,1741.000,866.000,-123.000,190.000,-138.000,0.000,0.000,0
2026-01-31 12:45:55,4431054,7938.000,1704.000,763.000,-220.000,166.000,-148.000,0.000,0.000,0
2026-01-31 12:45:55,4431094,7939.000,1629.000,724.000,-194.000,78.000,-171.000,0.000,0.000,0
2026-01-31 12:45:55,4431134,7947.000,1612.000,772.000,-117.000,-19.000,-163.000,0.000,0.000,0
2026-01-31 12:45:55,4431174,7845.000,1522.000,855.000,-105.000,-92.000,-178.000,0.000,0.000,0
2026-01-31 12:45:55,4431214,7849.000,1535.000,920.000,19.000,-113.000,-165.000,0.000,0.000,0
2026-01-31 12:45:55,4431254,7860.000,1555.000,1004.000,7.000,-89.000,-72.000,0.000,0.000,0
2026-01-31 12:45:55,4431294,7963.000,1536.000,1025.000,14.000,-93.000,1.000,0.000,0.000,0
2026-01-31 12:45:55,4431334,8195.000,1642.000,1011.000,122.000,-46.000,80.000,0.000,0.000,0
2026-01-31 12:45:55,4431374,8032.000,1685.000,1092.000,98.000,26.000,135.000,0.000,0.000,0
2026-01-31 12:45:56,4431414,7909.000,1655.000,1075.000,118.000,20.000,75.000,0.000,0.000,0
2026-01-31 12:45:56,4431454,8101.000,1776.000,996.000,220.000,68.000,83.000,0.000,0.000,0
2026-01-31 12:45:56,4431494,8302.000,1882.000,1020.000,126.000,103.000,212.000,0.000,0.000,0
2026-01-31 12:45:56,4431534,8194.000,1846.000,1110.000,-30.000,-4.000,137.000,0.000,0.000,0
2026-01-31 12:45:56,4431574,7995.000,1787.000,1145.000,44.000,47.000,-55.000,0.000,0.000,0
2026-01-31 12:45:56,4431614,8094.000,1850.000,1186.000,95.000,150.000,-40.000,0.000,0.000,0
2026-01-31 12:45:56,4431654,8167.000,1926.000,1197.000,-97.000,149.000,88.000,0.000,0.000,0
2026-01-31 12:45:56,4431694,7919.000,1744.000,1132.000,-268.000,150.000,22.000,0.000,0.000,0
2026-01-31 12:45:56,4431734,7715.000,1719.000,1049.000,3.000,237.000,-127.000,0.000,0.000,0
2026-01-31 12:45:56,4431774,7731.000,1840.000,961.000,-22.000,263.000,-76.000,0.000,0.000,0
2026-01-31 12:45:56,4431814,7796.000,1784.000,803.000,-258.000,156.000,46.000,0.000,0.000,0
2026-01-31 12:45:56,4431854,7785.000,1773.000,767.000,-248.000,50.000,26.000,0.000,0.000,0
2026-01-31 12:45:56,4431894,7804.000,1706.000,782.000,-181.000,-30.000,-102.000,0.000,0.000,0
2026-01-31 12:45:56,4431934,8000.000,1822.000,877.000,-56.000,-146.000,-89.000,0.000,0.000,0
2026-01-31 12:45:56,4431974,7971.000,1790.000,1044.000,-273.000,-216.000,-18.000,0.000,0.000,0
2026-01-31 12:45:56,4432014,7987.000,1681.000,1175.000,-243.000,-242.000,-100.000,0.000,0.000,0
2026-01-31 12:45:56,4432054,8127.000,1758.000,1284.000,-100.000,-134.000,-124.000,0.000,0.000,0
2026-01-31 12:45:56,4432094,8153.000,1807.000,1382.000,-183.000,-3.000,-20.000,0.000,0.000,0
2026-01-31 12:45:56,4432134,7979.000,1738.000,1390.000,-293.000,44.000,-41.000,0.000,0.000,0
2026-01-31 12:45:56,4432174,8141.000,1748.000,1241.000,-145.000,145.000,-95.000,0.000,0.000,0
2026-01-31 12:45:56,4432214,8137.000,1922.000,1251.000,-136.000,284.000,7.000,0.000,0.000,0
2026-01-31 12:45:56,4432254,8023.000,1803.000,1135.000,-360.000,216.000,-33.000,0.000,0.000,0
2026-01-31 12:45:56,4432294,7960.000,1731.000,1003.000,-312.000,188.000,-120.000,0.000,0.000,0
2026-01-31 12:45:56,4432334,7994.000,1853.000,999.000,-185.000,151.000,-107.000,0.000,0.000,0
2026-01-31 12:45:56,4432374,7929.000,1680.000,1026.000,-298.000,-27.000,-144.000,0.000,0.000,0
2026-01-31 12:45:57,4432416,7996.000,1670.000,1035.000,-94.000,-77.000,-198.000,0.000,0.000,0
2026-01-31 12:45:57,4432454,7950.000,1718.000,1192.000,-83.000,-39.000,-125.000,0.000,0.000,0
2026-01-31 12:45:57,4432494,7798.000,1629.000,1260.000,-179.000,-115.000,-72.000,0.000,0.000,0
2026-01-31 12:45:57,4432534,7848.000,1637.000,1243.000,-87.000,-94.000,-26.000,0.000,0.000,0
2026-01-31 12:45:57,4432574,7876.000,1731.000,1231.000,-42.000,8.000,90.000,0.000,0.000,0
2026-01-31 12:45:57,4432614,7911.000,1766.000,1157.000,-99.000,-36.000,147.000,0.000,0.000,0
2026-01-31 12:45:57,4432654,7974.000,1811.000,1051.000,-115.000,-68.000,167.000,0.000,0.000,0
2026-01-31 12:45:57,4432694,7873.000,1833.000,1023.000,-60.000,-40.000,89.000,0.000,0.000,0
2026-01-31 12:45:57,4432734,7980.000,1866.000,996.000,-2.000,-105.000,4.000,0.000,0.000,0
2026-01-31 12:45:57,4432774,7939.000,1870.000,1073.000,-62.000,-127.000,-16.000,0.000,0.000,0
2026-01-31 12:45:57,4432814,7934.000,1775.000,1111.000,-122.000,-168.000,-71.000,0.000,0.000,0
2026-01-31 12:45:57,4432854,8026.000,1796.000,1171.000,-59.000,-167.000,-98.000,0.000,0.000,0
2026-01-31 12:45:57,4432894,8018.000,1767.000,1230.000,-125.000,-113.000,-76.000,0.000,0.000,0
2026-01-31 12:45:57,4432934,7993.000,1704.000,1201.000,-137.000,-93.000,-102.000,0.000,0.000,0
2026-01-31 12:45:57,4432974,7983.000,1711.000,1153.000,-85.000,-43.000,-105.000,0.000,0.000,0
2026-01-31 12:45:57,4433014,8013.000,1702.000,1066.000,-128.000,-17.000,-67.000,0.000,0.000,0
2026-01-31 12:45:57,4433054,8014.000,1722.000,953.000,-124.000,-43.000,-33.000,0.000,0.000,0
2026-01-31 12:45:57,4433094,7950.000,1706.000,870.000,-179.000,-93.000,-22.000,0.000,0.000,0
2026-01-31 12:45:57,4433134,7999.000,1746.000,869.000,-166.000,-136.000,-12.000,0.000,0.000,0
2026-01-31 12:45:57,4433174,8011.000,1748.000,862.000,-181.000,-176.000,-28.000,0.000,0.000,0
2026-01-31 12:45:57,4433214,7932.000,1687.000,912.000,-155.000,-208.000,-119.000,0.000,0.000,0
2026-01-31 12:45:57,4433254,8004.000,1681.000,938.000,-106.000,-204.000,-140.000,0.000,0.000,0
2026-01-31 12:45:57,4433294,8007.000,1685.000,1022.000,-162.000,-175.000,-89.000,0.000,0.000,0
2026-01-31 12:45:57,4433334,8055.000,1635.000,1023.000,-216.000,-160.000,-70.000,0.000,0.000,0
2026-01-31 12:45:57,4433374,7977.000,1609.000,1045.000,-160.000,-82.000,-96.000,0.000,0.000,0
2026-01-31 12:45:58,4433414,8021.000,1612.000,984.000,-120.000,-1.000,-103.000,0.000,0.000,0
2026-01-31 12:45:58,4433454,7997.000,1600.000,898.000,-135.000,59.000,-92.000,0.000,0.000,0
2026-01-31 12:45:58,4433494,7971.000,1565.000,864.000,-94.000,79.000,-118.000,0.000,0.000,0
2026-01-31 12:45:58,4433534,8004.000,1553.000,832.000,-12.000,88.000,-138.000,0.000,0.000,0
2026-01-31 12:45:58,4433574,8097.000,1596.000,861.000,3.000,32.000,-76.000,0.000,0.000,0
2026-01-31 12:45:58,4433614,8025.000,1580.000,958.000,-73.000,-13.000,45.000,0.000,0.000,0
2026-01-31 12:45:58,4433654,7950.000,1549.000,985.000,-42.000,-6.000,93.000,0.000,0.000,0
2026-01-31 12:45:58,4433694,8014.000,1640.000,1023.000,51.000,57.000,152.000,0.000,0.000,0
2026-01-31 12:45:58,4433734,8033.000,1707.000,1047.000,-19.000,89.000,244.000,0.000,0.000,0
2026-01-31 12:45:58,4433774,8008.000,1707.000,1007.000,-32.000,94.000,257.000,0.000,0.000,0
2026-01-31 12:45:58,4433814,7969.000,1807.000,1005.000,43.000,160.000,232.000,0.000,0.000,0
2026-01-31 12:45:58,4433854,7862.000,1827.000,1026.000,-18.000,168.000,210.000,0.000,0.000,0
2026-01-31 12:45:58,4433894,7803.000,1832.000,997.000,-43.000,148.000,170.000,0.000,0.000,0
2026-01-31 12:45:58,4433934,7775.000,1894.000,1026.000,-54.000,148.000,163.000,0.000,0.000,0
2026-01-31 12:45:58,4433974,7901.000,1963.000,1049.000,-137.000,91.000,177.000,0.000,0.000,0
2026-01-31 12:45:58,4434014,7816.000,1953.000,1119.000,-268.000,49.000,156.000,0.000,0.000,0
2026-01-31 12:45:58,4434054,7693.000,1904.000,1131.000,-273.000,54.000,37.000,0.000,0.000,0
2026-01-31 12:45:58,4434094,7886.000,2015.000,1119.000,-190.000,83.000,-44.000,0.000,0.000,0
2026-01-31 12:45:58,4434134,7928.000,2056.000,1127.000,-323.000,91.000,-11.000,0.000,0.000,0
2026-01-31 12:45:58,4434176,7907.000,1937.000,1079.000,-420.000,19.000,-132.000,0.000,0.000,0
2026-01-31 12:45:58,4434216,7810.000,1891.000,1119.000,-321.000,40.000,-333.000,0.000,0.000,0
2026-01-31 12:45:58,4434254,7898.000,1788.000,1061.000,-344.000,26.000,-373.000,0.000,0.000,0
2026-01-31 12:45:58,4434294,7969.000,1784.000,1043.000,-285.000,13.000,-355.000,0.000,0.000,0
2026-01-31 12:45:58,4434334,7800.000,1657.000,1062.000,-325.000,-26.000,-409.000,0.000,0.000,0
2026-01-31 12:45:58,4434374,7852.000,1573.000,1019.000,-209.000,-88.000,-481.000,0.000,0.000,0
2026-01-31 12:45:59,4434416,7861.000,1583.000,1042.000,-115.000,-87.000,-378.000,0.000,0.000,0
2026-01-31 12:45:59,4434454,7790.000,1480.000,1060.000,-147.000,-142.000,-264.000,0.000,0.000,0
2026-01-31 12:45:59,4434494,7872.000,1430.000,1022.000,14.000,-163.000,-230.000,0.000,0.000,0
2026-01-31 12:45:59,4434534,7968.000,1488.000,1027.000,176.000,-111.000,-163.000,0.000,0.000,0
2026-01-31 12:45:59,4434574,8090.000,1493.000,1052.000,223.000,-137.000,-63.000,0.000,0.000,0
2026-01-31 12:45:59,4434614,8132.000,1391.000,1202.000,318.000,-140.000,-68.000,0.000,0.000,0
2026-01-31 12:45:59,4434654,8068.000,1305.000,1333.000,449.000,-63.000,-118.000,0.000,0.000,0
2026-01-31 12:45:59,4434694,8016.000,1292.000,1411.000,575.000,31.000,-34.000,0.000,0.000,0
2026-01-31 12:45:59,4434734,7974.000,1441.000,1398.000,661.000,101.000,187.000,0.000,0.000,0
2026-01-31 12:45:59,4434774,7886.000,1563.000,1366.000,467.000,153.000,375.000,0.000,0.000,0
2026-01-31 12:45:59,4434814,7763.000,1559.000,1239.000,284.000,164.000,417.000,0.000,0.000,0
2026-01-31 12:45:59,4434854,7830.000,1625.000,1108.000,374.000,162.000,379.000,0.000,0.000,0
2026-01-31 12:45:59,4434894,7916.000,1716.000,995.000,365.000,160.000,383.000,0.000,0.000,0
2026-01-31 12:45:59,4434934,7769.000,1720.000,992.000,216.000,65.000,317.000,0.000,0.000,0
2026-01-31 12:45:59,4434974,7812.000,1683.000,906.000,189.000,-49.000,145.000,0.000,0.000,0
2026-01-31 12:45:59,4435014,7990.000,1817.000,1047.000,11.000,-112.000,110.000,0.000,0.000,0
2026-01-31 12:45:59,4435054,8002.000,1636.000,1141.000,-199.000,-221.000,-6.000,0.000,0.000,0
2026-01-31 12:45:59,4435094,8059.000,1581.000,1267.000,-141.000,-198.000,-158.000,0.000,0.000,0
2026-01-31 12:45:59,4435134,8171.000,1503.000,1372.000,-311.000,-92.000,-128.000,0.000,0.000,0
2026-01-31 12:45:59,4435174,8086.000,1381.000,1374.000,-430.000,-22.000,-22.000,0.000,0.000,0
2026-01-31 12:45:59,4435214,7875.000,1367.000,1274.000,-390.000,49.000,23.000,0.000,0.000,0
2026-01-31 12:45:59,4435254,7941.000,1467.000,1082.000,-350.000,139.000,64.000,0.000,0.000,0
2026-01-31 12:45:59,4435294,7970.000,1570.000,998.000,-495.000,133.000,132.000,0.000,0.000,0
2026-01-31 12:45:59,4435334,7871.000,1515.000,925.000,-625.000,9.000,55.000,0.000,0.000,0
2026-01-31 12:45:59,4435374,7838.000,1429.000,862.000,-625.000,-44.000,-116.000,0.000,0.000,0
2026-01-31 12:46:00,4435414,8060.000,1432.000,863.000,-584.000,-94.000,-107.000,0.000,0.000,0
2026-01-31 12:46:00,4435454,8151.000,1414.000,907.000,-588.000,-142.000,-148.000,0.000,0.000,0
2026-01-31 12:46:00,4435494,8167.000,1196.000,957.000,-598.000,-175.000,-292.000,0.000,0.000,0
2026-01-31 12:46:00,4435534,8144.000,1124.000,1005.000,-378.000,-91.000,-389.000,0.000,0.000,0
2026-01-31 12:46:00,4435574,8099.000,1057.000,1003.000,-399.000,-48.000,-389.000,0.000,0.000,0
2026-01-31 12:46:00,4435614,8192.000,993.000,971.000,-372.000,-65.000,-234.000,0.000,0.000,0
2026-01-31 12:46:00,4435654,8027.000,1020.000,1003.000,-317.000,-56.000,-5.000,0.000,0.000,0
2026-01-31 12:46:00,4435694,7868.000,972.000,946.000,-303.000,-20.000,119.000,0.000,0.000,0
2026-01-31 12:46:00,4435734,7874.000,1048.000,906.000,-118.000,44.000,164.000,0.000,0.000,0
2026-01-31 12:46:00,4435774,7926.000,1194.000,855.000,-39.000,65.000,198.000,0.000,0.000,0
2026-01-31 12:46:00,4435814,7945.000,1130.000,842.000,-112.000,5.000,203.000,0.000,0.000,0
2026-01-31 12:46:00,4435854,7958.000,1152.000,916.000,12.000,-35.000,132.000,0.000,0.000,0
2026-01-31 12:46:00,4435894,8208.000,1216.000,979.000,55.000,-74.000,140.000,0.000,0.000,0
2026-01-31 12:46:00,4435934,8301.000,1230.000,1141.000,40.000,-85.000,178.000,0.000,0.000,0
2026-01-31 12:46:00,4435974,8093.000,1163.000,1270.000,12.000,-87.000,111.000,0.000,0.000,0
2026-01-31 12:46:00,4436014,8082.000,1139.000,1280.000,19.000,-11.000,66.000,0.000,0.000,0
2026-01-31 12:46:00,4436054,8303.000,1260.000,1212.000,-6.000,108.000,152.000,0.000,0.000,0
2026-01-31 12:46:00,4436094,8307.000,1237.000,1184.000,-143.000,142.000,175.000,0.000,0.000,0
2026-01-31 12:46:00,4436134,8120.000,1097.000,1063.000,-114.000,132.000,53.000,0.000,0.000,0
2026-01-31 12:46:00,4436174,7926.000,1052.000,1020.000,41.000,200.000,19.000,0.000,0.000,0
2026-01-31 12:46:00,4436214,8014.000,1036.000,1019.000,-65.000,127.000,123.000,0.000,0.000,0
2026-01-31 12:46:00,4436258,8043.000,968.000,1036.000,-149.000,53.000,206.000,0.000,0.000,0
2026-01-31 12:46:00,4436294,7981.000,901.000,1090.000,-50.000,55.000,191.000,0.000,0.000,0
2026-01-31 12:46:00,4436334,8077.000,944.000,1108.000,78.000,119.000,224.000,0.000,0.000,0
2026-01-31 12:46:00,4436374,8113.000,1000.000,1181.000,40.000,138.000,287.000,0.000,0.000,0
2026-01-31 12:46:01,4436417,8050.000,938.000,1247.000,-7.000,140.000,279.000,0.000,0.000,0
2026-01-31 12:46:01,4436455,7992.000,936.000,1279.000,82.000,205.000,255.000,0.000,0.000,0
2026-01-31 12:46:01,4436494,7999.000,961.000,1283.000,49.000,276.000,274.000,0.000,0.000,0
2026-01-31 12:46:01,4436534,8063.000,974.000,1247.000,33.000,287.000,253.000,0.000,0.000,0
2026-01-31 12:46:01,4436574,7947.000,940.000,1212.000,82.000,322.000,184.000,0.000,0.000,0
2026-01-31 12:46:01,4436614,7943.000,957.000,1201.000,240.000,325.000,67.000,0.000,0.000,0
2026-01-31 12:46:01,4436654,7980.000,1016.000,1215.000,291.000,318.000,59.000,0.000,0.000,0
2026-01-31 12:46:01,4436694,7967.000,999.000,1231.000,248.000,259.000,54.000,0.000,0.000,0
2026-01-31 12:46:01,4436734,8046.000,1022.000,1287.000,265.000,208.000,21.000,0.000,0.000,0
2026-01-31 12:46:01,4436774,8077.000,1047.000,1364.000,299.000,207.000,-16.000,0.000,0.000,0
2026-01-31 12:46:01,4436814,8021.000,1027.000,1462.000,344.000,199.000,-91.000,0.000,0.000,0
2026-01-31 12:46:01,4436854,8029.000,1011.000,1554.000,401.000,207.000,-126.000,0.000,0.000,0
2026-01-31 12:46:01,4436894,8063.000,1021.000,1591.000,500.000,286.000,-93.000,0.000,0.000,0
2026-01-31 12:46:01,4436934,7959.000,1113.000,1713.000,582.000,326.000,-93.000,0.000,0.000,0
2026-01-31 12:46:01,4436974,7896.000,1049.000,1660.000,262.000,307.000,-112.000,0.000,0.000,0
2026-01-31 12:46:01,4437014,7972.000,1052.000,1623.000,394.000,345.000,-70.000,0.000,0.000,0
2026-01-31 12:46:01,4437054,7957.000,1250.000,1673.000,481.000,332.000,-61.000,0.000,0.000,0
2026-01-31 12:46:01,4437094,7852.000,1182.000,1621.000,122.000,241.000,-131.000,0.000,0.000,0
2026-01-31 12:46:01,4437134,7776.000,1052.000,1658.000,138.000,228.000,-193.000,0.000,0.000,0
2026-01-31 12:46:01,4437174,7792.000,1147.000,1702.000,274.000,219.000,-229.000,0.000,0.000,0
2026-01-31 12:46:01,4437214,7916.000,1230.000,1767.000,118.000,151.000,-269.000,0.000,0.000,0
2026-01-31 12:46:01,4437254,7983.000,1184.000,1875.000,-82.000,90.000,-286.000,0.000,0.000,0
2026-01-31 12:46:01,4437294,7962.000,1149.000,2008.000,183.000,115.000,-311.000,0.000,0.000,0
2026-01-31 12:46:01,4437334,7652.000,1284.000,2088.000,225.000,142.000,-224.000,0.000,0.000,0
2026-01-31 12:46:01,4437374,7621.000,1319.000,2100.000,70.000,83.000,-111.000,0.000,0.000,0
2026-01-31 12:46:02,4437414,7869.000,1399.000,1986.000,4.000,128.000,-57.000,0.000,0.000,0
2026-01-31 12:46:02,4437454,8043.000,1444.000,1905.000,72.000,212.000,-79.000,0.000,0.000,0
2026-01-31 12:46:02,4437494,7982.000,1476.000,1850.000,127.000,215.000,-222.000,0.000,0.000,0
2026-01-31 12:46:02,4437534,7773.000,1386.000,1836.000,62.000,179.000,-359.000,0.000,0.000,0
2026-01-31 12:46:02,4437574,7820.000,1354.000,1797.000,162.000,175.000,-309.000,0.000,0.000,0
2026-01-31 12:46:02,4437614,7948.000,1510.000,1868.000,75.000,104.000,-134.000,0.000,0.000,0
2026-01-31 12:46:02,4437654,8004.000,1447.000,1860.000,-179.000,-40.000,-71.000,0.000,0.000,0
2026-01-31 12:46:02,4437694,7891.000,1457.000,2014.000,-118.000,-68.000,-48.000,0.000,0.000,0
2026-01-31 12:46:02,4437734,7922.000,1490.000,1984.000,-77.000,-36.000,21.000,0.000,0.000,0
2026-01-31 12:46:02,4437774,7853.000,1608.000,2001.000,-35.000,3.000,62.000,0.000,0.000,0
2026-01-31 12:46:02,4437814,7616.000,1559.000,1978.000,-123.000,6.000,0.000,0.000,0.000,0
2026-01-31 12:46:02,4437854,7556.000,1520.000,1858.000,-59.000,15.000,-96.000,0.000,0.000,0
2026-01-31 12:46:02,4437894,7722.000,1557.000,1727.000,-9.000,39.000,-93.000,0.000,0.000,0
2026-01-31 12:46:02,4437934,7817.000,1506.000,1688.000,-41.000,-23.000,-109.000,0.000,0.000,0
2026-01-31 12:46:02,4437974,7946.000,1454.000,1733.000,-8.000,-135.000,-205.000,0.000,0.000,0
2026-01-31 12:46:02,4438014,7858.000,1261.000,1915.000,-42.000,-160.000,-325.000,0.000,0.000,0
2026-01-31 12:46:02,4438054,7864.000,1148.000,2016.000,86.000,-137.000,-378.000,0.000,0.000,0
2026-01-31 12:46:02,4438094,8018.000,1130.000,2075.000,158.000,-111.000,-258.000,0.000,0.000,0
2026-01-31 12:46:02,4438134,7994.000,1161.000,2156.000,243.000,-27.000,45.000,0.000,0.000,0
2026-01-31 12:46:02,4438176,7864.000,1139.000,2147.000,194.000,20.000,122.000,0.000,0.000,0
2026-01-31 12:46:02,4438216,7897.000,1188.000,2083.000,424.000,115.000,190.000,0.000,0.000,0
2026-01-31 12:46:02,4438254,7868.000,1396.000,1999.000,532.000,140.000,292.000,0.000,0.000,0
2026-01-31 12:46:02,4438294,7727.000,1386.000,1952.000,349.000,98.000,306.000,0.000,0.000,0
2026-01-31 12:46:02,4438334,7661.000,1370.000,1857.000,499.000,90.000,196.000,0.000,0.000,0
2026-01-31 12:46:02,4438374,7714.000,1520.000,1841.000,713.000,137.000,119.000,0.000,0.000,0
2026-01-31 12:46:03,4438414,7766.000,1486.000,1895.000,650.000,123.000,35.000,0.000,0.000,0
2026-01-31 12:46:03,4438454,7877.000,1520.000,1850.000,842.000,130.000,-130.000,0.000,0.000,0
2026-01-31 12:46:03,4438494,8114.000,1512.000,2008.000,883.000,162.000,-272.000,0.000,0.000,0
2026-01-31 12:46:03,4438534,8054.000,1356.000,2001.000,910.000,187.000,-264.000,0.000,0.000,0
2026-01-31 12:46:03,4438574,7851.000,1309.000,1973.000,1050.000,280.000,-225.000,0.000,0.000,0
2026-01-31 12:46:03,4438614,7853.000,1320.000,1842.000,1050.000,298.000,6.000,0.000,0.000,0
2026-01-31 12:46:03,4438654,7918.000,1496.000,1619.000,1137.000,246.000,432.000,0.000,0.000,0
2026-01-31 12:46:03,4438694,7867.000,1605.000,1510.000,1126.000,181.000,695.000,0.000,0.000,0
2026-01-31 12:46:03,4438734,7698.000,1535.000,1466.000,1274.000,108.000,530.000,0.000,0.000,0
2026-01-31 12:46:03,4438774,7698.000,1359.000,1371.000,1649.000,132.000,200.000,0.000,0.000,0
2026-01-31 12:46:03,4438814,7925.000,1436.000,1332.000,2237.000,231.000,152.000,0.000,0.000,0
2026-01-31 12:46:03,4438854,7881.000,1404.000,1361.000,2380.000,240.000,137.000,0.000,0.000,0
2026-01-31 12:46:03,4438894,7846.000,1231.000,1310.000,2364.000,198.000,137.000,0.000,0.000,0
2026-01-31 12:46:03,4438934,7922.000,1240.000,1390.000,2740.000,328.000,364.000,0.000,0.000,0
2026-01-31 12:46:03,4438974,8337.000,1327.000,1423.000,2940.000,421.000,573.000,0.000,0.000,0
2026-01-31 12:46:03,4439014,8300.000,1325.000,1441.000,2936.000,540.000,524.000,0.000,0.000,0
2026-01-31 12:46:03,4439054,8253.000,1268.000,1428.000,2881.000,585.000,536.000,0.000,0.000,0
2026-01-31 12:46:03,4439094,8227.000,1361.000,1603.000,3044.000,642.000,965.000,0.000,0.000,0
2026-01-31 12:46:03,4439134,8275.000,1464.000,1903.000,2932.000,631.000,1339.000,0.000,0.000,0
2026-01-31 12:46:03,4439174,8000.000,1729.000,1893.000,3361.000,752.000,1332.000,0.000,0.000,0
2026-01-31 12:46:03,4439214,7859.000,2515.000,2093.000,3548.000,1042.000,1099.000,0.000,0.000,0
2026-01-31 12:46:03,4439254,7665.000,3086.000,1820.000,1954.000,1226.000,-412.000,0.000,0.000,0
2026-01-31 12:46:03,4439294,7318.000,3292.000,1907.000,2054.000,1115.000,-1526.000,0.000,0.000,0
2026-01-31 12:46:03,4439334,7025.000,4073.000,2330.000,2243.000,963.000,-2638.000,0.000,0.000,0
2026-01-31 12:46:03,4439374,6656.000,4564.000,2139.000,522.000,436.000,-3783.000,0.000,0.000,0
2026-01-31 12:46:04,4439414,6298.000,4631.000,2093.000,-922.000,-206.000,-4538.000,0.000,0.000,0
2026-01-31 12:46:04,4439454,6471.000,4263.000,2453.000,-1613.000,-725.000,-5377.000,0.000,0.000,0
2026-01-31 12:46:04,4439494,6405.000,4228.000,1957.000,-1740.000,-1130.000,-5848.000,0.000,0.000,0
2026-01-31 12:46:04,4439534,6333.000,4050.000,1909.000,-2127.000,-1572.000,-5811.000,0.000,0.000,0
2026-01-31 12:46:04,4439574,6901.000,4050.000,1934.000,-2445.000,-2137.000,-5430.000,0.000,0.000,0
2026-01-31 12:46:04,4439614,6791.000,4149.000,2186.000,-2305.000,-2375.000,-4939.000,0.000,0.000,0
2026-01-31 12:46:04,4439654,7325.000,4481.000,2529.000,-2907.000,-2739.000,-4380.000,0.000,0.000,0
2026-01-31 12:46:04,4439694,7273.000,3700.000,3078.000,-4583.000,-2292.000,-3366.000,0.000,0.000,0
2026-01-31 12:46:04,4439734,6717.000,1140.000,2663.000,-4723.000,-1730.000,-1583.000,0.000,0.000,0
2026-01-31 12:46:04,4439774,6081.000,4757.000,2220.000,3446.000,-1129.000,-1668.000,0.000,0.000,0
2026-01-31 12:46:04,4439814,4272.000,11210.000,1282.000,-1591.000,-1732.000,-2128.000,0.000,0.000,0
2026-01-31 12:46:04,4439854,3307.000,4941.000,1619.000,-7601.000,-1682.000,-2056.000,0.000,0.000,0
2026-01-31 12:46:04,4439894,4627.000,4495.000,1419.000,-469.000,-1374.000,-2125.000,0.000,0.000,0
2026-01-31 12:46:04,4439934,5371.000,7101.000,470.000,646.000,-1023.000,-544.000,0.000,0.000,0
2026-01-31 12:46:04,4439974,5986.000,8038.000,1532.000,-2129.000,-1651.000,-681.000,0.000,0.000,0
2026-01-31 12:46:04,4440014,4914.000,3818.000,2716.000,-1423.000,-1098.000,-629.000,0.000,0.000,0
2026-01-31 12:46:04,4440054,5003.000,5461.000,2384.000,1894.000,-546.000,-380.000,0.000,0.000,0
2026-01-31 12:46:04,4440094,4789.000,7343.000,2380.000,3052.000,906.000,-434.000,0.000,0.000,0
2026-01-31 12:46:04,4440134,4056.000,6966.000,1381.000,1739.000,1597.000,-286.000,0.000,0.000,0
2026-01-31 12:46:04,4440174,4215.000,6794.000,895.000,1199.000,1164.000,-103.000,0.000,0.000,0
2026-01-31 12:46:04,4440214,4041.000,6004.000,617.000,1083.000,739.000,158.000,0.000,0.000,0
2026-01-31 12:46:04,4440254,4577.000,6794.000,1387.000,2808.000,763.000,252.000,0.000,0.000,0
2026-01-31 12:46:04,4440294,4567.000,7442.000,886.000,1940.000,1083.000,481.000,0.000,0.000,0
2026-01-31 12:46:04,4440334,4603.000,7161.000,1039.000,880.000,1188.000,620.000,0.000,0.000,0
2026-01-31 12:46:04,4440374,4983.000,5625.000,750.000,414.000,1171.000,633.000,0.000,0.000,0
2026-01-31 12:46:05,4440416,4829.000,5400.000,833.000,1680.000,1464.000,633.000,0.000,0.000,0
2026-01-31 12:46:05,4440454,5025.000,5778.000,807.000,2943.000,1607.000,814.000,0.000,0.000,0
2026-01-31 12:46:05,4440494,5364.000,6214.000,861.000,3082.000,1584.000,952.000,0.000,0.000,0
2026-01-31 12:46:05,4440534,5659.000,6423.000,1141.000,2154.000,1563.000,701.000,0.000,0.000,0
2026-01-31 12:46:05,4440574,5749.000,5721.000,1369.000,831.000,1619.000,363.000,0.000,0.000,0
2026-01-31 12:46:05,4440614,5568.000,5525.000,1406.000,2027.000,2139.000,289.000,0.000,0.000,0
2026-01-31 12:46:05,4440654,5248.000,5827.000,1239.000,3572.000,2712.000,260.000,0.000,0.000,0
2026-01-31 12:46:05,4440694,5316.000,6238.000,1212.000,3778.000,2763.000,295.000,0.000,0.000,0
2026-01-31 12:46:05,4440734,5312.000,6136.000,924.000,3819.000,2647.000,281.000,0.000,0.000,0
2026-01-31 12:46:05,4440774,5046.000,5984.000,617.000,3929.000,2338.000,176.000,0.000,0.000,0
2026-01-31 12:46:05,4440814,4645.000,5966.000,197.000,4489.000,2053.000,237.000,0.000,0.000,0
2026-01-31 12:46:05,4440854,4346.000,6777.000,-118.000,4964.000,2085.000,171.000,0.000,0.000,0
2026-01-31 12:46:05,4440894,4361.000,7015.000,-160.000,3954.000,1690.000,191.000,0.000,0.000,0
2026-01-31 12:46:05,4440934,4368.000,6598.000,-465.000,2920.000,1285.000,290.000,0.000,0.000,0
2026-01-31 12:46:05,4440974,4542.000,6580.000,-771.000,2526.000,816.000,443.000,0.000,0.000,0
2026-01-31 12:46:05,4441014,4400.000,6638.000,-1097.000,2148.000,340.000,568.000,0.000,0.000,0
2026-01-31 12:46:05,4441054,4430.000,6666.000,-1046.000,1001.000,-107.000,581.000,0.000,0.000,0
2026-01-31 12:46:05,4441094,4455.000,6236.000,-1026.000,70.000,-390.000,528.000,0.000,0.000,0
2026-01-31 12:46:05,4441134,4706.000,6129.000,-950.000,-99.000,-651.000,613.000,0.000,0.000,0
2026-01-31 12:46:05,4441174,5129.000,6016.000,-957.000,-95.000,-716.000,499.000,0.000,0.000,0
2026-01-31 12:46:05,4441214,5423.000,6305.000,-1071.000,-39.000,-724.000,433.000,0.000,0.000,0
2026-01-31 12:46:05,4441254,5634.000,6317.000,-1030.000,-395.000,-642.000,356.000,0.000,0.000,0
2026-01-31 12:46:05,4441294,5596.000,5927.000,-1007.000,-834.000,-455.000,80.000,0.000,0.000,0
2026-01-31 12:46:05,4441334,5457.000,5557.000,-958.000,-967.000,-299.000,-173.000,0.000,0.000,0
2026-01-31 12:46:05,4441374,5233.000,5544.000,-898.000,-597.000,-66.000,-262.000,0.000,0.000,0
2026-01-31 12:46:06,4441414,5346.000,5703.000,-717.000,-271.000,22.000,-100.000,0.000,0.000,0
2026-01-31 12:46:06,4441454,5739.000,6256.000,-922.000,224.000,211.000,92.000,0.000,0.000,0
2026-01-31 12:46:06,4441494,5674.000,6123.000,-1113.000,143.000,373.000,-31.000,0.000,0.000,0
2026-01-31 12:46:06,4441534,5173.000,5717.000,-840.000,-184.000,461.000,-366.000,0.000,0.000,0
2026-01-31 12:46:06,4441574,4622.000,5439.000,-846.000,331.000,396.000,-300.000,0.000,0.000,0
2026-01-31 12:46:06,4441614,5092.000,6414.000,-937.000,1034.000,331.000,105.000,0.000,0.000,0
2026-01-31 12:46:06,4441654,5173.000,6400.000,-869.000,385.000,363.000,9.000,0.000,0.000,0
2026-01-31 12:46:06,4441694,5036.000,5999.000,-784.000,276.000,205.000,-133.000,0.000,0.000,0
2026-01-31 12:46:06,4441734,4883.000,6200.000,-859.000,361.000,15.000,-77.000,0.000,0.000,0
2026-01-31 12:46:06,4441774,4889.000,6159.000,-842.000,256.000,-65.000,28.000,0.000,0.000,0
2026-01-31 12:46:06,4441814,4975.000,6045.000,-748.000,265.000,-156.000,112.000,0.000,0.000,0
2026-01-31 12:46:06,4441854,5127.000,6057.000,-763.000,324.000,-226.000,164.000,0.000,0.000,0
2026-01-31 12:46:06,4441894,5211.000,6165.000,-813.000,365.000,-234.000,154.000,0.000,0.000,0
2026-01-31 12:46:06,4441934,5312.000,6216.000,-927.000,342.000,-155.000,125.000,0.000,0.000,0
2026-01-31 12:46:06,4441974,5150.000,6068.000,-932.000,168.000,62.000,-65.000,0.000,0.000,0
2026-01-31 12:46:06,4442014,4988.000,5983.000,-1076.000,308.000,124.000,-169.000,0.000,0.000,0
2026-01-31 12:46:06,4442054,4852.000,6046.000,-1170.000,402.000,93.000,-125.000,0.000,0.000,0
2026-01-31 12:46:06,4442094,4967.000,6156.000,-1264.000,462.000,-13.000,33.000,0.000,0.000,0
2026-01-31 12:46:06,4442134,5035.000,6139.000,-1381.000,234.000,-112.000,140.000,0.000,0.000,0
2026-01-31 12:46:06,4442176,5010.000,6074.000,-1376.000,-103.000,-162.000,79.000,0.000,0.000,0
2026-01-31 12:46:06,4442215,5029.000,5866.000,-1316.000,-209.000,-211.000,94.000,0.000,0.000,0
2026-01-31 12:46:06,4442254,5083.000,6045.000,-1265.000,-206.000,-209.000,165.000,0.000,0.000,0
2026-01-31 12:46:06,4442294,5196.000,5926.000,-1204.000,-379.000,-158.000,155.000,0.000,0.000,0
2026-01-31 12:46:06,4442334,5213.000,5994.000,-1238.000,-136.000,-43.000,48.000,0.000,0.000,0
2026-01-31 12:46:06,4442374,5255.000,5937.000,-1130.000,-203.000,-23.000,67.000,0.000,0.000,0
2026-01-31 12:46:07,4442416,5335.000,6035.000,-1164.000,-105.000,25.000,86.000,0.000,0.000,0
2026-01-31 12:46:07,4442454,5264.000,5982.000,-1112.000,-242.000,64.000,10.000,0.000,0.000,0
2026-01-31 12:46:07,4442494,5189.000,5742.000,-1057.000,-271.000,91.000,-35.000,0.000,0.000,0
2026-01-31 12:46:07,4442534,5229.000,5877.000,-1068.000,-58.000,104.000,20.000,0.000,0.000,0
2026-01-31 12:46:07,4442574,5297.000,5976.000,-1045.000,-100.000,161.000,13.000,0.000,0.000,0
2026-01-31 12:46:07,4442614,5176.000,5912.000,-860.000,-335.000,230.000,-123.000,0.000,0.000,0
2026-01-31 12:46:07,4442654,5140.000,5817.000,-785.000,-274.000,245.000,-171.000,0.000,0.000,0
2026-01-31 12:46:07,4442694,5120.000,6345.000,-915.000,301.000,281.000,-74.000,0.000,0.000,0
2026-01-31 12:46:07,4442734,4904.000,5758.000,-853.000,-392.000,151.000,-185.000,0.000,0.000,0
2026-01-31 12:46:07,4442774,4892.000,5907.000,-867.000,-137.000,-16.000,-82.000,0.000,0.000,0
2026-01-31 12:46:07,4442814,5095.000,6217.000,-966.000,1.000,-51.000,140.000,0.000,0.000,0
2026-01-31 12:46:07,4442854,5149.000,6089.000,-879.000,-203.000,-9.000,118.000,0.000,0.000,0
2026-01-31 12:46:07,4442894,5008.000,6056.000,-949.000,-106.000,41.000,-77.000,0.000,0.000,0
2026-01-31 12:46:07,4442934,4793.000,6124.000,-1052.000,75.000,12.000,-44.000,0.000,0.000,0
2026-01-31 12:46:07,4442974,4798.000,6173.000,-977.000,-23.000,-113.000,89.000,0.000,0.000,0
2026-01-31 12:46:07,4443014,4947.000,6159.000,-1060.000,-34.000,-246.000,139.000,0.000,0.000,0
2026-01-31 12:46:07,4443054,4981.000,6257.000,-1133.000,-96.000,-270.000,78.000,0.000,0.000,0
2026-01-31 12:46:07,4443094,4868.000,6159.000,-1094.000,-193.000,-274.000,30.000,0.000,0.000,0
2026-01-31 12:46:07,4443134,4873.000,6059.000,-1090.000,-260.000,-347.000,50.000,0.000,0.000,0
2026-01-31 12:46:07,4443174,4962.000,6133.000,-1090.000,-300.000,-391.000,110.000,0.000,0.000,0
2026-01-31 12:46:07,4443214,5086.000,6049.000,-1086.000,-380.000,-388.000,123.000,0.000,0.000,0
2026-01-31 12:46:07,4443254,5135.000,6052.000,-1022.000,-376.000,-333.000,80.000,0.000,0.000,0
2026-01-31 12:46:07,4443294,5149.000,6116.000,-1090.000,-291.000,-242.000,36.000,0.000,0.000,0
2026-01-31 12:46:07,4443334,5087.000,5982.000,-999.000,-476.000,-198.000,-3.000,0.000,0.000,0
2026-01-31 12:46:07,4443374,5075.000,5946.000,-958.000,-394.000,-190.000,19.000,0.000,0.000,0
2026-01-31 12:46:08,4443414,5069.000,5850.000,-915.000,-390.000,-178.000,31.000,0.000,0.000,0
2026-01-31 12:46:08,4443454,5205.000,5965.000,-917.000,-225.000,-198.000,72.000,0.000,0.000,0
2026-01-31 12:46:08,4443494,5311.000,6007.000,-833.000,-334.000,-140.000,66.000,0.000,0.000,0
2026-01-31 12:46:08,4443534,5150.000,5735.000,-795.000,-369.000,-59.000,-44.000,0.000,0.000,0
2026-01-31 12:46:08,4443574,5143.000,5620.000,-798.000,-135.000,-42.000,-6.000,0.000,0.000,0
2026-01-31 12:46:08,4443614,5227.000,5974.000,-777.000,108.000,17.000,86.000,0.000,0.000,0
2026-01-31 12:46:08,4443654,5312.000,6009.000,-826.000,123.000,75.000,66.000,0.000,0.000,0
2026-01-31 12:46:08,4443694,5302.000,6007.000,-890.000,108.000,75.000,18.000,0.000,0.000,0
2026-01-31 12:46:08,4443734,5170.000,5844.000,-843.000,-13.000,82.000,-14.000,0.000,0.000,0
2026-01-31 12:46:08,4443774,5125.000,5703.000,-811.000,106.000,110.000,-6.000,0.000,0.000,0
2026-01-31 12:46:08,4443814,5245.000,5993.000,-861.000,427.000,166.000,38.000,0.000,0.000,0
2026-01-31 12:46:08,4443854,5241.000,5955.000,-884.000,268.000,218.000,-40.000,0.000,0.000,0
2026-01-31 12:46:08,4443894,5226.000,6178.000,-963.000,466.000,189.000,-108.000,0.000,0.000,0
2026-01-31 12:46:08,4443934,5209.000,5917.000,-907.000,107.000,155.000,-85.000,0.000,0.000,0
2026-01-31 12:46:08,4443974,5326.000,5875.000,-884.000,236.000,138.000,-52.000,0.000,0.000,0
2026-01-31 12:46:08,4444014,5349.000,6045.000,-883.000,292.000,198.000,-71.000,0.000,0.000,0
2026-01-31 12:46:08,4444054,5227.000,5864.000,-852.000,167.000,220.000,-112.000,0.000,0.000,0
2026-01-31 12:46:08,4444094,5136.000,5748.000,-815.000,173.000,181.000,-98.000,0.000,0.000,0
2026-01-31 12:46:08,4444134,5175.000,5851.000,-832.000,234.000,145.000,-14.000,0.000,0.000,0
2026-01-31 12:46:08,4444176,5247.000,5818.000,-778.000,149.000,132.000,43.000,0.000,0.000,0
2026-01-31 12:46:08,4444214,5260.000,5852.000,-769.000,129.000,140.000,28.000,0.000,0.000,0
2026-01-31 12:46:08,4444254,5280.000,5987.000,-660.000,85.000,123.000,48.000,0.000,0.000,0
2026-01-31 12:46:08,4444294,5305.000,5837.000,-658.000,-159.000,118.000,52.000,0.000,0.000,0
2026-01-31 12:46:08,4444334,5356.000,5920.000,-600.000,-142.000,92.000,91.000,0.000,0.000,0
2026-01-31 12:46:08,4444374,5472.000,5832.000,-539.000,-258.000,52.000,149.000,0.000,0.000,0
2026-01-31 12:46:09,4444416,5509.000,5971.000,-508.000,-238.000,59.000,122.000,0.000,0.000,0
2026-01-31 12:46:09,4444454,5467.000,5776.000,-423.000,-433.000,89.000,59.000,0.000,0.000,0
2026-01-31 12:46:09,4444494,5417.000,5614.000,-435.000,-391.000,104.000,60.000,0.000,0.000,0
2026-01-31 12:46:09,4444534,5476.000,5677.000,-370.000,-245.000,86.000,123.000,0.000,0.000,0
2026-01-31 12:46:09,4444574,5568.000,5856.000,-355.000,-174.000,111.000,195.000,0.000,0.000,0
2026-01-31 12:46:09,4444614,5584.000,5921.000,-374.000,-185.000,147.000,150.000,0.000,0.000,0
2026-01-31 12:46:09,4444654,5386.000,5668.000,-397.000,-291.000,92.000,104.000,0.000,0.000,0
2026-01-31 12:46:09,4444694,5410.000,5715.000,-371.000,-291.000,-1.000,181.000,0.000,0.000,0
2026-01-31 12:46:09,4444734,5504.000,5605.000,-281.000,-310.000,-68.000,235.000,0.000,0.000,0
2026-01-31 12:46:09,4444774,5600.000,5806.000,-343.000,-119.000,-78.000,247.000,0.000,0.000,0
2026-01-31 12:46:09,4444814,5542.000,5826.000,-400.000,-190.000,-36.000,177.000,0.000,0.000,0
2026-01-31 12:46:09,4444854,5433.000,5726.000,-439.000,-177.000,-48.000,171.000,0.000,0.000,0
2026-01-31 12:46:09,4444894,5471.000,5874.000,-487.000,-4.000,-87.000,236.000,0.000,0.000,0
2026-01-31 12:46:09,4444934,5451.000,5851.000,-636.000,-32.000,-121.000,198.000,0.000,0.000,0
2026-01-31 12:46:09,4444974,5167.000,5680.000,-709.000,-68.000,-154.000,69.000,0.000,0.000,0
2026-01-31 12:46:09,4445014,4995.000,5764.000,-915.000,85.000,-263.000,51.000,0.000,0.000,0
2026-01-31 12:46:09,4445054,5093.000,5917.000,-1059.000,140.000,-578.000,258.000,0.000,0.000,0
2026-01-31 12:46:09,4445094,5240.000,6022.000,-1161.000,-13.000,-726.000,310.000,0.000,0.000,0
2026-01-31 12:46:09,4445134,5255.000,5782.000,-1191.000,-272.000,-790.000,194.000,0.000,0.000,0
2026-01-31 12:46:09,4445174,5306.000,5835.000,-1233.000,-173.000,-810.000,153.000,0.000,0.000,0
2026-01-31 12:46:09,4445214,5470.000,5842.000,-1238.000,-279.000,-786.000,229.000,0.000,0.000,0
2026-01-31 12:46:09,4445254,5430.000,5574.000,-1240.000,-411.000,-624.000,112.000,0.000,0.000,0
2026-01-31 12:46:09,4445294,5463.000,5444.000,-1203.000,-252.000,-520.000,-17.000,0.000,0.000,0
2026-01-31 12:46:09,4445334,5621.000,5636.000,-1208.000,21.000,-361.000,56.000,0.000,0.000,0
2026-01-31 12:46:09,4445374,5908.000,5837.000,-1305.000,74.000,-158.000,163.000,0.000,0.000,0
2026-01-31 12:46:10,4445414,6039.000,5701.000,-1271.000,-121.000,10.000,96.000,0.000,0.000,0
2026-01-31 12:46:10,4445454,5723.000,5274.000,-1139.000,-345.000,257.000,-229.000,0.000,0.000,0
2026-01-31 12:46:10,4445494,5403.000,4940.000,-1117.000,24.000,418.000,-317.000,0.000,0.000,0
2026-01-31 12:46:10,4445534,5283.000,5284.000,-1064.000,491.000,491.000,-190.000,0.000,0.000,0
2026-01-31 12:46:10,4445574,5567.000,5737.000,-1137.000,627.000,491.000,-42.000,0.000,0.000,0
2026-01-31 12:46:10,4445614,5636.000,5824.000,-1105.000,237.000,516.000,-141.000,0.000,0.000,0
2026-01-31 12:46:10,4445654,5636.000,5482.000,-990.000,-159.000,502.000,-305.000,0.000,0.000,0
2026-01-31 12:46:10,4445694,5451.000,5332.000,-748.000,-370.000,562.000,-402.000,0.000,0.000,0
2026-01-31 12:46:10,4445734,5633.000,5337.000,-485.000,-155.000,605.000,-380.000,0.000,0.000,0
2026-01-31 12:46:10,4445774,5785.000,6077.000,-558.000,659.000,674.000,-214.000,0.000,0.000,0
2026-01-31 12:46:10,4445814,5589.000,5531.000,-511.000,-119.000,527.000,-415.000,0.000,0.000,0
2026-01-31 12:46:10,4445854,5547.000,5632.000,-397.000,163.000,335.000,-295.000,0.000,0.000,0
2026-01-31 12:46:10,4445894,5656.000,5908.000,-260.000,129.000,299.000,-88.000,0.000,0.000,0
2026-01-31 12:46:10,4445934,5663.000,5618.000,-170.000,-89.000,360.000,-187.000,0.000,0.000,0
2026-01-31 12:46:10,4445974,5522.000,5662.000,-182.000,117.000,339.000,-293.000,0.000,0.000,0
2026-01-31 12:46:10,4446014,5447.000,5855.000,-283.000,104.000,268.000,-244.000,0.000,0.000,0
2026-01-31 12:46:10,4446054,5467.000,5762.000,-284.000,-147.000,178.000,-149.000,0.000,0.000,0
2026-01-31 12:46:10,4446094,5528.000,5679.000,-245.000,-256.000,83.000,-94.000,0.000,0.000,0
2026-01-31 12:46:10,4446134,5508.000,5583.000,-255.000,-240.000,16.000,-60.000,0.000,0.000,0
2026-01-31 12:46:10,4446176,5488.000,5804.000,-343.000,-67.000,-71.000,20.000,0.000,0.000,0
2026-01-31 12:46:10,4446216,5311.000,5591.000,-398.000,-365.000,-223.000,29.000,0.000,0.000,0
2026-01-31 12:46:10,4446254,5365.000,5500.000,-455.000,-295.000,-349.000,118.000,0.000,0.000,0
2026-01-31 12:46:10,4446294,5566.000,5828.000,-491.000,-92.000,-405.000,273.000,0.000,0.000,0
2026-01-31 12:46:10,4446334,5794.000,5987.000,-543.000,-199.000,-379.000,259.000,0.000,0.000,0
2026-01-31 12:46:10,4446374,5576.000,5876.000,-626.000,-369.000,-297.000,85.000,0.000,0.000,0
2026-01-31 12:46:11,4446417,5342.000,5475.000,-630.000,-485.000,-289.000,-17.000,0.000,0.000,0
2026-01-31 12:46:11,4446454,5299.000,5666.000,-605.000,-355.000,-338.000,103.000,0.000,0.000,0
2026-01-31 12:46:11,4446494,5540.000,5781.000,-655.000,-266.000,-407.000,251.000,0.000,0.000,0
2026-01-31 12:46:11,4446534,5671.000,6050.000,-762.000,-188.000,-412.000,212.000,0.000,0.000,0
2026-01-31 12:46:11,4446574,5355.000,5731.000,-795.000,-538.000,-405.000,50.000,0.000,0.000,0
2026-01-31 12:46:11,4446614,5224.000,5732.000,-705.000,-570.000,-459.000,45.000,0.000,0.000,0
2026-01-31 12:46:11,4446654,5361.000,5746.000,-743.000,-580.000,-513.000,150.000,0.000,0.000,0
2026-01-31 12:46:11,4446694,5488.000,5881.000,-754.000,-583.000,-498.000,134.000,0.000,0.000,0
2026-01-31 12:46:11,4446734,5417.000,6030.000,-855.000,-410.000,-393.000,68.000,0.000,0.000,0
2026-01-31 12:46:11,4446774,5125.000,5814.000,-921.000,-488.000,-392.000,-61.000,0.000,0.000,0
2026-01-31 12:46:11,4446814,5190.000,5859.000,-890.000,-481.000,-555.000,44.000,0.000,0.000,0
2026-01-31 12:46:11,4446854,5286.000,5965.000,-844.000,-593.000,-587.000,109.000,0.000,0.000,0
2026-01-31 12:46:11,4446894,5378.000,5816.000,-819.000,-540.000,-484.000,17.000,0.000,0.000,0
2026-01-31 12:46:11,4446934,5292.000,5888.000,-735.000,-392.000,-316.000,-114.000,0.000,0.000,0
2026-01-31 12:46:11,4446974,5075.000,5898.000,-725.000,-214.000,-188.000,-178.000,0.000,0.000,0
2026-01-31 12:46:11,4447014,5183.000,5996.000,-685.000,-122.000,-263.000,-93.000,0.000,0.000,0
2026-01-31 12:46:11,4447054,5142.000,5981.000,-489.000,-556.000,-172.000,-240.000,0.000,0.000,0
2026-01-31 12:46:11,4447094,5060.000,6165.000,-422.000,-105.000,-59.000,-580.000,0.000,0.000,0
2026-01-31 12:46:11,4447134,5107.000,6534.000,-133.000,-308.000,-133.000,-613.000,0.000,0.000,0
2026-01-31 12:46:11,4447174,5142.000,6327.000,-171.000,-534.000,-131.000,-523.000,0.000,0.000,0
2026-01-31 12:46:11,4447214,5100.000,6189.000,-186.000,-559.000,-207.000,-587.000,0.000,0.000,0
2026-01-31 12:46:11,4447254,4929.000,6138.000,-31.000,-607.000,-203.000,-697.000,0.000,0.000,0
2026-01-31 12:46:11,4447294,4979.000,5826.000,23.000,-793.000,-158.000,-631.000,0.000,0.000,0
2026-01-31 12:46:11,4447334,5110.000,5422.000,122.000,-474.000,-153.000,-466.000,0.000,0.000,0
2026-01-31 12:46:11,4447374,5154.000,6018.000,124.000,435.000,-70.000,-328.000,0.000,0.000,0
2026-01-31 12:46:12,4447414,5413.000,6049.000,-29.000,490.000,-109.000,-237.000,0.000,0.000,0
2026-01-31 12:46:12,4447454,5983.000,6333.000,150.000,193.000,-126.000,12.000,0.000,0.000,0
2026-01-31 12:46:12,4447494,6139.000,5916.000,154.000,-37.000,169.000,28.000,0.000,0.000,0
2026-01-31 12:46:12,4447534,5727.000,5469.000,14.000,342.000,498.000,-167.000,0.000,0.000,0
2026-01-31 12:46:12,4447574,5429.000,5293.000,-52.000,593.000,541.000,101.000,0.000,0.000,0
2026-01-31 12:46:12,4447614,5655.000,5246.000,-169.000,681.000,377.000,584.000,0.000,0.000,0
2026-01-31 12:46:12,4447654,6142.000,6139.000,-247.000,1427.000,261.000,967.000,0.000,0.000,0
2026-01-31 12:46:12,4447694,6062.000,5885.000,-258.000,807.000,337.000,985.000,0.000,0.000,0
2026-01-31 12:46:12,4447734,5492.000,5750.000,-362.000,864.000,463.000,779.000,0.000,0.000,0
2026-01-31 12:46:12,4447774,5201.000,5685.000,-251.000,531.000,428.000,696.000,0.000,0.000,0
2026-01-31 12:46:12,4447814,5260.000,5651.000,-316.000,203.000,216.000,770.000,0.000,0.000,0
2026-01-31 12:46:12,4447854,5443.000,5591.000,-352.000,-14.000,-13.000,814.000,0.000,0.000,0
2026-01-31 12:46:12,4447894,5578.000,5589.000,-433.000,83.000,-160.000,740.000,0.000,0.000,0
2026-01-31 12:46:12,4447934,5858.000,6162.000,-419.000,41.000,-275.000,643.000,0.000,0.000,0
2026-01-31 12:46:12,4447974,5889.000,6174.000,-335.000,-598.000,-239.000,342.000,0.000,0.000,0
2026-01-31 12:46:12,4448014,5474.000,5446.000,-238.000,-1033.000,-168.000,-66.000,0.000,0.000,0
2026-01-31 12:46:12,4448054,4910.000,4815.000,-335.000,-805.000,-167.000,-240.000,0.000,0.000,0
2026-01-31 12:46:12,4448094,5076.000,4902.000,-251.000,-498.000,-424.000,29.000,0.000,0.000,0
2026-01-31 12:46:12,4448134,6274.000,6561.000,257.000,-387.000,-634.000,386.000,0.000,0.000,0
2026-01-31 12:46:12,4448174,6344.000,7162.000,602.000,-1235.000,89.000,-14.000,0.000,0.000,0
2026-01-31 12:46:12,4448214,5395.000,5684.000,285.000,-2141.000,353.000,-1025.000,0.000,0.000,0
2026-01-31 12:46:12,4448254,4893.000,4980.000,-10.000,-1404.000,214.000,-861.000,0.000,0.000,0
2026-01-31 12:46:12,4448294,5012.000,5525.000,-52.000,-731.000,-86.000,12.000,0.000,0.000,0
2026-01-31 12:46:12,4448334,5770.000,5236.000,187.000,-785.000,-375.000,525.000,0.000,0.000,0
2026-01-31 12:46:12,4448374,5906.000,5400.000,44.000,-284.000,-249.000,446.000,0.000,0.000,0
2026-01-31 12:46:13,4448414,5896.000,5734.000,25.000,-169.000,-2.000,232.000,0.000,0.000,0
2026-01-31 12:46:13,4448454,5648.000,6051.000,-60.000,-109.000,163.000,135.000,0.000,0.000,0
2026-01-31 12:46:13,4448494,5492.000,5791.000,39.000,-574.000,84.000,148.000,0.000,0.000,0
2026-01-31 12:46:13,4448534,5525.000,5332.000,33.000,-191.000,-79.000,327.000,0.000,0.000,0
2026-01-31 12:46:13,4448574,5610.000,5712.000,-146.000,433.000,-126.000,373.000,0.000,0.000,0
2026-01-31 12:46:13,4448614,5528.000,5742.000,-206.000,239.000,-209.000,332.000,0.000,0.000,0
2026-01-31 12:46:13,4448654,5424.000,5449.000,-214.000,68.000,-299.000,271.000,0.000,0.000,0
2026-01-31 12:46:13,4448694,5540.000,5273.000,-151.000,225.000,-396.000,302.000,0.000,0.000,0
2026-01-31 12:46:13,4448734,5805.000,5595.000,-102.000,592.000,-353.000,342.000,0.000,0.000,0
2026-01-31 12:46:13,4448774,6009.000,5681.000,-162.000,651.000,-234.000,240.000,0.000,0.000,0
2026-01-31 12:46:13,4448814,5870.000,5499.000,-144.000,544.000,-133.000,-15.000,0.000,0.000,0
2026-01-31 12:46:13,4448854,5658.000,5210.000,-98.000,497.000,-122.000,-147.000,0.000,0.000,0
2026-01-31 12:46:13,4448894,6012.000,5456.000,-68.000,651.000,-149.000,62.000,0.000,0.000,0
2026-01-31 12:46:13,4448934,6271.000,5503.000,4.000,545.000,-35.000,72.000,0.000,0.000,0
2026-01-31 12:46:13,4448974,6426.000,5268.000,20.000,294.000,35.000,33.000,0.000,0.000,0
2026-01-31 12:46:13,4449014,6497.000,5402.000,245.000,224.000,161.000,44.000,0.000,0.000,0
2026-01-31 12:46:13,4449054,6300.000,5169.000,469.000,60.000,342.000,-94.000,0.000,0.000,0
2026-01-31 12:46:13,4449094,6062.000,5020.000,376.000,483.000,551.000,-216.000,0.000,0.000,0
2026-01-31 12:46:13,4449134,5776.000,5235.000,344.000,730.000,648.000,-219.000,0.000,0.000,0
2026-01-31 12:46:13,4449174,5902.000,5528.000,550.000,905.000,487.000,-68.000,0.000,0.000,0
2026-01-31 12:46:13,4449214,6225.000,6493.000,496.000,943.000,408.000,78.000,0.000,0.000,0
2026-01-31 12:46:13,4449254,6009.000,5691.000,305.000,-142.000,513.000,-239.000,0.000,0.000,0
2026-01-31 12:46:13,4449294,5538.000,5070.000,346.000,-351.000,541.000,-431.000,0.000,0.000,0
2026-01-31 12:46:13,4449334,5636.000,5454.000,465.000,257.000,242.000,117.000,0.000,0.000,0
2026-01-31 12:46:13,4449374,5838.000,5656.000,390.000,232.000,157.000,174.000,0.000,0.000,0
2026-01-31 12:46:14,4449414,5875.000,5702.000,319.000,226.000,139.000,70.000,0.000,0.000,0
2026-01-31 12:46:14,4449454,5763.000,5956.000,255.000,93.000,82.000,38.000,0.000,0.000,0
2026-01-31 12:46:14,4449494,5682.000,5774.000,354.000,-332.000,-15.000,15.000,0.000,0.000,0
2026-01-31 12:46:14,4449534,5682.000,5669.000,358.000,-446.000,-133.000,81.000,0.000,0.000,0
2026-01-31 12:46:14,4449574,5881.000,5474.000,422.000,-605.000,-249.000,202.000,0.000,0.000,0
2026-01-31 12:46:14,4449614,6094.000,5462.000,411.000,-401.000,-251.000,262.000,0.000,0.000,0
2026-01-31 12:46:14,4449654,5943.000,5716.000,230.000,-243.000,-117.000,151.000,0.000,0.000,0
2026-01-31 12:46:14,4449694,5537.000,5659.000,59.000,-83.000,-76.000,-15.000,0.000,0.000,0
2026-01-31 12:46:14,4449734,5445.000,5636.000,149.000,-314.000,-311.000,99.000,0.000,0.000,0
2026-01-31 12:46:14,4449774,5517.000,5672.000,138.000,-514.000,-518.000,191.000,0.000,0.000,0
2026-01-31 12:46:14,4449814,5645.000,5672.000,1.000,-648.000,-556.000,138.000,0.000,0.000,0
2026-01-31 12:46:14,4449854,5761.000,5675.000,-105.000,-607.000,-511.000,103.000,0.000,0.000,0
2026-01-31 12:46:14,4449894,5786.000,5587.000,-115.000,-612.000,-511.000,119.000,0.000,0.000,0
2026-01-31 12:46:14,4449934,5595.000,5478.000,-243.000,-487.000,-527.000,85.000,0.000,0.000,0
2026-01-31 12:46:14,4449974,5409.000,5327.000,-428.000,-341.000,-583.000,-4.000,0.000,0.000,0
2026-01-31 12:46:14,4450014,5475.000,5525.000,-472.000,-108.000,-699.000,76.000,0.000,0.000,0
2026-01-31 12:46:14,4450054,5785.000,5867.000,-472.000,-68.000,-802.000,244.000,0.000,0.000,0
2026-01-31 12:46:14,4450094,5878.000,5659.000,-568.000,-330.000,-841.000,107.000,0.000,0.000,0
2026-01-31 12:46:14,4450134,5864.000,5686.000,-707.000,-168.000,-773.000,41.000,0.000,0.000,0
2026-01-31 12:46:14,4450174,5657.000,5487.000,-732.000,-75.000,-673.000,-48.000,0.000,0.000,0
2026-01-31 12:46:14,4450214,5523.000,5526.000,-661.000,-26.000,-711.000,-87.000,0.000,0.000,0
2026-01-31 12:46:14,4450254,5546.000,5535.000,-624.000,-66.000,-750.000,-109.000,0.000,0.000,0
2026-01-31 12:46:14,4450294,5547.000,5633.000,-749.000,60.000,-707.000,-159.000,0.000,0.000,0
2026-01-31 12:46:14,4450334,5655.000,5915.000,-836.000,139.000,-731.000,-78.000,0.000,0.000,0
2026-01-31 12:46:14,4450374,5836.000,6084.000,-793.000,-271.000,-744.000,-57.000,0.000,0.000,0
2026-01-31 12:46:15,4450417,5748.000,5786.000,-823.000,-722.000,-643.000,-250.000,0.000,0.000,0
2026-01-31 12:46:15,4450455,5536.000,5556.000,-760.000,-753.000,-590.000,-339.000,0.000,0.000,0
2026-01-31 12:46:15,4450494,5452.000,5540.000,-658.000,-658.000,-531.000,-276.000,0.000,0.000,0
2026-01-31 12:46:15,4450534,5548.000,5605.000,-498.000,-739.000,-527.000,-222.000,0.000,0.000,0
2026-01-31 12:46:15,4450574,5982.000,6089.000,-459.000,-433.000,-427.000,-126.000,0.000,0.000,0
2026-01-31 12:46:15,4450614,5804.000,6226.000,-562.000,-586.000,-203.000,-302.000,0.000,0.000,0
2026-01-31 12:46:15,4450654,5408.000,5470.000,-428.000,-1023.000,-224.000,-548.000,0.000,0.000,0
2026-01-31 12:46:15,4450694,5365.000,5344.000,-471.000,-814.000,-398.000,-378.000,0.000,0.000,0
2026-01-31 12:46:15,4450734,5698.000,5585.000,-329.000,-692.000,-486.000,-79.000,0.000,0.000,0
2026-01-31 12:46:15,4450774,5950.000,5502.000,-67.000,-760.000,-391.000,-37.000,0.000,0.000,0
2026-01-31 12:46:15,4450814,5924.000,5905.000,66.000,-143.000,-58.000,-193.000,0.000,0.000,0
2026-01-31 12:46:15,4450854,5762.000,5803.000,-102.000,-69.000,80.000,-258.000,0.000,0.000,0
2026-01-31 12:46:15,4450894,5708.000,5550.000,-188.000,-63.000,-7.000,-199.000,0.000,0.000,0
2026-01-31 12:46:15,4450934,5694.000,5503.000,-63.000,-230.000,-84.000,-114.000,0.000,0.000,0
2026-01-31 12:46:15,4450974,5822.000,5281.000,-93.000,-254.000,-136.000,5.000,0.000,0.000,0
2026-01-31 12:46:15,4451014,6108.000,5397.000,-142.000,119.000,-72.000,183.000,0.000,0.000,0
2026-01-31 12:46:15,4451054,6112.000,5372.000,-148.000,299.000,167.000,163.000,0.000,0.000,0
2026-01-31 12:46:15,4451094,5850.000,5484.000,-128.000,559.000,392.000,50.000,0.000,0.000,0
2026-01-31 12:46:15,4451134,5647.000,5600.000,-129.000,616.000,490.000,71.000,0.000,0.000,0
2026-01-31 12:46:15,4451174,5757.000,5731.000,-198.000,607.000,425.000,167.000,0.000,0.000,0
2026-01-31 12:46:15,4451214,5754.000,5840.000,-302.000,461.000,425.000,67.000,0.000,0.000,0
2026-01-31 12:46:15,4451254,5547.000,5687.000,-333.000,255.000,431.000,-25.000,0.000,0.000,0
2026-01-31 12:46:15,4451294,5536.000,5736.000,-385.000,301.000,368.000,14.000,0.000,0.000,0
2026-01-31 12:46:15,4451334,5535.000,5853.000,-344.000,235.000,335.000,11.000,0.000,0.000,0
2026-01-31 12:46:15,4451374,5528.000,5720.000,-362.000,185.000,282.000,-32.000,0.000,0.000,0
2026-01-31 12:46:16,4451414,5440.000,5936.000,-485.000,289.000,239.000,-56.000,0.000,0.000,0
2026-01-31 12:46:16,4451454,5388.000,5837.000,-423.000,-31.000,148.000,-79.000,0.000,0.000,0
2026-01-31 12:46:16,4451494,5399.000,5849.000,-390.000,-24.000,67.000,-68.000,0.000,0.000,0
2026-01-31 12:46:16,4451534,5409.000,5991.000,-366.000,-95.000,21.000,-45.000,0.000,0.000,0
2026-01-31 12:46:16,4451574,5332.000,5740.000,-374.000,-282.000,-25.000,-55.000,0.000,0.000,0
2026-01-31 12:46:16,4451614,5450.000,5961.000,-399.000,-183.000,-134.000,28.000,0.000,0.000,0
2026-01-31 12:46:16,4451654,5561.000,5978.000,-266.000,-386.000,-163.000,86.000,0.000,0.000,0
2026-01-31 12:46:16,4451694,5571.000,5990.000,-252.000,-355.000,-148.000,54.000,0.000,0.000,0
2026-01-31 12:46:16,4451734,5445.000,5994.000,-182.000,-456.000,-145.000,9.000,0.000,0.000,0
2026-01-31 12:46:16,4451774,5346.000,5860.000,-143.000,-503.000,-154.000,28.000,0.000,0.000,0
2026-01-31 12:46:16,4451814,5431.000,5944.000,-178.000,-395.000,-228.000,69.000,0.000,0.000,0
2026-01-31 12:46:16,4451854,5504.000,5885.000,-201.000,-490.000,-272.000,92.000,0.000,0.000,0
2026-01-31 12:46:16,4451894,5588.000,5821.000,-180.000,-470.000,-284.000,116.000,0.000,0.000,0
2026-01-31 12:46:16,4451934,5536.000,5797.000,-140.000,-392.000,-241.000,74.000,0.000,0.000,0
2026-01-31 12:46:16,4451974,5453.000,5772.000,-157.000,-239.000,-193.000,50.000,0.000,0.000,0
2026-01-31 12:46:16,4452014,5454.000,5757.000,-160.000,-151.000,-176.000,56.000,0.000,0.000,0
2026-01-31 12:46:16,4452054,5529.000,5797.000,-273.000,-16.000,-176.000,78.000,0.000,0.000,0
2026-01-31 12:46:16,4452094,5587.000,5808.000,-300.000,6.000,-171.000,80.000,0.000,0.000,0
2026-01-31 12:46:16,4452134,5560.000,5663.000,-334.000,13.000,-151.000,60.000,0.000,0.000,0
2026-01-31 12:46:16,4452176,5475.000,5475.000,-314.000,24.000,-132.000,33.000,0.000,0.000,0
2026-01-31 12:46:16,4452216,5529.000,5461.000,-347.000,273.000,-91.000,76.000,0.000,0.000,0
2026-01-31 12:46:16,4452254,5629.000,5618.000,-337.000,454.000,4.000,70.000,0.000,0.000,0
2026-01-31 12:46:16,4452294,5611.000,5630.000,-308.000,455.000,93.000,-13.000,0.000,0.000,0
2026-01-31 12:46:16,4452334,5757.000,5770.000,-364.000,602.000,124.000,5.000,0.000,0.000,0
2026-01-31 12:46:16,4452374,5795.000,5724.000,-328.000,497.000,222.000,-26.000,0.000,0.000,0
2026-01-31 12:46:17,4452415,5733.000,5597.000,-325.000,413.000,223.000,-66.000,0.000,0.000,0
2026-01-31 12:46:17,4452454,5729.000,5736.000,-318.000,422.000,208.000,-13.000,0.000,0.000,0
2026-01-31 12:46:17,4452494,5852.000,5700.000,-259.000,298.000,196.000,31.000,0.000,0.000,0
2026-01-31 12:46:17,4452534,6000.000,5749.000,-297.000,273.000,202.000,46.000,0.000,0.000,0
2026-01-31 12:46:17,4452574,5978.000,5588.000,-209.000,101.000,260.000,-5.000,0.000,0.000,0
2026-01-31 12:46:17,4452614,5853.000,5588.000,-109.000,215.000,324.000,-21.000,0.000,0.000,0
2026-01-31 12:46:17,4452654,5897.000,5810.000,-68.000,238.000,327.000,21.000,0.000,0.000,0
2026-01-31 12:46:17,4452694,5829.000,5685.000,-95.000,82.000,348.000,-13.000,0.000,0.000,0
2026-01-31 12:46:17,4452734,5761.000,5619.000,-33.000,-6.000,326.000,-55.000,0.000,0.000,0
2026-01-31 12:46:17,4452774,5747.000,5669.000,-65.000,-62.000,246.000,-4.000,0.000,0.000,0
2026-01-31 12:46:17,4452814,5703.000,5419.000,-41.000,-190.000,200.000,-27.000,0.000,0.000,0
2026-01-31 12:46:17,4452854,5611.000,5460.000,30.000,-58.000,152.000,6.000,0.000,0.000,0
2026-01-31 12:46:17,4452894,5609.000,5692.000,5.000,85.000,81.000,68.000,0.000,0.000,0
2026-01-31 12:46:17,4452934,5564.000,5720.000,-20.000,-62.000,60.000,16.000,0.000,0.000,0
2026-01-31 12:46:17,4452974,5582.000,5636.000,-93.000,-115.000,-31.000,25.000,0.000,0.000,0
2026-01-31 12:46:17,4453014,5608.000,5730.000,-71.000,-177.000,-123.000,85.000,0.000,0.000,0
2026-01-31 12:46:17,4453054,5631.000,5710.000,-81.000,-232.000,-173.000,82.000,0.000,0.000,0
2026-01-31 12:46:17,4453094,5610.000,5776.000,-100.000,-238.000,-197.000,52.000,0.000,0.000,0
2026-01-31 12:46:17,4453134,5615.000,5803.000,-134.000,-271.000,-219.000,40.000,0.000,0.000,0
2026-01-31 12:46:17,4453174,5737.000,5916.000,-179.000,-304.000,-251.000,37.000,0.000,0.000,0
2026-01-31 12:46:17,4453214,5690.000,5789.000,-149.000,-446.000,-242.000,-3.000,0.000,0.000,0
2026-01-31 12:46:17,4453254,5633.000,5753.000,-159.000,-378.000,-221.000,-10.000,0.000,0.000,0
2026-01-31 12:46:17,4453294,5621.000,5866.000,-190.000,-339.000,-195.000,2.000,0.000,0.000,0
2026-01-31 12:46:17,4453334,5596.000,5816.000,-199.000,-384.000,-177.000,-4.000,0.000,0.000,0
2026-01-31 12:46:17,4453374,5558.000,5699.000,-255.000,-354.000,-196.000,-39.000,0.000,0.000,0
2026-01-31 12:46:18,4453414,5530.000,5791.000,-288.000,-287.000,-219.000,-4.000,0.000,0.000,0
2026-01-31 12:46:18,4453454,5524.000,5659.000,-287.000,-385.000,-238.000,12.000,0.000,0.000,0
2026-01-31 12:46:18,4453494,5529.000,5632.000,-243.000,-263.000,-217.000,5.000,0.000,0.000,0
2026-01-31 12:46:18,4453534,5519.000,5794.000,-282.000,-126.000,-141.000,-7.000,0.000,0.000,0
2026-01-31 12:46:18,4453574,5464.000,5777.000,-325.000,-132.000,-116.000,-34.000,0.000,0.000,0
2026-01-31 12:46:18,4453614,5475.000,5642.000,-305.000,-193.000,-141.000,-50.000,0.000,0.000,0
2026-01-31 12:46:18,4453654,5571.000,5664.000,-335.000,-59.000,-147.000,-10.000,0.000,0.000,0
2026-01-31 12:46:18,4453694,5659.000,5666.000,-288.000,3.000,-108.000,5.000,0.000,0.000,0
2026-01-31 12:46:18,4453734,5677.000,5792.000,-264.000,154.000,-20.000,-36.000,0.000,0.000,0
2026-01-31 12:46:18,4453774,5659.000,5868.000,-267.000,148.000,67.000,-91.000,0.000,0.000,0
2026-01-31 12:46:18,4453814,5644.000,5815.000,-254.000,101.000,118.000,-132.000,0.000,0.000,0
2026-01-31 12:46:18,4453854,5668.000,5786.000,-258.000,164.000,132.000,-139.000,0.000,0.000,0
2026-01-31 12:46:18,4453894,5685.000,5893.000,-275.000,232.000,168.000,-154.000,0.000,0.000,0
2026-01-31 12:46:18,4453934,5639.000,5681.000,-175.000,158.000,207.000,-196.000,0.000,0.000,0
2026-01-31 12:46:18,4453974,5616.000,5916.000,-195.000,431.000,260.000,-188.000,0.000,0.000,0
2026-01-31 12:46:18,4454014,5547.000,5890.000,-194.000,287.000,283.000,-226.000,0.000,0.000,0
2026-01-31 12:46:18,4454054,5529.000,5654.000,-207.000,266.000,244.000,-221.000,0.000,0.000,0
2026-01-31 12:46:18,4454094,5543.000,5785.000,-257.000,363.000,208.000,-155.000,0.000,0.000,0
2026-01-31 12:46:18,4454134,5544.000,5638.000,-223.000,272.000,181.000,-115.000,0.000,0.000,0
2026-01-31 12:46:18,4454174,5538.000,5681.000,-145.000,351.000,186.000,-77.000,0.000,0.000,0
2026-01-31 12:46:18,4454214,5547.000,5807.000,-187.000,470.000,199.000,-57.000,0.000,0.000,0
2026-01-31 12:46:18,4454254,5444.000,5816.000,-194.000,414.000,185.000,-64.000,0.000,0.000,0
2026-01-31 12:46:18,4454294,5450.000,5665.000,-241.000,306.000,108.000,-32.000,0.000,0.000,0
2026-01-31 12:46:18,4454334,5543.000,5760.000,-232.000,292.000,34.000,69.000,0.000,0.000,0
2026-01-31 12:46:18,4454374,5605.000,5681.000,-209.000,170.000,11.000,76.000,0.000,0.000,0
2026-01-31 12:46:19,4454417,5690.000,5798.000,-209.000,227.000,9.000,102.000,0.000,0.000,0
2026-01-31 12:46:19,4454454,5748.000,5879.000,-215.000,144.000,60.000,72.000,0.000,0.000,0
2026-01-31 12:46:19,4454494,5764.000,5845.000,-220.000,107.000,94.000,23.000,0.000,0.000,0
2026-01-31 12:46:19,4454534,5673.000,5880.000,-266.000,90.000,66.000,30.000,0.000,0.000,0
2026-01-31 12:46:19,4454574,5678.000,5849.000,-249.000,-76.000,53.000,25.000,0.000,0.000,0
2026-01-31 12:46:19,4454614,5717.000,5817.000,-246.000,-92.000,55.000,4.000,0.000,0.000,0
2026-01-31 12:46:19,4454654,5632.000,5933.000,-258.000,-48.000,60.000,27.000,0.000,0.000,0
2026-01-31 12:46:19,4454694,5556.000,5880.000,-300.000,-154.000,11.000,-51.000,0.000,0.000,0
2026-01-31 12:46:19,4454734,5506.000,5749.000,-311.000,-299.000,-19.000,-69.000,0.000,0.000,0
2026-01-31 12:46:19,4454774,5529.000,5760.000,-288.000,-219.000,-61.000,-39.000,0.000,0.000,0
2026-01-31 12:46:19,4454814,5518.000,5820.000,-266.000,-220.000,-97.000,-24.000,0.000,0.000,0
2026-01-31 12:46:19,4454854,5463.000,5747.000,-248.000,-234.000,-110.000,-50.000,0.000,0.000,0
2026-01-31 12:46:19,4454894,5415.000,5774.000,-256.000,-194.000,-117.000,-51.000,0.000,0.000,0
2026-01-31 12:46:19,4454934,5443.000,5774.000,-287.000,-164.000,-131.000,-44.000,0.000,0.000,0
2026-01-31 12:46:19,4454974,5442.000,5888.000,-224.000,-123.000,-136.000,-41.000,0.000,0.000,0
2026-01-31 12:46:19,4455014,5370.000,5855.000,-250.000,-183.000,-139.000,-51.000,0.000,0.000,0
2026-01-31 12:46:19,4455054,5380.000,5848.000,-271.000,-166.000,-162.000,-53.000,0.000,0.000,0
2026-01-31 12:46:19,4455094,5412.000,5932.000,-257.000,-118.000,-184.000,-22.000,0.000,0.000,0
2026-01-31 12:46:19,4455134,5425.000,5988.000,-266.000,-160.000,-190.000,-22.000,0.000,0.000,0
2026-01-31 12:46:19,4455174,5454.000,5906.000,-313.000,-205.000,-193.000,-19.000,0.000,0.000,0
2026-01-31 12:46:19,4455214,5469.000,5920.000,-320.000,-157.000,-189.000,-12.000,0.000,0.000,0
2026-01-31 12:46:19,4455254,5472.000,5912.000,-361.000,-136.000,-189.000,13.000,0.000,0.000,0
2026-01-31 12:46:19,4455294,5487.000,5829.000,-338.000,-197.000,-203.000,21.000,0.000,0.000,0
2026-01-31 12:46:19,4455334,5527.000,5799.000,-353.000,-186.000,-179.000,31.000,0.000,0.000,0
2026-01-31 12:46:19,4455374,5560.000,5728.000,-320.000,-126.000,-130.000,52.000,0.000,0.000,0
2026-01-31 12:46:20,4455414,5610.000,5891.000,-320.000,-4.000,-89.000,88.000,0.000,0.000,0
2026-01-31 12:46:20,4455454,5586.000,5774.000,-315.000,-65.000,-49.000,53.000,0.000,0.000,0
2026-01-31 12:46:20,4455494,5490.000,5722.000,-321.000,-63.000,-10.000,26.000,0.000,0.000,0
2026-01-31 12:46:20,4455534,5612.000,5739.000,-284.000,1.000,-26.000,93.000,0.000,0.000,0
2026-01-31 12:46:20,4455574,5661.000,5765.000,-282.000,10.000,13.000,89.000,0.000,0.000,0
2026-01-31 12:46:20,4455614,5635.000,5702.000,-240.000,27.000,66.000,35.000,0.000,0.000,0
2026-01-31 12:46:20,4455654,5622.000,5805.000,-249.000,130.000,126.000,31.000,0.000,0.000,0
2026-01-31 12:46:20,4455694,5650.000,5819.000,-256.000,137.000,156.000,35.000,0.000,0.000,0
2026-01-31 12:46:20,4455734,5632.000,5841.000,-215.000,165.000,180.000,23.000,0.000,0.000,0
2026-01-31 12:46:20,4455774,5570.000,5784.000,-253.000,86.000,188.000,-23.000,0.000,0.000,0
2026-01-31 12:46:20,4455814,5512.000,5687.000,-232.000,74.000,199.000,-38.000,0.000,0.000,0
2026-01-31 12:46:20,4455854,5552.000,5751.000,-207.000,161.000,168.000,-8.000,0.000,0.000,0
2026-01-31 12:46:20,4455894,5566.000,5767.000,-189.000,176.000,179.000,-16.000,0.000,0.000,0
2026-01-31 12:46:20,4455934,5590.000,5891.000,-197.000,240.000,187.000,-24.000,0.000,0.000,0
2026-01-31 12:46:20,4455974,5578.000,5943.000,-179.000,140.000,202.000,-49.000,0.000,0.000,0
2026-01-31 12:46:20,4456014,5528.000,5863.000,-187.000,65.000,198.000,-76.000,0.000,0.000,0
2026-01-31 12:46:20,4456054,5528.000,5789.000,-197.000,62.000,151.000,-55.000,0.000,0.000,0
2026-01-31 12:46:20,4456094,5533.000,5849.000,-192.000,95.000,130.000,-22.000,0.000,0.000,0
2026-01-31 12:46:20,4456134,5502.000,5806.000,-189.000,54.000,111.000,-25.000,0.000,0.000,0
2026-01-31 12:46:20,4456176,5488.000,5802.000,-184.000,57.000,82.000,-3.000,0.000,0.000,0
2026-01-31 12:46:20,4456216,5536.000,5901.000,-203.000,68.000,68.000,33.000,0.000,0.000,0
2026-01-31 12:46:20,4456254,5504.000,5915.000,-200.000,10.000,54.000,1.000,0.000,0.000,0
2026-01-31 12:46:20,4456294,5510.000,5869.000,-226.000,-68.000,5.000,20.000,0.000,0.000,0
2026-01-31 12:46:20,4456334,5525.000,5860.000,-248.000,-77.000,-20.000,39.000,0.000,0.000,0
2026-01-31 12:46:20,4456374,5566.000,5841.000,-236.000,-91.000,-43.000,47.000,0.000,0.000,0
2026-01-31 12:46:21,4456416,5559.000,5800.000,-258.000,-91.000,-52.000,50.000,0.000,0.000,0
2026-01-31 12:46:21,4456454,5540.000,5820.000,-233.000,-62.000,-48.000,48.000,0.000,0.000,0
2026-01-31 12:46:21,4456494,5558.000,5831.000,-239.000,-77.000,-61.000,64.000,0.000,0.000,0
2026-01-31 12:46:21,4456534,5610.000,5828.000,-248.000,-51.000,-51.000,72.000,0.000,0.000,0
2026-01-31 12:46:21,4456574,5567.000,5820.000,-270.000,-65.000,-50.000,49.000,0.000,0.000,0
2026-01-31 12:46:21,4456614,5555.000,5649.000,-242.000,-113.000,-62.000,37.000,0.000,0.000,0
2026-01-31 12:46:21,4456654,5631.000,5719.000,-234.000,23.000,-56.000,90.000,0.000,0.000,0
2026-01-31 12:46:21,4456694,5655.000,5708.000,-205.000,18.000,-9.000,61.000,0.000,0.000,0
2026-01-31 12:46:21,4456734,5608.000,5674.000,-204.000,59.000,28.000,16.000,0.000,0.000,0
2026-01-31 12:46:21,4456774,5625.000,5717.000,-225.000,101.000,47.000,26.000,0.000,0.000,0
2026-01-31 12:46:21,4456814,5683.000,5669.000,-197.000,79.000,52.000,51.000,0.000,0.000,0
2026-01-31 12:46:21,4456854,5711.000,5662.000,-193.000,127.000,80.000,46.000,0.000,0.000,0
2026-01-31 12:46:21,4456894,5710.000,5687.000,-167.000,144.000,107.000,32.000,0.000,0.000,0
2026-01-31 12:46:21,4456934,5697.000,5649.000,-127.000,159.000,141.000,27.000,0.000,0.000,0
2026-01-31 12:46:21,4456974,5703.000,5707.000,-136.000,201.000,169.000,37.000,0.000,0.000,0
2026-01-31 12:46:21,4457014,5670.000,5688.000,-129.000,187.000,194.000,16.000,0.000,0.000,0
2026-01-31 12:46:21,4457054,5699.000,5743.000,-146.000,171.000,167.000,37.000,0.000,0.000,0
2026-01-31 12:46:21,4457094,5698.000,5728.000,-148.000,150.000,165.000,41.000,0.000,0.000,0
2026-01-31 12:46:21,4457134,5721.000,5765.000,-151.000,149.000,143.000,44.000,0.000,0.000,0
2026-01-31 12:46:21,4457174,5710.000,5676.000,-167.000,49.000,141.000,29.000,0.000,0.000,0
2026-01-31 12:46:21,4457214,5723.000,5656.000,-164.000,129.000,134.000,25.000,0.000,0.000,0
2026-01-31 12:46:21,4457254,5694.000,5752.000,-189.000,127.000,137.000,27.000,0.000,0.000,0
2026-01-31 12:46:21,4457294,5669.000,5652.000,-158.000,49.000,118.000,8.000,0.000,0.000,0
2026-01-31 12:46:21,4457334,5702.000,5748.000,-186.000,107.000,76.000,36.000,0.000,0.000,0
2026-01-31 12:46:21,4457374,5707.000,5745.000,-219.000,42.000,67.000,33.000,0.000,0.000,0
2026-01-31 12:46:22,4457414,5632.000,5715.000,-176.000,29.000,22.000,1.000,0.000,0.000,0
2026-01-31 12:46:22,4457454,5673.000,5786.000,-198.000,-9.000,-18.000,42.000,0.000,0.000,0
2026-01-31 12:46:22,4457494,5724.000,5747.000,-215.000,-43.000,-36.000,38.000,0.000,0.000,0
2026-01-31 12:46:22,4457534,5649.000,5713.000,-214.000,-88.000,-48.000,0.000,0.000,0.000,0
2026-01-31 12:46:22,4457574,5607.000,5640.000,-195.000,-91.000,-75.000,8.000,0.000,0.000,0
2026-01-31 12:46:22,4457614,5650.000,5684.000,-209.000,-57.000,-106.000,45.000,0.000,0.000,0
2026-01-31 12:46:22,4457654,5708.000,5734.000,-228.000,-65.000,-124.000,52.000,0.000,0.000,0
2026-01-31 12:46:22,4457694,5692.000,5699.000,-224.000,-116.000,-116.000,26.000,0.000,0.000,0
2026-01-31 12:46:22,4457734,5663.000,5662.000,-215.000,-110.000,-116.000,19.000,0.000,0.000,0
2026-01-31 12:46:22,4457774,5748.000,5681.000,-232.000,-84.000,-117.000,35.000,0.000,0.000,0
2026-01-31 12:46:22,4457814,5725.000,5706.000,-259.000,-47.000,-92.000,27.000,0.000,0.000,0
2026-01-31 12:46:22,4457854,5718.000,5674.000,-226.000,-74.000,-83.000,8.000,0.000,0.000,0
2026-01-31 12:46:22,4457894,5708.000,5607.000,-229.000,-81.000,-67.000,3.000,0.000,0.000,0
2026-01-31 12:46:22,4457934,5725.000,5602.000,-216.000,-32.000,-45.000,17.000,0.000,0.000,0
2026-01-31 12:46:22,4457974,5762.000,5643.000,-223.000,44.000,-17.000,29.000,0.000,0.000,0
2026-01-31 12:46:22,4458014,5730.000,5678.000,-204.000,26.000,18.000,-7.000,0.000,0.000,0
2026-01-31 12:46:22,4458054,5701.000,5573.000,-204.000,-29.000,36.000,-12.000,0.000,0.000,0
2026-01-31 12:46:22,4458094,5772.000,5653.000,-203.000,69.000,55.000,14.000,0.000,0.000,0
2026-01-31 12:46:22,4458134,5814.000,5732.000,-196.000,45.000,90.000,8.000,0.000,0.000,0
2026-01-31 12:46:22,4458174,5734.000,5646.000,-187.000,-2.000,122.000,-39.000,0.000,0.000,0
2026-01-31 12:46:22,4458214,5712.000,5660.000,-145.000,-23.000,129.000,-21.000,0.000,0.000,0
2026-01-31 12:46:22,4458254,5776.000,5709.000,-155.000,35.000,121.000,2.000,0.000,0.000,0
2026-01-31 12:46:22,4458294,5747.000,5762.000,-176.000,19.000,136.000,-26.000,0.000,0.000,0
2026-01-31 12:46:22,4458334,5665.000,5729.000,-155.000,-63.000,123.000,-60.000,0.000,0.000,0
2026-01-31 12:46:22,4458374,5617.000,5648.000,-157.000,-104.000,90.000,-50.000,0.000,0.000,0
2026-01-31 12:46:23,4458416,5652.000,5636.000,-137.000,-62.000,49.000,-19.000,0.000,0.000,0
2026-01-31 12:46:23,4458454,5732.000,5768.000,-149.000,-5.000,20.000,21.000,0.000,0.000,0
2026-01-31 12:46:23,4458494,5716.000,5759.000,-173.000,-75.000,25.000,-20.000,0.000,0.000,0
2026-01-31 12:46:23,4458534,5605.000,5643.000,-158.000,-118.000,15.000,-68.000,0.000,0.000,0
2026-01-31 12:46:23,4458574,5661.000,5762.000,-154.000,-15.000,-34.000,20.000,0.000,0.000,0
2026-01-31 12:46:23,4458614,5729.000,5697.000,-109.000,-120.000,-41.000,19.000,0.000,0.000,0
2026-01-31 12:46:23,4458654,5737.000,5682.000,-166.000,-31.000,-35.000,-12.000,0.000,0.000,0
2026-01-31 12:46:23,4458694,5684.000,5715.000,-141.000,-55.000,-12.000,-33.000,0.000,0.000,0
2026-01-31 12:46:23,4458734,5705.000,5651.000,-104.000,-63.000,-20.000,-15.000,0.000,0.000,0
2026-01-31 12:46:23,4458774,5757.000,5687.000,-120.000,32.000,-20.000,17.000,0.000,0.000,0
2026-01-31 12:46:23,4458814,5772.000,5755.000,-161.000,57.000,13.000,12.000,0.000,0.000,0
2026-01-31 12:46:23,4458854,5716.000,5639.000,-117.000,-37.000,26.000,-9.000,0.000,0.000,0
2026-01-31 12:46:23,4458894,5654.000,5642.000,-92.000,34.000,33.000,-33.000,0.000,0.000,0
2026-01-31 12:46:23,4458934,5694.000,5648.000,-147.000,56.000,25.000,12.000,0.000,0.000,0
2026-01-31 12:46:23,4458974,5720.000,5645.000,-118.000,71.000,43.000,20.000,0.000,0.000,0
2026-01-31 12:46:23,4459014,5725.000,5697.000,-109.000,79.000,54.000,14.000,0.000,0.000,0
2026-01-31 12:46:23,4459054,5686.000,5698.000,-130.000,72.000,64.000,-13.000,0.000,0.000,0
2026-01-31 12:46:23,4459094,5669.000,5616.000,-116.000,15.000,52.000,-8.000,0.000,0.000,0
2026-01-31 12:46:23,4459134,5767.000,5759.000,-134.000,141.000,47.000,39.000,0.000,0.000,0
2026-01-31 12:46:23,4459174,5722.000,5788.000,-133.000,22.000,79.000,10.000,0.000,0.000,0
2026-01-31 12:46:23,4459214,5678.000,5655.000,-120.000,4.000,66.000,-18.000,0.000,0.000,0
2026-01-31 12:46:23,4459254,5682.000,5758.000,-149.000,37.000,39.000,8.000,0.000,0.000,0
2026-01-31 12:46:23,4459294,5695.000,5674.000,-129.000,-23.000,30.000,13.000,0.000,0.000,0
2026-01-31 12:46:23,4459334,5650.000,5733.000,-150.000,9.000,18.000,2.000,0.000,0.000,0
2026-01-31 12:46:23,4459374,5598.000,5709.000,-138.000,-17.000,3.000,-10.000,0.000,0.000,0
2026-01-31 12:46:24,4459414,5612.000,5740.000,-175.000,10.000,-30.000,20.000,0.000,0.000,0
2026-01-31 12:46:24,4459454,5615.000,5719.000,-188.000,-49.000,-48.000,13.000,0.000,0.000,0
2026-01-31 12:46:24,4459494,5592.000,5718.000,-179.000,-36.000,-65.000,11.000,0.000,0.000,0
2026-01-31 12:46:24,4459534,5572.000,5809.000,-186.000,4.000,-79.000,11.000,0.000,0.000,0
2026-01-31 12:46:24,4459574,5535.000,5809.000,-210.000,-61.000,-94.000,-13.000,0.000,0.000,0
2026-01-31 12:46:24,4459614,5529.000,5810.000,-225.000,-81.000,-133.000,-20.000,0.000,0.000,0
2026-01-31 12:46:24,4459654,5585.000,5920.000,-215.000,-79.000,-178.000,5.000,0.000,0.000,0
2026-01-31 12:46:24,4459694,5549.000,5896.000,-256.000,-135.000,-173.000,-39.000,0.000,0.000,0
2026-01-31 12:46:24,4459734,5374.000,5840.000,-239.000,-246.000,-202.000,-110.000,0.000,0.000,0
2026-01-31 12:46:24,4459774,5384.000,5812.000,-282.000,-217.000,-254.000,-91.000,0.000,0.000,0
2026-01-31 12:46:24,4459814,5510.000,5890.000,-325.000,-207.000,-316.000,-49.000,0.000,0.000,0
2026-01-31 12:46:24,4459854,5464.000,5973.000,-306.000,-278.000,-323.000,-77.000,0.000,0.000,0
2026-01-31 12:46:24,4459894,5329.000,5840.000,-236.000,-417.000,-342.000,-143.000,0.000,0.000,0
2026-01-31 12:46:24,4459934,5302.000,5857.000,-227.000,-395.000,-386.000,-133.000,0.000,0.000,0
2026-01-31 12:46:24,4459974,5414.000,6090.000,-289.000,-306.000,-407.000,-108.000,0.000,0.000,0
2026-01-31 12:46:24,4460014,5409.000,6282.000,-328.000,-415.000,-434.000,-163.000,0.000,0.000,0
2026-01-31 12:46:24,4460054,5243.000,6057.000,-351.000,-679.000,-495.000,-267.000,0.000,0.000,0
2026-01-31 12:46:24,4460094,5211.000,6070.000,-411.000,-631.000,-615.000,-280.000,0.000,0.000,0
2026-01-31 12:46:24,4460134,5346.000,6049.000,-404.000,-781.000,-860.000,-203.000,0.000,0.000,0
2026-01-31 12:46:24,4460176,5495.000,5931.000,-377.000,-887.000,-948.000,-130.000,0.000,0.000,0
2026-01-31 12:46:24,4460216,5612.000,5710.000,-337.000,-934.000,-928.000,-35.000,0.000,0.000,0
2026-01-31 12:46:24,4460254,5797.000,5198.000,-431.000,-659.000,-930.000,106.000,0.000,0.000,0
2026-01-31 12:46:24,4460294,5957.000,5547.000,-456.000,47.000,-875.000,369.000,0.000,0.000,0
2026-01-31 12:46:24,4460334,6387.000,5795.000,-330.000,-208.000,-759.000,602.000,0.000,0.000,0
2026-01-31 12:46:24,4460374,6265.000,5177.000,-35.000,-700.000,-498.000,559.000,0.000,0.000,0
2026-01-31 12:46:25,4460416,5912.000,4668.000,-139.000,-313.000,-375.000,423.000,0.000,0.000,0
2026-01-31 12:46:25,4460454,5822.000,5031.000,-106.000,200.000,-372.000,614.000,0.000,0.000,0
2026-01-31 12:46:25,4460494,6258.000,5355.000,321.000,737.000,-223.000,925.000,0.000,0.000,0
2026-01-31 12:46:25,4460534,6414.000,6240.000,652.000,1393.000,28.000,948.000,0.000,0.000,0
2026-01-31 12:46:25,4460574,6046.000,6064.000,236.000,989.000,185.000,805.000,0.000,0.000,0
2026-01-31 12:46:25,4460614,5823.000,5388.000,43.000,286.000,34.000,730.000,0.000,0.000,0
2026-01-31 12:46:25,4460654,5659.000,4919.000,38.000,117.000,-43.000,736.000,0.000,0.000,0
2026-01-31 12:46:25,4460694,5581.000,4684.000,82.000,231.000,-61.000,741.000,0.000,0.000,0
2026-01-31 12:46:25,4460734,5493.000,5190.000,316.000,618.000,-103.000,677.000,0.000,0.000,0
2026-01-31 12:46:25,4460774,5143.000,6179.000,632.000,934.000,-235.000,583.000,0.000,0.000,0
2026-01-31 12:46:25,4460814,5175.000,6609.000,258.000,737.000,-586.000,342.000,0.000,0.000,0
2026-01-31 12:46:25,4460854,5680.000,6610.000,-233.000,-264.000,-870.000,-131.000,0.000,0.000,0
2026-01-31 12:46:25,4460894,6452.000,6280.000,-323.000,-992.000,-860.000,-798.000,0.000,0.000,0
2026-01-31 12:46:25,4460934,6516.000,6373.000,-570.000,-888.000,-774.000,-900.000,0.000,0.000,0
2026-01-31 12:46:25,4460974,6900.000,5394.000,-858.000,-2536.000,-672.000,-924.000,0.000,0.000,0
2026-01-31 12:46:25,4461014,6698.000,4513.000,-1390.000,-2255.000,-573.000,-949.000,0.000,0.000,0
2026-01-31 12:46:25,4461054,6230.000,4737.000,-825.000,-1452.000,-451.000,-902.000,0.000,0.000,0
2026-01-31 12:46:25,4461094,5688.000,4308.000,-713.000,-388.000,27.000,-915.000,0.000,0.000,0
2026-01-31 12:46:25,4461134,5275.000,5243.000,-873.000,1081.000,269.000,-872.000,0.000,0.000,0
2026-01-31 12:46:25,4461174,5216.000,4833.000,-1646.000,1177.000,290.000,-833.000,0.000,0.000,0
2026-01-31 12:46:25,4461214,5257.000,5505.000,-2266.000,2214.000,220.000,-479.000,0.000,0.000,0
2026-01-31 12:46:25,4461254,4627.000,5342.000,-2603.000,2022.000,82.000,-346.000,0.000,0.000,0
2026-01-31 12:46:25,4461294,4766.000,5923.000,-2122.000,2013.000,-581.000,-62.000,0.000,0.000,0
2026-01-31 12:46:25,4461334,5422.000,7504.000,-2005.000,1364.000,-629.000,476.000,0.000,0.000,0
2026-01-31 12:46:25,4461374,5682.000,7412.000,-2204.000,-900.000,-312.000,378.000,0.000,0.000,0
2026-01-31 12:46:26,4461414,5321.000,5707.000,-1829.000,-2465.000,-127.000,-119.000,0.000,0.000,0
2026-01-31 12:46:26,4461454,4718.000,4759.000,-1397.000,-1626.000,50.000,-134.000,0.000,0.000,0
2026-01-31 12:46:26,4461494,4469.000,4958.000,-1568.000,-140.000,255.000,340.000,0.000,0.000,0
2026-01-31 12:46:26,4461534,4823.000,5427.000,-1661.000,467.000,434.000,915.000,0.000,0.000,0
2026-01-31 12:46:26,4461574,5480.000,5351.000,-1946.000,517.000,687.000,1258.000,0.000,0.000,0
2026-01-31 12:46:26,4461614,6858.000,6060.000,-2374.000,834.000,985.000,1696.000,0.000,0.000,0
2026-01-31 12:46:26,4461654,7484.000,5929.000,-1513.000,-1092.000,1452.000,1706.000,0.000,0.000,0
2026-01-31 12:46:26,4461694,6194.000,4591.000,-435.000,-2348.000,1534.000,699.000,0.000,0.000,0
2026-01-31 12:46:26,4461734,5577.000,3211.000,-424.000,-1045.000,1360.000,67.000,0.000,0.000,0
2026-01-31 12:46:26,4461774,5505.000,3538.000,-780.000,1798.000,1589.000,622.000,0.000,0.000,0
2026-01-31 12:46:26,4461814,6390.000,5386.000,-249.000,3163.000,1549.000,1482.000,0.000,0.000,0
2026-01-31 12:46:26,4461854,6789.000,5727.000,264.000,2289.000,1386.000,1601.000,0.000,0.000,0
2026-01-31 12:46:26,4461894,6870.000,5394.000,48.000,1664.000,1155.000,986.000,0.000,0.000,0
2026-01-31 12:46:26,4461934,6548.000,4997.000,-180.000,737.000,1209.000,302.000,0.000,0.000,0
2026-01-31 12:46:26,4461974,6462.000,4085.000,-174.000,187.000,1366.000,-66.000,0.000,0.000,0
2026-01-31 12:46:26,4462014,6839.000,4205.000,292.000,833.000,1410.000,-28.000,0.000,0.000,0
2026-01-31 12:46:26,4462054,6945.000,4817.000,276.000,2405.000,1484.000,16.000,0.000,0.000,0
2026-01-31 12:46:26,4462094,6533.000,5252.000,161.000,2524.000,1497.000,-201.000,0.000,0.000,0
2026-01-31 12:46:26,4462134,6185.000,5010.000,134.000,1728.000,1320.000,-397.000,0.000,0.000,0
2026-01-31 12:46:26,4462174,5937.000,5058.000,-2.000,1089.000,1024.000,-572.000,0.000,0.000,0
2026-01-31 12:46:26,4462214,6032.000,4992.000,267.000,125.000,690.000,-642.000,0.000,0.000,0
2026-01-31 12:46:26,4462254,6482.000,4493.000,297.000,-520.000,429.000,-571.000,0.000,0.000,0
2026-01-31 12:46:26,4462294,6827.000,4523.000,357.000,-491.000,403.000,-505.000,0.000,0.000,0
2026-01-31 12:46:26,4462334,7129.000,4205.000,211.000,72.000,566.000,-508.000,0.000,0.000,0
2026-01-31 12:46:26,4462374,7073.000,5035.000,-103.000,1415.000,914.000,-563.000,0.000,0.000,0
2026-01-31 12:46:27,4462416,6183.000,5335.000,-277.000,1746.000,1087.000,-786.000,0.000,0.000,0
2026-01-31 12:46:27,4462454,5685.000,5272.000,-536.000,1222.000,820.000,-860.000,0.000,0.000,0
2026-01-31 12:46:27,4462494,5576.000,5413.000,-469.000,274.000,417.000,-766.000,0.000,0.000,0
2026-01-31 12:46:27,4462534,5849.000,4812.000,-266.000,-742.000,87.000,-505.000,0.000,0.000,0
2026-01-31 12:46:27,4462574,6269.000,4962.000,-167.000,-424.000,-38.000,-250.000,0.000,0.000,0
2026-01-31 12:46:27,4462614,6502.000,5358.000,-186.000,-6.000,96.000,-114.000,0.000,0.000,0
2026-01-31 12:46:27,4462654,6265.000,5427.000,-314.000,181.000,241.000,-221.000,0.000,0.000,0
2026-01-31 12:46:27,4462694,5770.000,5436.000,-262.000,-49.000,244.000,-350.000,0.000,0.000,0
2026-01-31 12:46:27,4462734,5568.000,5068.000,-191.000,-421.000,132.000,-275.000,0.000,0.000,0
2026-01-31 12:46:27,4462774,6082.000,5221.000,-220.000,-328.000,-53.000,52.000,0.000,0.000,0
2026-01-31 12:46:27,4462814,6402.000,5352.000,64.000,-199.000,16.000,246.000,0.000,0.000,0
2026-01-31 12:46:27,4462854,6045.000,5348.000,-138.000,111.000,37.000,133.000,0.000,0.000,0
2026-01-31 12:46:27,4462894,5913.000,5564.000,-275.000,-127.000,-58.000,138.000,0.000,0.000,0
2026-01-31 12:46:27,4462934,5920.000,5148.000,29.000,-542.000,-53.000,195.000,0.000,0.000,0
2026-01-31 12:46:27,4462974,6073.000,5134.000,106.000,-148.000,-9.000,252.000,0.000,0.000,0
2026-01-31 12:46:27,4463014,6192.000,5338.000,-30.000,190.000,78.000,258.000,0.000,0.000,0
2026-01-31 12:46:27,4463054,6074.000,5384.000,-84.000,235.000,176.000,135.000,0.000,0.000,0
2026-01-31 12:46:27,4463094,5967.000,5413.000,-82.000,147.000,176.000,56.000,0.000,0.000,0
2026-01-31 12:46:27,4463134,5977.000,5308.000,-51.000,10.000,153.000,62.000,0.000,0.000,0
2026-01-31 12:46:27,4463174,6049.000,5218.000,1.000,64.000,163.000,51.000,0.000,0.000,0
2026-01-31 12:46:27,4463214,6073.000,5311.000,-77.000,326.000,250.000,-6.000,0.000,0.000,0
2026-01-31 12:46:27,4463254,6020.000,5317.000,-103.000,350.000,299.000,-55.000,0.000,0.000,0
2026-01-31 12:46:27,4463294,6012.000,5298.000,-46.000,365.000,298.000,-65.000,0.000,0.000,0
2026-01-31 12:46:27,4463334,6090.000,5435.000,-58.000,396.000,297.000,-52.000,0.000,0.000,0
2026-01-31 12:46:27,4463374,6026.000,5367.000,-15.000,296.000,303.000,-78.000,0.000,0.000,0
2026-01-31 12:46:28,4463414,5955.000,5297.000,-107.000,285.000,269.000,-93.000,0.000,0.000,0
2026-01-31 12:46:28,4463454,5944.000,5292.000,-98.000,292.000,235.000,-60.000,0.000,0.000,0
2026-01-31 12:46:28,4463494,5969.000,5422.000,-29.000,419.000,201.000,-4.000,0.000,0.000,0
2026-01-31 12:46:28,4463534,6039.000,5580.000,-61.000,362.000,170.000,5.000,0.000,0.000,0
2026-01-31 12:46:28,4463574,5912.000,5555.000,-123.000,227.000,137.000,-71.000,0.000,0.000,0
2026-01-31 12:46:28,4463614,5813.000,5448.000,-78.000,21.000,81.000,-86.000,0.000,0.000,0
2026-01-31 12:46:28,4463654,5810.000,5456.000,-88.000,64.000,-7.000,-55.000,0.000,0.000,0
2026-01-31 12:46:28,4463694,5830.000,5501.000,-79.000,19.000,-93.000,-42.000,0.000,0.000,0
2026-01-31 12:46:28,4463734,5894.000,5432.000,-90.000,-57.000,-196.000,-39.000,0.000,0.000,0
2026-01-31 12:46:28,4463774,5932.000,5568.000,-138.000,-61.000,-241.000,-14.000,0.000,0.000,0
2026-01-31 12:46:28,4463814,5981.000,5341.000,-150.000,-271.000,-279.000,-36.000,0.000,0.000,0
2026-01-31 12:46:28,4463854,6002.000,5298.000,-91.000,-225.000,-317.000,-29.000,0.000,0.000,0
2026-01-31 12:46:28,4463894,6074.000,5317.000,-117.000,-97.000,-313.000,7.000,0.000,0.000,0
2026-01-31 12:46:28,4463934,6052.000,5353.000,-121.000,-48.000,-269.000,-40.000,0.000,0.000,0
2026-01-31 12:46:28,4463974,5959.000,5384.000,-99.000,-74.000,-266.000,-81.000,0.000,0.000,0
2026-01-31 12:46:28,4464014,5946.000,5382.000,-138.000,-99.000,-360.000,-73.000,0.000,0.000,0
2026-01-31 12:46:28,4464054,6055.000,5471.000,-144.000,-221.000,-410.000,-39.000,0.000,0.000,0
2026-01-31 12:46:28,4464094,6064.000,5281.000,-130.000,-398.000,-426.000,-94.000,0.000,0.000,0
2026-01-31 12:46:28,4464134,6066.000,5383.000,-113.000,-312.000,-441.000,-78.000,0.000,0.000,0
2026-01-31 12:46:28,4464176,6091.000,5359.000,-78.000,-454.000,-417.000,-67.000,0.000,0.000,0
2026-01-31 12:46:28,4464215,6088.000,5252.000,-117.000,-461.000,-375.000,-99.000,0.000,0.000,0
2026-01-31 12:46:28,4464256,6106.000,5338.000,-110.000,-381.000,-348.000,-79.000,0.000,0.000,0
2026-01-31 12:46:28,4464294,6071.000,5316.000,-151.000,-412.000,-310.000,-72.000,0.000,0.000,0
2026-01-31 12:46:28,4464334,6091.000,5305.000,-136.000,-388.000,-307.000,-54.000,0.000,0.000,0
2026-01-31 12:46:28,4464374,6050.000,5267.000,-169.000,-438.000,-227.000,-44.000,0.000,0.000,0
2026-01-31 12:46:29,4464419,6055.000,5206.000,-132.000,-337.000,-197.000,-26.000,0.000,0.000,0
2026-01-31 12:46:29,4464457,6087.000,5364.000,-141.000,-210.000,-139.000,12.000,0.000,0.000,0
2026-01-31 12:46:29,4464494,6035.000,5289.000,-134.000,-193.000,-65.000,-14.000,0.000,0.000,0
2026-01-31 12:46:29,4464534,5976.000,5338.000,-150.000,-98.000,-30.000,-25.000,0.000,0.000,0
2026-01-31 12:46:29,4464574,6056.000,5459.000,-169.000,-57.000,-43.000,34.000,0.000,0.000,0
2026-01-31 12:46:29,4464614,6020.000,5393.000,-196.000,-83.000,4.000,13.000,0.000,0.000,0
2026-01-31 12:46:29,4464654,5947.000,5289.000,-154.000,-30.000,34.000,-33.000,0.000,0.000,0
2026-01-31 12:46:29,4464694,5984.000,5429.000,-179.000,94.000,23.000,13.000,0.000,0.000,0
2026-01-31 12:46:29,4464734,5969.000,5387.000,-187.000,58.000,62.000,-2.000,0.000,0.000,0
2026-01-31 12:46:29,4464774,5963.000,5432.000,-205.000,106.000,58.000,-4.000,0.000,0.000,0
2026-01-31 12:46:29,4464814,5927.000,5390.000,-195.000,52.000,84.000,-5.000,0.000,0.000,0
2026-01-31 12:46:29,4464854,5873.000,5299.000,-200.000,136.000,90.000,-2.000,0.000,0.000,0
2026-01-31 12:46:29,4464894,5950.000,5504.000,-205.000,245.000,77.000,35.000,0.000,0.000,0
2026-01-31 12:46:29,4464934,5906.000,5434.000,-238.000,96.000,116.000,9.000,0.000,0.000,0
2026-01-31 12:46:29,4464974,5915.000,5360.000,-246.000,161.000,105.000,-2.000,0.000,0.000,0
2026-01-31 12:46:29,4465014,5924.000,5461.000,-246.000,176.000,108.000,27.000,0.000,0.000,0
2026-01-31 12:46:29,4465054,5954.000,5395.000,-244.000,136.000,116.000,40.000,0.000,0.000,0
2026-01-31 12:46:29,4465094,5948.000,5432.000,-244.000,165.000,146.000,42.000,0.000,0.000,0
2026-01-31 12:46:29,4465134,5940.000,5446.000,-264.000,154.000,160.000,43.000,0.000,0.000,0
2026-01-31 12:46:29,4465174,5856.000,5506.000,-287.000,210.000,226.000,35.000,0.000,0.000,0
2026-01-31 12:46:29,4465214,5831.000,5485.000,-333.000,190.000,215.000,49.000,0.000,0.000,0
2026-01-31 12:46:29,4465254,5782.000,5508.000,-381.000,198.000,193.000,52.000,0.000,0.000,0
2026-01-31 12:46:29,4465294,5754.000,5484.000,-404.000,164.000,164.000,43.000,0.000,0.000,0
2026-01-31 12:46:29,4465334,5759.000,5550.000,-385.000,196.000,114.000,52.000,0.000,0.000,0
2026-01-31 12:46:29,4465374,5765.000,5641.000,-424.000,171.000,88.000,51.000,0.000,0.000,0
2026-01-31 12:46:30,4465414,5749.000,5555.000,-437.000,97.000,58.000,6.000,0.000,0.000,0
2026-01-31 12:46:30,4465454,5711.000,5675.000,-474.000,139.000,20.000,-16.000,0.000,0.000,0
2026-01-31 12:46:30,4465494,5660.000,5541.000,-503.000,10.000,-15.000,-45.000,0.000,0.000,0
2026-01-31 12:46:30,4465534,5765.000,5741.000,-519.000,38.000,-115.000,-3.000,0.000,0.000,0
2026-01-31 12:46:30,4465574,5800.000,5553.000,-555.000,-114.000,-143.000,-22.000,0.000,0.000,0
2026-01-31 12:46:30,4465614,5776.000,5482.000,-578.000,-75.000,-128.000,-43.000,0.000,0.000,0
2026-01-31 12:46:30,4465654,5765.000,5534.000,-580.000,53.000,-125.000,-22.000,0.000,0.000,0
2026-01-31 12:46:30,4465694,5757.000,5521.000,-551.000,5.000,-129.000,-32.000,0.000,0.000,0
2026-01-31 12:46:30,4465734,5859.000,5494.000,-565.000,-10.000,-138.000,-20.000,0.000,0.000,0
2026-01-31 12:46:30,4465774,5902.000,5587.000,-547.000,0.000,-91.000,-30.000,0.000,0.000,0
2026-01-31 12:46:30,4465814,5852.000,5399.000,-516.000,-53.000,-42.000,-76.000,0.000,0.000,0
2026-01-31 12:46:30,4465854,5852.000,5458.000,-510.000,68.000,-62.000,-51.000,0.000,0.000,0
2026-01-31 12:46:30,4465894,5916.000,5376.000,-433.000,13.000,-45.000,-26.000,0.000,0.000,0
2026-01-31 12:46:30,4465934,5982.000,5447.000,-345.000,60.000,-36.000,-9.000,0.000,0.000,0
2026-01-31 12:46:30,4465974,6104.000,5512.000,-343.000,-145.000,-55.000,54.000,0.000,0.000,0
2026-01-31 12:46:30,4466014,6176.000,5290.000,-177.000,-372.000,-38.000,53.000,0.000,0.000,0
2026-01-31 12:46:30,4466054,6160.000,5153.000,-129.000,-237.000,44.000,31.000,0.000,0.000,0
2026-01-31 12:46:30,4466094,6157.000,5251.000,2.000,-149.000,93.000,48.000,0.000,0.000,0
2026-01-31 12:46:30,4466134,6176.000,5209.000,61.000,-216.000,98.000,77.000,0.000,0.000,0
2026-01-31 12:46:30,4466174,6209.000,5343.000,86.000,-274.000,69.000,84.000,0.000,0.000,0
2026-01-31 12:46:30,4466216,6211.000,5161.000,130.000,-398.000,50.000,71.000,0.000,0.000,0
2026-01-31 12:46:30,4466255,6146.000,5176.000,221.000,-343.000,38.000,67.000,0.000,0.000,0
2026-01-31 12:46:30,4466294,6231.000,5291.000,316.000,-422.000,-51.000,115.000,0.000,0.000,0
2026-01-31 12:46:30,4466334,6213.000,5091.000,299.000,-518.000,-78.000,83.000,0.000,0.000,0
2026-01-31 12:46:30,4466374,6197.000,5050.000,274.000,-399.000,-96.000,77.000,0.000,0.000,0
2026-01-31 12:46:31,4466417,6213.000,5154.000,289.000,-250.000,-95.000,64.000,0.000,0.000,0
2026-01-31 12:46:31,4466454,6206.000,5132.000,215.000,-213.000,-97.000,48.000,0.000,0.000,0
2026-01-31 12:46:31,4466494,6142.000,5154.000,117.000,-146.000,-87.000,1.000,0.000,0.000,0
2026-01-31 12:46:31,4466534,6141.000,5199.000,192.000,-145.000,-85.000,-34.000,0.000,0.000,0
2026-01-31 12:46:31,4466574,6197.000,5193.000,196.000,-25.000,-73.000,0.000,0.000,0.000,0
2026-01-31 12:46:31,4466614,6107.000,5301.000,60.000,66.000,2.000,-67.000,0.000,0.000,0
2026-01-31 12:46:31,4466654,6058.000,5273.000,12.000,57.000,-18.000,-96.000,0.000,0.000,0
2026-01-31 12:46:31,4466694,6033.000,5370.000,-39.000,96.000,-1.000,-90.000,0.000,0.000,0
2026-01-31 12:46:31,4466734,6002.000,5331.000,-67.000,175.000,7.000,-85.000,0.000,0.000,0
2026-01-31 12:46:31,4466774,5963.000,5501.000,-162.000,248.000,33.000,-109.000,0.000,0.000,0
2026-01-31 12:46:31,4466814,5884.000,5476.000,-147.000,112.000,58.000,-137.000,0.000,0.000,0
2026-01-31 12:46:31,4466854,5845.000,5477.000,-127.000,95.000,47.000,-94.000,0.000,0.000,0
2026-01-31 12:46:31,4466894,5809.000,5361.000,-188.000,57.000,60.000,-62.000,0.000,0.000,0
2026-01-31 12:46:31,4466934,5715.000,5316.000,-208.000,113.000,120.000,-49.000,0.000,0.000,0
2026-01-31 12:46:31,4466974,5599.000,5414.000,-390.000,340.000,205.000,-53.000,0.000,0.000,0
2026-01-31 12:46:31,4467014,5503.000,5416.000,-884.000,1004.000,260.000,-202.000,0.000,0.000,0
2026-01-31 12:46:31,4467054,4927.000,6105.000,-1067.000,1953.000,10.000,-160.000,0.000,0.000,0
2026-01-31 12:46:31,4467094,4801.000,5990.000,-1642.000,1459.000,-407.000,-180.000,0.000,0.000,0
2026-01-31 12:46:31,4467134,4717.000,6204.000,-2002.000,1183.000,-759.000,-218.000,0.000,0.000,0
2026-01-31 12:46:31,4467174,5071.000,6130.000,-1716.000,128.000,-1224.000,-46.000,0.000,0.000,0
2026-01-31 12:46:31,4467214,5641.000,6028.000,-1251.000,-832.000,-1308.000,122.000,0.000,0.000,0
2026-01-31 12:46:31,4467254,5940.000,5674.000,-1059.000,-693.000,-972.000,-108.000,0.000,0.000,0
2026-01-31 12:46:31,4467294,5623.000,5226.000,-1226.000,312.000,-358.000,-582.000,0.000,0.000,0
2026-01-31 12:46:31,4467334,5414.000,5657.000,-1472.000,1364.000,-12.000,-609.000,0.000,0.000,0
2026-01-31 12:46:31,4467374,5242.000,5913.000,-1579.000,1517.000,135.000,-531.000,0.000,0.000,0
2026-01-31 12:46:32,4467414,5317.000,6134.000,-1684.000,1204.000,255.000,-532.000,0.000,0.000,0
2026-01-31 12:46:32,4467454,5559.000,5690.000,-1767.000,395.000,437.000,-553.000,0.000,0.000,0
2026-01-31 12:46:32,4467494,5281.000,5266.000,-1569.000,564.000,638.000,-660.000,0.000,0.000,0
2026-01-31 12:46:32,4467534,4986.000,5567.000,-1604.000,1227.000,784.000,-643.000,0.000,0.000,0
2026-01-31 12:46:32,4467574,4677.000,5651.000,-1770.000,1377.000,897.000,-651.000,0.000,0.000,0
2026-01-31 12:46:32,4467614,4682.000,5927.000,-1972.000,1817.000,922.000,-454.000,0.000,0.000,0
2026-01-31 12:46:32,4467654,4646.000,6239.000,-2139.000,1583.000,841.000,-197.000,0.000,0.000,0
2026-01-31 12:46:32,4467694,4868.000,6113.000,-2001.000,1258.000,663.000,-117.000,0.000,0.000,0
2026-01-31 12:46:32,4467734,4937.000,6777.000,-2116.000,1646.000,561.000,16.000,0.000,0.000,0
2026-01-31 12:46:32,4467774,4733.000,6014.000,-2043.000,744.000,338.000,10.000,0.000,0.000,0
2026-01-31 12:46:32,4467814,4724.000,5551.000,-1874.000,1074.000,157.000,165.000,0.000,0.000,0
2026-01-31 12:46:32,4467854,4849.000,5782.000,-1751.000,1383.000,219.000,367.000,0.000,0.000,0
2026-01-31 12:46:32,4467894,5137.000,5926.000,-1353.000,1237.000,444.000,584.000,0.000,0.000,0
2026-01-31 12:46:32,4467934,5464.000,6859.000,-1126.000,1428.000,956.000,501.000,0.000,0.000,0
2026-01-31 12:46:32,4467974,5509.000,7438.000,-865.000,831.000,1493.000,87.000,0.000,0.000,0
2026-01-31 12:46:32,4468014,5708.000,6441.000,-1066.000,-811.000,2004.000,-352.000,0.000,0.000,0
2026-01-31 12:46:32,4468054,6837.000,5874.000,-2133.000,-323.000,2309.000,-5.000,0.000,0.000,0
2026-01-31 12:46:32,4468094,6753.000,5847.000,-2577.000,150.000,2831.000,67.000,0.000,0.000,0
2026-01-31 12:46:32,4468134,6183.000,5637.000,-1712.000,48.000,2588.000,-125.000,0.000,0.000,0
2026-01-31 12:46:32,4468176,5666.000,5530.000,-1190.000,-383.000,2227.000,-214.000,0.000,0.000,0
2026-01-31 12:46:32,4468215,5029.000,3958.000,-2129.000,-738.000,2280.000,-408.000,0.000,0.000,0
2026-01-31 12:46:32,4468254,4916.000,3543.000,-1818.000,-5.000,2052.000,-229.000,0.000,0.000,0
2026-01-31 12:46:32,4468294,5502.000,4209.000,-978.000,258.000,1520.000,249.000,0.000,0.000,0
2026-01-31 12:46:32,4468334,6493.000,5103.000,-397.000,283.000,1290.000,432.000,0.000,0.000,0
2026-01-31 12:46:32,4468374,7164.000,5279.000,49.000,257.000,1475.000,374.000,0.000,0.000,0
2026-01-31 12:46:33,4468416,6943.000,4958.000,-119.000,1423.000,1927.000,243.000,0.000,0.000,0
2026-01-31 12:46:33,4468454,6211.000,4833.000,-481.000,2210.000,2080.000,-12.000,0.000,0.000,0
2026-01-31 12:46:33,4468494,5512.000,4735.000,-513.000,2049.000,1924.000,-223.000,0.000,0.000,0
2026-01-31 12:46:33,4468534,5131.000,4438.000,-209.000,1656.000,1630.000,-170.000,0.000,0.000,0
2026-01-31 12:46:33,4468574,5296.000,4652.000,-158.000,1905.000,1371.000,-57.000,0.000,0.000,0
2026-01-31 12:46:33,4468614,5682.000,5207.000,33.000,2014.000,1216.000,-127.000,0.000,0.000,0
2026-01-31 12:46:33,4468654,5692.000,5329.000,148.000,1814.000,973.000,-410.000,0.000,0.000,0
2026-01-31 12:46:33,4468694,5489.000,5576.000,482.000,1477.000,705.000,-681.000,0.000,0.000,0
2026-01-31 12:46:33,4468734,5780.000,5378.000,157.000,1291.000,435.000,-736.000,0.000,0.000,0
2026-01-31 12:46:33,4468774,5738.000,5575.000,-99.000,1782.000,468.000,-982.000,0.000,0.000,0
2026-01-31 12:46:33,4468814,5786.000,6138.000,748.000,1957.000,463.000,-1247.000,0.000,0.000,0
2026-01-31 12:46:33,4468854,6236.000,7762.000,204.000,3286.000,833.000,-1836.000,0.000,0.000,0
2026-01-31 12:46:33,4468894,6882.000,7248.000,-1051.000,1184.000,735.000,-1644.000,0.000,0.000,0
2026-01-31 12:46:33,4468934,7627.000,5640.000,-1940.000,-384.000,429.000,-1389.000,0.000,0.000,0
2026-01-31 12:46:33,4468974,6821.000,5326.000,-1311.000,178.000,602.000,-1335.000,0.000,0.000,0
2026-01-31 12:46:33,4469014,5355.000,3912.000,-1328.000,-747.000,852.000,-1732.000,0.000,0.000,0
2026-01-31 12:46:33,4469054,4725.000,3399.000,-1687.000,1202.000,1215.000,-1360.000,0.000,0.000,0
2026-01-31 12:46:33,4469094,4803.000,4035.000,-2319.000,3731.000,1686.000,-906.000,0.000,0.000,0
2026-01-31 12:46:33,4469134,4872.000,5679.000,-2990.000,5187.000,2108.000,-361.000,0.000,0.000,0
2026-01-31 12:46:33,4469174,5156.000,6675.000,-3076.000,4261.000,1972.000,350.000,0.000,0.000,0
2026-01-31 12:46:33,4469214,5391.000,7890.000,-2590.000,3002.000,1580.000,453.000,0.000,0.000,0
2026-01-31 12:46:33,4469254,4802.000,7149.000,-2177.000,-151.000,1353.000,-640.000,0.000,0.000,0
2026-01-31 12:46:33,4469294,4580.000,5162.000,-1791.000,-1274.000,1354.000,-1463.000,0.000,0.000,0
2026-01-31 12:46:33,4469334,4258.000,4207.000,-1773.000,432.000,1599.000,-1127.000,0.000,0.000,0
2026-01-31 12:46:33,4469374,4644.000,5605.000,-1743.000,3797.000,1776.000,81.000,0.000,0.000,0
2026-01-31 12:46:34,4469414,4965.000,6861.000,-1716.000,3468.000,1742.000,375.000,0.000,0.000,0
2026-01-31 12:46:34,4469454,5024.000,6769.000,-1664.000,1734.000,1694.000,90.000,0.000,0.000,0
2026-01-31 12:46:34,4469494,5036.000,6448.000,-1268.000,841.000,1707.000,-108.000,0.000,0.000,0
2026-01-31 12:46:34,4469534,5019.000,6187.000,-1507.000,612.000,1938.000,-126.000,0.000,0.000,0
2026-01-31 12:46:34,4469574,4867.000,6081.000,-1595.000,1300.000,2116.000,-56.000,0.000,0.000,0
2026-01-31 12:46:34,4469614,4889.000,7028.000,-1073.000,1739.000,2014.000,36.000,0.000,0.000,0
2026-01-31 12:46:34,4469654,5343.000,7840.000,-782.000,527.000,2068.000,-107.000,0.000,0.000,0
2026-01-31 12:46:34,4469694,5699.000,6641.000,-1662.000,-1248.000,2424.000,-709.000,0.000,0.000,0
2026-01-31 12:46:34,4469734,6184.000,6075.000,-2117.000,-736.000,2345.000,-417.000,0.000,0.000,0
2026-01-31 12:46:34,4469774,5371.000,5264.000,-1662.000,-90.000,2003.000,-121.000,0.000,0.000,0
2026-01-31 12:46:34,4469814,4617.000,4445.000,-1489.000,627.000,1327.000,-110.000,0.000,0.000,0
2026-01-31 12:46:34,4469854,4469.000,4949.000,-1653.000,629.000,774.000,185.000,0.000,0.000,0
2026-01-31 12:46:34,4469894,4800.000,4099.000,-1959.000,-477.000,548.000,381.000,0.000,0.000,0
2026-01-31 12:46:34,4469934,5850.000,3987.000,-1692.000,-388.000,439.000,648.000,0.000,0.000,0
2026-01-31 12:46:34,4469974,7075.000,4646.000,-782.000,-399.000,355.000,997.000,0.000,0.000,0
2026-01-31 12:46:34,4470014,7773.000,4956.000,275.000,97.000,581.000,1010.000,0.000,0.000,0
2026-01-31 12:46:34,4470054,7098.000,4606.000,-93.000,2479.000,1337.000,531.000,0.000,0.000,0
2026-01-31 12:46:34,4470094,6058.000,4548.000,-641.000,4129.000,1791.000,184.000,0.000,0.000,0
2026-01-31 12:46:34,4470136,5281.000,5300.000,-1268.000,4175.000,1803.000,-18.000,0.000,0.000,0
2026-01-31 12:46:34,4470175,5456.000,5528.000,-1016.000,1993.000,950.000,286.000,0.000,0.000,0
2026-01-31 12:46:34,4470214,5874.000,5351.000,-603.000,184.000,466.000,386.000,0.000,0.000,0
2026-01-31 12:46:34,4470254,6090.000,4696.000,-344.000,160.000,505.000,85.000,0.000,0.000,0
2026-01-31 12:46:34,4470294,6347.000,5404.000,-1586.000,1375.000,760.000,-293.000,0.000,0.000,0
2026-01-31 12:46:34,4470334,4601.000,6160.000,-225.000,707.000,1418.000,-1141.000,0.000,0.000,0
2026-01-31 12:46:34,4470374,5863.000,5901.000,-1250.000,730.000,1279.000,-1793.000,0.000,0.000,0
2026-01-31 12:46:35,4470416,4907.000,8276.000,-1017.000,-276.000,1213.000,-2121.000,0.000,0.000,0
2026-01-31 12:46:35,4470454,5146.000,5375.000,-1396.000,-4601.000,768.000,-2279.000,0.000,0.000,0
2026-01-31 12:46:35,4470494,4621.000,4326.000,-395.000,-5063.000,509.000,-2499.000,0.000,0.000,0
2026-01-31 12:46:35,4470534,5332.000,5586.000,-642.000,1737.000,132.000,-1105.000,0.000,0.000,0
2026-01-31 12:46:35,4470574,5461.000,8464.000,551.000,1281.000,-47.000,-48.000,0.000,0.000,0
2026-01-31 12:46:35,4470614,5236.000,6001.000,684.000,-381.000,-47.000,133.000,0.000,0.000,0
2026-01-31 12:46:35,4470654,4411.000,6229.000,365.000,2455.000,515.000,304.000,0.000,0.000,0
2026-01-31 12:46:35,4470694,3561.000,7300.000,334.000,2823.000,705.000,605.000,0.000,0.000,0
2026-01-31 12:46:35,4470734,4050.000,7974.000,1417.000,1296.000,301.000,647.000,0.000,0.000,0
2026-01-31 12:46:35,4470774,4996.000,7324.000,217.000,171.000,422.000,408.000,0.000,0.000,0
2026-01-31 12:46:35,4470814,5905.000,7044.000,-1026.000,1209.000,87.000,572.000,0.000,0.000,0
2026-01-31 12:46:35,4470854,5942.000,7470.000,-963.000,-767.000,-505.000,589.000,0.000,0.000,0
2026-01-31 12:46:35,4470894,4810.000,5645.000,-73.000,-4353.000,-482.000,-606.000,0.000,0.000,0
2026-01-31 12:46:35,4470934,5001.000,5042.000,-1099.000,-1659.000,-206.000,-550.000,0.000,0.000,0
2026-01-31 12:46:35,4470974,5633.000,4960.000,-1414.000,-988.000,-349.000,308.000,0.000,0.000,0
2026-01-31 12:46:35,4471014,5253.000,5497.000,-800.000,480.000,-630.000,498.000,0.000,0.000,0
2026-01-31 12:46:35,4471054,5297.000,7794.000,36.000,144.000,-1640.000,370.000,0.000,0.000,0
2026-01-31 12:46:35,4471094,5078.000,6101.000,309.000,-4324.000,-2018.000,-126.000,0.000,0.000,0
2026-01-31 12:46:35,4471134,4899.000,4452.000,599.000,-4159.000,-1909.000,-364.000,0.000,0.000,0
2026-01-31 12:46:35,4471174,5279.000,4667.000,934.000,-1915.000,-1795.000,-247.000,0.000,0.000,0
2026-01-31 12:46:35,4471214,5743.000,5674.000,947.000,-152.000,-1467.000,-232.000,0.000,0.000,0
2026-01-31 12:46:35,4471254,6023.000,6415.000,1212.000,366.000,-1180.000,-553.000,0.000,0.000,0
2026-01-31 12:46:35,4471294,5653.000,5660.000,1869.000,151.000,-687.000,-804.000,0.000,0.000,0
2026-01-31 12:46:35,4471334,5773.000,6187.000,1657.000,798.000,302.000,-677.000,0.000,0.000,0
2026-01-31 12:46:35,4471374,6222.000,6596.000,1511.000,-9.000,564.000,-770.000,0.000,0.000,0
2026-01-31 12:46:36,4471414,7221.000,6168.000,1039.000,-1705.000,925.000,-443.000,0.000,0.000,0
2026-01-31 12:46:36,4471454,7621.000,7032.000,443.000,-2374.000,1360.000,-216.000,0.000,0.000,0
2026-01-31 12:46:36,4471494,7375.000,5996.000,128.000,-4628.000,2005.000,-46.000,0.000,0.000,0
2026-01-31 12:46:36,4471534,7294.000,4527.000,-1442.000,-3754.000,2699.000,125.000,0.000,0.000,0
2026-01-31 12:46:36,4471574,6394.000,4761.000,-1717.000,-2374.000,3210.000,947.000,0.000,0.000,0
2026-01-31 12:46:36,4471614,5686.000,4427.000,-1671.000,-1311.000,3244.000,1510.000,0.000,0.000,0
2026-01-31 12:46:36,4471654,5353.000,4347.000,-1570.000,1029.000,3018.000,2069.000,0.000,0.000,0
2026-01-31 12:46:36,4471694,6060.000,5998.000,-1147.000,4104.000,2737.000,2809.000,0.000,0.000,0
2026-01-31 12:46:36,4471734,5942.000,6906.000,-422.000,2097.000,2802.000,3095.000,0.000,0.000,0
2026-01-31 12:46:36,4471774,6414.000,5907.000,396.000,-1655.000,2317.000,3644.000,0.000,0.000,0
2026-01-31 12:46:36,4471814,6348.000,5516.000,702.000,-2085.000,2067.000,4354.000,0.000,0.000,0
2026-01-31 12:46:36,4471854,6795.000,6157.000,1458.000,-1280.000,1029.000,4743.000,0.000,0.000,0
2026-01-31 12:46:36,4471894,6521.000,6844.000,996.000,1233.000,-250.000,4674.000,0.000,0.000,0
2026-01-31 12:46:36,4471934,7153.000,7902.000,1454.000,3128.000,-2084.000,3850.000,0.000,0.000,0
2026-01-31 12:46:36,4471974,6889.000,7976.000,1495.000,3930.000,-3011.000,2150.000,0.000,0.000,0
2026-01-31 12:46:36,4472014,5691.000,7470.000,2.000,7608.000,-3892.000,1190.000,0.000,0.000,0
2026-01-31 12:46:36,4472054,6417.000,8274.000,-1111.000,12239.000,-5080.000,-1176.000,0.000,0.000,0
2026-01-31 12:46:36,4472094,3287.000,7558.000,-4431.000,16660.000,-4768.000,-3580.000,0.000,0.000,0
2026-01-31 12:46:36,4472136,2623.000,8581.000,-5554.000,15250.000,-6033.000,-6166.000,0.000,0.000,0
2026-01-31 12:46:36,4472176,2212.000,2856.000,-5417.000,14507.000,-7380.000,-7010.000,0.000,0.000,0
2026-01-31 12:46:36,4472214,5182.000,3135.000,-1699.000,10274.000,-6032.000,-5748.000,0.000,0.000,0
2026-01-31 12:46:36,4472254,5993.000,1190.000,-2374.000,1773.000,-2173.000,-3023.000,0.000,0.000,0
2026-01-31 12:46:36,4472294,5650.000,4310.000,-5925.000,3425.000,-472.000,-2691.000,0.000,0.000,0
2026-01-31 12:46:36,4472334,2897.000,6238.000,-7116.000,3078.000,-272.000,-3200.000,0.000,0.000,0
2026-01-31 12:46:36,4472374,-488.000,-602.000,-8015.000,-7081.000,-1967.000,-2886.000,0.000,0.000,0
2026-01-31 12:46:37,4472416,3360.000,411.000,3457.000,9580.000,782.000,-3002.000,0.000,0.000,0
2026-01-31 12:46:37,4472454,-225.000,5499.000,-6360.000,11231.000,6382.000,-13800.000,0.000,0.000,0
2026-01-31 12:46:37,4472494,4265.000,8889.000,-1782.000,8414.000,5628.000,-18218.000,0.000,0.000,0
2026-01-31 12:46:37,4472534,6150.000,6403.000,-6939.000,6392.000,5164.000,-21303.000,0.000,0.000,0
2026-01-31 12:46:37,4472574,4824.000,4906.000,-5481.000,1176.000,3041.000,-18228.000,0.000,0.000,0
2026-01-31 12:46:37,4472614,4523.000,7965.000,-5194.000,3691.000,4336.000,-16788.000,0.000,0.000,0
2026-01-31 12:46:37,4472654,-2071.000,17169.000,-2745.000,-4568.000,4476.000,-16677.000,0.000,0.000,0
2026-01-31 12:46:37,4472694,19.000,14618.000,-6101.000,-12977.000,5078.000,-21064.000,0.000,0.000,0
2026-01-31 12:46:37,4472734,1581.000,6924.000,-4530.000,-24883.000,640.000,-19188.000,0.000,0.000,0
2026-01-31 12:46:37,4472774,6182.000,5389.000,-1952.000,-27096.000,620.000,-12659.000,0.000,0.000,0
2026-01-31 12:46:37,4472814,2956.000,8153.000,4676.000,-27716.000,5946.000,-5234.000,0.000,0.000,0
2026-01-31 12:46:37,4472854,54.000,2845.000,2000.000,32762.000,3934.000,5328.000,0.000,0.000,0
2026-01-31 12:46:37,4472894,-2270.000,-5278.000,10294.000,-32078.000,-1432.000,10351.000,0.000,0.000,0
2026-01-31 12:46:37,4472934,1011.000,-521.000,5269.000,-4347.000,-366.000,16118.000,0.000,0.000,0
2026-01-31 12:46:37,4472974,-4787.000,8890.000,552.000,-1167.000,479.000,16856.000,0.000,0.000,0
2026-01-31 12:46:37,4473014,-7211.000,10036.000,-1632.000,-14336.000,-7494.000,9749.000,0.000,0.000,0
2026-01-31 12:46:37,4473054,-2118.000,-3129.000,3820.000,-8835.000,-12553.000,5387.000,0.000,0.000,0
2026-01-31 12:46:37,4473094,4540.000,-10586.000,-2579.000,15885.000,-15978.000,5959.000,0.000,0.000,0
2026-01-31 12:46:37,4473134,4960.000,10826.000,7224.000,8264.000,-15697.000,9090.000,0.000,0.000,0
2026-01-31 12:46:37,4473174,23473.000,11553.000,15440.000,-1811.000,-14256.000,3704.000,0.000,0.000,0
2026-01-31 12:46:37,4473214,4043.000,6062.000,6759.000,1869.000,2494.000,-2881.000,0.000,0.000,0
2026-01-31 12:46:37,4473254,1775.000,3937.000,5270.000,83.000,-245.000,-6567.000,0.000,0.000,0
2026-01-31 12:46:37,4473294,5826.000,4736.000,9861.000,-6413.000,-3009.000,-6696.000,0.000,0.000,0
2026-01-31 12:46:37,4473334,4962.000,6066.000,6987.000,-1582.000,-2243.000,-7368.000,0.000,0.000,0
2026-01-31 12:46:37,4473374,4567.000,7559.000,4698.000,-3040.000,-4046.000,-9167.000,0.000,0.000,0
2026-01-31 12:46:38,4473414,6953.000,5419.000,6601.000,-10223.000,-4413.000,-10299.000,0.000,0.000,0
2026-01-31 12:46:38,4473454,6488.000,2179.000,5475.000,-8567.000,-1148.000,-9911.000,0.000,0.000,0
2026-01-31 12:46:38,4473494,4241.000,3082.000,3860.000,-3835.000,982.000,-9406.000,0.000,0.000,0
2026-01-31 12:46:38,4473534,3996.000,4160.000,3721.000,-2565.000,1272.000,-9447.000,0.000,0.000,0
2026-01-31 12:46:38,4473574,3017.000,3680.000,4019.000,-948.000,1283.000,-8919.000,0.000,0.000,0
2026-01-31 12:46:38,4473614,2845.000,5159.000,5176.000,30.000,575.000,-8793.000,0.000,0.000,0
2026-01-31 12:46:38,4473654,2114.000,2419.000,5506.000,1721.000,748.000,-8778.000,0.000,0.000,0
2026-01-31 12:46:38,4473694,1458.000,4865.000,6804.000,6173.000,651.000,-8441.000,0.000,0.000,0
2026-01-31 12:46:38,4473734,880.000,5093.000,6239.000,6922.000,664.000,-8207.000,0.000,0.000,0
2026-01-31 12:46:38,4473774,279.000,5652.000,5199.000,8170.000,331.000,-7423.000,0.000,0.000,0
2026-01-31 12:46:38,4473814,211.000,7156.000,7100.000,6265.000,-71.000,-7291.000,0.000,0.000,0
2026-01-31 12:46:38,4473854,-653.000,4864.000,4776.000,6239.000,315.000,-6531.000,0.000,0.000,0
2026-01-31 12:46:38,4473894,-2112.000,7184.000,2455.000,9736.000,380.000,-5643.000,0.000,0.000,0
2026-01-31 12:46:38,4473934,-4238.000,7788.000,1831.000,10933.000,-885.000,-6155.000,0.000,0.000,0
2026-01-31 12:46:38,4473974,-4706.000,8446.000,-89.000,12468.000,-3296.000,-6781.000,0.000,0.000,0
2026-01-31 12:46:38,4474014,-3928.000,9123.000,1242.000,12141.000,-7070.000,-6873.000,0.000,0.000,0
2026-01-31 12:46:38,4474054,-3849.000,7872.000,671.000,9642.000,-7155.000,-6384.000,0.000,0.000,0
2026-01-31 12:46:38,4474096,-1693.000,7908.000,877.000,9671.000,-7829.000,-5104.000,0.000,0.000,0
2026-01-31 12:46:38,4474135,-2141.000,8043.000,1159.000,4990.000,-6450.000,-3764.000,0.000,0.000,0
2026-01-31 12:46:38,4474174,-3807.000,7217.000,1847.000,7358.000,-3195.000,-2373.000,0.000,0.000,0
2026-01-31 12:46:38,4474214,-6303.000,8460.000,-447.000,1746.000,-1870.000,-1722.000,0.000,0.000,0
2026-01-31 12:46:38,4474254,-6398.000,7339.000,-991.000,-1001.000,-2849.000,-1831.000,0.000,0.000,0
2026-01-31 12:46:38,4474294,-4971.000,7425.000,-1880.000,276.000,-2562.000,-2202.000,0.000,0.000,0
2026-01-31 12:46:38,4474334,-4832.000,6858.000,-1735.000,-3331.000,-2665.000,-1321.000,0.000,0.000,0
2026-01-31 12:46:38,4474374,-5985.000,5240.000,-2275.000,-956.000,-2251.000,-605.000,0.000,0.000,0
2026-01-31 12:46:39,4474416,-6717.000,5857.000,253.000,-1357.000,-4231.000,734.000,0.000,0.000,0
2026-01-31 12:46:39,4474454,-6940.000,9047.000,2989.000,-1362.000,-3130.000,390.000,0.000,0.000,0
2026-01-31 12:46:39,4474494,-9506.000,8027.000,1987.000,-874.000,18.000,-849.000,0.000,0.000,0
2026-01-31 12:46:39,4474534,-6043.000,6178.000,3819.000,-729.000,-810.000,-672.000,0.000,0.000,0
2026-01-31 12:46:39,4474574,-3987.000,4258.000,1545.000,-1689.000,-3524.000,712.000,0.000,0.000,0
2026-01-31 12:46:39,4474614,-3821.000,4126.000,748.000,-1538.000,-6087.000,2113.000,0.000,0.000,0
2026-01-31 12:46:39,4474654,-6844.000,5364.000,2290.000,1521.000,-4780.000,1911.000,0.000,0.000,0
2026-01-31 12:46:39,4474694,-4535.000,4859.000,3411.000,-133.000,-4261.000,498.000,0.000,0.000,0
2026-01-31 12:46:39,4474734,-4389.000,5607.000,4170.000,816.000,-3109.000,127.000,0.000,0.000,0
2026-01-31 12:46:39,4474774,-3441.000,5760.000,3814.000,-716.000,-3757.000,266.000,0.000,0.000,0
2026-01-31 12:46:39,4474814,-4511.000,4528.000,3210.000,-667.000,-3314.000,-349.000,0.000,0.000,0
2026-01-31 12:46:39,4474854,-4608.000,5828.000,3775.000,1040.000,-3324.000,-467.000,0.000,0.000,0
2026-01-31 12:46:39,4474894,-3519.000,5636.000,3376.000,149.000,-3362.000,-555.000,0.000,0.000,0
2026-01-31 12:46:39,4474934,-3907.000,5852.000,3302.000,1097.000,-3164.000,-406.000,0.000,0.000,0
2026-01-31 12:46:39,4474974,-3723.000,6772.000,3882.000,1432.000,-3080.000,-162.000,0.000,0.000,0
2026-01-31 12:46:39,4475014,-3737.000,6195.000,3726.000,480.000,-3213.000,-187.000,0.000,0.000,0
2026-01-31 12:46:39,4475054,-3951.000,6599.000,4179.000,1060.000,-3433.000,-326.000,0.000,0.000,0
2026-01-31 12:46:39,4475094,-3720.000,5886.000,3903.000,227.000,-3517.000,-437.000,0.000,0.000,0
2026-01-31 12:46:39,4475134,-3175.000,6140.000,3615.000,440.000,-3428.000,-337.000,0.000,0.000,0
2026-01-31 12:46:39,4475174,-2272.000,6686.000,3544.000,1268.000,-2883.000,-421.000,0.000,0.000,0
2026-01-31 12:46:39,4475214,-2212.000,7350.000,4826.000,1968.000,-2313.000,-533.000,0.000,0.000,0
2026-01-31 12:46:39,4475254,-1691.000,6261.000,5225.000,-45.000,-1684.000,-434.000,0.000,0.000,0
2026-01-31 12:46:39,4475294,-2344.000,6569.000,4275.000,174.000,-726.000,-95.000,0.000,0.000,0
2026-01-31 12:46:39,4475334,-1874.000,6891.000,4517.000,-327.000,-576.000,-127.000,0.000,0.000,0
2026-01-31 12:46:39,4475374,-2277.000,6691.000,4096.000,178.000,-36.000,-477.000,0.000,0.000,0
2026-01-31 12:46:40,4475414,-1753.000,5975.000,5132.000,103.000,372.000,-444.000,0.000,0.000,0
2026-01-31 12:46:40,4475454,-1398.000,7106.000,5879.000,225.000,1374.000,-426.000,0.000,0.000,0
2026-01-31 12:46:40,4475494,-1125.000,6299.000,4619.000,-707.000,2377.000,-127.000,0.000,0.000,0
2026-01-31 12:46:40,4475534,-1535.000,6412.000,4322.000,-464.000,3200.000,127.000,0.000,0.000,0
2026-01-31 12:46:40,4475574,-1424.000,6247.000,3981.000,-1005.000,4827.000,748.000,0.000,0.000,0
2026-01-31 12:46:40,4475614,-2032.000,6504.000,3750.000,-1018.000,5695.000,1440.000,0.000,0.000,0
2026-01-31 12:46:40,4475654,-2297.000,8051.000,2739.000,-1370.000,6671.000,1781.000,0.000,0.000,0
2026-01-31 12:46:40,4475694,-3890.000,6539.000,2055.000,-2972.000,7223.000,2178.000,0.000,0.000,0
2026-01-31 12:46:40,4475734,-4235.000,7178.000,2307.000,-2307.000,7138.000,2356.000,0.000,0.000,0
2026-01-31 12:46:40,4475774,-5523.000,6486.000,1924.000,-3182.000,7259.000,2292.000,0.000,0.000,0
2026-01-31 12:46:40,4475814,-5507.000,6301.000,2049.000,-2564.000,6694.000,2192.000,0.000,0.000,0
2026-01-31 12:46:40,4475854,-5066.000,7314.000,2227.000,-2142.000,6248.000,1864.000,0.000,0.000,0
2026-01-31 12:46:40,4475894,-5568.000,6433.000,1833.000,-2749.000,5833.000,1471.000,0.000,0.000,0
2026-01-31 12:46:40,4475934,-5751.000,7179.000,1858.000,-1582.000,5159.000,838.000,0.000,0.000,0
2026-01-31 12:46:40,4475974,-5842.000,6873.000,1785.000,-2600.000,4258.000,380.000,0.000,0.000,0
2026-01-31 12:46:40,4476014,-5551.000,6458.000,1596.000,-2613.000,3553.000,-13.000,0.000,0.000,0
2026-01-31 12:46:40,4476054,-5003.000,5370.000,1177.000,-1949.000,2998.000,97.000,0.000,0.000,0
2026-01-31 12:46:40,4476096,-5615.000,6442.000,1741.000,45.000,2762.000,296.000,0.000,0.000,0
2026-01-31 12:46:40,4476136,-5673.000,6469.000,2083.000,-1419.000,2570.000,12.000,0.000,0.000,0
2026-01-31 12:46:40,4476174,-5215.000,6050.000,1441.000,-1648.000,1958.000,99.000,0.000,0.000,0
2026-01-31 12:46:40,4476214,-6345.000,5835.000,1773.000,-1877.000,1906.000,-114.000,0.000,0.000,0
2026-01-31 12:46:40,4476254,-5820.000,4087.000,972.000,-326.000,1460.000,-279.000,0.000,0.000,0
2026-01-31 12:46:40,4476294,-6188.000,6159.000,1769.000,2389.000,1390.000,-752.000,0.000,0.000,0
2026-01-31 12:46:40,4476334,-5554.000,6634.000,609.000,3079.000,1314.000,-1839.000,0.000,0.000,0
2026-01-31 12:46:40,4476374,-6824.000,4851.000,832.000,3178.000,-587.000,-2313.000,0.000,0.000,0
2026-01-31 12:46:41,4476417,-4869.000,2265.000,1868.000,1259.000,-1012.000,-1150.000,0.000,0.000,0
2026-01-31 12:46:41,4476454,-5915.000,4781.000,2644.000,2779.000,-1114.000,-116.000,0.000,0.000,0
2026-01-31 12:46:41,4476494,169.000,4716.000,8663.000,5275.000,1680.000,646.000,0.000,0.000,0
2026-01-31 12:46:41,4476534,-3380.000,9876.000,-950.000,6858.000,7500.000,1498.000,0.000,0.000,0
2026-01-31 12:46:41,4476574,-5520.000,4607.000,-7369.000,-4689.000,3338.000,1496.000,0.000,0.000,0
2026-01-31 12:46:41,4476614,-4642.000,4138.000,2826.000,2172.000,1251.000,1671.000,0.000,0.000,0
2026-01-31 12:46:41,4476654,-7771.000,6264.000,1406.000,-2092.000,4058.000,748.000,0.000,0.000,0
2026-01-31 12:46:41,4476694,-3623.000,4824.000,457.000,890.000,4630.000,124.000,0.000,0.000,0
2026-01-31 12:46:41,4476734,-6974.000,5059.000,-3428.000,-4384.000,4197.000,-1026.000,0.000,0.000,0
2026-01-31 12:46:41,4476774,-5078.000,7595.000,-3767.000,739.000,2223.000,-1079.000,0.000,0.000,0
2026-01-31 12:46:41,4476814,-10415.000,25116.000,-1446.000,-647.000,-316.000,-2253.000,0.000,0.000,0
2026-01-31 12:46:41,4476854,-6200.000,5615.000,3282.000,-5402.000,-415.000,-1187.000,0.000,0.000,0
2026-01-31 12:46:41,4476894,-5308.000,5691.000,-380.000,-395.000,1407.000,-1133.000,0.000,0.000,0
2026-01-31 12:46:41,4476934,-6711.000,5950.000,-1852.000,-1616.000,530.000,-1368.000,0.000,0.000,0
2026-01-31 12:46:41,4476974,-6440.000,3997.000,488.000,-1186.000,-62.000,-1618.000,0.000,0.000,0
2026-01-31 12:46:41,4477014,-5026.000,6310.000,960.000,-900.000,1236.000,-1512.000,0.000,0.000,0
2026-01-31 12:46:41,4477054,-3632.000,6716.000,-1265.000,-1130.000,1823.000,-1099.000,0.000,0.000,0
2026-01-31 12:46:41,4477094,-7741.000,2167.000,-2060.000,-2078.000,1055.000,23.000,0.000,0.000,0
2026-01-31 12:46:41,4477134,-7267.000,4175.000,1112.000,-1251.000,-302.000,229.000,0.000,0.000,0
2026-01-31 12:46:41,4477174,-7119.000,4287.000,349.000,-5081.000,414.000,365.000,0.000,0.000,0
2026-01-31 12:46:41,4477214,-4725.000,3661.000,80.000,-4227.000,1180.000,485.000,0.000,0.000,0
2026-01-31 12:46:41,4477254,-6336.000,6584.000,1494.000,-7264.000,680.000,1487.000,0.000,0.000,0
2026-01-31 12:46:41,4477294,-4429.000,5062.000,3080.000,-11562.000,1438.000,681.000,0.000,0.000,0
2026-01-31 12:46:41,4477334,-4499.000,7918.000,4152.000,-4272.000,2458.000,-434.000,0.000,0.000,0
2026-01-31 12:46:41,4477374,-5318.000,7372.000,3416.000,-12824.000,3359.000,-169.000,0.000,0.000,0
2026-01-31 12:46:42,4477414,-4583.000,2745.000,857.000,-16381.000,1765.000,1551.000,0.000,0.000,0
2026-01-31 12:46:42,4477454,-4826.000,5122.000,1419.000,551.000,2501.000,1130.000,0.000,0.000,0
2026-01-31 12:46:42,4477494,-5740.000,6831.000,1657.000,1792.000,2358.000,1452.000,0.000,0.000,0
2026-01-31 12:46:42,4477534,-6307.000,2560.000,2636.000,-4578.000,1860.000,2198.000,0.000,0.000,0
2026-01-31 12:46:42,4477574,-6791.000,3879.000,2658.000,388.000,2013.000,2602.000,0.000,0.000,0
2026-01-31 12:46:42,4477614,-6276.000,5565.000,2584.000,2003.000,1122.000,2388.000,0.000,0.000,0
2026-01-31 12:46:42,4477654,-6500.000,6539.000,2339.000,1706.000,565.000,1808.000,0.000,0.000,0
2026-01-31 12:46:42,4477694,-5514.000,5770.000,2866.000,1091.000,17.000,881.000,0.000,0.000,0
2026-01-31 12:46:42,4477734,-5504.000,5452.000,2652.000,2642.000,37.000,557.000,0.000,0.000,0
2026-01-31 12:46:42,4477774,-5473.000,5456.000,3089.000,2202.000,163.000,1068.000,0.000,0.000,0
2026-01-31 12:46:42,4477814,-5880.000,5628.000,2652.000,136.000,355.000,1580.000,0.000,0.000,0
2026-01-31 12:46:42,4477854,-5682.000,4983.000,3483.000,-2184.000,171.000,1883.000,0.000,0.000,0
2026-01-31 12:46:42,4477894,-5058.000,6099.000,2634.000,-1309.000,505.000,1870.000,0.000,0.000,0
2026-01-31 12:46:42,4477934,-5044.000,6222.000,2707.000,-450.000,260.000,1457.000,0.000,0.000,0
2026-01-31 12:46:42,4477974,-4976.000,5285.000,3025.000,210.000,382.000,1403.000,0.000,0.000,0
2026-01-31 12:46:42,4478014,-4955.000,6109.000,2383.000,1392.000,656.000,1851.000,0.000,0.000,0
2026-01-31 12:46:42,4478054,-4392.000,5917.000,2340.000,8.000,289.000,2326.000,0.000,0.000,0
2026-01-31 12:46:42,4478095,-4261.000,5893.000,2776.000,-6.000,307.000,2696.000,0.000,0.000,0
2026-01-31 12:46:42,4478135,-4159.000,7171.000,2346.000,1034.000,625.000,3128.000,0.000,0.000,0
2026-01-31 12:46:42,4478176,-4576.000,7095.000,1875.000,385.000,700.000,2940.000,0.000,0.000,0
2026-01-31 12:46:42,4478214,-3483.000,8331.000,1793.000,584.000,342.000,2433.000,0.000,0.000,0
2026-01-31 12:46:42,4478254,-3997.000,7999.000,2075.000,1489.000,-8.000,891.000,0.000,0.000,0
2026-01-31 12:46:42,4478294,-3676.000,8066.000,2461.000,537.000,-43.000,92.000,0.000,0.000,0
2026-01-31 12:46:42,4478334,-3565.000,7288.000,2013.000,-1306.000,-8.000,-41.000,0.000,0.000,0
2026-01-31 12:46:42,4478374,-3287.000,6377.000,2259.000,-795.000,-226.000,-243.000,0.000,0.000,0
2026-01-31 12:46:43,4478417,-3500.000,6831.000,2281.000,762.000,18.000,-191.000,0.000,0.000,0
2026-01-31 12:46:43,4478455,-3711.000,7440.000,1804.000,1220.000,213.000,47.000,0.000,0.000,0
2026-01-31 12:46:43,4478494,-3584.000,6539.000,1509.000,-298.000,-233.000,60.000,0.000,0.000,0
2026-01-31 12:46:43,4478534,-3337.000,6600.000,2259.000,430.000,-494.000,212.000,0.000,0.000,0
2026-01-31 12:46:43,4478574,-3381.000,7253.000,1209.000,789.000,-194.000,354.000,0.000,0.000,0
2026-01-31 12:46:43,4478614,-3598.000,6744.000,1220.000,1098.000,-325.000,269.000,0.000,0.000,0
2026-01-31 12:46:43,4478654,-3246.000,8046.000,1472.000,2651.000,-668.000,173.000,0.000,0.000,0
2026-01-31 12:46:43,4478694,-3437.000,7794.000,1247.000,1056.000,-654.000,57.000,0.000,0.000,0
2026-01-31 12:46:43,4478734,-3402.000,7122.000,1567.000,315.000,-850.000,64.000,0.000,0.000,0
2026-01-31 12:46:43,4478774,-3213.000,7454.000,1817.000,232.000,-848.000,132.000,0.000,0.000,0
2026-01-31 12:46:43,4478814,-3390.000,7338.000,1567.000,91.000,-452.000,111.000,0.000,0.000,0
2026-01-31 12:46:43,4478854,-3317.000,6851.000,1689.000,324.000,-324.000,46.000,0.000,0.000,0
2026-01-31 12:46:43,4478894,-3129.000,7014.000,1930.000,831.000,-379.000,91.000,0.000,0.000,0
2026-01-31 12:46:43,4478934,-3191.000,6977.000,2039.000,-32.000,-443.000,503.000,0.000,0.000,0
2026-01-31 12:46:43,4478974,-2956.000,7158.000,2687.000,-1798.000,-539.000,1052.000,0.000,0.000,0
2026-01-31 12:46:43,4479014,-2897.000,5697.000,2125.000,-3629.000,-115.000,1913.000,0.000,0.000,0
2026-01-31 12:46:43,4479054,-2748.000,6938.000,2149.000,401.000,248.000,2012.000,0.000,0.000,0
2026-01-31 12:46:43,4479094,-3451.000,7646.000,1931.000,1386.000,882.000,1611.000,0.000,0.000,0
2026-01-31 12:46:43,4479134,-3873.000,7946.000,1235.000,1449.000,968.000,1251.000,0.000,0.000,0
2026-01-31 12:46:43,4479174,-3396.000,8447.000,1850.000,87.000,371.000,884.000,0.000,0.000,0
2026-01-31 12:46:43,4479214,-2844.000,8033.000,1863.000,-1555.000,-235.000,672.000,0.000,0.000,0
2026-01-31 12:46:43,4479254,-2575.000,7147.000,1628.000,-433.000,-479.000,339.000,0.000,0.000,0
2026-01-31 12:46:43,4479294,-2664.000,7293.000,1585.000,1374.000,-525.000,-24.000,0.000,0.000,0
2026-01-31 12:46:43,4479334,-2617.000,7488.000,1850.000,12.000,-731.000,110.000,0.000,0.000,0
2026-01-31 12:46:43,4479374,-2591.000,6597.000,1855.000,-2305.000,-668.000,584.000,0.000,0.000,0
2026-01-31 12:46:44,4479414,-3309.000,8423.000,2435.000,-1108.000,-1474.000,1389.000,0.000,0.000,0
2026-01-31 12:46:44,4479454,-3590.000,7295.000,2365.000,-5195.000,-1848.000,1606.000,0.000,0.000,0
2026-01-31 12:46:44,4479494,-4187.000,5029.000,1625.000,-6439.000,-2418.000,2012.000,0.000,0.000,0
2026-01-31 12:46:44,4479534,-2443.000,5756.000,2925.000,-7086.000,-3942.000,3515.000,0.000,0.000,0
2026-01-31 12:46:44,4479574,-832.000,4542.000,3538.000,-9373.000,-4607.000,5171.000,0.000,0.000,0
2026-01-31 12:46:44,4479614,1528.000,6387.000,4277.000,-6734.000,-5487.000,6543.000,0.000,0.000,0
2026-01-31 12:46:44,4479654,5073.000,7673.000,5093.000,-7339.000,-5795.000,5515.000,0.000,0.000,0
2026-01-31 12:46:44,4479694,5345.000,4727.000,5707.000,-8532.000,-4560.000,2875.000,0.000,0.000,0
2026-01-31 12:46:44,4479734,5242.000,4076.000,6178.000,-2598.000,-4315.000,2018.000,0.000,0.000,0
2026-01-31 12:46:44,4479774,4217.000,5027.000,7876.000,-3736.000,-2686.000,1788.000,0.000,0.000,0
2026-01-31 12:46:44,4479814,3656.000,3344.000,10966.000,-4122.000,-1034.000,3004.000,0.000,0.000,0
2026-01-31 12:46:44,4479854,2066.000,4541.000,8112.000,-4705.000,2091.000,2078.000,0.000,0.000,0
2026-01-31 12:46:44,4479894,379.000,531.000,6881.000,-5543.000,1398.000,2431.000,0.000,0.000,0
2026-01-31 12:46:44,4479934,2824.000,-758.000,8604.000,1152.000,105.000,2489.000,0.000,0.000,0
2026-01-31 12:46:44,4479974,2243.000,3328.000,2449.000,17927.000,-10.000,1678.000,0.000,0.000,0
2026-01-31 12:46:44,4480014,2250.000,10142.000,1656.000,15278.000,-2357.000,862.000,0.000,0.000,0
2026-01-31 12:46:44,4480054,3630.000,6432.000,2981.000,3952.000,-4115.000,279.000,0.000,0.000,0
2026-01-31 12:46:44,4480094,4526.000,4347.000,5091.000,4021.000,-3455.000,125.000,0.000,0.000,0
2026-01-31 12:46:44,4480138,3975.000,5407.000,6548.000,9552.000,-1698.000,981.000,0.000,0.000,0
2026-01-31 12:46:44,4480203,3544.000,7652.000,1914.000,10598.000,954.000,-654.000,0.000,0.000,0
2026-01-31 12:46:44,4480218,3433.000,6323.000,384.000,10431.000,695.000,-915.000,0.000,0.000,0
2026-01-31 12:46:44,4480254,2850.000,8576.000,1091.000,5882.000,217.000,-181.000,0.000,0.000,0
2026-01-31 12:46:44,4480294,3334.000,6610.000,734.000,1571.000,-146.000,-263.000,0.000,0.000,0
2026-01-31 12:46:44,4480334,3505.000,8077.000,1066.000,4232.000,-42.000,-716.000,0.000,0.000,0
2026-01-31 12:46:44,4480374,3144.000,7818.000,815.000,1218.000,-85.000,-733.000,0.000,0.000,0
2026-01-31 12:46:45,4480414,3191.000,7422.000,660.000,-1063.000,-213.000,-474.000,0.000,0.000,0
2026-01-31 12:46:45,4480454,3346.000,7280.000,400.000,135.000,-70.000,-324.000,0.000,0.000,0
2026-01-31 12:46:45,4480494,3000.000,7781.000,386.000,312.000,-22.000,-475.000,0.000,0.000,0
2026-01-31 12:46:45,4480534,3006.000,7023.000,261.000,-1104.000,-117.000,-354.000,0.000,0.000,0
2026-01-31 12:46:45,4480574,3216.000,7619.000,836.000,399.000,76.000,-200.000,0.000,0.000,0
2026-01-31 12:46:45,4480614,3174.000,7520.000,888.000,-375.000,35.000,-35.000,0.000,0.000,0
2026-01-31 12:46:45,4480654,3083.000,7014.000,757.000,-796.000,-51.000,86.000,0.000,0.000,0
2026-01-31 12:46:45,4480694,3042.000,7645.000,1077.000,30.000,-49.000,74.000,0.000,0.000,0
2026-01-31 12:46:45,4480734,2969.000,7358.000,1061.000,-594.000,29.000,100.000,0.000,0.000,0
2026-01-31 12:46:45,4480774,3259.000,7058.000,888.000,-327.000,122.000,64.000,0.000,0.000,0
2026-01-31 12:46:45,4480814,3098.000,7529.000,901.000,1.000,257.000,-60.000,0.000,0.000,0
2026-01-31 12:46:45,4480854,2907.000,7190.000,627.000,-80.000,163.000,-266.000,0.000,0.000,0
2026-01-31 12:46:45,4480894,2904.000,7824.000,1129.000,-16.000,107.000,-493.000,0.000,0.000,0
2026-01-31 12:46:45,4480934,2712.000,7242.000,645.000,-732.000,13.000,-716.000,0.000,0.000,0
2026-01-31 12:46:45,4480974,3244.000,7118.000,837.000,670.000,-188.000,-697.000,0.000,0.000,0
2026-01-31 12:46:45,4481014,2362.000,7567.000,579.000,1825.000,88.000,-255.000,0.000,0.000,0
2026-01-31 12:46:45,4481054,2464.000,8042.000,375.000,1451.000,-120.000,-386.000,0.000,0.000,0
2026-01-31 12:46:45,4481094,3226.000,7642.000,546.000,171.000,-353.000,-513.000,0.000,0.000,0
2026-01-31 12:46:45,4481134,2755.000,7157.000,396.000,941.000,-116.000,-643.000,0.000,0.000,0
2026-01-31 12:46:45,4481174,2891.000,7763.000,356.000,1072.000,-152.000,-590.000,0.000,0.000,0
2026-01-31 12:46:45,4481214,2797.000,7676.000,540.000,353.000,-356.000,-571.000,0.000,0.000,0
2026-01-31 12:46:45,4481254,2837.000,7481.000,321.000,-133.000,-463.000,-508.000,0.000,0.000,0
2026-01-31 12:46:45,4481294,3036.000,7432.000,752.000,-844.000,-540.000,-435.000,0.000,0.000,0
2026-01-31 12:46:45,4481334,2473.000,7795.000,573.000,95.000,-298.000,-401.000,0.000,0.000,0
2026-01-31 12:46:45,4481374,2664.000,7705.000,386.000,1735.000,40.000,-630.000,0.000,0.000,0
2026-01-31 12:46:46,4481414,2366.000,7311.000,-569.000,2676.000,285.000,-851.000,0.000,0.000,0
2026-01-31 12:46:46,4481454,2003.000,8310.000,-701.000,2732.000,216.000,-958.000,0.000,0.000,0
2026-01-31 12:46:46,4481494,2201.000,7342.000,-864.000,2343.000,181.000,-1101.000,0.000,0.000,0
2026-01-31 12:46:46,4481534,1844.000,7726.000,-1067.000,2244.000,-184.000,-975.000,0.000,0.000,0
2026-01-31 12:46:46,4481574,1933.000,7543.000,-867.000,1085.000,-625.000,-665.000,0.000,0.000,0
2026-01-31 12:46:46,4481614,2272.000,7670.000,-441.000,1599.000,-569.000,-409.000,0.000,0.000,0
2026-01-31 12:46:46,4481654,2109.000,7814.000,-669.000,401.000,-310.000,-188.000,0.000,0.000,0
2026-01-31 12:46:46,4481694,1869.000,7731.000,-874.000,-1241.000,-158.000,-58.000,0.000,0.000,0
2026-01-31 12:46:46,4481734,2376.000,7699.000,-44.000,-1808.000,-305.000,71.000,0.000,0.000,0
2026-01-31 12:46:46,4481774,2349.000,7872.000,-365.000,-1514.000,-25.000,13.000,0.000,0.000,0
2026-01-31 12:46:46,4481814,2035.000,7664.000,-535.000,-2070.000,-216.000,42.000,0.000,0.000,0
2026-01-31 12:46:46,4481854,2141.000,7582.000,-406.000,-1988.000,-464.000,-28.000,0.000,0.000,0
2026-01-31 12:46:46,4481894,1989.000,7645.000,-188.000,-1643.000,-376.000,96.000,0.000,0.000,0
2026-01-31 12:46:46,4481934,1926.000,7455.000,-306.000,-994.000,-395.000,79.000,0.000,0.000,0
2026-01-31 12:46:46,4481974,2009.000,8210.000,151.000,139.000,-414.000,-50.000,0.000,0.000,0
2026-01-31 12:46:46,4482014,1842.000,7544.000,-143.000,-746.000,-276.000,43.000,0.000,0.000,0
2026-01-31 12:46:46,4482054,1897.000,7717.000,-230.000,186.000,-173.000,-1.000,0.000,0.000,0
2026-01-31 12:46:46,4482094,1990.000,7821.000,-33.000,503.000,-148.000,-20.000,0.000,0.000,0
2026-01-31 12:46:46,4482134,2068.000,7859.000,-52.000,329.000,-62.000,-79.000,0.000,0.000,0
2026-01-31 12:46:46,4482174,1897.000,7968.000,-5.000,461.000,-41.000,-12.000,0.000,0.000,0
2026-01-31 12:46:46,4482214,1853.000,7764.000,-114.000,-403.000,-20.000,31.000,0.000,0.000,0
2026-01-31 12:46:46,4482256,2070.000,7767.000,129.000,-273.000,10.000,34.000,0.000,0.000,0
2026-01-31 12:46:46,4482294,1985.000,7768.000,313.000,-272.000,211.000,17.000,0.000,0.000,0
2026-01-31 12:46:46,4482334,2043.000,7691.000,79.000,757.000,416.000,-29.000,0.000,0.000,0
2026-01-31 12:46:46,4482374,1853.000,7780.000,-83.000,1247.000,508.000,-141.000,0.000,0.000,0
2026-01-31 12:46:47,4482414,1977.000,7618.000,44.000,1150.000,473.000,-59.000,0.000,0.000,0
2026-01-31 12:46:47,4482454,1793.000,7804.000,-166.000,1673.000,783.000,-54.000,0.000,0.000,0
2026-01-31 12:46:47,4482494,2034.000,7793.000,-559.000,1766.000,955.000,-162.000,0.000,0.000,0
2026-01-31 12:46:47,4482534,2027.000,8045.000,-730.000,766.000,1038.000,-62.000,0.000,0.000,0
2026-01-31 12:46:47,4482574,1778.000,7563.000,-871.000,76.000,739.000,-91.000,0.000,0.000,0
2026-01-31 12:46:47,4482614,1952.000,7776.000,-671.000,-155.000,655.000,94.000,0.000,0.000,0
2026-01-31 12:46:47,4482654,2063.000,7252.000,-646.000,-4.000,770.000,194.000,0.000,0.000,0
2026-01-31 12:46:47,4482694,1704.000,8301.000,-402.000,747.000,940.000,255.000,0.000,0.000,0
2026-01-31 12:46:47,4482734,2145.000,7791.000,-861.000,805.000,934.000,-56.000,0.000,0.000,0
2026-01-31 12:46:47,4482774,2158.000,7606.000,-1209.000,1066.000,987.000,90.000,0.000,0.000,0
2026-01-31 12:46:47,4482814,1774.000,8152.000,-680.000,679.000,876.000,-219.000,0.000,0.000,0
2026-01-31 12:46:47,4482854,2030.000,7509.000,-847.000,612.000,925.000,-558.000,0.000,0.000,0
2026-01-31 12:46:47,4482894,2143.000,8486.000,-1413.000,2306.000,880.000,-785.000,0.000,0.000,0
2026-01-31 12:46:47,4482934,2729.000,7773.000,-1859.000,74.000,261.000,-1355.000,0.000,0.000,0
2026-01-31 12:46:47,4482974,2158.000,7568.000,-1063.000,91.000,127.000,-1532.000,0.000,0.000,0
2026-01-31 12:46:47,4483014,1392.000,8671.000,-532.000,1156.000,323.000,-1889.000,0.000,0.000,0
2026-01-31 12:46:47,4483054,1693.000,8086.000,-972.000,-236.000,28.000,-2305.000,0.000,0.000,0
2026-01-31 12:46:47,4483094,1222.000,7736.000,-852.000,701.000,275.000,-2373.000,0.000,0.000,0
2026-01-31 12:46:47,4483134,940.000,8390.000,-1506.000,-703.000,218.000,-2356.000,0.000,0.000,0
2026-01-31 12:46:47,4483174,1024.000,7116.000,-709.000,-1696.000,5.000,-2330.000,0.000,0.000,0
2026-01-31 12:46:47,4483214,263.000,7770.000,-848.000,91.000,490.000,-1979.000,0.000,0.000,0
2026-01-31 12:46:47,4483254,-173.000,8172.000,-1258.000,-1624.000,164.000,-1919.000,0.000,0.000,0
2026-01-31 12:46:47,4483294,256.000,7212.000,-44.000,-513.000,359.000,-1428.000,0.000,0.000,0
2026-01-31 12:46:47,4483334,-571.000,8631.000,-868.000,-543.000,549.000,-1367.000,0.000,0.000,0
2026-01-31 12:46:47,4483374,255.000,8279.000,350.000,-1040.000,356.000,-1415.000,0.000,0.000,0
2026-01-31 12:46:48,4483414,-511.000,7159.000,-252.000,-812.000,857.000,-1070.000,0.000,0.000,0
2026-01-31 12:46:48,4483454,-1144.000,8352.000,-776.000,-831.000,978.000,-860.000,0.000,0.000,0
2026-01-31 12:46:48,4483494,63.000,7727.000,-202.000,-2139.000,1185.000,-693.000,0.000,0.000,0
2026-01-31 12:46:48,4483534,-678.000,7481.000,-1190.000,-596.000,1673.000,-394.000,0.000,0.000,0
2026-01-31 12:46:48,4483574,-540.000,8734.000,-1639.000,-1377.000,1350.000,-283.000,0.000,0.000,0
2026-01-31 12:46:48,4483614,-564.000,6859.000,-634.000,-2693.000,588.000,-30.000,0.000,0.000,0
2026-01-31 12:46:48,4483654,-39.000,7524.000,1553.000,-1715.000,594.000,110.000,0.000,0.000,0
2026-01-31 12:46:48,4483694,343.000,7864.000,2956.000,-587.000,1264.000,393.000,0.000,0.000,0
2026-01-31 12:46:48,4483734,406.000,8284.000,442.000,-199.000,1840.000,520.000,0.000,0.000,0
2026-01-31 12:46:48,4483774,-470.000,6919.000,-1489.000,-258.000,1295.000,381.000,0.000,0.000,0
2026-01-31 12:46:48,4483814,-2578.000,8684.000,-2421.000,1513.000,414.000,486.000,0.000,0.000,0
2026-01-31 12:46:48,4483854,-652.000,7553.000,-2373.000,-319.000,-1578.000,875.000,0.000,0.000,0
2026-01-31 12:46:48,4483894,-471.000,6722.000,1007.000,-90.000,-2716.000,918.000,0.000,0.000,0
2026-01-31 12:46:48,4483934,-417.000,7663.000,496.000,1181.000,-2557.000,1734.000,0.000,0.000,0
2026-01-31 12:46:48,4483974,1676.000,8205.000,1076.000,585.000,-2741.000,2036.000,0.000,0.000,0
2026-01-31 12:46:48,4484014,1356.000,8620.000,1267.000,380.000,-2321.000,1977.000,0.000,0.000,0
2026-01-31 12:46:48,4484054,562.000,9536.000,1819.000,-276.000,-1692.000,1447.000,0.000,0.000,0
2026-01-31 12:46:48,4484094,449.000,8567.000,437.000,373.000,-885.000,795.000,0.000,0.000,0
2026-01-31 12:46:48,4484134,760.000,8306.000,488.000,-950.000,-586.000,715.000,0.000,0.000,0
2026-01-31 12:46:48,4484174,-126.000,7774.000,368.000,-574.000,-469.000,767.000,0.000,0.000,0
2026-01-31 12:46:48,4484221,504.000,7500.000,275.000,-1359.000,-688.000,1353.000,0.000,0.000,0
2026-01-31 12:46:48,4484254,2342.000,7089.000,784.000,419.000,-243.000,1577.000,0.000,0.000,0
2026-01-31 12:46:48,4484294,1091.000,9150.000,319.000,523.000,254.000,1262.000,0.000,0.000,0
2026-01-31 12:46:48,4484334,1568.000,8458.000,557.000,-2628.000,-352.000,1117.000,0.000,0.000,0
2026-01-31 12:46:48,4484374,2518.000,7808.000,1455.000,-1125.000,149.000,492.000,0.000,0.000,0
2026-01-31 12:46:49,4484414,990.000,7702.000,104.000,395.000,808.000,413.000,0.000,0.000,0
2026-01-31 12:46:49,4484454,2258.000,7863.000,355.000,-893.000,443.000,1004.000,0.000,0.000,0
2026-01-31 12:46:49,4484494,2274.000,7806.000,873.000,382.000,590.000,615.000,0.000,0.000,0
2026-01-31 12:46:49,4484534,1398.000,8165.000,1343.000,-1344.000,12.000,608.000,0.000,0.000,0
2026-01-31 12:46:49,4484574,1593.000,7476.000,1251.000,-3292.000,-797.000,1138.000,0.000,0.000,0
2026-01-31 12:46:49,4484614,1055.000,8066.000,2022.000,-357.000,-612.000,633.000,0.000,0.000,0
2026-01-31 12:46:49,4484654,1214.000,7999.000,1334.000,-598.000,-238.000,474.000,0.000,0.000,0
2026-01-31 12:46:49,4484694,2070.000,7281.000,886.000,-516.000,106.000,630.000,0.000,0.000,0
2026-01-31 12:46:49,4484734,1898.000,7775.000,1210.000,292.000,370.000,382.000,0.000,0.000,0
2026-01-31 12:46:49,4484774,1765.000,8276.000,1371.000,-510.000,161.000,607.000,0.000,0.000,0
2026-01-31 12:46:49,4484814,1926.000,7478.000,1145.000,-518.000,-76.000,632.000,0.000,0.000,0
2026-01-31 12:46:49,4484854,2096.000,7918.000,1814.000,-195.000,-24.000,621.000,0.000,0.000,0
2026-01-31 12:46:49,4484894,2419.000,6876.000,1667.000,84.000,201.000,491.000,0.000,0.000,0
2026-01-31 12:46:49,4484934,1977.000,8005.000,1949.000,1132.000,420.000,363.000,0.000,0.000,0
2026-01-31 12:46:49,4484974,2132.000,7702.000,1391.000,912.000,724.000,338.000,0.000,0.000,0
2026-01-31 12:46:49,4485014,2550.000,7592.000,814.000,1982.000,523.000,261.000,0.000,0.000,0
2026-01-31 12:46:49,4485054,2564.000,7472.000,901.000,219.000,268.000,156.000,0.000,0.000,0
2026-01-31 12:46:49,4485094,2653.000,7367.000,1176.000,-573.000,-65.000,119.000,0.000,0.000,0
2026-01-31 12:46:49,4485134,2565.000,7395.000,1049.000,149.000,236.000,-57.000,0.000,0.000,0
2026-01-31 12:46:49,4485174,2268.000,7630.000,689.000,1106.000,566.000,63.000,0.000,0.000,0
2026-01-31 12:46:49,4485214,2061.000,8157.000,645.000,1553.000,617.000,-43.000,0.000,0.000,0
2026-01-31 12:46:49,4485254,2245.000,8036.000,574.000,614.000,-10.000,-742.000,0.000,0.000,0
2026-01-31 12:46:49,4485294,2273.000,7750.000,947.000,-781.000,-322.000,-1426.000,0.000,0.000,0
2026-01-31 12:46:49,4485334,1842.000,7229.000,836.000,-1380.000,-178.000,-1337.000,0.000,0.000,0
2026-01-31 12:46:49,4485374,2276.000,8140.000,1304.000,-1454.000,-169.000,-1191.000,0.000,0.000,0
2026-01-31 12:46:50,4485414,1907.000,7652.000,1803.000,-2245.000,71.000,-922.000,0.000,0.000,0
2026-01-31 12:46:50,4485454,1702.000,7503.000,1764.000,-968.000,248.000,-611.000,0.000,0.000,0
2026-01-31 12:46:50,4485494,1726.000,7827.000,1646.000,368.000,416.000,-455.000,0.000,0.000,0
2026-01-31 12:46:50,4485534,1657.000,7658.000,1186.000,148.000,411.000,-467.000,0.000,0.000,0
2026-01-31 12:46:50,4485574,1511.000,7843.000,881.000,461.000,146.000,-460.000,0.000,0.000,0
2026-01-31 12:46:50,4485614,1330.000,7981.000,1220.000,-917.000,-325.000,-434.000,0.000,0.000,0
2026-01-31 12:46:50,4485654,1554.000,7483.000,1532.000,-1380.000,-369.000,-252.000,0.000,0.000,0
2026-01-31 12:46:50,4485694,1563.000,7666.000,1905.000,-573.000,-189.000,-105.000,0.000,0.000,0
2026-01-31 12:46:50,4485734,1506.000,7707.000,1759.000,169.000,5.000,-58.000,0.000,0.000,0
2026-01-31 12:46:50,4485774,1550.000,7801.000,1513.000,313.000,60.000,-43.000,0.000,0.000,0
2026-01-31 12:46:50,4485814,1558.000,7741.000,1671.000,218.000,60.000,57.000,0.000,0.000,0
2026-01-31 12:46:50,4485854,1418.000,7765.000,1752.000,62.000,125.000,37.000,0.000,0.000,0
2026-01-31 12:46:50,4485894,1742.000,7905.000,1623.000,-51.000,171.000,67.000,0.000,0.000,0
2026-01-31 12:46:50,4485934,1345.000,7809.000,1378.000,217.000,245.000,-1.000,0.000,0.000,0
2026-01-31 12:46:50,4485974,1368.000,7923.000,1415.000,-179.000,69.000,-66.000,0.000,0.000,0
2026-01-31 12:46:50,4486014,1322.000,7674.000,1673.000,-719.000,-72.000,-79.000,0.000,0.000,0
2026-01-31 12:46:50,4486054,1523.000,7917.000,1721.000,-483.000,31.000,-157.000,0.000,0.000,0
2026-01-31 12:46:50,4486094,1365.000,7701.000,1649.000,-921.000,70.000,-97.000,0.000,0.000,0
2026-01-31 12:46:50,4486134,1490.000,7675.000,1731.000,-604.000,-16.000,-92.000,0.000,0.000,0
2026-01-31 12:46:50,4486174,1531.000,7615.000,1907.000,-506.000,-96.000,-43.000,0.000,0.000,0
2026-01-31 12:46:50,4486214,1469.000,7834.000,2097.000,9.000,15.000,-70.000,0.000,0.000,0
2026-01-31 12:46:50,4486254,1499.000,7595.000,1897.000,19.000,154.000,-4.000,0.000,0.000,0
2026-01-31 12:46:50,4486294,1348.000,7853.000,1764.000,398.000,215.000,9.000,0.000,0.000,0
2026-01-31 12:46:50,4486334,1484.000,7784.000,1698.000,67.000,129.000,18.000,0.000,0.000,0
2026-01-31 12:46:50,4486374,1392.000,7641.000,1796.000,-70.000,73.000,37.000,0.000,0.000,0
2026-01-31 12:46:51,4486414,1482.000,7907.000,1825.000,213.000,66.000,36.000,0.000,0.000,0
2026-01-31 12:46:51,4486454,1374.000,7693.000,1891.000,-167.000,62.000,36.000,0.000,0.000,0
2026-01-31 12:46:51,4486494,1411.000,7806.000,1904.000,-87.000,95.000,35.000,0.000,0.000,0
2026-01-31 12:46:51,4486534,1539.000,7643.000,1885.000,-99.000,97.000,93.000,0.000,0.000,0
2026-01-31 12:46:51,4486574,1420.000,7715.000,1910.000,381.000,191.000,109.000,0.000,0.000,0
2026-01-31 12:46:51,4486614,1364.000,7857.000,1751.000,135.000,224.000,143.000,0.000,0.000,0
2026-01-31 12:46:51,4486654,1387.000,7845.000,1618.000,20.000,148.000,77.000,0.000,0.000,0
2026-01-31 12:46:51,4486694,1527.000,7931.000,1652.000,-227.000,-28.000,-49.000,0.000,0.000,0
2026-01-31 12:46:51,4486734,1540.000,7638.000,1937.000,-759.000,-101.000,-35.000,0.000,0.000,0
2026-01-31 12:46:51,4486774,1363.000,7872.000,2159.000,191.000,36.000,19.000,0.000,0.000,0
2026-01-31 12:46:51,4486814,1379.000,7793.000,1807.000,-124.000,83.000,-40.000,0.000,0.000,0
2026-01-31 12:46:51,4486854,1583.000,7633.000,1664.000,-367.000,-48.000,-8.000,0.000,0.000,0
2026-01-31 12:46:51,4486894,1395.000,7785.000,1841.000,-146.000,-97.000,16.000,0.000,0.000,0
2026-01-31 12:46:51,4486934,1487.000,7614.000,2077.000,-272.000,-204.000,58.000,0.000,0.000,0
2026-01-31 12:46:51,4486974,1411.000,7738.000,2126.000,-71.000,-177.000,97.000,0.000,0.000,0
2026-01-31 12:46:51,4487014,1610.000,7523.000,2056.000,156.000,-66.000,53.000,0.000,0.000,0
2026-01-31 12:46:51,4487054,1457.000,7925.000,2163.000,88.000,82.000,147.000,0.000,0.000,0
2026-01-31 12:46:51,4487094,1341.000,7648.000,1830.000,-65.000,105.000,75.000,0.000,0.000,0
2026-01-31 12:46:51,4487134,1322.000,7851.000,2012.000,477.000,108.000,-35.000,0.000,0.000,0
2026-01-31 12:46:51,4487174,1551.000,7705.000,2118.000,146.000,225.000,-24.000,0.000,0.000,0
2026-01-31 12:46:51,4487214,1448.000,7920.000,2123.000,-208.000,274.000,47.000,0.000,0.000,0
2026-01-31 12:46:51,4487254,1599.000,7949.000,2071.000,-947.000,215.000,94.000,0.000,0.000,0
2026-01-31 12:46:51,4487294,1524.000,7620.000,1942.000,-1401.000,266.000,101.000,0.000,0.000,0
2026-01-31 12:46:51,4487334,1440.000,7949.000,2377.000,-1445.000,300.000,47.000,0.000,0.000,0
2026-01-31 12:46:51,4487374,1720.000,7624.000,2612.000,-2371.000,351.000,101.000,0.000,0.000,0
2026-01-31 12:46:52,4487414,1533.000,7172.000,2599.000,-3130.000,439.000,494.000,0.000,0.000,0
2026-01-31 12:46:52,4487454,1709.000,7843.000,3163.000,-1921.000,498.000,501.000,0.000,0.000,0
2026-01-31 12:46:52,4487494,1156.000,7318.000,2949.000,-1220.000,687.000,191.000,0.000,0.000,0
2026-01-31 12:46:52,4487534,2021.000,9395.000,3383.000,-726.000,553.000,115.000,0.000,0.000,0
2026-01-31 12:46:52,4487574,1174.000,7191.000,4190.000,-5340.000,1455.000,-1306.000,0.000,0.000,0
2026-01-31 12:46:52,4487614,2157.000,9183.000,4663.000,-7518.000,1638.000,-1546.000,0.000,0.000,0
2026-01-31 12:46:52,4487654,1026.000,5683.000,5611.000,-11628.000,2653.000,-1557.000,0.000,0.000,0
2026-01-31 12:46:52,4487694,93.000,2385.000,6954.000,-8605.000,3140.000,-1106.000,0.000,0.000,0
2026-01-31 12:46:52,4487734,-426.000,3534.000,7078.000,210.000,3684.000,-741.000,0.000,0.000,0
2026-01-31 12:46:52,4487774,-474.000,6207.000,5411.000,4032.000,3735.000,-1078.000,0.000,0.000,0
2026-01-31 12:46:52,4487814,-1303.000,6011.000,3756.000,4283.000,3041.000,-1902.000,0.000,0.000,0
2026-01-31 12:46:52,4487854,-1712.000,6240.000,3836.000,4767.000,2404.000,-1919.000,0.000,0.000,0
2026-01-31 12:46:52,4487894,-1782.000,4849.000,2304.000,4014.000,1433.000,-1872.000,0.000,0.000,0
2026-01-31 12:46:52,4487934,-976.000,4834.000,1270.000,12760.000,206.000,-1520.000,0.000,0.000,0
2026-01-31 12:46:52,4487974,-1237.000,6461.000,666.000,19206.000,-401.000,-706.000,0.000,0.000,0
2026-01-31 12:46:52,4488014,-790.000,13175.000,980.000,13086.000,-610.000,132.000,0.000,0.000,0
2026-01-31 12:46:52,4488054,-1405.000,9461.000,-527.000,-2501.000,-2237.000,163.000,0.000,0.000,0
2026-01-31 12:46:52,4488094,-835.000,5879.000,1930.000,-1828.000,-2627.000,1109.000,0.000,0.000,0
2026-01-31 12:46:52,4488134,-652.000,8026.000,1995.000,-230.000,-2087.000,1794.000,0.000,0.000,0
2026-01-31 12:46:52,4488174,-1062.000,8182.000,1875.000,-996.000,-1308.000,2100.000,0.000,0.000,0
2026-01-31 12:46:52,4488219,-386.000,10885.000,1640.000,-993.000,-224.000,587.000,0.000,0.000,0
2026-01-31 12:46:52,4488254,-726.000,8667.000,1440.000,-3168.000,518.000,-593.000,0.000,0.000,0
2026-01-31 12:46:52,4488294,-577.000,10885.000,2108.000,-4111.000,539.000,-1368.000,0.000,0.000,0
2026-01-31 12:46:52,4488334,-507.000,9357.000,3047.000,-17943.000,-110.000,-1199.000,0.000,0.000,0
2026-01-31 12:46:52,4488374,222.000,5718.000,2611.000,-26026.000,-330.000,-539.000,0.000,0.000,0
2026-01-31 12:46:53,4488414,910.000,2862.000,4001.000,-23565.000,-1160.000,-270.000,0.000,0.000,0
2026-01-31 12:46:53,4488454,579.000,1343.000,5884.000,-14452.000,-1749.000,-457.000,0.000,0.000,0
2026-01-31 12:46:53,4488494,-173.000,1312.000,9025.000,-8685.000,-2468.000,-309.000,0.000,0.000,0
2026-01-31 12:46:53,4488534,-906.000,2908.000,8721.000,-3337.000,-1206.000,-561.000,0.000,0.000,0
2026-01-31 12:46:53,4488574,-1422.000,3639.000,6902.000,-1373.000,-969.000,-598.000,0.000,0.000,0
2026-01-31 12:46:53,4488614,-956.000,892.000,8362.000,-406.000,-1079.000,-1102.000,0.000,0.000,0
2026-01-31 12:46:53,4488654,-138.000,2371.000,8652.000,1558.000,-154.000,-1836.000,0.000,0.000,0
2026-01-31 12:46:53,4488694,-312.000,1457.000,7916.000,1025.000,-99.000,-1930.000,0.000,0.000,0
2026-01-31 12:46:53,4488734,-820.000,1335.000,7945.000,370.000,-371.000,-1504.000,0.000,0.000,0
2026-01-31 12:46:53,4488774,-769.000,748.000,7913.000,423.000,-786.000,-1190.000,0.000,0.000,0
2026-01-31 12:46:53,4488814,-296.000,1330.000,8700.000,649.000,-798.000,-673.000,0.000,0.000,0
2026-01-31 12:46:53,4488854,-642.000,1089.000,8658.000,-83.000,-465.000,-177.000,0.000,0.000,0
2026-01-31 12:46:53,4488894,-705.000,1808.000,8339.000,362.000,50.000,-43.000,0.000,0.000,0
2026-01-31 12:46:53,4488934,-530.000,2312.000,8523.000,208.000,325.000,-13.000,0.000,0.000,0
2026-01-31 12:46:53,4488974,-444.000,2225.000,8477.000,176.000,608.000,2.000,0.000,0.000,0
2026-01-31 12:46:53,4489014,-420.000,2392.000,8276.000,208.000,837.000,-173.000,0.000,0.000,0
2026-01-31 12:46:53,4489054,-605.000,2233.000,7811.000,-709.000,102.000,-718.000,0.000,0.000,0
2026-01-31 12:46:53,4489094,-140.000,2372.000,8991.000,-224.000,-317.000,-598.000,0.000,0.000,0
2026-01-31 12:46:53,4489134,-216.000,1913.000,8196.000,-319.000,-91.000,-825.000,0.000,0.000,0
2026-01-31 12:46:53,4489174,-713.000,1617.000,7937.000,-168.000,152.000,-483.000,0.000,0.000,0
2026-01-31 12:46:53,4489214,-362.000,1785.000,8004.000,-440.000,-175.000,-551.000,0.000,0.000,0
2026-01-31 12:46:53,4489254,-260.000,1521.000,8041.000,-314.000,-25.000,163.000,0.000,0.000,0
2026-01-31 12:46:53,4489294,-629.000,1164.000,8003.000,-53.000,-166.000,153.000,0.000,0.000,0
2026-01-31 12:46:53,4489334,-659.000,1717.000,8118.000,144.000,-249.000,-1.000,0.000,0.000,0
2026-01-31 12:46:53,4489374,-448.000,1922.000,8284.000,-109.000,-278.000,-33.000,0.000,0.000,0
2026-01-31 12:46:54,4489414,-414.000,1766.000,8161.000,-130.000,-127.000,-85.000,0.000,0.000,0
2026-01-31 12:46:54,4489454,-360.000,2041.000,8157.000,108.000,-140.000,-89.000,0.000,0.000,0
2026-01-31 12:46:54,4489494,-521.000,1844.000,8090.000,-44.000,-126.000,-60.000,0.000,0.000,0
2026-01-31 12:46:54,4489534,-437.000,1575.000,8196.000,74.000,-202.000,-200.000,0.000,0.000,0
2026-01-31 12:46:54,4489574,-350.000,1513.000,8169.000,206.000,-154.000,122.000,0.000,0.000,0
2026-01-31 12:46:54,4489614,-221.000,1746.000,8264.000,9.000,-265.000,321.000,0.000,0.000,0
2026-01-31 12:46:54,4489654,-448.000,1603.000,8121.000,19.000,-182.000,495.000,0.000,0.000,0
2026-01-31 12:46:54,4489694,-205.000,1216.000,7986.000,440.000,-299.000,492.000,0.000,0.000,0
2026-01-31 12:46:54,4489734,-169.000,2311.000,8383.000,1250.000,3.000,583.000,0.000,0.000,0
2026-01-31 12:46:54,4489774,-216.000,2563.000,8466.000,254.000,247.000,591.000,0.000,0.000,0
2026-01-31 12:46:54,4489814,-234.000,1292.000,8023.000,507.000,420.000,586.000,0.000,0.000,0
2026-01-31 12:46:54,4489854,-264.000,1529.000,7798.000,1333.000,355.000,614.000,0.000,0.000,0
2026-01-31 12:46:54,4489894,71.000,2307.000,7835.000,4668.000,217.000,1332.000,0.000,0.000,0
2026-01-31 12:46:54,4489934,30.000,2426.000,8517.000,5514.000,837.000,1938.000,0.000,0.000,0
2026-01-31 12:46:54,4489974,-21.000,3033.000,7272.000,9330.000,1398.000,2308.000,0.000,0.000,0
2026-01-31 12:46:54,4490014,-343.000,5970.000,5943.000,11776.000,1907.000,1869.000,0.000,0.000,0
2026-01-31 12:46:54,4490054,-851.000,6006.000,4638.000,9325.000,1345.000,1392.000,0.000,0.000,0
2026-01-31 12:46:54,4490094,-896.000,5725.000,4752.000,7907.000,1033.000,1320.000,0.000,0.000,0
2026-01-31 12:46:54,4490134,-175.000,5587.000,4366.000,10912.000,845.000,682.000,0.000,0.000,0
2026-01-31 12:46:54,4490174,-250.000,8289.000,2576.000,14535.000,222.000,-15.000,0.000,0.000,0
2026-01-31 12:46:54,4490216,-263.000,8788.000,2011.000,11141.000,-529.000,-280.000,0.000,0.000,0
2026-01-31 12:46:54,4490254,-413.000,7091.000,547.000,9968.000,-635.000,-947.000,0.000,0.000,0
2026-01-31 12:46:54,4490294,-507.000,9348.000,-150.000,12864.000,-502.000,-1104.000,0.000,0.000,0
2026-01-31 12:46:54,4490334,-291.000,8242.000,-420.000,7975.000,-1101.000,-830.000,0.000,0.000,0
2026-01-31 12:46:54,4490374,-225.000,8560.000,-374.000,5865.000,-1214.000,-238.000,0.000,0.000,0
2026-01-31 12:46:55,4490414,-922.000,8613.000,-1333.000,3779.000,-684.000,287.000,0.000,0.000,0
2026-01-31 12:46:55,4490454,-797.000,7356.000,-1414.000,-601.000,-235.000,493.000,0.000,0.000,0
2026-01-31 12:46:55,4490494,-369.000,8038.000,-1036.000,-441.000,-227.000,335.000,0.000,0.000,0
2026-01-31 12:46:55,4490534,-385.000,7638.000,-926.000,-666.000,124.000,502.000,0.000,0.000,0
2026-01-31 12:46:55,4490574,-515.000,7960.000,-1395.000,-138.000,345.000,527.000,0.000,0.000,0
2026-01-31 12:46:55,4490614,-416.000,7896.000,-1519.000,-113.000,197.000,395.000,0.000,0.000,0
2026-01-31 12:46:55,4490654,-185.000,7951.000,-2072.000,56.000,80.000,271.000,0.000,0.000,0
2026-01-31 12:46:55,4490694,205.000,7727.000,-1569.000,174.000,-158.000,345.000,0.000,0.000,0
2026-01-31 12:46:55,4490734,652.000,7858.000,-1908.000,-267.000,25.000,297.000,0.000,0.000,0
2026-01-31 12:46:55,4490774,1392.000,8432.000,-2103.000,72.000,203.000,233.000,0.000,0.000,0
2026-01-31 12:46:55,4490814,1183.000,8460.000,-1132.000,-883.000,912.000,154.000,0.000,0.000,0
2026-01-31 12:46:55,4490854,391.000,8751.000,-1640.000,-1601.000,1399.000,160.000,0.000,0.000,0
2026-01-31 12:46:55,4490894,71.000,9537.000,-1786.000,-2547.000,1033.000,394.000,0.000,0.000,0
2026-01-31 12:46:55,4490934,-375.000,9755.000,-263.000,-10546.000,-354.000,730.000,0.000,0.000,0
2026-01-31 12:46:55,4490974,720.000,5003.000,153.000,-5298.000,-1026.000,-280.000,0.000,0.000,0
2026-01-31 12:46:55,4491014,-265.000,8138.000,-43.000,978.000,795.000,-184.000,0.000,0.000,0
2026-01-31 12:46:55,4491054,968.000,8019.000,322.000,-536.000,999.000,47.000,0.000,0.000,0
2026-01-31 12:46:55,4491094,1164.000,7206.000,138.000,558.000,1051.000,133.000,0.000,0.000,0
2026-01-31 12:46:55,4491134,651.000,7482.000,-562.000,3890.000,1158.000,-93.000,0.000,0.000,0
2026-01-31 12:46:55,4491174,49.000,8051.000,-1555.000,2202.000,790.000,441.000,0.000,0.000,0
2026-01-31 12:46:55,4491214,274.000,6498.000,-1222.000,-219.000,-20.000,1135.000,0.000,0.000,0
2026-01-31 12:46:55,4491254,-1122.000,5886.000,-1928.000,1907.000,-123.000,1544.000,0.000,0.000,0
2026-01-31 12:46:55,4491294,-2409.000,7525.000,-277.000,5152.000,-961.000,2465.000,0.000,0.000,0
2026-01-31 12:46:55,4491334,-2711.000,8113.000,504.000,1004.000,-1733.000,3286.000,0.000,0.000,0
2026-01-31 12:46:55,4491374,-1229.000,8282.000,-88.000,-2585.000,-2190.000,3123.000,0.000,0.000,0
2026-01-31 12:46:56,4491414,2739.000,10214.000,2203.000,-2709.000,-1106.000,2076.000,0.000,0.000,0
2026-01-31 12:46:56,4491454,2026.000,5721.000,1748.000,-4071.000,387.000,670.000,0.000,0.000,0
2026-01-31 12:46:56,4491494,1676.000,8230.000,-72.000,-665.000,585.000,1791.000,0.000,0.000,0
2026-01-31 12:46:56,4491534,1209.000,9690.000,-1219.000,-6027.000,-257.000,2540.000,0.000,0.000,0
2026-01-31 12:46:56,4491574,1095.000,10172.000,95.000,-5012.000,-130.000,1623.000,0.000,0.000,0
2026-01-31 12:46:56,4491614,1856.000,8362.000,1316.000,-1214.000,286.000,476.000,0.000,0.000,0
2026-01-31 12:46:56,4491654,1920.000,7220.000,2513.000,57.000,662.000,-302.000,0.000,0.000,0
2026-01-31 12:46:56,4491694,1651.000,6230.000,619.000,-976.000,260.000,338.000,0.000,0.000,0
2026-01-31 12:46:56,4491734,1722.000,8037.000,1012.000,819.000,401.000,560.000,0.000,0.000,0
2026-01-31 12:46:56,4491774,2010.000,8399.000,941.000,41.000,680.000,-6.000,0.000,0.000,0
2026-01-31 12:46:56,4491814,1713.000,8080.000,1362.000,-2592.000,313.000,-479.000,0.000,0.000,0
2026-01-31 12:46:56,4491854,2051.000,7588.000,2045.000,-4209.000,148.000,-800.000,0.000,0.000,0
2026-01-31 12:46:56,4491894,1881.000,7193.000,1899.000,-2812.000,759.000,-921.000,0.000,0.000,0
2026-01-31 12:46:56,4491934,1638.000,8781.000,2329.000,-2972.000,552.000,-620.000,0.000,0.000,0
2026-01-31 12:46:56,4491974,1808.000,8418.000,3233.000,-9103.000,469.000,-653.000,0.000,0.000,0
2026-01-31 12:46:56,4492014,1951.000,6587.000,2697.000,-8185.000,864.000,-1205.000,0.000,0.000,0
2026-01-31 12:46:56,4492054,1501.000,7556.000,4113.000,-5673.000,893.000,-1237.000,0.000,0.000,0
2026-01-31 12:46:56,4492094,1412.000,6291.000,4822.000,-8250.000,1278.000,-1051.000,0.000,0.000,0
2026-01-31 12:46:56,4492134,1098.000,5976.000,4943.000,-3390.000,1446.000,-938.000,0.000,0.000,0
2026-01-31 12:46:56,4492174,509.000,5232.000,4704.000,-242.000,1256.000,-852.000,0.000,0.000,0
2026-01-31 12:46:56,4492214,509.000,7418.000,4945.000,5339.000,1268.000,-1466.000,0.000,0.000,0
2026-01-31 12:46:56,4492254,494.000,6826.000,4254.000,2411.000,670.000,-1039.000,0.000,0.000,0
2026-01-31 12:46:56,4492294,392.000,5888.000,3946.000,-2302.000,-33.000,-27.000,0.000,0.000,0
2026-01-31 12:46:56,4492334,312.000,5711.000,4533.000,-2016.000,-532.000,646.000,0.000,0.000,0
2026-01-31 12:46:56,4492374,473.000,7363.000,4784.000,-1630.000,-1218.000,1153.000,0.000,0.000,0
2026-01-31 12:46:57,4492414,712.000,7374.000,5148.000,-4365.000,-1687.000,1127.000,0.000,0.000,0
2026-01-31 12:46:57,4492454,763.000,6046.000,4821.000,-4991.000,-2003.000,810.000,0.000,0.000,0
2026-01-31 12:46:57,4492494,1316.000,5520.000,5580.000,-6384.000,-2231.000,-151.000,0.000,0.000,0
2026-01-31 12:46:57,4492534,1336.000,3955.000,7119.000,-4606.000,-1579.000,-365.000,0.000,0.000,0
2026-01-31 12:46:57,4492574,1667.000,4192.000,7045.000,-1771.000,-1032.000,-209.000,0.000,0.000,0
2026-01-31 12:46:57,4492614,1906.000,4650.000,7180.000,-730.000,-236.000,-12.000,0.000,0.000,0
2026-01-31 12:46:57,4492654,1558.000,4115.000,6875.000,-200.000,380.000,-6.000,0.000,0.000,0
2026-01-31 12:46:57,4492694,1230.000,4774.000,6649.000,1254.000,553.000,55.000,0.000,0.000,0
2026-01-31 12:46:57,4492734,1182.000,5440.000,6125.000,1282.000,377.000,-95.000,0.000,0.000,0
2026-01-31 12:46:57,4492774,1160.000,5183.000,5951.000,556.000,78.000,-240.000,0.000,0.000,0
2026-01-31 12:46:57,4492814,1310.000,5256.000,6310.000,13.000,-317.000,-173.000,0.000,0.000,0
2026-01-31 12:46:57,4492854,1366.000,4552.000,6512.000,-603.000,-449.000,27.000,0.000,0.000,0
2026-01-31 12:46:57,4492894,1505.000,4759.000,6674.000,-253.000,-350.000,194.000,0.000,0.000,0
2026-01-31 12:46:57,4492934,1652.000,5022.000,6604.000,8.000,2.000,252.000,0.000,0.000,0
2026-01-31 12:46:57,4492974,1395.000,5044.000,6442.000,-235.000,111.000,194.000,0.000,0.000,0
2026-01-31 12:46:57,4493014,1292.000,4985.000,6280.000,-168.000,9.000,120.000,0.000,0.000,0
2026-01-31 12:46:57,4493054,1384.000,4889.000,6368.000,-132.000,-136.000,112.000,0.000,0.000,0
2026-01-31 12:46:57,4493094,1554.000,5029.000,6608.000,-138.000,-179.000,89.000,0.000,0.000,0
2026-01-31 12:46:57,4493134,1603.000,4880.000,6591.000,-298.000,-80.000,35.000,0.000,0.000,0
2026-01-31 12:46:57,4493174,1443.000,4679.000,6527.000,-172.000,86.000,1.000,0.000,0.000,0
2026-01-31 12:46:57,4493214,1438.000,4868.000,6427.000,160.000,87.000,16.000,0.000,0.000,0
2026-01-31 12:46:57,4493254,1471.000,4994.000,6511.000,119.000,72.000,-24.000,0.000,0.000,0
2026-01-31 12:46:57,4493294,1502.000,4746.000,6489.000,22.000,62.000,-36.000,0.000,0.000,0
2026-01-31 12:46:57,4493334,1468.000,4975.000,6527.000,154.000,6.000,-6.000,0.000,0.000,0
2026-01-31 12:46:57,4493374,1445.000,4848.000,6397.000,60.000,-51.000,34.000,0.000,0.000,0
2026-01-31 12:46:58,4493414,1482.000,5143.000,6402.000,162.000,-131.000,-29.000,0.000,0.000,0
2026-01-31 12:46:58,4493454,1385.000,4812.000,6189.000,432.000,-177.000,-44.000,0.000,0.000,0
2026-01-31 12:46:58,4493494,1519.000,5042.000,6481.000,1296.000,-193.000,-53.000,0.000,0.000,0
2026-01-31 12:46:58,4493534,1550.000,5089.000,6518.000,1468.000,-102.000,-140.000,0.000,0.000,0
2026-01-31 12:46:58,4493574,1592.000,5047.000,6290.000,1459.000,25.000,-131.000,0.000,0.000,0
2026-01-31 12:46:58,4493614,1508.000,5348.000,6176.000,1080.000,129.000,-93.000,0.000,0.000,0
2026-01-31 12:46:58,4493654,1417.000,5547.000,5966.000,741.000,90.000,-123.000,0.000,0.000,0
2026-01-31 12:46:58,4493694,1417.000,5477.000,6117.000,156.000,-8.000,-156.000,0.000,0.000,0
2026-01-31 12:46:58,4493734,1500.000,5293.000,6206.000,-261.000,-5.000,-164.000,0.000,0.000,0
2026-01-31 12:46:58,4493774,1411.000,5334.000,6118.000,-182.000,31.000,-190.000,0.000,0.000,0
2026-01-31 12:46:58,4493814,1402.000,5502.000,6085.000,-82.000,14.000,-205.000,0.000,0.000,0
2026-01-31 12:46:58,4493854,1404.000,5371.000,6129.000,-401.000,6.000,-152.000,0.000,0.000,0
2026-01-31 12:46:58,4493894,1437.000,5211.000,6158.000,-483.000,34.000,-98.000,0.000,0.000,0
2026-01-31 12:46:58,4493934,1400.000,5259.000,6154.000,-289.000,60.000,-59.000,0.000,0.000,0
2026-01-31 12:46:58,4493974,1356.000,5345.000,6136.000,-59.000,53.000,-65.000,0.000,0.000,0
2026-01-31 12:46:58,4494014,1353.000,5333.000,6110.000,72.000,1.000,-79.000,0.000,0.000,0
2026-01-31 12:46:58,4494054,1371.000,5261.000,6159.000,-57.000,-38.000,-21.000,0.000,0.000,0
2026-01-31 12:46:58,4494094,1403.000,5322.000,6192.000,134.000,3.000,26.000,0.000,0.000,0
2026-01-31 12:46:58,4494134,1369.000,5338.000,6115.000,184.000,18.000,-10.000,0.000,0.000,0
2026-01-31 12:46:58,4494174,1381.000,5312.000,6093.000,49.000,-24.000,1.000,0.000,0.000,0
2026-01-31 12:46:58,4494214,1386.000,5327.000,6180.000,1.000,-28.000,-2.000,0.000,0.000,0
2026-01-31 12:46:58,4494258,1396.000,5322.000,6129.000,46.000,-23.000,-7.000,0.000,0.000,0
2026-01-31 12:46:58,4494294,1397.000,5337.000,6137.000,70.000,-5.000,7.000,0.000,0.000,0
2026-01-31 12:46:58,4494334,1395.000,5308.000,6123.000,47.000,-4.000,7.000,0.000,0.000,0
2026-01-31 12:46:58,4494374,1382.000,5365.000,6102.000,44.000,11.000,-6.000,0.000,0.000,0
2026-01-31 12:46:59,4494414,1408.000,5385.000,6130.000,-21.000,10.000,1.000,0.000,0.000,0
2026-01-31 12:46:59,4494454,1398.000,5300.000,6137.000,-38.000,15.000,-10.000,0.000,0.000,0
2026-01-31 12:46:59,4494494,1370.000,5357.000,6154.000,-11.000,13.000,5.000,0.000,0.000,0
2026-01-31 12:46:59,4494534,1374.000,5325.000,6147.000,-9.000,17.000,7.000,0.000,0.000,0
2026-01-31 12:46:59,4494574,1398.000,5355.000,6085.000,6.000,13.000,-9.000,0.000,0.000,0
2026-01-31 12:46:59,4494614,1384.000,5328.000,6136.000,1.000,12.000,1.000,0.000,0.000,0
2026-01-31 12:46:59,4494654,1379.000,5353.000,6123.000,11.000,13.000,2.000,0.000,0.000,0
2026-01-31 12:46:59,4494694,1386.000,5331.000,6143.000,-28.000,14.000,-2.000,0.000,0.000,0
2026-01-31 12:46:59,4494734,1395.000,5323.000,6140.000,0.000,20.000,9.000,0.000,0.000,0
2026-01-31 12:46:59,4494774,1375.000,5347.000,6143.000,0.000,19.000,13.000,0.000,0.000,0
2026-01-31 12:46:59,4494814,1391.000,5418.000,6099.000,34.000,10.000,5.000,0.000,0.000,0
2026-01-31 12:46:59,4494854,1391.000,5322.000,6134.000,-9.000,12.000,3.000,0.000,0.000,0
2026-01-31 12:46:59,4494894,1395.000,5320.000,6099.000,38.000,4.000,2.000,0.000,0.000,0
2026-01-31 12:46:59,4494934,1386.000,5313.000,6120.000,-20.000,-14.000,4.000,0.000,0.000,0
2026-01-31 12:46:59,4494974,1401.000,5319.000,6119.000,3.000,1.000,2.000,0.000,0.000,0
2026-01-31 12:46:59,4495014,1391.000,5317.000,6132.000,26.000,20.000,-5.000,0.000,0.000,0
2026-01-31 12:46:59,4495054,1391.000,5371.000,6135.000,10.000,17.000,5.000,0.000,0.000,0
2026-01-31 12:46:59,4495094,1424.000,5378.000,6141.000,-10.000,18.000,11.000,0.000,0.000,0
2026-01-31 12:46:59,4495134,1377.000,5334.000,6106.000,26.000,49.000,-1.000,0.000,0.000,0
2026-01-31 12:46:59,4495174,1382.000,5400.000,6114.000,9.000,7.000,11.000,0.000,0.000,0
2026-01-31 12:46:59,4495214,1384.000,5289.000,6144.000,-57.000,-5.000,-4.000,0.000,0.000,0
2026-01-31 12:46:59,4495254,1411.000,5361.000,6099.000,37.000,39.000,2.000,0.000,0.000,0
2026-01-31 12:46:59,4495294,1360.000,5356.000,6106.000,2.000,13.000,-7.000,0.000,0.000,0
2026-01-31 12:46:59,4495334,1385.000,5333.000,6144.000,-59.000,-17.000,1.000,0.000,0.000,0
2026-01-31 12:46:59,4495374,1403.000,5305.000,6156.000,-22.000,20.000,-5.000,0.000,0.000,0
2026-01-31 12:47:00,4495414,1401.000,5342.000,6124.000,43.000,30.000,8.000,0.000,0.000,0
2026-01-31 12:47:00,4495454,1391.000,5373.000,6119.000,-7.000,16.000,14.000,0.000,0.000,0
2026-01-31 12:47:00,4495494,1378.000,5349.000,6118.000,-3.000,18.000,7.000,0.000,0.000,0
2026-01-31 12:47:00,4495534,1397.000,5350.000,6111.000,1.000,19.000,3.000,0.000,0.000,0
2026-01-31 12:47:00,4495574,1388.000,5364.000,6114.000,2.000,19.000,6.000,0.000,0.000,0
2026-01-31 12:47:00,4495614,1385.000,5333.000,6138.000,-29.000,5.000,-4.000,0.000,0.000,0
2026-01-31 12:47:00,4495654,1368.000,5325.000,6138.000,-13.000,6.000,-14.000,0.000,0.000,0
2026-01-31 12:47:00,4495694,1396.000,5390.000,6125.000,12.000,20.000,-4.000,0.000,0.000,0
2026-01-31 12:47:00,4495734,1425.000,5323.000,6132.000,-18.000,16.000,-6.000,0.000,0.000,0
2026-01-31 12:47:00,4495774,1372.000,5336.000,6127.000,6.000,10.000,15.000,0.000,0.000,0
2026-01-31 12:47:00,4495814,1425.000,5397.000,6108.000,25.000,22.000,17.000,0.000,0.000,0
2026-01-31 12:47:00,4495854,1364.000,5342.000,6093.000,-29.000,20.000,-4.000,0.000,0.000,0
2026-01-31 12:47:00,4495894,1369.000,5334.000,6130.000,-30.000,-11.000,8.000,0.000,0.000,0
2026-01-31 12:47:00,4495934,1410.000,5341.000,6148.000,3.000,12.000,10.000,0.000,0.000,0
2026-01-31 12:47:00,4495974,1384.000,5347.000,6105.000,7.000,27.000,-7.000,0.000,0.000,0
2026-01-31 12:47:00,4496014,1380.000,5349.000,6140.000,-5.000,2.000,2.000,0.000,0.000,0
2026-01-31 12:47:00,4496054,1392.000,5329.000,6106.000,-15.000,-8.000,-20.000,0.000,0.000,0
2026-01-31 12:47:00,4496094,1396.000,5334.000,6171.000,-17.000,15.000,6.000,0.000,0.000,0
2026-01-31 12:47:00,4496134,1386.000,5323.000,6121.000,20.000,34.000,11.000,0.000,0.000,0
2026-01-31 12:47:00,4496174,1365.000,5375.000,6100.000,10.000,12.000,7.000,0.000,0.000,0
2026-01-31 12:47:00,4496214,1396.000,5345.000,6093.000,-8.000,19.000,10.000,0.000,0.000,0
2026-01-31 12:47:00,4496288,1393.000,5351.000,6130.000,-8.000,2.000,2.000,0.000,0.000,0
2026-01-31 12:47:00,4496335,1399.000,5334.000,6121.000,-7.000,8.000,-2.000,0.000,0.000,0
2026-01-31 12:47:00,4496374,1380.000,5333.000,6146.000,-1.000,9.000,-2.000,0.000,0.000,0
2026-01-31 12:47:01,4496414,1398.000,5331.000,6133.000,-62.000,-16.000,-5.000,0.000,0.000,0
2026-01-31 12:47:01,4496454,1393.000,5311.000,6139.000,2.000,15.000,4.000,0.000,0.000,0
2026-01-31 12:47:01,4496494,1363.000,5321.000,6079.000,80.000,13.000,8.000,0.000,0.000,0
2026-01-31 12:47:01,4496534,1389.000,5376.000,6105.000,-15.000,4.000,24.000,0.000,0.000,0
2026-01-31 12:47:01,4496574,1385.000,5354.000,6096.000,-24.000,17.000,-2.000,0.000,0.000,0
2026-01-31 12:47:01,4496614,1362.000,5344.000,6112.000,-12.000,-12.000,0.000,0.000,0.000,0
2026-01-31 12:47:01,4496654,1398.000,5331.000,6146.000,-23.000,-6.000,3.000,0.000,0.000,0
2026-01-31 12:47:01,4496694,1397.000,5376.000,6076.000,47.000,29.000,-5.000,0.000,0.000,0
2026-01-31 12:47:01,4496734,1372.000,5396.000,6126.000,-44.000,-5.000,-8.000,0.000,0.000,0
2026-01-31 12:47:01,4496774,1426.000,5362.000,6160.000,-27.000,-11.000,-3.000,0.000,0.000,0
2026-01-31 12:47:01,4496814,1374.000,5336.000,6095.000,42.000,30.000,2.000,0.000,0.000,0
2026-01-31 12:47:01,4496854,1403.000,5399.000,6099.000,-3.000,17.000,14.000,0.000,0.000,0
2026-01-31 12:47:01,4496894,1374.000,5325.000,6109.000,-33.000,6.000,0.000,0.000,0.000,0
2026-01-31 12:47:01,4496934,1372.000,5346.000,6120.000,1.000,16.000,14.000,0.000,0.000,0
2026-01-31 12:47:01,4496974,1386.000,5405.000,6120.000,-10.000,11.000,2.000,0.000,0.000,0
2026-01-31 12:47:01,4497014,1385.000,5344.000,6147.000,-50.000,-3.000,-1.000,0.000,0.000,0
2026-01-31 12:47:01,4497054,1411.000,5319.000,6124.000,20.000,10.000,-1.000,0.000,0.000,0
2026-01-31 12:47:01,4497094,1391.000,5366.000,6122.000,13.000,11.000,-3.000,0.000,0.000,0
2026-01-31 12:47:01,4497134,1409.000,5335.000,6135.000,-11.000,8.000,0.000,0.000,0.000,0
2026-01-31 12:47:01,4497174,1379.000,5377.000,6174.000,-30.000,-6.000,1.000,0.000,0.000,0
2026-01-31 12:47:01,4497214,1383.000,5348.000,6116.000,17.000,27.000,8.000,0.000,0.000,0
2026-01-31 12:47:01,4497254,1378.000,5356.000,6092.000,10.000,16.000,7.000,0.000,0.000,0
2026-01-31 12:47:01,4497294,1379.000,5360.000,6127.000,-20.000,2.000,4.000,0.000,0.000,0
2026-01-31 12:47:01,4497334,1443.000,5374.000,6110.000,10.000,11.000,11.000,0.000,0.000,0
2026-01-31 12:47:01,4497374,1369.000,5332.000,6104.000,-4.000,24.000,-6.000,0.000,0.000,0
2026-01-31 12:47:02,4497414,1381.000,5368.000,6142.000,-23.000,-11.000,6.000,0.000,0.000,0
2026-01-31 12:47:02,4497454,1420.000,5327.000,6136.000,5.000,15.000,-3.000,0.000,0.000,0
2026-01-31 12:47:02,4497494,1397.000,5339.000,6072.000,9.000,26.000,1.000,0.000,0.000,0
2026-01-31 12:47:02,4497534,1379.000,5356.000,6111.000,-22.000,4.000,3.000,0.000,0.000,0
2026-01-31 12:47:02,4497574,1412.000,5365.000,6099.000,-13.000,9.000,-5.000,0.000,0.000,0
2026-01-31 12:47:02,4497614,1385.000,5332.000,6129.000,-44.000,13.000,3.000,0.000,0.000,0
2026-01-31 12:47:02,4497654,1415.000,5372.000,6123.000,-8.000,5.000,3.000,0.000,0.000,0
2026-01-31 12:47:02,4497694,1377.000,5298.000,6109.000,-29.000,4.000,-5.000,0.000,0.000,0
2026-01-31 12:47:02,4497734,1406.000,5362.000,6121.000,-7.000,5.000,10.000,0.000,0.000,0
2026-01-31 12:47:02,4497774,1385.000,5341.000,6116.000,-45.000,17.000,-5.000,0.000,0.000,0
2026-01-31 12:47:02,4497814,1381.000,5359.000,6098.000,-37.000,14.000,6.000,0.000,0.000,0
2026-01-31 12:47:02,4497854,1378.000,5332.000,6140.000,-74.000,30.000,4.000,0.000,0.000,0
2026-01-31 12:47:02,4497894,1401.000,5351.000,6154.000,-45.000,23.000,4.000,0.000,0.000,0
2026-01-31 12:47:02,4497934,1375.000,5325.000,6143.000,-30.000,18.000,27.000,0.000,0.000,0
2026-01-31 12:47:02,4497974,1376.000,5262.000,6246.000,28.000,114.000,36.000,0.000,0.000,0
2026-01-31 12:47:02,4498014,1350.000,5288.000,6170.000,298.000,221.000,1.000,0.000,0.000,0
2026-01-31 12:47:02,4498054,1371.000,5188.000,6190.000,637.000,349.000,-162.000,0.000,0.000,0
2026-01-31 12:47:02,4498094,1317.000,5429.000,6037.000,1182.000,497.000,-307.000,0.000,0.000,0
2026-01-31 12:47:02,4498134,1320.000,5666.000,5896.000,1069.000,468.000,-371.000,0.000,0.000,0
2026-01-31 12:47:02,4498174,1183.000,5717.000,5862.000,400.000,408.000,-257.000,0.000,0.000,0
2026-01-31 12:47:02,4498214,1105.000,5627.000,5884.000,-45.000,322.000,-139.000,0.000,0.000,0
2026-01-31 12:47:02,4498254,1090.000,5743.000,5857.000,-99.000,112.000,-130.000,0.000,0.000,0
2026-01-31 12:47:02,4498294,1096.000,5766.000,5853.000,-404.000,9.000,-201.000,0.000,0.000,0
2026-01-31 12:47:02,4498334,1094.000,5772.000,6013.000,-599.000,-19.000,-314.000,0.000,0.000,0
2026-01-31 12:47:02,4498374,1081.000,5517.000,5934.000,-607.000,-135.000,-405.000,0.000,0.000,0
2026-01-31 12:47:03,4498414,1061.000,5431.000,6103.000,-520.000,-180.000,-469.000,0.000,0.000,0
2026-01-31 12:47:03,4498454,1123.000,5332.000,6244.000,-677.000,-142.000,-407.000,0.000,0.000,0
2026-01-31 12:47:03,4498494,1064.000,5183.000,6271.000,-407.000,-13.000,-331.000,0.000,0.000,0
2026-01-31 12:47:03,4498534,1092.000,5263.000,6327.000,-228.000,59.000,-272.000,0.000,0.000,0
2026-01-31 12:47:03,4498574,971.000,5610.000,6095.000,130.000,140.000,-302.000,0.000,0.000,0
2026-01-31 12:47:03,4498614,1022.000,5391.000,6125.000,32.000,137.000,-279.000,0.000,0.000,0
2026-01-31 12:47:03,4498654,966.000,5261.000,6194.000,64.000,178.000,-213.000,0.000,0.000,0
2026-01-31 12:47:03,4498694,904.000,5320.000,6162.000,141.000,216.000,-179.000,0.000,0.000,0
2026-01-31 12:47:03,4498734,929.000,5391.000,6057.000,-118.000,113.000,-169.000,0.000,0.000,0
2026-01-31 12:47:03,4498774,826.000,5249.000,6202.000,517.000,93.000,-107.000,0.000,0.000,0
2026-01-31 12:47:03,4498814,868.000,5668.000,5998.000,124.000,55.000,84.000,0.000,0.000,0
2026-01-31 12:47:03,4498854,814.000,5056.000,6218.000,28.000,-50.000,349.000,0.000,0.000,0
2026-01-31 12:47:03,4498894,985.000,5752.000,6338.000,10.000,3.000,245.000,0.000,0.000,0
2026-01-31 12:47:03,4498934,878.000,5345.000,5804.000,-456.000,-127.000,119.000,0.000,0.000,0
2026-01-31 12:47:03,4498974,875.000,5603.000,6147.000,-176.000,-214.000,55.000,0.000,0.000,0
2026-01-31 12:47:03,4499014,993.000,5300.000,6197.000,-266.000,-189.000,58.000,0.000,0.000,0
2026-01-31 12:47:03,4499054,921.000,5380.000,6187.000,-170.000,-126.000,89.000,0.000,0.000,0
2026-01-31 12:47:03,4499094,1032.000,5374.000,6233.000,-245.000,-107.000,153.000,0.000,0.000,0
2026-01-31 12:47:03,4499134,936.000,5410.000,6222.000,-26.000,2.000,56.000,0.000,0.000,0
2026-01-31 12:47:03,4499174,1046.000,5334.000,6145.000,-161.000,30.000,71.000,0.000,0.000,0
2026-01-31 12:47:03,4499214,1060.000,5150.000,6387.000,-219.000,111.000,56.000,0.000,0.000,0
2026-01-31 12:47:03,4499254,1052.000,5625.000,6185.000,217.000,189.000,-24.000,0.000,0.000,0
2026-01-31 12:47:03,4499294,1109.000,5070.000,6265.000,-199.000,156.000,110.000,0.000,0.000,0
2026-01-31 12:47:03,4499334,1010.000,5182.000,6225.000,-698.000,156.000,219.000,0.000,0.000,0
2026-01-31 12:47:03,4499374,908.000,5500.000,6534.000,-414.000,271.000,98.000,0.000,0.000,0
2026-01-31 12:47:04,4499414,1153.000,5348.000,6558.000,-573.000,442.000,-57.000,0.000,0.000,0
2026-01-31 12:47:04,4499454,928.000,4939.000,6375.000,-316.000,615.000,-261.000,0.000,0.000,0
2026-01-31 12:47:04,4499494,1077.000,5611.000,6581.000,501.000,746.000,-668.000,0.000,0.000,0
2026-01-31 12:47:04,4499534,639.000,5859.000,6626.000,978.000,1277.000,-1191.000,0.000,0.000,0
2026-01-31 12:47:04,4499574,437.000,5432.000,6369.000,1890.000,1640.000,-1694.000,0.000,0.000,0
2026-01-31 12:47:04,4499614,688.000,5830.000,6417.000,1761.000,2046.000,-1984.000,0.000,0.000,0
2026-01-31 12:47:04,4499654,-188.000,5872.000,6372.000,862.000,2433.000,-1721.000,0.000,0.000,0
2026-01-31 12:47:04,4499694,-126.000,5517.000,6671.000,-895.000,2295.000,-1431.000,0.000,0.000,0
2026-01-31 12:47:04,4499734,-338.000,5785.000,6517.000,-516.000,2789.000,-1257.000,0.000,0.000,0
2026-01-31 12:47:04,4499774,-1066.000,5363.000,6202.000,-1616.000,2912.000,-1115.000,0.000,0.000,0
2026-01-31 12:47:04,4499814,-745.000,5081.000,6216.000,-1332.000,2761.000,-767.000,0.000,0.000,0
2026-01-31 12:47:04,4499854,455.000,1507.000,6710.000,2391.000,2547.000,-1903.000,0.000,0.000,0
2026-01-31 12:47:04,4499894,-419.000,6121.000,4277.000,-1592.000,1785.000,501.000,0.000,0.000,0
2026-01-31 12:47:04,4499934,-2599.000,5911.000,5290.000,-4952.000,2806.000,250.000,0.000,0.000,0
2026-01-31 12:47:04,4499974,-2614.000,5002.000,4734.000,-4643.000,1749.000,-136.000,0.000,0.000,0
2026-01-31 12:47:04,4500014,-2602.000,5065.000,5236.000,-3301.000,1060.000,-284.000,0.000,0.000,0
2026-01-31 12:47:04,4500054,-2613.000,5960.000,5627.000,-4377.000,467.000,-609.000,0.000,0.000,0
2026-01-31 12:47:04,4500094,-2579.000,6472.000,6496.000,-7673.000,-74.000,-1151.000,0.000,0.000,0
2026-01-31 12:47:04,4500134,-2648.000,4242.000,6730.000,-13038.000,-861.000,-1819.000,0.000,0.000,0
2026-01-31 12:47:04,4500174,-2182.000,448.000,6824.000,-10451.000,-1247.000,-2257.000,0.000,0.000,0
2026-01-31 12:47:04,4500214,-2327.000,930.000,7828.000,-3480.000,-680.000,-2908.000,0.000,0.000,0
2026-01-31 12:47:04,4500258,-2576.000,772.000,7777.000,-1979.000,-503.000,-3042.000,0.000,0.000,0
2026-01-31 12:47:04,4500294,-2081.000,409.000,7429.000,-404.000,-436.000,-2606.000,0.000,0.000,0
2026-01-31 12:47:04,4500334,-2172.000,-6.000,7574.000,-516.000,-668.000,-2296.000,0.000,0.000,0
2026-01-31 12:47:04,4500374,-2065.000,175.000,8057.000,2.000,-823.000,-1801.000,0.000,0.000,0
2026-01-31 12:47:05,4500414,-1718.000,-204.000,8302.000,-552.000,-1018.000,-1272.000,0.000,0.000,0
2026-01-31 12:47:05,4500454,-1832.000,-197.000,8677.000,31.000,-652.000,-716.000,0.000,0.000,0
2026-01-31 12:47:05,4500494,-1877.000,165.000,8993.000,-27.000,-188.000,-115.000,0.000,0.000,0
2026-01-31 12:47:05,4500534,-1919.000,162.000,8702.000,-58.000,403.000,365.000,0.000,0.000,0
2026-01-31 12:47:05,4500574,-2163.000,715.000,8494.000,2.000,787.000,509.000,0.000,0.000,0
2026-01-31 12:47:05,4500614,-2279.000,526.000,8094.000,-71.000,946.000,566.000,0.000,0.000,0
2026-01-31 12:47:05,4500654,-2366.000,1004.000,7664.000,190.000,995.000,389.000,0.000,0.000,0
2026-01-31 12:47:05,4500694,-2569.000,1037.000,7468.000,-368.000,490.000,209.000,0.000,0.000,0
2026-01-31 12:47:05,4500734,-2616.000,644.000,8005.000,-453.000,304.000,-13.000,0.000,0.000,0
2026-01-31 12:47:05,4500774,-2904.000,1100.000,8278.000,585.000,830.000,-279.000,0.000,0.000,0
2026-01-31 12:47:05,4500814,-2552.000,304.000,7636.000,59.000,471.000,-333.000,0.000,0.000,0
2026-01-31 12:47:05,4500854,-2869.000,564.000,7697.000,480.000,469.000,-210.000,0.000,0.000,0
2026-01-31 12:47:05,4500894,-2635.000,547.000,7719.000,-797.000,-415.000,379.000,0.000,0.000,0
2026-01-31 12:47:05,4500934,-2854.000,346.000,7805.000,-551.000,-113.000,112.000,0.000,0.000,0
2026-01-31 12:47:05,4500974,-2475.000,508.000,8065.000,-65.000,-115.000,20.000,0.000,0.000,0
2026-01-31 12:47:05,4501014,-2596.000,691.000,8033.000,-137.000,-141.000,151.000,0.000,0.000,0
2026-01-31 12:47:05,4501054,-2724.000,472.000,7998.000,-324.000,-200.000,149.000,0.000,0.000,0
2026-01-31 12:47:05,4501094,-2482.000,679.000,8038.000,276.000,35.000,121.000,0.000,0.000,0
2026-01-31 12:47:05,4501134,-2666.000,466.000,8085.000,564.000,363.000,182.000,0.000,0.000,0
2026-01-31 12:47:05,4501174,-2608.000,917.000,7644.000,333.000,42.000,15.000,0.000,0.000,0
2026-01-31 12:47:05,4501214,-2679.000,646.000,8101.000,-194.000,-230.000,30.000,0.000,0.000,0
2026-01-31 12:47:05,4501254,-2516.000,565.000,8159.000,11.000,-181.000,-237.000,0.000,0.000,0
2026-01-31 12:47:05,4501294,-2515.000,652.000,7928.000,-161.000,-114.000,-174.000,0.000,0.000,0
2026-01-31 12:47:05,4501334,-2465.000,657.000,7903.000,-115.000,-108.000,-57.000,0.000,0.000,0
2026-01-31 12:47:05,4501374,-2448.000,674.000,7991.000,88.000,-3.000,86.000,0.000,0.000,0
2026-01-31 12:47:06,4501414,-2468.000,543.000,7886.000,-38.000,-90.000,29.000,0.000,0.000,0
2026-01-31 12:47:06,4501454,-2557.000,813.000,7955.000,246.000,-52.000,55.000,0.000,0.000,0
2026-01-31 12:47:06,4501494,-2539.000,589.000,7977.000,-122.000,-230.000,-73.000,0.000,0.000,0
2026-01-31 12:47:06,4501534,-2509.000,679.000,8130.000,197.000,-80.000,-75.000,0.000,0.000,0
2026-01-31 12:47:06,4501574,-2370.000,674.000,8059.000,83.000,-47.000,-105.000,0.000,0.000,0
2026-01-31 12:47:06,4501614,-2439.000,638.000,8014.000,-30.000,40.000,66.000,0.000,0.000,0
2026-01-31 12:47:06,4501654,-2588.000,818.000,7972.000,7.000,57.000,18.000,0.000,0.000,0
2026-01-31 12:47:06,4501694,-2496.000,773.000,8012.000,-761.000,-581.000,229.000,0.000,0.000,0
2026-01-31 12:47:06,4501734,-2292.000,399.000,8019.000,-574.000,-481.000,187.000,0.000,0.000,0
2026-01-31 12:47:06,4501774,-2287.000,596.000,8086.000,-364.000,-207.000,1.000,0.000,0.000,0
2026-01-31 12:47:06,4501814,-2160.000,479.000,7972.000,-159.000,-123.000,143.000,0.000,0.000,0
2026-01-31 12:47:06,4501854,-2280.000,703.000,8017.000,1752.000,989.000,-182.000,0.000,0.000,0
