datetime_local,uptime_ms,acc_x,acc_y,acc_z,gyro_x,gyro_y,gyro_z,speed_mps,turn_rate_deg_s,gps_valid
2026-01-30 23:05:06,193934,-487.000,-476.000,8395.000,-898.000,-50.000,-1686.000,0.000,0.000,0
2026-01-30 23:05:06,193974,459.000,-109.000,7588.000,855.000,-682.000,-1389.000,0.000,0.000,0
2026-01-30 23:05:06,194016,682.000,-345.000,6810.000,841.000,-485.000,-994.000,0.000,0.000,0
2026-01-30 23:05:06,194070,335.000,-1336.000,6211.000,-1476.000,-356.000,-424.000,0.000,0.000,0
2026-01-30 23:05:06,194097,237.000,-1795.000,6124.000,-1531.000,-416.000,-461.000,0.000,0.000,0
2026-01-30 23:05:07,194138,-129.000,-2110.000,6864.000,-246.000,-431.000,-657.000,0.000,0.000,0
2026-01-30 23:05:07,194174,-116.000,-1367.000,7417.000,777.000,-691.000,-709.000,0.000,0.000,0
2026-01-30 23:05:07,194214,113.000,-1424.000,8901.000,-162.000,-540.000,-440.000,0.000,0.000,0
2026-01-30 23:05:07,194254,658.000,-1541.000,8849.000,314.000,-452.000,-108.000,0.000,0.000,0
2026-01-30 23:05:07,194294,681.000,-1461.000,9360.000,1097.000,-135.000,375.000,0.000,0.000,0
2026-01-30 23:05:07,194334,1462.000,-700.000,9288.000,1730.000,-318.000,2405.000,0.000,0.000,0
2026-01-30 23:05:07,194374,2903.000,-1421.000,8408.000,960.000,-1139.000,3476.000,0.000,0.000,0
2026-01-30 23:05:07,194414,1162.000,-390.000,9095.000,2979.000,1377.000,4583.000,0.000,0.000,0
2026-01-30 23:05:07,194454,3667.000,-1228.000,6969.000,3075.000,-252.000,3105.000,0.000,0.000,0
2026-01-30 23:05:07,194494,3096.000,-1083.000,5651.000,6567.000,18.000,3335.000,0.000,0.000,0
2026-01-30 23:05:07,194534,2481.000,-895.000,4746.000,9155.000,-1037.000,4040.000,0.000,0.000,0
2026-01-30 23:05:07,194574,2523.000,563.000,5535.000,9927.000,-2356.000,4853.000,0.000,0.000,0
2026-01-30 23:05:07,194614,2859.000,3967.000,7306.000,7245.000,-3587.000,6967.000,0.000,0.000,0
2026-01-30 23:05:07,194654,2837.000,3976.000,8023.000,-705.000,-3188.000,8383.000,0.000,0.000,0
2026-01-30 23:05:07,194694,2698.000,1154.000,7962.000,-2217.000,-1870.000,7961.000,0.000,0.000,0
2026-01-30 23:05:07,194734,3334.000,1772.000,8867.000,3930.000,-592.000,6109.000,0.000,0.000,0
2026-01-30 23:05:07,194774,2865.000,3648.000,9385.000,7284.000,1109.000,4259.000,0.000,0.000,0
2026-01-30 23:05:07,194814,1903.000,4404.000,9337.000,5525.000,2087.000,3351.000,0.000,0.000,0
2026-01-30 23:05:07,194854,1777.000,4984.000,10721.000,2894.000,1741.000,2899.000,0.000,0.000,0
2026-01-30 23:05:07,194894,2002.000,4449.000,10542.000,476.000,1401.000,2409.000,0.000,0.000,0
2026-01-30 23:05:07,194934,2119.000,4237.000,10441.000,787.000,1353.000,1826.000,0.000,0.000,0
2026-01-30 23:05:07,194974,1421.000,4772.000,8957.000,1905.000,1629.000,651.000,0.000,0.000,0
2026-01-30 23:05:07,195014,1505.000,4103.000,7153.000,1726.000,1131.000,1071.000,0.000,0.000,0
2026-01-30 23:05:07,195054,1897.000,3018.000,5819.000,2116.000,302.000,2034.000,0.000,0.000,0
2026-01-30 23:05:07,195094,2368.000,2245.000,4735.000,2635.000,-242.000,2981.000,0.000,0.000,0
2026-01-30 23:05:08,195134,2311.000,1594.000,3602.000,3449.000,-694.000,3624.000,0.000,0.000,0
2026-01-30 23:05:08,195174,2558.000,1009.000,2748.000,4317.000,-1547.000,4249.000,0.000,0.000,0
2026-01-30 23:05:08,195214,3011.000,641.000,2111.000,5210.000,-2557.000,4751.000,0.000,0.000,0
2026-01-30 23:05:08,195254,4625.000,1619.000,2165.000,5877.000,-3960.000,5863.000,0.000,0.000,0
2026-01-30 23:05:08,195294,7456.000,3910.000,2948.000,6054.000,-5038.000,6699.000,0.000,0.000,0
2026-01-30 23:05:08,195334,9309.000,3065.000,2642.000,4125.000,-4482.000,6969.000,0.000,0.000,0
2026-01-30 23:05:08,195374,9277.000,2777.000,2601.000,8303.000,-3834.000,6326.000,0.000,0.000,0
2026-01-30 23:05:08,195414,12492.000,2823.000,351.000,13216.000,-5325.000,5812.000,0.000,0.000,0
2026-01-30 23:05:08,195454,12108.000,5536.000,-1510.000,17996.000,-3443.000,5757.000,0.000,0.000,0
2026-01-30 23:05:08,195494,10091.000,5055.000,-309.000,18844.000,142.000,9572.000,0.000,0.000,0
2026-01-30 23:05:08,195534,9731.000,5988.000,465.000,14220.000,1691.000,5623.000,0.000,0.000,0
2026-01-30 23:05:08,195574,9637.000,2463.000,-462.000,8922.000,-132.000,5168.000,0.000,0.000,0
2026-01-30 23:05:08,195614,7880.000,4115.000,112.000,5910.000,-141.000,3324.000,0.000,0.000,0
2026-01-30 23:05:08,195656,5731.000,2793.000,345.000,1486.000,-415.000,2722.000,0.000,0.000,0
2026-01-30 23:05:08,195696,4662.000,3374.000,1039.000,-364.000,-977.000,2556.000,0.000,0.000,0
2026-01-30 23:05:08,195734,4274.000,2164.000,646.000,-3532.000,-908.000,3735.000,0.000,0.000,0
2026-01-30 23:05:08,195774,5557.000,2293.000,979.000,-786.000,-1397.000,4042.000,0.000,0.000,0
2026-01-30 23:05:08,195814,7312.000,2393.000,1048.000,2237.000,-1188.000,4248.000,0.000,0.000,0
2026-01-30 23:05:08,195854,8970.000,3786.000,1240.000,3048.000,-766.000,3785.000,0.000,0.000,0
2026-01-30 23:05:08,195894,10000.000,4096.000,1895.000,2575.000,-500.000,3132.000,0.000,0.000,0
2026-01-30 23:05:08,195936,9782.000,4819.000,1985.000,280.000,-126.000,1379.000,0.000,0.000,0
2026-01-30 23:05:08,195974,11138.000,4598.000,1526.000,-2647.000,-392.000,-264.000,0.000,0.000,0
2026-01-30 23:05:08,196014,12091.000,4507.000,1598.000,-4250.000,-253.000,-1571.000,0.000,0.000,0
2026-01-30 23:05:08,196054,9297.000,3894.000,2001.000,-5021.000,329.000,-2835.000,0.000,0.000,0
2026-01-30 23:05:08,196094,11230.000,3535.000,-125.000,-4425.000,46.000,-3957.000,0.000,0.000,0
2026-01-30 23:05:09,196134,12339.000,2032.000,-2225.000,-5644.000,2906.000,-5003.000,0.000,0.000,0
2026-01-30 23:05:09,196174,9401.000,1573.000,-1456.000,-5914.000,4515.000,-6147.000,0.000,0.000,0
2026-01-30 23:05:09,196214,7633.000,1377.000,-752.000,-6324.000,4262.000,-7475.000,0.000,0.000,0
2026-01-30 23:05:09,196254,7021.000,1369.000,-670.000,-7027.000,3500.000,-8188.000,0.000,0.000,0
2026-01-30 23:05:09,196294,6881.000,1603.000,-851.000,-7683.000,3082.000,-8390.000,0.000,0.000,0
2026-01-30 23:05:09,196334,6998.000,1636.000,-1349.000,-9418.000,3036.000,-7784.000,0.000,0.000,0
2026-01-30 23:05:09,196374,7336.000,479.000,-1663.000,-10430.000,3380.000,-6698.000,0.000,0.000,0
2026-01-30 23:05:09,196414,6975.000,-603.000,-1716.000,-8331.000,3370.000,-5275.000,0.000,0.000,0
2026-01-30 23:05:09,196454,6608.000,-1634.000,-1617.000,-3675.000,2247.000,-3432.000,0.000,0.000,0
2026-01-30 23:05:09,196494,7298.000,120.000,-158.000,1446.000,-2061.000,-75.000,0.000,0.000,0
2026-01-30 23:05:09,196534,9823.000,1134.000,1236.000,1105.000,-6216.000,3268.000,0.000,0.000,0
2026-01-30 23:05:09,196574,10879.000,1202.000,659.000,-1660.000,-10207.000,5779.000,0.000,0.000,0
2026-01-30 23:05:09,196614,11159.000,1594.000,1007.000,-2126.000,-11796.000,6719.000,0.000,0.000,0
2026-01-30 23:05:09,196654,11386.000,2358.000,647.000,-2859.000,-10991.000,5919.000,0.000,0.000,0
2026-01-30 23:05:09,196694,9856.000,2086.000,-12.000,-2122.000,-7848.000,4444.000,0.000,0.000,0
2026-01-30 23:05:09,196734,8143.000,1124.000,-177.000,26.000,-5186.000,3356.000,0.000,0.000,0
2026-01-30 23:05:09,196774,5900.000,964.000,-169.000,4427.000,-3277.000,2613.000,0.000,0.000,0
2026-01-30 23:05:09,196814,4891.000,1622.000,423.000,8896.000,-3082.000,2681.000,0.000,0.000,0
2026-01-30 23:05:09,196854,5135.000,2163.000,525.000,10824.000,-3148.000,3233.000,0.000,0.000,0
2026-01-30 23:05:09,196894,6831.000,3665.000,-1465.000,9948.000,-2526.000,4211.000,0.000,0.000,0
2026-01-30 23:05:09,196934,8456.000,3968.000,-496.000,7907.000,-3083.000,3584.000,0.000,0.000,0
2026-01-30 23:05:09,196974,9824.000,4880.000,-2035.000,3509.000,-5127.000,1242.000,0.000,0.000,0
2026-01-30 23:05:09,197014,11595.000,6216.000,-2664.000,-4291.000,-7787.000,-1298.000,0.000,0.000,0
2026-01-30 23:05:09,197054,13926.000,6155.000,-6590.000,-16524.000,-10057.000,-5996.000,0.000,0.000,0
2026-01-30 23:05:09,197094,16362.000,3727.000,-6605.000,-20905.000,-9113.000,-10067.000,0.000,0.000,0
2026-01-30 23:05:10,197134,12546.000,4999.000,-6397.000,-17356.000,-5652.000,-11352.000,0.000,0.000,0
2026-01-30 23:05:10,197174,8452.000,4761.000,-4735.000,-14945.000,-3715.000,-11408.000,0.000,0.000,0
2026-01-30 23:05:10,197214,5938.000,3457.000,-4529.000,-14725.000,-2378.000,-9784.000,0.000,0.000,0
2026-01-30 23:05:10,197254,2835.000,780.000,-2700.000,-11015.000,-1581.000,-7542.000,0.000,0.000,0
2026-01-30 23:05:10,197294,1906.000,442.000,-2247.000,-3588.000,-2235.000,-2871.000,0.000,0.000,0
2026-01-30 23:05:10,197334,1095.000,1399.000,-1690.000,-1951.000,-1728.000,-562.000,0.000,0.000,0
2026-01-30 23:05:10,197374,-44.000,3150.000,88.000,-464.000,-2219.000,1687.000,0.000,0.000,0
2026-01-30 23:05:10,197414,-1110.000,6354.000,6.000,-2454.000,-1656.000,1672.000,0.000,0.000,0
2026-01-30 23:05:10,197454,1568.000,4854.000,2005.000,-1942.000,-2587.000,9.000,0.000,0.000,0
2026-01-30 23:05:10,197494,3104.000,8873.000,1480.000,1862.000,-1848.000,-2229.000,0.000,0.000,0
2026-01-30 23:05:10,197534,6782.000,7455.000,1749.000,-2923.000,-1520.000,-931.000,0.000,0.000,0
2026-01-30 23:05:10,197574,6700.000,9822.000,1320.000,-4345.000,750.000,1801.000,0.000,0.000,0
2026-01-30 23:05:10,197614,5122.000,7200.000,-831.000,-8337.000,-2377.000,4982.000,0.000,0.000,0
2026-01-30 23:05:10,197654,2712.000,6498.000,-928.000,-7454.000,-4041.000,4278.000,0.000,0.000,0
2026-01-30 23:05:10,197694,541.000,12553.000,-2338.000,2814.000,-5132.000,1144.000,0.000,0.000,0
2026-01-30 23:05:10,197734,-6883.000,3693.000,-6995.000,5709.000,-3190.000,323.000,0.000,0.000,0
2026-01-30 23:05:10,197774,-3807.000,9578.000,-10485.000,13859.000,-12152.000,-1365.000,0.000,0.000,0
2026-01-30 23:05:10,197814,-2229.000,6318.000,-5637.000,3869.000,-9046.000,505.000,0.000,0.000,0
2026-01-30 23:05:10,197854,-600.000,8637.000,1188.000,-3355.000,-9763.000,2966.000,0.000,0.000,0
2026-01-30 23:05:10,197894,2832.000,5133.000,-371.000,-13089.000,-12911.000,11472.000,0.000,0.000,0
2026-01-30 23:05:10,197936,12309.000,-2392.000,1740.000,-9555.000,-8057.000,15319.000,0.000,0.000,0
2026-01-30 23:05:10,197974,9058.000,-760.000,-1178.000,-9725.000,-1179.000,12809.000,0.000,0.000,0
2026-01-30 23:05:10,198014,6507.000,-3400.000,-8562.000,67.000,395.000,9092.000,0.000,0.000,0
2026-01-30 23:05:10,198054,8148.000,5859.000,-6086.000,18033.000,3144.000,-380.000,0.000,0.000,0
2026-01-30 23:05:10,198094,5040.000,-4069.000,-14371.000,30692.000,3190.000,-2530.000,0.000,0.000,0
2026-01-30 23:05:11,198134,7858.000,10253.000,-22987.000,32713.000,-438.000,-8229.000,0.000,0.000,0
2026-01-30 23:05:11,198174,8273.000,-2946.000,-12874.000,32713.000,-3107.000,-9839.000,0.000,0.000,0
2026-01-30 23:05:11,198214,8436.000,37.000,-15429.000,32713.000,-2079.000,-8251.000,0.000,0.000,0
2026-01-30 23:05:11,198254,11362.000,5203.000,1332.000,31940.000,-2213.000,-6173.000,0.000,0.000,0
2026-01-30 23:05:11,198294,6775.000,-3629.000,8504.000,22129.000,-3360.000,-6301.000,0.000,0.000,0
2026-01-30 23:05:11,198334,7108.000,614.000,5465.000,18356.000,-4047.000,-7047.000,0.000,0.000,0
2026-01-30 23:05:11,198374,11393.000,97.000,11661.000,769.000,-3585.000,-9119.000,0.000,0.000,0
2026-01-30 23:05:11,198414,5652.000,2081.000,6719.000,-20621.000,3179.000,-5966.000,0.000,0.000,0
2026-01-30 23:05:11,198454,5828.000,-2538.000,2120.000,-32723.000,4707.000,551.000,0.000,0.000,0
2026-01-30 23:05:11,198494,3412.000,-1790.000,2232.000,32721.000,6244.000,1074.000,0.000,0.000,0
2026-01-30 23:05:11,198534,4312.000,-3049.000,-4853.000,32721.000,2878.000,-5603.000,0.000,0.000,0
2026-01-30 23:05:11,198574,7173.000,-1690.000,-9003.000,-32735.000,-3697.000,-68.000,0.000,0.000,0
2026-01-30 23:05:11,198614,5623.000,150.000,-5859.000,-22589.000,-8624.000,2539.000,0.000,0.000,0
2026-01-30 23:05:11,198654,7850.000,-4206.000,-420.000,-15416.000,-11238.000,5215.000,0.000,0.000,0
2026-01-30 23:05:11,198694,7807.000,-7847.000,-3583.000,2953.000,-9330.000,3024.000,0.000,0.000,0
2026-01-30 23:05:11,198734,10680.000,-8090.000,-8546.000,31264.000,-1184.000,5164.000,0.000,0.000,0
2026-01-30 23:05:11,198774,5631.000,1135.000,-15838.000,32713.000,3290.000,-8996.000,0.000,0.000,0
2026-01-30 23:05:11,198814,1697.000,-73.000,-8579.000,32713.000,4805.000,-7983.000,0.000,0.000,0
2026-01-30 23:05:11,198854,895.000,18265.000,-6941.000,29749.000,-9383.000,636.000,0.000,0.000,0
2026-01-30 23:05:11,198894,19021.000,15241.000,-269.000,-26341.000,-15359.000,-6804.000,0.000,0.000,0
2026-01-30 23:05:11,198934,15806.000,22406.000,6216.000,-32579.000,-24899.000,-21934.000,0.000,0.000,0
2026-01-30 23:05:11,198974,16242.000,28047.000,-1617.000,32721.000,-20622.000,-22049.000,0.000,0.000,0
2026-01-30 23:05:11,199014,21883.000,814.000,-10654.000,32721.000,4962.000,-18516.000,0.000,0.000,0
2026-01-30 23:05:11,199054,11840.000,-1755.000,-153.000,-23214.000,18141.000,-11499.000,0.000,0.000,0
2026-01-30 23:05:11,199094,9018.000,608.000,313.000,-16523.000,17712.000,-9436.000,0.000,0.000,0
2026-01-30 23:05:12,199134,3642.000,-3335.000,3807.000,-8577.000,16191.000,-13691.000,0.000,0.000,0
2026-01-30 23:05:12,199174,2848.000,-1080.000,3214.000,-13753.000,8835.000,-9463.000,0.000,0.000,0
2026-01-30 23:05:12,199214,1946.000,-2861.000,5290.000,-11343.000,7176.000,-8264.000,0.000,0.000,0
2026-01-30 23:05:12,199254,1219.000,-3918.000,6641.000,-4442.000,6150.000,-6045.000,0.000,0.000,0
2026-01-30 23:05:12,199294,1774.000,-3202.000,7585.000,-4937.000,6026.000,-5459.000,0.000,0.000,0
2026-01-30 23:05:12,199334,369.000,-7936.000,6049.000,-1266.000,6847.000,-2524.000,0.000,0.000,0
2026-01-30 23:05:12,199374,-3633.000,-4768.000,9638.000,4949.000,6845.000,-3690.000,0.000,0.000,0
2026-01-30 23:05:12,199414,-3372.000,-5053.000,10290.000,1987.000,5191.000,-6577.000,0.000,0.000,0
2026-01-30 23:05:12,199454,-1643.000,-6834.000,9595.000,4948.000,4031.000,-8392.000,0.000,0.000,0
2026-01-30 23:05:12,199494,2241.000,-4556.000,11905.000,8713.000,3180.000,-8078.000,0.000,0.000,0
2026-01-30 23:05:12,199534,4382.000,-2489.000,12833.000,9004.000,5408.000,-6188.000,0.000,0.000,0
2026-01-30 23:05:12,199574,9321.000,-1815.000,5442.000,4936.000,13487.000,-3409.000,0.000,0.000,0
2026-01-30 23:05:12,199614,4744.000,-241.000,-4535.000,16297.000,23599.000,-10756.000,0.000,0.000,0
2026-01-30 23:05:12,199654,1990.000,5204.000,-4075.000,23782.000,22527.000,-22427.000,0.000,0.000,0
2026-01-30 23:05:12,199694,5006.000,1915.000,-9008.000,15538.000,13791.000,-29550.000,0.000,0.000,0
2026-01-30 23:05:12,199734,-6706.000,-9028.000,-5469.000,20913.000,10789.000,-32700.000,0.000,0.000,0
2026-01-30 23:05:12,199774,-3997.000,-4180.000,2920.000,24444.000,-3982.000,-29036.000,0.000,0.000,0
2026-01-30 23:05:12,199814,-5993.000,-1293.000,10749.000,12623.000,-9821.000,-16187.000,0.000,0.000,0
2026-01-30 23:05:12,199854,-2779.000,-1467.000,21450.000,-8786.000,-5600.000,-1500.000,0.000,0.000,0
2026-01-30 23:05:12,199894,-5115.000,3081.000,18602.000,-4235.000,3504.000,-134.000,0.000,0.000,0
2026-01-30 23:05:12,199936,-6145.000,-8159.000,1326.000,-1892.000,-1035.000,1671.000,0.000,0.000,0
2026-01-30 23:05:12,199974,-2172.000,-2095.000,7870.000,-5934.000,-279.000,7885.000,0.000,0.000,0
2026-01-30 23:05:12,200014,-4723.000,-904.000,3464.000,-9906.000,5295.000,11898.000,0.000,0.000,0
2026-01-30 23:05:12,200054,-12406.000,-1433.000,5426.000,-20007.000,5645.000,15752.000,0.000,0.000,0
2026-01-30 23:05:12,200094,-5319.000,1070.000,3471.000,-10054.000,883.000,15283.000,0.000,0.000,0
2026-01-30 23:05:13,200134,-9091.000,-4627.000,1113.000,-25050.000,1637.000,19768.000,0.000,0.000,0
2026-01-30 23:05:13,200174,406.000,-3613.000,633.000,-10727.000,-1418.000,23345.000,0.000,0.000,0
2026-01-30 23:05:13,200214,-3834.000,-4645.000,-5050.000,-7481.000,39.000,29533.000,0.000,0.000,0
2026-01-30 23:05:13,200254,-7202.000,-4103.000,-8852.000,5272.000,1067.000,28534.000,0.000,0.000,0
2026-01-30 23:05:13,200294,-21067.000,18886.000,-3340.000,24779.000,6672.000,14067.000,0.000,0.000,0
2026-01-30 23:05:13,200334,-16579.000,12892.000,7800.000,-8328.000,-6327.000,-10930.000,0.000,0.000,0
2026-01-30 23:05:13,200374,-8076.000,-2351.000,768.000,-7795.000,-6222.000,-20619.000,0.000,0.000,0
2026-01-30 23:05:13,200414,-8840.000,3894.000,1374.000,10805.000,-7521.000,-24403.000,0.000,0.000,0
2026-01-30 23:05:13,200454,-8202.000,-2896.000,-2346.000,1775.000,-12387.000,-16120.000,0.000,0.000,0
2026-01-30 23:05:13,200494,-7788.000,-8007.000,600.000,3690.000,-13361.000,-6178.000,0.000,0.000,0
2026-01-30 23:05:13,200534,-4159.000,4911.000,6619.000,18173.000,-10692.000,-1706.000,0.000,0.000,0
2026-01-30 23:05:13,200574,-6851.000,5624.000,6966.000,7741.000,-3825.000,245.000,0.000,0.000,0
2026-01-30 23:05:13,200614,-4338.000,-3629.000,5232.000,3081.000,-3557.000,395.000,0.000,0.000,0
2026-01-30 23:05:13,200654,-3053.000,-1875.000,3844.000,8084.000,-3853.000,-281.000,0.000,0.000,0
2026-01-30 23:05:13,200694,-477.000,-1129.000,2585.000,8575.000,-4371.000,-1064.000,0.000,0.000,0
2026-01-30 23:05:13,200734,-1209.000,48.000,2057.000,9599.000,-1780.000,-1429.000,0.000,0.000,0
2026-01-30 23:05:13,200774,-2644.000,4022.000,1944.000,9746.000,-349.000,-1840.000,0.000,0.000,0
2026-01-30 23:05:13,200814,-3478.000,5215.000,4192.000,5303.000,1105.000,-996.000,0.000,0.000,0
2026-01-30 23:05:13,200854,-5481.000,3511.000,4883.000,3378.000,2647.000,10.000,0.000,0.000,0
2026-01-30 23:05:13,200894,-6143.000,5725.000,6094.000,5364.000,3279.000,1430.000,0.000,0.000,0
2026-01-30 23:05:13,200934,-5956.000,9407.000,6174.000,2216.000,3361.000,3379.000,0.000,0.000,0
2026-01-30 23:05:13,200974,-7110.000,8154.000,5343.000,-1198.000,4597.000,4022.000,0.000,0.000,0
2026-01-30 23:05:13,201014,-9145.000,6730.000,2293.000,-1700.000,4614.000,3422.000,0.000,0.000,0
2026-01-30 23:05:13,201054,-8572.000,8633.000,990.000,-1250.000,2677.000,2557.000,0.000,0.000,0
2026-01-30 23:05:13,201094,-6041.000,9451.000,3548.000,-865.000,2222.000,2055.000,0.000,0.000,0
2026-01-30 23:05:14,201134,-4671.000,5399.000,2671.000,-5306.000,5369.000,1209.000,0.000,0.000,0
2026-01-30 23:05:14,201174,-4025.000,1220.000,2091.000,-5244.000,5854.000,1286.000,0.000,0.000,0
2026-01-30 23:05:14,201214,-3376.000,-419.000,2909.000,-1968.000,6253.000,1192.000,0.000,0.000,0
2026-01-30 23:05:14,201254,-5148.000,954.000,4448.000,-190.000,5420.000,793.000,0.000,0.000,0
2026-01-30 23:05:14,201294,-6631.000,5234.000,3815.000,-1754.000,3395.000,38.000,0.000,0.000,0
2026-01-30 23:05:14,201334,-7126.000,4749.000,4162.000,-7138.000,609.000,-580.000,0.000,0.000,0
2026-01-30 23:05:14,201374,-7108.000,2958.000,4035.000,-7183.000,-1003.000,-1199.000,0.000,0.000,0
2026-01-30 23:05:14,201414,-8280.000,3574.000,5540.000,-3979.000,-779.000,-835.000,0.000,0.000,0
2026-01-30 23:05:14,201454,-8253.000,3775.000,5687.000,-5631.000,-215.000,-2075.000,0.000,0.000,0
2026-01-30 23:05:14,201494,-8579.000,1927.000,5382.000,-6602.000,-590.000,-1982.000,0.000,0.000,0
2026-01-30 23:05:14,201534,-10614.000,3892.000,4889.000,-4746.000,-26.000,-1653.000,0.000,0.000,0
2026-01-30 23:05:14,201574,-9610.000,2574.000,4421.000,-8227.000,-1341.000,-1254.000,0.000,0.000,0
2026-01-30 23:05:14,201614,-8227.000,1177.000,2812.000,-7910.000,-2229.000,-1816.000,0.000,0.000,0
2026-01-30 23:05:14,201654,-7355.000,1328.000,1618.000,-7029.000,-2724.000,-1307.000,0.000,0.000,0
2026-01-30 23:05:14,201694,-5707.000,-1957.000,2982.000,-4742.000,-2906.000,-609.000,0.000,0.000,0
2026-01-30 23:05:14,201734,-3842.000,80.000,4633.000,-1002.000,-2699.000,-259.000,0.000,0.000,0
2026-01-30 23:05:14,201774,-3222.000,1394.000,3729.000,-5897.000,-2820.000,730.000,0.000,0.000,0
2026-01-30 23:05:14,201814,-2830.000,-1205.000,3122.000,-10296.000,-2894.000,1603.000,0.000,0.000,0
2026-01-30 23:05:14,201854,-3951.000,-1300.000,4787.000,-620.000,-1579.000,-159.000,0.000,0.000,0
2026-01-30 23:05:14,201894,-5890.000,-1596.000,5208.000,-732.000,-749.000,-257.000,0.000,0.000,0
2026-01-30 23:05:14,201937,-6284.000,-1782.000,7622.000,-3065.000,-867.000,30.000,0.000,0.000,0
2026-01-30 23:05:14,201974,-6182.000,-3916.000,7323.000,3145.000,-530.000,281.000,0.000,0.000,0
2026-01-30 23:05:14,202014,-8898.000,672.000,7063.000,8359.000,-664.000,515.000,0.000,0.000,0
2026-01-30 23:05:14,202054,-7111.000,54.000,8721.000,4458.000,-1541.000,332.000,0.000,0.000,0
2026-01-30 23:05:14,202094,-6847.000,702.000,8777.000,4393.000,-1266.000,-615.000,0.000,0.000,0
2026-01-30 23:05:15,202134,-4825.000,2487.000,8057.000,2925.000,-1483.000,-462.000,0.000,0.000,0
2026-01-30 23:05:15,202174,-4463.000,3414.000,7955.000,-1094.000,-1060.000,94.000,0.000,0.000,0
2026-01-30 23:05:15,202214,-3232.000,1157.000,7940.000,-561.000,-690.000,1300.000,0.000,0.000,0
2026-01-30 23:05:15,202254,-3884.000,52.000,5250.000,1439.000,188.000,1726.000,0.000,0.000,0
2026-01-30 23:05:15,202294,-2972.000,381.000,4256.000,2122.000,-150.000,1261.000,0.000,0.000,0
2026-01-30 23:05:15,202334,-2252.000,-815.000,4115.000,1833.000,-174.000,653.000,0.000,0.000,0
2026-01-30 23:05:15,202374,-2907.000,579.000,4150.000,4051.000,411.000,-6.000,0.000,0.000,0
2026-01-30 23:05:15,202414,-3183.000,594.000,4989.000,2700.000,433.000,-571.000,0.000,0.000,0
2026-01-30 23:05:15,202454,-3167.000,-219.000,6480.000,3705.000,436.000,-1397.000,0.000,0.000,0
2026-01-30 23:05:15,202494,-4485.000,3266.000,6987.000,6469.000,1273.000,-2393.000,0.000,0.000,0
2026-01-30 23:05:15,202534,-5352.000,4388.000,8406.000,2577.000,1965.000,-3261.000,0.000,0.000,0
2026-01-30 23:05:15,202574,-8088.000,1873.000,8404.000,-2242.000,1621.000,-2851.000,0.000,0.000,0
2026-01-30 23:05:15,202614,-9726.000,402.000,9518.000,-749.000,-134.000,-1999.000,0.000,0.000,0
2026-01-30 23:05:15,202654,-9170.000,141.000,8060.000,-1432.000,-120.000,-1179.000,0.000,0.000,0
2026-01-30 23:05:15,202694,-7707.000,-1240.000,6385.000,-542.000,1118.000,-868.000,0.000,0.000,0
2026-01-30 23:05:15,202734,-6074.000,-1612.000,5388.000,1423.000,2568.000,-193.000,0.000,0.000,0
2026-01-30 23:05:15,202774,-5116.000,-1763.000,4971.000,2027.000,3064.000,1550.000,0.000,0.000,0
2026-01-30 23:05:15,202814,-2935.000,-759.000,4203.000,3035.000,2951.000,4104.000,0.000,0.000,0
2026-01-30 23:05:15,202854,-1581.000,458.000,2058.000,4288.000,3161.000,6020.000,0.000,0.000,0
2026-01-30 23:05:15,202894,-1469.000,2522.000,162.000,6000.000,2989.000,6433.000,0.000,0.000,0
2026-01-30 23:05:15,202934,-2651.000,4695.000,27.000,6620.000,1932.000,5630.000,0.000,0.000,0
2026-01-30 23:05:15,202974,-4822.000,5178.000,954.000,5368.000,3.000,3628.000,0.000,0.000,0
2026-01-30 23:05:15,203014,-8203.000,7005.000,2601.000,2960.000,-1260.000,593.000,0.000,0.000,0
2026-01-30 23:05:15,203054,-8732.000,6108.000,4457.000,2240.000,-2090.000,-289.000,0.000,0.000,0
2026-01-30 23:05:15,203094,-9249.000,7737.000,4854.000,1787.000,-3379.000,-1304.000,0.000,0.000,0
2026-01-30 23:05:16,203134,-7591.000,8039.000,5730.000,-1155.000,-3251.000,-1572.000,0.000,0.000,0
2026-01-30 23:05:16,203174,-7050.000,7470.000,6850.000,-1925.000,-3153.000,-1655.000,0.000,0.000,0
2026-01-30 23:05:16,203214,-5762.000,7000.000,5677.000,-3561.000,-3160.000,-1474.000,0.000,0.000,0
2026-01-30 23:05:16,203254,-3864.000,6375.000,5281.000,-5640.000,-2093.000,-807.000,0.000,0.000,0
2026-01-30 23:05:16,203294,-3117.000,5827.000,6311.000,-9105.000,-843.000,851.000,0.000,0.000,0
2026-01-30 23:05:16,203334,-3600.000,2837.000,6046.000,-14227.000,-589.000,2213.000,0.000,0.000,0
2026-01-30 23:05:16,203374,-3835.000,1754.000,4474.000,-4208.000,328.000,1684.000,0.000,0.000,0
2026-01-30 23:05:16,203414,-2932.000,2602.000,4832.000,-3899.000,523.000,915.000,0.000,0.000,0
2026-01-30 23:05:16,203454,-2600.000,-1709.000,3031.000,-7362.000,470.000,312.000,0.000,0.000,0
2026-01-30 23:05:16,203494,-3253.000,-634.000,4425.000,-2569.000,697.000,-242.000,0.000,0.000,0
2026-01-30 23:05:16,203534,-3926.000,1499.000,6100.000,-793.000,1311.000,-1259.000,0.000,0.000,0
2026-01-30 23:05:16,203574,-5116.000,-20.000,6695.000,-2002.000,1671.000,-1426.000,0.000,0.000,0
2026-01-30 23:05:16,203614,-5676.000,322.000,8124.000,-244.000,1228.000,-1375.000,0.000,0.000,0
2026-01-30 23:05:16,203658,-7068.000,907.000,7839.000,2191.000,1176.000,-1723.000,0.000,0.000,0
2026-01-30 23:05:16,203694,-8007.000,2051.000,9760.000,2781.000,608.000,-1474.000,0.000,0.000,0
2026-01-30 23:05:16,203734,-8705.000,2225.000,9605.000,2090.000,330.000,-1947.000,0.000,0.000,0
2026-01-30 23:05:16,203774,-8121.000,761.000,6256.000,1760.000,380.000,-1914.000,0.000,0.000,0
2026-01-30 23:05:16,203814,-7187.000,496.000,5707.000,3400.000,1076.000,-1547.000,0.000,0.000,0
2026-01-30 23:05:16,203854,-7321.000,1400.000,6754.000,6774.000,2680.000,-1391.000,0.000,0.000,0
2026-01-30 23:05:16,203894,-7352.000,2756.000,6755.000,3945.000,3357.000,-510.000,0.000,0.000,0
2026-01-30 23:05:16,203937,-5463.000,1332.000,4279.000,-700.000,3085.000,557.000,0.000,0.000,0
2026-01-30 23:05:16,203974,-4478.000,2841.000,1057.000,892.000,2135.000,1076.000,0.000,0.000,0
2026-01-30 23:05:16,204014,-3615.000,2724.000,-992.000,-1802.000,-466.000,1349.000,0.000,0.000,0
2026-01-30 23:05:16,204054,-3467.000,1899.000,116.000,-7162.000,-2743.000,211.000,0.000,0.000,0
2026-01-30 23:05:16,204094,-3587.000,1942.000,2612.000,-5350.000,-4336.000,-988.000,0.000,0.000,0
2026-01-30 23:05:17,204134,-5386.000,-1182.000,5790.000,-11846.000,-3748.000,-976.000,0.000,0.000,0
2026-01-30 23:05:17,204174,-6453.000,-6987.000,7320.000,-9227.000,-2597.000,-1222.000,0.000,0.000,0
2026-01-30 23:05:17,204214,-9039.000,-470.000,8067.000,-2989.000,-1429.000,67.000,0.000,0.000,0
2026-01-30 23:05:17,204254,-8233.000,-5247.000,10090.000,-7674.000,-1788.000,-636.000,0.000,0.000,0
2026-01-30 23:05:17,204294,-7690.000,275.000,10406.000,4882.000,-874.000,-1322.000,0.000,0.000,0
2026-01-30 23:05:17,204334,-3613.000,418.000,9707.000,-2929.000,-106.000,124.000,0.000,0.000,0
2026-01-30 23:05:17,204374,-2880.000,939.000,7335.000,-7984.000,-117.000,1274.000,0.000,0.000,0
2026-01-30 23:05:17,204414,-3077.000,-504.000,4321.000,-13982.000,-1442.000,2239.000,0.000,0.000,0
2026-01-30 23:05:17,204454,-3154.000,-3505.000,3476.000,-15140.000,-1748.000,1799.000,0.000,0.000,0
2026-01-30 23:05:17,204494,-2529.000,-6313.000,802.000,-5805.000,-1349.000,1282.000,0.000,0.000,0
2026-01-30 23:05:17,204534,-2193.000,-4528.000,408.000,2397.000,-836.000,2303.000,0.000,0.000,0
2026-01-30 23:05:17,204574,-3397.000,-2244.000,4998.000,8993.000,903.000,1052.000,0.000,0.000,0
2026-01-30 23:05:17,204614,-5000.000,-1280.000,5386.000,7958.000,1503.000,-255.000,0.000,0.000,0
2026-01-30 23:05:17,204654,-5355.000,-1271.000,6902.000,5941.000,1036.000,-1319.000,0.000,0.000,0
2026-01-30 23:05:17,204694,-5148.000,-1696.000,8918.000,2874.000,1165.000,-1793.000,0.000,0.000,0
2026-01-30 23:05:17,204734,-5847.000,-1942.000,8929.000,-261.000,1258.000,-1801.000,0.000,0.000,0
2026-01-30 23:05:17,204774,-6686.000,-2670.000,7801.000,362.000,937.000,-1236.000,0.000,0.000,0
2026-01-30 23:05:17,204814,-7703.000,-2332.000,8096.000,-1706.000,1634.000,-853.000,0.000,0.000,0
2026-01-30 23:05:17,204854,-7423.000,-4165.000,6187.000,-4029.000,2307.000,88.000,0.000,0.000,0
2026-01-30 23:05:17,204894,-6211.000,-3630.000,2795.000,-485.000,3404.000,1727.000,0.000,0.000,0
2026-01-30 23:05:17,204934,-4254.000,-3959.000,2108.000,204.000,4152.000,7164.000,0.000,0.000,0
2026-01-30 23:05:17,204974,-3338.000,-2597.000,1268.000,2358.000,2526.000,11449.000,0.000,0.000,0
2026-01-30 23:05:17,205014,-2129.000,-1843.000,1477.000,4713.000,-690.000,16048.000,0.000,0.000,0
2026-01-30 23:05:17,205054,-832.000,663.000,1147.000,8781.000,-2458.000,18673.000,0.000,0.000,0
2026-01-30 23:05:17,205094,-700.000,6360.000,2560.000,8610.000,-2919.000,19839.000,0.000,0.000,0
2026-01-30 23:05:18,205134,-1737.000,5138.000,1888.000,386.000,-2587.000,19981.000,0.000,0.000,0
2026-01-30 23:05:18,205174,1073.000,7227.000,2348.000,-7489.000,-5131.000,17127.000,0.000,0.000,0
2026-01-30 23:05:18,205214,1813.000,7705.000,4621.000,-823.000,-5302.000,13480.000,0.000,0.000,0
2026-01-30 23:05:18,205254,3475.000,12185.000,5616.000,-410.000,-7036.000,13385.000,0.000,0.000,0
2026-01-30 23:05:18,205294,3761.000,8076.000,3687.000,-4028.000,-7692.000,9587.000,0.000,0.000,0
2026-01-30 23:05:18,205334,6160.000,7536.000,6976.000,-2021.000,-8564.000,8142.000,0.000,0.000,0
2026-01-30 23:05:18,205374,5806.000,3540.000,5617.000,-356.000,-8198.000,9036.000,0.000,0.000,0
2026-01-30 23:05:18,205414,7454.000,3517.000,4079.000,2937.000,-8723.000,9634.000,0.000,0.000,0
2026-01-30 23:05:18,205454,11712.000,4135.000,4466.000,6656.000,-9152.000,10095.000,0.000,0.000,0
2026-01-30 23:05:18,205494,12355.000,4415.000,3662.000,10847.000,-7305.000,8171.000,0.000,0.000,0
2026-01-30 23:05:18,205534,10155.000,3947.000,4612.000,9171.000,-4382.000,7362.000,0.000,0.000,0
2026-01-30 23:05:18,205574,8265.000,1876.000,3730.000,11341.000,-1240.000,4341.000,0.000,0.000,0
2026-01-30 23:05:18,205614,5977.000,4614.000,6597.000,16833.000,2698.000,1123.000,0.000,0.000,0
2026-01-30 23:05:18,205654,4115.000,3963.000,117.000,14360.000,-1114.000,-721.000,0.000,0.000,0
2026-01-30 23:05:18,205694,4897.000,4669.000,148.000,2211.000,-3353.000,1273.000,0.000,0.000,0
2026-01-30 23:05:18,205734,6866.000,6074.000,-3170.000,5707.000,-5778.000,-1005.000,0.000,0.000,0
2026-01-30 23:05:18,205774,7914.000,7365.000,-528.000,245.000,-3249.000,-2285.000,0.000,0.000,0
2026-01-30 23:05:18,205814,9180.000,6442.000,-2568.000,-4105.000,-3647.000,-2106.000,0.000,0.000,0
2026-01-30 23:05:18,205854,8760.000,3975.000,-1352.000,-2616.000,-1248.000,-3821.000,0.000,0.000,0
2026-01-30 23:05:18,205894,8675.000,5893.000,-3175.000,3219.000,-2186.000,-5230.000,0.000,0.000,0
2026-01-30 23:05:18,205936,7962.000,6599.000,-4222.000,637.000,-2087.000,-5013.000,0.000,0.000,0
2026-01-30 23:05:18,205974,8080.000,642.000,-1750.000,-4542.000,-2163.000,-3017.000,0.000,0.000,0
2026-01-30 23:05:18,206014,8845.000,3740.000,-2028.000,-895.000,-1926.000,-3090.000,0.000,0.000,0
2026-01-30 23:05:18,206054,7357.000,-183.000,-3154.000,-6251.000,-997.000,3673.000,0.000,0.000,0
2026-01-30 23:05:18,206094,5570.000,6465.000,381.000,1946.000,1564.000,2295.000,0.000,0.000,0
2026-01-30 23:05:19,206134,2714.000,4242.000,-285.000,-9662.000,-515.000,5099.000,0.000,0.000,0
2026-01-30 23:05:19,206174,3702.000,11106.000,-2450.000,-16486.000,-2681.000,6950.000,0.000,0.000,0
2026-01-30 23:05:19,206214,5769.000,-2065.000,-1001.000,-18399.000,-3300.000,5296.000,0.000,0.000,0
2026-01-30 23:05:19,206254,5702.000,-979.000,1070.000,-2899.000,971.000,2222.000,0.000,0.000,0
2026-01-30 23:05:19,206294,5961.000,-1949.000,-1001.000,8001.000,-1062.000,-933.000,0.000,0.000,0
2026-01-30 23:05:19,206334,7580.000,121.000,-1113.000,14992.000,-1431.000,-841.000,0.000,0.000,0
2026-01-30 23:05:19,206374,9024.000,4582.000,-6191.000,18878.000,-774.000,-1248.000,0.000,0.000,0
2026-01-30 23:05:19,206414,7911.000,9246.000,-4138.000,15145.000,2175.000,-3269.000,0.000,0.000,0
2026-01-30 23:05:19,206454,5853.000,6682.000,-2234.000,9326.000,2045.000,-1634.000,0.000,0.000,0
2026-01-30 23:05:19,206494,6736.000,8376.000,-571.000,-759.000,1218.000,-2358.000,0.000,0.000,0
2026-01-30 23:05:19,206534,9335.000,3982.000,428.000,-12178.000,-793.000,-601.000,0.000,0.000,0
2026-01-30 23:05:19,206574,10871.000,-2545.000,-3878.000,-10071.000,752.000,-36.000,0.000,0.000,0
2026-01-30 23:05:19,206614,10104.000,5079.000,-3963.000,667.000,1898.000,-1210.000,0.000,0.000,0
2026-01-30 23:05:19,206654,5797.000,5332.000,-799.000,-6290.000,3422.000,-1960.000,0.000,0.000,0
2026-01-30 23:05:19,206694,2919.000,1457.000,2442.000,-4875.000,1472.000,-3715.000,0.000,0.000,0
2026-01-30 23:05:19,206734,141.000,88.000,1073.000,-2962.000,721.000,-3193.000,0.000,0.000,0
2026-01-30 23:05:19,206774,466.000,-310.000,-120.000,-2575.000,-814.000,-1804.000,0.000,0.000,0
2026-01-30 23:05:19,206814,5906.000,5380.000,1060.000,107.000,-3665.000,-414.000,0.000,0.000,0
2026-01-30 23:05:19,206854,6766.000,7623.000,945.000,-2006.000,-2252.000,-69.000,0.000,0.000,0
2026-01-30 23:05:19,206894,9048.000,8036.000,404.000,-4357.000,-2794.000,-1029.000,0.000,0.000,0
2026-01-30 23:05:19,206934,9853.000,8659.000,2833.000,-7781.000,1.000,-4262.000,0.000,0.000,0
2026-01-30 23:05:19,206974,8557.000,6653.000,1043.000,-1111.000,857.000,-4444.000,0.000,0.000,0
2026-01-30 23:05:19,207014,7507.000,9296.000,-1538.000,-70.000,78.000,-2690.000,0.000,0.000,0
2026-01-30 23:05:19,207054,8410.000,6239.000,1197.000,-4529.000,-1506.000,-1439.000,0.000,0.000,0
2026-01-30 23:05:19,207094,7877.000,2126.000,-3404.000,-5378.000,-2268.000,876.000,0.000,0.000,0
2026-01-30 23:05:20,207134,8049.000,4030.000,-3993.000,-1032.000,-2101.000,4446.000,0.000,0.000,0
2026-01-30 23:05:20,207174,6470.000,5978.000,897.000,883.000,-1474.000,6579.000,0.000,0.000,0
2026-01-30 23:05:20,207214,5059.000,2418.000,-1508.000,193.000,-2665.000,4993.000,0.000,0.000,0
2026-01-30 23:05:20,207254,5457.000,4344.000,-758.000,3812.000,-1754.000,3556.000,0.000,0.000,0
2026-01-30 23:05:20,207294,4139.000,3130.000,578.000,4561.000,-520.000,3818.000,0.000,0.000,0
2026-01-30 23:05:20,207334,3795.000,367.000,-669.000,6412.000,1180.000,5484.000,0.000,0.000,0
2026-01-30 23:05:20,207374,6101.000,3669.000,-731.000,7724.000,1970.000,4341.000,0.000,0.000,0
2026-01-30 23:05:20,207414,8587.000,3839.000,1159.000,9141.000,2219.000,2474.000,0.000,0.000,0
2026-01-30 23:05:20,207454,9103.000,4819.000,-1017.000,6818.000,1268.000,1238.000,0.000,0.000,0
2026-01-30 23:05:20,207494,9061.000,3965.000,-1125.000,4348.000,-131.000,1134.000,0.000,0.000,0
2026-01-30 23:05:20,207534,10643.000,3174.000,-556.000,4427.000,-884.000,2077.000,0.000,0.000,0
2026-01-30 23:05:20,207574,12479.000,6081.000,-2563.000,3540.000,767.000,-36.000,0.000,0.000,0
2026-01-30 23:05:20,207614,9591.000,5124.000,-477.000,-4341.000,1693.000,-3180.000,0.000,0.000,0
2026-01-30 23:05:20,207656,9601.000,-590.000,-922.000,-9765.000,1624.000,-3474.000,0.000,0.000,0
2026-01-30 23:05:20,207698,9035.000,-729.000,-1219.000,-6294.000,2193.000,-4343.000,0.000,0.000,0
2026-01-30 23:05:20,207755,5518.000,1730.000,-2102.000,-16.000,1659.000,-2957.000,0.000,0.000,0
2026-01-30 23:05:20,207774,3945.000,2865.000,170.000,1750.000,2599.000,-2956.000,0.000,0.000,0
2026-01-30 23:05:20,207814,3838.000,5117.000,3724.000,1617.000,1926.000,-2912.000,0.000,0.000,0
2026-01-30 23:05:20,207854,2012.000,19.000,1640.000,-2649.000,1041.000,-1767.000,0.000,0.000,0
2026-01-30 23:05:20,207894,2846.000,4638.000,-1051.000,2458.000,-704.000,-1359.000,0.000,0.000,0
2026-01-30 23:05:20,207936,3232.000,3152.000,-270.000,3123.000,-1304.000,-497.000,0.000,0.000,0
2026-01-30 23:05:20,207975,5475.000,1957.000,-100.000,1869.000,-1527.000,1440.000,0.000,0.000,0
2026-01-30 23:05:20,208014,7149.000,2636.000,-939.000,1319.000,-2143.000,2683.000,0.000,0.000,0
2026-01-30 23:05:20,208054,9758.000,3729.000,1913.000,-375.000,-1399.000,2204.000,0.000,0.000,0
2026-01-30 23:05:20,208094,11550.000,4114.000,70.000,2418.000,95.000,958.000,0.000,0.000,0
2026-01-30 23:05:21,208134,11630.000,6870.000,-677.000,1927.000,836.000,-57.000,0.000,0.000,0
2026-01-30 23:05:21,208174,9797.000,4362.000,601.000,-110.000,1726.000,1541.000,0.000,0.000,0
2026-01-30 23:05:21,208214,8301.000,5003.000,-40.000,809.000,1609.000,1405.000,0.000,0.000,0
2026-01-30 23:05:21,208254,8318.000,7277.000,-1216.000,1605.000,1995.000,751.000,0.000,0.000,0
2026-01-30 23:05:21,208294,6704.000,7984.000,-491.000,1131.000,3463.000,-819.000,0.000,0.000,0
2026-01-30 23:05:21,208334,4621.000,8031.000,-1026.000,915.000,3423.000,-3751.000,0.000,0.000,0
2026-01-30 23:05:21,208374,2917.000,6103.000,-473.000,-1484.000,2257.000,-7593.000,0.000,0.000,0
2026-01-30 23:05:21,208414,2313.000,3732.000,-1861.000,-1034.000,1490.000,-9111.000,0.000,0.000,0
2026-01-30 23:05:21,208454,2588.000,6598.000,-1864.000,1622.000,970.000,-10466.000,0.000,0.000,0
2026-01-30 23:05:21,208494,3081.000,5381.000,-2411.000,1651.000,123.000,-10880.000,0.000,0.000,0
2026-01-30 23:05:21,208534,2960.000,4974.000,-2075.000,4171.000,-287.000,-11421.000,0.000,0.000,0
2026-01-30 23:05:21,208574,2790.000,6480.000,-2414.000,6608.000,-1219.000,-11322.000,0.000,0.000,0
2026-01-30 23:05:21,208614,2776.000,8152.000,-1632.000,6822.000,-1877.000,-10073.000,0.000,0.000,0
2026-01-30 23:05:21,208654,2732.000,9293.000,-2038.000,7397.000,-2347.000,-8481.000,0.000,0.000,0
2026-01-30 23:05:21,208694,3274.000,9952.000,-1853.000,6266.000,-2527.000,-6458.000,0.000,0.000,0
2026-01-30 23:05:21,208734,3776.000,10345.000,-2067.000,3139.000,-1524.000,-3210.000,0.000,0.000,0
2026-01-30 23:05:21,208774,3042.000,9406.000,-1553.000,728.000,-1440.000,-2036.000,0.000,0.000,0
2026-01-30 23:05:21,208814,2990.000,8760.000,-1744.000,-107.000,-1264.000,-1483.000,0.000,0.000,0
2026-01-30 23:05:21,208854,2308.000,8337.000,-2691.000,-1727.000,-687.000,-1472.000,0.000,0.000,0
2026-01-30 23:05:21,208894,1176.000,6573.000,-2101.000,-4610.000,-28.000,-894.000,0.000,0.000,0
2026-01-30 23:05:21,208934,-310.000,6393.000,-1818.000,-3642.000,874.000,-447.000,0.000,0.000,0
2026-01-30 23:05:21,208974,-1554.000,5321.000,-771.000,-5096.000,745.000,-390.000,0.000,0.000,0
2026-01-30 23:05:21,209014,-2032.000,2416.000,-135.000,-2621.000,719.000,-518.000,0.000,0.000,0
2026-01-30 23:05:21,209054,-2275.000,5691.000,237.000,1756.000,1060.000,-1442.000,0.000,0.000,0
2026-01-30 23:05:21,209094,-1922.000,5651.000,-270.000,3030.000,954.000,-1624.000,0.000,0.000,0
2026-01-30 23:05:22,209134,-1322.000,9182.000,-710.000,4694.000,1252.000,-1129.000,0.000,0.000,0
2026-01-30 23:05:22,209174,-1723.000,8966.000,-1993.000,-205.000,709.000,-847.000,0.000,0.000,0
2026-01-30 23:05:22,209214,-1980.000,9127.000,-2803.000,-169.000,209.000,-892.000,0.000,0.000,0
2026-01-30 23:05:22,209254,-1807.000,10066.000,-3299.000,-904.000,-338.000,-988.000,0.000,0.000,0
2026-01-30 23:05:22,209294,-2406.000,10406.000,-3203.000,-1115.000,-125.000,-921.000,0.000,0.000,0
2026-01-30 23:05:22,209334,-2718.000,10576.000,-3400.000,-1489.000,-133.000,-719.000,0.000,0.000,0
2026-01-30 23:05:22,209374,-2059.000,9412.000,-2602.000,-2112.000,-839.000,-850.000,0.000,0.000,0
2026-01-30 23:05:22,209414,-1889.000,8406.000,-2922.000,-4024.000,-1078.000,-1244.000,0.000,0.000,0
2026-01-30 23:05:22,209454,-1351.000,8147.000,-3262.000,-3129.000,-859.000,-599.000,0.000,0.000,0
2026-01-30 23:05:22,209494,-432.000,6818.000,-2230.000,-1139.000,-541.000,6.000,0.000,0.000,0
2026-01-30 23:05:22,209534,-449.000,5840.000,-1431.000,-295.000,-573.000,198.000,0.000,0.000,0
2026-01-30 23:05:22,209574,-938.000,5286.000,-483.000,-1370.000,-29.000,191.000,0.000,0.000,0
2026-01-30 23:05:22,209616,-1274.000,5171.000,-610.000,-1656.000,876.000,-149.000,0.000,0.000,0
2026-01-30 23:05:22,209656,-1745.000,5611.000,-1226.000,-124.000,2013.000,-617.000,0.000,0.000,0
2026-01-30 23:05:22,209694,-2095.000,6663.000,-1394.000,-452.000,2621.000,-436.000,0.000,0.000,0
2026-01-30 23:05:22,209734,-2457.000,7151.000,-887.000,-945.000,2742.000,-293.000,0.000,0.000,0
2026-01-30 23:05:22,209774,-2578.000,8451.000,-801.000,-861.000,2986.000,-82.000,0.000,0.000,0
2026-01-30 23:05:22,209814,-2934.000,8959.000,-1491.000,-1560.000,3244.000,341.000,0.000,0.000,0
2026-01-30 23:05:22,209854,-3293.000,9404.000,-1331.000,-1772.000,2926.000,276.000,0.000,0.000,0
2026-01-30 23:05:22,209894,-2238.000,9920.000,-1476.000,-1550.000,2729.000,268.000,0.000,0.000,0
2026-01-30 23:05:22,209936,-1507.000,9854.000,-1483.000,-333.000,2865.000,148.000,0.000,0.000,0
2026-01-30 23:05:22,209974,-838.000,9065.000,-555.000,-49.000,2035.000,-594.000,0.000,0.000,0
2026-01-30 23:05:22,210014,-326.000,8249.000,103.000,-1127.000,1796.000,-1163.000,0.000,0.000,0
2026-01-30 23:05:22,210054,-409.000,7662.000,-493.000,-890.000,2594.000,-1014.000,0.000,0.000,0
2026-01-30 23:05:22,210094,-1371.000,7232.000,-776.000,361.000,3092.000,-1118.000,0.000,0.000,0
2026-01-30 23:05:23,210134,-1925.000,6376.000,-620.000,134.000,2690.000,-1294.000,0.000,0.000,0
2026-01-30 23:05:23,210174,-2456.000,5756.000,-3.000,-147.000,2123.000,-1355.000,0.000,0.000,0
2026-01-30 23:05:23,210214,-2968.000,6096.000,-38.000,333.000,1476.000,-1458.000,0.000,0.000,0
2026-01-30 23:05:23,210254,-3213.000,6931.000,434.000,42.000,704.000,-1600.000,0.000,0.000,0
2026-01-30 23:05:23,210294,-3303.000,7523.000,475.000,398.000,142.000,-1816.000,0.000,0.000,0
2026-01-30 23:05:23,210334,-3767.000,7554.000,70.000,1.000,-143.000,-2257.000,0.000,0.000,0
2026-01-30 23:05:23,210374,-3835.000,7317.000,-759.000,275.000,-536.000,-2822.000,0.000,0.000,0
2026-01-30 23:05:23,210414,-3830.000,8009.000,-1281.000,428.000,-939.000,-3050.000,0.000,0.000,0
2026-01-30 23:05:23,210454,-3627.000,7954.000,-1827.000,897.000,-1114.000,-3005.000,0.000,0.000,0
2026-01-30 23:05:23,210494,-4164.000,8363.000,-2165.000,1229.000,-913.000,-2097.000,0.000,0.000,0
2026-01-30 23:05:23,210534,-3775.000,8722.000,-2224.000,1595.000,-1018.000,-1046.000,0.000,0.000,0
2026-01-30 23:05:23,210574,-3037.000,7611.000,-1928.000,389.000,-1487.000,-704.000,0.000,0.000,0
2026-01-30 23:05:23,210614,-2908.000,7642.000,-1972.000,-592.000,-1527.000,-323.000,0.000,0.000,0
2026-01-30 23:05:23,210654,-2592.000,7834.000,-1529.000,-663.000,-421.000,779.000,0.000,0.000,0
2026-01-30 23:05:23,210694,-2443.000,7449.000,-1350.000,-696.000,273.000,1223.000,0.000,0.000,0
2026-01-30 23:05:23,210734,-2778.000,7162.000,-779.000,-802.000,473.000,1245.000,0.000,0.000,0
2026-01-30 23:05:23,210774,-2980.000,7576.000,-147.000,-1874.000,434.000,727.000,0.000,0.000,0
2026-01-30 23:05:23,210814,-3263.000,6308.000,-234.000,-3735.000,1061.000,487.000,0.000,0.000,0
2026-01-30 23:05:23,210854,-2974.000,6209.000,-287.000,-2702.000,1900.000,482.000,0.000,0.000,0
2026-01-30 23:05:23,210894,-3135.000,6950.000,-488.000,-1489.000,2566.000,474.000,0.000,0.000,0
2026-01-30 23:05:23,210934,-3369.000,7680.000,-592.000,-1990.000,2648.000,551.000,0.000,0.000,0
2026-01-30 23:05:23,210974,-3298.000,7714.000,-740.000,-2686.000,2867.000,649.000,0.000,0.000,0
2026-01-30 23:05:23,211014,-2982.000,7991.000,-429.000,-2179.000,3322.000,708.000,0.000,0.000,0
2026-01-30 23:05:23,211054,-3494.000,7808.000,-291.000,-2274.000,4123.000,765.000,0.000,0.000,0
2026-01-30 23:05:23,211094,-2872.000,8560.000,-870.000,-1854.000,4377.000,673.000,0.000,0.000,0
2026-01-30 23:05:24,211134,-1526.000,9582.000,-419.000,-746.000,4259.000,953.000,0.000,0.000,0
2026-01-30 23:05:24,211174,-488.000,8942.000,629.000,-1749.000,4376.000,1193.000,0.000,0.000,0
2026-01-30 23:05:24,211214,-269.000,7486.000,942.000,-2161.000,4977.000,758.000,0.000,0.000,0
2026-01-30 23:05:24,211254,-811.000,7890.000,-19.000,-2128.000,5778.000,234.000,0.000,0.000,0
2026-01-30 23:05:24,211294,-916.000,7588.000,-535.000,-2149.000,6122.000,429.000,0.000,0.000,0
2026-01-30 23:05:24,211334,-1378.000,7412.000,218.000,-1006.000,6080.000,405.000,0.000,0.000,0
2026-01-30 23:05:24,211374,-1927.000,7081.000,609.000,-1358.000,5670.000,333.000,0.000,0.000,0
2026-01-30 23:05:24,211414,-2176.000,7436.000,568.000,-1165.000,4861.000,-93.000,0.000,0.000,0
2026-01-30 23:05:24,211454,-1792.000,7141.000,691.000,-1170.000,4356.000,-362.000,0.000,0.000,0
2026-01-30 23:05:24,211494,-1907.000,7076.000,745.000,-949.000,4134.000,-582.000,0.000,0.000,0
2026-01-30 23:05:24,211534,-2332.000,7260.000,858.000,-607.000,3737.000,-657.000,0.000,0.000,0
2026-01-30 23:05:24,211574,-2482.000,7445.000,930.000,-306.000,3276.000,-798.000,0.000,0.000,0
2026-01-30 23:05:24,211614,-2401.000,7577.000,372.000,-487.000,2836.000,-1222.000,0.000,0.000,0
2026-01-30 23:05:24,211654,-2485.000,8393.000,160.000,-1151.000,2650.000,-1311.000,0.000,0.000,0
2026-01-30 23:05:24,211694,-2905.000,9047.000,-1027.000,-932.000,2688.000,-644.000,0.000,0.000,0
2026-01-30 23:05:24,211734,-3358.000,10225.000,-1823.000,422.000,2220.000,-275.000,0.000,0.000,0
2026-01-30 23:05:24,211774,-2705.000,8013.000,-839.000,-757.000,1118.000,837.000,0.000,0.000,0
2026-01-30 23:05:24,211814,-2205.000,6935.000,-761.000,488.000,603.000,191.000,0.000,0.000,0
2026-01-30 23:05:24,211854,-2352.000,7366.000,-1322.000,775.000,1137.000,-286.000,0.000,0.000,0
2026-01-30 23:05:24,211894,-2253.000,7739.000,-2091.000,129.000,1804.000,-9.000,0.000,0.000,0
2026-01-30 23:05:24,211936,-1748.000,6717.000,-2155.000,806.000,3084.000,-226.000,0.000,0.000,0
2026-01-30 23:05:24,211974,-1743.000,7461.000,-1518.000,1268.000,3675.000,-61.000,0.000,0.000,0
2026-01-30 23:05:24,212014,-2250.000,7668.000,-1233.000,244.000,4013.000,-157.000,0.000,0.000,0
2026-01-30 23:05:24,212054,-2722.000,7159.000,-747.000,-914.000,3906.000,-97.000,0.000,0.000,0
2026-01-30 23:05:24,212094,-2953.000,7624.000,-399.000,-1165.000,3771.000,183.000,0.000,0.000,0
2026-01-30 23:05:25,212134,-3174.000,7998.000,-570.000,-1806.000,3590.000,136.000,0.000,0.000,0
2026-01-30 23:05:25,212174,-3783.000,8254.000,-883.000,-2687.000,2650.000,104.000,0.000,0.000,0
2026-01-30 23:05:25,212214,-3265.000,7908.000,-981.000,-2687.000,1960.000,65.000,0.000,0.000,0
2026-01-30 23:05:25,212254,-2976.000,9163.000,-1280.000,-1800.000,1604.000,-57.000,0.000,0.000,0
2026-01-30 23:05:25,212294,-2487.000,8398.000,-1294.000,-1857.000,1321.000,-39.000,0.000,0.000,0
2026-01-30 23:05:25,212334,-2032.000,8705.000,-989.000,-1622.000,1072.000,319.000,0.000,0.000,0
2026-01-30 23:05:25,212374,-1559.000,9584.000,-974.000,-750.000,1159.000,991.000,0.000,0.000,0
2026-01-30 23:05:25,212414,-1022.000,9894.000,-1036.000,-328.000,1480.000,1493.000,0.000,0.000,0
2026-01-30 23:05:25,212454,417.000,9194.000,-124.000,-367.000,1222.000,1241.000,0.000,0.000,0
2026-01-30 23:05:25,212494,919.000,7132.000,-147.000,-3139.000,1212.000,144.000,0.000,0.000,0
2026-01-30 23:05:25,212534,918.000,6221.000,-454.000,-4201.000,2099.000,-864.000,0.000,0.000,0
2026-01-30 23:05:25,212574,1024.000,5267.000,138.000,-2426.000,4556.000,-66.000,0.000,0.000,0
2026-01-30 23:05:25,212614,948.000,5818.000,1265.000,-1240.000,5675.000,644.000,0.000,0.000,0
2026-01-30 23:05:25,212654,702.000,5360.000,2471.000,-3409.000,6360.000,2245.000,0.000,0.000,0
2026-01-30 23:05:25,212694,748.000,4499.000,2257.000,-7776.000,6386.000,4972.000,0.000,0.000,0
2026-01-30 23:05:25,212734,702.000,2417.000,1096.000,-6249.000,5695.000,7873.000,0.000,0.000,0
2026-01-30 23:05:25,212774,888.000,4434.000,1379.000,-1435.000,4638.000,10984.000,0.000,0.000,0
2026-01-30 23:05:25,212814,1662.000,6135.000,995.000,-3959.000,2963.000,13769.000,0.000,0.000,0
2026-01-30 23:05:25,212854,2572.000,6215.000,1859.000,-5429.000,882.000,14832.000,0.000,0.000,0
2026-01-30 23:05:25,212894,6140.000,8501.000,3059.000,-3171.000,-1281.000,14601.000,0.000,0.000,0
2026-01-30 23:05:25,212934,9131.000,4421.000,177.000,-3774.000,-4921.000,14131.000,0.000,0.000,0
2026-01-30 23:05:25,212974,15766.000,6523.000,-670.000,7854.000,-5996.000,14280.000,0.000,0.000,0
2026-01-30 23:05:25,213014,12870.000,7565.000,1253.000,11917.000,-2812.000,13225.000,0.000,0.000,0
2026-01-30 23:05:25,213054,9764.000,7111.000,1432.000,8594.000,-2065.000,11284.000,0.000,0.000,0
2026-01-30 23:05:25,213094,8067.000,6599.000,10.000,719.000,-1796.000,9016.000,0.000,0.000,0
2026-01-30 23:05:26,213134,7810.000,5766.000,-1122.000,-5562.000,-931.000,7197.000,0.000,0.000,0
2026-01-30 23:05:26,213174,7123.000,3905.000,-1574.000,-7632.000,-74.000,5220.000,0.000,0.000,0
2026-01-30 23:05:26,213214,7635.000,2785.000,-871.000,-5296.000,-105.000,2447.000,0.000,0.000,0
2026-01-30 23:05:26,213254,7509.000,2942.000,-619.000,-1399.000,69.000,-153.000,0.000,0.000,0
2026-01-30 23:05:26,213294,7384.000,2942.000,-628.000,539.000,66.000,-1892.000,0.000,0.000,0
2026-01-30 23:05:26,213334,7913.000,3276.000,-372.000,48.000,-241.000,-3251.000,0.000,0.000,0
2026-01-30 23:05:26,213374,8314.000,3200.000,-71.000,-2489.000,-512.000,-3371.000,0.000,0.000,0
2026-01-30 23:05:26,213414,8913.000,2736.000,-17.000,-4890.000,-519.000,-3235.000,0.000,0.000,0
2026-01-30 23:05:26,213454,8629.000,2094.000,-478.000,-6188.000,-38.000,-3219.000,0.000,0.000,0
2026-01-30 23:05:26,213494,9218.000,1635.000,-308.000,-5696.000,93.000,-3000.000,0.000,0.000,0
2026-01-30 23:05:26,213534,8710.000,1759.000,650.000,-5012.000,445.000,-2735.000,0.000,0.000,0
2026-01-30 23:05:26,213574,8367.000,1969.000,1032.000,-5127.000,261.000,-2160.000,0.000,0.000,0
2026-01-30 23:05:26,213614,9333.000,1901.000,895.000,-5614.000,220.000,-1643.000,0.000,0.000,0
2026-01-30 23:05:26,213656,8024.000,1308.000,1045.000,-6104.000,1201.000,-1653.000,0.000,0.000,0
2026-01-30 23:05:26,213695,6965.000,505.000,604.000,-5033.000,1538.000,-1836.000,0.000,0.000,0
2026-01-30 23:05:26,213734,5980.000,723.000,589.000,-1706.000,2131.000,-1629.000,0.000,0.000,0
2026-01-30 23:05:26,213774,6259.000,904.000,43.000,278.000,1635.000,-759.000,0.000,0.000,0
2026-01-30 23:05:26,213814,6971.000,1257.000,150.000,2115.000,847.000,292.000,0.000,0.000,0
2026-01-30 23:05:26,213854,7926.000,2055.000,1004.000,3194.000,-255.000,1519.000,0.000,0.000,0
2026-01-30 23:05:26,213894,6965.000,2352.000,1542.000,2287.000,-1054.000,2546.000,0.000,0.000,0
2026-01-30 23:05:26,213936,6555.000,2386.000,1748.000,290.000,-2290.000,2874.000,0.000,0.000,0
2026-01-30 23:05:26,213974,6861.000,2176.000,1374.000,-2258.000,-2901.000,3031.000,0.000,0.000,0
2026-01-30 23:05:26,214014,7088.000,2062.000,1009.000,-3952.000,-2853.000,3467.000,0.000,0.000,0
2026-01-30 23:05:26,214054,7027.000,1256.000,1684.000,-4104.000,-2521.000,3688.000,0.000,0.000,0
2026-01-30 23:05:26,214094,7159.000,1881.000,2330.000,-1231.000,-2270.000,3004.000,0.000,0.000,0
2026-01-30 23:05:27,214134,7961.000,2445.000,2155.000,-744.000,-2512.000,2432.000,0.000,0.000,0
2026-01-30 23:05:27,214174,8189.000,2906.000,2022.000,-1852.000,-2094.000,1647.000,0.000,0.000,0
2026-01-30 23:05:27,214214,8690.000,2690.000,1426.000,-3266.000,-1555.000,482.000,0.000,0.000,0
2026-01-30 23:05:27,214254,9445.000,2182.000,287.000,-4117.000,-1169.000,-859.000,0.000,0.000,0
2026-01-30 23:05:27,214294,12416.000,2754.000,-191.000,-4504.000,-678.000,-1519.000,0.000,0.000,0
2026-01-30 23:05:27,214334,8282.000,2285.000,485.000,-6283.000,1896.000,-2034.000,0.000,0.000,0
2026-01-30 23:05:27,214374,6663.000,1549.000,255.000,-6742.000,1071.000,-2964.000,0.000,0.000,0
2026-01-30 23:05:27,214414,8609.000,1263.000,-162.000,-6331.000,360.000,-3497.000,0.000,0.000,0
2026-01-30 23:05:27,214454,8829.000,1921.000,-121.000,-5442.000,855.000,-2790.000,0.000,0.000,0
2026-01-30 23:05:27,214494,8508.000,1538.000,-327.000,-4692.000,1665.000,-1213.000,0.000,0.000,0
2026-01-30 23:05:27,214534,7798.000,1106.000,-576.000,-3719.000,2202.000,-1281.000,0.000,0.000,0
2026-01-30 23:05:27,214574,7437.000,857.000,-833.000,-1624.000,2329.000,-1920.000,0.000,0.000,0
2026-01-30 23:05:27,214614,7378.000,1031.000,-906.000,232.000,2344.000,-2323.000,0.000,0.000,0
2026-01-30 23:05:27,214654,6979.000,1032.000,-828.000,1484.000,2147.000,-1889.000,0.000,0.000,0
2026-01-30 23:05:27,214694,7034.000,1355.000,-617.000,2755.000,1410.000,-786.000,0.000,0.000,0
2026-01-30 23:05:27,214734,7615.000,1873.000,-449.000,3528.000,635.000,964.000,0.000,0.000,0
2026-01-30 23:05:27,214774,8228.000,2156.000,-551.000,3375.000,7.000,3011.000,0.000,0.000,0
2026-01-30 23:05:27,214814,8166.000,2090.000,-590.000,2447.000,-406.000,4274.000,0.000,0.000,0
2026-01-30 23:05:27,214854,8879.000,1932.000,-33.000,1853.000,-1466.000,4652.000,0.000,0.000,0
2026-01-30 23:05:27,214894,10254.000,2192.000,142.000,1548.000,-2033.000,4714.000,0.000,0.000,0
2026-01-30 23:05:27,214934,9138.000,2013.000,946.000,790.000,-1656.000,4424.000,0.000,0.000,0
2026-01-30 23:05:27,214974,8017.000,1276.000,1720.000,122.000,-1698.000,3065.000,0.000,0.000,0
2026-01-30 23:05:27,215014,7412.000,1348.000,4069.000,-579.000,-1776.000,1256.000,0.000,0.000,0
2026-01-30 23:05:27,215054,7111.000,456.000,3958.000,-2041.000,-1143.000,547.000,0.000,0.000,0
2026-01-30 23:05:27,215094,7516.000,-505.000,3740.000,-2748.000,-333.000,738.000,0.000,0.000,0
2026-01-30 23:05:28,215134,8915.000,-576.000,3398.000,-1319.000,471.000,847.000,0.000,0.000,0
2026-01-30 23:05:28,215174,8534.000,-108.000,2688.000,-21.000,1861.000,577.000,0.000,0.000,0
2026-01-30 23:05:28,215214,8215.000,155.000,1755.000,51.000,2577.000,-253.000,0.000,0.000,0
2026-01-30 23:05:28,215254,7448.000,-21.000,1474.000,-755.000,3453.000,-1403.000,0.000,0.000,0
2026-01-30 23:05:28,215294,7341.000,155.000,1055.000,213.000,3326.000,-1908.000,0.000,0.000,0
2026-01-30 23:05:28,215334,7203.000,315.000,1209.000,803.000,2814.000,-2295.000,0.000,0.000,0
2026-01-30 23:05:28,215374,7086.000,553.000,1583.000,110.000,1935.000,-2452.000,0.000,0.000,0
2026-01-30 23:05:28,215414,7425.000,-256.000,1571.000,-1090.000,920.000,-2103.000,0.000,0.000,0
2026-01-30 23:05:28,215454,7027.000,-1633.000,1542.000,-1176.000,299.000,-1511.000,0.000,0.000,0
2026-01-30 23:05:28,215494,7572.000,-2575.000,1918.000,526.000,-686.000,-632.000,0.000,0.000,0
2026-01-30 23:05:28,215534,8308.000,-1199.000,2039.000,1583.000,-1075.000,877.000,0.000,0.000,0
2026-01-30 23:05:28,215574,8568.000,-1632.000,1985.000,-510.000,-1093.000,3073.000,0.000,0.000,0
2026-01-30 23:05:28,215614,8453.000,-2098.000,2093.000,-1107.000,-1144.000,4835.000,0.000,0.000,0
2026-01-30 23:05:28,215660,8575.000,-1445.000,1734.000,-636.000,-1252.000,5707.000,0.000,0.000,0
2026-01-30 23:05:28,215694,8333.000,-1443.000,1953.000,48.000,-1197.000,5718.000,0.000,0.000,0
2026-01-30 23:05:28,215734,8104.000,-380.000,1802.000,1308.000,-1168.000,4869.000,0.000,0.000,0
2026-01-30 23:05:28,215774,7647.000,-432.000,1904.000,2021.000,-826.000,3793.000,0.000,0.000,0
2026-01-30 23:05:28,215814,7327.000,-383.000,1922.000,2251.000,-702.000,2388.000,0.000,0.000,0
2026-01-30 23:05:28,215854,7036.000,37.000,1866.000,3008.000,-463.000,1313.000,0.000,0.000,0
2026-01-30 23:05:28,215894,7115.000,488.000,2597.000,2199.000,-368.000,598.000,0.000,0.000,0
2026-01-30 23:05:28,215936,7371.000,-417.000,2458.000,585.000,-281.000,-251.000,0.000,0.000,0
2026-01-30 23:05:28,215974,7363.000,-835.000,2331.000,0.000,-69.000,-1013.000,0.000,0.000,0
2026-01-30 23:05:28,216014,7751.000,-1837.000,2216.000,-57.000,273.000,-1785.000,0.000,0.000,0
2026-01-30 23:05:28,216054,7794.000,-2026.000,2181.000,472.000,490.000,-2022.000,0.000,0.000,0
2026-01-30 23:05:28,216094,7800.000,-1914.000,2223.000,841.000,571.000,-1965.000,0.000,0.000,0
2026-01-30 23:05:29,216134,7965.000,-1628.000,2022.000,753.000,534.000,-1660.000,0.000,0.000,0
2026-01-30 23:05:29,216174,8025.000,-1647.000,1985.000,37.000,500.000,-1323.000,0.000,0.000,0
2026-01-30 23:05:29,216214,7664.000,-1880.000,1906.000,-238.000,528.000,-1078.000,0.000,0.000,0
2026-01-30 23:05:29,216254,7637.000,-1532.000,1897.000,251.000,270.000,-649.000,0.000,0.000,0
2026-01-30 23:05:29,216294,7854.000,-1202.000,1964.000,424.000,80.000,-189.000,0.000,0.000,0
2026-01-30 23:05:29,216334,7863.000,-1048.000,2042.000,-6.000,-22.000,120.000,0.000,0.000,0
2026-01-30 23:05:29,216374,7705.000,-936.000,2297.000,-117.000,-277.000,371.000,0.000,0.000,0
2026-01-30 23:05:29,216414,7741.000,-714.000,2256.000,-43.000,-305.000,487.000,0.000,0.000,0
2026-01-30 23:05:29,216454,7779.000,-652.000,2365.000,-238.000,-212.000,531.000,0.000,0.000,0
2026-01-30 23:05:29,216494,7792.000,-755.000,2282.000,-204.000,-121.000,342.000,0.000,0.000,0
2026-01-30 23:05:29,216534,7800.000,-724.000,2364.000,11.000,-25.000,104.000,0.000,0.000,0
2026-01-30 23:05:29,216574,7757.000,-793.000,2328.000,-96.000,65.000,-74.000,0.000,0.000,0
2026-01-30 23:05:29,216614,7641.000,-912.000,2256.000,-118.000,151.000,-218.000,0.000,0.000,0
2026-01-30 23:05:29,216654,7527.000,-840.000,2188.000,-116.000,155.000,-296.000,0.000,0.000,0
2026-01-30 23:05:29,216694,7482.000,-908.000,2127.000,-347.000,76.000,-330.000,0.000,0.000,0
2026-01-30 23:05:29,216734,7292.000,-777.000,2013.000,-370.000,0.000,-349.000,0.000,0.000,0
2026-01-30 23:05:29,216774,7491.000,-342.000,2025.000,-916.000,-290.000,-501.000,0.000,0.000,0
2026-01-30 23:05:29,216814,7577.000,-250.000,2339.000,-1508.000,-488.000,-727.000,0.000,0.000,0
2026-01-30 23:05:29,216854,7621.000,-293.000,2260.000,-1879.000,-563.000,-1061.000,0.000,0.000,0
2026-01-30 23:05:29,216894,7811.000,-404.000,2306.000,-1839.000,-415.000,-1389.000,0.000,0.000,0
2026-01-30 23:05:29,216934,7962.000,-290.000,2576.000,-2088.000,-156.000,-1608.000,0.000,0.000,0
2026-01-30 23:05:29,216974,8123.000,-518.000,2415.000,-2693.000,1.000,-1973.000,0.000,0.000,0
2026-01-30 23:05:29,217014,8152.000,-463.000,2033.000,-2798.000,319.000,-2481.000,0.000,0.000,0
2026-01-30 23:05:29,217054,7889.000,-37.000,1981.000,-3014.000,717.000,-2872.000,0.000,0.000,0
2026-01-30 23:05:29,217094,7741.000,-24.000,1717.000,-3716.000,816.000,-3175.000,0.000,0.000,0
2026-01-30 23:05:30,217134,7460.000,41.000,1170.000,-3782.000,798.000,-3452.000,0.000,0.000,0
2026-01-30 23:05:30,217174,7435.000,488.000,1235.000,-3583.000,221.000,-3526.000,0.000,0.000,0
2026-01-30 23:05:30,217214,7309.000,480.000,1463.000,-4735.000,-401.000,-3692.000,0.000,0.000,0
2026-01-30 23:05:30,217254,6971.000,304.000,896.000,-5257.000,-727.000,-3920.000,0.000,0.000,0
2026-01-30 23:05:30,217294,6458.000,383.000,877.000,-4456.000,-816.000,-3922.000,0.000,0.000,0
2026-01-30 23:05:30,217334,5228.000,537.000,1147.000,-4159.000,-986.000,-4053.000,0.000,0.000,0
2026-01-30 23:05:30,217374,5634.000,582.000,417.000,-3719.000,-2079.000,-3739.000,0.000,0.000,0
2026-01-30 23:05:30,217414,8059.000,720.000,-316.000,-2194.000,-3416.000,-2147.000,0.000,0.000,0
2026-01-30 23:05:30,217454,10804.000,1771.000,211.000,-604.000,-4012.000,377.000,0.000,0.000,0
2026-01-30 23:05:30,217494,8689.000,2355.000,791.000,-758.000,-3621.000,1931.000,0.000,0.000,0
2026-01-30 23:05:30,217534,8432.000,1693.000,-461.000,-3447.000,-5457.000,1590.000,0.000,0.000,0
2026-01-30 23:05:30,217574,11026.000,2017.000,-635.000,-5680.000,-5254.000,2213.000,0.000,0.000,0
2026-01-30 23:05:30,217614,11714.000,2207.000,-716.000,-5814.000,-3756.000,3866.000,0.000,0.000,0
2026-01-30 23:05:30,217656,9852.000,2131.000,123.000,-4393.000,-2511.000,4349.000,0.000,0.000,0
2026-01-30 23:05:30,217696,7136.000,1959.000,956.000,-3884.000,-2271.000,3087.000,0.000,0.000,0
2026-01-30 23:05:30,217734,7653.000,2027.000,981.000,-5292.000,-3117.000,1612.000,0.000,0.000,0
2026-01-30 23:05:30,217774,8454.000,2006.000,1016.000,-6512.000,-2273.000,929.000,0.000,0.000,0
2026-01-30 23:05:30,217814,8960.000,1832.000,753.000,-6556.000,-775.000,1041.000,0.000,0.000,0
2026-01-30 23:05:30,217854,9095.000,1224.000,262.000,-5560.000,1143.000,841.000,0.000,0.000,0
2026-01-30 23:05:30,217894,8439.000,902.000,-157.000,-3610.000,2928.000,-12.000,0.000,0.000,0
2026-01-30 23:05:30,217937,8025.000,1062.000,-365.000,-732.000,4005.000,-1036.000,0.000,0.000,0
2026-01-30 23:05:30,217974,7902.000,1449.000,-594.000,615.000,3996.000,-1232.000,0.000,0.000,0
2026-01-30 23:05:30,218014,7288.000,1597.000,-693.000,1031.000,3755.000,-1070.000,0.000,0.000,0
2026-01-30 23:05:30,218054,6312.000,1570.000,-620.000,882.000,3040.000,-661.000,0.000,0.000,0
2026-01-30 23:05:30,218094,6451.000,1812.000,418.000,-226.000,1583.000,-440.000,0.000,0.000,0
2026-01-30 23:05:31,218134,7848.000,1974.000,93.000,-2664.000,214.000,-56.000,0.000,0.000,0
2026-01-30 23:05:31,218174,9108.000,1445.000,-1036.000,-4810.000,-10.000,779.000,0.000,0.000,0
2026-01-30 23:05:31,218214,8049.000,347.000,-454.000,-3561.000,88.000,1615.000,0.000,0.000,0
2026-01-30 23:05:31,218254,7798.000,-381.000,2193.000,-916.000,-1225.000,992.000,0.000,0.000,0
2026-01-30 23:05:31,218294,8082.000,-263.000,875.000,946.000,-1722.000,-664.000,0.000,0.000,0
2026-01-30 23:05:31,218334,7010.000,-1037.000,639.000,1549.000,-1047.000,-1098.000,0.000,0.000,0
2026-01-30 23:05:31,218374,7187.000,-1176.000,1263.000,1953.000,-683.000,-954.000,0.000,0.000,0
2026-01-30 23:05:31,218414,7818.000,-24.000,1951.000,2662.000,-609.000,-114.000,0.000,0.000,0
2026-01-30 23:05:31,218454,8139.000,84.000,2250.000,1685.000,-714.000,1007.000,0.000,0.000,0
2026-01-30 23:05:31,218494,8319.000,692.000,2273.000,739.000,-1113.000,1639.000,0.000,0.000,0
2026-01-30 23:05:31,218534,7713.000,673.000,2671.000,-423.000,-1258.000,1713.000,0.000,0.000,0
2026-01-30 23:05:31,218574,7222.000,904.000,2312.000,-721.000,-1237.000,1552.000,0.000,0.000,0
2026-01-30 23:05:31,218614,7067.000,1277.000,2014.000,-982.000,-928.000,1642.000,0.000,0.000,0
2026-01-30 23:05:31,218654,6778.000,1483.000,1296.000,-1344.000,-445.000,1683.000,0.000,0.000,0
2026-01-30 23:05:31,218694,7058.000,1654.000,926.000,-1299.000,-268.000,1457.000,0.000,0.000,0
2026-01-30 23:05:31,218734,6649.000,1767.000,797.000,-735.000,-241.000,979.000,0.000,0.000,0
2026-01-30 23:05:31,218774,7241.000,1950.000,533.000,-534.000,-754.000,394.000,0.000,0.000,0
2026-01-30 23:05:31,218814,7935.000,1993.000,-44.000,-309.000,-899.000,-346.000,0.000,0.000,0
2026-01-30 23:05:31,218854,9823.000,2183.000,-423.000,483.000,-1309.000,-914.000,0.000,0.000,0
2026-01-30 23:05:31,218894,11746.000,2845.000,-181.000,394.000,-1159.000,-1347.000,0.000,0.000,0
2026-01-30 23:05:31,218934,10401.000,2969.000,204.000,-1244.000,-195.000,-2267.000,0.000,0.000,0
2026-01-30 23:05:31,218974,9148.000,1970.000,83.000,-3546.000,-93.000,-4564.000,0.000,0.000,0
2026-01-30 23:05:31,219014,10303.000,1340.000,-617.000,-5496.000,248.000,-7328.000,0.000,0.000,0
2026-01-30 23:05:31,219054,11461.000,612.000,-725.000,-6504.000,2467.000,-9484.000,0.000,0.000,0
2026-01-30 23:05:31,219094,9254.000,316.000,-298.000,-5647.000,3841.000,-9183.000,0.000,0.000,0
2026-01-30 23:05:32,219134,8302.000,222.000,55.000,-4075.000,3582.000,-7760.000,0.000,0.000,0
2026-01-30 23:05:32,219174,6960.000,286.000,55.000,-1689.000,3117.000,-6174.000,0.000,0.000,0
2026-01-30 23:05:32,219214,6489.000,510.000,-116.000,-37.000,2239.000,-4071.000,0.000,0.000,0
2026-01-30 23:05:32,219254,5977.000,600.000,-364.000,833.000,1840.000,-1631.000,0.000,0.000,0
2026-01-30 23:05:32,219294,5587.000,899.000,-282.000,1573.000,1340.000,1179.000,0.000,0.000,0
2026-01-30 23:05:32,219334,5667.000,1221.000,-106.000,1996.000,609.000,4030.000,0.000,0.000,0
2026-01-30 23:05:32,219374,6503.000,1284.000,-179.000,2453.000,-372.000,6723.000,0.000,0.000,0
2026-01-30 23:05:32,219414,8572.000,1582.000,-600.000,3276.000,-1049.000,9329.000,0.000,0.000,0
2026-01-30 23:05:32,219454,10503.000,1939.000,-1240.000,5015.000,-783.000,11840.000,0.000,0.000,0
2026-01-30 23:05:32,219494,11495.000,2745.000,-1010.000,5415.000,-409.000,11931.000,0.000,0.000,0
2026-01-30 23:05:32,219534,11452.000,2658.000,-986.000,4776.000,-114.000,10614.000,0.000,0.000,0
2026-01-30 23:05:32,219574,11408.000,2577.000,-1841.000,4694.000,-124.000,7878.000,0.000,0.000,0
2026-01-30 23:05:32,219614,7175.000,2603.000,-434.000,5272.000,-451.000,4161.000,0.000,0.000,0
2026-01-30 23:05:32,219654,5830.000,2675.000,1784.000,2374.000,-2985.000,1304.000,0.000,0.000,0
2026-01-30 23:05:32,219694,6490.000,3264.000,1824.000,-2078.000,-4561.000,-713.000,0.000,0.000,0
2026-01-30 23:05:32,219734,7516.000,2472.000,-218.000,-5152.000,-4450.000,-2151.000,0.000,0.000,0
2026-01-30 23:05:32,219774,8412.000,1273.000,384.000,-5682.000,-3436.000,-3277.000,0.000,0.000,0
2026-01-30 23:05:32,219814,6405.000,-2676.000,1957.000,-5021.000,-1606.000,-3906.000,0.000,0.000,0
2026-01-30 23:05:32,219854,7670.000,-36.000,2738.000,1515.000,-2441.000,-3174.000,0.000,0.000,0
2026-01-30 23:05:32,219894,8997.000,896.000,3292.000,744.000,-2291.000,-1726.000,0.000,0.000,0
2026-01-30 23:05:32,219936,9700.000,-125.000,1966.000,-5189.000,-1058.000,-314.000,0.000,0.000,0
2026-01-30 23:05:32,219974,7855.000,-1599.000,213.000,-9572.000,1296.000,23.000,0.000,0.000,0
2026-01-30 23:05:32,220014,7263.000,-1042.000,145.000,-6026.000,1773.000,-262.000,0.000,0.000,0
2026-01-30 23:05:32,220054,7048.000,-987.000,210.000,-478.000,2519.000,-758.000,0.000,0.000,0
2026-01-30 23:05:32,220094,7411.000,413.000,-6.000,4189.000,2425.000,-1155.000,0.000,0.000,0
2026-01-30 23:05:33,220134,8880.000,1541.000,-795.000,6458.000,1715.000,-805.000,0.000,0.000,0
2026-01-30 23:05:33,220174,10924.000,2612.000,-419.000,7419.000,1466.000,53.000,0.000,0.000,0
2026-01-30 23:05:33,220214,7425.000,3934.000,729.000,2269.000,1802.000,599.000,0.000,0.000,0
2026-01-30 23:05:33,220254,9103.000,2747.000,-683.000,-3369.000,830.000,-465.000,0.000,0.000,0
2026-01-30 23:05:33,220294,11621.000,1400.000,-1421.000,-5548.000,1956.000,-2290.000,0.000,0.000,0
2026-01-30 23:05:33,220334,11267.000,378.000,-1468.000,-4244.000,4025.000,-4875.000,0.000,0.000,0
2026-01-30 23:05:33,220374,10463.000,-29.000,-911.000,-1157.000,5072.000,-7678.000,0.000,0.000,0
2026-01-30 23:05:33,220414,9367.000,414.000,-786.000,1432.000,5198.000,-9545.000,0.000,0.000,0
2026-01-30 23:05:33,220454,7980.000,869.000,-695.000,2192.000,4827.000,-9823.000,0.000,0.000,0
2026-01-30 23:05:33,220494,6594.000,905.000,-388.000,2420.000,4271.000,-8627.000,0.000,0.000,0
2026-01-30 23:05:33,220534,5634.000,-2245.000,-1409.000,3689.000,3909.000,-6206.000,0.000,0.000,0
2026-01-30 23:05:33,220574,6843.000,441.000,-1324.000,8644.000,3076.000,-3070.000,0.000,0.000,0
2026-01-30 23:05:33,220614,8126.000,2026.000,-1766.000,12147.000,3806.000,3592.000,0.000,0.000,0
2026-01-30 23:05:33,220654,8787.000,2036.000,-1632.000,8320.000,5174.000,7437.000,0.000,0.000,0
2026-01-30 23:05:33,220694,9460.000,2301.000,-974.000,4308.000,4894.000,9611.000,0.000,0.000,0
2026-01-30 23:05:33,220734,9370.000,2505.000,-301.000,1598.000,3538.000,10881.000,0.000,0.000,0
2026-01-30 23:05:33,220774,10723.000,2340.000,-726.000,408.000,1594.000,11433.000,0.000,0.000,0
2026-01-30 23:05:33,220814,11471.000,2320.000,-1798.000,907.000,694.000,10874.000,0.000,0.000,0
2026-01-30 23:05:33,220854,9805.000,1794.000,-811.000,2439.000,368.000,9155.000,0.000,0.000,0
2026-01-30 23:05:33,220894,8009.000,1700.000,857.000,4789.000,-777.000,6658.000,0.000,0.000,0
2026-01-30 23:05:33,220934,7959.000,1508.000,1010.000,5896.000,-1799.000,4599.000,0.000,0.000,0
2026-01-30 23:05:33,220974,6929.000,2256.000,1028.000,6199.000,-1542.000,3265.000,0.000,0.000,0
2026-01-30 23:05:33,221014,6459.000,2401.000,1476.000,5721.000,-1466.000,3107.000,0.000,0.000,0
2026-01-30 23:05:33,221054,7241.000,2866.000,2531.000,5385.000,-1691.000,2974.000,0.000,0.000,0
2026-01-30 23:05:33,221094,7154.000,2927.000,3206.000,3373.000,-1465.000,2275.000,0.000,0.000,0
2026-01-30 23:05:34,221134,7097.000,2407.000,3928.000,774.000,-1747.000,913.000,0.000,0.000,0
2026-01-30 23:05:34,221174,7598.000,1217.000,3362.000,99.000,-1389.000,-805.000,0.000,0.000,0
2026-01-30 23:05:34,221214,7453.000,1060.000,2775.000,768.000,-402.000,-2380.000,0.000,0.000,0
2026-01-30 23:05:34,221254,7900.000,1190.000,2350.000,931.000,151.000,-3934.000,0.000,0.000,0
2026-01-30 23:05:34,221294,8266.000,1533.000,2107.000,-150.000,1385.000,-5026.000,0.000,0.000,0
2026-01-30 23:05:34,221334,8816.000,851.000,1842.000,-2213.000,1898.000,-5825.000,0.000,0.000,0
2026-01-30 23:05:34,221374,8621.000,1235.000,1971.000,-3872.000,2779.000,-7122.000,0.000,0.000,0
2026-01-30 23:05:34,221414,8385.000,1063.000,1625.000,-5680.000,1804.000,-7395.000,0.000,0.000,0
2026-01-30 23:05:34,221454,7671.000,1489.000,352.000,-7809.000,-33.000,-6945.000,0.000,0.000,0
2026-01-30 23:05:34,221494,7593.000,2183.000,-286.000,-8826.000,-1493.000,-5595.000,0.000,0.000,0
2026-01-30 23:05:34,221534,7032.000,918.000,-429.000,-10306.000,-1958.000,-4205.000,0.000,0.000,0
2026-01-30 23:05:34,221574,7348.000,64.000,-1245.000,-9428.000,-2450.000,-2976.000,0.000,0.000,0
2026-01-30 23:05:34,221614,8258.000,-26.000,-1048.000,-5701.000,-2922.000,-1262.000,0.000,0.000,0
2026-01-30 23:05:34,221656,10213.000,194.000,-498.000,-1635.000,-3330.000,657.000,0.000,0.000,0
2026-01-30 23:05:34,221695,10723.000,1424.000,-111.000,2982.000,-2852.000,2928.000,0.000,0.000,0
2026-01-30 23:05:34,221736,7529.000,2349.000,130.000,5352.000,-2030.000,4001.000,0.000,0.000,0
2026-01-30 23:05:34,221774,6534.000,2007.000,1010.000,2463.000,-2968.000,3365.000,0.000,0.000,0
2026-01-30 23:05:34,221814,6907.000,2180.000,1247.000,-465.000,-3810.000,2688.000,0.000,0.000,0
2026-01-30 23:05:34,221854,7552.000,2564.000,853.000,-3320.000,-3619.000,3172.000,0.000,0.000,0
2026-01-30 23:05:34,221894,8468.000,2146.000,136.000,-4103.000,-2768.000,4273.000,0.000,0.000,0
2026-01-30 23:05:34,221934,8958.000,1944.000,133.000,-2720.000,-1518.000,5068.000,0.000,0.000,0
2026-01-30 23:05:34,221974,9248.000,2485.000,339.000,-753.000,-437.000,4517.000,0.000,0.000,0
2026-01-30 23:05:34,222014,8585.000,2677.000,574.000,-522.000,534.000,2703.000,0.000,0.000,0
2026-01-30 23:05:34,222054,8398.000,1806.000,252.000,-1431.000,883.000,-40.000,0.000,0.000,0
2026-01-30 23:05:34,222094,8371.000,1218.000,98.000,-942.000,1399.000,-2562.000,0.000,0.000,0
2026-01-30 23:05:35,222134,8227.000,1711.000,-26.000,1389.000,2461.000,-4240.000,0.000,0.000,0
2026-01-30 23:05:35,222174,8261.000,2119.000,-43.000,1824.000,2800.000,-4312.000,0.000,0.000,0
2026-01-30 23:05:35,222214,8248.000,2148.000,-59.000,678.000,2782.000,-4043.000,0.000,0.000,0
2026-01-30 23:05:35,222254,8623.000,1990.000,-223.000,-984.000,2395.000,-3720.000,0.000,0.000,0
2026-01-30 23:05:35,222294,8483.000,1899.000,-177.000,-2680.000,1952.000,-3421.000,0.000,0.000,0
2026-01-30 23:05:35,222334,8452.000,1684.000,74.000,-4937.000,1178.000,-3052.000,0.000,0.000,0
2026-01-30 23:05:35,222374,7937.000,1643.000,550.000,-6812.000,558.000,-2735.000,0.000,0.000,0
2026-01-30 23:05:35,222414,7875.000,1277.000,764.000,-9264.000,92.000,-2251.000,0.000,0.000,0
2026-01-30 23:05:35,222454,7667.000,159.000,377.000,-10493.000,365.000,-1468.000,0.000,0.000,0
2026-01-30 23:05:35,222494,9232.000,-756.000,-70.000,-4218.000,19.000,338.000,0.000,0.000,0
2026-01-30 23:05:35,222534,8220.000,39.000,1344.000,279.000,-171.000,1588.000,0.000,0.000,0
2026-01-30 23:05:35,222574,6993.000,664.000,3154.000,2005.000,-1765.000,2871.000,0.000,0.000,0
2026-01-30 23:05:35,222614,6408.000,527.000,3049.000,476.000,-2960.000,3579.000,0.000,0.000,0
2026-01-30 23:05:35,222654,6196.000,472.000,1802.000,-167.000,-3039.000,4466.000,0.000,0.000,0
2026-01-30 23:05:35,222694,7070.000,361.000,1236.000,851.000,-2645.000,5269.000,0.000,0.000,0
2026-01-30 23:05:35,222734,8013.000,739.000,1727.000,3544.000,-1583.000,5136.000,0.000,0.000,0
2026-01-30 23:05:35,222774,8768.000,1601.000,2030.000,4319.000,-950.000,4118.000,0.000,0.000,0
2026-01-30 23:05:35,222814,8639.000,1681.000,2406.000,2963.000,-382.000,2511.000,0.000,0.000,0
2026-01-30 23:05:35,222854,8309.000,1102.000,2057.000,996.000,-224.000,678.000,0.000,0.000,0
2026-01-30 23:05:35,222894,7529.000,561.000,1246.000,1257.000,848.000,-1258.000,0.000,0.000,0
2026-01-30 23:05:35,222934,7336.000,499.000,1331.000,2044.000,1565.000,-2107.000,0.000,0.000,0
2026-01-30 23:05:35,222974,7604.000,496.000,1418.000,2426.000,1916.000,-2864.000,0.000,0.000,0
2026-01-30 23:05:35,223014,7858.000,389.000,1486.000,2061.000,2051.000,-3501.000,0.000,0.000,0
2026-01-30 23:05:35,223054,8072.000,-166.000,1523.000,1658.000,2035.000,-3853.000,0.000,0.000,0
2026-01-30 23:05:35,223094,7886.000,-562.000,1556.000,1754.000,1893.000,-3766.000,0.000,0.000,0
2026-01-30 23:05:36,223134,7846.000,-841.000,1660.000,1521.000,1714.000,-3281.000,0.000,0.000,0
2026-01-30 23:05:36,223174,7617.000,-671.000,1475.000,2890.000,1682.000,-2506.000,0.000,0.000,0
2026-01-30 23:05:36,223214,7573.000,-729.000,1256.000,3515.000,1762.000,-1701.000,0.000,0.000,0
2026-01-30 23:05:36,223254,7465.000,70.000,1089.000,4004.000,1490.000,-638.000,0.000,0.000,0
2026-01-30 23:05:36,223294,7594.000,211.000,801.000,3807.000,1103.000,101.000,0.000,0.000,0
2026-01-30 23:05:36,223334,7692.000,493.000,712.000,4469.000,483.000,848.000,0.000,0.000,0
2026-01-30 23:05:36,223374,7901.000,900.000,614.000,5343.000,-17.000,1679.000,0.000,0.000,0
2026-01-30 23:05:36,223414,8551.000,1170.000,248.000,6471.000,-483.000,2955.000,0.000,0.000,0
2026-01-30 23:05:36,223454,8885.000,1360.000,-101.000,7763.000,-320.000,4397.000,0.000,0.000,0
2026-01-30 23:05:36,223494,9350.000,1880.000,-583.000,9446.000,41.000,5927.000,0.000,0.000,0
2026-01-30 23:05:36,223534,10686.000,2569.000,-1192.000,10864.000,360.000,7143.000,0.000,0.000,0
2026-01-30 23:05:36,223574,10034.000,3466.000,-817.000,11501.000,1236.000,7515.000,0.000,0.000,0
2026-01-30 23:05:36,223614,8032.000,3660.000,170.000,9907.000,1081.000,6957.000,0.000,0.000,0
2026-01-30 23:05:36,223654,7083.000,3269.000,-306.000,5556.000,-332.000,4903.000,0.000,0.000,0
2026-01-30 23:05:36,223694,6966.000,3416.000,-1191.000,4459.000,-707.000,3392.000,0.000,0.000,0
2026-01-30 23:05:36,223734,7130.000,3416.000,-1202.000,3975.000,-922.000,1978.000,0.000,0.000,0
2026-01-30 23:05:36,223774,7748.000,3264.000,-1062.000,3616.000,-1158.000,500.000,0.000,0.000,0
2026-01-30 23:05:36,223814,8026.000,3099.000,-942.000,2875.000,-1558.000,-775.000,0.000,0.000,0
2026-01-30 23:05:36,223854,8303.000,2675.000,-690.000,2119.000,-2066.000,-1899.000,0.000,0.000,0
2026-01-30 23:05:36,223894,8506.000,2323.000,-331.000,1780.000,-2403.000,-2888.000,0.000,0.000,0
2026-01-30 23:05:36,223936,8686.000,2015.000,344.000,1450.000,-2696.000,-3768.000,0.000,0.000,0
2026-01-30 23:05:36,223974,8739.000,1438.000,565.000,774.000,-2621.000,-4313.000,0.000,0.000,0
2026-01-30 23:05:36,224014,8877.000,1779.000,1634.000,462.000,-2040.000,-3809.000,0.000,0.000,0
2026-01-30 23:05:36,224054,9158.000,529.000,3273.000,-2997.000,-608.000,-2337.000,0.000,0.000,0
2026-01-30 23:05:36,224094,11097.000,-2182.000,5843.000,-7113.000,-434.000,-1796.000,0.000,0.000,0
2026-01-30 23:05:37,224134,11117.000,-4095.000,3479.000,-5922.000,1251.000,240.000,0.000,0.000,0
2026-01-30 23:05:37,224174,11202.000,-417.000,1248.000,1077.000,2164.000,863.000,0.000,0.000,0
2026-01-30 23:05:37,224214,9986.000,412.000,457.000,4469.000,3765.000,1873.000,0.000,0.000,0
2026-01-30 23:05:37,224254,7617.000,1068.000,661.000,5420.000,4728.000,1947.000,0.000,0.000,0
2026-01-30 23:05:37,224294,6050.000,1554.000,956.000,4481.000,4381.000,1418.000,0.000,0.000,0
2026-01-30 23:05:37,224334,5681.000,1698.000,443.000,2691.000,3796.000,800.000,0.000,0.000,0
2026-01-30 23:05:37,224374,6501.000,1378.000,-449.000,1561.000,3509.000,132.000,0.000,0.000,0
2026-01-30 23:05:37,224414,7494.000,820.000,-1716.000,2754.000,3912.000,-1184.000,0.000,0.000,0
2026-01-30 23:05:37,224454,7239.000,1092.000,-1093.000,4617.000,3767.000,-2640.000,0.000,0.000,0
2026-01-30 23:05:37,224494,6521.000,1535.000,495.000,7224.000,2612.000,-3803.000,0.000,0.000,0
2026-01-30 23:05:37,224534,6069.000,1115.000,1563.000,7401.000,583.000,-3823.000,0.000,0.000,0
2026-01-30 23:05:37,224574,6139.000,1189.000,2287.000,5187.000,-660.000,-2798.000,0.000,0.000,0
2026-01-30 23:05:37,224614,5971.000,1646.000,1498.000,2306.000,-757.000,-689.000,0.000,0.000,0
2026-01-30 23:05:37,224654,6467.000,1784.000,3001.000,1232.000,-1715.000,2064.000,0.000,0.000,0
2026-01-30 23:05:37,224694,7125.000,929.000,4833.000,-220.000,-3327.000,4152.000,0.000,0.000,0
2026-01-30 23:05:37,224734,7847.000,1277.000,4063.000,-2044.000,-4734.000,4944.000,0.000,0.000,0
2026-01-30 23:05:37,224774,8426.000,1330.000,1840.000,-1111.000,-4487.000,5502.000,0.000,0.000,0
2026-01-30 23:05:37,224814,9150.000,1927.000,1463.000,2951.000,-2373.000,4768.000,0.000,0.000,0
2026-01-30 23:05:37,224854,9321.000,2706.000,1486.000,2886.000,-1499.000,3379.000,0.000,0.000,0
2026-01-30 23:05:37,224894,8951.000,2216.000,1535.000,29.000,-909.000,1395.000,0.000,0.000,0
2026-01-30 23:05:37,224934,9368.000,2104.000,949.000,-1474.000,-1130.000,-404.000,0.000,0.000,0
2026-01-30 23:05:37,224974,9203.000,2651.000,922.000,-2098.000,-764.000,-1144.000,0.000,0.000,0
2026-01-30 23:05:37,225014,9669.000,2269.000,824.000,-3966.000,-451.000,-1222.000,0.000,0.000,0
2026-01-30 23:05:37,225054,7985.000,1648.000,735.000,-5170.000,607.000,-1738.000,0.000,0.000,0
2026-01-30 23:05:37,225094,7533.000,1570.000,415.000,-5700.000,1067.000,-2377.000,0.000,0.000,0
2026-01-30 23:05:38,225134,8833.000,1337.000,-504.000,-6529.000,1543.000,-2946.000,0.000,0.000,0
2026-01-30 23:05:38,225174,9099.000,984.000,-634.000,-5242.000,2686.000,-2695.000,0.000,0.000,0
2026-01-30 23:05:38,225214,8257.000,1197.000,-317.000,-3341.000,2667.000,-2460.000,0.000,0.000,0
2026-01-30 23:05:38,225254,7218.000,1087.000,-400.000,-2077.000,2339.000,-2563.000,0.000,0.000,0
2026-01-30 23:05:38,225294,6590.000,1116.000,-615.000,-961.000,2090.000,-2987.000,0.000,0.000,0
2026-01-30 23:05:38,225334,6477.000,1122.000,-620.000,-751.000,1917.000,-3087.000,0.000,0.000,0
2026-01-30 23:05:38,225374,6700.000,842.000,-887.000,-397.000,1631.000,-2449.000,0.000,0.000,0
2026-01-30 23:05:38,225414,6833.000,862.000,-844.000,1343.000,1013.000,-1213.000,0.000,0.000,0
2026-01-30 23:05:38,225454,7190.000,1341.000,-134.000,3414.000,-28.000,403.000,0.000,0.000,0
2026-01-30 23:05:38,225494,7599.000,829.000,-86.000,5049.000,-756.000,1875.000,0.000,0.000,0
2026-01-30 23:05:38,225534,8185.000,1090.000,-992.000,6962.000,-603.000,2722.000,0.000,0.000,0
2026-01-30 23:05:38,225574,8907.000,2298.000,153.000,9820.000,-535.000,3597.000,0.000,0.000,0
2026-01-30 23:05:38,225614,9998.000,3132.000,1205.000,7983.000,-1044.000,4381.000,0.000,0.000,0
2026-01-30 23:05:38,225656,9382.000,3657.000,2874.000,3050.000,-1696.000,5264.000,0.000,0.000,0
2026-01-30 23:05:38,225696,10087.000,3052.000,3691.000,-3736.000,-2803.000,5815.000,0.000,0.000,0
2026-01-30 23:05:38,225734,9961.000,975.000,1877.000,-5521.000,-1969.000,5151.000,0.000,0.000,0
2026-01-30 23:05:38,225774,10470.000,959.000,785.000,155.000,-229.000,4578.000,0.000,0.000,0
2026-01-30 23:05:38,225814,7657.000,1731.000,1153.000,2776.000,2763.000,3691.000,0.000,0.000,0
2026-01-30 23:05:38,225854,4959.000,2044.000,1415.000,2637.000,3683.000,2251.000,0.000,0.000,0
2026-01-30 23:05:38,225894,5256.000,2082.000,1095.000,1828.000,2709.000,891.000,0.000,0.000,0
2026-01-30 23:05:38,225938,7325.000,2717.000,-170.000,1771.000,2419.000,-1001.000,0.000,0.000,0
2026-01-30 23:05:38,225974,8607.000,2444.000,117.000,479.000,1709.000,-2153.000,0.000,0.000,0
2026-01-30 23:05:38,226014,7494.000,1129.000,521.000,-479.000,1386.000,-3703.000,0.000,0.000,0
2026-01-30 23:05:38,226054,7300.000,2076.000,1101.000,-1030.000,-40.000,-4514.000,0.000,0.000,0
2026-01-30 23:05:38,226094,6974.000,2288.000,158.000,-2418.000,-492.000,-4557.000,0.000,0.000,0
2026-01-30 23:05:39,226134,7172.000,1827.000,-106.000,-4545.000,-938.000,-3920.000,0.000,0.000,0
2026-01-30 23:05:39,226174,7350.000,1473.000,392.000,-5719.000,-1278.000,-3157.000,0.000,0.000,0
2026-01-30 23:05:39,226214,7221.000,-838.000,-81.000,-5485.000,-1945.000,-2173.000,0.000,0.000,0
2026-01-30 23:05:39,226254,6717.000,-1563.000,2074.000,-1948.000,-3023.000,-534.000,0.000,0.000,0
2026-01-30 23:05:39,226294,8547.000,4656.000,1783.000,-488.000,-3656.000,1851.000,0.000,0.000,0
2026-01-30 23:05:39,226334,7901.000,2143.000,-77.000,-8484.000,-2132.000,3443.000,0.000,0.000,0
2026-01-30 23:05:39,226374,8617.000,33.000,-1199.000,-12316.000,-1615.000,1087.000,0.000,0.000,0
2026-01-30 23:05:39,226414,9504.000,-354.000,-819.000,-9063.000,-1087.000,-969.000,0.000,0.000,0
2026-01-30 23:05:39,226454,9369.000,355.000,77.000,-2048.000,-627.000,-2253.000,0.000,0.000,0
2026-01-30 23:05:39,226494,10205.000,1257.000,367.000,2519.000,-1741.000,-2568.000,0.000,0.000,0
2026-01-30 23:05:39,226534,9305.000,2811.000,1421.000,2472.000,-2062.000,-1099.000,0.000,0.000,0
2026-01-30 23:05:39,226574,6349.000,4470.000,1133.000,-2706.000,-1712.000,950.000,0.000,0.000,0
2026-01-30 23:05:39,226614,6849.000,3531.000,236.000,-10264.000,-2015.000,2022.000,0.000,0.000,0
2026-01-30 23:05:39,226654,9312.000,2018.000,-1397.000,-14540.000,-1090.000,1760.000,0.000,0.000,0
2026-01-30 23:05:39,226694,9603.000,894.000,-1761.000,-13602.000,1201.000,1330.000,0.000,0.000,0
2026-01-30 23:05:39,226734,8719.000,890.000,-823.000,-6644.000,3277.000,337.000,0.000,0.000,0
2026-01-30 23:05:39,226774,7615.000,1196.000,-356.000,-3566.000,3395.000,-1180.000,0.000,0.000,0
2026-01-30 23:05:39,226814,7601.000,1719.000,-731.000,-1952.000,2993.000,-2303.000,0.000,0.000,0
2026-01-30 23:05:39,226854,7763.000,2108.000,-1183.000,-1711.000,2925.000,-2564.000,0.000,0.000,0
2026-01-30 23:05:39,226894,7273.000,1651.000,-1234.000,-2365.000,2821.000,-2303.000,0.000,0.000,0
2026-01-30 23:05:39,226934,7092.000,1679.000,-1321.000,-1919.000,2263.000,-1877.000,0.000,0.000,0
2026-01-30 23:05:39,226974,7721.000,2439.000,-1832.000,-1631.000,1154.000,-1189.000,0.000,0.000,0
2026-01-30 23:05:39,227014,7533.000,2356.000,-1721.000,-976.000,902.000,-362.000,0.000,0.000,0
2026-01-30 23:05:39,227054,8708.000,1980.000,-1849.000,-1549.000,58.000,-365.000,0.000,0.000,0
2026-01-30 23:05:39,227094,9068.000,1474.000,-1040.000,-793.000,-597.000,-855.000,0.000,0.000,0
2026-01-30 23:05:40,227134,9130.000,1294.000,137.000,252.000,-1786.000,-1833.000,0.000,0.000,0
2026-01-30 23:05:40,227174,8487.000,987.000,2317.000,30.000,-2756.000,-3205.000,0.000,0.000,0
2026-01-30 23:05:40,227214,6767.000,360.000,3820.000,-2883.000,-2808.000,-3605.000,0.000,0.000,0
2026-01-30 23:05:40,227254,5589.000,410.000,2980.000,-5419.000,-2575.000,-1437.000,0.000,0.000,0
2026-01-30 23:05:40,227294,6893.000,-1312.000,3394.000,-6318.000,-1541.000,2130.000,0.000,0.000,0
2026-01-30 23:05:40,227334,9192.000,-2265.000,3045.000,-3988.000,-1564.000,3992.000,0.000,0.000,0
2026-01-30 23:05:40,227374,9092.000,-1499.000,3287.000,2037.000,-1058.000,2840.000,0.000,0.000,0
2026-01-30 23:05:40,227414,7896.000,298.000,2508.000,5717.000,-551.000,1821.000,0.000,0.000,0
2026-01-30 23:05:40,227454,6886.000,1476.000,1353.000,5724.000,-126.000,1722.000,0.000,0.000,0
2026-01-30 23:05:40,227494,6891.000,2164.000,911.000,3407.000,171.000,2416.000,0.000,0.000,0
2026-01-30 23:05:40,227534,6971.000,2411.000,811.000,1687.000,161.000,3246.000,0.000,0.000,0
2026-01-30 23:05:40,227574,7156.000,2416.000,949.000,194.000,-388.000,3672.000,0.000,0.000,0
2026-01-30 23:05:40,227614,7012.000,2766.000,1298.000,-714.000,-1055.000,3458.000,0.000,0.000,0
2026-01-30 23:05:40,227654,7548.000,2522.000,1109.000,-2719.000,-1836.000,2539.000,0.000,0.000,0
2026-01-30 23:05:40,227694,7675.000,1821.000,600.000,-4009.000,-1888.000,1126.000,0.000,0.000,0
2026-01-30 23:05:40,227734,8182.000,1741.000,639.000,-3755.000,-1895.000,-52.000,0.000,0.000,0
2026-01-30 23:05:40,227774,8692.000,1770.000,629.000,-3013.000,-1701.000,-764.000,0.000,0.000,0
2026-01-30 23:05:40,227814,9800.000,1868.000,755.000,-2123.000,-1675.000,-1106.000,0.000,0.000,0
2026-01-30 23:05:40,227854,9627.000,2327.000,1009.000,-1823.000,-1448.000,-1228.000,0.000,0.000,0
2026-01-30 23:05:40,227894,8521.000,3211.000,1396.000,-4753.000,-856.000,-1177.000,0.000,0.000,0
2026-01-30 23:05:40,227936,7968.000,2427.000,371.000,-7978.000,-337.000,-1707.000,0.000,0.000,0
2026-01-30 23:05:40,227974,10215.000,1850.000,-786.000,-9368.000,484.000,-2274.000,0.000,0.000,0
2026-01-30 23:05:40,228014,10551.000,1967.000,-881.000,-9738.000,2151.000,-2590.000,0.000,0.000,0
2026-01-30 23:05:40,228054,9304.000,1230.000,-514.000,-10667.000,3108.000,-3170.000,0.000,0.000,0
2026-01-30 23:05:40,228094,8653.000,473.000,-494.000,-8584.000,3301.000,-4259.000,0.000,0.000,0
2026-01-30 23:05:41,228134,7602.000,328.000,-840.000,-5366.000,3595.000,-5005.000,0.000,0.000,0
2026-01-30 23:05:41,228174,7162.000,392.000,-965.000,-3205.000,3610.000,-4998.000,0.000,0.000,0
2026-01-30 23:05:41,228214,7175.000,910.000,-1167.000,-1620.000,3681.000,-3987.000,0.000,0.000,0
2026-01-30 23:05:41,228254,7167.000,1470.000,-726.000,49.000,3165.000,-1573.000,0.000,0.000,0
2026-01-30 23:05:41,228294,7353.000,588.000,-209.000,484.000,1877.000,-664.000,0.000,0.000,0
2026-01-30 23:05:41,228334,8863.000,632.000,257.000,1333.000,369.000,-489.000,0.000,0.000,0
2026-01-30 23:05:41,228374,8919.000,104.000,-196.000,-250.000,-369.000,-24.000,0.000,0.000,0
2026-01-30 23:05:41,228414,9153.000,343.000,-469.000,-1222.000,-668.000,1642.000,0.000,0.000,0
2026-01-30 23:05:41,228454,9572.000,407.000,-259.000,-1028.000,-1247.000,3909.000,0.000,0.000,0
2026-01-30 23:05:41,228494,9427.000,1143.000,535.000,-225.000,-1995.000,5631.000,0.000,0.000,0
2026-01-30 23:05:41,228534,7179.000,1197.000,1408.000,-201.000,-3126.000,5865.000,0.000,0.000,0
2026-01-30 23:05:41,228574,6631.000,1168.000,1953.000,1.000,-4891.000,4883.000,0.000,0.000,0
2026-01-30 23:05:41,228614,8105.000,959.000,1887.000,-2161.000,-5903.000,3737.000,0.000,0.000,0
2026-01-30 23:05:41,228654,7432.000,618.000,1311.000,-983.000,-4643.000,3262.000,0.000,0.000,0
2026-01-30 23:05:41,228694,6777.000,483.000,1813.000,648.000,-3773.000,2975.000,0.000,0.000,0
2026-01-30 23:05:41,228734,7043.000,567.000,2826.000,2179.000,-3504.000,2503.000,0.000,0.000,0
2026-01-30 23:05:41,228774,7524.000,1684.000,3123.000,2332.000,-3468.000,2408.000,0.000,0.000,0
2026-01-30 23:05:41,228814,8602.000,1840.000,3166.000,659.000,-3078.000,2522.000,0.000,0.000,0
2026-01-30 23:05:41,228854,9078.000,1796.000,3159.000,-1261.000,-2072.000,2049.000,0.000,0.000,0
2026-01-30 23:05:41,228894,8362.000,1203.000,2553.000,-3119.000,-450.000,760.000,0.000,0.000,0
2026-01-30 23:05:41,228934,7545.000,311.000,1737.000,-3721.000,730.000,-529.000,0.000,0.000,0
2026-01-30 23:05:41,228974,8156.000,248.000,794.000,-1769.000,1434.000,-1512.000,0.000,0.000,0
2026-01-30 23:05:41,229014,8826.000,1309.000,534.000,1130.000,2726.000,-2467.000,0.000,0.000,0
2026-01-30 23:05:41,229054,11001.000,1951.000,279.000,1729.000,2208.000,-2785.000,0.000,0.000,0
2026-01-30 23:05:41,229094,11718.000,2618.000,699.000,643.000,2180.000,-2854.000,0.000,0.000,0
2026-01-30 23:05:42,229134,9666.000,3110.000,1383.000,-2710.000,2145.000,-2761.000,0.000,0.000,0
2026-01-30 23:05:42,229174,9058.000,1970.000,-338.000,-6367.000,1912.000,-3556.000,0.000,0.000,0
2026-01-30 23:05:42,229214,10422.000,1192.000,-1674.000,-7033.000,2769.000,-4354.000,0.000,0.000,0
2026-01-30 23:05:42,229254,10900.000,851.000,-1226.000,-6687.000,4434.000,-4962.000,0.000,0.000,0
2026-01-30 23:05:42,229294,9824.000,487.000,-695.000,-5187.000,5617.000,-5626.000,0.000,0.000,0
2026-01-30 23:05:42,229334,8961.000,232.000,-289.000,-3117.000,5679.000,-7003.000,0.000,0.000,0
2026-01-30 23:05:42,229374,8356.000,358.000,-379.000,-306.000,5032.000,-8581.000,0.000,0.000,0
2026-01-30 23:05:42,229414,7567.000,418.000,-273.000,336.000,4963.000,-8204.000,0.000,0.000,0
2026-01-30 23:05:42,229454,6530.000,68.000,-135.000,920.000,4741.000,-6706.000,0.000,0.000,0
2026-01-30 23:05:42,229494,5216.000,122.000,159.000,1573.000,4136.000,-4429.000,0.000,0.000,0
2026-01-30 23:05:42,229534,4956.000,386.000,534.000,2698.000,2823.000,-1373.000,0.000,0.000,0
2026-01-30 23:05:42,229574,5726.000,753.000,642.000,3003.000,1286.000,2604.000,0.000,0.000,0
2026-01-30 23:05:42,229614,6727.000,1079.000,487.000,3691.000,65.000,7148.000,0.000,0.000,0
2026-01-30 23:05:42,229656,9047.000,4012.000,1237.000,4588.000,-1415.000,11323.000,0.000,0.000,0
2026-01-30 23:05:42,229695,11599.000,6922.000,2064.000,147.000,-2564.000,14442.000,0.000,0.000,0
2026-01-30 23:05:42,229734,9356.000,3636.000,2760.000,-6922.000,-3473.000,13954.000,0.000,0.000,0
2026-01-30 23:05:42,229774,8157.000,-918.000,1930.000,-7287.000,-6772.000,7721.000,0.000,0.000,0
2026-01-30 23:05:42,229814,9067.000,-1467.000,1251.000,1859.000,-7005.000,3701.000,0.000,0.000,0
2026-01-30 23:05:42,229854,8838.000,113.000,874.000,10236.000,-5235.000,1267.000,0.000,0.000,0
2026-01-30 23:05:42,229894,7694.000,1931.000,1517.000,14713.000,-3783.000,462.000,0.000,0.000,0
2026-01-30 23:05:42,229936,6736.000,3432.000,1992.000,13520.000,-2468.000,518.000,0.000,0.000,0
2026-01-30 23:05:42,229974,6294.000,3305.000,2397.000,8097.000,-2311.000,1385.000,0.000,0.000,0
2026-01-30 23:05:42,230014,6494.000,3028.000,2872.000,3472.000,-2146.000,2362.000,0.000,0.000,0
2026-01-30 23:05:42,230054,7470.000,2130.000,3187.000,692.000,-2350.000,3129.000,0.000,0.000,0
2026-01-30 23:05:42,230094,8001.000,1721.000,3228.000,-434.000,-2187.000,2760.000,0.000,0.000,0
2026-01-30 23:05:43,230134,8292.000,1434.000,3635.000,-1459.000,-1600.000,1209.000,0.000,0.000,0
2026-01-30 23:05:43,230174,8036.000,1141.000,2371.000,-2682.000,-403.000,77.000,0.000,0.000,0
2026-01-30 23:05:43,230214,8180.000,1069.000,988.000,-2162.000,987.000,-713.000,0.000,0.000,0
2026-01-30 23:05:43,230254,9105.000,1262.000,-149.000,-1093.000,2001.000,-1659.000,0.000,0.000,0
2026-01-30 23:05:43,230294,12396.000,1712.000,496.000,75.000,2266.000,-2618.000,0.000,0.000,0
2026-01-30 23:05:43,230334,9920.000,2406.000,2113.000,-935.000,3910.000,-3728.000,0.000,0.000,0
2026-01-30 23:05:43,230374,11313.000,2554.000,38.000,-1891.000,2707.000,-4591.000,0.000,0.000,0
2026-01-30 23:05:43,230414,13060.000,1970.000,-666.000,-4711.000,3043.000,-5669.000,0.000,0.000,0
2026-01-30 23:05:43,230454,13105.000,1306.000,-704.000,-6716.000,4496.000,-7209.000,0.000,0.000,0
2026-01-30 23:05:43,230494,12738.000,473.000,-1153.000,-6911.000,6097.000,-9154.000,0.000,0.000,0
2026-01-30 23:05:43,230534,11876.000,-662.000,-1186.000,-5489.000,8206.000,-12142.000,0.000,0.000,0
2026-01-30 23:05:43,230574,9777.000,-817.000,-699.000,-3696.000,9017.000,-12534.000,0.000,0.000,0
2026-01-30 23:05:43,230614,7486.000,-837.000,-638.000,-1045.000,8745.000,-11508.000,0.000,0.000,0
2026-01-30 23:05:43,230654,4888.000,-467.000,-344.000,1588.000,7592.000,-8613.000,0.000,0.000,0
2026-01-30 23:05:43,230694,3820.000,117.000,483.000,2775.000,5476.000,-4902.000,0.000,0.000,0
2026-01-30 23:05:43,230734,3818.000,233.000,684.000,2095.000,3463.000,-133.000,0.000,0.000,0
2026-01-30 23:05:43,230774,4563.000,361.000,585.000,1582.000,1879.000,4905.000,0.000,0.000,0
2026-01-30 23:05:43,230814,6892.000,666.000,1107.000,1799.000,750.000,9849.000,0.000,0.000,0
2026-01-30 23:05:43,230854,10184.000,2354.000,685.000,2749.000,-15.000,14420.000,0.000,0.000,0
2026-01-30 23:05:43,230894,12933.000,1467.000,553.000,3082.000,-407.000,18118.000,0.000,0.000,0
2026-01-30 23:05:43,230934,10969.000,-403.000,1593.000,8395.000,-2409.000,17440.000,0.000,0.000,0
2026-01-30 23:05:43,230974,9435.000,166.000,1331.000,16800.000,-4968.000,13894.000,0.000,0.000,0
2026-01-30 23:05:43,231014,11056.000,1473.000,-377.000,22176.000,-5962.000,12311.000,0.000,0.000,0
2026-01-30 23:05:43,231054,13033.000,4022.000,-1948.000,22356.000,-4056.000,12522.000,0.000,0.000,0
2026-01-30 23:05:43,231094,12639.000,5959.000,-2332.000,16764.000,145.000,12475.000,0.000,0.000,0
2026-01-30 23:05:44,231134,10267.000,5120.000,-1704.000,9371.000,1816.000,11006.000,0.000,0.000,0
2026-01-30 23:05:44,231174,6585.000,3448.000,665.000,6591.000,735.000,7110.000,0.000,0.000,0
2026-01-30 23:05:44,231214,6369.000,1799.000,1407.000,5977.000,-2177.000,3436.000,0.000,0.000,0
2026-01-30 23:05:44,231254,6313.000,2569.000,924.000,7477.000,-3795.000,958.000,0.000,0.000,0
2026-01-30 23:05:44,231294,6372.000,4260.000,955.000,7964.000,-4172.000,341.000,0.000,0.000,0
2026-01-30 23:05:44,231334,7232.000,3365.000,2152.000,1094.000,-4527.000,-1013.000,0.000,0.000,0
2026-01-30 23:05:44,231374,7186.000,2299.000,3269.000,-3184.000,-4139.000,-2064.000,0.000,0.000,0
2026-01-30 23:05:44,231414,8020.000,1382.000,3578.000,-6027.000,-3938.000,-3027.000,0.000,0.000,0
2026-01-30 23:05:44,231454,9726.000,377.000,2454.000,-7422.000,-2885.000,-3561.000,0.000,0.000,0
2026-01-30 23:05:44,231494,9553.000,-545.000,1456.000,-5854.000,-232.000,-4211.000,0.000,0.000,0
2026-01-30 23:05:44,231534,9408.000,-460.000,869.000,-3519.000,1479.000,-4691.000,0.000,0.000,0
2026-01-30 23:05:44,231574,9819.000,-400.000,333.000,-1888.000,2169.000,-5289.000,0.000,0.000,0
2026-01-30 23:05:44,231614,10998.000,150.000,155.000,-772.000,2333.000,-5079.000,0.000,0.000,0
2026-01-30 23:05:44,231658,9637.000,827.000,-40.000,1660.000,2633.000,-4518.000,0.000,0.000,0
2026-01-30 23:05:44,231694,7715.000,1674.000,-152.000,5672.000,1723.000,-2759.000,0.000,0.000,0
2026-01-30 23:05:44,231734,6455.000,1774.000,3.000,3981.000,627.000,-2079.000,0.000,0.000,0
2026-01-30 23:05:44,231774,6317.000,1941.000,29.000,1129.000,-306.000,-1272.000,0.000,0.000,0
2026-01-30 23:05:44,231814,6738.000,1778.000,-348.000,-1161.000,-596.000,11.000,0.000,0.000,0
2026-01-30 23:05:44,231854,7423.000,1525.000,-713.000,-1604.000,-446.000,1320.000,0.000,0.000,0
2026-01-30 23:05:44,231894,8208.000,1351.000,-905.000,-423.000,-198.000,2011.000,0.000,0.000,0
2026-01-30 23:05:44,231936,8600.000,1602.000,-703.000,1098.000,-88.000,1918.000,0.000,0.000,0
2026-01-30 23:05:44,231974,8363.000,1752.000,-175.000,1444.000,-311.000,1336.000,0.000,0.000,0
2026-01-30 23:05:44,232014,8241.000,1894.000,225.000,1064.000,-711.000,785.000,0.000,0.000,0
2026-01-30 23:05:44,232054,7949.000,2187.000,757.000,-1004.000,-733.000,795.000,0.000,0.000,0
2026-01-30 23:05:44,232094,7871.000,1913.000,880.000,-2700.000,-446.000,913.000,0.000,0.000,0
2026-01-30 23:05:45,232134,8531.000,938.000,298.000,-3473.000,8.000,943.000,0.000,0.000,0
2026-01-30 23:05:45,232174,9427.000,677.000,58.000,-2604.000,704.000,818.000,0.000,0.000,0
2026-01-30 23:05:45,232214,8397.000,36.000,1087.000,-2044.000,1542.000,499.000,0.000,0.000,0
2026-01-30 23:05:45,232254,8013.000,-564.000,1134.000,-720.000,1190.000,29.000,0.000,0.000,0
2026-01-30 23:05:45,232294,8288.000,-179.000,1022.000,260.000,835.000,8.000,0.000,0.000,0
2026-01-30 23:05:45,232334,8237.000,552.000,1425.000,435.000,884.000,591.000,0.000,0.000,0
2026-01-30 23:05:45,232374,7684.000,329.000,1530.000,155.000,940.000,1270.000,0.000,0.000,0
2026-01-30 23:05:45,232414,7100.000,413.000,1115.000,1227.000,1044.000,1638.000,0.000,0.000,0
2026-01-30 23:05:45,232454,6878.000,868.000,924.000,3499.000,1175.000,1697.000,0.000,0.000,0
2026-01-30 23:05:45,232494,6773.000,1132.000,893.000,4586.000,1153.000,1361.000,0.000,0.000,0
2026-01-30 23:05:45,232534,7085.000,1451.000,1095.000,5126.000,726.000,1071.000,0.000,0.000,0
2026-01-30 23:05:45,232574,7314.000,1776.000,1427.000,4750.000,205.000,1017.000,0.000,0.000,0
2026-01-30 23:05:45,232614,7548.000,1719.000,1688.000,3694.000,-306.000,1088.000,0.000,0.000,0
2026-01-30 23:05:45,232654,7776.000,1340.000,1759.000,2652.000,-553.000,922.000,0.000,0.000,0
2026-01-30 23:05:45,232694,7828.000,1025.000,1825.000,2224.000,-474.000,488.000,0.000,0.000,0
2026-01-30 23:05:45,232734,7637.000,594.000,1984.000,2637.000,-225.000,4.000,0.000,0.000,0
2026-01-30 23:05:45,232774,7609.000,796.000,1983.000,3077.000,-153.000,-350.000,0.000,0.000,0
2026-01-30 23:05:45,232814,7626.000,528.000,2038.000,2376.000,-213.000,-292.000,0.000,0.000,0
2026-01-30 23:05:45,232854,7523.000,549.000,1975.000,2317.000,-320.000,-116.000,0.000,0.000,0
2026-01-30 23:05:45,232894,7512.000,743.000,2113.000,2417.000,-565.000,117.000,0.000,0.000,0
2026-01-30 23:05:45,232934,7360.000,1009.000,2114.000,2266.000,-743.000,155.000,0.000,0.000,0
2026-01-30 23:05:45,232974,7069.000,1178.000,2143.000,1900.000,-858.000,85.000,0.000,0.000,0
2026-01-30 23:05:45,233014,7488.000,1218.000,1776.000,1735.000,-998.000,-40.000,0.000,0.000,0
2026-01-30 23:05:45,233054,7315.000,1430.000,1687.000,1616.000,-794.000,-175.000,0.000,0.000,0
2026-01-30 23:05:45,233094,8481.000,1525.000,1199.000,1507.000,-1183.000,-322.000,0.000,0.000,0
2026-01-30 23:05:46,233134,9451.000,1793.000,936.000,1522.000,-815.000,-555.000,0.000,0.000,0
2026-01-30 23:05:46,233174,8660.000,2026.000,643.000,805.000,-160.000,-900.000,0.000,0.000,0
2026-01-30 23:05:46,233214,9795.000,1425.000,177.000,-1160.000,177.000,-1287.000,0.000,0.000,0
2026-01-30 23:05:46,233254,8972.000,1319.000,27.000,-778.000,1013.000,-1411.000,0.000,0.000,0
2026-01-30 23:05:46,233294,7762.000,1183.000,138.000,-76.000,1257.000,-1819.000,0.000,0.000,0
2026-01-30 23:05:46,233334,7550.000,1127.000,89.000,145.000,1086.000,-2324.000,0.000,0.000,0
2026-01-30 23:05:46,233374,7415.000,1263.000,-132.000,557.000,1286.000,-2126.000,0.000,0.000,0
2026-01-30 23:05:46,233414,7243.000,1297.000,-287.000,1181.000,1503.000,-1470.000,0.000,0.000,0
2026-01-30 23:05:46,233454,7162.000,1313.000,-556.000,1727.000,1466.000,-789.000,0.000,0.000,0
2026-01-30 23:05:46,233494,7217.000,1494.000,-608.000,2373.000,1119.000,-126.000,0.000,0.000,0
2026-01-30 23:05:46,233534,7479.000,1648.000,-519.000,2905.000,595.000,494.000,0.000,0.000,0
2026-01-30 23:05:46,233574,7646.000,1949.000,-493.000,2946.000,25.000,1304.000,0.000,0.000,0
2026-01-30 23:05:46,233614,7768.000,1922.000,-343.000,2158.000,-931.000,1629.000,0.000,0.000,0
2026-01-30 23:05:46,233654,7884.000,1876.000,-86.000,1620.000,-1419.000,1796.000,0.000,0.000,0
2026-01-30 23:05:46,233696,7988.000,1940.000,379.000,1215.000,-1654.000,1933.000,0.000,0.000,0
2026-01-30 23:05:46,233736,8151.000,1978.000,719.000,632.000,-1741.000,2127.000,0.000,0.000,0
2026-01-30 23:05:46,233774,8491.000,2028.000,1142.000,-107.000,-1753.000,2323.000,0.000,0.000,0
2026-01-30 23:05:46,233814,8655.000,1884.000,1544.000,-1004.000,-1580.000,2371.000,0.000,0.000,0
2026-01-30 23:05:46,233854,8978.000,1693.000,1652.000,-1056.000,-1154.000,2240.000,0.000,0.000,0
2026-01-30 23:05:46,233894,9009.000,1451.000,1822.000,-496.000,-429.000,1829.000,0.000,0.000,0
2026-01-30 23:05:46,233938,9344.000,1400.000,1752.000,450.000,400.000,1241.000,0.000,0.000,0
2026-01-30 23:05:46,233974,10493.000,1745.000,1012.000,1401.000,1919.000,396.000,0.000,0.000,0
2026-01-30 23:05:46,234014,9408.000,1847.000,1370.000,1435.000,3045.000,-334.000,0.000,0.000,0
2026-01-30 23:05:46,234054,6386.000,1636.000,1528.000,477.000,3653.000,-1655.000,0.000,0.000,0
2026-01-30 23:05:46,234094,5894.000,1070.000,514.000,-300.000,3441.000,-3088.000,0.000,0.000,0
2026-01-30 23:05:47,234134,6316.000,621.000,-403.000,219.000,3760.000,-4257.000,0.000,0.000,0
2026-01-30 23:05:47,234174,7232.000,517.000,-1286.000,2087.000,3861.000,-4822.000,0.000,0.000,0
2026-01-30 23:05:47,234214,7857.000,1118.000,-701.000,4103.000,3270.000,-5003.000,0.000,0.000,0
2026-01-30 23:05:47,234254,7488.000,1516.000,601.000,4348.000,1952.000,-4668.000,0.000,0.000,0
2026-01-30 23:05:47,234294,6551.000,1748.000,1675.000,3092.000,-6.000,-3461.000,0.000,0.000,0
2026-01-30 23:05:47,234334,6059.000,1739.000,1312.000,-534.000,-1334.000,-1672.000,0.000,0.000,0
2026-01-30 23:05:47,234374,6225.000,841.000,1768.000,-5635.000,-1620.000,1629.000,0.000,0.000,0
2026-01-30 23:05:47,234414,6748.000,189.000,2219.000,-4590.000,-2321.000,2872.000,0.000,0.000,0
2026-01-30 23:05:47,234454,7432.000,725.000,2226.000,-1328.000,-3115.000,3316.000,0.000,0.000,0
2026-01-30 23:05:47,234494,7476.000,1251.000,2081.000,379.000,-3176.000,3543.000,0.000,0.000,0
2026-01-30 23:05:47,234534,7822.000,1517.000,2023.000,588.000,-2994.000,3651.000,0.000,0.000,0
2026-01-30 23:05:47,234574,8933.000,1967.000,1781.000,55.000,-2887.000,3868.000,0.000,0.000,0
2026-01-30 23:05:47,234614,9053.000,2310.000,1640.000,-737.000,-2563.000,3770.000,0.000,0.000,0
2026-01-30 23:05:47,234654,9699.000,2554.000,1781.000,-1608.000,-2513.000,2832.000,0.000,0.000,0
2026-01-30 23:05:47,234694,8827.000,2279.000,1640.000,-2949.000,-1945.000,1167.000,0.000,0.000,0
2026-01-30 23:05:47,234734,9551.000,2191.000,745.000,-3227.000,-1706.000,-112.000,0.000,0.000,0
2026-01-30 23:05:47,234774,8890.000,2360.000,526.000,-3753.000,262.000,-1003.000,0.000,0.000,0
2026-01-30 23:05:47,234814,7905.000,2018.000,391.000,-4575.000,950.000,-1604.000,0.000,0.000,0
2026-01-30 23:05:47,234854,7143.000,1418.000,124.000,-4748.000,1492.000,-2704.000,0.000,0.000,0
2026-01-30 23:05:47,234894,7683.000,1291.000,-250.000,-3617.000,1798.000,-3624.000,0.000,0.000,0
2026-01-30 23:05:47,234934,8537.000,1314.000,-682.000,-2326.000,2322.000,-4044.000,0.000,0.000,0
2026-01-30 23:05:47,234974,9089.000,1470.000,-1009.000,-1481.000,2788.000,-3804.000,0.000,0.000,0
2026-01-30 23:05:47,235014,8906.000,1735.000,-1071.000,-1250.000,3044.000,-3044.000,0.000,0.000,0
2026-01-30 23:05:47,235054,7847.000,1696.000,-1008.000,-1132.000,2898.000,-2392.000,0.000,0.000,0
2026-01-30 23:05:47,235094,6829.000,1297.000,-994.000,-542.000,2077.000,-2488.000,0.000,0.000,0
2026-01-30 23:05:48,235134,6809.000,1353.000,-1056.000,301.000,582.000,-2788.000,0.000,0.000,0
2026-01-30 23:05:48,235174,7260.000,1514.000,-1190.000,455.000,8.000,-2023.000,0.000,0.000,0
2026-01-30 23:05:48,235214,7236.000,1556.000,-1271.000,611.000,-378.000,-580.000,0.000,0.000,0
2026-01-30 23:05:48,235254,7075.000,1746.000,-1101.000,898.000,-1140.000,1067.000,0.000,0.000,0
2026-01-30 23:05:48,235294,7448.000,1733.000,-781.000,912.000,-2170.000,2557.000,0.000,0.000,0
2026-01-30 23:05:48,235334,7782.000,2006.000,-661.000,838.000,-3000.000,3736.000,0.000,0.000,0
2026-01-30 23:05:48,235374,8179.000,2113.000,-307.000,-26.000,-3598.000,4622.000,0.000,0.000,0
2026-01-30 23:05:48,235414,8670.000,2116.000,-76.000,-1093.000,-3945.000,5140.000,0.000,0.000,0
2026-01-30 23:05:48,235454,9150.000,2316.000,273.000,-1955.000,-3998.000,5454.000,0.000,0.000,0
2026-01-30 23:05:48,235494,9103.000,2093.000,847.000,-3745.000,-3440.000,5216.000,0.000,0.000,0
2026-01-30 23:05:48,235534,8619.000,1575.000,1468.000,-3878.000,-2707.000,3978.000,0.000,0.000,0
2026-01-30 23:05:48,235574,8508.000,1290.000,2440.000,-2481.000,-1796.000,2381.000,0.000,0.000,0
2026-01-30 23:05:48,235614,8634.000,1500.000,2340.000,347.000,-545.000,1188.000,0.000,0.000,0
2026-01-30 23:05:48,235656,10053.000,2355.000,1879.000,1237.000,596.000,755.000,0.000,0.000,0
2026-01-30 23:05:48,235694,10032.000,2692.000,1437.000,255.000,2022.000,683.000,0.000,0.000,0
2026-01-30 23:05:48,235735,8018.000,2461.000,1442.000,-1812.000,3028.000,375.000,0.000,0.000,0
2026-01-30 23:05:48,235774,7253.000,2138.000,1057.000,-3429.000,3079.000,-231.000,0.000,0.000,0
2026-01-30 23:05:48,235814,6871.000,1638.000,333.000,-3993.000,3438.000,-909.000,0.000,0.000,0
2026-01-30 23:05:48,235854,7364.000,1630.000,-836.000,-2751.000,3882.000,-1526.000,0.000,0.000,0
2026-01-30 23:05:48,235894,8776.000,1727.000,-1241.000,-1292.000,3995.000,-2766.000,0.000,0.000,0
2026-01-30 23:05:48,235937,8967.000,1634.000,-1152.000,-726.000,3567.000,-3874.000,0.000,0.000,0
2026-01-30 23:05:48,235975,8236.000,1732.000,-326.000,-175.000,2307.000,-5000.000,0.000,0.000,0
2026-01-30 23:05:48,236014,7332.000,1787.000,109.000,-846.000,489.000,-5908.000,0.000,0.000,0
2026-01-30 23:05:48,236054,6949.000,1765.000,-156.000,-2759.000,-1092.000,-6056.000,0.000,0.000,0
2026-01-30 23:05:48,236094,6802.000,1661.000,-266.000,-5129.000,-1847.000,-5039.000,0.000,0.000,0
2026-01-30 23:05:49,236134,6655.000,1633.000,94.000,-6175.000,-2386.000,-3118.000,0.000,0.000,0
2026-01-30 23:05:49,236174,6765.000,1530.000,556.000,-6266.000,-3076.000,-893.000,0.000,0.000,0
2026-01-30 23:05:49,236214,7241.000,1431.000,867.000,-6165.000,-3774.000,807.000,0.000,0.000,0
2026-01-30 23:05:49,236254,7465.000,1615.000,1279.000,-6721.000,-3998.000,1988.000,0.000,0.000,0
2026-01-30 23:05:49,236294,7306.000,1163.000,1145.000,-7896.000,-3570.000,1944.000,0.000,0.000,0
2026-01-30 23:05:49,236334,7445.000,704.000,1037.000,-7073.000,-3057.000,1676.000,0.000,0.000,0
2026-01-30 23:05:49,236374,7840.000,648.000,1005.000,-4477.000,-2617.000,1497.000,0.000,0.000,0
2026-01-30 23:05:49,236414,7997.000,1230.000,1251.000,-1926.000,-2248.000,1495.000,0.000,0.000,0
2026-01-30 23:05:49,236454,8427.000,1892.000,1122.000,-1163.000,-2247.000,1579.000,0.000,0.000,0
2026-01-30 23:05:49,236494,8698.000,2028.000,935.000,-2153.000,-2059.000,1581.000,0.000,0.000,0
2026-01-30 23:05:49,236534,9398.000,2237.000,666.000,-2923.000,-1897.000,1555.000,0.000,0.000,0
2026-01-30 23:05:49,236574,9418.000,2280.000,353.000,-3658.000,-1095.000,1183.000,0.000,0.000,0
2026-01-30 23:05:49,236614,7898.000,1589.000,40.000,-4195.000,-158.000,158.000,0.000,0.000,0
2026-01-30 23:05:49,236654,7786.000,1257.000,-58.000,-4385.000,454.000,-2061.000,0.000,0.000,0
2026-01-30 23:05:49,236694,8508.000,1467.000,-400.000,-3509.000,848.000,-2752.000,0.000,0.000,0
2026-01-30 23:05:49,236734,9207.000,1520.000,-601.000,-2995.000,1283.000,-2767.000,0.000,0.000,0
2026-01-30 23:05:49,236774,9271.000,1644.000,-374.000,-3217.000,1566.000,-2681.000,0.000,0.000,0
2026-01-30 23:05:49,236814,8532.000,1541.000,-290.000,-3347.000,1669.000,-2831.000,0.000,0.000,0
2026-01-30 23:05:49,236854,7671.000,1083.000,-442.000,-2858.000,1495.000,-3260.000,0.000,0.000,0
2026-01-30 23:05:49,236894,7838.000,1091.000,-648.000,-2345.000,1412.000,-3561.000,0.000,0.000,0
2026-01-30 23:05:49,236934,8019.000,1092.000,-718.000,-1902.000,1679.000,-3148.000,0.000,0.000,0
2026-01-30 23:05:49,236974,7754.000,1020.000,-701.000,-1120.000,1804.000,-2198.000,0.000,0.000,0
2026-01-30 23:05:49,237014,7619.000,1282.000,-442.000,24.000,1394.000,-716.000,0.000,0.000,0
2026-01-30 23:05:49,237054,7529.000,1430.000,-360.000,835.000,542.000,216.000,0.000,0.000,0
2026-01-30 23:05:49,237094,7622.000,1361.000,-372.000,743.000,167.000,993.000,0.000,0.000,0
2026-01-30 23:05:50,237134,7560.000,1279.000,-423.000,832.000,28.000,1630.000,0.000,0.000,0
2026-01-30 23:05:50,237174,7490.000,1354.000,-218.000,1365.000,-199.000,2341.000,0.000,0.000,0
2026-01-30 23:05:50,237214,7468.000,1453.000,210.000,1660.000,-559.000,3190.000,0.000,0.000,0
2026-01-30 23:05:50,237254,8080.000,1550.000,166.000,1838.000,-763.000,4125.000,0.000,0.000,0
2026-01-30 23:05:50,237294,8995.000,1645.000,-432.000,2503.000,-381.000,4742.000,0.000,0.000,0
2026-01-30 23:05:50,237334,9671.000,1614.000,-1216.000,3781.000,185.000,4647.000,0.000,0.000,0
2026-01-30 23:05:50,237374,8583.000,1636.000,-791.000,5027.000,350.000,3542.000,0.000,0.000,0
2026-01-30 23:05:50,237414,7832.000,1813.000,2354.000,3941.000,-2085.000,1720.000,0.000,0.000,0
2026-01-30 23:05:50,237454,8279.000,1709.000,2223.000,229.000,-2494.000,1436.000,0.000,0.000,0
2026-01-30 23:05:50,237494,8616.000,1178.000,1337.000,-2027.000,-941.000,1441.000,0.000,0.000,0
2026-01-30 23:05:50,237534,8409.000,-1102.000,2204.000,679.000,670.000,1351.000,0.000,0.000,0
2026-01-30 23:05:50,237574,8094.000,377.000,3798.000,5943.000,931.000,459.000,0.000,0.000,0
2026-01-30 23:05:50,237614,7689.000,1170.000,4306.000,5770.000,262.000,723.000,0.000,0.000,0
2026-01-30 23:05:50,237656,7501.000,1463.000,3687.000,2798.000,-201.000,1120.000,0.000,0.000,0
2026-01-30 23:05:50,237698,7845.000,1125.000,2345.000,1023.000,232.000,618.000,0.000,0.000,0
2026-01-30 23:05:50,237734,7888.000,179.000,1071.000,1540.000,1426.000,-374.000,0.000,0.000,0
2026-01-30 23:05:50,237774,7789.000,381.000,723.000,2783.000,2353.000,-1685.000,0.000,0.000,0
2026-01-30 23:05:50,237814,7459.000,886.000,1131.000,4448.000,2978.000,-2868.000,0.000,0.000,0
2026-01-30 23:05:50,237854,6958.000,1206.000,1465.000,4337.000,2632.000,-3005.000,0.000,0.000,0
2026-01-30 23:05:50,237894,6699.000,1366.000,1432.000,3146.000,1860.000,-2700.000,0.000,0.000,0
2026-01-30 23:05:50,237935,6478.000,1096.000,1153.000,1709.000,1170.000,-2160.000,0.000,0.000,0
2026-01-30 23:05:50,237974,6413.000,850.000,885.000,1252.000,641.000,-1691.000,0.000,0.000,0
2026-01-30 23:05:50,238014,6542.000,909.000,814.000,1473.000,177.000,-1334.000,0.000,0.000,0
2026-01-30 23:05:50,238054,6861.000,858.000,539.000,1797.000,-382.000,-1036.000,0.000,0.000,0
2026-01-30 23:05:50,238094,7910.000,965.000,316.000,2403.000,-1127.000,-487.000,0.000,0.000,0
2026-01-30 23:05:51,238134,7727.000,1283.000,490.000,2643.000,-1479.000,267.000,0.000,0.000,0
2026-01-30 23:05:51,238174,6981.000,1302.000,462.000,2549.000,-1777.000,661.000,0.000,0.000,0
2026-01-30 23:05:51,238214,8228.000,1510.000,196.000,2062.000,-3815.000,3072.000,0.000,0.000,0
2026-01-30 23:05:51,238254,11130.000,2165.000,-35.000,2113.000,-4647.000,5508.000,0.000,0.000,0
2026-01-30 23:05:51,238294,12707.000,3029.000,264.000,1346.000,-4296.000,7879.000,0.000,0.000,0
2026-01-30 23:05:51,238334,10145.000,3695.000,1482.000,-509.000,-3452.000,8262.000,0.000,0.000,0
2026-01-30 23:05:51,238374,7646.000,2994.000,2667.000,-4169.000,-3392.000,5972.000,0.000,0.000,0
2026-01-30 23:05:51,238414,7680.000,1581.000,1897.000,-7810.000,-3172.000,2610.000,0.000,0.000,0
2026-01-30 23:05:51,238454,8177.000,598.000,858.000,-5976.000,-1498.000,498.000,0.000,0.000,0
2026-01-30 23:05:51,238494,8662.000,387.000,1070.000,-2271.000,605.000,245.000,0.000,0.000,0
2026-01-30 23:05:51,238534,8493.000,2421.000,1015.000,1369.000,2215.000,-90.000,0.000,0.000,0
2026-01-30 23:05:51,238574,8702.000,3202.000,764.000,1915.000,3079.000,-806.000,0.000,0.000,0
2026-01-30 23:05:51,238614,8659.000,3165.000,247.000,-288.000,3305.000,-1589.000,0.000,0.000,0
2026-01-30 23:05:51,238654,8301.000,2703.000,-274.000,-2702.000,3547.000,-2516.000,0.000,0.000,0
2026-01-30 23:05:51,238694,8329.000,3056.000,-447.000,-3816.000,3664.000,-3224.000,0.000,0.000,0
2026-01-30 23:05:51,238734,8244.000,2804.000,-878.000,-5299.000,3783.000,-3691.000,0.000,0.000,0
2026-01-30 23:05:51,238774,8427.000,3326.000,-900.000,-6822.000,3703.000,-4031.000,0.000,0.000,0
2026-01-30 23:05:51,238814,8656.000,3579.000,-947.000,-8045.000,3583.000,-4548.000,0.000,0.000,0
2026-01-30 23:05:51,238854,8761.000,3495.000,-1261.000,-8076.000,3571.000,-5858.000,0.000,0.000,0
2026-01-30 23:05:51,238894,9605.000,5435.000,-470.000,-5525.000,3786.000,-8236.000,0.000,0.000,0
2026-01-30 23:05:51,238934,9513.000,8552.000,-1071.000,-6096.000,5709.000,-11979.000,0.000,0.000,0
2026-01-30 23:05:51,238974,8532.000,7530.000,-131.000,-6061.000,6201.000,-13777.000,0.000,0.000,0
2026-01-30 23:05:51,239014,6977.000,6960.000,132.000,-2327.000,5348.000,-15305.000,0.000,0.000,0
2026-01-30 23:05:51,239054,5993.000,6660.000,1345.000,1036.000,2722.000,-16399.000,0.000,0.000,0
2026-01-30 23:05:51,239094,5717.000,6066.000,2432.000,1134.000,-224.000,-15648.000,0.000,0.000,0
2026-01-30 23:05:52,239134,6129.000,4414.000,3856.000,2846.000,-2628.000,-13776.000,0.000,0.000,0
2026-01-30 23:05:52,239174,5934.000,3681.000,5640.000,6727.000,-4461.000,-11160.000,0.000,0.000,0
2026-01-30 23:05:52,239214,4174.000,4176.000,6005.000,8512.000,-5147.000,-8925.000,0.000,0.000,0
2026-01-30 23:05:52,239254,884.000,3718.000,4917.000,9822.000,-4334.000,-7054.000,0.000,0.000,0
2026-01-30 23:05:52,239294,850.000,4831.000,3283.000,14041.000,-3958.000,-5146.000,0.000,0.000,0
2026-01-30 23:05:52,239334,-1607.000,7819.000,1672.000,11083.000,-2606.000,-3440.000,0.000,0.000,0
2026-01-30 23:05:52,239374,-738.000,5278.000,669.000,6015.000,-2299.000,-1098.000,0.000,0.000,0
2026-01-30 23:05:52,239414,-1516.000,7738.000,476.000,7250.000,-1408.000,879.000,0.000,0.000,0
2026-01-30 23:05:52,239454,-2125.000,10040.000,-1021.000,2287.000,-1623.000,744.000,0.000,0.000,0
2026-01-30 23:05:52,239494,-2161.000,8008.000,-69.000,-1072.000,-1521.000,840.000,0.000,0.000,0
2026-01-30 23:05:52,239534,-2645.000,6821.000,-277.000,184.000,-1363.000,319.000,0.000,0.000,0
2026-01-30 23:05:52,239574,-3358.000,7822.000,-1460.000,-436.000,-1706.000,111.000,0.000,0.000,0
2026-01-30 23:05:52,239614,-3626.000,7162.000,-1704.000,-1983.000,-2161.000,-111.000,0.000,0.000,0
2026-01-30 23:05:52,239656,-3443.000,7466.000,-2152.000,-334.000,-2471.000,-958.000,0.000,0.000,0
2026-01-30 23:05:52,239695,-3373.000,7758.000,-1790.000,1183.000,-3123.000,-2007.000,0.000,0.000,0
2026-01-30 23:05:52,239734,-3677.000,7694.000,-1968.000,812.000,-3456.000,-2227.000,0.000,0.000,0
2026-01-30 23:05:52,239774,-3687.000,7966.000,-2508.000,2478.000,-3541.000,-1984.000,0.000,0.000,0
2026-01-30 23:05:52,239814,-2980.000,8993.000,-2789.000,4449.000,-3325.000,-1055.000,0.000,0.000,0
2026-01-30 23:05:52,239854,-2445.000,8466.000,-3035.000,3798.000,-3737.000,-836.000,0.000,0.000,0
2026-01-30 23:05:52,239894,-2805.000,7055.000,-3399.000,1540.000,-4135.000,-857.000,0.000,0.000,0
2026-01-30 23:05:52,239936,-2808.000,6828.000,-3604.000,2189.000,-3807.000,154.000,0.000,0.000,0
2026-01-30 23:05:52,239974,-2445.000,6111.000,-3002.000,1666.000,-3654.000,775.000,0.000,0.000,0
2026-01-30 23:05:52,240014,-2673.000,6040.000,-1889.000,1256.000,-3461.000,1298.000,0.000,0.000,0
2026-01-30 23:05:52,240054,-2907.000,6109.000,-1432.000,1036.000,-3185.000,1520.000,0.000,0.000,0
2026-01-30 23:05:52,240094,-3813.000,5645.000,-2288.000,311.000,-2639.000,1407.000,0.000,0.000,0
2026-01-30 23:05:53,240134,-4017.000,5865.000,-2167.000,64.000,-2504.000,1347.000,0.000,0.000,0
2026-01-30 23:05:53,240174,-3903.000,6575.000,-1856.000,223.000,-2293.000,1238.000,0.000,0.000,0
2026-01-30 23:05:53,240214,-3869.000,7028.000,-1638.000,61.000,-2173.000,985.000,0.000,0.000,0
2026-01-30 23:05:53,240254,-3859.000,7572.000,-1886.000,-661.000,-1913.000,782.000,0.000,0.000,0
2026-01-30 23:05:53,240294,-3238.000,7868.000,-2115.000,-896.000,-1643.000,695.000,0.000,0.000,0
2026-01-30 23:05:53,240334,-3656.000,8022.000,-2049.000,-1336.000,-1224.000,624.000,0.000,0.000,0
2026-01-30 23:05:53,240374,-3869.000,8353.000,-2127.000,-907.000,-698.000,948.000,0.000,0.000,0
2026-01-30 23:05:53,240414,-3033.000,8825.000,-1464.000,587.000,-229.000,1359.000,0.000,0.000,0
2026-01-30 23:05:53,240454,-2386.000,8333.000,-1657.000,983.000,-48.000,1020.000,0.000,0.000,0
2026-01-30 23:05:53,240494,-2495.000,7022.000,-1904.000,-506.000,-666.000,392.000,0.000,0.000,0
2026-01-30 23:05:53,240534,-2031.000,7429.000,-1668.000,2.000,-829.000,-157.000,0.000,0.000,0
2026-01-30 23:05:53,240574,-2026.000,6904.000,-1645.000,118.000,-363.000,-466.000,0.000,0.000,0
2026-01-30 23:05:53,240614,-2102.000,6117.000,-1642.000,648.000,-53.000,-420.000,0.000,0.000,0
2026-01-30 23:05:53,240654,-2623.000,6388.000,-867.000,856.000,-286.000,-473.000,0.000,0.000,0
2026-01-30 23:05:53,240694,-2957.000,6075.000,-330.000,-145.000,-564.000,-469.000,0.000,0.000,0
2026-01-30 23:05:53,240734,-3245.000,5932.000,-667.000,28.000,-752.000,-378.000,0.000,0.000,0
2026-01-30 23:05:53,240774,-3176.000,6744.000,-679.000,866.000,-970.000,-249.000,0.000,0.000,0
2026-01-30 23:05:53,240814,-3186.000,7142.000,-313.000,464.000,-1066.000,-328.000,0.000,0.000,0
2026-01-30 23:05:53,240854,-3846.000,7128.000,-945.000,566.000,-1079.000,-767.000,0.000,0.000,0
2026-01-30 23:05:53,240894,-4283.000,8016.000,-1322.000,767.000,-1295.000,-1294.000,0.000,0.000,0
2026-01-30 23:05:53,240934,-3744.000,7838.000,-1004.000,575.000,-1263.000,-1450.000,0.000,0.000,0
2026-01-30 23:05:53,240974,-4321.000,7934.000,-2184.000,1989.000,-931.000,-1239.000,0.000,0.000,0
2026-01-30 23:05:53,241014,-4994.000,8866.000,-2762.000,3379.000,-983.000,-387.000,0.000,0.000,0
2026-01-30 23:05:53,241054,-4225.000,9384.000,-2730.000,2849.000,-1170.000,384.000,0.000,0.000,0
2026-01-30 23:05:53,241094,-3823.000,7311.000,-2976.000,1440.000,-1591.000,518.000,0.000,0.000,0
2026-01-30 23:05:54,241134,-3678.000,6910.000,-3528.000,481.000,-1865.000,567.000,0.000,0.000,0
2026-01-30 23:05:54,241174,-3275.000,7109.000,-3121.000,635.000,-1532.000,1043.000,0.000,0.000,0
2026-01-30 23:05:54,241214,-2682.000,5930.000,-2289.000,184.000,-1171.000,1255.000,0.000,0.000,0
2026-01-30 23:05:54,241254,-2802.000,5902.000,-1368.000,-492.000,-1179.000,1144.000,0.000,0.000,0
2026-01-30 23:05:54,241294,-3007.000,5718.000,-1178.000,-2158.000,-1195.000,983.000,0.000,0.000,0
2026-01-30 23:05:54,241334,-3335.000,5693.000,-1306.000,-1806.000,-785.000,564.000,0.000,0.000,0
2026-01-30 23:05:54,241374,-3457.000,6404.000,-1071.000,-1815.000,-481.000,463.000,0.000,0.000,0
2026-01-30 23:05:54,241414,-3720.000,6356.000,-811.000,-1915.000,-468.000,460.000,0.000,0.000,0
2026-01-30 23:05:54,241454,-3722.000,7529.000,-510.000,-815.000,-287.000,538.000,0.000,0.000,0
2026-01-30 23:05:54,241494,-3689.000,8816.000,-1498.000,-742.000,-79.000,537.000,0.000,0.000,0
2026-01-30 23:05:54,241534,-3682.000,8464.000,-1285.000,-1801.000,101.000,520.000,0.000,0.000,0
2026-01-30 23:05:54,241574,-3968.000,8426.000,-1420.000,-1592.000,573.000,580.000,0.000,0.000,0
2026-01-30 23:05:54,241614,-2534.000,9301.000,-180.000,-612.000,1382.000,1417.000,0.000,0.000,0
2026-01-30 23:05:54,241654,-2275.000,9286.000,-849.000,598.000,1456.000,884.000,0.000,0.000,0
2026-01-30 23:05:54,241694,-1682.000,7462.000,-1033.000,-1669.000,995.000,351.000,0.000,0.000,0
2026-01-30 23:05:54,241734,-1356.000,7885.000,-1434.000,-712.000,1426.000,183.000,0.000,0.000,0
2026-01-30 23:05:54,241774,-1781.000,6986.000,-914.000,1079.000,1989.000,-126.000,0.000,0.000,0
2026-01-30 23:05:54,241814,-2222.000,5775.000,-593.000,1129.000,2212.000,-284.000,0.000,0.000,0
2026-01-30 23:05:54,241854,-2529.000,5582.000,-416.000,662.000,1883.000,-595.000,0.000,0.000,0
2026-01-30 23:05:54,241894,-2967.000,5300.000,-343.000,172.000,1406.000,-885.000,0.000,0.000,0
2026-01-30 23:05:54,241934,-3114.000,5904.000,-179.000,402.000,847.000,-978.000,0.000,0.000,0
2026-01-30 23:05:54,241974,-3102.000,7142.000,-339.000,77.000,479.000,-929.000,0.000,0.000,0
2026-01-30 23:05:54,242014,-3293.000,7722.000,-437.000,735.000,399.000,-887.000,0.000,0.000,0
2026-01-30 23:05:54,242054,-3616.000,8020.000,-444.000,509.000,2.000,-982.000,0.000,0.000,0
2026-01-30 23:05:54,242094,-3676.000,8358.000,-768.000,574.000,-125.000,-1061.000,0.000,0.000,0
2026-01-30 23:05:55,242134,-4258.000,7992.000,-1458.000,1450.000,209.000,-1263.000,0.000,0.000,0
2026-01-30 23:05:55,242174,-5215.000,9097.000,-1749.000,3357.000,613.000,-637.000,0.000,0.000,0
2026-01-30 23:05:55,242214,-4841.000,8227.000,-2093.000,3272.000,94.000,728.000,0.000,0.000,0
2026-01-30 23:05:55,242254,-2929.000,7626.000,-4094.000,3451.000,-679.000,965.000,0.000,0.000,0
2026-01-30 23:05:55,242294,-2636.000,7163.000,-3797.000,2827.000,-213.000,772.000,0.000,0.000,0
2026-01-30 23:05:55,242334,-2743.000,7084.000,-5016.000,2969.000,-2.000,773.000,0.000,0.000,0
2026-01-30 23:05:55,242374,-2521.000,5723.000,-3577.000,4656.000,344.000,739.000,0.000,0.000,0
2026-01-30 23:05:55,242414,-1858.000,6040.000,-2164.000,4537.000,468.000,183.000,0.000,0.000,0
2026-01-30 23:05:55,242454,-2529.000,6779.000,-2652.000,800.000,507.000,-45.000,0.000,0.000,0
2026-01-30 23:05:55,242494,-3002.000,6374.000,-2636.000,-865.000,528.000,-313.000,0.000,0.000,0
2026-01-30 23:05:55,242534,-3550.000,6174.000,-3407.000,-2085.000,621.000,-581.000,0.000,0.000,0
2026-01-30 23:05:55,242574,-3943.000,5683.000,-2547.000,-2411.000,698.000,-512.000,0.000,0.000,0
2026-01-30 23:05:55,242614,-3707.000,6251.000,-3148.000,-811.000,556.000,-507.000,0.000,0.000,0
2026-01-30 23:05:55,242654,-3584.000,7682.000,-4317.000,-2123.000,372.000,-248.000,0.000,0.000,0
2026-01-30 23:05:55,242694,-3248.000,7324.000,-3573.000,-2915.000,463.000,84.000,0.000,0.000,0
2026-01-30 23:05:55,242734,-3330.000,8115.000,-3829.000,-2949.000,892.000,-3.000,0.000,0.000,0
2026-01-30 23:05:55,242774,-2688.000,8598.000,-3566.000,-1635.000,1691.000,460.000,0.000,0.000,0
2026-01-30 23:05:55,242814,-2003.000,7919.000,-2334.000,-250.000,1684.000,570.000,0.000,0.000,0
2026-01-30 23:05:55,242854,-1762.000,8037.000,-2916.000,-901.000,1349.000,-179.000,0.000,0.000,0
2026-01-30 23:05:55,242894,-1570.000,7193.000,-2773.000,-1719.000,1516.000,-181.000,0.000,0.000,0
2026-01-30 23:05:55,242934,-1485.000,6061.000,-2431.000,-827.000,2008.000,-74.000,0.000,0.000,0
2026-01-30 23:05:55,242974,-1998.000,6569.000,-2553.000,-665.000,2246.000,-9.000,0.000,0.000,0
2026-01-30 23:05:55,243014,-2544.000,5390.000,-1825.000,-211.000,1740.000,-422.000,0.000,0.000,0
2026-01-30 23:05:55,243054,-3126.000,5702.000,-1507.000,378.000,1255.000,-1029.000,0.000,0.000,0
2026-01-30 23:05:55,243094,-3071.000,5937.000,-1454.000,-362.000,569.000,-1224.000,0.000,0.000,0
2026-01-30 23:05:56,243134,-2829.000,6713.000,-1449.000,-450.000,254.000,-1482.000,0.000,0.000,0
2026-01-30 23:05:56,243174,-3338.000,6727.000,-1794.000,-332.000,169.000,-1477.000,0.000,0.000,0
2026-01-30 23:05:56,243214,-3810.000,7435.000,-2014.000,397.000,-159.000,-1558.000,0.000,0.000,0
2026-01-30 23:05:56,243254,-3781.000,8225.000,-2344.000,452.000,-372.000,-1206.000,0.000,0.000,0
2026-01-30 23:05:56,243294,-3923.000,7625.000,-2952.000,190.000,-413.000,-1025.000,0.000,0.000,0
2026-01-30 23:05:56,243334,-4326.000,8355.000,-2957.000,158.000,-424.000,-673.000,0.000,0.000,0
2026-01-30 23:05:56,243374,-4889.000,8210.000,-3746.000,-855.000,-329.000,5.000,0.000,0.000,0
2026-01-30 23:05:56,243414,-4375.000,7298.000,-3947.000,-340.000,-759.000,289.000,0.000,0.000,0
2026-01-30 23:05:56,243454,-3933.000,7153.000,-3842.000,-88.000,-1159.000,115.000,0.000,0.000,0
2026-01-30 23:05:56,243494,-3486.000,7304.000,-4333.000,-828.000,-990.000,413.000,0.000,0.000,0
2026-01-30 23:05:56,243534,-2671.000,5544.000,-2401.000,-1319.000,-967.000,1144.000,0.000,0.000,0
2026-01-30 23:05:56,243574,-2288.000,4823.000,-1742.000,-285.000,-1069.000,1145.000,0.000,0.000,0
2026-01-30 23:05:56,243614,-2546.000,5735.000,-1292.000,-22.000,-1092.000,1218.000,0.000,0.000,0
2026-01-30 23:05:56,243654,-2320.000,5721.000,-1159.000,-1943.000,-832.000,1586.000,0.000,0.000,0
2026-01-30 23:05:56,243694,-2609.000,5623.000,-1814.000,-2738.000,-58.000,1703.000,0.000,0.000,0
2026-01-30 23:05:56,243734,-2650.000,6065.000,-1613.000,-1544.000,586.000,1827.000,0.000,0.000,0
2026-01-30 23:05:56,243774,-3002.000,7254.000,-1434.000,-850.000,1027.000,1798.000,0.000,0.000,0
2026-01-30 23:05:56,243814,-2933.000,8081.000,-1936.000,-532.000,1407.000,1775.000,0.000,0.000,0
2026-01-30 23:05:56,243854,-3077.000,9244.000,-2269.000,433.000,2030.000,1307.000,0.000,0.000,0
2026-01-30 23:05:56,243894,-2938.000,9539.000,-2747.000,-524.000,2225.000,887.000,0.000,0.000,0
2026-01-30 23:05:56,243936,-1839.000,10209.000,-2500.000,110.000,2467.000,912.000,0.000,0.000,0
2026-01-30 23:05:56,243974,-1059.000,9173.000,-1954.000,367.000,2260.000,583.000,0.000,0.000,0
2026-01-30 23:05:56,244014,-541.000,8521.000,-1534.000,1185.000,2048.000,-223.000,0.000,0.000,0
2026-01-30 23:05:56,244054,30.000,8001.000,-874.000,1383.000,2313.000,-555.000,0.000,0.000,0
2026-01-30 23:05:56,244094,-377.000,6808.000,-1757.000,181.000,2988.000,-476.000,0.000,0.000,0
2026-01-30 23:05:57,244134,-973.000,5472.000,-1651.000,1469.000,3205.000,-691.000,0.000,0.000,0
2026-01-30 23:05:57,244174,-2057.000,4689.000,-1206.000,1701.000,2885.000,-817.000,0.000,0.000,0
2026-01-30 23:05:57,244214,-2835.000,4625.000,-1608.000,1374.000,2189.000,-790.000,0.000,0.000,0
2026-01-30 23:05:57,244254,-3308.000,5307.000,-2067.000,939.000,1145.000,-568.000,0.000,0.000,0
2026-01-30 23:05:57,244294,-3795.000,6135.000,-3288.000,2626.000,-305.000,-104.000,0.000,0.000,0
2026-01-30 23:05:57,244334,-3998.000,7065.000,-3562.000,3702.000,-1595.000,268.000,0.000,0.000,0
2026-01-30 23:05:57,244374,-3732.000,8454.000,-3491.000,3223.000,-3004.000,649.000,0.000,0.000,0
2026-01-30 23:05:57,244414,-3251.000,9058.000,-4164.000,1998.000,-3906.000,934.000,0.000,0.000,0
2026-01-30 23:05:57,244454,-3187.000,9243.000,-4837.000,1306.000,-4193.000,1303.000,0.000,0.000,0
2026-01-30 23:05:57,244494,-3482.000,9950.000,-4939.000,996.000,-4343.000,1860.000,0.000,0.000,0
2026-01-30 23:05:57,244534,-2455.000,9307.000,-5351.000,377.000,-4850.000,2264.000,0.000,0.000,0
2026-01-30 23:05:57,244574,-1529.000,6925.000,-4312.000,-755.000,-4792.000,2185.000,0.000,0.000,0
2026-01-30 23:05:57,244614,-1258.000,7711.000,-4079.000,683.000,-3607.000,2237.000,0.000,0.000,0
2026-01-30 23:05:57,244654,-1490.000,5231.000,-3708.000,-1226.000,-2943.000,2481.000,0.000,0.000,0
2026-01-30 23:05:57,244694,-1446.000,4478.000,-2404.000,-1569.000,-2956.000,2101.000,0.000,0.000,0
2026-01-30 23:05:57,244734,-1805.000,4464.000,-2294.000,-844.000,-2727.000,1556.000,0.000,0.000,0
2026-01-30 23:05:57,244774,-1921.000,5298.000,-2005.000,-377.000,-2255.000,1139.000,0.000,0.000,0
2026-01-30 23:05:57,244814,-1989.000,5547.000,-1721.000,-950.000,-1557.000,945.000,0.000,0.000,0
2026-01-30 23:05:57,244854,-2210.000,6006.000,-2535.000,-457.000,-631.000,811.000,0.000,0.000,0
2026-01-30 23:05:57,244894,-2211.000,8165.000,-2901.000,237.000,-95.000,889.000,0.000,0.000,0
2026-01-30 23:05:57,244934,-1446.000,8968.000,-3098.000,2.000,456.000,1046.000,0.000,0.000,0
2026-01-30 23:05:57,244974,-1839.000,9537.000,-3941.000,-240.000,895.000,810.000,0.000,0.000,0
2026-01-30 23:05:57,245014,-2066.000,9450.000,-3764.000,432.000,912.000,937.000,0.000,0.000,0
2026-01-30 23:05:57,245054,-1577.000,9756.000,-3101.000,1546.000,488.000,546.000,0.000,0.000,0
2026-01-30 23:05:57,245094,-967.000,8722.000,-2868.000,654.000,-91.000,-632.000,0.000,0.000,0
2026-01-30 23:05:58,245134,-638.000,8116.000,-3173.000,555.000,-137.000,-1007.000,0.000,0.000,0
2026-01-30 23:05:58,245174,-819.000,6507.000,-2501.000,800.000,225.000,-1173.000,0.000,0.000,0
2026-01-30 23:05:58,245214,-1287.000,5550.000,-2113.000,1727.000,390.000,-1686.000,0.000,0.000,0
2026-01-30 23:05:58,245254,-1825.000,5175.000,-1889.000,2571.000,230.000,-2063.000,0.000,0.000,0
2026-01-30 23:05:58,245294,-2125.000,5633.000,-1414.000,1747.000,-301.000,-2311.000,0.000,0.000,0
2026-01-30 23:05:58,245334,-2487.000,5562.000,-1867.000,562.000,-779.000,-2378.000,0.000,0.000,0
2026-01-30 23:05:58,245374,-2798.000,6435.000,-2435.000,777.000,-1258.000,-2335.000,0.000,0.000,0
2026-01-30 23:05:58,245414,-3091.000,7250.000,-2852.000,580.000,-1733.000,-2196.000,0.000,0.000,0
2026-01-30 23:05:58,245454,-3173.000,7546.000,-3403.000,-30.000,-2288.000,-1889.000,0.000,0.000,0
2026-01-30 23:05:58,245494,-3209.000,7784.000,-3679.000,-795.000,-2361.000,-1566.000,0.000,0.000,0
2026-01-30 23:05:58,245534,-3451.000,7917.000,-4108.000,-864.000,-2055.000,-995.000,0.000,0.000,0
2026-01-30 23:05:58,245574,-3982.000,7945.000,-4662.000,-282.000,-1359.000,85.000,0.000,0.000,0
2026-01-30 23:05:58,245616,-3892.000,7450.000,-4534.000,506.000,-1089.000,1001.000,0.000,0.000,0
2026-01-30 23:05:58,245656,-3672.000,7164.000,-4034.000,630.000,-1066.000,1115.000,0.000,0.000,0
2026-01-30 23:05:58,245694,-3291.000,6842.000,-4532.000,-442.000,-728.000,1510.000,0.000,0.000,0
2026-01-30 23:05:58,245734,-3201.000,5739.000,-3840.000,-892.000,-570.000,1858.000,0.000,0.000,0
2026-01-30 23:05:58,245774,-2664.000,4892.000,-2531.000,-484.000,-873.000,1906.000,0.000,0.000,0
2026-01-30 23:05:58,245814,-2617.000,5285.000,-1777.000,630.000,-1167.000,1139.000,0.000,0.000,0
2026-01-30 23:05:58,245854,-2767.000,5875.000,-1930.000,265.000,-775.000,576.000,0.000,0.000,0
2026-01-30 23:05:58,245894,-2970.000,5676.000,-2406.000,-294.000,-208.000,179.000,0.000,0.000,0
2026-01-30 23:05:58,245937,-3374.000,5625.000,-2563.000,458.000,81.000,114.000,0.000,0.000,0
2026-01-30 23:05:58,245974,-3735.000,6911.000,-2450.000,905.000,48.000,108.000,0.000,0.000,0
2026-01-30 23:05:58,246014,-3182.000,8129.000,-2521.000,-1548.000,142.000,517.000,0.000,0.000,0
2026-01-30 23:05:58,246054,-3529.000,7946.000,-3293.000,-3679.000,700.000,646.000,0.000,0.000,0
2026-01-30 23:05:58,246094,-4073.000,8607.000,-3844.000,-595.000,955.000,151.000,0.000,0.000,0
2026-01-30 23:05:59,246134,-2961.000,9039.000,-3633.000,904.000,1390.000,330.000,0.000,0.000,0
2026-01-30 23:05:59,246174,-2549.000,8752.000,-3186.000,1508.000,1700.000,204.000,0.000,0.000,0
2026-01-30 23:05:59,246214,-1398.000,7672.000,-3435.000,962.000,1080.000,-637.000,0.000,0.000,0
2026-01-30 23:05:59,246254,-1111.000,7215.000,-3067.000,514.000,1279.000,-321.000,0.000,0.000,0
2026-01-30 23:05:59,246294,-1652.000,6000.000,-2167.000,-106.000,1532.000,-245.000,0.000,0.000,0
2026-01-30 23:05:59,246334,-2126.000,5411.000,-2207.000,-147.000,1413.000,-415.000,0.000,0.000,0
2026-01-30 23:05:59,246374,-2535.000,4868.000,-1637.000,-173.000,899.000,-713.000,0.000,0.000,0
2026-01-30 23:05:59,246414,-2903.000,5165.000,-1582.000,-154.000,458.000,-1001.000,0.000,0.000,0
2026-01-30 23:05:59,246454,-2703.000,6129.000,-1605.000,105.000,113.000,-1161.000,0.000,0.000,0
2026-01-30 23:05:59,246494,-2882.000,6403.000,-1702.000,-11.000,-21.000,-1130.000,0.000,0.000,0
2026-01-30 23:05:59,246534,-3368.000,7149.000,-1923.000,-190.000,-174.000,-1169.000,0.000,0.000,0
2026-01-30 23:05:59,246574,-3575.000,7347.000,-3239.000,-238.000,-353.000,-878.000,0.000,0.000,0
2026-01-30 23:05:59,246614,-3905.000,7407.000,-3825.000,1182.000,-437.000,-608.000,0.000,0.000,0
2026-01-30 23:05:59,246654,-4744.000,8434.000,-4552.000,1752.000,-258.000,-64.000,0.000,0.000,0
2026-01-30 23:05:59,246694,-4526.000,8675.000,-5240.000,2229.000,-132.000,746.000,0.000,0.000,0
2026-01-30 23:05:59,246734,-3799.000,7369.000,-4609.000,2564.000,-795.000,919.000,0.000,0.000,0
2026-01-30 23:05:59,246774,-3567.000,6816.000,-5508.000,1326.000,-1007.000,1219.000,0.000,0.000,0
2026-01-30 23:05:59,246814,-3384.000,6325.000,-5940.000,-902.000,-883.000,2251.000,0.000,0.000,0
2026-01-30 23:05:59,246854,-2550.000,5253.000,-4313.000,189.000,-1068.000,2374.000,0.000,0.000,0
2026-01-30 23:05:59,246894,-1873.000,5243.000,-2129.000,829.000,-1154.000,2247.000,0.000,0.000,0
2026-01-30 23:05:59,246934,-1658.000,4914.000,-1712.000,-78.000,-1280.000,1692.000,0.000,0.000,0
2026-01-30 23:05:59,246974,-2191.000,5381.000,-2325.000,94.000,-762.000,800.000,0.000,0.000,0
2026-01-30 23:05:59,247014,-2450.000,5486.000,-2591.000,-343.000,-340.000,519.000,0.000,0.000,0
2026-01-30 23:05:59,247054,-2714.000,6228.000,-2848.000,-1511.000,44.000,520.000,0.000,0.000,0
2026-01-30 23:05:59,247094,-2745.000,7165.000,-3611.000,-1144.000,300.000,769.000,0.000,0.000,0
2026-01-30 23:06:00,247134,-2622.000,7981.000,-4058.000,-355.000,784.000,759.000,0.000,0.000,0
2026-01-30 23:06:00,247174,-3107.000,8143.000,-4266.000,-129.000,1369.000,536.000,0.000,0.000,0
2026-01-30 23:06:00,247214,-2703.000,8818.000,-4754.000,240.000,1641.000,545.000,0.000,0.000,0
2026-01-30 23:06:00,247254,-1769.000,9142.000,-4809.000,1375.000,1965.000,510.000,0.000,0.000,0
2026-01-30 23:06:00,247294,-577.000,8310.000,-3854.000,2766.000,1877.000,35.000,0.000,0.000,0
2026-01-30 23:06:00,247334,265.000,6929.000,-4158.000,3402.000,1990.000,-655.000,0.000,0.000,0
2026-01-30 23:06:00,247374,34.000,5046.000,-3383.000,4006.000,2940.000,-629.000,0.000,0.000,0
2026-01-30 23:06:00,247414,-351.000,3828.000,-2890.000,3614.000,3585.000,-509.000,0.000,0.000,0
2026-01-30 23:06:00,247454,-400.000,3630.000,-2990.000,2906.000,3858.000,-731.000,0.000,0.000,0
2026-01-30 23:06:00,247494,-529.000,3441.000,-2242.000,3762.000,3874.000,-801.000,0.000,0.000,0
2026-01-30 23:06:00,247534,-1248.000,2850.000,-4312.000,3969.000,3918.000,-821.000,0.000,0.000,0
2026-01-30 23:06:00,247574,-2032.000,4453.000,-5499.000,6280.000,3310.000,-673.000,0.000,0.000,0
2026-01-30 23:06:00,247614,-2007.000,5511.000,-6574.000,4062.000,2264.000,-208.000,0.000,0.000,0
2026-01-30 23:06:00,247656,-2503.000,5488.000,-7454.000,2628.000,1461.000,327.000,0.000,0.000,0
2026-01-30 23:06:00,247695,-1994.000,6426.000,-7684.000,1402.000,586.000,616.000,0.000,0.000,0
2026-01-30 23:06:00,247734,-1745.000,7386.000,-8725.000,-370.000,263.000,369.000,0.000,0.000,0
2026-01-30 23:06:00,247774,-1494.000,7884.000,-8657.000,-354.000,741.000,12.000,0.000,0.000,0
2026-01-30 23:06:00,247814,-932.000,6548.000,-6635.000,-2772.000,687.000,356.000,0.000,0.000,0
2026-01-30 23:06:00,247854,-3.000,5644.000,-5490.000,-4724.000,1236.000,733.000,0.000,0.000,0
2026-01-30 23:06:00,247894,802.000,5791.000,-4886.000,-6920.000,3068.000,1806.000,0.000,0.000,0
2026-01-30 23:06:00,247936,1172.000,4997.000,-4304.000,-11480.000,4873.000,3484.000,0.000,0.000,0
2026-01-30 23:06:00,247974,1618.000,4343.000,-3224.000,-14370.000,5255.000,5457.000,0.000,0.000,0
2026-01-30 23:06:00,248014,1843.000,2944.000,-3120.000,-13990.000,4884.000,7205.000,0.000,0.000,0
2026-01-30 23:06:00,248054,2948.000,3773.000,-3533.000,-11959.000,3618.000,8243.000,0.000,0.000,0
2026-01-30 23:06:00,248094,4657.000,3678.000,-1988.000,-10285.000,2681.000,8896.000,0.000,0.000,0
2026-01-30 23:06:01,248134,6026.000,4098.000,-1692.000,-4645.000,2007.000,8856.000,0.000,0.000,0
2026-01-30 23:06:01,248174,7555.000,4356.000,-996.000,-2298.000,1528.000,9268.000,0.000,0.000,0
2026-01-30 23:06:01,248214,8994.000,4641.000,-772.000,-1522.000,1371.000,9937.000,0.000,0.000,0
2026-01-30 23:06:01,248254,10169.000,4660.000,-567.000,-552.000,1075.000,10450.000,0.000,0.000,0
2026-01-30 23:06:01,248294,11674.000,3197.000,-1370.000,-123.000,517.000,11378.000,0.000,0.000,0
2026-01-30 23:06:01,248334,11977.000,3993.000,-230.000,1947.000,409.000,11638.000,0.000,0.000,0
2026-01-30 23:06:01,248374,10387.000,2555.000,908.000,1428.000,499.000,10370.000,0.000,0.000,0
2026-01-30 23:06:01,248414,10518.000,1835.000,829.000,1952.000,-296.000,7518.000,0.000,0.000,0
2026-01-30 23:06:01,248454,8264.000,728.000,2515.000,2384.000,-785.000,3367.000,0.000,0.000,0
2026-01-30 23:06:01,248494,5701.000,1130.000,2076.000,5237.000,-1183.000,-475.000,0.000,0.000,0
2026-01-30 23:06:01,248534,4414.000,3074.000,1250.000,5686.000,-506.000,-1112.000,0.000,0.000,0
2026-01-30 23:06:01,248574,4230.000,3126.000,460.000,4056.000,-226.000,-739.000,0.000,0.000,0
2026-01-30 23:06:01,248614,4808.000,3245.000,644.000,2900.000,18.000,262.000,0.000,0.000,0
2026-01-30 23:06:01,248654,5537.000,2047.000,628.000,2654.000,169.000,1720.000,0.000,0.000,0
2026-01-30 23:06:01,248694,7249.000,2179.000,957.000,3929.000,26.000,2371.000,0.000,0.000,0
2026-01-30 23:06:01,248734,9422.000,3991.000,492.000,4118.000,-374.000,1691.000,0.000,0.000,0
2026-01-30 23:06:01,248774,9423.000,4005.000,580.000,1436.000,-519.000,-1063.000,0.000,0.000,0
2026-01-30 23:06:01,248814,12082.000,4211.000,-141.000,1829.000,-2013.000,-3892.000,0.000,0.000,0
2026-01-30 23:06:01,248854,12052.000,6529.000,-315.000,1974.000,-1665.000,-5972.000,0.000,0.000,0
2026-01-30 23:06:01,248894,11771.000,6379.000,-2020.000,-3957.000,-2531.000,-8342.000,0.000,0.000,0
2026-01-30 23:06:01,248934,12520.000,5921.000,-2671.000,-6106.000,-2460.000,-9387.000,0.000,0.000,0
2026-01-30 23:06:01,248974,9485.000,4806.000,-3063.000,-5421.000,-2612.000,-10793.000,0.000,0.000,0
2026-01-30 23:06:01,249014,7551.000,4738.000,-3269.000,-4396.000,-4528.000,-12219.000,0.000,0.000,0
2026-01-30 23:06:01,249054,6401.000,4095.000,-3315.000,-4845.000,-5859.000,-13032.000,0.000,0.000,0
2026-01-30 23:06:01,249094,5586.000,2736.000,-3686.000,-2304.000,-6409.000,-13521.000,0.000,0.000,0
2026-01-30 23:06:02,249134,5028.000,2440.000,-4087.000,597.000,-7012.000,-12713.000,0.000,0.000,0
2026-01-30 23:06:02,249174,4437.000,3092.000,-3373.000,2067.000,-6904.000,-11239.000,0.000,0.000,0
2026-01-30 23:06:02,249214,3833.000,3665.000,-4329.000,5549.000,-6551.000,-9737.000,0.000,0.000,0
2026-01-30 23:06:02,249254,3442.000,6951.000,-2747.000,5356.000,-5301.000,-7295.000,0.000,0.000,0
2026-01-30 23:06:02,249294,2852.000,7334.000,-3149.000,2746.000,-3770.000,-6264.000,0.000,0.000,0
2026-01-30 23:06:02,249334,1405.000,8296.000,-1212.000,1599.000,-2873.000,-4392.000,0.000,0.000,0
2026-01-30 23:06:02,249374,-794.000,9553.000,-1982.000,-3077.000,-980.000,-2560.000,0.000,0.000,0
2026-01-30 23:06:02,249414,-1023.000,7766.000,-3297.000,-3376.000,101.000,-1773.000,0.000,0.000,0
2026-01-30 23:06:02,249454,-865.000,7697.000,-1914.000,-1415.000,687.000,-1287.000,0.000,0.000,0
2026-01-30 23:06:02,249494,-185.000,8192.000,-2145.000,-1121.000,1348.000,-998.000,0.000,0.000,0
2026-01-30 23:06:02,249534,-450.000,6391.000,-423.000,-641.000,2079.000,-529.000,0.000,0.000,0
2026-01-30 23:06:02,249574,-2031.000,4931.000,-1042.000,1104.000,2893.000,-802.000,0.000,0.000,0
2026-01-30 23:06:02,249614,-2577.000,4667.000,-1608.000,1378.000,2478.000,-1145.000,0.000,0.000,0
2026-01-30 23:06:02,249654,-2019.000,4510.000,-792.000,3742.000,530.000,-1829.000,0.000,0.000,0
2026-01-30 23:06:02,249694,-2545.000,7735.000,-1256.000,2940.000,-687.000,-1823.000,0.000,0.000,0
2026-01-30 23:06:02,249734,-2260.000,6501.000,-2830.000,-2110.000,-813.000,-1467.000,0.000,0.000,0
2026-01-30 23:06:02,249774,-3102.000,7163.000,-2825.000,-2245.000,-769.000,-2084.000,0.000,0.000,0
2026-01-30 23:06:02,249814,-4115.000,7510.000,-3368.000,-843.000,-1255.000,-2430.000,0.000,0.000,0
2026-01-30 23:06:02,249854,-4140.000,7649.000,-3439.000,-1444.000,-1683.000,-1877.000,0.000,0.000,0
2026-01-30 23:06:02,249894,-4782.000,7873.000,-4024.000,67.000,-2153.000,-1462.000,0.000,0.000,0
2026-01-30 23:06:02,249937,-4399.000,9026.000,-3546.000,1183.000,-2144.000,-148.000,0.000,0.000,0
2026-01-30 23:06:02,249975,-3371.000,8960.000,-3730.000,915.000,-1877.000,810.000,0.000,0.000,0
2026-01-30 23:06:02,250014,-2886.000,8792.000,-5528.000,-77.000,-1452.000,1360.000,0.000,0.000,0
2026-01-30 23:06:02,250054,-2060.000,6696.000,-3923.000,-1689.000,-1013.000,1988.000,0.000,0.000,0
2026-01-30 23:06:02,250094,-1461.000,5301.000,-2296.000,-949.000,-477.000,2071.000,0.000,0.000,0
2026-01-30 23:06:03,250134,-1471.000,5110.000,-1066.000,-557.000,-363.000,1778.000,0.000,0.000,0
2026-01-30 23:06:03,250174,-1701.000,4832.000,-779.000,-2234.000,-571.000,1364.000,0.000,0.000,0
2026-01-30 23:06:03,250214,-1970.000,4610.000,-1272.000,-2432.000,-202.000,876.000,0.000,0.000,0
2026-01-30 23:06:03,250254,-2197.000,5693.000,-1200.000,-1403.000,922.000,276.000,0.000,0.000,0
2026-01-30 23:06:03,250294,-2462.000,7088.000,-1696.000,-1997.000,1840.000,-47.000,0.000,0.000,0
2026-01-30 23:06:03,250334,-2850.000,7908.000,-2640.000,-1932.000,2533.000,8.000,0.000,0.000,0
2026-01-30 23:06:03,250374,-2466.000,8217.000,-2144.000,60.000,3158.000,148.000,0.000,0.000,0
2026-01-30 23:06:03,250414,-3498.000,8803.000,-3192.000,770.000,3623.000,428.000,0.000,0.000,0
2026-01-30 23:06:03,250454,-2345.000,9151.000,-2877.000,2849.000,3554.000,589.000,0.000,0.000,0
2026-01-30 23:06:03,250494,-1629.000,8581.000,-2867.000,5700.000,4129.000,-272.000,0.000,0.000,0
2026-01-30 23:06:03,250534,-821.000,8645.000,-4118.000,9752.000,4195.000,-1233.000,0.000,0.000,0
2026-01-30 23:06:03,250574,457.000,7139.000,-3306.000,6587.000,3631.000,-832.000,0.000,0.000,0
2026-01-30 23:06:03,250614,-171.000,6259.000,-4424.000,6979.000,3820.000,-1252.000,0.000,0.000,0
2026-01-30 23:06:03,250654,-1158.000,5720.000,-4143.000,7103.000,3885.000,-1830.000,0.000,0.000,0
2026-01-30 23:06:03,250694,-1953.000,4126.000,-4334.000,3638.000,3076.000,-2024.000,0.000,0.000,0
2026-01-30 23:06:03,250734,-2483.000,3855.000,-4545.000,2939.000,1935.000,-2221.000,0.000,0.000,0
2026-01-30 23:06:03,250774,-2623.000,4784.000,-4270.000,1477.000,1173.000,-2405.000,0.000,0.000,0
2026-01-30 23:06:03,250814,-2593.000,4507.000,-5239.000,-597.000,137.000,-2390.000,0.000,0.000,0
2026-01-30 23:06:03,250854,-2832.000,5246.000,-5043.000,-31.000,-537.000,-1854.000,0.000,0.000,0
2026-01-30 23:06:03,250894,-3264.000,3127.000,-5737.000,5094.000,-1250.000,-2012.000,0.000,0.000,0
2026-01-30 23:06:03,250934,-3207.000,5098.000,-7974.000,8685.000,-1905.000,-1300.000,0.000,0.000,0
2026-01-30 23:06:03,250974,-2620.000,6241.000,-8598.000,7194.000,-2152.000,-438.000,0.000,0.000,0
2026-01-30 23:06:03,251014,-4076.000,5940.000,-9805.000,4639.000,-1343.000,688.000,0.000,0.000,0
2026-01-30 23:06:03,251054,-4069.000,4123.000,-9861.000,-373.000,-1596.000,1316.000,0.000,0.000,0
2026-01-30 23:06:03,251094,-3252.000,3163.000,-8336.000,-2248.000,-2170.000,1731.000,0.000,0.000,0
2026-01-30 23:06:04,251134,-2150.000,3506.000,-7778.000,-5927.000,-1621.000,2012.000,0.000,0.000,0
2026-01-30 23:06:04,251174,-1755.000,3054.000,-6420.000,-8009.000,-238.000,1947.000,0.000,0.000,0
2026-01-30 23:06:04,251214,-1189.000,1300.000,-4278.000,-4437.000,-572.000,1572.000,0.000,0.000,0
2026-01-30 23:06:04,251254,-1443.000,2607.000,-3603.000,2470.000,-528.000,227.000,0.000,0.000,0
2026-01-30 23:06:04,251294,-2047.000,4108.000,-4870.000,2117.000,-587.000,-149.000,0.000,0.000,0
2026-01-30 23:06:04,251334,-2109.000,4357.000,-4904.000,-1380.000,-320.000,-523.000,0.000,0.000,0
2026-01-30 23:06:04,251374,-2327.000,4364.000,-5374.000,-2797.000,436.000,-1090.000,0.000,0.000,0
2026-01-30 23:06:04,251414,-2715.000,4311.000,-5996.000,-3135.000,802.000,-1243.000,0.000,0.000,0
2026-01-30 23:06:04,251454,-2961.000,5450.000,-5568.000,-3789.000,1290.000,-1285.000,0.000,0.000,0
2026-01-30 23:06:04,251494,-3258.000,6201.000,-6685.000,-5086.000,2098.000,-1581.000,0.000,0.000,0
2026-01-30 23:06:04,251534,-3367.000,5926.000,-7095.000,-5707.000,2300.000,-1596.000,0.000,0.000,0
2026-01-30 23:06:04,251574,-3873.000,6619.000,-6515.000,-1808.000,2540.000,-1080.000,0.000,0.000,0
2026-01-30 23:06:04,251614,-2918.000,8184.000,-5124.000,99.000,1607.000,-870.000,0.000,0.000,0
2026-01-30 23:06:04,251654,-1458.000,7652.000,-4620.000,-1241.000,822.000,-1071.000,0.000,0.000,0
2026-01-30 23:06:04,251694,-938.000,6672.000,-4650.000,-1934.000,714.000,-1207.000,0.000,0.000,0
2026-01-30 23:06:04,251734,-1203.000,5383.000,-3441.000,-2189.000,786.000,-1361.000,0.000,0.000,0
2026-01-30 23:06:04,251774,-1501.000,4357.000,-3292.000,-2063.000,975.000,-1575.000,0.000,0.000,0
2026-01-30 23:06:04,251814,-2167.000,4351.000,-2295.000,-2587.000,976.000,-1802.000,0.000,0.000,0
2026-01-30 23:06:04,251854,-2595.000,3818.000,-2536.000,-2795.000,875.000,-1821.000,0.000,0.000,0
2026-01-30 23:06:04,251894,-3304.000,4127.000,-2474.000,-1387.000,709.000,-1740.000,0.000,0.000,0
2026-01-30 23:06:04,251937,-3741.000,5604.000,-2764.000,-892.000,499.000,-1692.000,0.000,0.000,0
2026-01-30 23:06:04,251974,-4665.000,6375.000,-3330.000,-499.000,114.000,-1487.000,0.000,0.000,0
2026-01-30 23:06:04,252014,-4663.000,6485.000,-3630.000,867.000,-456.000,-1195.000,0.000,0.000,0
2026-01-30 23:06:04,252054,-4761.000,7539.000,-4153.000,1955.000,-817.000,-848.000,0.000,0.000,0
2026-01-30 23:06:04,252094,-5389.000,8654.000,-5537.000,1221.000,-649.000,-173.000,0.000,0.000,0
2026-01-30 23:06:05,252134,-4953.000,8255.000,-6151.000,-111.000,-1058.000,471.000,0.000,0.000,0
2026-01-30 23:06:05,252174,-3922.000,6720.000,-5324.000,-12.000,-1652.000,654.000,0.000,0.000,0
2026-01-30 23:06:05,252214,-3638.000,6719.000,-5753.000,205.000,-1547.000,972.000,0.000,0.000,0
2026-01-30 23:06:05,252254,-3282.000,6459.000,-5579.000,-48.000,-1118.000,1366.000,0.000,0.000,0
2026-01-30 23:06:05,252294,-2527.000,5021.000,-2824.000,-375.000,-943.000,1488.000,0.000,0.000,0
2026-01-30 23:06:05,252334,-1875.000,4360.000,-1941.000,-866.000,-995.000,1205.000,0.000,0.000,0
2026-01-30 23:06:05,252374,-2058.000,4481.000,-2205.000,-1818.000,-823.000,844.000,0.000,0.000,0
2026-01-30 23:06:05,252414,-2409.000,4539.000,-2848.000,-2422.000,-294.000,560.000,0.000,0.000,0
2026-01-30 23:06:05,252454,-2879.000,4645.000,-2918.000,-2074.000,355.000,434.000,0.000,0.000,0
2026-01-30 23:06:05,252494,-3641.000,5091.000,-3454.000,-984.000,910.000,282.000,0.000,0.000,0
2026-01-30 23:06:05,252534,-4244.000,7022.000,-4448.000,-291.000,1283.000,437.000,0.000,0.000,0
2026-01-30 23:06:05,252574,-4286.000,7600.000,-4787.000,-893.000,1350.000,499.000,0.000,0.000,0
2026-01-30 23:06:05,252614,-4732.000,7583.000,-4421.000,384.000,1239.000,269.000,0.000,0.000,0
2026-01-30 23:06:05,252654,-4549.000,8672.000,-4924.000,1916.000,986.000,254.000,0.000,0.000,0
2026-01-30 23:06:05,252694,-3287.000,9132.000,-4262.000,1728.000,-274.000,186.000,0.000,0.000,0
2026-01-30 23:06:05,252734,-1516.000,8152.000,-3366.000,420.000,-1445.000,-105.000,0.000,0.000,0
2026-01-30 23:06:05,252774,-992.000,7444.000,-3808.000,33.000,-1067.000,-113.000,0.000,0.000,0
2026-01-30 23:06:05,252814,-1046.000,5921.000,-2857.000,-456.000,-519.000,41.000,0.000,0.000,0
2026-01-30 23:06:05,252854,-1435.000,5094.000,-1962.000,-828.000,83.000,126.000,0.000,0.000,0
2026-01-30 23:06:05,252894,-1889.000,4197.000,-1489.000,-1241.000,511.000,70.000,0.000,0.000,0
2026-01-30 23:06:05,252934,-2617.000,3702.000,-1373.000,-1175.000,855.000,-11.000,0.000,0.000,0
2026-01-30 23:06:05,252974,-3379.000,4768.000,-1648.000,-475.000,998.000,-92.000,0.000,0.000,0
2026-01-30 23:06:05,253014,-3744.000,6074.000,-1894.000,-387.000,782.000,-244.000,0.000,0.000,0
2026-01-30 23:06:05,253054,-4082.000,6352.000,-2651.000,-628.000,470.000,-409.000,0.000,0.000,0
2026-01-30 23:06:05,253094,-4649.000,7942.000,-3594.000,692.000,-330.000,-567.000,0.000,0.000,0
2026-01-30 23:06:06,253134,-4411.000,8748.000,-3509.000,1068.000,-1119.000,-479.000,0.000,0.000,0
2026-01-30 23:06:06,253174,-4616.000,8785.000,-4018.000,1013.000,-1364.000,-287.000,0.000,0.000,0
2026-01-30 23:06:06,253214,-4869.000,8675.000,-4666.000,802.000,-1751.000,256.000,0.000,0.000,0
2026-01-30 23:06:06,253254,-4087.000,7916.000,-4514.000,76.000,-2338.000,617.000,0.000,0.000,0
2026-01-30 23:06:06,253294,-3783.000,7036.000,-4781.000,-339.000,-2298.000,709.000,0.000,0.000,0
2026-01-30 23:06:06,253334,-3535.000,6841.000,-5483.000,-177.000,-1781.000,1188.000,0.000,0.000,0
2026-01-30 23:06:06,253374,-2823.000,5980.000,-4650.000,-141.000,-1315.000,1575.000,0.000,0.000,0
2026-01-30 23:06:06,253414,-1896.000,4629.000,-2828.000,135.000,-1184.000,1408.000,0.000,0.000,0
2026-01-30 23:06:06,253454,-1786.000,4837.000,-2173.000,144.000,-946.000,696.000,0.000,0.000,0
2026-01-30 23:06:06,253494,-2277.000,4753.000,-2493.000,-1487.000,-526.000,319.000,0.000,0.000,0
2026-01-30 23:06:06,253534,-2536.000,4840.000,-2803.000,-1788.000,-36.000,36.000,0.000,0.000,0
2026-01-30 23:06:06,253574,-2968.000,5240.000,-2842.000,-1193.000,450.000,-149.000,0.000,0.000,0
2026-01-30 23:06:06,253614,-3334.000,6292.000,-3182.000,-257.000,860.000,-66.000,0.000,0.000,0
2026-01-30 23:06:06,253654,-3220.000,7619.000,-3879.000,-8.000,1312.000,246.000,0.000,0.000,0
2026-01-30 23:06:06,253694,-3473.000,8070.000,-4253.000,292.000,1598.000,344.000,0.000,0.000,0
2026-01-30 23:06:06,253734,-4270.000,8683.000,-4078.000,564.000,1739.000,375.000,0.000,0.000,0
2026-01-30 23:06:06,253774,-4815.000,9408.000,-4763.000,997.000,1841.000,245.000,0.000,0.000,0
2026-01-30 23:06:06,253814,-3670.000,8962.000,-3638.000,1197.000,744.000,209.000,0.000,0.000,0
2026-01-30 23:06:06,253854,-1961.000,7913.000,-2770.000,112.000,-816.000,-140.000,0.000,0.000,0
2026-01-30 23:06:06,253894,-1750.000,7448.000,-3013.000,-924.000,-814.000,-24.000,0.000,0.000,0
2026-01-30 23:06:06,253936,-1628.000,5559.000,-2391.000,-1507.000,-473.000,42.000,0.000,0.000,0
2026-01-30 23:06:06,253974,-1695.000,4673.000,-2080.000,-827.000,-25.000,-88.000,0.000,0.000,0
2026-01-30 23:06:06,254014,-2076.000,4318.000,-1469.000,65.000,270.000,-230.000,0.000,0.000,0
2026-01-30 23:06:06,254054,-2694.000,4641.000,-1551.000,464.000,528.000,-304.000,0.000,0.000,0
2026-01-30 23:06:06,254094,-3154.000,5687.000,-1784.000,604.000,602.000,-243.000,0.000,0.000,0
2026-01-30 23:06:07,254134,-3477.000,6155.000,-1944.000,189.000,559.000,-137.000,0.000,0.000,0
2026-01-30 23:06:07,254174,-3929.000,6599.000,-2188.000,343.000,369.000,-203.000,0.000,0.000,0
2026-01-30 23:06:07,254214,-4539.000,7547.000,-2625.000,956.000,-227.000,-327.000,0.000,0.000,0
2026-01-30 23:06:07,254254,-4495.000,8296.000,-3516.000,1231.000,-971.000,-381.000,0.000,0.000,0
2026-01-30 23:06:07,254294,-4789.000,8663.000,-4199.000,1280.000,-1169.000,-44.000,0.000,0.000,0
2026-01-30 23:06:07,254334,-4634.000,9196.000,-5285.000,1361.000,-1362.000,344.000,0.000,0.000,0
2026-01-30 23:06:07,254374,-3767.000,7769.000,-4588.000,971.000,-1896.000,376.000,0.000,0.000,0
2026-01-30 23:06:07,254414,-3564.000,6984.000,-4835.000,900.000,-2069.000,293.000,0.000,0.000,0
2026-01-30 23:06:07,254454,-3199.000,7168.000,-5322.000,962.000,-1879.000,812.000,0.000,0.000,0
2026-01-30 23:06:07,254494,-2409.000,6031.000,-4406.000,445.000,-1696.000,1270.000,0.000,0.000,0
2026-01-30 23:06:07,254534,-1606.000,5015.000,-2771.000,486.000,-1690.000,1361.000,0.000,0.000,0
2026-01-30 23:06:07,254574,-1437.000,4642.000,-2090.000,138.000,-1606.000,1140.000,0.000,0.000,0
2026-01-30 23:06:07,254614,-2420.000,4597.000,-2695.000,-1030.000,-1041.000,742.000,0.000,0.000,0
2026-01-30 23:06:07,254654,-3050.000,4564.000,-3021.000,-1050.000,-549.000,624.000,0.000,0.000,0
2026-01-30 23:06:07,254694,-3697.000,4974.000,-3225.000,-126.000,-240.000,445.000,0.000,0.000,0
2026-01-30 23:06:07,254734,-4210.000,6407.000,-3876.000,450.000,-70.000,554.000,0.000,0.000,0
2026-01-30 23:06:07,254774,-3950.000,7343.000,-4395.000,-43.000,17.000,727.000,0.000,0.000,0
2026-01-30 23:06:07,254814,-4324.000,7656.000,-4333.000,858.000,188.000,665.000,0.000,0.000,0
2026-01-30 23:06:07,254854,-4737.000,8102.000,-4439.000,1685.000,54.000,566.000,0.000,0.000,0
2026-01-30 23:06:07,254894,-4419.000,9562.000,-5093.000,2237.000,-285.000,551.000,0.000,0.000,0
2026-01-30 23:06:07,254934,-3054.000,8958.000,-3847.000,1372.000,-1275.000,411.000,0.000,0.000,0
2026-01-30 23:06:07,254974,-1021.000,7816.000,-3167.000,296.000,-2235.000,136.000,0.000,0.000,0
2026-01-30 23:06:07,255014,-1042.000,6952.000,-3313.000,-526.000,-1389.000,356.000,0.000,0.000,0
2026-01-30 23:06:07,255054,-1748.000,5054.000,-2713.000,-666.000,-677.000,545.000,0.000,0.000,0
2026-01-30 23:06:07,255094,-2180.000,4714.000,-2291.000,214.000,-267.000,483.000,0.000,0.000,0
2026-01-30 23:06:08,255134,-2454.000,4452.000,-1946.000,306.000,-66.000,373.000,0.000,0.000,0
2026-01-30 23:06:08,255174,-2936.000,4295.000,-2084.000,196.000,168.000,192.000,0.000,0.000,0
2026-01-30 23:06:08,255214,-3499.000,4902.000,-2497.000,505.000,178.000,-67.000,0.000,0.000,0
2026-01-30 23:06:08,255254,-3693.000,5914.000,-2874.000,561.000,-117.000,-374.000,0.000,0.000,0
2026-01-30 23:06:08,255294,-3554.000,6530.000,-3121.000,741.000,-390.000,-628.000,0.000,0.000,0
2026-01-30 23:06:08,255334,-3740.000,7136.000,-3226.000,1080.000,-725.000,-731.000,0.000,0.000,0
2026-01-30 23:06:08,255374,-4162.000,8489.000,-3579.000,1423.000,-1210.000,-580.000,0.000,0.000,0
2026-01-30 23:06:08,255414,-4829.000,9023.000,-4245.000,656.000,-967.000,17.000,0.000,0.000,0
2026-01-30 23:06:08,255454,-5164.000,9267.000,-5444.000,623.000,-955.000,700.000,0.000,0.000,0
2026-01-30 23:06:08,255494,-3820.000,7751.000,-4119.000,458.000,-1808.000,863.000,0.000,0.000,0
2026-01-30 23:06:08,255534,-3572.000,7195.000,-4285.000,204.000,-1981.000,631.000,0.000,0.000,0
2026-01-30 23:06:08,255574,-3320.000,7203.000,-4971.000,-331.000,-1685.000,913.000,0.000,0.000,0
2026-01-30 23:06:08,255614,-2717.000,5725.000,-4465.000,-1253.000,-1340.000,1196.000,0.000,0.000,0
2026-01-30 23:06:08,255656,-2273.000,4571.000,-3135.000,-179.000,-1314.000,1248.000,0.000,0.000,0
2026-01-30 23:06:08,255694,-2007.000,4787.000,-2070.000,504.000,-1636.000,1099.000,0.000,0.000,0
2026-01-30 23:06:08,255734,-2167.000,4963.000,-2460.000,-426.000,-1566.000,792.000,0.000,0.000,0
2026-01-30 23:06:08,255774,-2784.000,4718.000,-2809.000,-1246.000,-757.000,192.000,0.000,0.000,0
2026-01-30 23:06:08,255814,-3263.000,4862.000,-2670.000,-758.000,-365.000,-110.000,0.000,0.000,0
2026-01-30 23:06:08,255854,-3428.000,6570.000,-2751.000,-72.000,-55.000,-270.000,0.000,0.000,0
2026-01-30 23:06:08,255894,-3242.000,7168.000,-3454.000,-443.000,493.000,-148.000,0.000,0.000,0
2026-01-30 23:06:08,255937,-3730.000,7483.000,-3295.000,83.000,1040.000,54.000,0.000,0.000,0
2026-01-30 23:06:08,255974,-4152.000,8912.000,-3632.000,954.000,1454.000,238.000,0.000,0.000,0
2026-01-30 23:06:08,256014,-3676.000,10154.000,-4155.000,317.000,1495.000,276.000,0.000,0.000,0
2026-01-30 23:06:08,256054,-2593.000,8623.000,-3055.000,-698.000,1027.000,297.000,0.000,0.000,0
2026-01-30 23:06:08,256094,-1888.000,8419.000,-3062.000,-932.000,681.000,153.000,0.000,0.000,0
2026-01-30 23:06:09,256134,-1252.000,7508.000,-2593.000,-2124.000,974.000,-140.000,0.000,0.000,0
2026-01-30 23:06:09,256174,-2005.000,5481.000,-2445.000,-1529.000,1758.000,-357.000,0.000,0.000,0
2026-01-30 23:06:09,256214,-2656.000,4910.000,-1888.000,69.000,1939.000,-630.000,0.000,0.000,0
2026-01-30 23:06:09,256254,-2896.000,4492.000,-1219.000,570.000,1518.000,-875.000,0.000,0.000,0
2026-01-30 23:06:09,256294,-3415.000,4795.000,-1462.000,770.000,1241.000,-1086.000,0.000,0.000,0
2026-01-30 23:06:09,256334,-3684.000,5330.000,-1691.000,322.000,793.000,-1157.000,0.000,0.000,0
2026-01-30 23:06:09,256374,-3774.000,5559.000,-1853.000,125.000,452.000,-1167.000,0.000,0.000,0
2026-01-30 23:06:09,256414,-4098.000,6290.000,-2256.000,682.000,213.000,-972.000,0.000,0.000,0
2026-01-30 23:06:09,256454,-4517.000,7280.000,-2690.000,842.000,-259.000,-561.000,0.000,0.000,0
2026-01-30 23:06:09,256494,-4533.000,8057.000,-3313.000,966.000,-529.000,-86.000,0.000,0.000,0
2026-01-30 23:06:09,256534,-5246.000,9363.000,-4592.000,1335.000,-626.000,551.000,0.000,0.000,0
2026-01-30 23:06:09,256574,-4902.000,8700.000,-4526.000,1191.000,-1113.000,951.000,0.000,0.000,0
2026-01-30 23:06:09,256614,-4261.000,7616.000,-4227.000,1083.000,-1832.000,905.000,0.000,0.000,0
2026-01-30 23:06:09,256654,-3813.000,7929.000,-5066.000,488.000,-2114.000,946.000,0.000,0.000,0
2026-01-30 23:06:09,256694,-3082.000,7049.000,-5091.000,-709.000,-1963.000,1092.000,0.000,0.000,0
2026-01-30 23:06:09,256734,-2339.000,5113.000,-4282.000,-521.000,-1696.000,1069.000,0.000,0.000,0
2026-01-30 23:06:09,256774,-1903.000,4485.000,-2802.000,867.000,-1782.000,961.000,0.000,0.000,0
2026-01-30 23:06:09,256814,-1706.000,4814.000,-2022.000,976.000,-1980.000,691.000,0.000,0.000,0
2026-01-30 23:06:09,256854,-1962.000,5212.000,-2211.000,-454.000,-1736.000,404.000,0.000,0.000,0
2026-01-30 23:06:09,256894,-2822.000,5063.000,-2631.000,-1544.000,-835.000,-36.000,0.000,0.000,0
2026-01-30 23:06:09,256934,-3303.000,5702.000,-2881.000,-754.000,-290.000,-170.000,0.000,0.000,0
2026-01-30 23:06:09,256974,-3789.000,6933.000,-3256.000,-254.000,207.000,-95.000,0.000,0.000,0
2026-01-30 23:06:09,257014,-3551.000,7201.000,-3312.000,-550.000,609.000,217.000,0.000,0.000,0
2026-01-30 23:06:09,257054,-4248.000,7773.000,-3052.000,-64.000,1091.000,526.000,0.000,0.000,0
2026-01-30 23:06:09,257094,-4076.000,8993.000,-4053.000,-224.000,1393.000,860.000,0.000,0.000,0
2026-01-30 23:06:10,257134,-3686.000,9214.000,-4528.000,-52.000,1470.000,1173.000,0.000,0.000,0
2026-01-30 23:06:10,257174,-2854.000,7797.000,-3210.000,128.000,507.000,1020.000,0.000,0.000,0
2026-01-30 23:06:10,257214,-2090.000,8012.000,-3428.000,615.000,87.000,758.000,0.000,0.000,0
2026-01-30 23:06:10,257254,-1979.000,7071.000,-3107.000,743.000,306.000,837.000,0.000,0.000,0
2026-01-30 23:06:10,257294,-2347.000,5163.000,-1846.000,941.000,393.000,993.000,0.000,0.000,0
2026-01-30 23:06:10,257334,-2506.000,4506.000,-1546.000,525.000,206.000,927.000,0.000,0.000,0
2026-01-30 23:06:10,257374,-2829.000,4053.000,-1600.000,328.000,-59.000,794.000,0.000,0.000,0
2026-01-30 23:06:10,257414,-3159.000,4588.000,-2092.000,625.000,-345.000,664.000,0.000,0.000,0
2026-01-30 23:06:10,257454,-3372.000,5361.000,-2433.000,665.000,-676.000,514.000,0.000,0.000,0
2026-01-30 23:06:10,257494,-3611.000,6117.000,-3073.000,625.000,-854.000,394.000,0.000,0.000,0
2026-01-30 23:06:10,257534,-3952.000,6912.000,-3588.000,1255.000,-1131.000,452.000,0.000,0.000,0
2026-01-30 23:06:10,257574,-3989.000,8205.000,-3952.000,2132.000,-1668.000,543.000,0.000,0.000,0
2026-01-30 23:06:10,257614,-3963.000,8873.000,-4135.000,2344.000,-2191.000,586.000,0.000,0.000,0
2026-01-30 23:06:10,257656,-4733.000,9417.000,-5127.000,2284.000,-2399.000,1152.000,0.000,0.000,0
2026-01-30 23:06:10,257696,-4272.000,8881.000,-5364.000,1147.000,-3332.000,1521.000,0.000,0.000,0
2026-01-30 23:06:10,257734,-3592.000,7405.000,-5316.000,209.000,-3678.000,1549.000,0.000,0.000,0
2026-01-30 23:06:10,257774,-3284.000,7229.000,-5825.000,-32.000,-3592.000,1963.000,0.000,0.000,0
2026-01-30 23:06:10,257814,-2549.000,6088.000,-5080.000,-666.000,-3512.000,2256.000,0.000,0.000,0
2026-01-30 23:06:10,257854,-1850.000,4636.000,-3917.000,-757.000,-3530.000,2146.000,0.000,0.000,0
2026-01-30 23:06:10,257894,-1538.000,4385.000,-3104.000,-319.000,-3593.000,1862.000,0.000,0.000,0
2026-01-30 23:06:10,257936,-1584.000,4397.000,-2866.000,-811.000,-3486.000,1523.000,0.000,0.000,0
2026-01-30 23:06:10,257974,-1787.000,4808.000,-3364.000,-1507.000,-3002.000,1157.000,0.000,0.000,0
2026-01-30 23:06:10,258014,-1799.000,4947.000,-3484.000,-1648.000,-2185.000,843.000,0.000,0.000,0
2026-01-30 23:06:10,258054,-2278.000,6162.000,-3668.000,-72.000,-770.000,286.000,0.000,0.000,0
2026-01-30 23:06:10,258094,-2097.000,7507.000,-3728.000,324.000,-38.000,82.000,0.000,0.000,0
2026-01-30 23:06:11,258134,-2073.000,8050.000,-3348.000,622.000,813.000,-65.000,0.000,0.000,0
2026-01-30 23:06:11,258174,-2042.000,8964.000,-3139.000,892.000,1364.000,179.000,0.000,0.000,0
2026-01-30 23:06:11,258214,-1955.000,9805.000,-3509.000,1439.000,1796.000,1099.000,0.000,0.000,0
2026-01-30 23:06:11,258254,-1709.000,9120.000,-3022.000,1752.000,1520.000,1977.000,0.000,0.000,0
2026-01-30 23:06:11,258294,-1634.000,8158.000,-2334.000,1333.000,851.000,2108.000,0.000,0.000,0
2026-01-30 23:06:11,258334,-1796.000,7836.000,-3186.000,239.000,732.000,1960.000,0.000,0.000,0
2026-01-30 23:06:11,258374,-1769.000,7188.000,-3460.000,-889.000,748.000,1524.000,0.000,0.000,0
2026-01-30 23:06:11,258414,-2056.000,5256.000,-2426.000,-470.000,858.000,785.000,0.000,0.000,0
2026-01-30 23:06:11,258454,-2526.000,4913.000,-1831.000,1301.000,646.000,-609.000,0.000,0.000,0
2026-01-30 23:06:11,258494,-2990.000,5056.000,-1877.000,1072.000,262.000,-1207.000,0.000,0.000,0
2026-01-30 23:06:11,258534,-3250.000,5507.000,-2038.000,353.000,-216.000,-1598.000,0.000,0.000,0
2026-01-30 23:06:11,258574,-3398.000,6007.000,-2351.000,326.000,-776.000,-1805.000,0.000,0.000,0
2026-01-30 23:06:11,258614,-3306.000,7094.000,-2668.000,891.000,-1394.000,-1733.000,0.000,0.000,0
2026-01-30 23:06:11,258654,-3244.000,7900.000,-3550.000,1075.000,-1908.000,-1363.000,0.000,0.000,0
2026-01-30 23:06:11,258694,-2736.000,8816.000,-3717.000,1263.000,-2484.000,-796.000,0.000,0.000,0
2026-01-30 23:06:11,258734,-2667.000,9027.000,-3630.000,1448.000,-2548.000,-459.000,0.000,0.000,0
2026-01-30 23:06:11,258774,-3237.000,8950.000,-4252.000,1960.000,-2288.000,149.000,0.000,0.000,0
2026-01-30 23:06:11,258814,-3578.000,8173.000,-4394.000,968.000,-2456.000,1253.000,0.000,0.000,0
2026-01-30 23:06:11,258854,-3494.000,7549.000,-4544.000,289.000,-2475.000,1461.000,0.000,0.000,0
2026-01-30 23:06:11,258894,-3354.000,7424.000,-5606.000,-387.000,-2259.000,1911.000,0.000,0.000,0
2026-01-30 23:06:11,258934,-2721.000,6983.000,-5481.000,-706.000,-2114.000,1994.000,0.000,0.000,0
2026-01-30 23:06:11,258974,-1989.000,5142.000,-3921.000,-617.000,-2294.000,1519.000,0.000,0.000,0
2026-01-30 23:06:11,259014,-1436.000,4440.000,-2698.000,337.000,-2494.000,960.000,0.000,0.000,0
2026-01-30 23:06:11,259054,-1375.000,4698.000,-2201.000,-95.000,-2451.000,458.000,0.000,0.000,0
2026-01-30 23:06:11,259094,-1695.000,4616.000,-2565.000,-1394.000,-1830.000,97.000,0.000,0.000,0
2026-01-30 23:06:12,259134,-2172.000,4930.000,-3073.000,-1344.000,-838.000,-141.000,0.000,0.000,0
2026-01-30 23:06:12,259174,-2614.000,5616.000,-3777.000,-861.000,110.000,-158.000,0.000,0.000,0
2026-01-30 23:06:12,259214,-2782.000,7539.000,-3726.000,485.000,1161.000,-161.000,0.000,0.000,0
2026-01-30 23:06:12,259254,-2662.000,7816.000,-3724.000,1135.000,1740.000,-284.000,0.000,0.000,0
2026-01-30 23:06:12,259294,-3247.000,8774.000,-3645.000,1294.000,1957.000,-397.000,0.000,0.000,0
2026-01-30 23:06:12,259334,-3996.000,8922.000,-4127.000,382.000,2201.000,-173.000,0.000,0.000,0
2026-01-30 23:06:12,259374,-4068.000,9193.000,-4279.000,302.000,1744.000,113.000,0.000,0.000,0
2026-01-30 23:06:12,259414,-3015.000,8042.000,-3064.000,-76.000,235.000,79.000,0.000,0.000,0
2026-01-30 23:06:12,259454,-2307.000,7225.000,-3148.000,-320.000,-873.000,-188.000,0.000,0.000,0
2026-01-30 23:06:12,259494,-1584.000,7464.000,-3213.000,-214.000,-1226.000,-157.000,0.000,0.000,0
2026-01-30 23:06:12,259534,-1362.000,6145.000,-2882.000,-1325.000,-923.000,-69.000,0.000,0.000,0
2026-01-30 23:06:12,259574,-1827.000,4382.000,-2067.000,373.000,-412.000,-174.000,0.000,0.000,0
2026-01-30 23:06:12,259614,-2168.000,4521.000,-1519.000,1339.000,-192.000,-296.000,0.000,0.000,0
2026-01-30 23:06:12,259654,-2642.000,5721.000,-1628.000,1301.000,-14.000,-216.000,0.000,0.000,0
2026-01-30 23:06:12,259694,-2788.000,6103.000,-1863.000,502.000,-81.000,-146.000,0.000,0.000,0
2026-01-30 23:06:12,259734,-3009.000,6431.000,-2376.000,480.000,-257.000,-186.000,0.000,0.000,0
2026-01-30 23:06:12,259774,-3514.000,6778.000,-2391.000,887.000,-607.000,-346.000,0.000,0.000,0
2026-01-30 23:06:12,259814,-4215.000,7319.000,-2824.000,1145.000,-1000.000,-502.000,0.000,0.000,0
2026-01-30 23:06:12,259854,-4091.000,7698.000,-3468.000,819.000,-1504.000,-534.000,0.000,0.000,0
2026-01-30 23:06:12,259894,-4395.000,7974.000,-4106.000,1082.000,-1526.000,-507.000,0.000,0.000,0
2026-01-30 23:06:12,259937,-4845.000,8396.000,-5054.000,1423.000,-1649.000,-71.000,0.000,0.000,0
2026-01-30 23:06:12,259974,-3972.000,7823.000,-4909.000,2094.000,-2639.000,511.000,0.000,0.000,0
2026-01-30 23:06:12,260014,-3445.000,7000.000,-4569.000,1459.000,-2996.000,682.000,0.000,0.000,0
2026-01-30 23:06:12,260054,-3407.000,6821.000,-5420.000,821.000,-2638.000,1309.000,0.000,0.000,0
2026-01-30 23:06:12,260094,-2786.000,6124.000,-4820.000,18.000,-2375.000,1826.000,0.000,0.000,0
2026-01-30 23:06:13,260134,-2094.000,4994.000,-3637.000,-116.000,-2273.000,1816.000,0.000,0.000,0
2026-01-30 23:06:13,260174,-1953.000,4538.000,-2950.000,378.000,-2198.000,1516.000,0.000,0.000,0
2026-01-30 23:06:13,260214,-2038.000,4727.000,-2465.000,-123.000,-2031.000,1185.000,0.000,0.000,0
2026-01-30 23:06:13,260254,-2727.000,4870.000,-2760.000,-543.000,-1472.000,926.000,0.000,0.000,0
2026-01-30 23:06:13,260294,-3234.000,5246.000,-3150.000,-444.000,-923.000,626.000,0.000,0.000,0
2026-01-30 23:06:13,260334,-4427.000,6348.000,-3296.000,186.000,-355.000,242.000,0.000,0.000,0
2026-01-30 23:06:13,260374,-4429.000,7406.000,-3835.000,249.000,-439.000,256.000,0.000,0.000,0
2026-01-30 23:06:13,260414,-3580.000,6954.000,-3275.000,-426.000,-690.000,299.000,0.000,0.000,0
2026-01-30 23:06:13,260454,-3849.000,6788.000,-3484.000,36.000,-421.000,272.000,0.000,0.000,0
2026-01-30 23:06:13,260494,-4062.000,7730.000,-3888.000,265.000,-318.000,721.000,0.000,0.000,0
2026-01-30 23:06:13,260534,-3984.000,8368.000,-3915.000,189.000,-242.000,1290.000,0.000,0.000,0
2026-01-30 23:06:13,260574,-3407.000,8432.000,-4201.000,235.000,-316.000,1647.000,0.000,0.000,0
2026-01-30 23:06:13,260614,-2107.000,7676.000,-2917.000,242.000,-1159.000,1418.000,0.000,0.000,0
2026-01-30 23:06:13,260654,-1572.000,6293.000,-2534.000,-268.000,-1443.000,880.000,0.000,0.000,0
2026-01-30 23:06:13,260694,-1881.000,6507.000,-3084.000,234.000,-1129.000,668.000,0.000,0.000,0
2026-01-30 23:06:13,260734,-2080.000,5869.000,-2602.000,533.000,-359.000,668.000,0.000,0.000,0
2026-01-30 23:06:13,260774,-2461.000,5376.000,-2262.000,1563.000,-135.000,559.000,0.000,0.000,0
2026-01-30 23:06:13,260814,-2982.000,5521.000,-1939.000,2047.000,-353.000,520.000,0.000,0.000,0
2026-01-30 23:06:13,260854,-3315.000,6144.000,-2054.000,2435.000,-811.000,730.000,0.000,0.000,0
2026-01-30 23:06:13,260894,-3458.000,6449.000,-2210.000,1889.000,-1376.000,912.000,0.000,0.000,0
2026-01-30 23:06:13,260934,-3705.000,6793.000,-2411.000,1092.000,-1921.000,910.000,0.000,0.000,0
2026-01-30 23:06:13,260974,-4099.000,6536.000,-2421.000,347.000,-2606.000,507.000,0.000,0.000,0
2026-01-30 23:06:13,261014,-4765.000,7118.000,-3088.000,1002.000,-3235.000,-234.000,0.000,0.000,0
2026-01-30 23:06:13,261054,-5070.000,7109.000,-4138.000,878.000,-3772.000,-797.000,0.000,0.000,0
2026-01-30 23:06:13,261094,-4872.000,7336.000,-4538.000,1164.000,-4168.000,-1641.000,0.000,0.000,0
2026-01-30 23:06:14,261134,-4986.000,7742.000,-5489.000,1909.000,-3378.000,-1220.000,0.000,0.000,0
2026-01-30 23:06:14,261174,-4269.000,7368.000,-5063.000,2001.000,-3254.000,-384.000,0.000,0.000,0
2026-01-30 23:06:14,261214,-3857.000,5580.000,-3864.000,1708.000,-3252.000,-178.000,0.000,0.000,0
2026-01-30 23:06:14,261254,-4057.000,4863.000,-3780.000,2263.000,-2647.000,287.000,0.000,0.000,0
2026-01-30 23:06:14,261294,-4071.000,4841.000,-3029.000,2333.000,-2192.000,763.000,0.000,0.000,0
2026-01-30 23:06:14,261334,-3435.000,5107.000,-2180.000,1722.000,-1720.000,690.000,0.000,0.000,0
2026-01-30 23:06:14,261374,-3612.000,4457.000,-3134.000,2145.000,-1017.000,331.000,0.000,0.000,0
2026-01-30 23:06:14,261414,-3237.000,4813.000,-3376.000,3612.000,-634.000,-473.000,0.000,0.000,0
2026-01-30 23:06:14,261454,-3016.000,5057.000,-3224.000,3478.000,-235.000,-1317.000,0.000,0.000,0
2026-01-30 23:06:14,261494,-3237.000,5447.000,-3465.000,2877.000,80.000,-1404.000,0.000,0.000,0
2026-01-30 23:06:14,261534,-3845.000,6934.000,-2964.000,-111.000,486.000,19.000,0.000,0.000,0
2026-01-30 23:06:14,261574,-4239.000,7048.000,-3331.000,-1844.000,663.000,1097.000,0.000,0.000,0
2026-01-30 23:06:14,261616,-5186.000,6734.000,-4176.000,-2239.000,1085.000,1787.000,0.000,0.000,0
2026-01-30 23:06:14,261656,-5313.000,7293.000,-4688.000,-2511.000,1229.000,2126.000,0.000,0.000,0
2026-01-30 23:06:14,261696,-4733.000,7982.000,-4665.000,-1102.000,1158.000,2135.000,0.000,0.000,0
2026-01-30 23:06:14,261734,-3869.000,8273.000,-4673.000,301.000,1007.000,2006.000,0.000,0.000,0
2026-01-30 23:06:14,261774,-3168.000,8279.000,-5200.000,-373.000,670.000,1490.000,0.000,0.000,0
2026-01-30 23:06:14,261814,-2047.000,7052.000,-4713.000,-2036.000,427.000,730.000,0.000,0.000,0
2026-01-30 23:06:14,261854,-1366.000,6525.000,-4302.000,-3471.000,897.000,253.000,0.000,0.000,0
2026-01-30 23:06:14,261894,-1371.000,5891.000,-3573.000,-5157.000,2128.000,97.000,0.000,0.000,0
2026-01-30 23:06:14,261934,-1665.000,4469.000,-3008.000,-5460.000,2723.000,264.000,0.000,0.000,0
2026-01-30 23:06:14,261974,-1846.000,3345.000,-2064.000,-3965.000,2994.000,409.000,0.000,0.000,0
2026-01-30 23:06:14,262014,-2201.000,3288.000,-1982.000,-1784.000,3247.000,505.000,0.000,0.000,0
2026-01-30 23:06:14,262054,-2884.000,4114.000,-1681.000,-123.000,3384.000,780.000,0.000,0.000,0
2026-01-30 23:06:14,262094,-3522.000,4634.000,-1908.000,506.000,3310.000,1024.000,0.000,0.000,0
2026-01-30 23:06:15,262134,-4220.000,5697.000,-1963.000,995.000,3110.000,1165.000,0.000,0.000,0
2026-01-30 23:06:15,262174,-4878.000,7094.000,-2700.000,1852.000,2655.000,1016.000,0.000,0.000,0
2026-01-30 23:06:15,262214,-5254.000,9053.000,-3848.000,2982.000,1772.000,678.000,0.000,0.000,0
2026-01-30 23:06:15,262254,-5053.000,10191.000,-4224.000,2734.000,-170.000,-81.000,0.000,0.000,0
2026-01-30 23:06:15,262294,-4945.000,10577.000,-4191.000,2159.000,-1337.000,-480.000,0.000,0.000,0
2026-01-30 23:06:15,262334,-4522.000,10192.000,-4521.000,812.000,-2337.000,-740.000,0.000,0.000,0
2026-01-30 23:06:15,262374,-3466.000,8121.000,-4063.000,-1389.000,-3449.000,-747.000,0.000,0.000,0
2026-01-30 23:06:15,262414,-2980.000,7338.000,-4515.000,-1654.000,-3422.000,-412.000,0.000,0.000,0
2026-01-30 23:06:15,262454,-2147.000,7086.000,-4682.000,-1750.000,-2871.000,201.000,0.000,0.000,0
2026-01-30 23:06:15,262494,-1301.000,5298.000,-3705.000,-2007.000,-2561.000,665.000,0.000,0.000,0
2026-01-30 23:06:15,262534,-817.000,3897.000,-2698.000,-614.000,-2196.000,863.000,0.000,0.000,0
2026-01-30 23:06:15,262574,-637.000,4230.000,-1807.000,-292.000,-1808.000,860.000,0.000,0.000,0
2026-01-30 23:06:15,262614,-982.000,4685.000,-2332.000,-1303.000,-956.000,1212.000,0.000,0.000,0
2026-01-30 23:06:15,262654,-1571.000,5153.000,-2862.000,-1790.000,552.000,1728.000,0.000,0.000,0
2026-01-30 23:06:15,262694,-2374.000,5779.000,-2934.000,-2422.000,1188.000,2221.000,0.000,0.000,0
2026-01-30 23:06:15,262734,-2632.000,8049.000,-2494.000,-764.000,1369.000,1984.000,0.000,0.000,0
2026-01-30 23:06:15,262774,-2698.000,9700.000,-2774.000,2162.000,1932.000,1148.000,0.000,0.000,0
2026-01-30 23:06:15,262814,-3185.000,10509.000,-3267.000,3048.000,2186.000,-98.000,0.000,0.000,0
2026-01-30 23:06:15,262854,-3651.000,10455.000,-3662.000,1390.000,2069.000,-771.000,0.000,0.000,0
2026-01-30 23:06:15,262894,-2767.000,10578.000,-3760.000,807.000,1713.000,-1079.000,0.000,0.000,0
2026-01-30 23:06:15,262934,-1405.000,9104.000,-2783.000,23.000,953.000,-1456.000,0.000,0.000,0
2026-01-30 23:06:15,262974,-27.000,7373.000,-2380.000,-366.000,316.000,-1745.000,0.000,0.000,0
2026-01-30 23:06:15,263014,-221.000,6108.000,-2742.000,122.000,1297.000,-1162.000,0.000,0.000,0
2026-01-30 23:06:15,263054,-875.000,5026.000,-2310.000,-23.000,1669.000,-613.000,0.000,0.000,0
2026-01-30 23:06:15,263094,-1351.000,4357.000,-2087.000,354.000,1963.000,-329.000,0.000,0.000,0
2026-01-30 23:06:16,263134,-1805.000,3759.000,-1789.000,715.000,2004.000,-218.000,0.000,0.000,0
2026-01-30 23:06:16,263174,-2536.000,4352.000,-2009.000,1349.000,2105.000,-76.000,0.000,0.000,0
2026-01-30 23:06:16,263214,-3113.000,5731.000,-2304.000,1392.000,1857.000,172.000,0.000,0.000,0
2026-01-30 23:06:16,263254,-3279.000,6502.000,-2772.000,1149.000,1349.000,403.000,0.000,0.000,0
2026-01-30 23:06:16,263294,-3398.000,7860.000,-3243.000,1828.000,648.000,388.000,0.000,0.000,0
2026-01-30 23:06:16,263334,-3410.000,9587.000,-3270.000,1803.000,-441.000,325.000,0.000,0.000,0
2026-01-30 23:06:16,263374,-3038.000,10250.000,-3835.000,781.000,-1127.000,-30.000,0.000,0.000,0
2026-01-30 23:06:16,263414,-3411.000,10388.000,-4619.000,-698.000,-1458.000,-240.000,0.000,0.000,0
2026-01-30 23:06:16,263454,-3418.000,9571.000,-5023.000,-1140.000,-1790.000,-363.000,0.000,0.000,0
2026-01-30 23:06:16,263494,-2660.000,7977.000,-4630.000,-1266.000,-2458.000,-674.000,0.000,0.000,0
2026-01-30 23:06:16,263534,-2433.000,7609.000,-4971.000,-1417.000,-2335.000,-575.000,0.000,0.000,0
2026-01-30 23:06:16,263574,-2012.000,7024.000,-5253.000,-1914.000,-1831.000,75.000,0.000,0.000,0
2026-01-30 23:06:16,263616,-1304.000,5223.000,-4075.000,-1680.000,-1536.000,297.000,0.000,0.000,0
2026-01-30 23:06:16,263655,-741.000,3789.000,-2752.000,-617.000,-1499.000,301.000,0.000,0.000,0
2026-01-30 23:06:16,263694,-661.000,3958.000,-2100.000,-46.000,-1349.000,89.000,0.000,0.000,0
2026-01-30 23:06:16,263734,-1022.000,4376.000,-2174.000,-762.000,-760.000,58.000,0.000,0.000,0
2026-01-30 23:06:16,263774,-2197.000,4713.000,-2865.000,-1197.000,717.000,278.000,0.000,0.000,0
2026-01-30 23:06:16,263814,-3117.000,5536.000,-3083.000,-12.000,1321.000,519.000,0.000,0.000,0
2026-01-30 23:06:16,263854,-3663.000,7295.000,-3505.000,899.000,1453.000,648.000,0.000,0.000,0
2026-01-30 23:06:16,263894,-3396.000,8455.000,-4004.000,1699.000,1457.000,488.000,0.000,0.000,0
2026-01-30 23:06:16,263937,-3465.000,8796.000,-3979.000,1814.000,1203.000,39.000,0.000,0.000,0
2026-01-30 23:06:16,263974,-3609.000,9822.000,-4202.000,1103.000,1090.000,-387.000,0.000,0.000,0
2026-01-30 23:06:16,264014,-2978.000,10359.000,-4896.000,492.000,837.000,-656.000,0.000,0.000,0
2026-01-30 23:06:16,264054,-2049.000,8852.000,-3737.000,-140.000,-78.000,-821.000,0.000,0.000,0
2026-01-30 23:06:16,264094,-694.000,7922.000,-3036.000,-275.000,-1100.000,-1186.000,0.000,0.000,0
2026-01-30 23:06:17,264134,-243.000,7999.000,-3439.000,-771.000,-758.000,-1050.000,0.000,0.000,0
2026-01-30 23:06:17,264174,-742.000,5264.000,-2462.000,-1741.000,258.000,-470.000,0.000,0.000,0
2026-01-30 23:06:17,264214,-1273.000,4459.000,-1941.000,-320.000,868.000,-419.000,0.000,0.000,0
2026-01-30 23:06:17,264254,-1834.000,4014.000,-1517.000,410.000,1169.000,-371.000,0.000,0.000,0
2026-01-30 23:06:17,264294,-2554.000,4045.000,-1689.000,802.000,1409.000,-283.000,0.000,0.000,0
2026-01-30 23:06:17,264334,-3038.000,4909.000,-1777.000,911.000,1380.000,-14.000,0.000,0.000,0
2026-01-30 23:06:17,264374,-3332.000,6113.000,-2310.000,674.000,1215.000,188.000,0.000,0.000,0
2026-01-30 23:06:17,264414,-3514.000,6746.000,-3134.000,371.000,834.000,225.000,0.000,0.000,0
2026-01-30 23:06:17,264454,-3698.000,8111.000,-3246.000,1419.000,128.000,115.000,0.000,0.000,0
2026-01-30 23:06:17,264494,-3402.000,9439.000,-3548.000,1495.000,-806.000,-32.000,0.000,0.000,0
2026-01-30 23:06:17,264534,-3770.000,9067.000,-4103.000,297.000,-1183.000,-302.000,0.000,0.000,0
2026-01-30 23:06:17,264574,-4231.000,8966.000,-4497.000,147.000,-1336.000,-162.000,0.000,0.000,0
2026-01-30 23:06:17,264614,-3878.000,8522.000,-5006.000,422.000,-1693.000,153.000,0.000,0.000,0
2026-01-30 23:06:17,264654,-3170.000,7191.000,-4479.000,-14.000,-2197.000,229.000,0.000,0.000,0
2026-01-30 23:06:17,264694,-3079.000,7481.000,-5128.000,-79.000,-2093.000,489.000,0.000,0.000,0
2026-01-30 23:06:17,264734,-2488.000,7283.000,-5590.000,-1323.000,-2113.000,919.000,0.000,0.000,0
2026-01-30 23:06:17,264774,-1635.000,5396.000,-4282.000,-1171.000,-2061.000,906.000,0.000,0.000,0
2026-01-30 23:06:17,264814,-1172.000,4429.000,-2917.000,210.000,-1927.000,481.000,0.000,0.000,0
2026-01-30 23:06:17,264854,-1531.000,4660.000,-2417.000,757.000,-1545.000,-39.000,0.000,0.000,0
2026-01-30 23:06:17,264894,-2039.000,4872.000,-2537.000,-84.000,-1077.000,-238.000,0.000,0.000,0
2026-01-30 23:06:17,264934,-2689.000,4964.000,-2718.000,-580.000,-772.000,-201.000,0.000,0.000,0
2026-01-30 23:06:17,264974,-3489.000,5710.000,-2604.000,-47.000,-159.000,-10.000,0.000,0.000,0
2026-01-30 23:06:17,265014,-3794.000,6891.000,-2968.000,246.000,-147.000,332.000,0.000,0.000,0
2026-01-30 23:06:17,265054,-3704.000,7270.000,-2965.000,-450.000,-143.000,597.000,0.000,0.000,0
2026-01-30 23:06:17,265094,-3989.000,7311.000,-2954.000,-466.000,-88.000,776.000,0.000,0.000,0
2026-01-30 23:06:18,265134,-4280.000,8419.000,-3650.000,-411.000,74.000,969.000,0.000,0.000,0
2026-01-30 23:06:18,265174,-3816.000,9513.000,-4420.000,-13.000,240.000,1009.000,0.000,0.000,0
2026-01-30 23:06:18,265214,-2804.000,8653.000,-3604.000,-21.000,-104.000,694.000,0.000,0.000,0
2026-01-30 23:06:18,265254,-1564.000,7564.000,-2710.000,272.000,-650.000,12.000,0.000,0.000,0
2026-01-30 23:06:18,265294,-1017.000,7563.000,-2953.000,367.000,-459.000,-489.000,0.000,0.000,0
2026-01-30 23:06:18,265334,-1609.000,6303.000,-3012.000,10.000,385.000,-405.000,0.000,0.000,0
2026-01-30 23:06:18,265374,-1999.000,6899.000,-2854.000,1166.000,670.000,-69.000,0.000,0.000,0
2026-01-30 23:06:18,265414,-1900.000,5838.000,-1473.000,584.000,354.000,57.000,0.000,0.000,0
2026-01-30 23:06:18,265454,-2783.000,4597.000,-1226.000,1072.000,155.000,-165.000,0.000,0.000,0
2026-01-30 23:06:18,265494,-3768.000,4793.000,-1630.000,1677.000,-493.000,-249.000,0.000,0.000,0
2026-01-30 23:06:18,265534,-4544.000,4697.000,-2068.000,2647.000,-1072.000,-203.000,0.000,0.000,0
2026-01-30 23:06:18,265574,-4903.000,4066.000,-2389.000,5613.000,-1618.000,-412.000,0.000,0.000,0
2026-01-30 23:06:18,265614,-6432.000,6977.000,-3149.000,10799.000,-2065.000,-1259.000,0.000,0.000,0
2026-01-30 23:06:18,265656,-5558.000,5864.000,-5581.000,7434.000,-2963.000,-765.000,0.000,0.000,0
2026-01-30 23:06:18,265694,-4332.000,8420.000,-6080.000,1665.000,-3012.000,-606.000,0.000,0.000,0
2026-01-30 23:06:18,265734,-2947.000,6041.000,-6518.000,2210.000,-2920.000,-858.000,0.000,0.000,0
2026-01-30 23:06:18,265774,-3197.000,7574.000,-8183.000,296.000,-1958.000,-223.000,0.000,0.000,0
2026-01-30 23:06:18,265814,-1886.000,5596.000,-5932.000,-2882.000,-1732.000,876.000,0.000,0.000,0
2026-01-30 23:06:18,265854,-1987.000,5600.000,-5417.000,-2573.000,-956.000,1465.000,0.000,0.000,0
2026-01-30 23:06:18,265894,-2544.000,5279.000,-6518.000,-747.000,-732.000,1112.000,0.000,0.000,0
2026-01-30 23:06:18,265936,-2374.000,4194.000,-5612.000,-625.000,-398.000,1173.000,0.000,0.000,0
2026-01-30 23:06:18,265974,-1969.000,4840.000,-4898.000,-927.000,420.000,1375.000,0.000,0.000,0
2026-01-30 23:06:18,266014,-2263.000,5232.000,-4243.000,-652.000,1009.000,995.000,0.000,0.000,0
2026-01-30 23:06:18,266054,-3080.000,5236.000,-2855.000,-1302.000,732.000,974.000,0.000,0.000,0
2026-01-30 23:06:18,266094,-3942.000,5099.000,-2745.000,-2444.000,394.000,717.000,0.000,0.000,0
2026-01-30 23:06:19,266134,-4393.000,5848.000,-2520.000,-3458.000,331.000,482.000,0.000,0.000,0
2026-01-30 23:06:19,266174,-5270.000,5867.000,-2230.000,-5001.000,323.000,258.000,0.000,0.000,0
2026-01-30 23:06:19,266214,-5755.000,6922.000,-3001.000,-6780.000,178.000,516.000,0.000,0.000,0
2026-01-30 23:06:19,266254,-5546.000,8447.000,-2876.000,-8436.000,-293.000,1224.000,0.000,0.000,0
2026-01-30 23:06:19,266294,-5872.000,8457.000,-2136.000,-11471.000,-675.000,1561.000,0.000,0.000,0
2026-01-30 23:06:19,266334,-5456.000,8773.000,-1530.000,-13340.000,-1633.000,1765.000,0.000,0.000,0
2026-01-30 23:06:19,266374,-4171.000,8858.000,-1456.000,-13472.000,-2883.000,1899.000,0.000,0.000,0
2026-01-30 23:06:19,266414,-2890.000,9146.000,435.000,-9571.000,-3391.000,1798.000,0.000,0.000,0
2026-01-30 23:06:19,266454,-1325.000,8986.000,2609.000,-10346.000,-3909.000,1176.000,0.000,0.000,0
2026-01-30 23:06:19,266494,-1004.000,7020.000,2263.000,-14380.000,-3717.000,-104.000,0.000,0.000,0
2026-01-30 23:06:19,266534,-1134.000,6668.000,3436.000,-14198.000,-3197.000,-670.000,0.000,0.000,0
2026-01-30 23:06:19,266574,-1822.000,4887.000,3632.000,-15163.000,-2569.000,-1708.000,0.000,0.000,0
2026-01-30 23:06:19,266614,-2596.000,3275.000,5289.000,-11397.000,-1543.000,-2158.000,0.000,0.000,0
2026-01-30 23:06:19,266654,-1589.000,-78.000,5001.000,-2096.000,-1233.000,-4159.000,0.000,0.000,0
2026-01-30 23:06:19,266694,-1594.000,2119.000,4414.000,7949.000,-1115.000,-5406.000,0.000,0.000,0
2026-01-30 23:06:19,266734,-1050.000,2760.000,3631.000,15418.000,-1139.000,-6255.000,0.000,0.000,0
2026-01-30 23:06:19,266774,-2679.000,5000.000,2190.000,21095.000,-1353.000,-6601.000,0.000,0.000,0
2026-01-30 23:06:19,266814,-3910.000,8590.000,635.000,24031.000,-2964.000,-6479.000,0.000,0.000,0
2026-01-30 23:06:19,266854,-3869.000,8895.000,-1351.000,18036.000,-4975.000,-4744.000,0.000,0.000,0
2026-01-30 23:06:19,266894,-4000.000,7922.000,-2301.000,16647.000,-5515.000,-3407.000,0.000,0.000,0
2026-01-30 23:06:19,266934,-4647.000,7675.000,-3687.000,16385.000,-5630.000,-2091.000,0.000,0.000,0
2026-01-30 23:06:19,266974,-4501.000,7639.000,-4538.000,12570.000,-5496.000,-566.000,0.000,0.000,0
2026-01-30 23:06:19,267014,-4594.000,7047.000,-4558.000,10388.000,-4902.000,426.000,0.000,0.000,0
2026-01-30 23:06:19,267054,-4999.000,6323.000,-5197.000,9399.000,-4276.000,904.000,0.000,0.000,0
2026-01-30 23:06:19,267094,-4338.000,6141.000,-4917.000,8321.000,-4334.000,1138.000,0.000,0.000,0
2026-01-30 23:06:20,267134,-4522.000,5903.000,-4133.000,6549.000,-4397.000,1342.000,0.000,0.000,0
2026-01-30 23:06:20,267174,-4820.000,4898.000,-5148.000,5400.000,-4438.000,1820.000,0.000,0.000,0
2026-01-30 23:06:20,267214,-5207.000,4777.000,-4158.000,4307.000,-4430.000,2245.000,0.000,0.000,0
2026-01-30 23:06:20,267254,-5306.000,4527.000,-4854.000,4217.000,-4094.000,2573.000,0.000,0.000,0
2026-01-30 23:06:20,267294,-4869.000,5020.000,-4380.000,4149.000,-3948.000,3451.000,0.000,0.000,0
2026-01-30 23:06:20,267334,-4710.000,5321.000,-3083.000,2472.000,-3739.000,4044.000,0.000,0.000,0
2026-01-30 23:06:20,267374,-4992.000,5393.000,-3155.000,1291.000,-3718.000,3795.000,0.000,0.000,0
2026-01-30 23:06:20,267414,-5186.000,4905.000,-3484.000,1108.000,-3695.000,3494.000,0.000,0.000,0
2026-01-30 23:06:20,267454,-5044.000,4322.000,-3445.000,954.000,-3596.000,2959.000,0.000,0.000,0
2026-01-30 23:06:20,267494,-4691.000,4745.000,-2832.000,371.000,-3307.000,2434.000,0.000,0.000,0
2026-01-30 23:06:20,267534,-4263.000,5395.000,-2515.000,735.000,-2828.000,1750.000,0.000,0.000,0
2026-01-30 23:06:20,267574,-4211.000,7446.000,-3669.000,2619.000,-2041.000,971.000,0.000,0.000,0
2026-01-30 23:06:20,267614,-2592.000,8260.000,-3757.000,4041.000,-679.000,1157.000,0.000,0.000,0
2026-01-30 23:06:20,267654,-2455.000,8334.000,-3738.000,4255.000,25.000,1297.000,0.000,0.000,0
2026-01-30 23:06:20,267694,-2188.000,8341.000,-2891.000,3763.000,130.000,970.000,0.000,0.000,0
2026-01-30 23:06:20,267734,-2294.000,8337.000,-2917.000,1638.000,560.000,699.000,0.000,0.000,0
2026-01-30 23:06:20,267774,-2445.000,7223.000,-3159.000,-40.000,999.000,567.000,0.000,0.000,0
2026-01-30 23:06:20,267814,-2636.000,6774.000,-3133.000,280.000,1411.000,483.000,0.000,0.000,0
2026-01-30 23:06:20,267854,-2703.000,7138.000,-2758.000,-37.000,1395.000,339.000,0.000,0.000,0
2026-01-30 23:06:20,267894,-2629.000,6440.000,-2941.000,-1509.000,1204.000,149.000,0.000,0.000,0
2026-01-30 23:06:20,267937,-2957.000,6222.000,-3013.000,-741.000,1428.000,-68.000,0.000,0.000,0
2026-01-30 23:06:20,267974,-3098.000,6096.000,-2572.000,-1572.000,1295.000,-117.000,0.000,0.000,0
2026-01-30 23:06:20,268014,-3439.000,6106.000,-2660.000,-980.000,1085.000,-664.000,0.000,0.000,0
2026-01-30 23:06:20,268054,-3589.000,6491.000,-2505.000,-416.000,997.000,-1052.000,0.000,0.000,0
2026-01-30 23:06:20,268094,-3772.000,6617.000,-2549.000,-653.000,600.000,-1503.000,0.000,0.000,0
2026-01-30 23:06:21,268134,-4056.000,6889.000,-3347.000,-209.000,330.000,-1811.000,0.000,0.000,0
2026-01-30 23:06:21,268174,-3947.000,7253.000,-3517.000,-181.000,-215.000,-1951.000,0.000,0.000,0
2026-01-30 23:06:21,268214,-4401.000,7517.000,-3996.000,-341.000,-312.000,-1987.000,0.000,0.000,0
2026-01-30 23:06:21,268254,-4533.000,7263.000,-4275.000,-397.000,187.000,-1595.000,0.000,0.000,0
2026-01-30 23:06:21,268294,-3918.000,6446.000,-4790.000,-411.000,872.000,-592.000,0.000,0.000,0
2026-01-30 23:06:21,268334,-3175.000,6978.000,-4597.000,1710.000,1134.000,-413.000,0.000,0.000,0
2026-01-30 23:06:21,268374,-2675.000,5374.000,-3620.000,1631.000,976.000,-630.000,0.000,0.000,0
2026-01-30 23:06:21,268414,-3409.000,5163.000,-4530.000,206.000,1165.000,-864.000,0.000,0.000,0
2026-01-30 23:06:21,268454,-3303.000,4884.000,-4789.000,-417.000,1891.000,-1032.000,0.000,0.000,0
2026-01-30 23:06:21,268494,-3399.000,4703.000,-4786.000,-253.000,2497.000,-969.000,0.000,0.000,0
2026-01-30 23:06:21,268534,-3333.000,5416.000,-4145.000,-215.000,2567.000,-761.000,0.000,0.000,0
2026-01-30 23:06:21,268574,-3460.000,5239.000,-3668.000,-655.000,2525.000,-672.000,0.000,0.000,0
2026-01-30 23:06:21,268614,-3740.000,5222.000,-3678.000,-1047.000,2387.000,-741.000,0.000,0.000,0
2026-01-30 23:06:21,268654,-4180.000,5592.000,-3966.000,-1492.000,2360.000,-879.000,0.000,0.000,0
2026-01-30 23:06:21,268694,-4239.000,5719.000,-3838.000,-1547.000,2226.000,-935.000,0.000,0.000,0
2026-01-30 23:06:21,268734,-4466.000,5721.000,-4012.000,-1545.000,1957.000,-917.000,0.000,0.000,0
2026-01-30 23:06:21,268774,-4540.000,6607.000,-4857.000,-1486.000,1701.000,-480.000,0.000,0.000,0
2026-01-30 23:06:21,268814,-4027.000,7330.000,-5398.000,-1984.000,1376.000,-270.000,0.000,0.000,0
2026-01-30 23:06:21,268854,-3899.000,7253.000,-6141.000,-1485.000,1519.000,-255.000,0.000,0.000,0
2026-01-30 23:06:21,268894,-3390.000,8080.000,-6790.000,-150.000,1912.000,82.000,0.000,0.000,0
2026-01-30 23:06:21,268934,-2095.000,7873.000,-5314.000,-727.000,1184.000,11.000,0.000,0.000,0
2026-01-30 23:06:21,268974,-1244.000,6080.000,-4114.000,-2905.000,412.000,-557.000,0.000,0.000,0
2026-01-30 23:06:21,269014,-1073.000,5556.000,-4875.000,-3206.000,835.000,-1140.000,0.000,0.000,0
2026-01-30 23:06:21,269054,-1203.000,5569.000,-4574.000,-2219.000,1555.000,-1587.000,0.000,0.000,0
2026-01-30 23:06:21,269094,-1984.000,4631.000,-3892.000,-1857.000,2154.000,-1973.000,0.000,0.000,0
2026-01-30 23:06:22,269134,-2494.000,4566.000,-2881.000,-15.000,2342.000,-2082.000,0.000,0.000,0
2026-01-30 23:06:22,269174,-3187.000,4521.000,-2514.000,-122.000,1911.000,-1951.000,0.000,0.000,0
2026-01-30 23:06:22,269214,-3729.000,4691.000,-2573.000,-234.000,1252.000,-1627.000,0.000,0.000,0
2026-01-30 23:06:22,269254,-3944.000,5122.000,-3106.000,-12.000,740.000,-1170.000,0.000,0.000,0
2026-01-30 23:06:22,269294,-4030.000,5795.000,-3559.000,402.000,116.000,-719.000,0.000,0.000,0
2026-01-30 23:06:22,269334,-4585.000,6159.000,-3598.000,250.000,-757.000,-181.000,0.000,0.000,0
2026-01-30 23:06:22,269374,-5016.000,6766.000,-3914.000,320.000,-1612.000,346.000,0.000,0.000,0
2026-01-30 23:06:22,269414,-5453.000,6520.000,-4479.000,622.000,-2336.000,650.000,0.000,0.000,0
2026-01-30 23:06:22,269454,-5664.000,6205.000,-5139.000,1124.000,-3148.000,1167.000,0.000,0.000,0
2026-01-30 23:06:22,269494,-5556.000,6720.000,-6064.000,1830.000,-3770.000,2138.000,0.000,0.000,0
2026-01-30 23:06:22,269534,-4496.000,6160.000,-6084.000,1841.000,-4369.000,3469.000,0.000,0.000,0
2026-01-30 23:06:22,269574,-3927.000,4684.000,-5422.000,983.000,-4642.000,3841.000,0.000,0.000,0
2026-01-30 23:06:22,269616,-4092.000,4089.000,-5457.000,1246.000,-4489.000,3808.000,0.000,0.000,0
2026-01-30 23:06:22,269656,-4207.000,4291.000,-5910.000,2027.000,-4011.000,3706.000,0.000,0.000,0
2026-01-30 23:06:22,269694,-3838.000,3730.000,-5329.000,2195.000,-3764.000,3438.000,0.000,0.000,0
2026-01-30 23:06:22,269734,-3414.000,3546.000,-4540.000,2638.000,-3814.000,3019.000,0.000,0.000,0
2026-01-30 23:06:22,269774,-3287.000,4311.000,-4236.000,3309.000,-3759.000,2636.000,0.000,0.000,0
2026-01-30 23:06:22,269814,-3340.000,4483.000,-4243.000,2891.000,-3750.000,2431.000,0.000,0.000,0
2026-01-30 23:06:22,269854,-3475.000,4744.000,-4168.000,2474.000,-3608.000,2346.000,0.000,0.000,0
2026-01-30 23:06:22,269894,-3782.000,5493.000,-4494.000,2000.000,-3177.000,2394.000,0.000,0.000,0
2026-01-30 23:06:22,269936,-3890.000,6152.000,-4941.000,1482.000,-2819.000,2569.000,0.000,0.000,0
2026-01-30 23:06:22,269974,-3600.000,6027.000,-4906.000,1051.000,-2409.000,2657.000,0.000,0.000,0
2026-01-30 23:06:22,270014,-3777.000,6509.000,-5240.000,926.000,-1832.000,2760.000,0.000,0.000,0
2026-01-30 23:06:22,270054,-3441.000,7902.000,-6423.000,1220.000,-1306.000,3266.000,0.000,0.000,0
2026-01-30 23:06:22,270094,-2812.000,8353.000,-6087.000,1409.000,-1208.000,3599.000,0.000,0.000,0
2026-01-30 23:06:23,270134,-2207.000,6482.000,-3870.000,415.000,-1859.000,3561.000,0.000,0.000,0
2026-01-30 23:06:23,270174,-2945.000,4640.000,-3433.000,-1033.000,-2572.000,2872.000,0.000,0.000,0
2026-01-30 23:06:23,270214,-3873.000,4810.000,-4713.000,107.000,-2667.000,2263.000,0.000,0.000,0
2026-01-30 23:06:23,270254,-3823.000,5143.000,-5206.000,1166.000,-2834.000,1864.000,0.000,0.000,0
2026-01-30 23:06:23,270294,-2890.000,4920.000,-4060.000,2134.000,-3486.000,1913.000,0.000,0.000,0
2026-01-30 23:06:23,270334,-2471.000,5200.000,-3360.000,2779.000,-4017.000,2309.000,0.000,0.000,0
2026-01-30 23:06:23,270374,-2703.000,5344.000,-3319.000,2325.000,-4558.000,2802.000,0.000,0.000,0
2026-01-30 23:06:23,270414,-3010.000,5540.000,-3831.000,2067.000,-4858.000,3097.000,0.000,0.000,0
2026-01-30 23:06:23,270454,-2832.000,5548.000,-4309.000,1744.000,-5044.000,3158.000,0.000,0.000,0
2026-01-30 23:06:23,270494,-2530.000,5772.000,-4339.000,2089.000,-5129.000,2895.000,0.000,0.000,0
2026-01-30 23:06:23,270534,-2531.000,6269.000,-4312.000,2580.000,-5240.000,2503.000,0.000,0.000,0
2026-01-30 23:06:23,270574,-2832.000,6304.000,-4612.000,2953.000,-5342.000,2264.000,0.000,0.000,0
2026-01-30 23:06:23,270614,-3452.000,6187.000,-5370.000,3337.000,-5370.000,2211.000,0.000,0.000,0
2026-01-30 23:06:23,270654,-3739.000,6606.000,-6087.000,3960.000,-5067.000,3197.000,0.000,0.000,0
2026-01-30 23:06:23,270694,-4220.000,5606.000,-5881.000,3324.000,-4433.000,3534.000,0.000,0.000,0
2026-01-30 23:06:23,270734,-4169.000,4401.000,-5304.000,2674.000,-4427.000,3457.000,0.000,0.000,0
2026-01-30 23:06:23,270774,-4067.000,4533.000,-5725.000,2601.000,-4313.000,3216.000,0.000,0.000,0
2026-01-30 23:06:23,270814,-3405.000,4862.000,-5806.000,2392.000,-4131.000,3025.000,0.000,0.000,0
2026-01-30 23:06:23,270854,-2767.000,4781.000,-5490.000,1925.000,-3776.000,2725.000,0.000,0.000,0
2026-01-30 23:06:23,270894,-2636.000,5099.000,-5119.000,1799.000,-3156.000,2301.000,0.000,0.000,0
2026-01-30 23:06:23,270934,-2867.000,5130.000,-4999.000,1095.000,-2464.000,1882.000,0.000,0.000,0
2026-01-30 23:06:23,270974,-3125.000,4896.000,-4798.000,657.000,-1648.000,1455.000,0.000,0.000,0
2026-01-30 23:06:23,271014,-3443.000,5168.000,-4851.000,869.000,-806.000,1156.000,0.000,0.000,0
2026-01-30 23:06:23,271054,-3541.000,5578.000,-4717.000,253.000,-92.000,1085.000,0.000,0.000,0
2026-01-30 23:06:23,271094,-3415.000,5708.000,-4679.000,-347.000,237.000,1124.000,0.000,0.000,0
2026-01-30 23:06:24,271134,-3287.000,5915.000,-4756.000,-1011.000,588.000,1130.000,0.000,0.000,0
2026-01-30 23:06:24,271174,-3448.000,5665.000,-4816.000,-1656.000,1110.000,1006.000,0.000,0.000,0
2026-01-30 23:06:24,271214,-3645.000,6248.000,-5553.000,-1568.000,1649.000,961.000,0.000,0.000,0
2026-01-30 23:06:24,271254,-3244.000,6639.000,-5525.000,-1637.000,1944.000,907.000,0.000,0.000,0
2026-01-30 23:06:24,271294,-2709.000,7074.000,-5778.000,-1260.000,2306.000,769.000,0.000,0.000,0
2026-01-30 23:06:24,271334,-1730.000,7059.000,-4740.000,-719.000,2109.000,496.000,0.000,0.000,0
2026-01-30 23:06:24,271374,-1136.000,6246.000,-3491.000,-1008.000,1688.000,430.000,0.000,0.000,0
2026-01-30 23:06:24,271414,-1111.000,6215.000,-3311.000,-588.000,1434.000,444.000,0.000,0.000,0
2026-01-30 23:06:24,271454,-956.000,5840.000,-3841.000,-1634.000,1306.000,282.000,0.000,0.000,0
2026-01-30 23:06:24,271494,-715.000,5973.000,-4251.000,-1153.000,1652.000,152.000,0.000,0.000,0
2026-01-30 23:06:24,271534,-574.000,6468.000,-4311.000,-144.000,1938.000,214.000,0.000,0.000,0
2026-01-30 23:06:24,271574,-647.000,7006.000,-4068.000,704.000,1918.000,442.000,0.000,0.000,0
2026-01-30 23:06:24,271614,-745.000,7300.000,-3766.000,737.000,1518.000,714.000,0.000,0.000,0
2026-01-30 23:06:24,271654,-981.000,7261.000,-3805.000,-68.000,1053.000,849.000,0.000,0.000,0
2026-01-30 23:06:24,271694,-940.000,6926.000,-4194.000,-678.000,715.000,739.000,0.000,0.000,0
2026-01-30 23:06:24,271734,-843.000,6557.000,-4063.000,-830.000,416.000,523.000,0.000,0.000,0
2026-01-30 23:06:24,271774,-557.000,6710.000,-4074.000,-201.000,238.000,326.000,0.000,0.000,0
2026-01-30 23:06:24,271814,-272.000,7042.000,-4262.000,10.000,17.000,324.000,0.000,0.000,0
2026-01-30 23:06:24,271854,-53.000,7072.000,-4376.000,15.000,-184.000,293.000,0.000,0.000,0
2026-01-30 23:06:24,271894,10.000,6879.000,-4322.000,-110.000,-383.000,148.000,0.000,0.000,0
2026-01-30 23:06:24,271937,-5.000,6731.000,-4266.000,-117.000,-580.000,-27.000,0.000,0.000,0
2026-01-30 23:06:24,271974,-230.000,6584.000,-4251.000,184.000,-747.000,-203.000,0.000,0.000,0
2026-01-30 23:06:24,272014,-661.000,6630.000,-4336.000,-22.000,-1096.000,-376.000,0.000,0.000,0
2026-01-30 23:06:24,272054,-687.000,6514.000,-4335.000,204.000,-1556.000,-494.000,0.000,0.000,0
2026-01-30 23:06:24,272094,-659.000,6906.000,-4436.000,239.000,-1998.000,-559.000,0.000,0.000,0
2026-01-30 23:06:25,272134,-587.000,6654.000,-4289.000,-78.000,-2464.000,-628.000,0.000,0.000,0
2026-01-30 23:06:25,272174,-698.000,6228.000,-4517.000,-239.000,-2806.000,-725.000,0.000,0.000,0
2026-01-30 23:06:25,272214,-967.000,5854.000,-4148.000,-97.000,-3427.000,-825.000,0.000,0.000,0
2026-01-30 23:06:25,272254,-1367.000,5305.000,-4236.000,402.000,-3749.000,-901.000,0.000,0.000,0
2026-01-30 23:06:25,272294,-2065.000,5498.000,-3756.000,1608.000,-4068.000,-997.000,0.000,0.000,0
2026-01-30 23:06:25,272334,-2562.000,5146.000,-4294.000,1400.000,-4331.000,-961.000,0.000,0.000,0
2026-01-30 23:06:25,272374,-3308.000,5760.000,-4651.000,2401.000,-4179.000,-798.000,0.000,0.000,0
2026-01-30 23:06:25,272414,-3704.000,6062.000,-5163.000,3418.000,-3746.000,-332.000,0.000,0.000,0
2026-01-30 23:06:25,272454,-3988.000,6903.000,-5398.000,3953.000,-3366.000,163.000,0.000,0.000,0
2026-01-30 23:06:25,272494,-4776.000,6876.000,-5541.000,3523.000,-3028.000,452.000,0.000,0.000,0
2026-01-30 23:06:25,272534,-4673.000,6697.000,-5531.000,3440.000,-2779.000,830.000,0.000,0.000,0
2026-01-30 23:06:25,272574,-4380.000,6308.000,-3750.000,2805.000,-3161.000,1045.000,0.000,0.000,0
2026-01-30 23:06:25,272614,-4391.000,5367.000,-3336.000,1855.000,-3622.000,1656.000,0.000,0.000,0
2026-01-30 23:06:25,272654,-4175.000,5125.000,-3392.000,1816.000,-4071.000,2165.000,0.000,0.000,0
2026-01-30 23:06:25,272694,-4095.000,4908.000,-3989.000,1207.000,-4238.000,2183.000,0.000,0.000,0
2026-01-30 23:06:25,272734,-4123.000,4828.000,-4552.000,1486.000,-3852.000,2057.000,0.000,0.000,0
2026-01-30 23:06:25,272774,-4257.000,4861.000,-4406.000,1790.000,-3315.000,2021.000,0.000,0.000,0
2026-01-30 23:06:25,272814,-4758.000,5239.000,-4584.000,2328.000,-3115.000,2184.000,0.000,0.000,0
2026-01-30 23:06:25,272854,-4949.000,5492.000,-4365.000,1910.000,-3392.000,2605.000,0.000,0.000,0
2026-01-30 23:06:25,272894,-4828.000,5460.000,-4031.000,1185.000,-3745.000,2952.000,0.000,0.000,0
2026-01-30 23:06:25,272934,-4635.000,4912.000,-4115.000,630.000,-4027.000,3102.000,0.000,0.000,0
2026-01-30 23:06:25,272974,-4628.000,4483.000,-4296.000,1437.000,-3937.000,3009.000,0.000,0.000,0
2026-01-30 23:06:25,273014,-4416.000,4373.000,-4295.000,1892.000,-3861.000,2954.000,0.000,0.000,0
2026-01-30 23:06:25,273054,-4298.000,4518.000,-4235.000,2270.000,-3885.000,2765.000,0.000,0.000,0
2026-01-30 23:06:25,273094,-4199.000,4586.000,-4220.000,2627.000,-3799.000,2501.000,0.000,0.000,0
2026-01-30 23:06:26,273134,-4033.000,5220.000,-4330.000,2669.000,-3621.000,2286.000,0.000,0.000,0
2026-01-30 23:06:26,273174,-4188.000,5731.000,-4404.000,2187.000,-3410.000,1945.000,0.000,0.000,0
2026-01-30 23:06:26,273214,-4321.000,6332.000,-4806.000,1857.000,-2726.000,1745.000,0.000,0.000,0
2026-01-30 23:06:26,273254,-3045.000,7059.000,-4520.000,2733.000,-2155.000,1744.000,0.000,0.000,0
2026-01-30 23:06:26,273294,-2938.000,7385.000,-3592.000,2924.000,-2183.000,1377.000,0.000,0.000,0
2026-01-30 23:06:26,273334,-3063.000,8110.000,-3735.000,2127.000,-2551.000,1641.000,0.000,0.000,0
2026-01-30 23:06:26,273374,-2742.000,7744.000,-3674.000,1497.000,-2389.000,1753.000,0.000,0.000,0
2026-01-30 23:06:26,273414,-2957.000,6628.000,-3428.000,284.000,-2282.000,1671.000,0.000,0.000,0
2026-01-30 23:06:26,273454,-3056.000,6444.000,-3118.000,110.000,-2177.000,1587.000,0.000,0.000,0
2026-01-30 23:06:26,273494,-2837.000,6322.000,-2812.000,-261.000,-2081.000,1532.000,0.000,0.000,0
2026-01-30 23:06:26,273534,-3045.000,6371.000,-2722.000,-728.000,-1932.000,1534.000,0.000,0.000,0
2026-01-30 23:06:26,273574,-3217.000,6385.000,-2634.000,-876.000,-1820.000,1679.000,0.000,0.000,0
2026-01-30 23:06:26,273616,-3344.000,6500.000,-2305.000,-384.000,-1677.000,1660.000,0.000,0.000,0
2026-01-30 23:06:26,273656,-3375.000,6474.000,-2084.000,57.000,-1531.000,1446.000,0.000,0.000,0
2026-01-30 23:06:26,273694,-3477.000,6452.000,-2166.000,553.000,-1385.000,1099.000,0.000,0.000,0
2026-01-30 23:06:26,273734,-3755.000,6350.000,-2327.000,647.000,-1337.000,675.000,0.000,0.000,0
2026-01-30 23:06:26,273774,-3844.000,6437.000,-2297.000,541.000,-1369.000,354.000,0.000,0.000,0
2026-01-30 23:06:26,273814,-3799.000,6613.000,-2091.000,864.000,-1305.000,-101.000,0.000,0.000,0
2026-01-30 23:06:26,273854,-3835.000,6641.000,-2227.000,778.000,-1203.000,-393.000,0.000,0.000,0
2026-01-30 23:06:26,273894,-4121.000,7270.000,-2558.000,958.000,-1132.000,-835.000,0.000,0.000,0
2026-01-30 23:06:26,273934,-4121.000,6676.000,-2495.000,788.000,-1094.000,-1081.000,0.000,0.000,0
2026-01-30 23:06:26,273974,-4443.000,6702.000,-2546.000,1040.000,-1255.000,-1296.000,0.000,0.000,0
2026-01-30 23:06:26,274014,-4808.000,6777.000,-2866.000,465.000,-1151.000,-1309.000,0.000,0.000,0
2026-01-30 23:06:26,274054,-4795.000,6588.000,-3472.000,923.000,-588.000,-1177.000,0.000,0.000,0
2026-01-30 23:06:26,274094,-3934.000,6422.000,-3986.000,1558.000,-80.000,-551.000,0.000,0.000,0
2026-01-30 23:06:27,274134,-3246.000,5892.000,-3222.000,829.000,-407.000,-552.000,0.000,0.000,0
2026-01-30 23:06:27,274174,-3797.000,5722.000,-3557.000,-715.000,-212.000,-405.000,0.000,0.000,0
2026-01-30 23:06:27,274214,-3978.000,5591.000,-4090.000,-637.000,595.000,-191.000,0.000,0.000,0
2026-01-30 23:06:27,274254,-4301.000,5948.000,-4357.000,-352.000,1349.000,141.000,0.000,0.000,0
2026-01-30 23:06:27,274294,-3843.000,6245.000,-4150.000,-399.000,1639.000,403.000,0.000,0.000,0
2026-01-30 23:06:27,274334,-3553.000,5896.000,-3325.000,-274.000,1757.000,128.000,0.000,0.000,0
2026-01-30 23:06:27,274374,-3813.000,5961.000,-3265.000,-702.000,1945.000,-298.000,0.000,0.000,0
2026-01-30 23:06:27,274414,-3808.000,5941.000,-3282.000,-1416.000,2244.000,-611.000,0.000,0.000,0
2026-01-30 23:06:27,274454,-3999.000,5799.000,-3495.000,-1846.000,2565.000,-825.000,0.000,0.000,0
2026-01-30 23:06:27,274494,-4216.000,6038.000,-3890.000,-1797.000,2886.000,-982.000,0.000,0.000,0
2026-01-30 23:06:27,274534,-3979.000,6361.000,-3981.000,-2241.000,3062.000,-899.000,0.000,0.000,0
2026-01-30 23:06:27,274574,-4001.000,6629.000,-4280.000,-2548.000,3497.000,-814.000,0.000,0.000,0
2026-01-30 23:06:27,274614,-4159.000,6906.000,-4523.000,-2803.000,3636.000,-750.000,0.000,0.000,0
2026-01-30 23:06:27,274654,-4118.000,6406.000,-4188.000,-3063.000,3779.000,-652.000,0.000,0.000,0
2026-01-30 23:06:27,274694,-3645.000,6433.000,-3653.000,-3052.000,3842.000,-612.000,0.000,0.000,0
2026-01-30 23:06:27,274734,-3041.000,6649.000,-3067.000,-3380.000,3710.000,-605.000,0.000,0.000,0
2026-01-30 23:06:27,274774,-2542.000,6604.000,-3220.000,-3317.000,3791.000,-790.000,0.000,0.000,0
2026-01-30 23:06:27,274814,-1862.000,6761.000,-3263.000,-3232.000,4003.000,-1093.000,0.000,0.000,0
2026-01-30 23:06:27,274854,-1137.000,7068.000,-3587.000,-2654.000,4643.000,-1313.000,0.000,0.000,0
2026-01-30 23:06:27,274894,-1215.000,7542.000,-3502.000,-2354.000,5578.000,-1550.000,0.000,0.000,0
2026-01-30 23:06:27,274934,-1397.000,7419.000,-2852.000,-2692.000,5842.000,-1564.000,0.000,0.000,0
2026-01-30 23:06:27,274974,-1965.000,6663.000,-2748.000,-2755.000,5855.000,-1734.000,0.000,0.000,0
2026-01-30 23:06:27,275014,-2392.000,6795.000,-3044.000,-2553.000,5630.000,-2093.000,0.000,0.000,0
2026-01-30 23:06:27,275054,-2416.000,7081.000,-3109.000,-2428.000,5281.000,-2505.000,0.000,0.000,0
2026-01-30 23:06:27,275094,-2342.000,6806.000,-2752.000,-2195.000,4892.000,-2796.000,0.000,0.000,0
2026-01-30 23:06:28,275134,-2513.000,6994.000,-2570.000,-1778.000,4508.000,-2933.000,0.000,0.000,0
2026-01-30 23:06:28,275174,-2508.000,7215.000,-2245.000,-1887.000,4005.000,-2972.000,0.000,0.000,0
2026-01-30 23:06:28,275214,-2616.000,6899.000,-2353.000,-2021.000,3767.000,-3047.000,0.000,0.000,0
2026-01-30 23:06:28,275254,-2730.000,7061.000,-2702.000,-1853.000,3746.000,-3057.000,0.000,0.000,0
2026-01-30 23:06:28,275294,-3007.000,7157.000,-2421.000,-1671.000,3334.000,-2918.000,0.000,0.000,0
2026-01-30 23:06:28,275334,-3659.000,7307.000,-2654.000,-1414.000,3117.000,-2837.000,0.000,0.000,0
2026-01-30 23:06:28,275374,-3868.000,7069.000,-2460.000,-1652.000,2605.000,-2744.000,0.000,0.000,0
2026-01-30 23:06:28,275414,-4095.000,6819.000,-2722.000,-1724.000,2309.000,-2678.000,0.000,0.000,0
2026-01-30 23:06:28,275454,-4030.000,7231.000,-3575.000,-1336.000,2272.000,-2448.000,0.000,0.000,0
2026-01-30 23:06:28,275494,-3677.000,7087.000,-3699.000,-1462.000,2244.000,-2026.000,0.000,0.000,0
2026-01-30 23:06:28,275534,-3621.000,6532.000,-3462.000,-1688.000,2153.000,-1505.000,0.000,0.000,0
2026-01-30 23:06:28,275574,-4006.000,6075.000,-3537.000,-1692.000,1993.000,-1215.000,0.000,0.000,0
2026-01-30 23:06:28,275614,-4505.000,5090.000,-3686.000,-2693.000,1712.000,-1112.000,0.000,0.000,0
2026-01-30 23:06:28,275654,-4461.000,5178.000,-4051.000,-1760.000,2113.000,-1014.000,0.000,0.000,0
2026-01-30 23:06:28,275694,-4242.000,5786.000,-4055.000,-896.000,2456.000,-936.000,0.000,0.000,0
2026-01-30 23:06:28,275734,-3956.000,5554.000,-3080.000,-816.000,2432.000,-969.000,0.000,0.000,0
2026-01-30 23:06:28,275774,-4614.000,5673.000,-3021.000,-502.000,2429.000,-1069.000,0.000,0.000,0
2026-01-30 23:06:28,275814,-4629.000,5757.000,-3167.000,-675.000,2248.000,-963.000,0.000,0.000,0
2026-01-30 23:06:28,275854,-4066.000,5524.000,-2675.000,-736.000,2337.000,-792.000,0.000,0.000,0
2026-01-30 23:06:28,275894,-4411.000,5718.000,-3465.000,89.000,2360.000,-855.000,0.000,0.000,0
2026-01-30 23:06:28,275936,-4404.000,6015.000,-3031.000,-349.000,2184.000,-413.000,0.000,0.000,0
2026-01-30 23:06:28,275975,-4323.000,6177.000,-2705.000,-276.000,2077.000,-334.000,0.000,0.000,0
2026-01-30 23:06:28,276014,-4615.000,6517.000,-3349.000,-473.000,1916.000,-269.000,0.000,0.000,0
2026-01-30 23:06:28,276054,-4292.000,6792.000,-3264.000,-1163.000,1778.000,-25.000,0.000,0.000,0
2026-01-30 23:06:28,276094,-4569.000,6457.000,-3349.000,-1518.000,1335.000,-217.000,0.000,0.000,0
2026-01-30 23:06:29,276134,-4270.000,6127.000,-3584.000,-740.000,977.000,-150.000,0.000,0.000,0
2026-01-30 23:06:29,276174,-4240.000,8139.000,-3591.000,-953.000,685.000,-195.000,0.000,0.000,0
2026-01-30 23:06:29,276214,-4313.000,6909.000,-3350.000,-1790.000,602.000,181.000,0.000,0.000,0
2026-01-30 23:06:29,276254,-4195.000,7305.000,-3523.000,-1487.000,776.000,636.000,0.000,0.000,0
2026-01-30 23:06:29,276294,-3737.000,7073.000,-3556.000,-904.000,849.000,1013.000,0.000,0.000,0
2026-01-30 23:06:29,276334,-3288.000,6136.000,-2785.000,-1091.000,232.000,985.000,0.000,0.000,0
2026-01-30 23:06:29,276374,-2746.000,5189.000,-2608.000,-998.000,-561.000,518.000,0.000,0.000,0
2026-01-30 23:06:29,276414,-2291.000,6159.000,-3223.000,-1155.000,-1220.000,-426.000,0.000,0.000,0
2026-01-30 23:06:29,276454,-2331.000,6819.000,-3853.000,-694.000,-846.000,-830.000,0.000,0.000,0
2026-01-30 23:06:29,276494,-2716.000,6794.000,-3490.000,460.000,-460.000,-734.000,0.000,0.000,0
2026-01-30 23:06:29,276534,-3087.000,6934.000,-2575.000,1431.000,-616.000,-137.000,0.000,0.000,0
2026-01-30 23:06:29,276574,-3608.000,6947.000,-1991.000,1220.000,-1183.000,390.000,0.000,0.000,0
2026-01-30 23:06:29,276614,-3978.000,6346.000,-2236.000,671.000,-1739.000,543.000,0.000,0.000,0
2026-01-30 23:06:29,276654,-3624.000,6120.000,-2425.000,1062.000,-2342.000,805.000,0.000,0.000,0
2026-01-30 23:06:29,276694,-3200.000,6192.000,-2623.000,1594.000,-2728.000,1033.000,0.000,0.000,0
2026-01-30 23:06:29,276734,-3187.000,6437.000,-2363.000,1810.000,-3016.000,1224.000,0.000,0.000,0
2026-01-30 23:06:29,276774,-3750.000,6598.000,-2310.000,2382.000,-3672.000,1241.000,0.000,0.000,0
2026-01-30 23:06:29,276814,-3921.000,6495.000,-2851.000,2648.000,-4056.000,1235.000,0.000,0.000,0
2026-01-30 23:06:29,276854,-4097.000,6571.000,-3846.000,3839.000,-4168.000,1477.000,0.000,0.000,0
2026-01-30 23:06:29,276894,-3607.000,7450.000,-4539.000,4925.000,-4344.000,1982.000,0.000,0.000,0
2026-01-30 23:06:29,276934,-3350.000,6118.000,-3341.000,3980.000,-4826.000,2210.000,0.000,0.000,0
2026-01-30 23:06:29,276974,-4002.000,4750.000,-3633.000,3081.000,-5059.000,2018.000,0.000,0.000,0
2026-01-30 23:06:29,277014,-4472.000,5027.000,-4656.000,3733.000,-4824.000,1979.000,0.000,0.000,0
2026-01-30 23:06:29,277054,-4551.000,5227.000,-5266.000,3953.000,-4272.000,1951.000,0.000,0.000,0
2026-01-30 23:06:29,277094,-4382.000,4941.000,-5630.000,4186.000,-3664.000,2092.000,0.000,0.000,0
2026-01-30 23:06:30,277134,-4294.000,4775.000,-5494.000,4716.000,-3582.000,2280.000,0.000,0.000,0
2026-01-30 23:06:30,277174,-4290.000,5650.000,-5197.000,3782.000,-4132.000,2401.000,0.000,0.000,0
2026-01-30 23:06:30,277214,-4218.000,5387.000,-4921.000,3064.000,-4142.000,2058.000,0.000,0.000,0
2026-01-30 23:06:30,277254,-4343.000,5170.000,-5046.000,2874.000,-3790.000,1785.000,0.000,0.000,0
2026-01-30 23:06:30,277294,-4641.000,5368.000,-4959.000,2728.000,-3516.000,1697.000,0.000,0.000,0
2026-01-30 23:06:30,277334,-4797.000,5110.000,-4911.000,2522.000,-3552.000,1875.000,0.000,0.000,0
2026-01-30 23:06:30,277374,-4917.000,5081.000,-4813.000,2406.000,-3750.000,2176.000,0.000,0.000,0
2026-01-30 23:06:30,277414,-4725.000,4992.000,-4566.000,2055.000,-4083.000,2534.000,0.000,0.000,0
2026-01-30 23:06:30,277454,-4563.000,4882.000,-4540.000,1856.000,-4225.000,2778.000,0.000,0.000,0
2026-01-30 23:06:30,277494,-4313.000,4855.000,-4595.000,1831.000,-4214.000,2909.000,0.000,0.000,0
2026-01-30 23:06:30,277534,-4209.000,4582.000,-4568.000,1694.000,-4104.000,2846.000,0.000,0.000,0
2026-01-30 23:06:30,277574,-4212.000,4487.000,-4396.000,2036.000,-3643.000,2672.000,0.000,0.000,0
2026-01-30 23:06:30,277616,-4407.000,4332.000,-4398.000,2326.000,-3313.000,2514.000,0.000,0.000,0
2026-01-30 23:06:30,277656,-4445.000,4535.000,-4712.000,2687.000,-3219.000,2510.000,0.000,0.000,0
2026-01-30 23:06:30,277694,-4271.000,5019.000,-4814.000,2800.000,-3289.000,2512.000,0.000,0.000,0
2026-01-30 23:06:30,277734,-4091.000,5241.000,-4715.000,2183.000,-3272.000,2405.000,0.000,0.000,0
2026-01-30 23:06:30,277774,-3995.000,5773.000,-4361.000,2235.000,-2871.000,2174.000,0.000,0.000,0
2026-01-30 23:06:30,277814,-4385.000,6486.000,-4716.000,1856.000,-2316.000,2059.000,0.000,0.000,0
2026-01-30 23:06:30,277854,-3820.000,6875.000,-4618.000,2343.000,-2045.000,2201.000,0.000,0.000,0
2026-01-30 23:06:30,277894,-3014.000,6508.000,-2729.000,2285.000,-2697.000,2207.000,0.000,0.000,0
2026-01-30 23:06:30,277934,-3993.000,7735.000,-2848.000,1604.000,-3311.000,2190.000,0.000,0.000,0
2026-01-30 23:06:30,277974,-3485.000,7820.000,-3758.000,1593.000,-3086.000,2049.000,0.000,0.000,0
2026-01-30 23:06:30,278014,-3081.000,7584.000,-3425.000,1640.000,-2897.000,1961.000,0.000,0.000,0
2026-01-30 23:06:30,278054,-2876.000,6831.000,-2682.000,430.000,-3062.000,2111.000,0.000,0.000,0
2026-01-30 23:06:30,278094,-3054.000,6553.000,-2517.000,76.000,-2978.000,1906.000,0.000,0.000,0
2026-01-30 23:06:31,278134,-3089.000,6342.000,-2506.000,107.000,-2792.000,1806.000,0.000,0.000,0
2026-01-30 23:06:31,278174,-2978.000,6418.000,-2314.000,-89.000,-2614.000,1833.000,0.000,0.000,0
2026-01-30 23:06:31,278214,-3055.000,6515.000,-2334.000,-75.000,-2267.000,1919.000,0.000,0.000,0
2026-01-30 23:06:31,278254,-3317.000,6428.000,-2295.000,874.000,-2102.000,1960.000,0.000,0.000,0
2026-01-30 23:06:31,278294,-3211.000,7018.000,-2109.000,1166.000,-2033.000,1938.000,0.000,0.000,0
2026-01-30 23:06:31,278334,-3296.000,7082.000,-1985.000,1039.000,-1727.000,1296.000,0.000,0.000,0
2026-01-30 23:06:31,278374,-3457.000,6961.000,-1949.000,841.000,-1516.000,792.000,0.000,0.000,0
2026-01-30 23:06:31,278414,-3525.000,6764.000,-2027.000,506.000,-1345.000,348.000,0.000,0.000,0
2026-01-30 23:06:31,278454,-3589.000,6748.000,-2183.000,383.000,-1198.000,-53.000,0.000,0.000,0
2026-01-30 23:06:31,278494,-3654.000,6840.000,-2123.000,403.000,-1066.000,-324.000,0.000,0.000,0
2026-01-30 23:06:31,278534,-3691.000,6693.000,-2019.000,667.000,-747.000,-389.000,0.000,0.000,0
2026-01-30 23:06:31,278574,-4234.000,7018.000,-2479.000,758.000,-725.000,-706.000,0.000,0.000,0
2026-01-30 23:06:31,278614,-4341.000,6648.000,-2347.000,717.000,-791.000,-967.000,0.000,0.000,0
2026-01-30 23:06:31,278654,-4731.000,6771.000,-2946.000,1599.000,-673.000,-1304.000,0.000,0.000,0
2026-01-30 23:06:31,278694,-4634.000,6841.000,-3578.000,1864.000,-574.000,-1327.000,0.000,0.000,0
2026-01-30 23:06:31,278734,-3651.000,7054.000,-3645.000,1553.000,-148.000,-900.000,0.000,0.000,0
2026-01-30 23:06:31,278774,-3074.000,6282.000,-3275.000,575.000,-456.000,-747.000,0.000,0.000,0
2026-01-30 23:06:31,278814,-3399.000,5654.000,-3068.000,-1085.000,-725.000,-726.000,0.000,0.000,0
2026-01-30 23:06:31,278854,-3606.000,5705.000,-4004.000,-1091.000,-295.000,-706.000,0.000,0.000,0
2026-01-30 23:06:31,278894,-3745.000,5656.000,-4290.000,-1066.000,399.000,-516.000,0.000,0.000,0
2026-01-30 23:06:31,278934,-3438.000,6211.000,-4296.000,-728.000,1031.000,-239.000,0.000,0.000,0
2026-01-30 23:06:31,278974,-3170.000,5881.000,-3347.000,-613.000,1274.000,-287.000,0.000,0.000,0
2026-01-30 23:06:31,279014,-3367.000,5315.000,-2818.000,-1099.000,1326.000,-408.000,0.000,0.000,0
2026-01-30 23:06:31,279054,-3781.000,5548.000,-2944.000,-1171.000,1596.000,-478.000,0.000,0.000,0
2026-01-30 23:06:31,279094,-3742.000,5248.000,-2718.000,-1896.000,1984.000,-596.000,0.000,0.000,0
2026-01-30 23:06:32,279134,-3757.000,5320.000,-2828.000,-1603.000,2501.000,-685.000,0.000,0.000,0
2026-01-30 23:06:32,279174,-3741.000,5495.000,-2897.000,-1663.000,2803.000,-714.000,0.000,0.000,0
2026-01-30 23:06:32,279214,-3703.000,5821.000,-3143.000,-1909.000,3181.000,-768.000,0.000,0.000,0
2026-01-30 23:06:32,279254,-3660.000,5969.000,-3410.000,-2160.000,3562.000,-739.000,0.000,0.000,0
2026-01-30 23:06:32,279294,-3806.000,6422.000,-3705.000,-2413.000,3851.000,-617.000,0.000,0.000,0
2026-01-30 23:06:32,279334,-3889.000,6447.000,-3493.000,-2751.000,3871.000,-619.000,0.000,0.000,0
2026-01-30 23:06:32,279374,-3984.000,6571.000,-3844.000,-3207.000,4172.000,-728.000,0.000,0.000,0
2026-01-30 23:06:32,279414,-3484.000,6762.000,-4035.000,-2886.000,4506.000,-666.000,0.000,0.000,0
2026-01-30 23:06:32,279454,-2645.000,6388.000,-2301.000,-3246.000,3923.000,-412.000,0.000,0.000,0
2026-01-30 23:06:32,279494,-2219.000,6496.000,-2680.000,-3053.000,3708.000,-379.000,0.000,0.000,0
2026-01-30 23:06:32,279534,-1553.000,6420.000,-2992.000,-3205.000,3761.000,-426.000,0.000,0.000,0
2026-01-30 23:06:32,279574,-1123.000,6168.000,-2837.000,-3313.000,4268.000,-588.000,0.000,0.000,0
2026-01-30 23:06:32,279614,-1150.000,6545.000,-2870.000,-2591.000,4891.000,-830.000,0.000,0.000,0
2026-01-30 23:06:32,279654,-1319.000,6816.000,-2708.000,-2073.000,5209.000,-990.000,0.000,0.000,0
2026-01-30 23:06:32,279694,-1601.000,6794.000,-2207.000,-1927.000,5321.000,-1052.000,0.000,0.000,0
2026-01-30 23:06:32,279734,-2049.000,6804.000,-2131.000,-1763.000,5278.000,-1235.000,0.000,0.000,0
2026-01-30 23:06:32,279774,-2331.000,6880.000,-2365.000,-1807.000,5018.000,-1420.000,0.000,0.000,0
2026-01-30 23:06:32,279814,-2227.000,6939.000,-2007.000,-1594.000,4576.000,-1599.000,0.000,0.000,0
2026-01-30 23:06:32,279854,-2149.000,6562.000,-1918.000,-1506.000,3976.000,-1981.000,0.000,0.000,0
2026-01-30 23:06:32,279894,-2076.000,6619.000,-1778.000,-1319.000,3546.000,-2234.000,0.000,0.000,0
2026-01-30 23:06:32,279936,-2060.000,6568.000,-1810.000,-1309.000,3277.000,-2421.000,0.000,0.000,0
2026-01-30 23:06:32,279974,-2139.000,6672.000,-1964.000,-1013.000,3097.000,-2495.000,0.000,0.000,0
2026-01-30 23:06:32,280014,-2106.000,6880.000,-2105.000,-788.000,2974.000,-2394.000,0.000,0.000,0
2026-01-30 23:06:32,280054,-2144.000,6915.000,-2042.000,-801.000,2774.000,-2242.000,0.000,0.000,0
2026-01-30 23:06:32,280094,-2512.000,7070.000,-1878.000,-808.000,2513.000,-2122.000,0.000,0.000,0
2026-01-30 23:06:33,280134,-3088.000,7287.000,-2146.000,-1030.000,2284.000,-2166.000,0.000,0.000,0
2026-01-30 23:06:33,280174,-3265.000,6638.000,-1970.000,-1833.000,1872.000,-2165.000,0.000,0.000,0
2026-01-30 23:06:33,280214,-3788.000,6377.000,-2409.000,-1438.000,1472.000,-2420.000,0.000,0.000,0
2026-01-30 23:06:33,280254,-3432.000,6858.000,-2834.000,-656.000,1503.000,-2401.000,0.000,0.000,0
2026-01-30 23:06:33,280294,-2777.000,6770.000,-2982.000,-856.000,1716.000,-2191.000,0.000,0.000,0
2026-01-30 23:06:33,280334,-2580.000,6755.000,-3099.000,-1523.000,1929.000,-1914.000,0.000,0.000,0
2026-01-30 23:06:33,280374,-3044.000,5756.000,-2883.000,-2592.000,2225.000,-1811.000,0.000,0.000,0
2026-01-30 23:06:33,280414,-3752.000,5532.000,-3579.000,-2428.000,2614.000,-1830.000,0.000,0.000,0
2026-01-30 23:06:33,280454,-3976.000,5619.000,-3882.000,-2024.000,2961.000,-1630.000,0.000,0.000,0
2026-01-30 23:06:33,280494,-3678.000,5659.000,-3681.000,-1755.000,3138.000,-1568.000,0.000,0.000,0
2026-01-30 23:06:33,280534,-3523.000,5133.000,-2970.000,-1894.000,3182.000,-1598.000,0.000,0.000,0
2026-01-30 23:06:33,280574,-3694.000,4937.000,-2757.000,-1809.000,3167.000,-1714.000,0.000,0.000,0
2026-01-30 23:06:33,280614,-3958.000,5506.000,-2872.000,-1470.000,3290.000,-1762.000,0.000,0.000,0
2026-01-30 23:06:33,280654,-3956.000,5990.000,-2926.000,-1711.000,3496.000,-1648.000,0.000,0.000,0
2026-01-30 23:06:33,280694,-4088.000,5872.000,-2537.000,-2041.000,3618.000,-1461.000,0.000,0.000,0
2026-01-30 23:06:33,280734,-4175.000,5594.000,-2391.000,-2061.000,3531.000,-1328.000,0.000,0.000,0
2026-01-30 23:06:33,280774,-4154.000,5976.000,-2395.000,-1737.000,3443.000,-1257.000,0.000,0.000,0
2026-01-30 23:06:33,280814,-4218.000,5836.000,-2444.000,-2354.000,3386.000,-1058.000,0.000,0.000,0
2026-01-30 23:06:33,280854,-4315.000,5945.000,-2524.000,-2175.000,3339.000,-841.000,0.000,0.000,0
2026-01-30 23:06:33,280894,-4345.000,5913.000,-2232.000,-2493.000,3103.000,-580.000,0.000,0.000,0
2026-01-30 23:06:33,280934,-4239.000,5699.000,-1934.000,-1893.000,2998.000,-519.000,0.000,0.000,0
2026-01-30 23:06:33,280974,-4427.000,6021.000,-2366.000,-1315.000,2970.000,-406.000,0.000,0.000,0
2026-01-30 23:06:33,281014,-4451.000,6040.000,-2433.000,-646.000,2831.000,-181.000,0.000,0.000,0
2026-01-30 23:06:33,281054,-4314.000,6505.000,-2093.000,165.000,2419.000,112.000,0.000,0.000,0
2026-01-30 23:06:33,281094,-4338.000,7283.000,-2270.000,22.000,2004.000,355.000,0.000,0.000,0
2026-01-30 23:06:34,281134,-4377.000,7381.000,-2806.000,-1234.000,1635.000,557.000,0.000,0.000,0
2026-01-30 23:06:34,281174,-4045.000,7301.000,-3459.000,-1338.000,1579.000,837.000,0.000,0.000,0
2026-01-30 23:06:34,281214,-3668.000,6792.000,-3766.000,-1644.000,1695.000,1215.000,0.000,0.000,0
2026-01-30 23:06:34,281254,-2913.000,6464.000,-2955.000,-1052.000,1297.000,1139.000,0.000,0.000,0
2026-01-30 23:06:34,281294,-2180.000,5175.000,-2364.000,-1058.000,783.000,393.000,0.000,0.000,0
2026-01-30 23:06:34,281334,-2198.000,5275.000,-3172.000,-177.000,250.000,-181.000,0.000,0.000,0
2026-01-30 23:06:34,281374,-2119.000,6134.000,-3605.000,-420.000,74.000,-771.000,0.000,0.000,0
2026-01-30 23:06:34,281414,-2253.000,6088.000,-3696.000,426.000,300.000,-672.000,0.000,0.000,0
2026-01-30 23:06:34,281454,-2694.000,6709.000,-3214.000,1392.000,112.000,-234.000,0.000,0.000,0
2026-01-30 23:06:34,281494,-3167.000,6873.000,-2613.000,1592.000,-508.000,322.000,0.000,0.000,0
2026-01-30 23:06:34,281534,-3413.000,6381.000,-2514.000,1165.000,-1362.000,872.000,0.000,0.000,0
2026-01-30 23:06:34,281574,-3349.000,6437.000,-2649.000,1600.000,-2049.000,1163.000,0.000,0.000,0
2026-01-30 23:06:34,281616,-3175.000,6362.000,-3187.000,1104.000,-2569.000,1204.000,0.000,0.000,0
2026-01-30 23:06:34,281656,-3226.000,5956.000,-2797.000,1381.000,-2879.000,1246.000,0.000,0.000,0
2026-01-30 23:06:34,281694,-3259.000,6114.000,-2633.000,1976.000,-3369.000,1367.000,0.000,0.000,0
2026-01-30 23:06:34,281734,-3599.000,6097.000,-2907.000,2182.000,-4018.000,1564.000,0.000,0.000,0
2026-01-30 23:06:34,281774,-3544.000,5881.000,-3315.000,2666.000,-4817.000,1575.000,0.000,0.000,0
2026-01-30 23:06:34,281814,-3538.000,5922.000,-3985.000,3722.000,-5167.000,1648.000,0.000,0.000,0
2026-01-30 23:06:34,281854,-3369.000,6675.000,-4615.000,4920.000,-5447.000,2166.000,0.000,0.000,0
2026-01-30 23:06:34,281894,-3095.000,6641.000,-4957.000,5167.000,-5544.000,2823.000,0.000,0.000,0
2026-01-30 23:06:34,281937,-2987.000,5136.000,-4593.000,4312.000,-5761.000,2961.000,0.000,0.000,0
2026-01-30 23:06:34,281974,-3520.000,5096.000,-5168.000,4304.000,-5432.000,2910.000,0.000,0.000,0
2026-01-30 23:06:34,282014,-3853.000,4943.000,-5595.000,3763.000,-4856.000,2670.000,0.000,0.000,0
2026-01-30 23:06:34,282054,-4166.000,4876.000,-5873.000,3544.000,-4169.000,2494.000,0.000,0.000,0
2026-01-30 23:06:34,282094,-4273.000,5211.000,-6091.000,3681.000,-3879.000,2573.000,0.000,0.000,0
2026-01-30 23:06:35,282134,-3959.000,5575.000,-5890.000,3122.000,-4208.000,2762.000,0.000,0.000,0
2026-01-30 23:06:35,282174,-3987.000,5182.000,-5596.000,2407.000,-4312.000,2440.000,0.000,0.000,0
2026-01-30 23:06:35,282214,-4274.000,4877.000,-5467.000,2293.000,-4313.000,2224.000,0.000,0.000,0
2026-01-30 23:06:35,282254,-4374.000,5134.000,-5192.000,2342.000,-4321.000,2180.000,0.000,0.000,0
2026-01-30 23:06:35,282294,-4181.000,5228.000,-4982.000,2093.000,-4307.000,2351.000,0.000,0.000,0
2026-01-30 23:06:35,282334,-3842.000,5300.000,-4728.000,1691.000,-4296.000,2528.000,0.000,0.000,0
2026-01-30 23:06:35,282374,-3704.000,4932.000,-4534.000,1284.000,-4052.000,2488.000,0.000,0.000,0
2026-01-30 23:06:35,282414,-4003.000,4683.000,-4693.000,1196.000,-3630.000,2223.000,0.000,0.000,0
2026-01-30 23:06:35,282454,-4207.000,4655.000,-4762.000,1186.000,-3294.000,2039.000,0.000,0.000,0
2026-01-30 23:06:35,282494,-4235.000,4641.000,-4608.000,1380.000,-2998.000,1891.000,0.000,0.000,0
2026-01-30 23:06:35,282534,-4237.000,4735.000,-4527.000,1568.000,-2676.000,1865.000,0.000,0.000,0
2026-01-30 23:06:35,282574,-4192.000,4994.000,-4244.000,1292.000,-2531.000,1804.000,0.000,0.000,0
2026-01-30 23:06:35,282614,-4254.000,4900.000,-4100.000,922.000,-2330.000,1610.000,0.000,0.000,0
2026-01-30 23:06:35,282654,-4358.000,5322.000,-4154.000,872.000,-2011.000,1407.000,0.000,0.000,0
2026-01-30 23:06:35,282694,-4538.000,6120.000,-4436.000,1282.000,-1524.000,1366.000,0.000,0.000,0
2026-01-30 23:06:35,282734,-3690.000,6777.000,-3936.000,2159.000,-1464.000,1414.000,0.000,0.000,0
2026-01-30 23:06:35,282774,-3404.000,7056.000,-2775.000,1962.000,-2037.000,1538.000,0.000,0.000,0
2026-01-30 23:06:35,282814,-3749.000,7743.000,-3032.000,1575.000,-2375.000,2001.000,0.000,0.000,0
2026-01-30 23:06:35,282854,-3283.000,8169.000,-3811.000,1390.000,-2264.000,2382.000,0.000,0.000,0
2026-01-30 23:06:35,282894,-2829.000,6904.000,-2287.000,67.000,-2223.000,2316.000,0.000,0.000,0
2026-01-30 23:06:35,282934,-3153.000,6680.000,-2381.000,25.000,-2111.000,1956.000,0.000,0.000,0
2026-01-30 23:06:35,282974,-3147.000,6666.000,-2340.000,-349.000,-2141.000,1776.000,0.000,0.000,0
2026-01-30 23:06:35,283014,-2964.000,6409.000,-2240.000,-682.000,-2079.000,1724.000,0.000,0.000,0
2026-01-30 23:06:35,283054,-2966.000,6867.000,-2310.000,144.000,-1680.000,1788.000,0.000,0.000,0
2026-01-30 23:06:35,283094,-3050.000,6981.000,-2274.000,493.000,-1374.000,1856.000,0.000,0.000,0
2026-01-30 23:06:36,283134,-3166.000,6628.000,-2084.000,403.000,-1350.000,1747.000,0.000,0.000,0
2026-01-30 23:06:36,283174,-3413.000,6476.000,-1977.000,598.000,-1433.000,1463.000,0.000,0.000,0
2026-01-30 23:06:36,283214,-3550.000,6500.000,-2004.000,513.000,-1477.000,1036.000,0.000,0.000,0
2026-01-30 23:06:36,283254,-3627.000,6533.000,-2185.000,596.000,-1401.000,576.000,0.000,0.000,0
2026-01-30 23:06:36,283294,-3765.000,6763.000,-2176.000,1213.000,-1460.000,-64.000,0.000,0.000,0
2026-01-30 23:06:36,283334,-3787.000,6918.000,-2502.000,1364.000,-1530.000,-386.000,0.000,0.000,0
2026-01-30 23:06:36,283374,-3530.000,6933.000,-2609.000,1463.000,-1631.000,-645.000,0.000,0.000,0
2026-01-30 23:06:36,283414,-3815.000,6973.000,-2780.000,1347.000,-1522.000,-907.000,0.000,0.000,0
2026-01-30 23:06:36,283454,-4171.000,7152.000,-3501.000,1903.000,-1080.000,-1013.000,0.000,0.000,0
2026-01-30 23:06:36,283494,-4108.000,7256.000,-4339.000,2084.000,-612.000,-870.000,0.000,0.000,0
2026-01-30 23:06:36,283534,-3695.000,7330.000,-4175.000,2143.000,-481.000,-556.000,0.000,0.000,0
2026-01-30 23:06:36,283574,-3030.000,6757.000,-3796.000,1756.000,-784.000,-410.000,0.000,0.000,0
2026-01-30 23:06:36,283614,-2976.000,6586.000,-3525.000,380.000,-1117.000,-372.000,0.000,0.000,0
2026-01-30 23:06:36,283654,-2891.000,6045.000,-4407.000,-1136.000,-504.000,-404.000,0.000,0.000,0
2026-01-30 23:06:36,283694,-3177.000,6006.000,-4555.000,-1271.000,331.000,-361.000,0.000,0.000,0
2026-01-30 23:06:36,283734,-3195.000,6492.000,-4478.000,-758.000,954.000,-358.000,0.000,0.000,0
2026-01-30 23:06:36,283774,-2920.000,6097.000,-3496.000,-796.000,1205.000,-455.000,0.000,0.000,0
2026-01-30 23:06:36,283814,-3270.000,5939.000,-3258.000,-1076.000,1476.000,-647.000,0.000,0.000,0
2026-01-30 23:06:36,283854,-3541.000,6051.000,-3441.000,-1526.000,1735.000,-703.000,0.000,0.000,0
2026-01-30 23:06:36,283894,-3649.000,5895.000,-3465.000,-1959.000,2100.000,-690.000,0.000,0.000,0
2026-01-30 23:06:36,283937,-3678.000,5989.000,-3460.000,-1795.000,2516.000,-783.000,0.000,0.000,0
2026-01-30 23:06:36,283974,-3624.000,6071.000,-3353.000,-1835.000,2807.000,-938.000,0.000,0.000,0
2026-01-30 23:06:36,284014,-3697.000,6288.000,-3562.000,-2053.000,3125.000,-1123.000,0.000,0.000,0
2026-01-30 23:06:36,284054,-3830.000,6542.000,-3820.000,-2485.000,3574.000,-1114.000,0.000,0.000,0
2026-01-30 23:06:36,284094,-4040.000,7024.000,-4061.000,-2698.000,3883.000,-948.000,0.000,0.000,0
2026-01-30 23:06:37,284134,-3853.000,6997.000,-3674.000,-3034.000,3958.000,-1006.000,0.000,0.000,0
2026-01-30 23:06:37,284174,-3949.000,6733.000,-4223.000,-3252.000,4445.000,-1245.000,0.000,0.000,0
2026-01-30 23:06:37,284214,-3337.000,7223.000,-4224.000,-2261.000,4801.000,-1267.000,0.000,0.000,0
2026-01-30 23:06:37,284254,-2532.000,6842.000,-2864.000,-2397.000,4583.000,-1049.000,0.000,0.000,0
2026-01-30 23:06:37,284294,-2212.000,7067.000,-2726.000,-2043.000,4430.000,-969.000,0.000,0.000,0
2026-01-30 23:06:37,284334,-1612.000,6884.000,-3059.000,-2819.000,4272.000,-979.000,0.000,0.000,0
2026-01-30 23:06:37,284374,-1271.000,6395.000,-3040.000,-3632.000,4569.000,-1143.000,0.000,0.000,0
2026-01-30 23:06:37,284414,-1311.000,7144.000,-3550.000,-2876.000,5530.000,-1509.000,0.000,0.000,0
2026-01-30 23:06:37,284454,-1221.000,7326.000,-3077.000,-2269.000,5679.000,-1560.000,0.000,0.000,0
2026-01-30 23:06:37,284494,-1799.000,7278.000,-2809.000,-1826.000,5763.000,-1565.000,0.000,0.000,0
2026-01-30 23:06:37,284534,-2162.000,7367.000,-2684.000,-1841.000,5351.000,-1660.000,0.000,0.000,0
2026-01-30 23:06:37,284574,-2291.000,7254.000,-2587.000,-2026.000,4895.000,-1910.000,0.000,0.000,0
2026-01-30 23:06:37,284614,-2237.000,7337.000,-2585.000,-1703.000,4567.000,-2277.000,0.000,0.000,0
2026-01-30 23:06:37,284654,-2216.000,7113.000,-2315.000,-1800.000,4190.000,-2567.000,0.000,0.000,0
2026-01-30 23:06:37,284694,-2104.000,7118.000,-2104.000,-1713.000,3789.000,-2729.000,0.000,0.000,0
2026-01-30 23:06:37,284734,-2188.000,7012.000,-2300.000,-1695.000,3527.000,-2781.000,0.000,0.000,0
2026-01-30 23:06:37,284774,-2338.000,7127.000,-2342.000,-1232.000,3390.000,-2722.000,0.000,0.000,0
2026-01-30 23:06:37,284814,-2397.000,7247.000,-2376.000,-1196.000,3096.000,-2636.000,0.000,0.000,0
2026-01-30 23:06:37,284854,-2802.000,7252.000,-2159.000,-1013.000,2830.000,-2511.000,0.000,0.000,0
2026-01-30 23:06:37,284894,-3314.000,7179.000,-2316.000,-1321.000,2548.000,-2475.000,0.000,0.000,0
2026-01-30 23:06:37,284934,-3839.000,6902.000,-2387.000,-1267.000,2162.000,-2625.000,0.000,0.000,0
2026-01-30 23:06:37,284974,-4262.000,7238.000,-3080.000,-2572.000,1745.000,-2494.000,0.000,0.000,0
2026-01-30 23:06:37,285014,-3942.000,7052.000,-3283.000,-3107.000,1575.000,-2126.000,0.000,0.000,0
2026-01-30 23:06:37,285054,-3805.000,7012.000,-3025.000,-1435.000,1546.000,-1680.000,0.000,0.000,0
2026-01-30 23:06:37,285094,-3782.000,6989.000,-2784.000,-1519.000,1123.000,-1011.000,0.000,0.000,0
2026-01-30 23:06:38,285134,-3566.000,6936.000,-2515.000,-1908.000,892.000,-566.000,0.000,0.000,0
2026-01-30 23:06:38,285174,-4031.000,5908.000,-3353.000,-1768.000,1081.000,-887.000,0.000,0.000,0
2026-01-30 23:06:38,285214,-4014.000,5926.000,-3678.000,-1398.000,1649.000,-1013.000,0.000,0.000,0
2026-01-30 23:06:38,285254,-3846.000,6015.000,-3610.000,-535.000,2175.000,-1215.000,0.000,0.000,0
2026-01-30 23:06:38,285294,-3654.000,5844.000,-3140.000,-478.000,2373.000,-1263.000,0.000,0.000,0
2026-01-30 23:06:38,285334,-3907.000,5882.000,-2477.000,-288.000,2250.000,-1330.000,0.000,0.000,0
2026-01-30 23:06:38,285374,-4056.000,5836.000,-2493.000,-629.000,2202.000,-1134.000,0.000,0.000,0
2026-01-30 23:06:38,285414,-4411.000,6110.000,-3124.000,-125.000,2211.000,-1104.000,0.000,0.000,0
2026-01-30 23:06:38,285454,-4316.000,6236.000,-2991.000,-343.000,2209.000,-958.000,0.000,0.000,0
2026-01-30 23:06:38,285494,-4094.000,6233.000,-2739.000,-491.000,2281.000,-903.000,0.000,0.000,0
2026-01-30 23:06:38,285534,-4502.000,6132.000,-3161.000,-156.000,2356.000,-807.000,0.000,0.000,0
2026-01-30 23:06:38,285574,-4435.000,6430.000,-2929.000,-161.000,2204.000,-620.000,0.000,0.000,0
2026-01-30 23:06:38,285616,-4655.000,6201.000,-2875.000,-762.000,1878.000,-616.000,0.000,0.000,0
2026-01-30 23:06:38,285656,-4681.000,6466.000,-2938.000,-1336.000,1613.000,-549.000,0.000,0.000,0
2026-01-30 23:06:38,285694,-4441.000,6721.000,-2897.000,-1446.000,1488.000,-477.000,0.000,0.000,0
2026-01-30 23:06:38,285734,-4520.000,6648.000,-2936.000,-1885.000,1362.000,-213.000,0.000,0.000,0
2026-01-30 23:06:38,285774,-4377.000,7008.000,-3062.000,-1746.000,1208.000,220.000,0.000,0.000,0
2026-01-30 23:06:38,285814,-4250.000,7302.000,-2785.000,-1375.000,1128.000,600.000,0.000,0.000,0
2026-01-30 23:06:38,285854,-4354.000,7461.000,-2710.000,-1493.000,990.000,1046.000,0.000,0.000,0
2026-01-30 23:06:38,285894,-4631.000,7642.000,-3265.000,-1472.000,1064.000,1578.000,0.000,0.000,0
2026-01-30 23:06:38,285934,-4078.000,7123.000,-2831.000,-1362.000,997.000,1929.000,0.000,0.000,0
2026-01-30 23:06:38,285974,-3711.000,6464.000,-2511.000,-943.000,243.000,1739.000,0.000,0.000,0
2026-01-30 23:06:38,286014,-2853.000,6036.000,-2235.000,-700.000,-685.000,1169.000,0.000,0.000,0
2026-01-30 23:06:38,286054,-2214.000,5559.000,-2156.000,-1156.000,-1393.000,391.000,0.000,0.000,0
2026-01-30 23:06:38,286094,-1847.000,5943.000,-2729.000,-768.000,-1393.000,-405.000,0.000,0.000,0
2026-01-30 23:06:39,286134,-1837.000,6299.000,-3156.000,96.000,-848.000,-814.000,0.000,0.000,0
2026-01-30 23:06:39,286174,-2145.000,6919.000,-3246.000,1437.000,-220.000,-821.000,0.000,0.000,0
2026-01-30 23:06:39,286214,-2641.000,7262.000,-2114.000,2362.000,-125.000,-303.000,0.000,0.000,0
2026-01-30 23:06:39,286254,-3321.000,7290.000,-1534.000,2317.000,-669.000,435.000,0.000,0.000,0
2026-01-30 23:06:39,286294,-3781.000,6863.000,-1850.000,1514.000,-1622.000,1124.000,0.000,0.000,0
2026-01-30 23:06:39,286334,-3422.000,6402.000,-2608.000,1797.000,-2638.000,1449.000,0.000,0.000,0
2026-01-30 23:06:39,286374,-3134.000,6236.000,-2624.000,2307.000,-2991.000,1422.000,0.000,0.000,0
2026-01-30 23:06:39,286414,-3163.000,6118.000,-2358.000,2931.000,-3428.000,1516.000,0.000,0.000,0
2026-01-30 23:06:39,286454,-3525.000,6271.000,-2597.000,3430.000,-4082.000,1662.000,0.000,0.000,0
2026-01-30 23:06:39,286494,-3702.000,6119.000,-3149.000,3735.000,-4753.000,1698.000,0.000,0.000,0
2026-01-30 23:06:39,286534,-3490.000,6150.000,-4011.000,4561.000,-5209.000,1808.000,0.000,0.000,0
2026-01-30 23:06:39,286574,-3494.000,7346.000,-5416.000,5800.000,-5213.000,2134.000,0.000,0.000,0
2026-01-30 23:06:39,286614,-2940.000,6365.000,-4598.000,5826.000,-5401.000,2626.000,0.000,0.000,0
2026-01-30 23:06:39,286654,-3888.000,4305.000,-4335.000,4673.000,-5743.000,2369.000,0.000,0.000,0
2026-01-30 23:06:39,286694,-4622.000,5087.000,-6480.000,5965.000,-5464.000,2242.000,0.000,0.000,0
2026-01-30 23:06:39,286734,-4124.000,4891.000,-6986.000,2888.000,-4776.000,2181.000,0.000,0.000,0
2026-01-30 23:06:39,286774,-3763.000,4932.000,-6784.000,3679.000,-4185.000,2160.000,0.000,0.000,0
2026-01-30 23:06:39,286814,-3543.000,5550.000,-5972.000,3764.000,-4277.000,2430.000,0.000,0.000,0
2026-01-30 23:06:39,286854,-3645.000,4895.000,-5520.000,3028.000,-4456.000,2457.000,0.000,0.000,0
2026-01-30 23:06:39,286894,-4165.000,4649.000,-5432.000,2894.000,-4362.000,2315.000,0.000,0.000,0
2026-01-30 23:06:39,286934,-4344.000,5041.000,-5237.000,2574.000,-4292.000,2448.000,0.000,0.000,0
2026-01-30 23:06:39,286974,-4493.000,4934.000,-4764.000,1868.000,-4159.000,2491.000,0.000,0.000,0
2026-01-30 23:06:39,287014,-4592.000,5039.000,-4892.000,2065.000,-4015.000,2511.000,0.000,0.000,0
2026-01-30 23:06:39,287054,-4297.000,5327.000,-4927.000,1799.000,-4006.000,2573.000,0.000,0.000,0
2026-01-30 23:06:39,287094,-4310.000,4661.000,-4467.000,1026.000,-3694.000,2524.000,0.000,0.000,0
2026-01-30 23:06:40,287134,-4647.000,4501.000,-4680.000,1457.000,-3223.000,2353.000,0.000,0.000,0
2026-01-30 23:06:40,287174,-4686.000,4482.000,-4618.000,1631.000,-2969.000,2236.000,0.000,0.000,0
2026-01-30 23:06:40,287214,-4652.000,4788.000,-4720.000,1724.000,-2772.000,2072.000,0.000,0.000,0
2026-01-30 23:06:40,287254,-4588.000,5013.000,-4973.000,1625.000,-2622.000,1959.000,0.000,0.000,0
2026-01-30 23:06:40,287294,-4402.000,5472.000,-4474.000,1289.000,-2454.000,1885.000,0.000,0.000,0
2026-01-30 23:06:40,287334,-4423.000,5427.000,-4736.000,826.000,-2254.000,1777.000,0.000,0.000,0
2026-01-30 23:06:40,287374,-4739.000,5431.000,-4772.000,1116.000,-2034.000,1438.000,0.000,0.000,0
2026-01-30 23:06:40,287414,-4948.000,6040.000,-4693.000,852.000,-1772.000,1348.000,0.000,0.000,0
2026-01-30 23:06:40,287454,-4481.000,6634.000,-4546.000,748.000,-1427.000,1171.000,0.000,0.000,0
2026-01-30 23:06:40,287494,-4014.000,6582.000,-2702.000,1211.000,-1920.000,818.000,0.000,0.000,0
2026-01-30 23:06:40,287534,-4540.000,7574.000,-3334.000,1523.000,-2183.000,1097.000,0.000,0.000,0
2026-01-30 23:06:40,287574,-3958.000,7825.000,-3606.000,1471.000,-2322.000,1447.000,0.000,0.000,0
2026-01-30 23:06:40,287616,-3793.000,7547.000,-3624.000,974.000,-2107.000,1808.000,0.000,0.000,0
2026-01-30 23:06:40,287655,-3592.000,7645.000,-3029.000,1061.000,-2072.000,2110.000,0.000,0.000,0
2026-01-30 23:06:40,287694,-3584.000,6979.000,-2469.000,400.000,-2255.000,2271.000,0.000,0.000,0
2026-01-30 23:06:40,287734,-3649.000,7012.000,-2552.000,285.000,-2389.000,2304.000,0.000,0.000,0
2026-01-30 23:06:40,287774,-3726.000,6857.000,-2710.000,98.000,-2285.000,2232.000,0.000,0.000,0
2026-01-30 23:06:40,287814,-3808.000,6745.000,-2682.000,289.000,-2076.000,2189.000,0.000,0.000,0
2026-01-30 23:06:40,287854,-4009.000,6659.000,-2379.000,664.000,-1971.000,1984.000,0.000,0.000,0
2026-01-30 23:06:40,287894,-4048.000,6499.000,-2422.000,1016.000,-1976.000,1696.000,0.000,0.000,0
2026-01-30 23:06:40,287937,-4114.000,6462.000,-2398.000,1232.000,-2040.000,1368.000,0.000,0.000,0
2026-01-30 23:06:40,287974,-4056.000,6765.000,-2477.000,1422.000,-2077.000,977.000,0.000,0.000,0
2026-01-30 23:06:40,288014,-3950.000,6873.000,-2462.000,1588.000,-2133.000,510.000,0.000,0.000,0
2026-01-30 23:06:40,288054,-4068.000,6817.000,-2656.000,1793.000,-2169.000,91.000,0.000,0.000,0
2026-01-30 23:06:40,288094,-3986.000,7453.000,-3054.000,2125.000,-2137.000,-216.000,0.000,0.000,0
2026-01-30 23:06:41,288134,-3973.000,7385.000,-2945.000,1863.000,-2054.000,-591.000,0.000,0.000,0
2026-01-30 23:06:41,288174,-4654.000,7332.000,-3128.000,1640.000,-1793.000,-921.000,0.000,0.000,0
2026-01-30 23:06:41,288214,-5222.000,7205.000,-3814.000,1809.000,-1379.000,-1027.000,0.000,0.000,0
2026-01-30 23:06:41,288254,-4654.000,7206.000,-4347.000,1863.000,-777.000,-385.000,0.000,0.000,0
2026-01-30 23:06:41,288294,-3471.000,7055.000,-4588.000,1579.000,-647.000,48.000,0.000,0.000,0
2026-01-30 23:06:41,288334,-3105.000,6377.000,-3764.000,221.000,-908.000,55.000,0.000,0.000,0
2026-01-30 23:06:41,288374,-3858.000,6312.000,-4691.000,-860.000,-509.000,-43.000,0.000,0.000,0
2026-01-30 23:06:41,288414,-3631.000,6269.000,-5396.000,-898.000,228.000,140.000,0.000,0.000,0
2026-01-30 23:06:41,288454,-3713.000,6358.000,-5222.000,-550.000,1041.000,359.000,0.000,0.000,0
2026-01-30 23:06:41,288494,-3635.000,6512.000,-4341.000,-244.000,1543.000,504.000,0.000,0.000,0
2026-01-30 23:06:41,288534,-3900.000,5763.000,-3574.000,-635.000,1659.000,439.000,0.000,0.000,0
2026-01-30 23:06:41,288574,-4400.000,5934.000,-3647.000,-704.000,1671.000,148.000,0.000,0.000,0
2026-01-30 23:06:41,288614,-4204.000,6112.000,-4238.000,-1188.000,1863.000,-238.000,0.000,0.000,0
2026-01-30 23:06:41,288654,-4032.000,6164.000,-3904.000,-1130.000,2278.000,-678.000,0.000,0.000,0
2026-01-30 23:06:41,288694,-4127.000,6520.000,-4331.000,-1159.000,2597.000,-895.000,0.000,0.000,0
2026-01-30 23:06:41,288734,-4074.000,6859.000,-4458.000,-1679.000,2690.000,-1128.000,0.000,0.000,0
2026-01-30 23:06:41,288774,-3913.000,7063.000,-4546.000,-2299.000,2934.000,-1211.000,0.000,0.000,0
2026-01-30 23:06:41,288814,-4066.000,7272.000,-4679.000,-2893.000,3374.000,-1269.000,0.000,0.000,0
2026-01-30 23:06:41,288854,-4442.000,7245.000,-5074.000,-3252.000,3905.000,-1372.000,0.000,0.000,0
2026-01-30 23:06:41,288894,-3517.000,7410.000,-4908.000,-2513.000,4321.000,-1373.000,0.000,0.000,0
2026-01-30 23:06:41,288934,-2689.000,6903.000,-3372.000,-2999.000,4025.000,-1339.000,0.000,0.000,0
2026-01-30 23:06:41,288974,-2596.000,7506.000,-3347.000,-3052.000,3784.000,-1082.000,0.000,0.000,0
2026-01-30 23:06:41,289014,-1660.000,7061.000,-3557.000,-3812.000,3912.000,-857.000,0.000,0.000,0
2026-01-30 23:06:41,289054,-1404.000,6896.000,-3536.000,-3719.000,4554.000,-922.000,0.000,0.000,0
2026-01-30 23:06:41,289094,-1530.000,7120.000,-3790.000,-2723.000,5310.000,-1080.000,0.000,0.000,0
2026-01-30 23:06:42,289134,-1498.000,7728.000,-3633.000,-2224.000,5614.000,-985.000,0.000,0.000,0
2026-01-30 23:06:42,289174,-1693.000,8002.000,-3183.000,-1940.000,5712.000,-853.000,0.000,0.000,0
2026-01-30 23:06:42,289214,-2219.000,7825.000,-3120.000,-2264.000,5457.000,-1166.000,0.000,0.000,0
2026-01-30 23:06:42,289254,-2419.000,7761.000,-3382.000,-2242.000,5028.000,-1664.000,0.000,0.000,0
2026-01-30 23:06:42,289294,-2173.000,7996.000,-3486.000,-1865.000,4633.000,-1988.000,0.000,0.000,0
2026-01-30 23:06:42,289334,-1910.000,8279.000,-3005.000,-1825.000,4103.000,-2053.000,0.000,0.000,0
2026-01-30 23:06:42,289374,-1894.000,7800.000,-2760.000,-2182.000,3601.000,-2265.000,0.000,0.000,0
2026-01-30 23:06:42,289414,-1796.000,7702.000,-2760.000,-2372.000,3192.000,-2713.000,0.000,0.000,0
2026-01-30 23:06:42,289454,-1965.000,7429.000,-2490.000,-2329.000,3170.000,-2903.000,0.000,0.000,0
2026-01-30 23:06:42,289494,-2063.000,7632.000,-2174.000,-2097.000,3057.000,-2907.000,0.000,0.000,0
2026-01-30 23:06:42,289534,-2309.000,7656.000,-1967.000,-1916.000,2924.000,-2779.000,0.000,0.000,0
2026-01-30 23:06:42,289574,-2554.000,7596.000,-2002.000,-1860.000,2703.000,-2556.000,0.000,0.000,0
2026-01-30 23:06:42,289615,-2755.000,7492.000,-1830.000,-1627.000,2405.000,-2451.000,0.000,0.000,0
2026-01-30 23:06:42,289655,-3000.000,7369.000,-1854.000,-1689.000,2058.000,-2384.000,0.000,0.000,0
2026-01-30 23:06:42,289698,-3438.000,7286.000,-2038.000,-1661.000,1781.000,-2324.000,0.000,0.000,0
2026-01-30 23:06:42,289734,-3418.000,7183.000,-2227.000,-1646.000,1618.000,-2152.000,0.000,0.000,0
2026-01-30 23:06:42,289774,-3670.000,7122.000,-2918.000,-1305.000,2054.000,-1647.000,0.000,0.000,0
2026-01-30 23:06:42,289814,-4112.000,6716.000,-2911.000,-1545.000,2248.000,-1336.000,0.000,0.000,0
2026-01-30 23:06:42,289854,-4825.000,6547.000,-2955.000,-1623.000,2278.000,-1044.000,0.000,0.000,0
2026-01-30 23:06:42,289894,-5321.000,6438.000,-2954.000,-1617.000,2189.000,-845.000,0.000,0.000,0
2026-01-30 23:06:42,289937,-5512.000,6315.000,-3322.000,-1192.000,2196.000,-747.000,0.000,0.000,0
2026-01-30 23:06:42,289975,-5155.000,5977.000,-3063.000,-863.000,2063.000,-799.000,0.000,0.000,0
2026-01-30 23:06:42,290014,-4535.000,5626.000,-2515.000,-635.000,1919.000,-1134.000,0.000,0.000,0
2026-01-30 23:06:42,290054,-4508.000,5503.000,-2468.000,-701.000,1972.000,-1515.000,0.000,0.000,0
2026-01-30 23:06:42,290094,-4645.000,5339.000,-2633.000,-474.000,2117.000,-1710.000,0.000,0.000,0
2026-01-30 23:06:43,290134,-4760.000,5548.000,-2588.000,-162.000,2238.000,-1696.000,0.000,0.000,0
2026-01-30 23:06:43,290174,-4709.000,6189.000,-2692.000,285.000,2307.000,-1281.000,0.000,0.000,0
2026-01-30 23:06:43,290214,-4748.000,6433.000,-2791.000,61.000,2279.000,-917.000,0.000,0.000,0
2026-01-30 23:06:43,290254,-4835.000,6555.000,-2698.000,-107.000,2175.000,-546.000,0.000,0.000,0
2026-01-30 23:06:43,290294,-4818.000,6830.000,-2470.000,-518.000,1855.000,-322.000,0.000,0.000,0
2026-01-30 23:06:43,290334,-4952.000,6310.000,-2522.000,-1252.000,1645.000,-302.000,0.000,0.000,0
2026-01-30 23:06:43,290374,-4903.000,6512.000,-2740.000,-1326.000,1447.000,-359.000,0.000,0.000,0
2026-01-30 23:06:43,290414,-4868.000,6302.000,-2516.000,-1531.000,1353.000,-305.000,0.000,0.000,0
2026-01-30 23:06:43,290454,-4823.000,6850.000,-2803.000,-1165.000,1262.000,9.000,0.000,0.000,0
2026-01-30 23:06:43,290494,-4515.000,7359.000,-2778.000,-996.000,1055.000,432.000,0.000,0.000,0
2026-01-30 23:06:43,290534,-4364.000,7686.000,-2529.000,-1057.000,1011.000,628.000,0.000,0.000,0
2026-01-30 23:06:43,290574,-4792.000,7508.000,-3841.000,-1386.000,1279.000,1101.000,0.000,0.000,0
2026-01-30 23:06:43,290614,-3796.000,7624.000,-3548.000,-352.000,1157.000,1345.000,0.000,0.000,0
2026-01-30 23:06:43,290654,-2628.000,6021.000,-1966.000,-1677.000,533.000,927.000,0.000,0.000,0
2026-01-30 23:06:43,290694,-2675.000,5454.000,-2612.000,-1833.000,340.000,-93.000,0.000,0.000,0
2026-01-30 23:06:43,290734,-2697.000,5759.000,-3197.000,-1482.000,383.000,-812.000,0.000,0.000,0
2026-01-30 23:06:43,290774,-2862.000,5747.000,-3372.000,-705.000,792.000,-1088.000,0.000,0.000,0
2026-01-30 23:06:43,290814,-3179.000,6768.000,-2984.000,1046.000,1109.000,-975.000,0.000,0.000,0
2026-01-30 23:06:43,290854,-3432.000,6720.000,-2148.000,1273.000,733.000,-567.000,0.000,0.000,0
2026-01-30 23:06:43,290894,-4151.000,6431.000,-1814.000,1247.000,53.000,-26.000,0.000,0.000,0
2026-01-30 23:06:43,290934,-4519.000,6187.000,-2258.000,1035.000,-1305.000,648.000,0.000,0.000,0
2026-01-30 23:06:43,290974,-4061.000,6120.000,-2291.000,1208.000,-2089.000,743.000,0.000,0.000,0
2026-01-30 23:06:43,291014,-3754.000,6289.000,-2599.000,1708.000,-2694.000,643.000,0.000,0.000,0
2026-01-30 23:06:43,291054,-3866.000,6507.000,-2853.000,2132.000,-3243.000,542.000,0.000,0.000,0
2026-01-30 23:06:43,291094,-4046.000,6533.000,-3016.000,2704.000,-3697.000,593.000,0.000,0.000,0
2026-01-30 23:06:44,291134,-4279.000,6731.000,-3652.000,3373.000,-3819.000,902.000,0.000,0.000,0
2026-01-30 23:06:44,291174,-3948.000,6696.000,-3767.000,3682.000,-3929.000,1307.000,0.000,0.000,0
2026-01-30 23:06:44,291214,-3797.000,5830.000,-3329.000,2951.000,-4166.000,1364.000,0.000,0.000,0
2026-01-30 23:06:44,291254,-4300.000,5129.000,-3868.000,2594.000,-4164.000,1161.000,0.000,0.000,0
2026-01-30 23:06:44,291294,-4789.000,5394.000,-5085.000,2835.000,-3673.000,913.000,0.000,0.000,0
2026-01-30 23:06:44,291334,-4605.000,5046.000,-4622.000,2846.000,-3201.000,909.000,0.000,0.000,0
2026-01-30 23:06:44,291374,-4507.000,4571.000,-4269.000,2862.000,-2701.000,1227.000,0.000,0.000,0
2026-01-30 23:06:44,291414,-4687.000,5185.000,-4804.000,3576.000,-2591.000,1441.000,0.000,0.000,0
2026-01-30 23:06:44,291454,-4820.000,5177.000,-4777.000,3354.000,-2799.000,1441.000,0.000,0.000,0
2026-01-30 23:06:44,291494,-4986.000,4705.000,-4746.000,2733.000,-2841.000,1373.000,0.000,0.000,0
2026-01-30 23:06:44,291534,-5217.000,4862.000,-4998.000,2755.000,-2818.000,1454.000,0.000,0.000,0
2026-01-30 23:06:44,291574,-5159.000,5235.000,-5057.000,2696.000,-2959.000,1588.000,0.000,0.000,0
2026-01-30 23:06:44,291614,-4831.000,5305.000,-4801.000,2668.000,-3203.000,1771.000,0.000,0.000,0
2026-01-30 23:06:44,291654,-4709.000,5291.000,-4599.000,2311.000,-3431.000,2012.000,0.000,0.000,0
2026-01-30 23:06:44,291694,-4843.000,4807.000,-4335.000,1333.000,-3730.000,2306.000,0.000,0.000,0
2026-01-30 23:06:44,291734,-5080.000,4541.000,-4352.000,862.000,-3858.000,2353.000,0.000,0.000,0
2026-01-30 23:06:44,291774,-5109.000,4601.000,-4386.000,952.000,-3870.000,2335.000,0.000,0.000,0
2026-01-30 23:06:44,291814,-4985.000,4668.000,-4278.000,1330.000,-3788.000,2233.000,0.000,0.000,0
2026-01-30 23:06:44,291854,-4815.000,5333.000,-4069.000,2072.000,-3648.000,2073.000,0.000,0.000,0
2026-01-30 23:06:44,291894,-4723.000,5360.000,-3806.000,1771.000,-3511.000,1908.000,0.000,0.000,0
2026-01-30 23:06:44,291936,-4690.000,5367.000,-3553.000,1531.000,-3414.000,1708.000,0.000,0.000,0
2026-01-30 23:06:44,291974,-4881.000,5472.000,-3347.000,823.000,-3314.000,1419.000,0.000,0.000,0
2026-01-30 23:06:44,292014,-4793.000,5386.000,-2678.000,-8.000,-3009.000,1116.000,0.000,0.000,0
2026-01-30 23:06:44,292054,-4876.000,6988.000,-3748.000,1127.000,-1937.000,940.000,0.000,0.000,0
2026-01-30 23:06:44,292094,-3483.000,7324.000,-2115.000,2459.000,-1787.000,965.000,0.000,0.000,0
2026-01-30 23:06:45,292134,-3374.000,8063.000,-1392.000,2362.000,-2255.000,1389.000,0.000,0.000,0
2026-01-30 23:06:45,292174,-3617.000,8837.000,-1919.000,1965.000,-2421.000,2139.000,0.000,0.000,0
2026-01-30 23:06:45,292214,-3332.000,7949.000,-1984.000,770.000,-2011.000,2328.000,0.000,0.000,0
2026-01-30 23:06:45,292254,-3095.000,6941.000,-1713.000,154.000,-1555.000,2095.000,0.000,0.000,0
2026-01-30 23:06:45,292294,-2955.000,6878.000,-1428.000,34.000,-1333.000,1748.000,0.000,0.000,0
2026-01-30 23:06:45,292334,-2811.000,6928.000,-1394.000,-36.000,-1050.000,1635.000,0.000,0.000,0
2026-01-30 23:06:45,292374,-2678.000,6964.000,-1374.000,161.000,-679.000,1804.000,0.000,0.000,0
2026-01-30 23:06:45,292414,-2885.000,7205.000,-1013.000,300.000,-238.000,1860.000,0.000,0.000,0
2026-01-30 23:06:45,292454,-3130.000,7093.000,-1253.000,271.000,-81.000,1523.000,0.000,0.000,0
2026-01-30 23:06:45,292494,-3028.000,6739.000,-1218.000,-35.000,32.000,709.000,0.000,0.000,0
2026-01-30 23:06:45,292534,-3141.000,6639.000,-1322.000,74.000,159.000,138.000,0.000,0.000,0
2026-01-30 23:06:45,292574,-3268.000,6733.000,-1382.000,305.000,206.000,-398.000,0.000,0.000,0
2026-01-30 23:06:45,292614,-3310.000,6760.000,-1188.000,109.000,246.000,-803.000,0.000,0.000,0
2026-01-30 23:06:45,292654,-3691.000,7179.000,-1564.000,729.000,445.000,-1258.000,0.000,0.000,0
2026-01-30 23:06:45,292694,-3764.000,7762.000,-1751.000,908.000,331.000,-1639.000,0.000,0.000,0
2026-01-30 23:06:45,292734,-3816.000,8031.000,-2143.000,926.000,219.000,-2027.000,0.000,0.000,0
2026-01-30 23:06:45,292774,-4098.000,8326.000,-2218.000,908.000,318.000,-2202.000,0.000,0.000,0
2026-01-30 23:06:45,292814,-4130.000,7731.000,-3361.000,792.000,826.000,-2224.000,0.000,0.000,0
2026-01-30 23:06:45,292854,-3413.000,7152.000,-3341.000,256.000,1136.000,-1598.000,0.000,0.000,0
2026-01-30 23:06:45,292894,-2689.000,6456.000,-2605.000,-656.000,923.000,-1365.000,0.000,0.000,0
2026-01-30 23:06:45,292934,-3422.000,5896.000,-2961.000,-1950.000,1055.000,-1567.000,0.000,0.000,0
2026-01-30 23:06:45,292974,-3637.000,6190.000,-4387.000,-2470.000,1766.000,-1547.000,0.000,0.000,0
2026-01-30 23:06:45,293014,-3739.000,5772.000,-4417.000,-1997.000,2844.000,-1420.000,0.000,0.000,0
2026-01-30 23:06:45,293054,-3831.000,6413.000,-3435.000,-1042.000,3287.000,-1245.000,0.000,0.000,0
2026-01-30 23:06:45,293094,-3705.000,6062.000,-2558.000,-1374.000,3147.000,-1159.000,0.000,0.000,0
2026-01-30 23:06:46,293134,-4119.000,5521.000,-2504.000,-1759.000,3057.000,-1198.000,0.000,0.000,0
2026-01-30 23:06:46,293174,-4396.000,5674.000,-2521.000,-2124.000,3075.000,-1273.000,0.000,0.000,0
2026-01-30 23:06:46,293214,-4577.000,5856.000,-2449.000,-2022.000,3281.000,-1361.000,0.000,0.000,0
2026-01-30 23:06:46,293254,-4786.000,6368.000,-2226.000,-1978.000,3134.000,-1356.000,0.000,0.000,0
2026-01-30 23:06:46,293294,-4971.000,5922.000,-1948.000,-1992.000,2996.000,-1036.000,0.000,0.000,0
2026-01-30 23:06:46,293334,-5350.000,6855.000,-2663.000,-1740.000,2676.000,-748.000,0.000,0.000,0
2026-01-30 23:06:46,293374,-5217.000,7031.000,-2892.000,-2345.000,2161.000,-349.000,0.000,0.000,0
2026-01-30 23:06:46,293414,-5056.000,7242.000,-3547.000,-2316.000,2003.000,-87.000,0.000,0.000,0
2026-01-30 23:06:46,293454,-4955.000,7948.000,-4253.000,-2043.000,2160.000,229.000,0.000,0.000,0
2026-01-30 23:06:46,293494,-4528.000,8457.000,-4340.000,-1272.000,2705.000,819.000,0.000,0.000,0
2026-01-30 23:06:46,293534,-3170.000,7186.000,-2991.000,-888.000,2748.000,1048.000,0.000,0.000,0
2026-01-30 23:06:46,293574,-2126.000,6265.000,-3220.000,-2053.000,1951.000,33.000,0.000,0.000,0
2026-01-30 23:06:46,293616,-2144.000,6033.000,-3430.000,-1931.000,2053.000,-1143.000,0.000,0.000,0
2026-01-30 23:06:46,293656,-2420.000,6111.000,-3019.000,-1226.000,2354.000,-1481.000,0.000,0.000,0
2026-01-30 23:06:46,293694,-3064.000,6031.000,-2789.000,-1332.000,2520.000,-1593.000,0.000,0.000,0
2026-01-30 23:06:46,293734,-3194.000,5717.000,-1949.000,-1396.000,2410.000,-1512.000,0.000,0.000,0
2026-01-30 23:06:46,293774,-3349.000,5983.000,-1647.000,-1146.000,1972.000,-1410.000,0.000,0.000,0
2026-01-30 23:06:46,293814,-3605.000,5792.000,-1788.000,-1351.000,1486.000,-1159.000,0.000,0.000,0
2026-01-30 23:06:46,293854,-3680.000,5765.000,-1865.000,-746.000,1256.000,-1061.000,0.000,0.000,0
2026-01-30 23:06:46,293894,-3563.000,6124.000,-1766.000,-437.000,1039.000,-1114.000,0.000,0.000,0
2026-01-30 23:06:46,293937,-3945.000,6357.000,-1877.000,-443.000,898.000,-1290.000,0.000,0.000,0
2026-01-30 23:06:46,293974,-4722.000,6860.000,-2167.000,-540.000,77.000,-1574.000,0.000,0.000,0
2026-01-30 23:06:46,294014,-4741.000,6951.000,-2636.000,-146.000,-215.000,-1654.000,0.000,0.000,0
2026-01-30 23:06:46,294054,-5238.000,7767.000,-3529.000,861.000,0.000,-1254.000,0.000,0.000,0
2026-01-30 23:06:46,294094,-5395.000,8479.000,-5243.000,936.000,340.000,-390.000,0.000,0.000,0
2026-01-30 23:06:47,294134,-3961.000,7873.000,-4053.000,569.000,33.000,339.000,0.000,0.000,0
2026-01-30 23:06:47,294174,-3326.000,6477.000,-3023.000,-568.000,-422.000,120.000,0.000,0.000,0
2026-01-30 23:06:47,294214,-3834.000,6635.000,-3762.000,-1051.000,-232.000,-119.000,0.000,0.000,0
2026-01-30 23:06:47,294254,-3399.000,5573.000,-3137.000,-1512.000,72.000,-131.000,0.000,0.000,0
2026-01-30 23:06:47,294294,-3196.000,5835.000,-2891.000,86.000,708.000,36.000,0.000,0.000,0
2026-01-30 23:06:47,294334,-3223.000,6337.000,-2785.000,-180.000,694.000,177.000,0.000,0.000,0
2026-01-30 23:06:47,294374,-3483.000,5649.000,-2199.000,-766.000,857.000,-18.000,0.000,0.000,0
2026-01-30 23:06:47,294414,-3833.000,5644.000,-2102.000,-521.000,1174.000,-217.000,0.000,0.000,0
2026-01-30 23:06:47,294454,-4054.000,5849.000,-1949.000,-939.000,1264.000,-222.000,0.000,0.000,0
2026-01-30 23:06:47,294494,-4123.000,5914.000,-1710.000,-910.000,1318.000,-223.000,0.000,0.000,0
2026-01-30 23:06:47,294534,-4592.000,6430.000,-2182.000,-931.000,1256.000,-316.000,0.000,0.000,0
2026-01-30 23:06:47,294574,-4318.000,7423.000,-3072.000,-905.000,1364.000,-237.000,0.000,0.000,0
2026-01-30 23:06:47,294614,-3618.000,8069.000,-3094.000,-1251.000,1505.000,-294.000,0.000,0.000,0
2026-01-30 23:06:47,294654,-4051.000,7698.000,-2963.000,-2443.000,1859.000,-354.000,0.000,0.000,0
2026-01-30 23:06:47,294694,-4530.000,8314.000,-3565.000,-1315.000,2512.000,-370.000,0.000,0.000,0
2026-01-30 23:06:47,294734,-2920.000,8474.000,-3831.000,-1162.000,3223.000,-249.000,0.000,0.000,0
2026-01-30 23:06:47,294774,-1200.000,6511.000,-1583.000,-1515.000,2695.000,-662.000,0.000,0.000,0
2026-01-30 23:06:47,294814,-1916.000,6124.000,-2030.000,-2130.000,2567.000,-1338.000,0.000,0.000,0
2026-01-30 23:06:47,294854,-1979.000,6690.000,-2852.000,-1934.000,2857.000,-1493.000,0.000,0.000,0
2026-01-30 23:06:47,294894,-2279.000,5933.000,-2604.000,-1758.000,3705.000,-1546.000,0.000,0.000,0
2026-01-30 23:06:47,294934,-2716.000,6299.000,-2252.000,-696.000,4246.000,-1522.000,0.000,0.000,0
2026-01-30 23:06:47,294974,-3131.000,6256.000,-1430.000,-663.000,3986.000,-1624.000,0.000,0.000,0
2026-01-30 23:06:47,295014,-3380.000,6110.000,-1382.000,-1027.000,3361.000,-1603.000,0.000,0.000,0
2026-01-30 23:06:47,295054,-3580.000,6543.000,-1747.000,-1233.000,2722.000,-1642.000,0.000,0.000,0
2026-01-30 23:06:47,295094,-3594.000,6441.000,-1647.000,-1637.000,2243.000,-1671.000,0.000,0.000,0
2026-01-30 23:06:48,295134,-4086.000,7007.000,-1622.000,-969.000,1882.000,-1651.000,0.000,0.000,0
2026-01-30 23:06:48,295174,-4466.000,7592.000,-2171.000,-957.000,1396.000,-1808.000,0.000,0.000,0
2026-01-30 23:06:48,295214,-4584.000,7467.000,-3020.000,-974.000,1101.000,-1928.000,0.000,0.000,0
2026-01-30 23:06:48,295254,-5170.000,7640.000,-4094.000,-335.000,1168.000,-1585.000,0.000,0.000,0
2026-01-30 23:06:48,295294,-5217.000,8166.000,-4722.000,314.000,1335.000,-680.000,0.000,0.000,0
2026-01-30 23:06:48,295334,-3885.000,7288.000,-3487.000,382.000,900.000,-98.000,0.000,0.000,0
2026-01-30 23:06:48,295374,-3613.000,6382.000,-3305.000,-764.000,368.000,-350.000,0.000,0.000,0
2026-01-30 23:06:48,295414,-3798.000,6325.000,-3686.000,-1395.000,617.000,-169.000,0.000,0.000,0
2026-01-30 23:06:48,295454,-3718.000,5805.000,-3706.000,-875.000,1115.000,-29.000,0.000,0.000,0
2026-01-30 23:06:48,295494,-3420.000,5360.000,-2307.000,-94.000,954.000,109.000,0.000,0.000,0
2026-01-30 23:06:48,295534,-3568.000,5823.000,-2117.000,-837.000,465.000,92.000,0.000,0.000,0
2026-01-30 23:06:48,295574,-3786.000,5386.000,-2235.000,-1038.000,647.000,-153.000,0.000,0.000,0
2026-01-30 23:06:48,295614,-4228.000,5400.000,-2543.000,-692.000,699.000,-309.000,0.000,0.000,0
2026-01-30 23:06:48,295654,-4284.000,5775.000,-2418.000,-705.000,498.000,-125.000,0.000,0.000,0
2026-01-30 23:06:48,295694,-4635.000,6683.000,-2697.000,-922.000,276.000,-57.000,0.000,0.000,0
2026-01-30 23:06:48,295734,-4418.000,7823.000,-3233.000,-1293.000,120.000,0.000,0.000,0.000,0
2026-01-30 23:06:48,295774,-4152.000,7878.000,-3275.000,-1707.000,168.000,-84.000,0.000,0.000,0
2026-01-30 23:06:48,295814,-4681.000,8169.000,-3563.000,-1981.000,645.000,-91.000,0.000,0.000,0
2026-01-30 23:06:48,295854,-4237.000,8698.000,-4104.000,-1221.000,1373.000,173.000,0.000,0.000,0
2026-01-30 23:06:48,295894,-2406.000,8567.000,-2856.000,-604.000,1629.000,70.000,0.000,0.000,0
2026-01-30 23:06:48,295936,-2209.000,6416.000,-1973.000,-1330.000,740.000,-972.000,0.000,0.000,0
2026-01-30 23:06:48,295974,-2324.000,6796.000,-2283.000,-948.000,910.000,-1034.000,0.000,0.000,0
2026-01-30 23:06:48,296014,-2264.000,5679.000,-2045.000,-1036.000,1368.000,-1381.000,0.000,0.000,0
2026-01-30 23:06:48,296054,-2833.000,5455.000,-1993.000,-465.000,1943.000,-1473.000,0.000,0.000,0
2026-01-30 23:06:48,296094,-3347.000,5548.000,-1590.000,-158.000,2016.000,-1383.000,0.000,0.000,0
2026-01-30 23:06:49,296134,-3766.000,5852.000,-1123.000,-404.000,1745.000,-1160.000,0.000,0.000,0
2026-01-30 23:06:49,296174,-3896.000,6144.000,-971.000,-251.000,1347.000,-726.000,0.000,0.000,0
2026-01-30 23:06:49,296214,-4227.000,6555.000,-1466.000,-499.000,964.000,-502.000,0.000,0.000,0
2026-01-30 23:06:49,296254,-4517.000,6867.000,-1725.000,-594.000,556.000,-527.000,0.000,0.000,0
2026-01-30 23:06:49,296294,-4683.000,7584.000,-2299.000,-535.000,-182.000,-807.000,0.000,0.000,0
2026-01-30 23:06:49,296334,-4733.000,7414.000,-2614.000,-508.000,-437.000,-1045.000,0.000,0.000,0
2026-01-30 23:06:49,296374,-5256.000,7779.000,-3486.000,70.000,-288.000,-933.000,0.000,0.000,0
2026-01-30 23:06:49,296414,-5115.000,8087.000,-4217.000,471.000,-69.000,-128.000,0.000,0.000,0
2026-01-30 23:06:49,296454,-4013.000,7289.000,-2920.000,156.000,-508.000,402.000,0.000,0.000,0
2026-01-30 23:06:49,296494,-4219.000,6175.000,-3274.000,-891.000,-531.000,269.000,0.000,0.000,0
2026-01-30 23:06:49,296534,-4368.000,6307.000,-3572.000,-779.000,-194.000,357.000,0.000,0.000,0
2026-01-30 23:06:49,296574,-3910.000,5208.000,-2673.000,-212.000,312.000,590.000,0.000,0.000,0
2026-01-30 23:06:49,296614,-3699.000,5768.000,-2369.000,910.000,375.000,682.000,0.000,0.000,0
2026-01-30 23:06:49,296654,-3747.000,5560.000,-2048.000,-143.000,-221.000,648.000,0.000,0.000,0
2026-01-30 23:06:49,296694,-3968.000,5144.000,-2003.000,180.000,-167.000,500.000,0.000,0.000,0
2026-01-30 23:06:49,296734,-4199.000,5480.000,-1981.000,279.000,-23.000,315.000,0.000,0.000,0
2026-01-30 23:06:49,296774,-4549.000,5976.000,-2033.000,-31.000,55.000,195.000,0.000,0.000,0
2026-01-30 23:06:49,296814,-4774.000,6780.000,-2395.000,-328.000,-36.000,136.000,0.000,0.000,0
2026-01-30 23:06:49,296854,-4471.000,7811.000,-3121.000,-1011.000,-136.000,154.000,0.000,0.000,0
2026-01-30 23:06:49,296894,-4105.000,7338.000,-2814.000,-1412.000,22.000,144.000,0.000,0.000,0
2026-01-30 23:06:49,296934,-4833.000,7780.000,-3076.000,-1432.000,492.000,193.000,0.000,0.000,0
2026-01-30 23:06:49,296974,-4522.000,8202.000,-3425.000,-983.000,992.000,356.000,0.000,0.000,0
2026-01-30 23:06:49,297014,-3083.000,8090.000,-1438.000,-463.000,1080.000,308.000,0.000,0.000,0
2026-01-30 23:06:49,297054,-2777.000,6668.000,-2036.000,-275.000,788.000,-716.000,0.000,0.000,0
2026-01-30 23:06:49,297094,-2560.000,7105.000,-2491.000,-193.000,790.000,-762.000,0.000,0.000,0
2026-01-30 23:06:50,297134,-2537.000,6043.000,-1909.000,-300.000,1329.000,-878.000,0.000,0.000,0
2026-01-30 23:06:50,297174,-3185.000,5655.000,-1782.000,-113.000,1872.000,-1002.000,0.000,0.000,0
2026-01-30 23:06:50,297214,-3821.000,5404.000,-1525.000,-280.000,1801.000,-1172.000,0.000,0.000,0
2026-01-30 23:06:50,297254,-4112.000,5499.000,-1335.000,25.000,1395.000,-1096.000,0.000,0.000,0
2026-01-30 23:06:50,297294,-4187.000,6091.000,-1343.000,43.000,897.000,-843.000,0.000,0.000,0
2026-01-30 23:06:50,297334,-4141.000,6671.000,-1496.000,-101.000,495.000,-701.000,0.000,0.000,0
2026-01-30 23:06:50,297374,-4360.000,6629.000,-1504.000,-259.000,173.000,-787.000,0.000,0.000,0
2026-01-30 23:06:50,297414,-4876.000,7149.000,-1971.000,-176.000,-153.000,-901.000,0.000,0.000,0
2026-01-30 23:06:50,297454,-4838.000,7242.000,-2330.000,-222.000,-321.000,-956.000,0.000,0.000,0
2026-01-30 23:06:50,297494,-5561.000,7918.000,-3388.000,608.000,-138.000,-805.000,0.000,0.000,0
2026-01-30 23:06:50,297534,-5579.000,8003.000,-4017.000,945.000,-29.000,-56.000,0.000,0.000,0
2026-01-30 23:06:50,297574,-4849.000,6935.000,-3486.000,716.000,-226.000,308.000,0.000,0.000,0
2026-01-30 23:06:50,297614,-4391.000,5990.000,-3380.000,-261.000,-650.000,149.000,0.000,0.000,0
2026-01-30 23:06:50,297656,-4024.000,5978.000,-3467.000,-798.000,-547.000,281.000,0.000,0.000,0
2026-01-30 23:06:50,297695,-3953.000,5072.000,-3264.000,-321.000,236.000,656.000,0.000,0.000,0
2026-01-30 23:06:50,297734,-3960.000,5750.000,-2969.000,757.000,340.000,888.000,0.000,0.000,0
2026-01-30 23:06:50,297774,-3957.000,5818.000,-2385.000,158.000,-228.000,754.000,0.000,0.000,0
2026-01-30 23:06:50,297814,-4290.000,5387.000,-2316.000,-23.000,-400.000,552.000,0.000,0.000,0
2026-01-30 23:06:50,297854,-4628.000,5476.000,-2226.000,129.000,-303.000,313.000,0.000,0.000,0
2026-01-30 23:06:50,297894,-4558.000,5701.000,-1998.000,-209.000,-259.000,295.000,0.000,0.000,0
2026-01-30 23:06:50,297934,-4691.000,6212.000,-2169.000,-178.000,-338.000,330.000,0.000,0.000,0
2026-01-30 23:06:50,297974,-4690.000,7259.000,-2764.000,-610.000,-438.000,405.000,0.000,0.000,0
2026-01-30 23:06:50,298014,-4198.000,7434.000,-2806.000,-1066.000,-360.000,284.000,0.000,0.000,0
2026-01-30 23:06:50,298054,-4745.000,7455.000,-2707.000,-1606.000,-144.000,99.000,0.000,0.000,0
2026-01-30 23:06:50,298094,-4975.000,7415.000,-2982.000,-1420.000,371.000,173.000,0.000,0.000,0
2026-01-30 23:06:51,298134,-3918.000,7792.000,-3189.000,-453.000,904.000,408.000,0.000,0.000,0
2026-01-30 23:06:51,298174,-2682.000,6761.000,-1683.000,10.000,491.000,-79.000,0.000,0.000,0
2026-01-30 23:06:51,298214,-2773.000,7327.000,-2309.000,180.000,294.000,-384.000,0.000,0.000,0
2026-01-30 23:06:51,298254,-2481.000,6726.000,-1865.000,162.000,643.000,-451.000,0.000,0.000,0
2026-01-30 23:06:51,298294,-2995.000,6044.000,-2062.000,269.000,1425.000,-769.000,0.000,0.000,0
2026-01-30 23:06:51,298334,-3576.000,5789.000,-1476.000,-111.000,1546.000,-1073.000,0.000,0.000,0
2026-01-30 23:06:51,298374,-3882.000,5402.000,-1142.000,-151.000,1344.000,-1156.000,0.000,0.000,0
2026-01-30 23:06:51,298414,-3981.000,5817.000,-1207.000,83.000,937.000,-950.000,0.000,0.000,0
2026-01-30 23:06:51,298454,-4003.000,6682.000,-1345.000,-11.000,708.000,-713.000,0.000,0.000,0
2026-01-30 23:06:51,298494,-4182.000,6828.000,-1474.000,-260.000,694.000,-724.000,0.000,0.000,0
2026-01-30 23:06:51,298534,-4673.000,6956.000,-1593.000,-402.000,342.000,-874.000,0.000,0.000,0
2026-01-30 23:06:51,298574,-4920.000,7190.000,-2024.000,-495.000,-257.000,-791.000,0.000,0.000,0
2026-01-30 23:06:51,298614,-5298.000,7061.000,-2558.000,-224.000,-397.000,-875.000,0.000,0.000,0
2026-01-30 23:06:51,298654,-5806.000,8035.000,-3173.000,464.000,-476.000,-581.000,0.000,0.000,0
2026-01-30 23:06:51,298694,-5661.000,7333.000,-3494.000,-38.000,-604.000,-22.000,0.000,0.000,0
2026-01-30 23:06:51,298734,-4486.000,6144.000,-2936.000,767.000,-525.000,520.000,0.000,0.000,0
2026-01-30 23:06:51,298774,-4581.000,5683.000,-3358.000,-238.000,-608.000,804.000,0.000,0.000,0
2026-01-30 23:06:51,298814,-4760.000,5818.000,-3554.000,-576.000,-490.000,1021.000,0.000,0.000,0
2026-01-30 23:06:51,298854,-4433.000,5025.000,-3347.000,210.000,-94.000,1104.000,0.000,0.000,0
2026-01-30 23:06:51,298894,-3934.000,5261.000,-2605.000,1576.000,-85.000,1110.000,0.000,0.000,0
2026-01-30 23:06:51,298934,-3765.000,5861.000,-2101.000,1593.000,-400.000,1176.000,0.000,0.000,0
2026-01-30 23:06:51,298974,-4054.000,5381.000,-2099.000,197.000,-393.000,1024.000,0.000,0.000,0
2026-01-30 23:06:51,299014,-4537.000,5643.000,-2424.000,167.000,-221.000,603.000,0.000,0.000,0
2026-01-30 23:06:51,299054,-4607.000,5799.000,-2219.000,-97.000,-255.000,382.000,0.000,0.000,0
2026-01-30 23:06:51,299094,-4836.000,6464.000,-2494.000,-148.000,-191.000,362.000,0.000,0.000,0
2026-01-30 23:06:52,299134,-4524.000,7187.000,-2983.000,-529.000,-135.000,573.000,0.000,0.000,0
2026-01-30 23:06:52,299174,-4307.000,6978.000,-2804.000,-1244.000,-40.000,562.000,0.000,0.000,0
2026-01-30 23:06:52,299214,-5198.000,7582.000,-3193.000,-1070.000,386.000,482.000,0.000,0.000,0
2026-01-30 23:06:52,299254,-5240.000,7974.000,-3624.000,-50.000,911.000,737.000,0.000,0.000,0
2026-01-30 23:06:52,299294,-3978.000,7985.000,-3053.000,990.000,1141.000,1079.000,0.000,0.000,0
2026-01-30 23:06:52,299334,-2640.000,5984.000,-1587.000,512.000,-129.000,475.000,0.000,0.000,0
2026-01-30 23:06:52,299374,-2802.000,6057.000,-2537.000,-363.000,-709.000,-130.000,0.000,0.000,0
2026-01-30 23:06:52,299414,-2708.000,6135.000,-2989.000,-478.000,-428.000,-504.000,0.000,0.000,0
2026-01-30 23:06:52,299454,-2825.000,6209.000,-3053.000,41.000,331.000,-701.000,0.000,0.000,0
2026-01-30 23:06:52,299494,-3270.000,6563.000,-2470.000,1077.000,810.000,-757.000,0.000,0.000,0
2026-01-30 23:06:52,299534,-3412.000,6216.000,-1498.000,1037.000,567.000,-456.000,0.000,0.000,0
2026-01-30 23:06:52,299574,-3713.000,6395.000,-1622.000,875.000,207.000,-125.000,0.000,0.000,0
2026-01-30 23:06:52,299614,-3917.000,6109.000,-1614.000,126.000,-20.000,-99.000,0.000,0.000,0
2026-01-30 23:06:52,299656,-3763.000,5742.000,-1939.000,152.000,-185.000,-141.000,0.000,0.000,0
2026-01-30 23:06:52,299695,-3764.000,6029.000,-1536.000,284.000,-292.000,-148.000,0.000,0.000,0
2026-01-30 23:06:52,299734,-4104.000,6296.000,-1181.000,44.000,-475.000,-328.000,0.000,0.000,0
2026-01-30 23:06:52,299774,-4783.000,6597.000,-1306.000,-81.000,-652.000,-444.000,0.000,0.000,0
2026-01-30 23:06:52,299814,-5066.000,6453.000,-1652.000,-61.000,-860.000,-477.000,0.000,0.000,0
2026-01-30 23:06:52,299854,-5192.000,6186.000,-1632.000,296.000,-1109.000,-502.000,0.000,0.000,0
2026-01-30 23:06:52,299894,-5894.000,6473.000,-2417.000,1057.000,-1252.000,-476.000,0.000,0.000,0
2026-01-30 23:06:52,299936,-6039.000,7238.000,-3647.000,1503.000,-879.000,241.000,0.000,0.000,0
2026-01-30 23:06:52,299974,-6665.000,8560.000,-5030.000,2630.000,164.000,1060.000,0.000,0.000,0
2026-01-30 23:06:52,300014,-4031.000,7259.000,-4601.000,3710.000,487.000,1912.000,0.000,0.000,0
2026-01-30 23:06:52,300054,-3552.000,5829.000,-4138.000,1662.000,-937.000,1558.000,0.000,0.000,0
2026-01-30 23:06:52,300094,-3522.000,6170.000,-4240.000,-25.000,-1656.000,1902.000,0.000,0.000,0
2026-01-30 23:06:53,300134,-3009.000,5359.000,-3518.000,406.000,-1112.000,1482.000,0.000,0.000,0
2026-01-30 23:06:53,300174,-3531.000,5198.000,-3503.000,609.000,-744.000,1123.000,0.000,0.000,0
2026-01-30 23:06:53,300214,-3697.000,5348.000,-2949.000,-169.000,-1029.000,1091.000,0.000,0.000,0
2026-01-30 23:06:53,300254,-3689.000,5491.000,-2603.000,-258.000,-1042.000,715.000,0.000,0.000,0
2026-01-30 23:06:53,300294,-3767.000,5540.000,-2621.000,-16.000,-638.000,330.000,0.000,0.000,0
2026-01-30 23:06:53,300334,-4046.000,5942.000,-2935.000,-221.000,-488.000,270.000,0.000,0.000,0
2026-01-30 23:06:53,300374,-4186.000,6785.000,-3056.000,-867.000,-608.000,321.000,0.000,0.000,0
2026-01-30 23:06:53,300414,-3808.000,7455.000,-3162.000,-1248.000,-458.000,204.000,0.000,0.000,0
2026-01-30 23:06:53,300454,-4111.000,7083.000,-3737.000,-1730.000,-24.000,-126.000,0.000,0.000,0
2026-01-30 23:06:53,300494,-4772.000,7599.000,-4338.000,-1188.000,1021.000,-43.000,0.000,0.000,0
2026-01-30 23:06:53,300534,-3825.000,8202.000,-4451.000,357.000,1464.000,344.000,0.000,0.000,0
2026-01-30 23:06:53,300574,-2407.000,7161.000,-1797.000,1300.000,766.000,375.000,0.000,0.000,0
2026-01-30 23:06:53,300614,-2925.000,6642.000,-1909.000,-145.000,-229.000,-133.000,0.000,0.000,0
2026-01-30 23:06:53,300654,-3092.000,6304.000,-2534.000,-702.000,-399.000,-237.000,0.000,0.000,0
2026-01-30 23:06:53,300694,-3071.000,4672.000,-2525.000,-488.000,-170.000,-629.000,0.000,0.000,0
2026-01-30 23:06:53,300734,-3658.000,5234.000,-2782.000,1063.000,79.000,-919.000,0.000,0.000,0
2026-01-30 23:06:53,300774,-3806.000,5043.000,-2170.000,867.000,-147.000,-610.000,0.000,0.000,0
2026-01-30 23:06:53,300814,-3913.000,5590.000,-1827.000,1490.000,-587.000,-209.000,0.000,0.000,0
2026-01-30 23:06:53,300854,-3976.000,6360.000,-1655.000,937.000,-865.000,240.000,0.000,0.000,0
2026-01-30 23:06:53,300894,-4292.000,6109.000,-1693.000,641.000,-1000.000,202.000,0.000,0.000,0
2026-01-30 23:06:53,300934,-4927.000,6528.000,-2103.000,706.000,-1340.000,-35.000,0.000,0.000,0
2026-01-30 23:06:53,300974,-4967.000,6634.000,-2998.000,542.000,-1579.000,-264.000,0.000,0.000,0
2026-01-30 23:06:53,301014,-5169.000,6504.000,-3665.000,1369.000,-1777.000,-461.000,0.000,0.000,0
2026-01-30 23:06:53,301054,-5684.000,7397.000,-4556.000,2467.000,-1633.000,-77.000,0.000,0.000,0
2026-01-30 23:06:53,301094,-5651.000,7356.000,-4779.000,2712.000,-1689.000,671.000,0.000,0.000,0
2026-01-30 23:06:54,301134,-4859.000,7263.000,-4424.000,2515.000,-2094.000,1326.000,0.000,0.000,0
2026-01-30 23:06:54,301174,-4385.000,5653.000,-4096.000,1217.000,-2530.000,1500.000,0.000,0.000,0
2026-01-30 23:06:54,301214,-4318.000,5282.000,-4418.000,751.000,-2497.000,1875.000,0.000,0.000,0
2026-01-30 23:06:54,301254,-3495.000,4971.000,-4068.000,1807.000,-2342.000,2241.000,0.000,0.000,0
2026-01-30 23:06:54,301294,-2970.000,5221.000,-3075.000,2060.000,-2340.000,2408.000,0.000,0.000,0
2026-01-30 23:06:54,301334,-2990.000,5677.000,-2456.000,1295.000,-2249.000,2351.000,0.000,0.000,0
2026-01-30 23:06:54,301374,-3366.000,5598.000,-2288.000,254.000,-1815.000,1957.000,0.000,0.000,0
2026-01-30 23:06:54,301414,-3955.000,5138.000,-2791.000,238.000,-1215.000,1316.000,0.000,0.000,0
2026-01-30 23:06:54,301454,-4295.000,5683.000,-3066.000,358.000,-1006.000,1050.000,0.000,0.000,0
2026-01-30 23:06:54,301494,-4261.000,6624.000,-3183.000,-352.000,-972.000,944.000,0.000,0.000,0
2026-01-30 23:06:54,301534,-3812.000,7733.000,-3729.000,-808.000,-590.000,771.000,0.000,0.000,0
2026-01-30 23:06:54,301574,-3968.000,7742.000,-3649.000,-939.000,-96.000,435.000,0.000,0.000,0
2026-01-30 23:06:54,301614,-4775.000,8695.000,-4126.000,-980.000,859.000,394.000,0.000,0.000,0
2026-01-30 23:06:54,301654,-3493.000,9045.000,-4165.000,162.000,1220.000,447.000,0.000,0.000,0
2026-01-30 23:06:54,301694,-1904.000,6099.000,-2116.000,-681.000,185.000,222.000,0.000,0.000,0
2026-01-30 23:06:54,301734,-2498.000,6002.000,-2359.000,-1153.000,-393.000,-111.000,0.000,0.000,0
2026-01-30 23:06:54,301774,-2581.000,6158.000,-2222.000,-1004.000,-408.000,-407.000,0.000,0.000,0
2026-01-30 23:06:54,301814,-2695.000,4619.000,-2222.000,-227.000,323.000,-1120.000,0.000,0.000,0
2026-01-30 23:06:54,301854,-3276.000,4626.000,-2711.000,1160.000,900.000,-1249.000,0.000,0.000,0
2026-01-30 23:06:54,301894,-3908.000,5425.000,-2409.000,1531.000,504.000,-896.000,0.000,0.000,0
2026-01-30 23:06:54,301937,-3996.000,6013.000,-1539.000,1502.000,-155.000,-508.000,0.000,0.000,0
2026-01-30 23:06:54,301974,-4105.000,6680.000,-1394.000,1092.000,-500.000,-186.000,0.000,0.000,0
2026-01-30 23:06:54,302014,-4510.000,6575.000,-2090.000,515.000,-936.000,-109.000,0.000,0.000,0
2026-01-30 23:06:54,302054,-4924.000,6461.000,-2542.000,709.000,-1530.000,-486.000,0.000,0.000,0
2026-01-30 23:06:54,302094,-4750.000,6858.000,-3258.000,814.000,-1804.000,-659.000,0.000,0.000,0
2026-01-30 23:06:55,302134,-5320.000,6952.000,-4071.000,1043.000,-1731.000,-714.000,0.000,0.000,0
2026-01-30 23:06:55,302174,-5769.000,7883.000,-4230.000,2694.000,-1296.000,-214.000,0.000,0.000,0
2026-01-30 23:06:55,302214,-5710.000,7455.000,-4547.000,2364.000,-1279.000,399.000,0.000,0.000,0
2026-01-30 23:06:55,302254,-4556.000,6252.000,-3883.000,1336.000,-1992.000,830.000,0.000,0.000,0
2026-01-30 23:06:55,302294,-4317.000,5748.000,-4168.000,-60.000,-2091.000,1106.000,0.000,0.000,0
2026-01-30 23:06:55,302334,-4072.000,5537.000,-4196.000,121.000,-1662.000,1265.000,0.000,0.000,0
2026-01-30 23:06:55,302374,-3512.000,4745.000,-3194.000,360.000,-1377.000,1437.000,0.000,0.000,0
2026-01-30 23:06:55,302414,-3520.000,5455.000,-2687.000,1230.000,-1491.000,1454.000,0.000,0.000,0
2026-01-30 23:06:55,302454,-3493.000,5466.000,-2858.000,227.000,-1659.000,1486.000,0.000,0.000,0
2026-01-30 23:06:55,302494,-3898.000,5039.000,-2818.000,-316.000,-1423.000,1289.000,0.000,0.000,0
2026-01-30 23:06:55,302534,-4384.000,5505.000,-2814.000,-148.000,-1126.000,881.000,0.000,0.000,0
2026-01-30 23:06:55,302574,-4527.000,6115.000,-2949.000,-332.000,-895.000,586.000,0.000,0.000,0
2026-01-30 23:06:55,302614,-4568.000,7077.000,-3505.000,-715.000,-730.000,399.000,0.000,0.000,0
2026-01-30 23:06:55,302654,-4153.000,7653.000,-4059.000,-600.000,-447.000,268.000,0.000,0.000,0
2026-01-30 23:06:55,302694,-4685.000,8264.000,-3671.000,-677.000,-58.000,257.000,0.000,0.000,0
2026-01-30 23:06:55,302734,-5252.000,8418.000,-3922.000,-569.000,716.000,443.000,0.000,0.000,0
2026-01-30 23:06:55,302774,-2071.000,7525.000,-1987.000,475.000,49.000,432.000,0.000,0.000,0
2026-01-30 23:06:55,302814,-2256.000,5786.000,-1765.000,-1159.000,-600.000,-167.000,0.000,0.000,0
2026-01-30 23:06:55,302854,-2741.000,6437.000,-2642.000,-404.000,-497.000,-439.000,0.000,0.000,0
2026-01-30 23:06:55,302894,-2690.000,5256.000,-1997.000,-904.000,-168.000,-630.000,0.000,0.000,0
2026-01-30 23:06:55,302934,-3182.000,4983.000,-1745.000,-501.000,594.000,-898.000,0.000,0.000,0
2026-01-30 23:06:55,302974,-3764.000,5339.000,-1596.000,365.000,968.000,-990.000,0.000,0.000,0
2026-01-30 23:06:55,303014,-4162.000,5648.000,-1156.000,727.000,722.000,-884.000,0.000,0.000,0
2026-01-30 23:06:55,303054,-4376.000,5999.000,-1112.000,464.000,271.000,-618.000,0.000,0.000,0
2026-01-30 23:06:55,303094,-4589.000,6362.000,-1480.000,240.000,-101.000,-286.000,0.000,0.000,0
2026-01-30 23:06:56,303134,-4811.000,6383.000,-1649.000,-16.000,-484.000,-274.000,0.000,0.000,0
2026-01-30 23:06:56,303174,-5156.000,7053.000,-2582.000,598.000,-877.000,-823.000,0.000,0.000,0
2026-01-30 23:06:56,303214,-5235.000,6971.000,-2779.000,930.000,-1005.000,-1069.000,0.000,0.000,0
2026-01-30 23:06:56,303254,-5807.000,7422.000,-3098.000,1677.000,-851.000,-763.000,0.000,0.000,0
2026-01-30 23:06:56,303294,-6087.000,7644.000,-3337.000,1975.000,-917.000,-11.000,0.000,0.000,0
2026-01-30 23:06:56,303334,-5456.000,6405.000,-3305.000,1205.000,-1415.000,617.000,0.000,0.000,0
2026-01-30 23:06:56,303374,-4854.000,6150.000,-3687.000,296.000,-1663.000,894.000,0.000,0.000,0
2026-01-30 23:06:56,303414,-4477.000,5551.000,-3861.000,-84.000,-1237.000,1248.000,0.000,0.000,0
2026-01-30 23:06:56,303454,-4252.000,5001.000,-3579.000,695.000,-674.000,1399.000,0.000,0.000,0
2026-01-30 23:06:56,303494,-3690.000,5195.000,-2888.000,1654.000,-604.000,1386.000,0.000,0.000,0
2026-01-30 23:06:56,303534,-3499.000,5525.000,-2493.000,1617.000,-890.000,1352.000,0.000,0.000,0
2026-01-30 23:06:56,303574,-3622.000,5134.000,-2289.000,132.000,-1164.000,1142.000,0.000,0.000,0
2026-01-30 23:06:56,303616,-4088.000,5119.000,-2536.000,-87.000,-971.000,727.000,0.000,0.000,0
2026-01-30 23:06:56,303655,-4558.000,6183.000,-2720.000,-170.000,-805.000,451.000,0.000,0.000,0
2026-01-30 23:06:56,303694,-4783.000,7054.000,-3502.000,-845.000,-654.000,203.000,0.000,0.000,0
2026-01-30 23:06:56,303734,-4260.000,7564.000,-3903.000,-989.000,-465.000,119.000,0.000,0.000,0
2026-01-30 23:06:56,303774,-4551.000,8087.000,-3288.000,-844.000,-171.000,-21.000,0.000,0.000,0
2026-01-30 23:06:56,303814,-5242.000,8197.000,-3621.000,-1038.000,378.000,91.000,0.000,0.000,0
2026-01-30 23:06:56,303854,-4499.000,8553.000,-4009.000,-88.000,847.000,637.000,0.000,0.000,0
2026-01-30 23:06:56,303894,-2171.000,7486.000,-1268.000,583.000,-1.000,675.000,0.000,0.000,0
2026-01-30 23:06:56,303936,-2865.000,6461.000,-2009.000,-224.000,-560.000,216.000,0.000,0.000,0
2026-01-30 23:06:56,303974,-2997.000,5823.000,-2122.000,-430.000,-288.000,-19.000,0.000,0.000,0
2026-01-30 23:06:56,304014,-3210.000,4877.000,-1746.000,-642.000,208.000,-463.000,0.000,0.000,0
2026-01-30 23:06:56,304054,-3517.000,5237.000,-1645.000,-52.000,809.000,-775.000,0.000,0.000,0
2026-01-30 23:06:56,304094,-4272.000,5599.000,-1305.000,1029.000,1021.000,-929.000,0.000,0.000,0
2026-01-30 23:06:57,304134,-4423.000,6145.000,-940.000,805.000,513.000,-774.000,0.000,0.000,0
2026-01-30 23:06:57,304174,-4316.000,6719.000,-1138.000,326.000,-12.000,-468.000,0.000,0.000,0
2026-01-30 23:06:57,304214,-4458.000,6495.000,-1310.000,-110.000,-268.000,-310.000,0.000,0.000,0
2026-01-30 23:06:57,304254,-5026.000,6142.000,-1403.000,-24.000,-584.000,-517.000,0.000,0.000,0
2026-01-30 23:06:57,304294,-5116.000,7190.000,-2625.000,558.000,-970.000,-939.000,0.000,0.000,0
2026-01-30 23:06:57,304334,-5532.000,6906.000,-2810.000,1051.000,-843.000,-995.000,0.000,0.000,0
2026-01-30 23:06:57,304374,-6024.000,7633.000,-3509.000,2099.000,-576.000,-412.000,0.000,0.000,0
2026-01-30 23:06:57,304414,-5585.000,7354.000,-3669.000,1931.000,-749.000,428.000,0.000,0.000,0
2026-01-30 23:06:57,304454,-4626.000,6394.000,-2961.000,990.000,-1315.000,881.000,0.000,0.000,0
2026-01-30 23:06:57,304494,-4584.000,5672.000,-3319.000,71.000,-1227.000,975.000,0.000,0.000,0
2026-01-30 23:06:57,304534,-4462.000,5475.000,-3670.000,344.000,-789.000,1234.000,0.000,0.000,0
2026-01-30 23:06:57,304574,-3768.000,5301.000,-3185.000,856.000,-447.000,1417.000,0.000,0.000,0
2026-01-30 23:06:57,304614,-3302.000,5182.000,-2429.000,1096.000,-344.000,1325.000,0.000,0.000,0
2026-01-30 23:06:57,304654,-3398.000,5624.000,-2588.000,999.000,-285.000,1193.000,0.000,0.000,0
2026-01-30 23:06:57,304694,-3885.000,5086.000,-2315.000,-125.000,-259.000,810.000,0.000,0.000,0
2026-01-30 23:06:57,304734,-4534.000,5550.000,-2570.000,-204.000,-83.000,497.000,0.000,0.000,0
2026-01-30 23:06:57,304774,-4663.000,6331.000,-3041.000,-595.000,-67.000,384.000,0.000,0.000,0
2026-01-30 23:06:57,304814,-4478.000,7158.000,-3492.000,-1010.000,26.000,365.000,0.000,0.000,0
2026-01-30 23:06:57,304854,-4052.000,7477.000,-3492.000,-920.000,270.000,419.000,0.000,0.000,0
2026-01-30 23:06:57,304894,-4725.000,8014.000,-3615.000,-835.000,619.000,494.000,0.000,0.000,0
2026-01-30 23:06:57,304934,-5063.000,8593.000,-4386.000,-593.000,1171.000,898.000,0.000,0.000,0
2026-01-30 23:06:57,304974,-3214.000,8441.000,-3163.000,727.000,1140.000,1191.000,0.000,0.000,0
2026-01-30 23:06:57,305014,-2024.000,6375.000,-1115.000,289.000,95.000,615.000,0.000,0.000,0
2026-01-30 23:06:57,305054,-2502.000,6653.000,-2739.000,-469.000,-277.000,10.000,0.000,0.000,0
2026-01-30 23:06:57,305094,-2278.000,5301.000,-2366.000,-784.000,197.000,-141.000,0.000,0.000,0
2026-01-30 23:06:58,305134,-2608.000,5021.000,-2086.000,-627.000,1065.000,-290.000,0.000,0.000,0
2026-01-30 23:06:58,305174,-3421.000,5217.000,-2151.000,704.000,1880.000,-388.000,0.000,0.000,0
2026-01-30 23:06:58,305214,-4007.000,5524.000,-1946.000,1647.000,1891.000,-273.000,0.000,0.000,0
2026-01-30 23:06:58,305254,-4251.000,6401.000,-1589.000,1788.000,1359.000,-98.000,0.000,0.000,0
2026-01-30 23:06:58,305294,-4071.000,6906.000,-1831.000,980.000,669.000,202.000,0.000,0.000,0
2026-01-30 23:06:58,305334,-3996.000,6834.000,-1827.000,470.000,34.000,218.000,0.000,0.000,0
2026-01-30 23:06:58,305374,-4681.000,6756.000,-2444.000,298.000,-430.000,-163.000,0.000,0.000,0
2026-01-30 23:06:58,305414,-4652.000,7599.000,-3597.000,859.000,-849.000,-487.000,0.000,0.000,0
2026-01-30 23:06:58,305454,-4933.000,7611.000,-4165.000,1829.000,-819.000,-655.000,0.000,0.000,0
2026-01-30 23:06:58,305494,-5239.000,8638.000,-4910.000,2654.000,-639.000,145.000,0.000,0.000,0
2026-01-30 23:06:58,305534,-4206.000,7746.000,-4195.000,1371.000,-1245.000,871.000,0.000,0.000,0
2026-01-30 23:06:58,305574,-3721.000,5978.000,-3641.000,-150.000,-1831.000,878.000,0.000,0.000,0
2026-01-30 23:06:58,305614,-3651.000,5935.000,-4008.000,-377.000,-1709.000,1086.000,0.000,0.000,0
2026-01-30 23:06:58,305656,-3503.000,5432.000,-4074.000,-558.000,-1338.000,1267.000,0.000,0.000,0
2026-01-30 23:06:58,305696,-2930.000,4995.000,-3557.000,-108.000,-1046.000,1348.000,0.000,0.000,0
2026-01-30 23:06:58,305734,-2662.000,5219.000,-3120.000,625.000,-898.000,1192.000,0.000,0.000,0
2026-01-30 23:06:58,305774,-2610.000,5628.000,-3003.000,594.000,-761.000,900.000,0.000,0.000,0
2026-01-30 23:06:58,305814,-3386.000,5079.000,-2818.000,-22.000,-453.000,138.000,0.000,0.000,0
2026-01-30 23:06:58,305854,-3981.000,5692.000,-3125.000,130.000,5.000,-103.000,0.000,0.000,0
2026-01-30 23:06:58,305894,-4228.000,6627.000,-3632.000,-269.000,-29.000,-214.000,0.000,0.000,0
2026-01-30 23:06:58,305937,-4015.000,7494.000,-4239.000,-276.000,159.000,-165.000,0.000,0.000,0
2026-01-30 23:06:58,305974,-4155.000,8020.000,-3915.000,23.000,396.000,-150.000,0.000,0.000,0
2026-01-30 23:06:58,306014,-5005.000,8509.000,-4124.000,-573.000,502.000,2.000,0.000,0.000,0
2026-01-30 23:06:58,306054,-4835.000,8973.000,-4875.000,-14.000,606.000,326.000,0.000,0.000,0
2026-01-30 23:06:58,306094,-2888.000,8569.000,-3622.000,36.000,-185.000,496.000,0.000,0.000,0
2026-01-30 23:06:59,306134,-1418.000,5934.000,-1866.000,-1474.000,-1248.000,-8.000,0.000,0.000,0
2026-01-30 23:06:59,306174,-1587.000,5942.000,-2437.000,-994.000,-1244.000,-428.000,0.000,0.000,0
2026-01-30 23:06:59,306214,-2205.000,4620.000,-2832.000,-1121.000,42.000,-677.000,0.000,0.000,0
2026-01-30 23:06:59,306254,-3088.000,4332.000,-2833.000,-295.000,1084.000,-788.000,0.000,0.000,0
2026-01-30 23:06:59,306294,-3537.000,4625.000,-2065.000,1173.000,1584.000,-775.000,0.000,0.000,0
2026-01-30 23:06:59,306334,-4048.000,5416.000,-1752.000,2254.000,1500.000,-764.000,0.000,0.000,0
2026-01-30 23:06:59,306374,-4016.000,6626.000,-1902.000,2266.000,814.000,-410.000,0.000,0.000,0
2026-01-30 23:06:59,306414,-3951.000,7001.000,-2082.000,889.000,-52.000,23.000,0.000,0.000,0
2026-01-30 23:06:59,306454,-4172.000,6756.000,-2408.000,276.000,-680.000,106.000,0.000,0.000,0
2026-01-30 23:06:59,306494,-4602.000,7299.000,-2984.000,433.000,-1197.000,-183.000,0.000,0.000,0
2026-01-30 23:06:59,306534,-4741.000,7355.000,-3772.000,578.000,-1321.000,-447.000,0.000,0.000,0
2026-01-30 23:06:59,306574,-5351.000,8039.000,-4745.000,1591.000,-972.000,-387.000,0.000,0.000,0
2026-01-30 23:06:59,306614,-5218.000,8723.000,-4644.000,1922.000,-849.000,650.000,0.000,0.000,0
2026-01-30 23:06:59,306654,-3657.000,6785.000,-3674.000,40.000,-1495.000,605.000,0.000,0.000,0
2026-01-30 23:06:59,306694,-3665.000,5257.000,-3642.000,-1132.000,-1432.000,303.000,0.000,0.000,0
2026-01-30 23:06:59,306734,-3721.000,5575.000,-3999.000,-609.000,-864.000,524.000,0.000,0.000,0
2026-01-30 23:06:59,306774,-3606.000,5040.000,-4151.000,-853.000,-242.000,922.000,0.000,0.000,0
2026-01-30 23:06:59,306814,-3109.000,4402.000,-3424.000,-257.000,66.000,1205.000,0.000,0.000,0
2026-01-30 23:06:59,306854,-2975.000,4595.000,-2770.000,853.000,71.000,1253.000,0.000,0.000,0
2026-01-30 23:06:59,306894,-3220.000,4726.000,-2580.000,759.000,-62.000,1006.000,0.000,0.000,0
2026-01-30 23:06:59,306934,-4147.000,4176.000,-2439.000,240.000,-203.000,560.000,0.000,0.000,0
2026-01-30 23:06:59,306974,-5018.000,6452.000,-3521.000,550.000,-676.000,188.000,0.000,0.000,0
2026-01-30 23:06:59,307014,-4539.000,7767.000,-4200.000,-139.000,-1205.000,408.000,0.000,0.000,0
2026-01-30 23:06:59,307054,-3537.000,7126.000,-3664.000,-445.000,-1199.000,699.000,0.000,0.000,0
2026-01-30 23:06:59,307094,-4583.000,7560.000,-4148.000,-278.000,-597.000,812.000,0.000,0.000,0
2026-01-30 23:07:00,307134,-4546.000,8585.000,-4845.000,-497.000,201.000,1192.000,0.000,0.000,0
2026-01-30 23:07:00,307174,-3686.000,8050.000,-5353.000,-329.000,1033.000,1595.000,0.000,0.000,0
2026-01-30 23:07:00,307214,-1604.000,6938.000,-3403.000,670.000,762.000,1805.000,0.000,0.000,0
2026-01-30 23:07:00,307254,-1102.000,5284.000,-1884.000,-290.000,-146.000,1067.000,0.000,0.000,0
2026-01-30 23:07:00,307294,-1922.000,5302.000,-3051.000,298.000,337.000,491.000,0.000,0.000,0
2026-01-30 23:07:00,307334,-2296.000,4548.000,-2968.000,787.000,896.000,317.000,0.000,0.000,0
2026-01-30 23:07:00,307374,-3139.000,5081.000,-2970.000,1426.000,1514.000,160.000,0.000,0.000,0
2026-01-30 23:07:00,307414,-3418.000,5927.000,-3330.000,2355.000,1690.000,119.000,0.000,0.000,0
2026-01-30 23:07:00,307454,-3382.000,6517.000,-3130.000,2305.000,1072.000,127.000,0.000,0.000,0
2026-01-30 23:07:00,307494,-3463.000,7403.000,-2564.000,1917.000,272.000,104.000,0.000,0.000,0
2026-01-30 23:07:00,307534,-3526.000,7765.000,-2718.000,783.000,-471.000,233.000,0.000,0.000,0
2026-01-30 23:07:00,307574,-3812.000,6986.000,-2653.000,-562.000,-1299.000,224.000,0.000,0.000,0
2026-01-30 23:07:00,307614,-4517.000,6923.000,-3850.000,-405.000,-1789.000,-110.000,0.000,0.000,0
2026-01-30 23:07:00,307656,-4339.000,7389.000,-4867.000,410.000,-2114.000,-461.000,0.000,0.000,0
2026-01-30 23:07:00,307695,-4354.000,7735.000,-5752.000,1097.000,-2020.000,-516.000,0.000,0.000,0
2026-01-30 23:07:00,307734,-4129.000,8307.000,-6365.000,1565.000,-1864.000,484.000,0.000,0.000,0
2026-01-30 23:07:00,307774,-2984.000,5915.000,-4727.000,-129.000,-2138.000,1279.000,0.000,0.000,0
2026-01-30 23:07:00,307814,-3188.000,4661.000,-4806.000,-1023.000,-1824.000,1371.000,0.000,0.000,0
2026-01-30 23:07:00,307854,-2867.000,4872.000,-4439.000,-400.000,-1481.000,1321.000,0.000,0.000,0
2026-01-30 23:07:00,307894,-2613.000,4011.000,-3765.000,-692.000,-1295.000,1268.000,0.000,0.000,0
2026-01-30 23:07:00,307936,-2949.000,4383.000,-3393.000,678.000,-1176.000,1293.000,0.000,0.000,0
2026-01-30 23:07:00,307974,-3101.000,5389.000,-2945.000,488.000,-1508.000,1480.000,0.000,0.000,0
2026-01-30 23:07:00,308014,-3372.000,4918.000,-2721.000,-478.000,-1562.000,1298.000,0.000,0.000,0
2026-01-30 23:07:00,308054,-3889.000,5189.000,-3384.000,-278.000,-1287.000,914.000,0.000,0.000,0
2026-01-30 23:07:00,308094,-4058.000,6074.000,-4027.000,-547.000,-1130.000,616.000,0.000,0.000,0
2026-01-30 23:07:01,308134,-3594.000,7228.000,-4554.000,-605.000,-746.000,83.000,0.000,0.000,0
2026-01-30 23:07:01,308174,-3094.000,7696.000,-4573.000,59.000,-201.000,-141.000,0.000,0.000,0
2026-01-30 23:07:01,308214,-3365.000,8246.000,-4305.000,-241.000,215.000,-226.000,0.000,0.000,0
2026-01-30 23:07:01,308254,-3582.000,8081.000,-4642.000,-752.000,607.000,-65.000,0.000,0.000,0
2026-01-30 23:07:01,308294,-2911.000,9098.000,-6149.000,833.000,998.000,94.000,0.000,0.000,0
2026-01-30 23:07:01,308334,-465.000,6733.000,-2371.000,-136.000,-461.000,-255.000,0.000,0.000,0
2026-01-30 23:07:01,308374,-1084.000,5679.000,-1647.000,-730.000,-293.000,-475.000,0.000,0.000,0
2026-01-30 23:07:01,308414,-1608.000,5916.000,-2836.000,337.000,548.000,-455.000,0.000,0.000,0
2026-01-30 23:07:01,308454,-2027.000,4489.000,-2321.000,-694.000,1050.000,-436.000,0.000,0.000,0
2026-01-30 23:07:01,308494,-2870.000,4768.000,-2218.000,-755.000,1952.000,-750.000,0.000,0.000,0
2026-01-30 23:07:01,308534,-3326.000,5726.000,-2790.000,973.000,2355.000,-917.000,0.000,0.000,0
2026-01-30 23:07:01,308574,-3675.000,6562.000,-2796.000,999.000,2064.000,-971.000,0.000,0.000,0
2026-01-30 23:07:01,308614,-3615.000,7332.000,-2196.000,643.000,1438.000,-918.000,0.000,0.000,0
2026-01-30 23:07:01,308654,-4005.000,7080.000,-2642.000,-145.000,794.000,-960.000,0.000,0.000,0
2026-01-30 23:07:01,308694,-4488.000,7711.000,-3484.000,-196.000,143.000,-951.000,0.000,0.000,0
2026-01-30 23:07:01,308734,-4085.000,7600.000,-3796.000,-544.000,-352.000,-962.000,0.000,0.000,0
2026-01-30 23:07:01,308774,-4535.000,7896.000,-4821.000,313.000,47.000,-1032.000,0.000,0.000,0
2026-01-30 23:07:01,308814,-4664.000,8266.000,-5243.000,790.000,137.000,-794.000,0.000,0.000,0
2026-01-30 23:07:01,308854,-3944.000,7591.000,-4641.000,197.000,-257.000,-374.000,0.000,0.000,0
2026-01-30 23:07:01,308894,-3346.000,5735.000,-4120.000,-1305.000,-444.000,-173.000,0.000,0.000,0
2026-01-30 23:07:01,308934,-3487.000,5645.000,-4458.000,-1431.000,-109.000,146.000,0.000,0.000,0
2026-01-30 23:07:01,308974,-3320.000,5313.000,-4122.000,-1171.000,243.000,384.000,0.000,0.000,0
2026-01-30 23:07:01,309014,-3245.000,5099.000,-3448.000,-398.000,326.000,239.000,0.000,0.000,0
2026-01-30 23:07:01,309054,-3437.000,5514.000,-2961.000,-170.000,187.000,4.000,0.000,0.000,0
2026-01-30 23:07:01,309094,-3496.000,5745.000,-2622.000,-891.000,-198.000,-360.000,0.000,0.000,0
2026-01-30 23:07:02,309134,-4220.000,5269.000,-2569.000,-1271.000,-252.000,-777.000,0.000,0.000,0
2026-01-30 23:07:02,309174,-4307.000,5547.000,-2798.000,-1307.000,-508.000,-998.000,0.000,0.000,0
2026-01-30 23:07:02,309214,-4312.000,6282.000,-3365.000,-1643.000,-762.000,-1146.000,0.000,0.000,0
2026-01-30 23:07:02,309254,-3642.000,7502.000,-4296.000,-1911.000,-652.000,-898.000,0.000,0.000,0
2026-01-30 23:07:02,309294,-3571.000,7815.000,-3994.000,-1511.000,-78.000,-689.000,0.000,0.000,0
2026-01-30 23:07:02,309334,-4079.000,7945.000,-3869.000,-1253.000,619.000,-315.000,0.000,0.000,0
2026-01-30 23:07:02,309374,-3905.000,8236.000,-4195.000,-400.000,1274.000,36.000,0.000,0.000,0
2026-01-30 23:07:02,309414,-2142.000,7952.000,-2496.000,590.000,971.000,-53.000,0.000,0.000,0
2026-01-30 23:07:02,309454,-1796.000,6237.000,-1319.000,-515.000,450.000,-530.000,0.000,0.000,0
2026-01-30 23:07:02,309494,-2649.000,6394.000,-2033.000,-206.000,871.000,-673.000,0.000,0.000,0
2026-01-30 23:07:02,309534,-2893.000,5692.000,-1736.000,-498.000,1176.000,-835.000,0.000,0.000,0
2026-01-30 23:07:02,309574,-3240.000,4981.000,-1671.000,-1164.000,1559.000,-1015.000,0.000,0.000,0
2026-01-30 23:07:02,309614,-3791.000,5399.000,-1501.000,-789.000,1806.000,-1075.000,0.000,0.000,0
2026-01-30 23:07:02,309656,-4428.000,5986.000,-1220.000,-244.000,1238.000,-984.000,0.000,0.000,0
2026-01-30 23:07:02,309694,-4265.000,6727.000,-1208.000,-454.000,621.000,-800.000,0.000,0.000,0
2026-01-30 23:07:02,309734,-4452.000,6306.000,-1515.000,-641.000,363.000,-754.000,0.000,0.000,0
2026-01-30 23:07:02,309774,-4883.000,6862.000,-2278.000,-450.000,-42.000,-1011.000,0.000,0.000,0
2026-01-30 23:07:02,309814,-4797.000,7343.000,-2807.000,-213.000,-249.000,-1077.000,0.000,0.000,0
2026-01-30 23:07:02,309854,-5399.000,7499.000,-3410.000,-37.000,-75.000,-1102.000,0.000,0.000,0
2026-01-30 23:07:02,309894,-5619.000,8108.000,-4225.000,961.000,637.000,-290.000,0.000,0.000,0
2026-01-30 23:07:02,309936,-5114.000,7637.000,-4498.000,650.000,743.000,588.000,0.000,0.000,0
2026-01-30 23:07:02,309974,-4320.000,6069.000,-2745.000,-257.000,-105.000,673.000,0.000,0.000,0
2026-01-30 23:07:02,310014,-4040.000,6274.000,-3784.000,-914.000,-396.000,758.000,0.000,0.000,0
2026-01-30 23:07:02,310054,-3894.000,4914.000,-3411.000,-976.000,-330.000,827.000,0.000,0.000,0
2026-01-30 23:07:02,310094,-3614.000,5540.000,-3027.000,454.000,-457.000,547.000,0.000,0.000,0
2026-01-30 23:07:03,310134,-3877.000,6047.000,-2257.000,67.000,-618.000,271.000,0.000,0.000,0
2026-01-30 23:07:03,310174,-3704.000,4694.000,-2319.000,-310.000,-510.000,263.000,0.000,0.000,0
2026-01-30 23:07:03,310214,-3994.000,5298.000,-2619.000,-585.000,-428.000,152.000,0.000,0.000,0
2026-01-30 23:07:03,310254,-4347.000,5756.000,-2498.000,-695.000,-342.000,74.000,0.000,0.000,0
2026-01-30 23:07:03,310294,-4654.000,6242.000,-2623.000,-477.000,-379.000,9.000,0.000,0.000,0
2026-01-30 23:07:03,310334,-4675.000,7118.000,-3039.000,-582.000,-432.000,88.000,0.000,0.000,0
2026-01-30 23:07:03,310374,-4323.000,7620.000,-3235.000,-754.000,-329.000,131.000,0.000,0.000,0
2026-01-30 23:07:03,310414,-4871.000,7800.000,-2671.000,-1463.000,7.000,-90.000,0.000,0.000,0
2026-01-30 23:07:03,310454,-4705.000,8106.000,-3520.000,-1233.000,707.000,-34.000,0.000,0.000,0
2026-01-30 23:07:03,310494,-2613.000,8300.000,-2569.000,88.000,747.000,-15.000,0.000,0.000,0
2026-01-30 23:07:03,310534,-2146.000,6597.000,-815.000,-248.000,310.000,-350.000,0.000,0.000,0
2026-01-30 23:07:03,310574,-3161.000,6479.000,-1791.000,-412.000,549.000,-210.000,0.000,0.000,0
2026-01-30 23:07:03,310614,-3178.000,6088.000,-1503.000,-285.000,662.000,-131.000,0.000,0.000,0
2026-01-30 23:07:03,310654,-3469.000,4751.000,-1355.000,-1158.000,834.000,-326.000,0.000,0.000,0
2026-01-30 23:07:03,310694,-3972.000,4980.000,-1334.000,-133.000,1214.000,-464.000,0.000,0.000,0
2026-01-30 23:07:03,310734,-4418.000,5703.000,-1121.000,690.000,1139.000,-359.000,0.000,0.000,0
2026-01-30 23:07:03,310774,-4266.000,6402.000,-855.000,704.000,650.000,-428.000,0.000,0.000,0
2026-01-30 23:07:03,310814,-4266.000,6558.000,-953.000,3.000,94.000,-497.000,0.000,0.000,0
2026-01-30 23:07:03,310854,-4820.000,6783.000,-1371.000,384.000,-139.000,-875.000,0.000,0.000,0
2026-01-30 23:07:03,310894,-5001.000,7393.000,-2198.000,166.000,-354.000,-1107.000,0.000,0.000,0
2026-01-30 23:07:03,310934,-5179.000,7314.000,-2433.000,497.000,-350.000,-1268.000,0.000,0.000,0
2026-01-30 23:07:03,310974,-5540.000,7744.000,-2819.000,1132.000,-213.000,-1005.000,0.000,0.000,0
2026-01-30 23:07:03,311014,-5835.000,7645.000,-2968.000,1017.000,-346.000,-500.000,0.000,0.000,0
2026-01-30 23:07:03,311054,-5092.000,6640.000,-2934.000,505.000,-709.000,53.000,0.000,0.000,0
2026-01-30 23:07:03,311094,-4660.000,6048.000,-3203.000,-634.000,-1043.000,165.000,0.000,0.000,0
2026-01-30 23:07:04,311134,-4514.000,6040.000,-3682.000,-809.000,-611.000,637.000,0.000,0.000,0
2026-01-30 23:07:04,311174,-3944.000,5601.000,-3261.000,337.000,326.000,1071.000,0.000,0.000,0
2026-01-30 23:07:04,311214,-3502.000,5639.000,-2009.000,792.000,305.000,1110.000,0.000,0.000,0
2026-01-30 23:07:04,311254,-3527.000,5606.000,-1792.000,754.000,135.000,1030.000,0.000,0.000,0
2026-01-30 23:07:04,311294,-3672.000,5550.000,-2026.000,-224.000,15.000,885.000,0.000,0.000,0
2026-01-30 23:07:04,311334,-4003.000,5274.000,-1958.000,-631.000,101.000,606.000,0.000,0.000,0
2026-01-30 23:07:04,311374,-4461.000,5730.000,-2253.000,-486.000,351.000,408.000,0.000,0.000,0
2026-01-30 23:07:04,311414,-4677.000,6497.000,-2707.000,-786.000,358.000,324.000,0.000,0.000,0
2026-01-30 23:07:04,311454,-4496.000,7374.000,-3152.000,-884.000,446.000,326.000,0.000,0.000,0
2026-01-30 23:07:04,311494,-4554.000,7878.000,-3220.000,-832.000,618.000,390.000,0.000,0.000,0
2026-01-30 23:07:04,311534,-4821.000,8097.000,-2811.000,-1130.000,730.000,483.000,0.000,0.000,0
2026-01-30 23:07:04,311574,-4101.000,8851.000,-3773.000,-170.000,1367.000,683.000,0.000,0.000,0
2026-01-30 23:07:04,311614,-2124.000,7646.000,-1699.000,602.000,908.000,495.000,0.000,0.000,0
2026-01-30 23:07:04,311656,-2022.000,6519.000,-1496.000,-375.000,525.000,-5.000,0.000,0.000,0
2026-01-30 23:07:04,311696,-2764.000,6702.000,-2294.000,273.000,647.000,-124.000,0.000,0.000,0
2026-01-30 23:07:04,311734,-3202.000,5401.000,-1991.000,-649.000,912.000,-332.000,0.000,0.000,0
2026-01-30 23:07:04,311774,-3581.000,4980.000,-2083.000,-381.000,1361.000,-745.000,0.000,0.000,0
2026-01-30 23:07:04,311814,-3856.000,5374.000,-1645.000,384.000,1428.000,-962.000,0.000,0.000,0
2026-01-30 23:07:04,311854,-4115.000,5776.000,-1395.000,826.000,1088.000,-1028.000,0.000,0.000,0
2026-01-30 23:07:04,311894,-4021.000,6371.000,-1248.000,657.000,484.000,-808.000,0.000,0.000,0
2026-01-30 23:07:04,311936,-4488.000,6634.000,-1429.000,-6.000,124.000,-397.000,0.000,0.000,0
2026-01-30 23:07:04,311974,-4963.000,6850.000,-1516.000,145.000,-293.000,-461.000,0.000,0.000,0
2026-01-30 23:07:04,312014,-4931.000,7222.000,-2367.000,-31.000,-661.000,-567.000,0.000,0.000,0
2026-01-30 23:07:04,312054,-5128.000,7332.000,-2939.000,400.000,-671.000,-947.000,0.000,0.000,0
2026-01-30 23:07:04,312094,-5214.000,7687.000,-4204.000,984.000,-491.000,-570.000,0.000,0.000,0
2026-01-30 23:07:05,312134,-4658.000,7980.000,-4085.000,1299.000,-527.000,518.000,0.000,0.000,0
2026-01-30 23:07:05,312174,-3880.000,7297.000,-3090.000,-194.000,-917.000,1091.000,0.000,0.000,0
2026-01-30 23:07:05,312214,-4203.000,6207.000,-3135.000,-304.000,-914.000,1055.000,0.000,0.000,0
2026-01-30 23:07:05,312254,-4235.000,6335.000,-3622.000,-121.000,-805.000,1199.000,0.000,0.000,0
2026-01-30 23:07:05,312294,-3816.000,5453.000,-3212.000,-156.000,-711.000,1349.000,0.000,0.000,0
2026-01-30 23:07:05,312334,-3400.000,5405.000,-2297.000,653.000,-877.000,1220.000,0.000,0.000,0
2026-01-30 23:07:05,312374,-3403.000,5785.000,-2152.000,396.000,-862.000,1043.000,0.000,0.000,0
2026-01-30 23:07:05,312414,-3504.000,5232.000,-1903.000,13.000,-566.000,632.000,0.000,0.000,0
2026-01-30 23:07:05,312454,-3795.000,5929.000,-2048.000,331.000,-132.000,220.000,0.000,0.000,0
2026-01-30 23:07:05,312494,-4002.000,6304.000,-2412.000,-64.000,-28.000,77.000,0.000,0.000,0
2026-01-30 23:07:05,312534,-4314.000,6852.000,-2612.000,-465.000,-157.000,99.000,0.000,0.000,0
2026-01-30 23:07:05,312574,-3802.000,7531.000,-3247.000,-247.000,91.000,295.000,0.000,0.000,0
2026-01-30 23:07:05,312614,-3922.000,8048.000,-3104.000,-253.000,707.000,383.000,0.000,0.000,0
2026-01-30 23:07:05,312654,-4304.000,8468.000,-3268.000,-1223.000,1326.000,627.000,0.000,0.000,0
2026-01-30 23:07:05,312694,-2880.000,9043.000,-3836.000,-512.000,2103.000,922.000,0.000,0.000,0
2026-01-30 23:07:05,312734,-1694.000,6708.000,-1718.000,-944.000,1402.000,438.000,0.000,0.000,0
2026-01-30 23:07:05,312774,-2184.000,6688.000,-2173.000,-665.000,1170.000,-258.000,0.000,0.000,0
2026-01-30 23:07:05,312814,-2337.000,6572.000,-2366.000,-800.000,1286.000,-714.000,0.000,0.000,0
2026-01-30 23:07:05,312854,-3005.000,5268.000,-2363.000,-1420.000,1783.000,-1246.000,0.000,0.000,0
2026-01-30 23:07:05,312894,-3399.000,5308.000,-2012.000,-581.000,2065.000,-1488.000,0.000,0.000,0
2026-01-30 23:07:05,312934,-3774.000,5945.000,-1408.000,253.000,1799.000,-1582.000,0.000,0.000,0
2026-01-30 23:07:05,312974,-3843.000,6175.000,-1239.000,-43.000,1112.000,-1470.000,0.000,0.000,0
2026-01-30 23:07:05,313014,-3876.000,6558.000,-1393.000,-236.000,546.000,-1144.000,0.000,0.000,0
2026-01-30 23:07:05,313054,-4091.000,6746.000,-1353.000,-445.000,144.000,-999.000,0.000,0.000,0
2026-01-30 23:07:05,313094,-4718.000,6773.000,-1843.000,-555.000,-380.000,-1328.000,0.000,0.000,0
2026-01-30 23:07:06,313134,-4799.000,7047.000,-2538.000,-27.000,-431.000,-1487.000,0.000,0.000,0
2026-01-30 23:07:06,313174,-5226.000,7194.000,-2946.000,776.000,-271.000,-1492.000,0.000,0.000,0
2026-01-30 23:07:06,313214,-5570.000,7573.000,-3156.000,1482.000,-206.000,-882.000,0.000,0.000,0
2026-01-30 23:07:06,313254,-5465.000,7201.000,-3553.000,1395.000,-323.000,-21.000,0.000,0.000,0
2026-01-30 23:07:06,313294,-4609.000,6242.000,-3304.000,749.000,-990.000,493.000,0.000,0.000,0
2026-01-30 23:07:06,313334,-4246.000,5275.000,-3569.000,-161.000,-1044.000,862.000,0.000,0.000,0
2026-01-30 23:07:06,313374,-4215.000,5307.000,-4096.000,698.000,-634.000,1372.000,0.000,0.000,0
2026-01-30 23:07:06,313414,-3717.000,5317.000,-3979.000,1671.000,-249.000,1905.000,0.000,0.000,0
2026-01-30 23:07:06,313454,-2831.000,5413.000,-2757.000,2279.000,-375.000,2153.000,0.000,0.000,0
2026-01-30 23:07:06,313494,-2810.000,5838.000,-2334.000,1890.000,-710.000,2247.000,0.000,0.000,0
2026-01-30 23:07:06,313534,-3292.000,5192.000,-2689.000,765.000,-522.000,1797.000,0.000,0.000,0
2026-01-30 23:07:06,313574,-3723.000,5629.000,-3141.000,710.000,-144.000,1466.000,0.000,0.000,0
2026-01-30 23:07:06,313614,-3832.000,6319.000,-3118.000,442.000,66.000,1125.000,0.000,0.000,0
2026-01-30 23:07:06,313654,-3846.000,6996.000,-3912.000,102.000,278.000,840.000,0.000,0.000,0
2026-01-30 23:07:06,313694,-3804.000,7817.000,-4493.000,897.000,594.000,574.000,0.000,0.000,0
2026-01-30 23:07:06,313734,-4252.000,8445.000,-4823.000,508.000,733.000,543.000,0.000,0.000,0
2026-01-30 23:07:06,313774,-4002.000,9106.000,-5738.000,602.000,997.000,944.000,0.000,0.000,0
2026-01-30 23:07:06,313814,-2652.000,9509.000,-5015.000,1455.000,1108.000,1269.000,0.000,0.000,0
2026-01-30 23:07:06,313854,-779.000,6251.000,-2082.000,-1927.000,-458.000,903.000,0.000,0.000,0
2026-01-30 23:07:06,313894,-1272.000,6144.000,-2985.000,-1974.000,-280.000,295.000,0.000,0.000,0
2026-01-30 23:07:06,313937,-1271.000,5288.000,-2883.000,-1865.000,222.000,-64.000,0.000,0.000,0
2026-01-30 23:07:06,313974,-1701.000,4198.000,-2538.000,-2321.000,929.000,-364.000,0.000,0.000,0
2026-01-30 23:07:06,314014,-2298.000,3932.000,-2725.000,-119.000,1737.000,-568.000,0.000,0.000,0
2026-01-30 23:07:06,314054,-2858.000,4198.000,-3125.000,2069.000,2103.000,-268.000,0.000,0.000,0
2026-01-30 23:07:06,314094,-3223.000,5696.000,-3100.000,4025.000,1917.000,308.000,0.000,0.000,0
2026-01-30 23:07:07,314134,-3393.000,7415.000,-2669.000,3493.000,1210.000,613.000,0.000,0.000,0
2026-01-30 23:07:07,314174,-3440.000,7886.000,-2686.000,1705.000,379.000,600.000,0.000,0.000,0
2026-01-30 23:07:07,314214,-4092.000,8273.000,-3336.000,1064.000,-501.000,112.000,0.000,0.000,0
2026-01-30 23:07:07,314254,-3955.000,8650.000,-4207.000,254.000,-1878.000,-643.000,0.000,0.000,0
2026-01-30 23:07:07,314294,-4031.000,8153.000,-5185.000,188.000,-2123.000,-959.000,0.000,0.000,0
2026-01-30 23:07:07,314334,-4226.000,8464.000,-5339.000,916.000,-2053.000,-745.000,0.000,0.000,0
2026-01-30 23:07:07,314374,-3492.000,7557.000,-5229.000,-139.000,-2475.000,-104.000,0.000,0.000,0
2026-01-30 23:07:07,314414,-3239.000,5829.000,-4917.000,-1599.000,-2498.000,326.000,0.000,0.000,0
2026-01-30 23:07:07,314454,-3002.000,5750.000,-5371.000,-935.000,-1870.000,843.000,0.000,0.000,0
2026-01-30 23:07:07,314494,-2379.000,5230.000,-4838.000,-622.000,-1272.000,1140.000,0.000,0.000,0
2026-01-30 23:07:07,314534,-1813.000,3991.000,-3744.000,-228.000,-868.000,1343.000,0.000,0.000,0
2026-01-30 23:07:07,314574,-1542.000,4017.000,-2837.000,1452.000,-592.000,1368.000,0.000,0.000,0
2026-01-30 23:07:07,314614,-2082.000,4797.000,-2904.000,1685.000,-43.000,1419.000,0.000,0.000,0
2026-01-30 23:07:07,314654,-2871.000,5057.000,-3247.000,1258.000,530.000,1231.000,0.000,0.000,0
2026-01-30 23:07:07,314694,-3506.000,5796.000,-3839.000,1466.000,966.000,894.000,0.000,0.000,0
2026-01-30 23:07:07,314734,-3700.000,7282.000,-3510.000,947.000,994.000,419.000,0.000,0.000,0
2026-01-30 23:07:07,314774,-3652.000,7958.000,-5328.000,811.000,1536.000,116.000,0.000,0.000,0
2026-01-30 23:07:07,314814,-3574.000,8428.000,-5765.000,1992.000,2064.000,-188.000,0.000,0.000,0
2026-01-30 23:07:07,314854,-3342.000,9545.000,-6461.000,561.000,2372.000,-92.000,0.000,0.000,0
2026-01-30 23:07:07,314894,-2701.000,9544.000,-6089.000,-223.000,2423.000,-215.000,0.000,0.000,0
2026-01-30 23:07:07,314934,-1314.000,8167.000,-5290.000,-1778.000,1330.000,-637.000,0.000,0.000,0
2026-01-30 23:07:07,314974,-53.000,5908.000,-3178.000,-3855.000,-97.000,-1115.000,0.000,0.000,0
2026-01-30 23:07:07,315014,-880.000,4783.000,-3111.000,-3217.000,335.000,-1640.000,0.000,0.000,0
2026-01-30 23:07:07,315054,-1663.000,4133.000,-2827.000,-2410.000,1235.000,-1868.000,0.000,0.000,0
2026-01-30 23:07:07,315094,-2432.000,3970.000,-2988.000,-1656.000,1801.000,-1827.000,0.000,0.000,0
2026-01-30 23:07:08,315134,-3307.000,4707.000,-2823.000,355.000,2259.000,-1734.000,0.000,0.000,0
2026-01-30 23:07:08,315174,-4143.000,5628.000,-3221.000,2107.000,1998.000,-1810.000,0.000,0.000,0
2026-01-30 23:07:08,315214,-3839.000,6451.000,-3232.000,1371.000,826.000,-1489.000,0.000,0.000,0
2026-01-30 23:07:08,315254,-3691.000,6194.000,-2687.000,383.000,-423.000,-1051.000,0.000,0.000,0
2026-01-30 23:07:08,315294,-4295.000,7449.000,-3341.000,-783.000,-1487.000,-479.000,0.000,0.000,0
2026-01-30 23:07:08,315334,-3515.000,7175.000,-4193.000,-5294.000,-2465.000,-24.000,0.000,0.000,0
2026-01-30 23:07:08,315374,-3981.000,8943.000,-4081.000,-2815.000,-1609.000,1529.000,0.000,0.000,0
2026-01-30 23:07:08,315414,-2596.000,11738.000,-4589.000,-7126.000,-1675.000,4094.000,0.000,0.000,0
2026-01-30 23:07:08,315454,-1256.000,10546.000,-2366.000,-14810.000,-3122.000,5513.000,0.000,0.000,0
2026-01-30 23:07:08,315494,-831.000,6179.000,-1.000,-10966.000,-3076.000,3755.000,0.000,0.000,0
2026-01-30 23:07:08,315534,-862.000,11926.000,1191.000,-12122.000,-1835.000,3449.000,0.000,0.000,0
2026-01-30 23:07:08,315574,-1726.000,5163.000,506.000,-18486.000,-1193.000,3516.000,0.000,0.000,0
2026-01-30 23:07:08,315616,-1338.000,4572.000,3581.000,-14976.000,-572.000,2303.000,0.000,0.000,0
2026-01-30 23:07:08,315655,-2236.000,3056.000,3721.000,-16407.000,-177.000,2741.000,0.000,0.000,0
2026-01-30 23:07:08,315696,-2092.000,326.000,3143.000,-12627.000,-1270.000,3950.000,0.000,0.000,0
2026-01-30 23:07:08,315734,-1352.000,-232.000,2553.000,-6219.000,-2863.000,4989.000,0.000,0.000,0
2026-01-30 23:07:08,315774,912.000,3708.000,3674.000,1721.000,-5976.000,7719.000,0.000,0.000,0
2026-01-30 23:07:08,315814,3903.000,5111.000,3910.000,-2514.000,-8039.000,11100.000,0.000,0.000,0
2026-01-30 23:07:08,315854,7055.000,3269.000,4531.000,-4979.000,-10385.000,12599.000,0.000,0.000,0
2026-01-30 23:07:08,315894,14617.000,3022.000,3624.000,9386.000,-11711.000,9398.000,0.000,0.000,0
2026-01-30 23:07:08,315934,13717.000,6740.000,940.000,21981.000,-8708.000,6892.000,0.000,0.000,0
2026-01-30 23:07:08,315974,10097.000,8737.000,939.000,15431.000,-5080.000,9469.000,0.000,0.000,0
2026-01-30 23:07:08,316014,8453.000,6938.000,1776.000,5441.000,-2223.000,9291.000,0.000,0.000,0
2026-01-30 23:07:08,316054,7860.000,3745.000,3493.000,-1587.000,-3611.000,9602.000,0.000,0.000,0
2026-01-30 23:07:08,316094,7400.000,696.000,2407.000,-3619.000,-4303.000,7439.000,0.000,0.000,0
2026-01-30 23:07:09,316134,5882.000,680.000,299.000,178.000,-2609.000,5638.000,0.000,0.000,0
2026-01-30 23:07:09,316174,7276.000,1353.000,37.000,8498.000,-1845.000,4763.000,0.000,0.000,0
2026-01-30 23:07:09,316214,7091.000,2670.000,344.000,10697.000,-864.000,4001.000,0.000,0.000,0
2026-01-30 23:07:09,316254,7375.000,3327.000,1629.000,9748.000,-1176.000,3902.000,0.000,0.000,0
2026-01-30 23:07:09,316294,8205.000,3036.000,2254.000,6398.000,-2185.000,4063.000,0.000,0.000,0
2026-01-30 23:07:09,316334,7417.000,2691.000,2194.000,2967.000,-2378.000,3445.000,0.000,0.000,0
2026-01-30 23:07:09,316374,8514.000,2350.000,2028.000,916.000,-2990.000,2385.000,0.000,0.000,0
2026-01-30 23:07:09,316414,10026.000,2257.000,2293.000,-46.000,-2466.000,1591.000,0.000,0.000,0
2026-01-30 23:07:09,316454,12061.000,2486.000,1935.000,425.000,-2284.000,1203.000,0.000,0.000,0
2026-01-30 23:07:09,316494,11762.000,3025.000,2687.000,-456.000,-978.000,175.000,0.000,0.000,0
2026-01-30 23:07:09,316534,7960.000,2699.000,1807.000,-4280.000,1305.000,-2433.000,0.000,0.000,0
2026-01-30 23:07:09,316574,10602.000,2256.000,-253.000,-5551.000,2553.000,-3924.000,0.000,0.000,0
2026-01-30 23:07:09,316614,9245.000,1526.000,-60.000,-5660.000,4988.000,-4580.000,0.000,0.000,0
2026-01-30 23:07:09,316654,8783.000,1189.000,-376.000,-3802.000,4751.000,-5644.000,0.000,0.000,0
2026-01-30 23:07:09,316694,8126.000,2009.000,-393.000,-3393.000,3534.000,-6622.000,0.000,0.000,0
2026-01-30 23:07:09,316734,7572.000,2350.000,-1215.000,-5716.000,2751.000,-6944.000,0.000,0.000,0
2026-01-30 23:07:09,316774,6970.000,1492.000,-1470.000,-8194.000,2920.000,-5759.000,0.000,0.000,0
2026-01-30 23:07:09,316814,5972.000,543.000,-1549.000,-8171.000,3248.000,-4870.000,0.000,0.000,0
2026-01-30 23:07:09,316854,5308.000,50.000,-1094.000,-5378.000,3083.000,-3978.000,0.000,0.000,0
2026-01-30 23:07:09,316894,6785.000,702.000,-8.000,-1479.000,1733.000,-2528.000,0.000,0.000,0
2026-01-30 23:07:09,316934,8474.000,694.000,-896.000,1172.000,-602.000,-6.000,0.000,0.000,0
2026-01-30 23:07:09,316974,12919.000,193.000,-51.000,1342.000,-2490.000,3103.000,0.000,0.000,0
2026-01-30 23:07:09,317014,12987.000,-1245.000,153.000,2271.000,-2888.000,5344.000,0.000,0.000,0
2026-01-30 23:07:09,317054,10936.000,-557.000,-117.000,4304.000,-3242.000,6072.000,0.000,0.000,0
2026-01-30 23:07:09,317094,7850.000,-29.000,323.000,4347.000,-2756.000,5842.000,0.000,0.000,0
2026-01-30 23:07:10,317134,8748.000,728.000,-53.000,4118.000,-2780.000,5486.000,0.000,0.000,0
2026-01-30 23:07:10,317174,8491.000,1418.000,474.000,4390.000,-1841.000,4807.000,0.000,0.000,0
2026-01-30 23:07:10,317214,6930.000,1340.000,740.000,4571.000,-1627.000,4326.000,0.000,0.000,0
2026-01-30 23:07:10,317254,6137.000,1750.000,1123.000,5048.000,-2048.000,3724.000,0.000,0.000,0
2026-01-30 23:07:10,317294,5111.000,1856.000,963.000,5348.000,-2096.000,3279.000,0.000,0.000,0
2026-01-30 23:07:10,317334,5845.000,2004.000,945.000,5356.000,-1981.000,3150.000,0.000,0.000,0
2026-01-30 23:07:10,317374,7449.000,2136.000,1188.000,5428.000,-1790.000,2834.000,0.000,0.000,0
2026-01-30 23:07:10,317414,8146.000,2723.000,2000.000,4596.000,-1640.000,1876.000,0.000,0.000,0
2026-01-30 23:07:10,317454,8695.000,2416.000,2274.000,2299.000,-1695.000,567.000,0.000,0.000,0
2026-01-30 23:07:10,317494,9386.000,2413.000,2479.000,316.000,-1562.000,-577.000,0.000,0.000,0
2026-01-30 23:07:10,317534,11440.000,2562.000,1126.000,-717.000,-1273.000,-1474.000,0.000,0.000,0
2026-01-30 23:07:10,317574,11479.000,2310.000,1531.000,-1639.000,404.000,-2354.000,0.000,0.000,0
2026-01-30 23:07:10,317614,10375.000,3038.000,1914.000,-2922.000,1037.000,-3031.000,0.000,0.000,0
2026-01-30 23:07:10,317654,10869.000,2277.000,-287.000,-5838.000,1644.000,-3670.000,0.000,0.000,0
2026-01-30 23:07:10,317694,9914.000,1896.000,-895.000,-8079.000,4179.000,-4945.000,0.000,0.000,0
2026-01-30 23:07:10,317734,9131.000,1306.000,-1058.000,-9145.000,4841.000,-5760.000,0.000,0.000,0
2026-01-30 23:07:10,317774,8246.000,459.000,-866.000,-8351.000,4840.000,-6644.000,0.000,0.000,0
2026-01-30 23:07:10,317814,7962.000,738.000,-862.000,-6102.000,4238.000,-7192.000,0.000,0.000,0
2026-01-30 23:07:10,317854,7560.000,872.000,-1012.000,-4610.000,3878.000,-6903.000,0.000,0.000,0
2026-01-30 23:07:10,317894,6538.000,644.000,-832.000,-3751.000,3907.000,-6181.000,0.000,0.000,0
2026-01-30 23:07:10,317937,5728.000,338.000,-743.000,-1729.000,3561.000,-5214.000,0.000,0.000,0
2026-01-30 23:07:10,317974,5330.000,346.000,-724.000,903.000,2633.000,-3773.000,0.000,0.000,0
2026-01-30 23:07:10,318014,6607.000,1389.000,771.000,1878.000,1024.000,-1329.000,0.000,0.000,0
2026-01-30 23:07:10,318054,8509.000,884.000,278.000,1013.000,-1255.000,3161.000,0.000,0.000,0
2026-01-30 23:07:10,318094,9800.000,821.000,640.000,1674.000,-2779.000,6134.000,0.000,0.000,0
2026-01-30 23:07:11,318134,10235.000,1032.000,1018.000,2545.000,-4100.000,8881.000,0.000,0.000,0
2026-01-30 23:07:11,318174,9239.000,1277.000,1320.000,3733.000,-4717.000,10038.000,0.000,0.000,0
2026-01-30 23:07:11,318214,9663.000,1575.000,1641.000,4546.000,-5580.000,9334.000,0.000,0.000,0
2026-01-30 23:07:11,318254,10130.000,2323.000,1590.000,2345.000,-4900.000,7183.000,0.000,0.000,0
2026-01-30 23:07:11,318294,7723.000,1557.000,1456.000,-229.000,-2996.000,4442.000,0.000,0.000,0
2026-01-30 23:07:11,318334,6481.000,-293.000,1190.000,1460.000,-1672.000,1709.000,0.000,0.000,0
2026-01-30 23:07:11,318374,6143.000,799.000,580.000,6255.000,-714.000,-209.000,0.000,0.000,0
2026-01-30 23:07:11,318414,5766.000,1674.000,993.000,8163.000,38.000,-693.000,0.000,0.000,0
2026-01-30 23:07:11,318454,6259.000,2622.000,1550.000,5823.000,-462.000,89.000,0.000,0.000,0
2026-01-30 23:07:11,318494,7546.000,3107.000,2148.000,2452.000,-1204.000,1368.000,0.000,0.000,0
2026-01-30 23:07:11,318534,7430.000,1975.000,2055.000,-1662.000,-1594.000,1721.000,0.000,0.000,0
2026-01-30 23:07:11,318574,8720.000,1725.000,1900.000,-2409.000,-1993.000,1032.000,0.000,0.000,0
2026-01-30 23:07:11,318614,9641.000,1627.000,1658.000,-2594.000,-1274.000,188.000,0.000,0.000,0
2026-01-30 23:07:11,318654,11261.000,1506.000,776.000,-1479.000,-772.000,-475.000,0.000,0.000,0
2026-01-30 23:07:11,318694,12255.000,2306.000,653.000,-437.000,19.000,-1170.000,0.000,0.000,0
2026-01-30 23:07:11,318734,11201.000,2962.000,1595.000,-2187.000,1053.000,-1413.000,0.000,0.000,0
2026-01-30 23:07:11,318774,7819.000,2227.000,825.000,-5563.000,2192.000,-2557.000,0.000,0.000,0
2026-01-30 23:07:11,318814,9340.000,1126.000,-1229.000,-6876.000,3608.000,-5051.000,0.000,0.000,0
2026-01-30 23:07:11,318854,9148.000,704.000,-1083.000,-5526.000,4987.000,-5922.000,0.000,0.000,0
2026-01-30 23:07:11,318894,8246.000,732.000,-577.000,-4258.000,4840.000,-6346.000,0.000,0.000,0
2026-01-30 23:07:11,318934,7540.000,733.000,-279.000,-2611.000,3792.000,-6337.000,0.000,0.000,0
2026-01-30 23:07:11,318974,6903.000,1151.000,-347.000,-1020.000,2721.000,-5801.000,0.000,0.000,0
2026-01-30 23:07:11,319014,6191.000,1386.000,-306.000,-1273.000,2253.000,-5048.000,0.000,0.000,0
2026-01-30 23:07:11,319054,5488.000,900.000,-654.000,-1623.000,2033.000,-4028.000,0.000,0.000,0
2026-01-30 23:07:11,319094,4978.000,683.000,-134.000,-923.000,1347.000,-2560.000,0.000,0.000,0
2026-01-30 23:07:12,319134,5569.000,605.000,267.000,179.000,-106.000,-381.000,0.000,0.000,0
2026-01-30 23:07:12,319174,7003.000,1518.000,816.000,1631.000,-1514.000,2283.000,0.000,0.000,0
2026-01-30 23:07:12,319214,9458.000,1384.000,1104.000,116.000,-2991.000,5982.000,0.000,0.000,0
2026-01-30 23:07:12,319254,12280.000,796.000,166.000,205.000,-3626.000,7704.000,0.000,0.000,0
2026-01-30 23:07:12,319294,13734.000,1227.000,432.000,3407.000,-3331.000,8434.000,0.000,0.000,0
2026-01-30 23:07:12,319334,7743.000,1315.000,2143.000,5668.000,-1602.000,6762.000,0.000,0.000,0
2026-01-30 23:07:12,319374,5607.000,1093.000,2136.000,6000.000,-2388.000,3637.000,0.000,0.000,0
2026-01-30 23:07:12,319414,8657.000,2040.000,1380.000,4706.000,-2132.000,1720.000,0.000,0.000,0
2026-01-30 23:07:12,319454,7508.000,1787.000,208.000,3013.000,441.000,1534.000,0.000,0.000,0
2026-01-30 23:07:12,319494,7009.000,1148.000,249.000,4770.000,1174.000,1754.000,0.000,0.000,0
2026-01-30 23:07:12,319534,6829.000,1974.000,710.000,7499.000,619.000,1190.000,0.000,0.000,0
2026-01-30 23:07:12,319574,6235.000,3470.000,1492.000,6679.000,-366.000,1860.000,0.000,0.000,0
2026-01-30 23:07:12,319614,6943.000,2873.000,1451.000,795.000,-1661.000,2521.000,0.000,0.000,0
2026-01-30 23:07:12,319656,7038.000,2445.000,1675.000,-1114.000,-1569.000,2138.000,0.000,0.000,0
2026-01-30 23:07:12,319696,6695.000,2163.000,2021.000,-1563.000,-1325.000,1204.000,0.000,0.000,0
2026-01-30 23:07:12,319734,8335.000,2368.000,1914.000,-1639.000,-1521.000,490.000,0.000,0.000,0
2026-01-30 23:07:12,319774,8955.000,2296.000,1473.000,-1825.000,-801.000,-98.000,0.000,0.000,0
2026-01-30 23:07:12,319814,11137.000,2692.000,897.000,-1671.000,-713.000,-874.000,0.000,0.000,0
2026-01-30 23:07:12,319854,10361.000,2509.000,1030.000,-2357.000,194.000,-1913.000,0.000,0.000,0
2026-01-30 23:07:12,319894,10711.000,2645.000,919.000,-3113.000,756.000,-2760.000,0.000,0.000,0
2026-01-30 23:07:12,319934,8849.000,2441.000,208.000,-4613.000,1339.000,-3751.000,0.000,0.000,0
2026-01-30 23:07:12,319974,10142.000,2052.000,-807.000,-6946.000,2480.000,-4540.000,0.000,0.000,0
2026-01-30 23:07:12,320014,9598.000,1445.000,-597.000,-8101.000,3019.000,-4589.000,0.000,0.000,0
2026-01-30 23:07:12,320054,8336.000,899.000,-366.000,-7552.000,2871.000,-5177.000,0.000,0.000,0
2026-01-30 23:07:12,320094,7838.000,1481.000,-198.000,-5867.000,2525.000,-5995.000,0.000,0.000,0
2026-01-30 23:07:13,320134,7928.000,2180.000,-181.000,-8740.000,2915.000,-6122.000,0.000,0.000,0
2026-01-30 23:07:13,320174,7489.000,371.000,-562.000,-11511.000,3920.000,-5504.000,0.000,0.000,0
2026-01-30 23:07:13,320214,6278.000,-952.000,-761.000,-7167.000,4425.000,-4686.000,0.000,0.000,0
2026-01-30 23:07:13,320254,5047.000,-643.000,-122.000,258.000,3590.000,-3807.000,0.000,0.000,0
2026-01-30 23:07:13,320294,5599.000,113.000,688.000,5481.000,1188.000,-2191.000,0.000,0.000,0
2026-01-30 23:07:13,320334,7199.000,1479.000,1281.000,6387.000,-576.000,491.000,0.000,0.000,0
2026-01-30 23:07:13,320374,9277.000,1004.000,798.000,3596.000,-2177.000,5427.000,0.000,0.000,0
2026-01-30 23:07:13,320414,10621.000,478.000,474.000,3710.000,-2741.000,8088.000,0.000,0.000,0
2026-01-30 23:07:13,320454,11014.000,1545.000,1460.000,6987.000,-3852.000,10024.000,0.000,0.000,0
2026-01-30 23:07:13,320494,7667.000,2274.000,2424.000,7124.000,-4235.000,9689.000,0.000,0.000,0
2026-01-30 23:07:13,320534,8508.000,2269.000,1809.000,3913.000,-5772.000,8255.000,0.000,0.000,0
2026-01-30 23:07:13,320574,9622.000,2287.000,276.000,174.000,-4240.000,6515.000,0.000,0.000,0
2026-01-30 23:07:13,320614,7707.000,1352.000,-718.000,-43.000,-1770.000,4998.000,0.000,0.000,0
2026-01-30 23:07:13,320654,7252.000,836.000,133.000,2867.000,-830.000,2800.000,0.000,0.000,0
2026-01-30 23:07:13,320694,6620.000,1404.000,701.000,5429.000,-807.000,1017.000,0.000,0.000,0
2026-01-30 23:07:13,320734,6515.000,2843.000,1447.000,6336.000,-1061.000,607.000,0.000,0.000,0
2026-01-30 23:07:13,320774,7266.000,3484.000,2433.000,2211.000,-2277.000,1325.000,0.000,0.000,0
2026-01-30 23:07:13,320814,7430.000,2847.000,2582.000,-2050.000,-2253.000,1043.000,0.000,0.000,0
2026-01-30 23:07:13,320854,8439.000,1780.000,1967.000,-4301.000,-2130.000,328.000,0.000,0.000,0
2026-01-30 23:07:13,320894,9468.000,1248.000,1535.000,-4379.000,-955.000,-407.000,0.000,0.000,0
2026-01-30 23:07:13,320934,11147.000,1446.000,537.000,-2733.000,-10.000,-1022.000,0.000,0.000,0
2026-01-30 23:07:13,320974,11111.000,1800.000,715.000,-1838.000,1872.000,-1940.000,0.000,0.000,0
2026-01-30 23:07:13,321014,12250.000,2228.000,645.000,-1961.000,1793.000,-2761.000,0.000,0.000,0
2026-01-30 23:07:13,321054,9418.000,2311.000,1291.000,-3796.000,3144.000,-3526.000,0.000,0.000,0
2026-01-30 23:07:13,321094,7734.000,1816.000,-927.000,-5865.000,3048.000,-4352.000,0.000,0.000,0
2026-01-30 23:07:14,321134,9497.000,994.000,-1576.000,-7627.000,3861.000,-4751.000,0.000,0.000,0
2026-01-30 23:07:14,321174,8566.000,1062.000,-1150.000,-7082.000,4709.000,-4210.000,0.000,0.000,0
2026-01-30 23:07:14,321214,7538.000,1199.000,-453.000,-5868.000,4012.000,-3402.000,0.000,0.000,0
2026-01-30 23:07:14,321254,7301.000,1283.000,-427.000,-4152.000,2900.000,-2666.000,0.000,0.000,0
2026-01-30 23:07:14,321294,6942.000,1317.000,-950.000,-3195.000,2189.000,-2140.000,0.000,0.000,0
2026-01-30 23:07:14,321334,6658.000,1458.000,-1109.000,-2545.000,1947.000,-1783.000,0.000,0.000,0
2026-01-30 23:07:14,321374,6579.000,930.000,-1530.000,-2061.000,1638.000,-1600.000,0.000,0.000,0
2026-01-30 23:07:14,321414,6339.000,1103.000,-1117.000,-177.000,1004.000,-1150.000,0.000,0.000,0
2026-01-30 23:07:14,321454,7691.000,1258.000,-385.000,892.000,-344.000,-175.000,0.000,0.000,0
2026-01-30 23:07:14,321494,8405.000,1148.000,-147.000,761.000,-1392.000,920.000,0.000,0.000,0
2026-01-30 23:07:14,321534,9880.000,1061.000,104.000,1308.000,-1878.000,1743.000,0.000,0.000,0
2026-01-30 23:07:14,321574,10712.000,850.000,271.000,2238.000,-2399.000,3093.000,0.000,0.000,0
2026-01-30 23:07:14,321614,8900.000,1801.000,2049.000,3661.000,-2599.000,4614.000,0.000,0.000,0
2026-01-30 23:07:14,321656,5232.000,1606.000,3356.000,2183.000,-3402.000,4715.000,0.000,0.000,0
2026-01-30 23:07:14,321695,5930.000,1574.000,3510.000,15.000,-5293.000,3728.000,0.000,0.000,0
2026-01-30 23:07:14,321734,7771.000,830.000,1534.000,-2475.000,-4811.000,2904.000,0.000,0.000,0
2026-01-30 23:07:14,321774,9011.000,1127.000,453.000,-799.000,-3282.000,2935.000,0.000,0.000,0
2026-01-30 23:07:14,321814,8005.000,924.000,1640.000,706.000,-1283.000,2597.000,0.000,0.000,0
2026-01-30 23:07:14,321854,7488.000,1886.000,2451.000,2250.000,-1161.000,1711.000,0.000,0.000,0
2026-01-30 23:07:14,321894,7186.000,1985.000,2100.000,197.000,-1268.000,132.000,0.000,0.000,0
2026-01-30 23:07:14,321937,7472.000,1597.000,1480.000,-749.000,-788.000,-430.000,0.000,0.000,0
2026-01-30 23:07:14,321974,7333.000,1654.000,1543.000,-1430.000,15.000,-679.000,0.000,0.000,0
2026-01-30 23:07:14,322014,6900.000,1330.000,1484.000,-2279.000,395.000,-887.000,0.000,0.000,0
2026-01-30 23:07:14,322054,8468.000,1141.000,941.000,-1992.000,-51.000,-1084.000,0.000,0.000,0
2026-01-30 23:07:14,322094,9130.000,1404.000,545.000,-1166.000,436.000,-1319.000,0.000,0.000,0
2026-01-30 23:07:15,322134,10440.000,1745.000,-44.000,-165.000,212.000,-1330.000,0.000,0.000,0
2026-01-30 23:07:15,322174,10098.000,1826.000,252.000,-391.000,603.000,-1762.000,0.000,0.000,0
2026-01-30 23:07:15,322214,12378.000,2343.000,317.000,-889.000,49.000,-1798.000,0.000,0.000,0
2026-01-30 23:07:15,322254,6624.000,2155.000,624.000,-4961.000,1186.000,-2679.000,0.000,0.000,0
2026-01-30 23:07:15,322294,8580.000,1474.000,-589.000,-6768.000,1025.000,-3271.000,0.000,0.000,0
2026-01-30 23:07:15,322334,10220.000,496.000,-944.000,-7538.000,2099.000,-3227.000,0.000,0.000,0
2026-01-30 23:07:15,322374,9064.000,347.000,-345.000,-5216.000,3320.000,-2953.000,0.000,0.000,0
2026-01-30 23:07:15,322414,7360.000,450.000,161.000,-1468.000,3143.000,-3212.000,0.000,0.000,0
2026-01-30 23:07:15,322454,7120.000,706.000,161.000,705.000,2419.000,-4082.000,0.000,0.000,0
2026-01-30 23:07:15,322494,6967.000,1015.000,53.000,1127.000,2498.000,-4215.000,0.000,0.000,0
2026-01-30 23:07:15,322534,6806.000,922.000,-207.000,678.000,2926.000,-3484.000,0.000,0.000,0
2026-01-30 23:07:15,322574,6353.000,559.000,-300.000,1056.000,3222.000,-2245.000,0.000,0.000,0
2026-01-30 23:07:15,322614,6785.000,858.000,383.000,2569.000,2618.000,-625.000,0.000,0.000,0
2026-01-30 23:07:15,322654,7706.000,1042.000,155.000,4403.000,1559.000,2582.000,0.000,0.000,0
2026-01-30 23:07:15,322694,8855.000,804.000,-588.000,5703.000,1142.000,4343.000,0.000,0.000,0
2026-01-30 23:07:15,322734,10922.000,1160.000,-1671.000,8218.000,778.000,6032.000,0.000,0.000,0
2026-01-30 23:07:15,322774,12797.000,2246.000,-1357.000,11116.000,377.000,8171.000,0.000,0.000,0
2026-01-30 23:07:15,322814,7142.000,3396.000,1519.000,10386.000,395.000,8922.000,0.000,0.000,0
2026-01-30 23:07:15,322854,5659.000,2946.000,2866.000,6306.000,-2059.000,8329.000,0.000,0.000,0
2026-01-30 23:07:15,322894,6970.000,2453.000,1345.000,724.000,-3104.000,6586.000,0.000,0.000,0
2026-01-30 23:07:15,322934,8252.000,1540.000,-1280.000,-988.000,-2539.000,4728.000,0.000,0.000,0
2026-01-30 23:07:15,322974,8802.000,180.000,-952.000,1947.000,-910.000,2756.000,0.000,0.000,0
2026-01-30 23:07:15,323014,7311.000,1894.000,847.000,7268.000,-444.000,685.000,0.000,0.000,0
2026-01-30 23:07:15,323054,7129.000,3198.000,1776.000,7789.000,-1221.000,946.000,0.000,0.000,0
2026-01-30 23:07:15,323094,7013.000,3223.000,1630.000,3898.000,-2008.000,2195.000,0.000,0.000,0
2026-01-30 23:07:16,323134,7508.000,3034.000,1930.000,316.000,-2633.000,2918.000,0.000,0.000,0
2026-01-30 23:07:16,323174,7813.000,2852.000,2388.000,-2209.000,-2758.000,2944.000,0.000,0.000,0
2026-01-30 23:07:16,323214,7307.000,2805.000,2666.000,-4492.000,-2436.000,2363.000,0.000,0.000,0
2026-01-30 23:07:16,323254,8056.000,2080.000,2322.000,-6192.000,-2257.000,1474.000,0.000,0.000,0
2026-01-30 23:07:16,323294,8829.000,1553.000,1852.000,-6075.000,-1199.000,659.000,0.000,0.000,0
2026-01-30 23:07:16,323334,9420.000,1798.000,1202.000,-5160.000,-69.000,137.000,0.000,0.000,0
2026-01-30 23:07:16,323374,9655.000,1896.000,840.000,-4785.000,1398.000,-461.000,0.000,0.000,0
2026-01-30 23:07:16,323414,13043.000,3017.000,835.000,-5195.000,2548.000,-679.000,0.000,0.000,0
2026-01-30 23:07:16,323454,7409.000,2946.000,1142.000,-7740.000,4238.000,-1322.000,0.000,0.000,0
2026-01-30 23:07:16,323494,10148.000,2176.000,-957.000,-9751.000,3468.000,-2098.000,0.000,0.000,0
2026-01-30 23:07:16,323534,11672.000,1948.000,-2040.000,-10121.000,5029.000,-2560.000,0.000,0.000,0
2026-01-30 23:07:16,323574,11227.000,1609.000,-1922.000,-9667.000,6815.000,-2577.000,0.000,0.000,0
2026-01-30 23:07:16,323614,9891.000,959.000,-1596.000,-8269.000,7542.000,-3302.000,0.000,0.000,0
2026-01-30 23:07:16,323656,8654.000,576.000,-1511.000,-5013.000,7270.000,-4692.000,0.000,0.000,0
2026-01-30 23:07:16,323696,8022.000,806.000,-1492.000,-1571.000,6344.000,-6011.000,0.000,0.000,0
2026-01-30 23:07:16,323734,7321.000,1442.000,-1625.000,4.000,5404.000,-6604.000,0.000,0.000,0
2026-01-30 23:07:16,323774,6633.000,1586.000,-1755.000,-424.000,4430.000,-6145.000,0.000,0.000,0
2026-01-30 23:07:16,323814,6944.000,1106.000,-1302.000,-671.000,2395.000,-4554.000,0.000,0.000,0
2026-01-30 23:07:16,323854,6834.000,1628.000,-1950.000,437.000,716.000,-3458.000,0.000,0.000,0
2026-01-30 23:07:16,323894,7513.000,1809.000,-2206.000,1254.000,-1480.000,-2392.000,0.000,0.000,0
2026-01-30 23:07:16,323936,8775.000,1907.000,-559.000,797.000,-3002.000,-1665.000,0.000,0.000,0
2026-01-30 23:07:16,323974,10052.000,1020.000,15.000,-761.000,-3642.000,-829.000,0.000,0.000,0
2026-01-30 23:07:16,324014,8127.000,1701.000,3841.000,-2197.000,-3324.000,574.000,0.000,0.000,0
2026-01-30 23:07:16,324054,5020.000,-604.000,4658.000,-6852.000,-4290.000,2303.000,0.000,0.000,0
2026-01-30 23:07:16,324094,4580.000,-2195.000,3641.000,-4224.000,-5252.000,3285.000,0.000,0.000,0
2026-01-30 23:07:17,324134,7649.000,-1690.000,2978.000,2030.000,-7440.000,4779.000,0.000,0.000,0
2026-01-30 23:07:17,324174,11116.000,287.000,2755.000,3781.000,-7666.000,5556.000,0.000,0.000,0
2026-01-30 23:07:17,324214,10134.000,1885.000,3274.000,3792.000,-4919.000,6965.000,0.000,0.000,0
2026-01-30 23:07:17,324254,8331.000,2313.000,2890.000,2677.000,-3476.000,5926.000,0.000,0.000,0
2026-01-30 23:07:17,324294,7867.000,2307.000,2507.000,-840.000,-2779.000,4480.000,0.000,0.000,0
2026-01-30 23:07:17,324334,7839.000,1859.000,1751.000,-2702.000,-1683.000,3153.000,0.000,0.000,0
2026-01-30 23:07:17,324374,7814.000,1381.000,1654.000,-1723.000,-654.000,1925.000,0.000,0.000,0
2026-01-30 23:07:17,324414,7244.000,1219.000,2087.000,-577.000,273.000,754.000,0.000,0.000,0
2026-01-30 23:07:17,324454,7110.000,2070.000,1824.000,963.000,373.000,-138.000,0.000,0.000,0
2026-01-30 23:07:17,324494,8550.000,2559.000,958.000,728.000,411.000,-656.000,0.000,0.000,0
2026-01-30 23:07:17,324534,8422.000,2526.000,63.000,-408.000,1153.000,-1209.000,0.000,0.000,0
2026-01-30 23:07:17,324574,9578.000,2351.000,197.000,-1048.000,1328.000,-2258.000,0.000,0.000,0
2026-01-30 23:07:17,324614,10981.000,2445.000,-103.000,-872.000,692.000,-3014.000,0.000,0.000,0
2026-01-30 23:07:17,324654,8746.000,2593.000,755.000,-1764.000,1317.000,-3815.000,0.000,0.000,0
2026-01-30 23:07:17,324694,9309.000,2582.000,-60.000,-3802.000,139.000,-4419.000,0.000,0.000,0
2026-01-30 23:07:17,324734,10449.000,2286.000,-987.000,-6386.000,751.000,-4610.000,0.000,0.000,0
2026-01-30 23:07:17,324774,10613.000,1911.000,-1008.000,-8079.000,1756.000,-4317.000,0.000,0.000,0
2026-01-30 23:07:17,324814,9318.000,1077.000,-524.000,-8525.000,2468.000,-4786.000,0.000,0.000,0
2026-01-30 23:07:17,324854,7656.000,411.000,-224.000,-6904.000,2583.000,-6165.000,0.000,0.000,0
2026-01-30 23:07:17,324894,7749.000,515.000,-233.000,-4266.000,2313.000,-7441.000,0.000,0.000,0
2026-01-30 23:07:17,324934,7288.000,868.000,-799.000,-2843.000,2918.000,-7176.000,0.000,0.000,0
2026-01-30 23:07:17,324974,6322.000,750.000,-706.000,-1709.000,2947.000,-5571.000,0.000,0.000,0
2026-01-30 23:07:17,325014,5382.000,931.000,-70.000,-705.000,2037.000,-3221.000,0.000,0.000,0
2026-01-30 23:07:17,325054,5619.000,1108.000,511.000,536.000,441.000,-335.000,0.000,0.000,0
2026-01-30 23:07:17,325094,6694.000,1199.000,440.000,1700.000,-1021.000,2598.000,0.000,0.000,0
2026-01-30 23:07:18,325134,8169.000,1318.000,90.000,2192.000,-1899.000,5205.000,0.000,0.000,0
2026-01-30 23:07:18,325174,10135.000,1488.000,429.000,2341.000,-2605.000,7569.000,0.000,0.000,0
2026-01-30 23:07:18,325214,13681.000,2242.000,498.000,2798.000,-3875.000,9798.000,0.000,0.000,0
2026-01-30 23:07:18,325254,9236.000,2792.000,2572.000,1200.000,-3268.000,10239.000,0.000,0.000,0
2026-01-30 23:07:18,325294,4795.000,1607.000,2583.000,-1477.000,-4117.000,8705.000,0.000,0.000,0
2026-01-30 23:07:18,325334,8333.000,1465.000,1302.000,-3592.000,-5427.000,6131.000,0.000,0.000,0
2026-01-30 23:07:18,325374,9100.000,2221.000,-361.000,-1883.000,-3115.000,5234.000,0.000,0.000,0
2026-01-30 23:07:18,325414,8895.000,1438.000,942.000,-662.000,-1050.000,3742.000,0.000,0.000,0
2026-01-30 23:07:18,325454,7962.000,1529.000,2607.000,584.000,-631.000,1067.000,0.000,0.000,0
2026-01-30 23:07:18,325494,7419.000,1616.000,2555.000,1087.000,-870.000,-742.000,0.000,0.000,0
2026-01-30 23:07:18,325534,7587.000,2449.000,2367.000,1223.000,-935.000,-1384.000,0.000,0.000,0
2026-01-30 23:07:18,325574,7714.000,2462.000,2025.000,-1068.000,-596.000,-1076.000,0.000,0.000,0
2026-01-30 23:07:18,325614,8089.000,2341.000,1556.000,-3703.000,245.000,-842.000,0.000,0.000,0
2026-01-30 23:07:18,325656,7778.000,1407.000,1402.000,-5690.000,1255.000,-1280.000,0.000,0.000,0
2026-01-30 23:07:18,325695,7557.000,458.000,497.000,-4064.000,2062.000,-2793.000,0.000,0.000,0
2026-01-30 23:07:18,325734,8213.000,710.000,-186.000,-1514.000,2155.000,-3402.000,0.000,0.000,0
2026-01-30 23:07:18,325774,8405.000,1545.000,-374.000,121.000,2277.000,-3572.000,0.000,0.000,0
2026-01-30 23:07:18,325814,9668.000,2149.000,-144.000,250.000,1462.000,-3348.000,0.000,0.000,0
2026-01-30 23:07:18,325854,9758.000,1904.000,-174.000,-496.000,928.000,-3131.000,0.000,0.000,0
2026-01-30 23:07:18,325894,10135.000,2207.000,-357.000,-714.000,-323.000,-2675.000,0.000,0.000,0
2026-01-30 23:07:18,325937,7691.000,2688.000,490.000,-2461.000,-700.000,-2177.000,0.000,0.000,0
2026-01-30 23:07:18,325974,7849.000,2636.000,59.000,-5952.000,-1488.000,-2042.000,0.000,0.000,0
2026-01-30 23:07:18,326014,9678.000,1848.000,-1254.000,-8305.000,-1040.000,-2236.000,0.000,0.000,0
2026-01-30 23:07:18,326054,10007.000,1358.000,-1274.000,-8786.000,231.000,-1979.000,0.000,0.000,0
2026-01-30 23:07:18,326094,8081.000,756.000,66.000,-6696.000,931.000,-3063.000,0.000,0.000,0
2026-01-30 23:07:19,326134,7504.000,555.000,23.000,-4779.000,784.000,-4515.000,0.000,0.000,0
2026-01-30 23:07:19,326174,6942.000,587.000,-73.000,-2829.000,1082.000,-5506.000,0.000,0.000,0
2026-01-30 23:07:19,326214,6581.000,586.000,-119.000,-1679.000,1326.000,-5233.000,0.000,0.000,0
2026-01-30 23:07:19,326254,6127.000,600.000,185.000,-530.000,1362.000,-3707.000,0.000,0.000,0
2026-01-30 23:07:19,326294,5520.000,1151.000,750.000,663.000,810.000,-1426.000,0.000,0.000,0
2026-01-30 23:07:19,326334,6298.000,1139.000,836.000,1183.000,-326.000,1178.000,0.000,0.000,0
2026-01-30 23:07:19,326374,8061.000,1175.000,422.000,1785.000,-1018.000,3559.000,0.000,0.000,0
2026-01-30 23:07:19,326414,9327.000,1502.000,277.000,2299.000,-946.000,5403.000,0.000,0.000,0
2026-01-30 23:07:19,326454,10493.000,1274.000,334.000,2769.000,-1002.000,6387.000,0.000,0.000,0
2026-01-30 23:07:19,326494,13336.000,1691.000,149.000,4229.000,-1849.000,6643.000,0.000,0.000,0
2026-01-30 23:07:19,326534,10497.000,2381.000,1782.000,3880.000,-836.000,6351.000,0.000,0.000,0
2026-01-30 23:07:19,326574,5055.000,2016.000,3449.000,1835.000,-906.000,4960.000,0.000,0.000,0
2026-01-30 23:07:19,326614,5054.000,798.000,2484.000,835.000,-1953.000,3214.000,0.000,0.000,0
2026-01-30 23:07:19,326654,6472.000,813.000,228.000,1598.000,-1268.000,2020.000,0.000,0.000,0
2026-01-30 23:07:19,326694,8485.000,1023.000,-1301.000,3416.000,339.000,1558.000,0.000,0.000,0
2026-01-30 23:07:19,326734,8239.000,1290.000,-586.000,5978.000,2582.000,334.000,0.000,0.000,0
2026-01-30 23:07:19,326774,6838.000,1287.000,1638.000,7461.000,2427.000,-1573.000,0.000,0.000,0
2026-01-30 23:07:19,326814,6383.000,1807.000,2671.000,7943.000,812.000,-2900.000,0.000,0.000,0
2026-01-30 23:07:19,326854,6542.000,2048.000,1956.000,4418.000,-861.000,-1892.000,0.000,0.000,0
2026-01-30 23:07:19,326894,6717.000,1424.000,1545.000,1202.000,-1101.000,-796.000,0.000,0.000,0
2026-01-30 23:07:19,326934,7324.000,1250.000,2068.000,-274.000,-931.000,206.000,0.000,0.000,0
2026-01-30 23:07:19,326974,6966.000,716.000,2462.000,-424.000,-650.000,759.000,0.000,0.000,0
2026-01-30 23:07:19,327014,7738.000,791.000,2126.000,1054.000,-1099.000,817.000,0.000,0.000,0
2026-01-30 23:07:19,327054,8165.000,1475.000,1705.000,2557.000,-985.000,855.000,0.000,0.000,0
2026-01-30 23:07:19,327094,8407.000,2060.000,1350.000,3012.000,-949.000,929.000,0.000,0.000,0
2026-01-30 23:07:20,327134,8702.000,2407.000,1578.000,1594.000,-754.000,870.000,0.000,0.000,0
2026-01-30 23:07:20,327174,11446.000,2499.000,216.000,333.000,-1638.000,1002.000,0.000,0.000,0
2026-01-30 23:07:20,327214,6000.000,2619.000,1754.000,-366.000,399.000,291.000,0.000,0.000,0
2026-01-30 23:07:20,327254,7792.000,2097.000,886.000,-2813.000,-865.000,-966.000,0.000,0.000,0
2026-01-30 23:07:20,327294,10093.000,1528.000,-375.000,-4431.000,126.000,-2305.000,0.000,0.000,0
2026-01-30 23:07:20,327334,11324.000,1486.000,-848.000,-3640.000,2007.000,-2731.000,0.000,0.000,0
2026-01-30 23:07:20,327374,8887.000,958.000,448.000,-2519.000,3430.000,-4169.000,0.000,0.000,0
2026-01-30 23:07:20,327414,8134.000,145.000,798.000,-1909.000,3023.000,-6540.000,0.000,0.000,0
2026-01-30 23:07:20,327454,8438.000,330.000,134.000,-416.000,2999.000,-8014.000,0.000,0.000,0
2026-01-30 23:07:20,327494,7824.000,680.000,-287.000,1142.000,3670.000,-7576.000,0.000,0.000,0
2026-01-30 23:07:20,327534,7317.000,1080.000,317.000,1913.000,3852.000,-5834.000,0.000,0.000,0
2026-01-30 23:07:20,327574,6795.000,1223.000,532.000,1435.000,3711.000,-3574.000,0.000,0.000,0
2026-01-30 23:07:20,327614,6866.000,642.000,535.000,1020.000,2575.000,159.000,0.000,0.000,0
2026-01-30 23:07:20,327656,7998.000,533.000,571.000,1933.000,1832.000,2202.000,0.000,0.000,0
2026-01-30 23:07:20,327694,8190.000,718.000,412.000,2895.000,1993.000,3951.000,0.000,0.000,0
2026-01-30 23:07:20,327734,10578.000,628.000,-779.000,5311.000,1511.000,5535.000,0.000,0.000,0
2026-01-30 23:07:20,327774,11637.000,1525.000,-225.000,8136.000,2084.000,6763.000,0.000,0.000,0
2026-01-30 23:07:20,327814,8677.000,1748.000,494.000,8929.000,2398.000,7315.000,0.000,0.000,0
2026-01-30 23:07:20,327854,7347.000,1610.000,1218.000,8733.000,1535.000,6939.000,0.000,0.000,0
2026-01-30 23:07:20,327894,7287.000,1791.000,590.000,7177.000,1237.000,6461.000,0.000,0.000,0
2026-01-30 23:07:20,327936,8121.000,1601.000,-1120.000,6261.000,1801.000,6618.000,0.000,0.000,0
2026-01-30 23:07:20,327974,9368.000,1267.000,-1503.000,7929.000,2759.000,6470.000,0.000,0.000,0
2026-01-30 23:07:20,328014,8728.000,1863.000,-802.000,12791.000,3082.000,4851.000,0.000,0.000,0
2026-01-30 23:07:20,328054,7148.000,1878.000,333.000,14189.000,2060.000,3363.000,0.000,0.000,0
2026-01-30 23:07:20,328094,6746.000,2409.000,733.000,13002.000,654.000,2449.000,0.000,0.000,0
2026-01-30 23:07:21,328134,6847.000,2455.000,521.000,9220.000,239.000,2293.000,0.000,0.000,0
2026-01-30 23:07:21,328174,6956.000,2250.000,334.000,6687.000,274.000,2277.000,0.000,0.000,0
2026-01-30 23:07:21,328214,6923.000,1653.000,1348.000,5857.000,176.000,2216.000,0.000,0.000,0
2026-01-30 23:07:21,328254,7175.000,1578.000,1855.000,6216.000,-339.000,1784.000,0.000,0.000,0
2026-01-30 23:07:21,328294,7506.000,1680.000,1990.000,6666.000,-835.000,1443.000,0.000,0.000,0
2026-01-30 23:07:21,328334,7359.000,1730.000,2346.000,6288.000,-929.000,929.000,0.000,0.000,0
2026-01-30 23:07:21,328374,7354.000,1575.000,2456.000,4755.000,-997.000,349.000,0.000,0.000,0
2026-01-30 23:07:21,328414,7296.000,1482.000,2276.000,4529.000,-958.000,332.000,0.000,0.000,0
2026-01-30 23:07:21,328454,7479.000,1644.000,2418.000,4737.000,-1109.000,544.000,0.000,0.000,0
2026-01-30 23:07:21,328494,7817.000,1909.000,2314.000,4453.000,-1382.000,738.000,0.000,0.000,0
2026-01-30 23:07:21,328534,8412.000,2014.000,2283.000,3811.000,-1558.000,649.000,0.000,0.000,0
2026-01-30 23:07:21,328574,8787.000,2186.000,1936.000,3204.000,-1331.000,265.000,0.000,0.000,0
2026-01-30 23:07:21,328614,8596.000,2232.000,2163.000,2204.000,-929.000,-306.000,0.000,0.000,0
2026-01-30 23:07:21,328654,8072.000,1646.000,2651.000,1007.000,-467.000,-1193.000,0.000,0.000,0
2026-01-30 23:07:21,328694,8624.000,1620.000,1918.000,1397.000,90.000,-1744.000,0.000,0.000,0
2026-01-30 23:07:21,328734,8413.000,1913.000,1272.000,1554.000,1203.000,-1957.000,0.000,0.000,0
2026-01-30 23:07:21,328774,8779.000,1515.000,423.000,999.000,2091.000,-2282.000,0.000,0.000,0
2026-01-30 23:07:21,328814,8098.000,1458.000,-49.000,1962.000,2451.000,-2362.000,0.000,0.000,0
2026-01-30 23:07:21,328854,6877.000,1551.000,508.000,2634.000,2189.000,-2172.000,0.000,0.000,0
2026-01-30 23:07:21,328894,6561.000,1665.000,256.000,2464.000,1448.000,-1749.000,0.000,0.000,0
2026-01-30 23:07:21,328934,6571.000,1696.000,-104.000,1808.000,967.000,-935.000,0.000,0.000,0
2026-01-30 23:07:21,328974,6973.000,1537.000,102.000,1234.000,476.000,149.000,0.000,0.000,0
2026-01-30 23:07:21,329014,7451.000,1468.000,148.000,1531.000,-6.000,1264.000,0.000,0.000,0
2026-01-30 23:07:21,329054,7147.000,1353.000,419.000,2321.000,-304.000,1999.000,0.000,0.000,0
2026-01-30 23:07:21,329094,7880.000,1527.000,847.000,2953.000,-793.000,2269.000,0.000,0.000,0
2026-01-30 23:07:22,329134,9800.000,1780.000,1194.000,1932.000,-884.000,3165.000,0.000,0.000,0
2026-01-30 23:07:22,329174,10555.000,1326.000,951.000,1573.000,-331.000,3648.000,0.000,0.000,0
2026-01-30 23:07:22,329214,11908.000,1004.000,479.000,3509.000,181.000,3706.000,0.000,0.000,0
2026-01-30 23:07:22,329254,11594.000,2055.000,1075.000,6380.000,879.000,3363.000,0.000,0.000,0
2026-01-30 23:07:22,329294,6765.000,2439.000,3264.000,5534.000,1444.000,2618.000,0.000,0.000,0
2026-01-30 23:07:22,329334,3822.000,1874.000,3367.000,2392.000,520.000,1186.000,0.000,0.000,0
2026-01-30 23:07:22,329374,5367.000,1656.000,1440.000,259.000,-40.000,158.000,0.000,0.000,0
2026-01-30 23:07:22,329414,6900.000,985.000,-314.000,125.000,1220.000,-448.000,0.000,0.000,0
2026-01-30 23:07:22,329454,7531.000,737.000,-586.000,2772.000,2589.000,-1235.000,0.000,0.000,0
2026-01-30 23:07:22,329494,6536.000,974.000,769.000,5578.000,2320.000,-2497.000,0.000,0.000,0
2026-01-30 23:07:22,329534,6292.000,2295.000,2242.000,5428.000,-661.000,-2974.000,0.000,0.000,0
2026-01-30 23:07:22,329574,6253.000,1959.000,2290.000,1067.000,-1892.000,-1615.000,0.000,0.000,0
2026-01-30 23:07:22,329614,6634.000,1182.000,2083.000,-2717.000,-2401.000,-367.000,0.000,0.000,0
2026-01-30 23:07:22,329657,6876.000,535.000,2486.000,-3084.000,-2130.000,642.000,0.000,0.000,0
2026-01-30 23:07:22,329695,7377.000,250.000,2491.000,-1774.000,-2034.000,1399.000,0.000,0.000,0
2026-01-30 23:07:22,329736,9259.000,943.000,2269.000,256.000,-2013.000,2046.000,0.000,0.000,0
2026-01-30 23:07:22,329774,10530.000,1436.000,1346.000,1763.000,-1995.000,2453.000,0.000,0.000,0
2026-01-30 23:07:22,329814,12409.000,2408.000,1342.000,2076.000,-1524.000,2274.000,0.000,0.000,0
2026-01-30 23:07:22,329854,10303.000,2538.000,1959.000,190.000,-434.000,1342.000,0.000,0.000,0
2026-01-30 23:07:22,329894,8855.000,1841.000,507.000,-1799.000,-8.000,-1328.000,0.000,0.000,0
2026-01-30 23:07:22,329937,9567.000,1822.000,-247.000,-3815.000,1667.000,-2864.000,0.000,0.000,0
2026-01-30 23:07:22,329975,9009.000,859.000,156.000,-3933.000,2952.000,-3648.000,0.000,0.000,0
2026-01-30 23:07:22,330014,7440.000,502.000,691.000,-2210.000,3206.000,-4983.000,0.000,0.000,0
2026-01-30 23:07:22,330054,6670.000,746.000,1002.000,-270.000,2378.000,-5972.000,0.000,0.000,0
2026-01-30 23:07:22,330094,6995.000,1126.000,1084.000,-111.000,1869.000,-5903.000,0.000,0.000,0
2026-01-30 23:07:23,330134,6999.000,1062.000,618.000,-1134.000,2241.000,-4796.000,0.000,0.000,0
2026-01-30 23:07:23,330174,6289.000,631.000,659.000,-1392.000,2758.000,-3254.000,0.000,0.000,0
2026-01-30 23:07:23,330214,5906.000,370.000,1083.000,-725.000,2218.000,-1772.000,0.000,0.000,0
2026-01-30 23:07:23,330254,6954.000,385.000,1377.000,572.000,1008.000,112.000,0.000,0.000,0
2026-01-30 23:07:23,330294,8855.000,939.000,1206.000,1659.000,39.000,3620.000,0.000,0.000,0
2026-01-30 23:07:23,330334,10266.000,782.000,710.000,2194.000,-591.000,5238.000,0.000,0.000,0
2026-01-30 23:07:23,330374,11336.000,895.000,821.000,3737.000,-882.000,6569.000,0.000,0.000,0
2026-01-30 23:07:23,330414,9701.000,1486.000,1535.000,5369.000,-751.000,7176.000,0.000,0.000,0
2026-01-30 23:07:23,330454,7670.000,1582.000,2281.000,5493.000,-1198.000,6196.000,0.000,0.000,0
2026-01-30 23:07:23,330494,7966.000,1847.000,2091.000,3648.000,-1584.000,4110.000,0.000,0.000,0
2026-01-30 23:07:23,330534,7366.000,1265.000,979.000,1940.000,-497.000,2312.000,0.000,0.000,0
2026-01-30 23:07:23,330574,6208.000,786.000,990.000,3778.000,854.000,985.000,0.000,0.000,0
2026-01-30 23:07:23,330614,4805.000,1268.000,1414.000,5720.000,983.000,50.000,0.000,0.000,0
2026-01-30 23:07:23,330654,5496.000,2143.000,1670.000,5982.000,203.000,437.000,0.000,0.000,0
2026-01-30 23:07:23,330694,5956.000,2476.000,2345.000,2789.000,-957.000,1544.000,0.000,0.000,0
2026-01-30 23:07:23,330734,7151.000,2411.000,3117.000,537.000,-1922.000,2430.000,0.000,0.000,0
2026-01-30 23:07:23,330774,8043.000,2145.000,2521.000,-546.000,-2145.000,2235.000,0.000,0.000,0
2026-01-30 23:07:23,330814,8534.000,2152.000,1792.000,-747.000,-1419.000,1523.000,0.000,0.000,0
2026-01-30 23:07:23,330854,10501.000,2458.000,855.000,-128.000,-1043.000,515.000,0.000,0.000,0
2026-01-30 23:07:23,330894,12118.000,3014.000,1376.000,-447.000,-234.000,-578.000,0.000,0.000,0
2026-01-30 23:07:23,330934,9137.000,2867.000,2050.000,-2413.000,433.000,-1779.000,0.000,0.000,0
2026-01-30 23:07:23,330974,11707.000,2725.000,-190.000,-4737.000,-132.000,-3015.000,0.000,0.000,0
2026-01-30 23:07:23,331014,11860.000,1920.000,-739.000,-6385.000,1820.000,-3809.000,0.000,0.000,0
2026-01-30 23:07:23,331054,8197.000,719.000,-49.000,-4896.000,3328.000,-5471.000,0.000,0.000,0
2026-01-30 23:07:23,331094,6304.000,725.000,639.000,-3176.000,2773.000,-7283.000,0.000,0.000,0
2026-01-30 23:07:24,331134,5833.000,1012.000,671.000,-2922.000,2241.000,-8007.000,0.000,0.000,0
2026-01-30 23:07:24,331174,6015.000,1244.000,275.000,-3748.000,2318.000,-7466.000,0.000,0.000,0
2026-01-30 23:07:24,331214,6083.000,613.000,123.000,-3972.000,2657.000,-5811.000,0.000,0.000,0
2026-01-30 23:07:24,331254,5349.000,504.000,512.000,-3164.000,2485.000,-3782.000,0.000,0.000,0
2026-01-30 23:07:24,331294,6394.000,596.000,839.000,-1951.000,1095.000,-1257.000,0.000,0.000,0
2026-01-30 23:07:24,331334,7827.000,786.000,905.000,-635.000,-189.000,1928.000,0.000,0.000,0
2026-01-30 23:07:24,331374,8527.000,1052.000,1353.000,-171.000,-1170.000,4411.000,0.000,0.000,0
2026-01-30 23:07:24,331414,11476.000,498.000,688.000,-163.000,-2551.000,6184.000,0.000,0.000,0
2026-01-30 23:07:24,331454,9656.000,835.000,1124.000,2013.000,-2552.000,7390.000,0.000,0.000,0
2026-01-30 23:07:24,331494,9175.000,990.000,1371.000,3836.000,-3445.000,7157.000,0.000,0.000,0
2026-01-30 23:07:24,331534,10546.000,1683.000,1315.000,4115.000,-3730.000,6343.000,0.000,0.000,0
2026-01-30 23:07:24,331574,8596.000,1837.000,1615.000,3266.000,-2705.000,5036.000,0.000,0.000,0
2026-01-30 23:07:24,331614,6841.000,1116.000,1745.000,2746.000,-2276.000,3390.000,0.000,0.000,0
2026-01-30 23:07:24,331656,5207.000,1114.000,1852.000,3457.000,-1625.000,1916.000,0.000,0.000,0
2026-01-30 23:07:24,331695,4188.000,1510.000,1785.000,4253.000,-1397.000,1624.000,0.000,0.000,0
2026-01-30 23:07:24,331734,4658.000,1899.000,1719.000,4154.000,-1535.000,1878.000,0.000,0.000,0
2026-01-30 23:07:24,331774,5817.000,2643.000,2299.000,2749.000,-1855.000,2709.000,0.000,0.000,0
2026-01-30 23:07:24,331814,7736.000,2670.000,2301.000,-383.000,-2299.000,3542.000,0.000,0.000,0
2026-01-30 23:07:24,331854,9041.000,2959.000,2421.000,-1944.000,-2315.000,2700.000,0.000,0.000,0
2026-01-30 23:07:24,331894,9691.000,2538.000,1377.000,-4007.000,-1550.000,812.000,0.000,0.000,0
2026-01-30 23:07:24,331937,12900.000,2200.000,8.000,-4158.000,-1189.000,-1279.000,0.000,0.000,0
2026-01-30 23:07:24,331974,12990.000,2140.000,1341.000,-3943.000,851.000,-2960.000,0.000,0.000,0
2026-01-30 23:07:24,332014,11367.000,2571.000,900.000,-4788.000,1485.000,-4379.000,0.000,0.000,0
2026-01-30 23:07:24,332054,12919.000,2390.000,-434.000,-7221.000,2167.000,-5203.000,0.000,0.000,0
2026-01-30 23:07:24,332094,12991.000,1664.000,-1253.000,-9556.000,4131.000,-5428.000,0.000,0.000,0
2026-01-30 23:07:25,332134,9930.000,1008.000,-1138.000,-9477.000,6174.000,-5425.000,0.000,0.000,0
2026-01-30 23:07:25,332174,7096.000,551.000,-330.000,-7776.000,6236.000,-6151.000,0.000,0.000,0
2026-01-30 23:07:25,332214,6280.000,817.000,-685.000,-5110.000,5096.000,-7395.000,0.000,0.000,0
2026-01-30 23:07:25,332254,6834.000,1027.000,-945.000,-4416.000,5024.000,-6967.000,0.000,0.000,0
2026-01-30 23:07:25,332294,6615.000,859.000,-989.000,-4048.000,5306.000,-5913.000,0.000,0.000,0
2026-01-30 23:07:25,332334,7134.000,211.000,-1185.000,-2696.000,5063.000,-4550.000,0.000,0.000,0
2026-01-30 23:07:25,332374,7314.000,79.000,-939.000,474.000,4464.000,-2793.000,0.000,0.000,0
2026-01-30 23:07:25,332414,6772.000,508.000,76.000,3182.000,3475.000,-1249.000,0.000,0.000,0
2026-01-30 23:07:25,332454,6573.000,490.000,708.000,3416.000,1694.000,163.000,0.000,0.000,0
2026-01-30 23:07:25,332494,8495.000,720.000,630.000,3262.000,-714.000,3566.000,0.000,0.000,0
2026-01-30 23:07:25,332534,9226.000,114.000,2301.000,3508.000,-3332.000,7718.000,0.000,0.000,0
2026-01-30 23:07:25,332574,11836.000,242.000,2214.000,4474.000,-7440.000,11320.000,0.000,0.000,0
2026-01-30 23:07:25,332614,13145.000,1185.000,2648.000,4163.000,-7394.000,10993.000,0.000,0.000,0
2026-01-30 23:07:25,332654,10100.000,1569.000,1926.000,3268.000,-5349.000,9293.000,0.000,0.000,0
2026-01-30 23:07:25,332694,6105.000,307.000,1011.000,2895.000,-2658.000,7165.000,0.000,0.000,0
2026-01-30 23:07:25,332734,6384.000,1066.000,1487.000,6694.000,-2651.000,5735.000,0.000,0.000,0
2026-01-30 23:07:25,332774,5882.000,1720.000,1428.000,9183.000,-1828.000,5051.000,0.000,0.000,0
2026-01-30 23:07:25,332814,5971.000,2935.000,1878.000,8838.000,-1764.000,5156.000,0.000,0.000,0
2026-01-30 23:07:25,332854,6388.000,2898.000,2308.000,6105.000,-1883.000,5575.000,0.000,0.000,0
2026-01-30 23:07:25,332894,7483.000,3167.000,2125.000,5282.000,-1790.000,4999.000,0.000,0.000,0
2026-01-30 23:07:25,332934,8338.000,4416.000,2164.000,3905.000,-1117.000,3308.000,0.000,0.000,0
2026-01-30 23:07:25,332974,9570.000,4111.000,1294.000,-561.000,-1048.000,-1392.000,0.000,0.000,0
2026-01-30 23:07:25,333014,12157.000,4540.000,1948.000,-2719.000,-957.000,-4172.000,0.000,0.000,0
2026-01-30 23:07:25,333054,11667.000,3870.000,1773.000,-6090.000,31.000,-5768.000,0.000,0.000,0
2026-01-30 23:07:25,333094,13006.000,3402.000,934.000,-8418.000,1010.000,-8218.000,0.000,0.000,0
2026-01-30 23:07:26,333134,14171.000,3851.000,-18.000,-10279.000,2871.000,-10109.000,0.000,0.000,0
2026-01-30 23:07:26,333174,13248.000,3473.000,-622.000,-14023.000,4144.000,-10248.000,0.000,0.000,0
2026-01-30 23:07:26,333214,10807.000,2806.000,-1111.000,-14161.000,4712.000,-11367.000,0.000,0.000,0
2026-01-30 23:07:26,333254,10053.000,2997.000,-1086.000,-12059.000,4719.000,-12480.000,0.000,0.000,0
2026-01-30 23:07:26,333294,9908.000,3068.000,-1414.000,-11485.000,5015.000,-13083.000,0.000,0.000,0
2026-01-30 23:07:26,333334,8776.000,2663.000,-1226.000,-9897.000,5713.000,-11472.000,0.000,0.000,0
2026-01-30 23:07:26,333374,7713.000,3101.000,-655.000,-4571.000,5711.000,-10737.000,0.000,0.000,0
2026-01-30 23:07:26,333414,6512.000,4269.000,746.000,-675.000,4776.000,-9760.000,0.000,0.000,0
2026-01-30 23:07:26,333454,6649.000,5093.000,1191.000,2409.000,3529.000,-9102.000,0.000,0.000,0
2026-01-30 23:07:26,333494,4598.000,5211.000,2721.000,8063.000,3011.000,-10108.000,0.000,0.000,0
2026-01-30 23:07:26,333534,2044.000,6915.000,4962.000,10324.000,1404.000,-11133.000,0.000,0.000,0
2026-01-30 23:07:26,333574,845.000,5783.000,4113.000,10890.000,-381.000,-9009.000,0.000,0.000,0
2026-01-30 23:07:26,333616,437.000,8333.000,2343.000,13847.000,-855.000,-6970.000,0.000,0.000,0
2026-01-30 23:07:26,333656,-105.000,7123.000,2460.000,9630.000,-557.000,-5361.000,0.000,0.000,0
2026-01-30 23:07:26,333694,-186.000,5492.000,967.000,9186.000,-895.000,-4383.000,0.000,0.000,0
2026-01-30 23:07:26,333734,-387.000,7075.000,1108.000,8603.000,-241.000,-1436.000,0.000,0.000,0
2026-01-30 23:07:26,333774,-1232.000,5748.000,-445.000,8729.000,222.000,-1102.000,0.000,0.000,0
2026-01-30 23:07:26,333814,-2949.000,6668.000,-1029.000,8387.000,328.000,-1550.000,0.000,0.000,0
2026-01-30 23:07:26,333854,-2484.000,4782.000,-2423.000,7497.000,-1356.000,-1423.000,0.000,0.000,0
2026-01-30 23:07:26,333894,-2250.000,5790.000,-2656.000,10628.000,-2896.000,-774.000,0.000,0.000,0
2026-01-30 23:07:26,333936,-1534.000,6308.000,-2543.000,8325.000,-3652.000,-550.000,0.000,0.000,0
2026-01-30 23:07:26,333974,-1995.000,5196.000,-3898.000,5982.000,-3751.000,-232.000,0.000,0.000,0
2026-01-30 23:07:26,334014,-1624.000,6616.000,-4231.000,5128.000,-3645.000,423.000,0.000,0.000,0
2026-01-30 23:07:26,334054,-2456.000,5149.000,-5138.000,3322.000,-2987.000,1184.000,0.000,0.000,0
2026-01-30 23:07:26,334094,-3137.000,6590.000,-6892.000,3792.000,-2942.000,2069.000,0.000,0.000,0
2026-01-30 23:07:27,334134,-4016.000,6648.000,-7330.000,2696.000,-2092.000,3161.000,0.000,0.000,0
2026-01-30 23:07:27,334174,-3617.000,6852.000,-9644.000,1997.000,-790.000,3777.000,0.000,0.000,0
2026-01-30 23:07:27,334214,-2655.000,4570.000,-6517.000,-334.000,-950.000,3548.000,0.000,0.000,0
2026-01-30 23:07:27,334254,-2648.000,4224.000,-7254.000,191.000,-845.000,2761.000,0.000,0.000,0
2026-01-30 23:07:27,334294,-2870.000,4385.000,-6903.000,-1163.000,-1068.000,2420.000,0.000,0.000,0
2026-01-30 23:07:27,334334,-2556.000,3726.000,-6374.000,-1695.000,-1385.000,2007.000,0.000,0.000,0
2026-01-30 23:07:27,334374,-2361.000,4072.000,-6000.000,-666.000,-1660.000,1730.000,0.000,0.000,0
2026-01-30 23:07:27,334414,-2125.000,4417.000,-5896.000,-1262.000,-2048.000,1411.000,0.000,0.000,0
2026-01-30 23:07:27,334454,-2189.000,4561.000,-5687.000,-728.000,-1840.000,861.000,0.000,0.000,0
2026-01-30 23:07:27,334494,-2760.000,5137.000,-5731.000,-758.000,-1128.000,315.000,0.000,0.000,0
2026-01-30 23:07:27,334534,-2629.000,5505.000,-5379.000,-908.000,-994.000,329.000,0.000,0.000,0
2026-01-30 23:07:27,334574,-2387.000,5780.000,-5327.000,-1010.000,-814.000,143.000,0.000,0.000,0
2026-01-30 23:07:27,334614,-2083.000,5841.000,-5457.000,-1432.000,-713.000,-179.000,0.000,0.000,0
2026-01-30 23:07:27,334654,-2053.000,6336.000,-6150.000,-831.000,164.000,-261.000,0.000,0.000,0
2026-01-30 23:07:27,334694,-2058.000,6281.000,-5358.000,258.000,493.000,150.000,0.000,0.000,0
2026-01-30 23:07:27,334734,-2198.000,5664.000,-3169.000,1386.000,-125.000,679.000,0.000,0.000,0
2026-01-30 23:07:27,334774,-2427.000,6018.000,-3080.000,1119.000,-365.000,919.000,0.000,0.000,0
2026-01-30 23:07:27,334814,-2465.000,5369.000,-3946.000,-1172.000,-59.000,565.000,0.000,0.000,0
2026-01-30 23:07:27,334854,-2740.000,4999.000,-5375.000,-1112.000,537.000,264.000,0.000,0.000,0
2026-01-30 23:07:27,334894,-2423.000,6461.000,-5996.000,936.000,916.000,457.000,0.000,0.000,0
2026-01-30 23:07:27,334934,-2044.000,6190.000,-4658.000,1410.000,564.000,554.000,0.000,0.000,0
2026-01-30 23:07:27,334974,-1607.000,5919.000,-3651.000,1133.000,-26.000,672.000,0.000,0.000,0
2026-01-30 23:07:27,335014,-1533.000,6351.000,-3794.000,1128.000,-249.000,879.000,0.000,0.000,0
2026-01-30 23:07:27,335054,-1650.000,7029.000,-4607.000,-225.000,-185.000,1362.000,0.000,0.000,0
2026-01-30 23:07:27,335094,-1938.000,7292.000,-5103.000,-771.000,157.000,2043.000,0.000,0.000,0
2026-01-30 23:07:28,335134,-2700.000,8552.000,-4640.000,-830.000,60.000,2107.000,0.000,0.000,0
2026-01-30 23:07:28,335174,-4545.000,8560.000,-4159.000,-187.000,-1032.000,1164.000,0.000,0.000,0
2026-01-30 23:07:28,335214,-4781.000,8850.000,-2638.000,-736.000,-3402.000,307.000,0.000,0.000,0
2026-01-30 23:07:28,335254,-4898.000,8429.000,-4345.000,-2059.000,-5606.000,-2269.000,0.000,0.000,0
2026-01-30 23:07:28,335294,-3696.000,7629.000,-4853.000,-3228.000,-6689.000,-3416.000,0.000,0.000,0
2026-01-30 23:07:28,335334,-2855.000,5180.000,-5021.000,-3458.000,-6137.000,-3899.000,0.000,0.000,0
2026-01-30 23:07:28,335374,-2332.000,3727.000,-4655.000,-1309.000,-5646.000,-3625.000,0.000,0.000,0
2026-01-30 23:07:28,335414,-2334.000,3747.000,-4214.000,355.000,-5072.000,-2977.000,0.000,0.000,0
2026-01-30 23:07:28,335454,-2709.000,3587.000,-4513.000,463.000,-4464.000,-2273.000,0.000,0.000,0
2026-01-30 23:07:28,335494,-3900.000,3394.000,-4714.000,981.000,-3574.000,-1321.000,0.000,0.000,0
2026-01-30 23:07:28,335534,-4595.000,4436.000,-4464.000,2411.000,-3051.000,-188.000,0.000,0.000,0
2026-01-30 23:07:28,335574,-5066.000,4505.000,-4810.000,4323.000,-2536.000,398.000,0.000,0.000,0
2026-01-30 23:07:28,335616,-4734.000,5024.000,-4194.000,5275.000,-2490.000,1647.000,0.000,0.000,0
2026-01-30 23:07:28,335655,-4686.000,5109.000,-4055.000,4174.000,-2209.000,2151.000,0.000,0.000,0
2026-01-30 23:07:28,335694,-5052.000,4999.000,-4374.000,3721.000,-2142.000,2647.000,0.000,0.000,0
2026-01-30 23:07:28,335734,-5272.000,4956.000,-4492.000,3323.000,-2250.000,2931.000,0.000,0.000,0
2026-01-30 23:07:28,335774,-5194.000,4915.000,-4571.000,3713.000,-2390.000,3128.000,0.000,0.000,0
2026-01-30 23:07:28,335814,-4823.000,5217.000,-4832.000,3732.000,-2742.000,3345.000,0.000,0.000,0
2026-01-30 23:07:28,335854,-4422.000,5790.000,-4565.000,3159.000,-3284.000,3371.000,0.000,0.000,0
2026-01-30 23:07:28,335894,-4121.000,5628.000,-4148.000,2387.000,-3694.000,3250.000,0.000,0.000,0
2026-01-30 23:07:28,335937,-4045.000,5359.000,-4217.000,1735.000,-3813.000,2890.000,0.000,0.000,0
2026-01-30 23:07:28,335974,-4107.000,5133.000,-4206.000,1301.000,-3664.000,2432.000,0.000,0.000,0
2026-01-30 23:07:28,336014,-4316.000,4856.000,-4377.000,1486.000,-3167.000,1893.000,0.000,0.000,0
2026-01-30 23:07:28,336054,-4497.000,5032.000,-4125.000,1781.000,-3023.000,1712.000,0.000,0.000,0
2026-01-30 23:07:28,336094,-4581.000,4819.000,-4391.000,2201.000,-2653.000,1824.000,0.000,0.000,0
2026-01-30 23:07:29,336134,-4428.000,5670.000,-4358.000,4036.000,-2287.000,2238.000,0.000,0.000,0
2026-01-30 23:07:29,336174,-3901.000,6146.000,-3060.000,4735.000,-2652.000,3114.000,0.000,0.000,0
2026-01-30 23:07:29,336214,-3484.000,6115.000,-2334.000,5999.000,-2998.000,3618.000,0.000,0.000,0
2026-01-30 23:07:29,336254,-3584.000,6378.000,-3762.000,6258.000,-2837.000,4174.000,0.000,0.000,0
2026-01-30 23:07:29,336294,-2666.000,6121.000,-4683.000,6644.000,-2469.000,4836.000,0.000,0.000,0
2026-01-30 23:07:29,336334,-1724.000,7471.000,-3922.000,6059.000,-2186.000,5698.000,0.000,0.000,0
2026-01-30 23:07:29,336374,-1565.000,7913.000,-2566.000,3499.000,-1369.000,5926.000,0.000,0.000,0
2026-01-30 23:07:29,336414,-1469.000,9420.000,-2808.000,-2307.000,860.000,5492.000,0.000,0.000,0
2026-01-30 23:07:29,336454,-1200.000,8063.000,-1530.000,-4378.000,1520.000,5074.000,0.000,0.000,0
2026-01-30 23:07:29,336494,-1649.000,8895.000,-2513.000,-7828.000,-491.000,3811.000,0.000,0.000,0
2026-01-30 23:07:29,336534,-1828.000,8704.000,-1788.000,-11092.000,-998.000,3695.000,0.000,0.000,0
2026-01-30 23:07:29,336574,-2018.000,7059.000,-239.000,-16140.000,-1141.000,3897.000,0.000,0.000,0
2026-01-30 23:07:29,336614,-1341.000,2286.000,1684.000,-16262.000,-796.000,3984.000,0.000,0.000,0
2026-01-30 23:07:29,336654,-1492.000,2997.000,2284.000,-3960.000,332.000,2647.000,0.000,0.000,0
2026-01-30 23:07:29,336694,-1165.000,5423.000,1617.000,868.000,1002.000,3702.000,0.000,0.000,0
2026-01-30 23:07:29,336734,-204.000,4500.000,701.000,-1966.000,1466.000,7201.000,0.000,0.000,0
2026-01-30 23:07:29,336774,2072.000,6666.000,1098.000,-6079.000,258.000,14456.000,0.000,0.000,0
2026-01-30 23:07:29,336814,4000.000,3776.000,-402.000,-21137.000,-3583.000,19480.000,0.000,0.000,0
2026-01-30 23:07:29,336854,10717.000,-1279.000,-1744.000,-21299.000,-10509.000,22462.000,0.000,0.000,0
2026-01-30 23:07:29,336894,20884.000,-3964.000,-1176.000,-3487.000,-15860.000,20081.000,0.000,0.000,0
2026-01-30 23:07:29,336934,21084.000,-1387.000,-2921.000,26324.000,-15120.000,16110.000,0.000,0.000,0
2026-01-30 23:07:29,336974,16366.000,6102.000,-31.000,32306.000,-5417.000,14039.000,0.000,0.000,0
2026-01-30 23:07:29,337014,8773.000,7439.000,-1122.000,9577.000,-2090.000,6235.000,0.000,0.000,0
2026-01-30 23:07:29,337054,10166.000,5044.000,-2068.000,-11045.000,-1633.000,3278.000,0.000,0.000,0
2026-01-30 23:07:29,337094,9478.000,3764.000,913.000,-15089.000,-1005.000,3413.000,0.000,0.000,0
2026-01-30 23:07:30,337134,6537.000,2179.000,3116.000,-17538.000,-1346.000,3942.000,0.000,0.000,0
2026-01-30 23:07:30,337174,7168.000,-219.000,2116.000,-12577.000,-2622.000,2783.000,0.000,0.000,0
2026-01-30 23:07:30,337214,8304.000,-745.000,798.000,-3603.000,-679.000,1917.000,0.000,0.000,0
2026-01-30 23:07:30,337254,9041.000,243.000,186.000,2343.000,2462.000,882.000,0.000,0.000,0
2026-01-30 23:07:30,337294,9434.000,11.000,-24.000,2078.000,5511.000,-1098.000,0.000,0.000,0
2026-01-30 23:07:30,337334,10401.000,-536.000,-668.000,3242.000,7756.000,-3368.000,0.000,0.000,0
2026-01-30 23:07:30,337374,10769.000,392.000,-1405.000,2925.000,9601.000,-4598.000,0.000,0.000,0
2026-01-30 23:07:30,337414,8784.000,-3723.000,-3525.000,3153.000,10535.000,-3831.000,0.000,0.000,0
2026-01-30 23:07:30,337454,5738.000,-3776.000,-3904.000,10384.000,8181.000,-2575.000,0.000,0.000,0
2026-01-30 23:07:30,337494,7480.000,65.000,-3182.000,12875.000,3740.000,133.000,0.000,0.000,0
2026-01-30 23:07:30,337534,8500.000,873.000,162.000,10586.000,1543.000,3546.000,0.000,0.000,0
2026-01-30 23:07:30,337574,7081.000,170.000,2140.000,7503.000,-1619.000,3404.000,0.000,0.000,0
2026-01-30 23:07:30,337616,6906.000,-71.000,1258.000,5010.000,-3260.000,2569.000,0.000,0.000,0
2026-01-30 23:07:30,337654,7607.000,-163.000,788.000,4040.000,-3492.000,2805.000,0.000,0.000,0
2026-01-30 23:07:30,337694,7319.000,297.000,1338.000,5475.000,-3406.000,3222.000,0.000,0.000,0
2026-01-30 23:07:30,337734,6693.000,1086.000,1855.000,6042.000,-4191.000,3934.000,0.000,0.000,0
2026-01-30 23:07:30,337774,6730.000,1647.000,1353.000,4561.000,-5191.000,4437.000,0.000,0.000,0
2026-01-30 23:07:30,337814,7414.000,1666.000,1726.000,4253.000,-5756.000,4824.000,0.000,0.000,0
2026-01-30 23:07:30,337854,8249.000,1564.000,2174.000,2942.000,-5443.000,4851.000,0.000,0.000,0
2026-01-30 23:07:30,337894,9393.000,1993.000,2287.000,2155.000,-4879.000,4307.000,0.000,0.000,0
2026-01-30 23:07:30,337936,7998.000,3064.000,3796.000,-2543.000,-3321.000,2074.000,0.000,0.000,0
2026-01-30 23:07:30,337974,8015.000,2738.000,3878.000,-9537.000,-2495.000,971.000,0.000,0.000,0
2026-01-30 23:07:30,338014,8272.000,437.000,2958.000,-14981.000,-930.000,1940.000,0.000,0.000,0
2026-01-30 23:07:30,338054,8459.000,-1661.000,1511.000,-12787.000,101.000,1413.000,0.000,0.000,0
2026-01-30 23:07:30,338094,10586.000,-1884.000,1604.000,-6126.000,334.000,40.000,0.000,0.000,0
2026-01-30 23:07:31,338134,12026.000,-925.000,1897.000,-1654.000,1932.000,-995.000,0.000,0.000,0
2026-01-30 23:07:31,338174,13833.000,-73.000,1204.000,-813.000,4957.000,-1469.000,0.000,0.000,0
2026-01-30 23:07:31,338214,12395.000,430.000,-491.000,-377.000,8224.000,-2908.000,0.000,0.000,0
2026-01-30 23:07:31,338254,10896.000,1466.000,-912.000,-247.000,9958.000,-5662.000,0.000,0.000,0
2026-01-30 23:07:31,338294,10155.000,1624.000,-1683.000,-361.000,10491.000,-7645.000,0.000,0.000,0
2026-01-30 23:07:31,338334,9332.000,1919.000,-1537.000,-2662.000,10472.000,-8669.000,0.000,0.000,0
2026-01-30 23:07:31,338374,8683.000,1051.000,-1479.000,-3690.000,9780.000,-7054.000,0.000,0.000,0
2026-01-30 23:07:31,338414,6731.000,618.000,-1035.000,-2728.000,8223.000,-5624.000,0.000,0.000,0
2026-01-30 23:07:31,338454,5767.000,470.000,-1158.000,-2171.000,5524.000,-3825.000,0.000,0.000,0
2026-01-30 23:07:31,338494,4960.000,-36.000,-1107.000,226.000,3019.000,-2186.000,0.000,0.000,0
2026-01-30 23:07:31,338534,5144.000,1391.000,-370.000,2490.000,38.000,-317.000,0.000,0.000,0
2026-01-30 23:07:31,338574,6105.000,1620.000,-530.000,-69.000,-2402.000,1724.000,0.000,0.000,0
2026-01-30 23:07:31,338614,7054.000,1134.000,-494.000,-2221.000,-4563.000,3550.000,0.000,0.000,0
2026-01-30 23:07:31,338654,9600.000,1173.000,146.000,-3494.000,-6853.000,4939.000,0.000,0.000,0
2026-01-30 23:07:31,338694,11990.000,1149.000,682.000,-6177.000,-9204.000,6318.000,0.000,0.000,0
2026-01-30 23:07:31,338734,9648.000,1457.000,3263.000,-10548.000,-10129.000,5555.000,0.000,0.000,0
2026-01-30 23:07:31,338774,8806.000,-920.000,2328.000,-14331.000,-10235.000,2702.000,0.000,0.000,0
2026-01-30 23:07:31,338814,9031.000,-4248.000,592.000,-12406.000,-6866.000,-250.000,0.000,0.000,0
2026-01-30 23:07:31,338854,8478.000,-4888.000,556.000,-4925.000,-2888.000,-1699.000,0.000,0.000,0
2026-01-30 23:07:31,338894,7664.000,-4102.000,2069.000,2896.000,-1159.000,-2253.000,0.000,0.000,0
2026-01-30 23:07:31,338934,6647.000,-1257.000,3060.000,7817.000,-1831.000,-2701.000,0.000,0.000,0
2026-01-30 23:07:31,338974,7580.000,701.000,3316.000,3799.000,-2898.000,-2064.000,0.000,0.000,0
2026-01-30 23:07:31,339014,8205.000,-895.000,2513.000,399.000,-2276.000,-737.000,0.000,0.000,0
2026-01-30 23:07:31,339054,8517.000,37.000,1611.000,1782.000,-454.000,-181.000,0.000,0.000,0
2026-01-30 23:07:31,339094,7531.000,122.000,1042.000,229.000,2242.000,285.000,0.000,0.000,0
2026-01-30 23:07:32,339134,7140.000,-231.000,601.000,-351.000,3127.000,215.000,0.000,0.000,0
2026-01-30 23:07:32,339174,7762.000,-425.000,795.000,1043.000,3134.000,-103.000,0.000,0.000,0
2026-01-30 23:07:32,339214,8105.000,612.000,358.000,3505.000,2599.000,-434.000,0.000,0.000,0
2026-01-30 23:07:32,339254,7858.000,1787.000,-30.000,2917.000,2014.000,-370.000,0.000,0.000,0
2026-01-30 23:07:32,339294,8427.000,1573.000,-83.000,1091.000,272.000,-50.000,0.000,0.000,0
2026-01-30 23:07:32,339334,8778.000,1694.000,-138.000,305.000,-1084.000,238.000,0.000,0.000,0
2026-01-30 23:07:32,339374,8990.000,1596.000,-307.000,-1617.000,-1612.000,342.000,0.000,0.000,0
2026-01-30 23:07:32,339414,8768.000,1592.000,754.000,-3111.000,-1517.000,395.000,0.000,0.000,0
2026-01-30 23:07:32,339454,7870.000,1669.000,559.000,-5676.000,-390.000,-26.000,0.000,0.000,0
2026-01-30 23:07:32,339494,9485.000,848.000,-155.000,-7208.000,251.000,-106.000,0.000,0.000,0
2026-01-30 23:07:32,339534,9949.000,792.000,-115.000,-6515.000,990.000,-376.000,0.000,0.000,0
2026-01-30 23:07:32,339574,9599.000,861.000,-122.000,-5575.000,1865.000,-747.000,0.000,0.000,0
2026-01-30 23:07:32,339614,8780.000,523.000,30.000,-4878.000,2405.000,-1446.000,0.000,0.000,0
2026-01-30 23:07:32,339656,7644.000,690.000,-313.000,-4908.000,2760.000,-2348.000,0.000,0.000,0
2026-01-30 23:07:32,339695,7198.000,335.000,-485.000,-5196.000,3047.000,-2556.000,0.000,0.000,0
2026-01-30 23:07:32,339734,6816.000,-258.000,-110.000,-3942.000,2855.000,-1923.000,0.000,0.000,0
2026-01-30 23:07:32,339774,6140.000,-347.000,26.000,-1502.000,1896.000,-1330.000,0.000,0.000,0
2026-01-30 23:07:32,339814,5850.000,-286.000,-21.000,1368.000,494.000,-627.000,0.000,0.000,0
2026-01-30 23:07:32,339854,7316.000,823.000,175.000,2580.000,-1739.000,1138.000,0.000,0.000,0
2026-01-30 23:07:32,339894,9116.000,170.000,12.000,2006.000,-2333.000,2460.000,0.000,0.000,0
2026-01-30 23:07:32,339937,9798.000,195.000,138.000,3566.000,-2105.000,2879.000,0.000,0.000,0
2026-01-30 23:07:32,339974,10264.000,769.000,-51.000,4598.000,-1973.000,2791.000,0.000,0.000,0
2026-01-30 23:07:32,340014,11723.000,1033.000,34.000,4846.000,-2070.000,2872.000,0.000,0.000,0
2026-01-30 23:07:32,340054,9802.000,1139.000,1550.000,5343.000,-1367.000,2369.000,0.000,0.000,0
2026-01-30 23:07:32,340094,5996.000,1422.000,2265.000,5141.000,-1033.000,733.000,0.000,0.000,0
2026-01-30 23:07:33,340134,5031.000,1479.000,1751.000,1636.000,-1137.000,-747.000,0.000,0.000,0
2026-01-30 23:07:33,340174,6367.000,344.000,873.000,-1105.000,-355.000,-1014.000,0.000,0.000,0
2026-01-30 23:07:33,340214,8107.000,-1159.000,-637.000,2007.000,2228.000,-461.000,0.000,0.000,0
2026-01-30 23:07:33,340254,7658.000,188.000,-275.000,5070.000,2626.000,-696.000,0.000,0.000,0
2026-01-30 23:07:33,340294,7248.000,575.000,1464.000,5158.000,1208.000,-1278.000,0.000,0.000,0
2026-01-30 23:07:33,340334,6887.000,177.000,1236.000,2915.000,-697.000,-1515.000,0.000,0.000,0
2026-01-30 23:07:33,340374,7054.000,-1273.000,1044.000,1413.000,-1505.000,-1131.000,0.000,0.000,0
2026-01-30 23:07:33,340414,7438.000,-880.000,1261.000,3405.000,-1177.000,-602.000,0.000,0.000,0
2026-01-30 23:07:33,340454,7484.000,284.000,1661.000,3819.000,-806.000,-244.000,0.000,0.000,0
2026-01-30 23:07:33,340494,7427.000,409.000,1548.000,2697.000,-882.000,49.000,0.000,0.000,0
2026-01-30 23:07:33,340534,7476.000,544.000,1531.000,2690.000,-1011.000,286.000,0.000,0.000,0
2026-01-30 23:07:33,340574,8140.000,971.000,1443.000,2958.000,-1372.000,403.000,0.000,0.000,0
2026-01-30 23:07:33,340614,8826.000,1289.000,1012.000,2265.000,-1239.000,507.000,0.000,0.000,0
2026-01-30 23:07:33,340654,9816.000,1160.000,1000.000,2316.000,-956.000,537.000,0.000,0.000,0
2026-01-30 23:07:33,340694,10387.000,1401.000,856.000,3119.000,-866.000,361.000,0.000,0.000,0
2026-01-30 23:07:33,340734,9730.000,2149.000,1037.000,2850.000,-431.000,201.000,0.000,0.000,0
2026-01-30 23:07:33,340774,8361.000,2508.000,1705.000,136.000,270.000,-18.000,0.000,0.000,0
2026-01-30 23:07:33,340814,8239.000,2055.000,756.000,-3410.000,798.000,-313.000,0.000,0.000,0
2026-01-30 23:07:33,340854,9686.000,1008.000,-418.000,-5837.000,2138.000,-532.000,0.000,0.000,0
2026-01-30 23:07:33,340894,10026.000,946.000,-406.000,-5650.000,3767.000,-568.000,0.000,0.000,0
2026-01-30 23:07:33,340934,8856.000,692.000,-462.000,-4987.000,4532.000,-1039.000,0.000,0.000,0
2026-01-30 23:07:33,340974,7848.000,1046.000,-496.000,-4271.000,4372.000,-2144.000,0.000,0.000,0
2026-01-30 23:07:33,341014,7115.000,708.000,-639.000,-3571.000,4223.000,-2493.000,0.000,0.000,0
2026-01-30 23:07:33,341054,6381.000,255.000,-711.000,-2491.000,3874.000,-2203.000,0.000,0.000,0
2026-01-30 23:07:33,341094,6168.000,287.000,-379.000,-405.000,2893.000,-1380.000,0.000,0.000,0
2026-01-30 23:07:34,341134,6132.000,633.000,51.000,1837.000,1289.000,-386.000,0.000,0.000,0
2026-01-30 23:07:34,341174,6011.000,906.000,264.000,2781.000,-438.000,488.000,0.000,0.000,0
2026-01-30 23:07:34,341214,6892.000,620.000,408.000,2178.000,-2082.000,1458.000,0.000,0.000,0
2026-01-30 23:07:34,341254,8694.000,417.000,879.000,2531.000,-3268.000,2795.000,0.000,0.000,0
2026-01-30 23:07:34,341294,9137.000,625.000,1152.000,2659.000,-3269.000,3829.000,0.000,0.000,0
2026-01-30 23:07:34,341334,9767.000,538.000,379.000,2841.000,-3209.000,4292.000,0.000,0.000,0
2026-01-30 23:07:34,341374,10908.000,786.000,592.000,4088.000,-3034.000,4325.000,0.000,0.000,0
2026-01-30 23:07:34,341414,10317.000,1671.000,1073.000,4790.000,-2751.000,3908.000,0.000,0.000,0
2026-01-30 23:07:34,341454,7838.000,2233.000,1950.000,2547.000,-2355.000,2879.000,0.000,0.000,0
2026-01-30 23:07:34,341494,6112.000,1358.000,2380.000,-1061.000,-2374.000,1500.000,0.000,0.000,0
2026-01-30 23:07:34,341534,5751.000,816.000,1677.000,-1928.000,-1547.000,67.000,0.000,0.000,0
2026-01-30 23:07:34,341574,7178.000,-156.000,265.000,-954.000,-184.000,-742.000,0.000,0.000,0
2026-01-30 23:07:34,341614,7899.000,-1211.000,-292.000,1176.000,1802.000,-1219.000,0.000,0.000,0
2026-01-30 23:07:34,341654,7823.000,-146.000,142.000,4096.000,2167.000,-1815.000,0.000,0.000,0
2026-01-30 23:07:34,341694,8113.000,247.000,1149.000,4336.000,1153.000,-2230.000,0.000,0.000,0
2026-01-30 23:07:34,341734,7264.000,-540.000,819.000,1821.000,-107.000,-2319.000,0.000,0.000,0
2026-01-30 23:07:34,341774,7644.000,-1577.000,800.000,-1357.000,-994.000,-1640.000,0.000,0.000,0
2026-01-30 23:07:34,341814,7743.000,-1618.000,879.000,-25.000,-581.000,-1189.000,0.000,0.000,0
2026-01-30 23:07:34,341854,7450.000,-1043.000,1277.000,375.000,-378.000,-694.000,0.000,0.000,0
2026-01-30 23:07:34,341894,7108.000,-660.000,1134.000,603.000,-752.000,-17.000,0.000,0.000,0
2026-01-30 23:07:34,341936,7122.000,-301.000,1039.000,955.000,-998.000,367.000,0.000,0.000,0
2026-01-30 23:07:34,341974,7313.000,153.000,971.000,1868.000,-1127.000,341.000,0.000,0.000,0
2026-01-30 23:07:34,342014,8156.000,805.000,1283.000,2163.000,-1098.000,296.000,0.000,0.000,0
2026-01-30 23:07:34,342054,7706.000,923.000,1180.000,1867.000,-645.000,93.000,0.000,0.000,0
2026-01-30 23:07:34,342094,9290.000,703.000,673.000,2423.000,-662.000,-157.000,0.000,0.000,0
2026-01-30 23:07:35,342134,10731.000,1922.000,645.000,3901.000,157.000,-21.000,0.000,0.000,0
2026-01-30 23:07:35,342174,11116.000,2072.000,1409.000,1805.000,826.000,232.000,0.000,0.000,0
2026-01-30 23:07:35,342214,8402.000,2013.000,1380.000,-1054.000,2300.000,-690.000,0.000,0.000,0
2026-01-30 23:07:35,342254,9001.000,578.000,0.000,-4200.000,3445.000,-1885.000,0.000,0.000,0
2026-01-30 23:07:35,342294,10117.000,-1312.000,-894.000,-4124.000,5698.000,-2530.000,0.000,0.000,0
2026-01-30 23:07:35,342334,10524.000,-2006.000,-804.000,467.000,7570.000,-2776.000,0.000,0.000,0
2026-01-30 23:07:35,342374,10415.000,-693.000,-677.000,4887.000,8579.000,-3560.000,0.000,0.000,0
2026-01-30 23:07:35,342414,9200.000,334.000,-975.000,6343.000,9052.000,-4161.000,0.000,0.000,0
2026-01-30 23:07:35,342454,7908.000,102.000,-851.000,5938.000,8626.000,-3871.000,0.000,0.000,0
2026-01-30 23:07:35,342494,6679.000,122.000,-128.000,5321.000,7807.000,-2683.000,0.000,0.000,0
2026-01-30 23:07:35,342534,5477.000,302.000,140.000,5872.000,4609.000,674.000,0.000,0.000,0
2026-01-30 23:07:35,342574,5117.000,431.000,-42.000,5835.000,2275.000,3683.000,0.000,0.000,0
2026-01-30 23:07:35,342614,6348.000,311.000,-190.000,6249.000,163.000,6734.000,0.000,0.000,0
2026-01-30 23:07:35,342654,8073.000,689.000,-469.000,8106.000,-1281.000,9852.000,0.000,0.000,0
2026-01-30 23:07:35,342694,10439.000,1277.000,-1402.000,10044.000,-2082.000,12498.000,0.000,0.000,0
2026-01-30 23:07:35,342734,14229.000,1746.000,-3661.000,13343.000,-2566.000,13856.000,0.000,0.000,0
2026-01-30 23:07:35,342774,12136.000,4069.000,-2407.000,16034.000,-1610.000,12831.000,0.000,0.000,0
2026-01-30 23:07:35,342814,8560.000,2910.000,160.000,13522.000,-3303.000,9812.000,0.000,0.000,0
2026-01-30 23:07:35,342854,9595.000,1624.000,29.000,10024.000,-5481.000,6545.000,0.000,0.000,0
2026-01-30 23:07:35,342894,8059.000,2744.000,-1456.000,7012.000,-2813.000,3915.000,0.000,0.000,0
2026-01-30 23:07:35,342934,7389.000,1591.000,-1335.000,6062.000,-1561.000,2866.000,0.000,0.000,0
2026-01-30 23:07:35,342974,7269.000,1568.000,-729.000,7825.000,-1490.000,1281.000,0.000,0.000,0
2026-01-30 23:07:35,343014,7266.000,2431.000,-382.000,8927.000,-2472.000,351.000,0.000,0.000,0
2026-01-30 23:07:35,343054,7258.000,2087.000,68.000,8496.000,-3629.000,-42.000,0.000,0.000,0
2026-01-30 23:07:35,343094,7224.000,1171.000,885.000,8141.000,-4794.000,-680.000,0.000,0.000,0
2026-01-30 23:07:36,343134,7560.000,1260.000,1410.000,8683.000,-5370.000,-1022.000,0.000,0.000,0
2026-01-30 23:07:36,343174,8674.000,937.000,3172.000,8054.000,-5529.000,-739.000,0.000,0.000,0
2026-01-30 23:07:36,343214,8670.000,232.000,3997.000,6849.000,-4716.000,-784.000,0.000,0.000,0
2026-01-30 23:07:36,343254,9130.000,389.000,4689.000,6325.000,-4159.000,-540.000,0.000,0.000,0
2026-01-30 23:07:36,343294,8663.000,1011.000,3948.000,2091.000,-1524.000,-215.000,0.000,0.000,0
2026-01-30 23:07:36,343334,8272.000,655.000,2947.000,17.000,28.000,-385.000,0.000,0.000,0
2026-01-30 23:07:36,343374,8475.000,441.000,1797.000,-172.000,1045.000,-1077.000,0.000,0.000,0
2026-01-30 23:07:36,343414,8538.000,820.000,1383.000,1345.000,1752.000,-1974.000,0.000,0.000,0
2026-01-30 23:07:36,343454,9357.000,1826.000,1247.000,2568.000,1984.000,-2857.000,0.000,0.000,0
2026-01-30 23:07:36,343494,9431.000,2316.000,1198.000,1606.000,2234.000,-3812.000,0.000,0.000,0
2026-01-30 23:07:36,343534,9527.000,2144.000,697.000,-1014.000,2344.000,-4774.000,0.000,0.000,0
2026-01-30 23:07:36,343574,10227.000,1582.000,-268.000,-3473.000,2917.000,-5777.000,0.000,0.000,0
2026-01-30 23:07:36,343614,11209.000,829.000,-1223.000,-4314.000,4205.000,-6559.000,0.000,0.000,0
2026-01-30 23:07:36,343655,10364.000,419.000,-605.000,-3429.000,5982.000,-6876.000,0.000,0.000,0
2026-01-30 23:07:36,343695,9213.000,664.000,-134.000,-2288.000,6132.000,-6694.000,0.000,0.000,0
2026-01-30 23:07:36,343736,8552.000,477.000,-235.000,-1078.000,5693.000,-6412.000,0.000,0.000,0
2026-01-30 23:07:36,343774,7942.000,260.000,-478.000,333.000,5370.000,-6064.000,0.000,0.000,0
2026-01-30 23:07:36,343814,7128.000,263.000,-504.000,1777.000,5050.000,-5159.000,0.000,0.000,0
2026-01-30 23:07:36,343854,6080.000,196.000,-308.000,2705.000,4278.000,-3273.000,0.000,0.000,0
2026-01-30 23:07:36,343894,5171.000,307.000,17.000,4414.000,2870.000,-665.000,0.000,0.000,0
2026-01-30 23:07:36,343939,4978.000,700.000,330.000,6344.000,1137.000,2394.000,0.000,0.000,0
2026-01-30 23:07:36,343974,5416.000,756.000,84.000,8467.000,-637.000,5450.000,0.000,0.000,0
2026-01-30 23:07:36,344014,6716.000,1035.000,-562.000,10860.000,-2062.000,8403.000,0.000,0.000,0
2026-01-30 23:07:36,344054,10893.000,2704.000,-696.000,13227.000,-3061.000,13175.000,0.000,0.000,0
2026-01-30 23:07:36,344094,13803.000,3980.000,-525.000,11441.000,-2417.000,15920.000,0.000,0.000,0
2026-01-30 23:07:37,344134,14304.000,4917.000,-351.000,6933.000,-1459.000,16387.000,0.000,0.000,0
2026-01-30 23:07:37,344174,11404.000,5099.000,-223.000,2494.000,-600.000,13310.000,0.000,0.000,0
2026-01-30 23:07:37,344214,9678.000,1997.000,500.000,-990.000,-1183.000,7798.000,0.000,0.000,0
2026-01-30 23:07:37,344254,10617.000,-1013.000,-367.000,1395.000,-1750.000,2434.000,0.000,0.000,0
2026-01-30 23:07:37,344294,10597.000,1489.000,-1257.000,9011.000,-560.000,-680.000,0.000,0.000,0
2026-01-30 23:07:37,344334,7884.000,3750.000,-448.000,13172.000,1214.000,-1694.000,0.000,0.000,0
2026-01-30 23:07:37,344374,3953.000,4580.000,2772.000,9384.000,1403.000,-2100.000,0.000,0.000,0
2026-01-30 23:07:37,344414,5482.000,3000.000,2562.000,1304.000,-514.000,-3249.000,0.000,0.000,0
2026-01-30 23:07:37,344454,6875.000,427.000,-351.000,-7860.000,263.000,-4291.000,0.000,0.000,0
2026-01-30 23:07:37,344494,8240.000,-2171.000,-1702.000,-6813.000,1662.000,-4965.000,0.000,0.000,0
2026-01-30 23:07:37,344534,8560.000,-1127.000,340.000,-4428.000,2924.000,-5183.000,0.000,0.000,0
2026-01-30 23:07:37,344574,8184.000,-877.000,1512.000,-2621.000,2842.000,-5041.000,0.000,0.000,0
2026-01-30 23:07:37,344614,7517.000,-749.000,1849.000,-1780.000,850.000,-4382.000,0.000,0.000,0
2026-01-30 23:07:37,344654,7507.000,-207.000,1503.000,-1789.000,-817.000,-3229.000,0.000,0.000,0
2026-01-30 23:07:37,344694,7633.000,-789.000,1125.000,-2545.000,-1564.000,-2377.000,0.000,0.000,0
2026-01-30 23:07:37,344734,7806.000,-1843.000,432.000,-1872.000,-1495.000,-1928.000,0.000,0.000,0
2026-01-30 23:07:37,344774,7186.000,-822.000,470.000,44.000,-877.000,-1493.000,0.000,0.000,0
2026-01-30 23:07:37,344814,7380.000,320.000,1443.000,415.000,-864.000,-37.000,0.000,0.000,0
2026-01-30 23:07:37,344854,8227.000,686.000,1224.000,430.000,-1290.000,946.000,0.000,0.000,0
2026-01-30 23:07:37,344894,8697.000,1186.000,828.000,959.000,-1638.000,1779.000,0.000,0.000,0
2026-01-30 23:07:37,344934,10484.000,1694.000,475.000,1735.000,-2116.000,2483.000,0.000,0.000,0
2026-01-30 23:07:37,344974,10976.000,1984.000,794.000,2067.000,-1777.000,2783.000,0.000,0.000,0
2026-01-30 23:07:37,345014,9240.000,2960.000,1739.000,775.000,-931.000,2500.000,0.000,0.000,0
2026-01-30 23:07:37,345054,7619.000,2708.000,1219.000,-2699.000,-390.000,1292.000,0.000,0.000,0
2026-01-30 23:07:37,345094,9372.000,1663.000,-611.000,-5395.000,150.000,-276.000,0.000,0.000,0
2026-01-30 23:07:38,345134,9736.000,1330.000,-1147.000,-6059.000,1961.000,-1467.000,0.000,0.000,0
2026-01-30 23:07:38,345174,8310.000,566.000,282.000,-5155.000,3453.000,-3122.000,0.000,0.000,0
2026-01-30 23:07:38,345214,7211.000,519.000,487.000,-1793.000,3678.000,-4593.000,0.000,0.000,0
2026-01-30 23:07:38,345254,7319.000,947.000,115.000,365.000,3179.000,-5508.000,0.000,0.000,0
2026-01-30 23:07:38,345294,7150.000,1121.000,-282.000,797.000,3167.000,-5611.000,0.000,0.000,0
2026-01-30 23:07:38,345334,6977.000,1196.000,-399.000,400.000,3215.000,-4844.000,0.000,0.000,0
2026-01-30 23:07:38,345374,6705.000,1047.000,4.000,117.000,2908.000,-3643.000,0.000,0.000,0
2026-01-30 23:07:38,345414,6460.000,1016.000,312.000,379.000,2053.000,-2318.000,0.000,0.000,0
2026-01-30 23:07:38,345454,7153.000,1015.000,604.000,926.000,815.000,-684.000,0.000,0.000,0
2026-01-30 23:07:38,345494,7889.000,1408.000,755.000,798.000,-123.000,1176.000,0.000,0.000,0
2026-01-30 23:07:38,345534,8119.000,1272.000,1041.000,176.000,-701.000,2877.000,0.000,0.000,0
2026-01-30 23:07:38,345574,10692.000,1174.000,910.000,115.000,-1658.000,5080.000,0.000,0.000,0
2026-01-30 23:07:38,345614,11266.000,1265.000,664.000,1085.000,-1890.000,6293.000,0.000,0.000,0
2026-01-30 23:07:38,345656,7718.000,1388.000,2376.000,2178.000,-1278.000,6153.000,0.000,0.000,0
2026-01-30 23:07:38,345695,4832.000,1251.000,2556.000,2344.000,-1798.000,4795.000,0.000,0.000,0
2026-01-30 23:07:38,345734,6923.000,1311.000,1287.000,1690.000,-2724.000,3536.000,0.000,0.000,0
2026-01-30 23:07:38,345774,7984.000,1798.000,157.000,1145.000,-1284.000,2808.000,0.000,0.000,0
2026-01-30 23:07:38,345814,8598.000,1578.000,-88.000,1324.000,136.000,2173.000,0.000,0.000,0
2026-01-30 23:07:38,345854,7672.000,1496.000,1236.000,2618.000,574.000,714.000,0.000,0.000,0
2026-01-30 23:07:38,345894,6976.000,1509.000,2094.000,2610.000,-320.000,-773.000,0.000,0.000,0
2026-01-30 23:07:38,345935,6757.000,1900.000,2211.000,1644.000,-1265.000,-1402.000,0.000,0.000,0
2026-01-30 23:07:38,345974,7059.000,1883.000,1917.000,-1342.000,-1642.000,-727.000,0.000,0.000,0
2026-01-30 23:07:38,346014,7511.000,1494.000,1679.000,-3087.000,-1261.000,-135.000,0.000,0.000,0
2026-01-30 23:07:38,346054,7580.000,855.000,1807.000,-4570.000,-610.000,-57.000,0.000,0.000,0
2026-01-30 23:07:38,346094,7338.000,16.000,1490.000,-4157.000,-131.000,-510.000,0.000,0.000,0
2026-01-30 23:07:39,346134,8034.000,230.000,1140.000,-1623.000,-185.000,-935.000,0.000,0.000,0
2026-01-30 23:07:39,346174,8109.000,1002.000,1144.000,124.000,91.000,-933.000,0.000,0.000,0
2026-01-30 23:07:39,346214,9013.000,1466.000,796.000,560.000,-226.000,-787.000,0.000,0.000,0
2026-01-30 23:07:39,346254,9864.000,1662.000,783.000,-85.000,-332.000,-633.000,0.000,0.000,0
2026-01-30 23:07:39,346294,9843.000,1873.000,771.000,-433.000,-415.000,-493.000,0.000,0.000,0
2026-01-30 23:07:39,346334,8390.000,2215.000,1287.000,-2158.000,-155.000,-568.000,0.000,0.000,0
2026-01-30 23:07:39,346374,7782.000,1906.000,356.000,-4331.000,184.000,-1198.000,0.000,0.000,0
2026-01-30 23:07:39,346414,9364.000,1494.000,-730.000,-5639.000,813.000,-1664.000,0.000,0.000,0
2026-01-30 23:07:39,346454,9924.000,1157.000,-566.000,-6115.000,1912.000,-1835.000,0.000,0.000,0
2026-01-30 23:07:39,346494,8819.000,1035.000,-169.000,-5283.000,2593.000,-2241.000,0.000,0.000,0
2026-01-30 23:07:39,346534,7686.000,691.000,128.000,-3698.000,2410.000,-3206.000,0.000,0.000,0
2026-01-30 23:07:39,346574,6996.000,571.000,-27.000,-2075.000,2079.000,-4236.000,0.000,0.000,0
2026-01-30 23:07:39,346614,6701.000,984.000,-243.000,-955.000,1974.000,-4564.000,0.000,0.000,0
2026-01-30 23:07:39,346654,6510.000,991.000,-389.000,-970.000,1906.000,-3719.000,0.000,0.000,0
2026-01-30 23:07:39,346694,6243.000,980.000,259.000,-359.000,1519.000,-2291.000,0.000,0.000,0
2026-01-30 23:07:39,346734,6706.000,1044.000,459.000,1064.000,-77.000,2.000,0.000,0.000,0
2026-01-30 23:07:39,346774,7085.000,1114.000,749.000,1661.000,-937.000,1476.000,0.000,0.000,0
2026-01-30 23:07:39,346814,7776.000,1448.000,827.000,1485.000,-1607.000,2928.000,0.000,0.000,0
2026-01-30 23:07:39,346854,8659.000,1396.000,1101.000,788.000,-2128.000,4221.000,0.000,0.000,0
2026-01-30 23:07:39,346894,9297.000,1619.000,1876.000,-634.000,-2408.000,5278.000,0.000,0.000,0
2026-01-30 23:07:39,346934,10566.000,988.000,907.000,-1393.000,-2625.000,5883.000,0.000,0.000,0
2026-01-30 23:07:39,346974,11857.000,727.000,762.000,895.000,-2459.000,5820.000,0.000,0.000,0
2026-01-30 23:07:39,347014,9725.000,787.000,1891.000,4436.000,-819.000,4633.000,0.000,0.000,0
2026-01-30 23:07:39,347054,5149.000,1739.000,2906.000,5933.000,102.000,2840.000,0.000,0.000,0
2026-01-30 23:07:39,347094,6410.000,2470.000,1169.000,2764.000,-1002.000,1281.000,0.000,0.000,0
2026-01-30 23:07:40,347134,7555.000,2449.000,439.000,-308.000,92.000,1420.000,0.000,0.000,0
2026-01-30 23:07:40,347174,8378.000,2076.000,614.000,-811.000,691.000,1366.000,0.000,0.000,0
2026-01-30 23:07:40,347214,8221.000,1677.000,1754.000,-521.000,541.000,-4.000,0.000,0.000,0
2026-01-30 23:07:40,347254,7438.000,1858.000,2378.000,-945.000,-511.000,-1538.000,0.000,0.000,0
2026-01-30 23:07:40,347294,7304.000,2008.000,2259.000,-2830.000,-1250.000,-2178.000,0.000,0.000,0
2026-01-30 23:07:40,347334,7289.000,1980.000,1694.000,-4980.000,-1160.000,-2022.000,0.000,0.000,0
2026-01-30 23:07:40,347374,7497.000,1255.000,1194.000,-6690.000,-605.000,-1492.000,0.000,0.000,0
2026-01-30 23:07:40,347414,7650.000,700.000,1103.000,-7450.000,163.000,-1287.000,0.000,0.000,0
2026-01-30 23:07:40,347454,7225.000,236.000,1031.000,-6805.000,624.000,-1567.000,0.000,0.000,0
2026-01-30 23:07:40,347494,7411.000,620.000,359.000,-4229.000,136.000,-1949.000,0.000,0.000,0
2026-01-30 23:07:40,347534,7595.000,1224.000,301.000,-3211.000,-393.000,-1626.000,0.000,0.000,0
2026-01-30 23:07:40,347574,8225.000,1928.000,284.000,-3278.000,-1374.000,-659.000,0.000,0.000,0
2026-01-30 23:07:40,347614,9840.000,2132.000,255.000,-4253.000,-2377.000,600.000,0.000,0.000,0
2026-01-30 23:07:40,347656,9403.000,2536.000,508.000,-6034.000,-2758.000,1252.000,0.000,0.000,0
2026-01-30 23:07:40,347698,10832.000,2682.000,123.000,-8135.000,-3151.000,1496.000,0.000,0.000,0
2026-01-30 23:07:40,347734,9003.000,2649.000,383.000,-10449.000,-1275.000,1246.000,0.000,0.000,0
2026-01-30 23:07:40,347774,6301.000,1883.000,-504.000,-11799.000,399.000,399.000,0.000,0.000,0
2026-01-30 23:07:40,347814,7748.000,968.000,-1227.000,-11190.000,1094.000,-478.000,0.000,0.000,0
2026-01-30 23:07:40,347854,9279.000,1119.000,-1643.000,-9080.000,4020.000,-504.000,0.000,0.000,0
2026-01-30 23:07:40,347894,8889.000,1974.000,-1317.000,-4858.000,4681.000,-365.000,0.000,0.000,0
2026-01-30 23:07:40,347936,7521.000,1602.000,-1011.000,-3539.000,4208.000,-1153.000,0.000,0.000,0
2026-01-30 23:07:40,347974,7012.000,1306.000,-882.000,-1740.000,2802.000,-2415.000,0.000,0.000,0
2026-01-30 23:07:40,348014,7094.000,1932.000,-1373.000,-539.000,1614.000,-3520.000,0.000,0.000,0
2026-01-30 23:07:40,348054,7355.000,1964.000,-1584.000,-1409.000,982.000,-3676.000,0.000,0.000,0
2026-01-30 23:07:40,348094,7318.000,1584.000,-1165.000,-2118.000,465.000,-3217.000,0.000,0.000,0
2026-01-30 23:07:41,348134,7748.000,1156.000,-705.000,-1202.000,-446.000,-2715.000,0.000,0.000,0
2026-01-30 23:07:41,348174,8457.000,1155.000,-16.000,405.000,-1275.000,-2427.000,0.000,0.000,0
2026-01-30 23:07:41,348214,9061.000,1074.000,985.000,870.000,-1800.000,-2509.000,0.000,0.000,0
2026-01-30 23:07:41,348254,10399.000,-122.000,2610.000,-2662.000,-1341.000,-1163.000,0.000,0.000,0
2026-01-30 23:07:41,348294,11583.000,-1789.000,929.000,-1722.000,-308.000,350.000,0.000,0.000,0
2026-01-30 23:07:41,348334,10866.000,-2486.000,1969.000,1739.000,726.000,1746.000,0.000,0.000,0
2026-01-30 23:07:41,348374,7515.000,-1696.000,3325.000,5495.000,2192.000,1474.000,0.000,0.000,0
2026-01-30 23:07:41,348414,6713.000,-897.000,2284.000,6811.000,1953.000,1503.000,0.000,0.000,0
2026-01-30 23:07:41,348454,5995.000,-62.000,610.000,7234.000,2841.000,2067.000,0.000,0.000,0
2026-01-30 23:07:41,348494,6375.000,810.000,-246.000,7569.000,3486.000,3005.000,0.000,0.000,0
2026-01-30 23:07:41,348534,7952.000,1339.000,-627.000,8350.000,3488.000,4073.000,0.000,0.000,0
2026-01-30 23:07:41,348574,8633.000,2037.000,-703.000,9476.000,3569.000,4874.000,0.000,0.000,0
2026-01-30 23:07:41,348614,7291.000,2254.000,-35.000,10527.000,1894.000,5435.000,0.000,0.000,0
2026-01-30 23:07:41,348654,6821.000,1953.000,393.000,9636.000,-88.000,5047.000,0.000,0.000,0
2026-01-30 23:07:41,348694,6667.000,2194.000,237.000,7514.000,-1607.000,4434.000,0.000,0.000,0
2026-01-30 23:07:41,348734,6917.000,2145.000,531.000,5172.000,-2551.000,4282.000,0.000,0.000,0
2026-01-30 23:07:41,348774,7377.000,2248.000,735.000,3171.000,-3069.000,4536.000,0.000,0.000,0
2026-01-30 23:07:41,348814,7560.000,2155.000,1427.000,1516.000,-3531.000,4850.000,0.000,0.000,0
2026-01-30 23:07:41,348854,8354.000,1806.000,2366.000,874.000,-4192.000,4801.000,0.000,0.000,0
2026-01-30 23:07:41,348894,8369.000,1510.000,2995.000,623.000,-4234.000,4050.000,0.000,0.000,0
2026-01-30 23:07:41,348934,8157.000,2124.000,3208.000,1340.000,-3798.000,2613.000,0.000,0.000,0
2026-01-30 23:07:41,348974,9404.000,2061.000,3091.000,724.000,-2920.000,738.000,0.000,0.000,0
2026-01-30 23:07:41,349014,10037.000,1293.000,1713.000,502.000,-575.000,-2164.000,0.000,0.000,0
2026-01-30 23:07:41,349054,10407.000,1667.000,1865.000,1398.000,604.000,-3234.000,0.000,0.000,0
2026-01-30 23:07:41,349094,8473.000,1803.000,2487.000,860.000,1488.000,-4201.000,0.000,0.000,0
2026-01-30 23:07:42,349134,8326.000,2061.000,1835.000,-1527.000,1494.000,-5067.000,0.000,0.000,0
2026-01-30 23:07:42,349174,9267.000,2042.000,454.000,-5483.000,2192.000,-5472.000,0.000,0.000,0
2026-01-30 23:07:42,349214,10070.000,962.000,-576.000,-8891.000,3330.000,-5117.000,0.000,0.000,0
2026-01-30 23:07:42,349254,10050.000,133.000,-706.000,-8700.000,4641.000,-4741.000,0.000,0.000,0
2026-01-30 23:07:42,349294,9377.000,150.000,-330.000,-5536.000,4988.000,-4406.000,0.000,0.000,0
2026-01-30 23:07:42,349334,8340.000,795.000,148.000,-1863.000,4494.000,-4231.000,0.000,0.000,0
2026-01-30 23:07:42,349374,7308.000,607.000,-515.000,-455.000,3858.000,-4432.000,0.000,0.000,0
2026-01-30 23:07:42,349414,6806.000,366.000,-528.000,1200.000,3176.000,-4490.000,0.000,0.000,0
2026-01-30 23:07:42,349454,6348.000,389.000,-171.000,2580.000,2557.000,-3672.000,0.000,0.000,0
2026-01-30 23:07:42,349494,5918.000,543.000,300.000,3906.000,1513.000,-2069.000,0.000,0.000,0
2026-01-30 23:07:42,349534,5721.000,840.000,939.000,4882.000,103.000,304.000,0.000,0.000,0
2026-01-30 23:07:42,349574,6264.000,1479.000,1459.000,4873.000,-1409.000,3136.000,0.000,0.000,0
2026-01-30 23:07:42,349614,7355.000,2022.000,1829.000,3645.000,-2615.000,5712.000,0.000,0.000,0
2026-01-30 23:07:42,349656,9046.000,2421.000,1705.000,2518.000,-3582.000,7927.000,0.000,0.000,0
2026-01-30 23:07:42,349695,9648.000,2269.000,1273.000,1850.000,-3690.000,8937.000,0.000,0.000,0
2026-01-30 23:07:42,349734,10594.000,1833.000,727.000,2578.000,-3699.000,8957.000,0.000,0.000,0
2026-01-30 23:07:42,349774,12490.000,1947.000,538.000,4963.000,-2666.000,7260.000,0.000,0.000,0
2026-01-30 23:07:42,349814,10466.000,2333.000,907.000,6768.000,-1099.000,5213.000,0.000,0.000,0
2026-01-30 23:07:42,349854,7277.000,2401.000,2012.000,6555.000,-474.000,2786.000,0.000,0.000,0
2026-01-30 23:07:42,349894,6363.000,2296.000,1819.000,3821.000,-299.000,905.000,0.000,0.000,0
2026-01-30 23:07:42,349937,5858.000,1784.000,828.000,1726.000,457.000,-184.000,0.000,0.000,0
2026-01-30 23:07:42,349974,6991.000,484.000,-327.000,1639.000,1437.000,-869.000,0.000,0.000,0
2026-01-30 23:07:42,350014,7567.000,-60.000,-729.000,3683.000,2436.000,-1878.000,0.000,0.000,0
2026-01-30 23:07:42,350054,7621.000,-321.000,172.000,5761.000,2484.000,-2884.000,0.000,0.000,0
2026-01-30 23:07:42,350094,7429.000,691.000,1932.000,7091.000,1677.000,-3303.000,0.000,0.000,0
2026-01-30 23:07:43,350134,6567.000,-123.000,2230.000,5191.000,393.000,-1982.000,0.000,0.000,0
2026-01-30 23:07:43,350174,7655.000,-526.000,2113.000,996.000,-1238.000,-311.000,0.000,0.000,0
2026-01-30 23:07:43,350214,8205.000,-530.000,1940.000,-134.000,-1370.000,232.000,0.000,0.000,0
2026-01-30 23:07:43,350254,7939.000,-564.000,2203.000,-380.000,-1099.000,463.000,0.000,0.000,0
2026-01-30 23:07:43,350294,6847.000,-498.000,2324.000,395.000,-779.000,401.000,0.000,0.000,0
2026-01-30 23:07:43,350334,6828.000,339.000,2202.000,1679.000,-937.000,518.000,0.000,0.000,0
2026-01-30 23:07:43,350374,7947.000,1147.000,1906.000,1513.000,-984.000,818.000,0.000,0.000,0
2026-01-30 23:07:43,350414,8204.000,1384.000,1476.000,680.000,-735.000,884.000,0.000,0.000,0
2026-01-30 23:07:43,350454,9986.000,1681.000,1165.000,365.000,-1022.000,741.000,0.000,0.000,0
2026-01-30 23:07:43,350494,10235.000,1804.000,1162.000,-292.000,-664.000,160.000,0.000,0.000,0
2026-01-30 23:07:43,350534,9356.000,1817.000,954.000,-532.000,-474.000,-282.000,0.000,0.000,0
2026-01-30 23:07:43,350574,8445.000,1684.000,1065.000,-2575.000,543.000,-2328.000,0.000,0.000,0
2026-01-30 23:07:43,350614,7382.000,1308.000,570.000,-3815.000,1301.000,-2883.000,0.000,0.000,0
2026-01-30 23:07:43,350654,8334.000,917.000,-183.000,-4094.000,1824.000,-3195.000,0.000,0.000,0
2026-01-30 23:07:43,350694,8756.000,985.000,-547.000,-3484.000,2400.000,-2886.000,0.000,0.000,0
2026-01-30 23:07:43,350734,8600.000,1492.000,-247.000,-3177.000,2519.000,-2122.000,0.000,0.000,0
2026-01-30 23:07:43,350774,7934.000,1463.000,257.000,-2917.000,2263.000,-1663.000,0.000,0.000,0
2026-01-30 23:07:43,350814,7071.000,1024.000,-130.000,-2327.000,1864.000,-1903.000,0.000,0.000,0
2026-01-30 23:07:43,350854,7126.000,1027.000,-724.000,-1208.000,1646.000,-2566.000,0.000,0.000,0
2026-01-30 23:07:43,350894,7381.000,1126.000,-853.000,-743.000,1743.000,-2736.000,0.000,0.000,0
2026-01-30 23:07:43,350934,7070.000,942.000,-659.000,-227.000,1437.000,-1791.000,0.000,0.000,0
2026-01-30 23:07:43,350974,7342.000,1150.000,-450.000,1314.000,388.000,-747.000,0.000,0.000,0
2026-01-30 23:07:43,351014,7498.000,1431.000,-41.000,2429.000,-791.000,555.000,0.000,0.000,0
2026-01-30 23:07:43,351054,7451.000,1321.000,199.000,2584.000,-1903.000,1848.000,0.000,0.000,0
2026-01-30 23:07:43,351094,7605.000,1361.000,606.000,2521.000,-2824.000,2770.000,0.000,0.000,0
2026-01-30 23:07:44,351134,8409.000,1596.000,1364.000,2044.000,-3468.000,3870.000,0.000,0.000,0
2026-01-30 23:07:44,351174,8930.000,1812.000,1550.000,586.000,-3415.000,4903.000,0.000,0.000,0
2026-01-30 23:07:44,351214,8399.000,1437.000,1059.000,-220.000,-2676.000,5160.000,0.000,0.000,0
2026-01-30 23:07:44,351254,8480.000,712.000,851.000,338.000,-2019.000,4509.000,0.000,0.000,0
2026-01-30 23:07:44,351294,11094.000,1418.000,-141.000,3685.000,-463.000,3060.000,0.000,0.000,0
2026-01-30 23:07:44,351334,9683.000,2345.000,517.000,6753.000,1034.000,2447.000,0.000,0.000,0
2026-01-30 23:07:44,351374,7454.000,2709.000,2521.000,5757.000,614.000,1519.000,0.000,0.000,0
2026-01-30 23:07:44,351414,6751.000,2587.000,2711.000,2124.000,-252.000,660.000,0.000,0.000,0
2026-01-30 23:07:44,351454,6228.000,2178.000,985.000,-344.000,303.000,120.000,0.000,0.000,0
2026-01-30 23:07:44,351494,6933.000,1336.000,89.000,-1092.000,964.000,-525.000,0.000,0.000,0
2026-01-30 23:07:44,351534,7914.000,1127.000,492.000,-967.000,1642.000,-1620.000,0.000,0.000,0
2026-01-30 23:07:44,351574,9252.000,1353.000,1219.000,-697.000,1630.000,-2591.000,0.000,0.000,0
2026-01-30 23:07:44,351614,8885.000,1220.000,1926.000,-1581.000,1516.000,-3593.000,0.000,0.000,0
2026-01-30 23:07:44,351658,7896.000,897.000,1655.000,-3370.000,809.000,-4257.000,0.000,0.000,0
2026-01-30 23:07:44,351694,7195.000,463.000,1120.000,-6317.000,483.000,-3277.000,0.000,0.000,0
2026-01-30 23:07:44,351734,6904.000,30.000,835.000,-6302.000,395.000,-2134.000,0.000,0.000,0
2026-01-30 23:07:44,351774,6871.000,269.000,950.000,-5146.000,-68.000,-1431.000,0.000,0.000,0
2026-01-30 23:07:44,351814,7491.000,846.000,752.000,-4261.000,-820.000,-950.000,0.000,0.000,0
2026-01-30 23:07:44,351854,8465.000,1212.000,388.000,-4177.000,-1259.000,-437.000,0.000,0.000,0
2026-01-30 23:07:44,351894,8615.000,1299.000,184.000,-4270.000,-1405.000,-135.000,0.000,0.000,0
2026-01-30 23:07:44,351936,7697.000,1415.000,208.000,-4522.000,-1321.000,-418.000,0.000,0.000,0
2026-01-30 23:07:44,351974,7321.000,1420.000,-118.000,-4968.000,-1458.000,-987.000,0.000,0.000,0
2026-01-30 23:07:44,352014,7004.000,1281.000,-252.000,-5215.000,-1557.000,-1330.000,0.000,0.000,0
2026-01-30 23:07:44,352054,6901.000,1462.000,-159.000,-4960.000,-1927.000,-1037.000,0.000,0.000,0
2026-01-30 23:07:44,352094,7060.000,1649.000,29.000,-4732.000,-2756.000,-702.000,0.000,0.000,0
2026-01-30 23:07:45,352134,7315.000,1648.000,-233.000,-5043.000,-3121.000,-364.000,0.000,0.000,0
2026-01-30 23:07:45,352174,7448.000,1672.000,-406.000,-5479.000,-3155.000,132.000,0.000,0.000,0
2026-01-30 23:07:45,352214,7813.000,1691.000,-239.000,-5907.000,-3107.000,871.000,0.000,0.000,0
2026-01-30 23:07:45,352254,8490.000,2040.000,-206.000,-6194.000,-3008.000,1729.000,0.000,0.000,0
2026-01-30 23:07:45,352294,9334.000,2225.000,-340.000,-6683.000,-2582.000,2650.000,0.000,0.000,0
2026-01-30 23:07:45,352334,10057.000,2530.000,-564.000,-7222.000,-1663.000,3214.000,0.000,0.000,0
2026-01-30 23:07:45,352374,9820.000,2472.000,-912.000,-7720.000,-331.000,2777.000,0.000,0.000,0
2026-01-30 23:07:45,352414,9179.000,1634.000,-1303.000,-7282.000,926.000,1213.000,0.000,0.000,0
2026-01-30 23:07:45,352454,8352.000,990.000,-1113.000,-3774.000,2078.000,-1773.000,0.000,0.000,0
2026-01-30 23:07:45,352494,8184.000,1153.000,-643.000,-1875.000,2269.000,-2850.000,0.000,0.000,0
2026-01-30 23:07:45,352534,8113.000,1504.000,-245.000,-911.000,2102.000,-3041.000,0.000,0.000,0
2026-01-30 23:07:45,352574,7848.000,1596.000,-336.000,-915.000,1922.000,-2431.000,0.000,0.000,0
2026-01-30 23:07:45,352614,7428.000,1437.000,-535.000,-1195.000,1770.000,-1584.000,0.000,0.000,0
2026-01-30 23:07:45,352654,6930.000,1191.000,-482.000,-1205.000,1546.000,-883.000,0.000,0.000,0
2026-01-30 23:07:45,352694,6621.000,1257.000,-393.000,-639.000,1162.000,-161.000,0.000,0.000,0
2026-01-30 23:07:45,352734,7129.000,1503.000,-429.000,-213.000,446.000,742.000,0.000,0.000,0
2026-01-30 23:07:45,352774,8273.000,1616.000,-555.000,-39.000,-217.000,1736.000,0.000,0.000,0
2026-01-30 23:07:45,352814,7805.000,1349.000,853.000,340.000,-750.000,2214.000,0.000,0.000,0
2026-01-30 23:07:45,352854,6994.000,1666.000,2155.000,-176.000,-1631.000,1538.000,0.000,0.000,0
2026-01-30 23:07:45,352894,7473.000,1370.000,2891.000,-2966.000,-1732.000,942.000,0.000,0.000,0
2026-01-30 23:07:45,352934,8066.000,160.000,2169.000,-4206.000,-995.000,581.000,0.000,0.000,0
2026-01-30 23:07:45,352974,8644.000,-172.000,2477.000,-2421.000,-196.000,345.000,0.000,0.000,0
2026-01-30 23:07:45,353014,8409.000,327.000,2638.000,25.000,85.000,-49.000,0.000,0.000,0
2026-01-30 23:07:45,353054,8347.000,793.000,2827.000,1014.000,-315.000,-227.000,0.000,0.000,0
2026-01-30 23:07:45,353094,7808.000,922.000,2700.000,-98.000,-446.000,-429.000,0.000,0.000,0
2026-01-30 23:07:46,353134,7878.000,993.000,2548.000,-1522.000,-340.000,-197.000,0.000,0.000,0
2026-01-30 23:07:46,353174,7567.000,960.000,2418.000,-2972.000,-182.000,144.000,0.000,0.000,0
2026-01-30 23:07:46,353214,7898.000,695.000,1809.000,-3645.000,-308.000,364.000,0.000,0.000,0
2026-01-30 23:07:46,353254,7710.000,769.000,1585.000,-3232.000,-162.000,119.000,0.000,0.000,0
2026-01-30 23:07:46,353294,7406.000,736.000,1409.000,-3127.000,-31.000,-203.000,0.000,0.000,0
2026-01-30 23:07:46,353334,7193.000,767.000,1296.000,-3055.000,9.000,-406.000,0.000,0.000,0
2026-01-30 23:07:46,353374,6940.000,780.000,1178.000,-2831.000,-63.000,-437.000,0.000,0.000,0
2026-01-30 23:07:46,353414,6999.000,906.000,978.000,-2297.000,-301.000,-315.000,0.000,0.000,0
2026-01-30 23:07:46,353454,7090.000,1178.000,930.000,-1967.000,-611.000,-109.000,0.000,0.000,0
2026-01-30 23:07:46,353494,7444.000,1408.000,898.000,-2247.000,-957.000,37.000,0.000,0.000,0
2026-01-30 23:07:46,353534,7583.000,1286.000,790.000,-2810.000,-1074.000,-104.000,0.000,0.000,0
2026-01-30 23:07:46,353574,7677.000,993.000,739.000,-2742.000,-1022.000,-672.000,0.000,0.000,0
2026-01-30 23:07:46,353614,7503.000,1061.000,935.000,-1632.000,-706.000,-1688.000,0.000,0.000,0
2026-01-30 23:07:46,353656,7125.000,1006.000,1288.000,-1030.000,-652.000,-1873.000,0.000,0.000,0
2026-01-30 23:07:46,353696,7354.000,1989.000,1614.000,1509.000,-995.000,-1990.000,0.000,0.000,0
2026-01-30 23:07:46,353734,10173.000,6995.000,2465.000,-1288.000,-910.000,-1540.000,0.000,0.000,0
2026-01-30 23:07:46,353774,10445.000,6151.000,4916.000,-7073.000,902.000,-2165.000,0.000,0.000,0
2026-01-30 23:07:46,353814,8977.000,6439.000,4887.000,-5757.000,2764.000,-5146.000,0.000,0.000,0
2026-01-30 23:07:46,353854,9383.000,6232.000,3862.000,-4172.000,4736.000,-7875.000,0.000,0.000,0
2026-01-30 23:07:46,353894,9491.000,5877.000,2772.000,-4454.000,6722.000,-9212.000,0.000,0.000,0
2026-01-30 23:07:46,353937,10951.000,4319.000,1313.000,-6511.000,7589.000,-9603.000,0.000,0.000,0
2026-01-30 23:07:46,353974,11157.000,4593.000,1912.000,-3202.000,6736.000,-9550.000,0.000,0.000,0
2026-01-30 23:07:46,354014,9577.000,4772.000,3225.000,-3802.000,6515.000,-9731.000,0.000,0.000,0
2026-01-30 23:07:46,354054,6243.000,4097.000,5147.000,-3680.000,6441.000,-9145.000,0.000,0.000,0
2026-01-30 23:07:46,354094,4296.000,4217.000,8181.000,-6334.000,6578.000,-8278.000,0.000,0.000,0
2026-01-30 23:07:47,354134,1862.000,3033.000,9145.000,-14390.000,8172.000,-5864.000,0.000,0.000,0
2026-01-30 23:07:47,354174,1616.000,1343.000,11711.000,-16602.000,9575.000,-2791.000,0.000,0.000,0
2026-01-30 23:07:47,354214,1213.000,1426.000,10824.000,-12849.000,10496.000,-164.000,0.000,0.000,0
2026-01-30 23:07:47,354254,10.000,1329.000,10641.000,-7843.000,11444.000,1976.000,0.000,0.000,0
2026-01-30 23:07:47,354294,-613.000,1399.000,9277.000,-8386.000,10536.000,2793.000,0.000,0.000,0
2026-01-30 23:07:47,354334,-1488.000,-836.000,7112.000,-8071.000,9518.000,3869.000,0.000,0.000,0
2026-01-30 23:07:47,354374,-1279.000,-211.000,6079.000,-2839.000,6597.000,5884.000,0.000,0.000,0
2026-01-30 23:07:47,354414,150.000,-272.000,2886.000,3962.000,4103.000,7948.000,0.000,0.000,0
2026-01-30 23:07:47,354454,-193.000,1919.000,-513.000,15980.000,3183.000,7492.000,0.000,0.000,0
2026-01-30 23:07:47,354494,-177.000,2900.000,-931.000,26265.000,2185.000,5603.000,0.000,0.000,0
2026-01-30 23:07:47,354534,-11345.000,41.000,-2689.000,32293.000,-4779.000,-1739.000,0.000,0.000,0
2026-01-30 23:07:47,354574,-2308.000,2119.000,-5794.000,32713.000,-5704.000,510.000,0.000,0.000,0
2026-01-30 23:07:47,354614,2281.000,14105.000,-3717.000,18297.000,-9788.000,7539.000,0.000,0.000,0
2026-01-30 23:07:47,354654,1080.000,16895.000,-3268.000,-29510.000,-13929.000,10310.000,0.000,0.000,0
2026-01-30 23:07:47,354694,1715.000,17217.000,-3607.000,32721.000,-18822.000,7033.000,0.000,0.000,0
2026-01-30 23:07:47,354734,6258.000,-13665.000,-19765.000,32721.000,-6660.000,-2028.000,0.000,0.000,0
2026-01-30 23:07:47,354774,-618.000,-28166.000,-5752.000,-6546.000,4426.000,-6592.000,0.000,0.000,0
2026-01-30 23:07:47,354814,2040.000,-5557.000,8295.000,32679.000,-177.000,-9409.000,0.000,0.000,0
2026-01-30 23:07:47,354854,3028.000,1276.000,11038.000,8232.000,-4187.000,1187.000,0.000,0.000,0
2026-01-30 23:07:47,354894,-372.000,-9800.000,4223.000,-15155.000,-2562.000,3400.000,0.000,0.000,0
2026-01-30 23:07:47,354934,1305.000,-10627.000,4868.000,2607.000,-2504.000,4790.000,0.000,0.000,0
2026-01-30 23:07:47,354974,248.000,-1940.000,6630.000,9556.000,-1357.000,2276.000,0.000,0.000,0
2026-01-30 23:07:47,355014,1697.000,-1840.000,7892.000,653.000,-1941.000,2884.000,0.000,0.000,0
2026-01-30 23:07:47,355054,395.000,-5369.000,6686.000,-815.000,-1158.000,1233.000,0.000,0.000,0
2026-01-30 23:07:47,355094,1164.000,-5151.000,6376.000,2994.000,-998.000,-332.000,0.000,0.000,0
2026-01-30 23:07:48,355134,1285.000,-4292.000,6959.000,1959.000,606.000,-974.000,0.000,0.000,0
2026-01-30 23:07:48,355174,-56.000,-5210.000,6937.000,1955.000,1485.000,-1193.000,0.000,0.000,0
2026-01-30 23:07:48,355214,577.000,-1940.000,7270.000,1381.000,588.000,-1462.000,0.000,0.000,0
2026-01-30 23:07:48,355254,1135.000,-3625.000,7134.000,-3852.000,479.000,-1411.000,0.000,0.000,0
2026-01-30 23:07:48,355294,979.000,-7021.000,6536.000,-3124.000,311.000,-1863.000,0.000,0.000,0
2026-01-30 23:07:48,355334,1174.000,-5267.000,6790.000,857.000,-78.000,-2246.000,0.000,0.000,0
2026-01-30 23:07:48,355374,1970.000,-3323.000,7639.000,759.000,-646.000,-1289.000,0.000,0.000,0
2026-01-30 23:07:48,355414,2778.000,-4502.000,8170.000,-1217.000,-670.000,-751.000,0.000,0.000,0
2026-01-30 23:07:48,355454,2378.000,-3830.000,8077.000,-281.000,-645.000,-560.000,0.000,0.000,0
2026-01-30 23:07:48,355494,2518.000,-4498.000,8004.000,172.000,-766.000,136.000,0.000,0.000,0
2026-01-30 23:07:48,355534,2372.000,-3033.000,7885.000,1424.000,-331.000,304.000,0.000,0.000,0
2026-01-30 23:07:48,355574,2156.000,-3597.000,7886.000,-643.000,16.000,333.000,0.000,0.000,0
2026-01-30 23:07:48,355614,1907.000,-4152.000,7179.000,-610.000,13.000,304.000,0.000,0.000,0
2026-01-30 23:07:48,355654,1815.000,-3587.000,7182.000,-431.000,72.000,227.000,0.000,0.000,0
2026-01-30 23:07:48,355694,1866.000,-3686.000,7339.000,-723.000,-56.000,341.000,0.000,0.000,0
2026-01-30 23:07:48,355734,2120.000,-4389.000,7343.000,-649.000,-22.000,808.000,0.000,0.000,0
2026-01-30 23:07:48,355774,2094.000,-4317.000,7158.000,19.000,473.000,1338.000,0.000,0.000,0
2026-01-30 23:07:48,355814,1734.000,-4407.000,7354.000,247.000,541.000,1385.000,0.000,0.000,0
2026-01-30 23:07:48,355854,1924.000,-4199.000,7475.000,460.000,-112.000,934.000,0.000,0.000,0
2026-01-30 23:07:48,355894,2404.000,-3878.000,6989.000,-457.000,-137.000,597.000,0.000,0.000,0
2026-01-30 23:07:48,355936,2160.000,-4211.000,6604.000,-291.000,384.000,720.000,0.000,0.000,0
2026-01-30 23:07:48,355975,1783.000,-3805.000,6866.000,160.000,557.000,813.000,0.000,0.000,0
2026-01-30 23:07:48,356014,1391.000,-4275.000,6765.000,-22.000,401.000,731.000,0.000,0.000,0
2026-01-30 23:07:48,356054,1442.000,-4434.000,6783.000,433.000,74.000,336.000,0.000,0.000,0
2026-01-30 23:07:48,356094,1562.000,-3936.000,6952.000,700.000,-149.000,97.000,0.000,0.000,0
2026-01-30 23:07:49,356134,1919.000,-4005.000,6971.000,292.000,-333.000,424.000,0.000,0.000,0
2026-01-30 23:07:49,356174,2161.000,-3878.000,7149.000,67.000,-298.000,697.000,0.000,0.000,0
2026-01-30 23:07:49,356214,1931.000,-4318.000,7080.000,24.000,-216.000,509.000,0.000,0.000,0
2026-01-30 23:07:49,356254,1758.000,-4084.000,7211.000,555.000,-294.000,122.000,0.000,0.000,0
2026-01-30 23:07:49,356294,1745.000,-4094.000,7159.000,232.000,-409.000,-123.000,0.000,0.000,0
2026-01-30 23:07:49,356334,1792.000,-4357.000,7020.000,-10.000,-369.000,81.000,0.000,0.000,0
2026-01-30 23:07:49,356374,1890.000,-4079.000,7192.000,91.000,-227.000,329.000,0.000,0.000,0
2026-01-30 23:07:49,356414,1756.000,-4187.000,7091.000,-312.000,-94.000,480.000,0.000,0.000,0
2026-01-30 23:07:49,356454,1583.000,-4343.000,7021.000,-182.000,-60.000,385.000,0.000,0.000,0
2026-01-30 23:07:49,356494,1433.000,-4051.000,7145.000,69.000,-124.000,149.000,0.000,0.000,0
2026-01-30 23:07:49,356534,1546.000,-4142.000,7250.000,-131.000,-207.000,-65.000,0.000,0.000,0
2026-01-30 23:07:49,356574,1721.000,-4317.000,7212.000,-113.000,-172.000,-175.000,0.000,0.000,0
2026-01-30 23:07:49,356614,1773.000,-4415.000,7190.000,-15.000,-37.000,-277.000,0.000,0.000,0
2026-01-30 23:07:49,356654,1575.000,-4359.000,6838.000,-438.000,178.000,-265.000,0.000,0.000,0
2026-01-30 23:07:49,356694,1714.000,-4437.000,7020.000,-427.000,-94.000,-155.000,0.000,0.000,0
2026-01-30 23:07:49,356734,1691.000,-4431.000,6941.000,-51.000,-308.000,-135.000,0.000,0.000,0
2026-01-30 23:07:49,356774,1760.000,-4301.000,7008.000,103.000,-242.000,-189.000,0.000,0.000,0
2026-01-30 23:07:49,356814,1792.000,-4205.000,7141.000,4.000,-104.000,-106.000,0.000,0.000,0
2026-01-30 23:07:49,356854,1533.000,-4424.000,7448.000,123.000,270.000,-97.000,0.000,0.000,0
2026-01-30 23:07:49,356894,1650.000,-4291.000,7127.000,151.000,316.000,-79.000,0.000,0.000,0
2026-01-30 23:07:49,356934,1677.000,-4339.000,7100.000,23.000,415.000,-43.000,0.000,0.000,0
2026-01-30 23:07:49,356974,1612.000,-4219.000,7154.000,-32.000,365.000,-41.000,0.000,0.000,0
2026-01-30 23:07:49,357014,1664.000,-4306.000,7032.000,-134.000,191.000,-50.000,0.000,0.000,0
2026-01-30 23:07:49,357054,1671.000,-4313.000,7081.000,-43.000,147.000,-147.000,0.000,0.000,0
2026-01-30 23:07:49,357094,1769.000,-4141.000,7093.000,37.000,140.000,-156.000,0.000,0.000,0
2026-01-30 23:07:50,357134,1681.000,-4302.000,7086.000,-217.000,196.000,-88.000,0.000,0.000,0
2026-01-30 23:07:50,357174,1711.000,-4246.000,7057.000,-77.000,149.000,-51.000,0.000,0.000,0
2026-01-30 23:07:50,357214,1588.000,-4180.000,7026.000,-75.000,152.000,-160.000,0.000,0.000,0
2026-01-30 23:07:50,357254,1499.000,-4202.000,7033.000,-67.000,36.000,-249.000,0.000,0.000,0
2026-01-30 23:07:50,357294,1696.000,-4383.000,7041.000,-22.000,-60.000,-280.000,0.000,0.000,0
2026-01-30 23:07:50,357334,1773.000,-4143.000,7169.000,111.000,-6.000,-260.000,0.000,0.000,0
2026-01-30 23:07:50,357374,1765.000,-4421.000,7139.000,-68.000,25.000,-165.000,0.000,0.000,0
2026-01-30 23:07:50,357414,1777.000,-4066.000,7178.000,-114.000,77.000,-5.000,0.000,0.000,0
2026-01-30 23:07:50,357454,1835.000,-4287.000,7141.000,-334.000,85.000,-5.000,0.000,0.000,0
2026-01-30 23:07:50,357494,1506.000,-4161.000,6705.000,770.000,148.000,-65.000,0.000,0.000,0
2026-01-30 23:07:50,357534,1832.000,-4185.000,7131.000,-91.000,-299.000,-227.000,0.000,0.000,0
2026-01-30 23:07:50,357574,1930.000,-4475.000,7134.000,-103.000,-146.000,6.000,0.000,0.000,0
2026-01-30 23:07:50,357614,1814.000,-4237.000,7025.000,128.000,-82.000,119.000,0.000,0.000,0
