datetime_local,uptime_ms,acc_x,acc_y,acc_z,gyro_x,gyro_y,gyro_z,speed_mps,turn_rate_deg_s,gps_valid
2026-01-31 14:19:22,10068574,3569.000,-696.000,7526.000,-502.000,283.000,153.000,0.000,-3.820,1
2026-01-31 14:19:22,10068614,3207.000,-588.000,7590.000,-329.000,503.000,276.000,0.000,-3.820,1
2026-01-31 14:19:22,10068655,2906.000,-838.000,7630.000,-470.000,443.000,352.000,0.000,-3.820,1
2026-01-31 14:19:22,10068694,2912.000,-623.000,7588.000,-194.000,286.000,251.000,0.000,-3.820,1
2026-01-31 14:19:22,10068734,3146.000,-686.000,7497.000,-243.000,87.000,56.000,0.000,-3.820,1
2026-01-31 14:19:22,10068774,3264.000,-777.000,7483.000,-156.000,-65.000,24.000,0.000,-3.820,1
2026-01-31 14:19:22,10068814,3321.000,-621.000,7588.000,114.000,-81.000,64.000,0.000,-3.820,1
2026-01-31 14:19:22,10068854,3235.000,-609.000,7631.000,127.000,-103.000,49.000,0.000,-3.820,1
2026-01-31 14:19:22,10068894,3251.000,-668.000,7616.000,159.000,-162.000,36.000,0.000,-3.820,1
2026-01-31 14:19:22,10068934,3320.000,-819.000,7530.000,158.000,-158.000,113.000,0.000,-3.820,1
2026-01-31 14:19:22,10068974,3520.000,-908.000,7354.000,473.000,38.000,366.000,0.000,-3.820,1
2026-01-31 14:19:22,10069014,4235.000,-1277.000,6675.000,1160.000,406.000,746.000,0.000,-3.820,1
2026-01-31 14:19:23,10069054,4733.000,-1169.000,6193.000,2928.000,936.000,1574.000,0.000,-3.820,1
2026-01-31 14:19:23,10069094,4997.000,-1004.000,6318.000,4617.000,1298.000,2661.000,0.000,-3.820,1
2026-01-31 14:19:23,10069134,4907.000,-918.000,6180.000,7347.000,1987.000,4157.000,0.000,-3.820,1
2026-01-31 14:19:23,10069174,4999.000,466.000,5655.000,10512.000,3254.000,5436.000,0.000,-3.820,1
2026-01-31 14:19:23,10069214,3074.000,2324.000,6393.000,12344.000,4392.000,6156.000,0.000,-3.820,1
2026-01-31 14:19:23,10069254,2222.000,4376.000,5633.000,12897.000,4939.000,6252.000,0.000,-3.820,1
2026-01-31 14:19:23,10069294,1802.000,5811.000,5157.000,12459.000,6379.000,5322.000,0.000,-3.820,1
2026-01-31 14:19:23,10069334,670.000,6000.000,4857.000,11455.000,5798.000,4701.000,0.000,-3.820,1
2026-01-31 14:19:23,10069374,296.000,7844.000,4518.000,11167.000,4728.000,3592.000,0.000,-3.820,1
2026-01-31 14:19:23,10069414,582.000,7858.000,3885.000,9012.000,4493.000,2176.000,0.000,-3.820,1
2026-01-31 14:19:23,10069454,389.000,7983.000,3702.000,7800.000,4229.000,1285.000,0.000,-3.820,1
2026-01-31 14:19:23,10069494,446.000,7524.000,3449.000,6686.000,4297.000,188.000,0.000,-3.820,1
2026-01-31 14:19:23,10069534,664.000,8160.000,2860.000,6046.000,4393.000,-388.000,0.000,3.360,1
2026-01-31 14:19:23,10069574,447.000,7497.000,2569.000,4826.000,4749.000,-860.000,0.000,3.360,1
2026-01-31 14:19:23,10069614,178.000,7680.000,2389.000,4985.000,5011.000,-674.000,0.000,3.360,1
2026-01-31 14:19:23,10069654,-565.000,9282.000,2984.000,4362.000,5022.000,-873.000,0.000,3.360,1
2026-01-31 14:19:23,10069694,-979.000,8628.000,2919.000,2143.000,5476.000,-879.000,0.000,3.360,1
2026-01-31 14:19:23,10069734,-1086.000,8327.000,2931.000,1267.000,4828.000,-410.000,0.000,3.360,1
2026-01-31 14:19:23,10069774,-1106.000,9114.000,3585.000,436.000,4096.000,-284.000,0.000,3.360,1
2026-01-31 14:19:23,10069814,-938.000,9549.000,3725.000,-2140.000,4075.000,-308.000,0.000,3.360,1
2026-01-31 14:19:23,10069854,-1257.000,9810.000,3346.000,-6347.000,3691.000,-336.000,0.000,3.360,1
2026-01-31 14:19:23,10069894,-2205.000,9276.000,3086.000,-12231.000,2252.000,-703.000,0.000,3.360,1
2026-01-31 14:19:23,10069934,-2680.000,3420.000,2756.000,-15912.000,630.000,475.000,0.000,3.360,1
2026-01-31 14:19:23,10069974,-2706.000,1543.000,3093.000,-6357.000,-685.000,2543.000,0.000,3.360,1
2026-01-31 14:19:23,10070014,-2061.000,6082.000,2908.000,3788.000,-2691.000,4047.000,0.000,3.360,1
2026-01-31 14:19:24,10070054,-1688.000,11124.000,3517.000,10806.000,-3544.000,-648.000,0.000,3.360,1
2026-01-31 14:19:24,10070094,-350.000,10501.000,3725.000,16019.000,-2161.000,-3335.000,0.000,3.360,1
2026-01-31 14:19:24,10070134,102.000,11115.000,1795.000,15973.000,-933.000,-3659.000,0.000,3.360,1
2026-01-31 14:19:24,10070174,1375.000,11414.000,207.000,10497.000,-2065.000,-1574.000,0.000,3.360,1
2026-01-31 14:19:24,10070214,1437.000,9268.000,74.000,5178.000,-3282.000,-481.000,0.000,3.360,1
2026-01-31 14:19:24,10070257,988.000,7537.000,44.000,563.000,-4195.000,-943.000,0.000,3.360,1
2026-01-31 14:19:24,10070296,54.000,6275.000,-552.000,-2669.000,-3156.000,-1689.000,0.000,3.360,1
2026-01-31 14:19:24,10070334,-448.000,5375.000,-817.000,-3379.000,-2724.000,-1950.000,0.000,3.360,1
2026-01-31 14:19:24,10070374,-944.000,5267.000,-769.000,-2194.000,-2886.000,-2435.000,0.000,3.360,1
2026-01-31 14:19:24,10070414,-1300.000,6487.000,-2.000,-2201.000,-2960.000,-3184.000,0.000,3.360,1
2026-01-31 14:19:24,10070454,-1103.000,8179.000,9.000,-1396.000,-2778.000,-3420.000,0.000,3.360,1
2026-01-31 14:19:24,10070494,-1476.000,10647.000,-657.000,-1054.000,-1889.000,-2234.000,0.000,3.360,1
2026-01-31 14:19:24,10070534,-942.000,9594.000,572.000,2.000,-1419.000,-720.000,0.000,0.000,1
2026-01-31 14:19:24,10070574,-2190.000,9002.000,2351.000,212.000,-899.000,-935.000,0.000,0.000,1
2026-01-31 14:19:24,10070614,-3291.000,7403.000,2102.000,-1211.000,-922.000,-1444.000,0.000,0.000,1
2026-01-31 14:19:24,10070654,-3382.000,6519.000,2144.000,-752.000,-999.000,-1774.000,0.000,0.000,1
2026-01-31 14:19:24,10070694,-3612.000,7307.000,1808.000,-1193.000,-370.000,-1239.000,0.000,0.000,1
2026-01-31 14:19:24,10070734,-3353.000,7013.000,1819.000,-1919.000,8.000,-774.000,0.000,0.000,1
2026-01-31 14:19:24,10070774,-3391.000,7793.000,1833.000,-1641.000,-234.000,-677.000,0.000,0.000,1
2026-01-31 14:19:24,10070814,-3672.000,7111.000,1637.000,-1445.000,-383.000,-993.000,0.000,0.000,1
2026-01-31 14:19:24,10070854,-3510.000,7202.000,1857.000,-800.000,-435.000,-1171.000,0.000,0.000,1
2026-01-31 14:19:24,10070894,-3273.000,7203.000,2030.000,-926.000,-424.000,-1349.000,0.000,0.000,1
2026-01-31 14:19:24,10070934,-3407.000,7391.000,2022.000,-824.000,-401.000,-1117.000,0.000,0.000,1
2026-01-31 14:19:24,10070974,-3041.000,7866.000,2107.000,192.000,-882.000,-1035.000,0.000,0.000,1
2026-01-31 14:19:24,10071014,-2791.000,7443.000,1788.000,-442.000,-1215.000,-1165.000,0.000,0.000,1
2026-01-31 14:19:25,10071054,-1902.000,7163.000,2261.000,-502.000,-1349.000,-1067.000,0.000,0.000,1
2026-01-31 14:19:25,10071094,-1788.000,7247.000,2675.000,-444.000,-989.000,-1057.000,0.000,0.000,1
2026-01-31 14:19:25,10071134,-1960.000,7296.000,2158.000,-534.000,-614.000,-557.000,0.000,0.000,1
2026-01-31 14:19:25,10071174,-2138.000,7776.000,2632.000,-123.000,-962.000,208.000,0.000,0.000,1
2026-01-31 14:19:25,10071214,-3415.000,7256.000,2606.000,-1068.000,-670.000,400.000,0.000,0.000,1
2026-01-31 14:19:25,10071254,-4211.000,7127.000,2761.000,-269.000,-873.000,466.000,0.000,0.000,1
2026-01-31 14:19:25,10071294,-3935.000,7018.000,3170.000,-790.000,-598.000,296.000,0.000,0.000,1
2026-01-31 14:19:25,10071334,-3640.000,6136.000,2621.000,-1279.000,-244.000,32.000,0.000,0.000,1
2026-01-31 14:19:25,10071374,-3378.000,6360.000,2442.000,-541.000,-122.000,-122.000,0.000,0.000,1
2026-01-31 14:19:25,10071414,-2961.000,6249.000,2102.000,-463.000,310.000,-333.000,0.000,0.000,1
2026-01-31 14:19:25,10071454,-3248.000,6180.000,2127.000,-20.000,640.000,-569.000,0.000,0.000,1
2026-01-31 14:19:25,10071494,-3803.000,7183.000,2535.000,340.000,633.000,-414.000,0.000,0.000,1
2026-01-31 14:19:25,10071534,-4652.000,7397.000,3460.000,-11.000,607.000,-122.000,0.000,19.840,1
2026-01-31 14:19:25,10071574,-6141.000,6600.000,3314.000,-177.000,129.000,-779.000,0.000,19.840,1
2026-01-31 14:19:25,10071614,-5618.000,5725.000,2700.000,-31.000,-405.000,-1293.000,0.000,19.840,1
2026-01-31 14:19:25,10071654,-5132.000,5565.000,2060.000,1317.000,-1294.000,-1907.000,0.000,19.840,1
2026-01-31 14:19:25,10071694,-4296.000,6619.000,2008.000,2134.000,-1376.000,-1809.000,0.000,19.840,1
2026-01-31 14:19:25,10071734,-3488.000,6829.000,1798.000,2282.000,-1164.000,-1656.000,0.000,19.840,1
2026-01-31 14:19:25,10071774,-2428.000,6827.000,1614.000,1172.000,-500.000,-1810.000,0.000,19.840,1
2026-01-31 14:19:25,10071814,-1935.000,7174.000,1770.000,657.000,227.000,-1555.000,0.000,19.840,1
2026-01-31 14:19:25,10071854,-1451.000,6584.000,1899.000,998.000,280.000,-1110.000,0.000,19.840,1
2026-01-31 14:19:25,10071894,-1554.000,7145.000,2931.000,3517.000,338.000,-1013.000,0.000,19.840,1
2026-01-31 14:19:25,10071934,-3492.000,7899.000,3338.000,3243.000,327.000,-690.000,0.000,19.840,1
2026-01-31 14:19:25,10071974,-4915.000,7532.000,2147.000,1956.000,319.000,-355.000,0.000,19.840,1
2026-01-31 14:19:25,10072014,-4255.000,7907.000,1558.000,1783.000,61.000,-337.000,0.000,19.840,1
2026-01-31 14:19:26,10072054,-4672.000,7143.000,1160.000,-136.000,702.000,-328.000,0.000,19.840,1
2026-01-31 14:19:26,10072094,-4670.000,6711.000,1400.000,-1154.000,1005.000,16.000,0.000,19.840,1
2026-01-31 14:19:26,10072134,-5087.000,6300.000,947.000,-768.000,863.000,53.000,0.000,19.840,1
2026-01-31 14:19:26,10072174,-5196.000,6804.000,921.000,267.000,600.000,87.000,0.000,19.840,1
2026-01-31 14:19:26,10072214,-5013.000,6831.000,1111.000,227.000,499.000,-26.000,0.000,19.840,1
2026-01-31 14:19:26,10072254,-4783.000,6772.000,1046.000,204.000,150.000,-81.000,0.000,19.840,1
2026-01-31 14:19:26,10072294,-4251.000,6889.000,1049.000,339.000,-158.000,138.000,0.000,19.840,1
2026-01-31 14:19:26,10072334,-4445.000,6552.000,773.000,1432.000,-614.000,145.000,0.000,19.840,1
2026-01-31 14:19:26,10072374,-4419.000,7309.000,1084.000,1168.000,-596.000,457.000,0.000,19.840,1
2026-01-31 14:19:26,10072414,-4591.000,6855.000,1068.000,224.000,-129.000,379.000,0.000,19.840,1
2026-01-31 14:19:26,10072454,-4584.000,6737.000,858.000,188.000,76.000,288.000,0.000,19.840,1
2026-01-31 14:19:26,10072494,-4717.000,6868.000,630.000,253.000,207.000,228.000,0.000,19.840,1
2026-01-31 14:19:26,10072534,-5038.000,7006.000,449.000,173.000,60.000,210.000,0.000,-4.780,1
2026-01-31 14:19:26,10072577,-4657.000,7190.000,937.000,273.000,-231.000,55.000,0.000,-4.780,1
2026-01-31 14:19:26,10072614,-4513.000,7188.000,1005.000,263.000,-227.000,12.000,0.000,-4.780,1
2026-01-31 14:19:26,10072654,-4377.000,7177.000,847.000,63.000,-72.000,36.000,0.000,-4.780,1
2026-01-31 14:19:26,10072694,-4078.000,6985.000,1069.000,-178.000,-62.000,56.000,0.000,-4.780,1
2026-01-31 14:19:26,10072734,-4043.000,6848.000,1414.000,-471.000,-265.000,323.000,0.000,-4.780,1
2026-01-31 14:19:26,10072774,-4471.000,7024.000,1554.000,-448.000,-183.000,472.000,0.000,-4.780,1
2026-01-31 14:19:26,10072814,-4597.000,6987.000,1245.000,-440.000,186.000,463.000,0.000,-4.780,1
2026-01-31 14:19:26,10072854,-4283.000,6523.000,921.000,-203.000,266.000,343.000,0.000,-4.780,1
2026-01-31 14:19:26,10072894,-3984.000,6626.000,967.000,-115.000,130.000,360.000,0.000,-4.780,1
2026-01-31 14:19:26,10072934,-4068.000,6778.000,1139.000,-172.000,-3.000,327.000,0.000,-4.780,1
2026-01-31 14:19:26,10072974,-4394.000,6860.000,1244.000,285.000,0.000,143.000,0.000,-4.780,1
2026-01-31 14:19:26,10073014,-4422.000,6974.000,1287.000,36.000,52.000,76.000,0.000,-4.780,1
2026-01-31 14:19:27,10073054,-4418.000,6812.000,1085.000,-222.000,78.000,18.000,0.000,-4.780,1
2026-01-31 14:19:27,10073094,-4219.000,6896.000,1273.000,74.000,-148.000,-95.000,0.000,-4.780,1
2026-01-31 14:19:27,10073134,-4410.000,6809.000,1091.000,71.000,-18.000,-46.000,0.000,-4.780,1
2026-01-31 14:19:27,10073174,-4336.000,7005.000,1125.000,169.000,-83.000,-104.000,0.000,-4.780,1
2026-01-31 14:19:27,10073214,-4121.000,6729.000,1183.000,-28.000,-150.000,-144.000,0.000,-4.780,1
2026-01-31 14:19:27,10073254,-4214.000,6837.000,1128.000,147.000,-39.000,-18.000,0.000,-4.780,1
2026-01-31 14:19:27,10073294,-4080.000,6794.000,1134.000,168.000,-29.000,-40.000,0.000,-4.780,1
2026-01-31 14:19:27,10073334,-4356.000,6751.000,941.000,331.000,-5.000,165.000,0.000,-4.780,1
2026-01-31 14:19:27,10073374,-4283.000,7089.000,1078.000,494.000,-64.000,142.000,0.000,-4.780,1
2026-01-31 14:19:27,10073414,-4197.000,7037.000,1069.000,162.000,-16.000,108.000,0.000,-4.780,1
2026-01-31 14:19:27,10073454,-4103.000,7021.000,1017.000,198.000,-58.000,151.000,0.000,-4.780,1
2026-01-31 14:19:27,10073494,-4246.000,7067.000,902.000,211.000,-4.000,88.000,0.000,-4.780,1
2026-01-31 14:19:27,10073534,-4227.000,6951.000,918.000,114.000,-101.000,80.000,0.000,5.150,1
2026-01-31 14:19:27,10073574,-4090.000,7108.000,943.000,181.000,-106.000,101.000,0.000,5.150,1
2026-01-31 14:19:27,10073614,-4211.000,7122.000,903.000,182.000,-100.000,78.000,0.000,5.150,1
2026-01-31 14:19:27,10073654,-4164.000,7129.000,899.000,55.000,-156.000,80.000,0.000,5.150,1
2026-01-31 14:19:27,10073694,-4186.000,7150.000,894.000,29.000,-161.000,-21.000,0.000,5.150,1
2026-01-31 14:19:27,10073734,-3973.000,7006.000,899.000,-20.000,-160.000,-35.000,0.000,5.150,1
2026-01-31 14:19:27,10073774,-4044.000,7112.000,1008.000,56.000,-115.000,-22.000,0.000,5.150,1
2026-01-31 14:19:27,10073814,-4128.000,7039.000,1044.000,-62.000,-39.000,-14.000,0.000,5.150,1
2026-01-31 14:19:27,10073854,-4121.000,7090.000,960.000,-32.000,-51.000,-37.000,0.000,5.150,1
2026-01-31 14:19:27,10073894,-4142.000,7016.000,1016.000,-345.000,-52.000,-7.000,0.000,5.150,1
2026-01-31 14:19:27,10073934,-4234.000,6989.000,1119.000,-103.000,-47.000,-68.000,0.000,5.150,1
2026-01-31 14:19:27,10073974,-4159.000,6874.000,1009.000,-150.000,-44.000,-16.000,0.000,5.150,1
2026-01-31 14:19:27,10074014,-4148.000,6990.000,1022.000,41.000,-7.000,-4.000,0.000,5.150,1
2026-01-31 14:19:28,10074054,-4122.000,7045.000,1059.000,-8.000,-16.000,34.000,0.000,5.150,1
2026-01-31 14:19:28,10074094,-4198.000,6969.000,1001.000,13.000,43.000,17.000,0.000,5.150,1
2026-01-31 14:19:28,10074134,-4179.000,7016.000,1054.000,-1.000,25.000,42.000,0.000,5.150,1
2026-01-31 14:19:28,10074174,-4084.000,6993.000,1086.000,-51.000,83.000,17.000,0.000,5.150,1
2026-01-31 14:19:28,10074214,-4204.000,6952.000,941.000,70.000,57.000,61.000,0.000,5.150,1
2026-01-31 14:19:28,10074254,-4283.000,7039.000,948.000,187.000,-134.000,44.000,0.000,5.150,1
2026-01-31 14:19:28,10074297,-4129.000,7037.000,1035.000,167.000,-227.000,85.000,0.000,5.150,1
2026-01-31 14:19:28,10074337,-3987.000,7106.000,1091.000,-24.000,-106.000,87.000,0.000,5.150,1
2026-01-31 14:19:28,10074374,-3912.000,7011.000,1051.000,-73.000,-45.000,87.000,0.000,5.150,1
2026-01-31 14:19:28,10074414,-4037.000,7157.000,1104.000,-2.000,31.000,99.000,0.000,5.150,1
2026-01-31 14:19:28,10074454,-4160.000,7009.000,1014.000,-194.000,103.000,4.000,0.000,5.150,1
2026-01-31 14:19:28,10074494,-4185.000,7111.000,994.000,-117.000,110.000,-20.000,0.000,5.150,1
2026-01-31 14:19:28,10074534,-4144.000,7064.000,1045.000,-53.000,78.000,-48.000,0.000,-4.020,1
2026-01-31 14:19:28,10074574,-4199.000,7057.000,1028.000,-153.000,41.000,-16.000,0.000,-4.020,1
2026-01-31 14:19:28,10074614,-4049.000,6985.000,1057.000,-123.000,-18.000,-30.000,0.000,-4.020,1
2026-01-31 14:19:28,10074654,-4083.000,6849.000,990.000,-87.000,-38.000,29.000,0.000,-4.020,1
2026-01-31 14:19:28,10074694,-4095.000,6999.000,1086.000,-66.000,-43.000,96.000,0.000,-4.020,1
2026-01-31 14:19:28,10074734,-4198.000,7143.000,1172.000,-20.000,30.000,-5.000,0.000,-4.020,1
2026-01-31 14:19:28,10074774,-4223.000,6921.000,1004.000,-122.000,89.000,-26.000,0.000,-4.020,1
2026-01-31 14:19:28,10074814,-4116.000,6929.000,1131.000,56.000,1.000,-83.000,0.000,-4.020,1
2026-01-31 14:19:28,10074854,-4092.000,7049.000,1014.000,157.000,-193.000,150.000,0.000,-4.020,1
2026-01-31 14:19:28,10074894,-4268.000,7329.000,1093.000,71.000,-190.000,-129.000,0.000,-4.020,1
2026-01-31 14:19:28,10074934,-4016.000,6946.000,1179.000,-387.000,-98.000,-222.000,0.000,-4.020,1
2026-01-31 14:19:28,10074974,-4050.000,6802.000,1127.000,-278.000,7.000,50.000,0.000,-4.020,1
2026-01-31 14:19:28,10075014,-4217.000,6909.000,1123.000,-255.000,56.000,5.000,0.000,-4.020,1
2026-01-31 14:19:29,10075054,-4082.000,6915.000,1220.000,-131.000,10.000,78.000,0.000,-4.020,1
2026-01-31 14:19:29,10075094,-4093.000,7130.000,1269.000,-1.000,101.000,131.000,0.000,-4.020,1
2026-01-31 14:19:29,10075134,-4114.000,6897.000,1074.000,-29.000,170.000,86.000,0.000,-4.020,1
2026-01-31 14:19:29,10075174,-4180.000,6986.000,1039.000,79.000,60.000,148.000,0.000,-4.020,1
2026-01-31 14:19:29,10075214,-4077.000,7043.000,1244.000,71.000,18.000,139.000,0.000,-4.020,1
2026-01-31 14:19:29,10075254,-4112.000,7076.000,1140.000,-19.000,57.000,94.000,0.000,-4.020,1
2026-01-31 14:19:29,10075294,-4097.000,7114.000,1057.000,14.000,40.000,57.000,0.000,-4.020,1
2026-01-31 14:19:29,10075334,-4109.000,7047.000,1116.000,8.000,-15.000,2.000,0.000,-4.020,1
2026-01-31 14:19:29,10075374,-4083.000,6957.000,1116.000,0.000,5.000,-26.000,0.000,-4.020,1
2026-01-31 14:19:29,10075414,-4056.000,7122.000,1184.000,40.000,-15.000,29.000,0.000,-4.020,1
2026-01-31 14:19:29,10075454,-4131.000,7005.000,1154.000,-68.000,53.000,-46.000,0.000,-4.020,1
2026-01-31 14:19:29,10075494,-4139.000,7045.000,1082.000,-25.000,11.000,-7.000,0.000,-4.020,1
2026-01-31 14:19:29,10075534,-4071.000,7006.000,1178.000,2.000,-24.000,-24.000,0.000,0.610,1
2026-01-31 14:19:29,10075574,-4079.000,6943.000,1117.000,-53.000,25.000,25.000,0.000,0.610,1
2026-01-31 14:19:29,10075614,-4081.000,7092.000,1154.000,15.000,16.000,72.000,0.000,0.610,1
2026-01-31 14:19:29,10075654,-4091.000,7076.000,1143.000,-50.000,34.000,33.000,0.000,0.610,1
2026-01-31 14:19:29,10075694,-4118.000,7044.000,1116.000,-25.000,38.000,4.000,0.000,0.610,1
2026-01-31 14:19:29,10075734,-4084.000,7006.000,1115.000,-40.000,10.000,-6.000,0.000,0.610,1
2026-01-31 14:19:29,10075774,-4067.000,6953.000,1180.000,-33.000,7.000,16.000,0.000,0.610,1
2026-01-31 14:19:29,10075814,-4094.000,7077.000,1131.000,-27.000,13.000,28.000,0.000,0.610,1
2026-01-31 14:19:29,10075854,-4065.000,7050.000,1134.000,-12.000,-2.000,20.000,0.000,0.610,1
2026-01-31 14:19:29,10075894,-4050.000,7041.000,1180.000,-21.000,8.000,23.000,0.000,0.610,1
2026-01-31 14:19:29,10075934,-4146.000,7018.000,1184.000,-13.000,17.000,6.000,0.000,0.610,1
2026-01-31 14:19:29,10075974,-4107.000,7074.000,1117.000,-39.000,-3.000,-2.000,0.000,0.610,1
2026-01-31 14:19:29,10076014,-4072.000,7001.000,1141.000,-102.000,-16.000,-14.000,0.000,0.610,1
2026-01-31 14:19:30,10076054,-4080.000,7047.000,1164.000,-11.000,-14.000,27.000,0.000,0.610,1
2026-01-31 14:19:30,10076094,-4061.000,7032.000,1160.000,-9.000,7.000,20.000,0.000,0.610,1
2026-01-31 14:19:30,10076134,-4070.000,7012.000,1191.000,-41.000,11.000,14.000,0.000,0.610,1
2026-01-31 14:19:30,10076174,-4116.000,7019.000,1154.000,-74.000,19.000,16.000,0.000,0.610,1
2026-01-31 14:19:30,10076214,-4099.000,7076.000,1156.000,-35.000,-15.000,-2.000,0.000,0.610,1
2026-01-31 14:19:30,10076254,-4099.000,7072.000,1181.000,-56.000,-62.000,-20.000,0.000,0.610,1
2026-01-31 14:19:30,10076294,-4079.000,7040.000,1220.000,-272.000,-36.000,-20.000,0.000,0.610,1
2026-01-31 14:19:30,10076337,-4082.000,7066.000,1228.000,-44.000,-60.000,-37.000,0.000,0.610,1
2026-01-31 14:19:30,10076374,-4058.000,6952.000,1253.000,-70.000,-49.000,-35.000,0.000,0.610,1
2026-01-31 14:19:30,10076414,-4064.000,7029.000,1241.000,-62.000,-13.000,35.000,0.000,0.610,1
2026-01-31 14:19:30,10076454,-4097.000,6992.000,1228.000,-51.000,17.000,40.000,0.000,0.610,1
2026-01-31 14:19:30,10076494,-4104.000,7006.000,1199.000,-49.000,12.000,1.000,0.000,0.610,1
2026-01-31 14:19:30,10076534,-4112.000,7010.000,1243.000,31.000,-79.000,-4.000,0.000,2.240,1
2026-01-31 14:19:30,10076577,-3989.000,7006.000,1333.000,-33.000,-58.000,20.000,0.000,2.240,1
2026-01-31 14:19:30,10076614,-4083.000,7013.000,1248.000,-72.000,10.000,55.000,0.000,2.240,1
2026-01-31 14:19:30,10076654,-4067.000,7069.000,1254.000,-47.000,-1.000,-45.000,0.000,2.240,1
2026-01-31 14:19:30,10076694,-4161.000,6964.000,1241.000,-23.000,28.000,33.000,0.000,2.240,1
2026-01-31 14:19:30,10076734,-4101.000,7062.000,1245.000,-26.000,-20.000,-7.000,0.000,2.240,1
2026-01-31 14:19:30,10076774,-4022.000,6982.000,1250.000,-76.000,5.000,-14.000,0.000,2.240,1
2026-01-31 14:19:30,10076814,-4068.000,6973.000,1232.000,-31.000,-8.000,50.000,0.000,2.240,1
2026-01-31 14:19:30,10076854,-4069.000,7047.000,1280.000,-20.000,32.000,20.000,0.000,2.240,1
2026-01-31 14:19:30,10076894,-4050.000,7038.000,1258.000,-23.000,60.000,15.000,0.000,2.240,1
2026-01-31 14:19:30,10076934,-4113.000,6991.000,1357.000,-29.000,-2.000,5.000,0.000,2.240,1
2026-01-31 14:19:30,10076974,-4094.000,6898.000,1197.000,241.000,-149.000,104.000,0.000,2.240,1
2026-01-31 14:19:30,10077014,-4072.000,7277.000,1314.000,132.000,-76.000,54.000,0.000,2.240,1
2026-01-31 14:19:31,10077054,-4047.000,6958.000,1256.000,-72.000,54.000,-55.000,0.000,2.240,1
2026-01-31 14:19:31,10077094,-4064.000,6940.000,1136.000,-41.000,56.000,17.000,0.000,2.240,1
2026-01-31 14:19:31,10077134,-4057.000,7074.000,1328.000,23.000,39.000,24.000,0.000,2.240,1
2026-01-31 14:19:31,10077174,-4101.000,7029.000,1214.000,2.000,104.000,-3.000,0.000,2.240,1
2026-01-31 14:19:31,10077214,-4025.000,6994.000,1199.000,-14.000,75.000,9.000,0.000,2.240,1
2026-01-31 14:19:31,10077254,-4061.000,7032.000,1237.000,-34.000,64.000,22.000,0.000,2.240,1
2026-01-31 14:19:31,10077294,-4100.000,7051.000,1207.000,7.000,65.000,-17.000,0.000,2.240,1
2026-01-31 14:19:31,10077334,-4048.000,6929.000,1218.000,-12.000,-2.000,17.000,0.000,2.240,1
2026-01-31 14:19:31,10077374,-4117.000,7085.000,1216.000,16.000,27.000,65.000,0.000,2.240,1
2026-01-31 14:19:31,10077414,-4032.000,7049.000,1229.000,-68.000,54.000,-6.000,0.000,2.240,1
2026-01-31 14:19:31,10077454,-4097.000,7027.000,1192.000,-69.000,47.000,6.000,0.000,2.240,1
2026-01-31 14:19:31,10077494,-4092.000,6995.000,1240.000,-21.000,5.000,-1.000,0.000,2.240,1
2026-01-31 14:19:31,10077534,-4061.000,6995.000,1225.000,-48.000,8.000,45.000,0.000,0.010,1
2026-01-31 14:19:31,10077574,-4067.000,7095.000,1229.000,-101.000,44.000,-11.000,0.000,0.010,1
2026-01-31 14:19:31,10077614,-4049.000,6859.000,1192.000,-54.000,-43.000,-10.000,0.000,0.010,1
2026-01-31 14:19:31,10077654,-4024.000,7081.000,1206.000,266.000,-188.000,144.000,0.000,0.010,1
2026-01-31 14:19:31,10077694,-4048.000,7095.000,1392.000,-56.000,-17.000,-84.000,0.000,0.010,1
2026-01-31 14:19:31,10077734,-4027.000,7041.000,1266.000,-163.000,62.000,-130.000,0.000,0.010,1
2026-01-31 14:19:31,10077774,-4122.000,6935.000,1132.000,-177.000,68.000,-23.000,0.000,0.010,1
2026-01-31 14:19:31,10077814,-4074.000,6997.000,1295.000,-55.000,1.000,-3.000,0.000,0.010,1
2026-01-31 14:19:31,10077854,-4070.000,6933.000,1265.000,-102.000,53.000,3.000,0.000,0.010,1
2026-01-31 14:19:31,10077894,-4052.000,7006.000,1245.000,-32.000,21.000,27.000,0.000,0.010,1
2026-01-31 14:19:31,10077934,-4090.000,7064.000,1279.000,17.000,22.000,31.000,0.000,0.010,1
2026-01-31 14:19:31,10077974,-4055.000,7028.000,1266.000,-49.000,32.000,13.000,0.000,0.010,1
2026-01-31 14:19:31,10078014,-4086.000,7023.000,1271.000,0.000,6.000,8.000,0.000,0.010,1
2026-01-31 14:19:32,10078054,-4050.000,6975.000,1303.000,4.000,7.000,-19.000,0.000,0.010,1
2026-01-31 14:19:32,10078094,-4102.000,7041.000,1283.000,33.000,20.000,-6.000,0.000,0.010,1
2026-01-31 14:19:32,10078134,-4126.000,6948.000,1184.000,20.000,-80.000,30.000,0.000,0.010,1
2026-01-31 14:19:32,10078174,-4196.000,7051.000,1186.000,96.000,-138.000,8.000,0.000,0.010,1
2026-01-31 14:19:32,10078214,-3890.000,7040.000,1383.000,-36.000,-124.000,12.000,0.000,0.010,1
2026-01-31 14:19:32,10078254,-4046.000,6943.000,1402.000,-121.000,30.000,22.000,0.000,0.010,1
2026-01-31 14:19:32,10078294,-4104.000,6972.000,1256.000,138.000,-23.000,-9.000,0.000,0.010,1
2026-01-31 14:19:32,10078337,-4062.000,7239.000,1349.000,2.000,-54.000,-32.000,0.000,0.010,1
2026-01-31 14:19:32,10078377,-4029.000,6998.000,1342.000,-81.000,53.000,-64.000,0.000,0.010,1
2026-01-31 14:19:32,10078414,-4054.000,6925.000,1215.000,-156.000,63.000,-5.000,0.000,0.010,1
2026-01-31 14:19:32,10078454,-4058.000,7006.000,1271.000,-18.000,51.000,37.000,0.000,0.010,1
2026-01-31 14:19:32,10078494,-4067.000,7035.000,1286.000,-35.000,42.000,24.000,0.000,0.010,1
2026-01-31 14:19:32,10078534,-4107.000,6991.000,1249.000,-34.000,30.000,-1.000,0.000,1.570,1
2026-01-31 14:19:32,10078577,-4085.000,7036.000,1297.000,8.000,-44.000,35.000,0.000,1.570,1
2026-01-31 14:19:32,10078614,-4080.000,7075.000,1323.000,-17.000,-35.000,21.000,0.000,1.570,1
2026-01-31 14:19:32,10078654,-4075.000,7017.000,1307.000,-2.000,-26.000,-10.000,0.000,1.570,1
2026-01-31 14:19:32,10078694,-4063.000,7041.000,1279.000,-24.000,7.000,2.000,0.000,1.570,1
2026-01-31 14:19:32,10078734,-4025.000,7055.000,1302.000,-8.000,-12.000,-21.000,0.000,1.570,1
2026-01-31 14:19:32,10078774,-4108.000,7006.000,1260.000,-82.000,9.000,-26.000,0.000,1.570,1
2026-01-31 14:19:32,10078814,-4079.000,7014.000,1323.000,-29.000,12.000,-33.000,0.000,1.570,1
2026-01-31 14:19:32,10078854,-4102.000,6986.000,1277.000,-52.000,14.000,24.000,0.000,1.570,1
2026-01-31 14:19:32,10078894,-4070.000,6973.000,1354.000,14.000,-2.000,22.000,0.000,1.570,1
2026-01-31 14:19:32,10078934,-4022.000,7022.000,1296.000,10.000,10.000,45.000,0.000,1.570,1
2026-01-31 14:19:32,10078974,-4004.000,7044.000,1338.000,-3.000,61.000,50.000,0.000,1.570,1
2026-01-31 14:19:32,10079014,-4063.000,6990.000,1376.000,48.000,104.000,69.000,0.000,1.570,1
2026-01-31 14:19:33,10079054,-3990.000,6999.000,1478.000,119.000,143.000,122.000,0.000,1.570,1
2026-01-31 14:19:33,10079094,-4128.000,7047.000,1187.000,374.000,250.000,183.000,0.000,1.570,1
2026-01-31 14:19:33,10079134,-4098.000,7296.000,1036.000,544.000,120.000,79.000,0.000,1.570,1
2026-01-31 14:19:33,10079174,-4145.000,6793.000,893.000,-22.000,-84.000,13.000,0.000,1.570,1
2026-01-31 14:19:33,10079214,-4029.000,7075.000,1251.000,224.000,-231.000,100.000,0.000,1.570,1
2026-01-31 14:19:33,10079254,-3959.000,7115.000,1355.000,108.000,-130.000,68.000,0.000,1.570,1
2026-01-31 14:19:33,10079294,-3896.000,7169.000,1343.000,12.000,59.000,115.000,0.000,1.570,1
2026-01-31 14:19:33,10079334,-4018.000,7072.000,1062.000,-204.000,194.000,153.000,0.000,1.570,1
2026-01-31 14:19:33,10079374,-4088.000,7023.000,1075.000,-8.000,80.000,73.000,0.000,1.570,1
2026-01-31 14:19:33,10079414,-4068.000,7083.000,1066.000,-1.000,36.000,56.000,0.000,1.570,1
2026-01-31 14:19:33,10079454,-3958.000,7077.000,1141.000,1.000,-53.000,55.000,0.000,1.570,1
2026-01-31 14:19:33,10079494,-3978.000,7126.000,1180.000,40.000,-40.000,40.000,0.000,1.570,1
2026-01-31 14:19:33,10079534,-3939.000,7105.000,1219.000,-7.000,-27.000,26.000,0.000,2.150,1
2026-01-31 14:19:33,10079574,-3960.000,7038.000,1114.000,11.000,-8.000,122.000,0.000,2.150,1
2026-01-31 14:19:33,10079614,-3918.000,7154.000,1378.000,86.000,-61.000,10.000,0.000,2.150,1
2026-01-31 14:19:33,10079654,-3918.000,6872.000,978.000,-311.000,-134.000,195.000,0.000,2.150,1
2026-01-31 14:19:33,10079694,-4065.000,7343.000,1241.000,75.000,-88.000,-41.000,0.000,2.150,1
2026-01-31 14:19:33,10079734,-3806.000,7049.000,1247.000,-229.000,38.000,-112.000,0.000,2.150,1
2026-01-31 14:19:33,10079774,-4060.000,7101.000,1068.000,-220.000,63.000,-1.000,0.000,2.150,1
2026-01-31 14:19:33,10079814,-4000.000,7018.000,1282.000,-195.000,21.000,-25.000,0.000,2.150,1
2026-01-31 14:19:33,10079854,-3919.000,7095.000,1304.000,-216.000,86.000,-23.000,0.000,2.150,1
2026-01-31 14:19:33,10079894,-3939.000,6997.000,1209.000,-217.000,108.000,1.000,0.000,2.150,1
2026-01-31 14:19:33,10079934,-4005.000,7092.000,1251.000,-12.000,26.000,27.000,0.000,2.150,1
2026-01-31 14:19:33,10079974,-3938.000,7086.000,1302.000,-65.000,-21.000,31.000,0.000,2.150,1
2026-01-31 14:19:33,10080014,-3992.000,7128.000,1299.000,-73.000,-38.000,38.000,0.000,2.150,1
2026-01-31 14:19:34,10080054,-3991.000,7042.000,1230.000,-62.000,-19.000,-12.000,0.000,2.150,1
2026-01-31 14:19:34,10080094,-3980.000,7074.000,1289.000,-94.000,-50.000,-2.000,0.000,2.150,1
2026-01-31 14:19:34,10080134,-3956.000,7176.000,1316.000,-43.000,-83.000,-5.000,0.000,2.150,1
2026-01-31 14:19:34,10080174,-3916.000,7048.000,1366.000,-91.000,-22.000,-30.000,0.000,2.150,1
2026-01-31 14:19:34,10080214,-3896.000,6901.000,1270.000,-34.000,-35.000,27.000,0.000,2.150,1
2026-01-31 14:19:34,10080254,-3953.000,7247.000,1271.000,92.000,-82.000,106.000,0.000,2.150,1
2026-01-31 14:19:34,10080294,-3956.000,7178.000,1396.000,-55.000,-71.000,-86.000,0.000,2.150,1
2026-01-31 14:19:34,10080334,-3958.000,7099.000,1332.000,-142.000,0.000,-64.000,0.000,2.150,1
2026-01-31 14:19:34,10080374,-3951.000,6957.000,1276.000,-197.000,32.000,-94.000,0.000,2.150,1
2026-01-31 14:19:34,10080414,-3958.000,7097.000,1331.000,-85.000,-21.000,-42.000,0.000,2.150,1
2026-01-31 14:19:34,10080454,-4008.000,7143.000,1448.000,-279.000,-4.000,-101.000,0.000,2.150,1
2026-01-31 14:19:34,10080494,-4018.000,6720.000,1379.000,-318.000,26.000,-25.000,0.000,2.150,1
2026-01-31 14:19:34,10080534,-4026.000,7215.000,1377.000,12.000,-20.000,-69.000,0.000,-2.680,1
2026-01-31 14:19:34,10080577,-3993.000,6985.000,1404.000,-412.000,-20.000,-62.000,0.000,-2.680,1
2026-01-31 14:19:34,10080614,-4036.000,6945.000,1439.000,-309.000,-40.000,-69.000,0.000,-2.680,1
2026-01-31 14:19:34,10080654,-4013.000,6931.000,1485.000,-91.000,-20.000,-77.000,0.000,-2.680,1
2026-01-31 14:19:34,10080694,-3978.000,6902.000,1452.000,-17.000,9.000,27.000,0.000,-2.680,1
2026-01-31 14:19:34,10080734,-4056.000,7012.000,1493.000,-17.000,42.000,128.000,0.000,-2.680,1
2026-01-31 14:19:34,10080774,-4028.000,7067.000,1507.000,18.000,83.000,76.000,0.000,-2.680,1
2026-01-31 14:19:34,10080814,-3956.000,6987.000,1478.000,36.000,133.000,100.000,0.000,-2.680,1
2026-01-31 14:19:34,10080854,-4029.000,7080.000,1412.000,260.000,149.000,89.000,0.000,-2.680,1
2026-01-31 14:19:34,10080894,-3991.000,7059.000,1436.000,149.000,148.000,73.000,0.000,-2.680,1
2026-01-31 14:19:34,10080934,-4010.000,7051.000,1319.000,171.000,119.000,66.000,0.000,-2.680,1
2026-01-31 14:19:34,10080974,-3989.000,7089.000,1351.000,161.000,69.000,35.000,0.000,-2.680,1
2026-01-31 14:19:34,10081014,-4010.000,7094.000,1393.000,61.000,36.000,10.000,0.000,-2.680,1
2026-01-31 14:19:35,10081054,-4030.000,6995.000,1304.000,-21.000,-13.000,-13.000,0.000,-2.680,1
2026-01-31 14:19:35,10081094,-3937.000,7063.000,1423.000,24.000,-18.000,36.000,0.000,-2.680,1
2026-01-31 14:19:35,10081134,-4028.000,7030.000,1374.000,-30.000,57.000,-15.000,0.000,-2.680,1
2026-01-31 14:19:35,10081174,-4017.000,7036.000,1321.000,-31.000,3.000,10.000,0.000,-2.680,1
2026-01-31 14:19:35,10081214,-3985.000,7100.000,1378.000,-18.000,-7.000,-4.000,0.000,-2.680,1
2026-01-31 14:19:35,10081254,-3910.000,6995.000,1376.000,-56.000,9.000,11.000,0.000,-2.680,1
2026-01-31 14:19:35,10081294,-4004.000,7147.000,1355.000,18.000,31.000,71.000,0.000,-2.680,1
2026-01-31 14:19:35,10081334,-4000.000,7075.000,1355.000,-30.000,31.000,-16.000,0.000,-2.680,1
2026-01-31 14:19:35,10081374,-3984.000,7056.000,1382.000,-29.000,8.000,-44.000,0.000,-2.680,1
2026-01-31 14:19:35,10081414,-3965.000,7037.000,1405.000,-31.000,4.000,-30.000,0.000,-2.680,1
2026-01-31 14:19:35,10081454,-4003.000,7048.000,1367.000,-24.000,33.000,9.000,0.000,-2.680,1
2026-01-31 14:19:35,10081494,-4059.000,7007.000,1413.000,-9.000,-2.000,21.000,0.000,-2.680,1
2026-01-31 14:19:35,10081534,-3988.000,7074.000,1365.000,-33.000,2.000,-7.000,0.000,-2.870,1
2026-01-31 14:19:35,10081574,-3967.000,7043.000,1378.000,-32.000,0.000,8.000,0.000,-2.870,1
2026-01-31 14:19:35,10081614,-3970.000,7058.000,1369.000,-17.000,0.000,27.000,0.000,-2.870,1
2026-01-31 14:19:35,10081654,-3974.000,7004.000,1365.000,-11.000,3.000,9.000,0.000,-2.870,1
2026-01-31 14:19:35,10081694,-4040.000,7050.000,1395.000,-3.000,10.000,9.000,0.000,-2.870,1
2026-01-31 14:19:35,10081734,-3972.000,7048.000,1362.000,-17.000,-3.000,-15.000,0.000,-2.870,1
2026-01-31 14:19:35,10081774,-3927.000,7083.000,1382.000,-20.000,12.000,20.000,0.000,-2.870,1
2026-01-31 14:19:35,10081814,-4030.000,7025.000,1410.000,9.000,31.000,13.000,0.000,-2.870,1
2026-01-31 14:19:35,10081854,-4045.000,7002.000,1350.000,-32.000,20.000,17.000,0.000,-2.870,1
2026-01-31 14:19:35,10081894,-3896.000,7022.000,1414.000,-11.000,-4.000,36.000,0.000,-2.870,1
2026-01-31 14:19:35,10081934,-4009.000,7097.000,1388.000,16.000,33.000,29.000,0.000,-2.870,1
2026-01-31 14:19:35,10081974,-4010.000,7102.000,1314.000,-10.000,21.000,14.000,0.000,-2.870,1
2026-01-31 14:19:35,10082014,-3931.000,7059.000,1417.000,-5.000,-18.000,-34.000,0.000,-2.870,1
2026-01-31 14:19:36,10082054,-3974.000,7046.000,1377.000,-37.000,9.000,-7.000,0.000,-2.870,1
2026-01-31 14:19:36,10082094,-4007.000,6991.000,1341.000,-5.000,11.000,29.000,0.000,-2.870,1
2026-01-31 14:19:36,10082134,-3983.000,7015.000,1379.000,-5.000,-14.000,39.000,0.000,-2.870,1
2026-01-31 14:19:36,10082174,-4011.000,7065.000,1421.000,57.000,27.000,37.000,0.000,-2.870,1
2026-01-31 14:19:36,10082214,-3940.000,7040.000,1334.000,35.000,2.000,55.000,0.000,-2.870,1
2026-01-31 14:19:36,10082254,-3976.000,7144.000,1405.000,96.000,-27.000,27.000,0.000,-2.870,1
2026-01-31 14:19:36,10082294,-3992.000,7088.000,1345.000,-56.000,6.000,-34.000,0.000,-2.870,1
2026-01-31 14:19:36,10082337,-3924.000,6940.000,1406.000,40.000,-45.000,18.000,0.000,-2.870,1
2026-01-31 14:19:36,10082376,-3980.000,6943.000,1330.000,17.000,-21.000,51.000,0.000,-2.870,1
2026-01-31 14:19:36,10082417,-4067.000,7027.000,1378.000,108.000,-39.000,98.000,0.000,-2.870,1
2026-01-31 14:19:36,10082454,-4071.000,7109.000,1393.000,103.000,-32.000,138.000,0.000,-2.870,1
2026-01-31 14:19:36,10082494,-3969.000,7176.000,1363.000,19.000,5.000,172.000,0.000,-2.870,1
2026-01-31 14:19:36,10082534,-3893.000,7252.000,1366.000,-1.000,40.000,93.000,0.000,-6.170,1
2026-01-31 14:19:36,10082574,-3818.000,7120.000,1385.000,-78.000,89.000,-26.000,0.000,-6.170,1
2026-01-31 14:19:36,10082614,-3894.000,7082.000,1270.000,-75.000,115.000,-49.000,0.000,-6.170,1
2026-01-31 14:19:36,10082654,-3926.000,7029.000,1291.000,-11.000,47.000,-59.000,0.000,-6.170,1
2026-01-31 14:19:36,10082694,-3900.000,7044.000,1409.000,-1.000,-17.000,-23.000,0.000,-6.170,1
2026-01-31 14:19:36,10082734,-3971.000,7049.000,1369.000,-19.000,-14.000,-2.000,0.000,-6.170,1
2026-01-31 14:19:36,10082774,-3967.000,7070.000,1397.000,-3.000,-66.000,-9.000,0.000,-6.170,1
2026-01-31 14:19:36,10082814,-3971.000,7171.000,1413.000,1.000,-33.000,-7.000,0.000,-6.170,1
2026-01-31 14:19:36,10082854,-4008.000,7068.000,1373.000,-51.000,16.000,-20.000,0.000,-6.170,1
2026-01-31 14:19:36,10082894,-3992.000,7083.000,1338.000,-106.000,47.000,-56.000,0.000,-6.170,1
2026-01-31 14:19:36,10082934,-3986.000,7058.000,1329.000,-91.000,73.000,-106.000,0.000,-6.170,1
2026-01-31 14:19:36,10082974,-4043.000,6961.000,1324.000,-84.000,69.000,-76.000,0.000,-6.170,1
2026-01-31 14:19:36,10083014,-4007.000,7152.000,1364.000,-44.000,48.000,-38.000,0.000,-6.170,1
2026-01-31 14:19:37,10083054,-3908.000,7053.000,1374.000,-101.000,114.000,19.000,0.000,-6.170,1
2026-01-31 14:19:37,10083094,-3912.000,6924.000,1352.000,-96.000,98.000,68.000,0.000,-6.170,1
2026-01-31 14:19:37,10083134,-4000.000,6836.000,1368.000,-17.000,95.000,81.000,0.000,-6.170,1
2026-01-31 14:19:37,10083174,-4212.000,7005.000,1316.000,84.000,-9.000,14.000,0.000,-6.170,1
2026-01-31 14:19:37,10083214,-4087.000,7202.000,1429.000,99.000,-79.000,128.000,0.000,-6.170,1
2026-01-31 14:19:37,10083254,-3983.000,7234.000,1406.000,86.000,-88.000,110.000,0.000,-6.170,1
2026-01-31 14:19:37,10083294,-3953.000,7018.000,1430.000,-52.000,-66.000,6.000,0.000,-6.170,1
2026-01-31 14:19:37,10083334,-3958.000,7036.000,1395.000,-43.000,-27.000,-50.000,0.000,-6.170,1
2026-01-31 14:19:37,10083374,-3952.000,7067.000,1334.000,-40.000,23.000,-80.000,0.000,-6.170,1
2026-01-31 14:19:37,10083414,-3986.000,7018.000,1408.000,-9.000,-22.000,3.000,0.000,-6.170,1
2026-01-31 14:19:37,10083454,-4000.000,7034.000,1391.000,-24.000,-8.000,55.000,0.000,-6.170,1
2026-01-31 14:19:37,10083494,-3953.000,7102.000,1384.000,-6.000,-30.000,58.000,0.000,-6.170,1
2026-01-31 14:19:37,10083534,-3927.000,7095.000,1384.000,-25.000,-43.000,34.000,0.000,1.820,1
2026-01-31 14:19:37,10083574,-3957.000,7068.000,1404.000,29.000,-51.000,29.000,0.000,1.820,1
2026-01-31 14:19:37,10083614,-3919.000,7074.000,1373.000,32.000,-49.000,3.000,0.000,1.820,1
2026-01-31 14:19:37,10083654,-3875.000,7103.000,1387.000,26.000,-19.000,17.000,0.000,1.820,1
2026-01-31 14:19:37,10083694,-3946.000,7031.000,1394.000,40.000,-18.000,16.000,0.000,1.820,1
2026-01-31 14:19:37,10083734,-3991.000,7061.000,1407.000,36.000,-14.000,20.000,0.000,1.820,1
2026-01-31 14:19:37,10083774,-3928.000,7008.000,1405.000,-13.000,-36.000,5.000,0.000,1.820,1
2026-01-31 14:19:37,10083814,-3996.000,7029.000,1368.000,26.000,12.000,62.000,0.000,1.820,1
2026-01-31 14:19:37,10083854,-3948.000,7120.000,1400.000,49.000,0.000,50.000,0.000,1.820,1
2026-01-31 14:19:37,10083894,-3912.000,7006.000,1379.000,31.000,25.000,-26.000,0.000,1.820,1
2026-01-31 14:19:37,10083934,-3941.000,7171.000,1392.000,90.000,38.000,-21.000,0.000,1.820,1
2026-01-31 14:19:37,10083974,-3987.000,7106.000,1307.000,-2.000,25.000,-41.000,0.000,1.820,1
2026-01-31 14:19:37,10084014,-3973.000,7101.000,1319.000,11.000,-18.000,-39.000,0.000,1.820,1
2026-01-31 14:19:38,10084054,-3921.000,7140.000,1304.000,19.000,-23.000,-10.000,0.000,1.820,1
2026-01-31 14:19:38,10084094,-3907.000,7089.000,1311.000,5.000,4.000,-35.000,0.000,1.820,1
2026-01-31 14:19:38,10084134,-3935.000,7095.000,1361.000,25.000,22.000,-13.000,0.000,1.820,1
2026-01-31 14:19:38,10084174,-3972.000,7051.000,1372.000,-62.000,36.000,-3.000,0.000,1.820,1
2026-01-31 14:19:38,10084214,-3988.000,7030.000,1404.000,-43.000,47.000,47.000,0.000,1.820,1
2026-01-31 14:19:38,10084254,-4067.000,7037.000,1350.000,-24.000,24.000,45.000,0.000,1.820,1
2026-01-31 14:19:38,10084294,-3942.000,7066.000,1379.000,-28.000,8.000,43.000,0.000,1.820,1
2026-01-31 14:19:38,10084337,-3984.000,7050.000,1388.000,-12.000,31.000,77.000,0.000,1.820,1
2026-01-31 14:19:38,10084376,-3987.000,7104.000,1380.000,-1.000,23.000,61.000,0.000,1.820,1
2026-01-31 14:19:38,10084414,-3976.000,7069.000,1382.000,-28.000,11.000,39.000,0.000,1.820,1
2026-01-31 14:19:38,10084454,-3932.000,7074.000,1358.000,-18.000,7.000,27.000,0.000,1.820,1
2026-01-31 14:19:38,10084494,-3946.000,7008.000,1320.000,-10.000,6.000,32.000,0.000,1.820,1
2026-01-31 14:19:38,10084534,-3952.000,7095.000,1382.000,33.000,9.000,43.000,0.000,-6.110,1
2026-01-31 14:19:38,10084578,-3916.000,7099.000,1405.000,35.000,-5.000,39.000,0.000,-6.110,1
2026-01-31 14:19:38,10084614,-3923.000,7121.000,1383.000,38.000,1.000,50.000,0.000,-6.110,1
2026-01-31 14:19:38,10084654,-3934.000,7119.000,1374.000,36.000,7.000,44.000,0.000,-6.110,1
2026-01-31 14:19:38,10084694,-3925.000,7083.000,1334.000,17.000,17.000,36.000,0.000,-6.110,1
2026-01-31 14:19:38,10084734,-3912.000,7084.000,1350.000,32.000,7.000,35.000,0.000,-6.110,1
2026-01-31 14:19:38,10084774,-3865.000,7120.000,1363.000,46.000,29.000,62.000,0.000,-6.110,1
2026-01-31 14:19:38,10084814,-3945.000,7057.000,1252.000,-15.000,-18.000,42.000,0.000,-6.110,1
2026-01-31 14:19:38,10084854,-3879.000,7150.000,1376.000,36.000,-28.000,41.000,0.000,-6.110,1
2026-01-31 14:19:38,10084894,-3910.000,7126.000,1333.000,-23.000,10.000,49.000,0.000,-6.110,1
2026-01-31 14:19:38,10084934,-3902.000,7094.000,1318.000,-13.000,-25.000,44.000,0.000,-6.110,1
2026-01-31 14:19:38,10084974,-3887.000,7113.000,1333.000,-9.000,-25.000,44.000,0.000,-6.110,1
2026-01-31 14:19:38,10085014,-3913.000,7152.000,1380.000,1.000,-41.000,32.000,0.000,-6.110,1
2026-01-31 14:19:39,10085054,-3937.000,7122.000,1359.000,-67.000,-50.000,3.000,0.000,-6.110,1
2026-01-31 14:19:39,10085094,-3882.000,7106.000,1352.000,-66.000,-33.000,-63.000,0.000,-6.110,1
2026-01-31 14:19:39,10085134,-3847.000,7009.000,1307.000,-59.000,-11.000,-53.000,0.000,-6.110,1
2026-01-31 14:19:39,10085174,-3877.000,7098.000,1332.000,-2.000,-18.000,-34.000,0.000,-6.110,1
2026-01-31 14:19:39,10085214,-3900.000,7041.000,1384.000,-16.000,5.000,-41.000,0.000,-6.110,1
2026-01-31 14:19:39,10085254,-3890.000,7135.000,1388.000,-20.000,15.000,-3.000,0.000,-6.110,1
2026-01-31 14:19:39,10085294,-3887.000,7154.000,1394.000,-44.000,24.000,5.000,0.000,-6.110,1
2026-01-31 14:19:39,10085334,-3936.000,7045.000,1394.000,-29.000,19.000,-40.000,0.000,-6.110,1
2026-01-31 14:19:39,10085374,-3964.000,7050.000,1410.000,-17.000,39.000,-20.000,0.000,-6.110,1
2026-01-31 14:19:39,10085414,-3966.000,7105.000,1369.000,-4.000,53.000,11.000,0.000,-6.110,1
2026-01-31 14:19:39,10085454,-3939.000,7056.000,1379.000,-28.000,22.000,17.000,0.000,-6.110,1
2026-01-31 14:19:39,10085494,-3922.000,7129.000,1378.000,0.000,33.000,21.000,0.000,-6.110,1
2026-01-31 14:19:39,10085534,-3949.000,7045.000,1327.000,-10.000,29.000,-12.000,0.000,-0.590,1
2026-01-31 14:19:39,10085574,-3933.000,7104.000,1387.000,24.000,8.000,-5.000,0.000,-0.590,1
2026-01-31 14:19:39,10085614,-3922.000,7062.000,1353.000,29.000,-5.000,2.000,0.000,-0.590,1
2026-01-31 14:19:39,10085654,-3894.000,7106.000,1338.000,0.000,1.000,34.000,0.000,-0.590,1
2026-01-31 14:19:39,10085694,-3935.000,7119.000,1399.000,23.000,3.000,39.000,0.000,-0.590,1
2026-01-31 14:19:39,10085734,-3942.000,7112.000,1353.000,-21.000,5.000,3.000,0.000,-0.590,1
2026-01-31 14:19:39,10085774,-3852.000,7083.000,1367.000,-42.000,3.000,-14.000,0.000,-0.590,1
2026-01-31 14:19:39,10085814,-3934.000,7112.000,1335.000,-8.000,15.000,17.000,0.000,-0.590,1
2026-01-31 14:19:39,10085854,-3907.000,7096.000,1366.000,-36.000,7.000,16.000,0.000,-0.590,1
2026-01-31 14:19:39,10085894,-3889.000,7117.000,1393.000,-38.000,40.000,-9.000,0.000,-0.590,1
2026-01-31 14:19:39,10085934,-3822.000,7057.000,1406.000,-15.000,64.000,19.000,0.000,-0.590,1
2026-01-31 14:19:39,10085974,-3992.000,7319.000,1307.000,-13.000,31.000,5.000,0.000,-0.590,1
2026-01-31 14:19:39,10086014,-3843.000,7044.000,1441.000,-40.000,-21.000,-84.000,0.000,-0.590,1
2026-01-31 14:19:40,10086054,-3942.000,7041.000,1357.000,-52.000,-18.000,-28.000,0.000,-0.590,1
2026-01-31 14:19:40,10086094,-3935.000,6948.000,1406.000,-51.000,-12.000,20.000,0.000,-0.590,1
2026-01-31 14:19:40,10086134,-3992.000,7047.000,1436.000,42.000,-8.000,52.000,0.000,-0.590,1
2026-01-31 14:19:40,10086174,-4023.000,7073.000,1388.000,-32.000,54.000,81.000,0.000,-0.590,1
2026-01-31 14:19:40,10086214,-3970.000,7109.000,1378.000,-19.000,39.000,27.000,0.000,-0.590,1
2026-01-31 14:19:40,10086254,-3963.000,7100.000,1342.000,-16.000,-5.000,-16.000,0.000,-0.590,1
2026-01-31 14:19:40,10086294,-3897.000,7041.000,1382.000,19.000,-38.000,-21.000,0.000,-0.590,1
2026-01-31 14:19:40,10086334,-3877.000,7041.000,1353.000,39.000,-48.000,7.000,0.000,-0.590,1
2026-01-31 14:19:40,10086374,-3818.000,7115.000,1370.000,39.000,-33.000,53.000,0.000,-0.590,1
2026-01-31 14:19:40,10086414,-3917.000,7111.000,1427.000,7.000,21.000,60.000,0.000,-0.590,1
2026-01-31 14:19:40,10086454,-3958.000,7168.000,1382.000,-40.000,45.000,31.000,0.000,-0.590,1
2026-01-31 14:19:40,10086494,-3972.000,7131.000,1323.000,-29.000,25.000,-87.000,0.000,-0.590,1
2026-01-31 14:19:40,10086534,-3872.000,6984.000,1386.000,-1.000,-33.000,-14.000,0.000,2.110,1
2026-01-31 14:19:40,10086577,-3837.000,7015.000,1447.000,6.000,25.000,-25.000,0.000,2.110,1
2026-01-31 14:19:40,10086614,-3899.000,7027.000,1334.000,-8.000,24.000,35.000,0.000,2.110,1
2026-01-31 14:19:40,10086654,-3959.000,7209.000,1375.000,51.000,-60.000,16.000,0.000,2.110,1
2026-01-31 14:19:40,10086694,-3895.000,7041.000,1385.000,-61.000,-19.000,-26.000,0.000,2.110,1
2026-01-31 14:19:40,10086734,-3927.000,7096.000,1356.000,-40.000,29.000,-11.000,0.000,2.110,1
2026-01-31 14:19:40,10086774,-3892.000,7093.000,1467.000,-79.000,18.000,-33.000,0.000,2.110,1
2026-01-31 14:19:40,10086814,-3883.000,6901.000,1391.000,-85.000,58.000,-14.000,0.000,2.110,1
2026-01-31 14:19:40,10086854,-3986.000,7377.000,1390.000,54.000,15.000,111.000,0.000,2.110,1
2026-01-31 14:19:40,10086894,-3955.000,7048.000,1425.000,-106.000,31.000,-106.000,0.000,2.110,1
2026-01-31 14:19:40,10086934,-3921.000,7066.000,1314.000,-59.000,-7.000,-68.000,0.000,2.110,1
2026-01-31 14:19:40,10086974,-3905.000,7065.000,1435.000,-57.000,-41.000,-64.000,0.000,2.110,1
2026-01-31 14:19:40,10087014,-3922.000,6975.000,1395.000,-21.000,-30.000,20.000,0.000,2.110,1
2026-01-31 14:19:41,10087054,-3954.000,7061.000,1332.000,-1.000,-61.000,73.000,0.000,2.110,1
2026-01-31 14:19:41,10087094,-3973.000,7066.000,1378.000,-1.000,-69.000,65.000,0.000,2.110,1
2026-01-31 14:19:41,10087134,-3919.000,7131.000,1435.000,-2.000,-113.000,22.000,0.000,2.110,1
2026-01-31 14:19:41,10087174,-3847.000,7096.000,1473.000,-119.000,2.000,38.000,0.000,2.110,1
2026-01-31 14:19:41,10087214,-3940.000,7129.000,1522.000,-48.000,50.000,-6.000,0.000,2.110,1
2026-01-31 14:19:41,10087254,-3906.000,7174.000,1357.000,86.000,-14.000,171.000,0.000,2.110,1
2026-01-31 14:19:41,10087294,-4004.000,7289.000,1449.000,-229.000,99.000,-135.000,0.000,2.110,1
2026-01-31 14:19:41,10087334,-4072.000,7107.000,1258.000,-389.000,7.000,-197.000,0.000,2.110,1
2026-01-31 14:19:41,10087374,-3821.000,7057.000,1378.000,-516.000,-242.000,-109.000,0.000,2.110,1
2026-01-31 14:19:41,10087414,-3958.000,6880.000,1563.000,-624.000,-264.000,-24.000,0.000,2.110,1
2026-01-31 14:19:41,10087454,-3854.000,6734.000,1833.000,-107.000,-211.000,-1.000,0.000,2.110,1
2026-01-31 14:19:41,10087494,-3915.000,7236.000,1649.000,121.000,3.000,90.000,0.000,2.110,1
2026-01-31 14:19:41,10087534,-3944.000,7076.000,1505.000,60.000,91.000,-10.000,0.000,-2.300,1
2026-01-31 14:19:41,10087574,-3890.000,6979.000,1628.000,384.000,-10.000,-33.000,0.000,-2.300,1
2026-01-31 14:19:41,10087614,-4010.000,6988.000,1554.000,-117.000,197.000,122.000,0.000,-2.300,1
2026-01-31 14:19:41,10087654,-3958.000,6927.000,1361.000,474.000,-69.000,171.000,0.000,-2.300,1
2026-01-31 14:19:41,10087694,-3926.000,7401.000,1482.000,99.000,-95.000,225.000,0.000,-2.300,1
2026-01-31 14:19:41,10087734,-3869.000,7112.000,1685.000,-138.000,20.000,-134.000,0.000,-2.300,1
2026-01-31 14:19:41,10087774,-3814.000,6940.000,1377.000,-135.000,83.000,19.000,0.000,-2.300,1
2026-01-31 14:19:41,10087814,-3936.000,7138.000,1507.000,61.000,18.000,27.000,0.000,-2.300,1
2026-01-31 14:19:41,10087854,-3971.000,7010.000,1425.000,-131.000,105.000,2.000,0.000,-2.300,1
2026-01-31 14:19:41,10087894,-3847.000,6864.000,1625.000,137.000,-8.000,-25.000,0.000,-2.300,1
2026-01-31 14:19:41,10087934,-3871.000,7018.000,1361.000,125.000,-131.000,139.000,0.000,-2.300,1
2026-01-31 14:19:41,10087974,-3917.000,7451.000,1564.000,286.000,-132.000,-7.000,0.000,-2.300,1
2026-01-31 14:19:41,10088014,-3838.000,6947.000,1413.000,-78.000,3.000,-15.000,0.000,-2.300,1
2026-01-31 14:19:42,10088054,-3958.000,7090.000,1546.000,-34.000,52.000,1.000,0.000,-2.300,1
2026-01-31 14:19:42,10088094,-3892.000,7032.000,1484.000,-72.000,74.000,-4.000,0.000,-2.300,1
2026-01-31 14:19:42,10088134,-3898.000,7111.000,1422.000,-64.000,69.000,33.000,0.000,-2.300,1
2026-01-31 14:19:42,10088174,-3937.000,7106.000,1516.000,-32.000,19.000,-1.000,0.000,-2.300,1
2026-01-31 14:19:42,10088214,-3904.000,7051.000,1513.000,-72.000,45.000,-38.000,0.000,-2.300,1
2026-01-31 14:19:42,10088254,-3898.000,7083.000,1518.000,-39.000,24.000,-45.000,0.000,-2.300,1
2026-01-31 14:19:42,10088294,-3947.000,7141.000,1542.000,-18.000,33.000,-52.000,0.000,-2.300,1
2026-01-31 14:19:42,10088334,-3965.000,6910.000,1483.000,-90.000,41.000,-12.000,0.000,-2.300,1
2026-01-31 14:19:42,10088374,-3903.000,7045.000,1603.000,50.000,12.000,76.000,0.000,-2.300,1
2026-01-31 14:19:42,10088414,-3909.000,6998.000,1349.000,232.000,-69.000,189.000,0.000,-2.300,1
2026-01-31 14:19:42,10088454,-3956.000,7363.000,1621.000,-2.000,8.000,-37.000,0.000,-2.300,1
2026-01-31 14:19:42,10088494,-3940.000,6971.000,1447.000,-155.000,88.000,-86.000,0.000,-2.300,1
2026-01-31 14:19:42,10088534,-3869.000,7024.000,1506.000,32.000,0.000,18.000,0.000,-0.440,1
2026-01-31 14:19:42,10088577,-3935.000,7021.000,1534.000,17.000,26.000,26.000,0.000,-0.440,1
2026-01-31 14:19:42,10088614,-3934.000,7137.000,1504.000,40.000,38.000,12.000,0.000,-0.440,1
2026-01-31 14:19:42,10088654,-3905.000,7050.000,1489.000,-23.000,19.000,-6.000,0.000,-0.440,1
2026-01-31 14:19:42,10088694,-3891.000,7064.000,1526.000,-8.000,-12.000,-1.000,0.000,-0.440,1
2026-01-31 14:19:42,10088734,-3942.000,7067.000,1480.000,-19.000,4.000,6.000,0.000,-0.440,1
2026-01-31 14:19:42,10088774,-3925.000,7071.000,1439.000,-37.000,14.000,11.000,0.000,-0.440,1
2026-01-31 14:19:42,10088814,-3847.000,7100.000,1529.000,-22.000,-1.000,7.000,0.000,-0.440,1
2026-01-31 14:19:42,10088854,-3912.000,7047.000,1542.000,16.000,25.000,1.000,0.000,-0.440,1
2026-01-31 14:19:42,10088894,-3942.000,7070.000,1518.000,-9.000,35.000,16.000,0.000,-0.440,1
2026-01-31 14:19:42,10088934,-3986.000,7193.000,1463.000,2.000,32.000,43.000,0.000,-0.440,1
2026-01-31 14:19:42,10088974,-3896.000,7149.000,1570.000,-12.000,15.000,-39.000,0.000,-0.440,1
2026-01-31 14:19:42,10089014,-3979.000,7008.000,1412.000,-49.000,39.000,-15.000,0.000,-0.440,1
2026-01-31 14:19:43,10089054,-3863.000,6988.000,1494.000,-14.000,-36.000,-51.000,0.000,-0.440,1
2026-01-31 14:19:43,10089094,-3868.000,7038.000,1552.000,-27.000,30.000,-43.000,0.000,-0.440,1
2026-01-31 14:19:43,10089134,-3932.000,6998.000,1482.000,27.000,49.000,105.000,0.000,-0.440,1
2026-01-31 14:19:43,10089174,-3947.000,7006.000,1529.000,-42.000,17.000,-28.000,0.000,-0.440,1
2026-01-31 14:19:43,10089214,-3935.000,7103.000,1449.000,-10.000,-5.000,-5.000,0.000,-0.440,1
2026-01-31 14:19:43,10089254,-3927.000,7037.000,1509.000,-43.000,6.000,-50.000,0.000,-0.440,1
2026-01-31 14:19:43,10089294,-3875.000,6980.000,1529.000,-16.000,-6.000,10.000,0.000,-0.440,1
2026-01-31 14:19:43,10089334,-3910.000,7101.000,1541.000,-24.000,25.000,-13.000,0.000,-0.440,1
2026-01-31 14:19:43,10089374,-3930.000,7068.000,1506.000,-11.000,39.000,13.000,0.000,-0.440,1
2026-01-31 14:19:43,10089414,-3945.000,7103.000,1513.000,-41.000,40.000,-9.000,0.000,-0.440,1
2026-01-31 14:19:43,10089454,-3836.000,6945.000,1577.000,-69.000,12.000,8.000,0.000,-0.440,1
2026-01-31 14:19:43,10089494,-4019.000,7212.000,1504.000,38.000,32.000,52.000,0.000,-0.440,1
2026-01-31 14:19:43,10089534,-3937.000,6982.000,1505.000,-40.000,71.000,2.000,0.000,4.690,1
2026-01-31 14:19:43,10089574,-3985.000,7055.000,1530.000,51.000,-93.000,-29.000,0.000,4.690,1
2026-01-31 14:19:43,10089614,-3841.000,7119.000,1522.000,137.000,-83.000,129.000,0.000,4.690,1
2026-01-31 14:19:43,10089654,-3949.000,7081.000,1464.000,-25.000,3.000,-14.000,0.000,4.690,1
2026-01-31 14:19:43,10089694,-3951.000,7108.000,1528.000,-10.000,25.000,-26.000,0.000,4.690,1
2026-01-31 14:19:43,10089734,-3927.000,7038.000,1502.000,-76.000,30.000,4.000,0.000,4.690,1
2026-01-31 14:19:43,10089774,-3896.000,7091.000,1516.000,-59.000,5.000,-31.000,0.000,4.690,1
2026-01-31 14:19:43,10089814,-3951.000,7041.000,1493.000,-35.000,9.000,-24.000,0.000,4.690,1
2026-01-31 14:19:43,10089854,-3911.000,7056.000,1507.000,-35.000,11.000,-32.000,0.000,4.690,1
2026-01-31 14:19:43,10089894,-3901.000,7032.000,1533.000,-22.000,26.000,-17.000,0.000,4.690,1
2026-01-31 14:19:43,10089934,-3984.000,7103.000,1539.000,23.000,33.000,-34.000,0.000,4.690,1
2026-01-31 14:19:43,10089974,-3952.000,6944.000,1487.000,-39.000,13.000,12.000,0.000,4.690,1
2026-01-31 14:19:43,10090014,-3983.000,7036.000,1506.000,73.000,-22.000,143.000,0.000,4.690,1
2026-01-31 14:19:44,10090054,-3939.000,7073.000,1658.000,-16.000,-3.000,30.000,0.000,4.690,1
2026-01-31 14:19:44,10090094,-3867.000,6978.000,1393.000,221.000,-106.000,159.000,0.000,4.690,1
2026-01-31 14:19:44,10090134,-3912.000,7251.000,1591.000,10.000,47.000,-2.000,0.000,4.690,1
2026-01-31 14:19:44,10090174,-3960.000,7020.000,1404.000,-55.000,117.000,-61.000,0.000,4.690,1
2026-01-31 14:19:44,10090214,-3927.000,7084.000,1490.000,68.000,-10.000,0.000,0.000,4.690,1
2026-01-31 14:19:44,10090254,-3895.000,6992.000,1527.000,5.000,46.000,1.000,0.000,4.690,1
2026-01-31 14:19:44,10090294,-3927.000,7020.000,1492.000,-47.000,52.000,-34.000,0.000,4.690,1
2026-01-31 14:19:44,10090337,-3915.000,7171.000,1502.000,41.000,-84.000,85.000,0.000,4.690,1
2026-01-31 14:19:44,10090374,-3846.000,7174.000,1645.000,-32.000,-39.000,32.000,0.000,4.690,1
2026-01-31 14:19:44,10090414,-3947.000,7073.000,1471.000,-80.000,36.000,-11.000,0.000,4.690,1
2026-01-31 14:19:44,10090454,-3974.000,7045.000,1457.000,-20.000,-10.000,34.000,0.000,4.690,1
2026-01-31 14:19:44,10090494,-3926.000,7195.000,1558.000,9.000,-18.000,-1.000,0.000,4.690,1
2026-01-31 14:19:44,10090534,-3919.000,6929.000,1454.000,-127.000,82.000,-28.000,0.000,11.540,1
2026-01-31 14:19:44,10090577,-3943.000,6867.000,1485.000,-36.000,-43.000,-26.000,0.000,11.540,1
2026-01-31 14:19:44,10090614,-3877.000,6885.000,1450.000,137.000,-106.000,60.000,0.000,11.540,1
2026-01-31 14:19:44,10090654,-3884.000,7279.000,1548.000,78.000,-39.000,68.000,0.000,11.540,1
2026-01-31 14:19:44,10090694,-3931.000,7008.000,1518.000,14.000,-41.000,-8.000,0.000,11.540,1
2026-01-31 14:19:44,10090734,-3913.000,7152.000,1500.000,-51.000,29.000,28.000,0.000,11.540,1
2026-01-31 14:19:44,10090774,-3937.000,7106.000,1599.000,-86.000,75.000,-98.000,0.000,11.540,1
2026-01-31 14:19:44,10090814,-3831.000,6849.000,1388.000,27.000,-27.000,76.000,0.000,11.540,1
2026-01-31 14:19:44,10090854,-3961.000,7334.000,1521.000,37.000,-45.000,78.000,0.000,11.540,1
2026-01-31 14:19:44,10090894,-3908.000,6986.000,1592.000,-82.000,58.000,-85.000,0.000,11.540,1
2026-01-31 14:19:44,10090934,-3946.000,7011.000,1377.000,-85.000,17.000,-8.000,0.000,11.540,1
2026-01-31 14:19:44,10090974,-3905.000,7116.000,1599.000,18.000,-15.000,-5.000,0.000,11.540,1
2026-01-31 14:19:44,10091014,-3936.000,7012.000,1518.000,-61.000,31.000,-22.000,0.000,11.540,1
2026-01-31 14:19:45,10091054,-3945.000,7017.000,1524.000,-60.000,24.000,10.000,0.000,11.540,1
2026-01-31 14:19:45,10091094,-3919.000,7095.000,1516.000,-25.000,20.000,-7.000,0.000,11.540,1
2026-01-31 14:19:45,10091134,-3858.000,7070.000,1537.000,0.000,17.000,-3.000,0.000,11.540,1
2026-01-31 14:19:45,10091174,-3976.000,7023.000,1514.000,-36.000,52.000,-12.000,0.000,11.540,1
2026-01-31 14:19:45,10091214,-3956.000,7087.000,1545.000,-10.000,17.000,-18.000,0.000,11.540,1
2026-01-31 14:19:45,10091254,-3914.000,7020.000,1498.000,-67.000,23.000,-23.000,0.000,11.540,1
2026-01-31 14:19:45,10091294,-3920.000,7037.000,1524.000,-4.000,14.000,11.000,0.000,11.540,1
2026-01-31 14:19:45,10091334,-3965.000,7067.000,1527.000,10.000,5.000,8.000,0.000,11.540,1
2026-01-31 14:19:45,10091374,-3918.000,7008.000,1513.000,-21.000,8.000,-1.000,0.000,11.540,1
2026-01-31 14:19:45,10091414,-3884.000,7089.000,1605.000,22.000,11.000,36.000,0.000,11.540,1
2026-01-31 14:19:45,10091454,-3892.000,7001.000,1600.000,-15.000,30.000,154.000,0.000,11.540,1
2026-01-31 14:19:45,10091494,-3899.000,6856.000,1595.000,46.000,35.000,200.000,0.000,11.540,1
2026-01-31 14:19:45,10091534,-3703.000,6977.000,1446.000,314.000,-132.000,605.000,0.000,0.000,1
2026-01-31 14:19:45,10091574,-3762.000,7268.000,1725.000,102.000,106.000,433.000,0.000,0.000,1
2026-01-31 14:19:45,10091614,-3524.000,7035.000,1854.000,-127.000,231.000,567.000,0.000,0.000,1
2026-01-31 14:19:45,10091654,-3096.000,6679.000,2132.000,-286.000,119.000,1078.000,0.000,0.000,1
2026-01-31 14:19:45,10091694,-2867.000,6839.000,2517.000,-390.000,-348.000,1699.000,0.000,0.000,1
2026-01-31 14:19:45,10091734,-2661.000,7003.000,2103.000,-400.000,-697.000,2161.000,0.000,0.000,1
2026-01-31 14:19:45,10091774,-2777.000,6649.000,999.000,-149.000,-576.000,3136.000,0.000,0.000,1
2026-01-31 14:19:45,10091814,-3314.000,6890.000,31.000,2045.000,-95.000,3365.000,0.000,0.000,1
2026-01-31 14:19:45,10091854,-3138.000,7539.000,323.000,2558.000,549.000,3246.000,0.000,0.000,1
2026-01-31 14:19:45,10091894,-2864.000,8304.000,772.000,1674.000,229.000,3342.000,0.000,0.000,1
2026-01-31 14:19:45,10091934,-2520.000,8843.000,1745.000,1488.000,-425.000,3123.000,0.000,0.000,1
2026-01-31 14:19:45,10091974,-1952.000,8543.000,1052.000,402.000,-336.000,3356.000,0.000,0.000,1
2026-01-31 14:19:45,10092014,-1111.000,9177.000,566.000,21.000,-768.000,2572.000,0.000,0.000,1
2026-01-31 14:19:46,10092054,-756.000,8026.000,768.000,-1033.000,-702.000,1842.000,0.000,0.000,1
2026-01-31 14:19:46,10092094,-799.000,7689.000,1015.000,-1233.000,-626.000,1624.000,0.000,0.000,1
2026-01-31 14:19:46,10092134,-453.000,7889.000,1377.000,-515.000,-465.000,1281.000,0.000,0.000,1
2026-01-31 14:19:46,10092174,-679.000,7997.000,1356.000,708.000,-159.000,797.000,0.000,0.000,1
2026-01-31 14:19:46,10092214,-543.000,8662.000,771.000,1441.000,-180.000,719.000,0.000,0.000,1
2026-01-31 14:19:46,10092254,-401.000,8467.000,564.000,753.000,-186.000,253.000,0.000,0.000,1
2026-01-31 14:19:46,10092297,-492.000,8122.000,674.000,279.000,-50.000,-184.000,0.000,0.000,1
2026-01-31 14:19:46,10092334,-621.000,8193.000,589.000,410.000,17.000,-301.000,0.000,0.000,1
2026-01-31 14:19:46,10092374,-685.000,8185.000,511.000,813.000,61.000,-296.000,0.000,0.000,1
2026-01-31 14:19:46,10092414,-687.000,8220.000,381.000,784.000,-51.000,-188.000,0.000,0.000,1
2026-01-31 14:19:46,10092454,-655.000,8193.000,295.000,465.000,-105.000,-77.000,0.000,0.000,1
2026-01-31 14:19:46,10092494,-574.000,8210.000,384.000,297.000,-107.000,-25.000,0.000,0.000,1
2026-01-31 14:19:46,10092534,-530.000,8279.000,328.000,207.000,-58.000,-57.000,0.000,0.000,1
2026-01-31 14:19:46,10092577,-574.000,8391.000,369.000,-432.000,31.000,-43.000,0.000,0.000,1
2026-01-31 14:19:46,10092614,-665.000,8301.000,409.000,-953.000,55.000,-94.000,0.000,0.000,1
2026-01-31 14:19:46,10092654,-587.000,8316.000,565.000,-1320.000,63.000,-39.000,0.000,0.000,1
2026-01-31 14:19:46,10092694,-520.000,8116.000,787.000,-1726.000,21.000,-228.000,0.000,0.000,1
2026-01-31 14:19:46,10092734,-629.000,7895.000,1057.000,-1723.000,123.000,-419.000,0.000,0.000,1
2026-01-31 14:19:46,10092774,-730.000,8011.000,1177.000,-1544.000,107.000,-384.000,0.000,0.000,1
2026-01-31 14:19:46,10092814,-690.000,7901.000,1384.000,-1296.000,85.000,-268.000,0.000,0.000,1
2026-01-31 14:19:46,10092854,-785.000,7978.000,1380.000,-888.000,205.000,-246.000,0.000,0.000,1
2026-01-31 14:19:46,10092894,-714.000,8187.000,1420.000,-1082.000,213.000,-80.000,0.000,0.000,1
2026-01-31 14:19:46,10092934,-619.000,8152.000,1610.000,-1222.000,376.000,-322.000,0.000,0.000,1
2026-01-31 14:19:46,10092974,-877.000,7931.000,1714.000,-1039.000,611.000,-547.000,0.000,0.000,1
2026-01-31 14:19:46,10093014,-1034.000,7852.000,1723.000,-601.000,730.000,-674.000,0.000,0.000,1
2026-01-31 14:19:47,10093054,-1028.000,7758.000,1854.000,-333.000,795.000,-535.000,0.000,0.000,1
2026-01-31 14:19:47,10093094,-1021.000,7718.000,1869.000,145.000,830.000,-457.000,0.000,0.000,1
2026-01-31 14:19:47,10093134,-1056.000,7844.000,1885.000,537.000,999.000,-324.000,0.000,0.000,1
2026-01-31 14:19:47,10093174,-1175.000,7862.000,1796.000,431.000,1134.000,-193.000,0.000,0.000,1
2026-01-31 14:19:47,10093214,-1323.000,8207.000,1573.000,-148.000,1142.000,184.000,0.000,0.000,1
2026-01-31 14:19:47,10093254,-1366.000,7934.000,1548.000,-1314.000,1125.000,422.000,0.000,0.000,1
2026-01-31 14:19:47,10093294,-1439.000,7907.000,1542.000,-897.000,732.000,202.000,0.000,0.000,1
2026-01-31 14:19:47,10093334,-1480.000,7769.000,1578.000,-756.000,266.000,187.000,0.000,0.000,1
2026-01-31 14:19:47,10093374,-1276.000,7704.000,1843.000,-508.000,-180.000,258.000,0.000,0.000,1
2026-01-31 14:19:47,10093414,-1055.000,7766.000,1967.000,-300.000,-297.000,366.000,0.000,0.000,1
2026-01-31 14:19:47,10093454,-1134.000,7745.000,1996.000,-87.000,-192.000,359.000,0.000,0.000,1
2026-01-31 14:19:47,10093494,-1050.000,7705.000,1968.000,154.000,-277.000,445.000,0.000,0.000,1
2026-01-31 14:19:47,10093534,-975.000,7913.000,1957.000,195.000,-367.000,459.000,0.000,0.000,1
2026-01-31 14:19:47,10093574,-957.000,8353.000,1878.000,54.000,-316.000,414.000,0.000,0.000,1
2026-01-31 14:19:47,10093614,-936.000,7971.000,2016.000,-434.000,-367.000,182.000,0.000,0.000,1
2026-01-31 14:19:47,10093654,-867.000,7825.000,2147.000,-173.000,-289.000,144.000,0.000,0.000,1
2026-01-31 14:19:47,10093694,-832.000,7942.000,1994.000,192.000,-133.000,34.000,0.000,0.000,1
2026-01-31 14:19:47,10093734,-930.000,7941.000,1933.000,234.000,-53.000,22.000,0.000,0.000,1
2026-01-31 14:19:47,10093774,-827.000,7864.000,2035.000,162.000,-113.000,157.000,0.000,0.000,1
2026-01-31 14:19:47,10093814,-776.000,7961.000,1981.000,239.000,-100.000,126.000,0.000,0.000,1
2026-01-31 14:19:47,10093854,-854.000,7969.000,1914.000,322.000,-15.000,58.000,0.000,0.000,1
2026-01-31 14:19:47,10093894,-851.000,7982.000,1852.000,301.000,55.000,67.000,0.000,0.000,1
2026-01-31 14:19:47,10093934,-894.000,8026.000,1781.000,113.000,20.000,51.000,0.000,0.000,1
2026-01-31 14:19:47,10093974,-918.000,8025.000,1825.000,-66.000,-75.000,102.000,0.000,0.000,1
2026-01-31 14:19:47,10094014,-863.000,7930.000,1879.000,-129.000,-180.000,136.000,0.000,0.000,1
2026-01-31 14:19:48,10094054,-766.000,7790.000,1885.000,38.000,-165.000,192.000,0.000,0.000,1
2026-01-31 14:19:48,10094094,-819.000,8049.000,1869.000,24.000,-65.000,228.000,0.000,0.000,1
2026-01-31 14:19:48,10094134,-773.000,8002.000,1922.000,15.000,-40.000,-16.000,0.000,0.000,1
2026-01-31 14:19:48,10094174,-843.000,7866.000,1854.000,29.000,-61.000,-43.000,0.000,0.000,1
2026-01-31 14:19:48,10094214,-775.000,7896.000,1869.000,31.000,-94.000,42.000,0.000,0.000,1
2026-01-31 14:19:48,10094254,-799.000,7962.000,1887.000,139.000,-107.000,-10.000,0.000,0.000,1
2026-01-31 14:19:48,10094297,-747.000,8045.000,1773.000,299.000,-152.000,-82.000,0.000,0.000,1
2026-01-31 14:19:48,10094337,-724.000,8031.000,1770.000,67.000,-167.000,-98.000,0.000,0.000,1
2026-01-31 14:19:48,10094374,-759.000,7965.000,1800.000,24.000,-178.000,-125.000,0.000,0.000,1
2026-01-31 14:19:48,10094414,-790.000,8010.000,1820.000,194.000,-194.000,-130.000,0.000,0.000,1
2026-01-31 14:19:48,10094454,-712.000,8004.000,1803.000,271.000,-225.000,-70.000,0.000,0.000,1
2026-01-31 14:19:48,10094494,-682.000,7983.000,1689.000,302.000,-195.000,-75.000,0.000,0.000,1
2026-01-31 14:19:48,10094534,-726.000,7956.000,1770.000,19.000,-74.000,-61.000,0.000,131.990,1
2026-01-31 14:19:48,10094577,-785.000,7983.000,1775.000,-43.000,35.000,-39.000,0.000,131.990,1
2026-01-31 14:19:48,10094614,-819.000,7924.000,1754.000,-131.000,67.000,-21.000,0.000,131.990,1
2026-01-31 14:19:48,10094654,-891.000,7851.000,1733.000,-267.000,116.000,-25.000,0.000,131.990,1
2026-01-31 14:19:48,10094694,-940.000,7828.000,1822.000,-648.000,147.000,100.000,0.000,131.990,1
2026-01-31 14:19:48,10094734,-982.000,7853.000,1968.000,-641.000,145.000,76.000,0.000,131.990,1
2026-01-31 14:19:48,10094774,-891.000,8341.000,1928.000,212.000,47.000,-33.000,0.000,131.990,1
2026-01-31 14:19:48,10094814,-730.000,8099.000,1675.000,123.000,-57.000,-8.000,0.000,131.990,1
2026-01-31 14:19:48,10094854,-662.000,7641.000,1792.000,-322.000,-46.000,25.000,0.000,131.990,1
2026-01-31 14:19:48,10094894,-749.000,8028.000,1946.000,76.000,33.000,-19.000,0.000,131.990,1
2026-01-31 14:19:48,10094934,-797.000,7923.000,1843.000,-51.000,36.000,47.000,0.000,131.990,1
2026-01-31 14:19:48,10094974,-795.000,7952.000,1902.000,-134.000,29.000,105.000,0.000,131.990,1
2026-01-31 14:19:48,10095014,-839.000,8010.000,1928.000,-109.000,69.000,10.000,0.000,131.990,1
2026-01-31 14:19:49,10095054,-923.000,7921.000,1898.000,-136.000,39.000,-52.000,0.000,131.990,1
2026-01-31 14:19:49,10095094,-899.000,7845.000,1901.000,-70.000,-47.000,28.000,0.000,131.990,1
2026-01-31 14:19:49,10095134,-755.000,7928.000,1900.000,108.000,-68.000,72.000,0.000,131.990,1
2026-01-31 14:19:49,10095174,-758.000,7962.000,1868.000,103.000,-29.000,-35.000,0.000,131.990,1
2026-01-31 14:19:49,10095214,-831.000,7961.000,1904.000,67.000,-13.000,-49.000,0.000,131.990,1
2026-01-31 14:19:49,10095254,-733.000,7983.000,1934.000,59.000,-11.000,15.000,0.000,131.990,1
2026-01-31 14:19:49,10095294,-768.000,7940.000,1844.000,29.000,50.000,-45.000,0.000,131.990,1
2026-01-31 14:19:49,10095334,-818.000,7932.000,1889.000,-17.000,43.000,35.000,0.000,131.990,1
2026-01-31 14:19:49,10095374,-783.000,7929.000,1910.000,23.000,29.000,55.000,0.000,131.990,1
2026-01-31 14:19:49,10095414,-783.000,7956.000,1876.000,58.000,46.000,23.000,0.000,131.990,1
2026-01-31 14:19:49,10095454,-829.000,7951.000,1835.000,-53.000,61.000,26.000,0.000,131.990,1
2026-01-31 14:19:49,10095494,-824.000,7882.000,1919.000,97.000,58.000,-39.000,0.000,131.990,1
2026-01-31 14:19:49,10095534,-847.000,8029.000,1823.000,178.000,48.000,-3.000,0.000,-0.520,1
2026-01-31 14:19:49,10095574,-799.000,7929.000,1793.000,-7.000,-13.000,6.000,0.000,-0.520,1
2026-01-31 14:19:49,10095614,-798.000,7952.000,1859.000,-46.000,9.000,-4.000,0.000,-0.520,1
2026-01-31 14:19:49,10095654,-803.000,7959.000,1846.000,3.000,9.000,-8.000,0.000,-0.520,1
2026-01-31 14:19:49,10095694,-810.000,7965.000,1834.000,-63.000,10.000,-10.000,0.000,-0.520,1
2026-01-31 14:19:49,10095734,-811.000,7928.000,1875.000,-105.000,23.000,-14.000,0.000,-0.520,1
2026-01-31 14:19:49,10095774,-824.000,7917.000,1893.000,-64.000,26.000,4.000,0.000,-0.520,1
2026-01-31 14:19:49,10095814,-798.000,7945.000,1878.000,-40.000,-3.000,42.000,0.000,-0.520,1
2026-01-31 14:19:49,10095854,-786.000,7959.000,1855.000,-55.000,-1.000,33.000,0.000,-0.520,1
2026-01-31 14:19:49,10095894,-794.000,7948.000,1880.000,-43.000,16.000,8.000,0.000,-0.520,1
2026-01-31 14:19:49,10095934,-844.000,7919.000,1899.000,-45.000,28.000,-6.000,0.000,-0.520,1
2026-01-31 14:19:49,10095974,-838.000,7952.000,1905.000,6.000,3.000,31.000,0.000,-0.520,1
2026-01-31 14:19:49,10096014,-769.000,7976.000,1865.000,16.000,11.000,25.000,0.000,-0.520,1
2026-01-31 14:19:50,10096054,-810.000,7921.000,1884.000,19.000,13.000,22.000,0.000,-0.520,1
2026-01-31 14:19:50,10096094,-800.000,8022.000,1856.000,48.000,15.000,23.000,0.000,-0.520,1
2026-01-31 14:19:50,10096134,-735.000,8234.000,1793.000,-62.000,101.000,-68.000,0.000,-0.520,1
2026-01-31 14:19:50,10096174,-699.000,8684.000,1684.000,-384.000,336.000,-518.000,0.000,-0.520,1
2026-01-31 14:19:50,10096214,-645.000,8771.000,1982.000,-620.000,778.000,-1400.000,0.000,-0.520,1
2026-01-31 14:19:50,10096254,-1176.000,8456.000,2071.000,-141.000,1183.000,-2392.000,0.000,-0.520,1
2026-01-31 14:19:50,10096294,-1609.000,8336.000,2009.000,395.000,938.000,-3053.000,0.000,-0.520,1
2026-01-31 14:19:50,10096334,-1855.000,7848.000,1938.000,150.000,556.000,-3671.000,0.000,-0.520,1
2026-01-31 14:19:50,10096378,-2203.000,7307.000,1496.000,524.000,368.000,-3633.000,0.000,-0.520,1
2026-01-31 14:19:50,10096414,-2472.000,7259.000,1296.000,702.000,165.000,-2968.000,0.000,-0.520,1
2026-01-31 14:19:50,10096454,-2732.000,6841.000,1607.000,319.000,-339.000,-2521.000,0.000,-0.520,1
2026-01-31 14:19:50,10096494,-3229.000,7307.000,1856.000,454.000,-437.000,-1860.000,0.000,-0.520,1
2026-01-31 14:19:50,10096534,-3570.000,7500.000,1925.000,-222.000,-443.000,-1275.000,0.000,4.260,1
2026-01-31 14:19:50,10096577,-3285.000,7239.000,1934.000,-83.000,-397.000,-931.000,0.000,4.260,1
2026-01-31 14:19:50,10096616,-3283.000,7179.000,1860.000,-108.000,-318.000,-807.000,0.000,4.260,1
2026-01-31 14:19:50,10096654,-3318.000,7228.000,1605.000,-209.000,-230.000,-543.000,0.000,4.260,1
2026-01-31 14:19:50,10096694,-3177.000,6991.000,1719.000,12.000,-280.000,-539.000,0.000,4.260,1
2026-01-31 14:19:50,10096734,-3142.000,7176.000,1995.000,176.000,-140.000,-418.000,0.000,4.260,1
2026-01-31 14:19:50,10096774,-3245.000,7074.000,1998.000,-62.000,-34.000,-267.000,0.000,4.260,1
2026-01-31 14:19:50,10096814,-3443.000,7229.000,1866.000,-4.000,50.000,-20.000,0.000,4.260,1
2026-01-31 14:19:50,10096854,-3437.000,7106.000,1900.000,-113.000,81.000,69.000,0.000,4.260,1
2026-01-31 14:19:50,10096894,-3320.000,7090.000,1887.000,-118.000,35.000,189.000,0.000,4.260,1
2026-01-31 14:19:50,10096934,-3263.000,7296.000,1997.000,92.000,84.000,154.000,0.000,4.260,1
2026-01-31 14:19:50,10096974,-3373.000,7335.000,1890.000,-132.000,137.000,103.000,0.000,4.260,1
2026-01-31 14:19:50,10097014,-3385.000,7171.000,1873.000,-22.000,57.000,3.000,0.000,4.260,1
2026-01-31 14:19:51,10097054,-3362.000,7282.000,1817.000,-10.000,39.000,75.000,0.000,4.260,1
2026-01-31 14:19:51,10097094,-3396.000,7345.000,1876.000,-30.000,157.000,33.000,0.000,4.260,1
2026-01-31 14:19:51,10097134,-3392.000,7231.000,1718.000,-188.000,135.000,53.000,0.000,4.260,1
2026-01-31 14:19:51,10097174,-3442.000,7226.000,1819.000,-116.000,67.000,55.000,0.000,4.260,1
2026-01-31 14:19:51,10097214,-3342.000,7383.000,1907.000,-50.000,91.000,110.000,0.000,4.260,1
2026-01-31 14:19:51,10097254,-3449.000,7376.000,1833.000,-297.000,150.000,11.000,0.000,4.260,1
2026-01-31 14:19:51,10097294,-3463.000,7124.000,1818.000,-229.000,129.000,2.000,0.000,4.260,1
2026-01-31 14:19:51,10097334,-3372.000,7130.000,1868.000,-109.000,26.000,111.000,0.000,4.260,1
2026-01-31 14:19:51,10097374,-3396.000,7306.000,1875.000,34.000,-12.000,73.000,0.000,4.260,1
2026-01-31 14:19:51,10097414,-3396.000,7321.000,1903.000,-47.000,-15.000,107.000,0.000,4.260,1
2026-01-31 14:19:51,10097454,-3449.000,7181.000,1898.000,-132.000,-49.000,121.000,0.000,4.260,1
2026-01-31 14:19:51,10097494,-3362.000,7349.000,1976.000,-27.000,-40.000,117.000,0.000,4.260,1
2026-01-31 14:19:51,10097534,-3265.000,7286.000,1905.000,-100.000,-46.000,92.000,0.000,8.250,1
2026-01-31 14:19:51,10097574,-3303.000,7163.000,2010.000,57.000,-73.000,5.000,0.000,8.250,1
2026-01-31 14:19:51,10097614,-3278.000,7381.000,1755.000,120.000,-66.000,158.000,0.000,8.250,1
2026-01-31 14:19:51,10097654,-3378.000,7304.000,1960.000,-67.000,33.000,-18.000,0.000,8.250,1
2026-01-31 14:19:51,10097694,-3285.000,7229.000,1953.000,-90.000,6.000,74.000,0.000,8.250,1
2026-01-31 14:19:51,10097734,-3267.000,7375.000,1935.000,-155.000,-21.000,35.000,0.000,8.250,1
2026-01-31 14:19:51,10097774,-3354.000,7223.000,1817.000,-168.000,-90.000,91.000,0.000,8.250,1
2026-01-31 14:19:51,10097814,-3285.000,7495.000,1951.000,-290.000,-270.000,26.000,0.000,8.250,1
2026-01-31 14:19:51,10097854,-3466.000,7094.000,1885.000,-613.000,-234.000,13.000,0.000,8.250,1
2026-01-31 14:19:51,10097894,-2933.000,7143.000,2283.000,-120.000,-250.000,161.000,0.000,8.250,1
2026-01-31 14:19:51,10097934,-3180.000,7256.000,2073.000,56.000,-21.000,42.000,0.000,8.250,1
2026-01-31 14:19:51,10097974,-3338.000,7636.000,1842.000,257.000,-26.000,104.000,0.000,8.250,1
2026-01-31 14:19:51,10098014,-3282.000,7194.000,2160.000,-87.000,15.000,-138.000,0.000,8.250,1
2026-01-31 14:19:52,10098054,-3199.000,7078.000,1984.000,-103.000,44.000,-6.000,0.000,8.250,1
2026-01-31 14:19:52,10098094,-3265.000,7306.000,1960.000,54.000,141.000,80.000,0.000,8.250,1
2026-01-31 14:19:52,10098134,-3258.000,7232.000,1987.000,16.000,107.000,84.000,0.000,8.250,1
2026-01-31 14:19:52,10098174,-3320.000,7246.000,1926.000,43.000,-20.000,72.000,0.000,8.250,1
2026-01-31 14:19:52,10098214,-3220.000,7309.000,2027.000,164.000,-90.000,25.000,0.000,8.250,1
2026-01-31 14:19:52,10098254,-3169.000,7386.000,1996.000,-20.000,-21.000,-13.000,0.000,8.250,1
2026-01-31 14:19:52,10098297,-3233.000,7188.000,2230.000,86.000,28.000,-170.000,0.000,8.250,1
2026-01-31 14:19:52,10098337,-3216.000,7296.000,1890.000,-25.000,-64.000,196.000,0.000,8.250,1
2026-01-31 14:19:52,10098374,-3312.000,7523.000,2063.000,151.000,-22.000,59.000,0.000,8.250,1
2026-01-31 14:19:52,10098414,-3284.000,7343.000,2101.000,-168.000,80.000,-124.000,0.000,8.250,1
2026-01-31 14:19:52,10098454,-3349.000,7131.000,1903.000,-78.000,42.000,-37.000,0.000,8.250,1
2026-01-31 14:19:52,10098494,-3275.000,7308.000,2046.000,-22.000,-30.000,-50.000,0.000,8.250,1
2026-01-31 14:19:52,10098534,-3161.000,7259.000,2117.000,-158.000,34.000,-36.000,0.000,-2.430,1
2026-01-31 14:19:52,10098574,-3279.000,7199.000,1986.000,-176.000,85.000,20.000,0.000,-2.430,1
2026-01-31 14:19:52,10098614,-3343.000,7453.000,2025.000,-13.000,28.000,-48.000,0.000,-2.430,1
2026-01-31 14:19:52,10098654,-3301.000,7170.000,2041.000,-266.000,-6.000,-102.000,0.000,-2.430,1
2026-01-31 14:19:52,10098694,-3165.000,7158.000,2139.000,-76.000,-22.000,-36.000,0.000,-2.430,1
2026-01-31 14:19:52,10098734,-3374.000,7326.000,2012.000,115.000,52.000,105.000,0.000,-2.430,1
2026-01-31 14:19:52,10098774,-3290.000,7276.000,2015.000,-63.000,41.000,-21.000,0.000,-2.430,1
2026-01-31 14:19:52,10098814,-3315.000,7216.000,2048.000,71.000,17.000,55.000,0.000,-2.430,1
2026-01-31 14:19:52,10098854,-3245.000,7276.000,2124.000,44.000,-8.000,32.000,0.000,-2.430,1
2026-01-31 14:19:52,10098894,-3321.000,7228.000,2005.000,6.000,15.000,40.000,0.000,-2.430,1
2026-01-31 14:19:52,10098934,-3212.000,7347.000,2089.000,51.000,6.000,67.000,0.000,-2.430,1
2026-01-31 14:19:52,10098974,-3249.000,7307.000,2060.000,-26.000,28.000,10.000,0.000,-2.430,1
2026-01-31 14:19:52,10099014,-3376.000,7335.000,2019.000,-53.000,52.000,-43.000,0.000,-2.430,1
2026-01-31 14:19:53,10099054,-3155.000,7165.000,2100.000,-83.000,-35.000,-70.000,0.000,-2.430,1
2026-01-31 14:19:53,10099094,-3303.000,7288.000,2033.000,6.000,38.000,13.000,0.000,-2.430,1
2026-01-31 14:19:53,10099134,-3299.000,7206.000,2039.000,-4.000,6.000,-9.000,0.000,-2.430,1
2026-01-31 14:19:53,10099174,-3309.000,7286.000,2067.000,-31.000,8.000,-23.000,0.000,-2.430,1
2026-01-31 14:19:53,10099214,-3176.000,7251.000,2077.000,-13.000,-24.000,-27.000,0.000,-2.430,1
2026-01-31 14:19:53,10099254,-3226.000,7171.000,2096.000,-28.000,36.000,18.000,0.000,-2.430,1
2026-01-31 14:19:53,10099294,-3350.000,7312.000,2033.000,33.000,49.000,100.000,0.000,-2.430,1
2026-01-31 14:19:53,10099334,-3185.000,7247.000,2172.000,-46.000,34.000,39.000,0.000,-2.430,1
2026-01-31 14:19:53,10099374,-3397.000,7418.000,1952.000,17.000,96.000,100.000,0.000,-2.430,1
2026-01-31 14:19:53,10099414,-3261.000,7200.000,2190.000,-81.000,-23.000,-126.000,0.000,-2.430,1
2026-01-31 14:19:53,10099454,-3134.000,7108.000,2031.000,-13.000,-73.000,23.000,0.000,-2.430,1
2026-01-31 14:19:53,10099494,-3240.000,7349.000,2088.000,181.000,8.000,124.000,0.000,-2.430,1
2026-01-31 14:19:53,10099534,-3362.000,7267.000,2043.000,-67.000,44.000,35.000,0.000,6.080,1
2026-01-31 14:19:53,10099574,-3302.000,7274.000,1943.000,80.000,-80.000,55.000,0.000,6.080,1
2026-01-31 14:19:53,10099614,-3203.000,7204.000,1972.000,112.000,-102.000,69.000,0.000,6.080,1
2026-01-31 14:19:53,10099654,-3212.000,7396.000,2242.000,127.000,100.000,69.000,0.000,6.080,1
2026-01-31 14:19:53,10099694,-3211.000,7237.000,1932.000,-83.000,144.000,116.000,0.000,6.080,1
2026-01-31 14:19:53,10099734,-3170.000,7377.000,1974.000,75.000,9.000,76.000,0.000,6.080,1
2026-01-31 14:19:53,10099774,-3236.000,7393.000,2219.000,-42.000,11.000,47.000,0.000,6.080,1
2026-01-31 14:19:53,10099814,-3151.000,7096.000,2072.000,13.000,-20.000,9.000,0.000,6.080,1
2026-01-31 14:19:53,10099854,-3354.000,7508.000,1925.000,71.000,-29.000,42.000,0.000,6.080,1
2026-01-31 14:19:53,10099894,-3223.000,7279.000,2107.000,-78.000,-126.000,-215.000,0.000,6.080,1
2026-01-31 14:19:53,10099934,-3155.000,7091.000,1999.000,-197.000,-71.000,-72.000,0.000,6.080,1
2026-01-31 14:19:53,10099974,-3190.000,7137.000,2015.000,47.000,-70.000,48.000,0.000,6.080,1
2026-01-31 14:19:53,10100014,-3219.000,7258.000,2083.000,120.000,9.000,102.000,0.000,6.080,1
2026-01-31 14:19:54,10100054,-3198.000,7414.000,2069.000,10.000,89.000,156.000,0.000,6.080,1
2026-01-31 14:19:54,10100094,-3202.000,7314.000,2045.000,-45.000,86.000,68.000,0.000,6.080,1
2026-01-31 14:19:54,10100134,-3288.000,7375.000,2035.000,8.000,109.000,65.000,0.000,6.080,1
2026-01-31 14:19:54,10100174,-3188.000,7239.000,2054.000,-33.000,39.000,-8.000,0.000,6.080,1
2026-01-31 14:19:54,10100214,-3129.000,7285.000,2022.000,95.000,18.000,28.000,0.000,6.080,1
2026-01-31 14:19:54,10100254,-3252.000,7362.000,2041.000,36.000,13.000,17.000,0.000,6.080,1
2026-01-31 14:19:54,10100294,-3191.000,7256.000,1985.000,-79.000,51.000,13.000,0.000,6.080,1
2026-01-31 14:19:54,10100337,-3245.000,7354.000,2024.000,-108.000,64.000,33.000,0.000,6.080,1
2026-01-31 14:19:54,10100376,-3167.000,7191.000,2159.000,89.000,-16.000,-31.000,0.000,6.080,1
2026-01-31 14:19:54,10100414,-3161.000,7244.000,1970.000,97.000,-30.000,49.000,0.000,6.080,1
2026-01-31 14:19:54,10100454,-3228.000,7464.000,1990.000,153.000,-37.000,-12.000,0.000,6.080,1
2026-01-31 14:19:54,10100494,-3208.000,7218.000,2033.000,-120.000,31.000,-112.000,0.000,6.080,1
2026-01-31 14:19:54,10100534,-3171.000,7191.000,1933.000,10.000,-12.000,-15.000,0.000,0.000,1
2026-01-31 14:19:54,10100577,-3236.000,7326.000,2000.000,96.000,53.000,67.000,0.000,0.000,1
2026-01-31 14:19:54,10100614,-3226.000,7202.000,1961.000,90.000,51.000,29.000,0.000,0.000,1
2026-01-31 14:19:54,10100654,-3212.000,7383.000,1982.000,264.000,-26.000,50.000,0.000,0.000,1
2026-01-31 14:19:54,10100694,-3221.000,7509.000,1955.000,4.000,0.000,-61.000,0.000,0.000,1
2026-01-31 14:19:54,10100734,-3232.000,7249.000,2029.000,-243.000,-26.000,-114.000,0.000,0.000,1
2026-01-31 14:19:54,10100774,-3137.000,7227.000,2220.000,119.000,9.000,-93.000,0.000,0.000,1
2026-01-31 14:19:54,10100814,-3155.000,7153.000,1811.000,98.000,-59.000,201.000,0.000,0.000,1
2026-01-31 14:19:54,10100854,-3269.000,7569.000,1999.000,53.000,-36.000,34.000,0.000,0.000,1
2026-01-31 14:19:54,10100894,-3226.000,7213.000,2061.000,-71.000,51.000,-51.000,0.000,0.000,1
2026-01-31 14:19:54,10100934,-3173.000,7357.000,1941.000,-83.000,24.000,-11.000,0.000,0.000,1
2026-01-31 14:19:54,10100974,-3253.000,7370.000,2017.000,48.000,9.000,-46.000,0.000,0.000,1
2026-01-31 14:19:54,10101014,-3252.000,7323.000,1991.000,-152.000,29.000,-129.000,0.000,0.000,1
2026-01-31 14:19:55,10101054,-3254.000,7202.000,1983.000,-205.000,16.000,-117.000,0.000,0.000,1
2026-01-31 14:19:55,10101094,-3250.000,7357.000,2021.000,-86.000,-25.000,-65.000,0.000,0.000,1
2026-01-31 14:19:55,10101134,-3273.000,7244.000,1979.000,-236.000,-35.000,-72.000,0.000,0.000,1
2026-01-31 14:19:55,10101174,-3220.000,7242.000,2094.000,-146.000,-39.000,-71.000,0.000,0.000,1
2026-01-31 14:19:55,10101214,-3157.000,7020.000,2132.000,-108.000,29.000,-18.000,0.000,0.000,1
2026-01-31 14:19:55,10101254,-3287.000,7470.000,2038.000,109.000,70.000,93.000,0.000,0.000,1
2026-01-31 14:19:55,10101294,-3249.000,7216.000,2042.000,-6.000,61.000,-12.000,0.000,0.000,1
2026-01-31 14:19:55,10101334,-3368.000,7325.000,2024.000,135.000,46.000,22.000,0.000,0.000,1
2026-01-31 14:19:55,10101374,-3220.000,7205.000,2073.000,-20.000,-30.000,-51.000,0.000,0.000,1
2026-01-31 14:19:55,10101414,-3277.000,7404.000,2038.000,169.000,35.000,123.000,0.000,0.000,1
2026-01-31 14:19:55,10101454,-3254.000,7303.000,2054.000,-52.000,24.000,-64.000,0.000,0.000,1
2026-01-31 14:19:55,10101494,-3392.000,7256.000,1922.000,18.000,32.000,21.000,0.000,0.000,1
2026-01-31 14:19:55,10101534,-3208.000,7334.000,2100.000,-33.000,-61.000,-71.000,0.000,0.000,1
2026-01-31 14:19:55,10101574,-3218.000,7170.000,2061.000,-88.000,15.000,-7.000,0.000,0.000,1
2026-01-31 14:19:55,10101614,-3284.000,7306.000,1955.000,-9.000,22.000,81.000,0.000,0.000,1
2026-01-31 14:19:55,10101654,-3274.000,7407.000,2088.000,-117.000,7.000,-79.000,0.000,0.000,1
2026-01-31 14:19:55,10101694,-3269.000,7101.000,2029.000,-255.000,18.000,-71.000,0.000,0.000,1
2026-01-31 14:19:55,10101734,-3182.000,7314.000,2120.000,-38.000,-11.000,-38.000,0.000,0.000,1
2026-01-31 14:19:55,10101774,-3338.000,7049.000,1954.000,-146.000,89.000,12.000,0.000,0.000,1
2026-01-31 14:19:55,10101814,-3224.000,7351.000,2116.000,40.000,-4.000,33.000,0.000,0.000,1
2026-01-31 14:19:55,10101854,-3315.000,7232.000,2062.000,42.000,41.000,53.000,0.000,0.000,1
2026-01-31 14:19:55,10101894,-3246.000,7298.000,2062.000,8.000,-6.000,-6.000,0.000,0.000,1
2026-01-31 14:19:55,10101934,-3291.000,7243.000,2086.000,31.000,-4.000,-25.000,0.000,0.000,1
2026-01-31 14:19:55,10101974,-3272.000,7162.000,2060.000,61.000,-53.000,124.000,0.000,0.000,1
2026-01-31 14:19:55,10102014,-3238.000,7444.000,2209.000,127.000,-9.000,60.000,0.000,0.000,1
2026-01-31 14:19:56,10102054,-3185.000,6988.000,2030.000,138.000,-121.000,23.000,0.000,0.000,1
2026-01-31 14:19:56,10102094,-3225.000,7593.000,1942.000,155.000,-51.000,157.000,0.000,0.000,1
2026-01-31 14:19:56,10102134,-3267.000,7318.000,2153.000,-63.000,58.000,-122.000,0.000,0.000,1
2026-01-31 14:19:56,10102174,-3177.000,6995.000,1992.000,-95.000,27.000,140.000,0.000,0.000,1
2026-01-31 14:19:56,10102214,-3331.000,7576.000,2053.000,-24.000,21.000,120.000,0.000,0.000,1
2026-01-31 14:19:56,10102254,-3280.000,7224.000,2110.000,-132.000,46.000,-90.000,0.000,0.000,1
2026-01-31 14:19:56,10102294,-3271.000,7269.000,2032.000,52.000,-73.000,-43.000,0.000,0.000,1
2026-01-31 14:19:56,10102337,-3065.000,7367.000,2119.000,203.000,-53.000,92.000,0.000,0.000,1
2026-01-31 14:19:56,10102379,-3336.000,7278.000,2092.000,21.000,181.000,93.000,0.000,0.000,1
2026-01-31 14:19:56,10102414,-3436.000,7360.000,1950.000,-32.000,167.000,74.000,0.000,0.000,1
2026-01-31 14:19:56,10102454,-3219.000,7261.000,1972.000,25.000,-16.000,-30.000,0.000,0.000,1
2026-01-31 14:19:56,10102494,-3175.000,7289.000,2039.000,164.000,-52.000,106.000,0.000,0.000,1
2026-01-31 14:19:56,10102534,-3245.000,7289.000,2069.000,42.000,-19.000,-59.000,0.000,0.000,1
2026-01-31 14:19:56,10102577,-3179.000,7199.000,2167.000,124.000,125.000,-96.000,0.000,0.000,1
2026-01-31 14:19:56,10102614,-3166.000,7288.000,1974.000,135.000,91.000,21.000,0.000,0.000,1
2026-01-31 14:19:56,10102654,-3246.000,7177.000,1810.000,-101.000,-34.000,162.000,0.000,0.000,1
2026-01-31 14:19:56,10102694,-3260.000,7510.000,2223.000,48.000,-6.000,-42.000,0.000,0.000,1
2026-01-31 14:19:56,10102734,-3290.000,7182.000,1910.000,-62.000,57.000,8.000,0.000,0.000,1
2026-01-31 14:19:56,10102774,-3201.000,7382.000,1992.000,-27.000,-10.000,61.000,0.000,0.000,1
2026-01-31 14:19:56,10102814,-3180.000,7278.000,2171.000,-19.000,17.000,-43.000,0.000,0.000,1
2026-01-31 14:19:56,10102854,-3196.000,7134.000,1908.000,-1.000,-54.000,104.000,0.000,0.000,1
2026-01-31 14:19:56,10102894,-3212.000,7634.000,2118.000,12.000,-32.000,4.000,0.000,0.000,1
2026-01-31 14:19:56,10102934,-3239.000,7180.000,2012.000,-149.000,43.000,-22.000,0.000,0.000,1
2026-01-31 14:19:56,10102974,-3194.000,7279.000,2005.000,-93.000,-25.000,10.000,0.000,0.000,1
2026-01-31 14:19:56,10103014,-3203.000,7264.000,2081.000,-50.000,-21.000,37.000,0.000,0.000,1
2026-01-31 14:19:57,10103054,-3246.000,7293.000,2043.000,31.000,-45.000,74.000,0.000,0.000,1
2026-01-31 14:19:57,10103094,-3310.000,7317.000,2085.000,-3.000,-31.000,43.000,0.000,0.000,1
2026-01-31 14:19:57,10103134,-3167.000,7284.000,2095.000,-69.000,-36.000,43.000,0.000,0.000,1
2026-01-31 14:19:57,10103174,-3128.000,7346.000,2168.000,-60.000,57.000,23.000,0.000,0.000,1
2026-01-31 14:19:57,10103214,-3116.000,7025.000,2019.000,159.000,-60.000,100.000,0.000,0.000,1
2026-01-31 14:19:57,10103254,-3195.000,7558.000,1989.000,113.000,12.000,171.000,0.000,0.000,1
2026-01-31 14:19:57,10103294,-3254.000,7308.000,2104.000,-29.000,61.000,-28.000,0.000,0.000,1
2026-01-31 14:19:57,10103334,-3137.000,7361.000,2013.000,-17.000,-15.000,46.000,0.000,0.000,1
2026-01-31 14:19:57,10103374,-3162.000,7256.000,2083.000,-59.000,-16.000,32.000,0.000,0.000,1
2026-01-31 14:19:57,10103414,-3201.000,7325.000,2048.000,-26.000,7.000,6.000,0.000,0.000,1
2026-01-31 14:19:57,10103454,-3134.000,7279.000,2027.000,-52.000,-5.000,27.000,0.000,0.000,1
2026-01-31 14:19:57,10103494,-3115.000,7254.000,2039.000,-29.000,4.000,49.000,0.000,0.000,1
2026-01-31 14:19:57,10103534,-3152.000,7343.000,2070.000,7.000,17.000,39.000,0.000,0.000,1
2026-01-31 14:19:57,10103574,-3171.000,7334.000,2092.000,-36.000,19.000,17.000,0.000,0.000,1
2026-01-31 14:19:57,10103614,-3192.000,7284.000,2075.000,-65.000,28.000,31.000,0.000,0.000,1
2026-01-31 14:19:57,10103654,-3159.000,7329.000,2104.000,-34.000,20.000,21.000,0.000,0.000,1
2026-01-31 14:19:57,10103694,-3123.000,7319.000,2081.000,-39.000,37.000,36.000,0.000,0.000,1
2026-01-31 14:19:57,10103734,-3194.000,7339.000,2093.000,-27.000,36.000,-7.000,0.000,0.000,1
2026-01-31 14:19:57,10103774,-3152.000,7211.000,2060.000,-81.000,33.000,-27.000,0.000,0.000,1
2026-01-31 14:19:57,10103814,-3122.000,7306.000,1985.000,-32.000,26.000,34.000,0.000,0.000,1
2026-01-31 14:19:57,10103854,-3161.000,7294.000,2074.000,-18.000,14.000,-24.000,0.000,0.000,1
2026-01-31 14:19:57,10103894,-3145.000,7289.000,2082.000,22.000,-23.000,-20.000,0.000,0.000,1
2026-01-31 14:19:57,10103934,-3097.000,7294.000,2145.000,-16.000,31.000,-28.000,0.000,0.000,1
2026-01-31 14:19:57,10103974,-3114.000,7286.000,2100.000,-57.000,40.000,13.000,0.000,0.000,1
2026-01-31 14:19:57,10104014,-3204.000,7397.000,2112.000,19.000,45.000,36.000,0.000,0.000,1
2026-01-31 14:19:58,10104054,-3237.000,7300.000,2079.000,-93.000,62.000,-76.000,0.000,0.000,1
2026-01-31 14:19:58,10104094,-3151.000,7185.000,2024.000,-39.000,-31.000,-31.000,0.000,0.000,1
2026-01-31 14:19:58,10104134,-3133.000,7380.000,2164.000,82.000,-33.000,-17.000,0.000,0.000,1
2026-01-31 14:19:58,10104174,-3183.000,7188.000,2019.000,-132.000,7.000,-42.000,0.000,0.000,1
2026-01-31 14:19:58,10104214,-3180.000,7099.000,2099.000,73.000,-11.000,184.000,0.000,0.000,1
2026-01-31 14:19:58,10104254,-3192.000,7581.000,2132.000,79.000,1.000,88.000,0.000,0.000,1
2026-01-31 14:19:58,10104294,-3203.000,7277.000,2137.000,-97.000,118.000,-87.000,0.000,0.000,1
2026-01-31 14:19:58,10104334,-3271.000,7375.000,2043.000,112.000,-1.000,-65.000,0.000,0.000,1
2026-01-31 14:19:58,10104374,-3025.000,6996.000,2025.000,38.000,-98.000,44.000,0.000,0.000,1
2026-01-31 14:19:58,10104414,-3154.000,7216.000,2102.000,301.000,-3.000,150.000,0.000,0.000,1
2026-01-31 14:19:58,10104454,-3273.000,7604.000,1956.000,258.000,-27.000,-9.000,0.000,0.000,1
2026-01-31 14:19:58,10104494,-3015.000,7196.000,2110.000,-71.000,-114.000,34.000,0.000,0.000,1
2026-01-31 14:19:58,10104534,-3118.000,7482.000,2125.000,32.000,87.000,8.000,0.000,0.000,1
2026-01-31 14:19:58,10104577,-3103.000,7338.000,1941.000,30.000,2.000,-10.000,0.000,0.000,1
2026-01-31 14:19:58,10104614,-3137.000,7316.000,1978.000,-37.000,-13.000,5.000,0.000,0.000,1
2026-01-31 14:19:58,10104654,-3160.000,7407.000,2094.000,10.000,-13.000,-8.000,0.000,0.000,1
2026-01-31 14:19:58,10104694,-3231.000,7229.000,1988.000,-42.000,18.000,-15.000,0.000,0.000,1
2026-01-31 14:19:58,10104734,-3122.000,7338.000,2003.000,-19.000,-8.000,22.000,0.000,0.000,1
2026-01-31 14:19:58,10104774,-3155.000,7359.000,2107.000,-10.000,43.000,-15.000,0.000,0.000,1
2026-01-31 14:19:58,10104814,-3150.000,7247.000,1961.000,24.000,3.000,54.000,0.000,0.000,1
2026-01-31 14:19:58,10104854,-3163.000,7534.000,2135.000,-62.000,14.000,-81.000,0.000,0.000,1
2026-01-31 14:19:58,10104894,-3154.000,7201.000,2051.000,-149.000,86.000,-112.000,0.000,0.000,1
2026-01-31 14:19:58,10104934,-3149.000,7292.000,1998.000,-49.000,18.000,15.000,0.000,0.000,1
2026-01-31 14:19:58,10104974,-3194.000,7289.000,2068.000,-41.000,10.000,2.000,0.000,0.000,1
2026-01-31 14:19:58,10105014,-3179.000,7308.000,2012.000,-13.000,27.000,-1.000,0.000,0.000,1
2026-01-31 14:19:59,10105054,-3139.000,7305.000,2046.000,-35.000,7.000,-12.000,0.000,0.000,1
2026-01-31 14:19:59,10105094,-3232.000,7340.000,2052.000,-4.000,27.000,-20.000,0.000,0.000,1
2026-01-31 14:19:59,10105134,-3176.000,7295.000,2034.000,-47.000,6.000,-38.000,0.000,0.000,1
2026-01-31 14:19:59,10105174,-3150.000,7289.000,2007.000,-49.000,5.000,-14.000,0.000,0.000,1
2026-01-31 14:19:59,10105214,-3167.000,7307.000,2052.000,-1.000,6.000,-8.000,0.000,0.000,1
2026-01-31 14:19:59,10105254,-3182.000,7283.000,2054.000,-27.000,28.000,-6.000,0.000,0.000,1
2026-01-31 14:19:59,10105294,-3175.000,7289.000,2077.000,-9.000,29.000,19.000,0.000,0.000,1
2026-01-31 14:19:59,10105334,-3195.000,7315.000,2054.000,40.000,31.000,47.000,0.000,0.000,1
2026-01-31 14:19:59,10105374,-3230.000,7335.000,2047.000,22.000,12.000,24.000,0.000,0.000,1
2026-01-31 14:19:59,10105414,-3208.000,7309.000,2037.000,23.000,-24.000,-8.000,0.000,0.000,1
2026-01-31 14:19:59,10105454,-3121.000,7311.000,2121.000,44.000,-38.000,1.000,0.000,0.000,1
2026-01-31 14:19:59,10105494,-3173.000,7384.000,2059.000,-14.000,42.000,-22.000,0.000,0.000,1
2026-01-31 14:19:59,10105534,-3190.000,7234.000,2046.000,-45.000,20.000,-38.000,0.000,0.000,1
2026-01-31 14:19:59,10105574,-3160.000,7266.000,2039.000,26.000,-17.000,20.000,0.000,0.000,1
2026-01-31 14:19:59,10105614,-3215.000,7309.000,2060.000,-37.000,35.000,-14.000,0.000,0.000,1
2026-01-31 14:19:59,10105654,-3232.000,7284.000,2011.000,-30.000,-5.000,-2.000,0.000,0.000,1
2026-01-31 14:19:59,10105694,-3163.000,7242.000,2043.000,-35.000,-43.000,3.000,0.000,0.000,1
2026-01-31 14:19:59,10105734,-3113.000,7296.000,2081.000,32.000,-12.000,23.000,0.000,0.000,1
2026-01-31 14:19:59,10105774,-3205.000,7303.000,2038.000,52.000,17.000,38.000,0.000,0.000,1
2026-01-31 14:19:59,10105814,-3209.000,7331.000,2058.000,25.000,17.000,18.000,0.000,0.000,1
2026-01-31 14:19:59,10105854,-3132.000,7290.000,2050.000,-28.000,18.000,0.000,0.000,0.000,1
2026-01-31 14:19:59,10105894,-3136.000,7314.000,2010.000,28.000,15.000,25.000,0.000,0.000,1
2026-01-31 14:19:59,10105934,-3212.000,7347.000,2049.000,12.000,23.000,8.000,0.000,0.000,1
2026-01-31 14:19:59,10105974,-3170.000,7322.000,2027.000,-32.000,20.000,-23.000,0.000,0.000,1
2026-01-31 14:19:59,10106014,-3163.000,7344.000,2068.000,-60.000,7.000,-30.000,0.000,0.000,1
2026-01-31 14:20:00,10106054,-3208.000,7311.000,2012.000,-214.000,2.000,-43.000,0.000,0.000,1
2026-01-31 14:20:00,10106094,-3197.000,7366.000,2082.000,-156.000,-30.000,-71.000,0.000,0.000,1
2026-01-31 14:20:00,10106134,-3208.000,7149.000,2070.000,-261.000,-28.000,-64.000,0.000,0.000,1
2026-01-31 14:20:00,10106174,-3121.000,7258.000,2132.000,45.000,-17.000,12.000,0.000,0.000,1
2026-01-31 14:20:00,10106214,-3113.000,7325.000,2077.000,14.000,34.000,62.000,0.000,0.000,1
2026-01-31 14:20:00,10106254,-3230.000,7302.000,2052.000,1.000,15.000,51.000,0.000,0.000,1
2026-01-31 14:20:00,10106294,-3225.000,7321.000,2095.000,3.000,15.000,47.000,0.000,0.000,1
2026-01-31 14:20:00,10106334,-3200.000,7263.000,2087.000,-12.000,15.000,13.000,0.000,0.000,1
2026-01-31 14:20:00,10106374,-3172.000,7297.000,2072.000,-10.000,-10.000,28.000,0.000,0.000,1
2026-01-31 14:20:00,10106414,-3159.000,7298.000,2145.000,43.000,-1.000,6.000,0.000,0.000,1
2026-01-31 14:20:00,10106454,-3202.000,7273.000,2051.000,30.000,25.000,17.000,0.000,0.000,1
2026-01-31 14:20:00,10106494,-3154.000,7331.000,2062.000,68.000,15.000,21.000,0.000,0.000,1
2026-01-31 14:20:00,10106534,-3121.000,7244.000,2078.000,-24.000,25.000,25.000,0.000,0.000,1
2026-01-31 14:20:00,10106577,-3253.000,7343.000,2096.000,18.000,29.000,12.000,0.000,0.000,1
2026-01-31 14:20:00,10106614,-3194.000,7310.000,2077.000,-28.000,12.000,-13.000,0.000,0.000,1
2026-01-31 14:20:00,10106654,-3142.000,7323.000,2059.000,-20.000,23.000,-18.000,0.000,0.000,1
2026-01-31 14:20:00,10106694,-3230.000,7289.000,2014.000,-25.000,11.000,-12.000,0.000,0.000,1
2026-01-31 14:20:00,10106734,-3179.000,7330.000,2100.000,-35.000,-19.000,-32.000,0.000,0.000,1
2026-01-31 14:20:00,10106774,-3171.000,7078.000,2079.000,-108.000,34.000,-20.000,0.000,0.000,1
2026-01-31 14:20:00,10106814,-3187.000,7365.000,2063.000,83.000,31.000,78.000,0.000,0.000,1
2026-01-31 14:20:00,10106854,-3203.000,7263.000,2070.000,-15.000,-10.000,34.000,0.000,0.000,1
2026-01-31 14:20:00,10106894,-3252.000,7357.000,2116.000,20.000,6.000,30.000,0.000,0.000,1
2026-01-31 14:20:00,10106934,-3172.000,7271.000,2063.000,1.000,-10.000,-2.000,0.000,0.000,1
2026-01-31 14:20:00,10106974,-3153.000,7305.000,2067.000,-1.000,8.000,12.000,0.000,0.000,1
2026-01-31 14:20:00,10107014,-3169.000,7312.000,2058.000,8.000,-5.000,11.000,0.000,0.000,1
2026-01-31 14:20:01,10107054,-3200.000,7314.000,2079.000,4.000,13.000,20.000,0.000,0.000,1
2026-01-31 14:20:01,10107094,-3161.000,7287.000,2091.000,-21.000,28.000,-1.000,0.000,0.000,1
2026-01-31 14:20:01,10107134,-3206.000,7303.000,2055.000,-11.000,13.000,11.000,0.000,0.000,1
2026-01-31 14:20:01,10107174,-3210.000,7316.000,2102.000,12.000,-1.000,6.000,0.000,0.000,1
2026-01-31 14:20:01,10107214,-3190.000,7341.000,2082.000,-19.000,-11.000,-13.000,0.000,0.000,1
2026-01-31 14:20:01,10107254,-3208.000,7303.000,2061.000,-40.000,-17.000,-38.000,0.000,0.000,1
2026-01-31 14:20:01,10107294,-3112.000,7283.000,2055.000,-59.000,-27.000,4.000,0.000,0.000,1
2026-01-31 14:20:01,10107334,-3114.000,7278.000,2151.000,-4.000,17.000,26.000,0.000,0.000,1
2026-01-31 14:20:01,10107374,-3219.000,7147.000,2111.000,-17.000,45.000,83.000,0.000,0.000,1
2026-01-31 14:20:01,10107414,-3157.000,7472.000,2148.000,55.000,41.000,75.000,0.000,0.000,1
2026-01-31 14:20:01,10107454,-3195.000,7292.000,2025.000,-16.000,85.000,21.000,0.000,0.000,1
2026-01-31 14:20:01,10107494,-3163.000,7272.000,2147.000,75.000,7.000,81.000,0.000,0.000,1
2026-01-31 14:20:01,10107534,-3119.000,7226.000,2076.000,48.000,79.000,60.000,0.000,0.000,1
2026-01-31 14:20:01,10107574,-3183.000,7281.000,1953.000,246.000,31.000,118.000,0.000,0.000,1
2026-01-31 14:20:01,10107614,-3142.000,7457.000,2093.000,239.000,-3.000,117.000,0.000,0.000,1
2026-01-31 14:20:01,10107654,-3202.000,7332.000,1978.000,-97.000,18.000,30.000,0.000,0.000,1
2026-01-31 14:20:01,10107694,-3123.000,7322.000,2020.000,7.000,-57.000,26.000,0.000,0.000,1
2026-01-31 14:20:01,10107734,-3134.000,7372.000,2017.000,-41.000,-32.000,20.000,0.000,0.000,1
2026-01-31 14:20:01,10107774,-3112.000,7362.000,2019.000,-82.000,-58.000,-28.000,0.000,0.000,1
2026-01-31 14:20:01,10107814,-3128.000,7184.000,2021.000,-159.000,-7.000,66.000,0.000,0.000,1
2026-01-31 14:20:01,10107854,-3130.000,7542.000,2070.000,-62.000,-26.000,-25.000,0.000,0.000,1
2026-01-31 14:20:01,10107894,-3142.000,7334.000,2031.000,-90.000,-12.000,-38.000,0.000,0.000,1
2026-01-31 14:20:01,10107934,-3058.000,7355.000,2105.000,-216.000,12.000,-58.000,0.000,0.000,1
2026-01-31 14:20:01,10107974,-3091.000,7088.000,2071.000,-254.000,80.000,-13.000,0.000,0.000,1
2026-01-31 14:20:01,10108014,-3155.000,7412.000,2125.000,92.000,32.000,75.000,0.000,0.000,1
2026-01-31 14:20:02,10108054,-3183.000,7284.000,2080.000,-101.000,74.000,29.000,0.000,0.000,1
2026-01-31 14:20:02,10108094,-3221.000,7260.000,2160.000,94.000,-1.000,2.000,0.000,0.000,1
2026-01-31 14:20:02,10108134,-3032.000,7140.000,2046.000,200.000,-198.000,59.000,0.000,0.000,1
2026-01-31 14:20:02,10108174,-3106.000,7390.000,2016.000,186.000,-55.000,116.000,0.000,0.000,1
2026-01-31 14:20:02,10108214,-3085.000,7529.000,2060.000,229.000,50.000,31.000,0.000,0.000,1
2026-01-31 14:20:02,10108254,-3107.000,7196.000,1961.000,-163.000,119.000,-39.000,0.000,0.000,1
2026-01-31 14:20:02,10108294,-3056.000,7249.000,2068.000,57.000,7.000,48.000,0.000,0.000,1
2026-01-31 14:20:02,10108339,-3143.000,7434.000,2102.000,32.000,19.000,25.000,0.000,0.000,1
2026-01-31 14:20:02,10108374,-3168.000,7349.000,2067.000,-14.000,27.000,-7.000,0.000,0.000,1
2026-01-31 14:20:02,10108414,-3164.000,7448.000,2004.000,-80.000,17.000,-43.000,0.000,0.000,1
2026-01-31 14:20:02,10108454,-3026.000,7171.000,2143.000,-28.000,-5.000,-81.000,0.000,0.000,1
2026-01-31 14:20:02,10108494,-3108.000,7267.000,1973.000,-77.000,42.000,31.000,0.000,0.000,1
2026-01-31 14:20:02,10108534,-3145.000,7424.000,2080.000,34.000,17.000,-48.000,0.000,-145.440,1
2026-01-31 14:20:02,10108577,-3087.000,7263.000,2048.000,30.000,-1.000,-4.000,0.000,-145.440,1
2026-01-31 14:20:02,10108614,-3150.000,7347.000,2039.000,55.000,5.000,32.000,0.000,-145.440,1
2026-01-31 14:20:02,10108654,-3131.000,7271.000,2043.000,-14.000,29.000,-79.000,0.000,-145.440,1
2026-01-31 14:20:02,10108694,-3172.000,7366.000,2058.000,19.000,7.000,1.000,0.000,-145.440,1
2026-01-31 14:20:02,10108734,-3152.000,7234.000,2068.000,-60.000,-34.000,-19.000,0.000,-145.440,1
2026-01-31 14:20:02,10108774,-3059.000,7279.000,2081.000,32.000,-34.000,-7.000,0.000,-145.440,1
2026-01-31 14:20:02,10108814,-3135.000,7314.000,2041.000,134.000,2.000,51.000,0.000,-145.440,1
2026-01-31 14:20:02,10108854,-3148.000,7438.000,2020.000,78.000,-62.000,120.000,0.000,-145.440,1
2026-01-31 14:20:02,10108894,-3212.000,7425.000,2128.000,-106.000,62.000,-82.000,0.000,-145.440,1
2026-01-31 14:20:02,10108934,-3078.000,7231.000,1972.000,-169.000,21.000,-86.000,0.000,-145.440,1
2026-01-31 14:20:02,10108974,-3071.000,7380.000,2030.000,-22.000,-24.000,-9.000,0.000,-145.440,1
2026-01-31 14:20:02,10109014,-3096.000,7056.000,2099.000,-45.000,30.000,41.000,0.000,-145.440,1
2026-01-31 14:20:03,10109054,-3152.000,7412.000,2114.000,-91.000,34.000,-98.000,0.000,-145.440,1
2026-01-31 14:20:03,10109094,-3180.000,7185.000,2019.000,-126.000,58.000,-4.000,0.000,-145.440,1
2026-01-31 14:20:03,10109134,-3171.000,7369.000,2059.000,-52.000,16.000,-57.000,0.000,-145.440,1
2026-01-31 14:20:03,10109174,-3117.000,7207.000,2091.000,-78.000,18.000,-25.000,0.000,-145.440,1
2026-01-31 14:20:03,10109214,-3169.000,7324.000,2081.000,8.000,24.000,5.000,0.000,-145.440,1
2026-01-31 14:20:03,10109254,-3183.000,7304.000,2054.000,0.000,15.000,9.000,0.000,-145.440,1
2026-01-31 14:20:03,10109294,-3125.000,7359.000,2102.000,5.000,4.000,-4.000,0.000,-145.440,1
2026-01-31 14:20:03,10109334,-3173.000,7321.000,2094.000,-28.000,42.000,-14.000,0.000,-145.440,1
2026-01-31 14:20:03,10109374,-3172.000,7275.000,2046.000,-28.000,15.000,-16.000,0.000,-145.440,1
2026-01-31 14:20:03,10109414,-3192.000,7294.000,2052.000,6.000,11.000,-5.000,0.000,-145.440,1
2026-01-31 14:20:03,10109454,-3153.000,7276.000,2084.000,14.000,-4.000,26.000,0.000,-145.440,1
2026-01-31 14:20:03,10109494,-3197.000,7330.000,2068.000,33.000,1.000,33.000,0.000,-145.440,1
2026-01-31 14:20:03,10109534,-3116.000,7333.000,2088.000,-6.000,-11.000,26.000,0.000,3.310,1
2026-01-31 14:20:03,10109574,-3156.000,7313.000,2082.000,-7.000,-3.000,39.000,0.000,3.310,1
2026-01-31 14:20:03,10109614,-3189.000,7301.000,2162.000,7.000,-16.000,12.000,0.000,3.310,1
2026-01-31 14:20:03,10109654,-3043.000,7116.000,2017.000,264.000,-115.000,58.000,0.000,3.310,1
2026-01-31 14:20:03,10109694,-3132.000,7503.000,2019.000,204.000,-52.000,119.000,0.000,3.310,1
2026-01-31 14:20:03,10109734,-3185.000,7401.000,2015.000,163.000,-1.000,40.000,0.000,3.310,1
2026-01-31 14:20:03,10109774,-3186.000,7336.000,1929.000,82.000,107.000,63.000,0.000,3.310,1
2026-01-31 14:20:03,10109814,-3128.000,7304.000,1974.000,-124.000,1.000,-73.000,0.000,3.310,1
2026-01-31 14:20:03,10109854,-3109.000,7242.000,2094.000,-147.000,-94.000,41.000,0.000,3.310,1
2026-01-31 14:20:03,10109894,-3114.000,7406.000,2180.000,14.000,11.000,-37.000,0.000,3.310,1
2026-01-31 14:20:03,10109934,-3135.000,7144.000,2022.000,160.000,-46.000,-36.000,0.000,3.310,1
2026-01-31 14:20:03,10109974,-3088.000,7419.000,1793.000,-48.000,-137.000,172.000,0.000,3.310,1
2026-01-31 14:20:03,10110014,-3150.000,7485.000,2355.000,-97.000,10.000,-150.000,0.000,3.310,1
2026-01-31 14:20:04,10110054,-3134.000,7272.000,1944.000,-224.000,213.000,-19.000,0.000,3.310,1
2026-01-31 14:20:04,10110094,-3135.000,7331.000,1829.000,-213.000,38.000,35.000,0.000,3.310,1
2026-01-31 14:20:04,10110134,-3209.000,7262.000,2222.000,-147.000,48.000,-78.000,0.000,3.310,1
2026-01-31 14:20:04,10110174,-3094.000,7204.000,2045.000,80.000,-22.000,46.000,0.000,3.310,1
2026-01-31 14:20:04,10110214,-3205.000,7668.000,2107.000,179.000,-52.000,73.000,0.000,3.310,1
2026-01-31 14:20:04,10110254,-3157.000,7311.000,2074.000,-99.000,10.000,-129.000,0.000,3.310,1
2026-01-31 14:20:04,10110297,-3039.000,7224.000,2001.000,-1.000,-58.000,-64.000,0.000,3.310,1
2026-01-31 14:20:04,10110337,-3149.000,7212.000,2055.000,180.000,-57.000,33.000,0.000,3.310,1
2026-01-31 14:20:04,10110377,-3163.000,7274.000,2155.000,30.000,22.000,73.000,0.000,3.310,1
2026-01-31 14:20:04,10110414,-3165.000,7499.000,2156.000,21.000,79.000,43.000,0.000,3.310,1
2026-01-31 14:20:04,10110454,-3184.000,7191.000,2003.000,-153.000,146.000,-19.000,0.000,3.310,1
2026-01-31 14:20:04,10110494,-3090.000,7518.000,2217.000,65.000,84.000,55.000,0.000,3.310,1
2026-01-31 14:20:04,10110534,-3068.000,7063.000,1990.000,133.000,-57.000,-11.000,0.000,-0.350,1
2026-01-31 14:20:04,10110577,-3215.000,7551.000,2243.000,-168.000,96.000,-206.000,0.000,-0.350,1
2026-01-31 14:20:04,10110618,-3157.000,7044.000,1931.000,-370.000,96.000,-153.000,0.000,-0.350,1
2026-01-31 14:20:04,10110654,-3123.000,7084.000,1885.000,-273.000,5.000,3.000,0.000,-0.350,1
2026-01-31 14:20:04,10110694,-3110.000,7435.000,2169.000,65.000,-63.000,-18.000,0.000,-0.350,1
2026-01-31 14:20:04,10110734,-3154.000,7047.000,2088.000,-134.000,48.000,-37.000,0.000,-0.350,1
2026-01-31 14:20:04,10110774,-3216.000,7613.000,1997.000,98.000,33.000,104.000,0.000,-0.350,1
2026-01-31 14:20:04,10110814,-3103.000,7207.000,2178.000,-121.000,25.000,-72.000,0.000,-0.350,1
2026-01-31 14:20:04,10110854,-3179.000,7387.000,2043.000,-10.000,34.000,45.000,0.000,-0.350,1
2026-01-31 14:20:04,10110894,-3179.000,7278.000,2077.000,-82.000,-40.000,-61.000,0.000,-0.350,1
2026-01-31 14:20:04,10110934,-3116.000,7188.000,2073.000,-74.000,-27.000,6.000,0.000,-0.350,1
2026-01-31 14:20:04,10110974,-3195.000,7272.000,2064.000,18.000,-47.000,32.000,0.000,-0.350,1
2026-01-31 14:20:04,10111014,-3110.000,7312.000,2109.000,-20.000,-12.000,13.000,0.000,-0.350,1
2026-01-31 14:20:05,10111054,-3131.000,7319.000,2084.000,10.000,7.000,-3.000,0.000,-0.350,1
2026-01-31 14:20:05,10111094,-3197.000,7258.000,2113.000,5.000,-14.000,35.000,0.000,-0.350,1
2026-01-31 14:20:05,10111134,-3140.000,7357.000,2194.000,50.000,-20.000,18.000,0.000,-0.350,1
2026-01-31 14:20:05,10111174,-3070.000,7309.000,2075.000,-59.000,13.000,56.000,0.000,-0.350,1
2026-01-31 14:20:05,10111214,-3152.000,7211.000,2239.000,137.000,-14.000,-25.000,0.000,-0.350,1
2026-01-31 14:20:05,10111254,-3169.000,7332.000,1899.000,348.000,-81.000,179.000,0.000,-0.350,1
2026-01-31 14:20:05,10111294,-3165.000,7457.000,2062.000,21.000,14.000,-28.000,0.000,-0.350,1
2026-01-31 14:20:05,10111334,-3131.000,7168.000,2025.000,-35.000,-32.000,-6.000,0.000,-0.350,1
2026-01-31 14:20:05,10111374,-3062.000,7284.000,2120.000,10.000,-45.000,90.000,0.000,-0.350,1
2026-01-31 14:20:05,10111414,-3185.000,7335.000,2033.000,-40.000,40.000,118.000,0.000,-0.350,1
2026-01-31 14:20:05,10111454,-3183.000,7489.000,2010.000,-119.000,16.000,-39.000,0.000,-0.350,1
2026-01-31 14:20:05,10111494,-3173.000,7356.000,2091.000,-219.000,79.000,-107.000,0.000,-0.350,1
2026-01-31 14:20:05,10111534,-3007.000,6972.000,2129.000,27.000,-74.000,-22.000,0.000,-13.190,1
2026-01-31 14:20:05,10111574,-3009.000,7419.000,2005.000,258.000,-48.000,159.000,0.000,-13.190,1
2026-01-31 14:20:05,10111614,-3182.000,7295.000,2014.000,20.000,130.000,39.000,0.000,-13.190,1
2026-01-31 14:20:05,10111654,-3220.000,7482.000,2056.000,52.000,28.000,37.000,0.000,-13.190,1
2026-01-31 14:20:05,10111694,-3075.000,7236.000,2153.000,139.000,-50.000,13.000,0.000,-13.190,1
2026-01-31 14:20:05,10111734,-3070.000,7375.000,1947.000,19.000,-5.000,-38.000,0.000,-13.190,1
2026-01-31 14:20:05,10111774,-3135.000,7268.000,2127.000,-196.000,40.000,-63.000,0.000,-13.190,1
2026-01-31 14:20:05,10111814,-3054.000,7198.000,2192.000,321.000,-49.000,9.000,0.000,-13.190,1
2026-01-31 14:20:05,10111854,-3141.000,7259.000,1807.000,34.000,-7.000,200.000,0.000,-13.190,1
2026-01-31 14:20:05,10111894,-3118.000,7572.000,2125.000,-19.000,-10.000,-41.000,0.000,-13.190,1
2026-01-31 14:20:05,10111934,-3181.000,7321.000,1969.000,-141.000,55.000,-44.000,0.000,-13.190,1
2026-01-31 14:20:05,10111974,-3084.000,7446.000,2002.000,-102.000,25.000,0.000,0.000,-13.190,1
2026-01-31 14:20:05,10112014,-3175.000,7144.000,2204.000,-220.000,102.000,-77.000,0.000,-13.190,1
2026-01-31 14:20:06,10112054,-3078.000,7124.000,2052.000,151.000,-84.000,30.000,0.000,-13.190,1
2026-01-31 14:20:06,10112094,-3159.000,7751.000,2057.000,163.000,-65.000,69.000,0.000,-13.190,1
2026-01-31 14:20:06,10112134,-3184.000,7207.000,2138.000,-189.000,32.000,-166.000,0.000,-13.190,1
2026-01-31 14:20:06,10112174,-3046.000,7310.000,2038.000,-123.000,3.000,21.000,0.000,-13.190,1
2026-01-31 14:20:06,10112214,-3047.000,7299.000,2078.000,-147.000,16.000,4.000,0.000,-13.190,1
2026-01-31 14:20:06,10112254,-3143.000,7303.000,2067.000,-30.000,50.000,12.000,0.000,-13.190,1
2026-01-31 14:20:06,10112297,-3088.000,7357.000,2081.000,-61.000,2.000,15.000,0.000,-13.190,1
2026-01-31 14:20:06,10112336,-3095.000,7321.000,2097.000,-55.000,35.000,9.000,0.000,-13.190,1
2026-01-31 14:20:06,10112374,-3120.000,7378.000,2107.000,-27.000,27.000,8.000,0.000,-13.190,1
2026-01-31 14:20:06,10112414,-3134.000,7264.000,2096.000,-93.000,-11.000,7.000,0.000,-13.190,1
2026-01-31 14:20:06,10112454,-3102.000,7382.000,2076.000,15.000,-17.000,13.000,0.000,-13.190,1
2026-01-31 14:20:06,10112494,-3114.000,7316.000,2151.000,-44.000,4.000,43.000,0.000,-13.190,1
2026-01-31 14:20:06,10112534,-3125.000,7323.000,2117.000,-7.000,27.000,46.000,0.000,6.380,1
2026-01-31 14:20:06,10112578,-3101.000,7348.000,2058.000,-53.000,22.000,13.000,0.000,6.380,1
2026-01-31 14:20:06,10112614,-3091.000,7349.000,2049.000,-52.000,0.000,12.000,0.000,6.380,1
2026-01-31 14:20:06,10112654,-3089.000,7320.000,2120.000,-46.000,-13.000,-6.000,0.000,6.380,1
2026-01-31 14:20:06,10112694,-3090.000,7244.000,2097.000,-48.000,-30.000,-10.000,0.000,6.380,1
2026-01-31 14:20:06,10112734,-3077.000,7332.000,2090.000,22.000,-32.000,23.000,0.000,6.380,1
2026-01-31 14:20:06,10112774,-3087.000,7312.000,2141.000,-49.000,-8.000,30.000,0.000,6.380,1
2026-01-31 14:20:06,10112814,-3139.000,7337.000,2251.000,-1.000,-8.000,-69.000,0.000,6.380,1
2026-01-31 14:20:06,10112854,-2987.000,7443.000,2009.000,165.000,-165.000,12.000,0.000,6.380,1
2026-01-31 14:20:06,10112894,-3183.000,7450.000,2132.000,-220.000,62.000,-140.000,0.000,6.380,1
2026-01-31 14:20:06,10112934,-3145.000,7233.000,2127.000,-327.000,37.000,-162.000,0.000,6.380,1
2026-01-31 14:20:06,10112974,-3129.000,7425.000,2098.000,-306.000,-47.000,-78.000,0.000,6.380,1
2026-01-31 14:20:06,10113014,-3092.000,7227.000,2185.000,-568.000,-86.000,-123.000,0.000,6.380,1
2026-01-31 14:20:07,10113054,-3148.000,7239.000,2351.000,-602.000,-74.000,-94.000,0.000,6.380,1
2026-01-31 14:20:07,10113094,-3171.000,7042.000,2271.000,-473.000,-73.000,-58.000,0.000,6.380,1
2026-01-31 14:20:07,10113134,-3102.000,7143.000,2344.000,31.000,-90.000,-19.000,0.000,6.380,1
2026-01-31 14:20:07,10113174,-3055.000,7259.000,2423.000,30.000,59.000,57.000,0.000,6.380,1
2026-01-31 14:20:07,10113214,-3261.000,7237.000,2246.000,-22.000,66.000,33.000,0.000,6.380,1
2026-01-31 14:20:07,10113254,-3054.000,7194.000,2312.000,38.000,-19.000,20.000,0.000,6.380,1
2026-01-31 14:20:07,10113294,-3119.000,7302.000,2380.000,114.000,86.000,19.000,0.000,6.380,1
2026-01-31 14:20:07,10113334,-3187.000,7124.000,2224.000,290.000,150.000,-16.000,0.000,6.380,1
2026-01-31 14:20:07,10113374,-3136.000,7076.000,2058.000,848.000,110.000,64.000,0.000,6.380,1
2026-01-31 14:20:07,10113414,-2925.000,7397.000,2308.000,1149.000,135.000,169.000,0.000,6.380,1
2026-01-31 14:20:07,10113454,-3233.000,7557.000,1971.000,518.000,206.000,174.000,0.000,6.380,1
2026-01-31 14:20:07,10113494,-3094.000,7333.000,2006.000,-19.000,52.000,115.000,0.000,6.380,1
2026-01-31 14:20:07,10113534,-3133.000,7398.000,2050.000,172.000,-13.000,75.000,0.000,2.320,1
2026-01-31 14:20:07,10113574,-3126.000,7435.000,2067.000,98.000,-13.000,-13.000,0.000,2.320,1
2026-01-31 14:20:07,10113614,-3062.000,7325.000,1975.000,-26.000,30.000,-21.000,0.000,2.320,1
2026-01-31 14:20:07,10113654,-3105.000,7356.000,2021.000,-9.000,39.000,-17.000,0.000,2.320,1
2026-01-31 14:20:07,10113694,-3082.000,7300.000,2020.000,-12.000,40.000,-10.000,0.000,2.320,1
2026-01-31 14:20:07,10113734,-3136.000,7319.000,2016.000,5.000,59.000,19.000,0.000,2.320,1
2026-01-31 14:20:07,10113774,-3172.000,7417.000,1983.000,157.000,37.000,49.000,0.000,2.320,1
2026-01-31 14:20:07,10113814,-3098.000,7292.000,2018.000,-23.000,-34.000,-1.000,0.000,2.320,1
2026-01-31 14:20:07,10113854,-3065.000,7373.000,2058.000,99.000,43.000,-11.000,0.000,2.320,1
2026-01-31 14:20:07,10113894,-3097.000,7336.000,1927.000,37.000,16.000,14.000,0.000,2.320,1
2026-01-31 14:20:07,10113934,-3150.000,7374.000,2010.000,28.000,2.000,-7.000,0.000,2.320,1
2026-01-31 14:20:07,10113974,-3085.000,7264.000,1957.000,-36.000,32.000,-1.000,0.000,2.320,1
2026-01-31 14:20:07,10114014,-3142.000,7355.000,1965.000,89.000,37.000,80.000,0.000,2.320,1
2026-01-31 14:20:08,10114054,-3106.000,7394.000,2001.000,-18.000,56.000,-5.000,0.000,2.320,1
2026-01-31 14:20:08,10114094,-3077.000,7510.000,1954.000,-99.000,107.000,-32.000,0.000,2.320,1
2026-01-31 14:20:08,10114134,-3131.000,7188.000,2099.000,-80.000,70.000,-118.000,0.000,2.320,1
2026-01-31 14:20:08,10114174,-3058.000,7358.000,1897.000,59.000,6.000,74.000,0.000,2.320,1
2026-01-31 14:20:08,10114214,-3159.000,7429.000,1878.000,-89.000,-108.000,79.000,0.000,2.320,1
2026-01-31 14:20:08,10114254,-3118.000,7256.000,2195.000,-69.000,17.000,-126.000,0.000,2.320,1
2026-01-31 14:20:08,10114294,-3126.000,7317.000,1780.000,-98.000,-8.000,16.000,0.000,2.320,1
2026-01-31 14:20:08,10114337,-3193.000,7316.000,2159.000,-135.000,122.000,-49.000,0.000,2.320,1
2026-01-31 14:20:08,10114377,-3080.000,7263.000,1906.000,44.000,-65.000,76.000,0.000,2.320,1
2026-01-31 14:20:08,10114414,-3054.000,7381.000,1931.000,117.000,-76.000,103.000,0.000,2.320,1
2026-01-31 14:20:08,10114454,-3162.000,7400.000,2138.000,-53.000,37.000,-41.000,0.000,2.320,1
2026-01-31 14:20:08,10114494,-3148.000,7382.000,1938.000,-9.000,12.000,43.000,0.000,2.320,1
2026-01-31 14:20:08,10114534,-3062.000,7443.000,1937.000,-77.000,-57.000,6.000,0.000,1.950,1
2026-01-31 14:20:08,10114577,-3054.000,7084.000,1962.000,-20.000,-31.000,44.000,0.000,1.950,1
2026-01-31 14:20:08,10114614,-3081.000,7221.000,1986.000,27.000,-46.000,171.000,0.000,1.950,1
2026-01-31 14:20:08,10114654,-3144.000,7656.000,2090.000,41.000,-19.000,-22.000,0.000,1.950,1
2026-01-31 14:20:08,10114694,-3113.000,7236.000,1985.000,-145.000,65.000,-93.000,0.000,1.950,1
2026-01-31 14:20:08,10114734,-3036.000,7452.000,2005.000,-102.000,-20.000,-57.000,0.000,1.950,1
2026-01-31 14:20:08,10114774,-3154.000,7177.000,1977.000,-183.000,42.000,-32.000,0.000,1.950,1
2026-01-31 14:20:08,10114814,-3082.000,7544.000,2098.000,56.000,-14.000,38.000,0.000,1.950,1
2026-01-31 14:20:08,10114854,-3161.000,7225.000,2056.000,-95.000,70.000,-45.000,0.000,1.950,1
2026-01-31 14:20:08,10114894,-3133.000,7377.000,2000.000,-37.000,10.000,-17.000,0.000,1.950,1
2026-01-31 14:20:08,10114934,-3141.000,7326.000,2067.000,-54.000,-6.000,-35.000,0.000,1.950,1
2026-01-31 14:20:08,10114974,-3151.000,7250.000,2046.000,-49.000,-16.000,-17.000,0.000,1.950,1
2026-01-31 14:20:08,10115014,-3144.000,7348.000,2100.000,-1.000,3.000,27.000,0.000,1.950,1
2026-01-31 14:20:09,10115054,-3102.000,7264.000,2094.000,-103.000,27.000,23.000,0.000,1.950,1
2026-01-31 14:20:09,10115094,-3150.000,7348.000,2171.000,1.000,23.000,-36.000,0.000,1.950,1
2026-01-31 14:20:09,10115134,-3115.000,7241.000,1958.000,164.000,-125.000,91.000,0.000,1.950,1
2026-01-31 14:20:09,10115174,-3173.000,7350.000,2105.000,-129.000,-16.000,-81.000,0.000,1.950,1
2026-01-31 14:20:09,10115214,-3134.000,7279.000,2032.000,-218.000,-54.000,-41.000,0.000,1.950,1
2026-01-31 14:20:09,10115254,-3085.000,7196.000,2014.000,-310.000,-46.000,22.000,0.000,1.950,1
2026-01-31 14:20:09,10115294,-3165.000,7271.000,2116.000,-113.000,-116.000,82.000,0.000,1.950,1
2026-01-31 14:20:09,10115334,-3116.000,7302.000,2299.000,-95.000,-40.000,23.000,0.000,1.950,1
2026-01-31 14:20:09,10115374,-3058.000,7583.000,2165.000,77.000,34.000,14.000,0.000,1.950,1
2026-01-31 14:20:09,10115414,-3132.000,7194.000,2086.000,-117.000,84.000,-97.000,0.000,1.950,1
2026-01-31 14:20:09,10115454,-3158.000,7301.000,2108.000,15.000,31.000,-14.000,0.000,1.950,1
2026-01-31 14:20:09,10115494,-3072.000,7182.000,2172.000,-17.000,31.000,-7.000,0.000,1.950,1
2026-01-31 14:20:09,10115534,-3157.000,7336.000,2109.000,49.000,46.000,77.000,0.000,-6.290,1
2026-01-31 14:20:09,10115574,-3115.000,7323.000,2169.000,52.000,26.000,31.000,0.000,-6.290,1
2026-01-31 14:20:09,10115614,-3143.000,7374.000,2133.000,33.000,54.000,19.000,0.000,-6.290,1
2026-01-31 14:20:09,10115654,-3133.000,7285.000,2105.000,-39.000,22.000,-44.000,0.000,-6.290,1
2026-01-31 14:20:09,10115694,-3148.000,7302.000,2120.000,3.000,12.000,-19.000,0.000,-6.290,1
2026-01-31 14:20:09,10115734,-3112.000,7325.000,2122.000,-18.000,16.000,-16.000,0.000,-6.290,1
2026-01-31 14:20:09,10115774,-3158.000,7310.000,2103.000,-40.000,19.000,-46.000,0.000,-6.290,1
2026-01-31 14:20:09,10115814,-3154.000,7324.000,2087.000,-33.000,9.000,-29.000,0.000,-6.290,1
2026-01-31 14:20:09,10115854,-3154.000,7285.000,2110.000,-36.000,0.000,-32.000,0.000,-6.290,1
2026-01-31 14:20:09,10115894,-3082.000,7223.000,2232.000,-108.000,-20.000,-24.000,0.000,-6.290,1
2026-01-31 14:20:09,10115934,-3160.000,7642.000,2107.000,116.000,18.000,59.000,0.000,-6.290,1
2026-01-31 14:20:09,10115974,-3093.000,7217.000,2153.000,-54.000,27.000,-44.000,0.000,-6.290,1
2026-01-31 14:20:09,10116014,-3184.000,7283.000,2101.000,90.000,-9.000,54.000,0.000,-6.290,1
2026-01-31 14:20:10,10116054,-3124.000,7229.000,2180.000,3.000,0.000,1.000,0.000,-6.290,1
2026-01-31 14:20:10,10116094,-3121.000,7347.000,2059.000,-17.000,17.000,44.000,0.000,-6.290,1
2026-01-31 14:20:10,10116134,-3117.000,7380.000,2113.000,-22.000,-21.000,-1.000,0.000,-6.290,1
2026-01-31 14:20:10,10116174,-3124.000,7272.000,2175.000,-12.000,8.000,-28.000,0.000,-6.290,1
2026-01-31 14:20:10,10116214,-3094.000,7330.000,2125.000,-52.000,45.000,-48.000,0.000,-6.290,1
2026-01-31 14:20:10,10116254,-3162.000,7425.000,2152.000,-165.000,14.000,-41.000,0.000,-6.290,1
2026-01-31 14:20:10,10116294,-3200.000,7312.000,2124.000,-704.000,-7.000,-69.000,0.000,-6.290,1
2026-01-31 14:20:10,10116334,-3244.000,7329.000,2229.000,-938.000,-158.000,-49.000,0.000,-6.290,1
2026-01-31 14:20:10,10116375,-3188.000,7306.000,2305.000,-1205.000,-294.000,-36.000,0.000,-6.290,1
2026-01-31 14:20:10,10116414,-2933.000,6653.000,2698.000,-859.000,-249.000,23.000,0.000,-6.290,1
2026-01-31 14:20:10,10116454,-3124.000,7421.000,2602.000,371.000,130.000,98.000,0.000,-6.290,1
2026-01-31 14:20:10,10116494,-3310.000,7174.000,2333.000,430.000,222.000,27.000,0.000,-6.290,1
2026-01-31 14:20:10,10116534,-3047.000,7182.000,2323.000,446.000,111.000,2.000,0.000,3.970,1
2026-01-31 14:20:10,10116577,-3227.000,7001.000,2199.000,1015.000,103.000,134.000,0.000,3.970,1
2026-01-31 14:20:10,10116614,-3224.000,6999.000,2137.000,1307.000,55.000,179.000,0.000,3.970,1
2026-01-31 14:20:10,10116654,-3005.000,7398.000,2211.000,1588.000,-44.000,299.000,0.000,3.970,1
2026-01-31 14:20:10,10116694,-3085.000,7387.000,2001.000,270.000,157.000,163.000,0.000,3.970,1
2026-01-31 14:20:10,10116734,-3154.000,7473.000,1922.000,394.000,33.000,133.000,0.000,3.970,1
2026-01-31 14:20:10,10116774,-3084.000,7608.000,2027.000,174.000,36.000,1.000,0.000,3.970,1
2026-01-31 14:20:10,10116814,-3095.000,7426.000,1874.000,-80.000,58.000,-125.000,0.000,3.970,1
2026-01-31 14:20:10,10116854,-3075.000,7287.000,1887.000,-83.000,-5.000,-107.000,0.000,3.970,1
2026-01-31 14:20:10,10116894,-3062.000,7344.000,1995.000,-137.000,0.000,-54.000,0.000,3.970,1
2026-01-31 14:20:10,10116934,-3145.000,7378.000,1999.000,-228.000,36.000,-55.000,0.000,3.970,1
2026-01-31 14:20:10,10116974,-3153.000,7329.000,1953.000,-223.000,1.000,-40.000,0.000,3.970,1
2026-01-31 14:20:10,10117014,-3111.000,7399.000,2023.000,-172.000,-42.000,-47.000,0.000,3.970,1
2026-01-31 14:20:11,10117054,-3098.000,7270.000,2057.000,-116.000,-30.000,-40.000,0.000,3.970,1
2026-01-31 14:20:11,10117094,-3123.000,7333.000,2020.000,-104.000,31.000,-5.000,0.000,3.970,1
2026-01-31 14:20:11,10117134,-3105.000,7317.000,2019.000,-14.000,19.000,-23.000,0.000,3.970,1
2026-01-31 14:20:11,10117174,-3114.000,7359.000,2030.000,-9.000,38.000,1.000,0.000,3.970,1
2026-01-31 14:20:11,10117214,-3150.000,7341.000,2035.000,-41.000,52.000,7.000,0.000,3.970,1
2026-01-31 14:20:11,10117254,-3103.000,7276.000,2045.000,4.000,32.000,14.000,0.000,3.970,1
2026-01-31 14:20:11,10117294,-3096.000,7355.000,2003.000,16.000,66.000,39.000,0.000,3.970,1
2026-01-31 14:20:11,10117334,-3124.000,7325.000,2071.000,38.000,61.000,22.000,0.000,3.970,1
2026-01-31 14:20:11,10117374,-3160.000,7282.000,2026.000,99.000,26.000,34.000,0.000,3.970,1
2026-01-31 14:20:11,10117414,-3099.000,7411.000,1970.000,-44.000,-20.000,39.000,0.000,3.970,1
2026-01-31 14:20:11,10117454,-3105.000,7339.000,2047.000,18.000,4.000,-11.000,0.000,3.970,1
2026-01-31 14:20:11,10117494,-3113.000,7275.000,1963.000,-27.000,-32.000,21.000,0.000,3.970,1
2026-01-31 14:20:11,10117534,-3087.000,7362.000,2035.000,91.000,-28.000,80.000,0.000,2.560,1
2026-01-31 14:20:11,10117574,-3110.000,7284.000,2044.000,-2.000,-16.000,114.000,0.000,2.560,1
2026-01-31 14:20:11,10117614,-3065.000,7407.000,2108.000,2.000,19.000,53.000,0.000,2.560,1
2026-01-31 14:20:11,10117654,-3146.000,7371.000,2096.000,28.000,65.000,-59.000,0.000,2.560,1
2026-01-31 14:20:11,10117694,-3028.000,7077.000,2018.000,86.000,-75.000,133.000,0.000,2.560,1
2026-01-31 14:20:11,10117734,-3024.000,7747.000,1962.000,189.000,-2.000,156.000,0.000,2.560,1
2026-01-31 14:20:11,10117774,-3191.000,7206.000,2022.000,-115.000,169.000,-173.000,0.000,2.560,1
2026-01-31 14:20:11,10117814,-2951.000,7308.000,1886.000,-132.000,34.000,83.000,0.000,2.560,1
2026-01-31 14:20:11,10117854,-3251.000,7484.000,2033.000,-91.000,-14.000,-34.000,0.000,2.560,1
2026-01-31 14:20:11,10117894,-3106.000,7127.000,2036.000,7.000,-81.000,-25.000,0.000,2.560,1
2026-01-31 14:20:11,10117934,-2977.000,7394.000,1925.000,140.000,-250.000,67.000,0.000,2.560,1
2026-01-31 14:20:11,10117974,-3081.000,7473.000,2084.000,64.000,-63.000,-17.000,0.000,2.560,1
2026-01-31 14:20:11,10118014,-3120.000,7323.000,2059.000,-30.000,32.000,-35.000,0.000,2.560,1
2026-01-31 14:20:12,10118054,-3190.000,7425.000,1927.000,-135.000,-81.000,-109.000,0.000,2.560,1
2026-01-31 14:20:12,10118094,-3046.000,7287.000,2019.000,-51.000,-96.000,-85.000,0.000,2.560,1
2026-01-31 14:20:12,10118134,-2987.000,7365.000,2078.000,-93.000,-36.000,-64.000,0.000,2.560,1
2026-01-31 14:20:12,10118174,-3139.000,7296.000,1975.000,-115.000,-3.000,-50.000,0.000,2.560,1
2026-01-31 14:20:12,10118214,-3036.000,7320.000,2142.000,-53.000,-44.000,-5.000,0.000,2.560,1
2026-01-31 14:20:12,10118254,-3109.000,7329.000,2047.000,-26.000,22.000,11.000,0.000,2.560,1
2026-01-31 14:20:12,10118294,-3125.000,7330.000,2065.000,-23.000,33.000,19.000,0.000,2.560,1
2026-01-31 14:20:12,10118337,-3115.000,7329.000,2055.000,-39.000,13.000,-7.000,0.000,2.560,1
2026-01-31 14:20:12,10118377,-3141.000,7315.000,2046.000,-39.000,30.000,-6.000,0.000,2.560,1
2026-01-31 14:20:12,10118414,-3119.000,7317.000,2043.000,-25.000,19.000,-11.000,0.000,2.560,1
2026-01-31 14:20:12,10118454,-3109.000,7329.000,2058.000,-11.000,3.000,4.000,0.000,2.560,1
2026-01-31 14:20:12,10118494,-3121.000,7323.000,2058.000,-15.000,-4.000,35.000,0.000,2.560,1
2026-01-31 14:20:12,10118534,-3120.000,7286.000,2061.000,-12.000,-6.000,34.000,0.000,0.000,1
2026-01-31 14:20:12,10118579,-3109.000,7404.000,2083.000,41.000,-6.000,9.000,0.000,0.000,1
2026-01-31 14:20:12,10118614,-3121.000,7292.000,2092.000,27.000,-1.000,-30.000,0.000,0.000,1
2026-01-31 14:20:12,10118654,-3113.000,7377.000,1984.000,66.000,-9.000,34.000,0.000,0.000,1
2026-01-31 14:20:12,10118694,-3107.000,7314.000,2005.000,75.000,-38.000,-70.000,0.000,0.000,1
2026-01-31 14:20:12,10118734,-3036.000,7261.000,2082.000,121.000,-45.000,25.000,0.000,0.000,1
2026-01-31 14:20:12,10118774,-3165.000,7314.000,2051.000,29.000,13.000,61.000,0.000,0.000,1
2026-01-31 14:20:12,10118814,-3148.000,7466.000,2018.000,-32.000,1.000,-32.000,0.000,0.000,1
2026-01-31 14:20:12,10118854,-3041.000,7318.000,2001.000,-82.000,-30.000,-5.000,0.000,0.000,1
2026-01-31 14:20:12,10118894,-2964.000,7419.000,2106.000,-47.000,-13.000,14.000,0.000,0.000,1
2026-01-31 14:20:12,10118934,-3131.000,7189.000,1951.000,-229.000,58.000,38.000,0.000,0.000,1
2026-01-31 14:20:12,10118974,-3023.000,7402.000,2140.000,4.000,-8.000,88.000,0.000,0.000,1
2026-01-31 14:20:12,10119014,-3150.000,7383.000,2016.000,-25.000,30.000,59.000,0.000,0.000,1
2026-01-31 14:20:13,10119054,-3112.000,7404.000,2024.000,-87.000,-20.000,9.000,0.000,0.000,1
2026-01-31 14:20:13,10119094,-3082.000,7345.000,2044.000,-45.000,-68.000,-51.000,0.000,0.000,1
2026-01-31 14:20:13,10119134,-2999.000,7281.000,2129.000,-30.000,-45.000,-16.000,0.000,0.000,1
2026-01-31 14:20:13,10119174,-3024.000,7345.000,2119.000,-126.000,31.000,47.000,0.000,0.000,1
2026-01-31 14:20:13,10119214,-3124.000,7101.000,2182.000,73.000,-59.000,-39.000,0.000,0.000,1
2026-01-31 14:20:13,10119254,-2998.000,7515.000,1928.000,360.000,-176.000,259.000,0.000,0.000,1
2026-01-31 14:20:13,10119294,-3154.000,7465.000,2146.000,-111.000,79.000,-39.000,0.000,0.000,1
2026-01-31 14:20:13,10119334,-3121.000,7280.000,2028.000,-144.000,99.000,-20.000,0.000,0.000,1
2026-01-31 14:20:13,10119374,-3036.000,7340.000,2054.000,-155.000,70.000,-21.000,0.000,0.000,1
2026-01-31 14:20:13,10119414,-3103.000,7249.000,2229.000,-154.000,77.000,-93.000,0.000,0.000,1
2026-01-31 14:20:13,10119454,-2931.000,7015.000,2015.000,307.000,-202.000,128.000,0.000,0.000,1
2026-01-31 14:20:13,10119494,-3090.000,7639.000,2063.000,219.000,-65.000,135.000,0.000,0.000,1
2026-01-31 14:20:13,10119534,-3053.000,7337.000,2151.000,-14.000,45.000,-3.000,0.000,0.000,1
2026-01-31 14:20:13,10119574,-3007.000,7389.000,2000.000,31.000,41.000,25.000,0.000,0.000,1
2026-01-31 14:20:13,10119614,-3120.000,7376.000,2018.000,-4.000,50.000,-15.000,0.000,0.000,1
2026-01-31 14:20:13,10119654,-3041.000,7247.000,2032.000,-105.000,47.000,-20.000,0.000,0.000,1
2026-01-31 14:20:13,10119694,-3121.000,7410.000,2234.000,-64.000,89.000,-138.000,0.000,0.000,1
2026-01-31 14:20:13,10119734,-3039.000,7240.000,1932.000,18.000,-38.000,62.000,0.000,0.000,1
2026-01-31 14:20:13,10119774,-3108.000,7565.000,2169.000,138.000,-15.000,78.000,0.000,0.000,1
2026-01-31 14:20:13,10119814,-3123.000,7338.000,2085.000,-113.000,40.000,-91.000,0.000,0.000,1
2026-01-31 14:20:13,10119854,-3087.000,7349.000,1996.000,-13.000,6.000,-24.000,0.000,0.000,1
2026-01-31 14:20:13,10119894,-2968.000,7350.000,2112.000,0.000,1.000,-9.000,0.000,0.000,1
2026-01-31 14:20:13,10119934,-3062.000,7164.000,2010.000,-62.000,48.000,38.000,0.000,0.000,1
2026-01-31 14:20:13,10119974,-3154.000,7547.000,2031.000,111.000,6.000,129.000,0.000,0.000,1
2026-01-31 14:20:13,10120014,-3049.000,7344.000,2137.000,-43.000,19.000,-68.000,0.000,0.000,1
2026-01-31 14:20:14,10120054,-3143.000,7443.000,1997.000,19.000,25.000,-14.000,0.000,0.000,1
2026-01-31 14:20:14,10120094,-2985.000,7231.000,2047.000,-87.000,-40.000,-112.000,0.000,0.000,1
2026-01-31 14:20:14,10120134,-3108.000,7351.000,2057.000,5.000,52.000,82.000,0.000,0.000,1
2026-01-31 14:20:14,10120174,-3158.000,7354.000,2092.000,-68.000,24.000,-47.000,0.000,0.000,1
2026-01-31 14:20:14,10120214,-3057.000,7365.000,2039.000,-4.000,18.000,-15.000,0.000,0.000,1
2026-01-31 14:20:14,10120254,-3032.000,7373.000,2029.000,-73.000,21.000,-52.000,0.000,0.000,1
2026-01-31 14:20:14,10120294,-3068.000,7218.000,2110.000,-18.000,-18.000,-31.000,0.000,0.000,1
2026-01-31 14:20:14,10120334,-3191.000,7482.000,2140.000,66.000,29.000,63.000,0.000,0.000,1
2026-01-31 14:20:14,10120375,-3009.000,7252.000,2047.000,59.000,-23.000,4.000,0.000,0.000,1
2026-01-31 14:20:14,10120414,-3141.000,7319.000,2061.000,195.000,-24.000,-67.000,0.000,0.000,1
2026-01-31 14:20:14,10120454,-3032.000,7086.000,1834.000,277.000,-175.000,153.000,0.000,0.000,1
2026-01-31 14:20:14,10120494,-3048.000,7683.000,2141.000,70.000,-55.000,-59.000,0.000,0.000,1
2026-01-31 14:20:14,10120534,-3063.000,7184.000,1895.000,-42.000,45.000,107.000,0.000,0.000,1
2026-01-31 14:20:14,10120577,-3147.000,7339.000,2072.000,-110.000,78.000,-2.000,0.000,0.000,1
2026-01-31 14:20:14,10120614,-3191.000,7413.000,1983.000,-101.000,51.000,-30.000,0.000,0.000,1
2026-01-31 14:20:14,10120654,-3027.000,7379.000,2030.000,-104.000,-75.000,-63.000,0.000,0.000,1
2026-01-31 14:20:14,10120694,-3057.000,7244.000,2032.000,-138.000,2.000,-29.000,0.000,0.000,1
2026-01-31 14:20:14,10120734,-3101.000,7289.000,2063.000,-72.000,-3.000,27.000,0.000,0.000,1
2026-01-31 14:20:14,10120774,-3038.000,7327.000,2128.000,-46.000,7.000,48.000,0.000,0.000,1
2026-01-31 14:20:14,10120814,-3114.000,7378.000,2147.000,-22.000,69.000,25.000,0.000,0.000,1
2026-01-31 14:20:14,10120854,-2957.000,7190.000,1970.000,278.000,-61.000,71.000,0.000,0.000,1
2026-01-31 14:20:14,10120894,-3079.000,7447.000,2072.000,121.000,88.000,-22.000,0.000,0.000,1
2026-01-31 14:20:14,10120934,-3157.000,7221.000,2005.000,-38.000,48.000,-23.000,0.000,0.000,1
2026-01-31 14:20:14,10120974,-3000.000,7411.000,2031.000,100.000,-29.000,56.000,0.000,0.000,1
2026-01-31 14:20:14,10121014,-3029.000,7372.000,2039.000,18.000,17.000,25.000,0.000,0.000,1
2026-01-31 14:20:15,10121054,-3089.000,7409.000,1984.000,22.000,-2.000,11.000,0.000,0.000,1
2026-01-31 14:20:15,10121094,-3064.000,7365.000,2014.000,-1.000,-1.000,-2.000,0.000,0.000,1
2026-01-31 14:20:15,10121134,-3019.000,7324.000,2056.000,-6.000,16.000,-3.000,0.000,0.000,1
2026-01-31 14:20:15,10121174,-3076.000,7391.000,2008.000,5.000,24.000,7.000,0.000,0.000,1
2026-01-31 14:20:15,10121214,-3124.000,7337.000,2003.000,-40.000,23.000,9.000,0.000,0.000,1
2026-01-31 14:20:15,10121254,-3047.000,7338.000,2055.000,-31.000,8.000,-11.000,0.000,0.000,1
2026-01-31 14:20:15,10121294,-3080.000,7374.000,2001.000,-25.000,39.000,1.000,0.000,0.000,1
2026-01-31 14:20:15,10121334,-3056.000,7372.000,2000.000,-26.000,10.000,13.000,0.000,0.000,1
2026-01-31 14:20:15,10121374,-3071.000,7392.000,2061.000,-59.000,46.000,-26.000,0.000,0.000,1
2026-01-31 14:20:15,10121414,-3086.000,7299.000,2020.000,-133.000,63.000,-32.000,0.000,0.000,1
2026-01-31 14:20:15,10121454,-3034.000,7324.000,2046.000,-5.000,3.000,15.000,0.000,0.000,1
2026-01-31 14:20:15,10121494,-3094.000,7364.000,2030.000,-25.000,13.000,14.000,0.000,0.000,1
2026-01-31 14:20:15,10121534,-3102.000,7412.000,2021.000,-35.000,7.000,-21.000,0.000,0.000,1
2026-01-31 14:20:15,10121574,-3073.000,7366.000,2037.000,-102.000,25.000,-52.000,0.000,0.000,1
2026-01-31 14:20:15,10121614,-3052.000,7170.000,2156.000,-14.000,15.000,-55.000,0.000,0.000,1
2026-01-31 14:20:15,10121654,-3071.000,7449.000,1895.000,196.000,-109.000,207.000,0.000,0.000,1
2026-01-31 14:20:15,10121694,-3012.000,7457.000,2204.000,-79.000,22.000,-25.000,0.000,0.000,1
2026-01-31 14:20:15,10121734,-3147.000,7367.000,1937.000,-68.000,99.000,8.000,0.000,0.000,1
2026-01-31 14:20:15,10121774,-3058.000,7356.000,2021.000,-99.000,7.000,7.000,0.000,0.000,1
2026-01-31 14:20:15,10121814,-3083.000,7316.000,2081.000,-212.000,75.000,-58.000,0.000,0.000,1
2026-01-31 14:20:15,10121854,-3061.000,7265.000,2035.000,128.000,-32.000,-2.000,0.000,0.000,1
2026-01-31 14:20:15,10121894,-3031.000,7310.000,1994.000,174.000,-106.000,90.000,0.000,0.000,1
2026-01-31 14:20:15,10121934,-3085.000,7504.000,2077.000,73.000,48.000,-29.000,0.000,0.000,1
2026-01-31 14:20:15,10121974,-3046.000,7329.000,1978.000,55.000,26.000,-48.000,0.000,0.000,1
2026-01-31 14:20:15,10122014,-3082.000,7325.000,2030.000,94.000,6.000,38.000,0.000,0.000,1
2026-01-31 14:20:16,10122054,-3113.000,7426.000,1986.000,-33.000,60.000,46.000,0.000,0.000,1
2026-01-31 14:20:16,10122094,-3026.000,7280.000,2125.000,-3.000,-2.000,-53.000,0.000,0.000,1
2026-01-31 14:20:16,10122134,-2965.000,7322.000,1929.000,41.000,-62.000,48.000,0.000,0.000,1
2026-01-31 14:20:16,10122174,-3082.000,7577.000,2112.000,-2.000,-14.000,-9.000,0.000,0.000,1
2026-01-31 14:20:16,10122214,-3053.000,7233.000,1949.000,-96.000,71.000,-21.000,0.000,0.000,1
2026-01-31 14:20:16,10122254,-2951.000,7128.000,1916.000,-107.000,-47.000,89.000,0.000,0.000,1
2026-01-31 14:20:16,10122294,-3167.000,7769.000,2123.000,-89.000,71.000,-30.000,0.000,0.000,1
2026-01-31 14:20:16,10122337,-2968.000,7100.000,2064.000,-6.000,5.000,-48.000,0.000,0.000,1
2026-01-31 14:20:16,10122376,-2960.000,7384.000,1947.000,221.000,-80.000,86.000,0.000,0.000,1
2026-01-31 14:20:16,10122414,-3104.000,7488.000,2077.000,114.000,-50.000,86.000,0.000,0.000,1
2026-01-31 14:20:16,10122454,-3100.000,7329.000,2065.000,-56.000,43.000,-42.000,0.000,0.000,1
2026-01-31 14:20:16,10122494,-3003.000,7340.000,1971.000,4.000,-28.000,28.000,0.000,0.000,1
2026-01-31 14:20:16,10122534,-3030.000,7391.000,2019.000,-60.000,20.000,-3.000,0.000,0.000,1
2026-01-31 14:20:16,10122577,-3092.000,7357.000,2052.000,-37.000,18.000,2.000,0.000,0.000,1
2026-01-31 14:20:16,10122614,-3160.000,7356.000,2060.000,-48.000,29.000,-15.000,0.000,0.000,1
2026-01-31 14:20:16,10122654,-3052.000,7353.000,2049.000,-74.000,20.000,-32.000,0.000,0.000,1
2026-01-31 14:20:16,10122694,-2996.000,7355.000,2026.000,-37.000,27.000,-14.000,0.000,0.000,1
2026-01-31 14:20:16,10122734,-3106.000,7348.000,2038.000,-21.000,8.000,6.000,0.000,0.000,1
2026-01-31 14:20:16,10122774,-3082.000,7330.000,2065.000,-52.000,14.000,-18.000,0.000,0.000,1
2026-01-31 14:20:16,10122814,-3050.000,7315.000,2054.000,-56.000,32.000,18.000,0.000,0.000,1
2026-01-31 14:20:16,10122854,-3108.000,7325.000,2109.000,-50.000,31.000,-18.000,0.000,0.000,1
2026-01-31 14:20:16,10122894,-3082.000,7228.000,2081.000,126.000,-26.000,13.000,0.000,0.000,1
2026-01-31 14:20:16,10122934,-3054.000,7511.000,1993.000,141.000,-52.000,51.000,0.000,0.000,1
2026-01-31 14:20:16,10122974,-3088.000,7340.000,2055.000,-51.000,14.000,-62.000,0.000,0.000,1
2026-01-31 14:20:16,10123014,-3039.000,7160.000,2029.000,-17.000,-1.000,14.000,0.000,0.000,1
2026-01-31 14:20:17,10123054,-3065.000,7465.000,2053.000,30.000,-15.000,2.000,0.000,0.000,1
2026-01-31 14:20:17,10123094,-3092.000,7290.000,2048.000,-24.000,12.000,-31.000,0.000,0.000,1
2026-01-31 14:20:17,10123134,-3032.000,7403.000,2038.000,10.000,-11.000,12.000,0.000,0.000,1
2026-01-31 14:20:17,10123174,-3012.000,7245.000,2065.000,-42.000,11.000,8.000,0.000,0.000,1
2026-01-31 14:20:17,10123214,-3123.000,7580.000,2022.000,80.000,16.000,40.000,0.000,0.000,1
2026-01-31 14:20:17,10123254,-3076.000,7290.000,2074.000,-41.000,-11.000,-57.000,0.000,0.000,1
2026-01-31 14:20:17,10123294,-3049.000,7420.000,2017.000,9.000,-3.000,-21.000,0.000,0.000,1
2026-01-31 14:20:17,10123334,-3070.000,7261.000,2043.000,-52.000,2.000,-43.000,0.000,0.000,1
2026-01-31 14:20:17,10123374,-3021.000,7177.000,2032.000,10.000,15.000,83.000,0.000,0.000,1
2026-01-31 14:20:17,10123414,-3049.000,7583.000,2048.000,37.000,13.000,43.000,0.000,0.000,1
2026-01-31 14:20:17,10123454,-3120.000,7282.000,2046.000,-35.000,83.000,-66.000,0.000,0.000,1
2026-01-31 14:20:17,10123494,-3085.000,7431.000,2037.000,-15.000,-11.000,-51.000,0.000,0.000,1
2026-01-31 14:20:17,10123534,-3028.000,7258.000,2043.000,-51.000,18.000,-63.000,0.000,0.000,1
2026-01-31 14:20:17,10123574,-3088.000,7317.000,1976.000,18.000,0.000,95.000,0.000,0.000,1
2026-01-31 14:20:17,10123614,-3085.000,7460.000,2100.000,29.000,-4.000,-27.000,0.000,0.000,1
2026-01-31 14:20:17,10123654,-3106.000,7307.000,2015.000,-55.000,35.000,-47.000,0.000,0.000,1
2026-01-31 14:20:17,10123694,-3058.000,7379.000,2073.000,-70.000,20.000,-69.000,0.000,0.000,1
2026-01-31 14:20:17,10123734,-3057.000,7288.000,2056.000,-53.000,7.000,-18.000,0.000,0.000,1
2026-01-31 14:20:17,10123774,-3145.000,7397.000,2038.000,-7.000,22.000,17.000,0.000,0.000,1
2026-01-31 14:20:17,10123814,-3139.000,7270.000,2048.000,-54.000,7.000,-32.000,0.000,0.000,1
2026-01-31 14:20:17,10123854,-3066.000,7354.000,2054.000,-6.000,0.000,10.000,0.000,0.000,1
2026-01-31 14:20:17,10123894,-3084.000,7262.000,2060.000,-23.000,11.000,19.000,0.000,0.000,1
2026-01-31 14:20:17,10123934,-3058.000,7300.000,2077.000,-12.000,14.000,71.000,0.000,0.000,1
2026-01-31 14:20:17,10123974,-3115.000,7401.000,2005.000,-13.000,18.000,98.000,0.000,0.000,1
2026-01-31 14:20:17,10124014,-3107.000,7351.000,2062.000,-36.000,-15.000,63.000,0.000,0.000,1
2026-01-31 14:20:18,10124054,-3116.000,7411.000,2247.000,16.000,3.000,-33.000,0.000,0.000,1
2026-01-31 14:20:18,10124094,-2931.000,7097.000,1918.000,455.000,-266.000,73.000,0.000,0.000,1
2026-01-31 14:20:18,10124134,-3121.000,7709.000,1983.000,71.000,-50.000,26.000,0.000,0.000,1
2026-01-31 14:20:18,10124174,-3125.000,7255.000,2036.000,-133.000,-7.000,-110.000,0.000,0.000,1
2026-01-31 14:20:18,10124214,-2999.000,7380.000,1977.000,-40.000,-27.000,-1.000,0.000,0.000,1
2026-01-31 14:20:18,10124254,-2996.000,7262.000,2064.000,-77.000,-38.000,3.000,0.000,0.000,1
2026-01-31 14:20:18,10124294,-3107.000,7288.000,2065.000,-13.000,34.000,35.000,0.000,0.000,1
2026-01-31 14:20:18,10124339,-3019.000,7365.000,2019.000,-65.000,15.000,-25.000,0.000,0.000,1
2026-01-31 14:20:18,10124374,-2994.000,7294.000,2118.000,-53.000,24.000,-18.000,0.000,0.000,1
2026-01-31 14:20:18,10124414,-3115.000,7439.000,2052.000,49.000,37.000,28.000,0.000,0.000,1
2026-01-31 14:20:18,10124454,-3023.000,7301.000,2070.000,-72.000,44.000,-89.000,0.000,0.000,1
2026-01-31 14:20:18,10124494,-3097.000,7328.000,1969.000,6.000,22.000,15.000,0.000,0.000,1
2026-01-31 14:20:18,10124534,-3045.000,7251.000,2131.000,-15.000,16.000,1.000,0.000,0.000,1
2026-01-31 14:20:18,10124577,-3097.000,7382.000,2003.000,34.000,32.000,88.000,0.000,0.000,1
2026-01-31 14:20:18,10124616,-3062.000,7420.000,2049.000,31.000,10.000,80.000,0.000,0.000,1
2026-01-31 14:20:18,10124654,-3068.000,7387.000,2061.000,9.000,35.000,49.000,0.000,0.000,1
2026-01-31 14:20:18,10124694,-3103.000,7333.000,2023.000,-4.000,54.000,7.000,0.000,0.000,1
2026-01-31 14:20:18,10124734,-3053.000,7263.000,2023.000,-15.000,28.000,61.000,0.000,0.000,1
2026-01-31 14:20:18,10124774,-3061.000,7261.000,2043.000,38.000,35.000,141.000,0.000,0.000,1
2026-01-31 14:20:18,10124814,-3025.000,7261.000,2049.000,57.000,37.000,267.000,0.000,0.000,1
2026-01-31 14:20:18,10124854,-3041.000,7324.000,1987.000,131.000,42.000,342.000,0.000,0.000,1
2026-01-31 14:20:18,10124894,-3019.000,7125.000,2059.000,146.000,52.000,360.000,0.000,0.000,1
2026-01-31 14:20:18,10124934,-2974.000,7365.000,1993.000,200.000,19.000,478.000,0.000,0.000,1
2026-01-31 14:20:18,10124974,-2965.000,7281.000,1914.000,276.000,25.000,629.000,0.000,0.000,1
2026-01-31 14:20:18,10125014,-2985.000,7402.000,1994.000,398.000,-56.000,867.000,0.000,0.000,1
2026-01-31 14:20:19,10125054,-2631.000,7556.000,1922.000,399.000,-99.000,1057.000,0.000,0.000,1
2026-01-31 14:20:19,10125094,-2445.000,7498.000,1958.000,491.000,-29.000,1217.000,0.000,0.000,1
2026-01-31 14:20:19,10125134,-2237.000,7742.000,1630.000,163.000,-71.000,1364.000,0.000,0.000,1
2026-01-31 14:20:19,10125174,-2231.000,7742.000,1749.000,462.000,-148.000,1195.000,0.000,0.000,1
2026-01-31 14:20:19,10125214,-2284.000,7855.000,1862.000,254.000,-103.000,1197.000,0.000,0.000,1
2026-01-31 14:20:19,10125254,-2108.000,7866.000,1821.000,-78.000,-107.000,762.000,0.000,0.000,1
2026-01-31 14:20:19,10125294,-2014.000,7874.000,1901.000,-75.000,-155.000,254.000,0.000,0.000,1
2026-01-31 14:20:19,10125334,-2101.000,7590.000,1902.000,-139.000,-82.000,86.000,0.000,0.000,1
2026-01-31 14:20:19,10125374,-1945.000,7916.000,1909.000,120.000,87.000,79.000,0.000,0.000,1
2026-01-31 14:20:19,10125414,-2190.000,7675.000,1708.000,178.000,212.000,19.000,0.000,0.000,1
2026-01-31 14:20:19,10125454,-2105.000,7798.000,1679.000,197.000,114.000,210.000,0.000,0.000,1
2026-01-31 14:20:19,10125494,-2153.000,7833.000,1693.000,33.000,238.000,65.000,0.000,0.000,1
2026-01-31 14:20:19,10125534,-2197.000,7583.000,1741.000,97.000,277.000,126.000,0.000,0.000,1
2026-01-31 14:20:19,10125574,-2199.000,7778.000,1642.000,411.000,284.000,277.000,0.000,0.000,1
2026-01-31 14:20:19,10125614,-2315.000,7872.000,1593.000,445.000,153.000,334.000,0.000,0.000,1
2026-01-31 14:20:19,10125654,-2135.000,7673.000,1569.000,484.000,-114.000,538.000,0.000,0.000,1
2026-01-31 14:20:19,10125694,-1958.000,7780.000,1496.000,648.000,-293.000,748.000,0.000,0.000,1
2026-01-31 14:20:19,10125734,-1994.000,7911.000,1374.000,360.000,-422.000,895.000,0.000,0.000,1
2026-01-31 14:20:19,10125774,-1816.000,7996.000,1369.000,-192.000,-704.000,1172.000,0.000,0.000,1
2026-01-31 14:20:19,10125814,-1478.000,8194.000,1728.000,-364.000,-728.000,916.000,0.000,0.000,1
2026-01-31 14:20:19,10125854,-1319.000,7755.000,1705.000,-144.000,-384.000,701.000,0.000,0.000,1
2026-01-31 14:20:19,10125894,-1358.000,7998.000,1494.000,136.000,-118.000,461.000,0.000,0.000,1
2026-01-31 14:20:19,10125934,-1363.000,7945.000,1626.000,-198.000,-127.000,280.000,0.000,0.000,1
2026-01-31 14:20:19,10125974,-1393.000,7833.000,1675.000,-297.000,-204.000,275.000,0.000,0.000,1
2026-01-31 14:20:19,10126014,-1360.000,7991.000,1779.000,-306.000,-199.000,307.000,0.000,0.000,1
2026-01-31 14:20:20,10126054,-1320.000,7831.000,1802.000,-307.000,-132.000,302.000,0.000,0.000,1
2026-01-31 14:20:20,10126094,-1339.000,7840.000,1774.000,-251.000,-160.000,336.000,0.000,0.000,1
2026-01-31 14:20:20,10126134,-1312.000,8042.000,1613.000,-405.000,-282.000,333.000,0.000,0.000,1
2026-01-31 14:20:20,10126174,-1126.000,7915.000,1943.000,-663.000,-284.000,137.000,0.000,0.000,1
2026-01-31 14:20:20,10126214,-1256.000,7761.000,2037.000,-265.000,3.000,-5.000,0.000,0.000,1
2026-01-31 14:20:20,10126254,-1277.000,7854.000,1768.000,241.000,54.000,-12.000,0.000,0.000,1
2026-01-31 14:20:20,10126297,-1280.000,7914.000,1847.000,-189.000,-28.000,-29.000,0.000,0.000,1
2026-01-31 14:20:20,10126337,-1210.000,7745.000,1943.000,-74.000,-35.000,-41.000,0.000,0.000,1
2026-01-31 14:20:20,10126374,-1206.000,7899.000,1920.000,95.000,18.000,-39.000,0.000,0.000,1
2026-01-31 14:20:20,10126414,-1399.000,7877.000,1822.000,88.000,55.000,-39.000,0.000,0.000,1
2026-01-31 14:20:20,10126454,-1337.000,7929.000,1877.000,-66.000,-49.000,16.000,0.000,0.000,1
2026-01-31 14:20:20,10126494,-1255.000,7814.000,1882.000,-46.000,-67.000,-11.000,0.000,0.000,1
2026-01-31 14:20:20,10126534,-1297.000,7837.000,1801.000,98.000,-17.000,-25.000,0.000,0.000,1
2026-01-31 14:20:20,10126574,-1245.000,7847.000,1824.000,86.000,-43.000,-25.000,0.000,0.000,1
2026-01-31 14:20:20,10126614,-1261.000,7898.000,1885.000,74.000,-55.000,-99.000,0.000,0.000,1
2026-01-31 14:20:20,10126654,-1252.000,7879.000,1837.000,120.000,-1.000,-123.000,0.000,0.000,1
2026-01-31 14:20:20,10126694,-1289.000,7953.000,1794.000,140.000,15.000,-134.000,0.000,0.000,1
2026-01-31 14:20:20,10126734,-1322.000,7960.000,1817.000,22.000,-4.000,-143.000,0.000,0.000,1
2026-01-31 14:20:20,10126774,-1347.000,7865.000,1810.000,5.000,14.000,-134.000,0.000,0.000,1
2026-01-31 14:20:20,10126814,-1327.000,7917.000,1802.000,47.000,20.000,-117.000,0.000,0.000,1
2026-01-31 14:20:20,10126854,-1351.000,7914.000,1785.000,28.000,61.000,-189.000,0.000,0.000,1
2026-01-31 14:20:20,10126894,-1407.000,7930.000,1777.000,16.000,73.000,-189.000,0.000,0.000,1
2026-01-31 14:20:20,10126934,-1313.000,7943.000,1786.000,-72.000,44.000,-161.000,0.000,0.000,1
2026-01-31 14:20:20,10126974,-1409.000,7891.000,1807.000,-115.000,166.000,-246.000,0.000,0.000,1
2026-01-31 14:20:20,10127014,-1524.000,7827.000,1757.000,-100.000,92.000,-207.000,0.000,0.000,1
2026-01-31 14:20:21,10127054,-1463.000,7900.000,1785.000,-119.000,9.000,-133.000,0.000,0.000,1
2026-01-31 14:20:21,10127094,-1531.000,7996.000,1814.000,-355.000,18.000,-180.000,0.000,0.000,1
2026-01-31 14:20:21,10127134,-1549.000,7744.000,1930.000,-403.000,-15.000,-195.000,0.000,0.000,1
2026-01-31 14:20:21,10127174,-1519.000,7811.000,1934.000,-199.000,-12.000,-161.000,0.000,0.000,1
2026-01-31 14:20:21,10127214,-1537.000,7767.000,1937.000,-117.000,58.000,-110.000,0.000,0.000,1
2026-01-31 14:20:21,10127254,-1584.000,7910.000,1920.000,-23.000,57.000,-119.000,0.000,0.000,1
2026-01-31 14:20:21,10127294,-1506.000,7835.000,1886.000,-132.000,12.000,-142.000,0.000,0.000,1
2026-01-31 14:20:21,10127334,-1625.000,7771.000,1925.000,-270.000,-2.000,-125.000,0.000,0.000,1
2026-01-31 14:20:21,10127374,-1614.000,7741.000,2013.000,-255.000,-9.000,-41.000,0.000,0.000,1
2026-01-31 14:20:21,10127414,-1538.000,7821.000,1995.000,-100.000,-30.000,-25.000,0.000,0.000,1
2026-01-31 14:20:21,10127454,-1571.000,7790.000,1991.000,-93.000,10.000,-65.000,0.000,0.000,1
2026-01-31 14:20:21,10127494,-1643.000,7830.000,1980.000,-162.000,29.000,-46.000,0.000,0.000,1
2026-01-31 14:20:21,10127534,-1553.000,7790.000,2011.000,-164.000,-1.000,-24.000,0.000,0.000,1
2026-01-31 14:20:21,10127574,-1581.000,7725.000,2049.000,-55.000,25.000,-28.000,0.000,0.000,1
2026-01-31 14:20:21,10127614,-1604.000,7873.000,2024.000,-30.000,30.000,-50.000,0.000,0.000,1
2026-01-31 14:20:21,10127654,-1667.000,7792.000,2067.000,-13.000,-7.000,-49.000,0.000,0.000,1
2026-01-31 14:20:21,10127694,-1599.000,7846.000,2004.000,61.000,-40.000,-21.000,0.000,0.000,1
2026-01-31 14:20:21,10127734,-1574.000,7754.000,2041.000,19.000,-17.000,-51.000,0.000,0.000,1
2026-01-31 14:20:21,10127774,-1632.000,7831.000,2003.000,-6.000,21.000,-36.000,0.000,0.000,1
2026-01-31 14:20:21,10127814,-1632.000,7796.000,2008.000,20.000,-4.000,-40.000,0.000,0.000,1
2026-01-31 14:20:21,10127854,-1601.000,7766.000,1973.000,26.000,10.000,-25.000,0.000,0.000,1
2026-01-31 14:20:21,10127894,-1591.000,7786.000,2094.000,77.000,38.000,-39.000,0.000,0.000,1
2026-01-31 14:20:21,10127934,-1677.000,7846.000,1959.000,176.000,64.000,-90.000,0.000,0.000,1
2026-01-31 14:20:21,10127974,-1636.000,7727.000,1994.000,48.000,53.000,-29.000,0.000,0.000,1
2026-01-31 14:20:21,10128014,-1631.000,7813.000,2067.000,109.000,86.000,-27.000,0.000,0.000,1
2026-01-31 14:20:22,10128054,-1664.000,7815.000,1905.000,132.000,149.000,-50.000,0.000,0.000,1
2026-01-31 14:20:22,10128094,-1723.000,7849.000,1898.000,38.000,69.000,-57.000,0.000,0.000,1
2026-01-31 14:20:22,10128134,-1683.000,7772.000,1997.000,-90.000,-6.000,-15.000,0.000,0.000,1
2026-01-31 14:20:22,10128174,-1648.000,7825.000,1958.000,-45.000,52.000,-9.000,0.000,0.000,1
2026-01-31 14:20:22,10128214,-1713.000,7777.000,1934.000,-110.000,93.000,-56.000,0.000,0.000,1
2026-01-31 14:20:22,10128254,-1735.000,7756.000,1987.000,-114.000,59.000,-41.000,0.000,0.000,1
2026-01-31 14:20:22,10128297,-1710.000,7808.000,2000.000,-6.000,28.000,-5.000,0.000,0.000,1
2026-01-31 14:20:22,10128336,-1726.000,7813.000,1991.000,-93.000,12.000,13.000,0.000,0.000,1
2026-01-31 14:20:22,10128374,-1648.000,7754.000,1969.000,-124.000,-6.000,19.000,0.000,0.000,1
2026-01-31 14:20:22,10128414,-1626.000,7742.000,2056.000,0.000,57.000,-14.000,0.000,0.000,1
2026-01-31 14:20:22,10128454,-1742.000,7876.000,1999.000,235.000,149.000,-20.000,0.000,0.000,1
2026-01-31 14:20:22,10128494,-1712.000,7737.000,1941.000,207.000,95.000,-40.000,0.000,0.000,1
2026-01-31 14:20:22,10128534,-1750.000,7935.000,1950.000,333.000,127.000,-60.000,0.000,0.000,1
2026-01-31 14:20:22,10128577,-1645.000,7724.000,1774.000,306.000,121.000,-41.000,0.000,0.000,1
2026-01-31 14:20:22,10128614,-1633.000,7894.000,1797.000,306.000,83.000,-83.000,0.000,0.000,1
2026-01-31 14:20:22,10128654,-1781.000,7720.000,1843.000,0.000,104.000,-122.000,0.000,0.000,1
2026-01-31 14:20:22,10128694,-1777.000,7821.000,1894.000,-9.000,85.000,-39.000,0.000,0.000,1
2026-01-31 14:20:22,10128734,-1742.000,7891.000,1936.000,-13.000,57.000,-31.000,0.000,0.000,1
2026-01-31 14:20:22,10128774,-1769.000,7621.000,1797.000,-109.000,100.000,71.000,0.000,0.000,1
2026-01-31 14:20:22,10128814,-1708.000,7870.000,1862.000,63.000,112.000,80.000,0.000,0.000,1
2026-01-31 14:20:22,10128854,-1773.000,7792.000,1754.000,-37.000,102.000,88.000,0.000,0.000,1
2026-01-31 14:20:22,10128894,-1729.000,7764.000,1848.000,-30.000,73.000,28.000,0.000,0.000,1
2026-01-31 14:20:22,10128934,-1753.000,7898.000,1906.000,-226.000,113.000,101.000,0.000,0.000,1
2026-01-31 14:20:22,10128974,-1753.000,7571.000,1743.000,-400.000,152.000,110.000,0.000,0.000,1
2026-01-31 14:20:22,10129014,-1753.000,7819.000,1842.000,5.000,67.000,15.000,0.000,0.000,1
2026-01-31 14:20:23,10129054,-1843.000,7839.000,1860.000,42.000,-2.000,43.000,0.000,0.000,1
2026-01-31 14:20:23,10129094,-1725.000,7779.000,1866.000,0.000,-73.000,65.000,0.000,0.000,1
2026-01-31 14:20:23,10129134,-1711.000,7810.000,1904.000,-2.000,-62.000,51.000,0.000,0.000,1
2026-01-31 14:20:23,10129174,-1690.000,7818.000,1886.000,-24.000,-72.000,69.000,0.000,0.000,1
2026-01-31 14:20:23,10129214,-1653.000,7838.000,1893.000,-15.000,-44.000,84.000,0.000,0.000,1
2026-01-31 14:20:23,10129254,-1708.000,7846.000,1896.000,-13.000,-16.000,46.000,0.000,0.000,1
2026-01-31 14:20:23,10129294,-1753.000,7789.000,1903.000,-35.000,-49.000,14.000,0.000,0.000,1
2026-01-31 14:20:23,10129334,-1621.000,7861.000,1896.000,-39.000,-57.000,60.000,0.000,0.000,1
2026-01-31 14:20:23,10129374,-1658.000,7801.000,1874.000,-110.000,-12.000,27.000,0.000,0.000,1
2026-01-31 14:20:23,10129414,-1674.000,7741.000,1919.000,-152.000,-12.000,42.000,0.000,0.000,1
2026-01-31 14:20:23,10129454,-1653.000,7758.000,1960.000,-172.000,-5.000,66.000,0.000,0.000,1
2026-01-31 14:20:23,10129494,-1641.000,7763.000,2008.000,-109.000,13.000,80.000,0.000,0.000,1
2026-01-31 14:20:23,10129534,-1668.000,7820.000,1954.000,21.000,59.000,55.000,0.000,0.000,1
2026-01-31 14:20:23,10129574,-1673.000,7812.000,1953.000,21.000,48.000,49.000,0.000,0.000,1
2026-01-31 14:20:23,10129614,-1633.000,7775.000,1991.000,53.000,46.000,12.000,0.000,0.000,1
2026-01-31 14:20:23,10129654,-1628.000,7853.000,1938.000,121.000,109.000,20.000,0.000,0.000,1
2026-01-31 14:20:23,10129694,-1685.000,7854.000,1830.000,-43.000,-44.000,37.000,0.000,0.000,1
2026-01-31 14:20:23,10129734,-1640.000,7804.000,2006.000,-47.000,7.000,19.000,0.000,0.000,1
2026-01-31 14:20:23,10129774,-1637.000,7792.000,1926.000,53.000,44.000,-8.000,0.000,0.000,1
2026-01-31 14:20:23,10129814,-1663.000,7780.000,1883.000,59.000,49.000,-18.000,0.000,0.000,1
2026-01-31 14:20:23,10129854,-1635.000,7780.000,1928.000,51.000,66.000,-22.000,0.000,0.000,1
2026-01-31 14:20:23,10129894,-1690.000,7817.000,1855.000,65.000,70.000,30.000,0.000,0.000,1
2026-01-31 14:20:23,10129934,-1719.000,7801.000,1840.000,-17.000,0.000,43.000,0.000,0.000,1
2026-01-31 14:20:23,10129974,-1610.000,7880.000,1916.000,-99.000,-72.000,37.000,0.000,0.000,1
2026-01-31 14:20:23,10130014,-1640.000,7763.000,1966.000,-10.000,31.000,-17.000,0.000,0.000,1
2026-01-31 14:20:24,10130054,-1697.000,7829.000,1876.000,13.000,4.000,-6.000,0.000,0.000,1
2026-01-31 14:20:24,10130094,-1647.000,7799.000,1986.000,-49.000,-18.000,-9.000,0.000,0.000,1
2026-01-31 14:20:24,10130134,-1598.000,7757.000,1901.000,8.000,9.000,16.000,0.000,0.000,1
2026-01-31 14:20:24,10130174,-1706.000,7849.000,1872.000,-37.000,-3.000,-13.000,0.000,0.000,1
2026-01-31 14:20:24,10130214,-1682.000,7760.000,1980.000,-145.000,-3.000,-6.000,0.000,0.000,1
2026-01-31 14:20:24,10130254,-1612.000,7769.000,1964.000,-62.000,-6.000,10.000,0.000,0.000,1
2026-01-31 14:20:24,10130294,-1650.000,7808.000,1918.000,-30.000,31.000,15.000,0.000,0.000,1
2026-01-31 14:20:24,10130334,-1683.000,7861.000,1952.000,-102.000,12.000,18.000,0.000,0.000,1
2026-01-31 14:20:24,10130374,-1629.000,7722.000,1978.000,-132.000,-8.000,4.000,0.000,0.000,1
2026-01-31 14:20:24,10130414,-1668.000,7768.000,1992.000,-45.000,42.000,2.000,0.000,0.000,1
2026-01-31 14:20:24,10130454,-1634.000,7838.000,1955.000,55.000,75.000,-4.000,0.000,0.000,1
2026-01-31 14:20:24,10130494,-1667.000,7849.000,1931.000,50.000,81.000,-15.000,0.000,0.000,1
2026-01-31 14:20:24,10130534,-1643.000,7759.000,1935.000,42.000,46.000,-5.000,0.000,0.000,1
2026-01-31 14:20:24,10130575,-1653.000,7855.000,1922.000,43.000,58.000,34.000,0.000,0.000,1
2026-01-31 14:20:24,10130614,-1719.000,7819.000,1906.000,-27.000,44.000,9.000,0.000,0.000,1
2026-01-31 14:20:24,10130654,-1664.000,7857.000,1935.000,-93.000,-58.000,13.000,0.000,0.000,1
2026-01-31 14:20:24,10130694,-1645.000,7753.000,1996.000,-23.000,13.000,-38.000,0.000,0.000,1
2026-01-31 14:20:24,10130734,-1626.000,7781.000,1916.000,97.000,54.000,-30.000,0.000,0.000,1
2026-01-31 14:20:24,10130774,-1726.000,7827.000,1908.000,42.000,11.000,-41.000,0.000,0.000,1
2026-01-31 14:20:24,10130814,-1671.000,7791.000,1965.000,-46.000,-27.000,-8.000,0.000,0.000,1
2026-01-31 14:20:24,10130854,-1668.000,7796.000,1901.000,74.000,25.000,1.000,0.000,0.000,1
2026-01-31 14:20:24,10130894,-1649.000,7824.000,1899.000,31.000,-1.000,31.000,0.000,0.000,1
2026-01-31 14:20:24,10130934,-1680.000,7814.000,1934.000,-5.000,23.000,-13.000,0.000,0.000,1
2026-01-31 14:20:24,10130974,-1671.000,7816.000,1920.000,-8.000,11.000,-10.000,0.000,0.000,1
2026-01-31 14:20:24,10131014,-1705.000,7839.000,1906.000,-50.000,6.000,-2.000,0.000,0.000,1
2026-01-31 14:20:25,10131054,-1697.000,7816.000,1946.000,-61.000,-19.000,-3.000,0.000,0.000,1
2026-01-31 14:20:25,10131094,-1672.000,7718.000,1946.000,-21.000,-13.000,9.000,0.000,0.000,1
2026-01-31 14:20:25,10131134,-1673.000,7847.000,1910.000,31.000,-8.000,28.000,0.000,0.000,1
2026-01-31 14:20:25,10131174,-1689.000,7823.000,1906.000,-50.000,-44.000,-6.000,0.000,0.000,1
2026-01-31 14:20:25,10131214,-1656.000,7786.000,1948.000,-67.000,-35.000,37.000,0.000,0.000,1
2026-01-31 14:20:25,10131254,-1649.000,7790.000,1941.000,-39.000,2.000,19.000,0.000,0.000,1
2026-01-31 14:20:25,10131294,-1662.000,7785.000,1941.000,-59.000,12.000,21.000,0.000,0.000,1
2026-01-31 14:20:25,10131334,-1676.000,7819.000,1949.000,-79.000,31.000,38.000,0.000,0.000,1
2026-01-31 14:20:25,10131374,-1684.000,7797.000,1971.000,-87.000,19.000,18.000,0.000,0.000,1
2026-01-31 14:20:25,10131414,-1652.000,7785.000,1958.000,-37.000,10.000,28.000,0.000,0.000,1
2026-01-31 14:20:25,10131454,-1628.000,7812.000,1941.000,-28.000,29.000,20.000,0.000,0.000,1
2026-01-31 14:20:25,10131494,-1634.000,7794.000,1961.000,-51.000,36.000,-10.000,0.000,0.000,1
2026-01-31 14:20:25,10131534,-1711.000,7780.000,2006.000,-27.000,52.000,-16.000,0.000,0.000,1
2026-01-31 14:20:25,10131574,-1671.000,7824.000,1954.000,-5.000,19.000,-6.000,0.000,0.000,1
2026-01-31 14:20:25,10131614,-1671.000,7836.000,1940.000,-4.000,49.000,-5.000,0.000,0.000,1
2026-01-31 14:20:25,10131654,-1677.000,7792.000,1960.000,-23.000,-8.000,-5.000,0.000,0.000,1
2026-01-31 14:20:25,10131694,-1642.000,7793.000,1979.000,-22.000,-15.000,-9.000,0.000,0.000,1
2026-01-31 14:20:25,10131734,-1674.000,7790.000,1983.000,-12.000,4.000,-12.000,0.000,0.000,1
2026-01-31 14:20:25,10131774,-1660.000,7791.000,1980.000,-10.000,-4.000,-7.000,0.000,0.000,1
2026-01-31 14:20:25,10131814,-1689.000,7800.000,1964.000,-12.000,13.000,3.000,0.000,0.000,1
2026-01-31 14:20:25,10131854,-1677.000,7785.000,1977.000,-29.000,2.000,-10.000,0.000,0.000,1
2026-01-31 14:20:25,10131894,-1687.000,7750.000,1987.000,-16.000,-6.000,-9.000,0.000,0.000,1
2026-01-31 14:20:25,10131934,-1683.000,7835.000,1954.000,19.000,14.000,10.000,0.000,0.000,1
2026-01-31 14:20:25,10131974,-1655.000,7765.000,1981.000,-44.000,-16.000,1.000,0.000,0.000,1
2026-01-31 14:20:25,10132014,-1677.000,7792.000,2001.000,-3.000,25.000,-3.000,0.000,0.000,1
2026-01-31 14:20:26,10132054,-1684.000,7787.000,1962.000,20.000,26.000,6.000,0.000,0.000,1
2026-01-31 14:20:26,10132094,-1684.000,7798.000,1974.000,-11.000,6.000,-2.000,0.000,0.000,1
2026-01-31 14:20:26,10132134,-1677.000,7808.000,1983.000,-15.000,5.000,8.000,0.000,0.000,1
2026-01-31 14:20:26,10132174,-1683.000,7779.000,1979.000,-19.000,-2.000,5.000,0.000,0.000,1
2026-01-31 14:20:26,10132214,-1691.000,7788.000,1979.000,-43.000,-26.000,29.000,0.000,0.000,1
2026-01-31 14:20:26,10132254,-1646.000,7782.000,1988.000,-44.000,-31.000,26.000,0.000,0.000,1
2026-01-31 14:20:26,10132294,-1627.000,7792.000,1971.000,5.000,5.000,9.000,0.000,0.000,1
2026-01-31 14:20:26,10132334,-1700.000,7833.000,1992.000,3.000,38.000,-3.000,0.000,0.000,1
2026-01-31 14:20:26,10132374,-1706.000,7782.000,1987.000,-17.000,-1.000,17.000,0.000,0.000,1
2026-01-31 14:20:26,10132414,-1610.000,7787.000,1967.000,7.000,18.000,24.000,0.000,0.000,1
2026-01-31 14:20:26,10132454,-1683.000,7793.000,1968.000,-2.000,18.000,-17.000,0.000,0.000,1
2026-01-31 14:20:26,10132494,-1683.000,7788.000,2001.000,3.000,4.000,1.000,0.000,0.000,1
2026-01-31 14:20:26,10132534,-1645.000,7815.000,1984.000,-4.000,9.000,2.000,0.000,0.000,1
2026-01-31 14:20:26,10132577,-1684.000,7782.000,1995.000,-11.000,9.000,-6.000,0.000,0.000,1
2026-01-31 14:20:26,10132614,-1673.000,7788.000,1992.000,9.000,15.000,-8.000,0.000,0.000,1
2026-01-31 14:20:26,10132654,-1697.000,7788.000,1970.000,0.000,22.000,-4.000,0.000,0.000,1
2026-01-31 14:20:26,10132694,-1684.000,7777.000,1989.000,-35.000,3.000,-2.000,0.000,0.000,1
2026-01-31 14:20:26,10132734,-1675.000,7801.000,1993.000,17.000,7.000,2.000,0.000,0.000,1
2026-01-31 14:20:26,10132774,-1682.000,7815.000,1952.000,-1.000,28.000,0.000,0.000,0.000,1
2026-01-31 14:20:26,10132814,-1673.000,7767.000,1999.000,-69.000,3.000,4.000,0.000,0.000,1
2026-01-31 14:20:26,10132854,-1675.000,7787.000,2006.000,-14.000,16.000,5.000,0.000,0.000,1
2026-01-31 14:20:26,10132894,-1690.000,7796.000,1974.000,-8.000,26.000,8.000,0.000,0.000,1
2026-01-31 14:20:26,10132934,-1683.000,7772.000,1988.000,-44.000,3.000,-6.000,0.000,0.000,1
2026-01-31 14:20:26,10132974,-1669.000,7801.000,1997.000,-6.000,9.000,11.000,0.000,0.000,1
2026-01-31 14:20:26,10133014,-1693.000,7792.000,1988.000,-11.000,8.000,6.000,0.000,0.000,1
2026-01-31 14:20:27,10133054,-1675.000,7787.000,2009.000,-16.000,0.000,12.000,0.000,0.000,1
2026-01-31 14:20:27,10133094,-1647.000,7784.000,1974.000,14.000,6.000,9.000,0.000,0.000,1
2026-01-31 14:20:27,10133134,-1666.000,7778.000,1983.000,-16.000,38.000,-11.000,0.000,0.000,1
2026-01-31 14:20:27,10133174,-1736.000,7806.000,2028.000,-13.000,24.000,-6.000,0.000,0.000,1
2026-01-31 14:20:27,10133214,-1680.000,7791.000,1996.000,1.000,1.000,8.000,0.000,0.000,1
2026-01-31 14:20:27,10133254,-1639.000,7807.000,1961.000,-1.000,26.000,3.000,0.000,0.000,1
2026-01-31 14:20:27,10133294,-1695.000,7793.000,1981.000,-42.000,15.000,-32.000,0.000,0.000,1
2026-01-31 14:20:27,10133334,-1677.000,7767.000,2006.000,-27.000,0.000,-5.000,0.000,0.000,1
2026-01-31 14:20:27,10133374,-1654.000,7797.000,1987.000,5.000,12.000,-3.000,0.000,0.000,1
2026-01-31 14:20:27,10133414,-1677.000,7794.000,2003.000,-22.000,23.000,-19.000,0.000,0.000,1
2026-01-31 14:20:27,10133454,-1714.000,7799.000,2008.000,-25.000,22.000,-16.000,0.000,0.000,1
2026-01-31 14:20:27,10133494,-1705.000,7768.000,1996.000,-38.000,-1.000,-19.000,0.000,0.000,1
2026-01-31 14:20:27,10133534,-1696.000,7779.000,2000.000,0.000,8.000,-27.000,0.000,0.000,1
2026-01-31 14:20:27,10133574,-1701.000,7781.000,1997.000,-13.000,15.000,-14.000,0.000,0.000,1
2026-01-31 14:20:27,10133614,-1693.000,7769.000,1996.000,-13.000,14.000,1.000,0.000,0.000,1
2026-01-31 14:20:27,10133654,-1684.000,7774.000,1984.000,-23.000,21.000,-9.000,0.000,0.000,1
2026-01-31 14:20:27,10133694,-1695.000,7789.000,1999.000,-35.000,33.000,-13.000,0.000,0.000,1
2026-01-31 14:20:27,10133734,-1720.000,7799.000,2014.000,-38.000,19.000,-20.000,0.000,0.000,1
2026-01-31 14:20:27,10133774,-1725.000,7765.000,2015.000,-24.000,0.000,-17.000,0.000,0.000,1
2026-01-31 14:20:27,10133814,-1693.000,7786.000,2004.000,-32.000,-4.000,-8.000,0.000,0.000,1
2026-01-31 14:20:27,10133854,-1711.000,7787.000,1994.000,-30.000,20.000,-14.000,0.000,0.000,1
2026-01-31 14:20:27,10133894,-1715.000,7768.000,2032.000,-55.000,10.000,-22.000,0.000,0.000,1
2026-01-31 14:20:27,10133934,-1709.000,7794.000,2007.000,-19.000,11.000,-1.000,0.000,0.000,1
2026-01-31 14:20:27,10133974,-1673.000,7754.000,2006.000,-36.000,21.000,-6.000,0.000,0.000,1
2026-01-31 14:20:27,10134014,-1715.000,7776.000,2017.000,-42.000,39.000,-20.000,0.000,0.000,1
2026-01-31 14:20:28,10134054,-1785.000,7785.000,2050.000,-57.000,28.000,-22.000,0.000,0.000,1
2026-01-31 14:20:28,10134094,-1701.000,7756.000,2024.000,-49.000,2.000,-1.000,0.000,0.000,1
2026-01-31 14:20:28,10134134,-1703.000,7764.000,2000.000,-41.000,22.000,-17.000,0.000,0.000,1
2026-01-31 14:20:28,10134174,-1738.000,7766.000,2038.000,-53.000,12.000,-6.000,0.000,0.000,1
2026-01-31 14:20:28,10134214,-1743.000,7773.000,2044.000,-41.000,12.000,-4.000,0.000,0.000,1
2026-01-31 14:20:28,10134254,-1700.000,7762.000,2041.000,-38.000,17.000,-13.000,0.000,0.000,1
2026-01-31 14:20:28,10134294,-1751.000,7760.000,2052.000,-8.000,14.000,-10.000,0.000,0.000,1
2026-01-31 14:20:28,10134337,-1743.000,7753.000,2043.000,-10.000,-8.000,16.000,0.000,0.000,1
2026-01-31 14:20:28,10134377,-1715.000,7780.000,2049.000,-4.000,-6.000,26.000,0.000,0.000,1
2026-01-31 14:20:28,10134414,-1728.000,7771.000,2050.000,2.000,-9.000,20.000,0.000,0.000,1
2026-01-31 14:20:28,10134454,-1726.000,7774.000,2040.000,9.000,-4.000,20.000,0.000,0.000,1
2026-01-31 14:20:28,10134494,-1722.000,7771.000,2040.000,19.000,3.000,21.000,0.000,0.000,1
2026-01-31 14:20:28,10134534,-1728.000,7763.000,2016.000,53.000,-9.000,28.000,0.000,0.000,1
2026-01-31 14:20:28,10134579,-1721.000,7761.000,2026.000,-8.000,-21.000,41.000,0.000,0.000,1
2026-01-31 14:20:28,10134614,-1752.000,7768.000,2045.000,-12.000,-21.000,36.000,0.000,0.000,1
2026-01-31 14:20:28,10134654,-1711.000,7799.000,2028.000,-4.000,-40.000,59.000,0.000,0.000,1
2026-01-31 14:20:28,10134694,-1693.000,7778.000,2057.000,3.000,-41.000,55.000,0.000,0.000,1
2026-01-31 14:20:28,10134734,-1701.000,7724.000,2032.000,-1.000,-38.000,57.000,0.000,0.000,1
2026-01-31 14:20:28,10134774,-1655.000,7821.000,2017.000,20.000,-38.000,73.000,0.000,0.000,1
2026-01-31 14:20:28,10134814,-1657.000,7765.000,2048.000,-9.000,-8.000,59.000,0.000,0.000,1
2026-01-31 14:20:28,10134854,-1726.000,7789.000,2057.000,-19.000,11.000,42.000,0.000,0.000,1
2026-01-31 14:20:28,10134894,-1692.000,7761.000,2038.000,-5.000,-22.000,58.000,0.000,0.000,1
2026-01-31 14:20:28,10134934,-1639.000,7800.000,1993.000,13.000,-7.000,70.000,0.000,0.000,1
2026-01-31 14:20:28,10134974,-1636.000,7774.000,2015.000,-19.000,-8.000,57.000,0.000,0.000,1
2026-01-31 14:20:28,10135014,-1655.000,7774.000,2040.000,-25.000,-13.000,32.000,0.000,0.000,1
2026-01-31 14:20:29,10135054,-1632.000,7806.000,2047.000,-23.000,-1.000,42.000,0.000,0.000,1
2026-01-31 14:20:29,10135094,-1641.000,7788.000,2036.000,-23.000,-1.000,26.000,0.000,0.000,1
2026-01-31 14:20:29,10135134,-1656.000,7815.000,2038.000,-31.000,5.000,42.000,0.000,0.000,1
2026-01-31 14:20:29,10135174,-1640.000,7777.000,2022.000,-47.000,-20.000,25.000,0.000,0.000,1
2026-01-31 14:20:29,10135214,-1615.000,7731.000,2057.000,-63.000,-7.000,24.000,0.000,0.000,1
2026-01-31 14:20:29,10135254,-1633.000,7795.000,2035.000,-9.000,4.000,13.000,0.000,0.000,1
2026-01-31 14:20:29,10135294,-1635.000,7795.000,2033.000,-39.000,3.000,19.000,0.000,0.000,1
2026-01-31 14:20:29,10135334,-1630.000,7759.000,2068.000,-57.000,2.000,18.000,0.000,0.000,1
2026-01-31 14:20:29,10135374,-1635.000,7755.000,2060.000,-33.000,15.000,9.000,0.000,0.000,1
2026-01-31 14:20:29,10135414,-1658.000,7783.000,2076.000,-29.000,39.000,-4.000,0.000,0.000,1
2026-01-31 14:20:29,10135454,-1643.000,7715.000,2080.000,-14.000,-1.000,-16.000,0.000,0.000,1
2026-01-31 14:20:29,10135494,-1644.000,7784.000,2041.000,42.000,18.000,-5.000,0.000,0.000,1
2026-01-31 14:20:29,10135534,-1613.000,7781.000,2072.000,-6.000,10.000,1.000,0.000,0.000,1
2026-01-31 14:20:29,10135574,-1676.000,7775.000,2106.000,-3.000,32.000,-15.000,0.000,0.000,1
2026-01-31 14:20:29,10135614,-1679.000,7776.000,2057.000,25.000,15.000,-3.000,0.000,0.000,1
2026-01-31 14:20:29,10135654,-1598.000,7758.000,2017.000,25.000,16.000,6.000,0.000,0.000,1
2026-01-31 14:20:29,10135694,-1621.000,7799.000,2026.000,9.000,33.000,-11.000,0.000,0.000,1
2026-01-31 14:20:29,10135734,-1689.000,7782.000,2054.000,0.000,26.000,-20.000,0.000,0.000,1
2026-01-31 14:20:29,10135774,-1672.000,7760.000,2066.000,11.000,24.000,-24.000,0.000,0.000,1
2026-01-31 14:20:29,10135814,-1642.000,7809.000,2029.000,22.000,22.000,-15.000,0.000,0.000,1
2026-01-31 14:20:29,10135854,-1671.000,7786.000,2047.000,-20.000,20.000,-20.000,0.000,0.000,1
2026-01-31 14:20:29,10135894,-1667.000,7751.000,2059.000,-7.000,4.000,-17.000,0.000,0.000,1
2026-01-31 14:20:29,10135934,-1665.000,7793.000,2044.000,12.000,21.000,-13.000,0.000,0.000,1
2026-01-31 14:20:29,10135974,-1646.000,7766.000,2048.000,13.000,18.000,-19.000,0.000,0.000,1
2026-01-31 14:20:29,10136014,-1662.000,7791.000,2034.000,20.000,32.000,-22.000,0.000,0.000,1
2026-01-31 14:20:30,10136054,-1670.000,7769.000,2046.000,-11.000,28.000,-19.000,0.000,0.000,1
2026-01-31 14:20:30,10136094,-1663.000,7777.000,2040.000,-9.000,30.000,-19.000,0.000,0.000,1
2026-01-31 14:20:30,10136134,-1702.000,7790.000,2031.000,-3.000,27.000,-17.000,0.000,0.000,1
2026-01-31 14:20:30,10136174,-1687.000,7769.000,2044.000,-28.000,11.000,-14.000,0.000,0.000,1
2026-01-31 14:20:30,10136214,-1659.000,7794.000,2043.000,5.000,14.000,-13.000,0.000,0.000,1
2026-01-31 14:20:30,10136254,-1661.000,7772.000,2027.000,20.000,46.000,-20.000,0.000,0.000,1
2026-01-31 14:20:30,10136294,-1736.000,7782.000,2017.000,8.000,42.000,-30.000,0.000,0.000,1
2026-01-31 14:20:30,10136337,-1683.000,7774.000,2030.000,-9.000,10.000,-3.000,0.000,0.000,1
2026-01-31 14:20:30,10136376,-1660.000,7805.000,2000.000,-12.000,15.000,6.000,0.000,0.000,1
2026-01-31 14:20:30,10136414,-1662.000,7797.000,2018.000,-36.000,18.000,1.000,0.000,0.000,1
2026-01-31 14:20:30,10136454,-1704.000,7773.000,2045.000,-44.000,26.000,-8.000,0.000,0.000,1
2026-01-31 14:20:30,10136494,-1677.000,7769.000,2053.000,-26.000,25.000,-16.000,0.000,0.000,1
2026-01-31 14:20:30,10136534,-1693.000,7769.000,2031.000,-25.000,37.000,-24.000,0.000,0.000,1
2026-01-31 14:20:30,10136577,-1715.000,7776.000,2050.000,-28.000,3.000,9.000,0.000,0.000,1
2026-01-31 14:20:30,10136614,-1698.000,7761.000,2056.000,-21.000,2.000,6.000,0.000,0.000,1
2026-01-31 14:20:30,10136654,-1705.000,7771.000,2041.000,-17.000,9.000,-5.000,0.000,0.000,1
2026-01-31 14:20:30,10136694,-1695.000,7761.000,2059.000,-3.000,14.000,-8.000,0.000,0.000,1
2026-01-31 14:20:30,10136734,-1696.000,7778.000,2038.000,1.000,18.000,-14.000,0.000,0.000,1
2026-01-31 14:20:30,10136774,-1690.000,7768.000,2044.000,-15.000,24.000,-5.000,0.000,0.000,1
2026-01-31 14:20:30,10136814,-1727.000,7780.000,2050.000,-28.000,24.000,-3.000,0.000,0.000,1
2026-01-31 14:20:30,10136854,-1707.000,7760.000,2050.000,-8.000,14.000,6.000,0.000,0.000,1
2026-01-31 14:20:30,10136894,-1720.000,7778.000,2056.000,-9.000,11.000,-6.000,0.000,0.000,1
2026-01-31 14:20:30,10136934,-1708.000,7764.000,2032.000,6.000,-10.000,7.000,0.000,0.000,1
2026-01-31 14:20:30,10136974,-1665.000,7780.000,2033.000,-4.000,12.000,-3.000,0.000,0.000,1
2026-01-31 14:20:30,10137014,-1743.000,7789.000,2035.000,-1.000,34.000,-30.000,0.000,0.000,1
2026-01-31 14:20:31,10137054,-1728.000,7784.000,2056.000,-39.000,10.000,-6.000,0.000,0.000,1
2026-01-31 14:20:31,10137094,-1680.000,7769.000,2027.000,-30.000,10.000,-16.000,0.000,0.000,1
2026-01-31 14:20:31,10137134,-1720.000,7785.000,2021.000,-48.000,18.000,-22.000,0.000,0.000,1
2026-01-31 14:20:31,10137174,-1736.000,7770.000,2059.000,-61.000,-1.000,-13.000,0.000,0.000,1
2026-01-31 14:20:31,10137214,-1696.000,7747.000,2052.000,-41.000,7.000,-9.000,0.000,0.000,1
2026-01-31 14:20:31,10137254,-1696.000,7770.000,2082.000,-42.000,27.000,-16.000,0.000,0.000,1
2026-01-31 14:20:31,10137294,-1746.000,7756.000,2062.000,-36.000,27.000,-20.000,0.000,0.000,1
2026-01-31 14:20:31,10137334,-1724.000,7749.000,2079.000,-32.000,1.000,-8.000,0.000,0.000,1
2026-01-31 14:20:31,10137374,-1715.000,7739.000,2064.000,-23.000,9.000,2.000,0.000,0.000,1
2026-01-31 14:20:31,10137414,-1732.000,7763.000,2052.000,-24.000,15.000,-9.000,0.000,0.000,1
2026-01-31 14:20:31,10137454,-1712.000,7761.000,2084.000,-36.000,9.000,-2.000,0.000,0.000,1
2026-01-31 14:20:31,10137494,-1732.000,7743.000,2067.000,-20.000,9.000,0.000,0.000,0.000,1
2026-01-31 14:20:31,10137534,-1726.000,7772.000,2066.000,-17.000,20.000,7.000,0.000,0.000,1
2026-01-31 14:20:31,10137574,-1742.000,7763.000,2076.000,-35.000,9.000,8.000,0.000,0.000,1
2026-01-31 14:20:31,10137614,-1734.000,7764.000,2079.000,-18.000,13.000,-3.000,0.000,0.000,1
2026-01-31 14:20:31,10137654,-1747.000,7738.000,2081.000,-20.000,-5.000,5.000,0.000,0.000,1
2026-01-31 14:20:31,10137694,-1719.000,7773.000,2066.000,-7.000,-16.000,18.000,0.000,0.000,1
2026-01-31 14:20:31,10137734,-1701.000,7755.000,2068.000,-8.000,26.000,-4.000,0.000,0.000,1
2026-01-31 14:20:31,10137774,-1766.000,7786.000,2102.000,-26.000,23.000,-12.000,0.000,0.000,1
2026-01-31 14:20:31,10137814,-1719.000,7750.000,2081.000,-20.000,-3.000,4.000,0.000,0.000,1
2026-01-31 14:20:31,10137854,-1690.000,7781.000,2054.000,-19.000,20.000,7.000,0.000,0.000,1
2026-01-31 14:20:31,10137894,-1745.000,7751.000,2072.000,-36.000,5.000,-11.000,0.000,0.000,1
2026-01-31 14:20:31,10137934,-1721.000,7753.000,2100.000,-31.000,7.000,0.000,0.000,0.000,1
2026-01-31 14:20:31,10137974,-1702.000,7755.000,2085.000,-8.000,20.000,-11.000,0.000,0.000,1
2026-01-31 14:20:31,10138014,-1730.000,7770.000,2095.000,-24.000,20.000,0.000,0.000,0.000,1
2026-01-31 14:20:32,10138054,-1759.000,7765.000,2099.000,-6.000,8.000,12.000,0.000,0.000,1
2026-01-31 14:20:32,10138094,-1727.000,7752.000,2090.000,-15.000,-12.000,35.000,0.000,0.000,1
2026-01-31 14:20:32,10138134,-1735.000,7742.000,2095.000,-2.000,-10.000,28.000,0.000,0.000,1
2026-01-31 14:20:32,10138174,-1733.000,7751.000,2083.000,-7.000,-15.000,31.000,0.000,0.000,1
2026-01-31 14:20:32,10138214,-1719.000,7760.000,2094.000,-4.000,-25.000,53.000,0.000,0.000,1
2026-01-31 14:20:32,10138254,-1711.000,7740.000,2093.000,5.000,-25.000,52.000,0.000,0.000,1
2026-01-31 14:20:32,10138294,-1703.000,7764.000,2092.000,-3.000,-24.000,66.000,0.000,0.000,1
2026-01-31 14:20:32,10138337,-1707.000,7763.000,2090.000,-7.000,-34.000,59.000,0.000,0.000,1
2026-01-31 14:20:32,10138376,-1680.000,7766.000,2095.000,0.000,-34.000,61.000,0.000,0.000,1
2026-01-31 14:20:32,10138419,-1690.000,7719.000,2081.000,22.000,-34.000,38.000,0.000,0.000,1
2026-01-31 14:20:32,10138454,-1681.000,7770.000,2075.000,37.000,-43.000,45.000,0.000,0.000,1
2026-01-31 14:20:32,10138494,-1638.000,7768.000,2095.000,11.000,-15.000,44.000,0.000,0.000,1
2026-01-31 14:20:32,10138534,-1696.000,7812.000,2105.000,-10.000,10.000,30.000,0.000,0.000,1
2026-01-31 14:20:32,10138577,-1671.000,7765.000,2070.000,-19.000,-15.000,25.000,0.000,0.000,1
2026-01-31 14:20:32,10138616,-1640.000,7777.000,2048.000,-14.000,-5.000,21.000,0.000,0.000,1
2026-01-31 14:20:32,10138654,-1628.000,7781.000,2054.000,-29.000,5.000,20.000,0.000,0.000,1
2026-01-31 14:20:32,10138694,-1687.000,7773.000,2088.000,-48.000,6.000,7.000,0.000,0.000,1
2026-01-31 14:20:32,10138734,-1664.000,7746.000,2100.000,-60.000,7.000,3.000,0.000,0.000,1
2026-01-31 14:20:32,10138774,-1646.000,7780.000,2100.000,-37.000,11.000,13.000,0.000,0.000,1
2026-01-31 14:20:32,10138814,-1666.000,7775.000,2108.000,-39.000,15.000,5.000,0.000,0.000,1
2026-01-31 14:20:32,10138854,-1673.000,7761.000,2109.000,-39.000,6.000,2.000,0.000,0.000,1
2026-01-31 14:20:32,10138894,-1667.000,7730.000,2106.000,-42.000,15.000,-3.000,0.000,0.000,1
2026-01-31 14:20:32,10138934,-1658.000,7760.000,2093.000,-18.000,12.000,6.000,0.000,0.000,1
2026-01-31 14:20:32,10138974,-1664.000,7774.000,2104.000,-41.000,17.000,12.000,0.000,0.000,1
2026-01-31 14:20:32,10139014,-1662.000,7757.000,2121.000,-37.000,16.000,4.000,0.000,0.000,1
2026-01-31 14:20:33,10139054,-1663.000,7744.000,2110.000,-26.000,24.000,4.000,0.000,0.000,1
2026-01-31 14:20:33,10139094,-1664.000,7758.000,2107.000,-15.000,21.000,-7.000,0.000,0.000,1
2026-01-31 14:20:33,10139134,-1686.000,7736.000,2135.000,-9.000,26.000,-15.000,0.000,0.000,1
2026-01-31 14:20:33,10139174,-1678.000,7727.000,2123.000,26.000,9.000,-12.000,0.000,0.000,1
2026-01-31 14:20:33,10139214,-1665.000,7771.000,2089.000,57.000,18.000,5.000,0.000,0.000,1
2026-01-31 14:20:33,10139254,-1658.000,7749.000,2143.000,0.000,17.000,-3.000,0.000,0.000,1
2026-01-31 14:20:33,10139294,-1708.000,7762.000,2115.000,9.000,25.000,-3.000,0.000,0.000,1
2026-01-31 14:20:33,10139334,-1667.000,7759.000,2079.000,11.000,13.000,-2.000,0.000,0.000,1
2026-01-31 14:20:33,10139374,-1636.000,7768.000,2068.000,6.000,26.000,-10.000,0.000,0.000,1
2026-01-31 14:20:33,10139414,-1693.000,7784.000,2101.000,0.000,31.000,-5.000,0.000,0.000,1
2026-01-31 14:20:33,10139454,-1692.000,7767.000,2106.000,-10.000,18.000,-13.000,0.000,0.000,1
2026-01-31 14:20:33,10139494,-1660.000,7762.000,2103.000,-6.000,23.000,-1.000,0.000,0.000,1
2026-01-31 14:20:33,10139534,-1684.000,7773.000,2099.000,-10.000,28.000,-13.000,0.000,0.000,1
2026-01-31 14:20:33,10139574,-1701.000,7745.000,2103.000,-12.000,12.000,1.000,0.000,0.000,1
2026-01-31 14:20:33,10139614,-1694.000,7753.000,2090.000,4.000,6.000,2.000,0.000,0.000,1
2026-01-31 14:20:33,10139654,-1680.000,7780.000,2093.000,3.000,15.000,-11.000,0.000,0.000,1
2026-01-31 14:20:33,10139694,-1694.000,7770.000,2080.000,4.000,19.000,-14.000,0.000,0.000,1
2026-01-31 14:20:33,10139734,-1677.000,7764.000,2100.000,-14.000,15.000,-8.000,0.000,0.000,1
2026-01-31 14:20:33,10139774,-1674.000,7741.000,2099.000,-6.000,19.000,-11.000,0.000,0.000,1
2026-01-31 14:20:33,10139814,-1684.000,7773.000,2084.000,11.000,28.000,-2.000,0.000,0.000,1
2026-01-31 14:20:33,10139854,-1704.000,7767.000,2081.000,-7.000,20.000,-20.000,0.000,0.000,1
2026-01-31 14:20:33,10139894,-1701.000,7779.000,2105.000,-12.000,14.000,1.000,0.000,0.000,1
2026-01-31 14:20:33,10139934,-1694.000,7744.000,2101.000,5.000,3.000,-15.000,0.000,0.000,1
2026-01-31 14:20:33,10139974,-1683.000,7779.000,2066.000,12.000,3.000,1.000,0.000,0.000,1
2026-01-31 14:20:33,10140014,-1698.000,7747.000,2090.000,-7.000,31.000,-18.000,0.000,0.000,1
2026-01-31 14:20:34,10140054,-1734.000,7779.000,2093.000,-13.000,35.000,-1.000,0.000,0.000,1
2026-01-31 14:20:34,10140094,-1694.000,7786.000,2074.000,-18.000,13.000,3.000,0.000,0.000,1
2026-01-31 14:20:34,10140134,-1659.000,7768.000,2076.000,-24.000,31.000,-18.000,0.000,0.000,1
2026-01-31 14:20:34,10140174,-1730.000,7754.000,2097.000,-25.000,20.000,-29.000,0.000,0.000,1
2026-01-31 14:20:34,10140214,-1698.000,7746.000,2086.000,-19.000,18.000,-11.000,0.000,0.000,1
2026-01-31 14:20:34,10140254,-1684.000,7765.000,2082.000,-30.000,24.000,-8.000,0.000,0.000,1
2026-01-31 14:20:34,10140294,-1720.000,7770.000,2107.000,-27.000,13.000,-17.000,0.000,0.000,1
2026-01-31 14:20:34,10140337,-1733.000,7735.000,2101.000,-17.000,17.000,-19.000,0.000,0.000,1
2026-01-31 14:20:34,10140376,-1709.000,7727.000,2109.000,-26.000,5.000,-4.000,0.000,0.000,1
2026-01-31 14:20:34,10140414,-1713.000,7719.000,2108.000,-11.000,14.000,2.000,0.000,0.000,1
2026-01-31 14:20:34,10140454,-1703.000,7779.000,2100.000,21.000,27.000,8.000,0.000,0.000,1
2026-01-31 14:20:34,10140494,-1710.000,7747.000,2116.000,49.000,29.000,-3.000,0.000,0.000,1
2026-01-31 14:20:34,10140534,-1704.000,7767.000,2071.000,73.000,32.000,-3.000,0.000,0.000,1
2026-01-31 14:20:34,10140574,-1739.000,7762.000,2070.000,33.000,23.000,2.000,0.000,0.000,1
2026-01-31 14:20:34,10140614,-1736.000,7757.000,2073.000,-12.000,-13.000,20.000,0.000,0.000,1
2026-01-31 14:20:34,10140654,-1717.000,7737.000,2106.000,-6.000,2.000,13.000,0.000,0.000,1
2026-01-31 14:20:34,10140694,-1706.000,7748.000,2079.000,72.000,15.000,-4.000,0.000,0.000,1
2026-01-31 14:20:34,10140734,-1744.000,7833.000,2006.000,59.000,-5.000,-9.000,0.000,0.000,1
2026-01-31 14:20:34,10140774,-1647.000,7727.000,2149.000,-66.000,-17.000,15.000,0.000,0.000,1
2026-01-31 14:20:34,10140814,-1710.000,7802.000,2036.000,172.000,62.000,-21.000,0.000,0.000,1
2026-01-31 14:20:34,10140854,-1801.000,7804.000,1987.000,-14.000,13.000,-27.000,0.000,0.000,1
2026-01-31 14:20:34,10140894,-1707.000,7725.000,2094.000,-111.000,-57.000,23.000,0.000,0.000,1
2026-01-31 14:20:34,10140934,-1686.000,7791.000,2072.000,0.000,13.000,13.000,0.000,0.000,1
2026-01-31 14:20:34,10140974,-1727.000,7782.000,2027.000,-3.000,12.000,8.000,0.000,0.000,1
2026-01-31 14:20:34,10141014,-1725.000,7751.000,2072.000,-68.000,-2.000,-14.000,0.000,0.000,1
2026-01-31 14:20:35,10141054,-1675.000,7748.000,2100.000,-41.000,12.000,-3.000,0.000,0.000,1
2026-01-31 14:20:35,10141094,-1741.000,7802.000,2064.000,-24.000,27.000,-13.000,0.000,0.000,1
2026-01-31 14:20:35,10141134,-1746.000,7762.000,2084.000,-38.000,8.000,-8.000,0.000,0.000,1
2026-01-31 14:20:35,10141174,-1747.000,7742.000,2087.000,-19.000,-9.000,-30.000,0.000,0.000,1
2026-01-31 14:20:35,10141214,-1717.000,7713.000,2086.000,11.000,-4.000,-14.000,0.000,0.000,1
2026-01-31 14:20:35,10141254,-1719.000,7744.000,2077.000,38.000,10.000,-4.000,0.000,0.000,1
2026-01-31 14:20:35,10141294,-1722.000,7762.000,2060.000,69.000,7.000,7.000,0.000,0.000,1
2026-01-31 14:20:35,10141334,-1760.000,7772.000,2067.000,119.000,-34.000,0.000,0.000,0.000,1
2026-01-31 14:20:35,10141374,-1734.000,7705.000,2068.000,64.000,-52.000,10.000,0.000,0.000,1
2026-01-31 14:20:35,10141414,-1737.000,7846.000,2027.000,159.000,-49.000,11.000,0.000,0.000,1
2026-01-31 14:20:35,10141454,-1744.000,7769.000,1999.000,38.000,-55.000,13.000,0.000,0.000,1
2026-01-31 14:20:35,10141494,-1699.000,7727.000,2038.000,64.000,-78.000,-3.000,0.000,0.000,1
2026-01-31 14:20:35,10141534,-1671.000,7821.000,2054.000,-5.000,-67.000,61.000,0.000,0.000,1
2026-01-31 14:20:35,10141574,-1708.000,7808.000,2022.000,-16.000,-13.000,25.000,0.000,0.000,1
2026-01-31 14:20:35,10141614,-1634.000,7717.000,2113.000,83.000,86.000,-31.000,0.000,0.000,1
2026-01-31 14:20:35,10141654,-1765.000,7728.000,1940.000,-11.000,115.000,17.000,0.000,0.000,1
2026-01-31 14:20:35,10141694,-1745.000,7804.000,2023.000,-87.000,51.000,73.000,0.000,0.000,1
2026-01-31 14:20:35,10141734,-1699.000,7817.000,2042.000,-67.000,40.000,31.000,0.000,0.000,1
2026-01-31 14:20:35,10141774,-1712.000,7782.000,2020.000,-76.000,52.000,11.000,0.000,0.000,1
2026-01-31 14:20:35,10141814,-1694.000,7697.000,2040.000,-158.000,14.000,38.000,0.000,0.000,1
2026-01-31 14:20:35,10141854,-1711.000,7791.000,2037.000,-110.000,-12.000,32.000,0.000,0.000,1
2026-01-31 14:20:35,10141894,-1696.000,7740.000,2140.000,-122.000,-24.000,41.000,0.000,0.000,1
2026-01-31 14:20:35,10141934,-1678.000,7787.000,2062.000,38.000,-18.000,35.000,0.000,0.000,1
2026-01-31 14:20:35,10141974,-1695.000,7773.000,2065.000,-11.000,-10.000,1.000,0.000,0.000,1
2026-01-31 14:20:35,10142014,-1705.000,7753.000,2051.000,-70.000,-8.000,45.000,0.000,0.000,1
2026-01-31 14:20:36,10142054,-1742.000,7835.000,2010.000,-51.000,-4.000,73.000,0.000,0.000,1
2026-01-31 14:20:36,10142094,-1585.000,7803.000,2153.000,-143.000,-75.000,26.000,0.000,0.000,1
2026-01-31 14:20:36,10142134,-1719.000,7741.000,2076.000,8.000,13.000,38.000,0.000,0.000,1
2026-01-31 14:20:36,10142174,-1654.000,7862.000,2005.000,-107.000,-51.000,83.000,0.000,0.000,1
2026-01-31 14:20:36,10142214,-1656.000,7735.000,2154.000,-287.000,-81.000,25.000,0.000,0.000,1
2026-01-31 14:20:36,10142254,-1649.000,7684.000,2191.000,-154.000,-39.000,59.000,0.000,0.000,1
2026-01-31 14:20:36,10142294,-1639.000,7710.000,2131.000,-38.000,-19.000,27.000,0.000,0.000,1
2026-01-31 14:20:36,10142337,-1588.000,7783.000,2155.000,-46.000,-17.000,52.000,0.000,0.000,1
2026-01-31 14:20:36,10142374,-1606.000,7783.000,2198.000,-47.000,-4.000,36.000,0.000,0.000,1
2026-01-31 14:20:36,10142414,-1669.000,7739.000,2185.000,-10.000,21.000,-1.000,0.000,0.000,1
2026-01-31 14:20:36,10142454,-1654.000,7761.000,2115.000,2.000,26.000,1.000,0.000,0.000,1
2026-01-31 14:20:36,10142494,-1603.000,7712.000,2127.000,-43.000,54.000,-19.000,0.000,0.000,1
2026-01-31 14:20:36,10142534,-1614.000,7756.000,2121.000,-39.000,37.000,-8.000,0.000,0.000,1
2026-01-31 14:20:36,10142577,-1656.000,7713.000,2146.000,-45.000,45.000,-21.000,0.000,0.000,1
2026-01-31 14:20:36,10142614,-1636.000,7741.000,2145.000,-61.000,44.000,-8.000,0.000,0.000,1
2026-01-31 14:20:36,10142654,-1638.000,7740.000,2167.000,-39.000,29.000,-13.000,0.000,0.000,1
2026-01-31 14:20:36,10142694,-1693.000,7760.000,2166.000,-14.000,48.000,-22.000,0.000,0.000,1
2026-01-31 14:20:36,10142734,-1679.000,7748.000,2191.000,-24.000,24.000,-23.000,0.000,0.000,1
2026-01-31 14:20:36,10142774,-1645.000,7707.000,2203.000,18.000,9.000,-34.000,0.000,0.000,1
2026-01-31 14:20:36,10142814,-1673.000,7759.000,2140.000,57.000,37.000,-17.000,0.000,0.000,1
2026-01-31 14:20:36,10142854,-1701.000,7770.000,2147.000,28.000,31.000,-23.000,0.000,0.000,1
2026-01-31 14:20:36,10142894,-1685.000,7731.000,2169.000,18.000,16.000,-1.000,0.000,0.000,1
2026-01-31 14:20:36,10142934,-1661.000,7769.000,2146.000,28.000,11.000,3.000,0.000,0.000,1
2026-01-31 14:20:36,10142974,-1686.000,7766.000,2138.000,8.000,17.000,9.000,0.000,0.000,1
2026-01-31 14:20:36,10143014,-1696.000,7728.000,2147.000,14.000,-2.000,6.000,0.000,0.000,1
2026-01-31 14:20:37,10143054,-1662.000,7742.000,2121.000,47.000,-3.000,22.000,0.000,0.000,1
2026-01-31 14:20:37,10143094,-1661.000,7757.000,2138.000,20.000,19.000,7.000,0.000,0.000,1
2026-01-31 14:20:37,10143134,-1745.000,7790.000,2169.000,-3.000,7.000,15.000,0.000,0.000,1
2026-01-31 14:20:37,10143174,-1651.000,7751.000,2134.000,-9.000,-12.000,22.000,0.000,0.000,1
2026-01-31 14:20:37,10143214,-1624.000,7768.000,2105.000,-6.000,12.000,11.000,0.000,0.000,1
2026-01-31 14:20:37,10143254,-1659.000,7774.000,2142.000,-29.000,16.000,0.000,0.000,0.000,1
2026-01-31 14:20:37,10143294,-1677.000,7734.000,2164.000,-16.000,8.000,-11.000,0.000,0.000,1
2026-01-31 14:20:37,10143334,-1648.000,7790.000,2133.000,11.000,29.000,-2.000,0.000,0.000,1
2026-01-31 14:20:37,10143374,-1670.000,7760.000,2144.000,-25.000,14.000,-13.000,0.000,0.000,1
2026-01-31 14:20:37,10143414,-1666.000,7760.000,2155.000,-26.000,21.000,-1.000,0.000,0.000,1
2026-01-31 14:20:37,10143454,-1695.000,7736.000,2136.000,4.000,13.000,-11.000,0.000,0.000,1
2026-01-31 14:20:37,10143494,-1668.000,7754.000,2135.000,-8.000,4.000,2.000,0.000,0.000,1
2026-01-31 14:20:37,10143534,-1670.000,7759.000,2137.000,-15.000,14.000,5.000,0.000,-177.210,1
2026-01-31 14:20:37,10143574,-1692.000,7736.000,2155.000,-21.000,20.000,-11.000,0.000,-177.210,1
2026-01-31 14:20:37,10143614,-1700.000,7760.000,2131.000,-10.000,11.000,6.000,0.000,-177.210,1
2026-01-31 14:20:37,10143654,-1660.000,7735.000,2131.000,-21.000,6.000,10.000,0.000,-177.210,1
2026-01-31 14:20:37,10143694,-1701.000,7761.000,2160.000,-22.000,16.000,2.000,0.000,-177.210,1
2026-01-31 14:20:37,10143734,-1699.000,7723.000,2168.000,-1.000,2.000,-2.000,0.000,-177.210,1
2026-01-31 14:20:37,10143774,-1664.000,7773.000,2115.000,25.000,-14.000,8.000,0.000,-177.210,1
2026-01-31 14:20:37,10143814,-1639.000,7750.000,2134.000,-9.000,-4.000,9.000,0.000,-177.210,1
2026-01-31 14:20:37,10143854,-1722.000,7772.000,2165.000,-13.000,13.000,-13.000,0.000,-177.210,1
2026-01-31 14:20:37,10143894,-1692.000,7752.000,2145.000,-9.000,-3.000,10.000,0.000,-177.210,1
2026-01-31 14:20:37,10143934,-1623.000,7765.000,2111.000,-13.000,16.000,-6.000,0.000,-177.210,1
2026-01-31 14:20:37,10143974,-1681.000,7747.000,2141.000,-24.000,32.000,-22.000,0.000,-177.210,1
2026-01-31 14:20:37,10144014,-1700.000,7781.000,2142.000,-16.000,10.000,0.000,0.000,-177.210,1
2026-01-31 14:20:38,10144054,-1672.000,7719.000,2166.000,-43.000,15.000,-8.000,0.000,-177.210,1
2026-01-31 14:20:38,10144094,-1665.000,7773.000,2160.000,-22.000,16.000,-10.000,0.000,-177.210,1
2026-01-31 14:20:38,10144134,-1707.000,7727.000,2154.000,-20.000,28.000,-18.000,0.000,-177.210,1
2026-01-31 14:20:38,10144174,-1709.000,7750.000,2139.000,-26.000,6.000,-8.000,0.000,-177.210,1
2026-01-31 14:20:38,10144214,-1679.000,7749.000,2159.000,-11.000,0.000,1.000,0.000,-177.210,1
2026-01-31 14:20:38,10144254,-1697.000,7744.000,2140.000,11.000,18.000,-11.000,0.000,-177.210,1
2026-01-31 14:20:38,10144294,-1703.000,7753.000,2148.000,-16.000,16.000,-13.000,0.000,-177.210,1
2026-01-31 14:20:38,10144337,-1693.000,7741.000,2149.000,-8.000,13.000,5.000,0.000,-177.210,1
2026-01-31 14:20:38,10144376,-1687.000,7742.000,2148.000,-9.000,8.000,15.000,0.000,-177.210,1
2026-01-31 14:20:38,10144414,-1695.000,7748.000,2151.000,-7.000,11.000,16.000,0.000,-177.210,1
2026-01-31 14:20:38,10144454,-1710.000,7753.000,2174.000,-10.000,8.000,4.000,0.000,-177.210,1
2026-01-31 14:20:38,10144494,-1683.000,7727.000,2154.000,8.000,-6.000,-2.000,0.000,-177.210,1
2026-01-31 14:20:38,10144534,-1664.000,7772.000,2121.000,35.000,5.000,-6.000,0.000,-1.970,1
2026-01-31 14:20:38,10144577,-1712.000,7734.000,2162.000,9.000,34.000,-12.000,0.000,-1.970,1
2026-01-31 14:20:38,10144614,-1714.000,7783.000,2147.000,10.000,23.000,-11.000,0.000,-1.970,1
2026-01-31 14:20:38,10144654,-1702.000,7756.000,2143.000,-8.000,24.000,-11.000,0.000,-1.970,1
2026-01-31 14:20:38,10144694,-1670.000,7742.000,2132.000,-3.000,42.000,-30.000,0.000,-1.970,1
2026-01-31 14:20:38,10144734,-1719.000,7772.000,2145.000,-5.000,40.000,-23.000,0.000,-1.970,1
2026-01-31 14:20:38,10144774,-1714.000,7751.000,2137.000,-30.000,32.000,-31.000,0.000,-1.970,1
2026-01-31 14:20:38,10144814,-1698.000,7748.000,2149.000,-46.000,36.000,-24.000,0.000,-1.970,1
2026-01-31 14:20:38,10144854,-1730.000,7740.000,2143.000,-38.000,30.000,-27.000,0.000,-1.970,1
2026-01-31 14:20:38,10144894,-1723.000,7751.000,2157.000,-33.000,31.000,-20.000,0.000,-1.970,1
2026-01-31 14:20:38,10144934,-1728.000,7751.000,2145.000,-38.000,22.000,-38.000,0.000,-1.970,1
2026-01-31 14:20:38,10144974,-1745.000,7723.000,2160.000,-39.000,21.000,-32.000,0.000,-1.970,1
2026-01-31 14:20:38,10145014,-1726.000,7738.000,2148.000,-30.000,10.000,-5.000,0.000,-1.970,1
2026-01-31 14:20:39,10145054,-1728.000,7729.000,2154.000,-44.000,20.000,6.000,0.000,-1.970,1
2026-01-31 14:20:39,10145094,-1732.000,7736.000,2160.000,-39.000,26.000,-1.000,0.000,-1.970,1
2026-01-31 14:20:39,10145134,-1757.000,7733.000,2152.000,-33.000,20.000,4.000,0.000,-1.970,1
2026-01-31 14:20:39,10145174,-1726.000,7706.000,2179.000,-44.000,-8.000,9.000,0.000,-1.970,1
2026-01-31 14:20:39,10145214,-1735.000,7757.000,2179.000,-10.000,-1.000,0.000,0.000,-1.970,1
2026-01-31 14:20:39,10145254,-1730.000,7732.000,2189.000,-12.000,1.000,12.000,0.000,-1.970,1
2026-01-31 14:20:39,10145294,-1724.000,7765.000,2145.000,-5.000,3.000,13.000,0.000,-1.970,1
2026-01-31 14:20:39,10145334,-1704.000,7700.000,2141.000,-17.000,7.000,-4.000,0.000,-1.970,1
2026-01-31 14:20:39,10145374,-1772.000,7805.000,2197.000,-14.000,26.000,2.000,0.000,-1.970,1
2026-01-31 14:20:39,10145414,-1706.000,7707.000,2179.000,-41.000,21.000,7.000,0.000,-1.970,1
2026-01-31 14:20:39,10145454,-1716.000,7789.000,2125.000,-33.000,39.000,-14.000,0.000,-1.970,1
2026-01-31 14:20:39,10145494,-1762.000,7722.000,2174.000,-78.000,29.000,-22.000,0.000,-1.970,1
2026-01-31 14:20:39,10145534,-1743.000,7716.000,2177.000,-40.000,14.000,-17.000,0.000,-4.660,1
2026-01-31 14:20:39,10145574,-1688.000,7718.000,2186.000,-59.000,29.000,-11.000,0.000,-4.660,1
2026-01-31 14:20:39,10145614,-1738.000,7717.000,2207.000,-62.000,35.000,-31.000,0.000,-4.660,1
2026-01-31 14:20:39,10145654,-1773.000,7733.000,2222.000,-13.000,39.000,5.000,0.000,-4.660,1
2026-01-31 14:20:39,10145694,-1755.000,7740.000,2197.000,-35.000,23.000,-18.000,0.000,-4.660,1
2026-01-31 14:20:39,10145734,-1773.000,7710.000,2192.000,-25.000,17.000,6.000,0.000,-4.660,1
2026-01-31 14:20:39,10145774,-1738.000,7736.000,2193.000,-28.000,3.000,16.000,0.000,-4.660,1
2026-01-31 14:20:39,10145814,-1758.000,7706.000,2206.000,-47.000,-3.000,26.000,0.000,-4.660,1
2026-01-31 14:20:39,10145854,-1740.000,7725.000,2204.000,-33.000,3.000,34.000,0.000,-4.660,1
2026-01-31 14:20:39,10145894,-1761.000,7701.000,2208.000,-32.000,-6.000,24.000,0.000,-4.660,1
2026-01-31 14:20:39,10145934,-1745.000,7727.000,2208.000,-32.000,-11.000,33.000,0.000,-4.660,1
2026-01-31 14:20:39,10145974,-1749.000,7695.000,2210.000,-31.000,-12.000,29.000,0.000,-4.660,1
2026-01-31 14:20:39,10146014,-1739.000,7692.000,2223.000,0.000,-18.000,48.000,0.000,-4.660,1
2026-01-31 14:20:40,10146054,-1711.000,7708.000,2173.000,37.000,-26.000,46.000,0.000,-4.660,1
2026-01-31 14:20:40,10146094,-1654.000,7762.000,2202.000,3.000,-12.000,55.000,0.000,-4.660,1
2026-01-31 14:20:40,10146134,-1755.000,7746.000,2227.000,-20.000,13.000,2.000,0.000,-4.660,1
2026-01-31 14:20:40,10146174,-1709.000,7730.000,2190.000,-36.000,-1.000,14.000,0.000,-4.660,1
2026-01-31 14:20:40,10146214,-1670.000,7733.000,2179.000,-36.000,29.000,5.000,0.000,-4.660,1
2026-01-31 14:20:40,10146254,-1725.000,7733.000,2197.000,-39.000,15.000,-9.000,0.000,-4.660,1
2026-01-31 14:20:40,10146294,-1721.000,7715.000,2209.000,-57.000,0.000,-3.000,0.000,-4.660,1
2026-01-31 14:20:40,10146334,-1669.000,7715.000,2224.000,-25.000,11.000,9.000,0.000,-4.660,1
2026-01-31 14:20:40,10146374,-1706.000,7739.000,2223.000,-32.000,33.000,-11.000,0.000,-4.660,1
2026-01-31 14:20:40,10146414,-1757.000,7718.000,2235.000,-25.000,31.000,-7.000,0.000,-4.660,1
2026-01-31 14:20:40,10146454,-1722.000,7699.000,2233.000,-30.000,12.000,-4.000,0.000,-4.660,1
2026-01-31 14:20:40,10146494,-1724.000,7698.000,2221.000,-5.000,25.000,3.000,0.000,-4.660,1
2026-01-31 14:20:40,10146534,-1734.000,7707.000,2225.000,-5.000,24.000,-11.000,0.000,-4.270,1
2026-01-31 14:20:40,10146577,-1730.000,7699.000,2230.000,-2.000,3.000,1.000,0.000,-4.270,1
2026-01-31 14:20:40,10146614,-1727.000,7717.000,2220.000,0.000,4.000,5.000,0.000,-4.270,1
2026-01-31 14:20:40,10146654,-1727.000,7729.000,2211.000,-1.000,20.000,15.000,0.000,-4.270,1
2026-01-31 14:20:40,10146694,-1743.000,7717.000,2232.000,-4.000,3.000,3.000,0.000,-4.270,1
2026-01-31 14:20:40,10146734,-1751.000,7714.000,2238.000,7.000,-7.000,15.000,0.000,-4.270,1
2026-01-31 14:20:40,10146774,-1710.000,7732.000,2204.000,39.000,-9.000,25.000,0.000,-4.270,1
2026-01-31 14:20:40,10146814,-1684.000,7725.000,2206.000,8.000,4.000,12.000,0.000,-4.270,1
2026-01-31 14:20:40,10146854,-1733.000,7729.000,2220.000,3.000,22.000,-6.000,0.000,-4.270,1
2026-01-31 14:20:40,10146894,-1715.000,7740.000,2217.000,-13.000,-12.000,14.000,0.000,-4.270,1
2026-01-31 14:20:40,10146934,-1676.000,7710.000,2199.000,-17.000,12.000,-6.000,0.000,-4.270,1
2026-01-31 14:20:40,10146974,-1722.000,7729.000,2208.000,-19.000,23.000,-8.000,0.000,-4.270,1
2026-01-31 14:20:40,10147014,-1732.000,7720.000,2221.000,-30.000,11.000,-6.000,0.000,-4.270,1
2026-01-31 14:20:41,10147054,-1704.000,7717.000,2216.000,-18.000,22.000,-1.000,0.000,-4.270,1
2026-01-31 14:20:41,10147094,-1721.000,7718.000,2227.000,-27.000,23.000,-23.000,0.000,-4.270,1
2026-01-31 14:20:41,10147134,-1759.000,7725.000,2237.000,-18.000,20.000,-12.000,0.000,-4.270,1
2026-01-31 14:20:41,10147174,-1742.000,7719.000,2222.000,-28.000,14.000,-14.000,0.000,-4.270,1
2026-01-31 14:20:41,10147214,-1724.000,7703.000,2217.000,-13.000,13.000,-6.000,0.000,-4.270,1
2026-01-31 14:20:41,10147254,-1744.000,7728.000,2215.000,-14.000,14.000,-3.000,0.000,-4.270,1
2026-01-31 14:20:41,10147294,-1735.000,7711.000,2232.000,-20.000,14.000,-3.000,0.000,-4.270,1
2026-01-31 14:20:41,10147334,-1728.000,7709.000,2233.000,-21.000,11.000,4.000,0.000,-4.270,1
2026-01-31 14:20:41,10147374,-1741.000,7720.000,2215.000,-11.000,12.000,7.000,0.000,-4.270,1
2026-01-31 14:20:41,10147414,-1743.000,7714.000,2238.000,-20.000,9.000,9.000,0.000,-4.270,1
2026-01-31 14:20:41,10147454,-1747.000,7718.000,2227.000,1.000,-2.000,7.000,0.000,-4.270,1
2026-01-31 14:20:41,10147494,-1723.000,7701.000,2226.000,-1.000,-18.000,14.000,0.000,-4.270,1
2026-01-31 14:20:41,10147534,-1708.000,7737.000,2212.000,20.000,-8.000,14.000,0.000,-9.210,1
2026-01-31 14:20:41,10147574,-1687.000,7723.000,2206.000,-6.000,8.000,13.000,0.000,-9.210,1
2026-01-31 14:20:41,10147614,-1767.000,7726.000,2241.000,-19.000,29.000,-15.000,0.000,-9.210,1
2026-01-31 14:20:41,10147654,-1705.000,7735.000,2211.000,-19.000,3.000,18.000,0.000,-9.210,1
2026-01-31 14:20:41,10147694,-1687.000,7732.000,2200.000,-15.000,18.000,-13.000,0.000,-9.210,1
2026-01-31 14:20:41,10147734,-1759.000,7708.000,2234.000,-27.000,17.000,-19.000,0.000,-9.210,1
2026-01-31 14:20:41,10147774,-1725.000,7707.000,2249.000,-17.000,9.000,-1.000,0.000,-9.210,1
2026-01-31 14:20:41,10147814,-1708.000,7715.000,2209.000,-13.000,23.000,-3.000,0.000,-9.210,1
2026-01-31 14:20:41,10147854,-1750.000,7736.000,2249.000,-33.000,22.000,-15.000,0.000,-9.210,1
2026-01-31 14:20:41,10147894,-1761.000,7726.000,2234.000,-7.000,17.000,-7.000,0.000,-9.210,1
2026-01-31 14:20:41,10147934,-1742.000,7696.000,2228.000,-19.000,2.000,-4.000,0.000,-9.210,1
2026-01-31 14:20:41,10147974,-1729.000,7719.000,2235.000,-15.000,3.000,-2.000,0.000,-9.210,1
2026-01-31 14:20:41,10148014,-1754.000,7708.000,2235.000,-19.000,5.000,-7.000,0.000,-9.210,1
2026-01-31 14:20:42,10148054,-1728.000,7731.000,2251.000,-14.000,5.000,13.000,0.000,-9.210,1
2026-01-31 14:20:42,10148094,-1747.000,7721.000,2234.000,-13.000,12.000,12.000,0.000,-9.210,1
2026-01-31 14:20:42,10148134,-1737.000,7736.000,2228.000,-20.000,-4.000,24.000,0.000,-9.210,1
2026-01-31 14:20:42,10148174,-1746.000,7693.000,2247.000,-21.000,-8.000,14.000,0.000,-9.210,1
2026-01-31 14:20:42,10148214,-1754.000,7740.000,2233.000,-1.000,-9.000,31.000,0.000,-9.210,1
2026-01-31 14:20:42,10148254,-1722.000,7690.000,2263.000,-19.000,-18.000,30.000,0.000,-9.210,1
2026-01-31 14:20:42,10148294,-1728.000,7700.000,2225.000,14.000,-20.000,33.000,0.000,-9.210,1
2026-01-31 14:20:42,10148337,-1689.000,7700.000,2250.000,-4.000,-9.000,40.000,0.000,-9.210,1
2026-01-31 14:20:42,10148377,-1771.000,7737.000,2248.000,-17.000,12.000,30.000,0.000,-9.210,1
2026-01-31 14:20:42,10148414,-1725.000,7702.000,2258.000,-23.000,-11.000,43.000,0.000,-9.210,1
2026-01-31 14:20:42,10148454,-1666.000,7708.000,2217.000,3.000,-7.000,36.000,0.000,-9.210,1
2026-01-31 14:20:42,10148494,-1704.000,7758.000,2210.000,-15.000,-12.000,30.000,0.000,-9.210,1
2026-01-31 14:20:42,10148534,-1709.000,7680.000,2256.000,-43.000,-29.000,30.000,0.000,2.060,1
2026-01-31 14:20:42,10148579,-1679.000,7724.000,2251.000,-30.000,-13.000,30.000,0.000,2.060,1
2026-01-31 14:20:42,10148614,-1680.000,7737.000,2263.000,-16.000,-14.000,30.000,0.000,2.060,1
2026-01-31 14:20:42,10148654,-1717.000,7729.000,2278.000,-37.000,-15.000,29.000,0.000,2.060,1
2026-01-31 14:20:42,10148694,-1697.000,7718.000,2258.000,-9.000,-23.000,28.000,0.000,2.060,1
2026-01-31 14:20:42,10148734,-1699.000,7708.000,2257.000,-7.000,-20.000,22.000,0.000,2.060,1
2026-01-31 14:20:42,10148774,-1698.000,7726.000,2240.000,6.000,-15.000,30.000,0.000,2.060,1
2026-01-31 14:20:42,10148814,-1677.000,7724.000,2255.000,18.000,-16.000,25.000,0.000,2.060,1
2026-01-31 14:20:42,10148854,-1678.000,7727.000,2240.000,41.000,-12.000,31.000,0.000,2.060,1
2026-01-31 14:20:42,10148894,-1675.000,7754.000,2234.000,30.000,-13.000,47.000,0.000,2.060,1
2026-01-31 14:20:42,10148934,-1684.000,7763.000,2212.000,9.000,-33.000,37.000,0.000,2.060,1
2026-01-31 14:20:42,10148974,-1687.000,7697.000,2254.000,-8.000,-14.000,13.000,0.000,2.060,1
2026-01-31 14:20:42,10149014,-1691.000,7718.000,2243.000,5.000,-33.000,-6.000,0.000,2.060,1
2026-01-31 14:20:43,10149054,-1671.000,7708.000,2207.000,30.000,-51.000,17.000,0.000,2.060,1
2026-01-31 14:20:43,10149094,-1616.000,7703.000,2267.000,34.000,-51.000,25.000,0.000,2.060,1
2026-01-31 14:20:43,10149134,-1659.000,7682.000,2254.000,128.000,-23.000,24.000,0.000,2.060,1
2026-01-31 14:20:43,10149174,-1672.000,7733.000,2180.000,159.000,-19.000,4.000,0.000,2.060,1
2026-01-31 14:20:43,10149214,-1635.000,7762.000,2145.000,233.000,-10.000,-21.000,0.000,2.060,1
2026-01-31 14:20:43,10149254,-1669.000,7755.000,2202.000,118.000,-17.000,-36.000,0.000,2.060,1
2026-01-31 14:20:43,10149294,-1689.000,7698.000,2193.000,225.000,-32.000,-64.000,0.000,2.060,1
2026-01-31 14:20:43,10149334,-1627.000,7740.000,2192.000,96.000,15.000,-11.000,0.000,2.060,1
2026-01-31 14:20:43,10149374,-1669.000,7794.000,2125.000,53.000,39.000,-15.000,0.000,2.060,1
2026-01-31 14:20:43,10149414,-1693.000,7776.000,2135.000,-52.000,5.000,-13.000,0.000,2.060,1
2026-01-31 14:20:43,10149454,-1691.000,7722.000,2190.000,-162.000,16.000,-24.000,0.000,2.060,1
2026-01-31 14:20:43,10149494,-1658.000,7706.000,2173.000,-141.000,73.000,-15.000,0.000,2.060,1
2026-01-31 14:20:43,10149534,-1655.000,7745.000,2182.000,-58.000,87.000,-24.000,0.000,-8.160,1
2026-01-31 14:20:43,10149574,-1712.000,7758.000,2176.000,-53.000,72.000,-19.000,0.000,-8.160,1
2026-01-31 14:20:43,10149614,-1712.000,7712.000,2170.000,-53.000,63.000,-1.000,0.000,-8.160,1
2026-01-31 14:20:43,10149654,-1711.000,7774.000,2159.000,-61.000,47.000,-33.000,0.000,-8.160,1
2026-01-31 14:20:43,10149694,-1726.000,7740.000,2206.000,-58.000,16.000,-26.000,0.000,-8.160,1
2026-01-31 14:20:43,10149734,-1731.000,7666.000,2180.000,-74.000,16.000,9.000,0.000,-8.160,1
2026-01-31 14:20:43,10149774,-1651.000,7759.000,2181.000,-87.000,-39.000,11.000,0.000,-8.160,1
2026-01-31 14:20:43,10149814,-1677.000,7734.000,2206.000,-12.000,3.000,-18.000,0.000,-8.160,1
2026-01-31 14:20:43,10149854,-1773.000,7774.000,2212.000,-69.000,5.000,-36.000,0.000,-8.160,1
2026-01-31 14:20:43,10149894,-1809.000,7814.000,2105.000,-243.000,-146.000,-21.000,0.000,-8.160,1
2026-01-31 14:20:43,10149934,-1707.000,7737.000,2150.000,-519.000,-364.000,6.000,0.000,-8.160,1
2026-01-31 14:20:43,10149974,-1630.000,7539.000,2532.000,-363.000,-64.000,-46.000,0.000,-8.160,1
2026-01-31 14:20:43,10150014,-1706.000,7643.000,2298.000,52.000,85.000,-43.000,0.000,-8.160,1
2026-01-31 14:20:44,10150054,-1650.000,7734.000,2284.000,-42.000,-19.000,-25.000,0.000,-8.160,1
2026-01-31 14:20:44,10150094,-1728.000,7663.000,2404.000,-110.000,24.000,-16.000,0.000,-8.160,1
2026-01-31 14:20:44,10150134,-1663.000,7705.000,2423.000,75.000,69.000,-17.000,0.000,-8.160,1
2026-01-31 14:20:44,10150174,-1727.000,7598.000,2290.000,139.000,91.000,-8.000,0.000,-8.160,1
2026-01-31 14:20:44,10150214,-1798.000,7773.000,2191.000,86.000,54.000,70.000,0.000,-8.160,1
2026-01-31 14:20:44,10150254,-1659.000,7630.000,2454.000,-188.000,15.000,1.000,0.000,-8.160,1
2026-01-31 14:20:44,10150294,-1748.000,7747.000,2312.000,136.000,114.000,29.000,0.000,-8.160,1
2026-01-31 14:20:44,10150337,-1714.000,7663.000,2334.000,-74.000,29.000,5.000,0.000,-8.160,1
2026-01-31 14:20:44,10150376,-1703.000,7669.000,2329.000,6.000,-8.000,23.000,0.000,-8.160,1
2026-01-31 14:20:44,10150414,-1736.000,7678.000,2311.000,56.000,-13.000,14.000,0.000,-8.160,1
2026-01-31 14:20:44,10150454,-1733.000,7698.000,2310.000,105.000,-69.000,62.000,0.000,-8.160,1
2026-01-31 14:20:44,10150494,-1678.000,7732.000,2337.000,173.000,-83.000,-22.000,0.000,-8.160,1
2026-01-31 14:20:44,10150534,-1649.000,7683.000,2208.000,166.000,-63.000,17.000,0.000,0.000,1
2026-01-31 14:20:44,10150577,-1715.000,7711.000,2356.000,54.000,23.000,-31.000,0.000,0.000,1
2026-01-31 14:20:44,10150614,-1702.000,7715.000,2367.000,39.000,30.000,-20.000,0.000,0.000,1
2026-01-31 14:20:44,10150654,-1671.000,7689.000,2242.000,52.000,53.000,-10.000,0.000,0.000,1
2026-01-31 14:20:44,10150694,-1661.000,7720.000,2219.000,-17.000,64.000,1.000,0.000,0.000,1
2026-01-31 14:20:44,10150734,-1724.000,7723.000,2321.000,-181.000,62.000,-83.000,0.000,0.000,1
2026-01-31 14:20:44,10150774,-1753.000,7751.000,2226.000,-103.000,61.000,-62.000,0.000,0.000,1
2026-01-31 14:20:44,10150814,-1687.000,7622.000,2303.000,-136.000,8.000,-70.000,0.000,0.000,1
2026-01-31 14:20:44,10150854,-1767.000,7655.000,2341.000,-81.000,47.000,-33.000,0.000,0.000,1
2026-01-31 14:20:44,10150894,-1712.000,7725.000,2317.000,-26.000,36.000,-20.000,0.000,0.000,1
2026-01-31 14:20:44,10150934,-1773.000,7644.000,2256.000,9.000,22.000,-18.000,0.000,0.000,1
2026-01-31 14:20:44,10150974,-1728.000,7702.000,2339.000,-24.000,-4.000,32.000,0.000,0.000,1
2026-01-31 14:20:44,10151014,-1708.000,7686.000,2310.000,45.000,51.000,-9.000,0.000,0.000,1
2026-01-31 14:20:45,10151054,-1662.000,7666.000,2357.000,-33.000,75.000,-1.000,0.000,0.000,1
2026-01-31 14:20:45,10151094,-1675.000,7729.000,2387.000,-45.000,54.000,21.000,0.000,0.000,1
2026-01-31 14:20:45,10151134,-1862.000,7758.000,2179.000,145.000,35.000,64.000,0.000,0.000,1
2026-01-31 14:20:45,10151174,-1761.000,7849.000,2234.000,-137.000,-179.000,84.000,0.000,0.000,1
2026-01-31 14:20:45,10151214,-1658.000,7458.000,2512.000,-181.000,-141.000,20.000,0.000,0.000,1
2026-01-31 14:20:45,10151254,-1683.000,7752.000,2307.000,216.000,-23.000,48.000,0.000,0.000,1
2026-01-31 14:20:45,10151294,-1709.000,7718.000,2272.000,115.000,-28.000,-1.000,0.000,0.000,1
2026-01-31 14:20:45,10151334,-1737.000,7654.000,2272.000,70.000,-49.000,-10.000,0.000,0.000,1
2026-01-31 14:20:45,10151374,-1670.000,7700.000,2359.000,-16.000,-14.000,20.000,0.000,0.000,1
2026-01-31 14:20:45,10151414,-1683.000,7696.000,2280.000,-33.000,58.000,1.000,0.000,0.000,1
2026-01-31 14:20:45,10151454,-1652.000,7661.000,2342.000,-51.000,81.000,-10.000,0.000,0.000,1
2026-01-31 14:20:45,10151494,-1708.000,7747.000,2266.000,-28.000,109.000,-48.000,0.000,0.000,1
2026-01-31 14:20:45,10151534,-1709.000,7739.000,2311.000,-220.000,65.000,-36.000,0.000,0.000,1
2026-01-31 14:20:45,10151574,-1756.000,7696.000,2410.000,-191.000,105.000,-70.000,0.000,0.000,1
2026-01-31 14:20:45,10151614,-1761.000,7682.000,2293.000,-41.000,97.000,-55.000,0.000,0.000,1
2026-01-31 14:20:45,10151654,-1753.000,7729.000,2334.000,-139.000,42.000,-20.000,0.000,0.000,1
2026-01-31 14:20:45,10151694,-1698.000,7751.000,2477.000,-158.000,43.000,-14.000,0.000,0.000,1
2026-01-31 14:20:45,10151734,-1810.000,7534.000,2276.000,-130.000,110.000,34.000,0.000,0.000,1
2026-01-31 14:20:45,10151774,-1744.000,7708.000,2292.000,-23.000,15.000,36.000,0.000,0.000,1
2026-01-31 14:20:45,10151814,-1836.000,7748.000,2279.000,-103.000,1.000,70.000,0.000,0.000,1
2026-01-31 14:20:45,10151854,-1881.000,7587.000,2420.000,-173.000,13.000,-37.000,0.000,0.000,1
2026-01-31 14:20:45,10151894,-1768.000,7829.000,2190.000,9.000,-108.000,97.000,0.000,0.000,1
2026-01-31 14:20:45,10151934,-1723.000,7639.000,2437.000,-329.000,-214.000,72.000,0.000,0.000,1
2026-01-31 14:20:45,10151974,-1622.000,7427.000,2604.000,-174.000,-66.000,46.000,0.000,0.000,1
2026-01-31 14:20:45,10152014,-1696.000,7716.000,2379.000,264.000,113.000,46.000,0.000,0.000,1
2026-01-31 14:20:46,10152054,-1704.000,7628.000,2361.000,111.000,67.000,62.000,0.000,0.000,1
2026-01-31 14:20:46,10152094,-1728.000,7764.000,2421.000,62.000,1.000,68.000,0.000,0.000,1
2026-01-31 14:20:46,10152134,-1675.000,7690.000,2416.000,82.000,22.000,32.000,0.000,0.000,1
2026-01-31 14:20:46,10152174,-1664.000,7698.000,2332.000,132.000,58.000,35.000,0.000,0.000,1
2026-01-31 14:20:46,10152214,-1671.000,7715.000,2334.000,99.000,9.000,29.000,0.000,0.000,1
2026-01-31 14:20:46,10152254,-1689.000,7648.000,2373.000,57.000,-41.000,14.000,0.000,0.000,1
2026-01-31 14:20:46,10152294,-1656.000,7752.000,2333.000,153.000,-18.000,5.000,0.000,0.000,1
2026-01-31 14:20:46,10152334,-1782.000,7743.000,2309.000,184.000,-34.000,-29.000,0.000,0.000,1
2026-01-31 14:20:46,10152374,-1698.000,7703.000,2257.000,150.000,-99.000,9.000,0.000,0.000,1
2026-01-31 14:20:46,10152415,-1647.000,7633.000,2328.000,117.000,-78.000,-5.000,0.000,0.000,1
2026-01-31 14:20:46,10152454,-1700.000,7715.000,2272.000,39.000,-44.000,31.000,0.000,0.000,1
2026-01-31 14:20:46,10152494,-1632.000,7721.000,2315.000,-56.000,-15.000,-9.000,0.000,0.000,1
2026-01-31 14:20:46,10152534,-1685.000,7675.000,2327.000,-80.000,53.000,-27.000,0.000,0.000,1
2026-01-31 14:20:46,10152577,-1675.000,7773.000,2283.000,-209.000,37.000,-10.000,0.000,0.000,1
2026-01-31 14:20:46,10152616,-1713.000,7707.000,2347.000,-258.000,45.000,-28.000,0.000,0.000,1
2026-01-31 14:20:46,10152654,-1695.000,7652.000,2378.000,-166.000,25.000,-32.000,0.000,0.000,1
2026-01-31 14:20:46,10152694,-1735.000,7700.000,2293.000,-187.000,-10.000,-20.000,0.000,0.000,1
2026-01-31 14:20:46,10152734,-1648.000,7591.000,2376.000,-270.000,-28.000,18.000,0.000,0.000,1
2026-01-31 14:20:46,10152774,-1717.000,7717.000,2528.000,-64.000,5.000,-23.000,0.000,0.000,1
2026-01-31 14:20:46,10152814,-1710.000,7627.000,2433.000,-313.000,91.000,-13.000,0.000,0.000,1
2026-01-31 14:20:46,10152854,-1656.000,7527.000,2262.000,-135.000,52.000,4.000,0.000,0.000,1
2026-01-31 14:20:46,10152894,-1641.000,7578.000,2457.000,-50.000,36.000,25.000,0.000,0.000,1
2026-01-31 14:20:46,10152934,-1642.000,7692.000,2578.000,-150.000,-40.000,27.000,0.000,0.000,1
2026-01-31 14:20:46,10152974,-1891.000,7627.000,2399.000,55.000,145.000,-40.000,0.000,0.000,1
2026-01-31 14:20:46,10153014,-1712.000,7794.000,2397.000,-88.000,-112.000,36.000,0.000,0.000,1
2026-01-31 14:20:47,10153054,-1623.000,7499.000,2634.000,-168.000,-61.000,9.000,0.000,0.000,1
2026-01-31 14:20:47,10153094,-1671.000,7568.000,2479.000,97.000,126.000,24.000,0.000,0.000,1
2026-01-31 14:20:47,10153134,-1762.000,7697.000,2403.000,97.000,139.000,-7.000,0.000,0.000,1
2026-01-31 14:20:47,10153174,-1706.000,7750.000,2410.000,-7.000,40.000,10.000,0.000,0.000,1
2026-01-31 14:20:47,10153214,-1674.000,7649.000,2472.000,-55.000,27.000,4.000,0.000,0.000,1
2026-01-31 14:20:47,10153254,-1709.000,7608.000,2470.000,-34.000,51.000,5.000,0.000,0.000,1
2026-01-31 14:20:47,10153294,-1714.000,7705.000,2426.000,7.000,67.000,16.000,0.000,0.000,1
2026-01-31 14:20:47,10153334,-1686.000,7647.000,2449.000,-30.000,37.000,4.000,0.000,0.000,1
2026-01-31 14:20:47,10153374,-1726.000,7680.000,2472.000,-15.000,28.000,6.000,0.000,0.000,1
2026-01-31 14:20:47,10153414,-1695.000,7656.000,2465.000,-2.000,9.000,18.000,0.000,0.000,1
2026-01-31 14:20:47,10153454,-1658.000,7693.000,2467.000,-4.000,27.000,1.000,0.000,0.000,1
2026-01-31 14:20:47,10153494,-1708.000,7656.000,2460.000,-11.000,63.000,-26.000,0.000,0.000,1
2026-01-31 14:20:47,10153534,-1749.000,7633.000,2467.000,-26.000,68.000,-19.000,0.000,0.000,1
2026-01-31 14:20:47,10153574,-1721.000,7674.000,2438.000,0.000,66.000,-22.000,0.000,0.000,1
2026-01-31 14:20:47,10153614,-1715.000,7665.000,2415.000,17.000,50.000,-9.000,0.000,0.000,1
2026-01-31 14:20:47,10153654,-1710.000,7684.000,2455.000,-4.000,38.000,-6.000,0.000,0.000,1
2026-01-31 14:20:47,10153694,-1742.000,7625.000,2452.000,6.000,64.000,-22.000,0.000,0.000,1
2026-01-31 14:20:47,10153734,-1742.000,7681.000,2431.000,-10.000,63.000,-15.000,0.000,0.000,1
2026-01-31 14:20:47,10153774,-1758.000,7652.000,2457.000,-22.000,1.000,5.000,0.000,0.000,1
2026-01-31 14:20:47,10153814,-1740.000,7654.000,2439.000,-8.000,14.000,-3.000,0.000,0.000,1
2026-01-31 14:20:47,10153854,-1744.000,7651.000,2448.000,-21.000,8.000,-11.000,0.000,0.000,1
2026-01-31 14:20:47,10153894,-1739.000,7642.000,2451.000,-4.000,10.000,-15.000,0.000,0.000,1
2026-01-31 14:20:47,10153934,-1743.000,7658.000,2443.000,3.000,12.000,-3.000,0.000,0.000,1
2026-01-31 14:20:47,10153974,-1731.000,7655.000,2442.000,-31.000,10.000,1.000,0.000,0.000,1
2026-01-31 14:20:47,10154014,-1735.000,7660.000,2449.000,-26.000,10.000,16.000,0.000,0.000,1
2026-01-31 14:20:48,10154054,-1745.000,7646.000,2439.000,-25.000,3.000,5.000,0.000,0.000,1
2026-01-31 14:20:48,10154094,-1750.000,7668.000,2460.000,-19.000,6.000,3.000,0.000,0.000,1
2026-01-31 14:20:48,10154134,-1734.000,7652.000,2442.000,-19.000,-4.000,-2.000,0.000,0.000,1
2026-01-31 14:20:48,10154174,-1722.000,7634.000,2469.000,-10.000,-9.000,11.000,0.000,0.000,1
2026-01-31 14:20:48,10154214,-1733.000,7678.000,2441.000,9.000,-10.000,6.000,0.000,0.000,1
2026-01-31 14:20:48,10154254,-1705.000,7660.000,2447.000,-17.000,15.000,8.000,0.000,0.000,1
2026-01-31 14:20:48,10154294,-1756.000,7645.000,2460.000,2.000,21.000,-12.000,0.000,0.000,1
2026-01-31 14:20:48,10154334,-1749.000,7666.000,2468.000,-17.000,15.000,8.000,0.000,0.000,1
2026-01-31 14:20:48,10154375,-1709.000,7632.000,2428.000,-12.000,17.000,3.000,0.000,0.000,1
2026-01-31 14:20:48,10154414,-1752.000,7673.000,2425.000,-5.000,19.000,-5.000,0.000,0.000,1
2026-01-31 14:20:48,10154454,-1752.000,7639.000,2463.000,-27.000,-6.000,-5.000,0.000,0.000,1
2026-01-31 14:20:48,10154494,-1719.000,7651.000,2454.000,-11.000,18.000,-3.000,0.000,0.000,1
2026-01-31 14:20:48,10154534,-1742.000,7633.000,2478.000,-36.000,24.000,-7.000,0.000,-133.720,1
2026-01-31 14:20:48,10154576,-1768.000,7658.000,2469.000,3.000,22.000,-7.000,0.000,-133.720,1
2026-01-31 14:20:48,10154614,-1767.000,7654.000,2453.000,-7.000,13.000,2.000,0.000,-133.720,1
2026-01-31 14:20:48,10154654,-1742.000,7635.000,2459.000,-24.000,-6.000,5.000,0.000,-133.720,1
2026-01-31 14:20:48,10154694,-1743.000,7646.000,2453.000,10.000,9.000,8.000,0.000,-133.720,1
2026-01-31 14:20:48,10154734,-1734.000,7657.000,2442.000,-13.000,13.000,9.000,0.000,-133.720,1
2026-01-31 14:20:48,10154774,-1738.000,7646.000,2462.000,-16.000,8.000,8.000,0.000,-133.720,1
2026-01-31 14:20:48,10154814,-1746.000,7653.000,2466.000,0.000,17.000,3.000,0.000,-133.720,1
2026-01-31 14:20:48,10154854,-1754.000,7652.000,2453.000,-5.000,12.000,7.000,0.000,-133.720,1
2026-01-31 14:20:48,10154894,-1755.000,7653.000,2461.000,-5.000,4.000,10.000,0.000,-133.720,1
2026-01-31 14:20:48,10154934,-1755.000,7674.000,2452.000,4.000,5.000,6.000,0.000,-133.720,1
2026-01-31 14:20:48,10154974,-1728.000,7623.000,2459.000,-11.000,-13.000,3.000,0.000,-133.720,1
2026-01-31 14:20:48,10155014,-1719.000,7668.000,2437.000,20.000,-2.000,17.000,0.000,-133.720,1
2026-01-31 14:20:49,10155054,-1697.000,7649.000,2454.000,-24.000,14.000,7.000,0.000,-133.720,1
2026-01-31 14:20:49,10155094,-1787.000,7672.000,2456.000,-8.000,34.000,-6.000,0.000,-133.720,1
2026-01-31 14:20:49,10155134,-1782.000,7653.000,2481.000,-44.000,-3.000,4.000,0.000,-133.720,1
2026-01-31 14:20:49,10155174,-1700.000,7644.000,2446.000,-11.000,-4.000,6.000,0.000,-133.720,1
2026-01-31 14:20:49,10155214,-1750.000,7673.000,2420.000,-14.000,11.000,-7.000,0.000,-133.720,1
2026-01-31 14:20:49,10155254,-1769.000,7619.000,2488.000,-26.000,-18.000,1.000,0.000,-133.720,1
2026-01-31 14:20:49,10155294,-1713.000,7663.000,2450.000,9.000,4.000,16.000,0.000,-133.720,1
2026-01-31 14:20:49,10155334,-1757.000,7658.000,2469.000,-27.000,1.000,12.000,0.000,-133.720,1
2026-01-31 14:20:49,10155374,-1780.000,7656.000,2481.000,-12.000,-6.000,25.000,0.000,-133.720,1
2026-01-31 14:20:49,10155414,-1743.000,7637.000,2461.000,-4.000,-24.000,28.000,0.000,-133.720,1
2026-01-31 14:20:49,10155454,-1723.000,7623.000,2480.000,0.000,-18.000,22.000,0.000,-133.720,1
2026-01-31 14:20:49,10155494,-1735.000,7641.000,2451.000,22.000,-11.000,25.000,0.000,-133.720,1
2026-01-31 14:20:49,10155534,-1726.000,7676.000,2457.000,-1.000,-15.000,42.000,0.000,-20.300,1
2026-01-31 14:20:49,10155574,-1714.000,7647.000,2475.000,3.000,-24.000,47.000,0.000,-20.300,1
2026-01-31 14:20:49,10155614,-1710.000,7672.000,2460.000,11.000,-12.000,38.000,0.000,-20.300,1
2026-01-31 14:20:49,10155654,-1718.000,7626.000,2441.000,4.000,-12.000,24.000,0.000,-20.300,1
2026-01-31 14:20:49,10155694,-1710.000,7666.000,2449.000,8.000,-15.000,36.000,0.000,-20.300,1
2026-01-31 14:20:49,10155734,-1693.000,7684.000,2464.000,14.000,-22.000,33.000,0.000,-20.300,1
2026-01-31 14:20:49,10155774,-1713.000,7665.000,2465.000,-8.000,-15.000,25.000,0.000,-20.300,1
2026-01-31 14:20:49,10155814,-1686.000,7651.000,2426.000,15.000,-30.000,36.000,0.000,-20.300,1
2026-01-31 14:20:49,10155854,-1633.000,7691.000,2453.000,-2.000,-15.000,44.000,0.000,-20.300,1
2026-01-31 14:20:49,10155894,-1708.000,7690.000,2464.000,-6.000,5.000,27.000,0.000,-20.300,1
2026-01-31 14:20:49,10155934,-1726.000,7668.000,2461.000,-46.000,-10.000,6.000,0.000,-20.300,1
2026-01-31 14:20:49,10155974,-1683.000,7671.000,2422.000,-17.000,4.000,8.000,0.000,-20.300,1
2026-01-31 14:20:49,10156014,-1643.000,7636.000,2417.000,-38.000,3.000,0.000,0.000,-20.300,1
2026-01-31 14:20:50,10156054,-1695.000,7668.000,2469.000,-39.000,0.000,3.000,0.000,-20.300,1
2026-01-31 14:20:50,10156094,-1690.000,7642.000,2474.000,-55.000,21.000,-9.000,0.000,-20.300,1
2026-01-31 14:20:50,10156134,-1662.000,7666.000,2470.000,-31.000,25.000,1.000,0.000,-20.300,1
2026-01-31 14:20:50,10156174,-1700.000,7632.000,2468.000,-34.000,20.000,-12.000,0.000,-20.300,1
2026-01-31 14:20:50,10156214,-1706.000,7629.000,2486.000,-20.000,25.000,-13.000,0.000,-20.300,1
2026-01-31 14:20:50,10156254,-1704.000,7637.000,2476.000,-13.000,23.000,-1.000,0.000,-20.300,1
2026-01-31 14:20:50,10156297,-1688.000,7645.000,2470.000,20.000,22.000,8.000,0.000,-20.300,1
2026-01-31 14:20:50,10156336,-1706.000,7676.000,2494.000,11.000,30.000,-4.000,0.000,-20.300,1
2026-01-31 14:20:50,10156374,-1722.000,7652.000,2478.000,4.000,31.000,-13.000,0.000,-20.300,1
2026-01-31 14:20:50,10156414,-1696.000,7653.000,2460.000,22.000,26.000,-3.000,0.000,-20.300,1
2026-01-31 14:20:50,10156454,-1707.000,7616.000,2462.000,0.000,15.000,-4.000,0.000,-20.300,1
2026-01-31 14:20:50,10156494,-1724.000,7659.000,2454.000,32.000,24.000,-2.000,0.000,-20.300,1
2026-01-31 14:20:50,10156534,-1719.000,7651.000,2471.000,28.000,14.000,-3.000,0.000,0.000,1
2026-01-31 14:20:50,10156577,-1701.000,7714.000,2435.000,55.000,20.000,5.000,0.000,0.000,1
2026-01-31 14:20:50,10156614,-1684.000,7691.000,2446.000,23.000,16.000,9.000,0.000,0.000,1
2026-01-31 14:20:50,10156654,-1702.000,7635.000,2463.000,19.000,23.000,4.000,0.000,0.000,1
2026-01-31 14:20:50,10156694,-1751.000,7689.000,2450.000,12.000,32.000,1.000,0.000,0.000,1
2026-01-31 14:20:50,10156734,-1703.000,7671.000,2415.000,-2.000,14.000,7.000,0.000,0.000,1
2026-01-31 14:20:50,10156774,-1685.000,7682.000,2420.000,-9.000,27.000,-5.000,0.000,0.000,1
2026-01-31 14:20:50,10156814,-1711.000,7662.000,2450.000,-10.000,24.000,-13.000,0.000,0.000,1
2026-01-31 14:20:50,10156854,-1693.000,7673.000,2442.000,-12.000,34.000,-17.000,0.000,0.000,1
2026-01-31 14:20:50,10156894,-1715.000,7675.000,2449.000,-25.000,29.000,-15.000,0.000,0.000,1
2026-01-31 14:20:50,10156934,-1730.000,7669.000,2457.000,-17.000,25.000,-4.000,0.000,0.000,1
2026-01-31 14:20:50,10156974,-1727.000,7643.000,2453.000,-21.000,21.000,-2.000,0.000,0.000,1
2026-01-31 14:20:50,10157014,-1723.000,7637.000,2441.000,-17.000,16.000,-9.000,0.000,0.000,1
2026-01-31 14:20:51,10157054,-1727.000,7668.000,2423.000,2.000,22.000,0.000,0.000,0.000,1
2026-01-31 14:20:51,10157094,-1734.000,7658.000,2460.000,-13.000,18.000,4.000,0.000,0.000,1
2026-01-31 14:20:51,10157134,-1709.000,7658.000,2453.000,9.000,18.000,-10.000,0.000,0.000,1
2026-01-31 14:20:51,10157174,-1723.000,7662.000,2437.000,-1.000,23.000,-4.000,0.000,0.000,1
2026-01-31 14:20:51,10157214,-1740.000,7656.000,2444.000,-20.000,16.000,12.000,0.000,0.000,1
2026-01-31 14:20:51,10157254,-1739.000,7652.000,2439.000,-2.000,10.000,13.000,0.000,0.000,1
2026-01-31 14:20:51,10157294,-1728.000,7667.000,2443.000,15.000,7.000,10.000,0.000,0.000,1
2026-01-31 14:20:51,10157334,-1738.000,7664.000,2453.000,9.000,2.000,-1.000,0.000,0.000,1
2026-01-31 14:20:51,10157374,-1699.000,7665.000,2432.000,6.000,-6.000,2.000,0.000,0.000,1
2026-01-31 14:20:51,10157414,-1688.000,7674.000,2433.000,-2.000,9.000,16.000,0.000,0.000,1
2026-01-31 14:20:51,10157454,-1715.000,7661.000,2435.000,-12.000,24.000,4.000,0.000,0.000,1
2026-01-31 14:20:51,10157494,-1758.000,7678.000,2458.000,-28.000,15.000,4.000,0.000,0.000,1
2026-01-31 14:20:51,10157534,-1713.000,7655.000,2430.000,-20.000,16.000,0.000,0.000,-19.680,1
2026-01-31 14:20:51,10157574,-1688.000,7682.000,2420.000,-16.000,24.000,-4.000,0.000,-19.680,1
2026-01-31 14:20:51,10157614,-1725.000,7662.000,2464.000,-24.000,11.000,-17.000,0.000,-19.680,1
2026-01-31 14:20:51,10157654,-1716.000,7649.000,2446.000,-27.000,36.000,-20.000,0.000,-19.680,1
2026-01-31 14:20:51,10157694,-1735.000,7656.000,2453.000,-34.000,22.000,-12.000,0.000,-19.680,1
2026-01-31 14:20:51,10157734,-1749.000,7647.000,2464.000,-20.000,22.000,-7.000,0.000,-19.680,1
2026-01-31 14:20:51,10157774,-1751.000,7669.000,2455.000,-10.000,21.000,6.000,0.000,-19.680,1
2026-01-31 14:20:51,10157814,-1741.000,7637.000,2447.000,-19.000,10.000,-9.000,0.000,-19.680,1
2026-01-31 14:20:51,10157854,-1741.000,7658.000,2445.000,6.000,7.000,-3.000,0.000,-19.680,1
2026-01-31 14:20:51,10157894,-1724.000,7644.000,2450.000,-3.000,6.000,-2.000,0.000,-19.680,1
2026-01-31 14:20:51,10157934,-1725.000,7660.000,2447.000,-8.000,15.000,-4.000,0.000,-19.680,1
2026-01-31 14:20:51,10157974,-1728.000,7637.000,2451.000,-6.000,17.000,12.000,0.000,-19.680,1
2026-01-31 14:20:51,10158014,-1745.000,7660.000,2433.000,15.000,12.000,1.000,0.000,-19.680,1
2026-01-31 14:20:52,10158054,-1748.000,7661.000,2459.000,-7.000,-1.000,8.000,0.000,-19.680,1
2026-01-31 14:20:52,10158094,-1752.000,7678.000,2455.000,7.000,5.000,0.000,0.000,-19.680,1
2026-01-31 14:20:52,10158134,-1720.000,7644.000,2445.000,2.000,-1.000,5.000,0.000,-19.680,1
2026-01-31 14:20:52,10158174,-1740.000,7684.000,2418.000,9.000,4.000,9.000,0.000,-19.680,1
2026-01-31 14:20:52,10158214,-1672.000,7615.000,2423.000,-4.000,4.000,17.000,0.000,-19.680,1
2026-01-31 14:20:52,10158254,-1760.000,7687.000,2437.000,-6.000,31.000,-10.000,0.000,-19.680,1
2026-01-31 14:20:52,10158294,-1787.000,7664.000,2464.000,-41.000,1.000,2.000,0.000,-19.680,1
2026-01-31 14:20:52,10158334,-1698.000,7643.000,2445.000,-8.000,0.000,6.000,0.000,-19.680,1
2026-01-31 14:20:52,10158374,-1748.000,7665.000,2430.000,-29.000,13.000,-13.000,0.000,-19.680,1
2026-01-31 14:20:52,10158414,-1732.000,7632.000,2462.000,-19.000,0.000,-10.000,0.000,-19.680,1
2026-01-31 14:20:52,10158454,-1734.000,7670.000,2432.000,16.000,38.000,-10.000,0.000,-19.680,1
2026-01-31 14:20:52,10158494,-1720.000,7661.000,2450.000,-21.000,20.000,-16.000,0.000,-19.680,1
2026-01-31 14:20:52,10158534,-1790.000,7670.000,2465.000,-8.000,25.000,-8.000,0.000,-15.380,1
2026-01-31 14:20:52,10158577,-1743.000,7641.000,2465.000,-16.000,-11.000,10.000,0.000,-15.380,1
2026-01-31 14:20:52,10158614,-1746.000,7648.000,2456.000,-2.000,-3.000,13.000,0.000,-15.380,1
2026-01-31 14:20:52,10158654,-1754.000,7647.000,2430.000,3.000,-4.000,14.000,0.000,-15.380,1
2026-01-31 14:20:52,10158694,-1740.000,7654.000,2448.000,-15.000,-11.000,17.000,0.000,-15.380,1
2026-01-31 14:20:52,10158734,-1740.000,7666.000,2448.000,-9.000,-4.000,34.000,0.000,-15.380,1
2026-01-31 14:20:52,10158774,-1729.000,7649.000,2440.000,-15.000,-10.000,31.000,0.000,-15.380,1
2026-01-31 14:20:52,10158814,-1750.000,7650.000,2450.000,-21.000,-6.000,29.000,0.000,-15.380,1
2026-01-31 14:20:52,10158854,-1740.000,7646.000,2470.000,-15.000,-15.000,37.000,0.000,-15.380,1
2026-01-31 14:20:52,10158894,-1733.000,7681.000,2471.000,1.000,-3.000,29.000,0.000,-15.380,1
2026-01-31 14:20:52,10158934,-1701.000,7636.000,2455.000,-31.000,-20.000,39.000,0.000,-15.380,1
2026-01-31 14:20:52,10158974,-1727.000,7653.000,2451.000,-25.000,-16.000,29.000,0.000,-15.380,1
2026-01-31 14:20:52,10159014,-1678.000,7703.000,2446.000,-38.000,-15.000,61.000,0.000,-15.380,1
2026-01-31 14:20:53,10159054,-1698.000,7650.000,2493.000,-72.000,-5.000,40.000,0.000,-15.380,1
2026-01-31 14:20:53,10159094,-1742.000,7653.000,2494.000,-43.000,-18.000,33.000,0.000,-15.380,1
2026-01-31 14:20:53,10159134,-1670.000,7661.000,2437.000,-33.000,-29.000,41.000,0.000,-15.380,1
2026-01-31 14:20:53,10159174,-1653.000,7648.000,2448.000,-67.000,-36.000,30.000,0.000,-15.380,1
2026-01-31 14:20:53,10159214,-1703.000,7654.000,2481.000,-57.000,-27.000,14.000,0.000,-15.380,1
2026-01-31 14:20:53,10159254,-1687.000,7638.000,2504.000,-65.000,-6.000,23.000,0.000,-15.380,1
2026-01-31 14:20:53,10159294,-1666.000,7633.000,2505.000,-42.000,-4.000,30.000,0.000,-15.380,1
2026-01-31 14:20:53,10159334,-1711.000,7678.000,2483.000,-23.000,4.000,36.000,0.000,-15.380,1
2026-01-31 14:20:53,10159374,-1698.000,7644.000,2516.000,-76.000,-10.000,18.000,0.000,-15.380,1
2026-01-31 14:20:53,10159414,-1690.000,7616.000,2516.000,-30.000,-12.000,5.000,0.000,-15.380,1
2026-01-31 14:20:53,10159454,-1655.000,7636.000,2485.000,-8.000,2.000,15.000,0.000,-15.380,1
2026-01-31 14:20:53,10159494,-1673.000,7638.000,2520.000,-20.000,9.000,-2.000,0.000,-15.380,1
2026-01-31 14:20:53,10159534,-1688.000,7636.000,2520.000,-6.000,31.000,-2.000,0.000,3.270,1
2026-01-31 14:20:53,10159574,-1678.000,7642.000,2494.000,1.000,37.000,5.000,0.000,3.270,1
2026-01-31 14:20:53,10159614,-1692.000,7656.000,2481.000,-4.000,39.000,-1.000,0.000,3.270,1
2026-01-31 14:20:53,10159654,-1696.000,7650.000,2511.000,-35.000,14.000,-16.000,0.000,3.270,1
2026-01-31 14:20:53,10159694,-1685.000,7614.000,2531.000,-13.000,11.000,-8.000,0.000,3.270,1
2026-01-31 14:20:53,10159734,-1692.000,7636.000,2468.000,25.000,13.000,-9.000,0.000,3.270,1
2026-01-31 14:20:53,10159774,-1648.000,7676.000,2510.000,-37.000,4.000,17.000,0.000,3.270,1
2026-01-31 14:20:53,10159814,-1685.000,7628.000,2542.000,-13.000,17.000,-14.000,0.000,3.270,1
2026-01-31 14:20:53,10159854,-1721.000,7645.000,2493.000,-7.000,18.000,-7.000,0.000,3.270,1
2026-01-31 14:20:53,10159894,-1647.000,7629.000,2479.000,-7.000,22.000,-13.000,0.000,3.270,1
2026-01-31 14:20:53,10159934,-1715.000,7669.000,2510.000,1.000,33.000,-12.000,0.000,3.270,1
2026-01-31 14:20:53,10159974,-1718.000,7622.000,2534.000,-11.000,11.000,-22.000,0.000,3.270,1
2026-01-31 14:20:53,10160014,-1674.000,7629.000,2495.000,21.000,23.000,-9.000,0.000,3.270,1
2026-01-31 14:20:54,10160054,-1688.000,7638.000,2503.000,6.000,29.000,-8.000,0.000,3.270,1
2026-01-31 14:20:54,10160094,-1729.000,7651.000,2509.000,20.000,25.000,-5.000,0.000,3.270,1
2026-01-31 14:20:54,10160134,-1734.000,7636.000,2503.000,16.000,23.000,2.000,0.000,3.270,1
2026-01-31 14:20:54,10160174,-1695.000,7625.000,2510.000,16.000,27.000,-8.000,0.000,3.270,1
2026-01-31 14:20:54,10160214,-1723.000,7650.000,2473.000,31.000,31.000,1.000,0.000,3.270,1
2026-01-31 14:20:54,10160254,-1714.000,7656.000,2492.000,21.000,20.000,-1.000,0.000,3.270,1
2026-01-31 14:20:54,10160294,-1721.000,7645.000,2483.000,29.000,10.000,5.000,0.000,3.270,1
2026-01-31 14:20:54,10160337,-1703.000,7662.000,2464.000,-7.000,-14.000,21.000,0.000,3.270,1
2026-01-31 14:20:54,10160376,-1712.000,7629.000,2502.000,-16.000,5.000,8.000,0.000,3.270,1
2026-01-31 14:20:54,10160414,-1731.000,7665.000,2485.000,-1.000,18.000,9.000,0.000,3.270,1
2026-01-31 14:20:54,10160454,-1723.000,7623.000,2468.000,-43.000,-16.000,7.000,0.000,3.270,1
2026-01-31 14:20:54,10160494,-1663.000,7673.000,2493.000,-17.000,-17.000,22.000,0.000,3.270,1
2026-01-31 14:20:54,10160534,-1676.000,7641.000,2482.000,-3.000,26.000,-4.000,0.000,0.000,1
2026-01-31 14:20:54,10160577,-1742.000,7662.000,2517.000,-29.000,33.000,-32.000,0.000,0.000,1
2026-01-31 14:20:54,10160614,-1725.000,7620.000,2497.000,-23.000,23.000,-33.000,0.000,0.000,1
2026-01-31 14:20:54,10160654,-1683.000,7646.000,2473.000,-6.000,52.000,-34.000,0.000,0.000,1
2026-01-31 14:20:54,10160694,-1738.000,7651.000,2484.000,-18.000,29.000,-18.000,0.000,0.000,1
2026-01-31 14:20:54,10160734,-1694.000,7630.000,2510.000,-17.000,23.000,-15.000,0.000,0.000,1
2026-01-31 14:20:54,10160774,-1691.000,7638.000,2487.000,6.000,48.000,-31.000,0.000,0.000,1
2026-01-31 14:20:54,10160814,-1683.000,7631.000,2501.000,3.000,63.000,-35.000,0.000,0.000,1
2026-01-31 14:20:54,10160854,-1678.000,7583.000,2507.000,63.000,88.000,-77.000,0.000,0.000,1
2026-01-31 14:20:54,10160894,-1745.000,7750.000,2483.000,85.000,150.000,-73.000,0.000,0.000,1
2026-01-31 14:20:54,10160934,-1869.000,7589.000,2450.000,9.000,157.000,-121.000,0.000,0.000,1
2026-01-31 14:20:54,10160974,-1854.000,7563.000,2412.000,-23.000,28.000,-120.000,0.000,0.000,1
2026-01-31 14:20:54,10161014,-1865.000,7745.000,2424.000,-22.000,-131.000,-47.000,0.000,0.000,1
2026-01-31 14:20:55,10161054,-1801.000,7655.000,2503.000,-20.000,-116.000,104.000,0.000,0.000,1
2026-01-31 14:20:55,10161094,-1688.000,7650.000,2460.000,10.000,-72.000,38.000,0.000,0.000,1
2026-01-31 14:20:55,10161134,-1703.000,7628.000,2429.000,64.000,44.000,-44.000,0.000,0.000,1
2026-01-31 14:20:55,10161174,-1727.000,7611.000,2403.000,170.000,80.000,-115.000,0.000,0.000,1
2026-01-31 14:20:55,10161214,-1854.000,7715.000,2406.000,105.000,37.000,-103.000,0.000,0.000,1
2026-01-31 14:20:55,10161254,-1750.000,7621.000,2504.000,-85.000,-46.000,50.000,0.000,0.000,1
2026-01-31 14:20:55,10161294,-1705.000,7637.000,2474.000,-44.000,-58.000,60.000,0.000,0.000,1
2026-01-31 14:20:55,10161334,-1763.000,7630.000,2521.000,-131.000,-22.000,61.000,0.000,0.000,1
2026-01-31 14:20:55,10161374,-1745.000,7649.000,2546.000,-112.000,-15.000,28.000,0.000,0.000,1
2026-01-31 14:20:55,10161414,-1664.000,7663.000,2406.000,19.000,29.000,-31.000,0.000,0.000,1
2026-01-31 14:20:55,10161454,-1767.000,7659.000,2445.000,-22.000,71.000,-69.000,0.000,0.000,1
2026-01-31 14:20:55,10161494,-1797.000,7568.000,2461.000,-5.000,62.000,-61.000,0.000,0.000,1
2026-01-31 14:20:55,10161534,-1800.000,7672.000,2459.000,16.000,57.000,-54.000,0.000,0.000,1
2026-01-31 14:20:55,10161574,-1843.000,7717.000,2469.000,-31.000,48.000,-46.000,0.000,0.000,1
2026-01-31 14:20:55,10161614,-1837.000,7620.000,2485.000,-28.000,30.000,-65.000,0.000,0.000,1
2026-01-31 14:20:55,10161654,-1877.000,7626.000,2461.000,-1.000,35.000,-53.000,0.000,0.000,1
2026-01-31 14:20:55,10161694,-1892.000,7594.000,2457.000,-32.000,13.000,-21.000,0.000,0.000,1
2026-01-31 14:20:55,10161734,-1781.000,7592.000,2469.000,-2.000,-18.000,13.000,0.000,0.000,1
2026-01-31 14:20:55,10161774,-1826.000,7713.000,2462.000,-3.000,14.000,21.000,0.000,0.000,1
2026-01-31 14:20:55,10161814,-1784.000,7617.000,2477.000,-59.000,2.000,16.000,0.000,0.000,1
2026-01-31 14:20:55,10161854,-1810.000,7610.000,2476.000,-39.000,16.000,-30.000,0.000,0.000,1
2026-01-31 14:20:55,10161894,-1863.000,7689.000,2493.000,-47.000,12.000,-9.000,0.000,0.000,1
2026-01-31 14:20:55,10161934,-1786.000,7564.000,2496.000,-63.000,-51.000,10.000,0.000,0.000,1
2026-01-31 14:20:55,10161974,-1762.000,7613.000,2469.000,-12.000,-43.000,22.000,0.000,0.000,1
2026-01-31 14:20:55,10162014,-1767.000,7639.000,2499.000,-22.000,-18.000,19.000,0.000,0.000,1
2026-01-31 14:20:56,10162054,-1809.000,7641.000,2501.000,-39.000,15.000,-4.000,0.000,0.000,1
2026-01-31 14:20:56,10162094,-1789.000,7607.000,2523.000,-44.000,-1.000,-25.000,0.000,0.000,1
2026-01-31 14:20:56,10162134,-1785.000,7631.000,2473.000,-13.000,44.000,-17.000,0.000,0.000,1
2026-01-31 14:20:56,10162174,-1848.000,7614.000,2495.000,-43.000,41.000,4.000,0.000,0.000,1
2026-01-31 14:20:56,10162214,-1820.000,7611.000,2528.000,-65.000,9.000,-13.000,0.000,0.000,1
2026-01-31 14:20:56,10162254,-1807.000,7622.000,2509.000,-26.000,27.000,-13.000,0.000,0.000,1
2026-01-31 14:20:56,10162294,-1801.000,7623.000,2514.000,-24.000,22.000,-4.000,0.000,0.000,1
2026-01-31 14:20:56,10162337,-1868.000,7587.000,2521.000,-19.000,32.000,-9.000,0.000,0.000,1
2026-01-31 14:20:56,10162377,-1842.000,7610.000,2519.000,-3.000,7.000,4.000,0.000,0.000,1
2026-01-31 14:20:56,10162414,-1809.000,7597.000,2505.000,-8.000,4.000,7.000,0.000,0.000,1
2026-01-31 14:20:56,10162454,-1807.000,7629.000,2488.000,9.000,22.000,4.000,0.000,0.000,1
2026-01-31 14:20:56,10162494,-1838.000,7613.000,2520.000,-4.000,25.000,5.000,0.000,0.000,1
2026-01-31 14:20:56,10162534,-1789.000,7606.000,2522.000,8.000,13.000,-5.000,0.000,23.480,1
2026-01-31 14:20:56,10162577,-1843.000,7616.000,2508.000,5.000,24.000,31.000,0.000,23.480,1
2026-01-31 14:20:56,10162614,-1832.000,7617.000,2515.000,27.000,9.000,28.000,0.000,23.480,1
2026-01-31 14:20:56,10162654,-1773.000,7570.000,2508.000,97.000,13.000,41.000,0.000,23.480,1
2026-01-31 14:20:56,10162694,-1867.000,7631.000,2472.000,275.000,50.000,-13.000,0.000,23.480,1
2026-01-31 14:20:56,10162734,-1771.000,7643.000,2420.000,320.000,10.000,2.000,0.000,23.480,1
2026-01-31 14:20:56,10162774,-1793.000,7641.000,2382.000,341.000,73.000,-12.000,0.000,23.480,1
2026-01-31 14:20:56,10162814,-1913.000,7631.000,2393.000,214.000,68.000,-44.000,0.000,23.480,1
2026-01-31 14:20:56,10162854,-1766.000,7659.000,2395.000,155.000,20.000,-12.000,0.000,23.480,1
2026-01-31 14:20:56,10162894,-1753.000,7635.000,2385.000,284.000,101.000,-116.000,0.000,23.480,1
2026-01-31 14:20:56,10162934,-1941.000,7717.000,2256.000,328.000,124.000,-153.000,0.000,23.480,1
2026-01-31 14:20:56,10162974,-1813.000,7816.000,2248.000,-19.000,-27.000,-46.000,0.000,23.480,1
2026-01-31 14:20:56,10163014,-1875.000,7615.000,2369.000,-121.000,15.000,-81.000,0.000,23.480,1
2026-01-31 14:20:57,10163054,-1929.000,7637.000,2285.000,27.000,16.000,-33.000,0.000,23.480,1
2026-01-31 14:20:57,10163094,-1896.000,7696.000,2256.000,-167.000,-77.000,10.000,0.000,23.480,1
2026-01-31 14:20:57,10163134,-1783.000,7614.000,2370.000,-203.000,-98.000,4.000,0.000,23.480,1
2026-01-31 14:20:57,10163174,-1835.000,7656.000,2385.000,-125.000,-66.000,-73.000,0.000,23.480,1
2026-01-31 14:20:57,10163214,-1918.000,7729.000,2351.000,-52.000,-12.000,-68.000,0.000,23.480,1
2026-01-31 14:20:57,10163254,-1929.000,7642.000,2364.000,-110.000,-24.000,-29.000,0.000,23.480,1
2026-01-31 14:20:57,10163294,-1831.000,7586.000,2387.000,-109.000,-19.000,-24.000,0.000,23.480,1
2026-01-31 14:20:57,10163334,-1953.000,7645.000,2391.000,-70.000,33.000,-25.000,0.000,23.480,1
2026-01-31 14:20:57,10163374,-1930.000,7676.000,2378.000,-63.000,-4.000,21.000,0.000,23.480,1
2026-01-31 14:20:57,10163414,-1878.000,7662.000,2400.000,-109.000,-2.000,10.000,0.000,23.480,1
2026-01-31 14:20:57,10163454,-1886.000,7636.000,2396.000,-98.000,-8.000,27.000,0.000,23.480,1
2026-01-31 14:20:57,10163494,-1866.000,7685.000,2395.000,-151.000,-29.000,45.000,0.000,23.480,1
2026-01-31 14:20:57,10163534,-1894.000,7613.000,2486.000,-163.000,-2.000,24.000,0.000,-6.210,1
2026-01-31 14:20:57,10163574,-1902.000,7591.000,2497.000,-153.000,-17.000,33.000,0.000,-6.210,1
2026-01-31 14:20:57,10163614,-1878.000,7638.000,2458.000,-103.000,-19.000,29.000,0.000,-6.210,1
2026-01-31 14:20:57,10163654,-1865.000,7612.000,2473.000,-66.000,-20.000,16.000,0.000,-6.210,1
2026-01-31 14:20:57,10163694,-1845.000,7594.000,2489.000,-66.000,-25.000,37.000,0.000,-6.210,1
2026-01-31 14:20:57,10163734,-1879.000,7611.000,2490.000,-19.000,-16.000,14.000,0.000,-6.210,1
2026-01-31 14:20:57,10163774,-1840.000,7613.000,2489.000,-24.000,-20.000,42.000,0.000,-6.210,1
2026-01-31 14:20:57,10163814,-1836.000,7674.000,2492.000,51.000,-20.000,-2.000,0.000,-6.210,1
2026-01-31 14:20:57,10163854,-1907.000,7635.000,2438.000,30.000,0.000,-18.000,0.000,-6.210,1
2026-01-31 14:20:57,10163894,-1900.000,7641.000,2470.000,-37.000,-28.000,20.000,0.000,-6.210,1
2026-01-31 14:20:57,10163934,-1853.000,7617.000,2476.000,-78.000,-45.000,15.000,0.000,-6.210,1
2026-01-31 14:20:57,10163974,-1882.000,7591.000,2474.000,-44.000,-28.000,5.000,0.000,-6.210,1
2026-01-31 14:20:57,10164014,-1864.000,7642.000,2481.000,-28.000,-15.000,24.000,0.000,-6.210,1
2026-01-31 14:20:58,10164054,-1851.000,7627.000,2485.000,-25.000,-33.000,5.000,0.000,-6.210,1
2026-01-31 14:20:58,10164094,-1847.000,7626.000,2512.000,-35.000,-26.000,28.000,0.000,-6.210,1
2026-01-31 14:20:58,10164134,-1835.000,7593.000,2526.000,-4.000,-31.000,3.000,0.000,-6.210,1
2026-01-31 14:20:58,10164174,-1856.000,7597.000,2466.000,46.000,-34.000,12.000,0.000,-6.210,1
2026-01-31 14:20:58,10164214,-1781.000,7660.000,2503.000,70.000,-38.000,27.000,0.000,-6.210,1
2026-01-31 14:20:58,10164254,-1846.000,7636.000,2506.000,85.000,-26.000,11.000,0.000,-6.210,1
2026-01-31 14:20:58,10164294,-1833.000,7562.000,2519.000,75.000,-1.000,17.000,0.000,-6.210,1
2026-01-31 14:20:58,10164334,-1770.000,7627.000,2436.000,178.000,45.000,-6.000,0.000,-6.210,1
2026-01-31 14:20:58,10164374,-1811.000,7604.000,2408.000,117.000,56.000,-22.000,0.000,-6.210,1
2026-01-31 14:20:58,10164414,-1830.000,7601.000,2430.000,67.000,37.000,-9.000,0.000,-6.210,1
2026-01-31 14:20:58,10164454,-1878.000,7651.000,2450.000,9.000,54.000,-27.000,0.000,-6.210,1
2026-01-31 14:20:58,10164494,-1813.000,7634.000,2447.000,84.000,46.000,-3.000,0.000,-6.210,1
2026-01-31 14:20:58,10164534,-1897.000,7675.000,2408.000,85.000,45.000,-26.000,0.000,-17.350,1
2026-01-31 14:20:58,10164577,-1893.000,7596.000,2443.000,17.000,25.000,-35.000,0.000,-17.350,1
2026-01-31 14:20:58,10164614,-1862.000,7568.000,2421.000,55.000,27.000,-25.000,0.000,-17.350,1
2026-01-31 14:20:58,10164654,-1850.000,7613.000,2416.000,115.000,34.000,-22.000,0.000,-17.350,1
2026-01-31 14:20:58,10164694,-1903.000,7670.000,2358.000,107.000,33.000,-11.000,0.000,-17.350,1
2026-01-31 14:20:58,10164734,-1920.000,7717.000,2374.000,-2.000,21.000,-10.000,0.000,-17.350,1
2026-01-31 14:20:58,10164774,-1869.000,7595.000,2394.000,-11.000,-3.000,-27.000,0.000,-17.350,1
2026-01-31 14:20:58,10164814,-1872.000,7646.000,2395.000,15.000,-13.000,-9.000,0.000,-17.350,1
2026-01-31 14:20:58,10164854,-1892.000,7624.000,2383.000,13.000,6.000,-10.000,0.000,-17.350,1
2026-01-31 14:20:58,10164894,-1846.000,7687.000,2379.000,67.000,14.000,3.000,0.000,-17.350,1
2026-01-31 14:20:58,10164934,-1882.000,7687.000,2379.000,33.000,24.000,-7.000,0.000,-17.350,1
2026-01-31 14:20:58,10164974,-1933.000,7661.000,2403.000,11.000,19.000,-12.000,0.000,-17.350,1
2026-01-31 14:20:58,10165014,-1844.000,7638.000,2379.000,26.000,19.000,-17.000,0.000,-17.350,1
2026-01-31 14:20:59,10165054,-1866.000,7658.000,2335.000,55.000,41.000,-12.000,0.000,-17.350,1
2026-01-31 14:20:59,10165094,-1908.000,7677.000,2333.000,-6.000,20.000,11.000,0.000,-17.350,1
2026-01-31 14:20:59,10165134,-1879.000,7643.000,2392.000,-53.000,13.000,-23.000,0.000,-17.350,1
2026-01-31 14:20:59,10165174,-1882.000,7603.000,2390.000,-8.000,28.000,-38.000,0.000,-17.350,1
2026-01-31 14:20:59,10165214,-1912.000,7664.000,2364.000,-7.000,23.000,-11.000,0.000,-17.350,1
2026-01-31 14:20:59,10165254,-1926.000,7644.000,2382.000,-28.000,-16.000,16.000,0.000,-17.350,1
2026-01-31 14:20:59,10165294,-1901.000,7652.000,2369.000,-32.000,-14.000,16.000,0.000,-17.350,1
2026-01-31 14:20:59,10165334,-1887.000,7623.000,2361.000,-31.000,-1.000,11.000,0.000,-17.350,1
2026-01-31 14:20:59,10165374,-1855.000,7612.000,2370.000,1.000,-8.000,8.000,0.000,-17.350,1
2026-01-31 14:20:59,10165414,-1883.000,7651.000,2371.000,0.000,19.000,-7.000,0.000,-17.350,1
2026-01-31 14:20:59,10165454,-1889.000,7619.000,2393.000,-19.000,22.000,-4.000,0.000,-17.350,1
2026-01-31 14:20:59,10165494,-1860.000,7623.000,2389.000,16.000,7.000,6.000,0.000,-17.350,1
2026-01-31 14:20:59,10165534,-1921.000,7668.000,2345.000,-18.000,5.000,36.000,0.000,0.000,1
2026-01-31 14:20:59,10165574,-1882.000,7591.000,2431.000,-38.000,-26.000,3.000,0.000,0.000,1
2026-01-31 14:20:59,10165614,-1846.000,7684.000,2343.000,34.000,12.000,6.000,0.000,0.000,1
2026-01-31 14:20:59,10165654,-1884.000,7603.000,2367.000,-12.000,22.000,-26.000,0.000,0.000,1
2026-01-31 14:20:59,10165694,-1934.000,7667.000,2377.000,1.000,25.000,9.000,0.000,0.000,1
2026-01-31 14:20:59,10165734,-1881.000,7658.000,2363.000,-11.000,34.000,-20.000,0.000,0.000,1
2026-01-31 14:20:59,10165774,-1873.000,7629.000,2346.000,-12.000,38.000,-11.000,0.000,0.000,1
2026-01-31 14:20:59,10165814,-1918.000,7668.000,2360.000,-37.000,17.000,5.000,0.000,0.000,1
2026-01-31 14:20:59,10165854,-1915.000,7642.000,2408.000,-39.000,18.000,-16.000,0.000,0.000,1
2026-01-31 14:20:59,10165894,-1894.000,7607.000,2392.000,-12.000,22.000,-7.000,0.000,0.000,1
2026-01-31 14:20:59,10165934,-1911.000,7688.000,2356.000,-9.000,23.000,17.000,0.000,0.000,1
2026-01-31 14:20:59,10165974,-1902.000,7614.000,2399.000,-51.000,8.000,2.000,0.000,0.000,1
2026-01-31 14:20:59,10166014,-1925.000,7650.000,2357.000,-5.000,21.000,-7.000,0.000,0.000,1
2026-01-31 14:21:00,10166054,-1899.000,7620.000,2367.000,-22.000,10.000,8.000,0.000,0.000,1
2026-01-31 14:21:00,10166094,-1881.000,7615.000,2392.000,-17.000,12.000,-3.000,0.000,0.000,1
2026-01-31 14:21:00,10166134,-1909.000,7664.000,2385.000,-10.000,23.000,7.000,0.000,0.000,1
2026-01-31 14:21:00,10166174,-1904.000,7593.000,2392.000,-30.000,17.000,-4.000,0.000,0.000,1
2026-01-31 14:21:00,10166214,-1899.000,7656.000,2381.000,-3.000,15.000,28.000,0.000,0.000,1
2026-01-31 14:21:00,10166254,-1906.000,7616.000,2396.000,-29.000,18.000,2.000,0.000,0.000,1
2026-01-31 14:21:00,10166294,-1908.000,7634.000,2390.000,6.000,8.000,18.000,0.000,0.000,1
2026-01-31 14:21:00,10166337,-1912.000,7646.000,2361.000,7.000,-5.000,26.000,0.000,0.000,1
2026-01-31 14:21:00,10166374,-1866.000,7646.000,2368.000,-1.000,-12.000,19.000,0.000,0.000,1
2026-01-31 14:21:00,10166414,-1884.000,7620.000,2394.000,1.000,35.000,-7.000,0.000,0.000,1
2026-01-31 14:21:00,10166454,-1963.000,7645.000,2398.000,8.000,28.000,11.000,0.000,0.000,1
2026-01-31 14:21:00,10166494,-1896.000,7638.000,2379.000,-16.000,19.000,20.000,0.000,0.000,1
2026-01-31 14:21:00,10166534,-1865.000,7676.000,2346.000,5.000,30.000,-3.000,0.000,0.000,1
2026-01-31 14:21:00,10166574,-1937.000,7640.000,2390.000,-37.000,17.000,-9.000,0.000,0.000,1
2026-01-31 14:21:00,10166614,-1891.000,7637.000,2385.000,-19.000,19.000,13.000,0.000,0.000,1
2026-01-31 14:21:00,10166654,-1881.000,7605.000,2377.000,-16.000,20.000,1.000,0.000,0.000,1
2026-01-31 14:21:00,10166694,-1906.000,7649.000,2385.000,-49.000,23.000,0.000,0.000,0.000,1
2026-01-31 14:21:00,10166734,-1953.000,7627.000,2412.000,-15.000,38.000,-12.000,0.000,0.000,1
2026-01-31 14:21:00,10166774,-1910.000,7626.000,2389.000,-26.000,19.000,-8.000,0.000,0.000,1
2026-01-31 14:21:00,10166814,-1903.000,7604.000,2394.000,-32.000,10.000,-3.000,0.000,0.000,1
2026-01-31 14:21:00,10166854,-1906.000,7661.000,2389.000,-1.000,37.000,4.000,0.000,0.000,1
2026-01-31 14:21:00,10166894,-1884.000,7665.000,2376.000,-16.000,25.000,-10.000,0.000,0.000,1
2026-01-31 14:21:00,10166934,-1909.000,7642.000,2405.000,-21.000,38.000,-40.000,0.000,0.000,1
2026-01-31 14:21:00,10166974,-1949.000,7595.000,2389.000,-29.000,37.000,-30.000,0.000,0.000,1
2026-01-31 14:21:00,10167014,-1899.000,7606.000,2383.000,-3.000,3.000,-3.000,0.000,0.000,1
2026-01-31 14:21:01,10167054,-1919.000,7619.000,2383.000,25.000,24.000,-5.000,0.000,0.000,1
2026-01-31 14:21:01,10167094,-1948.000,7657.000,2386.000,60.000,32.000,15.000,0.000,0.000,1
2026-01-31 14:21:01,10167134,-1903.000,7638.000,2399.000,2.000,18.000,9.000,0.000,0.000,1
2026-01-31 14:21:01,10167174,-1907.000,7722.000,2385.000,-29.000,2.000,30.000,0.000,0.000,1
2026-01-31 14:21:01,10167214,-1877.000,7590.000,2398.000,-39.000,8.000,5.000,0.000,0.000,1
2026-01-31 14:21:01,10167254,-1938.000,7592.000,2387.000,-19.000,32.000,8.000,0.000,0.000,1
2026-01-31 14:21:01,10167294,-1996.000,7653.000,2422.000,-17.000,4.000,7.000,0.000,0.000,1
2026-01-31 14:21:01,10167334,-1945.000,7667.000,2374.000,-38.000,-34.000,28.000,0.000,0.000,1
2026-01-31 14:21:01,10167374,-1975.000,7656.000,2361.000,-91.000,-64.000,54.000,0.000,0.000,1
2026-01-31 14:21:01,10167414,-1961.000,7701.000,2388.000,-133.000,-126.000,83.000,0.000,0.000,1
2026-01-31 14:21:01,10167454,-1884.000,7718.000,2416.000,-190.000,-125.000,108.000,0.000,0.000,1
2026-01-31 14:21:01,10167494,-1758.000,7506.000,2428.000,-159.000,-82.000,32.000,0.000,0.000,1
2026-01-31 14:21:01,10167534,-1790.000,7620.000,2513.000,-26.000,74.000,-41.000,0.000,0.000,1
2026-01-31 14:21:01,10167574,-1871.000,7596.000,2487.000,29.000,118.000,-35.000,0.000,0.000,1
2026-01-31 14:21:01,10167614,-1864.000,7623.000,2515.000,12.000,84.000,-32.000,0.000,0.000,1
2026-01-31 14:21:01,10167654,-1890.000,7527.000,2435.000,4.000,60.000,-28.000,0.000,0.000,1
2026-01-31 14:21:01,10167694,-1903.000,7517.000,2472.000,5.000,31.000,-6.000,0.000,0.000,1
2026-01-31 14:21:01,10167734,-1899.000,7540.000,2478.000,58.000,29.000,-22.000,0.000,0.000,1
2026-01-31 14:21:01,10167774,-1910.000,7656.000,2409.000,157.000,55.000,-35.000,0.000,0.000,1
2026-01-31 14:21:01,10167814,-1973.000,7694.000,2370.000,253.000,88.000,-17.000,0.000,0.000,1
2026-01-31 14:21:01,10167854,-1969.000,7747.000,2318.000,287.000,76.000,-28.000,0.000,0.000,1
2026-01-31 14:21:01,10167894,-1932.000,7774.000,2269.000,143.000,55.000,-87.000,0.000,0.000,1
2026-01-31 14:21:01,10167934,-1959.000,7334.000,2295.000,186.000,110.000,-296.000,0.000,0.000,1
2026-01-31 14:21:01,10167974,-2041.000,7706.000,2308.000,325.000,30.000,-202.000,0.000,0.000,1
2026-01-31 14:21:01,10168014,-2036.000,7754.000,2378.000,98.000,-52.000,-37.000,0.000,0.000,1
2026-01-31 14:21:02,10168054,-2007.000,7705.000,2319.000,38.000,-52.000,18.000,0.000,0.000,1
2026-01-31 14:21:02,10168094,-2054.000,7644.000,2313.000,26.000,-25.000,59.000,0.000,0.000,1
2026-01-31 14:21:02,10168134,-2020.000,7656.000,2180.000,-42.000,-46.000,78.000,0.000,0.000,1
2026-01-31 14:21:02,10168174,-1910.000,7586.000,2219.000,-26.000,-48.000,7.000,0.000,0.000,1
2026-01-31 14:21:02,10168214,-1896.000,7651.000,2260.000,16.000,-31.000,27.000,0.000,0.000,1
2026-01-31 14:21:02,10168254,-1856.000,7676.000,2340.000,39.000,47.000,-34.000,0.000,0.000,1
2026-01-31 14:21:02,10168294,-1944.000,7753.000,2283.000,46.000,82.000,-86.000,0.000,0.000,1
2026-01-31 14:21:02,10168334,-2034.000,7660.000,2292.000,-97.000,37.000,-77.000,0.000,0.000,1
2026-01-31 14:21:02,10168375,-1968.000,7542.000,2313.000,-132.000,-7.000,-38.000,0.000,0.000,1
2026-01-31 14:21:02,10168414,-1961.000,7575.000,2327.000,-32.000,4.000,-51.000,0.000,0.000,1
2026-01-31 14:21:02,10168454,-1988.000,7637.000,2308.000,23.000,20.000,-61.000,0.000,0.000,1
2026-01-31 14:21:02,10168494,-2039.000,7691.000,2295.000,17.000,19.000,-85.000,0.000,0.000,1
2026-01-31 14:21:02,10168534,-2016.000,7625.000,2283.000,-25.000,-4.000,-65.000,0.000,3.170,1
2026-01-31 14:21:02,10168574,-1994.000,7635.000,2288.000,-39.000,-12.000,-32.000,0.000,3.170,1
2026-01-31 14:21:02,10168614,-2026.000,7569.000,2298.000,-58.000,18.000,-20.000,0.000,3.170,1
2026-01-31 14:21:02,10168654,-2066.000,7633.000,2310.000,1.000,38.000,-17.000,0.000,3.170,1
2026-01-31 14:21:02,10168694,-2047.000,7547.000,2315.000,33.000,14.000,-34.000,0.000,3.170,1
2026-01-31 14:21:02,10168734,-2066.000,7689.000,2284.000,86.000,-6.000,-2.000,0.000,3.170,1
2026-01-31 14:21:02,10168774,-2017.000,7624.000,2319.000,22.000,-21.000,18.000,0.000,3.170,1
2026-01-31 14:21:02,10168814,-2060.000,7638.000,2307.000,29.000,-17.000,42.000,0.000,3.170,1
2026-01-31 14:21:02,10168854,-2040.000,7619.000,2276.000,30.000,-52.000,26.000,0.000,3.170,1
2026-01-31 14:21:02,10168894,-2000.000,7646.000,2234.000,28.000,-27.000,37.000,0.000,3.170,1
2026-01-31 14:21:02,10168934,-1971.000,7630.000,2267.000,-6.000,-19.000,38.000,0.000,3.170,1
2026-01-31 14:21:02,10168974,-2008.000,7596.000,2271.000,-20.000,-15.000,16.000,0.000,3.170,1
2026-01-31 14:21:02,10169014,-2018.000,7613.000,2291.000,32.000,-2.000,31.000,0.000,3.170,1
2026-01-31 14:21:03,10169054,-1999.000,7682.000,2270.000,-1.000,-17.000,53.000,0.000,3.170,1
2026-01-31 14:21:03,10169094,-1989.000,7646.000,2308.000,-33.000,-18.000,-10.000,0.000,3.170,1
2026-01-31 14:21:03,10169134,-1960.000,7667.000,2284.000,-54.000,12.000,-49.000,0.000,3.170,1
2026-01-31 14:21:03,10169174,-2002.000,7630.000,2234.000,-60.000,25.000,-43.000,0.000,3.170,1
2026-01-31 14:21:03,10169214,-2005.000,7639.000,2261.000,-85.000,4.000,-26.000,0.000,3.170,1
2026-01-31 14:21:03,10169254,-1983.000,7588.000,2302.000,-123.000,-10.000,-45.000,0.000,3.170,1
2026-01-31 14:21:03,10169294,-2025.000,7633.000,2329.000,-132.000,3.000,-28.000,0.000,3.170,1
2026-01-31 14:21:03,10169334,-1982.000,7679.000,2328.000,-85.000,31.000,-53.000,0.000,3.170,1
2026-01-31 14:21:03,10169374,-2031.000,7600.000,2362.000,-92.000,66.000,-125.000,0.000,3.170,1
2026-01-31 14:21:03,10169414,-2123.000,7565.000,2341.000,-92.000,60.000,-121.000,0.000,3.170,1
2026-01-31 14:21:03,10169454,-2025.000,7606.000,2344.000,-50.000,36.000,-66.000,0.000,3.170,1
2026-01-31 14:21:03,10169494,-2092.000,7575.000,2347.000,-40.000,43.000,-77.000,0.000,3.170,1
2026-01-31 14:21:03,10169534,-2137.000,7600.000,2354.000,-82.000,16.000,-60.000,0.000,0.000,1
2026-01-31 14:21:03,10169574,-2078.000,7573.000,2356.000,-52.000,-11.000,-39.000,0.000,0.000,1
2026-01-31 14:21:03,10169614,-2011.000,7555.000,2351.000,-14.000,4.000,-26.000,0.000,0.000,1
2026-01-31 14:21:03,10169654,-2080.000,7592.000,2367.000,18.000,32.000,-22.000,0.000,0.000,1
2026-01-31 14:21:03,10169694,-2086.000,7631.000,2338.000,26.000,25.000,-3.000,0.000,0.000,1
2026-01-31 14:21:03,10169734,-2160.000,7647.000,2364.000,18.000,41.000,-56.000,0.000,0.000,1
2026-01-31 14:21:03,10169774,-2114.000,7553.000,2327.000,-26.000,-33.000,14.000,0.000,0.000,1
2026-01-31 14:21:03,10169814,-2050.000,7652.000,2395.000,-22.000,-21.000,12.000,0.000,0.000,1
2026-01-31 14:21:03,10169854,-2111.000,7642.000,2311.000,62.000,13.000,54.000,0.000,0.000,1
2026-01-31 14:21:03,10169894,-2096.000,7605.000,2345.000,-18.000,-31.000,85.000,0.000,0.000,1
2026-01-31 14:21:03,10169934,-2117.000,7626.000,2365.000,-97.000,-66.000,102.000,0.000,0.000,1
2026-01-31 14:21:03,10169974,-2000.000,7615.000,2439.000,-69.000,-27.000,75.000,0.000,0.000,1
2026-01-31 14:21:03,10170014,-2123.000,7620.000,2353.000,21.000,33.000,2.000,0.000,0.000,1
2026-01-31 14:21:04,10170054,-2052.000,7635.000,2295.000,-39.000,-28.000,19.000,0.000,0.000,1
2026-01-31 14:21:04,10170094,-2019.000,7525.000,2405.000,-76.000,-15.000,-26.000,0.000,0.000,1
2026-01-31 14:21:04,10170134,-2056.000,7554.000,2378.000,33.000,7.000,-16.000,0.000,0.000,1
2026-01-31 14:21:04,10170174,-2021.000,7658.000,2337.000,42.000,22.000,-3.000,0.000,0.000,1
2026-01-31 14:21:04,10170214,-2110.000,7601.000,2415.000,-31.000,3.000,6.000,0.000,0.000,1
2026-01-31 14:21:04,10170254,-2054.000,7606.000,2364.000,-10.000,4.000,-16.000,0.000,0.000,1
2026-01-31 14:21:04,10170294,-2005.000,7570.000,2324.000,-27.000,24.000,-20.000,0.000,0.000,1
2026-01-31 14:21:04,10170334,-2100.000,7661.000,2367.000,-62.000,16.000,-18.000,0.000,0.000,1
2026-01-31 14:21:04,10170374,-2117.000,7606.000,2377.000,-90.000,8.000,-18.000,0.000,0.000,1
2026-01-31 14:21:04,10170414,-2034.000,7583.000,2385.000,-104.000,-13.000,-21.000,0.000,0.000,1
2026-01-31 14:21:04,10170454,-2060.000,7551.000,2410.000,-77.000,26.000,-33.000,0.000,0.000,1
2026-01-31 14:21:04,10170494,-2138.000,7579.000,2397.000,-15.000,30.000,-14.000,0.000,0.000,1
2026-01-31 14:21:04,10170534,-2068.000,7582.000,2388.000,-35.000,-21.000,11.000,0.000,0.000,1
2026-01-31 14:21:04,10170577,-2062.000,7498.000,2464.000,-18.000,1.000,-9.000,0.000,0.000,1
2026-01-31 14:21:04,10170614,-2077.000,7450.000,2427.000,41.000,26.000,25.000,0.000,0.000,1
2026-01-31 14:21:04,10170654,-2081.000,7693.000,2356.000,38.000,4.000,52.000,0.000,0.000,1
2026-01-31 14:21:04,10170694,-2048.000,7573.000,2380.000,-16.000,-5.000,41.000,0.000,0.000,1
2026-01-31 14:21:04,10170734,-2094.000,7675.000,2378.000,-33.000,13.000,6.000,0.000,0.000,1
2026-01-31 14:21:04,10170774,-2099.000,7528.000,2388.000,-109.000,-21.000,-7.000,0.000,0.000,1
2026-01-31 14:21:04,10170814,-1997.000,7534.000,2420.000,-92.000,-21.000,54.000,0.000,0.000,1
2026-01-31 14:21:04,10170854,-2051.000,7470.000,2416.000,-109.000,15.000,59.000,0.000,0.000,1
2026-01-31 14:21:04,10170894,-2139.000,7752.000,2396.000,-95.000,-26.000,73.000,0.000,0.000,1
2026-01-31 14:21:04,10170934,-2052.000,7557.000,2503.000,-144.000,-39.000,-7.000,0.000,0.000,1
2026-01-31 14:21:04,10170974,-2037.000,7642.000,2414.000,-38.000,19.000,-40.000,0.000,0.000,1
2026-01-31 14:21:04,10171014,-2041.000,7461.000,2408.000,-70.000,10.000,-27.000,0.000,0.000,1
2026-01-31 14:21:05,10171054,-2049.000,7528.000,2480.000,51.000,57.000,25.000,0.000,0.000,1
2026-01-31 14:21:05,10171094,-2092.000,7611.000,2404.000,88.000,32.000,39.000,0.000,0.000,1
2026-01-31 14:21:05,10171134,-2053.000,7629.000,2436.000,-23.000,-7.000,14.000,0.000,0.000,1
2026-01-31 14:21:05,10171174,-2075.000,7641.000,2477.000,-80.000,10.000,-8.000,0.000,0.000,1
2026-01-31 14:21:05,10171214,-2055.000,7556.000,2464.000,-65.000,21.000,-59.000,0.000,0.000,1
2026-01-31 14:21:05,10171254,-2069.000,7522.000,2453.000,-13.000,34.000,-46.000,0.000,0.000,1
2026-01-31 14:21:05,10171294,-2083.000,7549.000,2420.000,2.000,17.000,-1.000,0.000,0.000,1
2026-01-31 14:21:05,10171334,-2082.000,7603.000,2458.000,-11.000,4.000,7.000,0.000,0.000,1
2026-01-31 14:21:05,10171374,-2048.000,7627.000,2446.000,-5.000,9.000,-12.000,0.000,0.000,1
2026-01-31 14:21:05,10171414,-2090.000,7536.000,2478.000,-48.000,36.000,-48.000,0.000,0.000,1
2026-01-31 14:21:05,10171454,-2092.000,7515.000,2434.000,-18.000,-7.000,-2.000,0.000,0.000,1
2026-01-31 14:21:05,10171494,-2054.000,7578.000,2435.000,8.000,1.000,19.000,0.000,0.000,1
2026-01-31 14:21:05,10171534,-2122.000,7586.000,2463.000,-3.000,24.000,-1.000,0.000,0.000,1
2026-01-31 14:21:05,10171574,-2094.000,7605.000,2460.000,-17.000,-12.000,-17.000,0.000,0.000,1
2026-01-31 14:21:05,10171614,-2040.000,7494.000,2465.000,-10.000,11.000,2.000,0.000,0.000,1
2026-01-31 14:21:05,10171654,-2074.000,7587.000,2410.000,18.000,21.000,7.000,0.000,0.000,1
2026-01-31 14:21:05,10171694,-2109.000,7594.000,2437.000,-30.000,-10.000,10.000,0.000,0.000,1
2026-01-31 14:21:05,10171734,-2061.000,7668.000,2455.000,-17.000,3.000,19.000,0.000,0.000,1
2026-01-31 14:21:05,10171774,-2100.000,7518.000,2470.000,-64.000,33.000,-25.000,0.000,0.000,1
2026-01-31 14:21:05,10171814,-2058.000,7506.000,2497.000,-38.000,25.000,-31.000,0.000,0.000,1
2026-01-31 14:21:05,10171854,-2126.000,7624.000,2425.000,70.000,13.000,44.000,0.000,0.000,1
2026-01-31 14:21:05,10171894,-2079.000,7574.000,2483.000,-20.000,-4.000,44.000,0.000,0.000,1
2026-01-31 14:21:05,10171934,-2087.000,7602.000,2442.000,-18.000,-4.000,23.000,0.000,0.000,1
2026-01-31 14:21:05,10171974,-2061.000,7573.000,2450.000,-38.000,-5.000,-2.000,0.000,0.000,1
2026-01-31 14:21:05,10172014,-2093.000,7554.000,2458.000,-28.000,20.000,-12.000,0.000,0.000,1
2026-01-31 14:21:06,10172054,-2058.000,7543.000,2441.000,-7.000,1.000,7.000,0.000,0.000,1
2026-01-31 14:21:06,10172094,-2090.000,7580.000,2467.000,-13.000,1.000,5.000,0.000,0.000,1
2026-01-31 14:21:06,10172134,-2046.000,7588.000,2445.000,-11.000,-18.000,29.000,0.000,0.000,1
2026-01-31 14:21:06,10172174,-2068.000,7555.000,2473.000,-14.000,22.000,-16.000,0.000,0.000,1
2026-01-31 14:21:06,10172214,-2136.000,7561.000,2484.000,-22.000,28.000,-8.000,0.000,0.000,1
2026-01-31 14:21:06,10172254,-2064.000,7589.000,2457.000,-19.000,-13.000,0.000,0.000,0.000,1
2026-01-31 14:21:06,10172294,-2051.000,7549.000,2446.000,-32.000,6.000,-20.000,0.000,0.000,1
2026-01-31 14:21:06,10172334,-2074.000,7453.000,2499.000,7.000,20.000,20.000,0.000,0.000,1
2026-01-31 14:21:06,10172374,-2091.000,7631.000,2431.000,32.000,22.000,36.000,0.000,0.000,1
2026-01-31 14:21:06,10172414,-2080.000,7561.000,2487.000,-60.000,14.000,-4.000,0.000,0.000,1
2026-01-31 14:21:06,10172454,-2081.000,7622.000,2492.000,16.000,9.000,-13.000,0.000,0.000,1
2026-01-31 14:21:06,10172494,-2103.000,7501.000,2455.000,-12.000,36.000,-53.000,0.000,0.000,1
2026-01-31 14:21:06,10172534,-2084.000,7460.000,2511.000,4.000,12.000,5.000,0.000,0.000,1
2026-01-31 14:21:06,10172574,-2109.000,7629.000,2418.000,77.000,-18.000,74.000,0.000,0.000,1
2026-01-31 14:21:06,10172614,-2086.000,7638.000,2462.000,12.000,-10.000,44.000,0.000,0.000,1
2026-01-31 14:21:06,10172654,-2050.000,7575.000,2442.000,-30.000,-11.000,6.000,0.000,0.000,1
2026-01-31 14:21:06,10172694,-2063.000,7529.000,2443.000,11.000,16.000,-15.000,0.000,0.000,1
2026-01-31 14:21:06,10172734,-2101.000,7586.000,2428.000,-4.000,14.000,0.000,0.000,0.000,1
2026-01-31 14:21:06,10172774,-2063.000,7536.000,2486.000,-32.000,-15.000,14.000,0.000,0.000,1
2026-01-31 14:21:06,10172814,-2099.000,7590.000,2472.000,-2.000,-4.000,23.000,0.000,0.000,1
2026-01-31 14:21:06,10172854,-2084.000,7604.000,2430.000,4.000,3.000,25.000,0.000,0.000,1
2026-01-31 14:21:06,10172894,-2039.000,7554.000,2467.000,-66.000,10.000,-16.000,0.000,0.000,1
2026-01-31 14:21:06,10172934,-2070.000,7546.000,2495.000,0.000,22.000,-36.000,0.000,0.000,1
2026-01-31 14:21:06,10172974,-2067.000,7611.000,2438.000,-11.000,20.000,1.000,0.000,0.000,1
2026-01-31 14:21:06,10173014,-2067.000,7573.000,2439.000,-50.000,24.000,3.000,0.000,0.000,1
2026-01-31 14:21:07,10173054,-2088.000,7549.000,2471.000,-53.000,3.000,25.000,0.000,0.000,1
2026-01-31 14:21:07,10173094,-2050.000,7484.000,2474.000,-60.000,17.000,10.000,0.000,0.000,1
2026-01-31 14:21:07,10173134,-2126.000,7576.000,2504.000,92.000,53.000,52.000,0.000,0.000,1
2026-01-31 14:21:07,10173174,-2151.000,7625.000,2493.000,83.000,4.000,68.000,0.000,0.000,1
2026-01-31 14:21:07,10173214,-2067.000,7539.000,2487.000,10.000,-16.000,68.000,0.000,0.000,1
2026-01-31 14:21:07,10173254,-2093.000,7601.000,2464.000,40.000,-21.000,58.000,0.000,0.000,1
2026-01-31 14:21:07,10173294,-2049.000,7587.000,2435.000,25.000,-57.000,54.000,0.000,0.000,1
2026-01-31 14:21:07,10173334,-1998.000,7498.000,2447.000,-19.000,-52.000,36.000,0.000,0.000,1
2026-01-31 14:21:07,10173374,-2056.000,7656.000,2450.000,54.000,-27.000,27.000,0.000,0.000,1
2026-01-31 14:21:07,10173414,-2057.000,7593.000,2440.000,9.000,-34.000,19.000,0.000,0.000,1
2026-01-31 14:21:07,10173454,-2044.000,7590.000,2444.000,-46.000,-59.000,21.000,0.000,0.000,1
2026-01-31 14:21:07,10173494,-2026.000,7566.000,2447.000,-89.000,-51.000,29.000,0.000,0.000,1
2026-01-31 14:21:07,10173534,-2007.000,7593.000,2475.000,-89.000,-42.000,22.000,0.000,0.000,1
2026-01-31 14:21:07,10173574,-2031.000,7394.000,2497.000,-80.000,-36.000,71.000,0.000,0.000,1
2026-01-31 14:21:07,10173614,-1962.000,7733.000,2485.000,87.000,-30.000,60.000,0.000,0.000,1
2026-01-31 14:21:07,10173654,-2060.000,7682.000,2459.000,48.000,3.000,27.000,0.000,0.000,1
2026-01-31 14:21:07,10173694,-1988.000,7546.000,2472.000,-32.000,25.000,2.000,0.000,0.000,1
2026-01-31 14:21:07,10173734,-1988.000,7539.000,2393.000,-14.000,7.000,34.000,0.000,0.000,1
2026-01-31 14:21:07,10173774,-1988.000,7595.000,2456.000,-12.000,-4.000,63.000,0.000,0.000,1
2026-01-31 14:21:07,10173814,-2020.000,7574.000,2471.000,8.000,2.000,69.000,0.000,0.000,1
2026-01-31 14:21:07,10173854,-1983.000,7627.000,2464.000,-34.000,-6.000,18.000,0.000,0.000,1
2026-01-31 14:21:07,10173894,-1996.000,7610.000,2484.000,-61.000,6.000,-11.000,0.000,0.000,1
2026-01-31 14:21:07,10173934,-1975.000,7525.000,2508.000,-85.000,8.000,-22.000,0.000,0.000,1
2026-01-31 14:21:07,10173974,-1999.000,7561.000,2466.000,-19.000,12.000,-8.000,0.000,0.000,1
2026-01-31 14:21:07,10174014,-1993.000,7530.000,2482.000,-41.000,15.000,-8.000,0.000,0.000,1
2026-01-31 14:21:08,10174054,-2002.000,7575.000,2466.000,-1.000,20.000,1.000,0.000,0.000,1
2026-01-31 14:21:08,10174094,-1995.000,7565.000,2509.000,-17.000,23.000,-16.000,0.000,0.000,1
2026-01-31 14:21:08,10174134,-1992.000,7573.000,2500.000,3.000,38.000,-18.000,0.000,0.000,1
2026-01-31 14:21:08,10174174,-2014.000,7591.000,2487.000,10.000,52.000,-15.000,0.000,0.000,1
2026-01-31 14:21:08,10174214,-2053.000,7553.000,2483.000,3.000,37.000,-12.000,0.000,0.000,1
2026-01-31 14:21:08,10174254,-2011.000,7537.000,2489.000,19.000,7.000,-1.000,0.000,0.000,1
2026-01-31 14:21:08,10174294,-2027.000,7598.000,2453.000,58.000,20.000,-9.000,0.000,0.000,1
2026-01-31 14:21:08,10174335,-1991.000,7614.000,2457.000,15.000,3.000,6.000,0.000,0.000,1
2026-01-31 14:21:08,10174374,-2009.000,7551.000,2503.000,7.000,24.000,-13.000,0.000,0.000,1
2026-01-31 14:21:08,10174414,-2035.000,7595.000,2441.000,39.000,33.000,-25.000,0.000,0.000,1
2026-01-31 14:21:08,10174454,-2002.000,7588.000,2425.000,-3.000,36.000,-5.000,0.000,0.000,1
2026-01-31 14:21:08,10174494,-2018.000,7563.000,2465.000,-21.000,21.000,-8.000,0.000,0.000,1
2026-01-31 14:21:08,10174534,-2047.000,7574.000,2472.000,-4.000,36.000,-6.000,0.000,0.000,1
2026-01-31 14:21:08,10174577,-2030.000,7571.000,2473.000,-25.000,21.000,-16.000,0.000,0.000,1
2026-01-31 14:21:08,10174614,-2028.000,7569.000,2472.000,-21.000,21.000,-6.000,0.000,0.000,1
2026-01-31 14:21:08,10174654,-2040.000,7577.000,2479.000,-12.000,21.000,-11.000,0.000,0.000,1
2026-01-31 14:21:08,10174694,-2054.000,7559.000,2451.000,-5.000,19.000,-11.000,0.000,0.000,1
2026-01-31 14:21:08,10174734,-2055.000,7580.000,2475.000,-19.000,18.000,-10.000,0.000,0.000,1
2026-01-31 14:21:08,10174774,-2040.000,7550.000,2460.000,-4.000,9.000,-10.000,0.000,0.000,1
2026-01-31 14:21:08,10174814,-2048.000,7582.000,2450.000,-4.000,31.000,-12.000,0.000,0.000,1
2026-01-31 14:21:08,10174854,-2047.000,7557.000,2464.000,-8.000,10.000,-6.000,0.000,0.000,1
2026-01-31 14:21:08,10174894,-2020.000,7566.000,2464.000,-2.000,11.000,4.000,0.000,0.000,1
2026-01-31 14:21:08,10174934,-2055.000,7591.000,2466.000,9.000,16.000,-9.000,0.000,0.000,1
2026-01-31 14:21:08,10174974,-2068.000,7571.000,2480.000,2.000,1.000,-4.000,0.000,0.000,1
2026-01-31 14:21:08,10175014,-2018.000,7561.000,2452.000,33.000,5.000,4.000,0.000,0.000,1
2026-01-31 14:21:09,10175054,-2001.000,7620.000,2435.000,40.000,23.000,-2.000,0.000,0.000,1
2026-01-31 14:21:09,10175094,-2134.000,7618.000,2453.000,2.000,45.000,-21.000,0.000,0.000,1
2026-01-31 14:21:09,10175134,-2044.000,7571.000,2525.000,40.000,43.000,0.000,0.000,0.000,1
2026-01-31 14:21:09,10175174,-2062.000,7833.000,2410.000,462.000,-44.000,-52.000,0.000,0.000,1
2026-01-31 14:21:09,10175214,-2051.000,7233.000,2314.000,837.000,52.000,-243.000,0.000,0.000,1
2026-01-31 14:21:09,10175254,-2120.000,7586.000,2085.000,1367.000,207.000,-330.000,0.000,0.000,1
2026-01-31 14:21:09,10175294,-2133.000,7446.000,1977.000,1001.000,249.000,-164.000,0.000,0.000,1
2026-01-31 14:21:09,10175334,-2097.000,7915.000,2101.000,964.000,146.000,-30.000,0.000,0.000,1
2026-01-31 14:21:09,10175374,-2176.000,7672.000,2028.000,156.000,223.000,20.000,0.000,0.000,1
2026-01-31 14:21:09,10175414,-2168.000,7662.000,1991.000,61.000,173.000,-1.000,0.000,0.000,1
2026-01-31 14:21:09,10175454,-2249.000,7694.000,1813.000,193.000,-2.000,87.000,0.000,0.000,1
2026-01-31 14:21:09,10175494,-2189.000,7952.000,1973.000,-153.000,-167.000,110.000,0.000,0.000,1
2026-01-31 14:21:09,10175534,-2122.000,7535.000,2090.000,-263.000,-56.000,-127.000,0.000,0.000,1
2026-01-31 14:21:09,10175574,-2114.000,7706.000,1907.000,1.000,14.000,-6.000,0.000,0.000,1
2026-01-31 14:21:09,10175614,-2189.000,7687.000,1990.000,-168.000,6.000,-32.000,0.000,0.000,1
2026-01-31 14:21:09,10175654,-2159.000,7668.000,2032.000,-128.000,1.000,-9.000,0.000,0.000,1
2026-01-31 14:21:09,10175694,-2145.000,7637.000,1998.000,-88.000,0.000,0.000,0.000,0.000,1
2026-01-31 14:21:09,10175734,-2183.000,7685.000,2014.000,-151.000,-18.000,17.000,0.000,0.000,1
2026-01-31 14:21:09,10175774,-2130.000,7646.000,2052.000,-104.000,-26.000,6.000,0.000,0.000,1
2026-01-31 14:21:09,10175814,-2124.000,7731.000,2020.000,-15.000,-10.000,-15.000,0.000,0.000,1
2026-01-31 14:21:09,10175854,-2127.000,7683.000,2016.000,-103.000,43.000,-48.000,0.000,0.000,1
2026-01-31 14:21:09,10175894,-2189.000,7640.000,2079.000,-82.000,16.000,-41.000,0.000,0.000,1
2026-01-31 14:21:09,10175934,-2161.000,7687.000,2024.000,-44.000,11.000,-31.000,0.000,0.000,1
2026-01-31 14:21:09,10175974,-2182.000,7661.000,2021.000,-128.000,18.000,-36.000,0.000,0.000,1
2026-01-31 14:21:09,10176014,-2174.000,7614.000,2075.000,-112.000,-40.000,-27.000,0.000,0.000,1
2026-01-31 14:21:10,10176054,-2169.000,7658.000,2095.000,-138.000,-23.000,-20.000,0.000,0.000,1
2026-01-31 14:21:10,10176094,-2193.000,7651.000,2150.000,-107.000,-7.000,-23.000,0.000,0.000,1
2026-01-31 14:21:10,10176134,-2155.000,7608.000,2122.000,25.000,22.000,-16.000,0.000,0.000,1
2026-01-31 14:21:10,10176174,-2191.000,7665.000,2078.000,5.000,52.000,-20.000,0.000,0.000,1
2026-01-31 14:21:10,10176214,-2226.000,7647.000,2089.000,-27.000,33.000,-7.000,0.000,0.000,1
2026-01-31 14:21:10,10176254,-2153.000,7594.000,2107.000,-14.000,-17.000,16.000,0.000,0.000,1
2026-01-31 14:21:10,10176294,-2173.000,7655.000,2090.000,30.000,13.000,13.000,0.000,0.000,1
2026-01-31 14:21:10,10176337,-2182.000,7658.000,2104.000,-15.000,-10.000,30.000,0.000,0.000,1
2026-01-31 14:21:10,10176376,-2167.000,7633.000,2094.000,-9.000,-2.000,30.000,0.000,0.000,1
2026-01-31 14:21:10,10176414,-2176.000,7647.000,2070.000,-5.000,-3.000,31.000,0.000,0.000,1
2026-01-31 14:21:10,10176454,-2178.000,7668.000,2102.000,-28.000,-8.000,29.000,0.000,0.000,1
2026-01-31 14:21:10,10176494,-2175.000,7687.000,2118.000,-70.000,-2.000,18.000,0.000,0.000,1
2026-01-31 14:21:10,10176534,-2162.000,7641.000,2151.000,-82.000,8.000,19.000,0.000,0.000,1
2026-01-31 14:21:10,10176577,-2117.000,7625.000,2092.000,-41.000,-3.000,4.000,0.000,0.000,1
2026-01-31 14:21:10,10176614,-2120.000,7602.000,2106.000,-38.000,-3.000,19.000,0.000,0.000,1
2026-01-31 14:21:10,10176654,-2209.000,7644.000,2154.000,-41.000,34.000,11.000,0.000,0.000,1
2026-01-31 14:21:10,10176694,-2221.000,7634.000,2109.000,-15.000,-6.000,26.000,0.000,0.000,1
2026-01-31 14:21:10,10176734,-2109.000,7647.000,2135.000,30.000,-16.000,32.000,0.000,0.000,1
2026-01-31 14:21:10,10176774,-2172.000,7620.000,2109.000,79.000,-25.000,48.000,0.000,0.000,1
2026-01-31 14:21:10,10176814,-2151.000,7634.000,2104.000,116.000,-64.000,91.000,0.000,0.000,1
2026-01-31 14:21:10,10176854,-2133.000,7699.000,2102.000,79.000,-32.000,80.000,0.000,0.000,1
2026-01-31 14:21:10,10176894,-2160.000,7667.000,2105.000,50.000,-8.000,66.000,0.000,0.000,1
2026-01-31 14:21:10,10176934,-2120.000,7703.000,2087.000,10.000,-24.000,50.000,0.000,0.000,1
2026-01-31 14:21:10,10176974,-2140.000,7636.000,2090.000,-6.000,-23.000,49.000,0.000,0.000,1
2026-01-31 14:21:10,10177014,-2128.000,7666.000,2108.000,9.000,-13.000,55.000,0.000,0.000,1
2026-01-31 14:21:11,10177054,-2133.000,7665.000,2075.000,22.000,4.000,45.000,0.000,0.000,1
2026-01-31 14:21:11,10177094,-2065.000,7725.000,2082.000,-35.000,7.000,53.000,0.000,0.000,1
2026-01-31 14:21:11,10177134,-2145.000,7800.000,2079.000,-142.000,28.000,-12.000,0.000,0.000,1
2026-01-31 14:21:11,10177174,-2106.000,7454.000,2067.000,-177.000,-122.000,42.000,0.000,0.000,1
2026-01-31 14:21:11,10177214,-2036.000,7576.000,2214.000,21.000,-56.000,96.000,0.000,0.000,1
2026-01-31 14:21:11,10177254,-2183.000,7916.000,2030.000,120.000,42.000,-4.000,0.000,0.000,1
2026-01-31 14:21:11,10177294,-2080.000,7544.000,2064.000,-103.000,-48.000,25.000,0.000,0.000,1
2026-01-31 14:21:11,10177334,-2085.000,7682.000,2158.000,-124.000,8.000,33.000,0.000,0.000,1
2026-01-31 14:21:11,10177374,-2088.000,7681.000,2132.000,-81.000,-2.000,1.000,0.000,0.000,1
2026-01-31 14:21:11,10177414,-2022.000,7588.000,2149.000,-68.000,-25.000,34.000,0.000,0.000,1
2026-01-31 14:21:11,10177454,-2104.000,7606.000,2137.000,7.000,5.000,49.000,0.000,0.000,1
2026-01-31 14:21:11,10177494,-2136.000,7631.000,2079.000,20.000,30.000,4.000,0.000,0.000,1
2026-01-31 14:21:11,10177534,-2154.000,7782.000,2135.000,3.000,-28.000,89.000,0.000,0.000,1
2026-01-31 14:21:11,10177574,-2030.000,7703.000,2178.000,-55.000,-65.000,144.000,0.000,0.000,1
2026-01-31 14:21:11,10177614,-1983.000,7693.000,2124.000,15.000,43.000,114.000,0.000,0.000,1
2026-01-31 14:21:11,10177654,-2006.000,7736.000,2107.000,-41.000,146.000,39.000,0.000,0.000,1
2026-01-31 14:21:11,10177694,-2020.000,7582.000,2069.000,-1.000,76.000,-22.000,0.000,0.000,1
2026-01-31 14:21:11,10177734,-1930.000,7681.000,2101.000,55.000,72.000,37.000,0.000,0.000,1
2026-01-31 14:21:11,10177774,-2008.000,7621.000,2120.000,-123.000,118.000,-38.000,0.000,0.000,1
2026-01-31 14:21:11,10177814,-2039.000,7593.000,2131.000,-95.000,9.000,-11.000,0.000,0.000,1
2026-01-31 14:21:11,10177854,-2029.000,7694.000,2200.000,-95.000,-31.000,5.000,0.000,0.000,1
2026-01-31 14:21:11,10177894,-2044.000,7686.000,2182.000,-44.000,24.000,-56.000,0.000,0.000,1
2026-01-31 14:21:11,10177934,-2084.000,7709.000,2157.000,-39.000,78.000,-100.000,0.000,0.000,1
2026-01-31 14:21:11,10177974,-2151.000,7624.000,2154.000,-55.000,103.000,-124.000,0.000,0.000,1
2026-01-31 14:21:11,10178014,-2180.000,7661.000,2138.000,-32.000,84.000,-78.000,0.000,0.000,1
2026-01-31 14:21:12,10178054,-2164.000,7542.000,2146.000,-38.000,46.000,-66.000,0.000,0.000,1
2026-01-31 14:21:12,10178094,-2171.000,7665.000,2168.000,11.000,31.000,-19.000,0.000,0.000,1
2026-01-31 14:21:12,10178134,-2063.000,7632.000,2160.000,-8.000,19.000,-7.000,0.000,0.000,1
2026-01-31 14:21:12,10178174,-2170.000,7659.000,2177.000,29.000,52.000,-25.000,0.000,0.000,1
2026-01-31 14:21:12,10178214,-2118.000,7601.000,2210.000,24.000,36.000,-7.000,0.000,0.000,1
2026-01-31 14:21:12,10178254,-2024.000,7678.000,2113.000,180.000,77.000,-1.000,0.000,0.000,1
2026-01-31 14:21:12,10178294,-2124.000,7678.000,2090.000,76.000,87.000,-31.000,0.000,0.000,1
2026-01-31 14:21:12,10178337,-2160.000,7666.000,2110.000,-19.000,-3.000,-4.000,0.000,0.000,1
2026-01-31 14:21:12,10178374,-2084.000,7625.000,2116.000,-39.000,-36.000,8.000,0.000,0.000,1
2026-01-31 14:21:12,10178414,-2088.000,7682.000,2142.000,29.000,-5.000,-7.000,0.000,0.000,1
2026-01-31 14:21:12,10178454,-2126.000,7751.000,2087.000,25.000,36.000,-11.000,0.000,0.000,1
2026-01-31 14:21:12,10178494,-2077.000,7665.000,2114.000,-20.000,40.000,-115.000,0.000,0.000,1
2026-01-31 14:21:12,10178534,-2060.000,7541.000,2070.000,-13.000,75.000,-143.000,0.000,0.000,1
2026-01-31 14:21:12,10178577,-2225.000,7670.000,2105.000,-33.000,48.000,-145.000,0.000,0.000,1
2026-01-31 14:21:12,10178614,-2270.000,7642.000,2131.000,-57.000,17.000,-166.000,0.000,0.000,1
2026-01-31 14:21:12,10178654,-2237.000,7667.000,2166.000,-144.000,-65.000,-98.000,0.000,0.000,1
2026-01-31 14:21:12,10178694,-2189.000,7643.000,2179.000,-125.000,-15.000,-110.000,0.000,0.000,1
2026-01-31 14:21:12,10178734,-2273.000,7568.000,2130.000,-69.000,26.000,-221.000,0.000,0.000,1
2026-01-31 14:21:12,10178774,-2302.000,7595.000,2132.000,-82.000,7.000,-180.000,0.000,0.000,1
2026-01-31 14:21:12,10178814,-2344.000,7580.000,2158.000,-90.000,2.000,-92.000,0.000,0.000,1
2026-01-31 14:21:12,10178854,-2287.000,7613.000,2104.000,-62.000,-81.000,-8.000,0.000,0.000,1
2026-01-31 14:21:12,10178894,-2199.000,7529.000,2174.000,-56.000,-99.000,51.000,0.000,0.000,1
2026-01-31 14:21:12,10178934,-2197.000,7603.000,2199.000,28.000,-24.000,90.000,0.000,0.000,1
2026-01-31 14:21:12,10178974,-2208.000,7659.000,2175.000,51.000,-5.000,64.000,0.000,0.000,1
2026-01-31 14:21:12,10179014,-2149.000,7642.000,2173.000,32.000,4.000,-8.000,0.000,0.000,1
2026-01-31 14:21:13,10179054,-2186.000,7632.000,2170.000,26.000,36.000,-21.000,0.000,0.000,1
2026-01-31 14:21:13,10179094,-2213.000,7607.000,2158.000,-17.000,27.000,-4.000,0.000,0.000,1
2026-01-31 14:21:13,10179134,-2194.000,7618.000,2160.000,-37.000,29.000,-7.000,0.000,0.000,1
2026-01-31 14:21:13,10179174,-2230.000,7590.000,2171.000,-25.000,46.000,-17.000,0.000,0.000,1
2026-01-31 14:21:13,10179214,-2276.000,7633.000,2134.000,-18.000,47.000,-20.000,0.000,0.000,1
2026-01-31 14:21:13,10179254,-2253.000,7635.000,2164.000,-47.000,32.000,-25.000,0.000,0.000,1
2026-01-31 14:21:13,10179294,-2305.000,7622.000,2167.000,-63.000,36.000,-36.000,0.000,0.000,1
2026-01-31 14:21:13,10179334,-2248.000,7565.000,2173.000,-54.000,28.000,-15.000,0.000,0.000,1
2026-01-31 14:21:13,10179374,-2288.000,7591.000,2158.000,-16.000,37.000,-28.000,0.000,0.000,1
2026-01-31 14:21:13,10179414,-2290.000,7581.000,2193.000,-50.000,11.000,-12.000,0.000,0.000,1
2026-01-31 14:21:13,10179454,-2287.000,7570.000,2180.000,-22.000,8.000,-9.000,0.000,0.000,1
2026-01-31 14:21:13,10179494,-2273.000,7571.000,2172.000,-16.000,-13.000,16.000,0.000,0.000,1
2026-01-31 14:21:13,10179534,-2263.000,7589.000,2187.000,-6.000,-18.000,27.000,0.000,0.000,1
2026-01-31 14:21:13,10179574,-2237.000,7538.000,2205.000,7.000,-25.000,42.000,0.000,0.000,1
2026-01-31 14:21:13,10179614,-2233.000,7633.000,2162.000,34.000,-17.000,75.000,0.000,0.000,1
2026-01-31 14:21:13,10179654,-2196.000,7614.000,2165.000,-10.000,-13.000,59.000,0.000,0.000,1
2026-01-31 14:21:13,10179694,-2235.000,7625.000,2189.000,17.000,15.000,31.000,0.000,0.000,1
2026-01-31 14:21:13,10179734,-2273.000,7644.000,2183.000,3.000,14.000,2.000,0.000,0.000,1
2026-01-31 14:21:13,10179774,-2197.000,7599.000,2159.000,-3.000,16.000,-1.000,0.000,0.000,1
2026-01-31 14:21:13,10179814,-2228.000,7612.000,2148.000,-10.000,32.000,16.000,0.000,0.000,1
2026-01-31 14:21:13,10179854,-2232.000,7611.000,2177.000,-18.000,4.000,19.000,0.000,0.000,1
2026-01-31 14:21:13,10179894,-2215.000,7621.000,2160.000,-19.000,20.000,11.000,0.000,0.000,1
2026-01-31 14:21:13,10179934,-2226.000,7622.000,2185.000,-28.000,29.000,-13.000,0.000,0.000,1
2026-01-31 14:21:13,10179974,-2288.000,7608.000,2195.000,-22.000,29.000,-14.000,0.000,0.000,1
2026-01-31 14:21:13,10180014,-2261.000,7592.000,2185.000,-25.000,8.000,15.000,0.000,0.000,1
2026-01-31 14:21:14,10180054,-2228.000,7606.000,2172.000,-16.000,-3.000,39.000,0.000,0.000,1
2026-01-31 14:21:14,10180094,-2250.000,7606.000,2167.000,-14.000,2.000,44.000,0.000,0.000,1
2026-01-31 14:21:14,10180134,-2234.000,7608.000,2195.000,-28.000,1.000,52.000,0.000,0.000,1
2026-01-31 14:21:14,10180174,-2227.000,7593.000,2195.000,-14.000,13.000,33.000,0.000,0.000,1
2026-01-31 14:21:14,10180214,-2244.000,7582.000,2194.000,2.000,12.000,37.000,0.000,0.000,1
2026-01-31 14:21:14,10180254,-2246.000,7604.000,2196.000,11.000,4.000,46.000,0.000,0.000,1
2026-01-31 14:21:14,10180294,-2230.000,7576.000,2193.000,23.000,-26.000,53.000,0.000,0.000,1
2026-01-31 14:21:14,10180337,-2187.000,7620.000,2195.000,41.000,-15.000,60.000,0.000,0.000,1
2026-01-31 14:21:14,10180374,-2193.000,7593.000,2188.000,51.000,-20.000,43.000,0.000,0.000,1
2026-01-31 14:21:14,10180414,-2193.000,7622.000,2156.000,36.000,-30.000,53.000,0.000,0.000,1
2026-01-31 14:21:14,10180454,-2159.000,7655.000,2174.000,32.000,-10.000,48.000,0.000,0.000,1
2026-01-31 14:21:14,10180494,-2213.000,7611.000,2186.000,12.000,5.000,42.000,0.000,0.000,1
2026-01-31 14:21:14,10180534,-2186.000,7644.000,2150.000,17.000,-17.000,47.000,0.000,0.000,1
2026-01-31 14:21:14,10180577,-2161.000,7656.000,2132.000,-6.000,1.000,33.000,0.000,0.000,1
2026-01-31 14:21:14,10180616,-2183.000,7621.000,2177.000,-27.000,-16.000,28.000,0.000,0.000,1
2026-01-31 14:21:14,10180654,-2171.000,7632.000,2183.000,-20.000,-4.000,25.000,0.000,0.000,1
2026-01-31 14:21:14,10180694,-2173.000,7628.000,2157.000,-24.000,19.000,19.000,0.000,0.000,1
2026-01-31 14:21:14,10180734,-2173.000,7631.000,2175.000,-26.000,4.000,28.000,0.000,0.000,1
2026-01-31 14:21:14,10180774,-2188.000,7627.000,2182.000,-41.000,5.000,23.000,0.000,0.000,1
2026-01-31 14:21:14,10180814,-2198.000,7635.000,2175.000,-39.000,3.000,27.000,0.000,0.000,1
2026-01-31 14:21:14,10180854,-2192.000,7655.000,2191.000,-67.000,-8.000,36.000,0.000,0.000,1
2026-01-31 14:21:14,10180894,-2151.000,7591.000,2191.000,-45.000,-7.000,27.000,0.000,0.000,1
2026-01-31 14:21:14,10180934,-2172.000,7632.000,2182.000,-31.000,5.000,30.000,0.000,0.000,1
2026-01-31 14:21:14,10180974,-2153.000,7591.000,2198.000,-31.000,-5.000,26.000,0.000,0.000,1
2026-01-31 14:21:14,10181014,-2155.000,7633.000,2190.000,-24.000,12.000,19.000,0.000,0.000,1
2026-01-31 14:21:15,10181054,-2157.000,7615.000,2193.000,-33.000,19.000,7.000,0.000,0.000,1
2026-01-31 14:21:15,10181094,-2162.000,7612.000,2200.000,-24.000,8.000,4.000,0.000,0.000,1
2026-01-31 14:21:15,10181134,-2160.000,7568.000,2187.000,-8.000,9.000,-7.000,0.000,0.000,1
2026-01-31 14:21:15,10181174,-2140.000,7602.000,2165.000,16.000,-1.000,4.000,0.000,0.000,1
2026-01-31 14:21:15,10181214,-2119.000,7605.000,2220.000,15.000,12.000,9.000,0.000,0.000,1
2026-01-31 14:21:15,10181254,-2192.000,7644.000,2205.000,30.000,37.000,4.000,0.000,0.000,1
2026-01-31 14:21:15,10181294,-2142.000,7633.000,2181.000,10.000,24.000,-11.000,0.000,0.000,1
2026-01-31 14:21:15,10181334,-2131.000,7636.000,2158.000,24.000,55.000,-8.000,0.000,0.000,1
2026-01-31 14:21:15,10181374,-2191.000,7589.000,2180.000,-4.000,32.000,-3.000,0.000,0.000,1
2026-01-31 14:21:15,10181414,-2187.000,7649.000,2196.000,14.000,21.000,7.000,0.000,0.000,1
2026-01-31 14:21:15,10181454,-2160.000,7640.000,2188.000,-10.000,16.000,-1.000,0.000,0.000,1
2026-01-31 14:21:15,10181494,-2167.000,7638.000,2185.000,-11.000,14.000,0.000,0.000,0.000,1
2026-01-31 14:21:15,10181534,-2185.000,7620.000,2180.000,-13.000,15.000,1.000,0.000,0.000,1
2026-01-31 14:21:15,10181574,-2199.000,7625.000,2179.000,-17.000,2.000,8.000,0.000,0.000,1
2026-01-31 14:21:15,10181614,-2157.000,7629.000,2189.000,-1.000,6.000,-11.000,0.000,0.000,1
2026-01-31 14:21:15,10181654,-2196.000,7611.000,2168.000,-3.000,7.000,-17.000,0.000,0.000,1
2026-01-31 14:21:15,10181694,-2143.000,7618.000,2193.000,-11.000,-3.000,12.000,0.000,0.000,1
2026-01-31 14:21:15,10181734,-2177.000,7619.000,2170.000,2.000,9.000,-1.000,0.000,0.000,1
2026-01-31 14:21:15,10181774,-2175.000,7647.000,2171.000,-4.000,12.000,15.000,0.000,0.000,1
2026-01-31 14:21:15,10181814,-2166.000,7607.000,2179.000,-15.000,4.000,7.000,0.000,0.000,1
2026-01-31 14:21:15,10181854,-2168.000,7628.000,2202.000,0.000,-1.000,17.000,0.000,0.000,1
2026-01-31 14:21:15,10181894,-2173.000,7619.000,2162.000,12.000,-5.000,5.000,0.000,0.000,1
2026-01-31 14:21:15,10181934,-2161.000,7659.000,2151.000,-8.000,-10.000,3.000,0.000,0.000,1
2026-01-31 14:21:15,10181974,-2145.000,7614.000,2203.000,-11.000,20.000,0.000,0.000,0.000,1
2026-01-31 14:21:15,10182014,-2216.000,7623.000,2204.000,-7.000,16.000,-4.000,0.000,0.000,1
2026-01-31 14:21:16,10182054,-2142.000,7642.000,2144.000,-5.000,12.000,1.000,0.000,0.000,1
2026-01-31 14:21:16,10182094,-2182.000,7646.000,2159.000,-32.000,19.000,-13.000,0.000,0.000,1
2026-01-31 14:21:16,10182134,-2189.000,7608.000,2204.000,-25.000,-1.000,-15.000,0.000,0.000,1
2026-01-31 14:21:16,10182174,-2169.000,7621.000,2173.000,-19.000,23.000,-5.000,0.000,0.000,1
2026-01-31 14:21:16,10182214,-2172.000,7625.000,2186.000,-30.000,12.000,-3.000,0.000,0.000,1
2026-01-31 14:21:16,10182254,-2196.000,7630.000,2203.000,-11.000,21.000,-3.000,0.000,0.000,1
2026-01-31 14:21:16,10182294,-2192.000,7636.000,2168.000,-15.000,9.000,-2.000,0.000,0.000,1
2026-01-31 14:21:16,10182334,-2189.000,7591.000,2202.000,-31.000,-5.000,-11.000,0.000,0.000,1
2026-01-31 14:21:16,10182374,-2165.000,7619.000,2190.000,-8.000,-2.000,5.000,0.000,0.000,1
2026-01-31 14:21:16,10182414,-2193.000,7628.000,2182.000,-9.000,15.000,-3.000,0.000,0.000,1
2026-01-31 14:21:16,10182454,-2172.000,7614.000,2207.000,-12.000,9.000,1.000,0.000,0.000,1
2026-01-31 14:21:16,10182494,-2173.000,7624.000,2176.000,-10.000,19.000,2.000,0.000,0.000,1
2026-01-31 14:21:16,10182534,-2187.000,7577.000,2197.000,-16.000,10.000,-1.000,0.000,0.000,1
2026-01-31 14:21:16,10182574,-2193.000,7644.000,2197.000,13.000,10.000,14.000,0.000,0.000,1
2026-01-31 14:21:16,10182614,-2187.000,7603.000,2190.000,-9.000,3.000,-6.000,0.000,0.000,1
2026-01-31 14:21:16,10182654,-2191.000,7625.000,2204.000,2.000,7.000,4.000,0.000,0.000,1
2026-01-31 14:21:16,10182694,-2171.000,7609.000,2175.000,4.000,-9.000,3.000,0.000,0.000,1
2026-01-31 14:21:16,10182734,-2131.000,7614.000,2175.000,0.000,10.000,14.000,0.000,0.000,1
2026-01-31 14:21:16,10182774,-2167.000,7600.000,2187.000,-1.000,49.000,-8.000,0.000,0.000,1
2026-01-31 14:21:16,10182814,-2236.000,7639.000,2200.000,5.000,49.000,0.000,0.000,0.000,1
2026-01-31 14:21:16,10182854,-2147.000,7637.000,2152.000,-9.000,42.000,-5.000,0.000,0.000,1
2026-01-31 14:21:16,10182894,-2192.000,7616.000,2176.000,-22.000,35.000,-5.000,0.000,0.000,1
2026-01-31 14:21:16,10182934,-2211.000,7622.000,2193.000,-16.000,3.000,3.000,0.000,0.000,1
2026-01-31 14:21:16,10182974,-2176.000,7594.000,2187.000,-19.000,4.000,5.000,0.000,0.000,1
2026-01-31 14:21:16,10183014,-2170.000,7621.000,2196.000,-29.000,2.000,5.000,0.000,0.000,1
2026-01-31 14:21:17,10183054,-2219.000,7623.000,2203.000,-21.000,14.000,6.000,0.000,0.000,1
2026-01-31 14:21:17,10183094,-2210.000,7612.000,2198.000,-16.000,14.000,3.000,0.000,0.000,1
2026-01-31 14:21:17,10183134,-2203.000,7612.000,2177.000,-19.000,6.000,4.000,0.000,0.000,1
2026-01-31 14:21:17,10183174,-2194.000,7590.000,2186.000,-23.000,11.000,14.000,0.000,0.000,1
2026-01-31 14:21:17,10183214,-2187.000,7623.000,2192.000,-6.000,13.000,8.000,0.000,0.000,1
2026-01-31 14:21:17,10183254,-2195.000,7620.000,2202.000,-19.000,18.000,8.000,0.000,0.000,1
2026-01-31 14:21:17,10183294,-2172.000,7597.000,2199.000,-3.000,9.000,0.000,0.000,0.000,1
2026-01-31 14:21:17,10183334,-2197.000,7621.000,2177.000,19.000,22.000,13.000,0.000,0.000,1
2026-01-31 14:21:17,10183374,-2200.000,7612.000,2189.000,-5.000,14.000,17.000,0.000,0.000,1
2026-01-31 14:21:17,10183414,-2193.000,7622.000,2186.000,2.000,10.000,8.000,0.000,0.000,1
2026-01-31 14:21:17,10183454,-2176.000,7612.000,2182.000,-10.000,4.000,9.000,0.000,0.000,1
2026-01-31 14:21:17,10183494,-2184.000,7651.000,2185.000,-10.000,10.000,13.000,0.000,0.000,1
2026-01-31 14:21:17,10183534,-2186.000,7582.000,2197.000,-38.000,2.000,12.000,0.000,0.000,1
2026-01-31 14:21:17,10183574,-2165.000,7625.000,2174.000,-9.000,8.000,10.000,0.000,0.000,1
2026-01-31 14:21:17,10183614,-2172.000,7612.000,2182.000,-7.000,34.000,13.000,0.000,0.000,1
2026-01-31 14:21:17,10183654,-2249.000,7644.000,2229.000,-4.000,21.000,7.000,0.000,0.000,1
2026-01-31 14:21:17,10183694,-2185.000,7618.000,2207.000,-6.000,-5.000,11.000,0.000,0.000,1
2026-01-31 14:21:17,10183734,-2138.000,7652.000,2143.000,-5.000,22.000,-4.000,0.000,0.000,1
2026-01-31 14:21:17,10183774,-2195.000,7573.000,2194.000,-38.000,7.000,-15.000,0.000,0.000,1
2026-01-31 14:21:17,10183814,-2178.000,7617.000,2206.000,6.000,11.000,4.000,0.000,0.000,1
2026-01-31 14:21:17,10183854,-2141.000,7609.000,2185.000,-4.000,10.000,6.000,0.000,0.000,1
2026-01-31 14:21:17,10183894,-2192.000,7645.000,2200.000,-9.000,15.000,11.000,0.000,0.000,1
2026-01-31 14:21:17,10183934,-2212.000,7606.000,2215.000,-19.000,16.000,-4.000,0.000,0.000,1
2026-01-31 14:21:17,10183974,-2172.000,7636.000,2172.000,-3.000,3.000,12.000,0.000,0.000,1
2026-01-31 14:21:17,10184014,-2166.000,7582.000,2204.000,-28.000,4.000,-9.000,0.000,0.000,1
2026-01-31 14:21:18,10184054,-2196.000,7636.000,2197.000,12.000,20.000,3.000,0.000,0.000,1
2026-01-31 14:21:18,10184094,-2180.000,7619.000,2195.000,-15.000,10.000,1.000,0.000,0.000,1
2026-01-31 14:21:18,10184134,-2190.000,7631.000,2198.000,-11.000,17.000,5.000,0.000,0.000,1
2026-01-31 14:21:18,10184174,-2181.000,7627.000,2189.000,-22.000,18.000,-3.000,0.000,0.000,1
2026-01-31 14:21:18,10184214,-2210.000,7605.000,2194.000,-12.000,8.000,-8.000,0.000,0.000,1
2026-01-31 14:21:18,10184254,-2179.000,7606.000,2202.000,-16.000,6.000,1.000,0.000,0.000,1
2026-01-31 14:21:18,10184294,-2189.000,7605.000,2196.000,-1.000,10.000,-6.000,0.000,0.000,1
2026-01-31 14:21:18,10184334,-2194.000,7624.000,2195.000,-7.000,6.000,5.000,0.000,0.000,1
2026-01-31 14:21:18,10184377,-2190.000,7640.000,2198.000,-9.000,11.000,7.000,0.000,0.000,1
2026-01-31 14:21:18,10184417,-2194.000,7592.000,2188.000,-16.000,1.000,-1.000,0.000,0.000,1
2026-01-31 14:21:18,10184454,-2181.000,7622.000,2191.000,-10.000,-1.000,9.000,0.000,0.000,1
2026-01-31 14:21:18,10184494,-2157.000,7595.000,2190.000,-14.000,18.000,-4.000,0.000,0.000,1
2026-01-31 14:21:18,10184534,-2239.000,7609.000,2204.000,-3.000,37.000,-2.000,0.000,0.000,1
2026-01-31 14:21:18,10184574,-2215.000,7637.000,2225.000,-7.000,-6.000,4.000,0.000,0.000,1
2026-01-31 14:21:18,10184614,-2146.000,7618.000,2177.000,-13.000,10.000,-4.000,0.000,0.000,1
2026-01-31 14:21:18,10184654,-2188.000,7624.000,2171.000,-19.000,17.000,-9.000,0.000,0.000,1
2026-01-31 14:21:18,10184694,-2207.000,7602.000,2219.000,-26.000,7.000,-19.000,0.000,0.000,1
2026-01-31 14:21:18,10184734,-2182.000,7607.000,2191.000,-3.000,22.000,-9.000,0.000,0.000,1
2026-01-31 14:21:18,10184774,-2209.000,7591.000,2216.000,-16.000,17.000,-7.000,0.000,0.000,1
2026-01-31 14:21:18,10184814,-2215.000,7637.000,2204.000,-2.000,5.000,15.000,0.000,0.000,1
2026-01-31 14:21:18,10184854,-2212.000,7621.000,2204.000,-10.000,5.000,1.000,0.000,0.000,1
2026-01-31 14:21:18,10184894,-2191.000,7615.000,2187.000,-9.000,0.000,-5.000,0.000,0.000,1
2026-01-31 14:21:18,10184934,-2187.000,7586.000,2197.000,-8.000,3.000,-10.000,0.000,0.000,1
2026-01-31 14:21:18,10184974,-2204.000,7602.000,2196.000,3.000,21.000,-3.000,0.000,0.000,1
2026-01-31 14:21:18,10185014,-2174.000,7651.000,2188.000,-9.000,18.000,-11.000,0.000,0.000,1
2026-01-31 14:21:19,10185054,-2209.000,7586.000,2198.000,-31.000,23.000,-16.000,0.000,0.000,1
2026-01-31 14:21:19,10185094,-2198.000,7626.000,2210.000,-13.000,24.000,-14.000,0.000,0.000,1
2026-01-31 14:21:19,10185134,-2210.000,7583.000,2201.000,-10.000,8.000,-21.000,0.000,0.000,1
2026-01-31 14:21:19,10185174,-2199.000,7611.000,2180.000,-18.000,23.000,-9.000,0.000,0.000,1
2026-01-31 14:21:19,10185214,-2213.000,7602.000,2201.000,-15.000,18.000,-23.000,0.000,0.000,1
2026-01-31 14:21:19,10185254,-2222.000,7592.000,2212.000,-16.000,15.000,2.000,0.000,0.000,1
2026-01-31 14:21:19,10185294,-2211.000,7629.000,2212.000,-26.000,23.000,5.000,0.000,0.000,1
2026-01-31 14:21:19,10185334,-2220.000,7589.000,2194.000,-24.000,5.000,-7.000,0.000,0.000,1
2026-01-31 14:21:19,10185374,-2195.000,7625.000,2204.000,-20.000,6.000,2.000,0.000,0.000,1
2026-01-31 14:21:19,10185414,-2222.000,7583.000,2185.000,-13.000,31.000,-19.000,0.000,0.000,1
2026-01-31 14:21:19,10185454,-2247.000,7609.000,2236.000,-24.000,19.000,-5.000,0.000,0.000,1
2026-01-31 14:21:19,10185494,-2205.000,7611.000,2187.000,-2.000,-4.000,-8.000,0.000,0.000,1
2026-01-31 14:21:19,10185534,-2210.000,7628.000,2175.000,-12.000,25.000,-8.000,0.000,0.000,1
2026-01-31 14:21:19,10185574,-2228.000,7591.000,2224.000,-39.000,1.000,-9.000,0.000,0.000,1
2026-01-31 14:21:19,10185614,-2202.000,7573.000,2201.000,-16.000,9.000,-1.000,0.000,0.000,1
2026-01-31 14:21:19,10185654,-2198.000,7594.000,2206.000,-18.000,18.000,15.000,0.000,0.000,1
2026-01-31 14:21:19,10185694,-2245.000,7605.000,2222.000,-25.000,13.000,15.000,0.000,0.000,1
2026-01-31 14:21:19,10185734,-2241.000,7600.000,2217.000,-9.000,6.000,12.000,0.000,0.000,1
2026-01-31 14:21:19,10185774,-2216.000,7636.000,2206.000,-12.000,4.000,16.000,0.000,0.000,1
2026-01-31 14:21:19,10185814,-2207.000,7542.000,2216.000,-22.000,7.000,-8.000,0.000,0.000,1
2026-01-31 14:21:19,10185854,-2242.000,7604.000,2202.000,9.000,8.000,12.000,0.000,0.000,1
2026-01-31 14:21:19,10185894,-2208.000,7593.000,2213.000,-6.000,6.000,14.000,0.000,0.000,1
2026-01-31 14:21:19,10185934,-2233.000,7646.000,2195.000,-8.000,13.000,5.000,0.000,0.000,1
2026-01-31 14:21:19,10185974,-2224.000,7567.000,2219.000,-33.000,4.000,-8.000,0.000,0.000,1
2026-01-31 14:21:19,10186014,-2206.000,7599.000,2203.000,11.000,11.000,-2.000,0.000,0.000,1
2026-01-31 14:21:20,10186054,-2222.000,7608.000,2196.000,1.000,5.000,10.000,0.000,0.000,1
2026-01-31 14:21:20,10186094,-2204.000,7594.000,2236.000,-7.000,-6.000,13.000,0.000,0.000,1
2026-01-31 14:21:20,10186134,-2233.000,7610.000,2198.000,3.000,20.000,10.000,0.000,0.000,1
2026-01-31 14:21:20,10186174,-2210.000,7583.000,2224.000,-11.000,-8.000,15.000,0.000,0.000,1
2026-01-31 14:21:20,10186214,-2211.000,7594.000,2206.000,7.000,6.000,20.000,0.000,0.000,1
2026-01-31 14:21:20,10186254,-2170.000,7614.000,2214.000,16.000,16.000,41.000,0.000,0.000,1
2026-01-31 14:21:20,10186294,-2277.000,7616.000,2220.000,28.000,21.000,56.000,0.000,0.000,1
2026-01-31 14:21:20,10186334,-2206.000,7626.000,2204.000,15.000,-21.000,67.000,0.000,0.000,1
2026-01-31 14:21:20,10186374,-2127.000,7666.000,2159.000,3.000,2.000,30.000,0.000,0.000,1
2026-01-31 14:21:20,10186414,-2238.000,7619.000,2198.000,-25.000,18.000,-22.000,0.000,0.000,1
2026-01-31 14:21:20,10186454,-2221.000,7592.000,2226.000,-27.000,1.000,-31.000,0.000,0.000,1
2026-01-31 14:21:20,10186494,-2171.000,7563.000,2193.000,-10.000,10.000,-23.000,0.000,0.000,1
2026-01-31 14:21:20,10186534,-2211.000,7597.000,2209.000,-10.000,17.000,2.000,0.000,0.000,1
2026-01-31 14:21:20,10186577,-2233.000,7622.000,2204.000,2.000,-1.000,12.000,0.000,0.000,1
2026-01-31 14:21:20,10186614,-2216.000,7627.000,2198.000,-3.000,-12.000,8.000,0.000,0.000,1
2026-01-31 14:21:20,10186654,-2209.000,7582.000,2204.000,-11.000,14.000,-7.000,0.000,0.000,1
2026-01-31 14:21:20,10186694,-2219.000,7623.000,2200.000,-4.000,9.000,0.000,0.000,0.000,1
2026-01-31 14:21:20,10186734,-2220.000,7592.000,2205.000,-21.000,2.000,2.000,0.000,0.000,1
2026-01-31 14:21:20,10186774,-2207.000,7620.000,2213.000,0.000,8.000,10.000,0.000,0.000,1
2026-01-31 14:21:20,10186814,-2201.000,7625.000,2191.000,-17.000,5.000,1.000,0.000,0.000,1
2026-01-31 14:21:20,10186854,-2219.000,7589.000,2209.000,-30.000,5.000,-3.000,0.000,0.000,1
2026-01-31 14:21:20,10186894,-2204.000,7609.000,2214.000,-8.000,7.000,-2.000,0.000,0.000,1
2026-01-31 14:21:20,10186934,-2213.000,7618.000,2200.000,-15.000,1.000,3.000,0.000,0.000,1
2026-01-31 14:21:20,10186974,-2207.000,7611.000,2225.000,-31.000,8.000,-11.000,0.000,0.000,1
2026-01-31 14:21:20,10187014,-2215.000,7567.000,2223.000,-26.000,1.000,-4.000,0.000,0.000,1
2026-01-31 14:21:21,10187054,-2181.000,7613.000,2205.000,-35.000,4.000,0.000,0.000,0.000,1
2026-01-31 14:21:21,10187094,-2216.000,7578.000,2228.000,-17.000,34.000,-9.000,0.000,0.000,1
2026-01-31 14:21:21,10187134,-2280.000,7624.000,2226.000,-7.000,21.000,5.000,0.000,0.000,1
2026-01-31 14:21:21,10187174,-2178.000,7584.000,2213.000,-15.000,-16.000,24.000,0.000,0.000,1
2026-01-31 14:21:21,10187214,-2156.000,7584.000,2179.000,13.000,21.000,16.000,0.000,0.000,1
2026-01-31 14:21:21,10187254,-2260.000,7670.000,2213.000,-11.000,21.000,-5.000,0.000,0.000,1
2026-01-31 14:21:21,10187294,-2212.000,7575.000,2257.000,-20.000,-3.000,-21.000,0.000,0.000,1
2026-01-31 14:21:21,10187334,-2203.000,7622.000,2193.000,2.000,28.000,-22.000,0.000,0.000,1
2026-01-31 14:21:21,10187374,-2224.000,7577.000,2240.000,-39.000,9.000,-15.000,0.000,0.000,1
2026-01-31 14:21:21,10187414,-2244.000,7587.000,2210.000,5.000,-3.000,16.000,0.000,0.000,1
2026-01-31 14:21:21,10187454,-2218.000,7632.000,2209.000,12.000,-10.000,30.000,0.000,0.000,1
2026-01-31 14:21:21,10187494,-2212.000,7584.000,2221.000,-4.000,-11.000,31.000,0.000,0.000,1
2026-01-31 14:21:21,10187534,-2202.000,7574.000,2220.000,15.000,0.000,36.000,0.000,0.000,1
2026-01-31 14:21:21,10187574,-2220.000,7601.000,2219.000,18.000,4.000,37.000,0.000,0.000,1
2026-01-31 14:21:21,10187614,-2207.000,7597.000,2207.000,30.000,-11.000,45.000,0.000,0.000,1
2026-01-31 14:21:21,10187654,-2213.000,7644.000,2202.000,37.000,3.000,39.000,0.000,0.000,1
2026-01-31 14:21:21,10187694,-2213.000,7612.000,2213.000,15.000,-18.000,26.000,0.000,0.000,1
2026-01-31 14:21:21,10187734,-2202.000,7585.000,2226.000,9.000,-19.000,36.000,0.000,0.000,1
2026-01-31 14:21:21,10187774,-2178.000,7622.000,2187.000,29.000,-20.000,49.000,0.000,0.000,1
2026-01-31 14:21:21,10187814,-2190.000,7571.000,2205.000,45.000,-20.000,59.000,0.000,0.000,1
2026-01-31 14:21:21,10187854,-2184.000,7660.000,2166.000,61.000,-15.000,76.000,0.000,0.000,1
2026-01-31 14:21:21,10187894,-2129.000,7610.000,2215.000,26.000,-9.000,83.000,0.000,0.000,1
2026-01-31 14:21:21,10187934,-2220.000,7568.000,2221.000,48.000,20.000,87.000,0.000,0.000,1
2026-01-31 14:21:21,10187974,-2214.000,7446.000,2202.000,101.000,-16.000,151.000,0.000,0.000,1
2026-01-31 14:21:21,10188014,-2162.000,7410.000,2179.000,198.000,-20.000,389.000,0.000,0.000,1
2026-01-31 14:21:22,10188054,-2092.000,7337.000,2206.000,236.000,-55.000,775.000,0.000,0.000,1
2026-01-31 14:21:22,10188094,-1991.000,7412.000,2141.000,425.000,-111.000,1234.000,0.000,0.000,1
2026-01-31 14:21:22,10188134,-1826.000,7699.000,2106.000,685.000,-159.000,1531.000,0.000,0.000,1
2026-01-31 14:21:22,10188174,-1503.000,7972.000,1952.000,799.000,-155.000,1353.000,0.000,0.000,1
2026-01-31 14:21:22,10188214,-1404.000,7950.000,1927.000,822.000,10.000,1053.000,0.000,0.000,1
2026-01-31 14:21:22,10188254,-1362.000,8062.000,1873.000,829.000,70.000,859.000,0.000,0.000,1
2026-01-31 14:21:22,10188294,-1236.000,8053.000,1782.000,594.000,109.000,627.000,0.000,0.000,1
2026-01-31 14:21:22,10188337,-1286.000,7730.000,1726.000,529.000,176.000,437.000,0.000,0.000,1
2026-01-31 14:21:22,10188376,-1149.000,8101.000,1504.000,521.000,178.000,538.000,0.000,0.000,1
2026-01-31 14:21:22,10188414,-1276.000,8110.000,1441.000,413.000,173.000,332.000,0.000,0.000,1
2026-01-31 14:21:22,10188454,-1408.000,7953.000,1523.000,211.000,54.000,176.000,0.000,0.000,1
2026-01-31 14:21:22,10188494,-1336.000,7771.000,1652.000,264.000,-51.000,302.000,0.000,0.000,1
2026-01-31 14:21:22,10188534,-1185.000,7971.000,1543.000,420.000,-47.000,493.000,0.000,0.000,1
2026-01-31 14:21:22,10188577,-1144.000,8266.000,1334.000,352.000,39.000,113.000,0.000,0.000,1
2026-01-31 14:21:22,10188614,-1149.000,8215.000,1358.000,193.000,29.000,12.000,0.000,0.000,1
2026-01-31 14:21:22,10188654,-1228.000,8032.000,1433.000,-17.000,7.000,-90.000,0.000,0.000,1
2026-01-31 14:21:22,10188694,-1193.000,8049.000,1407.000,-96.000,-59.000,-61.000,0.000,0.000,1
2026-01-31 14:21:22,10188734,-1232.000,8009.000,1445.000,-195.000,-79.000,-58.000,0.000,0.000,1
2026-01-31 14:21:22,10188774,-1103.000,7957.000,1481.000,-157.000,-111.000,1.000,0.000,0.000,1
2026-01-31 14:21:22,10188814,-1072.000,7984.000,1515.000,-120.000,-74.000,-58.000,0.000,0.000,1
2026-01-31 14:21:22,10188854,-1158.000,7981.000,1525.000,-171.000,-21.000,-67.000,0.000,0.000,1
2026-01-31 14:21:22,10188894,-1141.000,8000.000,1556.000,-153.000,-21.000,-48.000,0.000,0.000,1
2026-01-31 14:21:22,10188934,-1178.000,7945.000,1552.000,-163.000,-7.000,-47.000,0.000,0.000,1
2026-01-31 14:21:22,10188974,-1197.000,7974.000,1541.000,-137.000,2.000,1.000,0.000,0.000,1
2026-01-31 14:21:22,10189014,-1163.000,7893.000,1604.000,-119.000,-4.000,-13.000,0.000,0.000,1
2026-01-31 14:21:23,10189054,-1175.000,7946.000,1566.000,-31.000,14.000,-45.000,0.000,0.000,1
2026-01-31 14:21:23,10189094,-1191.000,7998.000,1580.000,-33.000,15.000,-53.000,0.000,0.000,1
2026-01-31 14:21:23,10189134,-1179.000,7951.000,1583.000,-52.000,-6.000,-74.000,0.000,0.000,1
2026-01-31 14:21:23,10189174,-1204.000,7934.000,1574.000,-45.000,24.000,-75.000,0.000,0.000,1
2026-01-31 14:21:23,10189214,-1202.000,7966.000,1574.000,-52.000,26.000,-54.000,0.000,0.000,1
2026-01-31 14:21:23,10189254,-1228.000,7934.000,1602.000,-50.000,9.000,-60.000,0.000,0.000,1
2026-01-31 14:21:23,10189294,-1247.000,7966.000,1568.000,13.000,-8.000,-80.000,0.000,0.000,1
2026-01-31 14:21:23,10189334,-1200.000,7933.000,1567.000,-2.000,-12.000,-48.000,0.000,0.000,1
2026-01-31 14:21:23,10189374,-1218.000,7986.000,1565.000,-40.000,-16.000,-50.000,0.000,0.000,1
2026-01-31 14:21:23,10189414,-1222.000,7991.000,1615.000,-89.000,-13.000,-38.000,0.000,0.000,1
2026-01-31 14:21:23,10189454,-1216.000,7952.000,1605.000,-75.000,1.000,-18.000,0.000,0.000,1
2026-01-31 14:21:23,10189494,-1209.000,7983.000,1577.000,-91.000,20.000,-34.000,0.000,0.000,1
2026-01-31 14:21:23,10189534,-1264.000,7937.000,1609.000,-137.000,20.000,-37.000,0.000,2.820,1
2026-01-31 14:21:23,10189574,-1246.000,7938.000,1650.000,-115.000,18.000,-27.000,0.000,2.820,1
2026-01-31 14:21:23,10189614,-1235.000,7926.000,1655.000,-78.000,28.000,-29.000,0.000,2.820,1
2026-01-31 14:21:23,10189654,-1263.000,7900.000,1634.000,-60.000,25.000,-44.000,0.000,2.820,1
2026-01-31 14:21:23,10189694,-1279.000,7934.000,1664.000,-42.000,11.000,-21.000,0.000,2.820,1
2026-01-31 14:21:23,10189734,-1258.000,7961.000,1650.000,-35.000,-19.000,21.000,0.000,2.820,1
2026-01-31 14:21:23,10189774,-1236.000,7893.000,1665.000,-56.000,-7.000,-9.000,0.000,2.820,1
2026-01-31 14:21:23,10189814,-1244.000,7930.000,1654.000,-1.000,10.000,-24.000,0.000,2.820,1
2026-01-31 14:21:23,10189854,-1215.000,7951.000,1655.000,43.000,19.000,-34.000,0.000,2.820,1
2026-01-31 14:21:23,10189894,-1219.000,7949.000,1652.000,43.000,62.000,-62.000,0.000,2.820,1
2026-01-31 14:21:23,10189934,-1296.000,7989.000,1689.000,-17.000,89.000,-69.000,0.000,2.820,1
2026-01-31 14:21:23,10189974,-1257.000,7907.000,1613.000,-69.000,68.000,-96.000,0.000,2.820,1
2026-01-31 14:21:23,10190014,-1271.000,7808.000,1594.000,-6.000,92.000,-143.000,0.000,2.820,1
2026-01-31 14:21:24,10190054,-1437.000,7765.000,1610.000,138.000,-10.000,-141.000,0.000,2.820,1
2026-01-31 14:21:24,10190094,-1347.000,8197.000,1696.000,-111.000,-149.000,78.000,0.000,2.820,1
2026-01-31 14:21:24,10190134,-1305.000,7859.000,1700.000,-197.000,-57.000,-5.000,0.000,2.820,1
2026-01-31 14:21:24,10190174,-1292.000,7834.000,1662.000,-12.000,18.000,-128.000,0.000,2.820,1
2026-01-31 14:21:24,10190214,-1333.000,7907.000,1600.000,97.000,36.000,-123.000,0.000,2.820,1
2026-01-31 14:21:24,10190254,-1391.000,8006.000,1589.000,106.000,5.000,-67.000,0.000,2.820,1
2026-01-31 14:21:24,10190294,-1346.000,7953.000,1641.000,-87.000,-87.000,22.000,0.000,2.820,1
2026-01-31 14:21:24,10190334,-1292.000,7877.000,1696.000,-150.000,-85.000,77.000,0.000,2.820,1
2026-01-31 14:21:24,10190374,-1282.000,7936.000,1671.000,-62.000,-40.000,67.000,0.000,2.820,1
2026-01-31 14:21:24,10190414,-1291.000,7947.000,1670.000,-38.000,-9.000,21.000,0.000,2.820,1
2026-01-31 14:21:24,10190454,-1273.000,7899.000,1687.000,-10.000,-3.000,-26.000,0.000,2.820,1
2026-01-31 14:21:24,10190494,-1332.000,7932.000,1671.000,34.000,24.000,-48.000,0.000,2.820,1
2026-01-31 14:21:24,10190534,-1330.000,7943.000,1679.000,-59.000,10.000,8.000,0.000,4.350,1
2026-01-31 14:21:24,10190577,-1295.000,7918.000,1663.000,-38.000,2.000,25.000,0.000,4.350,1
2026-01-31 14:21:24,10190614,-1305.000,7887.000,1670.000,-30.000,12.000,12.000,0.000,4.350,1
2026-01-31 14:21:24,10190654,-1313.000,7942.000,1653.000,19.000,25.000,0.000,0.000,4.350,1
2026-01-31 14:21:24,10190694,-1345.000,7957.000,1669.000,13.000,20.000,-30.000,0.000,4.350,1
2026-01-31 14:21:24,10190734,-1325.000,7922.000,1683.000,-11.000,-11.000,-5.000,0.000,4.350,1
2026-01-31 14:21:24,10190774,-1369.000,7936.000,1685.000,-10.000,-2.000,-28.000,0.000,4.350,1
2026-01-31 14:21:24,10190814,-1342.000,7945.000,1684.000,-41.000,0.000,1.000,0.000,4.350,1
2026-01-31 14:21:24,10190854,-1384.000,7920.000,1664.000,-15.000,11.000,1.000,0.000,4.350,1
2026-01-31 14:21:24,10190894,-1345.000,7901.000,1671.000,2.000,-33.000,50.000,0.000,4.350,1
2026-01-31 14:21:24,10190934,-1306.000,7969.000,1648.000,26.000,-31.000,68.000,0.000,4.350,1
2026-01-31 14:21:24,10190974,-1258.000,8006.000,1631.000,-44.000,-15.000,62.000,0.000,4.350,1
2026-01-31 14:21:24,10191014,-1293.000,7942.000,1659.000,-141.000,1.000,36.000,0.000,4.350,1
2026-01-31 14:21:25,10191054,-1300.000,7905.000,1705.000,-172.000,25.000,25.000,0.000,4.350,1
2026-01-31 14:21:25,10191094,-1296.000,7896.000,1744.000,-139.000,30.000,7.000,0.000,4.350,1
2026-01-31 14:21:25,10191134,-1315.000,7902.000,1729.000,-82.000,34.000,-9.000,0.000,4.350,1
2026-01-31 14:21:25,10191174,-1308.000,7933.000,1745.000,-106.000,30.000,19.000,0.000,4.350,1
2026-01-31 14:21:25,10191214,-1312.000,7900.000,1776.000,-151.000,20.000,28.000,0.000,4.350,1
2026-01-31 14:21:25,10191254,-1310.000,7866.000,1762.000,-79.000,16.000,54.000,0.000,4.350,1
2026-01-31 14:21:25,10191294,-1306.000,7900.000,1755.000,-69.000,6.000,60.000,0.000,4.350,1
2026-01-31 14:21:25,10191334,-1307.000,7892.000,1767.000,-73.000,-10.000,60.000,0.000,4.350,1
2026-01-31 14:21:25,10191374,-1300.000,7902.000,1774.000,-37.000,-13.000,65.000,0.000,4.350,1
2026-01-31 14:21:25,10191414,-1299.000,7917.000,1765.000,-22.000,-7.000,46.000,0.000,4.350,1
2026-01-31 14:21:25,10191454,-1297.000,7920.000,1761.000,-20.000,-11.000,34.000,0.000,4.350,1
2026-01-31 14:21:25,10191494,-1293.000,7883.000,1788.000,2.000,-30.000,9.000,0.000,4.350,1
2026-01-31 14:21:25,10191534,-1269.000,7865.000,1754.000,60.000,-39.000,13.000,0.000,-0.550,1
2026-01-31 14:21:25,10191574,-1228.000,7951.000,1755.000,64.000,-28.000,29.000,0.000,-0.550,1
2026-01-31 14:21:25,10191614,-1282.000,7906.000,1776.000,-3.000,-7.000,4.000,0.000,-0.550,1
2026-01-31 14:21:25,10191654,-1252.000,7904.000,1750.000,9.000,-11.000,30.000,0.000,-0.550,1
2026-01-31 14:21:25,10191694,-1211.000,7909.000,1706.000,19.000,8.000,6.000,0.000,-0.550,1
2026-01-31 14:21:25,10191734,-1255.000,7906.000,1747.000,-20.000,31.000,-21.000,0.000,-0.550,1
2026-01-31 14:21:25,10191774,-1276.000,7914.000,1770.000,3.000,27.000,-25.000,0.000,-0.550,1
2026-01-31 14:21:25,10191814,-1272.000,7932.000,1775.000,19.000,36.000,-18.000,0.000,-0.550,1
2026-01-31 14:21:25,10191854,-1262.000,7946.000,1770.000,19.000,33.000,-34.000,0.000,-0.550,1
2026-01-31 14:21:25,10191894,-1305.000,7917.000,1756.000,-13.000,47.000,-34.000,0.000,-0.550,1
2026-01-31 14:21:25,10191934,-1311.000,7893.000,1759.000,-7.000,22.000,-19.000,0.000,-0.550,1
2026-01-31 14:21:25,10191974,-1298.000,7889.000,1760.000,14.000,13.000,-12.000,0.000,-0.550,1
2026-01-31 14:21:25,10192014,-1291.000,7942.000,1728.000,20.000,11.000,-20.000,0.000,-0.550,1
2026-01-31 14:21:26,10192054,-1306.000,7916.000,1757.000,-16.000,16.000,-23.000,0.000,-0.550,1
2026-01-31 14:21:26,10192094,-1298.000,7907.000,1752.000,11.000,18.000,2.000,0.000,-0.550,1
2026-01-31 14:21:26,10192134,-1282.000,7921.000,1725.000,-9.000,15.000,4.000,0.000,-0.550,1
2026-01-31 14:21:26,10192174,-1310.000,7914.000,1747.000,-33.000,19.000,-3.000,0.000,-0.550,1
2026-01-31 14:21:26,10192214,-1332.000,7903.000,1783.000,-10.000,7.000,6.000,0.000,-0.550,1
2026-01-31 14:21:26,10192254,-1313.000,7898.000,1726.000,31.000,-21.000,25.000,0.000,-0.550,1
2026-01-31 14:21:26,10192294,-1241.000,7921.000,1740.000,11.000,-21.000,39.000,0.000,-0.550,1
2026-01-31 14:21:26,10192337,-1320.000,7918.000,1779.000,-20.000,13.000,8.000,0.000,-0.550,1
2026-01-31 14:21:26,10192377,-1256.000,7911.000,1720.000,20.000,-8.000,29.000,0.000,-0.550,1
2026-01-31 14:21:26,10192414,-1233.000,7913.000,1709.000,9.000,6.000,13.000,0.000,-0.550,1
2026-01-31 14:21:26,10192454,-1281.000,7934.000,1731.000,-38.000,24.000,-23.000,0.000,-0.550,1
2026-01-31 14:21:26,10192494,-1307.000,7889.000,1755.000,-22.000,11.000,-12.000,0.000,-0.550,1
2026-01-31 14:21:26,10192534,-1277.000,7915.000,1745.000,-5.000,16.000,2.000,0.000,-1.430,1
2026-01-31 14:21:26,10192579,-1303.000,7924.000,1755.000,-15.000,16.000,-14.000,0.000,-1.430,1
2026-01-31 14:21:26,10192614,-1294.000,7915.000,1761.000,-12.000,17.000,-13.000,0.000,-1.430,1
2026-01-31 14:21:26,10192654,-1304.000,7908.000,1747.000,-12.000,13.000,-9.000,0.000,-1.430,1
2026-01-31 14:21:26,10192694,-1306.000,7908.000,1751.000,-14.000,7.000,0.000,0.000,-1.430,1
2026-01-31 14:21:26,10192734,-1291.000,7899.000,1743.000,-2.000,7.000,6.000,0.000,-1.430,1
2026-01-31 14:21:26,10192774,-1294.000,7919.000,1740.000,-13.000,4.000,14.000,0.000,-1.430,1
2026-01-31 14:21:26,10192814,-1295.000,7916.000,1761.000,-22.000,15.000,-4.000,0.000,-1.430,1
2026-01-31 14:21:26,10192854,-1313.000,7888.000,1742.000,-10.000,15.000,-2.000,0.000,-1.430,1
2026-01-31 14:21:26,10192894,-1300.000,7918.000,1742.000,2.000,5.000,10.000,0.000,-1.430,1
2026-01-31 14:21:26,10192934,-1304.000,7921.000,1737.000,-9.000,0.000,5.000,0.000,-1.430,1
2026-01-31 14:21:26,10192974,-1297.000,7905.000,1765.000,-3.000,-11.000,12.000,0.000,-1.430,1
2026-01-31 14:21:26,10193014,-1286.000,7913.000,1740.000,31.000,-22.000,12.000,0.000,-1.430,1
2026-01-31 14:21:27,10193054,-1263.000,7935.000,1720.000,24.000,-5.000,14.000,0.000,-1.430,1
2026-01-31 14:21:27,10193094,-1274.000,7921.000,1737.000,-5.000,25.000,-17.000,0.000,-1.430,1
2026-01-31 14:21:27,10193134,-1341.000,7934.000,1763.000,-24.000,26.000,-3.000,0.000,-1.430,1
2026-01-31 14:21:27,10193174,-1273.000,7904.000,1716.000,13.000,11.000,11.000,0.000,-1.430,1
2026-01-31 14:21:27,10193214,-1282.000,7934.000,1716.000,-19.000,35.000,-6.000,0.000,-1.430,1
2026-01-31 14:21:27,10193254,-1322.000,7904.000,1751.000,-35.000,2.000,-9.000,0.000,-1.430,1
2026-01-31 14:21:27,10193294,-1284.000,7904.000,1756.000,-7.000,7.000,3.000,0.000,-1.430,1
2026-01-31 14:21:27,10193334,-1280.000,7926.000,1742.000,-6.000,19.000,-10.000,0.000,-1.430,1
2026-01-31 14:21:27,10193374,-1327.000,7902.000,1752.000,-25.000,25.000,-15.000,0.000,-1.430,1
2026-01-31 14:21:27,10193414,-1316.000,7907.000,1755.000,-12.000,12.000,11.000,0.000,-1.430,1
2026-01-31 14:21:27,10193454,-1305.000,7914.000,1745.000,-13.000,-3.000,6.000,0.000,-1.430,1
2026-01-31 14:21:27,10193494,-1301.000,7902.000,1749.000,-10.000,4.000,-3.000,0.000,-1.430,1
2026-01-31 14:21:27,10193534,-1291.000,7917.000,1737.000,-12.000,4.000,7.000,0.000,-0.010,1
2026-01-31 14:21:27,10193574,-1294.000,7901.000,1762.000,-22.000,8.000,6.000,0.000,-0.010,1
2026-01-31 14:21:27,10193614,-1307.000,7913.000,1747.000,-9.000,23.000,4.000,0.000,-0.010,1
2026-01-31 14:21:27,10193654,-1311.000,7912.000,1741.000,-6.000,13.000,6.000,0.000,-0.010,1
2026-01-31 14:21:27,10193694,-1307.000,7912.000,1748.000,-12.000,1.000,8.000,0.000,-0.010,1
2026-01-31 14:21:27,10193734,-1295.000,7910.000,1750.000,-1.000,3.000,6.000,0.000,-0.010,1
2026-01-31 14:21:27,10193774,-1297.000,7917.000,1741.000,5.000,6.000,-1.000,0.000,-0.010,1
2026-01-31 14:21:27,10193814,-1315.000,7918.000,1741.000,-5.000,9.000,-2.000,0.000,-0.010,1
2026-01-31 14:21:27,10193854,-1297.000,7888.000,1764.000,-20.000,6.000,16.000,0.000,-0.010,1
2026-01-31 14:21:27,10193894,-1281.000,7921.000,1727.000,10.000,2.000,13.000,0.000,-0.010,1
2026-01-31 14:21:27,10193934,-1278.000,7922.000,1740.000,-22.000,32.000,-17.000,0.000,-0.010,1
2026-01-31 14:21:27,10193974,-1361.000,7914.000,1783.000,-32.000,33.000,-22.000,0.000,-0.010,1
2026-01-31 14:21:27,10194014,-1319.000,7916.000,1750.000,12.000,-8.000,20.000,0.000,-0.010,1
2026-01-31 14:21:28,10194054,-1254.000,7902.000,1711.000,1.000,11.000,0.000,0.000,-0.010,1
2026-01-31 14:21:28,10194094,-1307.000,7920.000,1752.000,-43.000,24.000,-21.000,0.000,-0.010,1
2026-01-31 14:21:28,10194134,-1310.000,7908.000,1758.000,-14.000,3.000,-6.000,0.000,-0.010,1
2026-01-31 14:21:28,10194174,-1289.000,7902.000,1752.000,-6.000,17.000,-2.000,0.000,-0.010,1
2026-01-31 14:21:28,10194214,-1309.000,7913.000,1766.000,-35.000,26.000,-15.000,0.000,-0.010,1
2026-01-31 14:21:28,10194254,-1343.000,7895.000,1756.000,-21.000,16.000,-5.000,0.000,-0.010,1
2026-01-31 14:21:28,10194294,-1309.000,7906.000,1766.000,-15.000,6.000,5.000,0.000,-0.010,1
2026-01-31 14:21:28,10194337,-1317.000,7895.000,1750.000,19.000,1.000,2.000,0.000,-0.010,1
2026-01-31 14:21:28,10194376,-1311.000,7902.000,1749.000,19.000,6.000,9.000,0.000,-0.010,1
2026-01-31 14:21:28,10194416,-1306.000,7920.000,1743.000,10.000,8.000,2.000,0.000,-0.010,1
2026-01-31 14:21:28,10194454,-1311.000,7905.000,1753.000,5.000,7.000,-1.000,0.000,-0.010,1
2026-01-31 14:21:28,10194494,-1305.000,7916.000,1745.000,17.000,15.000,-4.000,0.000,-0.010,1
2026-01-31 14:21:28,10194534,-1314.000,7903.000,1730.000,17.000,14.000,-15.000,0.000,4.680,1
2026-01-31 14:21:28,10194577,-1327.000,7904.000,1751.000,2.000,7.000,-21.000,0.000,4.680,1
2026-01-31 14:21:28,10194616,-1326.000,7908.000,1742.000,21.000,0.000,-18.000,0.000,4.680,1
2026-01-31 14:21:28,10194654,-1307.000,7941.000,1735.000,10.000,7.000,1.000,0.000,4.680,1
2026-01-31 14:21:28,10194694,-1326.000,7912.000,1752.000,-30.000,19.000,-17.000,0.000,4.680,1
2026-01-31 14:21:28,10194734,-1332.000,7918.000,1746.000,-18.000,14.000,-11.000,0.000,4.680,1
2026-01-31 14:21:28,10194774,-1322.000,7901.000,1728.000,-15.000,3.000,-8.000,0.000,4.680,1
2026-01-31 14:21:28,10194814,-1291.000,7901.000,1747.000,-8.000,17.000,-5.000,0.000,4.680,1
2026-01-31 14:21:28,10194854,-1344.000,7922.000,1745.000,-35.000,51.000,-26.000,0.000,4.680,1
2026-01-31 14:21:28,10194894,-1377.000,7912.000,1767.000,-35.000,17.000,-10.000,0.000,4.680,1
2026-01-31 14:21:28,10194934,-1316.000,7910.000,1740.000,1.000,2.000,10.000,0.000,4.680,1
2026-01-31 14:21:28,10194974,-1317.000,7926.000,1725.000,-12.000,22.000,-13.000,0.000,4.680,1
2026-01-31 14:21:28,10195014,-1348.000,7891.000,1767.000,-45.000,6.000,-12.000,0.000,4.680,1
2026-01-31 14:21:29,10195054,-1316.000,7906.000,1745.000,-11.000,17.000,-8.000,0.000,4.680,1
2026-01-31 14:21:29,10195094,-1343.000,7909.000,1759.000,-30.000,28.000,-17.000,0.000,4.680,1
2026-01-31 14:21:29,10195134,-1371.000,7903.000,1768.000,-29.000,15.000,-1.000,0.000,4.680,1
2026-01-31 14:21:29,10195174,-1350.000,7900.000,1763.000,-10.000,0.000,16.000,0.000,4.680,1
2026-01-31 14:21:29,10195214,-1327.000,7899.000,1766.000,-3.000,4.000,8.000,0.000,4.680,1
2026-01-31 14:21:29,10195254,-1340.000,7915.000,1740.000,10.000,8.000,1.000,0.000,4.680,1
2026-01-31 14:21:29,10195294,-1335.000,7904.000,1756.000,-8.000,3.000,7.000,0.000,4.680,1
2026-01-31 14:21:29,10195334,-1341.000,7904.000,1756.000,-10.000,4.000,11.000,0.000,4.680,1
2026-01-31 14:21:29,10195374,-1341.000,7915.000,1753.000,-12.000,9.000,7.000,0.000,4.680,1
2026-01-31 14:21:29,10195414,-1336.000,7914.000,1749.000,-28.000,10.000,3.000,0.000,4.680,1
2026-01-31 14:21:29,10195454,-1353.000,7898.000,1757.000,-18.000,3.000,3.000,0.000,4.680,1
2026-01-31 14:21:29,10195494,-1339.000,7929.000,1759.000,-26.000,-5.000,20.000,0.000,4.680,1
2026-01-31 14:21:29,10195534,-1326.000,7975.000,1743.000,-63.000,2.000,24.000,0.000,-1.630,1
2026-01-31 14:21:29,10195574,-1300.000,7937.000,1770.000,-150.000,15.000,-13.000,0.000,-1.630,1
2026-01-31 14:21:29,10195614,-1316.000,7737.000,1795.000,-89.000,12.000,-60.000,0.000,-1.630,1
2026-01-31 14:21:29,10195654,-1322.000,7859.000,1801.000,56.000,5.000,-27.000,0.000,-1.630,1
2026-01-31 14:21:29,10195694,-1314.000,7888.000,1805.000,34.000,30.000,-7.000,0.000,-1.630,1
2026-01-31 14:21:29,10195734,-1412.000,7884.000,1856.000,7.000,72.000,-40.000,0.000,-1.630,1
2026-01-31 14:21:29,10195774,-1436.000,7939.000,1826.000,48.000,31.000,-14.000,0.000,-1.630,1
2026-01-31 14:21:29,10195814,-1344.000,7863.000,1691.000,78.000,-13.000,30.000,0.000,-1.630,1
2026-01-31 14:21:29,10195854,-1338.000,7913.000,1731.000,48.000,-48.000,25.000,0.000,-1.630,1
2026-01-31 14:21:29,10195894,-1348.000,7891.000,1739.000,63.000,-39.000,25.000,0.000,-1.630,1
2026-01-31 14:21:29,10195934,-1318.000,7957.000,1740.000,83.000,-20.000,9.000,0.000,-1.630,1
2026-01-31 14:21:29,10195974,-1333.000,7941.000,1738.000,42.000,14.000,-12.000,0.000,-1.630,1
2026-01-31 14:21:29,10196014,-1379.000,7933.000,1720.000,28.000,17.000,-22.000,0.000,-1.630,1
2026-01-31 14:21:30,10196054,-1378.000,7895.000,1735.000,-4.000,-13.000,-7.000,0.000,-1.630,1
2026-01-31 14:21:30,10196094,-1342.000,7926.000,1732.000,-5.000,-29.000,18.000,0.000,-1.630,1
2026-01-31 14:21:30,10196134,-1309.000,7921.000,1727.000,-22.000,-26.000,20.000,0.000,-1.630,1
2026-01-31 14:21:30,10196174,-1294.000,7932.000,1742.000,-58.000,-12.000,12.000,0.000,-1.630,1
2026-01-31 14:21:30,10196214,-1307.000,7888.000,1748.000,-47.000,28.000,19.000,0.000,-1.630,1
2026-01-31 14:21:30,10196254,-1343.000,7923.000,1732.000,-50.000,43.000,5.000,0.000,-1.630,1
2026-01-31 14:21:30,10196294,-1370.000,7896.000,1756.000,-70.000,30.000,9.000,0.000,-1.630,1
2026-01-31 14:21:30,10196337,-1368.000,7902.000,1771.000,-8.000,11.000,14.000,0.000,-1.630,1
2026-01-31 14:21:30,10196377,-1356.000,7913.000,1746.000,-10.000,-3.000,27.000,0.000,-1.630,1
2026-01-31 14:21:30,10196414,-1347.000,7906.000,1761.000,-21.000,0.000,26.000,0.000,-1.630,1
2026-01-31 14:21:30,10196454,-1345.000,7865.000,1781.000,-15.000,-13.000,29.000,0.000,-1.630,1
2026-01-31 14:21:30,10196494,-1325.000,7893.000,1726.000,40.000,-20.000,47.000,0.000,-1.630,1
2026-01-31 14:21:30,10196534,-1296.000,7900.000,1758.000,7.000,-7.000,42.000,0.000,-1.020,1
2026-01-31 14:21:30,10196574,-1359.000,7918.000,1779.000,-6.000,16.000,34.000,0.000,-1.020,1
2026-01-31 14:21:30,10196614,-1345.000,7915.000,1760.000,41.000,-37.000,69.000,0.000,-1.020,1
2026-01-31 14:21:30,10196654,-1275.000,7904.000,1727.000,56.000,-34.000,90.000,0.000,-1.020,1
2026-01-31 14:21:30,10196694,-1280.000,7828.000,1749.000,82.000,-2.000,26.000,0.000,-1.020,1
2026-01-31 14:21:30,10196734,-1332.000,7849.000,1768.000,124.000,24.000,-2.000,0.000,-1.020,1
2026-01-31 14:21:30,10196774,-1349.000,7996.000,1726.000,157.000,-14.000,7.000,0.000,-1.020,1
2026-01-31 14:21:30,10196814,-1311.000,8024.000,1679.000,47.000,-70.000,76.000,0.000,-1.020,1
2026-01-31 14:21:30,10196854,-1297.000,8025.000,1625.000,-35.000,-125.000,121.000,0.000,-1.020,1
2026-01-31 14:21:30,10196894,-1215.000,7954.000,1672.000,-139.000,-122.000,124.000,0.000,-1.020,1
2026-01-31 14:21:30,10196934,-1195.000,7892.000,1706.000,-137.000,-68.000,66.000,0.000,-1.020,1
2026-01-31 14:21:30,10196974,-1225.000,7972.000,1724.000,-95.000,74.000,-32.000,0.000,-1.020,1
2026-01-31 14:21:30,10197014,-1288.000,7926.000,1779.000,-161.000,103.000,-48.000,0.000,-1.020,1
2026-01-31 14:21:31,10197054,-1290.000,7907.000,1799.000,-146.000,72.000,-13.000,0.000,-1.020,1
2026-01-31 14:21:31,10197094,-1283.000,7848.000,1796.000,-155.000,51.000,13.000,0.000,-1.020,1
2026-01-31 14:21:31,10197134,-1268.000,7865.000,1824.000,-156.000,19.000,52.000,0.000,-1.020,1
2026-01-31 14:21:31,10197174,-1263.000,7868.000,1854.000,-158.000,-5.000,61.000,0.000,-1.020,1
2026-01-31 14:21:31,10197214,-1239.000,7854.000,1843.000,-77.000,-6.000,43.000,0.000,-1.020,1
2026-01-31 14:21:31,10197254,-1269.000,7876.000,1795.000,0.000,22.000,6.000,0.000,-1.020,1
2026-01-31 14:21:31,10197294,-1265.000,7882.000,1817.000,6.000,33.000,-10.000,0.000,-1.020,1
2026-01-31 14:21:31,10197334,-1338.000,7848.000,1823.000,46.000,33.000,-52.000,0.000,-1.020,1
2026-01-31 14:21:31,10197374,-1274.000,7937.000,1765.000,164.000,-8.000,-31.000,0.000,-1.020,1
2026-01-31 14:21:31,10197414,-1252.000,7945.000,1749.000,108.000,3.000,-38.000,0.000,-1.020,1
2026-01-31 14:21:31,10197454,-1287.000,7935.000,1770.000,43.000,-6.000,-31.000,0.000,-1.020,1
2026-01-31 14:21:31,10197494,-1274.000,7878.000,1794.000,27.000,-15.000,-11.000,0.000,-1.020,1
2026-01-31 14:21:31,10197534,-1248.000,7932.000,1752.000,61.000,0.000,13.000,0.000,1.650,1
2026-01-31 14:21:31,10197574,-1246.000,7950.000,1758.000,12.000,19.000,-2.000,0.000,1.650,1
2026-01-31 14:21:31,10197614,-1290.000,7932.000,1767.000,-15.000,24.000,-12.000,0.000,1.650,1
2026-01-31 14:21:31,10197654,-1307.000,7912.000,1764.000,-15.000,23.000,-8.000,0.000,1.650,1
2026-01-31 14:21:31,10197694,-1270.000,7904.000,1763.000,-9.000,17.000,-8.000,0.000,1.650,1
2026-01-31 14:21:31,10197734,-1287.000,7916.000,1753.000,-16.000,26.000,-12.000,0.000,1.650,1
2026-01-31 14:21:31,10197774,-1285.000,7910.000,1770.000,-15.000,26.000,-23.000,0.000,1.650,1
2026-01-31 14:21:31,10197814,-1302.000,7913.000,1769.000,-3.000,34.000,-24.000,0.000,1.650,1
2026-01-31 14:21:31,10197854,-1306.000,7896.000,1764.000,-10.000,27.000,-35.000,0.000,1.650,1
2026-01-31 14:21:31,10197894,-1325.000,7892.000,1780.000,-4.000,28.000,-23.000,0.000,1.650,1
2026-01-31 14:21:31,10197934,-1325.000,7884.000,1759.000,35.000,-2.000,-12.000,0.000,1.650,1
2026-01-31 14:21:31,10197974,-1282.000,7938.000,1758.000,50.000,-7.000,4.000,0.000,1.650,1
2026-01-31 14:21:31,10198014,-1285.000,7927.000,1764.000,24.000,23.000,-22.000,0.000,1.650,1
2026-01-31 14:21:32,10198054,-1350.000,7908.000,1769.000,-11.000,29.000,-18.000,0.000,1.650,1
2026-01-31 14:21:32,10198094,-1309.000,7893.000,1742.000,34.000,4.000,10.000,0.000,1.650,1
2026-01-31 14:21:32,10198134,-1303.000,7931.000,1720.000,19.000,21.000,-3.000,0.000,1.650,1
2026-01-31 14:21:32,10198174,-1319.000,7925.000,1762.000,-16.000,9.000,-4.000,0.000,1.650,1
2026-01-31 14:21:32,10198214,-1312.000,7912.000,1759.000,-8.000,15.000,-9.000,0.000,1.650,1
2026-01-31 14:21:32,10198254,-1304.000,7918.000,1745.000,-2.000,15.000,-19.000,0.000,1.650,1
2026-01-31 14:21:32,10198294,-1313.000,7914.000,1745.000,-11.000,16.000,-18.000,0.000,1.650,1
2026-01-31 14:21:32,10198337,-1333.000,7901.000,1758.000,5.000,9.000,-7.000,0.000,1.650,1
2026-01-31 14:21:32,10198376,-1315.000,7921.000,1741.000,3.000,-5.000,0.000,0.000,1.650,1
2026-01-31 14:21:32,10198414,-1317.000,7899.000,1744.000,-6.000,-2.000,-8.000,0.000,1.650,1
2026-01-31 14:21:32,10198454,-1314.000,7917.000,1745.000,25.000,14.000,-6.000,0.000,1.650,1
2026-01-31 14:21:32,10198494,-1325.000,7902.000,1744.000,-12.000,18.000,-15.000,0.000,1.650,1
2026-01-31 14:21:32,10198534,-1320.000,7923.000,1741.000,2.000,21.000,1.000,0.000,-1.600,1
2026-01-31 14:21:32,10198577,-1339.000,7910.000,1750.000,-31.000,21.000,3.000,0.000,-1.600,1
2026-01-31 14:21:32,10198614,-1329.000,7900.000,1767.000,-31.000,15.000,10.000,0.000,-1.600,1
2026-01-31 14:21:32,10198654,-1335.000,7904.000,1741.000,13.000,3.000,1.000,0.000,-1.600,1
2026-01-31 14:21:32,10198694,-1294.000,7925.000,1724.000,23.000,3.000,18.000,0.000,-1.600,1
2026-01-31 14:21:32,10198734,-1337.000,7919.000,1742.000,-27.000,24.000,-15.000,0.000,-1.600,1
2026-01-31 14:21:32,10198774,-1355.000,7923.000,1771.000,-15.000,12.000,7.000,0.000,-1.600,1
2026-01-31 14:21:32,10198814,-1305.000,7909.000,1726.000,0.000,-4.000,10.000,0.000,-1.600,1
2026-01-31 14:21:32,10198854,-1307.000,7896.000,1722.000,-19.000,20.000,-5.000,0.000,-1.600,1
2026-01-31 14:21:32,10198894,-1336.000,7910.000,1748.000,-22.000,5.000,-1.000,0.000,-1.600,1
2026-01-31 14:21:32,10198934,-1308.000,7909.000,1752.000,-17.000,12.000,0.000,0.000,-1.600,1
2026-01-31 14:21:32,10198974,-1326.000,7917.000,1753.000,-12.000,20.000,-16.000,0.000,-1.600,1
2026-01-31 14:21:32,10199014,-1345.000,7906.000,1758.000,-22.000,18.000,-5.000,0.000,-1.600,1
2026-01-31 14:21:33,10199054,-1338.000,7895.000,1755.000,-17.000,11.000,-3.000,0.000,-1.600,1
2026-01-31 14:21:33,10199094,-1341.000,7914.000,1745.000,4.000,7.000,1.000,0.000,-1.600,1
2026-01-31 14:21:33,10199134,-1334.000,7898.000,1748.000,2.000,2.000,-2.000,0.000,-1.600,1
2026-01-31 14:21:33,10199174,-1316.000,7911.000,1736.000,-3.000,4.000,1.000,0.000,-1.600,1
2026-01-31 14:21:33,10199214,-1323.000,7903.000,1751.000,-23.000,13.000,3.000,0.000,-1.600,1
2026-01-31 14:21:33,10199254,-1353.000,7907.000,1730.000,-1.000,22.000,-5.000,0.000,-1.600,1
2026-01-31 14:21:33,10199294,-1337.000,7912.000,1742.000,-15.000,8.000,14.000,0.000,-1.600,1
2026-01-31 14:21:33,10199334,-1332.000,7914.000,1752.000,-4.000,6.000,-4.000,0.000,-1.600,1
2026-01-31 14:21:33,10199374,-1359.000,7913.000,1764.000,-14.000,4.000,3.000,0.000,-1.600,1
2026-01-31 14:21:33,10199414,-1320.000,7896.000,1740.000,8.000,-27.000,26.000,0.000,-1.600,1
2026-01-31 14:21:33,10199454,-1276.000,7924.000,1727.000,10.000,-6.000,19.000,0.000,-1.600,1
2026-01-31 14:21:33,10199494,-1329.000,7899.000,1748.000,-18.000,32.000,-23.000,0.000,-1.600,1
2026-01-31 14:21:33,10199534,-1373.000,7939.000,1768.000,-7.000,30.000,-3.000,0.000,0.690,1
2026-01-31 14:21:33,10199574,-1320.000,7902.000,1735.000,-8.000,-5.000,14.000,0.000,0.690,1
2026-01-31 14:21:33,10199614,-1301.000,7917.000,1725.000,-21.000,15.000,8.000,0.000,0.690,1
2026-01-31 14:21:33,10199654,-1351.000,7896.000,1764.000,-35.000,2.000,-4.000,0.000,0.690,1
2026-01-31 14:21:33,10199694,-1310.000,7903.000,1764.000,-14.000,14.000,1.000,0.000,0.690,1
2026-01-31 14:21:33,10199734,-1328.000,7921.000,1755.000,-17.000,31.000,-16.000,0.000,0.690,1
2026-01-31 14:21:33,10199774,-1358.000,7906.000,1757.000,-32.000,26.000,-16.000,0.000,0.690,1
2026-01-31 14:21:33,10199814,-1359.000,7899.000,1760.000,-15.000,11.000,-3.000,0.000,0.690,1
2026-01-31 14:21:33,10199854,-1349.000,7894.000,1747.000,-10.000,-2.000,10.000,0.000,0.690,1
2026-01-31 14:21:33,10199894,-1336.000,7902.000,1762.000,-16.000,0.000,14.000,0.000,0.690,1
2026-01-31 14:21:33,10199934,-1328.000,7906.000,1752.000,-7.000,4.000,8.000,0.000,0.690,1
2026-01-31 14:21:33,10199974,-1334.000,7916.000,1756.000,-26.000,9.000,2.000,0.000,0.690,1
2026-01-31 14:21:33,10200014,-1337.000,7901.000,1760.000,-16.000,11.000,-1.000,0.000,0.690,1
2026-01-31 14:21:34,10200054,-1343.000,7906.000,1741.000,-3.000,10.000,1.000,0.000,0.690,1
2026-01-31 14:21:34,10200094,-1339.000,7914.000,1757.000,-10.000,2.000,6.000,0.000,0.690,1
2026-01-31 14:21:34,10200134,-1333.000,7911.000,1759.000,5.000,0.000,8.000,0.000,0.690,1
2026-01-31 14:21:34,10200174,-1341.000,7909.000,1762.000,-9.000,0.000,13.000,0.000,0.690,1
2026-01-31 14:21:34,10200214,-1333.000,7902.000,1778.000,-12.000,-18.000,23.000,0.000,0.690,1
2026-01-31 14:21:34,10200254,-1302.000,7928.000,1719.000,14.000,-2.000,36.000,0.000,0.690,1
2026-01-31 14:21:34,10200294,-1291.000,7941.000,1745.000,-41.000,19.000,16.000,0.000,0.690,1
2026-01-31 14:21:34,10200337,-1399.000,7892.000,1804.000,-55.000,5.000,29.000,0.000,0.690,1
2026-01-31 14:21:34,10200374,-1355.000,7893.000,1788.000,-23.000,-23.000,52.000,0.000,0.690,1
2026-01-31 14:21:34,10200417,-1338.000,7925.000,1741.000,-23.000,30.000,-3.000,0.000,0.690,1
2026-01-31 14:21:34,10200454,-1369.000,7909.000,1777.000,-47.000,3.000,4.000,0.000,0.690,1
2026-01-31 14:21:34,10200494,-1333.000,7879.000,1796.000,-16.000,-18.000,47.000,0.000,0.690,1
2026-01-31 14:21:34,10200534,-1291.000,7899.000,1774.000,-9.000,-18.000,46.000,0.000,0.000,1
2026-01-31 14:21:34,10200577,-1331.000,7912.000,1788.000,-13.000,-4.000,37.000,0.000,0.000,1
2026-01-31 14:21:34,10200614,-1327.000,7917.000,1774.000,-1.000,-7.000,44.000,0.000,0.000,1
2026-01-31 14:21:34,10200654,-1312.000,7900.000,1778.000,-18.000,-18.000,37.000,0.000,0.000,1
2026-01-31 14:21:34,10200694,-1299.000,7893.000,1779.000,-3.000,-17.000,37.000,0.000,0.000,1
2026-01-31 14:21:34,10200734,-1296.000,7906.000,1778.000,10.000,-14.000,31.000,0.000,0.000,1
2026-01-31 14:21:34,10200774,-1289.000,7918.000,1769.000,-14.000,-12.000,33.000,0.000,0.000,1
2026-01-31 14:21:34,10200814,-1281.000,7912.000,1790.000,-26.000,-1.000,28.000,0.000,0.000,1
2026-01-31 14:21:34,10200854,-1291.000,7909.000,1775.000,-20.000,6.000,24.000,0.000,0.000,1
2026-01-31 14:21:34,10200894,-1294.000,7921.000,1779.000,-30.000,6.000,22.000,0.000,0.000,1
2026-01-31 14:21:34,10200934,-1289.000,7923.000,1786.000,-33.000,2.000,25.000,0.000,0.000,1
2026-01-31 14:21:34,10200974,-1284.000,7917.000,1791.000,-54.000,1.000,24.000,0.000,0.000,1
2026-01-31 14:21:34,10201014,-1290.000,7877.000,1809.000,-52.000,0.000,19.000,0.000,0.000,1
2026-01-31 14:21:35,10201054,-1264.000,7914.000,1760.000,-7.000,-12.000,22.000,0.000,0.000,1
2026-01-31 14:21:35,10201094,-1241.000,7916.000,1802.000,-51.000,11.000,18.000,0.000,0.000,1
2026-01-31 14:21:35,10201134,-1315.000,7907.000,1834.000,-77.000,33.000,0.000,0.000,0.000,1
2026-01-31 14:21:35,10201174,-1267.000,7890.000,1790.000,-41.000,3.000,21.000,0.000,0.000,1
2026-01-31 14:21:35,10201214,-1242.000,7902.000,1772.000,-21.000,21.000,3.000,0.000,0.000,1
2026-01-31 14:21:35,10201254,-1290.000,7888.000,1811.000,-56.000,19.000,-9.000,0.000,0.000,1
2026-01-31 14:21:35,10201294,-1290.000,7879.000,1837.000,-35.000,7.000,1.000,0.000,0.000,1
2026-01-31 14:21:35,10201334,-1258.000,7898.000,1813.000,-9.000,13.000,5.000,0.000,0.000,1
2026-01-31 14:21:35,10201374,-1263.000,7917.000,1810.000,-14.000,26.000,-9.000,0.000,0.000,1
2026-01-31 14:21:35,10201414,-1320.000,7881.000,1834.000,-22.000,21.000,-12.000,0.000,0.000,1
2026-01-31 14:21:35,10201454,-1296.000,7878.000,1828.000,21.000,11.000,3.000,0.000,0.000,1
2026-01-31 14:21:35,10201494,-1282.000,7903.000,1802.000,36.000,12.000,-7.000,0.000,0.000,1
2026-01-31 14:21:35,10201534,-1292.000,7900.000,1801.000,12.000,3.000,-10.000,0.000,0.000,1
2026-01-31 14:21:35,10201574,-1291.000,7905.000,1815.000,9.000,9.000,-1.000,0.000,0.000,1
2026-01-31 14:21:35,10201614,-1268.000,7894.000,1807.000,10.000,6.000,-4.000,0.000,0.000,1
2026-01-31 14:21:35,10201654,-1275.000,7892.000,1791.000,29.000,27.000,-29.000,0.000,0.000,1
2026-01-31 14:21:35,10201694,-1303.000,7899.000,1808.000,43.000,32.000,-31.000,0.000,0.000,1
2026-01-31 14:21:35,10201734,-1309.000,7911.000,1794.000,44.000,22.000,-23.000,0.000,0.000,1
2026-01-31 14:21:35,10201774,-1315.000,7913.000,1805.000,34.000,17.000,-25.000,0.000,0.000,1
2026-01-31 14:21:35,10201814,-1311.000,7888.000,1794.000,33.000,-13.000,-5.000,0.000,0.000,1
2026-01-31 14:21:35,10201854,-1276.000,7911.000,1757.000,67.000,-15.000,2.000,0.000,0.000,1
2026-01-31 14:21:35,10201894,-1268.000,7928.000,1773.000,26.000,14.000,-6.000,0.000,0.000,1
2026-01-31 14:21:35,10201934,-1363.000,7915.000,1785.000,-12.000,35.000,-8.000,0.000,0.000,1
2026-01-31 14:21:35,10201974,-1297.000,7904.000,1750.000,36.000,-1.000,4.000,0.000,0.000,1
2026-01-31 14:21:35,10202014,-1292.000,7922.000,1747.000,12.000,26.000,-19.000,0.000,0.000,1
2026-01-31 14:21:36,10202054,-1320.000,7908.000,1780.000,-21.000,13.000,-22.000,0.000,0.000,1
2026-01-31 14:21:36,10202094,-1311.000,7900.000,1776.000,-5.000,12.000,-13.000,0.000,0.000,1
2026-01-31 14:21:36,10202134,-1295.000,7913.000,1778.000,-12.000,14.000,-13.000,0.000,0.000,1
2026-01-31 14:21:36,10202174,-1312.000,7904.000,1780.000,-14.000,20.000,-19.000,0.000,0.000,1
2026-01-31 14:21:36,10202214,-1327.000,7903.000,1775.000,-25.000,24.000,-8.000,0.000,0.000,1
2026-01-31 14:21:36,10202254,-1337.000,7890.000,1774.000,-29.000,20.000,-6.000,0.000,0.000,1
2026-01-31 14:21:36,10202294,-1336.000,7903.000,1776.000,-17.000,13.000,-3.000,0.000,0.000,1
2026-01-31 14:21:36,10202334,-1324.000,7911.000,1767.000,2.000,12.000,-4.000,0.000,0.000,1
2026-01-31 14:21:36,10202375,-1314.000,7891.000,1775.000,-11.000,7.000,1.000,0.000,0.000,1
2026-01-31 14:21:36,10202414,-1313.000,7905.000,1780.000,-13.000,18.000,-8.000,0.000,0.000,1
2026-01-31 14:21:36,10202454,-1336.000,7897.000,1770.000,8.000,22.000,-7.000,0.000,0.000,1
2026-01-31 14:21:36,10202494,-1324.000,7918.000,1774.000,0.000,17.000,0.000,0.000,0.000,1
2026-01-31 14:21:36,10202534,-1349.000,7904.000,1774.000,-2.000,14.000,-14.000,0.000,0.000,1
2026-01-31 14:21:36,10202577,-1332.000,7912.000,1784.000,-3.000,-11.000,9.000,0.000,0.000,1
2026-01-31 14:21:36,10202614,-1322.000,7893.000,1771.000,0.000,-19.000,12.000,0.000,0.000,1
2026-01-31 14:21:36,10202654,-1311.000,7910.000,1764.000,6.000,-13.000,25.000,0.000,0.000,1
2026-01-31 14:21:36,10202694,-1323.000,7911.000,1773.000,-2.000,11.000,4.000,0.000,0.000,1
2026-01-31 14:21:36,10202734,-1375.000,7926.000,1793.000,-34.000,22.000,-5.000,0.000,0.000,1
2026-01-31 14:21:36,10202774,-1313.000,7888.000,1769.000,1.000,-6.000,11.000,0.000,0.000,1
2026-01-31 14:21:36,10202814,-1301.000,7919.000,1744.000,-7.000,23.000,-13.000,0.000,0.000,1
2026-01-31 14:21:36,10202854,-1348.000,7901.000,1783.000,-37.000,15.000,-20.000,0.000,0.000,1
2026-01-31 14:21:36,10202894,-1330.000,7899.000,1781.000,-12.000,6.000,-6.000,0.000,0.000,1
2026-01-31 14:21:36,10202934,-1318.000,7900.000,1778.000,-21.000,19.000,-3.000,0.000,0.000,1
2026-01-31 14:21:36,10202974,-1342.000,7895.000,1793.000,-41.000,18.000,-4.000,0.000,0.000,1
2026-01-31 14:21:36,10203014,-1364.000,7919.000,1785.000,-8.000,17.000,0.000,0.000,0.000,1
2026-01-31 14:21:37,10203054,-1356.000,7891.000,1787.000,-29.000,-2.000,5.000,0.000,0.000,1
2026-01-31 14:21:37,10203094,-1343.000,7884.000,1786.000,-7.000,8.000,-2.000,0.000,0.000,1
2026-01-31 14:21:37,10203134,-1332.000,7900.000,1780.000,1.000,1.000,13.000,0.000,0.000,1
2026-01-31 14:21:37,10203174,-1324.000,7914.000,1783.000,-7.000,11.000,6.000,0.000,0.000,1
2026-01-31 14:21:37,10203214,-1341.000,7902.000,1787.000,-21.000,14.000,-5.000,0.000,0.000,1
2026-01-31 14:21:37,10203254,-1342.000,7899.000,1775.000,-5.000,12.000,1.000,0.000,0.000,1
2026-01-31 14:21:37,10203294,-1346.000,7894.000,1789.000,-17.000,7.000,2.000,0.000,0.000,1
2026-01-31 14:21:37,10203334,-1346.000,7903.000,1796.000,-7.000,3.000,12.000,0.000,0.000,1
2026-01-31 14:21:37,10203374,-1343.000,7898.000,1783.000,3.000,-4.000,6.000,0.000,0.000,1
2026-01-31 14:21:37,10203414,-1328.000,7903.000,1799.000,-17.000,3.000,11.000,0.000,0.000,1
2026-01-31 14:21:37,10203454,-1342.000,7907.000,1768.000,-7.000,-4.000,3.000,0.000,0.000,1
2026-01-31 14:21:37,10203494,-1295.000,7903.000,1771.000,-13.000,9.000,12.000,0.000,0.000,1
2026-01-31 14:21:37,10203534,-1359.000,7892.000,1794.000,-28.000,39.000,-18.000,0.000,0.000,1
2026-01-31 14:21:37,10203574,-1377.000,7912.000,1805.000,-18.000,10.000,7.000,0.000,0.000,1
2026-01-31 14:21:37,10203614,-1310.000,7885.000,1775.000,15.000,-4.000,4.000,0.000,0.000,1
2026-01-31 14:21:37,10203654,-1313.000,7921.000,1758.000,-10.000,26.000,-20.000,0.000,0.000,1
2026-01-31 14:21:37,10203694,-1363.000,7896.000,1797.000,-30.000,13.000,-20.000,0.000,0.000,1
2026-01-31 14:21:37,10203734,-1333.000,7892.000,1793.000,-13.000,12.000,0.000,0.000,0.000,1
2026-01-31 14:21:37,10203774,-1329.000,7890.000,1782.000,-29.000,27.000,-17.000,0.000,0.000,1
2026-01-31 14:21:37,10203814,-1366.000,7898.000,1797.000,-25.000,31.000,-14.000,0.000,0.000,1
2026-01-31 14:21:37,10203854,-1369.000,7890.000,1807.000,-14.000,3.000,0.000,0.000,0.000,1
2026-01-31 14:21:37,10203894,-1359.000,7910.000,1797.000,-18.000,-2.000,21.000,0.000,0.000,1
2026-01-31 14:21:37,10203934,-1340.000,7895.000,1794.000,-23.000,-2.000,16.000,0.000,0.000,1
2026-01-31 14:21:37,10203974,-1357.000,7894.000,1797.000,-23.000,7.000,15.000,0.000,0.000,1
2026-01-31 14:21:37,10204014,-1345.000,7895.000,1799.000,-14.000,-1.000,24.000,0.000,0.000,1
2026-01-31 14:21:38,10204054,-1343.000,7899.000,1801.000,-14.000,10.000,19.000,0.000,0.000,1
2026-01-31 14:21:38,10204094,-1361.000,7904.000,1799.000,-23.000,9.000,24.000,0.000,0.000,1
2026-01-31 14:21:38,10204134,-1363.000,7893.000,1798.000,-31.000,-8.000,32.000,0.000,0.000,1
2026-01-31 14:21:38,10204174,-1339.000,7887.000,1814.000,-13.000,-18.000,43.000,0.000,0.000,1
2026-01-31 14:21:38,10204214,-1320.000,7912.000,1804.000,-13.000,-18.000,44.000,0.000,0.000,1
2026-01-31 14:21:38,10204254,-1317.000,7897.000,1824.000,-36.000,-11.000,33.000,0.000,0.000,1
2026-01-31 14:21:38,10204294,-1325.000,7882.000,1802.000,-5.000,-13.000,40.000,0.000,0.000,1
2026-01-31 14:21:38,10204337,-1280.000,7903.000,1811.000,-28.000,-1.000,46.000,0.000,0.000,1
2026-01-31 14:21:38,10204377,-1354.000,7898.000,1843.000,-69.000,19.000,26.000,0.000,0.000,1
2026-01-31 14:21:38,10204414,-1371.000,7889.000,1841.000,-53.000,5.000,36.000,0.000,0.000,1
2026-01-31 14:21:38,10204454,-1283.000,7904.000,1801.000,5.000,-20.000,52.000,0.000,0.000,1
2026-01-31 14:21:38,10204494,-1264.000,7912.000,1782.000,-24.000,8.000,21.000,0.000,0.000,1
2026-01-31 14:21:38,10204534,-1304.000,7908.000,1822.000,-70.000,14.000,11.000,0.000,0.000,1
2026-01-31 14:21:38,10204577,-1297.000,7881.000,1823.000,-52.000,5.000,22.000,0.000,0.000,1
2026-01-31 14:21:38,10204614,-1281.000,7913.000,1849.000,-51.000,10.000,21.000,0.000,0.000,1
2026-01-31 14:21:38,10204654,-1317.000,7885.000,1845.000,-60.000,19.000,11.000,0.000,0.000,1
2026-01-31 14:21:38,10204694,-1313.000,7891.000,1846.000,-51.000,13.000,18.000,0.000,0.000,1
2026-01-31 14:21:38,10204734,-1301.000,7883.000,1848.000,-34.000,0.000,19.000,0.000,0.000,1
2026-01-31 14:21:38,10204774,-1281.000,7897.000,1842.000,-24.000,6.000,18.000,0.000,0.000,1
2026-01-31 14:21:38,10204814,-1302.000,7885.000,1844.000,-21.000,5.000,7.000,0.000,0.000,1
2026-01-31 14:21:38,10204854,-1292.000,7867.000,1867.000,-35.000,6.000,9.000,0.000,0.000,1
2026-01-31 14:21:38,10204894,-1292.000,7888.000,1861.000,-17.000,14.000,10.000,0.000,0.000,1
2026-01-31 14:21:38,10204934,-1301.000,7876.000,1850.000,-14.000,18.000,-5.000,0.000,0.000,1
2026-01-31 14:21:38,10204974,-1308.000,7885.000,1846.000,-5.000,10.000,-2.000,0.000,0.000,1
2026-01-31 14:21:38,10205014,-1311.000,7869.000,1860.000,-1.000,9.000,-10.000,0.000,0.000,1
2026-01-31 14:21:39,10205054,-1297.000,7882.000,1864.000,19.000,1.000,4.000,0.000,0.000,1
2026-01-31 14:21:39,10205094,-1299.000,7877.000,1823.000,56.000,-4.000,-4.000,0.000,0.000,1
2026-01-31 14:21:39,10205134,-1254.000,7941.000,1838.000,29.000,6.000,13.000,0.000,0.000,1
2026-01-31 14:21:39,10205174,-1320.000,7885.000,1875.000,-14.000,30.000,-30.000,0.000,0.000,1
2026-01-31 14:21:39,10205214,-1337.000,7890.000,1850.000,25.000,14.000,5.000,0.000,0.000,1
2026-01-31 14:21:39,10205254,-1263.000,7895.000,1797.000,58.000,2.000,-9.000,0.000,0.000,1
2026-01-31 14:21:39,10205294,-1279.000,7924.000,1799.000,11.000,33.000,-29.000,0.000,0.000,1
2026-01-31 14:21:39,10205334,-1335.000,7898.000,1842.000,-19.000,22.000,-38.000,0.000,0.000,1
2026-01-31 14:21:39,10205374,-1294.000,7899.000,1825.000,9.000,18.000,-28.000,0.000,0.000,1
2026-01-31 14:21:39,10205414,-1295.000,7911.000,1822.000,-10.000,36.000,-50.000,0.000,0.000,1
2026-01-31 14:21:39,10205454,-1349.000,7905.000,1831.000,-26.000,41.000,-47.000,0.000,0.000,1
2026-01-31 14:21:39,10205494,-1356.000,7875.000,1844.000,-30.000,17.000,-15.000,0.000,0.000,1
2026-01-31 14:21:39,10205534,-1332.000,7881.000,1844.000,-15.000,11.000,-7.000,0.000,12.940,1
2026-01-31 14:21:39,10205574,-1341.000,7891.000,1835.000,-23.000,19.000,-7.000,0.000,12.940,1
2026-01-31 14:21:39,10205614,-1334.000,7891.000,1828.000,-14.000,14.000,-11.000,0.000,12.940,1
2026-01-31 14:21:39,10205654,-1338.000,7865.000,1845.000,-8.000,16.000,-6.000,0.000,12.940,1
2026-01-31 14:21:39,10205694,-1329.000,7875.000,1839.000,12.000,15.000,-4.000,0.000,12.940,1
2026-01-31 14:21:39,10205734,-1353.000,7881.000,1838.000,11.000,20.000,-5.000,0.000,12.940,1
2026-01-31 14:21:39,10205774,-1329.000,7890.000,1840.000,22.000,-4.000,13.000,0.000,12.940,1
2026-01-31 14:21:39,10205814,-1341.000,7895.000,1834.000,24.000,-3.000,-5.000,0.000,12.940,1
2026-01-31 14:21:39,10205854,-1340.000,7871.000,1844.000,18.000,-12.000,1.000,0.000,12.940,1
2026-01-31 14:21:39,10205894,-1333.000,7889.000,1808.000,68.000,-14.000,7.000,0.000,12.940,1
2026-01-31 14:21:39,10205934,-1282.000,7905.000,1799.000,45.000,-9.000,14.000,0.000,12.940,1
2026-01-31 14:21:39,10205974,-1326.000,7909.000,1806.000,14.000,31.000,-11.000,0.000,12.940,1
2026-01-31 14:21:39,10206014,-1376.000,7924.000,1821.000,-6.000,18.000,-11.000,0.000,12.940,1
2026-01-31 14:21:40,10206054,-1315.000,7888.000,1792.000,10.000,-2.000,10.000,0.000,12.940,1
2026-01-31 14:21:40,10206094,-1310.000,7914.000,1777.000,-2.000,21.000,-16.000,0.000,12.940,1
2026-01-31 14:21:40,10206134,-1350.000,7899.000,1810.000,-30.000,19.000,-18.000,0.000,12.940,1
2026-01-31 14:21:40,10206174,-1325.000,7890.000,1810.000,-36.000,15.000,-3.000,0.000,12.940,1
2026-01-31 14:21:40,10206214,-1323.000,7895.000,1810.000,-36.000,25.000,-15.000,0.000,12.940,1
2026-01-31 14:21:40,10206254,-1364.000,7888.000,1827.000,-49.000,22.000,-21.000,0.000,12.940,1
2026-01-31 14:21:40,10206294,-1367.000,7893.000,1813.000,-26.000,15.000,5.000,0.000,12.940,1
2026-01-31 14:21:40,10206337,-1361.000,7865.000,1827.000,-32.000,5.000,-8.000,0.000,12.940,1
2026-01-31 14:21:40,10206376,-1349.000,7892.000,1824.000,-6.000,4.000,9.000,0.000,12.940,1
2026-01-31 14:21:40,10206414,-1347.000,7895.000,1817.000,-6.000,6.000,8.000,0.000,12.940,1
2026-01-31 14:21:40,10206454,-1333.000,7880.000,1834.000,-30.000,8.000,-3.000,0.000,12.940,1
2026-01-31 14:21:40,10206494,-1350.000,7883.000,1831.000,-8.000,19.000,-13.000,0.000,12.940,1
2026-01-31 14:21:40,10206534,-1367.000,7878.000,1822.000,-4.000,9.000,6.000,0.000,1.730,1
2026-01-31 14:21:40,10206577,-1352.000,7899.000,1826.000,8.000,8.000,2.000,0.000,1.730,1
2026-01-31 14:21:40,10206614,-1367.000,7899.000,1830.000,1.000,9.000,1.000,0.000,1.730,1
2026-01-31 14:21:40,10206654,-1359.000,7889.000,1838.000,10.000,-6.000,5.000,0.000,1.730,1
2026-01-31 14:21:40,10206694,-1334.000,7904.000,1804.000,23.000,-11.000,18.000,0.000,1.730,1
2026-01-31 14:21:40,10206734,-1290.000,7891.000,1800.000,-5.000,11.000,2.000,0.000,1.730,1
2026-01-31 14:21:40,10206774,-1401.000,7882.000,1827.000,-26.000,36.000,-23.000,0.000,1.730,1
2026-01-31 14:21:40,10206814,-1378.000,7904.000,1834.000,-2.000,4.000,20.000,0.000,1.730,1
2026-01-31 14:21:40,10206854,-1312.000,7892.000,1813.000,2.000,6.000,2.000,0.000,1.730,1
2026-01-31 14:21:40,10206894,-1344.000,7900.000,1813.000,-24.000,31.000,-31.000,0.000,1.730,1
2026-01-31 14:21:40,10206934,-1361.000,7883.000,1837.000,-20.000,3.000,-11.000,0.000,1.730,1
2026-01-31 14:21:40,10206974,-1343.000,7868.000,1818.000,-18.000,19.000,4.000,0.000,1.730,1
2026-01-31 14:21:40,10207014,-1370.000,7920.000,1837.000,-48.000,28.000,-2.000,0.000,1.730,1
2026-01-31 14:21:41,10207054,-1373.000,7886.000,1843.000,-44.000,16.000,-2.000,0.000,1.730,1
2026-01-31 14:21:41,10207094,-1366.000,7876.000,1843.000,-19.000,22.000,-16.000,0.000,1.730,1
2026-01-31 14:21:41,10207134,-1388.000,7863.000,1833.000,-17.000,25.000,-19.000,0.000,1.730,1
2026-01-31 14:21:41,10207174,-1360.000,7872.000,1832.000,1.000,4.000,4.000,0.000,1.730,1
2026-01-31 14:21:41,10207214,-1362.000,7898.000,1831.000,-12.000,0.000,20.000,0.000,1.730,1
2026-01-31 14:21:41,10207254,-1376.000,7876.000,1849.000,-25.000,-1.000,15.000,0.000,1.730,1
2026-01-31 14:21:41,10207294,-1332.000,7865.000,1831.000,-1.000,11.000,9.000,0.000,1.730,1
2026-01-31 14:21:41,10207334,-1395.000,7888.000,1829.000,3.000,24.000,-22.000,0.000,1.730,1
2026-01-31 14:21:41,10207374,-1381.000,7898.000,1831.000,28.000,-2.000,11.000,0.000,1.730,1
2026-01-31 14:21:41,10207414,-1354.000,7903.000,1806.000,-4.000,-10.000,12.000,0.000,1.730,1
2026-01-31 14:21:41,10207454,-1349.000,7877.000,1858.000,-27.000,-4.000,12.000,0.000,1.730,1
2026-01-31 14:21:41,10207494,-1356.000,7897.000,1797.000,23.000,-6.000,13.000,0.000,1.730,1
2026-01-31 14:21:41,10207534,-1291.000,7884.000,1817.000,-16.000,1.000,16.000,0.000,2.800,1
2026-01-31 14:21:41,10207574,-1385.000,7880.000,1844.000,-35.000,46.000,-25.000,0.000,2.800,1
2026-01-31 14:21:41,10207614,-1401.000,7924.000,1843.000,-17.000,7.000,14.000,0.000,2.800,1
2026-01-31 14:21:41,10207654,-1332.000,7885.000,1806.000,-20.000,-7.000,20.000,0.000,2.800,1
2026-01-31 14:21:41,10207694,-1361.000,7893.000,1835.000,-62.000,15.000,-9.000,0.000,2.800,1
2026-01-31 14:21:41,10207734,-1371.000,7871.000,1854.000,-32.000,-3.000,6.000,0.000,2.800,1
2026-01-31 14:21:41,10207774,-1328.000,7879.000,1844.000,-19.000,8.000,21.000,0.000,2.800,1
2026-01-31 14:21:41,10207814,-1370.000,7895.000,1855.000,-49.000,19.000,7.000,0.000,2.800,1
2026-01-31 14:21:41,10207854,-1396.000,7880.000,1857.000,-41.000,13.000,24.000,0.000,2.800,1
2026-01-31 14:21:41,10207894,-1379.000,7866.000,1855.000,-39.000,-14.000,40.000,0.000,2.800,1
2026-01-31 14:21:41,10207934,-1349.000,7859.000,1863.000,-26.000,-15.000,35.000,0.000,2.800,1
2026-01-31 14:21:41,10207974,-1341.000,7862.000,1854.000,7.000,-11.000,28.000,0.000,2.800,1
2026-01-31 14:21:41,10208014,-1346.000,7906.000,1852.000,3.000,-8.000,37.000,0.000,2.800,1
2026-01-31 14:21:42,10208054,-1319.000,7866.000,1863.000,-28.000,-19.000,38.000,0.000,2.800,1
2026-01-31 14:21:42,10208094,-1327.000,7883.000,1849.000,2.000,2.000,28.000,0.000,2.800,1
2026-01-31 14:21:42,10208134,-1340.000,7898.000,1854.000,-12.000,8.000,25.000,0.000,2.800,1
2026-01-31 14:21:42,10208174,-1341.000,7892.000,1859.000,-10.000,-11.000,31.000,0.000,2.800,1
2026-01-31 14:21:42,10208214,-1340.000,7888.000,1860.000,-8.000,-11.000,38.000,0.000,2.800,1
2026-01-31 14:21:42,10208254,-1333.000,7874.000,1840.000,-9.000,-28.000,39.000,0.000,2.800,1
2026-01-31 14:21:42,10208294,-1280.000,7914.000,1852.000,-8.000,-28.000,59.000,0.000,2.800,1
2026-01-31 14:21:42,10208337,-1333.000,7891.000,1889.000,-47.000,33.000,13.000,0.000,2.800,1
2026-01-31 14:21:42,10208376,-1358.000,7896.000,1891.000,-40.000,25.000,18.000,0.000,2.800,1
2026-01-31 14:21:42,10208414,-1323.000,7900.000,1840.000,-10.000,-3.000,44.000,0.000,2.800,1
2026-01-31 14:21:42,10208454,-1295.000,7880.000,1846.000,-70.000,5.000,13.000,0.000,2.800,1
2026-01-31 14:21:42,10208494,-1318.000,7864.000,1890.000,-73.000,5.000,12.000,0.000,2.800,1
2026-01-31 14:21:42,10208534,-1323.000,7858.000,1891.000,-40.000,1.000,20.000,0.000,0.000,1
2026-01-31 14:21:42,10208577,-1292.000,7888.000,1885.000,-33.000,8.000,17.000,0.000,0.000,1
2026-01-31 14:21:42,10208616,-1303.000,7895.000,1891.000,-39.000,16.000,13.000,0.000,0.000,1
2026-01-31 14:21:42,10208654,-1338.000,7859.000,1898.000,-42.000,9.000,8.000,0.000,0.000,1
2026-01-31 14:21:42,10208694,-1309.000,7843.000,1897.000,-26.000,-1.000,14.000,0.000,0.000,1
2026-01-31 14:21:42,10208734,-1292.000,7869.000,1884.000,15.000,4.000,0.000,0.000,0.000,1
2026-01-31 14:21:42,10208774,-1295.000,7868.000,1881.000,13.000,10.000,-7.000,0.000,0.000,1
2026-01-31 14:21:42,10208814,-1305.000,7871.000,1895.000,18.000,17.000,-18.000,0.000,0.000,1
2026-01-31 14:21:42,10208854,-1310.000,7886.000,1872.000,32.000,22.000,-12.000,0.000,0.000,1
2026-01-31 14:21:42,10208894,-1312.000,7895.000,1864.000,15.000,21.000,-26.000,0.000,0.000,1
2026-01-31 14:21:42,10208934,-1341.000,7885.000,1886.000,9.000,17.000,-21.000,0.000,0.000,1
2026-01-31 14:21:42,10208974,-1316.000,7843.000,1879.000,62.000,7.000,-25.000,0.000,0.000,1
2026-01-31 14:21:42,10209014,-1315.000,7900.000,1837.000,92.000,10.000,-24.000,0.000,0.000,1
2026-01-31 14:21:43,10209054,-1311.000,7899.000,1867.000,32.000,18.000,-19.000,0.000,0.000,1
2026-01-31 14:21:43,10209094,-1345.000,7899.000,1875.000,5.000,27.000,-16.000,0.000,0.000,1
2026-01-31 14:21:43,10209134,-1344.000,7871.000,1854.000,31.000,10.000,-8.000,0.000,0.000,1
2026-01-31 14:21:43,10209174,-1301.000,7892.000,1807.000,44.000,18.000,-9.000,0.000,0.000,1
2026-01-31 14:21:43,10209214,-1363.000,7897.000,1856.000,-7.000,29.000,-26.000,0.000,0.000,1
2026-01-31 14:21:43,10209254,-1345.000,7882.000,1852.000,10.000,7.000,-9.000,0.000,0.000,1
2026-01-31 14:21:43,10209294,-1327.000,7901.000,1842.000,3.000,7.000,-4.000,0.000,0.000,1
2026-01-31 14:21:43,10209334,-1330.000,7910.000,1847.000,3.000,18.000,-12.000,0.000,0.000,1
2026-01-31 14:21:43,10209374,-1347.000,7888.000,1847.000,-11.000,21.000,-20.000,0.000,0.000,1
2026-01-31 14:21:43,10209414,-1369.000,7863.000,1839.000,6.000,15.000,-11.000,0.000,0.000,1
2026-01-31 14:21:43,10209454,-1341.000,7888.000,1847.000,4.000,-2.000,-4.000,0.000,0.000,1
2026-01-31 14:21:43,10209494,-1338.000,7893.000,1836.000,7.000,7.000,-5.000,0.000,0.000,1
2026-01-31 14:21:43,10209534,-1347.000,7887.000,1841.000,-8.000,12.000,-8.000,0.000,0.000,1
2026-01-31 14:21:43,10209574,-1346.000,7892.000,1831.000,-4.000,15.000,-5.000,0.000,0.000,1
2026-01-31 14:21:43,10209614,-1357.000,7900.000,1826.000,-9.000,22.000,-3.000,0.000,0.000,1
2026-01-31 14:21:43,10209654,-1351.000,7881.000,1839.000,-17.000,10.000,-2.000,0.000,0.000,1
2026-01-31 14:21:43,10209694,-1362.000,7880.000,1861.000,3.000,9.000,-7.000,0.000,0.000,1
2026-01-31 14:21:43,10209734,-1350.000,7881.000,1829.000,23.000,-5.000,1.000,0.000,0.000,1
2026-01-31 14:21:43,10209774,-1307.000,7900.000,1817.000,24.000,-8.000,8.000,0.000,0.000,1
2026-01-31 14:21:43,10209814,-1342.000,7895.000,1834.000,-8.000,23.000,-14.000,0.000,0.000,1
2026-01-31 14:21:43,10209854,-1402.000,7890.000,1860.000,-27.000,27.000,-11.000,0.000,0.000,1
2026-01-31 14:21:43,10209894,-1338.000,7882.000,1829.000,4.000,4.000,7.000,0.000,0.000,1
2026-01-31 14:21:43,10209934,-1322.000,7893.000,1810.000,-7.000,25.000,-13.000,0.000,0.000,1
2026-01-31 14:21:43,10209974,-1381.000,7869.000,1852.000,-27.000,6.000,-7.000,0.000,0.000,1
2026-01-31 14:21:43,10210014,-1337.000,7884.000,1845.000,-3.000,14.000,5.000,0.000,0.000,1
2026-01-31 14:21:44,10210054,-1344.000,7893.000,1841.000,-24.000,26.000,-18.000,0.000,0.000,1
2026-01-31 14:21:44,10210094,-1383.000,7881.000,1847.000,-16.000,26.000,-14.000,0.000,0.000,1
2026-01-31 14:21:44,10210134,-1376.000,7896.000,1833.000,-5.000,6.000,9.000,0.000,0.000,1
2026-01-31 14:21:44,10210174,-1363.000,7875.000,1842.000,-16.000,-6.000,6.000,0.000,0.000,1
2026-01-31 14:21:44,10210214,-1362.000,7880.000,1835.000,5.000,8.000,-4.000,0.000,0.000,1
2026-01-31 14:21:44,10210254,-1361.000,7893.000,1825.000,0.000,8.000,4.000,0.000,0.000,1
2026-01-31 14:21:44,10210294,-1343.000,7894.000,1838.000,-2.000,10.000,10.000,0.000,0.000,1
2026-01-31 14:21:44,10210334,-1365.000,7867.000,1846.000,-15.000,14.000,-2.000,0.000,0.000,1
2026-01-31 14:21:44,10210374,-1360.000,7897.000,1828.000,6.000,12.000,8.000,0.000,0.000,1
2026-01-31 14:21:44,10210415,-1360.000,7897.000,1836.000,-18.000,6.000,2.000,0.000,0.000,1
2026-01-31 14:21:44,10210454,-1381.000,7892.000,1849.000,-12.000,5.000,3.000,0.000,0.000,1
2026-01-31 14:21:44,10210494,-1351.000,7866.000,1850.000,-1.000,-6.000,17.000,0.000,0.000,1
2026-01-31 14:21:44,10210534,-1342.000,7898.000,1817.000,12.000,0.000,8.000,0.000,16.120,1
2026-01-31 14:21:44,10210574,-1323.000,7891.000,1827.000,-18.000,13.000,0.000,0.000,16.120,1
2026-01-31 14:21:44,10210614,-1399.000,7871.000,1849.000,-25.000,36.000,-9.000,0.000,16.120,1
2026-01-31 14:21:44,10210654,-1378.000,7907.000,1845.000,-14.000,4.000,18.000,0.000,16.120,1
2026-01-31 14:21:44,10210694,-1325.000,7877.000,1826.000,-2.000,13.000,-10.000,0.000,16.120,1
2026-01-31 14:21:44,10210734,-1384.000,7899.000,1839.000,-35.000,20.000,-15.000,0.000,16.120,1
2026-01-31 14:21:44,10210774,-1360.000,7865.000,1847.000,-15.000,-1.000,-10.000,0.000,16.120,1
2026-01-31 14:21:44,10210814,-1334.000,7886.000,1842.000,-15.000,23.000,-11.000,0.000,16.120,1
2026-01-31 14:21:44,10210854,-1383.000,7869.000,1856.000,-37.000,37.000,-22.000,0.000,16.120,1
2026-01-31 14:21:44,10210894,-1398.000,7884.000,1845.000,-8.000,18.000,-3.000,0.000,16.120,1
2026-01-31 14:21:44,10210934,-1392.000,7879.000,1844.000,-17.000,9.000,3.000,0.000,16.120,1
2026-01-31 14:21:44,10210974,-1376.000,7877.000,1857.000,-12.000,0.000,0.000,0.000,16.120,1
2026-01-31 14:21:44,10211014,-1359.000,7895.000,1846.000,3.000,9.000,5.000,0.000,16.120,1
2026-01-31 14:21:45,10211054,-1365.000,7883.000,1845.000,-28.000,2.000,11.000,0.000,16.120,1
2026-01-31 14:21:45,10211094,-1370.000,7883.000,1855.000,-22.000,6.000,19.000,0.000,16.120,1
2026-01-31 14:21:45,10211134,-1372.000,7879.000,1846.000,-21.000,8.000,27.000,0.000,16.120,1
2026-01-31 14:21:45,10211174,-1378.000,7878.000,1849.000,-23.000,-4.000,35.000,0.000,16.120,1
2026-01-31 14:21:45,10211214,-1373.000,7907.000,1864.000,-25.000,-7.000,25.000,0.000,16.120,1
2026-01-31 14:21:45,10211254,-1364.000,7882.000,1861.000,-28.000,-17.000,35.000,0.000,16.120,1
2026-01-31 14:21:45,10211294,-1355.000,7865.000,1873.000,-18.000,-13.000,38.000,0.000,16.120,1
2026-01-31 14:21:45,10211334,-1349.000,7875.000,1840.000,11.000,-14.000,46.000,0.000,16.120,1
2026-01-31 14:21:45,10211374,-1318.000,7890.000,1857.000,-10.000,-8.000,37.000,0.000,16.120,1
2026-01-31 14:21:45,10211414,-1345.000,7905.000,1884.000,-37.000,18.000,19.000,0.000,16.120,1
2026-01-31 14:21:45,10211454,-1408.000,7864.000,1875.000,-29.000,-11.000,38.000,0.000,16.120,1
2026-01-31 14:21:45,10211494,-1294.000,7902.000,1832.000,11.000,-25.000,48.000,0.000,16.120,1
2026-01-31 14:21:45,10211534,-1328.000,7908.000,1841.000,-36.000,5.000,18.000,0.000,-12.320,1
2026-01-31 14:21:45,10211574,-1329.000,7860.000,1877.000,-47.000,-10.000,12.000,0.000,-12.320,1
2026-01-31 14:21:45,10211614,-1327.000,7870.000,1862.000,-9.000,9.000,10.000,0.000,-12.320,1
2026-01-31 14:21:45,10211654,-1330.000,7896.000,1877.000,-27.000,6.000,16.000,0.000,-12.320,1
2026-01-31 14:21:45,10211694,-1324.000,7869.000,1889.000,-27.000,1.000,22.000,0.000,-12.320,1
2026-01-31 14:21:45,10211734,-1348.000,7902.000,1867.000,-23.000,9.000,16.000,0.000,-12.320,1
2026-01-31 14:21:45,10211774,-1324.000,7869.000,1884.000,-41.000,-1.000,16.000,0.000,-12.320,1
2026-01-31 14:21:45,10211814,-1318.000,7857.000,1872.000,-7.000,3.000,0.000,0.000,-12.320,1
2026-01-31 14:21:45,10211854,-1332.000,7886.000,1866.000,-20.000,5.000,11.000,0.000,-12.320,1
2026-01-31 14:21:45,10211894,-1313.000,7868.000,1882.000,-5.000,6.000,10.000,0.000,-12.320,1
2026-01-31 14:21:45,10211934,-1331.000,7894.000,1863.000,3.000,24.000,-1.000,0.000,-12.320,1
2026-01-31 14:21:45,10211974,-1359.000,7878.000,1868.000,-19.000,15.000,3.000,0.000,-12.320,1
2026-01-31 14:21:45,10212014,-1378.000,7994.000,1851.000,-42.000,-23.000,35.000,0.000,-12.320,1
2026-01-31 14:21:46,10212054,-1303.000,8018.000,1841.000,-140.000,-26.000,39.000,0.000,-12.320,1
2026-01-31 14:21:46,10212094,-1227.000,7762.000,1855.000,-140.000,7.000,-55.000,0.000,-12.320,1
2026-01-31 14:21:46,10212134,-1218.000,7788.000,1926.000,-39.000,54.000,-142.000,0.000,-12.320,1
2026-01-31 14:21:46,10212174,-1306.000,7746.000,1964.000,122.000,108.000,-148.000,0.000,-12.320,1
2026-01-31 14:21:46,10212214,-1405.000,7837.000,1959.000,151.000,140.000,-109.000,0.000,-12.320,1
2026-01-31 14:21:46,10212254,-1472.000,7857.000,1944.000,104.000,92.000,-38.000,0.000,-12.320,1
2026-01-31 14:21:46,10212297,-1419.000,7871.000,1814.000,165.000,-28.000,16.000,0.000,-12.320,1
2026-01-31 14:21:46,10212337,-1402.000,7881.000,1814.000,169.000,-73.000,10.000,0.000,-12.320,1
2026-01-31 14:21:46,10212374,-1389.000,7861.000,1798.000,189.000,-73.000,5.000,0.000,-12.320,1
2026-01-31 14:21:46,10212414,-1353.000,7990.000,1751.000,197.000,-76.000,-3.000,0.000,-12.320,1
2026-01-31 14:21:46,10212454,-1363.000,7975.000,1730.000,77.000,-33.000,-41.000,0.000,-12.320,1
2026-01-31 14:21:46,10212494,-1370.000,7909.000,1733.000,48.000,-33.000,-92.000,0.000,-12.320,1
2026-01-31 14:21:46,10212534,-1421.000,7938.000,1786.000,61.000,-16.000,-97.000,0.000,0.000,1
2026-01-31 14:21:46,10212577,-1413.000,7936.000,1786.000,17.000,-22.000,-59.000,0.000,0.000,1
2026-01-31 14:21:46,10212614,-1407.000,7883.000,1784.000,-6.000,-28.000,-51.000,0.000,0.000,1
2026-01-31 14:21:46,10212654,-1367.000,7902.000,1772.000,-74.000,-34.000,15.000,0.000,0.000,1
2026-01-31 14:21:46,10212694,-1316.000,7866.000,1799.000,-107.000,-23.000,37.000,0.000,0.000,1
2026-01-31 14:21:46,10212734,-1334.000,7885.000,1802.000,-96.000,18.000,30.000,0.000,0.000,1
2026-01-31 14:21:46,10212774,-1371.000,7909.000,1816.000,-114.000,47.000,12.000,0.000,0.000,1
2026-01-31 14:21:46,10212814,-1402.000,7881.000,1822.000,-100.000,53.000,-5.000,0.000,0.000,1
2026-01-31 14:21:46,10212854,-1414.000,7852.000,1833.000,-81.000,59.000,-35.000,0.000,0.000,1
2026-01-31 14:21:46,10212894,-1443.000,7855.000,1860.000,-34.000,58.000,-60.000,0.000,0.000,1
2026-01-31 14:21:46,10212934,-1449.000,7869.000,1824.000,1.000,28.000,-30.000,0.000,0.000,1
2026-01-31 14:21:46,10212974,-1406.000,7873.000,1818.000,-9.000,7.000,1.000,0.000,0.000,1
2026-01-31 14:21:46,10213014,-1467.000,7856.000,1830.000,-34.000,18.000,-20.000,0.000,0.000,1
2026-01-31 14:21:47,10213054,-1469.000,7872.000,1824.000,-7.000,-9.000,14.000,0.000,0.000,1
2026-01-31 14:21:47,10213094,-1366.000,7886.000,1816.000,35.000,-7.000,11.000,0.000,0.000,1
2026-01-31 14:21:47,10213134,-1418.000,7897.000,1799.000,10.000,31.000,-40.000,0.000,0.000,1
2026-01-31 14:21:47,10213174,-1413.000,7860.000,1864.000,16.000,22.000,-43.000,0.000,0.000,1
2026-01-31 14:21:47,10213214,-1358.000,8001.000,1829.000,152.000,110.000,-69.000,0.000,0.000,1
2026-01-31 14:21:47,10213254,-1061.000,8090.000,1871.000,338.000,328.000,-353.000,0.000,0.000,1
2026-01-31 14:21:47,10213294,-1659.000,8118.000,1825.000,1621.000,749.000,-1084.000,0.000,0.000,1
2026-01-31 14:21:47,10213334,-1704.000,8355.000,1742.000,2814.000,1016.000,-1512.000,0.000,0.000,1
2026-01-31 14:21:47,10213374,-1792.000,8634.000,1734.000,1504.000,1460.000,-2025.000,0.000,0.000,1
2026-01-31 14:21:47,10213414,-1937.000,7751.000,1086.000,-294.000,1964.000,-1823.000,0.000,0.000,1
2026-01-31 14:21:47,10213454,-2137.000,7346.000,990.000,-1007.000,1948.000,-1289.000,0.000,0.000,1
2026-01-31 14:21:47,10213494,-2432.000,6980.000,956.000,-690.000,1662.000,-753.000,0.000,0.000,1
2026-01-31 14:21:47,10213534,-2614.000,7231.000,845.000,-569.000,1228.000,-75.000,0.000,0.000,1
2026-01-31 14:21:47,10213574,-2837.000,7336.000,669.000,-299.000,445.000,315.000,0.000,0.000,1
2026-01-31 14:21:47,10213614,-2792.000,7916.000,1224.000,59.000,43.000,276.000,0.000,0.000,1
2026-01-31 14:21:47,10213654,-2613.000,7837.000,1129.000,-220.000,-224.000,348.000,0.000,0.000,1
2026-01-31 14:21:47,10213694,-2466.000,7817.000,1083.000,-678.000,-452.000,494.000,0.000,0.000,1
2026-01-31 14:21:47,10213734,-2340.000,8079.000,1394.000,-414.000,-578.000,372.000,0.000,0.000,1
2026-01-31 14:21:47,10213774,-2267.000,7517.000,1449.000,-648.000,-470.000,213.000,0.000,0.000,1
2026-01-31 14:21:47,10213814,-2224.000,7674.000,1379.000,-16.000,-469.000,373.000,0.000,0.000,1
2026-01-31 14:21:47,10213854,-2344.000,7795.000,1258.000,-56.000,-566.000,488.000,0.000,0.000,1
2026-01-31 14:21:47,10213894,-2294.000,7899.000,1495.000,-581.000,-785.000,517.000,0.000,0.000,1
2026-01-31 14:21:47,10213934,-2118.000,7855.000,1715.000,-916.000,-803.000,552.000,0.000,0.000,1
2026-01-31 14:21:47,10213974,-1977.000,7765.000,1789.000,-871.000,-768.000,512.000,0.000,0.000,1
2026-01-31 14:21:47,10214014,-1820.000,7820.000,2023.000,-759.000,-557.000,425.000,0.000,0.000,1
2026-01-31 14:21:48,10214054,-1805.000,7615.000,2077.000,-354.000,-215.000,316.000,0.000,0.000,1
2026-01-31 14:21:48,10214094,-1771.000,7715.000,1879.000,143.000,-81.000,221.000,0.000,0.000,1
2026-01-31 14:21:48,10214134,-1911.000,7897.000,1811.000,84.000,7.000,155.000,0.000,0.000,1
2026-01-31 14:21:48,10214174,-1926.000,7748.000,1885.000,-197.000,-49.000,88.000,0.000,0.000,1
2026-01-31 14:21:48,10214214,-1890.000,7710.000,1914.000,-186.000,-98.000,122.000,0.000,0.000,1
2026-01-31 14:21:48,10214254,-1868.000,7770.000,1916.000,-157.000,-104.000,137.000,0.000,0.000,1
2026-01-31 14:21:48,10214297,-1834.000,7812.000,1949.000,-209.000,-151.000,92.000,0.000,0.000,1
2026-01-31 14:21:48,10214336,-1766.000,7748.000,1964.000,-300.000,-157.000,104.000,0.000,0.000,1
2026-01-31 14:21:48,10214374,-1768.000,7740.000,1984.000,-313.000,-132.000,108.000,0.000,0.000,1
2026-01-31 14:21:48,10214414,-1788.000,7729.000,2015.000,-141.000,-38.000,67.000,0.000,0.000,1
2026-01-31 14:21:48,10214454,-1840.000,7775.000,1989.000,33.000,34.000,29.000,0.000,0.000,1
2026-01-31 14:21:48,10214494,-1823.000,7771.000,1931.000,15.000,-18.000,9.000,0.000,0.000,1
2026-01-31 14:21:48,10214534,-1819.000,7779.000,1976.000,-10.000,-38.000,10.000,0.000,0.000,1
2026-01-31 14:21:48,10214577,-1816.000,7794.000,1999.000,-69.000,2.000,22.000,0.000,0.000,1
2026-01-31 14:21:48,10214614,-1827.000,7782.000,2000.000,-93.000,4.000,33.000,0.000,0.000,1
2026-01-31 14:21:48,10214654,-1788.000,7769.000,1991.000,-80.000,-12.000,38.000,0.000,0.000,1
2026-01-31 14:21:48,10214694,-1750.000,7774.000,1978.000,-71.000,14.000,31.000,0.000,0.000,1
2026-01-31 14:21:48,10214734,-1808.000,7722.000,2018.000,-110.000,22.000,-16.000,0.000,0.000,1
2026-01-31 14:21:48,10214774,-1832.000,7715.000,2052.000,-84.000,9.000,-10.000,0.000,0.000,1
2026-01-31 14:21:48,10214814,-1790.000,7766.000,2044.000,-36.000,-7.000,13.000,0.000,0.000,1
2026-01-31 14:21:48,10214854,-1755.000,7767.000,2030.000,-47.000,-3.000,-7.000,0.000,0.000,1
2026-01-31 14:21:48,10214894,-1792.000,7737.000,2034.000,-78.000,7.000,-37.000,0.000,0.000,1
2026-01-31 14:21:48,10214934,-1798.000,7728.000,2050.000,-37.000,-4.000,-24.000,0.000,0.000,1
2026-01-31 14:21:48,10214974,-1779.000,7765.000,2016.000,-1.000,15.000,-21.000,0.000,0.000,1
2026-01-31 14:21:48,10215014,-1795.000,7759.000,2054.000,-75.000,26.000,-64.000,0.000,0.000,1
2026-01-31 14:21:49,10215054,-1841.000,7774.000,2046.000,-67.000,29.000,-57.000,0.000,0.000,1
2026-01-31 14:21:49,10215094,-1823.000,7758.000,2035.000,-60.000,11.000,-56.000,0.000,0.000,1
2026-01-31 14:21:49,10215134,-1826.000,7690.000,2053.000,-109.000,-5.000,-50.000,0.000,0.000,1
2026-01-31 14:21:49,10215174,-1847.000,7734.000,2122.000,-69.000,11.000,-31.000,0.000,0.000,1
2026-01-31 14:21:49,10215214,-1850.000,7749.000,2075.000,-90.000,5.000,-45.000,0.000,0.000,1
2026-01-31 14:21:49,10215254,-1858.000,7766.000,2090.000,-104.000,-18.000,-50.000,0.000,0.000,1
2026-01-31 14:21:49,10215294,-1814.000,7764.000,2105.000,-38.000,0.000,-43.000,0.000,0.000,1
2026-01-31 14:21:49,10215334,-1888.000,7703.000,2095.000,-135.000,-11.000,-69.000,0.000,0.000,1
2026-01-31 14:21:49,10215374,-1874.000,7703.000,2101.000,-65.000,-15.000,-37.000,0.000,0.000,1
2026-01-31 14:21:49,10215414,-1818.000,7735.000,2091.000,-22.000,0.000,-20.000,0.000,0.000,1
2026-01-31 14:21:49,10215454,-1841.000,7779.000,2092.000,-72.000,-9.000,-46.000,0.000,0.000,1
2026-01-31 14:21:49,10215494,-1859.000,7679.000,2146.000,-90.000,-18.000,-53.000,0.000,0.000,1
2026-01-31 14:21:49,10215534,-1851.000,7699.000,2154.000,-28.000,-2.000,-27.000,0.000,0.000,1
2026-01-31 14:21:49,10215574,-1867.000,7761.000,2108.000,-85.000,-18.000,-10.000,0.000,0.000,1
2026-01-31 14:21:49,10215614,-1882.000,7683.000,2173.000,-109.000,-36.000,-25.000,0.000,0.000,1
2026-01-31 14:21:49,10215654,-1882.000,7703.000,2172.000,-52.000,-13.000,-31.000,0.000,0.000,1
2026-01-31 14:21:49,10215694,-1885.000,7643.000,2130.000,-22.000,-6.000,-12.000,0.000,0.000,1
2026-01-31 14:21:49,10215734,-1873.000,7723.000,2181.000,1.000,-18.000,-11.000,0.000,0.000,1
2026-01-31 14:21:49,10215774,-1898.000,7693.000,2175.000,16.000,7.000,-7.000,0.000,0.000,1
2026-01-31 14:21:49,10215814,-1884.000,7689.000,2112.000,66.000,-12.000,7.000,0.000,0.000,1
2026-01-31 14:21:49,10215854,-1890.000,7754.000,2135.000,-16.000,-17.000,-3.000,0.000,0.000,1
2026-01-31 14:21:49,10215894,-1902.000,7697.000,2175.000,-9.000,-3.000,-16.000,0.000,0.000,1
2026-01-31 14:21:49,10215934,-1862.000,7664.000,2151.000,57.000,13.000,4.000,0.000,0.000,1
2026-01-31 14:21:49,10215974,-1895.000,7746.000,2092.000,56.000,-24.000,17.000,0.000,0.000,1
2026-01-31 14:21:49,10216014,-1854.000,7739.000,2146.000,-24.000,-40.000,39.000,0.000,0.000,1
2026-01-31 14:21:50,10216054,-1831.000,7689.000,2139.000,7.000,-2.000,4.000,0.000,0.000,1
2026-01-31 14:21:50,10216094,-1920.000,7738.000,2159.000,-16.000,7.000,-17.000,0.000,0.000,1
2026-01-31 14:21:50,10216134,-1881.000,7722.000,2136.000,-35.000,-22.000,3.000,0.000,0.000,1
2026-01-31 14:21:50,10216174,-1881.000,7660.000,2137.000,-21.000,-9.000,-6.000,0.000,0.000,1
2026-01-31 14:21:50,10216214,-1936.000,7615.000,2120.000,-30.000,-34.000,12.000,0.000,0.000,1
2026-01-31 14:21:50,10216254,-1998.000,7785.000,2177.000,-48.000,-89.000,40.000,0.000,0.000,1
2026-01-31 14:21:50,10216294,-1875.000,7853.000,2198.000,-70.000,-96.000,157.000,0.000,0.000,1
2026-01-31 14:21:50,10216334,-1738.000,7774.000,2170.000,-66.000,-7.000,103.000,0.000,0.000,1
2026-01-31 14:21:50,10216374,-1757.000,7663.000,2143.000,-14.000,102.000,4.000,0.000,0.000,1
2026-01-31 14:21:50,10216414,-1802.000,7651.000,2102.000,16.000,121.000,-67.000,0.000,0.000,1
2026-01-31 14:21:50,10216454,-1773.000,7744.000,2180.000,0.000,80.000,-59.000,0.000,0.000,1
2026-01-31 14:21:50,10216494,-1772.000,7731.000,2196.000,-139.000,74.000,-42.000,0.000,0.000,1
2026-01-31 14:21:50,10216534,-1889.000,7683.000,2241.000,-234.000,90.000,-75.000,0.000,0.000,1
2026-01-31 14:21:50,10216579,-1940.000,7614.000,2191.000,-109.000,61.000,-51.000,0.000,0.000,1
2026-01-31 14:21:50,10216614,-1937.000,7666.000,2164.000,-60.000,51.000,-59.000,0.000,0.000,1
2026-01-31 14:21:50,10216654,-1926.000,7778.000,2190.000,-59.000,36.000,-64.000,0.000,0.000,1
2026-01-31 14:21:50,10216694,-1926.000,7671.000,2200.000,-63.000,53.000,-70.000,0.000,0.000,1
2026-01-31 14:21:50,10216734,-1963.000,7708.000,2166.000,6.000,60.000,-73.000,0.000,0.000,1
2026-01-31 14:21:50,10216774,-1963.000,7687.000,2199.000,-61.000,45.000,-33.000,0.000,0.000,1
2026-01-31 14:21:50,10216814,-2007.000,7604.000,2263.000,-47.000,28.000,12.000,0.000,0.000,1
2026-01-31 14:21:50,10216854,-1936.000,7726.000,2213.000,270.000,20.000,83.000,0.000,0.000,1
2026-01-31 14:21:50,10216894,-1923.000,7791.000,2096.000,149.000,23.000,25.000,0.000,0.000,1
2026-01-31 14:21:50,10216934,-1911.000,7705.000,2124.000,-64.000,-66.000,6.000,0.000,0.000,1
2026-01-31 14:21:50,10216974,-1871.000,7662.000,2231.000,-127.000,-87.000,13.000,0.000,0.000,1
2026-01-31 14:21:50,10217014,-1853.000,7669.000,2214.000,-84.000,-50.000,57.000,0.000,0.000,1
2026-01-31 14:21:51,10217054,-1874.000,7691.000,2223.000,-150.000,-45.000,47.000,0.000,0.000,1
2026-01-31 14:21:51,10217094,-1905.000,7696.000,2276.000,-149.000,-49.000,56.000,0.000,0.000,1
2026-01-31 14:21:51,10217134,-1868.000,7668.000,2267.000,-77.000,-15.000,43.000,0.000,0.000,1
2026-01-31 14:21:51,10217174,-1858.000,7658.000,2230.000,-19.000,4.000,10.000,0.000,0.000,1
2026-01-31 14:21:51,10217214,-1858.000,7677.000,2221.000,14.000,21.000,-25.000,0.000,0.000,1
2026-01-31 14:21:51,10217254,-1877.000,7742.000,2233.000,-24.000,14.000,0.000,0.000,0.000,1
2026-01-31 14:21:51,10217294,-1898.000,7693.000,2254.000,-61.000,35.000,1.000,0.000,0.000,1
2026-01-31 14:21:51,10217334,-1910.000,7724.000,2221.000,-54.000,34.000,0.000,0.000,0.000,1
2026-01-31 14:21:51,10217374,-1906.000,7671.000,2243.000,-82.000,32.000,-9.000,0.000,0.000,1
2026-01-31 14:21:51,10217414,-1941.000,7651.000,2236.000,-41.000,20.000,-3.000,0.000,0.000,1
2026-01-31 14:21:51,10217454,-1871.000,7680.000,2232.000,-27.000,-10.000,28.000,0.000,0.000,1
2026-01-31 14:21:51,10217494,-1878.000,7676.000,2270.000,-43.000,28.000,-4.000,0.000,0.000,1
2026-01-31 14:21:51,10217534,-1927.000,7687.000,2293.000,-53.000,45.000,-10.000,0.000,0.000,1
2026-01-31 14:21:51,10217574,-1883.000,7654.000,2282.000,-35.000,3.000,5.000,0.000,0.000,1
2026-01-31 14:21:51,10217614,-1883.000,7680.000,2235.000,-36.000,3.000,6.000,0.000,0.000,1
2026-01-31 14:21:51,10217654,-1911.000,7625.000,2293.000,-65.000,0.000,8.000,0.000,0.000,1
2026-01-31 14:21:51,10217694,-1903.000,7656.000,2269.000,5.000,7.000,20.000,0.000,0.000,1
2026-01-31 14:21:51,10217734,-1891.000,7703.000,2294.000,3.000,0.000,23.000,0.000,0.000,1
2026-01-31 14:21:51,10217774,-1930.000,7649.000,2272.000,0.000,3.000,27.000,0.000,0.000,1
2026-01-31 14:21:51,10217814,-1893.000,7691.000,2265.000,27.000,-2.000,44.000,0.000,0.000,1
2026-01-31 14:21:51,10217854,-1913.000,7654.000,2263.000,16.000,-16.000,42.000,0.000,0.000,1
2026-01-31 14:21:51,10217894,-1887.000,7662.000,2255.000,24.000,-38.000,68.000,0.000,0.000,1
2026-01-31 14:21:51,10217934,-1871.000,7687.000,2251.000,29.000,-39.000,73.000,0.000,0.000,1
2026-01-31 14:21:51,10217974,-1858.000,7706.000,2258.000,-2.000,-33.000,74.000,0.000,0.000,1
2026-01-31 14:21:51,10218014,-1856.000,7694.000,2245.000,9.000,-21.000,59.000,0.000,0.000,1
2026-01-31 14:21:52,10218054,-1845.000,7721.000,2254.000,-8.000,-15.000,64.000,0.000,0.000,1
2026-01-31 14:21:52,10218094,-1836.000,7692.000,2283.000,-24.000,-19.000,55.000,0.000,0.000,1
2026-01-31 14:21:52,10218134,-1843.000,7654.000,2253.000,-5.000,-30.000,52.000,0.000,0.000,1
2026-01-31 14:21:52,10218174,-1809.000,7745.000,2259.000,4.000,-34.000,67.000,0.000,0.000,1
2026-01-31 14:21:52,10218214,-1814.000,7709.000,2287.000,-36.000,-25.000,57.000,0.000,0.000,1
2026-01-31 14:21:52,10218254,-1851.000,7677.000,2298.000,-57.000,-9.000,55.000,0.000,0.000,1
2026-01-31 14:21:52,10218294,-1811.000,7686.000,2264.000,-29.000,-18.000,42.000,0.000,0.000,1
2026-01-31 14:21:52,10218337,-1780.000,7688.000,2256.000,-39.000,14.000,46.000,0.000,0.000,1
2026-01-31 14:21:52,10218376,-1814.000,7649.000,2294.000,-49.000,3.000,38.000,0.000,0.000,1
2026-01-31 14:21:52,10218414,-1810.000,7694.000,2297.000,-37.000,5.000,38.000,0.000,0.000,1
2026-01-31 14:21:52,10218454,-1800.000,7682.000,2285.000,-30.000,7.000,30.000,0.000,0.000,1
2026-01-31 14:21:52,10218494,-1810.000,7689.000,2300.000,-32.000,4.000,27.000,0.000,0.000,1
2026-01-31 14:21:52,10218534,-1796.000,7668.000,2293.000,-16.000,5.000,14.000,0.000,0.000,1
2026-01-31 14:21:52,10218577,-1800.000,7677.000,2288.000,-21.000,9.000,7.000,0.000,0.000,1
2026-01-31 14:21:52,10218614,-1792.000,7669.000,2281.000,-18.000,8.000,9.000,0.000,0.000,1
2026-01-31 14:21:52,10218654,-1803.000,7668.000,2289.000,-20.000,17.000,-4.000,0.000,0.000,1
2026-01-31 14:21:52,10218694,-1783.000,7663.000,2284.000,-22.000,17.000,-5.000,0.000,0.000,1
2026-01-31 14:21:52,10218734,-1787.000,7700.000,2297.000,-16.000,31.000,-16.000,0.000,0.000,1
2026-01-31 14:21:52,10218774,-1820.000,7694.000,2319.000,-3.000,30.000,-20.000,0.000,0.000,1
2026-01-31 14:21:52,10218814,-1835.000,7641.000,2311.000,3.000,6.000,-11.000,0.000,0.000,1
2026-01-31 14:21:52,10218854,-1808.000,7694.000,2282.000,34.000,6.000,6.000,0.000,0.000,1
2026-01-31 14:21:52,10218894,-1791.000,7678.000,2294.000,16.000,18.000,6.000,0.000,0.000,1
2026-01-31 14:21:52,10218934,-1862.000,7705.000,2303.000,13.000,33.000,-10.000,0.000,0.000,1
2026-01-31 14:21:52,10218974,-1822.000,7694.000,2291.000,22.000,-3.000,2.000,0.000,0.000,1
2026-01-31 14:21:52,10219014,-1769.000,7692.000,2251.000,40.000,22.000,-1.000,0.000,0.000,1
2026-01-31 14:21:53,10219054,-1810.000,7703.000,2265.000,-10.000,37.000,-18.000,0.000,0.000,1
2026-01-31 14:21:53,10219094,-1850.000,7669.000,2295.000,-27.000,17.000,-20.000,0.000,0.000,1
2026-01-31 14:21:53,10219134,-1799.000,7696.000,2293.000,-7.000,19.000,-1.000,0.000,0.000,1
2026-01-31 14:21:53,10219174,-1834.000,7706.000,2291.000,-21.000,22.000,-11.000,0.000,0.000,1
2026-01-31 14:21:53,10219214,-1850.000,7660.000,2291.000,-25.000,17.000,4.000,0.000,0.000,1
2026-01-31 14:21:53,10219254,-1835.000,7674.000,2273.000,-3.000,-7.000,7.000,0.000,0.000,1
2026-01-31 14:21:53,10219294,-1803.000,7695.000,2285.000,-10.000,1.000,4.000,0.000,0.000,1
2026-01-31 14:21:53,10219334,-1808.000,7700.000,2275.000,0.000,24.000,-9.000,0.000,0.000,1
2026-01-31 14:21:53,10219374,-1843.000,7664.000,2300.000,-26.000,21.000,-19.000,0.000,0.000,1
2026-01-31 14:21:53,10219414,-1808.000,7705.000,2289.000,-17.000,13.000,7.000,0.000,0.000,1
2026-01-31 14:21:53,10219454,-1836.000,7680.000,2281.000,-26.000,20.000,2.000,0.000,0.000,1
2026-01-31 14:21:53,10219494,-1835.000,7675.000,2306.000,-28.000,8.000,-7.000,0.000,0.000,1
2026-01-31 14:21:53,10219534,-1838.000,7661.000,2278.000,-3.000,-11.000,5.000,0.000,0.000,1
2026-01-31 14:21:53,10219574,-1774.000,7712.000,2274.000,1.000,-4.000,14.000,0.000,0.000,1
2026-01-31 14:21:53,10219614,-1832.000,7685.000,2294.000,5.000,42.000,-19.000,0.000,0.000,1
2026-01-31 14:21:53,10219654,-1877.000,7701.000,2301.000,-9.000,12.000,3.000,0.000,0.000,1
2026-01-31 14:21:53,10219694,-1808.000,7647.000,2287.000,3.000,-2.000,16.000,0.000,0.000,1
2026-01-31 14:21:53,10219734,-1786.000,7716.000,2253.000,10.000,34.000,-10.000,0.000,0.000,1
2026-01-31 14:21:53,10219774,-1871.000,7657.000,2297.000,-33.000,31.000,-29.000,0.000,0.000,1
2026-01-31 14:21:53,10219814,-1848.000,7680.000,2301.000,2.000,11.000,1.000,0.000,0.000,1
2026-01-31 14:21:53,10219854,-1809.000,7703.000,2296.000,-10.000,6.000,12.000,0.000,0.000,1
2026-01-31 14:21:53,10219894,-1861.000,7673.000,2281.000,-22.000,23.000,-7.000,0.000,0.000,1
2026-01-31 14:21:53,10219934,-1846.000,7692.000,2297.000,-10.000,4.000,5.000,0.000,0.000,1
2026-01-31 14:21:53,10219974,-1816.000,7670.000,2274.000,-3.000,17.000,-8.000,0.000,0.000,1
2026-01-31 14:21:53,10220014,-1852.000,7673.000,2289.000,2.000,18.000,-14.000,0.000,0.000,1
2026-01-31 14:21:54,10220054,-1840.000,7692.000,2284.000,-13.000,13.000,1.000,0.000,0.000,1
2026-01-31 14:21:54,10220094,-1838.000,7684.000,2293.000,-17.000,18.000,-4.000,0.000,0.000,1
2026-01-31 14:21:54,10220134,-1839.000,7657.000,2297.000,-21.000,23.000,-10.000,0.000,0.000,1
2026-01-31 14:21:54,10220174,-1849.000,7691.000,2286.000,-9.000,23.000,-5.000,0.000,0.000,1
2026-01-31 14:21:54,10220214,-1853.000,7670.000,2293.000,-12.000,23.000,-15.000,0.000,0.000,1
2026-01-31 14:21:54,10220254,-1869.000,7684.000,2305.000,-12.000,13.000,-3.000,0.000,0.000,1
2026-01-31 14:21:54,10220294,-1843.000,7671.000,2258.000,9.000,-17.000,11.000,0.000,0.000,1
2026-01-31 14:21:54,10220337,-1831.000,7669.000,2280.000,14.000,30.000,-11.000,0.000,0.000,1
2026-01-31 14:21:54,10220377,-1897.000,7703.000,2317.000,3.000,27.000,-8.000,0.000,0.000,1
2026-01-31 14:21:54,10220414,-1876.000,7708.000,2312.000,5.000,11.000,6.000,0.000,0.000,1
2026-01-31 14:21:54,10220454,-1828.000,7684.000,2244.000,6.000,15.000,0.000,0.000,0.000,1
2026-01-31 14:21:54,10220494,-1842.000,7695.000,2259.000,-30.000,20.000,-5.000,0.000,0.000,1
2026-01-31 14:21:54,10220534,-1875.000,7634.000,2301.000,-32.000,-2.000,-1.000,0.000,-35.810,1
2026-01-31 14:21:54,10220577,-1815.000,7691.000,2293.000,6.000,15.000,-5.000,0.000,-35.810,1
2026-01-31 14:21:54,10220614,-1816.000,7678.000,2305.000,-10.000,19.000,-17.000,0.000,-35.810,1
2026-01-31 14:21:54,10220654,-1891.000,7691.000,2288.000,1.000,46.000,-15.000,0.000,-35.810,1
2026-01-31 14:21:54,10220694,-1858.000,7647.000,2286.000,-10.000,5.000,-6.000,0.000,-35.810,1
2026-01-31 14:21:54,10220734,-1873.000,7672.000,2274.000,-10.000,9.000,-11.000,0.000,-35.810,1
2026-01-31 14:21:54,10220774,-1841.000,7656.000,2283.000,-7.000,4.000,-5.000,0.000,-35.810,1
2026-01-31 14:21:54,10220814,-1865.000,7691.000,2269.000,13.000,11.000,-5.000,0.000,-35.810,1
2026-01-31 14:21:54,10220854,-1855.000,7683.000,2289.000,-28.000,15.000,-7.000,0.000,-35.810,1
2026-01-31 14:21:54,10220894,-1853.000,7665.000,2268.000,-22.000,22.000,-10.000,0.000,-35.810,1
2026-01-31 14:21:54,10220934,-1876.000,7663.000,2265.000,-5.000,15.000,-18.000,0.000,-35.810,1
2026-01-31 14:21:54,10220974,-1890.000,7683.000,2293.000,-16.000,6.000,-8.000,0.000,-35.810,1
2026-01-31 14:21:54,10221014,-1868.000,7700.000,2295.000,-13.000,-4.000,-8.000,0.000,-35.810,1
2026-01-31 14:21:55,10221054,-1868.000,7655.000,2296.000,-12.000,-7.000,-11.000,0.000,-35.810,1
2026-01-31 14:21:55,10221094,-1856.000,7668.000,2271.000,-4.000,-8.000,-1.000,0.000,-35.810,1
2026-01-31 14:21:55,10221134,-1829.000,7654.000,2293.000,-8.000,2.000,8.000,0.000,-35.810,1
2026-01-31 14:21:55,10221174,-1898.000,7683.000,2289.000,-15.000,40.000,-9.000,0.000,-35.810,1
2026-01-31 14:21:55,10221214,-1911.000,7707.000,2303.000,-47.000,6.000,12.000,0.000,-35.810,1
2026-01-31 14:21:55,10221254,-1850.000,7643.000,2277.000,-23.000,-11.000,11.000,0.000,-35.810,1
2026-01-31 14:21:55,10221294,-1852.000,7699.000,2278.000,-27.000,12.000,-4.000,0.000,-35.810,1
2026-01-31 14:21:55,10221334,-1859.000,7612.000,2307.000,-37.000,9.000,-15.000,0.000,-35.810,1
2026-01-31 14:21:55,10221374,-1873.000,7686.000,2286.000,7.000,36.000,-26.000,0.000,-35.810,1
2026-01-31 14:21:55,10221414,-1851.000,7677.000,2313.000,-29.000,24.000,-19.000,0.000,-35.810,1
2026-01-31 14:21:55,10221454,-1901.000,7696.000,2299.000,-6.000,28.000,-17.000,0.000,-35.810,1
2026-01-31 14:21:55,10221494,-1880.000,7648.000,2306.000,-36.000,11.000,-2.000,0.000,-35.810,1
2026-01-31 14:21:55,10221534,-1894.000,7662.000,2298.000,-7.000,16.000,-2.000,0.000,1.000,1
2026-01-31 14:21:55,10221574,-1875.000,7675.000,2284.000,-7.000,11.000,4.000,0.000,1.000,1
2026-01-31 14:21:55,10221614,-1879.000,7668.000,2309.000,-21.000,15.000,-6.000,0.000,1.000,1
2026-01-31 14:21:55,10221654,-1884.000,7685.000,2295.000,-2.000,11.000,-8.000,0.000,1.000,1
2026-01-31 14:21:55,10221694,-1879.000,7672.000,2291.000,-26.000,15.000,-1.000,0.000,1.000,1
2026-01-31 14:21:55,10221734,-1896.000,7651.000,2306.000,-20.000,18.000,-7.000,0.000,1.000,1
2026-01-31 14:21:55,10221774,-1884.000,7675.000,2291.000,-2.000,3.000,6.000,0.000,1.000,1
2026-01-31 14:21:55,10221814,-1891.000,7665.000,2310.000,-23.000,3.000,4.000,0.000,1.000,1
2026-01-31 14:21:55,10221854,-1898.000,7654.000,2309.000,-8.000,2.000,2.000,0.000,1.000,1
2026-01-31 14:21:55,10221894,-1870.000,7660.000,2295.000,-14.000,-10.000,16.000,0.000,1.000,1
2026-01-31 14:21:55,10221934,-1836.000,7676.000,2296.000,-11.000,7.000,18.000,0.000,1.000,1
2026-01-31 14:21:55,10221974,-1895.000,7668.000,2306.000,-19.000,41.000,-14.000,0.000,1.000,1
2026-01-31 14:21:55,10222014,-1925.000,7677.000,2335.000,-18.000,10.000,-5.000,0.000,1.000,1
2026-01-31 14:21:56,10222054,-1862.000,7677.000,2305.000,18.000,-16.000,20.000,0.000,1.000,1
2026-01-31 14:21:56,10222094,-1855.000,7701.000,2271.000,1.000,6.000,9.000,0.000,1.000,1
2026-01-31 14:21:56,10222134,-1902.000,7635.000,2328.000,-47.000,-9.000,2.000,0.000,1.000,1
2026-01-31 14:21:56,10222174,-1868.000,7636.000,2312.000,15.000,-1.000,23.000,0.000,1.000,1
2026-01-31 14:21:56,10222214,-1895.000,7676.000,2316.000,-10.000,17.000,8.000,0.000,1.000,1
2026-01-31 14:21:56,10222254,-1910.000,7687.000,2323.000,5.000,8.000,23.000,0.000,1.000,1
2026-01-31 14:21:56,10222294,-1865.000,7641.000,2306.000,17.000,-3.000,28.000,0.000,1.000,1
2026-01-31 14:21:56,10222336,-1879.000,7614.000,2306.000,15.000,1.000,7.000,0.000,1.000,1
2026-01-31 14:21:56,10222374,-1950.000,7663.000,2310.000,12.000,-46.000,50.000,0.000,1.000,1
2026-01-31 14:21:56,10222415,-1885.000,7698.000,2319.000,6.000,-88.000,129.000,0.000,1.000,1
2026-01-31 14:21:56,10222454,-1830.000,7712.000,2301.000,-22.000,-78.000,144.000,0.000,1.000,1
2026-01-31 14:21:56,10222494,-1824.000,7670.000,2292.000,-12.000,-31.000,84.000,0.000,1.000,1
2026-01-31 14:21:56,10222534,-1844.000,7680.000,2275.000,24.000,-18.000,40.000,0.000,-8.610,1
2026-01-31 14:21:56,10222577,-1803.000,7690.000,2303.000,27.000,-15.000,36.000,0.000,-8.610,1
2026-01-31 14:21:56,10222616,-1809.000,7710.000,2321.000,9.000,-10.000,45.000,0.000,-8.610,1
2026-01-31 14:21:56,10222654,-1787.000,7698.000,2333.000,-20.000,-31.000,52.000,0.000,-8.610,1
2026-01-31 14:21:56,10222694,-1775.000,7750.000,2300.000,-9.000,-22.000,52.000,0.000,-8.610,1
2026-01-31 14:21:56,10222734,-1781.000,7686.000,2323.000,-45.000,1.000,38.000,0.000,-8.610,1
2026-01-31 14:21:56,10222774,-1840.000,7644.000,2324.000,-48.000,16.000,26.000,0.000,-8.610,1
2026-01-31 14:21:56,10222814,-1826.000,7691.000,2283.000,-3.000,-1.000,24.000,0.000,-8.610,1
2026-01-31 14:21:56,10222854,-1758.000,7700.000,2263.000,-31.000,11.000,16.000,0.000,-8.610,1
2026-01-31 14:21:56,10222894,-1800.000,7666.000,2298.000,-72.000,27.000,-2.000,0.000,-8.610,1
2026-01-31 14:21:56,10222934,-1819.000,7652.000,2322.000,-49.000,27.000,-6.000,0.000,-8.610,1
2026-01-31 14:21:56,10222974,-1808.000,7684.000,2331.000,-35.000,31.000,-3.000,0.000,-8.610,1
2026-01-31 14:21:56,10223014,-1842.000,7697.000,2328.000,-29.000,28.000,-5.000,0.000,-8.610,1
2026-01-31 14:21:57,10223054,-1841.000,7668.000,2334.000,-39.000,14.000,1.000,0.000,-8.610,1
2026-01-31 14:21:57,10223094,-1821.000,7630.000,2327.000,-24.000,-3.000,7.000,0.000,-8.610,1
2026-01-31 14:21:57,10223134,-1790.000,7647.000,2318.000,-16.000,-9.000,11.000,0.000,-8.610,1
2026-01-31 14:21:57,10223174,-1794.000,7664.000,2331.000,3.000,17.000,4.000,0.000,-8.610,1
2026-01-31 14:21:57,10223214,-1802.000,7689.000,2327.000,-8.000,15.000,1.000,0.000,-8.610,1
2026-01-31 14:21:57,10223254,-1804.000,7638.000,2347.000,-3.000,15.000,-8.000,0.000,-8.610,1
2026-01-31 14:21:57,10223294,-1788.000,7693.000,2306.000,18.000,24.000,6.000,0.000,-8.610,1
2026-01-31 14:21:57,10223334,-1835.000,7664.000,2338.000,-14.000,22.000,-13.000,0.000,-8.610,1
2026-01-31 14:21:57,10223374,-1826.000,7651.000,2337.000,40.000,-3.000,-5.000,0.000,-8.610,1
2026-01-31 14:21:57,10223414,-1775.000,7716.000,2292.000,56.000,2.000,12.000,0.000,-8.610,1
2026-01-31 14:21:57,10223454,-1772.000,7665.000,2334.000,22.000,35.000,-20.000,0.000,-8.610,1
2026-01-31 14:21:57,10223494,-1855.000,7715.000,2317.000,38.000,63.000,-36.000,0.000,-8.610,1
2026-01-31 14:21:57,10223534,-1778.000,7674.000,2292.000,42.000,38.000,-27.000,0.000,0.000,1
2026-01-31 14:21:57,10223574,-1712.000,7752.000,2271.000,72.000,98.000,-86.000,0.000,0.000,1
2026-01-31 14:21:57,10223614,-1806.000,7720.000,2275.000,-13.000,180.000,-144.000,0.000,0.000,1
2026-01-31 14:21:57,10223654,-1965.000,7662.000,2251.000,-104.000,117.000,-154.000,0.000,0.000,1
2026-01-31 14:21:57,10223694,-1961.000,7538.000,2281.000,-103.000,-26.000,-104.000,0.000,0.000,1
2026-01-31 14:21:57,10223734,-1931.000,7635.000,2342.000,-46.000,-123.000,8.000,0.000,0.000,1
2026-01-31 14:21:57,10223774,-1940.000,7734.000,2396.000,-24.000,-83.000,88.000,0.000,0.000,1
2026-01-31 14:21:57,10223814,-1875.000,7695.000,2334.000,22.000,-37.000,56.000,0.000,0.000,1
2026-01-31 14:21:57,10223854,-1903.000,7638.000,2312.000,42.000,25.000,-23.000,0.000,0.000,1
2026-01-31 14:21:57,10223894,-1921.000,7602.000,2270.000,118.000,14.000,-13.000,0.000,0.000,1
2026-01-31 14:21:57,10223934,-1847.000,7634.000,2254.000,136.000,-36.000,25.000,0.000,0.000,1
2026-01-31 14:21:57,10223974,-1792.000,7627.000,2317.000,83.000,-49.000,16.000,0.000,0.000,1
2026-01-31 14:21:57,10224014,-1789.000,7700.000,2323.000,102.000,-34.000,22.000,0.000,0.000,1
2026-01-31 14:21:58,10224054,-1801.000,7743.000,2287.000,109.000,-23.000,21.000,0.000,0.000,1
2026-01-31 14:21:58,10224094,-1827.000,7696.000,2290.000,47.000,-8.000,25.000,0.000,0.000,1
2026-01-31 14:21:58,10224134,-1844.000,7679.000,2232.000,44.000,-7.000,30.000,0.000,0.000,1
2026-01-31 14:21:58,10224174,-1807.000,7730.000,2198.000,50.000,-11.000,28.000,0.000,0.000,1
2026-01-31 14:21:58,10224214,-1840.000,7731.000,2221.000,21.000,37.000,-27.000,0.000,0.000,1
2026-01-31 14:21:58,10224254,-1888.000,7716.000,2249.000,3.000,39.000,-39.000,0.000,0.000,1
2026-01-31 14:21:58,10224294,-1852.000,7719.000,2234.000,19.000,35.000,-25.000,0.000,0.000,1
2026-01-31 14:21:58,10224337,-1850.000,7696.000,2239.000,-81.000,58.000,-28.000,0.000,0.000,1
2026-01-31 14:21:58,10224377,-1868.000,7675.000,2283.000,-66.000,54.000,-39.000,0.000,0.000,1
2026-01-31 14:21:58,10224414,-1900.000,7643.000,2271.000,-37.000,75.000,-36.000,0.000,0.000,1
2026-01-31 14:21:58,10224454,-1876.000,7652.000,2258.000,39.000,73.000,-5.000,0.000,0.000,1
2026-01-31 14:21:58,10224494,-1888.000,7664.000,2262.000,-44.000,44.000,1.000,0.000,0.000,1
2026-01-31 14:21:58,10224534,-1904.000,7688.000,2251.000,-35.000,16.000,2.000,0.000,0.000,1
2026-01-31 14:21:58,10224574,-1869.000,7659.000,2262.000,-72.000,-24.000,7.000,0.000,0.000,1
2026-01-31 14:21:58,10224614,-1864.000,7649.000,2281.000,-62.000,-23.000,21.000,0.000,0.000,1
2026-01-31 14:21:58,10224654,-1878.000,7674.000,2266.000,-59.000,-6.000,20.000,0.000,0.000,1
2026-01-31 14:21:58,10224694,-1872.000,7673.000,2278.000,-58.000,-7.000,26.000,0.000,0.000,1
2026-01-31 14:21:58,10224734,-1868.000,7654.000,2273.000,-32.000,-3.000,24.000,0.000,0.000,1
2026-01-31 14:21:58,10224774,-1863.000,7690.000,2267.000,4.000,-1.000,22.000,0.000,0.000,1
2026-01-31 14:21:58,10224814,-1862.000,7691.000,2278.000,-3.000,6.000,5.000,0.000,0.000,1
2026-01-31 14:21:58,10224854,-1866.000,7686.000,2277.000,3.000,6.000,2.000,0.000,0.000,1
2026-01-31 14:21:58,10224894,-1848.000,7693.000,2258.000,23.000,-13.000,10.000,0.000,0.000,1
2026-01-31 14:21:58,10224934,-1814.000,7709.000,2256.000,10.000,-8.000,15.000,0.000,0.000,1
2026-01-31 14:21:58,10224974,-1874.000,7670.000,2266.000,-37.000,23.000,-12.000,0.000,0.000,1
2026-01-31 14:21:58,10225014,-1914.000,7692.000,2299.000,-19.000,13.000,0.000,0.000,0.000,1
2026-01-31 14:21:59,10225054,-1847.000,7682.000,2255.000,-9.000,-5.000,19.000,0.000,0.000,1
2026-01-31 14:21:59,10225094,-1861.000,7655.000,2251.000,-29.000,20.000,-1.000,0.000,0.000,1
2026-01-31 14:21:59,10225134,-1914.000,7663.000,2290.000,-28.000,3.000,3.000,0.000,0.000,1
2026-01-31 14:21:59,10225174,-1865.000,7685.000,2302.000,-6.000,-6.000,30.000,0.000,0.000,1
2026-01-31 14:21:59,10225214,-1817.000,7707.000,2284.000,0.000,21.000,18.000,0.000,0.000,1
2026-01-31 14:21:59,10225254,-1903.000,7676.000,2281.000,-22.000,32.000,-25.000,0.000,0.000,1
2026-01-31 14:21:59,10225294,-1863.000,7697.000,2254.000,-12.000,2.000,-3.000,0.000,0.000,1
2026-01-31 14:21:59,10225334,-1834.000,7654.000,2268.000,-50.000,-7.000,-7.000,0.000,0.000,1
2026-01-31 14:21:59,10225374,-1854.000,7701.000,2283.000,-31.000,5.000,-9.000,0.000,0.000,1
2026-01-31 14:21:59,10225414,-1859.000,7681.000,2302.000,-64.000,23.000,-11.000,0.000,0.000,1
2026-01-31 14:21:59,10225454,-1885.000,7670.000,2310.000,-55.000,32.000,-11.000,0.000,0.000,1
2026-01-31 14:21:59,10225494,-1901.000,7683.000,2284.000,-48.000,42.000,3.000,0.000,0.000,1
2026-01-31 14:21:59,10225534,-1910.000,7613.000,2315.000,-78.000,27.000,18.000,0.000,0.000,1
2026-01-31 14:21:59,10225574,-1902.000,7639.000,2313.000,-20.000,5.000,31.000,0.000,0.000,1
2026-01-31 14:21:59,10225614,-1914.000,7661.000,2315.000,-21.000,-6.000,42.000,0.000,0.000,1
2026-01-31 14:21:59,10225654,-1884.000,7627.000,2302.000,10.000,-41.000,75.000,0.000,0.000,1
2026-01-31 14:21:59,10225694,-1879.000,7654.000,2294.000,16.000,-58.000,93.000,0.000,0.000,1
2026-01-31 14:21:59,10225734,-1893.000,7733.000,2340.000,-12.000,-78.000,136.000,0.000,0.000,1
2026-01-31 14:21:59,10225774,-1857.000,7726.000,2338.000,-31.000,-92.000,169.000,0.000,0.000,1
2026-01-31 14:21:59,10225814,-1775.000,7729.000,2285.000,-10.000,-63.000,134.000,0.000,0.000,1
2026-01-31 14:21:59,10225854,-1683.000,7665.000,2292.000,-6.000,10.000,60.000,0.000,0.000,1
2026-01-31 14:21:59,10225894,-1706.000,7624.000,2288.000,50.000,82.000,-18.000,0.000,0.000,1
2026-01-31 14:21:59,10225934,-1777.000,7640.000,2330.000,35.000,98.000,-56.000,0.000,0.000,1
2026-01-31 14:21:59,10225974,-1791.000,7685.000,2352.000,3.000,76.000,-7.000,0.000,0.000,1
2026-01-31 14:21:59,10226014,-1849.000,7733.000,2341.000,-34.000,31.000,39.000,0.000,0.000,1
2026-01-31 14:22:00,10226054,-1847.000,7701.000,2299.000,-95.000,-15.000,72.000,0.000,0.000,1
2026-01-31 14:22:00,10226094,-1815.000,7649.000,2304.000,-100.000,-30.000,59.000,0.000,0.000,1
2026-01-31 14:22:00,10226134,-1790.000,7662.000,2299.000,-23.000,-8.000,27.000,0.000,0.000,1
2026-01-31 14:22:00,10226174,-1812.000,7701.000,2271.000,-7.000,32.000,-7.000,0.000,0.000,1
2026-01-31 14:22:00,10226214,-1839.000,7669.000,2311.000,-35.000,34.000,-14.000,0.000,0.000,1
2026-01-31 14:22:00,10226254,-1849.000,7690.000,2323.000,-36.000,16.000,4.000,0.000,0.000,1
2026-01-31 14:22:00,10226294,-1823.000,7639.000,2322.000,-44.000,3.000,25.000,0.000,0.000,1
2026-01-31 14:22:00,10226337,-1826.000,7679.000,2364.000,-45.000,-33.000,23.000,0.000,0.000,1
2026-01-31 14:22:00,10226376,-1731.000,7639.000,2332.000,-13.000,-51.000,44.000,0.000,0.000,1
2026-01-31 14:22:00,10226414,-1718.000,7679.000,2344.000,27.000,-29.000,31.000,0.000,0.000,1
2026-01-31 14:22:00,10226454,-1721.000,7687.000,2373.000,-6.000,16.000,17.000,0.000,0.000,1
2026-01-31 14:22:00,10226494,-1794.000,7658.000,2367.000,-4.000,51.000,-12.000,0.000,0.000,1
2026-01-31 14:22:00,10226534,-1780.000,7662.000,2319.000,17.000,26.000,-17.000,0.000,0.000,1
2026-01-31 14:22:00,10226577,-1789.000,7719.000,2300.000,14.000,55.000,-26.000,0.000,0.000,1
2026-01-31 14:22:00,10226614,-1816.000,7724.000,2317.000,1.000,47.000,-27.000,0.000,0.000,1
2026-01-31 14:22:00,10226654,-1823.000,7654.000,2352.000,-12.000,29.000,-32.000,0.000,0.000,1
2026-01-31 14:22:00,10226694,-1815.000,7710.000,2318.000,26.000,40.000,-35.000,0.000,0.000,1
2026-01-31 14:22:00,10226734,-1807.000,7682.000,2320.000,-18.000,38.000,-39.000,0.000,0.000,1
2026-01-31 14:22:00,10226774,-1856.000,7665.000,2325.000,-1.000,36.000,-35.000,0.000,0.000,1
2026-01-31 14:22:00,10226814,-1839.000,7655.000,2327.000,5.000,9.000,-16.000,0.000,0.000,1
2026-01-31 14:22:00,10226854,-1820.000,7678.000,2318.000,27.000,9.000,-18.000,0.000,0.000,1
2026-01-31 14:22:00,10226894,-1830.000,7676.000,2324.000,15.000,10.000,-23.000,0.000,0.000,1
2026-01-31 14:22:00,10226934,-1819.000,7669.000,2328.000,4.000,13.000,-10.000,0.000,0.000,1
2026-01-31 14:22:00,10226974,-1818.000,7668.000,2325.000,-6.000,16.000,-9.000,0.000,0.000,1
2026-01-31 14:22:00,10227014,-1820.000,7681.000,2316.000,0.000,16.000,-2.000,0.000,0.000,1
2026-01-31 14:22:01,10227054,-1828.000,7682.000,2316.000,-12.000,18.000,1.000,0.000,0.000,1
2026-01-31 14:22:01,10227094,-1852.000,7645.000,2341.000,-15.000,10.000,4.000,0.000,0.000,1
2026-01-31 14:22:01,10227134,-1820.000,7676.000,2318.000,20.000,-8.000,12.000,0.000,0.000,1
2026-01-31 14:22:01,10227174,-1804.000,7677.000,2315.000,9.000,17.000,-24.000,0.000,0.000,1
2026-01-31 14:22:01,10227214,-1858.000,7692.000,2341.000,-6.000,43.000,-26.000,0.000,0.000,1
2026-01-31 14:22:01,10227254,-1855.000,7669.000,2306.000,1.000,13.000,-20.000,0.000,0.000,1
2026-01-31 14:22:01,10227294,-1810.000,7657.000,2295.000,-7.000,14.000,-11.000,0.000,0.000,1
2026-01-31 14:22:01,10227334,-1839.000,7705.000,2303.000,-12.000,22.000,-14.000,0.000,0.000,1
2026-01-31 14:22:01,10227374,-1851.000,7660.000,2323.000,-29.000,10.000,-17.000,0.000,0.000,1
2026-01-31 14:22:01,10227414,-1823.000,7689.000,2328.000,-7.000,25.000,-24.000,0.000,0.000,1
2026-01-31 14:22:01,10227454,-1846.000,7631.000,2323.000,-5.000,25.000,-44.000,0.000,0.000,1
2026-01-31 14:22:01,10227494,-1858.000,7646.000,2325.000,20.000,33.000,-39.000,0.000,0.000,1
2026-01-31 14:22:01,10227534,-1869.000,7680.000,2324.000,31.000,19.000,-28.000,0.000,0.000,1
2026-01-31 14:22:01,10227574,-1874.000,7658.000,2300.000,43.000,8.000,-31.000,0.000,0.000,1
2026-01-31 14:22:01,10227614,-1887.000,7738.000,2297.000,16.000,5.000,9.000,0.000,0.000,1
2026-01-31 14:22:01,10227654,-1894.000,7684.000,2261.000,-19.000,-13.000,22.000,0.000,0.000,1
2026-01-31 14:22:01,10227694,-1863.000,7694.000,2304.000,-38.000,-30.000,22.000,0.000,0.000,1
2026-01-31 14:22:01,10227734,-1820.000,7684.000,2281.000,-20.000,9.000,13.000,0.000,0.000,1
2026-01-31 14:22:01,10227774,-1895.000,7680.000,2280.000,-14.000,20.000,-44.000,0.000,0.000,1
2026-01-31 14:22:01,10227814,-1864.000,7687.000,2336.000,-16.000,1.000,-15.000,0.000,0.000,1
2026-01-31 14:22:01,10227854,-1836.000,7683.000,2311.000,30.000,6.000,13.000,0.000,0.000,1
2026-01-31 14:22:01,10227894,-1795.000,7757.000,2347.000,142.000,31.000,21.000,0.000,0.000,1
2026-01-31 14:22:01,10227934,-1760.000,7850.000,2374.000,454.000,245.000,-45.000,0.000,0.000,1
2026-01-31 14:22:01,10227974,-1783.000,7836.000,2362.000,1613.000,490.000,-488.000,0.000,0.000,1
2026-01-31 14:22:01,10228014,-1927.000,7712.000,2019.000,1496.000,1029.000,-963.000,0.000,0.000,1
2026-01-31 14:22:02,10228054,-2097.000,7460.000,1844.000,814.000,1361.000,-1018.000,0.000,0.000,1
2026-01-31 14:22:02,10228094,-2240.000,7525.000,1733.000,1194.000,1259.000,-827.000,0.000,0.000,1
2026-01-31 14:22:02,10228134,-2135.000,7513.000,1667.000,1011.000,1015.000,-675.000,0.000,0.000,1
2026-01-31 14:22:02,10228174,-2285.000,7466.000,1559.000,573.000,965.000,-406.000,0.000,0.000,1
2026-01-31 14:22:02,10228214,-2702.000,7735.000,1280.000,676.000,815.000,-197.000,0.000,0.000,1
2026-01-31 14:22:02,10228254,-2656.000,7627.000,1205.000,687.000,447.000,-238.000,0.000,0.000,1
2026-01-31 14:22:02,10228294,-2588.000,7416.000,1177.000,267.000,151.000,-13.000,0.000,0.000,1
2026-01-31 14:22:02,10228337,-2266.000,7652.000,1312.000,327.000,110.000,115.000,0.000,0.000,1
2026-01-31 14:22:02,10228377,-2348.000,7700.000,1024.000,108.000,195.000,237.000,0.000,0.000,1
2026-01-31 14:22:02,10228418,-2308.000,7888.000,994.000,177.000,72.000,274.000,0.000,0.000,1
2026-01-31 14:22:02,10228454,-2509.000,7930.000,1081.000,117.000,37.000,256.000,0.000,0.000,1
2026-01-31 14:22:02,10228494,-2333.000,7882.000,1229.000,26.000,-50.000,195.000,0.000,0.000,1
2026-01-31 14:22:02,10228534,-2403.000,7792.000,1139.000,-35.000,-41.000,141.000,0.000,0.000,1
2026-01-31 14:22:02,10228577,-2370.000,7809.000,1040.000,-45.000,-188.000,276.000,0.000,0.000,1
2026-01-31 14:22:02,10228614,-2337.000,7893.000,1034.000,-175.000,-335.000,298.000,0.000,0.000,1
2026-01-31 14:22:02,10228654,-2323.000,7875.000,1213.000,-515.000,-491.000,321.000,0.000,0.000,1
2026-01-31 14:22:02,10228694,-2237.000,7782.000,1357.000,-648.000,-631.000,429.000,0.000,0.000,1
2026-01-31 14:22:02,10228734,-2090.000,7852.000,1410.000,-568.000,-628.000,453.000,0.000,0.000,1
2026-01-31 14:22:02,10228774,-2021.000,7842.000,1525.000,-593.000,-545.000,388.000,0.000,0.000,1
2026-01-31 14:22:02,10228814,-2004.000,7785.000,1570.000,-646.000,-484.000,285.000,0.000,0.000,1
2026-01-31 14:22:02,10228854,-2007.000,7804.000,1705.000,-680.000,-422.000,207.000,0.000,0.000,1
2026-01-31 14:22:02,10228894,-1990.000,7765.000,1891.000,-547.000,-298.000,146.000,0.000,0.000,1
2026-01-31 14:22:02,10228934,-2003.000,7716.000,1876.000,-183.000,-116.000,70.000,0.000,0.000,1
2026-01-31 14:22:02,10228974,-2058.000,7772.000,1747.000,17.000,-29.000,84.000,0.000,0.000,1
2026-01-31 14:22:02,10229014,-2018.000,7636.000,1757.000,21.000,-41.000,132.000,0.000,0.000,1
2026-01-31 14:22:03,10229054,-1952.000,7687.000,1763.000,375.000,-37.000,190.000,0.000,0.000,1
2026-01-31 14:22:03,10229094,-1998.000,7831.000,1700.000,-19.000,-167.000,206.000,0.000,0.000,1
2026-01-31 14:22:03,10229134,-1917.000,7820.000,1780.000,-169.000,-144.000,158.000,0.000,0.000,1
2026-01-31 14:22:03,10229174,-1845.000,7801.000,1737.000,-67.000,-53.000,96.000,0.000,0.000,1
2026-01-31 14:22:03,10229214,-1922.000,7834.000,1695.000,-53.000,13.000,15.000,0.000,0.000,1
2026-01-31 14:22:03,10229254,-1959.000,7759.000,1759.000,-156.000,-23.000,-24.000,0.000,0.000,1
2026-01-31 14:22:03,10229294,-1911.000,7702.000,1740.000,-62.000,-51.000,48.000,0.000,0.000,1
2026-01-31 14:22:03,10229334,-1857.000,7928.000,1742.000,3.000,-57.000,59.000,0.000,0.000,1
2026-01-31 14:22:03,10229374,-1906.000,7734.000,1778.000,-81.000,-18.000,31.000,0.000,0.000,1
2026-01-31 14:22:03,10229414,-1937.000,7869.000,1773.000,-96.000,-36.000,48.000,0.000,0.000,1
2026-01-31 14:22:03,10229454,-1795.000,7751.000,1751.000,-93.000,-42.000,53.000,0.000,0.000,1
2026-01-31 14:22:03,10229494,-1884.000,7832.000,1730.000,-36.000,27.000,30.000,0.000,0.000,1
2026-01-31 14:22:03,10229534,-1910.000,7813.000,1775.000,-137.000,-6.000,18.000,0.000,0.000,1
2026-01-31 14:22:03,10229574,-1873.000,7786.000,1809.000,-170.000,-4.000,19.000,0.000,0.000,1
2026-01-31 14:22:03,10229614,-1871.000,7780.000,1829.000,-84.000,11.000,-6.000,0.000,0.000,1
2026-01-31 14:22:03,10229654,-1914.000,7786.000,1800.000,-53.000,22.000,-9.000,0.000,0.000,1
2026-01-31 14:22:03,10229694,-1899.000,7768.000,1810.000,-55.000,0.000,-7.000,0.000,0.000,1
2026-01-31 14:22:03,10229734,-1887.000,7747.000,1838.000,-46.000,7.000,-22.000,0.000,0.000,1
2026-01-31 14:22:03,10229774,-1875.000,7792.000,1817.000,-11.000,17.000,-22.000,0.000,0.000,1
2026-01-31 14:22:03,10229814,-1890.000,7783.000,1821.000,-32.000,20.000,-32.000,0.000,0.000,1
2026-01-31 14:22:03,10229854,-1871.000,7768.000,1825.000,-44.000,7.000,-17.000,0.000,0.000,1
2026-01-31 14:22:03,10229894,-1898.000,7784.000,1813.000,-49.000,15.000,-18.000,0.000,0.000,1
2026-01-31 14:22:03,10229934,-1930.000,7780.000,1878.000,-74.000,8.000,-14.000,0.000,0.000,1
2026-01-31 14:22:03,10229974,-1912.000,7756.000,1849.000,-18.000,-15.000,-27.000,0.000,0.000,1
2026-01-31 14:22:03,10230014,-1891.000,7794.000,1824.000,8.000,-12.000,-20.000,0.000,0.000,1
2026-01-31 14:22:04,10230054,-1907.000,7732.000,1848.000,-26.000,-8.000,-33.000,0.000,0.000,1
2026-01-31 14:22:04,10230094,-1942.000,7790.000,1839.000,1.000,13.000,-15.000,0.000,0.000,1
2026-01-31 14:22:04,10230134,-1919.000,7821.000,1824.000,28.000,3.000,10.000,0.000,0.000,1
2026-01-31 14:22:04,10230174,-1870.000,7787.000,1818.000,-11.000,31.000,-5.000,0.000,0.000,1
2026-01-31 14:22:04,10230214,-1920.000,7757.000,1825.000,-18.000,31.000,-14.000,0.000,0.000,1
2026-01-31 14:22:04,10230254,-1921.000,7709.000,1879.000,-44.000,16.000,3.000,0.000,0.000,1
2026-01-31 14:22:04,10230297,-1916.000,7848.000,1829.000,15.000,33.000,6.000,0.000,0.000,1
2026-01-31 14:22:04,10230336,-1941.000,7768.000,1832.000,-109.000,8.000,-4.000,0.000,0.000,1
2026-01-31 14:22:04,10230374,-1931.000,7710.000,1911.000,-126.000,8.000,3.000,0.000,0.000,1
2026-01-31 14:22:04,10230414,-1956.000,7594.000,1869.000,166.000,45.000,-31.000,0.000,0.000,1
2026-01-31 14:22:04,10230454,-1871.000,7806.000,1706.000,123.000,-52.000,139.000,0.000,0.000,1
2026-01-31 14:22:04,10230494,-1909.000,8034.000,1938.000,-175.000,-35.000,-34.000,0.000,0.000,1
2026-01-31 14:22:04,10230534,-1932.000,7582.000,1868.000,70.000,42.000,-87.000,0.000,0.000,1
2026-01-31 14:22:04,10230577,-1903.000,7709.000,1901.000,-105.000,-3.000,10.000,0.000,0.000,1
2026-01-31 14:22:04,10230614,-1954.000,7723.000,1893.000,-38.000,12.000,8.000,0.000,0.000,1
2026-01-31 14:22:04,10230654,-1927.000,7834.000,1826.000,81.000,6.000,1.000,0.000,0.000,1
2026-01-31 14:22:04,10230694,-1922.000,7770.000,1830.000,-32.000,-41.000,-22.000,0.000,0.000,1
2026-01-31 14:22:04,10230734,-1912.000,7765.000,1819.000,-30.000,-26.000,-9.000,0.000,0.000,1
2026-01-31 14:22:04,10230774,-1887.000,7753.000,1821.000,-16.000,-23.000,-1.000,0.000,0.000,1
2026-01-31 14:22:04,10230814,-1938.000,7783.000,1828.000,8.000,13.000,-13.000,0.000,0.000,1
2026-01-31 14:22:04,10230854,-1956.000,7812.000,1826.000,-25.000,-8.000,5.000,0.000,0.000,1
2026-01-31 14:22:04,10230894,-1876.000,7775.000,1824.000,-64.000,-6.000,10.000,0.000,0.000,1
2026-01-31 14:22:04,10230934,-1915.000,7766.000,1832.000,-54.000,22.000,-8.000,0.000,0.000,1
2026-01-31 14:22:04,10230974,-1943.000,7758.000,1847.000,-55.000,16.000,-21.000,0.000,0.000,1
2026-01-31 14:22:04,10231014,-1932.000,7797.000,1855.000,-68.000,18.000,-17.000,0.000,0.000,1
2026-01-31 14:22:05,10231054,-1929.000,7701.000,1895.000,-78.000,17.000,-7.000,0.000,0.000,1
2026-01-31 14:22:05,10231094,-1938.000,7779.000,1877.000,-15.000,8.000,11.000,0.000,0.000,1
2026-01-31 14:22:05,10231134,-1943.000,7765.000,1863.000,-56.000,12.000,16.000,0.000,0.000,1
2026-01-31 14:22:05,10231174,-1937.000,7754.000,1882.000,-73.000,17.000,21.000,0.000,0.000,1
2026-01-31 14:22:05,10231214,-1912.000,7749.000,1872.000,3.000,24.000,12.000,0.000,0.000,1
2026-01-31 14:22:05,10231254,-1945.000,7775.000,1850.000,-41.000,15.000,-9.000,0.000,0.000,1
2026-01-31 14:22:05,10231294,-1911.000,7750.000,1917.000,-63.000,17.000,15.000,0.000,0.000,1
2026-01-31 14:22:05,10231334,-1938.000,7748.000,1847.000,-30.000,-3.000,12.000,0.000,0.000,1
2026-01-31 14:22:05,10231374,-1905.000,7778.000,1891.000,-39.000,15.000,7.000,0.000,0.000,1
2026-01-31 14:22:05,10231414,-1947.000,7750.000,1883.000,-53.000,11.000,-11.000,0.000,0.000,1
2026-01-31 14:22:05,10231454,-1931.000,7788.000,1917.000,-8.000,2.000,0.000,0.000,0.000,1
2026-01-31 14:22:05,10231494,-1902.000,7792.000,1889.000,54.000,6.000,4.000,0.000,0.000,1
2026-01-31 14:22:05,10231534,-1899.000,7750.000,1833.000,2.000,8.000,-8.000,0.000,0.000,1
2026-01-31 14:22:05,10231574,-1911.000,7714.000,1895.000,-92.000,17.000,-3.000,0.000,0.000,1
2026-01-31 14:22:05,10231614,-1986.000,7793.000,1928.000,-29.000,40.000,-11.000,0.000,0.000,1
2026-01-31 14:22:05,10231654,-1942.000,7766.000,1867.000,-40.000,-25.000,8.000,0.000,0.000,1
2026-01-31 14:22:05,10231694,-1886.000,7739.000,1893.000,-54.000,1.000,12.000,0.000,0.000,1
2026-01-31 14:22:05,10231734,-1943.000,7752.000,1919.000,-40.000,9.000,-15.000,0.000,0.000,1
2026-01-31 14:22:05,10231774,-1919.000,7803.000,1887.000,-5.000,4.000,4.000,0.000,0.000,1
2026-01-31 14:22:05,10231814,-1926.000,7731.000,1916.000,-49.000,14.000,-9.000,0.000,0.000,1
2026-01-31 14:22:05,10231854,-1946.000,7756.000,1913.000,-19.000,20.000,-6.000,0.000,0.000,1
2026-01-31 14:22:05,10231894,-1954.000,7746.000,1904.000,-22.000,6.000,2.000,0.000,0.000,1
2026-01-31 14:22:05,10231934,-1922.000,7736.000,1916.000,-25.000,-4.000,6.000,0.000,0.000,1
2026-01-31 14:22:05,10231974,-1928.000,7730.000,1924.000,-15.000,8.000,-2.000,0.000,0.000,1
2026-01-31 14:22:05,10232014,-1936.000,7772.000,1904.000,-11.000,16.000,10.000,0.000,0.000,1
2026-01-31 14:22:06,10232054,-1920.000,7759.000,1911.000,-34.000,8.000,7.000,0.000,0.000,1
2026-01-31 14:22:06,10232094,-1933.000,7745.000,1916.000,-13.000,19.000,1.000,0.000,0.000,1
2026-01-31 14:22:06,10232134,-1941.000,7731.000,1911.000,6.000,7.000,-6.000,0.000,0.000,1
2026-01-31 14:22:06,10232174,-1939.000,7771.000,1900.000,41.000,11.000,3.000,0.000,0.000,1
2026-01-31 14:22:06,10232214,-1946.000,7764.000,1910.000,8.000,7.000,-2.000,0.000,0.000,1
2026-01-31 14:22:06,10232254,-1929.000,7760.000,1907.000,10.000,4.000,6.000,0.000,0.000,1
2026-01-31 14:22:06,10232294,-1936.000,7730.000,1912.000,-8.000,-2.000,2.000,0.000,0.000,1
2026-01-31 14:22:06,10232337,-1921.000,7763.000,1896.000,-19.000,0.000,20.000,0.000,0.000,1
2026-01-31 14:22:06,10232374,-1907.000,7749.000,1903.000,-29.000,6.000,22.000,0.000,0.000,1
2026-01-31 14:22:06,10232414,-1956.000,7748.000,1915.000,6.000,37.000,-6.000,0.000,0.000,1
2026-01-31 14:22:06,10232454,-1989.000,7786.000,1917.000,-8.000,11.000,5.000,0.000,0.000,1
2026-01-31 14:22:06,10232494,-1914.000,7740.000,1898.000,-18.000,-6.000,15.000,0.000,0.000,1
2026-01-31 14:22:06,10232534,-1946.000,7756.000,1900.000,-15.000,21.000,-16.000,0.000,0.000,1
2026-01-31 14:22:06,10232577,-1921.000,7727.000,1919.000,-15.000,5.000,14.000,0.000,0.000,1
2026-01-31 14:22:06,10232614,-1896.000,7736.000,1919.000,9.000,17.000,15.000,0.000,0.000,1
2026-01-31 14:22:06,10232654,-1962.000,7749.000,1921.000,-6.000,43.000,-18.000,0.000,0.000,1
2026-01-31 14:22:06,10232694,-1987.000,7770.000,1910.000,-9.000,19.000,10.000,0.000,0.000,1
2026-01-31 14:22:06,10232734,-1946.000,7759.000,1901.000,-18.000,-19.000,35.000,0.000,0.000,1
2026-01-31 14:22:06,10232774,-1922.000,7736.000,1917.000,-18.000,-16.000,33.000,0.000,0.000,1
2026-01-31 14:22:06,10232814,-1942.000,7757.000,1908.000,-7.000,3.000,21.000,0.000,0.000,1
2026-01-31 14:22:06,10232854,-1924.000,7752.000,1908.000,-5.000,-3.000,35.000,0.000,0.000,1
2026-01-31 14:22:06,10232894,-1946.000,7774.000,1913.000,-2.000,5.000,28.000,0.000,0.000,1
2026-01-31 14:22:06,10232934,-1944.000,7774.000,1913.000,-21.000,1.000,44.000,0.000,0.000,1
2026-01-31 14:22:06,10232974,-1909.000,7730.000,1923.000,-26.000,-27.000,49.000,0.000,0.000,1
2026-01-31 14:22:06,10233014,-1922.000,7754.000,1913.000,8.000,-5.000,34.000,0.000,0.000,1
2026-01-31 14:22:07,10233054,-1930.000,7783.000,1890.000,-20.000,-14.000,32.000,0.000,0.000,1
2026-01-31 14:22:07,10233094,-1897.000,7724.000,1937.000,-41.000,-16.000,33.000,0.000,0.000,1
2026-01-31 14:22:07,10233134,-1899.000,7752.000,1904.000,13.000,-9.000,36.000,0.000,0.000,1
2026-01-31 14:22:07,10233174,-1895.000,7804.000,1899.000,-12.000,6.000,39.000,0.000,0.000,1
2026-01-31 14:22:07,10233214,-1916.000,7755.000,1934.000,-42.000,14.000,27.000,0.000,0.000,1
2026-01-31 14:22:07,10233254,-1943.000,7738.000,1928.000,-32.000,4.000,22.000,0.000,0.000,1
2026-01-31 14:22:07,10233294,-1859.000,7777.000,1886.000,-21.000,-19.000,33.000,0.000,0.000,1
2026-01-31 14:22:07,10233334,-1891.000,7765.000,1913.000,-79.000,10.000,23.000,0.000,0.000,1
2026-01-31 14:22:07,10233374,-1898.000,7738.000,1949.000,-77.000,7.000,9.000,0.000,0.000,1
2026-01-31 14:22:07,10233414,-1877.000,7742.000,1926.000,-67.000,9.000,26.000,0.000,0.000,1
2026-01-31 14:22:07,10233454,-1880.000,7761.000,1938.000,-71.000,13.000,15.000,0.000,0.000,1
2026-01-31 14:22:07,10233494,-1916.000,7777.000,1951.000,-97.000,25.000,20.000,0.000,0.000,1
2026-01-31 14:22:07,10233534,-1903.000,7725.000,1962.000,-84.000,13.000,21.000,0.000,0.000,1
2026-01-31 14:22:07,10233574,-1923.000,7752.000,1963.000,-156.000,-1.000,10.000,0.000,0.000,1
2026-01-31 14:22:07,10233614,-1865.000,7686.000,2001.000,-56.000,-10.000,39.000,0.000,0.000,1
2026-01-31 14:22:07,10233654,-1895.000,7780.000,1958.000,20.000,20.000,22.000,0.000,0.000,1
2026-01-31 14:22:07,10233694,-1902.000,7724.000,1984.000,-27.000,6.000,17.000,0.000,0.000,1
2026-01-31 14:22:07,10233734,-1863.000,7779.000,1982.000,36.000,5.000,23.000,0.000,0.000,1
2026-01-31 14:22:07,10233774,-1890.000,7731.000,1966.000,19.000,6.000,-18.000,0.000,0.000,1
2026-01-31 14:22:07,10233814,-1916.000,7772.000,1968.000,33.000,23.000,-5.000,0.000,0.000,1
2026-01-31 14:22:07,10233854,-1889.000,7709.000,1988.000,6.000,-28.000,3.000,0.000,0.000,1
2026-01-31 14:22:07,10233894,-1876.000,7741.000,1951.000,56.000,-17.000,7.000,0.000,0.000,1
2026-01-31 14:22:07,10233934,-1840.000,7770.000,1969.000,29.000,4.000,5.000,0.000,0.000,1
2026-01-31 14:22:07,10233974,-1914.000,7751.000,1982.000,7.000,28.000,-22.000,0.000,0.000,1
2026-01-31 14:22:07,10234014,-1930.000,7733.000,1950.000,29.000,-4.000,0.000,0.000,0.000,1
2026-01-31 14:22:08,10234054,-1849.000,7766.000,1930.000,-12.000,10.000,-26.000,0.000,0.000,1
2026-01-31 14:22:08,10234094,-1922.000,7732.000,1965.000,-29.000,15.000,-36.000,0.000,0.000,1
2026-01-31 14:22:08,10234134,-1897.000,7725.000,1975.000,12.000,3.000,-21.000,0.000,0.000,1
2026-01-31 14:22:08,10234174,-1891.000,7750.000,1941.000,68.000,25.000,-9.000,0.000,0.000,1
2026-01-31 14:22:08,10234214,-1918.000,7794.000,1947.000,22.000,20.000,-13.000,0.000,0.000,1
2026-01-31 14:22:08,10234254,-1925.000,7746.000,1967.000,21.000,9.000,-2.000,0.000,0.000,1
2026-01-31 14:22:08,10234294,-1895.000,7735.000,1931.000,30.000,17.000,5.000,0.000,0.000,1
2026-01-31 14:22:08,10234337,-1920.000,7783.000,1936.000,47.000,22.000,-7.000,0.000,0.000,1
2026-01-31 14:22:08,10234376,-1917.000,7750.000,1921.000,36.000,10.000,-16.000,0.000,0.000,1
2026-01-31 14:22:08,10234414,-1912.000,7740.000,1947.000,38.000,4.000,-16.000,0.000,0.000,1
2026-01-31 14:22:08,10234454,-1897.000,7753.000,1927.000,34.000,13.000,-4.000,0.000,0.000,1
2026-01-31 14:22:08,10234494,-1909.000,7740.000,1922.000,55.000,12.000,4.000,0.000,0.000,1
2026-01-31 14:22:08,10234534,-1920.000,7783.000,1898.000,41.000,14.000,-6.000,0.000,0.000,1
2026-01-31 14:22:08,10234577,-1926.000,7750.000,1920.000,-23.000,5.000,18.000,0.000,0.000,1
2026-01-31 14:22:08,10234614,-1893.000,7726.000,1939.000,-10.000,-2.000,18.000,0.000,0.000,1
2026-01-31 14:22:08,10234654,-1904.000,7801.000,1877.000,27.000,15.000,21.000,0.000,0.000,1
2026-01-31 14:22:08,10234694,-1871.000,7775.000,1925.000,-81.000,27.000,-5.000,0.000,0.000,1
2026-01-31 14:22:08,10234734,-1977.000,7664.000,1932.000,-16.000,65.000,-59.000,0.000,0.000,1
2026-01-31 14:22:08,10234774,-1928.000,7695.000,1879.000,78.000,-47.000,44.000,0.000,0.000,1
2026-01-31 14:22:08,10234814,-1939.000,7864.000,1922.000,20.000,47.000,-67.000,0.000,0.000,1
2026-01-31 14:22:08,10234854,-1933.000,7734.000,1828.000,24.000,7.000,-15.000,0.000,0.000,1
2026-01-31 14:22:08,10234894,-1873.000,7723.000,1922.000,-100.000,-11.000,6.000,0.000,0.000,1
2026-01-31 14:22:08,10234934,-1920.000,7746.000,1928.000,-13.000,36.000,0.000,0.000,0.000,1
2026-01-31 14:22:08,10234974,-1926.000,7812.000,1907.000,-5.000,24.000,-10.000,0.000,0.000,1
2026-01-31 14:22:08,10235014,-1928.000,7745.000,1924.000,-30.000,3.000,-11.000,0.000,0.000,1
2026-01-31 14:22:09,10235054,-1927.000,7745.000,1925.000,-11.000,11.000,-10.000,0.000,0.000,1
2026-01-31 14:22:09,10235094,-1921.000,7747.000,1899.000,4.000,6.000,4.000,0.000,0.000,1
2026-01-31 14:22:09,10235134,-1920.000,7760.000,1912.000,-5.000,6.000,-2.000,0.000,0.000,1
2026-01-31 14:22:09,10235174,-1917.000,7739.000,1915.000,13.000,10.000,-10.000,0.000,0.000,1
2026-01-31 14:22:09,10235214,-1932.000,7775.000,1893.000,21.000,3.000,-15.000,0.000,0.000,1
2026-01-31 14:22:09,10235254,-1941.000,7765.000,1903.000,-29.000,-3.000,1.000,0.000,0.000,1
2026-01-31 14:22:09,10235294,-1921.000,7747.000,1921.000,-14.000,-6.000,-3.000,0.000,0.000,1
2026-01-31 14:22:09,10235334,-1931.000,7768.000,1910.000,16.000,8.000,1.000,0.000,0.000,1
2026-01-31 14:22:09,10235374,-1936.000,7745.000,1899.000,-28.000,-20.000,7.000,0.000,0.000,1
2026-01-31 14:22:09,10235414,-1911.000,7761.000,1913.000,-12.000,-15.000,10.000,0.000,0.000,1
2026-01-31 14:22:09,10235454,-1881.000,7755.000,1891.000,4.000,11.000,5.000,0.000,0.000,1
2026-01-31 14:22:09,10235494,-1962.000,7765.000,1910.000,-29.000,32.000,-16.000,0.000,0.000,1
2026-01-31 14:22:09,10235534,-1948.000,7768.000,1933.000,-31.000,-3.000,5.000,0.000,0.000,1
2026-01-31 14:22:09,10235574,-1888.000,7776.000,1872.000,-9.000,3.000,3.000,0.000,0.000,1
2026-01-31 14:22:09,10235614,-1937.000,7757.000,1925.000,-68.000,18.000,-22.000,0.000,0.000,1
2026-01-31 14:22:09,10235654,-1932.000,7757.000,1919.000,-45.000,-5.000,-6.000,0.000,0.000,1
2026-01-31 14:22:09,10235694,-1883.000,7764.000,1926.000,-54.000,7.000,-4.000,0.000,0.000,1
2026-01-31 14:22:09,10235734,-1959.000,7738.000,1960.000,-62.000,28.000,-20.000,0.000,0.000,1
2026-01-31 14:22:09,10235774,-1957.000,7747.000,1952.000,-46.000,4.000,-4.000,0.000,0.000,1
2026-01-31 14:22:09,10235814,-1935.000,7747.000,1920.000,-30.000,0.000,11.000,0.000,0.000,1
2026-01-31 14:22:09,10235854,-1941.000,7736.000,1940.000,-44.000,-3.000,23.000,0.000,0.000,1
2026-01-31 14:22:09,10235894,-1919.000,7727.000,1935.000,-8.000,-3.000,25.000,0.000,0.000,1
2026-01-31 14:22:09,10235934,-1927.000,7734.000,1933.000,-11.000,13.000,10.000,0.000,0.000,1
2026-01-31 14:22:09,10235974,-1932.000,7757.000,1939.000,1.000,11.000,13.000,0.000,0.000,1
2026-01-31 14:22:09,10236014,-1920.000,7749.000,1937.000,-6.000,13.000,15.000,0.000,0.000,1
2026-01-31 14:22:10,10236054,-1938.000,7738.000,1955.000,-6.000,10.000,-3.000,0.000,0.000,1
2026-01-31 14:22:10,10236094,-1940.000,7762.000,1937.000,1.000,3.000,7.000,0.000,0.000,1
2026-01-31 14:22:10,10236134,-1910.000,7719.000,1956.000,3.000,-12.000,6.000,0.000,0.000,1
2026-01-31 14:22:10,10236174,-1907.000,7777.000,1913.000,19.000,2.000,13.000,0.000,0.000,1
2026-01-31 14:22:10,10236214,-1888.000,7745.000,1930.000,-19.000,24.000,-13.000,0.000,0.000,1
2026-01-31 14:22:10,10236254,-1996.000,7736.000,1958.000,-8.000,40.000,-26.000,0.000,0.000,1
2026-01-31 14:22:10,10236294,-1952.000,7768.000,1935.000,-1.000,-1.000,28.000,0.000,0.000,1
2026-01-31 14:22:10,10236334,-1906.000,7741.000,1914.000,-22.000,13.000,-2.000,0.000,0.000,1
2026-01-31 14:22:10,10236374,-1966.000,7756.000,1954.000,-34.000,14.000,-7.000,0.000,0.000,1
2026-01-31 14:22:10,10236418,-1899.000,7746.000,1946.000,-7.000,-2.000,13.000,0.000,0.000,1
2026-01-31 14:22:10,10236454,-1881.000,7749.000,1950.000,-14.000,9.000,11.000,0.000,0.000,1
2026-01-31 14:22:10,10236494,-1965.000,7732.000,1953.000,-33.000,36.000,-24.000,0.000,0.000,1
2026-01-31 14:22:10,10236534,-1963.000,7736.000,1940.000,-18.000,3.000,17.000,0.000,0.000,1
2026-01-31 14:22:10,10236577,-1905.000,7720.000,1937.000,-15.000,-14.000,14.000,0.000,0.000,1
2026-01-31 14:22:10,10236616,-1909.000,7720.000,1960.000,-7.000,3.000,9.000,0.000,0.000,1
2026-01-31 14:22:10,10236654,-1938.000,7763.000,1958.000,17.000,15.000,3.000,0.000,0.000,1
2026-01-31 14:22:10,10236694,-1939.000,7742.000,1942.000,8.000,11.000,13.000,0.000,0.000,1
2026-01-31 14:22:10,10236734,-1918.000,7739.000,1943.000,-23.000,12.000,10.000,0.000,0.000,1
2026-01-31 14:22:10,10236774,-1952.000,7749.000,1938.000,-10.000,20.000,8.000,0.000,0.000,1
2026-01-31 14:22:10,10236814,-1939.000,7720.000,1949.000,-6.000,-10.000,10.000,0.000,0.000,1
2026-01-31 14:22:10,10236854,-1918.000,7772.000,1920.000,23.000,-6.000,12.000,0.000,0.000,1
2026-01-31 14:22:10,10236894,-1889.000,7747.000,1937.000,-6.000,5.000,2.000,0.000,0.000,1
2026-01-31 14:22:10,10236934,-1971.000,7762.000,1955.000,-8.000,32.000,-20.000,0.000,0.000,1
2026-01-31 14:22:10,10236974,-1942.000,7741.000,1955.000,-17.000,-6.000,19.000,0.000,0.000,1
2026-01-31 14:22:10,10237014,-1879.000,7761.000,1916.000,-5.000,10.000,11.000,0.000,0.000,1
2026-01-31 14:22:11,10237054,-1937.000,7755.000,1934.000,-37.000,31.000,-12.000,0.000,0.000,1
2026-01-31 14:22:11,10237094,-1930.000,7718.000,1958.000,-34.000,4.000,-7.000,0.000,0.000,1
2026-01-31 14:22:11,10237134,-1903.000,7763.000,1951.000,-18.000,14.000,9.000,0.000,0.000,1
2026-01-31 14:22:11,10237174,-1942.000,7741.000,1963.000,-39.000,21.000,-14.000,0.000,0.000,1
2026-01-31 14:22:11,10237214,-1961.000,7735.000,1958.000,-6.000,12.000,7.000,0.000,0.000,1
2026-01-31 14:22:11,10237254,-1939.000,7743.000,1941.000,-9.000,-3.000,9.000,0.000,0.000,1
2026-01-31 14:22:11,10237294,-1928.000,7728.000,1959.000,-5.000,6.000,1.000,0.000,0.000,1
2026-01-31 14:22:11,10237334,-1931.000,7743.000,1944.000,14.000,10.000,0.000,0.000,0.000,1
2026-01-31 14:22:11,10237374,-1938.000,7734.000,1953.000,-10.000,7.000,8.000,0.000,0.000,1
2026-01-31 14:22:11,10237414,-1922.000,7759.000,1953.000,-1.000,9.000,11.000,0.000,0.000,1
2026-01-31 14:22:11,10237454,-1944.000,7750.000,1940.000,-10.000,14.000,0.000,0.000,0.000,1
2026-01-31 14:22:11,10237494,-1940.000,7716.000,1947.000,-1.000,-1.000,5.000,0.000,0.000,1
2026-01-31 14:22:11,10237534,-1910.000,7771.000,1928.000,12.000,-8.000,20.000,0.000,0.000,1
2026-01-31 14:22:11,10237574,-1912.000,7717.000,1961.000,4.000,19.000,-9.000,0.000,0.000,1
2026-01-31 14:22:11,10237614,-1992.000,7787.000,1961.000,11.000,22.000,-3.000,0.000,0.000,1
2026-01-31 14:22:11,10237654,-1916.000,7739.000,1944.000,-12.000,-18.000,22.000,0.000,0.000,1
2026-01-31 14:22:11,10237694,-1876.000,7743.000,1918.000,-16.000,16.000,1.000,0.000,0.000,1
2026-01-31 14:22:11,10237734,-1955.000,7748.000,1949.000,-29.000,26.000,-12.000,0.000,0.000,1
2026-01-31 14:22:11,10237774,-1944.000,7732.000,1950.000,-14.000,8.000,0.000,0.000,0.000,1
2026-01-31 14:22:11,10237814,-1892.000,7744.000,1960.000,-15.000,16.000,1.000,0.000,0.000,1
2026-01-31 14:22:11,10237854,-1955.000,7740.000,1950.000,-11.000,38.000,-19.000,0.000,0.000,1
2026-01-31 14:22:11,10237894,-1962.000,7735.000,1951.000,-5.000,3.000,15.000,0.000,0.000,1
2026-01-31 14:22:11,10237934,-1927.000,7719.000,1963.000,17.000,-14.000,14.000,0.000,0.000,1
2026-01-31 14:22:11,10237974,-1933.000,7775.000,1926.000,51.000,7.000,4.000,0.000,0.000,1
2026-01-31 14:22:11,10238014,-1988.000,7735.000,1965.000,-65.000,12.000,-8.000,0.000,0.000,1
2026-01-31 14:22:12,10238054,-1917.000,7684.000,1984.000,28.000,0.000,35.000,0.000,0.000,1
2026-01-31 14:22:12,10238094,-1901.000,7704.000,1957.000,260.000,-15.000,40.000,0.000,0.000,1
2026-01-31 14:22:12,10238134,-1988.000,7743.000,1917.000,250.000,-14.000,-18.000,0.000,0.000,1
2026-01-31 14:22:12,10238174,-1940.000,7838.000,1868.000,153.000,-9.000,24.000,0.000,0.000,1
2026-01-31 14:22:12,10238214,-1951.000,7796.000,1858.000,16.000,29.000,22.000,0.000,0.000,1
2026-01-31 14:22:12,10238254,-1933.000,7693.000,1896.000,-76.000,12.000,9.000,0.000,0.000,1
2026-01-31 14:22:12,10238294,-1835.000,7780.000,1854.000,28.000,-46.000,77.000,0.000,0.000,1
2026-01-31 14:22:12,10238337,-2017.000,7684.000,1946.000,-65.000,48.000,-73.000,0.000,0.000,1
2026-01-31 14:22:12,10238377,-1948.000,7864.000,1853.000,-18.000,-30.000,16.000,0.000,0.000,1
2026-01-31 14:22:12,10238414,-1853.000,7768.000,1878.000,-104.000,-46.000,1.000,0.000,0.000,1
2026-01-31 14:22:12,10238454,-1917.000,7674.000,1923.000,-152.000,40.000,-23.000,0.000,0.000,1
2026-01-31 14:22:12,10238494,-1985.000,7828.000,1902.000,-46.000,40.000,-10.000,0.000,0.000,1
2026-01-31 14:22:12,10238534,-1889.000,7679.000,1918.000,-202.000,-14.000,18.000,0.000,0.000,1
2026-01-31 14:22:12,10238574,-1884.000,7690.000,1990.000,-115.000,76.000,3.000,0.000,0.000,1
2026-01-31 14:22:12,10238614,-2025.000,7859.000,1972.000,-107.000,100.000,-6.000,0.000,0.000,1
2026-01-31 14:22:12,10238654,-1876.000,7658.000,1883.000,247.000,-81.000,101.000,0.000,0.000,1
2026-01-31 14:22:12,10238694,-1927.000,8028.000,1937.000,-67.000,-25.000,-28.000,0.000,0.000,1
2026-01-31 14:22:12,10238734,-1979.000,7503.000,1966.000,-23.000,15.000,-71.000,0.000,0.000,1
2026-01-31 14:22:12,10238774,-1853.000,7729.000,1869.000,74.000,-17.000,43.000,0.000,0.000,1
2026-01-31 14:22:12,10238814,-1921.000,7886.000,1968.000,0.000,39.000,58.000,0.000,0.000,1
2026-01-31 14:22:12,10238854,-1967.000,7746.000,1923.000,-43.000,9.000,-24.000,0.000,0.000,1
2026-01-31 14:22:12,10238894,-1924.000,7856.000,1934.000,-23.000,-30.000,10.000,0.000,0.000,1
2026-01-31 14:22:12,10238934,-1913.000,7603.000,1942.000,-85.000,1.000,-32.000,0.000,0.000,1
2026-01-31 14:22:12,10238974,-1912.000,7742.000,1939.000,14.000,15.000,-6.000,0.000,0.000,1
2026-01-31 14:22:12,10239014,-1935.000,7781.000,1943.000,11.000,-20.000,23.000,0.000,0.000,1
2026-01-31 14:22:13,10239054,-1891.000,7800.000,1934.000,-9.000,-11.000,7.000,0.000,0.000,1
2026-01-31 14:22:13,10239094,-1902.000,7720.000,1930.000,-56.000,18.000,-14.000,0.000,0.000,1
2026-01-31 14:22:13,10239134,-1983.000,7723.000,1950.000,-53.000,45.000,-16.000,0.000,0.000,1
2026-01-31 14:22:13,10239174,-1985.000,7740.000,1941.000,-10.000,-8.000,33.000,0.000,0.000,1
2026-01-31 14:22:13,10239214,-1894.000,7763.000,1924.000,-1.000,-19.000,26.000,0.000,0.000,1
2026-01-31 14:22:13,10239254,-1928.000,7763.000,1946.000,-51.000,6.000,13.000,0.000,0.000,1
2026-01-31 14:22:13,10239294,-1938.000,7728.000,1973.000,-41.000,-10.000,25.000,0.000,0.000,1
2026-01-31 14:22:13,10239334,-1897.000,7735.000,1949.000,-10.000,-4.000,36.000,0.000,0.000,1
2026-01-31 14:22:13,10239374,-1913.000,7745.000,1970.000,-27.000,18.000,21.000,0.000,0.000,1
2026-01-31 14:22:13,10239414,-1954.000,7726.000,1954.000,-1.000,-3.000,21.000,0.000,0.000,1
2026-01-31 14:22:13,10239454,-1943.000,7771.000,1946.000,10.000,-20.000,41.000,0.000,0.000,1
2026-01-31 14:22:13,10239494,-1902.000,7740.000,1953.000,-27.000,-28.000,48.000,0.000,0.000,1
2026-01-31 14:22:13,10239534,-1888.000,7768.000,1948.000,-29.000,-19.000,48.000,0.000,0.000,1
2026-01-31 14:22:13,10239574,-1917.000,7742.000,1970.000,-64.000,-6.000,40.000,0.000,0.000,1
2026-01-31 14:22:13,10239614,-1888.000,7774.000,1953.000,-33.000,2.000,45.000,0.000,0.000,1
2026-01-31 14:22:13,10239654,-1897.000,7745.000,1966.000,-69.000,3.000,35.000,0.000,0.000,1
2026-01-31 14:22:13,10239694,-1905.000,7759.000,1981.000,-69.000,-3.000,39.000,0.000,0.000,1
2026-01-31 14:22:13,10239734,-1884.000,7764.000,1971.000,-40.000,6.000,42.000,0.000,0.000,1
2026-01-31 14:22:13,10239774,-1877.000,7683.000,2017.000,-30.000,-16.000,38.000,0.000,0.000,1
2026-01-31 14:22:13,10239814,-1824.000,7778.000,1946.000,69.000,-53.000,75.000,0.000,0.000,1
2026-01-31 14:22:13,10239854,-1907.000,7756.000,1992.000,-13.000,-9.000,-2.000,0.000,0.000,1
2026-01-31 14:22:13,10239894,-1868.000,7780.000,1968.000,-49.000,-2.000,40.000,0.000,0.000,1
2026-01-31 14:22:13,10239934,-1893.000,7633.000,1970.000,-156.000,-50.000,57.000,0.000,0.000,1
2026-01-31 14:22:13,10239974,-1901.000,7883.000,2005.000,-220.000,5.000,82.000,0.000,0.000,1
2026-01-31 14:22:13,10240014,-1834.000,7680.000,2054.000,-215.000,25.000,7.000,0.000,0.000,1
2026-01-31 14:22:14,10240054,-1786.000,7678.000,2071.000,-32.000,40.000,-11.000,0.000,0.000,1
2026-01-31 14:22:14,10240094,-1983.000,7694.000,1989.000,155.000,77.000,-93.000,0.000,0.000,1
2026-01-31 14:22:14,10240134,-1789.000,7835.000,1918.000,-10.000,-87.000,117.000,0.000,0.000,1
2026-01-31 14:22:14,10240174,-1933.000,7611.000,2088.000,3.000,89.000,-89.000,0.000,0.000,1
2026-01-31 14:22:14,10240214,-1854.000,7726.000,1922.000,49.000,-11.000,-7.000,0.000,0.000,1
2026-01-31 14:22:14,10240254,-1891.000,7672.000,2076.000,-87.000,19.000,-1.000,0.000,0.000,1
2026-01-31 14:22:14,10240294,-1915.000,7790.000,2048.000,58.000,28.000,-15.000,0.000,0.000,1
2026-01-31 14:22:14,10240337,-1854.000,7718.000,2001.000,8.000,-7.000,-2.000,0.000,0.000,1
2026-01-31 14:22:14,10240376,-1876.000,7714.000,2041.000,2.000,30.000,-12.000,0.000,0.000,1
2026-01-31 14:22:14,10240414,-1890.000,7732.000,2039.000,38.000,39.000,-19.000,0.000,0.000,1
2026-01-31 14:22:14,10240454,-1903.000,7759.000,1990.000,45.000,29.000,-25.000,0.000,0.000,1
2026-01-31 14:22:14,10240494,-1908.000,7720.000,2003.000,12.000,5.000,-11.000,0.000,0.000,1
2026-01-31 14:22:14,10240534,-1883.000,7736.000,2017.000,2.000,-8.000,-12.000,0.000,34.740,1
2026-01-31 14:22:14,10240577,-1891.000,7752.000,2010.000,6.000,4.000,-6.000,0.000,34.740,1
2026-01-31 14:22:14,10240614,-1889.000,7739.000,2021.000,-4.000,6.000,-4.000,0.000,34.740,1
2026-01-31 14:22:14,10240654,-1876.000,7709.000,2014.000,34.000,13.000,-1.000,0.000,34.740,1
2026-01-31 14:22:14,10240694,-1883.000,7840.000,1954.000,64.000,23.000,19.000,0.000,34.740,1
2026-01-31 14:22:14,10240734,-1924.000,7689.000,2029.000,-56.000,26.000,-8.000,0.000,34.740,1
2026-01-31 14:22:14,10240774,-1936.000,7791.000,2014.000,35.000,31.000,25.000,0.000,34.740,1
2026-01-31 14:22:14,10240814,-1871.000,7725.000,1974.000,-8.000,-10.000,23.000,0.000,34.740,1
2026-01-31 14:22:14,10240854,-1854.000,7749.000,1988.000,-3.000,29.000,-5.000,0.000,34.740,1
2026-01-31 14:22:14,10240894,-1917.000,7729.000,1986.000,-2.000,29.000,-22.000,0.000,34.740,1
2026-01-31 14:22:14,10240934,-1877.000,7725.000,2014.000,-5.000,4.000,-13.000,0.000,34.740,1
2026-01-31 14:22:14,10240974,-1871.000,7796.000,2012.000,-1.000,22.000,-17.000,0.000,34.740,1
2026-01-31 14:22:14,10241014,-1937.000,7698.000,1999.000,-11.000,24.000,-31.000,0.000,34.740,1
2026-01-31 14:22:15,10241054,-1903.000,7754.000,1988.000,11.000,-9.000,-3.000,0.000,34.740,1
2026-01-31 14:22:15,10241094,-1922.000,7724.000,1998.000,-13.000,-9.000,-7.000,0.000,34.740,1
2026-01-31 14:22:15,10241134,-1891.000,7760.000,2006.000,21.000,-6.000,8.000,0.000,34.740,1
2026-01-31 14:22:15,10241174,-1904.000,7754.000,1975.000,-11.000,-11.000,-2.000,0.000,34.740,1
2026-01-31 14:22:15,10241214,-1895.000,7712.000,1997.000,-33.000,0.000,-7.000,0.000,34.740,1
2026-01-31 14:22:15,10241254,-1921.000,7730.000,1989.000,-15.000,18.000,-9.000,0.000,34.740,1
2026-01-31 14:22:15,10241294,-1917.000,7741.000,2000.000,-18.000,8.000,11.000,0.000,34.740,1
2026-01-31 14:22:15,10241334,-1938.000,7757.000,1992.000,-21.000,2.000,-17.000,0.000,34.740,1
2026-01-31 14:22:15,10241374,-1906.000,7726.000,2012.000,-26.000,-25.000,8.000,0.000,34.740,1
2026-01-31 14:22:15,10241414,-1900.000,7764.000,1993.000,-13.000,-2.000,-7.000,0.000,34.740,1
2026-01-31 14:22:15,10241454,-1906.000,7751.000,1999.000,-23.000,4.000,-2.000,0.000,34.740,1
2026-01-31 14:22:15,10241494,-1885.000,7726.000,2016.000,-28.000,-7.000,11.000,0.000,34.740,1
2026-01-31 14:22:15,10241534,-1898.000,7785.000,1996.000,-6.000,11.000,2.000,0.000,0.000,1
2026-01-31 14:22:15,10241574,-1885.000,7690.000,2003.000,-41.000,18.000,-9.000,0.000,0.000,1
2026-01-31 14:22:15,10241614,-1958.000,7746.000,2034.000,-23.000,31.000,-16.000,0.000,0.000,1
2026-01-31 14:22:15,10241654,-1930.000,7747.000,2009.000,-6.000,-1.000,16.000,0.000,0.000,1
2026-01-31 14:22:15,10241694,-1874.000,7734.000,1991.000,-30.000,11.000,-6.000,0.000,0.000,1
2026-01-31 14:22:15,10241734,-1929.000,7714.000,2029.000,-24.000,16.000,-16.000,0.000,0.000,1
2026-01-31 14:22:15,10241774,-1904.000,7728.000,2007.000,-6.000,18.000,-1.000,0.000,0.000,1
2026-01-31 14:22:15,10241814,-1901.000,7732.000,2022.000,-23.000,27.000,-14.000,0.000,0.000,1
2026-01-31 14:22:15,10241854,-1958.000,7731.000,2021.000,-14.000,29.000,-16.000,0.000,0.000,1
2026-01-31 14:22:15,10241894,-1940.000,7737.000,2014.000,-12.000,6.000,5.000,0.000,0.000,1
2026-01-31 14:22:15,10241934,-1925.000,7713.000,2032.000,-10.000,5.000,-2.000,0.000,0.000,1
2026-01-31 14:22:15,10241974,-1914.000,7740.000,2005.000,12.000,9.000,7.000,0.000,0.000,1
2026-01-31 14:22:15,10242014,-1925.000,7737.000,2002.000,-6.000,2.000,3.000,0.000,0.000,1
2026-01-31 14:22:16,10242054,-1910.000,7736.000,2015.000,-10.000,6.000,13.000,0.000,0.000,1
2026-01-31 14:22:16,10242094,-1927.000,7742.000,2000.000,0.000,12.000,4.000,0.000,0.000,1
2026-01-31 14:22:16,10242134,-1933.000,7738.000,2006.000,-15.000,12.000,4.000,0.000,0.000,1
2026-01-31 14:22:16,10242174,-1923.000,7724.000,2007.000,-13.000,-9.000,11.000,0.000,0.000,1
2026-01-31 14:22:16,10242214,-1924.000,7730.000,2018.000,-8.000,-3.000,7.000,0.000,0.000,1
2026-01-31 14:22:16,10242254,-1914.000,7737.000,2017.000,-12.000,-5.000,12.000,0.000,0.000,1
2026-01-31 14:22:16,10242294,-1919.000,7742.000,2026.000,-17.000,10.000,3.000,0.000,0.000,1
2026-01-31 14:22:16,10242337,-1914.000,7727.000,2007.000,-16.000,0.000,8.000,0.000,0.000,1
2026-01-31 14:22:16,10242377,-1917.000,7714.000,2019.000,-22.000,3.000,7.000,0.000,0.000,1
2026-01-31 14:22:16,10242414,-1887.000,7730.000,2008.000,-13.000,6.000,17.000,0.000,0.000,1
2026-01-31 14:22:16,10242454,-1981.000,7735.000,2031.000,-16.000,23.000,-2.000,0.000,0.000,1
2026-01-31 14:22:16,10242494,-1934.000,7762.000,2026.000,-13.000,-21.000,23.000,0.000,0.000,1
2026-01-31 14:22:16,10242534,-1861.000,7714.000,2002.000,-15.000,11.000,-7.000,0.000,0.000,1
2026-01-31 14:22:16,10242577,-1932.000,7726.000,2024.000,-34.000,18.000,-25.000,0.000,0.000,1
2026-01-31 14:22:16,10242614,-1934.000,7706.000,2040.000,-37.000,12.000,-17.000,0.000,0.000,1
2026-01-31 14:22:16,10242654,-1904.000,7720.000,2008.000,-23.000,14.000,-3.000,0.000,0.000,1
2026-01-31 14:22:16,10242694,-1932.000,7731.000,2060.000,-30.000,26.000,-11.000,0.000,0.000,1
2026-01-31 14:22:16,10242734,-1963.000,7718.000,2025.000,-6.000,17.000,-15.000,0.000,0.000,1
2026-01-31 14:22:16,10242774,-1933.000,7733.000,2021.000,-19.000,-2.000,4.000,0.000,0.000,1
2026-01-31 14:22:16,10242814,-1923.000,7693.000,2042.000,-17.000,11.000,0.000,0.000,0.000,1
2026-01-31 14:22:16,10242854,-1939.000,7734.000,2019.000,-5.000,10.000,6.000,0.000,0.000,1
2026-01-31 14:22:16,10242894,-1924.000,7719.000,2035.000,-9.000,9.000,18.000,0.000,0.000,1
2026-01-31 14:22:16,10242934,-1931.000,7745.000,2026.000,1.000,12.000,6.000,0.000,0.000,1
2026-01-31 14:22:16,10242974,-1938.000,7713.000,2026.000,-11.000,11.000,4.000,0.000,0.000,1
2026-01-31 14:22:16,10243014,-1935.000,7722.000,2036.000,3.000,11.000,-3.000,0.000,0.000,1
2026-01-31 14:22:17,10243054,-1927.000,7725.000,2025.000,11.000,-1.000,13.000,0.000,0.000,1
2026-01-31 14:22:17,10243094,-1930.000,7745.000,2035.000,-4.000,1.000,10.000,0.000,0.000,1
2026-01-31 14:22:17,10243134,-1924.000,7735.000,2019.000,-15.000,-2.000,15.000,0.000,0.000,1
2026-01-31 14:22:17,10243174,-1921.000,7719.000,2041.000,-9.000,10.000,8.000,0.000,0.000,1
2026-01-31 14:22:17,10243214,-1931.000,7719.000,2005.000,-5.000,4.000,16.000,0.000,0.000,1
2026-01-31 14:22:17,10243254,-1866.000,7749.000,2032.000,-19.000,7.000,12.000,0.000,0.000,1
2026-01-31 14:22:17,10243294,-1961.000,7721.000,2035.000,2.000,55.000,-40.000,0.000,0.000,1
2026-01-31 14:22:17,10243334,-1985.000,7725.000,2017.000,-22.000,-5.000,9.000,0.000,0.000,1
2026-01-31 14:22:17,10243374,-1856.000,7687.000,2043.000,-1.000,-10.000,41.000,0.000,0.000,1
2026-01-31 14:22:17,10243414,-1945.000,7777.000,1997.000,-11.000,39.000,-29.000,0.000,0.000,1
2026-01-31 14:22:17,10243454,-1950.000,7696.000,2045.000,-30.000,-3.000,-1.000,0.000,0.000,1
2026-01-31 14:22:17,10243494,-1915.000,7743.000,2016.000,12.000,-5.000,21.000,0.000,0.000,1
2026-01-31 14:22:17,10243534,-1908.000,7688.000,2024.000,-21.000,9.000,18.000,0.000,0.000,1
2026-01-31 14:22:17,10243574,-1967.000,7747.000,2061.000,-6.000,20.000,12.000,0.000,0.000,1
2026-01-31 14:22:17,10243614,-1934.000,7733.000,2022.000,1.000,-27.000,52.000,0.000,0.000,1
2026-01-31 14:22:17,10243654,-1918.000,7733.000,2038.000,-25.000,-20.000,41.000,0.000,0.000,1
2026-01-31 14:22:17,10243694,-1915.000,7708.000,2032.000,11.000,-10.000,29.000,0.000,0.000,1
2026-01-31 14:22:17,10243734,-1916.000,7738.000,2021.000,11.000,-19.000,40.000,0.000,0.000,1
2026-01-31 14:22:17,10243774,-1896.000,7714.000,2040.000,-15.000,-18.000,47.000,0.000,0.000,1
2026-01-31 14:22:17,10243814,-1893.000,7769.000,2024.000,4.000,-14.000,48.000,0.000,0.000,1
2026-01-31 14:22:17,10243854,-1898.000,7715.000,2029.000,-12.000,-18.000,33.000,0.000,0.000,1
2026-01-31 14:22:17,10243894,-1904.000,7730.000,2028.000,23.000,-4.000,25.000,0.000,0.000,1
2026-01-31 14:22:17,10243934,-1896.000,7742.000,2033.000,11.000,-9.000,36.000,0.000,0.000,1
2026-01-31 14:22:17,10243974,-1882.000,7746.000,2028.000,3.000,-6.000,37.000,0.000,0.000,1
2026-01-31 14:22:17,10244014,-1880.000,7712.000,2029.000,-3.000,-2.000,25.000,0.000,0.000,1
2026-01-31 14:22:18,10244054,-1878.000,7748.000,1993.000,24.000,-2.000,25.000,0.000,0.000,1
2026-01-31 14:22:18,10244094,-1846.000,7747.000,2036.000,-15.000,15.000,26.000,0.000,0.000,1
2026-01-31 14:22:18,10244134,-1918.000,7732.000,2037.000,-45.000,28.000,17.000,0.000,0.000,1
2026-01-31 14:22:18,10244174,-1923.000,7717.000,2035.000,-41.000,-5.000,22.000,0.000,0.000,1
2026-01-31 14:22:18,10244214,-1846.000,7738.000,1980.000,-20.000,-18.000,37.000,0.000,0.000,1
2026-01-31 14:22:18,10244254,-1852.000,7705.000,2037.000,-49.000,15.000,37.000,0.000,0.000,1
2026-01-31 14:22:18,10244294,-1924.000,7794.000,2051.000,-43.000,10.000,-21.000,0.000,0.000,1
2026-01-31 14:22:18,10244337,-1846.000,7755.000,2040.000,-8.000,-12.000,20.000,0.000,0.000,1
2026-01-31 14:22:18,10244376,-1889.000,7703.000,2042.000,-50.000,-4.000,16.000,0.000,0.000,1
2026-01-31 14:22:18,10244414,-1881.000,7705.000,2072.000,-47.000,-3.000,28.000,0.000,0.000,1
2026-01-31 14:22:18,10244454,-1887.000,7796.000,2051.000,3.000,8.000,17.000,0.000,0.000,1
2026-01-31 14:22:18,10244494,-1880.000,7694.000,2047.000,-20.000,-8.000,18.000,0.000,0.000,1
2026-01-31 14:22:18,10244534,-1851.000,7745.000,2046.000,3.000,4.000,1.000,0.000,0.000,1
2026-01-31 14:22:18,10244577,-1872.000,7711.000,2038.000,-19.000,6.000,9.000,0.000,0.000,1
2026-01-31 14:22:18,10244614,-1872.000,7712.000,2061.000,-9.000,10.000,10.000,0.000,0.000,1
2026-01-31 14:22:18,10244654,-1871.000,7761.000,2032.000,15.000,16.000,-1.000,0.000,0.000,1
2026-01-31 14:22:18,10244694,-1870.000,7720.000,2054.000,-2.000,9.000,-4.000,0.000,0.000,1
2026-01-31 14:22:18,10244734,-1868.000,7726.000,2041.000,6.000,16.000,-14.000,0.000,0.000,1
2026-01-31 14:22:18,10244774,-1879.000,7703.000,2066.000,10.000,3.000,-2.000,0.000,0.000,1
2026-01-31 14:22:18,10244814,-1874.000,7759.000,2016.000,48.000,6.000,-7.000,0.000,0.000,1
2026-01-31 14:22:18,10244854,-1827.000,7753.000,2048.000,12.000,11.000,2.000,0.000,0.000,1
2026-01-31 14:22:18,10244894,-1913.000,7717.000,2047.000,-3.000,40.000,-27.000,0.000,0.000,1
2026-01-31 14:22:18,10244934,-1918.000,7741.000,2031.000,19.000,22.000,1.000,0.000,0.000,1
2026-01-31 14:22:18,10244974,-1831.000,7759.000,1998.000,24.000,5.000,-6.000,0.000,0.000,1
2026-01-31 14:22:18,10245014,-1880.000,7741.000,2028.000,-8.000,37.000,-33.000,0.000,0.000,1
2026-01-31 14:22:19,10245054,-1914.000,7733.000,2047.000,-2.000,26.000,-28.000,0.000,0.000,1
2026-01-31 14:22:19,10245094,-1897.000,7707.000,2041.000,2.000,28.000,-19.000,0.000,0.000,1
2026-01-31 14:22:19,10245134,-1891.000,7740.000,2037.000,-7.000,25.000,-17.000,0.000,0.000,1
2026-01-31 14:22:19,10245174,-1925.000,7740.000,2029.000,-4.000,20.000,-8.000,0.000,0.000,1
2026-01-31 14:22:19,10245214,-1908.000,7711.000,2028.000,-8.000,1.000,-4.000,0.000,0.000,1
2026-01-31 14:22:19,10245254,-1910.000,7737.000,2022.000,20.000,1.000,-3.000,0.000,0.000,1
2026-01-31 14:22:19,10245294,-1901.000,7729.000,2028.000,-2.000,0.000,-3.000,0.000,0.000,1
2026-01-31 14:22:19,10245334,-1899.000,7740.000,2034.000,5.000,9.000,1.000,0.000,0.000,1
2026-01-31 14:22:19,10245374,-1903.000,7749.000,2024.000,1.000,11.000,2.000,0.000,0.000,1
2026-01-31 14:22:19,10245414,-1887.000,7746.000,2026.000,-22.000,2.000,2.000,0.000,0.000,1
2026-01-31 14:22:19,10245454,-1933.000,7715.000,2025.000,15.000,12.000,-17.000,0.000,0.000,1
2026-01-31 14:22:19,10245494,-1901.000,7748.000,2014.000,0.000,-15.000,23.000,0.000,0.000,1
2026-01-31 14:22:19,10245534,-1925.000,7666.000,2066.000,35.000,-26.000,12.000,0.000,0.000,1
2026-01-31 14:22:19,10245574,-1892.000,7615.000,2053.000,125.000,-63.000,34.000,0.000,0.000,1
2026-01-31 14:22:19,10245614,-1945.000,7744.000,2029.000,239.000,-73.000,47.000,0.000,0.000,1
2026-01-31 14:22:19,10245654,-1955.000,7819.000,2029.000,294.000,-33.000,51.000,0.000,0.000,1
2026-01-31 14:22:19,10245694,-1923.000,7899.000,2006.000,327.000,-9.000,26.000,0.000,0.000,1
2026-01-31 14:22:19,10245734,-1927.000,7665.000,1958.000,284.000,71.000,-68.000,0.000,0.000,1
2026-01-31 14:22:19,10245774,-1853.000,7781.000,1742.000,316.000,-17.000,-31.000,0.000,0.000,1
2026-01-31 14:22:19,10245814,-1824.000,7806.000,1695.000,35.000,-132.000,-12.000,0.000,0.000,1
2026-01-31 14:22:19,10245854,-1856.000,7850.000,1760.000,-178.000,-222.000,0.000,0.000,0.000,1
2026-01-31 14:22:19,10245894,-1729.000,7869.000,1973.000,-299.000,-190.000,61.000,0.000,0.000,1
2026-01-31 14:22:19,10245934,-1722.000,7711.000,1998.000,-198.000,29.000,-69.000,0.000,0.000,1
2026-01-31 14:22:19,10245974,-1940.000,7891.000,1910.000,-101.000,175.000,-135.000,0.000,0.000,1
2026-01-31 14:22:19,10246014,-2036.000,7797.000,1986.000,-276.000,96.000,-124.000,0.000,0.000,1
2026-01-31 14:22:20,10246054,-1914.000,7652.000,2045.000,-294.000,13.000,-53.000,0.000,0.000,1
2026-01-31 14:22:20,10246094,-1928.000,7563.000,2059.000,-271.000,23.000,-33.000,0.000,0.000,1
2026-01-31 14:22:20,10246134,-1937.000,7726.000,2078.000,-227.000,21.000,39.000,0.000,0.000,1
2026-01-31 14:22:20,10246174,-1911.000,7632.000,2130.000,-260.000,-12.000,60.000,0.000,0.000,1
2026-01-31 14:22:20,10246214,-1931.000,7729.000,2132.000,-153.000,-14.000,62.000,0.000,0.000,1
2026-01-31 14:22:20,10246254,-1901.000,7624.000,2136.000,-140.000,-2.000,52.000,0.000,0.000,1
2026-01-31 14:22:20,10246294,-1952.000,7703.000,2084.000,-72.000,11.000,-9.000,0.000,0.000,1
2026-01-31 14:22:20,10246337,-1906.000,7682.000,2157.000,64.000,-39.000,3.000,0.000,0.000,1
2026-01-31 14:22:20,10246374,-1912.000,7732.000,2102.000,135.000,-23.000,0.000,0.000,0.000,1
2026-01-31 14:22:20,10246414,-1845.000,7764.000,2058.000,63.000,-48.000,12.000,0.000,0.000,1
2026-01-31 14:22:20,10246454,-1841.000,7706.000,2124.000,28.000,10.000,-19.000,0.000,0.000,1
2026-01-31 14:22:20,10246494,-1926.000,7689.000,2147.000,42.000,7.000,-15.000,0.000,0.000,1
2026-01-31 14:22:20,10246534,-1895.000,7791.000,2062.000,65.000,-1.000,59.000,0.000,0.000,1
2026-01-31 14:22:20,10246577,-1887.000,7721.000,2096.000,-72.000,-1.000,41.000,0.000,0.000,1
2026-01-31 14:22:20,10246614,-1911.000,7697.000,2106.000,-78.000,-15.000,52.000,0.000,0.000,1
2026-01-31 14:22:20,10246654,-1878.000,7733.000,2101.000,-31.000,-20.000,62.000,0.000,0.000,1
2026-01-31 14:22:20,10246694,-1868.000,7733.000,2090.000,2.000,-4.000,52.000,0.000,0.000,1
2026-01-31 14:22:20,10246734,-1889.000,7756.000,2107.000,-38.000,0.000,38.000,0.000,0.000,1
2026-01-31 14:22:20,10246774,-1889.000,7730.000,2117.000,-13.000,1.000,46.000,0.000,0.000,1
2026-01-31 14:22:20,10246814,-1869.000,7707.000,2097.000,8.000,-15.000,30.000,0.000,0.000,1
2026-01-31 14:22:20,10246854,-1892.000,7715.000,2073.000,0.000,-9.000,17.000,0.000,0.000,1
2026-01-31 14:22:20,10246894,-1886.000,7757.000,2081.000,-47.000,-21.000,47.000,0.000,0.000,1
2026-01-31 14:22:20,10246934,-1858.000,7714.000,2143.000,-95.000,-34.000,44.000,0.000,0.000,1
2026-01-31 14:22:20,10246974,-1826.000,7701.000,2123.000,-10.000,-33.000,40.000,0.000,0.000,1
2026-01-31 14:22:20,10247014,-1844.000,7730.000,2081.000,-7.000,-5.000,33.000,0.000,0.000,1
2026-01-31 14:22:21,10247054,-1858.000,7725.000,2150.000,-110.000,9.000,35.000,0.000,0.000,1
2026-01-31 14:22:21,10247094,-1838.000,7646.000,2138.000,-54.000,-9.000,12.000,0.000,0.000,1
2026-01-31 14:22:21,10247134,-1822.000,7717.000,2093.000,5.000,7.000,24.000,0.000,0.000,1
2026-01-31 14:22:21,10247174,-1821.000,7770.000,2129.000,-70.000,10.000,19.000,0.000,0.000,1
2026-01-31 14:22:21,10247214,-1858.000,7627.000,2178.000,-147.000,7.000,-3.000,0.000,0.000,1
2026-01-31 14:22:21,10247254,-1865.000,7706.000,2142.000,-55.000,-6.000,19.000,0.000,0.000,1
2026-01-31 14:22:21,10247294,-1809.000,7719.000,2116.000,-49.000,-4.000,12.000,0.000,0.000,1
2026-01-31 14:22:21,10247334,-1795.000,7715.000,2170.000,-46.000,23.000,-19.000,0.000,0.000,1
2026-01-31 14:22:21,10247374,-1884.000,7715.000,2142.000,-70.000,37.000,-40.000,0.000,0.000,1
2026-01-31 14:22:21,10247414,-1746.000,7662.000,2216.000,-14.000,8.000,-26.000,0.000,0.000,1
2026-01-31 14:22:21,10247454,-1733.000,7753.000,2190.000,7.000,119.000,-32.000,0.000,0.000,1
2026-01-31 14:22:21,10247494,-1840.000,7751.000,2184.000,-54.000,143.000,-31.000,0.000,0.000,1
2026-01-31 14:22:21,10247534,-1867.000,7694.000,2212.000,-109.000,146.000,-11.000,0.000,0.000,1
2026-01-31 14:22:21,10247574,-1869.000,7696.000,2209.000,-50.000,132.000,16.000,0.000,0.000,1
2026-01-31 14:22:21,10247614,-1852.000,7676.000,2195.000,-83.000,96.000,68.000,0.000,0.000,1
2026-01-31 14:22:21,10247654,-1848.000,7805.000,2123.000,-52.000,141.000,86.000,0.000,0.000,1
2026-01-31 14:22:21,10247694,-1919.000,7655.000,2181.000,-228.000,119.000,55.000,0.000,0.000,1
2026-01-31 14:22:21,10247734,-1907.000,7685.000,2181.000,-126.000,104.000,55.000,0.000,0.000,1
2026-01-31 14:22:21,10247774,-1847.000,7783.000,2149.000,-82.000,71.000,60.000,0.000,0.000,1
2026-01-31 14:22:21,10247814,-1977.000,7711.000,2208.000,-201.000,60.000,67.000,0.000,0.000,1
2026-01-31 14:22:21,10247854,-1921.000,7686.000,2210.000,-165.000,-10.000,102.000,0.000,0.000,1
2026-01-31 14:22:21,10247894,-1871.000,7704.000,2207.000,-99.000,2.000,84.000,0.000,0.000,1
2026-01-31 14:22:21,10247934,-1854.000,7644.000,2250.000,-127.000,-14.000,72.000,0.000,0.000,1
2026-01-31 14:22:21,10247974,-1907.000,7724.000,2296.000,-171.000,-46.000,81.000,0.000,0.000,1
2026-01-31 14:22:21,10248014,-1975.000,7544.000,2346.000,-118.000,-102.000,110.000,0.000,0.000,1
2026-01-31 14:22:22,10248054,-1844.000,7495.000,2351.000,12.000,-191.000,132.000,0.000,0.000,1
2026-01-31 14:22:22,10248094,-1764.000,7537.000,2379.000,115.000,-143.000,97.000,0.000,0.000,1
2026-01-31 14:22:22,10248134,-1850.000,7561.000,2255.000,285.000,-146.000,59.000,0.000,0.000,1
2026-01-31 14:22:22,10248174,-1823.000,7642.000,2264.000,383.000,-185.000,88.000,0.000,0.000,1
2026-01-31 14:22:22,10248214,-1792.000,7656.000,2235.000,470.000,-215.000,40.000,0.000,0.000,1
2026-01-31 14:22:22,10248254,-1794.000,7710.000,2212.000,527.000,-210.000,-28.000,0.000,0.000,1
2026-01-31 14:22:22,10248294,-1813.000,7704.000,2099.000,578.000,-206.000,-53.000,0.000,0.000,1
2026-01-31 14:22:22,10248337,-1794.000,7794.000,1986.000,599.000,-222.000,-77.000,0.000,0.000,1
2026-01-31 14:22:22,10248377,-1763.000,7785.000,1958.000,545.000,-249.000,-13.000,0.000,0.000,1
2026-01-31 14:22:22,10248414,-1729.000,7867.000,1916.000,560.000,-265.000,3.000,0.000,0.000,1
2026-01-31 14:22:22,10248454,-1649.000,7901.000,1847.000,545.000,-249.000,-4.000,0.000,0.000,1
2026-01-31 14:22:22,10248494,-1632.000,7869.000,1829.000,399.000,-201.000,8.000,0.000,0.000,1
2026-01-31 14:22:22,10248534,-1618.000,7895.000,1782.000,386.000,-167.000,-14.000,0.000,0.000,1
2026-01-31 14:22:22,10248577,-1551.000,7887.000,1790.000,166.000,-113.000,76.000,0.000,0.000,1
2026-01-31 14:22:22,10248614,-1563.000,7889.000,1807.000,141.000,-83.000,73.000,0.000,0.000,1
2026-01-31 14:22:22,10248654,-1515.000,7943.000,1774.000,114.000,-32.000,141.000,0.000,0.000,1
2026-01-31 14:22:22,10248694,-1549.000,7891.000,1752.000,35.000,14.000,122.000,0.000,0.000,1
2026-01-31 14:22:22,10248734,-1586.000,7934.000,1761.000,13.000,54.000,95.000,0.000,0.000,1
2026-01-31 14:22:22,10248774,-1654.000,7953.000,1757.000,-162.000,114.000,43.000,0.000,0.000,1
2026-01-31 14:22:22,10248814,-1672.000,7823.000,1821.000,-265.000,93.000,53.000,0.000,0.000,1
2026-01-31 14:22:22,10248854,-1581.000,7871.000,1796.000,-116.000,84.000,40.000,0.000,0.000,1
2026-01-31 14:22:22,10248894,-1613.000,7869.000,1779.000,-129.000,150.000,-10.000,0.000,0.000,1
2026-01-31 14:22:22,10248934,-1672.000,7830.000,1778.000,-167.000,151.000,-59.000,0.000,0.000,1
2026-01-31 14:22:22,10248974,-1664.000,7891.000,1854.000,-122.000,133.000,-67.000,0.000,0.000,1
2026-01-31 14:22:22,10249014,-1757.000,7777.000,1901.000,-152.000,139.000,-116.000,0.000,0.000,1
2026-01-31 14:22:23,10249054,-1777.000,7763.000,1868.000,-107.000,69.000,-101.000,0.000,0.000,1
2026-01-31 14:22:23,10249094,-1769.000,7787.000,1955.000,-73.000,27.000,-53.000,0.000,0.000,1
2026-01-31 14:22:23,10249134,-1793.000,7807.000,1933.000,-65.000,3.000,5.000,0.000,0.000,1
2026-01-31 14:22:23,10249174,-1722.000,7843.000,1897.000,33.000,-71.000,44.000,0.000,0.000,1
2026-01-31 14:22:23,10249214,-1643.000,7820.000,1913.000,-272.000,-55.000,178.000,0.000,0.000,1
2026-01-31 14:22:23,10249254,-1718.000,7497.000,1895.000,-606.000,90.000,186.000,0.000,0.000,1
2026-01-31 14:22:23,10249294,-1852.000,7753.000,1879.000,-260.000,237.000,-26.000,0.000,0.000,1
2026-01-31 14:22:23,10249334,-1878.000,7606.000,2170.000,-508.000,288.000,66.000,0.000,0.000,1
2026-01-31 14:22:23,10249374,-1977.000,7729.000,2233.000,-118.000,97.000,-26.000,0.000,0.000,1
2026-01-31 14:22:23,10249414,-1728.000,8198.000,1986.000,528.000,-98.000,-76.000,0.000,0.000,1
2026-01-31 14:22:23,10249454,-1605.000,7523.000,1861.000,-89.000,-88.000,87.000,0.000,0.000,1
2026-01-31 14:22:23,10249494,-1693.000,7549.000,2026.000,24.000,-36.000,42.000,0.000,0.000,1
2026-01-31 14:22:23,10249534,-1797.000,8099.000,2036.000,201.000,-154.000,183.000,0.000,-150.630,1
2026-01-31 14:22:23,10249574,-1576.000,7835.000,2038.000,-210.000,-289.000,394.000,0.000,-150.630,1
2026-01-31 14:22:23,10249614,-1461.000,7709.000,2021.000,-267.000,-156.000,293.000,0.000,-150.630,1
2026-01-31 14:22:23,10249654,-1531.000,7847.000,2048.000,-3.000,111.000,-25.000,0.000,-150.630,1
2026-01-31 14:22:23,10249694,-1632.000,7770.000,2056.000,101.000,156.000,-124.000,0.000,-150.630,1
2026-01-31 14:22:23,10249734,-1627.000,7673.000,2047.000,75.000,54.000,-49.000,0.000,-150.630,1
2026-01-31 14:22:23,10249774,-1638.000,7732.000,2064.000,147.000,1.000,-49.000,0.000,-150.630,1
2026-01-31 14:22:23,10249814,-1668.000,7838.000,2040.000,94.000,-59.000,20.000,0.000,-150.630,1
2026-01-31 14:22:23,10249854,-1589.000,7875.000,2029.000,1.000,-105.000,58.000,0.000,-150.630,1
2026-01-31 14:22:23,10249894,-1507.000,7815.000,2030.000,-89.000,-83.000,51.000,0.000,-150.630,1
2026-01-31 14:22:23,10249934,-1504.000,7771.000,1985.000,-44.000,24.000,-16.000,0.000,-150.630,1
2026-01-31 14:22:23,10249974,-1583.000,7783.000,1940.000,6.000,120.000,-96.000,0.000,-150.630,1
2026-01-31 14:22:23,10250014,-1709.000,7759.000,1969.000,35.000,142.000,-110.000,0.000,-150.630,1
2026-01-31 14:22:24,10250054,-1725.000,7850.000,1976.000,27.000,80.000,-42.000,0.000,-150.630,1
2026-01-31 14:22:24,10250094,-1739.000,7810.000,2016.000,-57.000,43.000,-13.000,0.000,-150.630,1
2026-01-31 14:22:24,10250134,-1721.000,7792.000,2051.000,-64.000,-4.000,-14.000,0.000,-150.630,1
2026-01-31 14:22:24,10250174,-1652.000,7740.000,2022.000,8.000,-20.000,-18.000,0.000,-150.630,1
2026-01-31 14:22:24,10250214,-1620.000,7791.000,2012.000,43.000,0.000,-21.000,0.000,-150.630,1
2026-01-31 14:22:24,10250254,-1656.000,7783.000,2030.000,54.000,38.000,-47.000,0.000,-150.630,1
2026-01-31 14:22:24,10250294,-1730.000,7767.000,2019.000,32.000,11.000,-23.000,0.000,-150.630,1
2026-01-31 14:22:24,10250334,-1671.000,7788.000,2015.000,19.000,-48.000,43.000,0.000,-150.630,1
2026-01-31 14:22:24,10250374,-1606.000,7820.000,1995.000,0.000,-15.000,14.000,0.000,-150.630,1
2026-01-31 14:22:24,10250414,-1664.000,7786.000,2000.000,-17.000,19.000,-22.000,0.000,-150.630,1
2026-01-31 14:22:24,10250454,-1681.000,7787.000,1997.000,4.000,8.000,-11.000,0.000,-150.630,1
2026-01-31 14:22:24,10250494,-1649.000,7804.000,2001.000,23.000,14.000,0.000,0.000,-150.630,1
2026-01-31 14:22:24,10250534,-1692.000,7802.000,1993.000,-15.000,19.000,-9.000,0.000,-8.680,1
2026-01-31 14:22:24,10250577,-1680.000,7813.000,2002.000,-2.000,23.000,3.000,0.000,-8.680,1
2026-01-31 14:22:24,10250616,-1692.000,7792.000,2000.000,-9.000,25.000,-5.000,0.000,-8.680,1
2026-01-31 14:22:24,10250654,-1659.000,7784.000,2010.000,-19.000,13.000,-4.000,0.000,-8.680,1
2026-01-31 14:22:24,10250694,-1694.000,7761.000,1994.000,3.000,24.000,-2.000,0.000,-8.680,1
2026-01-31 14:22:24,10250734,-1682.000,7827.000,1985.000,-11.000,4.000,3.000,0.000,-8.680,1
2026-01-31 14:22:24,10250774,-1685.000,7770.000,2014.000,-32.000,15.000,-1.000,0.000,-8.680,1
2026-01-31 14:22:24,10250814,-1688.000,7811.000,1989.000,-2.000,20.000,-5.000,0.000,-8.680,1
2026-01-31 14:22:24,10250854,-1695.000,7770.000,2020.000,-29.000,17.000,-5.000,0.000,-8.680,1
2026-01-31 14:22:24,10250894,-1685.000,7795.000,1987.000,21.000,4.000,3.000,0.000,-8.680,1
2026-01-31 14:22:24,10250934,-1630.000,7771.000,1981.000,5.000,3.000,10.000,0.000,-8.680,1
2026-01-31 14:22:24,10250974,-1711.000,7789.000,2013.000,-6.000,28.000,-31.000,0.000,-8.680,1
2026-01-31 14:22:24,10251014,-1711.000,7783.000,2033.000,8.000,-2.000,6.000,0.000,-8.680,1
2026-01-31 14:22:25,10251054,-1645.000,7815.000,1973.000,14.000,8.000,13.000,0.000,-8.680,1
2026-01-31 14:22:25,10251094,-1672.000,7780.000,1982.000,-32.000,22.000,-34.000,0.000,-8.680,1
2026-01-31 14:22:25,10251134,-1691.000,7794.000,1997.000,-33.000,18.000,-14.000,0.000,-8.680,1
2026-01-31 14:22:25,10251174,-1690.000,7792.000,1992.000,-23.000,31.000,-8.000,0.000,-8.680,1
2026-01-31 14:22:25,10251214,-1687.000,7790.000,2019.000,-42.000,14.000,-4.000,0.000,-8.680,1
2026-01-31 14:22:25,10251254,-1706.000,7776.000,2003.000,-14.000,32.000,-14.000,0.000,-8.680,1
2026-01-31 14:22:25,10251294,-1721.000,7789.000,2009.000,-28.000,25.000,-18.000,0.000,-8.680,1
2026-01-31 14:22:25,10251334,-1714.000,7765.000,2027.000,-15.000,9.000,-2.000,0.000,-8.680,1
2026-01-31 14:22:25,10251374,-1698.000,7783.000,1995.000,-12.000,1.000,8.000,0.000,-8.680,1
2026-01-31 14:22:25,10251414,-1679.000,7783.000,2004.000,-28.000,8.000,10.000,0.000,-8.680,1
2026-01-31 14:22:25,10251454,-1705.000,7739.000,2030.000,-27.000,16.000,-2.000,0.000,-8.680,1
2026-01-31 14:22:25,10251494,-1701.000,7784.000,2013.000,4.000,16.000,0.000,0.000,-8.680,1
2026-01-31 14:22:25,10251534,-1702.000,7772.000,1993.000,-8.000,25.000,-2.000,0.000,-1.780,1
2026-01-31 14:22:25,10251574,-1713.000,7795.000,2006.000,-6.000,18.000,0.000,0.000,-1.780,1
2026-01-31 14:22:25,10251614,-1718.000,7740.000,2002.000,-2.000,-6.000,4.000,0.000,-1.780,1
2026-01-31 14:22:25,10251654,-1672.000,7779.000,2001.000,19.000,-16.000,2.000,0.000,-1.780,1
2026-01-31 14:22:25,10251694,-1665.000,7798.000,2004.000,18.000,19.000,-15.000,0.000,-1.780,1
2026-01-31 14:22:25,10251734,-1740.000,7806.000,2008.000,-2.000,38.000,-23.000,0.000,-1.780,1
2026-01-31 14:22:25,10251774,-1693.000,7767.000,2015.000,-12.000,8.000,-13.000,0.000,-1.780,1
2026-01-31 14:22:25,10251814,-1678.000,7796.000,1976.000,13.000,33.000,-15.000,0.000,-1.780,1
2026-01-31 14:22:25,10251854,-1712.000,7810.000,1977.000,-10.000,31.000,-20.000,0.000,-1.780,1
2026-01-31 14:22:25,10251894,-1713.000,7772.000,2014.000,-42.000,15.000,-26.000,0.000,-1.780,1
2026-01-31 14:22:25,10251934,-1689.000,7798.000,2014.000,-30.000,30.000,-28.000,0.000,-1.780,1
2026-01-31 14:22:25,10251974,-1726.000,7761.000,2020.000,-38.000,37.000,-34.000,0.000,-1.780,1
2026-01-31 14:22:25,10252014,-1743.000,7784.000,2013.000,-37.000,30.000,-15.000,0.000,-1.780,1
2026-01-31 14:22:26,10252054,-1738.000,7767.000,2011.000,-45.000,25.000,-8.000,0.000,-1.780,1
2026-01-31 14:22:26,10252094,-1740.000,7746.000,2011.000,-38.000,13.000,-18.000,0.000,-1.780,1
2026-01-31 14:22:26,10252134,-1728.000,7778.000,2017.000,-15.000,9.000,-1.000,0.000,-1.780,1
2026-01-31 14:22:26,10252174,-1727.000,7771.000,2017.000,-41.000,15.000,-2.000,0.000,-1.780,1
2026-01-31 14:22:26,10252214,-1723.000,7770.000,2048.000,-28.000,25.000,-22.000,0.000,-1.780,1
2026-01-31 14:22:26,10252254,-1758.000,7776.000,2005.000,-12.000,25.000,-17.000,0.000,-1.780,1
2026-01-31 14:22:26,10252294,-1752.000,7761.000,2036.000,-38.000,9.000,3.000,0.000,-1.780,1
2026-01-31 14:22:26,10252337,-1725.000,7792.000,2020.000,4.000,-5.000,9.000,0.000,-1.780,1
2026-01-31 14:22:26,10252376,-1735.000,7746.000,2033.000,-13.000,-1.000,8.000,0.000,-1.780,1
2026-01-31 14:22:26,10252414,-1736.000,7771.000,2020.000,9.000,-5.000,12.000,0.000,-1.780,1
2026-01-31 14:22:26,10252454,-1702.000,7783.000,2017.000,8.000,-6.000,16.000,0.000,-1.780,1
2026-01-31 14:22:26,10252494,-1735.000,7774.000,2014.000,-26.000,24.000,2.000,0.000,-1.780,1
2026-01-31 14:22:26,10252534,-1767.000,7773.000,2063.000,-41.000,10.000,11.000,0.000,-1.830,1
2026-01-31 14:22:26,10252574,-1727.000,7798.000,2015.000,-19.000,-5.000,18.000,0.000,-1.830,1
2026-01-31 14:22:26,10252614,-1697.000,7768.000,2004.000,-53.000,14.000,5.000,0.000,-1.830,1
2026-01-31 14:22:26,10252654,-1748.000,7759.000,2025.000,-51.000,9.000,-17.000,0.000,-1.830,1
2026-01-31 14:22:26,10252694,-1728.000,7714.000,2044.000,-16.000,0.000,6.000,0.000,-1.830,1
2026-01-31 14:22:26,10252734,-1696.000,7822.000,2039.000,-5.000,22.000,-6.000,0.000,-1.830,1
2026-01-31 14:22:26,10252774,-1758.000,7766.000,2068.000,-21.000,29.000,-18.000,0.000,-1.830,1
2026-01-31 14:22:26,10252814,-1739.000,7751.000,2039.000,-1.000,22.000,-14.000,0.000,-1.830,1
2026-01-31 14:22:26,10252854,-1764.000,7764.000,2036.000,-6.000,17.000,0.000,0.000,-1.830,1
2026-01-31 14:22:26,10252894,-1738.000,7779.000,2037.000,-33.000,-9.000,27.000,0.000,-1.830,1
2026-01-31 14:22:26,10252934,-1740.000,7754.000,2051.000,-28.000,3.000,24.000,0.000,-1.830,1
2026-01-31 14:22:26,10252974,-1744.000,7789.000,2049.000,5.000,19.000,12.000,0.000,-1.830,1
2026-01-31 14:22:26,10253014,-1747.000,7792.000,2006.000,-3.000,31.000,13.000,0.000,-1.830,1
2026-01-31 14:22:27,10253054,-1756.000,7740.000,2052.000,-61.000,8.000,42.000,0.000,-1.830,1
2026-01-31 14:22:27,10253094,-1741.000,7742.000,2062.000,-38.000,-2.000,53.000,0.000,-1.830,1
2026-01-31 14:22:27,10253134,-1743.000,7811.000,2042.000,-19.000,2.000,52.000,0.000,-1.830,1
2026-01-31 14:22:27,10253174,-1730.000,7731.000,2067.000,-21.000,-7.000,37.000,0.000,-1.830,1
2026-01-31 14:22:27,10253214,-1756.000,7744.000,2051.000,11.000,-16.000,39.000,0.000,-1.830,1
2026-01-31 14:22:27,10253254,-1679.000,7787.000,2036.000,26.000,-29.000,74.000,0.000,-1.830,1
2026-01-31 14:22:27,10253294,-1689.000,7765.000,2061.000,-7.000,-2.000,50.000,0.000,-1.830,1
2026-01-31 14:22:27,10253334,-1745.000,7754.000,2083.000,-30.000,-9.000,87.000,0.000,-1.830,1
2026-01-31 14:22:27,10253374,-1727.000,7818.000,2054.000,15.000,-10.000,82.000,0.000,-1.830,1
2026-01-31 14:22:27,10253414,-1621.000,7788.000,1998.000,-15.000,-28.000,69.000,0.000,-1.830,1
2026-01-31 14:22:27,10253454,-1671.000,7751.000,2038.000,-5.000,-17.000,50.000,0.000,-1.830,1
2026-01-31 14:22:27,10253494,-1655.000,7797.000,2070.000,-6.000,-21.000,33.000,0.000,-1.830,1
2026-01-31 14:22:27,10253534,-1678.000,7823.000,2052.000,-39.000,4.000,45.000,0.000,-8.270,1
2026-01-31 14:22:27,10253574,-1665.000,7768.000,2085.000,-67.000,-9.000,26.000,0.000,-8.270,1
2026-01-31 14:22:27,10253614,-1639.000,7780.000,2059.000,-22.000,-3.000,30.000,0.000,-8.270,1
2026-01-31 14:22:27,10253654,-1669.000,7723.000,2053.000,-33.000,13.000,-9.000,0.000,-8.270,1
2026-01-31 14:22:27,10253694,-1661.000,7766.000,2056.000,-15.000,22.000,0.000,0.000,-8.270,1
2026-01-31 14:22:27,10253734,-1648.000,7775.000,2049.000,-17.000,25.000,-13.000,0.000,-8.270,1
2026-01-31 14:22:27,10253774,-1689.000,7791.000,2062.000,-29.000,33.000,-24.000,0.000,-8.270,1
2026-01-31 14:22:27,10253814,-1678.000,7739.000,2084.000,-45.000,14.000,-12.000,0.000,-8.270,1
2026-01-31 14:22:27,10253854,-1656.000,7779.000,2072.000,4.000,23.000,-5.000,0.000,-8.270,1
2026-01-31 14:22:27,10253894,-1697.000,7768.000,2062.000,-10.000,33.000,-28.000,0.000,-8.270,1
2026-01-31 14:22:27,10253934,-1692.000,7722.000,2109.000,5.000,8.000,-18.000,0.000,-8.270,1
2026-01-31 14:22:27,10253974,-1687.000,7780.000,2054.000,70.000,7.000,4.000,0.000,-8.270,1
2026-01-31 14:22:27,10254014,-1646.000,7788.000,2056.000,20.000,8.000,0.000,0.000,-8.270,1
2026-01-31 14:22:28,10254054,-1697.000,7774.000,2077.000,4.000,32.000,-33.000,0.000,-8.270,1
2026-01-31 14:22:28,10254094,-1736.000,7773.000,2066.000,20.000,21.000,-22.000,0.000,-8.270,1
2026-01-31 14:22:28,10254134,-1673.000,7787.000,2022.000,47.000,9.000,-4.000,0.000,-8.270,1
2026-01-31 14:22:28,10254174,-1672.000,7795.000,2031.000,1.000,18.000,-19.000,0.000,-8.270,1
2026-01-31 14:22:28,10254214,-1720.000,7742.000,2075.000,-4.000,14.000,-15.000,0.000,-8.270,1
2026-01-31 14:22:28,10254254,-1710.000,7769.000,2048.000,21.000,12.000,-17.000,0.000,-8.270,1
2026-01-31 14:22:28,10254294,-1704.000,7818.000,2052.000,-7.000,12.000,-9.000,0.000,-8.270,1
2026-01-31 14:22:28,10254334,-1697.000,7740.000,2069.000,-12.000,17.000,-16.000,0.000,-8.270,1
2026-01-31 14:22:28,10254374,-1701.000,7767.000,2062.000,28.000,23.000,-4.000,0.000,-8.270,1
2026-01-31 14:22:28,10254414,-1695.000,7790.000,2051.000,14.000,30.000,-15.000,0.000,-8.270,1
2026-01-31 14:22:28,10254454,-1710.000,7742.000,2039.000,41.000,35.000,-3.000,0.000,-8.270,1
2026-01-31 14:22:28,10254494,-1707.000,7790.000,2036.000,50.000,29.000,0.000,0.000,-8.270,1
2026-01-31 14:22:28,10254534,-1713.000,7768.000,2040.000,-18.000,5.000,2.000,0.000,-10.150,1
2026-01-31 14:22:28,10254577,-1709.000,7796.000,2028.000,6.000,13.000,-15.000,0.000,-10.150,1
2026-01-31 14:22:28,10254614,-1707.000,7780.000,2020.000,-8.000,12.000,-25.000,0.000,-10.150,1
2026-01-31 14:22:28,10254654,-1722.000,7756.000,2045.000,-16.000,12.000,-39.000,0.000,-10.150,1
2026-01-31 14:22:28,10254694,-1749.000,7770.000,2020.000,-16.000,-41.000,11.000,0.000,-10.150,1
2026-01-31 14:22:28,10254734,-1656.000,7787.000,2035.000,-22.000,-31.000,41.000,0.000,-10.150,1
2026-01-31 14:22:28,10254774,-1717.000,7747.000,2024.000,-40.000,10.000,-13.000,0.000,-10.150,1
2026-01-31 14:22:28,10254814,-1748.000,7792.000,2095.000,-35.000,12.000,-12.000,0.000,-10.150,1
2026-01-31 14:22:28,10254854,-1724.000,7732.000,2045.000,-14.000,7.000,-21.000,0.000,-10.150,1
2026-01-31 14:22:28,10254894,-1677.000,7765.000,2043.000,-9.000,18.000,-13.000,0.000,-10.150,1
2026-01-31 14:22:28,10254934,-1747.000,7768.000,2032.000,-52.000,29.000,-18.000,0.000,-10.150,1
2026-01-31 14:22:28,10254974,-1727.000,7768.000,2076.000,-29.000,-1.000,-2.000,0.000,-10.150,1
2026-01-31 14:22:28,10255014,-1610.000,7659.000,2071.000,7.000,0.000,6.000,0.000,-10.150,1
2026-01-31 14:22:29,10255054,-1678.000,7961.000,2023.000,157.000,128.000,-120.000,0.000,-10.150,1
2026-01-31 14:22:29,10255094,-1687.000,7838.000,2079.000,-32.000,110.000,-51.000,0.000,-10.150,1
2026-01-31 14:22:29,10255134,-1783.000,7528.000,2010.000,-24.000,164.000,-141.000,0.000,-10.150,1
2026-01-31 14:22:29,10255174,-1984.000,7745.000,1992.000,-9.000,61.000,-87.000,0.000,-10.150,1
2026-01-31 14:22:29,10255214,-1890.000,7644.000,2051.000,-65.000,-144.000,22.000,0.000,-10.150,1
2026-01-31 14:22:29,10255254,-1729.000,7658.000,2010.000,108.000,-210.000,3.000,0.000,-10.150,1
2026-01-31 14:22:29,10255294,-1834.000,7963.000,2013.000,158.000,-133.000,14.000,0.000,-10.150,1
2026-01-31 14:22:29,10255334,-1865.000,7817.000,2078.000,105.000,-132.000,97.000,0.000,-10.150,1
2026-01-31 14:22:29,10255374,-1769.000,7865.000,1976.000,137.000,-111.000,131.000,0.000,-10.150,1
2026-01-31 14:22:29,10255414,-1732.000,7820.000,1931.000,6.000,-52.000,86.000,0.000,-10.150,1
2026-01-31 14:22:29,10255454,-1695.000,7765.000,1956.000,7.000,-83.000,44.000,0.000,-10.150,1
2026-01-31 14:22:29,10255494,-1583.000,7765.000,1971.000,9.000,-85.000,70.000,0.000,-10.150,1
2026-01-31 14:22:29,10255534,-1660.000,7817.000,2023.000,4.000,4.000,14.000,0.000,-3.840,1
2026-01-31 14:22:29,10255574,-1683.000,7852.000,2102.000,-130.000,10.000,36.000,0.000,-3.840,1
2026-01-31 14:22:29,10255614,-1621.000,7779.000,2069.000,-151.000,-9.000,55.000,0.000,-3.840,1
2026-01-31 14:22:29,10255654,-1600.000,7693.000,2040.000,-89.000,21.000,24.000,0.000,-3.840,1
2026-01-31 14:22:29,10255694,-1706.000,7783.000,2053.000,-53.000,49.000,35.000,0.000,-3.840,1
2026-01-31 14:22:29,10255734,-1681.000,7720.000,2054.000,-44.000,6.000,21.000,0.000,-3.840,1
2026-01-31 14:22:29,10255774,-1689.000,7751.000,2040.000,-38.000,28.000,-18.000,0.000,-3.840,1
2026-01-31 14:22:29,10255814,-1711.000,7754.000,2046.000,-17.000,54.000,-36.000,0.000,-3.840,1
2026-01-31 14:22:29,10255854,-1773.000,7788.000,2040.000,28.000,50.000,-46.000,0.000,-3.840,1
2026-01-31 14:22:29,10255894,-1741.000,7731.000,2011.000,44.000,23.000,-59.000,0.000,-3.840,1
2026-01-31 14:22:29,10255934,-1780.000,7776.000,2010.000,84.000,35.000,-72.000,0.000,-3.840,1
2026-01-31 14:22:29,10255974,-1808.000,7794.000,1991.000,32.000,10.000,-34.000,0.000,-3.840,1
2026-01-31 14:22:29,10256014,-1742.000,7722.000,2052.000,17.000,-39.000,20.000,0.000,-3.840,1
2026-01-31 14:22:30,10256054,-1699.000,7741.000,2038.000,102.000,-15.000,29.000,0.000,-3.840,1
2026-01-31 14:22:30,10256094,-1807.000,7894.000,1974.000,108.000,24.000,13.000,0.000,-3.840,1
2026-01-31 14:22:30,10256134,-1751.000,7787.000,1989.000,-49.000,-45.000,93.000,0.000,-3.840,1
2026-01-31 14:22:30,10256174,-1703.000,7724.000,2026.000,6.000,-56.000,96.000,0.000,-3.840,1
2026-01-31 14:22:30,10256214,-1692.000,7871.000,1954.000,78.000,-33.000,93.000,0.000,-3.840,1
2026-01-31 14:22:30,10256254,-1682.000,7858.000,1999.000,-61.000,-42.000,94.000,0.000,-3.840,1
2026-01-31 14:22:30,10256297,-1669.000,7756.000,2044.000,-57.000,-15.000,90.000,0.000,-3.840,1
2026-01-31 14:22:30,10256336,-1639.000,7799.000,1959.000,-39.000,14.000,62.000,0.000,-3.840,1
2026-01-31 14:22:30,10256374,-1658.000,7778.000,1958.000,-69.000,36.000,43.000,0.000,-3.840,1
2026-01-31 14:22:30,10256414,-1635.000,7739.000,2033.000,-68.000,48.000,38.000,0.000,-3.840,1
2026-01-31 14:22:30,10256454,-1681.000,7822.000,2036.000,-16.000,47.000,-1.000,0.000,-3.840,1
2026-01-31 14:22:30,10256494,-1683.000,7789.000,2032.000,26.000,50.000,3.000,0.000,-3.840,1
2026-01-31 14:22:30,10256534,-1700.000,7885.000,2014.000,-28.000,22.000,40.000,0.000,-3.020,1
2026-01-31 14:22:30,10256577,-1590.000,7738.000,2089.000,-50.000,-40.000,64.000,0.000,-3.020,1
2026-01-31 14:22:30,10256614,-1646.000,7842.000,2026.000,117.000,72.000,33.000,0.000,-3.020,1
2026-01-31 14:22:30,10256654,-1705.000,7861.000,1951.000,15.000,18.000,34.000,0.000,-3.020,1
2026-01-31 14:22:30,10256694,-1622.000,7801.000,2008.000,-115.000,-31.000,74.000,0.000,-3.020,1
2026-01-31 14:22:30,10256734,-1594.000,7746.000,2066.000,-127.000,-3.000,61.000,0.000,-3.020,1
2026-01-31 14:22:30,10256774,-1676.000,7765.000,2035.000,-33.000,27.000,-6.000,0.000,-3.020,1
2026-01-31 14:22:30,10256814,-1667.000,7804.000,2014.000,-60.000,0.000,25.000,0.000,-3.020,1
2026-01-31 14:22:30,10256854,-1648.000,7797.000,2055.000,-81.000,3.000,21.000,0.000,-3.020,1
2026-01-31 14:22:30,10256894,-1653.000,7706.000,2073.000,-65.000,-20.000,20.000,0.000,-3.020,1
2026-01-31 14:22:30,10256934,-1593.000,7773.000,2050.000,-23.000,-22.000,44.000,0.000,-3.020,1
2026-01-31 14:22:30,10256974,-1683.000,7867.000,2023.000,21.000,-6.000,71.000,0.000,-3.020,1
2026-01-31 14:22:30,10257014,-1664.000,7731.000,2078.000,-92.000,-53.000,66.000,0.000,-3.020,1
2026-01-31 14:22:31,10257054,-1535.000,8030.000,2031.000,0.000,-22.000,85.000,0.000,-3.020,1
2026-01-31 14:22:31,10257094,-1364.000,7692.000,2017.000,-56.000,106.000,-134.000,0.000,-3.020,1
2026-01-31 14:22:31,10257134,-1508.000,7706.000,2052.000,136.000,222.000,-337.000,0.000,-3.020,1
2026-01-31 14:22:31,10257174,-1613.000,7681.000,2075.000,192.000,280.000,-316.000,0.000,-3.020,1
2026-01-31 14:22:31,10257214,-1730.000,7643.000,2106.000,177.000,247.000,-263.000,0.000,-3.020,1
2026-01-31 14:22:31,10257254,-1798.000,7831.000,2069.000,141.000,202.000,-148.000,0.000,-3.020,1
2026-01-31 14:22:31,10257294,-1855.000,7793.000,2059.000,11.000,131.000,-103.000,0.000,-3.020,1
2026-01-31 14:22:31,10257334,-1878.000,7746.000,2003.000,24.000,67.000,-41.000,0.000,-3.020,1
2026-01-31 14:22:31,10257374,-1791.000,7680.000,1988.000,-38.000,63.000,17.000,0.000,-3.020,1
2026-01-31 14:22:31,10257414,-1737.000,7866.000,1936.000,57.000,60.000,-75.000,0.000,-3.020,1
2026-01-31 14:22:31,10257454,-1723.000,7665.000,1899.000,109.000,54.000,-167.000,0.000,-3.020,1
2026-01-31 14:22:31,10257494,-1764.000,7811.000,1927.000,197.000,88.000,-159.000,0.000,-3.020,1
2026-01-31 14:22:31,10257534,-1877.000,7836.000,1978.000,124.000,136.000,-196.000,0.000,-8.380,1
2026-01-31 14:22:31,10257574,-1942.000,7844.000,1927.000,21.000,116.000,-165.000,0.000,-8.380,1
2026-01-31 14:22:31,10257614,-1930.000,7731.000,1922.000,-48.000,9.000,-93.000,0.000,-8.380,1
2026-01-31 14:22:31,10257654,-1907.000,7741.000,1898.000,4.000,-54.000,1.000,0.000,-8.380,1
2026-01-31 14:22:31,10257694,-1821.000,7706.000,1910.000,-7.000,-81.000,31.000,0.000,-8.380,1
2026-01-31 14:22:31,10257734,-1814.000,7793.000,1997.000,-7.000,-66.000,22.000,0.000,-8.380,1
2026-01-31 14:22:31,10257774,-1772.000,7826.000,1955.000,11.000,-21.000,38.000,0.000,-8.380,1
2026-01-31 14:22:31,10257814,-1812.000,7811.000,1921.000,-24.000,38.000,25.000,0.000,-8.380,1
2026-01-31 14:22:31,10257854,-1832.000,7726.000,1943.000,-68.000,21.000,25.000,0.000,-8.380,1
2026-01-31 14:22:31,10257894,-1835.000,7724.000,1938.000,6.000,20.000,13.000,0.000,-8.380,1
2026-01-31 14:22:31,10257934,-1816.000,7774.000,1933.000,26.000,17.000,2.000,0.000,-8.380,1
2026-01-31 14:22:31,10257974,-1833.000,7774.000,1948.000,48.000,15.000,-21.000,0.000,-8.380,1
2026-01-31 14:22:31,10258014,-1853.000,7801.000,1948.000,64.000,2.000,-8.000,0.000,-8.380,1
2026-01-31 14:22:32,10258054,-1833.000,7809.000,1916.000,12.000,-10.000,1.000,0.000,-8.380,1
2026-01-31 14:22:32,10258094,-1858.000,7776.000,1926.000,-28.000,-6.000,-4.000,0.000,-8.380,1
2026-01-31 14:22:32,10258134,-1845.000,7808.000,1911.000,-14.000,7.000,-30.000,0.000,-8.380,1
2026-01-31 14:22:32,10258174,-1880.000,7751.000,1903.000,-56.000,-3.000,-19.000,0.000,-8.380,1
2026-01-31 14:22:32,10258214,-1817.000,7827.000,1924.000,-145.000,-20.000,1.000,0.000,-8.380,1
2026-01-31 14:22:32,10258254,-1852.000,7704.000,1981.000,-143.000,22.000,-18.000,0.000,-8.380,1
2026-01-31 14:22:32,10258297,-1863.000,7780.000,2019.000,-239.000,20.000,18.000,0.000,-8.380,1
2026-01-31 14:22:32,10258339,-1846.000,7738.000,2009.000,-112.000,34.000,3.000,0.000,-8.380,1
2026-01-31 14:22:32,10258374,-1873.000,7700.000,1964.000,-113.000,33.000,15.000,0.000,-8.380,1
2026-01-31 14:22:32,10258414,-1796.000,7683.000,2042.000,-94.000,32.000,39.000,0.000,-8.380,1
2026-01-31 14:22:32,10258454,-1915.000,7776.000,2015.000,56.000,52.000,-32.000,0.000,-8.380,1
2026-01-31 14:22:32,10258494,-1868.000,7631.000,1992.000,114.000,-45.000,52.000,0.000,-8.380,1
2026-01-31 14:22:32,10258534,-1815.000,7783.000,2018.000,-54.000,10.000,-49.000,0.000,1.810,1
2026-01-31 14:22:32,10258577,-1814.000,7730.000,1944.000,-71.000,-53.000,17.000,0.000,1.810,1
2026-01-31 14:22:32,10258614,-1814.000,7726.000,2025.000,-86.000,-52.000,0.000,0.000,1.810,1
2026-01-31 14:22:32,10258654,-1820.000,7673.000,2042.000,39.000,-26.000,-7.000,0.000,1.810,1
2026-01-31 14:22:32,10258694,-1837.000,7786.000,1997.000,120.000,-3.000,15.000,0.000,1.810,1
2026-01-31 14:22:32,10258734,-1866.000,7739.000,2040.000,94.000,-10.000,-2.000,0.000,1.810,1
2026-01-31 14:22:32,10258774,-1815.000,7776.000,1957.000,228.000,17.000,-1.000,0.000,1.810,1
2026-01-31 14:22:32,10258814,-1867.000,7779.000,1935.000,142.000,30.000,-31.000,0.000,1.810,1
2026-01-31 14:22:32,10258854,-1800.000,7781.000,1905.000,175.000,5.000,19.000,0.000,1.810,1
2026-01-31 14:22:32,10258894,-1866.000,7750.000,1928.000,103.000,14.000,17.000,0.000,1.810,1
2026-01-31 14:22:32,10258934,-1842.000,7826.000,1893.000,61.000,8.000,34.000,0.000,1.810,1
2026-01-31 14:22:32,10258974,-1855.000,7781.000,1924.000,-19.000,15.000,30.000,0.000,1.810,1
2026-01-31 14:22:32,10259014,-1833.000,7788.000,1917.000,-3.000,28.000,17.000,0.000,1.810,1
2026-01-31 14:22:33,10259054,-1832.000,7782.000,1886.000,-20.000,17.000,8.000,0.000,1.810,1
2026-01-31 14:22:33,10259094,-1867.000,7751.000,1941.000,-80.000,5.000,7.000,0.000,1.810,1
2026-01-31 14:22:33,10259134,-1844.000,7786.000,1937.000,-34.000,-10.000,20.000,0.000,1.810,1
2026-01-31 14:22:33,10259174,-1818.000,7761.000,1906.000,-47.000,-22.000,33.000,0.000,1.810,1
2026-01-31 14:22:33,10259214,-1771.000,7784.000,1933.000,-48.000,3.000,21.000,0.000,1.810,1
2026-01-31 14:22:33,10259254,-1878.000,7775.000,1949.000,-30.000,48.000,-14.000,0.000,1.810,1
2026-01-31 14:22:33,10259294,-1824.000,7760.000,1946.000,-33.000,-21.000,20.000,0.000,1.810,1
2026-01-31 14:22:33,10259334,-1792.000,7796.000,1899.000,-20.000,21.000,8.000,0.000,1.810,1
2026-01-31 14:22:33,10259374,-1861.000,7755.000,1948.000,-95.000,12.000,-18.000,0.000,1.810,1
2026-01-31 14:22:33,10259414,-1823.000,7736.000,1959.000,-40.000,-1.000,30.000,0.000,1.810,1
2026-01-31 14:22:33,10259454,-1788.000,7791.000,1930.000,-12.000,20.000,15.000,0.000,1.810,1
2026-01-31 14:22:33,10259494,-1865.000,7781.000,1965.000,-51.000,24.000,-17.000,0.000,1.810,1
2026-01-31 14:22:33,10259534,-1857.000,7787.000,1966.000,-42.000,0.000,10.000,0.000,-4.900,1
2026-01-31 14:22:33,10259574,-1847.000,7725.000,1964.000,-11.000,-2.000,20.000,0.000,-4.900,1
2026-01-31 14:22:33,10259614,-1830.000,7765.000,1945.000,-10.000,-4.000,40.000,0.000,-4.900,1
2026-01-31 14:22:33,10259654,-1795.000,7778.000,1955.000,-25.000,-7.000,48.000,0.000,-4.900,1
2026-01-31 14:22:33,10259694,-1822.000,7782.000,1972.000,25.000,11.000,23.000,0.000,-4.900,1
2026-01-31 14:22:33,10259734,-1819.000,7749.000,1951.000,29.000,-1.000,32.000,0.000,-4.900,1
2026-01-31 14:22:33,10259774,-1836.000,7766.000,1959.000,13.000,5.000,57.000,0.000,-4.900,1
2026-01-31 14:22:33,10259814,-1802.000,7823.000,1942.000,6.000,-15.000,79.000,0.000,-4.900,1
2026-01-31 14:22:33,10259854,-1803.000,7773.000,1955.000,-16.000,-21.000,46.000,0.000,-4.900,1
2026-01-31 14:22:33,10259894,-1794.000,7772.000,1940.000,0.000,-18.000,44.000,0.000,-4.900,1
2026-01-31 14:22:33,10259934,-1785.000,7778.000,1955.000,-26.000,-11.000,32.000,0.000,-4.900,1
2026-01-31 14:22:33,10259974,-1787.000,7752.000,1949.000,-12.000,-19.000,32.000,0.000,-4.900,1
2026-01-31 14:22:33,10260014,-1762.000,7838.000,1934.000,1.000,-17.000,40.000,0.000,-4.900,1
2026-01-31 14:22:34,10260054,-1808.000,7777.000,1986.000,-41.000,18.000,5.000,0.000,-4.900,1
2026-01-31 14:22:34,10260094,-1823.000,7773.000,1957.000,-36.000,-5.000,20.000,0.000,-4.900,1
2026-01-31 14:22:34,10260134,-1739.000,7795.000,1931.000,-19.000,-9.000,32.000,0.000,-4.900,1
2026-01-31 14:22:34,10260174,-1744.000,7776.000,1938.000,-36.000,7.000,17.000,0.000,-4.900,1
2026-01-31 14:22:34,10260214,-1790.000,7757.000,1983.000,-65.000,13.000,2.000,0.000,-4.900,1
2026-01-31 14:22:34,10260254,-1771.000,7769.000,1977.000,-35.000,9.000,7.000,0.000,-4.900,1
2026-01-31 14:22:34,10260294,-1761.000,7758.000,1979.000,-30.000,22.000,-3.000,0.000,-4.900,1
2026-01-31 14:22:34,10260337,-1807.000,7774.000,1979.000,-23.000,20.000,-6.000,0.000,-4.900,1
2026-01-31 14:22:34,10260376,-1782.000,7740.000,1996.000,-27.000,1.000,4.000,0.000,-4.900,1
2026-01-31 14:22:34,10260414,-1780.000,7759.000,1991.000,-9.000,-1.000,-8.000,0.000,-4.900,1
2026-01-31 14:22:34,10260454,-1779.000,7769.000,1957.000,13.000,19.000,0.000,0.000,-4.900,1
2026-01-31 14:22:34,10260494,-1785.000,7756.000,1985.000,1.000,16.000,-16.000,0.000,-4.900,1
2026-01-31 14:22:34,10260534,-1784.000,7759.000,1984.000,15.000,17.000,-12.000,0.000,-1.570,1
2026-01-31 14:22:34,10260577,-1792.000,7774.000,1959.000,10.000,26.000,-19.000,0.000,-1.570,1
2026-01-31 14:22:34,10260614,-1807.000,7777.000,1952.000,5.000,22.000,-23.000,0.000,-1.570,1
2026-01-31 14:22:34,10260654,-1805.000,7745.000,1975.000,-1.000,19.000,-27.000,0.000,-1.570,1
2026-01-31 14:22:34,10260694,-1797.000,7755.000,1973.000,37.000,13.000,-23.000,0.000,-1.570,1
2026-01-31 14:22:34,10260734,-1802.000,7790.000,1973.000,23.000,22.000,-23.000,0.000,-1.570,1
2026-01-31 14:22:34,10260774,-1815.000,7777.000,1954.000,11.000,5.000,-20.000,0.000,-1.570,1
2026-01-31 14:22:34,10260814,-1771.000,7777.000,1955.000,-14.000,3.000,-2.000,0.000,-1.570,1
2026-01-31 14:22:34,10260854,-1794.000,7761.000,1961.000,-21.000,41.000,-31.000,0.000,-1.570,1
2026-01-31 14:22:34,10260894,-1847.000,7795.000,1960.000,-25.000,43.000,-33.000,0.000,-1.570,1
2026-01-31 14:22:34,10260934,-1807.000,7793.000,1952.000,-27.000,8.000,-22.000,0.000,-1.570,1
2026-01-31 14:22:34,10260974,-1772.000,7754.000,1955.000,-41.000,19.000,-20.000,0.000,-1.570,1
2026-01-31 14:22:34,10261014,-1822.000,7769.000,1970.000,-49.000,33.000,-42.000,0.000,-1.570,1
2026-01-31 14:22:35,10261054,-1820.000,7798.000,1972.000,-28.000,36.000,-4.000,0.000,-1.570,1
2026-01-31 14:22:35,10261094,-1809.000,7776.000,1980.000,-81.000,15.000,-43.000,0.000,-1.570,1
2026-01-31 14:22:35,10261134,-1847.000,7764.000,1987.000,-42.000,26.000,-34.000,0.000,-1.570,1
2026-01-31 14:22:35,10261174,-1820.000,7694.000,1989.000,-61.000,8.000,-24.000,0.000,-1.570,1
2026-01-31 14:22:35,10261214,-1845.000,7673.000,2018.000,-43.000,19.000,4.000,0.000,-1.570,1
2026-01-31 14:22:35,10261254,-1867.000,7850.000,1986.000,10.000,17.000,26.000,0.000,-1.570,1
2026-01-31 14:22:35,10261294,-1835.000,7760.000,1980.000,-1.000,-8.000,23.000,0.000,-1.570,1
2026-01-31 14:22:35,10261334,-1793.000,7838.000,2022.000,-45.000,30.000,22.000,0.000,-1.570,1
2026-01-31 14:22:35,10261374,-1839.000,7549.000,1987.000,103.000,12.000,10.000,0.000,-1.570,1
2026-01-31 14:22:35,10261414,-1755.000,7897.000,1949.000,169.000,-62.000,78.000,0.000,-1.570,1
2026-01-31 14:22:35,10261454,-1906.000,7763.000,1989.000,0.000,3.000,-69.000,0.000,-1.570,1
2026-01-31 14:22:35,10261494,-1807.000,7784.000,1912.000,5.000,-23.000,26.000,0.000,-1.570,1
2026-01-31 14:22:35,10261534,-1785.000,7745.000,1996.000,-146.000,4.000,9.000,0.000,4.850,1
2026-01-31 14:22:35,10261574,-1858.000,7841.000,1982.000,-40.000,23.000,20.000,0.000,4.850,1
2026-01-31 14:22:35,10261614,-1809.000,7796.000,1973.000,-109.000,-11.000,16.000,0.000,4.850,1
2026-01-31 14:22:35,10261654,-1784.000,7721.000,2008.000,-127.000,17.000,4.000,0.000,4.850,1
2026-01-31 14:22:35,10261694,-1839.000,7721.000,2004.000,-73.000,63.000,-18.000,0.000,4.850,1
2026-01-31 14:22:35,10261734,-1884.000,7789.000,2027.000,-67.000,32.000,12.000,0.000,4.850,1
2026-01-31 14:22:35,10261774,-1820.000,7773.000,2015.000,-63.000,-16.000,20.000,0.000,4.850,1
2026-01-31 14:22:35,10261814,-1775.000,7747.000,2004.000,-47.000,27.000,-8.000,0.000,4.850,1
2026-01-31 14:22:35,10261854,-1859.000,7717.000,2040.000,-48.000,26.000,-20.000,0.000,4.850,1
2026-01-31 14:22:35,10261894,-1813.000,7744.000,2025.000,-2.000,7.000,19.000,0.000,4.850,1
2026-01-31 14:22:35,10261934,-1824.000,7795.000,2028.000,-19.000,45.000,-2.000,0.000,4.850,1
2026-01-31 14:22:35,10261974,-1880.000,7753.000,2048.000,34.000,25.000,14.000,0.000,4.850,1
2026-01-31 14:22:35,10262014,-1802.000,7806.000,2005.000,-60.000,-24.000,57.000,0.000,4.850,1
2026-01-31 14:22:36,10262054,-1832.000,7754.000,2091.000,-89.000,33.000,-10.000,0.000,4.850,1
2026-01-31 14:22:36,10262094,-1864.000,7623.000,2055.000,22.000,43.000,5.000,0.000,4.850,1
2026-01-31 14:22:36,10262134,-1836.000,7713.000,2024.000,219.000,30.000,-37.000,0.000,4.850,1
2026-01-31 14:22:36,10262174,-1813.000,7779.000,1897.000,174.000,-42.000,94.000,0.000,4.850,1
2026-01-31 14:22:36,10262214,-1800.000,8006.000,2122.000,-192.000,-12.000,-1.000,0.000,4.850,1
2026-01-31 14:22:36,10262254,-1853.000,7563.000,2028.000,23.000,43.000,-82.000,0.000,4.850,1
2026-01-31 14:22:36,10262294,-1777.000,7789.000,1923.000,25.000,-5.000,35.000,0.000,4.850,1
2026-01-31 14:22:36,10262339,-1868.000,7806.000,2009.000,94.000,-1.000,27.000,0.000,4.850,1
2026-01-31 14:22:36,10262374,-1807.000,7816.000,1986.000,71.000,-28.000,38.000,0.000,4.850,1
2026-01-31 14:22:36,10262414,-1816.000,7748.000,2021.000,-45.000,1.000,3.000,0.000,4.850,1
2026-01-31 14:22:36,10262454,-1824.000,7718.000,2054.000,-4.000,9.000,1.000,0.000,4.850,1
2026-01-31 14:22:36,10262494,-1807.000,7760.000,1973.000,46.000,6.000,8.000,0.000,4.850,1
2026-01-31 14:22:36,10262534,-1818.000,7754.000,1993.000,2.000,10.000,3.000,0.000,0.000,1
2026-01-31 14:22:36,10262577,-1866.000,7763.000,2043.000,-11.000,5.000,7.000,0.000,0.000,1
2026-01-31 14:22:36,10262614,-1857.000,7743.000,2023.000,-10.000,-13.000,17.000,0.000,0.000,1
2026-01-31 14:22:36,10262654,-1771.000,7767.000,1982.000,14.000,-6.000,27.000,0.000,0.000,1
2026-01-31 14:22:36,10262694,-1822.000,7758.000,2009.000,2.000,37.000,-19.000,0.000,0.000,1
2026-01-31 14:22:36,10262734,-1833.000,7740.000,2009.000,38.000,-6.000,13.000,0.000,0.000,1
2026-01-31 14:22:36,10262774,-1810.000,7758.000,2006.000,16.000,22.000,2.000,0.000,0.000,1
2026-01-31 14:22:36,10262814,-1861.000,7767.000,2014.000,-3.000,25.000,0.000,0.000,0.000,1
2026-01-31 14:22:36,10262854,-1860.000,7731.000,2015.000,13.000,-6.000,16.000,0.000,0.000,1
2026-01-31 14:22:36,10262894,-1824.000,7758.000,2001.000,61.000,-21.000,25.000,0.000,0.000,1
2026-01-31 14:22:36,10262934,-1820.000,7748.000,1997.000,49.000,-1.000,10.000,0.000,0.000,1
2026-01-31 14:22:36,10262974,-1824.000,7757.000,1980.000,42.000,-9.000,20.000,0.000,0.000,1
2026-01-31 14:22:36,10263014,-1837.000,7776.000,1989.000,38.000,5.000,17.000,0.000,0.000,1
2026-01-31 14:22:37,10263054,-1819.000,7765.000,1979.000,13.000,-9.000,27.000,0.000,0.000,1
2026-01-31 14:22:37,10263094,-1815.000,7771.000,1979.000,10.000,3.000,12.000,0.000,0.000,1
2026-01-31 14:22:37,10263134,-1831.000,7765.000,1972.000,-26.000,2.000,17.000,0.000,0.000,1
2026-01-31 14:22:37,10263174,-1820.000,7759.000,1978.000,-50.000,-15.000,18.000,0.000,0.000,1
2026-01-31 14:22:37,10263214,-1813.000,7780.000,1979.000,-41.000,-16.000,18.000,0.000,0.000,1
2026-01-31 14:22:37,10263254,-1799.000,7703.000,2001.000,-73.000,-9.000,31.000,0.000,0.000,1
2026-01-31 14:22:37,10263294,-1787.000,7902.000,1992.000,-49.000,24.000,27.000,0.000,0.000,1
2026-01-31 14:22:37,10263334,-1821.000,7677.000,1985.000,-133.000,35.000,0.000,0.000,0.000,1
2026-01-31 14:22:37,10263374,-1864.000,7698.000,2050.000,2.000,26.000,-3.000,0.000,0.000,1
2026-01-31 14:22:37,10263414,-1726.000,7686.000,1959.000,173.000,-42.000,66.000,0.000,0.000,1
2026-01-31 14:22:37,10263454,-1820.000,7958.000,2040.000,74.000,23.000,-31.000,0.000,0.000,1
2026-01-31 14:22:37,10263494,-1798.000,7751.000,1915.000,-14.000,-59.000,17.000,0.000,0.000,1
2026-01-31 14:22:37,10263534,-1695.000,7742.000,1986.000,-149.000,4.000,-4.000,0.000,-0.660,1
2026-01-31 14:22:37,10263574,-1864.000,7702.000,2020.000,-110.000,57.000,-33.000,0.000,-0.660,1
2026-01-31 14:22:37,10263614,-1849.000,7815.000,2000.000,-66.000,8.000,7.000,0.000,-0.660,1
2026-01-31 14:22:37,10263654,-1765.000,7743.000,2036.000,-131.000,-21.000,6.000,0.000,-0.660,1
2026-01-31 14:22:37,10263694,-1806.000,7740.000,2080.000,-69.000,29.000,-29.000,0.000,-0.660,1
2026-01-31 14:22:37,10263734,-1848.000,7737.000,2037.000,-1.000,62.000,-34.000,0.000,-0.660,1
2026-01-31 14:22:37,10263774,-1868.000,7718.000,2027.000,-16.000,8.000,-4.000,0.000,-0.660,1
2026-01-31 14:22:37,10263814,-1810.000,7734.000,2036.000,5.000,2.000,-2.000,0.000,-0.660,1
2026-01-31 14:22:37,10263854,-1835.000,7769.000,2011.000,14.000,11.000,7.000,0.000,-0.660,1
2026-01-31 14:22:37,10263894,-1824.000,7754.000,2042.000,-47.000,12.000,10.000,0.000,-0.660,1
2026-01-31 14:22:37,10263934,-1816.000,7744.000,2059.000,-46.000,17.000,27.000,0.000,-0.660,1
2026-01-31 14:22:37,10263974,-1876.000,7517.000,2080.000,162.000,-18.000,0.000,0.000,-0.660,1
2026-01-31 14:22:37,10264014,-1749.000,8215.000,1966.000,387.000,-44.000,79.000,0.000,-0.660,1
2026-01-31 14:22:38,10264054,-1929.000,7765.000,1975.000,14.000,30.000,-150.000,0.000,-0.660,1
2026-01-31 14:22:38,10264094,-1791.000,7732.000,1935.000,-16.000,-65.000,32.000,0.000,-0.660,1
2026-01-31 14:22:38,10264134,-1788.000,7718.000,2013.000,-191.000,-56.000,-21.000,0.000,-0.660,1
2026-01-31 14:22:38,10264174,-1792.000,7697.000,2064.000,9.000,-8.000,18.000,0.000,-0.660,1
2026-01-31 14:22:38,10264214,-1848.000,7901.000,1951.000,17.000,6.000,16.000,0.000,-0.660,1
2026-01-31 14:22:38,10264254,-1798.000,7576.000,2060.000,-127.000,29.000,27.000,0.000,-0.660,1
2026-01-31 14:22:38,10264294,-1875.000,7876.000,2047.000,-20.000,72.000,-26.000,0.000,-0.660,1
2026-01-31 14:22:38,10264334,-1891.000,7671.000,2005.000,8.000,32.000,12.000,0.000,-0.660,1
2026-01-31 14:22:38,10264374,-1771.000,7840.000,1973.000,-28.000,-9.000,52.000,0.000,-0.660,1
2026-01-31 14:22:38,10264414,-1803.000,7674.000,2058.000,-131.000,18.000,0.000,0.000,-0.660,1
2026-01-31 14:22:38,10264454,-1825.000,7770.000,2040.000,-20.000,20.000,24.000,0.000,-0.660,1
2026-01-31 14:22:38,10264494,-1802.000,7751.000,2025.000,-7.000,19.000,17.000,0.000,-0.660,1
2026-01-31 14:22:38,10264534,-1832.000,7773.000,2053.000,-26.000,33.000,4.000,0.000,0.980,1
2026-01-31 14:22:38,10264578,-1841.000,7730.000,2048.000,17.000,16.000,13.000,0.000,0.980,1
2026-01-31 14:22:38,10264617,-1798.000,7741.000,2040.000,-3.000,-1.000,12.000,0.000,0.980,1
2026-01-31 14:22:38,10264654,-1809.000,7722.000,2047.000,12.000,14.000,-2.000,0.000,0.980,1
2026-01-31 14:22:38,10264694,-1816.000,7759.000,2019.000,18.000,16.000,3.000,0.000,0.980,1
2026-01-31 14:22:38,10264734,-1825.000,7739.000,2040.000,1.000,24.000,-4.000,0.000,0.980,1
2026-01-31 14:22:38,10264774,-1835.000,7761.000,2025.000,12.000,18.000,4.000,0.000,0.980,1
2026-01-31 14:22:38,10264814,-1823.000,7764.000,2018.000,-16.000,12.000,-3.000,0.000,0.980,1
2026-01-31 14:22:38,10264854,-1827.000,7733.000,2024.000,-18.000,6.000,-3.000,0.000,0.980,1
2026-01-31 14:22:38,10264894,-1835.000,7757.000,2025.000,-18.000,9.000,3.000,0.000,0.980,1
2026-01-31 14:22:38,10264934,-1833.000,7783.000,2021.000,-20.000,5.000,11.000,0.000,0.980,1
2026-01-31 14:22:38,10264974,-1836.000,7813.000,2012.000,-94.000,8.000,23.000,0.000,0.980,1
2026-01-31 14:22:38,10265014,-1848.000,7695.000,2076.000,-289.000,-36.000,34.000,0.000,0.980,1
2026-01-31 14:22:39,10265054,-1752.000,7678.000,2083.000,-141.000,-27.000,63.000,0.000,0.980,1
2026-01-31 14:22:39,10265094,-1767.000,7717.000,2099.000,-68.000,44.000,23.000,0.000,0.980,1
2026-01-31 14:22:39,10265134,-1904.000,7759.000,2094.000,-114.000,57.000,22.000,0.000,0.980,1
2026-01-31 14:22:39,10265174,-1863.000,7798.000,2089.000,-133.000,-25.000,98.000,0.000,0.980,1
2026-01-31 14:22:39,10265214,-1734.000,7780.000,2090.000,-266.000,-46.000,98.000,0.000,0.980,1
2026-01-31 14:22:39,10265254,-1722.000,7627.000,2157.000,-245.000,-19.000,35.000,0.000,0.980,1
2026-01-31 14:22:39,10265294,-1803.000,7734.000,2160.000,-151.000,-5.000,65.000,0.000,0.980,1
2026-01-31 14:22:39,10265334,-1761.000,7705.000,2192.000,-176.000,-53.000,117.000,0.000,0.980,1
2026-01-31 14:22:39,10265374,-1703.000,7728.000,2219.000,-109.000,-24.000,64.000,0.000,0.980,1
2026-01-31 14:22:39,10265414,-1789.000,7722.000,2181.000,19.000,22.000,-13.000,0.000,0.980,1
2026-01-31 14:22:39,10265454,-1778.000,7692.000,2155.000,-58.000,-3.000,22.000,0.000,0.980,1
2026-01-31 14:22:39,10265494,-1740.000,7703.000,2216.000,-115.000,-12.000,46.000,0.000,0.980,1
2026-01-31 14:22:39,10265534,-1740.000,7738.000,2219.000,-64.000,3.000,16.000,0.000,-0.770,1
2026-01-31 14:22:39,10265574,-1753.000,7662.000,2219.000,33.000,38.000,15.000,0.000,-0.770,1
2026-01-31 14:22:39,10265614,-1738.000,7894.000,2236.000,26.000,36.000,5.000,0.000,-0.770,1
2026-01-31 14:22:39,10265654,-1812.000,7514.000,2179.000,165.000,32.000,13.000,0.000,-0.770,1
2026-01-31 14:22:39,10265694,-1631.000,7977.000,2197.000,83.000,-76.000,17.000,0.000,-0.770,1
2026-01-31 14:22:39,10265734,-1831.000,7596.000,2237.000,53.000,41.000,-167.000,0.000,-0.770,1
2026-01-31 14:22:39,10265774,-1698.000,7633.000,2122.000,250.000,-17.000,-17.000,0.000,-0.770,1
2026-01-31 14:22:39,10265814,-1774.000,7584.000,2142.000,179.000,-2.000,-24.000,0.000,-0.770,1
2026-01-31 14:22:39,10265854,-1805.000,7865.000,2094.000,315.000,9.000,-16.000,0.000,-0.770,1
2026-01-31 14:22:39,10265894,-1779.000,7834.000,2070.000,112.000,12.000,-10.000,0.000,-0.770,1
2026-01-31 14:22:39,10265934,-1819.000,7651.000,2111.000,56.000,34.000,-33.000,0.000,-0.770,1
2026-01-31 14:22:39,10265974,-1795.000,7775.000,2074.000,155.000,24.000,-16.000,0.000,-0.770,1
2026-01-31 14:22:39,10266014,-1805.000,7836.000,2006.000,117.000,48.000,-53.000,0.000,-0.770,1
2026-01-31 14:22:40,10266054,-1798.000,7710.000,2026.000,-15.000,10.000,-37.000,0.000,-0.770,1
2026-01-31 14:22:40,10266094,-1788.000,7737.000,2084.000,4.000,7.000,-10.000,0.000,-0.770,1
2026-01-31 14:22:40,10266134,-1798.000,7769.000,2018.000,25.000,38.000,-12.000,0.000,-0.770,1
2026-01-31 14:22:40,10266174,-1787.000,7755.000,2075.000,-40.000,10.000,-6.000,0.000,-0.770,1
2026-01-31 14:22:40,10266214,-1854.000,7689.000,2071.000,-4.000,14.000,-21.000,0.000,-0.770,1
2026-01-31 14:22:40,10266254,-1768.000,7844.000,2067.000,91.000,6.000,19.000,0.000,-0.770,1
2026-01-31 14:22:40,10266294,-1820.000,7743.000,2021.000,8.000,22.000,-35.000,0.000,-0.770,1
2026-01-31 14:22:40,10266337,-1792.000,7798.000,2007.000,31.000,5.000,32.000,0.000,-0.770,1
2026-01-31 14:22:40,10266374,-1806.000,7810.000,2001.000,-74.000,1.000,12.000,0.000,-0.770,1
2026-01-31 14:22:40,10266414,-1811.000,7652.000,2086.000,-13.000,20.000,16.000,0.000,-0.770,1
2026-01-31 14:22:40,10266454,-1823.000,7871.000,2044.000,78.000,24.000,20.000,0.000,-0.770,1
2026-01-31 14:22:40,10266494,-1793.000,7667.000,2056.000,19.000,15.000,-18.000,0.000,-0.770,1
2026-01-31 14:22:40,10266534,-1829.000,7746.000,2008.000,60.000,-12.000,0.000,0.000,6.210,1
2026-01-31 14:22:40,10266578,-1824.000,7750.000,2040.000,-18.000,10.000,-4.000,0.000,6.210,1
2026-01-31 14:22:40,10266614,-1839.000,7771.000,2054.000,-7.000,8.000,9.000,0.000,6.210,1
2026-01-31 14:22:40,10266654,-1808.000,7769.000,2012.000,-39.000,-15.000,23.000,0.000,6.210,1
2026-01-31 14:22:40,10266694,-1765.000,7768.000,2040.000,-94.000,3.000,9.000,0.000,6.210,1
2026-01-31 14:22:40,10266734,-1831.000,7717.000,2063.000,-86.000,56.000,-35.000,0.000,6.210,1
2026-01-31 14:22:40,10266774,-1863.000,7726.000,2077.000,-52.000,18.000,17.000,0.000,6.210,1
2026-01-31 14:22:40,10266814,-1769.000,7756.000,2059.000,1.000,-10.000,25.000,0.000,6.210,1
2026-01-31 14:22:40,10266854,-1811.000,7768.000,2034.000,-16.000,43.000,-29.000,0.000,6.210,1
2026-01-31 14:22:40,10266894,-1833.000,7745.000,2052.000,-41.000,18.000,-12.000,0.000,6.210,1
2026-01-31 14:22:40,10266934,-1804.000,7732.000,2047.000,-9.000,10.000,15.000,0.000,6.210,1
2026-01-31 14:22:40,10266974,-1805.000,7744.000,2085.000,-24.000,19.000,-1.000,0.000,6.210,1
2026-01-31 14:22:40,10267014,-1842.000,7747.000,2086.000,-5.000,38.000,-11.000,0.000,6.210,1
2026-01-31 14:22:41,10267054,-1837.000,7774.000,2007.000,-52.000,21.000,15.000,0.000,6.210,1
2026-01-31 14:22:41,10267094,-1825.000,7727.000,2114.000,-123.000,32.000,17.000,0.000,6.210,1
2026-01-31 14:22:41,10267134,-1802.000,7674.000,2090.000,47.000,24.000,-3.000,0.000,6.210,1
2026-01-31 14:22:41,10267174,-1777.000,7707.000,2018.000,84.000,4.000,58.000,0.000,6.210,1
2026-01-31 14:22:41,10267214,-1814.000,7951.000,2143.000,6.000,27.000,16.000,0.000,6.210,1
2026-01-31 14:22:41,10267254,-1861.000,7694.000,2048.000,88.000,32.000,-68.000,0.000,6.210,1
2026-01-31 14:22:41,10267294,-1773.000,7653.000,2104.000,123.000,-22.000,20.000,0.000,6.210,1
2026-01-31 14:22:41,10267334,-1938.000,7738.000,2111.000,746.000,-30.000,-10.000,0.000,6.210,1
2026-01-31 14:22:41,10267374,-1647.000,7815.000,1840.000,1065.000,-201.000,114.000,0.000,6.210,1
2026-01-31 14:22:41,10267414,-1817.000,8022.000,1759.000,651.000,-2.000,-10.000,0.000,6.210,1
2026-01-31 14:22:41,10267454,-1860.000,7719.000,1793.000,8.000,-43.000,-23.000,0.000,6.210,1
2026-01-31 14:22:41,10267494,-1884.000,7642.000,1922.000,107.000,-49.000,126.000,0.000,6.210,1
2026-01-31 14:22:41,10267534,-1583.000,7918.000,1721.000,332.000,-47.000,170.000,0.000,-0.090,1
2026-01-31 14:22:41,10267574,-1832.000,7868.000,1727.000,83.000,81.000,-26.000,0.000,-0.090,1
2026-01-31 14:22:41,10267614,-1930.000,7950.000,1795.000,-144.000,-11.000,66.000,0.000,-0.090,1
2026-01-31 14:22:41,10267654,-1649.000,7720.000,1810.000,-142.000,-48.000,82.000,0.000,-0.090,1
2026-01-31 14:22:41,10267694,-1813.000,7828.000,1841.000,-121.000,49.000,32.000,0.000,-0.090,1
2026-01-31 14:22:41,10267734,-1797.000,7799.000,1770.000,-173.000,-57.000,42.000,0.000,-0.090,1
2026-01-31 14:22:41,10267774,-1721.000,7911.000,1881.000,-239.000,-77.000,66.000,0.000,-0.090,1
2026-01-31 14:22:41,10267814,-1783.000,7746.000,1949.000,-199.000,-9.000,-2.000,0.000,-0.090,1
2026-01-31 14:22:41,10267854,-1723.000,7837.000,1815.000,-175.000,-47.000,41.000,0.000,-0.090,1
2026-01-31 14:22:41,10267894,-1737.000,7775.000,1946.000,-338.000,-57.000,23.000,0.000,-0.090,1
2026-01-31 14:22:41,10267934,-1780.000,7723.000,1967.000,-227.000,-25.000,44.000,0.000,-0.090,1
2026-01-31 14:22:41,10267974,-1727.000,7845.000,1949.000,-134.000,-45.000,65.000,0.000,-0.090,1
2026-01-31 14:22:41,10268014,-1705.000,7792.000,1983.000,-231.000,6.000,-26.000,0.000,-0.090,1
2026-01-31 14:22:42,10268054,-1771.000,7755.000,1980.000,-216.000,46.000,-29.000,0.000,-0.090,1
2026-01-31 14:22:42,10268094,-1756.000,7648.000,2010.000,-202.000,-21.000,35.000,0.000,-0.090,1
2026-01-31 14:22:42,10268134,-1726.000,7713.000,2102.000,-65.000,27.000,62.000,0.000,-0.090,1
2026-01-31 14:22:42,10268174,-1760.000,7911.000,1972.000,76.000,52.000,11.000,0.000,-0.090,1
2026-01-31 14:22:42,10268214,-1778.000,7684.000,2008.000,-192.000,-39.000,61.000,0.000,-0.090,1
2026-01-31 14:22:42,10268254,-1617.000,7762.000,2132.000,-45.000,24.000,77.000,0.000,-0.090,1
2026-01-31 14:22:42,10268294,-1816.000,7761.000,2001.000,-67.000,63.000,-1.000,0.000,-0.090,1
2026-01-31 14:22:42,10268337,-1709.000,7752.000,1956.000,112.000,-37.000,92.000,0.000,-0.090,1
2026-01-31 14:22:42,10268376,-1624.000,7991.000,2095.000,-152.000,-86.000,36.000,0.000,-0.090,1
2026-01-31 14:22:42,10268414,-1748.000,7811.000,2195.000,-221.000,0.000,-78.000,0.000,-0.090,1
2026-01-31 14:22:42,10268454,-1725.000,7685.000,1982.000,89.000,-24.000,29.000,0.000,-0.090,1
2026-01-31 14:22:42,10268494,-1655.000,7953.000,2039.000,46.000,-19.000,-10.000,0.000,-0.090,1
2026-01-31 14:22:42,10268534,-1784.000,7668.000,2004.000,-83.000,5.000,-78.000,0.000,0.540,1
2026-01-31 14:22:42,10268577,-1718.000,7797.000,2077.000,-60.000,-2.000,-38.000,0.000,0.540,1
2026-01-31 14:22:42,10268614,-1730.000,7675.000,2034.000,-104.000,-13.000,-51.000,0.000,0.540,1
2026-01-31 14:22:42,10268654,-1683.000,7828.000,2078.000,-3.000,-8.000,30.000,0.000,0.540,1
2026-01-31 14:22:42,10268694,-1784.000,7714.000,2074.000,-63.000,21.000,-51.000,0.000,0.540,1
2026-01-31 14:22:42,10268734,-1716.000,7780.000,2078.000,10.000,-12.000,7.000,0.000,0.540,1
2026-01-31 14:22:42,10268774,-1683.000,7705.000,2038.000,-21.000,12.000,-55.000,0.000,0.540,1
2026-01-31 14:22:42,10268814,-1747.000,7763.000,2013.000,86.000,51.000,12.000,0.000,0.540,1
2026-01-31 14:22:42,10268854,-1785.000,7627.000,2083.000,-164.000,-47.000,-66.000,0.000,0.540,1
2026-01-31 14:22:42,10268894,-1667.000,7791.000,2061.000,-24.000,-8.000,46.000,0.000,0.540,1
2026-01-31 14:22:42,10268934,-1743.000,7680.000,2060.000,-121.000,72.000,-24.000,0.000,0.540,1
2026-01-31 14:22:42,10268974,-1778.000,7734.000,2096.000,94.000,80.000,45.000,0.000,0.540,1
2026-01-31 14:22:42,10269014,-1760.000,7823.000,2042.000,121.000,-50.000,19.000,0.000,0.540,1
2026-01-31 14:22:43,10269054,-1755.000,7775.000,2046.000,9.000,10.000,13.000,0.000,0.540,1
2026-01-31 14:22:43,10269094,-1731.000,7807.000,2049.000,-43.000,43.000,16.000,0.000,0.540,1
2026-01-31 14:22:43,10269134,-1738.000,7692.000,2052.000,-138.000,21.000,15.000,0.000,0.540,1
2026-01-31 14:22:43,10269174,-1679.000,7732.000,2059.000,-190.000,-1.000,54.000,0.000,0.540,1
2026-01-31 14:22:43,10269214,-1691.000,7669.000,2046.000,160.000,-57.000,96.000,0.000,0.540,1
2026-01-31 14:22:43,10269254,-1669.000,8142.000,2051.000,20.000,-9.000,22.000,0.000,0.540,1
2026-01-31 14:22:43,10269294,-1770.000,7607.000,2170.000,-83.000,80.000,-178.000,0.000,0.540,1
2026-01-31 14:22:43,10269334,-1770.000,7712.000,1919.000,104.000,19.000,-24.000,0.000,0.540,1
2026-01-31 14:22:43,10269374,-1701.000,7755.000,2134.000,-153.000,-8.000,-35.000,0.000,0.540,1
2026-01-31 14:22:43,10269414,-1802.000,7569.000,2123.000,-22.000,40.000,-6.000,0.000,0.540,1
2026-01-31 14:22:43,10269454,-1715.000,7985.000,2084.000,35.000,5.000,11.000,0.000,0.540,1
2026-01-31 14:22:43,10269494,-1814.000,7665.000,2102.000,30.000,68.000,-68.000,0.000,0.540,1
2026-01-31 14:22:43,10269534,-1749.000,7817.000,2033.000,-7.000,19.000,-54.000,0.000,0.100,1
2026-01-31 14:22:43,10269574,-1778.000,7626.000,2053.000,-95.000,1.000,-57.000,0.000,0.100,1
2026-01-31 14:22:43,10269614,-1754.000,7843.000,2079.000,71.000,12.000,42.000,0.000,0.100,1
2026-01-31 14:22:43,10269654,-1803.000,7822.000,2084.000,-81.000,40.000,-17.000,0.000,0.100,1
2026-01-31 14:22:43,10269694,-1725.000,7712.000,2133.000,-43.000,14.000,11.000,0.000,0.100,1
2026-01-31 14:22:43,10269734,-1722.000,7601.000,2030.000,161.000,-22.000,28.000,0.000,0.100,1
2026-01-31 14:22:43,10269774,-1754.000,7939.000,2070.000,7.000,38.000,-15.000,0.000,0.100,1
2026-01-31 14:22:43,10269814,-1825.000,7830.000,2069.000,22.000,53.000,-25.000,0.000,0.100,1
2026-01-31 14:22:43,10269854,-1764.000,7703.000,2031.000,-51.000,1.000,-23.000,0.000,0.100,1
2026-01-31 14:22:43,10269894,-1753.000,7750.000,2102.000,-76.000,-3.000,-13.000,0.000,0.100,1
2026-01-31 14:22:43,10269934,-1766.000,7732.000,2070.000,-31.000,21.000,-3.000,0.000,0.100,1
2026-01-31 14:22:43,10269974,-1769.000,7759.000,2070.000,-40.000,28.000,-20.000,0.000,0.100,1
2026-01-31 14:22:43,10270014,-1824.000,7739.000,2106.000,-41.000,31.000,-11.000,0.000,0.100,1
2026-01-31 14:22:44,10270054,-1767.000,7776.000,2099.000,-32.000,5.000,5.000,0.000,0.100,1
2026-01-31 14:22:44,10270094,-1761.000,7722.000,2061.000,-59.000,20.000,-24.000,0.000,0.100,1
2026-01-31 14:22:44,10270134,-1797.000,7710.000,2099.000,-48.000,20.000,-13.000,0.000,0.100,1
2026-01-31 14:22:44,10270174,-1781.000,7771.000,2081.000,-2.000,12.000,-1.000,0.000,0.100,1
2026-01-31 14:22:44,10270214,-1753.000,7744.000,2093.000,-31.000,24.000,-9.000,0.000,0.100,1
2026-01-31 14:22:44,10270254,-1815.000,7723.000,2131.000,-31.000,43.000,-42.000,0.000,0.100,1
2026-01-31 14:22:44,10270294,-1815.000,7734.000,2081.000,5.000,17.000,-14.000,0.000,0.100,1
2026-01-31 14:22:44,10270334,-1777.000,7687.000,2106.000,-29.000,14.000,-8.000,0.000,0.100,1
2026-01-31 14:22:44,10270374,-1790.000,7739.000,2099.000,-17.000,2.000,26.000,0.000,0.100,1
2026-01-31 14:22:44,10270414,-1795.000,7763.000,2100.000,-8.000,7.000,17.000,0.000,0.100,1
2026-01-31 14:22:44,10270454,-1805.000,7765.000,2097.000,-17.000,11.000,10.000,0.000,0.100,1
2026-01-31 14:22:44,10270494,-1768.000,7742.000,2091.000,-33.000,5.000,0.000,0.000,0.100,1
2026-01-31 14:22:44,10270534,-1789.000,7743.000,2094.000,-45.000,27.000,-5.000,0.000,7.200,1
2026-01-31 14:22:44,10270577,-1784.000,7712.000,2115.000,-31.000,49.000,17.000,0.000,7.200,1
2026-01-31 14:22:44,10270614,-1861.000,7692.000,2077.000,-36.000,42.000,35.000,0.000,7.200,1
2026-01-31 14:22:44,10270654,-1764.000,7801.000,2228.000,12.000,11.000,20.000,0.000,7.200,1
2026-01-31 14:22:44,10270694,-1752.000,7611.000,2014.000,346.000,-81.000,33.000,0.000,7.200,1
2026-01-31 14:22:44,10270734,-1811.000,7690.000,2158.000,-90.000,3.000,-86.000,0.000,7.200,1
2026-01-31 14:22:44,10270774,-1776.000,7602.000,2009.000,17.000,9.000,-5.000,0.000,7.200,1
2026-01-31 14:22:44,10270814,-1719.000,7807.000,2101.000,-49.000,1.000,23.000,0.000,7.200,1
2026-01-31 14:22:44,10270854,-1891.000,7764.000,2144.000,-16.000,36.000,-23.000,0.000,7.200,1
2026-01-31 14:22:44,10270894,-1798.000,7819.000,2077.000,-5.000,-31.000,17.000,0.000,7.200,1
2026-01-31 14:22:44,10270934,-1717.000,7744.000,2091.000,-110.000,-19.000,4.000,0.000,7.200,1
2026-01-31 14:22:44,10270974,-1768.000,7664.000,2110.000,-137.000,9.000,-49.000,0.000,7.200,1
2026-01-31 14:22:44,10271014,-1843.000,7726.000,2123.000,-9.000,0.000,27.000,0.000,7.200,1
2026-01-31 14:22:45,10271054,-1766.000,7740.000,2141.000,-21.000,7.000,1.000,0.000,7.200,1
2026-01-31 14:22:45,10271094,-1837.000,7744.000,2103.000,-1.000,15.000,11.000,0.000,7.200,1
2026-01-31 14:22:45,10271134,-1786.000,7696.000,2141.000,-78.000,0.000,20.000,0.000,7.200,1
2026-01-31 14:22:45,10271174,-1811.000,7718.000,2146.000,-15.000,-1.000,40.000,0.000,7.200,1
2026-01-31 14:22:45,10271214,-1776.000,7762.000,2112.000,12.000,-11.000,46.000,0.000,7.200,1
2026-01-31 14:22:45,10271254,-1772.000,7730.000,2116.000,-24.000,-15.000,14.000,0.000,7.200,1
2026-01-31 14:22:45,10271294,-1815.000,7706.000,2146.000,-44.000,-26.000,28.000,0.000,7.200,1
2026-01-31 14:22:45,10271334,-1790.000,7640.000,2153.000,-23.000,-61.000,50.000,0.000,7.200,1
2026-01-31 14:22:45,10271374,-1836.000,7713.000,2143.000,21.000,-88.000,75.000,0.000,7.200,1
2026-01-31 14:22:45,10271414,-1822.000,7904.000,2146.000,-68.000,-87.000,101.000,0.000,7.200,1
2026-01-31 14:22:45,10271454,-1761.000,7811.000,2181.000,-260.000,-83.000,151.000,0.000,7.200,1
2026-01-31 14:22:45,10271494,-1622.000,7564.000,2211.000,-226.000,-54.000,94.000,0.000,7.200,1
2026-01-31 14:22:45,10271534,-1684.000,7841.000,2122.000,152.000,-23.000,-34.000,0.000,1.120,1
2026-01-31 14:22:45,10271574,-1700.000,7835.000,2089.000,99.000,-23.000,-28.000,0.000,1.120,1
2026-01-31 14:22:45,10271614,-1532.000,7572.000,2082.000,-58.000,-95.000,45.000,0.000,1.120,1
2026-01-31 14:22:45,10271654,-1718.000,7866.000,2213.000,17.000,19.000,-65.000,0.000,1.120,1
2026-01-31 14:22:45,10271694,-1763.000,7733.000,2178.000,-125.000,-16.000,-13.000,0.000,1.120,1
2026-01-31 14:22:45,10271734,-1709.000,7733.000,2221.000,-33.000,47.000,-62.000,0.000,1.120,1
2026-01-31 14:22:45,10271774,-1756.000,7684.000,2171.000,-7.000,123.000,-92.000,0.000,1.120,1
2026-01-31 14:22:45,10271814,-1885.000,7880.000,2157.000,6.000,73.000,-78.000,0.000,1.120,1
2026-01-31 14:22:45,10271854,-1820.000,7554.000,2209.000,-128.000,-1.000,-18.000,0.000,1.120,1
2026-01-31 14:22:45,10271894,-1746.000,7812.000,2166.000,12.000,9.000,32.000,0.000,1.120,1
2026-01-31 14:22:45,10271934,-1767.000,7736.000,2197.000,-62.000,19.000,9.000,0.000,1.120,1
2026-01-31 14:22:45,10271974,-1761.000,7687.000,2169.000,-31.000,10.000,2.000,0.000,1.120,1
2026-01-31 14:22:45,10272014,-1754.000,7694.000,2198.000,11.000,-10.000,-3.000,0.000,1.120,1
2026-01-31 14:22:46,10272054,-1782.000,7767.000,2153.000,42.000,-22.000,27.000,0.000,1.120,1
2026-01-31 14:22:46,10272094,-1704.000,7687.000,2223.000,-2.000,-30.000,16.000,0.000,1.120,1
2026-01-31 14:22:46,10272134,-1736.000,7719.000,2205.000,76.000,31.000,-12.000,0.000,1.120,1
2026-01-31 14:22:46,10272174,-1744.000,7726.000,2173.000,65.000,73.000,-43.000,0.000,1.120,1
2026-01-31 14:22:46,10272214,-1765.000,7646.000,2184.000,71.000,64.000,-74.000,0.000,1.120,1
2026-01-31 14:22:46,10272254,-1811.000,7867.000,2137.000,129.000,-27.000,-22.000,0.000,1.120,1
2026-01-31 14:22:46,10272294,-1793.000,7781.000,2153.000,-81.000,-129.000,124.000,0.000,1.120,1
2026-01-31 14:22:46,10272337,-1679.000,7734.000,2117.000,-40.000,-56.000,84.000,0.000,1.120,1
2026-01-31 14:22:46,10272377,-1680.000,7772.000,2147.000,1.000,45.000,-28.000,0.000,1.120,1
2026-01-31 14:22:46,10272414,-1696.000,7766.000,2143.000,48.000,88.000,-81.000,0.000,1.120,1
2026-01-31 14:22:46,10272454,-1803.000,7716.000,2190.000,80.000,132.000,-120.000,0.000,1.120,1
2026-01-31 14:22:46,10272494,-1806.000,7737.000,2141.000,81.000,39.000,-55.000,0.000,1.120,1
2026-01-31 14:22:46,10272534,-1752.000,7784.000,2172.000,-51.000,-4.000,17.000,0.000,-1.600,1
2026-01-31 14:22:46,10272579,-1726.000,7723.000,2162.000,-19.000,-20.000,36.000,0.000,-1.600,1
2026-01-31 14:22:46,10272614,-1711.000,7754.000,2152.000,-15.000,-4.000,32.000,0.000,-1.600,1
2026-01-31 14:22:46,10272654,-1733.000,7642.000,2151.000,7.000,63.000,-66.000,0.000,-1.600,1
2026-01-31 14:22:46,10272694,-1771.000,7706.000,2167.000,94.000,93.000,-73.000,0.000,-1.600,1
2026-01-31 14:22:46,10272734,-1861.000,7824.000,2104.000,87.000,78.000,-55.000,0.000,-1.600,1
2026-01-31 14:22:46,10272774,-1840.000,7720.000,2149.000,-26.000,10.000,-19.000,0.000,-1.600,1
2026-01-31 14:22:46,10272814,-1812.000,7750.000,2109.000,10.000,-26.000,17.000,0.000,-1.600,1
2026-01-31 14:22:46,10272854,-1828.000,7785.000,2068.000,-48.000,-51.000,36.000,0.000,-1.600,1
2026-01-31 14:22:46,10272894,-1773.000,7728.000,2136.000,-81.000,-60.000,58.000,0.000,-1.600,1
2026-01-31 14:22:46,10272934,-1746.000,7706.000,2118.000,-17.000,-44.000,27.000,0.000,-1.600,1
2026-01-31 14:22:46,10272974,-1740.000,7779.000,2150.000,-44.000,20.000,3.000,0.000,-1.600,1
2026-01-31 14:22:46,10273014,-1759.000,7717.000,2160.000,-30.000,49.000,-23.000,0.000,-1.600,1
2026-01-31 14:22:47,10273054,-1784.000,7745.000,2189.000,-17.000,41.000,8.000,0.000,-1.600,1
2026-01-31 14:22:47,10273094,-1782.000,7695.000,2156.000,-29.000,-3.000,33.000,0.000,-1.600,1
2026-01-31 14:22:47,10273134,-1717.000,7704.000,2181.000,-22.000,-34.000,56.000,0.000,-1.600,1
2026-01-31 14:22:47,10273174,-1719.000,7740.000,2208.000,-22.000,4.000,49.000,0.000,-1.600,1
2026-01-31 14:22:47,10273214,-1766.000,7771.000,2165.000,-34.000,27.000,29.000,0.000,-1.600,1
2026-01-31 14:22:47,10273254,-1769.000,7702.000,2168.000,-55.000,27.000,15.000,0.000,-1.600,1
2026-01-31 14:22:47,10273294,-1744.000,7749.000,2119.000,-11.000,45.000,24.000,0.000,-1.600,1
2026-01-31 14:22:47,10273334,-1782.000,7717.000,2110.000,-24.000,40.000,-12.000,0.000,-1.600,1
2026-01-31 14:22:47,10273374,-1781.000,7745.000,2164.000,-13.000,31.000,-2.000,0.000,-1.600,1
2026-01-31 14:22:47,10273414,-1788.000,7748.000,2178.000,-7.000,19.000,13.000,0.000,-1.600,1
2026-01-31 14:22:47,10273454,-1772.000,7725.000,2188.000,-25.000,2.000,29.000,0.000,-1.600,1
2026-01-31 14:22:47,10273494,-1797.000,7756.000,2166.000,-50.000,1.000,55.000,0.000,-1.600,1
2026-01-31 14:22:47,10273534,-1774.000,7628.000,2199.000,-82.000,-12.000,83.000,0.000,0.000,1
2026-01-31 14:22:47,10273574,-1738.000,7743.000,2173.000,3.000,-28.000,70.000,0.000,0.000,1
2026-01-31 14:22:47,10273614,-1727.000,7720.000,2181.000,-28.000,-14.000,66.000,0.000,0.000,1
2026-01-31 14:22:47,10273654,-1722.000,7739.000,2189.000,3.000,6.000,47.000,0.000,0.000,1
2026-01-31 14:22:47,10273694,-1714.000,7734.000,2175.000,-16.000,1.000,31.000,0.000,0.000,1
2026-01-31 14:22:47,10273734,-1692.000,7719.000,2191.000,-2.000,25.000,26.000,0.000,0.000,1
2026-01-31 14:22:47,10273774,-1714.000,7740.000,2190.000,-5.000,40.000,10.000,0.000,0.000,1
2026-01-31 14:22:47,10273814,-1727.000,7714.000,2171.000,24.000,19.000,-2.000,0.000,0.000,1
2026-01-31 14:22:47,10273854,-1713.000,7736.000,2158.000,37.000,7.000,2.000,0.000,0.000,1
2026-01-31 14:22:47,10273894,-1721.000,7765.000,2181.000,19.000,14.000,5.000,0.000,0.000,1
2026-01-31 14:22:47,10273934,-1773.000,7761.000,2152.000,-20.000,10.000,4.000,0.000,0.000,1
2026-01-31 14:22:47,10273974,-1719.000,7729.000,2146.000,-30.000,-11.000,11.000,0.000,0.000,1
2026-01-31 14:22:47,10274014,-1678.000,7728.000,2118.000,-7.000,19.000,-9.000,0.000,0.000,1
2026-01-31 14:22:48,10274054,-1749.000,7747.000,2150.000,-23.000,39.000,-30.000,0.000,0.000,1
2026-01-31 14:22:48,10274094,-1770.000,7713.000,2179.000,-21.000,25.000,-18.000,0.000,0.000,1
2026-01-31 14:22:48,10274134,-1724.000,7746.000,2176.000,-25.000,15.000,-1.000,0.000,0.000,1
2026-01-31 14:22:48,10274174,-1746.000,7735.000,2202.000,-33.000,25.000,-9.000,0.000,0.000,1
2026-01-31 14:22:48,10274214,-1730.000,7687.000,2190.000,-19.000,14.000,-10.000,0.000,0.000,1
2026-01-31 14:22:48,10274254,-1737.000,7684.000,2200.000,1.000,20.000,-20.000,0.000,0.000,1
2026-01-31 14:22:48,10274294,-1726.000,7731.000,2166.000,36.000,36.000,-25.000,0.000,0.000,1
2026-01-31 14:22:48,10274337,-1786.000,7724.000,2184.000,-8.000,8.000,5.000,0.000,0.000,1
2026-01-31 14:22:48,10274376,-1737.000,7761.000,2155.000,3.000,-14.000,28.000,0.000,0.000,1
2026-01-31 14:22:48,10274414,-1725.000,7746.000,2138.000,-13.000,-7.000,17.000,0.000,0.000,1
2026-01-31 14:22:48,10274454,-1752.000,7734.000,2160.000,-11.000,17.000,-11.000,0.000,0.000,1
2026-01-31 14:22:48,10274494,-1789.000,7735.000,2176.000,-2.000,23.000,-22.000,0.000,0.000,1
2026-01-31 14:22:48,10274534,-1749.000,7712.000,2160.000,19.000,3.000,-7.000,0.000,0.000,1
2026-01-31 14:22:48,10274577,-1783.000,7763.000,2172.000,14.000,-9.000,1.000,0.000,0.000,1
2026-01-31 14:22:48,10274614,-1818.000,7820.000,2162.000,-5.000,-17.000,8.000,0.000,0.000,1
2026-01-31 14:22:48,10274654,-1801.000,7814.000,2173.000,-94.000,-56.000,71.000,0.000,0.000,1
2026-01-31 14:22:48,10274694,-1682.000,7700.000,2177.000,-138.000,-72.000,71.000,0.000,0.000,1
2026-01-31 14:22:48,10274734,-1627.000,7661.000,2142.000,-41.000,22.000,-3.000,0.000,0.000,1
2026-01-31 14:22:48,10274774,-1730.000,7691.000,2217.000,-48.000,85.000,-43.000,0.000,0.000,1
2026-01-31 14:22:48,10274814,-1706.000,7699.000,2235.000,34.000,103.000,-39.000,0.000,0.000,1
2026-01-31 14:22:48,10274854,-1707.000,7743.000,2230.000,18.000,132.000,-55.000,0.000,0.000,1
2026-01-31 14:22:48,10274894,-1777.000,7738.000,2224.000,-26.000,146.000,-68.000,0.000,0.000,1
2026-01-31 14:22:48,10274934,-1788.000,7697.000,2183.000,-2.000,90.000,-60.000,0.000,0.000,1
2026-01-31 14:22:48,10274974,-1846.000,7686.000,2167.000,-23.000,3.000,-27.000,0.000,0.000,1
2026-01-31 14:22:48,10275014,-1802.000,7754.000,2154.000,-23.000,-68.000,25.000,0.000,0.000,1
2026-01-31 14:22:49,10275054,-1752.000,7745.000,2142.000,-19.000,-34.000,0.000,0.000,0.000,1
2026-01-31 14:22:49,10275094,-1792.000,7765.000,2159.000,14.000,43.000,-62.000,0.000,0.000,1
2026-01-31 14:22:49,10275134,-1862.000,7772.000,2158.000,9.000,57.000,-77.000,0.000,0.000,1
2026-01-31 14:22:49,10275174,-1850.000,7702.000,2154.000,14.000,28.000,-41.000,0.000,0.000,1
2026-01-31 14:22:49,10275214,-1823.000,7711.000,2175.000,-9.000,20.000,-10.000,0.000,0.000,1
2026-01-31 14:22:49,10275254,-1799.000,7723.000,2195.000,-25.000,12.000,11.000,0.000,0.000,1
2026-01-31 14:22:49,10275294,-1778.000,7747.000,2186.000,-49.000,-21.000,28.000,0.000,0.000,1
2026-01-31 14:22:49,10275334,-1720.000,7721.000,2189.000,-41.000,-22.000,56.000,0.000,0.000,1
2026-01-31 14:22:49,10275374,-1762.000,7705.000,2233.000,-85.000,31.000,20.000,0.000,0.000,1
2026-01-31 14:22:49,10275414,-1802.000,7706.000,2235.000,-68.000,29.000,7.000,0.000,0.000,1
2026-01-31 14:22:49,10275454,-1775.000,7711.000,2188.000,-38.000,33.000,11.000,0.000,0.000,1
2026-01-31 14:22:49,10275494,-1788.000,7700.000,2178.000,-38.000,31.000,4.000,0.000,0.000,1
2026-01-31 14:22:49,10275534,-1823.000,7661.000,2208.000,-6.000,11.000,-16.000,0.000,0.000,1
2026-01-31 14:22:49,10275574,-1777.000,7739.000,2215.000,26.000,15.000,-14.000,0.000,0.000,1
2026-01-31 14:22:49,10275614,-1804.000,7713.000,2205.000,9.000,20.000,-20.000,0.000,0.000,1
2026-01-31 14:22:49,10275654,-1821.000,7726.000,2192.000,15.000,23.000,-11.000,0.000,0.000,1
2026-01-31 14:22:49,10275694,-1805.000,7692.000,2195.000,6.000,9.000,-7.000,0.000,0.000,1
2026-01-31 14:22:49,10275734,-1809.000,7735.000,2198.000,12.000,1.000,-1.000,0.000,0.000,1
2026-01-31 14:22:49,10275774,-1795.000,7706.000,2185.000,1.000,-11.000,11.000,0.000,0.000,1
2026-01-31 14:22:49,10275814,-1786.000,7720.000,2198.000,-10.000,-2.000,16.000,0.000,0.000,1
2026-01-31 14:22:49,10275854,-1768.000,7700.000,2209.000,-1.000,-2.000,3.000,0.000,0.000,1
2026-01-31 14:22:49,10275894,-1800.000,7747.000,2188.000,0.000,20.000,2.000,0.000,0.000,1
2026-01-31 14:22:49,10275934,-1791.000,7709.000,2204.000,-18.000,16.000,7.000,0.000,0.000,1
2026-01-31 14:22:49,10275974,-1811.000,7710.000,2178.000,4.000,14.000,1.000,0.000,0.000,1
2026-01-31 14:22:49,10276014,-1818.000,7740.000,2196.000,-34.000,1.000,11.000,0.000,0.000,1
2026-01-31 14:22:50,10276054,-1775.000,7717.000,2202.000,-31.000,3.000,10.000,0.000,0.000,1
2026-01-31 14:22:50,10276094,-1802.000,7756.000,2180.000,-23.000,-2.000,16.000,0.000,0.000,1
2026-01-31 14:22:50,10276134,-1745.000,7705.000,2195.000,-60.000,4.000,25.000,0.000,0.000,1
2026-01-31 14:22:50,10276174,-1812.000,7722.000,2217.000,-52.000,47.000,-7.000,0.000,0.000,1
2026-01-31 14:22:50,10276214,-1832.000,7698.000,2213.000,-37.000,17.000,-23.000,0.000,0.000,1
2026-01-31 14:22:50,10276254,-1740.000,7678.000,2218.000,8.000,10.000,-45.000,0.000,0.000,1
2026-01-31 14:22:50,10276294,-1763.000,7725.000,2208.000,1.000,45.000,-50.000,0.000,0.000,1
2026-01-31 14:22:50,10276337,-1863.000,7712.000,2216.000,-19.000,-1.000,8.000,0.000,0.000,1
2026-01-31 14:22:50,10276377,-1835.000,7727.000,2200.000,-53.000,-36.000,57.000,0.000,0.000,1
2026-01-31 14:22:50,10276414,-1808.000,7733.000,2209.000,-53.000,-37.000,68.000,0.000,0.000,1
2026-01-31 14:22:50,10276454,-1804.000,7726.000,2189.000,-48.000,-9.000,45.000,0.000,0.000,1
2026-01-31 14:22:50,10276494,-1819.000,7676.000,2211.000,1.000,9.000,-22.000,0.000,0.000,1
2026-01-31 14:22:50,10276534,-1783.000,7716.000,2231.000,15.000,-14.000,5.000,0.000,0.000,1
2026-01-31 14:22:50,10276574,-1759.000,7737.000,2247.000,2.000,10.000,24.000,0.000,0.000,1
2026-01-31 14:22:50,10276614,-1775.000,7669.000,2227.000,-19.000,26.000,18.000,0.000,0.000,1
2026-01-31 14:22:50,10276658,-1820.000,7719.000,2234.000,16.000,13.000,14.000,0.000,0.000,1
2026-01-31 14:22:50,10276694,-1808.000,7681.000,2223.000,27.000,4.000,29.000,0.000,0.000,1
2026-01-31 14:22:50,10276734,-1789.000,7700.000,2212.000,41.000,-11.000,25.000,0.000,0.000,1
2026-01-31 14:22:50,10276774,-1818.000,7680.000,2220.000,10.000,-11.000,32.000,0.000,0.000,1
2026-01-31 14:22:50,10276814,-1811.000,7709.000,2233.000,48.000,-35.000,56.000,0.000,0.000,1
2026-01-31 14:22:50,10276854,-1768.000,7749.000,2169.000,36.000,-34.000,92.000,0.000,0.000,1
2026-01-31 14:22:50,10276894,-1790.000,7675.000,2208.000,-18.000,-17.000,36.000,0.000,0.000,1
2026-01-31 14:22:50,10276934,-1794.000,7682.000,2189.000,40.000,-41.000,45.000,0.000,0.000,1
2026-01-31 14:22:50,10276974,-1731.000,7775.000,2195.000,41.000,-46.000,73.000,0.000,0.000,1
2026-01-31 14:22:50,10277014,-1733.000,7735.000,2243.000,-5.000,-15.000,51.000,0.000,0.000,1
2026-01-31 14:22:51,10277054,-1795.000,7727.000,2219.000,3.000,-7.000,21.000,0.000,0.000,1
2026-01-31 14:22:51,10277094,-1707.000,7757.000,2180.000,23.000,-15.000,41.000,0.000,0.000,1
2026-01-31 14:22:51,10277134,-1683.000,7718.000,2167.000,-16.000,-14.000,37.000,0.000,0.000,1
2026-01-31 14:22:51,10277174,-1728.000,7715.000,2191.000,-40.000,-6.000,23.000,0.000,0.000,1
2026-01-31 14:22:51,10277214,-1713.000,7722.000,2206.000,-31.000,0.000,13.000,0.000,0.000,1
2026-01-31 14:22:51,10277254,-1706.000,7745.000,2212.000,-56.000,17.000,-6.000,0.000,0.000,1
2026-01-31 14:22:51,10277294,-1758.000,7739.000,2222.000,-47.000,37.000,-15.000,0.000,0.000,1
2026-01-31 14:22:51,10277334,-1766.000,7683.000,2219.000,-40.000,44.000,-8.000,0.000,0.000,1
2026-01-31 14:22:51,10277374,-1776.000,7742.000,2229.000,-39.000,30.000,1.000,0.000,0.000,1
2026-01-31 14:22:51,10277414,-1761.000,7718.000,2197.000,-37.000,6.000,35.000,0.000,0.000,1
2026-01-31 14:22:51,10277454,-1764.000,7725.000,2186.000,-67.000,-10.000,36.000,0.000,0.000,1
2026-01-31 14:22:51,10277494,-1752.000,7678.000,2243.000,-83.000,-7.000,26.000,0.000,0.000,1
2026-01-31 14:22:51,10277534,-1714.000,7734.000,2225.000,-17.000,3.000,18.000,0.000,0.000,1
2026-01-31 14:22:51,10277574,-1729.000,7715.000,2223.000,-22.000,24.000,0.000,0.000,0.000,1
2026-01-31 14:22:51,10277614,-1752.000,7725.000,2245.000,-28.000,15.000,2.000,0.000,0.000,1
2026-01-31 14:22:51,10277654,-1731.000,7716.000,2251.000,-31.000,-1.000,6.000,0.000,0.000,1
2026-01-31 14:22:51,10277694,-1731.000,7699.000,2252.000,-14.000,-9.000,-2.000,0.000,0.000,1
2026-01-31 14:22:51,10277734,-1705.000,7734.000,2221.000,11.000,6.000,4.000,0.000,0.000,1
2026-01-31 14:22:51,10277774,-1693.000,7664.000,2267.000,-18.000,32.000,-17.000,0.000,0.000,1
2026-01-31 14:22:51,10277814,-1766.000,7681.000,2266.000,30.000,73.000,-53.000,0.000,0.000,1
2026-01-31 14:22:51,10277854,-1751.000,7721.000,2217.000,66.000,54.000,-45.000,0.000,0.000,1
2026-01-31 14:22:51,10277894,-1725.000,7734.000,2208.000,50.000,49.000,-35.000,0.000,0.000,1
2026-01-31 14:22:51,10277934,-1780.000,7752.000,2200.000,0.000,42.000,-26.000,0.000,0.000,1
2026-01-31 14:22:51,10277974,-1804.000,7705.000,2229.000,-42.000,4.000,-23.000,0.000,0.000,1
2026-01-31 14:22:51,10278014,-1733.000,7735.000,2191.000,9.000,4.000,-9.000,0.000,0.000,1
2026-01-31 14:22:52,10278054,-1773.000,7717.000,2221.000,-21.000,43.000,-42.000,0.000,0.000,1
2026-01-31 14:22:52,10278094,-1820.000,7728.000,2235.000,-13.000,47.000,-31.000,0.000,0.000,1
2026-01-31 14:22:52,10278134,-1805.000,7725.000,2227.000,-16.000,13.000,-14.000,0.000,0.000,1
2026-01-31 14:22:52,10278174,-1798.000,7719.000,2240.000,-47.000,-4.000,15.000,0.000,0.000,1
2026-01-31 14:22:52,10278214,-1760.000,7714.000,2236.000,-63.000,-28.000,38.000,0.000,0.000,1
2026-01-31 14:22:52,10278254,-1727.000,7686.000,2227.000,-60.000,-11.000,22.000,0.000,0.000,1
2026-01-31 14:22:52,10278294,-1716.000,7709.000,2241.000,-32.000,30.000,-16.000,0.000,0.000,1
2026-01-31 14:22:52,10278334,-1744.000,7686.000,2249.000,-15.000,64.000,-57.000,0.000,0.000,1
2026-01-31 14:22:52,10278374,-1788.000,7701.000,2239.000,21.000,58.000,-63.000,0.000,0.000,1
2026-01-31 14:22:52,10278414,-1810.000,7712.000,2249.000,-13.000,32.000,-35.000,0.000,0.000,1
2026-01-31 14:22:52,10278454,-1820.000,7716.000,2256.000,5.000,9.000,-15.000,0.000,0.000,1
2026-01-31 14:22:52,10278494,-1809.000,7691.000,2220.000,3.000,-15.000,-24.000,0.000,0.000,1
2026-01-31 14:22:52,10278534,-1829.000,7720.000,2219.000,4.000,-7.000,2.000,0.000,0.000,1
2026-01-31 14:22:52,10278574,-1790.000,7707.000,2228.000,1.000,-9.000,13.000,0.000,0.000,1
2026-01-31 14:22:52,10278614,-1858.000,7711.000,2233.000,-13.000,10.000,-4.000,0.000,0.000,1
2026-01-31 14:22:52,10278654,-1834.000,7721.000,2249.000,-28.000,-5.000,11.000,0.000,0.000,1
2026-01-31 14:22:52,10278694,-1774.000,7700.000,2206.000,3.000,1.000,13.000,0.000,0.000,1
2026-01-31 14:22:52,10278734,-1812.000,7708.000,2237.000,-16.000,-11.000,8.000,0.000,0.000,1
2026-01-31 14:22:52,10278774,-1788.000,7677.000,2230.000,3.000,-16.000,17.000,0.000,0.000,1
2026-01-31 14:22:52,10278814,-1752.000,7718.000,2268.000,-25.000,-13.000,15.000,0.000,0.000,1
2026-01-31 14:22:52,10278854,-1787.000,7708.000,2259.000,-8.000,1.000,12.000,0.000,0.000,1
2026-01-31 14:22:52,10278894,-1786.000,7725.000,2241.000,-10.000,-4.000,-4.000,0.000,0.000,1
2026-01-31 14:22:52,10278934,-1784.000,7679.000,2252.000,-16.000,4.000,1.000,0.000,0.000,1
2026-01-31 14:22:52,10278974,-1795.000,7689.000,2221.000,-2.000,17.000,0.000,0.000,0.000,1
2026-01-31 14:22:52,10279014,-1779.000,7700.000,2232.000,1.000,16.000,1.000,0.000,0.000,1
2026-01-31 14:22:53,10279054,-1800.000,7724.000,2250.000,-14.000,36.000,-8.000,0.000,0.000,1
2026-01-31 14:22:53,10279094,-1803.000,7690.000,2227.000,-13.000,34.000,-13.000,0.000,0.000,1
2026-01-31 14:22:53,10279134,-1829.000,7713.000,2236.000,-15.000,25.000,-4.000,0.000,0.000,1
2026-01-31 14:22:53,10279174,-1810.000,7696.000,2227.000,-24.000,15.000,0.000,0.000,0.000,1
2026-01-31 14:22:53,10279214,-1815.000,7708.000,2255.000,-20.000,5.000,-3.000,0.000,0.000,1
2026-01-31 14:22:53,10279254,-1809.000,7688.000,2235.000,-1.000,6.000,3.000,0.000,0.000,1
2026-01-31 14:22:53,10279294,-1806.000,7716.000,2263.000,-9.000,1.000,8.000,0.000,0.000,1
2026-01-31 14:22:53,10279334,-1807.000,7697.000,2222.000,-9.000,-8.000,22.000,0.000,0.000,1
2026-01-31 14:22:53,10279374,-1759.000,7696.000,2229.000,-20.000,-13.000,28.000,0.000,0.000,1
2026-01-31 14:22:53,10279414,-1788.000,7691.000,2256.000,-9.000,28.000,-22.000,0.000,0.000,1
2026-01-31 14:22:53,10279454,-1853.000,7718.000,2261.000,3.000,22.000,-19.000,0.000,0.000,1
2026-01-31 14:22:53,10279494,-1781.000,7716.000,2239.000,13.000,-21.000,11.000,0.000,0.000,1
2026-01-31 14:22:53,10279534,-1803.000,7696.000,2245.000,-42.000,-4.000,-5.000,0.000,0.000,1
2026-01-31 14:22:53,10279574,-1810.000,7676.000,2259.000,-14.000,1.000,7.000,0.000,0.000,1
2026-01-31 14:22:53,10279614,-1799.000,7706.000,2225.000,-8.000,11.000,4.000,0.000,0.000,1
2026-01-31 14:22:53,10279654,-1793.000,7691.000,2260.000,-14.000,20.000,-28.000,0.000,0.000,1
2026-01-31 14:22:53,10279694,-1816.000,7711.000,2251.000,25.000,32.000,-31.000,0.000,0.000,1
2026-01-31 14:22:53,10279734,-1787.000,7629.000,2259.000,28.000,25.000,-58.000,0.000,0.000,1
2026-01-31 14:22:53,10279774,-1788.000,7678.000,2247.000,94.000,64.000,-79.000,0.000,0.000,1
2026-01-31 14:22:53,10279814,-1870.000,7782.000,2238.000,45.000,63.000,-56.000,0.000,0.000,1
2026-01-31 14:22:53,10279854,-1893.000,7631.000,2204.000,-20.000,-13.000,-3.000,0.000,0.000,1
2026-01-31 14:22:53,10279894,-1908.000,7725.000,2247.000,-9.000,-113.000,40.000,0.000,0.000,1
2026-01-31 14:22:53,10279934,-1804.000,7734.000,2178.000,-16.000,-125.000,143.000,0.000,0.000,1
2026-01-31 14:22:53,10279974,-1741.000,7709.000,2227.000,-49.000,-25.000,27.000,0.000,0.000,1
2026-01-31 14:22:53,10280014,-1827.000,7706.000,2252.000,12.000,36.000,-38.000,0.000,0.000,1
2026-01-31 14:22:54,10280054,-1831.000,7720.000,2205.000,19.000,-16.000,18.000,0.000,0.000,1
2026-01-31 14:22:54,10280094,-1769.000,7656.000,2240.000,-51.000,-41.000,68.000,0.000,0.000,1
2026-01-31 14:22:54,10280134,-1757.000,7669.000,2325.000,-59.000,-22.000,50.000,0.000,0.000,1
2026-01-31 14:22:54,10280174,-1758.000,7761.000,2252.000,-11.000,-1.000,31.000,0.000,0.000,1
2026-01-31 14:22:54,10280214,-1703.000,7728.000,2243.000,-27.000,-1.000,15.000,0.000,0.000,1
2026-01-31 14:22:54,10280254,-1803.000,7680.000,2260.000,-29.000,35.000,-8.000,0.000,0.000,1
2026-01-31 14:22:54,10280294,-1772.000,7681.000,2246.000,-33.000,2.000,33.000,0.000,0.000,1
2026-01-31 14:22:54,10280337,-1773.000,7749.000,2224.000,-25.000,60.000,5.000,0.000,0.000,1
2026-01-31 14:22:54,10280376,-1827.000,7693.000,2259.000,-11.000,68.000,-18.000,0.000,0.000,1
2026-01-31 14:22:54,10280414,-1833.000,7678.000,2243.000,7.000,62.000,-19.000,0.000,0.000,1
2026-01-31 14:22:54,10280454,-1809.000,7660.000,2255.000,13.000,51.000,-8.000,0.000,0.000,1
2026-01-31 14:22:54,10280494,-1826.000,7686.000,2257.000,17.000,40.000,2.000,0.000,0.000,1
2026-01-31 14:22:54,10280534,-1833.000,7710.000,2241.000,30.000,7.000,10.000,0.000,0.000,1
2026-01-31 14:22:54,10280574,-1789.000,7745.000,2247.000,13.000,-8.000,40.000,0.000,0.000,1
2026-01-31 14:22:54,10280614,-1792.000,7700.000,2251.000,10.000,-21.000,36.000,0.000,0.000,1
2026-01-31 14:22:54,10280654,-1798.000,7675.000,2246.000,-3.000,-20.000,37.000,0.000,0.000,1
2026-01-31 14:22:54,10280694,-1784.000,7700.000,2241.000,-4.000,-15.000,50.000,0.000,0.000,1
2026-01-31 14:22:54,10280734,-1795.000,7730.000,2228.000,10.000,-16.000,60.000,0.000,0.000,1
2026-01-31 14:22:54,10280774,-1776.000,7723.000,2234.000,5.000,-21.000,50.000,0.000,0.000,1
2026-01-31 14:22:54,10280814,-1786.000,7717.000,2238.000,-15.000,-25.000,53.000,0.000,0.000,1
2026-01-31 14:22:54,10280854,-1755.000,7722.000,2239.000,-25.000,-44.000,73.000,0.000,0.000,1
2026-01-31 14:22:54,10280894,-1716.000,7711.000,2237.000,-27.000,-22.000,60.000,0.000,0.000,1
2026-01-31 14:22:54,10280934,-1766.000,7693.000,2250.000,-20.000,-9.000,41.000,0.000,0.000,1
2026-01-31 14:22:54,10280974,-1732.000,7714.000,2235.000,6.000,-30.000,52.000,0.000,0.000,1
2026-01-31 14:22:54,10281014,-1703.000,7740.000,2242.000,-19.000,-25.000,49.000,0.000,0.000,1
2026-01-31 14:22:55,10281054,-1769.000,7724.000,2268.000,-34.000,17.000,13.000,0.000,0.000,1
2026-01-31 14:22:55,10281094,-1741.000,7674.000,2251.000,-31.000,-12.000,5.000,0.000,0.000,1
2026-01-31 14:22:55,10281134,-1675.000,7732.000,2208.000,0.000,10.000,1.000,0.000,0.000,1
2026-01-31 14:22:55,10281174,-1723.000,7715.000,2232.000,-47.000,26.000,-15.000,0.000,0.000,1
2026-01-31 14:22:55,10281214,-1734.000,7710.000,2258.000,-32.000,31.000,-21.000,0.000,0.000,1
2026-01-31 14:22:55,10281254,-1729.000,7677.000,2236.000,-36.000,60.000,-37.000,0.000,0.000,1
2026-01-31 14:22:55,10281294,-1736.000,7718.000,2291.000,-10.000,50.000,-48.000,0.000,0.000,1
2026-01-31 14:22:55,10281334,-1741.000,7706.000,2234.000,7.000,72.000,-42.000,0.000,0.000,1
2026-01-31 14:22:55,10281374,-1798.000,7642.000,2250.000,-42.000,79.000,-80.000,0.000,0.000,1
2026-01-31 14:22:55,10281414,-1783.000,7677.000,2311.000,17.000,38.000,-70.000,0.000,0.000,1
2026-01-31 14:22:55,10281454,-1774.000,7710.000,2229.000,2.000,29.000,-41.000,0.000,0.000,1
2026-01-31 14:22:55,10281494,-1774.000,7691.000,2284.000,-19.000,20.000,-30.000,0.000,0.000,1
2026-01-31 14:22:55,10281534,-1798.000,7696.000,2228.000,2.000,12.000,-22.000,0.000,0.000,1
2026-01-31 14:22:55,10281574,-1803.000,7720.000,2241.000,4.000,5.000,-14.000,0.000,0.000,1
2026-01-31 14:22:55,10281614,-1789.000,7736.000,2235.000,-9.000,17.000,-9.000,0.000,0.000,1
2026-01-31 14:22:55,10281654,-1817.000,7697.000,2241.000,-16.000,31.000,-23.000,0.000,0.000,1
2026-01-31 14:22:55,10281694,-1833.000,7697.000,2256.000,-4.000,21.000,-23.000,0.000,0.000,1
2026-01-31 14:22:55,10281734,-1806.000,7680.000,2237.000,23.000,-7.000,2.000,0.000,0.000,1
2026-01-31 14:22:55,10281774,-1747.000,7746.000,2231.000,16.000,-8.000,14.000,0.000,0.000,1
2026-01-31 14:22:55,10281814,-1799.000,7689.000,2261.000,-26.000,25.000,-12.000,0.000,0.000,1
2026-01-31 14:22:55,10281854,-1817.000,7705.000,2256.000,-12.000,13.000,-5.000,0.000,0.000,1
2026-01-31 14:22:55,10281894,-1749.000,7665.000,2240.000,-18.000,13.000,-7.000,0.000,0.000,1
2026-01-31 14:22:55,10281934,-1781.000,7738.000,2228.000,-1.000,29.000,-11.000,0.000,0.000,1
2026-01-31 14:22:55,10281974,-1815.000,7676.000,2252.000,-29.000,14.000,-31.000,0.000,0.000,1
2026-01-31 14:22:55,10282014,-1816.000,7682.000,2253.000,-4.000,26.000,-26.000,0.000,0.000,1
2026-01-31 14:22:56,10282054,-1798.000,7712.000,2246.000,-10.000,18.000,-17.000,0.000,0.000,1
2026-01-31 14:22:56,10282094,-1831.000,7732.000,2243.000,-16.000,18.000,-4.000,0.000,0.000,1
2026-01-31 14:22:56,10282134,-1830.000,7673.000,2267.000,-36.000,16.000,2.000,0.000,0.000,1
2026-01-31 14:22:56,10282174,-1821.000,7717.000,2239.000,-8.000,10.000,0.000,0.000,0.000,1
2026-01-31 14:22:56,10282214,-1808.000,7673.000,2249.000,-10.000,6.000,4.000,0.000,0.000,1
2026-01-31 14:22:56,10282254,-1809.000,7714.000,2249.000,9.000,17.000,2.000,0.000,0.000,1
2026-01-31 14:22:56,10282294,-1814.000,7703.000,2254.000,-12.000,8.000,6.000,0.000,0.000,1
2026-01-31 14:22:56,10282337,-1818.000,7669.000,2257.000,-14.000,2.000,2.000,0.000,0.000,1
2026-01-31 14:22:56,10282376,-1815.000,7704.000,2257.000,12.000,2.000,11.000,0.000,0.000,1
2026-01-31 14:22:56,10282414,-1817.000,7718.000,2239.000,6.000,3.000,9.000,0.000,0.000,1
2026-01-31 14:22:56,10282454,-1814.000,7683.000,2262.000,-10.000,-3.000,9.000,0.000,0.000,1
2026-01-31 14:22:56,10282494,-1802.000,7686.000,2250.000,8.000,-10.000,5.000,0.000,0.000,1
2026-01-31 14:22:56,10282534,-1786.000,7717.000,2223.000,18.000,-1.000,16.000,0.000,0.000,1
2026-01-31 14:22:56,10282577,-1849.000,7694.000,2276.000,-7.000,28.000,-1.000,0.000,0.000,1
2026-01-31 14:22:56,10282614,-1839.000,7678.000,2269.000,2.000,17.000,3.000,0.000,0.000,1
2026-01-31 14:22:56,10282654,-1742.000,7683.000,2238.000,51.000,34.000,-33.000,0.000,0.000,1
2026-01-31 14:22:56,10282694,-1704.000,7809.000,2207.000,51.000,95.000,-107.000,0.000,0.000,1
2026-01-31 14:22:56,10282734,-1742.000,7713.000,2225.000,-25.000,172.000,-175.000,0.000,0.000,1
2026-01-31 14:22:56,10282774,-1954.000,7613.000,2229.000,-37.000,159.000,-155.000,0.000,0.000,1
2026-01-31 14:22:56,10282814,-1934.000,7645.000,2196.000,81.000,-34.000,-22.000,0.000,0.000,1
2026-01-31 14:22:56,10282854,-1841.000,7732.000,2202.000,99.000,-65.000,52.000,0.000,0.000,1
2026-01-31 14:22:56,10282894,-1961.000,7696.000,2200.000,2.000,-24.000,14.000,0.000,0.000,1
2026-01-31 14:22:56,10282934,-2000.000,7767.000,2294.000,-48.000,-33.000,43.000,0.000,0.000,1
2026-01-31 14:22:56,10282974,-1921.000,7618.000,2260.000,69.000,-27.000,57.000,0.000,0.000,1
2026-01-31 14:22:56,10283014,-1861.000,7753.000,2175.000,121.000,-15.000,98.000,0.000,0.000,1
2026-01-31 14:22:57,10283054,-1837.000,7676.000,2186.000,19.000,-45.000,56.000,0.000,0.000,1
2026-01-31 14:22:57,10283094,-1758.000,7627.000,2196.000,4.000,-68.000,63.000,0.000,0.000,1
2026-01-31 14:22:57,10283134,-1743.000,7712.000,2245.000,36.000,-52.000,35.000,0.000,0.000,1
2026-01-31 14:22:57,10283174,-1765.000,7802.000,2212.000,81.000,-41.000,31.000,0.000,0.000,1
2026-01-31 14:22:57,10283214,-1773.000,7747.000,2207.000,-7.000,-22.000,-13.000,0.000,0.000,1
2026-01-31 14:22:57,10283254,-1812.000,7687.000,2219.000,-77.000,-12.000,-3.000,0.000,0.000,1
2026-01-31 14:22:57,10283294,-1782.000,7643.000,2228.000,-6.000,-5.000,-26.000,0.000,0.000,1
2026-01-31 14:22:57,10283334,-1810.000,7738.000,2174.000,104.000,39.000,-49.000,0.000,0.000,1
2026-01-31 14:22:57,10283374,-1858.000,7688.000,2220.000,51.000,105.000,-75.000,0.000,0.000,1
2026-01-31 14:22:57,10283414,-1855.000,7708.000,2173.000,31.000,69.000,-13.000,0.000,0.000,1
2026-01-31 14:22:57,10283454,-1843.000,7760.000,2134.000,-51.000,46.000,7.000,0.000,0.000,1
2026-01-31 14:22:57,10283494,-1845.000,7707.000,2162.000,-98.000,27.000,1.000,0.000,0.000,1
2026-01-31 14:22:57,10283534,-1892.000,7715.000,2179.000,-78.000,-2.000,-16.000,0.000,0.000,1
2026-01-31 14:22:57,10283574,-1881.000,7694.000,2213.000,-157.000,-39.000,-11.000,0.000,0.000,1
2026-01-31 14:22:57,10283614,-1863.000,7705.000,2231.000,-68.000,-24.000,-30.000,0.000,0.000,1
2026-01-31 14:22:57,10283654,-1937.000,7741.000,2212.000,-123.000,-68.000,-26.000,0.000,0.000,1
2026-01-31 14:22:57,10283694,-1897.000,7617.000,2274.000,-113.000,-135.000,0.000,0.000,0.000,1
2026-01-31 14:22:57,10283734,-1860.000,7717.000,2237.000,-31.000,-112.000,-16.000,0.000,0.000,1
2026-01-31 14:22:57,10283774,-1760.000,7671.000,2274.000,-92.000,-94.000,-10.000,0.000,0.000,1
2026-01-31 14:22:57,10283814,-1876.000,7643.000,2269.000,18.000,-20.000,1.000,0.000,0.000,1
2026-01-31 14:22:57,10283854,-1868.000,7667.000,2239.000,37.000,-57.000,57.000,0.000,0.000,1
2026-01-31 14:22:57,10283894,-1772.000,7686.000,2258.000,11.000,-65.000,92.000,0.000,0.000,1
2026-01-31 14:22:57,10283934,-1779.000,7666.000,2255.000,14.000,-35.000,64.000,0.000,0.000,1
2026-01-31 14:22:57,10283974,-1825.000,7739.000,2262.000,38.000,-1.000,94.000,0.000,0.000,1
2026-01-31 14:22:57,10284014,-1885.000,7832.000,2235.000,-42.000,-42.000,75.000,0.000,0.000,1
2026-01-31 14:22:58,10284054,-1760.000,7575.000,2303.000,-92.000,-94.000,48.000,0.000,0.000,1
2026-01-31 14:22:58,10284094,-1716.000,7742.000,2235.000,118.000,-6.000,75.000,0.000,0.000,1
2026-01-31 14:22:58,10284134,-1825.000,7614.000,2262.000,-54.000,2.000,18.000,0.000,0.000,1
2026-01-31 14:22:58,10284174,-1784.000,7707.000,2287.000,9.000,1.000,48.000,0.000,0.000,1
2026-01-31 14:22:58,10284214,-1804.000,7719.000,2218.000,16.000,-2.000,44.000,0.000,0.000,1
2026-01-31 14:22:58,10284254,-1740.000,7737.000,2220.000,-6.000,11.000,31.000,0.000,0.000,1
2026-01-31 14:22:58,10284294,-1773.000,7709.000,2249.000,-33.000,31.000,-21.000,0.000,0.000,1
2026-01-31 14:22:58,10284334,-1805.000,7654.000,2263.000,-19.000,26.000,-23.000,0.000,0.000,1
2026-01-31 14:22:58,10284374,-1764.000,7706.000,2254.000,10.000,21.000,-3.000,0.000,0.000,1
2026-01-31 14:22:58,10284414,-1786.000,7696.000,2279.000,-16.000,25.000,-26.000,0.000,0.000,1
2026-01-31 14:22:58,10284454,-1817.000,7694.000,2277.000,-32.000,33.000,-15.000,0.000,0.000,1
2026-01-31 14:22:58,10284494,-1809.000,7689.000,2270.000,-25.000,14.000,2.000,0.000,0.000,1
2026-01-31 14:22:58,10284534,-1811.000,7699.000,2244.000,4.000,19.000,-4.000,0.000,0.000,1
2026-01-31 14:22:58,10284577,-1803.000,7669.000,2268.000,11.000,16.000,-11.000,0.000,0.000,1
2026-01-31 14:22:58,10284614,-1812.000,7682.000,2253.000,29.000,17.000,-8.000,0.000,0.000,1
2026-01-31 14:22:58,10284654,-1800.000,7714.000,2246.000,24.000,19.000,-11.000,0.000,0.000,1
2026-01-31 14:22:58,10284694,-1793.000,7696.000,2256.000,16.000,28.000,-23.000,0.000,0.000,1
2026-01-31 14:22:58,10284734,-1791.000,7693.000,2236.000,8.000,26.000,-27.000,0.000,0.000,1
2026-01-31 14:22:58,10284774,-1898.000,7788.000,2270.000,102.000,77.000,-12.000,0.000,0.000,1
2026-01-31 14:22:58,10284814,-1847.000,7676.000,2203.000,-61.000,-25.000,-38.000,0.000,0.000,1
2026-01-31 14:22:58,10284854,-1825.000,7657.000,2249.000,-81.000,-68.000,28.000,0.000,0.000,1
2026-01-31 14:22:58,10284894,-1758.000,7808.000,2240.000,45.000,26.000,8.000,0.000,0.000,1
2026-01-31 14:22:58,10284934,-1878.000,7689.000,2264.000,-48.000,51.000,-31.000,0.000,0.000,1
2026-01-31 14:22:58,10284974,-1852.000,7724.000,2236.000,-13.000,12.000,2.000,0.000,0.000,1
2026-01-31 14:22:58,10285014,-1741.000,7658.000,2232.000,-31.000,10.000,6.000,0.000,0.000,1
2026-01-31 14:22:59,10285054,-1829.000,7694.000,2237.000,-8.000,53.000,-32.000,0.000,0.000,1
2026-01-31 14:22:59,10285094,-1867.000,7691.000,2247.000,-43.000,19.000,-19.000,0.000,0.000,1
2026-01-31 14:22:59,10285134,-1800.000,7703.000,2262.000,-42.000,2.000,-2.000,0.000,0.000,1
2026-01-31 14:22:59,10285174,-1815.000,7699.000,2270.000,-34.000,26.000,-25.000,0.000,0.000,1
2026-01-31 14:22:59,10285214,-1841.000,7658.000,2281.000,-19.000,27.000,-17.000,0.000,0.000,1
2026-01-31 14:22:59,10285254,-1840.000,7690.000,2261.000,-18.000,20.000,-10.000,0.000,0.000,1
2026-01-31 14:22:59,10285294,-1845.000,7670.000,2281.000,-27.000,19.000,-8.000,0.000,0.000,1
2026-01-31 14:22:59,10285334,-1832.000,7693.000,2258.000,-3.000,13.000,12.000,0.000,0.000,1
2026-01-31 14:22:59,10285374,-1838.000,7677.000,2262.000,-8.000,6.000,6.000,0.000,0.000,1
2026-01-31 14:22:59,10285414,-1833.000,7682.000,2257.000,6.000,11.000,10.000,0.000,0.000,1
2026-01-31 14:22:59,10285454,-1829.000,7678.000,2262.000,9.000,11.000,5.000,0.000,0.000,1
2026-01-31 14:22:59,10285494,-1845.000,7700.000,2255.000,14.000,14.000,13.000,0.000,0.000,1
2026-01-31 14:22:59,10285534,-1828.000,7698.000,2261.000,-11.000,4.000,8.000,0.000,0.000,1
2026-01-31 14:22:59,10285574,-1841.000,7684.000,2267.000,-1.000,7.000,-5.000,0.000,0.000,1
2026-01-31 14:22:59,10285614,-1832.000,7686.000,2257.000,4.000,-1.000,11.000,0.000,0.000,1
2026-01-31 14:22:59,10285654,-1796.000,7684.000,2248.000,5.000,-4.000,16.000,0.000,0.000,1
2026-01-31 14:22:59,10285694,-1845.000,7705.000,2254.000,-6.000,39.000,-1.000,0.000,0.000,1
2026-01-31 14:22:59,10285734,-1883.000,7702.000,2282.000,-28.000,16.000,15.000,0.000,0.000,1
2026-01-31 14:22:59,10285774,-1813.000,7683.000,2238.000,-5.000,-7.000,23.000,0.000,0.000,1
2026-01-31 14:22:59,10285814,-1808.000,7691.000,2235.000,-20.000,18.000,1.000,0.000,0.000,1
2026-01-31 14:22:59,10285854,-1863.000,7687.000,2284.000,-18.000,16.000,-3.000,0.000,0.000,1
2026-01-31 14:22:59,10285894,-1833.000,7673.000,2252.000,6.000,0.000,14.000,0.000,0.000,1
2026-01-31 14:22:59,10285934,-1812.000,7694.000,2276.000,-34.000,6.000,16.000,0.000,0.000,1
2026-01-31 14:22:59,10285974,-1856.000,7654.000,2290.000,4.000,-4.000,14.000,0.000,0.000,1
2026-01-31 14:22:59,10286014,-1828.000,7574.000,2283.000,46.000,-14.000,30.000,0.000,0.000,1
2026-01-31 14:23:00,10286054,-1834.000,7683.000,2322.000,142.000,41.000,27.000,0.000,0.000,1
2026-01-31 14:23:00,10286094,-1882.000,7651.000,2291.000,174.000,55.000,-6.000,0.000,0.000,1
2026-01-31 14:23:00,10286134,-1859.000,7739.000,2239.000,173.000,34.000,-12.000,0.000,0.000,1
2026-01-31 14:23:00,10286174,-1837.000,7773.000,2190.000,103.000,-1.000,9.000,0.000,0.000,1
2026-01-31 14:23:00,10286214,-1863.000,7850.000,2056.000,69.000,-87.000,44.000,0.000,0.000,1
2026-01-31 14:23:00,10286254,-1770.000,7745.000,2039.000,-64.000,-160.000,92.000,0.000,0.000,1
2026-01-31 14:23:00,10286294,-1728.000,7731.000,2122.000,-31.000,-147.000,72.000,0.000,0.000,1
2026-01-31 14:23:00,10286335,-1725.000,7834.000,2223.000,-82.000,-14.000,20.000,0.000,0.000,1
2026-01-31 14:23:00,10286374,-1841.000,7751.000,2199.000,-80.000,63.000,-48.000,0.000,0.000,1
2026-01-31 14:23:00,10286414,-1867.000,7702.000,2229.000,-169.000,27.000,5.000,0.000,0.000,1
2026-01-31 14:23:00,10286454,-1835.000,7557.000,2294.000,-163.000,-30.000,52.000,0.000,0.000,1
2026-01-31 14:23:00,10286494,-1746.000,7687.000,2268.000,-93.000,-47.000,84.000,0.000,0.000,1
2026-01-31 14:23:00,10286534,-1759.000,7672.000,2352.000,-174.000,7.000,87.000,0.000,0.000,1
2026-01-31 14:23:00,10286577,-1740.000,7682.000,2322.000,-24.000,5.000,75.000,0.000,0.000,1
2026-01-31 14:23:00,10286614,-1718.000,7715.000,2281.000,-19.000,31.000,62.000,0.000,0.000,1
2026-01-31 14:23:00,10286654,-1767.000,7644.000,2265.000,-50.000,55.000,16.000,0.000,0.000,1
2026-01-31 14:23:00,10286694,-1807.000,7661.000,2302.000,21.000,28.000,5.000,0.000,0.000,1
2026-01-31 14:23:00,10286734,-1813.000,7701.000,2266.000,63.000,28.000,3.000,0.000,0.000,1
2026-01-31 14:23:00,10286774,-1806.000,7694.000,2269.000,81.000,2.000,-7.000,0.000,0.000,1
2026-01-31 14:23:00,10286814,-1794.000,7765.000,2239.000,76.000,-8.000,15.000,0.000,0.000,1
2026-01-31 14:23:00,10286854,-1785.000,7727.000,2246.000,9.000,-4.000,7.000,0.000,0.000,1
2026-01-31 14:23:00,10286894,-1802.000,7712.000,2234.000,4.000,-18.000,24.000,0.000,0.000,1
2026-01-31 14:23:00,10286934,-1760.000,7685.000,2231.000,-5.000,-22.000,59.000,0.000,0.000,1
2026-01-31 14:23:00,10286974,-1781.000,7748.000,2245.000,-20.000,-2.000,51.000,0.000,0.000,1
2026-01-31 14:23:00,10287014,-1798.000,7748.000,2284.000,-66.000,4.000,76.000,0.000,0.000,1
2026-01-31 14:23:01,10287054,-1763.000,7724.000,2240.000,-68.000,-18.000,64.000,0.000,0.000,1
2026-01-31 14:23:01,10287094,-1720.000,7677.000,2287.000,-64.000,-20.000,57.000,0.000,0.000,1
2026-01-31 14:23:01,10287134,-1726.000,7673.000,2282.000,-11.000,22.000,13.000,0.000,0.000,1
2026-01-31 14:23:01,10287174,-1744.000,7741.000,2295.000,-27.000,43.000,6.000,0.000,0.000,1
2026-01-31 14:23:01,10287214,-1776.000,7665.000,2273.000,-45.000,23.000,-7.000,0.000,0.000,1
2026-01-31 14:23:01,10287254,-1712.000,7730.000,2241.000,4.000,4.000,6.000,0.000,0.000,1
2026-01-31 14:23:01,10287294,-1680.000,7794.000,2264.000,-70.000,23.000,-15.000,0.000,0.000,1
2026-01-31 14:23:01,10287334,-1728.000,7742.000,2298.000,-97.000,56.000,-59.000,0.000,0.000,1
2026-01-31 14:23:01,10287374,-1687.000,7607.000,2298.000,-89.000,75.000,-123.000,0.000,0.000,1
2026-01-31 14:23:01,10287414,-1740.000,7568.000,2284.000,-14.000,124.000,-174.000,0.000,0.000,1
2026-01-31 14:23:01,10287454,-1793.000,7668.000,2309.000,3.000,136.000,-120.000,0.000,0.000,1
2026-01-31 14:23:01,10287494,-1932.000,7549.000,2362.000,-21.000,103.000,-38.000,0.000,0.000,1
2026-01-31 14:23:01,10287534,-1991.000,7655.000,2329.000,41.000,13.000,50.000,0.000,0.000,1
2026-01-31 14:23:01,10287574,-1859.000,7698.000,2294.000,-4.000,-26.000,78.000,0.000,0.000,1
2026-01-31 14:23:01,10287614,-1811.000,7693.000,2280.000,64.000,-32.000,22.000,0.000,0.000,1
2026-01-31 14:23:01,10287654,-1761.000,7672.000,2223.000,132.000,-22.000,-8.000,0.000,0.000,1
2026-01-31 14:23:01,10287694,-1761.000,7690.000,2227.000,125.000,-31.000,-3.000,0.000,0.000,1
2026-01-31 14:23:01,10287734,-1776.000,7738.000,2239.000,89.000,-22.000,7.000,0.000,0.000,1
2026-01-31 14:23:01,10287774,-1784.000,7780.000,2223.000,38.000,-10.000,9.000,0.000,0.000,1
2026-01-31 14:23:01,10287814,-1804.000,7734.000,2239.000,4.000,3.000,-35.000,0.000,0.000,1
2026-01-31 14:23:01,10287854,-1820.000,7720.000,2236.000,49.000,-2.000,-44.000,0.000,0.000,1
2026-01-31 14:23:01,10287894,-1785.000,7723.000,2227.000,37.000,-4.000,-39.000,0.000,0.000,1
2026-01-31 14:23:01,10287934,-1782.000,7735.000,2252.000,-10.000,7.000,-5.000,0.000,0.000,1
2026-01-31 14:23:01,10287974,-1764.000,7706.000,2258.000,-77.000,8.000,13.000,0.000,0.000,1
2026-01-31 14:23:01,10288014,-1754.000,7693.000,2240.000,-83.000,22.000,26.000,0.000,0.000,1
2026-01-31 14:23:02,10288054,-1764.000,7689.000,2253.000,-74.000,52.000,9.000,0.000,0.000,1
2026-01-31 14:23:02,10288094,-1868.000,7669.000,2269.000,-73.000,76.000,-11.000,0.000,0.000,1
2026-01-31 14:23:02,10288134,-1876.000,7680.000,2287.000,-31.000,42.000,-11.000,0.000,0.000,1
2026-01-31 14:23:02,10288174,-1829.000,7700.000,2240.000,-4.000,19.000,-13.000,0.000,0.000,1
2026-01-31 14:23:02,10288214,-1832.000,7693.000,2258.000,-11.000,13.000,-26.000,0.000,0.000,1
2026-01-31 14:23:02,10288254,-1826.000,7670.000,2262.000,2.000,-6.000,-15.000,0.000,0.000,1
2026-01-31 14:23:02,10288294,-1825.000,7666.000,2256.000,13.000,-3.000,-18.000,0.000,0.000,1
2026-01-31 14:23:02,10288334,-1825.000,7705.000,2272.000,21.000,16.000,-18.000,0.000,0.000,1
2026-01-31 14:23:02,10288374,-1841.000,7698.000,2252.000,22.000,7.000,-11.000,0.000,0.000,1
2026-01-31 14:23:02,10288414,-1835.000,7708.000,2266.000,9.000,-4.000,4.000,0.000,0.000,1
2026-01-31 14:23:02,10288454,-1819.000,7698.000,2243.000,-11.000,-8.000,10.000,0.000,0.000,1
2026-01-31 14:23:02,10288494,-1805.000,7674.000,2253.000,-10.000,-10.000,20.000,0.000,0.000,1
2026-01-31 14:23:02,10288534,-1804.000,7698.000,2246.000,-6.000,-4.000,27.000,0.000,0.000,1
2026-01-31 14:23:02,10288577,-1813.000,7713.000,2267.000,-24.000,17.000,16.000,0.000,0.000,1
2026-01-31 14:23:02,10288614,-1821.000,7703.000,2258.000,-20.000,19.000,12.000,0.000,0.000,1
2026-01-31 14:23:02,10288654,-1833.000,7666.000,2247.000,-16.000,18.000,6.000,0.000,0.000,1
2026-01-31 14:23:02,10288694,-1841.000,7706.000,2259.000,8.000,4.000,-3.000,0.000,0.000,1
2026-01-31 14:23:02,10288734,-1815.000,7723.000,2259.000,-6.000,-5.000,6.000,0.000,0.000,1
2026-01-31 14:23:02,10288774,-1830.000,7616.000,2247.000,16.000,-5.000,-17.000,0.000,0.000,1
2026-01-31 14:23:02,10288814,-1845.000,7771.000,2264.000,38.000,-3.000,6.000,0.000,0.000,1
2026-01-31 14:23:02,10288854,-1827.000,7780.000,2249.000,-32.000,-22.000,39.000,0.000,0.000,1
2026-01-31 14:23:02,10288894,-1720.000,7650.000,2213.000,-55.000,-22.000,25.000,0.000,0.000,1
2026-01-31 14:23:02,10288934,-1755.000,7730.000,2266.000,-19.000,62.000,-38.000,0.000,0.000,1
2026-01-31 14:23:02,10288974,-1879.000,7571.000,2296.000,-9.000,61.000,-23.000,0.000,0.000,1
2026-01-31 14:23:02,10289014,-1772.000,7663.000,2290.000,96.000,34.000,-23.000,0.000,0.000,1
2026-01-31 14:23:03,10289054,-1873.000,7658.000,2310.000,1.000,93.000,-44.000,0.000,0.000,1
2026-01-31 14:23:03,10289094,-1953.000,7796.000,2242.000,6.000,-50.000,61.000,0.000,0.000,1
2026-01-31 14:23:03,10289134,-1855.000,7669.000,2152.000,-69.000,-174.000,125.000,0.000,0.000,1
2026-01-31 14:23:03,10289174,-1760.000,7772.000,2187.000,-72.000,-192.000,156.000,0.000,0.000,1
2026-01-31 14:23:03,10289214,-1770.000,7730.000,2205.000,-49.000,-142.000,72.000,0.000,0.000,1
2026-01-31 14:23:03,10289254,-1725.000,7704.000,2237.000,-35.000,-49.000,20.000,0.000,0.000,1
2026-01-31 14:23:03,10289294,-1769.000,7681.000,2293.000,-8.000,45.000,-70.000,0.000,0.000,1
2026-01-31 14:23:03,10289334,-1826.000,7690.000,2295.000,6.000,67.000,-48.000,0.000,0.000,1
2026-01-31 14:23:03,10289374,-1803.000,7697.000,2301.000,-37.000,31.000,-5.000,0.000,0.000,1
2026-01-31 14:23:03,10289414,-1785.000,7683.000,2314.000,-99.000,-7.000,43.000,0.000,0.000,1
2026-01-31 14:23:03,10289454,-1746.000,7652.000,2315.000,-98.000,-38.000,52.000,0.000,0.000,1
2026-01-31 14:23:03,10289494,-1698.000,7666.000,2328.000,-30.000,28.000,22.000,0.000,0.000,1
2026-01-31 14:23:03,10289534,-1765.000,7690.000,2314.000,-5.000,76.000,-19.000,0.000,7.210,1
2026-01-31 14:23:03,10289574,-1813.000,7656.000,2292.000,17.000,79.000,-26.000,0.000,7.210,1
2026-01-31 14:23:03,10289614,-1834.000,7686.000,2263.000,24.000,57.000,-6.000,0.000,7.210,1
2026-01-31 14:23:03,10289654,-1841.000,7680.000,2278.000,31.000,43.000,-11.000,0.000,7.210,1
2026-01-31 14:23:03,10289694,-1863.000,7708.000,2268.000,74.000,22.000,-15.000,0.000,7.210,1
2026-01-31 14:23:03,10289734,-1830.000,7717.000,2242.000,65.000,-1.000,-4.000,0.000,7.210,1
2026-01-31 14:23:03,10289774,-1757.000,7701.000,2262.000,57.000,-5.000,5.000,0.000,7.210,1
2026-01-31 14:23:03,10289814,-1819.000,7708.000,2258.000,45.000,15.000,8.000,0.000,7.210,1
2026-01-31 14:23:03,10289854,-1810.000,7738.000,2257.000,-27.000,-39.000,79.000,0.000,7.210,1
2026-01-31 14:23:03,10289894,-1743.000,7683.000,2232.000,-28.000,-23.000,44.000,0.000,7.210,1
2026-01-31 14:23:03,10289934,-1776.000,7754.000,2237.000,-33.000,13.000,44.000,0.000,7.210,1
2026-01-31 14:23:03,10289974,-1783.000,7668.000,2270.000,-52.000,-15.000,28.000,0.000,7.210,1
2026-01-31 14:23:03,10290014,-1755.000,7682.000,2284.000,-27.000,-6.000,36.000,0.000,7.210,1
2026-01-31 14:23:04,10290054,-1750.000,7732.000,2295.000,-36.000,15.000,31.000,0.000,7.210,1
2026-01-31 14:23:04,10290094,-1775.000,7689.000,2290.000,-54.000,12.000,37.000,0.000,7.210,1
2026-01-31 14:23:04,10290134,-1795.000,7690.000,2282.000,-87.000,11.000,49.000,0.000,7.210,1
2026-01-31 14:23:04,10290174,-1764.000,7667.000,2291.000,-77.000,0.000,49.000,0.000,7.210,1
2026-01-31 14:23:04,10290214,-1742.000,7655.000,2278.000,-25.000,-9.000,28.000,0.000,7.210,1
2026-01-31 14:23:04,10290254,-1763.000,7719.000,2273.000,-24.000,-12.000,34.000,0.000,7.210,1
2026-01-31 14:23:04,10290294,-1745.000,7681.000,2297.000,-29.000,3.000,27.000,0.000,7.210,1
2026-01-31 14:23:04,10290337,-1770.000,7761.000,2276.000,17.000,30.000,18.000,0.000,7.210,1
2026-01-31 14:23:04,10290376,-1812.000,7726.000,2284.000,-54.000,44.000,40.000,0.000,7.210,1
2026-01-31 14:23:04,10290414,-1795.000,7664.000,2266.000,-67.000,0.000,49.000,0.000,7.210,1
2026-01-31 14:23:04,10290454,-1799.000,7770.000,2290.000,-68.000,-48.000,83.000,0.000,7.210,1
2026-01-31 14:23:04,10290494,-1700.000,7604.000,2289.000,-154.000,-35.000,43.000,0.000,7.210,1
2026-01-31 14:23:04,10290534,-1642.000,7663.000,2344.000,-31.000,9.000,-19.000,0.000,1.140,1
2026-01-31 14:23:04,10290576,-1670.000,7638.000,2329.000,-32.000,92.000,-64.000,0.000,1.140,1
2026-01-31 14:23:04,10290614,-1766.000,7675.000,2376.000,84.000,99.000,-116.000,0.000,1.140,1
2026-01-31 14:23:04,10290658,-1874.000,7630.000,2318.000,-107.000,20.000,17.000,0.000,1.140,1
2026-01-31 14:23:04,10290694,-1832.000,7555.000,2263.000,-73.000,-59.000,17.000,0.000,1.140,1
2026-01-31 14:23:04,10290734,-1724.000,7801.000,2260.000,-58.000,-91.000,42.000,0.000,1.140,1
2026-01-31 14:23:04,10290774,-1733.000,7698.000,2302.000,-82.000,-22.000,-13.000,0.000,1.140,1
2026-01-31 14:23:04,10290814,-1774.000,7687.000,2298.000,-8.000,19.000,-77.000,0.000,1.140,1
2026-01-31 14:23:04,10290854,-1759.000,7607.000,2332.000,-56.000,67.000,-94.000,0.000,1.140,1
2026-01-31 14:23:04,10290894,-1884.000,7552.000,2337.000,38.000,60.000,-113.000,0.000,1.140,1
2026-01-31 14:23:04,10290934,-1867.000,7878.000,2392.000,53.000,10.000,-1.000,0.000,1.140,1
2026-01-31 14:23:04,10290974,-1871.000,7836.000,2353.000,-92.000,-72.000,75.000,0.000,1.140,1
2026-01-31 14:23:04,10291014,-1655.000,7611.000,2367.000,-109.000,-72.000,97.000,0.000,1.140,1
2026-01-31 14:23:05,10291054,-1720.000,7518.000,2257.000,-22.000,48.000,42.000,0.000,1.140,1
2026-01-31 14:23:05,10291094,-1710.000,7607.000,2395.000,-22.000,87.000,32.000,0.000,1.140,1
2026-01-31 14:23:05,10291134,-1648.000,7704.000,2355.000,56.000,158.000,27.000,0.000,1.140,1
2026-01-31 14:23:05,10291174,-1698.000,7688.000,2411.000,-4.000,199.000,-43.000,0.000,1.140,1
2026-01-31 14:23:05,10291214,-1787.000,7526.000,2384.000,55.000,199.000,-96.000,0.000,1.140,1
2026-01-31 14:23:05,10291254,-1831.000,7560.000,2326.000,130.000,109.000,-92.000,0.000,1.140,1
2026-01-31 14:23:05,10291294,-1836.000,7763.000,2264.000,115.000,15.000,-57.000,0.000,1.140,1
2026-01-31 14:23:05,10291334,-1755.000,7773.000,2293.000,48.000,-17.000,-39.000,0.000,1.140,1
2026-01-31 14:23:05,10291374,-1870.000,7729.000,2218.000,-10.000,75.000,-181.000,0.000,1.140,1
2026-01-31 14:23:05,10291414,-1948.000,7595.000,2185.000,-6.000,-1.000,-240.000,0.000,1.140,1
2026-01-31 14:23:05,10291454,-1930.000,7695.000,2286.000,-2.000,-69.000,-181.000,0.000,1.140,1
2026-01-31 14:23:05,10291494,-2010.000,7689.000,2373.000,-20.000,-81.000,-66.000,0.000,1.140,1
2026-01-31 14:23:05,10291534,-1997.000,7686.000,2346.000,-14.000,-114.000,31.000,0.000,0.000,1
2026-01-31 14:23:05,10291574,-1962.000,7716.000,2314.000,-78.000,-109.000,141.000,0.000,0.000,1
2026-01-31 14:23:05,10291614,-1924.000,7619.000,2295.000,-90.000,-136.000,199.000,0.000,0.000,1
2026-01-31 14:23:05,10291654,-1811.000,7622.000,2295.000,-53.000,-138.000,201.000,0.000,0.000,1
2026-01-31 14:23:05,10291694,-1736.000,7658.000,2335.000,-51.000,-125.000,161.000,0.000,0.000,1
2026-01-31 14:23:05,10291734,-1694.000,7700.000,2366.000,-28.000,-91.000,114.000,0.000,0.000,1
2026-01-31 14:23:05,10291774,-1678.000,7688.000,2396.000,-1.000,-45.000,66.000,0.000,0.000,1
2026-01-31 14:23:05,10291814,-1688.000,7665.000,2402.000,-10.000,-4.000,43.000,0.000,0.000,1
2026-01-31 14:23:05,10291854,-1714.000,7645.000,2385.000,7.000,12.000,20.000,0.000,0.000,1
2026-01-31 14:23:05,10291894,-1720.000,7705.000,2345.000,28.000,20.000,-13.000,0.000,0.000,1
2026-01-31 14:23:05,10291934,-1731.000,7697.000,2325.000,9.000,25.000,-36.000,0.000,0.000,1
2026-01-31 14:23:05,10291974,-1739.000,7679.000,2339.000,12.000,39.000,-67.000,0.000,0.000,1
2026-01-31 14:23:05,10292014,-1760.000,7700.000,2324.000,-2.000,63.000,-62.000,0.000,0.000,1
2026-01-31 14:23:06,10292054,-1820.000,7698.000,2321.000,-31.000,94.000,-68.000,0.000,0.000,1
2026-01-31 14:23:06,10292094,-1835.000,7699.000,2331.000,-62.000,86.000,-55.000,0.000,0.000,1
2026-01-31 14:23:06,10292134,-1877.000,7627.000,2326.000,-61.000,70.000,-44.000,0.000,0.000,1
2026-01-31 14:23:06,10292174,-1866.000,7650.000,2354.000,-29.000,46.000,3.000,0.000,0.000,1
2026-01-31 14:23:06,10292214,-1857.000,7698.000,2329.000,0.000,13.000,14.000,0.000,0.000,1
2026-01-31 14:23:06,10292254,-1828.000,7659.000,2345.000,-12.000,-10.000,20.000,0.000,0.000,1
2026-01-31 14:23:06,10292294,-1849.000,7638.000,2372.000,-9.000,-13.000,6.000,0.000,0.000,1
2026-01-31 14:23:06,10292337,-1804.000,7669.000,2352.000,28.000,-47.000,40.000,0.000,0.000,1
2026-01-31 14:23:06,10292376,-1760.000,7686.000,2308.000,20.000,-25.000,35.000,0.000,0.000,1
2026-01-31 14:23:06,10292414,-1783.000,7676.000,2320.000,8.000,-16.000,20.000,0.000,0.000,1
2026-01-31 14:23:06,10292454,-1806.000,7660.000,2373.000,16.000,-30.000,13.000,0.000,0.000,1
2026-01-31 14:23:06,10292494,-1761.000,7674.000,2339.000,45.000,-17.000,15.000,0.000,0.000,1
2026-01-31 14:23:06,10292534,-1759.000,7682.000,2355.000,-6.000,9.000,7.000,0.000,121.240,1
2026-01-31 14:23:06,10292574,-1787.000,7688.000,2346.000,14.000,19.000,19.000,0.000,121.240,1
2026-01-31 14:23:06,10292614,-1791.000,7689.000,2324.000,-10.000,13.000,25.000,0.000,121.240,1
2026-01-31 14:23:06,10292654,-1796.000,7672.000,2342.000,-24.000,14.000,9.000,0.000,121.240,1
2026-01-31 14:23:06,10292694,-1803.000,7686.000,2331.000,-7.000,31.000,2.000,0.000,121.240,1
2026-01-31 14:23:06,10292734,-1812.000,7684.000,2322.000,-19.000,22.000,-5.000,0.000,121.240,1
2026-01-31 14:23:06,10292774,-1786.000,7676.000,2325.000,-22.000,19.000,-7.000,0.000,121.240,1
2026-01-31 14:23:06,10292814,-1806.000,7664.000,2322.000,-13.000,33.000,-26.000,0.000,121.240,1
2026-01-31 14:23:06,10292854,-1804.000,7689.000,2339.000,5.000,25.000,-14.000,0.000,121.240,1
2026-01-31 14:23:06,10292894,-1828.000,7667.000,2351.000,-10.000,28.000,-32.000,0.000,121.240,1
2026-01-31 14:23:06,10292934,-1815.000,7727.000,2343.000,-8.000,14.000,3.000,0.000,121.240,1
2026-01-31 14:23:06,10292974,-1817.000,7640.000,2339.000,-27.000,7.000,-14.000,0.000,121.240,1
2026-01-31 14:23:06,10293014,-1811.000,7678.000,2350.000,-11.000,0.000,8.000,0.000,121.240,1
2026-01-31 14:23:07,10293054,-1802.000,7650.000,2341.000,-7.000,-9.000,20.000,0.000,121.240,1
2026-01-31 14:23:07,10293094,-1760.000,7699.000,2330.000,-14.000,6.000,28.000,0.000,121.240,1
2026-01-31 14:23:07,10293134,-1827.000,7645.000,2359.000,-33.000,29.000,-6.000,0.000,121.240,1
2026-01-31 14:23:07,10293174,-1859.000,7700.000,2358.000,-3.000,9.000,18.000,0.000,121.240,1
2026-01-31 14:23:07,10293214,-1800.000,7651.000,2332.000,-5.000,-19.000,27.000,0.000,121.240,1
2026-01-31 14:23:07,10293254,-1760.000,7695.000,2318.000,2.000,10.000,11.000,0.000,121.240,1
2026-01-31 14:23:07,10293294,-1833.000,7654.000,2358.000,12.000,-22.000,14.000,0.000,121.240,1
2026-01-31 14:23:07,10293334,-1782.000,7724.000,2324.000,26.000,-21.000,28.000,0.000,121.240,1
2026-01-31 14:23:07,10293374,-1776.000,7686.000,2357.000,-16.000,2.000,10.000,0.000,121.240,1
2026-01-31 14:23:07,10293414,-1818.000,7669.000,2347.000,4.000,16.000,-2.000,0.000,121.240,1
2026-01-31 14:23:07,10293454,-1817.000,7676.000,2327.000,20.000,-1.000,21.000,0.000,121.240,1
2026-01-31 14:23:07,10293494,-1785.000,7676.000,2344.000,-1.000,-11.000,29.000,0.000,121.240,1
2026-01-31 14:23:07,10293534,-1789.000,7667.000,2342.000,2.000,0.000,29.000,0.000,0.000,1
2026-01-31 14:23:07,10293574,-1804.000,7702.000,2329.000,-6.000,10.000,24.000,0.000,0.000,1
2026-01-31 14:23:07,10293614,-1790.000,7671.000,2350.000,-25.000,-2.000,38.000,0.000,0.000,1
2026-01-31 14:23:07,10293654,-1795.000,7669.000,2331.000,4.000,9.000,28.000,0.000,0.000,1
2026-01-31 14:23:07,10293694,-1797.000,7643.000,2341.000,-1.000,1.000,34.000,0.000,0.000,1
2026-01-31 14:23:07,10293734,-1807.000,7664.000,2348.000,40.000,-5.000,49.000,0.000,0.000,1
2026-01-31 14:23:07,10293774,-1799.000,7675.000,2347.000,46.000,-23.000,60.000,0.000,0.000,1
2026-01-31 14:23:07,10293814,-1749.000,7682.000,2354.000,52.000,-16.000,73.000,0.000,0.000,1
2026-01-31 14:23:07,10293854,-1779.000,7624.000,2329.000,88.000,1.000,30.000,0.000,0.000,1
2026-01-31 14:23:07,10293894,-1794.000,7707.000,2289.000,129.000,8.000,39.000,0.000,0.000,1
2026-01-31 14:23:07,10293934,-1758.000,7696.000,2311.000,82.000,-7.000,55.000,0.000,0.000,1
2026-01-31 14:23:07,10293974,-1789.000,7784.000,2297.000,60.000,-25.000,74.000,0.000,0.000,1
2026-01-31 14:23:07,10294014,-1738.000,7710.000,2256.000,-23.000,-67.000,92.000,0.000,0.000,1
2026-01-31 14:23:08,10294054,-1679.000,7739.000,2230.000,-5.000,-37.000,38.000,0.000,0.000,1
2026-01-31 14:23:08,10294094,-1676.000,7761.000,2266.000,-32.000,-9.000,6.000,0.000,0.000,1
2026-01-31 14:23:08,10294134,-1714.000,7678.000,2255.000,-46.000,19.000,-18.000,0.000,0.000,1
2026-01-31 14:23:08,10294174,-1741.000,7746.000,2293.000,-59.000,23.000,6.000,0.000,0.000,1
2026-01-31 14:23:08,10294214,-1725.000,7693.000,2338.000,-123.000,23.000,18.000,0.000,0.000,1
2026-01-31 14:23:08,10294254,-1727.000,7649.000,2311.000,-101.000,27.000,0.000,0.000,0.000,1
2026-01-31 14:23:08,10294294,-1756.000,7652.000,2356.000,-97.000,36.000,-15.000,0.000,0.000,1
2026-01-31 14:23:08,10294334,-1745.000,7628.000,2352.000,-43.000,28.000,-7.000,0.000,0.000,1
2026-01-31 14:23:08,10294374,-1710.000,7696.000,2351.000,-8.000,26.000,-8.000,0.000,0.000,1
2026-01-31 14:23:08,10294414,-1743.000,7674.000,2375.000,-31.000,38.000,-9.000,0.000,0.000,1
2026-01-31 14:23:08,10294454,-1761.000,7702.000,2334.000,-41.000,17.000,-10.000,0.000,0.000,1
2026-01-31 14:23:08,10294494,-1775.000,7656.000,2314.000,-20.000,27.000,5.000,0.000,0.000,1
2026-01-31 14:23:08,10294534,-1784.000,7698.000,2309.000,-17.000,13.000,-10.000,0.000,0.000,1
2026-01-31 14:23:08,10294577,-1763.000,7625.000,2352.000,5.000,1.000,-27.000,0.000,0.000,1
2026-01-31 14:23:08,10294614,-1730.000,7634.000,2332.000,56.000,-2.000,-39.000,0.000,0.000,1
2026-01-31 14:23:08,10294654,-1741.000,7772.000,2322.000,63.000,29.000,-31.000,0.000,0.000,1
2026-01-31 14:23:08,10294694,-1720.000,7725.000,2350.000,-34.000,42.000,-29.000,0.000,0.000,1
2026-01-31 14:23:08,10294734,-1774.000,7688.000,2354.000,-58.000,41.000,-22.000,0.000,0.000,1
2026-01-31 14:23:08,10294774,-1775.000,7615.000,2334.000,-42.000,23.000,4.000,0.000,0.000,1
2026-01-31 14:23:08,10294814,-1748.000,7730.000,2295.000,10.000,35.000,-8.000,0.000,0.000,1
2026-01-31 14:23:08,10294854,-1763.000,7784.000,2345.000,-70.000,59.000,-46.000,0.000,0.000,1
2026-01-31 14:23:08,10294894,-1725.000,7749.000,2329.000,-73.000,79.000,-81.000,0.000,0.000,1
2026-01-31 14:23:08,10294934,-1728.000,7700.000,2314.000,-74.000,85.000,-126.000,0.000,0.000,1
2026-01-31 14:23:08,10294974,-1736.000,7551.000,2340.000,-70.000,96.000,-108.000,0.000,0.000,1
2026-01-31 14:23:08,10295014,-1798.000,7612.000,2404.000,-28.000,108.000,-117.000,0.000,0.000,1
2026-01-31 14:23:09,10295054,-1904.000,7509.000,2421.000,-44.000,123.000,-72.000,0.000,0.000,1
2026-01-31 14:23:09,10295094,-2001.000,7654.000,2443.000,34.000,45.000,-18.000,0.000,0.000,1
2026-01-31 14:23:09,10295134,-1938.000,7735.000,2394.000,26.000,6.000,73.000,0.000,0.000,1
2026-01-31 14:23:09,10295174,-1879.000,7665.000,2332.000,-13.000,-9.000,70.000,0.000,0.000,1
2026-01-31 14:23:09,10295214,-1830.000,7623.000,2288.000,56.000,-75.000,42.000,0.000,0.000,1
2026-01-31 14:23:09,10295254,-1776.000,7641.000,2269.000,87.000,-91.000,61.000,0.000,0.000,1
2026-01-31 14:23:09,10295294,-1717.000,7705.000,2335.000,78.000,-68.000,46.000,0.000,0.000,1
2026-01-31 14:23:09,10295334,-1824.000,7751.000,2342.000,55.000,18.000,-4.000,0.000,0.000,1
2026-01-31 14:23:09,10295374,-1863.000,7731.000,2328.000,36.000,-3.000,4.000,0.000,0.000,1
2026-01-31 14:23:09,10295414,-1778.000,7710.000,2264.000,43.000,-47.000,14.000,0.000,0.000,1
2026-01-31 14:23:09,10295454,-1765.000,7634.000,2312.000,25.000,-27.000,-28.000,0.000,0.000,1
2026-01-31 14:23:09,10295494,-1805.000,7738.000,2348.000,24.000,-19.000,-8.000,0.000,0.000,1
2026-01-31 14:23:09,10295534,-1712.000,7682.000,2325.000,-22.000,-39.000,31.000,0.000,0.000,1
2026-01-31 14:23:09,10295574,-1754.000,7712.000,2313.000,-67.000,35.000,8.000,0.000,0.000,1
2026-01-31 14:23:09,10295614,-1824.000,7658.000,2336.000,-95.000,62.000,3.000,0.000,0.000,1
2026-01-31 14:23:09,10295654,-1825.000,7626.000,2332.000,-65.000,57.000,-3.000,0.000,0.000,1
2026-01-31 14:23:09,10295694,-1829.000,7674.000,2334.000,-38.000,41.000,-2.000,0.000,0.000,1
2026-01-31 14:23:09,10295734,-1843.000,7666.000,2358.000,-35.000,36.000,-23.000,0.000,0.000,1
2026-01-31 14:23:09,10295774,-1867.000,7628.000,2355.000,1.000,15.000,-19.000,0.000,0.000,1
2026-01-31 14:23:09,10295814,-1833.000,7687.000,2356.000,12.000,-6.000,6.000,0.000,0.000,1
2026-01-31 14:23:09,10295854,-1821.000,7644.000,2345.000,-11.000,-1.000,6.000,0.000,0.000,1
2026-01-31 14:23:09,10295894,-1837.000,7648.000,2314.000,0.000,1.000,-4.000,0.000,0.000,1
2026-01-31 14:23:09,10295934,-1832.000,7653.000,2323.000,32.000,-12.000,7.000,0.000,0.000,1
2026-01-31 14:23:09,10295974,-1795.000,7653.000,2348.000,24.000,-24.000,15.000,0.000,0.000,1
2026-01-31 14:23:09,10296014,-1791.000,7711.000,2329.000,32.000,-8.000,10.000,0.000,0.000,1
2026-01-31 14:23:10,10296054,-1801.000,7676.000,2329.000,2.000,-7.000,13.000,0.000,0.000,1
2026-01-31 14:23:10,10296094,-1805.000,7713.000,2355.000,8.000,-3.000,19.000,0.000,0.000,1
2026-01-31 14:23:10,10296134,-1787.000,7652.000,2313.000,10.000,-27.000,37.000,0.000,0.000,1
2026-01-31 14:23:10,10296174,-1753.000,7727.000,2302.000,-9.000,-8.000,28.000,0.000,0.000,1
2026-01-31 14:23:10,10296214,-1787.000,7662.000,2333.000,-32.000,29.000,-15.000,0.000,0.000,1
2026-01-31 14:23:10,10296254,-1839.000,7698.000,2356.000,-7.000,31.000,-16.000,0.000,0.000,1
2026-01-31 14:23:10,10296294,-1801.000,7731.000,2322.000,-13.000,9.000,4.000,0.000,0.000,1
2026-01-31 14:23:10,10296334,-1823.000,7672.000,2311.000,-65.000,38.000,-14.000,0.000,0.000,1
2026-01-31 14:23:10,10296374,-1828.000,7633.000,2322.000,-27.000,16.000,-23.000,0.000,0.000,1
2026-01-31 14:23:10,10296414,-1781.000,7639.000,2331.000,-12.000,30.000,-33.000,0.000,0.000,1
2026-01-31 14:23:10,10296454,-1808.000,7677.000,2377.000,1.000,43.000,-53.000,0.000,0.000,1
2026-01-31 14:23:10,10296494,-1855.000,7690.000,2378.000,2.000,46.000,-43.000,0.000,0.000,1
2026-01-31 14:23:10,10296534,-1860.000,7668.000,2349.000,-16.000,13.000,-7.000,0.000,0.000,1
2026-01-31 14:23:10,10296577,-1830.000,7615.000,2341.000,-33.000,-15.000,19.000,0.000,0.000,1
2026-01-31 14:23:10,10296614,-1821.000,7640.000,2340.000,-12.000,-11.000,23.000,0.000,0.000,1
2026-01-31 14:23:10,10296654,-1839.000,7643.000,2332.000,31.000,3.000,18.000,0.000,0.000,1
2026-01-31 14:23:10,10296694,-1837.000,7608.000,2357.000,60.000,11.000,7.000,0.000,0.000,1
2026-01-31 14:23:10,10296734,-1881.000,7824.000,2318.000,178.000,-21.000,-29.000,0.000,0.000,1
2026-01-31 14:23:10,10296774,-1886.000,7681.000,2406.000,146.000,27.000,23.000,0.000,0.000,1
2026-01-31 14:23:10,10296814,-1844.000,7705.000,2298.000,241.000,43.000,58.000,0.000,0.000,1
2026-01-31 14:23:10,10296854,-1917.000,7696.000,2222.000,231.000,79.000,15.000,0.000,0.000,1
2026-01-31 14:23:10,10296894,-1703.000,7823.000,2035.000,179.000,-59.000,13.000,0.000,0.000,1
2026-01-31 14:23:10,10296934,-1650.000,7584.000,2220.000,1.000,-12.000,-61.000,0.000,0.000,1
2026-01-31 14:23:10,10296974,-1698.000,7801.000,2187.000,150.000,40.000,-98.000,0.000,0.000,1
2026-01-31 14:23:10,10297014,-1835.000,7748.000,2210.000,-30.000,113.000,-141.000,0.000,0.000,1
2026-01-31 14:23:11,10297054,-1882.000,7689.000,2257.000,-197.000,70.000,-15.000,0.000,0.000,1
2026-01-31 14:23:11,10297094,-1811.000,7677.000,2322.000,-168.000,72.000,-6.000,0.000,0.000,1
2026-01-31 14:23:11,10297134,-1997.000,7822.000,2220.000,12.000,131.000,-32.000,0.000,0.000,1
2026-01-31 14:23:11,10297174,-1838.000,7641.000,2190.000,-70.000,6.000,-40.000,0.000,0.000,1
2026-01-31 14:23:11,10297214,-1844.000,7589.000,2262.000,-91.000,39.000,-80.000,0.000,0.000,1
2026-01-31 14:23:11,10297254,-1878.000,7597.000,2262.000,-41.000,62.000,-8.000,0.000,0.000,1
2026-01-31 14:23:11,10297294,-1958.000,7672.000,2274.000,-60.000,43.000,19.000,0.000,0.000,1
2026-01-31 14:23:11,10297334,-1955.000,7585.000,2350.000,-96.000,-21.000,67.000,0.000,0.000,1
2026-01-31 14:23:11,10297374,-1955.000,7667.000,2304.000,52.000,-42.000,85.000,0.000,0.000,1
2026-01-31 14:23:11,10297414,-1962.000,7677.000,2265.000,89.000,-73.000,98.000,0.000,0.000,1
2026-01-31 14:23:11,10297454,-1901.000,7703.000,2237.000,117.000,-103.000,91.000,0.000,0.000,1
2026-01-31 14:23:11,10297494,-1720.000,7658.000,2241.000,147.000,-41.000,31.000,0.000,0.000,1
2026-01-31 14:23:11,10297534,-1751.000,7752.000,2179.000,183.000,9.000,-4.000,0.000,0.000,1
2026-01-31 14:23:11,10297574,-1840.000,7790.000,2184.000,108.000,25.000,16.000,0.000,0.000,1
2026-01-31 14:23:11,10297614,-1860.000,7749.000,2177.000,23.000,-26.000,33.000,0.000,0.000,1
2026-01-31 14:23:11,10297654,-1771.000,7687.000,2278.000,-43.000,-40.000,73.000,0.000,0.000,1
2026-01-31 14:23:11,10297694,-1803.000,7729.000,2220.000,21.000,11.000,20.000,0.000,0.000,1
2026-01-31 14:23:11,10297734,-1842.000,7732.000,2158.000,32.000,34.000,-11.000,0.000,0.000,1
2026-01-31 14:23:11,10297774,-1815.000,7722.000,2186.000,12.000,41.000,1.000,0.000,0.000,1
2026-01-31 14:23:11,10297814,-1855.000,7657.000,2213.000,37.000,54.000,-6.000,0.000,0.000,1
2026-01-31 14:23:11,10297854,-1805.000,7762.000,2177.000,53.000,50.000,4.000,0.000,0.000,1
2026-01-31 14:23:11,10297894,-1842.000,7731.000,2160.000,25.000,93.000,-5.000,0.000,0.000,1
2026-01-31 14:23:11,10297934,-1841.000,7705.000,2168.000,31.000,80.000,-23.000,0.000,0.000,1
2026-01-31 14:23:11,10297974,-1889.000,7716.000,2139.000,-8.000,58.000,-43.000,0.000,0.000,1
2026-01-31 14:23:11,10298014,-1860.000,7713.000,2165.000,-49.000,37.000,-34.000,0.000,0.000,1
2026-01-31 14:23:12,10298054,-1870.000,7754.000,2209.000,-22.000,36.000,-10.000,0.000,0.000,1
2026-01-31 14:23:12,10298094,-1849.000,7702.000,2174.000,-21.000,-8.000,15.000,0.000,0.000,1
2026-01-31 14:23:12,10298134,-1807.000,7655.000,2175.000,-65.000,13.000,39.000,0.000,0.000,1
2026-01-31 14:23:12,10298174,-1836.000,7805.000,2204.000,-73.000,48.000,15.000,0.000,0.000,1
2026-01-31 14:23:12,10298214,-1818.000,7623.000,2219.000,-125.000,54.000,-41.000,0.000,0.000,1
2026-01-31 14:23:12,10298254,-1811.000,7812.000,2213.000,-16.000,73.000,-34.000,0.000,0.000,1
2026-01-31 14:23:12,10298294,-1916.000,7670.000,2233.000,-164.000,136.000,-44.000,0.000,0.000,1
2026-01-31 14:23:12,10298337,-1910.000,7622.000,2183.000,-64.000,-6.000,-46.000,0.000,0.000,1
2026-01-31 14:23:12,10298377,-1902.000,7582.000,2210.000,-66.000,-42.000,-38.000,0.000,0.000,1
2026-01-31 14:23:12,10298414,-1976.000,7611.000,2278.000,-54.000,-47.000,-15.000,0.000,0.000,1
2026-01-31 14:23:12,10298454,-1999.000,7596.000,2302.000,13.000,-97.000,50.000,0.000,0.000,1
2026-01-31 14:23:12,10298494,-1917.000,7763.000,2302.000,56.000,-90.000,95.000,0.000,0.000,1
2026-01-31 14:23:12,10298534,-1942.000,7747.000,2300.000,-2.000,-42.000,86.000,0.000,54.440,1
2026-01-31 14:23:12,10298580,-1898.000,7620.000,2184.000,118.000,-109.000,104.000,0.000,54.440,1
2026-01-31 14:23:12,10298614,-1837.000,7646.000,2151.000,128.000,-120.000,118.000,0.000,54.440,1
2026-01-31 14:23:12,10298654,-1748.000,7733.000,2188.000,84.000,-122.000,120.000,0.000,54.440,1
2026-01-31 14:23:12,10298694,-1750.000,7788.000,2212.000,76.000,-95.000,113.000,0.000,54.440,1
2026-01-31 14:23:12,10298734,-1710.000,7767.000,2216.000,14.000,-63.000,84.000,0.000,54.440,1
2026-01-31 14:23:12,10298774,-1695.000,7716.000,2228.000,31.000,-3.000,1.000,0.000,54.440,1
2026-01-31 14:23:12,10298814,-1789.000,7777.000,2165.000,64.000,42.000,-12.000,0.000,54.440,1
2026-01-31 14:23:12,10298854,-1743.000,7744.000,2162.000,-20.000,11.000,-8.000,0.000,54.440,1
2026-01-31 14:23:12,10298894,-1753.000,7639.000,2198.000,-50.000,5.000,-20.000,0.000,54.440,1
2026-01-31 14:23:12,10298934,-1787.000,7777.000,2187.000,-29.000,22.000,-1.000,0.000,54.440,1
2026-01-31 14:23:12,10298974,-1778.000,7693.000,2222.000,-86.000,54.000,-18.000,0.000,54.440,1
2026-01-31 14:23:12,10299014,-1840.000,7715.000,2210.000,-51.000,71.000,-50.000,0.000,54.440,1
2026-01-31 14:23:13,10299054,-1845.000,7698.000,2209.000,-42.000,76.000,-33.000,0.000,54.440,1
2026-01-31 14:23:13,10299094,-1882.000,7705.000,2222.000,-32.000,50.000,-48.000,0.000,54.440,1
2026-01-31 14:23:13,10299134,-1885.000,7616.000,2232.000,-9.000,10.000,-9.000,0.000,54.440,1
2026-01-31 14:23:13,10299174,-1798.000,7615.000,2223.000,85.000,-27.000,4.000,0.000,54.440,1
2026-01-31 14:23:13,10299214,-1833.000,7605.000,2275.000,185.000,45.000,-34.000,0.000,54.440,1
2026-01-31 14:23:13,10299254,-1951.000,7730.000,2224.000,235.000,61.000,-20.000,0.000,54.440,1
2026-01-31 14:23:13,10299294,-1933.000,7875.000,2181.000,209.000,31.000,19.000,0.000,54.440,1
2026-01-31 14:23:13,10299334,-1881.000,7715.000,2163.000,89.000,-8.000,89.000,0.000,54.440,1
2026-01-31 14:23:13,10299374,-1819.000,7745.000,2038.000,217.000,-82.000,161.000,0.000,54.440,1
2026-01-31 14:23:13,10299414,-1792.000,7717.000,1971.000,167.000,-128.000,269.000,0.000,54.440,1
2026-01-31 14:23:13,10299454,-1538.000,7855.000,2065.000,152.000,-130.000,140.000,0.000,54.440,1
2026-01-31 14:23:13,10299494,-1657.000,7819.000,2075.000,56.000,-5.000,-135.000,0.000,54.440,1
2026-01-31 14:23:13,10299534,-1758.000,7858.000,2132.000,40.000,60.000,-132.000,0.000,6.590,1
2026-01-31 14:23:13,10299574,-1905.000,7603.000,2197.000,242.000,33.000,-94.000,0.000,6.590,1
2026-01-31 14:23:13,10299614,-1951.000,7916.000,1932.000,324.000,-108.000,42.000,0.000,6.590,1
2026-01-31 14:23:13,10299654,-1806.000,7791.000,2077.000,-289.000,-221.000,171.000,0.000,6.590,1
2026-01-31 14:23:13,10299694,-1634.000,7556.000,2219.000,-71.000,-191.000,79.000,0.000,6.590,1
2026-01-31 14:23:13,10299734,-1624.000,7663.000,2018.000,185.000,-35.000,-19.000,0.000,6.590,1
2026-01-31 14:23:13,10299774,-1784.000,7776.000,2126.000,148.000,105.000,-143.000,0.000,6.590,1
2026-01-31 14:23:13,10299814,-1788.000,7650.000,1989.000,482.000,16.000,-12.000,0.000,6.590,1
2026-01-31 14:23:13,10299854,-1758.000,7836.000,1915.000,335.000,6.000,80.000,0.000,6.590,1
2026-01-31 14:23:13,10299894,-1775.000,7572.000,1955.000,456.000,28.000,10.000,0.000,6.590,1
2026-01-31 14:23:13,10299934,-1847.000,7825.000,1813.000,771.000,69.000,-61.000,0.000,6.590,1
2026-01-31 14:23:13,10299974,-1680.000,7773.000,1816.000,573.000,130.000,-110.000,0.000,6.590,1
2026-01-31 14:23:13,10300014,-1775.000,7971.000,1774.000,561.000,226.000,-255.000,0.000,6.590,1
2026-01-31 14:23:14,10300054,-1850.000,7882.000,1606.000,480.000,214.000,-215.000,0.000,6.590,1
2026-01-31 14:23:14,10300094,-1787.000,7778.000,1657.000,175.000,151.000,-214.000,0.000,6.590,1
2026-01-31 14:23:14,10300134,-1936.000,7709.000,1688.000,67.000,148.000,-153.000,0.000,6.590,1
2026-01-31 14:23:14,10300174,-1979.000,7999.000,1602.000,-161.000,29.000,62.000,0.000,6.590,1
2026-01-31 14:23:14,10300214,-1882.000,7884.000,1683.000,-368.000,-61.000,100.000,0.000,6.590,1
2026-01-31 14:23:14,10300254,-1818.000,7768.000,1706.000,-274.000,-16.000,11.000,0.000,6.590,1
2026-01-31 14:23:14,10300297,-1914.000,7766.000,1684.000,-168.000,-9.000,-83.000,0.000,6.590,1
2026-01-31 14:23:14,10300336,-1961.000,7759.000,1727.000,-90.000,-3.000,-82.000,0.000,6.590,1
2026-01-31 14:23:14,10300374,-1863.000,7759.000,1733.000,-75.000,-33.000,-62.000,0.000,6.590,1
2026-01-31 14:23:14,10300414,-1856.000,7868.000,1755.000,-24.000,-77.000,-88.000,0.000,6.590,1
2026-01-31 14:23:14,10300454,-1918.000,7756.000,1826.000,-98.000,-74.000,-126.000,0.000,6.590,1
2026-01-31 14:23:14,10300494,-1862.000,7772.000,1819.000,-41.000,-53.000,-105.000,0.000,6.590,1
2026-01-31 14:23:14,10300534,-1921.000,7772.000,1780.000,-3.000,-36.000,-92.000,0.000,-6.070,1
2026-01-31 14:23:14,10300577,-1939.000,7811.000,1764.000,-14.000,96.000,-115.000,0.000,-6.070,1
2026-01-31 14:23:14,10300614,-1965.000,7764.000,1833.000,-9.000,103.000,-129.000,0.000,-6.070,1
2026-01-31 14:23:14,10300654,-1908.000,7642.000,1841.000,181.000,118.000,-144.000,0.000,-6.070,1
2026-01-31 14:23:14,10300694,-1947.000,7799.000,1684.000,284.000,120.000,-148.000,0.000,-6.070,1
2026-01-31 14:23:14,10300734,-1979.000,7839.000,1672.000,90.000,119.000,-141.000,0.000,-6.070,1
2026-01-31 14:23:14,10300774,-2059.000,7726.000,1731.000,-12.000,96.000,-147.000,0.000,-6.070,1
2026-01-31 14:23:14,10300814,-2079.000,7818.000,1695.000,71.000,49.000,-91.000,0.000,-6.070,1
2026-01-31 14:23:14,10300854,-2082.000,7863.000,1672.000,20.000,32.000,-64.000,0.000,-6.070,1
2026-01-31 14:23:14,10300894,-2115.000,7784.000,1739.000,-2.000,-36.000,-57.000,0.000,-6.070,1
2026-01-31 14:23:14,10300934,-2053.000,7813.000,1657.000,-9.000,-77.000,26.000,0.000,-6.070,1
2026-01-31 14:23:14,10300974,-2057.000,7720.000,1670.000,-133.000,-92.000,47.000,0.000,-6.070,1
2026-01-31 14:23:14,10301014,-2043.000,7859.000,1653.000,-113.000,-142.000,61.000,0.000,-6.070,1
2026-01-31 14:23:15,10301054,-1958.000,7778.000,1709.000,-231.000,-143.000,49.000,0.000,-6.070,1
2026-01-31 14:23:15,10301094,-1995.000,7730.000,1740.000,-307.000,-105.000,18.000,0.000,-6.070,1
2026-01-31 14:23:15,10301134,-2001.000,7782.000,1792.000,-366.000,-120.000,1.000,0.000,-6.070,1
2026-01-31 14:23:15,10301174,-2014.000,7719.000,1875.000,-255.000,-101.000,1.000,0.000,-6.070,1
2026-01-31 14:23:15,10301214,-1952.000,7661.000,1881.000,-62.000,-90.000,1.000,0.000,-6.070,1
2026-01-31 14:23:15,10301254,-1882.000,7659.000,1830.000,119.000,14.000,-8.000,0.000,-6.070,1
2026-01-31 14:23:15,10301294,-1906.000,7833.000,1781.000,136.000,113.000,-48.000,0.000,-6.070,1
2026-01-31 14:23:15,10301334,-2054.000,7772.000,1840.000,45.000,126.000,-99.000,0.000,-6.070,1
2026-01-31 14:23:15,10301374,-2006.000,7834.000,1763.000,-7.000,77.000,-65.000,0.000,-6.070,1
2026-01-31 14:23:15,10301414,-2043.000,7784.000,1780.000,-124.000,42.000,-66.000,0.000,-6.070,1
2026-01-31 14:23:15,10301454,-2042.000,7731.000,1823.000,-134.000,28.000,-53.000,0.000,-6.070,1
2026-01-31 14:23:15,10301494,-2059.000,7697.000,1808.000,-124.000,16.000,-58.000,0.000,-6.070,1
2026-01-31 14:23:15,10301534,-2068.000,7834.000,1838.000,-72.000,13.000,-44.000,0.000,0.000,1
2026-01-31 14:23:15,10301574,-2058.000,7746.000,1837.000,-164.000,22.000,-90.000,0.000,0.000,1
2026-01-31 14:23:15,10301614,-2111.000,7753.000,1842.000,-209.000,18.000,-101.000,0.000,0.000,1
2026-01-31 14:23:15,10301654,-2102.000,7767.000,1843.000,-300.000,-12.000,-79.000,0.000,0.000,1
2026-01-31 14:23:15,10301694,-2150.000,7558.000,1939.000,-339.000,-60.000,-14.000,0.000,0.000,1
2026-01-31 14:23:15,10301734,-2072.000,7659.000,1938.000,-235.000,-118.000,26.000,0.000,0.000,1
2026-01-31 14:23:15,10301774,-2060.000,7715.000,2028.000,-226.000,-89.000,21.000,0.000,0.000,1
2026-01-31 14:23:15,10301814,-2065.000,7708.000,2033.000,-167.000,-62.000,32.000,0.000,0.000,1
2026-01-31 14:23:15,10301854,-2071.000,7633.000,2037.000,-142.000,-49.000,6.000,0.000,0.000,1
2026-01-31 14:23:15,10301894,-2069.000,7637.000,2056.000,-66.000,-44.000,21.000,0.000,0.000,1
2026-01-31 14:23:15,10301934,-2027.000,7695.000,2006.000,-19.000,-47.000,37.000,0.000,0.000,1
2026-01-31 14:23:15,10301974,-2043.000,7701.000,2059.000,40.000,5.000,-5.000,0.000,0.000,1
2026-01-31 14:23:15,10302014,-2112.000,7674.000,2030.000,143.000,32.000,-17.000,0.000,0.000,1
2026-01-31 14:23:16,10302054,-2060.000,7699.000,1992.000,152.000,14.000,26.000,0.000,0.000,1
2026-01-31 14:23:16,10302094,-2033.000,7731.000,1969.000,-15.000,7.000,27.000,0.000,0.000,1
2026-01-31 14:23:16,10302134,-2075.000,7800.000,1962.000,-45.000,-106.000,29.000,0.000,0.000,1
2026-01-31 14:23:16,10302174,-2099.000,7675.000,2011.000,-116.000,-161.000,32.000,0.000,0.000,1
2026-01-31 14:23:16,10302214,-1992.000,7689.000,2029.000,-47.000,-130.000,37.000,0.000,0.000,1
2026-01-31 14:23:16,10302254,-2044.000,7667.000,2020.000,-4.000,-36.000,-10.000,0.000,0.000,1
2026-01-31 14:23:16,10302297,-2076.000,7767.000,1994.000,152.000,-9.000,27.000,0.000,0.000,1
2026-01-31 14:23:16,10302337,-2018.000,7771.000,1962.000,126.000,-30.000,17.000,0.000,0.000,1
2026-01-31 14:23:16,10302374,-2049.000,7696.000,1970.000,77.000,-17.000,4.000,0.000,0.000,1
2026-01-31 14:23:16,10302414,-2044.000,7767.000,1947.000,51.000,-2.000,18.000,0.000,0.000,1
2026-01-31 14:23:16,10302454,-2036.000,7678.000,1962.000,-42.000,-10.000,-2.000,0.000,0.000,1
2026-01-31 14:23:16,10302494,-2028.000,7740.000,1981.000,-58.000,-9.000,11.000,0.000,0.000,1
2026-01-31 14:23:16,10302534,-2026.000,7605.000,2023.000,-77.000,-9.000,-2.000,0.000,0.000,1
2026-01-31 14:23:16,10302577,-1981.000,7764.000,2004.000,-33.000,-6.000,42.000,0.000,0.000,1
2026-01-31 14:23:16,10302614,-1985.000,7648.000,2045.000,-84.000,8.000,18.000,0.000,0.000,1
2026-01-31 14:23:16,10302654,-2032.000,7785.000,2046.000,11.000,17.000,19.000,0.000,0.000,1
2026-01-31 14:23:16,10302694,-2130.000,7754.000,2070.000,-82.000,8.000,73.000,0.000,0.000,1
2026-01-31 14:23:16,10302734,-2106.000,7819.000,1962.000,-92.000,-79.000,183.000,0.000,0.000,1
2026-01-31 14:23:16,10302774,-2004.000,7752.000,1956.000,-238.000,-146.000,248.000,0.000,0.000,1
2026-01-31 14:23:16,10302814,-1963.000,7687.000,1988.000,-293.000,-142.000,261.000,0.000,0.000,1
2026-01-31 14:23:16,10302854,-1927.000,7673.000,2069.000,-200.000,-103.000,244.000,0.000,0.000,1
2026-01-31 14:23:16,10302894,-1922.000,7736.000,2117.000,-108.000,-1.000,236.000,0.000,0.000,1
2026-01-31 14:23:16,10302934,-1965.000,7756.000,2161.000,-49.000,76.000,279.000,0.000,0.000,1
2026-01-31 14:23:16,10302974,-1925.000,7778.000,2209.000,23.000,81.000,351.000,0.000,0.000,1
2026-01-31 14:23:16,10303014,-1897.000,7713.000,2192.000,94.000,71.000,384.000,0.000,0.000,1
2026-01-31 14:23:17,10303054,-1865.000,7828.000,2128.000,159.000,35.000,423.000,0.000,0.000,1
2026-01-31 14:23:17,10303094,-1775.000,7745.000,2039.000,96.000,-38.000,496.000,0.000,0.000,1
2026-01-31 14:23:17,10303134,-1646.000,7637.000,2012.000,120.000,-72.000,463.000,0.000,0.000,1
2026-01-31 14:23:17,10303174,-1695.000,7671.000,1927.000,122.000,-5.000,401.000,0.000,0.000,1
2026-01-31 14:23:17,10303214,-1574.000,7785.000,2013.000,183.000,-6.000,313.000,0.000,0.000,1
2026-01-31 14:23:17,10303254,-1513.000,7777.000,2060.000,36.000,4.000,135.000,0.000,0.000,1
2026-01-31 14:23:17,10303294,-1525.000,7797.000,2030.000,-63.000,-2.000,-5.000,0.000,0.000,1
2026-01-31 14:23:17,10303334,-1439.000,7692.000,2033.000,-146.000,77.000,-127.000,0.000,0.000,1
2026-01-31 14:23:17,10303374,-1516.000,7696.000,2117.000,-63.000,189.000,-230.000,0.000,0.000,1
2026-01-31 14:23:17,10303414,-1659.000,7775.000,2121.000,57.000,213.000,-240.000,0.000,0.000,1
2026-01-31 14:23:17,10303454,-1610.000,7629.000,2063.000,58.000,194.000,-242.000,0.000,0.000,1
2026-01-31 14:23:17,10303494,-1652.000,7693.000,2020.000,174.000,204.000,-270.000,0.000,0.000,1
2026-01-31 14:23:17,10303534,-1881.000,7853.000,2143.000,124.000,172.000,-146.000,0.000,0.000,1
2026-01-31 14:23:17,10303574,-1929.000,7824.000,2095.000,-58.000,42.000,-13.000,0.000,0.000,1
2026-01-31 14:23:17,10303614,-1815.000,7596.000,1996.000,-127.000,-120.000,-66.000,0.000,0.000,1
2026-01-31 14:23:17,10303654,-1798.000,7702.000,1877.000,-23.000,-143.000,-126.000,0.000,0.000,1
2026-01-31 14:23:17,10303694,-1782.000,7795.000,1946.000,45.000,-113.000,-107.000,0.000,0.000,1
2026-01-31 14:23:17,10303734,-1727.000,7931.000,2015.000,48.000,-97.000,-37.000,0.000,0.000,1
2026-01-31 14:23:17,10303774,-1695.000,7749.000,2052.000,41.000,49.000,-209.000,0.000,0.000,1
2026-01-31 14:23:17,10303814,-1846.000,7843.000,2069.000,75.000,169.000,-285.000,0.000,0.000,1
2026-01-31 14:23:17,10303854,-1891.000,7577.000,1982.000,-57.000,114.000,-174.000,0.000,0.000,1
2026-01-31 14:23:17,10303894,-1781.000,7628.000,2024.000,113.000,98.000,-232.000,0.000,0.000,1
2026-01-31 14:23:17,10303934,-1854.000,7650.000,2074.000,117.000,161.000,-245.000,0.000,0.000,1
2026-01-31 14:23:17,10303974,-1946.000,7655.000,1994.000,272.000,194.000,-159.000,0.000,0.000,1
2026-01-31 14:23:17,10304014,-1963.000,7832.000,1914.000,345.000,36.000,-18.000,0.000,0.000,1
2026-01-31 14:23:18,10304054,-1939.000,7870.000,1806.000,259.000,-13.000,52.000,0.000,0.000,1
2026-01-31 14:23:18,10304094,-1953.000,7838.000,1769.000,45.000,-48.000,30.000,0.000,0.000,1
2026-01-31 14:23:18,10304134,-1998.000,7871.000,1852.000,-99.000,-72.000,12.000,0.000,0.000,1
2026-01-31 14:23:18,10304174,-1940.000,7843.000,1851.000,-15.000,-40.000,-2.000,0.000,0.000,1
2026-01-31 14:23:18,10304214,-1886.000,7832.000,1784.000,86.000,47.000,-81.000,0.000,0.000,1
2026-01-31 14:23:18,10304254,-1987.000,7854.000,2020.000,104.000,119.000,-162.000,0.000,0.000,1
2026-01-31 14:23:18,10304294,-2174.000,8356.000,2318.000,612.000,3.000,-143.000,0.000,0.000,1
2026-01-31 14:23:18,10304334,-1941.000,8098.000,1862.000,814.000,167.000,-342.000,0.000,0.000,1
2026-01-31 14:23:18,10304374,-2036.000,7538.000,1494.000,932.000,325.000,-812.000,0.000,0.000,1
2026-01-31 14:23:18,10304414,-1870.000,7389.000,1229.000,1780.000,271.000,-883.000,0.000,0.000,1
2026-01-31 14:23:18,10304454,-1697.000,7596.000,1137.000,1800.000,498.000,-862.000,0.000,0.000,1
2026-01-31 14:23:18,10304494,-1957.000,7941.000,1137.000,1169.000,528.000,-810.000,0.000,0.000,1
2026-01-31 14:23:18,10304534,-2501.000,7747.000,1094.000,146.000,465.000,-717.000,0.000,0.000,1
2026-01-31 14:23:18,10304576,-2714.000,7559.000,929.000,397.000,190.000,-598.000,0.000,0.000,1
2026-01-31 14:23:18,10304617,-2591.000,7627.000,1082.000,557.000,15.000,-446.000,0.000,0.000,1
2026-01-31 14:23:18,10304657,-2558.000,7563.000,1162.000,90.000,187.000,-283.000,0.000,0.000,1
2026-01-31 14:23:18,10304694,-2558.000,7559.000,1140.000,-114.000,256.000,-167.000,0.000,0.000,1
2026-01-31 14:23:18,10304734,-2614.000,7548.000,952.000,-282.000,308.000,-27.000,0.000,0.000,1
2026-01-31 14:23:18,10304774,-2625.000,7673.000,973.000,129.000,136.000,30.000,0.000,0.000,1
2026-01-31 14:23:18,10304814,-2621.000,7677.000,1079.000,74.000,176.000,7.000,0.000,0.000,1
2026-01-31 14:23:18,10304854,-2680.000,7755.000,995.000,47.000,180.000,11.000,0.000,0.000,1
2026-01-31 14:23:18,10304894,-2651.000,7770.000,966.000,52.000,87.000,8.000,0.000,0.000,1
2026-01-31 14:23:18,10304934,-2576.000,7769.000,907.000,41.000,42.000,41.000,0.000,0.000,1
2026-01-31 14:23:18,10304974,-2595.000,7744.000,944.000,5.000,22.000,45.000,0.000,0.000,1
2026-01-31 14:23:18,10305014,-2590.000,7755.000,914.000,-29.000,30.000,14.000,0.000,0.000,1
2026-01-31 14:23:19,10305054,-2582.000,7717.000,882.000,34.000,12.000,-16.000,0.000,0.000,1
2026-01-31 14:23:19,10305094,-2533.000,7772.000,938.000,77.000,10.000,3.000,0.000,0.000,1
2026-01-31 14:23:19,10305134,-2602.000,7747.000,960.000,57.000,11.000,38.000,0.000,0.000,1
2026-01-31 14:23:19,10305174,-2580.000,7740.000,910.000,42.000,3.000,20.000,0.000,0.000,1
2026-01-31 14:23:19,10305214,-2497.000,7663.000,854.000,-48.000,7.000,18.000,0.000,0.000,1
2026-01-31 14:23:19,10305254,-2558.000,7642.000,898.000,138.000,27.000,-68.000,0.000,0.000,1
2026-01-31 14:23:19,10305294,-2672.000,7694.000,897.000,216.000,4.000,-87.000,0.000,0.000,1
2026-01-31 14:23:19,10305334,-2760.000,7708.000,971.000,135.000,-77.000,-70.000,0.000,0.000,1
2026-01-31 14:23:19,10305374,-2741.000,7757.000,949.000,98.000,-151.000,-67.000,0.000,0.000,1
2026-01-31 14:23:19,10305414,-2642.000,7826.000,891.000,104.000,-164.000,-53.000,0.000,0.000,1
2026-01-31 14:23:19,10305454,-2481.000,7693.000,747.000,51.000,-163.000,-96.000,0.000,0.000,1
2026-01-31 14:23:19,10305494,-2471.000,7619.000,778.000,123.000,-101.000,-64.000,0.000,0.000,1
2026-01-31 14:23:19,10305534,-2519.000,7748.000,797.000,59.000,27.000,-53.000,0.000,0.000,1
2026-01-31 14:23:19,10305574,-2603.000,8039.000,839.000,-189.000,35.000,-15.000,0.000,0.000,1
2026-01-31 14:23:19,10305614,-2709.000,7644.000,937.000,-547.000,7.000,-94.000,0.000,0.000,1
2026-01-31 14:23:19,10305654,-2802.000,7846.000,928.000,-304.000,0.000,-85.000,0.000,0.000,1
2026-01-31 14:23:19,10305694,-2696.000,7762.000,846.000,-416.000,-98.000,-87.000,0.000,0.000,1
2026-01-31 14:23:19,10305734,-2577.000,7583.000,990.000,-538.000,-137.000,-69.000,0.000,0.000,1
2026-01-31 14:23:19,10305774,-2585.000,7611.000,1046.000,-371.000,-113.000,-15.000,0.000,0.000,1
2026-01-31 14:23:19,10305814,-2594.000,7691.000,987.000,-410.000,-159.000,92.000,0.000,0.000,1
2026-01-31 14:23:19,10305854,-2617.000,7671.000,1167.000,-474.000,-170.000,153.000,0.000,0.000,1
2026-01-31 14:23:19,10305894,-2640.000,7798.000,1194.000,-415.000,-139.000,100.000,0.000,0.000,1
2026-01-31 14:23:19,10305934,-2663.000,7684.000,1312.000,-468.000,-115.000,40.000,0.000,0.000,1
2026-01-31 14:23:19,10305974,-2667.000,7702.000,1259.000,-419.000,-103.000,8.000,0.000,0.000,1
2026-01-31 14:23:19,10306014,-2668.000,7615.000,1286.000,-397.000,-113.000,18.000,0.000,0.000,1
2026-01-31 14:23:20,10306054,-2582.000,7616.000,1379.000,-291.000,-129.000,19.000,0.000,0.000,1
2026-01-31 14:23:20,10306094,-2610.000,7637.000,1404.000,-240.000,-66.000,47.000,0.000,0.000,1
2026-01-31 14:23:20,10306134,-2575.000,7679.000,1360.000,-182.000,-65.000,84.000,0.000,0.000,1
2026-01-31 14:23:20,10306174,-2553.000,7604.000,1407.000,-177.000,-50.000,85.000,0.000,0.000,1
2026-01-31 14:23:20,10306214,-2556.000,7699.000,1443.000,-76.000,-53.000,80.000,0.000,0.000,1
2026-01-31 14:23:20,10306254,-2600.000,7693.000,1422.000,-134.000,-63.000,70.000,0.000,0.000,1
2026-01-31 14:23:20,10306294,-2522.000,7682.000,1442.000,-184.000,-74.000,66.000,0.000,0.000,1
2026-01-31 14:23:20,10306337,-2588.000,7621.000,1543.000,-221.000,-46.000,70.000,0.000,0.000,1
2026-01-31 14:23:20,10306377,-2522.000,7632.000,1488.000,-133.000,-31.000,96.000,0.000,0.000,1
2026-01-31 14:23:20,10306414,-2472.000,7627.000,1485.000,-74.000,-13.000,94.000,0.000,0.000,1
2026-01-31 14:23:20,10306454,-2473.000,7648.000,1504.000,27.000,16.000,83.000,0.000,0.000,1
2026-01-31 14:23:20,10306494,-2533.000,7686.000,1505.000,67.000,58.000,85.000,0.000,0.000,1
2026-01-31 14:23:20,10306534,-2542.000,7663.000,1422.000,10.000,51.000,97.000,0.000,0.000,1
2026-01-31 14:23:20,10306574,-2492.000,7685.000,1477.000,-51.000,3.000,68.000,0.000,0.000,1
2026-01-31 14:23:20,10306614,-2533.000,7698.000,1518.000,-65.000,-12.000,41.000,0.000,0.000,1
2026-01-31 14:23:20,10306654,-2529.000,7659.000,1526.000,-99.000,1.000,24.000,0.000,0.000,1
2026-01-31 14:23:20,10306694,-2487.000,7629.000,1503.000,-61.000,-20.000,20.000,0.000,0.000,1
2026-01-31 14:23:20,10306734,-2457.000,7623.000,1515.000,-55.000,-2.000,36.000,0.000,0.000,1
2026-01-31 14:23:20,10306774,-2492.000,7707.000,1504.000,-17.000,38.000,31.000,0.000,0.000,1
2026-01-31 14:23:20,10306814,-2452.000,7647.000,1511.000,-23.000,30.000,-2.000,0.000,0.000,1
2026-01-31 14:23:20,10306854,-2452.000,7700.000,1553.000,-15.000,70.000,-13.000,0.000,0.000,1
2026-01-31 14:23:20,10306894,-2489.000,7700.000,1543.000,6.000,76.000,-6.000,0.000,0.000,1
2026-01-31 14:23:20,10306934,-2539.000,7715.000,1535.000,-24.000,85.000,-10.000,0.000,0.000,1
2026-01-31 14:23:20,10306974,-2522.000,7656.000,1527.000,-13.000,52.000,-33.000,0.000,0.000,1
2026-01-31 14:23:20,10307014,-2527.000,7654.000,1462.000,-32.000,24.000,-11.000,0.000,0.000,1
2026-01-31 14:23:21,10307054,-2490.000,7698.000,1572.000,-39.000,-18.000,14.000,0.000,0.000,1
2026-01-31 14:23:21,10307094,-2530.000,7776.000,1566.000,-45.000,0.000,-4.000,0.000,0.000,1
2026-01-31 14:23:21,10307134,-2618.000,7860.000,1514.000,-126.000,43.000,-27.000,0.000,0.000,1
2026-01-31 14:23:21,10307174,-2578.000,7972.000,1546.000,-219.000,33.000,-51.000,0.000,0.000,1
2026-01-31 14:23:21,10307214,-2548.000,7946.000,1576.000,-269.000,78.000,-165.000,0.000,0.000,1
2026-01-31 14:23:21,10307254,-2491.000,7985.000,1791.000,-286.000,14.000,-306.000,0.000,0.000,1
2026-01-31 14:23:21,10307294,-2328.000,7714.000,1661.000,-362.000,-87.000,-453.000,0.000,0.000,1
2026-01-31 14:23:21,10307334,-2420.000,7686.000,1546.000,-468.000,-49.000,-406.000,0.000,0.000,1
2026-01-31 14:23:21,10307374,-2491.000,7323.000,1377.000,-639.000,-242.000,-236.000,0.000,0.000,1
2026-01-31 14:23:21,10307414,-2654.000,7331.000,1524.000,-199.000,-278.000,-326.000,0.000,0.000,1
2026-01-31 14:23:21,10307454,-2864.000,7479.000,1741.000,-88.000,-203.000,-514.000,0.000,0.000,1
2026-01-31 14:23:21,10307494,-2909.000,7544.000,1854.000,-64.000,-247.000,-565.000,0.000,0.000,1
2026-01-31 14:23:21,10307534,-2929.000,7600.000,1911.000,-45.000,-321.000,-597.000,0.000,0.000,1
2026-01-31 14:23:21,10307574,-2887.000,7553.000,1946.000,-87.000,-358.000,-593.000,0.000,0.000,1
2026-01-31 14:23:21,10307614,-2961.000,7518.000,1881.000,-237.000,-229.000,-585.000,0.000,0.000,1
2026-01-31 14:23:21,10307654,-2954.000,7448.000,2009.000,-283.000,-264.000,-557.000,0.000,0.000,1
2026-01-31 14:23:21,10307694,-2938.000,7300.000,1938.000,-192.000,-261.000,-545.000,0.000,0.000,1
2026-01-31 14:23:21,10307734,-3003.000,7299.000,1908.000,-114.000,-272.000,-477.000,0.000,0.000,1
2026-01-31 14:23:21,10307774,-3085.000,7224.000,1790.000,-218.000,-182.000,-381.000,0.000,0.000,1
2026-01-31 14:23:21,10307814,-3112.000,7170.000,1892.000,-95.000,-91.000,-251.000,0.000,0.000,1
2026-01-31 14:23:21,10307854,-3130.000,7281.000,2008.000,2.000,-81.000,-154.000,0.000,0.000,1
2026-01-31 14:23:21,10307894,-3089.000,7341.000,2069.000,64.000,-100.000,-94.000,0.000,0.000,1
2026-01-31 14:23:21,10307934,-3000.000,7334.000,2107.000,-82.000,-46.000,-46.000,0.000,0.000,1
2026-01-31 14:23:21,10307974,-3017.000,7398.000,2047.000,-7.000,-18.000,10.000,0.000,0.000,1
2026-01-31 14:23:21,10308014,-3072.000,7406.000,2004.000,86.000,1.000,109.000,0.000,0.000,1
2026-01-31 14:23:22,10308054,-3155.000,7413.000,2089.000,118.000,-13.000,141.000,0.000,0.000,1
2026-01-31 14:23:22,10308094,-3094.000,7403.000,2048.000,114.000,-113.000,99.000,0.000,0.000,1
2026-01-31 14:23:22,10308134,-3238.000,7358.000,1834.000,66.000,-170.000,70.000,0.000,0.000,1
2026-01-31 14:23:22,10308174,-3126.000,7598.000,1933.000,13.000,-265.000,126.000,0.000,0.000,1
2026-01-31 14:23:22,10308214,-2916.000,7597.000,1980.000,-152.000,-373.000,136.000,0.000,0.000,1
2026-01-31 14:23:22,10308254,-2772.000,7624.000,1938.000,-152.000,-450.000,86.000,0.000,0.000,1
2026-01-31 14:23:22,10308297,-2726.000,7429.000,1955.000,-313.000,-291.000,-74.000,0.000,0.000,1
2026-01-31 14:23:22,10308336,-2809.000,7463.000,2063.000,-190.000,-200.000,-94.000,0.000,0.000,1
2026-01-31 14:23:22,10308374,-2869.000,7336.000,2092.000,-198.000,-180.000,-97.000,0.000,0.000,1
2026-01-31 14:23:22,10308414,-3078.000,7193.000,2063.000,-163.000,-119.000,-43.000,0.000,0.000,1
2026-01-31 14:23:22,10308454,-3219.000,7247.000,2107.000,-131.000,-90.000,2.000,0.000,0.000,1
2026-01-31 14:23:22,10308494,-3194.000,7108.000,2201.000,-170.000,-156.000,-14.000,0.000,0.000,1
2026-01-31 14:23:22,10308534,-3232.000,7166.000,2063.000,-156.000,-167.000,-18.000,0.000,0.000,1
2026-01-31 14:23:22,10308577,-3212.000,7211.000,2227.000,282.000,-671.000,74.000,0.000,0.000,1
2026-01-31 14:23:22,10308614,-3112.000,7293.000,2238.000,310.000,-809.000,105.000,0.000,0.000,1
2026-01-31 14:23:22,10308654,-2929.000,7300.000,2191.000,-40.000,-822.000,147.000,0.000,0.000,1
2026-01-31 14:23:22,10308694,-3095.000,7141.000,1899.000,61.000,-856.000,213.000,0.000,0.000,1
2026-01-31 14:23:22,10308734,-3210.000,7194.000,1851.000,623.000,-1353.000,370.000,0.000,0.000,1
2026-01-31 14:23:22,10308774,-2940.000,7324.000,1968.000,964.000,-2095.000,533.000,0.000,0.000,1
2026-01-31 14:23:22,10308814,-2689.000,7522.000,2135.000,1058.000,-2504.000,670.000,0.000,0.000,1
2026-01-31 14:23:22,10308854,-2587.000,7497.000,2357.000,855.000,-2452.000,554.000,0.000,0.000,1
2026-01-31 14:23:22,10308894,-2635.000,7305.000,2471.000,517.000,-2074.000,501.000,0.000,0.000,1
2026-01-31 14:23:22,10308934,-2914.000,7502.000,2307.000,656.000,-2044.000,671.000,0.000,0.000,1
2026-01-31 14:23:22,10308974,-2797.000,7457.000,2390.000,179.000,-2288.000,742.000,0.000,0.000,1
2026-01-31 14:23:22,10309014,-2273.000,7822.000,2211.000,253.000,-2600.000,923.000,0.000,0.000,1
2026-01-31 14:23:23,10309054,-1562.000,7899.000,2069.000,94.000,-2578.000,450.000,0.000,0.000,1
2026-01-31 14:23:23,10309094,-1162.000,8193.000,2449.000,136.000,-2068.000,-104.000,0.000,0.000,1
2026-01-31 14:23:23,10309134,-1349.000,8048.000,2596.000,-324.000,-1238.000,-364.000,0.000,0.000,1
2026-01-31 14:23:23,10309174,-1468.000,7306.000,2765.000,-704.000,-746.000,-193.000,0.000,0.000,1
2026-01-31 14:23:23,10309214,-1289.000,7093.000,2328.000,-116.000,-740.000,353.000,0.000,0.000,1
2026-01-31 14:23:23,10309254,-1492.000,7387.000,2205.000,583.000,-700.000,857.000,0.000,0.000,1
2026-01-31 14:23:23,10309294,-1489.000,7453.000,2304.000,668.000,-724.000,1254.000,0.000,0.000,1
2026-01-31 14:23:23,10309334,-2491.000,7882.000,2537.000,282.000,-992.000,1502.000,0.000,0.000,1
2026-01-31 14:23:23,10309374,-1760.000,8131.000,2779.000,-183.000,-1246.000,925.000,0.000,0.000,1
2026-01-31 14:23:23,10309414,-610.000,7964.000,3040.000,-403.000,-819.000,384.000,0.000,0.000,1
2026-01-31 14:23:23,10309454,-98.000,8174.000,3327.000,-382.000,-10.000,-40.000,0.000,0.000,1
2026-01-31 14:23:23,10309494,-586.000,8345.000,3358.000,-1200.000,399.000,-356.000,0.000,0.000,1
2026-01-31 14:23:23,10309534,-937.000,8702.000,2968.000,-2845.000,654.000,-1165.000,0.000,0.000,1
2026-01-31 14:23:23,10309574,-1790.000,8543.000,2984.000,-3443.000,651.000,-2191.000,0.000,0.000,1
2026-01-31 14:23:23,10309614,-2176.000,7907.000,3247.000,-3278.000,76.000,-3306.000,0.000,0.000,1
2026-01-31 14:23:23,10309654,-2024.000,6876.000,3384.000,-3820.000,-718.000,-3502.000,0.000,0.000,1
2026-01-31 14:23:23,10309694,-2253.000,5648.000,3362.000,-2559.000,-1705.000,-2311.000,0.000,0.000,1
2026-01-31 14:23:23,10309734,-2121.000,5178.000,3188.000,-815.000,-3208.000,-445.000,0.000,0.000,1
2026-01-31 14:23:23,10309774,-1602.000,5786.000,4080.000,371.000,-3414.000,500.000,0.000,0.000,1
2026-01-31 14:23:23,10309814,-813.000,6625.000,4469.000,-318.000,-2100.000,568.000,0.000,0.000,1
2026-01-31 14:23:23,10309854,-1200.000,6090.000,4519.000,193.000,-1042.000,360.000,0.000,0.000,1
2026-01-31 14:23:23,10309894,-1505.000,7754.000,5490.000,2167.000,-189.000,-49.000,0.000,0.000,1
2026-01-31 14:23:23,10309934,-1729.000,7588.000,4914.000,1129.000,758.000,-610.000,0.000,0.000,1
2026-01-31 14:23:23,10309974,-2015.000,7007.000,4536.000,1018.000,552.000,-1264.000,0.000,0.000,1
2026-01-31 14:23:23,10310014,-2068.000,6695.000,4087.000,1015.000,492.000,-1654.000,0.000,0.000,1
2026-01-31 14:23:24,10310054,-2274.000,6940.000,3912.000,907.000,545.000,-2059.000,0.000,0.000,1
2026-01-31 14:23:24,10310094,-2117.000,6833.000,3861.000,1076.000,484.000,-2102.000,0.000,0.000,1
2026-01-31 14:23:24,10310134,-2107.000,6742.000,3539.000,925.000,513.000,-1936.000,0.000,0.000,1
2026-01-31 14:23:24,10310174,-2559.000,6816.000,3414.000,1572.000,364.000,-1595.000,0.000,0.000,1
2026-01-31 14:23:24,10310214,-2416.000,7039.000,3316.000,1429.000,189.000,-1347.000,0.000,0.000,1
2026-01-31 14:23:24,10310257,-2764.000,7192.000,2771.000,794.000,-87.000,-602.000,0.000,0.000,1
2026-01-31 14:23:24,10310297,-2807.000,7028.000,2744.000,794.000,-387.000,-278.000,0.000,0.000,1
2026-01-31 14:23:24,10310334,-2745.000,6932.000,2750.000,887.000,-510.000,-248.000,0.000,0.000,1
2026-01-31 14:23:24,10310374,-2733.000,7357.000,2877.000,1264.000,-579.000,-54.000,0.000,0.000,1
2026-01-31 14:23:24,10310414,-2681.000,7102.000,2817.000,1113.000,-443.000,19.000,0.000,0.000,1
2026-01-31 14:23:24,10310454,-2481.000,7187.000,3022.000,737.000,-101.000,113.000,0.000,0.000,1
2026-01-31 14:23:24,10310494,-2411.000,7114.000,3364.000,117.000,528.000,737.000,0.000,0.000,1
2026-01-31 14:23:24,10310534,-2227.000,7334.000,2978.000,-197.000,1095.000,967.000,0.000,0.000,1
2026-01-31 14:23:24,10310577,-2050.000,7867.000,2928.000,240.000,1645.000,1498.000,0.000,0.000,1
2026-01-31 14:23:24,10310614,-1975.000,8116.000,2913.000,37.000,1937.000,1612.000,0.000,0.000,1
2026-01-31 14:23:24,10310654,-1961.000,8244.000,2939.000,-326.000,2502.000,1764.000,0.000,0.000,1
2026-01-31 14:23:24,10310694,-1974.000,7964.000,2922.000,-432.000,3041.000,1992.000,0.000,0.000,1
2026-01-31 14:23:24,10310734,-2188.000,8155.000,2954.000,-284.000,3411.000,2189.000,0.000,0.000,1
2026-01-31 14:23:24,10310774,-2644.000,7775.000,2731.000,-581.000,3544.000,2339.000,0.000,0.000,1
2026-01-31 14:23:24,10310814,-2901.000,8115.000,2593.000,-975.000,3669.000,2315.000,0.000,0.000,1
2026-01-31 14:23:24,10310854,-2956.000,7600.000,2220.000,-1699.000,3670.000,2115.000,0.000,0.000,1
2026-01-31 14:23:24,10310894,-3016.000,7485.000,2138.000,-1518.000,3268.000,1832.000,0.000,0.000,1
2026-01-31 14:23:24,10310934,-3002.000,7358.000,2449.000,-1069.000,2906.000,1473.000,0.000,0.000,1
2026-01-31 14:23:24,10310974,-2783.000,6912.000,2597.000,-1075.000,2309.000,960.000,0.000,0.000,1
2026-01-31 14:23:24,10311014,-2741.000,6693.000,2622.000,-1100.000,1945.000,374.000,0.000,0.000,1
2026-01-31 14:23:25,10311054,-2420.000,6989.000,2619.000,-1068.000,1596.000,-341.000,0.000,0.000,1
2026-01-31 14:23:25,10311094,-2184.000,6822.000,2204.000,-1414.000,1459.000,-615.000,0.000,0.000,1
2026-01-31 14:23:25,10311134,-2298.000,7022.000,2197.000,-515.000,1297.000,-256.000,0.000,0.000,1
2026-01-31 14:23:25,10311174,-2692.000,7371.000,2902.000,263.000,982.000,-131.000,0.000,0.000,1
2026-01-31 14:23:25,10311214,-2727.000,8357.000,3641.000,-314.000,629.000,-192.000,0.000,0.000,1
2026-01-31 14:23:25,10311254,-2247.000,8030.000,3598.000,-2621.000,328.000,-197.000,0.000,0.000,1
2026-01-31 14:23:25,10311294,-2297.000,7488.000,3060.000,-3355.000,797.000,-288.000,0.000,0.000,1
2026-01-31 14:23:25,10311334,-2713.000,6815.000,3156.000,-3180.000,853.000,-248.000,0.000,0.000,1
2026-01-31 14:23:25,10311374,-2429.000,7199.000,3259.000,-3841.000,1142.000,6.000,0.000,0.000,1
2026-01-31 14:23:25,10311414,-2544.000,6724.000,3380.000,-4620.000,1586.000,266.000,0.000,0.000,1
2026-01-31 14:23:25,10311454,-2620.000,6606.000,4204.000,-4243.000,1626.000,-115.000,0.000,0.000,1
2026-01-31 14:23:25,10311494,-2382.000,5900.000,4699.000,-4286.000,1846.000,-341.000,0.000,0.000,1
2026-01-31 14:23:25,10311534,-2275.000,5399.000,5101.000,-4009.000,2309.000,-1026.000,0.000,0.000,1
2026-01-31 14:23:25,10311574,-2799.000,5401.000,5325.000,-4743.000,2453.000,-1452.000,0.000,0.000,1
2026-01-31 14:23:25,10311614,-3266.000,5019.000,6225.000,-4957.000,1985.000,-709.000,0.000,0.000,1
2026-01-31 14:23:25,10311654,-3959.000,4519.000,5973.000,-6513.000,1696.000,23.000,0.000,0.000,1
2026-01-31 14:23:25,10311694,-4637.000,4567.000,6245.000,-6488.000,1253.000,338.000,0.000,0.000,1
2026-01-31 14:23:25,10311734,-4141.000,4463.000,6642.000,-7125.000,586.000,557.000,0.000,0.000,1
2026-01-31 14:23:25,10311774,-4032.000,4015.000,6845.000,-8170.000,507.000,313.000,0.000,0.000,1
2026-01-31 14:23:25,10311814,-4780.000,2703.000,7430.000,-8738.000,-110.000,-96.000,0.000,0.000,1
2026-01-31 14:23:25,10311854,-5137.000,3350.000,8107.000,-8447.000,-1115.000,-978.000,0.000,0.000,1
2026-01-31 14:23:25,10311894,-3770.000,2279.000,7358.000,-10009.000,-1522.000,-1750.000,0.000,0.000,1
2026-01-31 14:23:25,10311934,-3861.000,1130.000,6738.000,-9642.000,-1599.000,-2492.000,0.000,0.000,1
2026-01-31 14:23:25,10311974,-2988.000,-757.000,6485.000,-9162.000,-1748.000,-2489.000,0.000,0.000,1
2026-01-31 14:23:25,10312014,-3233.000,-1887.000,6324.000,-6145.000,-2040.000,-2280.000,0.000,0.000,1
2026-01-31 14:23:26,10312054,-2561.000,-2026.000,6796.000,-2829.000,-2176.000,-1937.000,0.000,0.000,1
2026-01-31 14:23:26,10312094,-2434.000,-1994.000,6873.000,-2272.000,-2006.000,-1547.000,0.000,0.000,1
2026-01-31 14:23:26,10312134,-1799.000,-2715.000,7355.000,-1900.000,-1843.000,-1188.000,0.000,0.000,1
2026-01-31 14:23:26,10312174,-2109.000,-2379.000,7246.000,-657.000,-1346.000,-725.000,0.000,0.000,1
2026-01-31 14:23:26,10312214,-1943.000,-2807.000,7410.000,-425.000,-1148.000,-343.000,0.000,0.000,1
2026-01-31 14:23:26,10312256,-2406.000,-2512.000,7587.000,503.000,-936.000,-117.000,0.000,0.000,1
2026-01-31 14:23:26,10312296,-1881.000,-2362.000,7665.000,443.000,-947.000,-166.000,0.000,0.000,1
2026-01-31 14:23:26,10312334,-1723.000,-2486.000,7626.000,331.000,-892.000,-125.000,0.000,0.000,1
2026-01-31 14:23:26,10312374,-1717.000,-2236.000,7612.000,690.000,-804.000,-211.000,0.000,0.000,1
2026-01-31 14:23:26,10312414,-1439.000,-2533.000,7843.000,94.000,-667.000,-429.000,0.000,0.000,1
2026-01-31 14:23:26,10312454,-1604.000,-2512.000,7677.000,185.000,-581.000,-421.000,0.000,0.000,1
2026-01-31 14:23:26,10312494,-1610.000,-2505.000,7816.000,203.000,-520.000,-334.000,0.000,0.000,1
2026-01-31 14:23:26,10312534,-1707.000,-2837.000,7657.000,89.000,-425.000,-260.000,0.000,0.000,1
2026-01-31 14:23:26,10312577,-1557.000,-2258.000,8143.000,301.000,-350.000,-186.000,0.000,0.000,1
2026-01-31 14:23:26,10312614,-1517.000,-2371.000,8124.000,71.000,-244.000,-196.000,0.000,0.000,1
2026-01-31 14:23:26,10312654,-1534.000,-2413.000,8066.000,228.000,-99.000,-148.000,0.000,0.000,1
2026-01-31 14:23:26,10312694,-1436.000,-2514.000,7934.000,-63.000,-72.000,-165.000,0.000,0.000,1
2026-01-31 14:23:26,10312734,-1538.000,-2434.000,8054.000,-149.000,-166.000,-164.000,0.000,0.000,1
2026-01-31 14:23:26,10312774,-1224.000,-2243.000,8077.000,-38.000,-185.000,-239.000,0.000,0.000,1
2026-01-31 14:23:26,10312814,-1122.000,-2147.000,8223.000,-272.000,149.000,-375.000,0.000,0.000,1
2026-01-31 14:23:26,10312854,-1198.000,-2858.000,7522.000,-384.000,362.000,-197.000,0.000,0.000,1
2026-01-31 14:23:26,10312894,-1389.000,-2431.000,7931.000,196.000,348.000,65.000,0.000,0.000,1
2026-01-31 14:23:26,10312934,-1514.000,-2136.000,7818.000,-38.000,357.000,-22.000,0.000,0.000,1
2026-01-31 14:23:26,10312974,-1632.000,-3033.000,7363.000,-719.000,9.000,-62.000,0.000,0.000,1
2026-01-31 14:23:26,10313014,-1515.000,-2411.000,7724.000,346.000,-514.000,0.000,0.000,0.000,1
2026-01-31 14:23:27,10313054,-1217.000,-1502.000,8336.000,120.000,-174.000,-487.000,0.000,0.000,1
2026-01-31 14:23:27,10313094,-1152.000,-3396.000,7433.000,-915.000,190.000,-452.000,0.000,0.000,1
2026-01-31 14:23:27,10313134,-1342.000,-2940.000,7965.000,116.000,85.000,105.000,0.000,0.000,1
2026-01-31 14:23:27,10313174,-1474.000,-2024.000,8133.000,555.000,131.000,93.000,0.000,0.000,1
2026-01-31 14:23:27,10313214,-1484.000,-2779.000,7974.000,-545.000,94.000,-136.000,0.000,0.000,1
2026-01-31 14:23:27,10313254,-1429.000,-2731.000,7825.000,-72.000,-42.000,-24.000,0.000,0.000,1
2026-01-31 14:23:27,10313294,-1438.000,-2314.000,7914.000,28.000,-186.000,-28.000,0.000,0.000,1
2026-01-31 14:23:27,10313334,-1450.000,-2409.000,7873.000,-152.000,-168.000,-179.000,0.000,0.000,1
2026-01-31 14:23:27,10313374,-1425.000,-2554.000,7873.000,-242.000,-243.000,-260.000,0.000,0.000,1
2026-01-31 14:23:27,10313414,-1243.000,-2693.000,7825.000,-185.000,-260.000,-217.000,0.000,0.000,1
2026-01-31 14:23:27,10313454,-1231.000,-2500.000,7857.000,-61.000,-219.000,-229.000,0.000,0.000,1
2026-01-31 14:23:27,10313494,-1117.000,-2716.000,7860.000,-116.000,-116.000,-131.000,0.000,0.000,1
2026-01-31 14:23:27,10313534,-1169.000,-2661.000,7876.000,-47.000,-60.000,-62.000,0.000,0.000,1
2026-01-31 14:23:27,10313574,-1233.000,-2756.000,7857.000,-88.000,-85.000,7.000,0.000,0.000,1
2026-01-31 14:23:27,10313614,-1224.000,-2671.000,7824.000,40.000,-215.000,38.000,0.000,0.000,1
2026-01-31 14:23:27,10313654,-1210.000,-2613.000,7840.000,52.000,-207.000,45.000,0.000,0.000,1
2026-01-31 14:23:27,10313694,-1276.000,-2581.000,7837.000,-114.000,-186.000,7.000,0.000,0.000,1
2026-01-31 14:23:27,10313734,-1124.000,-2800.000,7859.000,-44.000,-107.000,3.000,0.000,0.000,1
2026-01-31 14:23:27,10313774,-1275.000,-2685.000,7932.000,70.000,-112.000,17.000,0.000,0.000,1
2026-01-31 14:23:27,10313814,-1229.000,-2646.000,7977.000,-51.000,-145.000,-54.000,0.000,0.000,1
2026-01-31 14:23:27,10313854,-1193.000,-2718.000,7780.000,-56.000,-125.000,-96.000,0.000,0.000,1
2026-01-31 14:23:27,10313894,-1280.000,-2717.000,7855.000,-34.000,-156.000,-85.000,0.000,0.000,1
2026-01-31 14:23:27,10313934,-1274.000,-2542.000,7926.000,-61.000,-141.000,-104.000,0.000,0.000,1
2026-01-31 14:23:27,10313974,-1206.000,-2745.000,7924.000,-256.000,-130.000,-181.000,0.000,0.000,1
2026-01-31 14:23:27,10314014,-1098.000,-2740.000,7848.000,-64.000,-84.000,-182.000,0.000,0.000,1
2026-01-31 14:23:28,10314054,-1159.000,-2596.000,8018.000,-120.000,-60.000,-163.000,0.000,0.000,1
2026-01-31 14:23:28,10314094,-1055.000,-2808.000,7939.000,-164.000,3.000,-185.000,0.000,0.000,1
2026-01-31 14:23:28,10314134,-1142.000,-2630.000,8031.000,-154.000,-28.000,-193.000,0.000,0.000,1
2026-01-31 14:23:28,10314174,-983.000,-3076.000,7660.000,-391.000,-8.000,-214.000,0.000,0.000,1
2026-01-31 14:23:28,10314214,-1098.000,-2929.000,7608.000,-145.000,-104.000,4.000,0.000,0.000,1
2026-01-31 14:23:28,10314259,-1024.000,-2643.000,7766.000,277.000,-376.000,423.000,0.000,0.000,1
2026-01-31 14:23:28,10314294,-1027.000,-2514.000,8154.000,191.000,-397.000,387.000,0.000,0.000,1
2026-01-31 14:23:28,10314334,-784.000,-2219.000,8234.000,-451.000,-89.000,-90.000,0.000,0.000,1
2026-01-31 14:23:28,10314374,-878.000,-3328.000,7736.000,-496.000,-11.000,-101.000,0.000,0.000,1
2026-01-31 14:23:28,10314414,-1207.000,-2820.000,7896.000,204.000,-28.000,101.000,0.000,0.000,1
2026-01-31 14:23:28,10314454,-1255.000,-2555.000,7891.000,128.000,-55.000,-35.000,0.000,0.000,1
2026-01-31 14:23:28,10314494,-1065.000,-2865.000,7724.000,-349.000,-32.000,-117.000,0.000,0.000,1
2026-01-31 14:23:28,10314534,-859.000,-3069.000,7692.000,-192.000,-71.000,-25.000,0.000,0.000,1
2026-01-31 14:23:28,10314577,-943.000,-2798.000,7885.000,72.000,-124.000,73.000,0.000,0.000,1
2026-01-31 14:23:28,10314614,-936.000,-2782.000,7904.000,42.000,-155.000,73.000,0.000,0.000,1
2026-01-31 14:23:28,10314654,-1005.000,-2776.000,7896.000,-52.000,-240.000,29.000,0.000,0.000,1
2026-01-31 14:23:28,10314694,-1223.000,-2769.000,7871.000,-384.000,-501.000,-184.000,0.000,0.000,1
2026-01-31 14:23:28,10314734,-1303.000,-2736.000,7839.000,-538.000,-692.000,-358.000,0.000,0.000,1
2026-01-31 14:23:28,10314774,-1222.000,-2819.000,7832.000,-1048.000,-824.000,-615.000,0.000,0.000,1
2026-01-31 14:23:28,10314814,-862.000,-2851.000,7836.000,-1432.000,-900.000,-840.000,0.000,0.000,1
2026-01-31 14:23:28,10314854,-327.000,-3490.000,7663.000,-1582.000,-739.000,-840.000,0.000,0.000,1
2026-01-31 14:23:28,10314894,-240.000,-3316.000,7813.000,-1243.000,-714.000,-847.000,0.000,0.000,1
2026-01-31 14:23:28,10314934,135.000,-3793.000,7615.000,-1315.000,-543.000,-581.000,0.000,0.000,1
2026-01-31 14:23:28,10314974,16.000,-3505.000,7790.000,-972.000,-512.000,-534.000,0.000,0.000,1
2026-01-31 14:23:28,10315014,190.000,-3864.000,7656.000,-1059.000,-365.000,-448.000,0.000,0.000,1
2026-01-31 14:23:29,10315054,22.000,-3721.000,7629.000,-992.000,-392.000,-490.000,0.000,0.000,1
2026-01-31 14:23:29,10315094,110.000,-3873.000,7503.000,-761.000,-219.000,-375.000,0.000,0.000,1
2026-01-31 14:23:29,10315134,165.000,-4322.000,7252.000,-969.000,-195.000,-413.000,0.000,0.000,1
2026-01-31 14:23:29,10315174,-149.000,-4134.000,7193.000,-540.000,-258.000,-185.000,0.000,0.000,1
2026-01-31 14:23:29,10315214,-95.000,-4143.000,7350.000,-940.000,-523.000,-137.000,0.000,0.000,1
2026-01-31 14:23:29,10315254,175.000,-4709.000,6907.000,-250.000,-142.000,-46.000,0.000,0.000,1
2026-01-31 14:23:29,10315294,-7.000,-3865.000,7283.000,558.000,-281.000,-10.000,0.000,0.000,1
2026-01-31 14:23:29,10315334,1.000,-3886.000,7737.000,-1171.000,-454.000,-109.000,0.000,0.000,1
2026-01-31 14:23:29,10315374,284.000,-3946.000,7036.000,-120.000,-267.000,-412.000,0.000,0.000,1
2026-01-31 14:23:29,10315414,217.000,-4478.000,7102.000,-649.000,-251.000,-229.000,0.000,0.000,1
2026-01-31 14:23:29,10315454,19.000,-3984.000,7333.000,124.000,-186.000,-240.000,0.000,0.000,1
2026-01-31 14:23:29,10315494,188.000,-4410.000,7146.000,-302.000,-184.000,-230.000,0.000,0.000,1
2026-01-31 14:23:29,10315534,176.000,-4211.000,7262.000,-51.000,-253.000,-249.000,0.000,0.000,1
2026-01-31 14:23:29,10315574,374.000,-4571.000,7181.000,-180.000,-224.000,-191.000,0.000,0.000,1
2026-01-31 14:23:29,10315614,249.000,-4181.000,7331.000,103.000,-250.000,-217.000,0.000,0.000,1
2026-01-31 14:23:29,10315654,288.000,-4449.000,7331.000,-181.000,-321.000,-227.000,0.000,0.000,1
2026-01-31 14:23:29,10315694,489.000,-4073.000,7203.000,95.000,-248.000,-195.000,0.000,0.000,1
2026-01-31 14:23:29,10315734,440.000,-4336.000,7281.000,-435.000,-229.000,-234.000,0.000,0.000,1
2026-01-31 14:23:29,10315774,547.000,-4372.000,7086.000,103.000,-65.000,-124.000,0.000,0.000,1
2026-01-31 14:23:29,10315814,450.000,-4377.000,7340.000,-118.000,-100.000,-121.000,0.000,0.000,1
2026-01-31 14:23:29,10315854,857.000,-4417.000,6937.000,-120.000,229.000,-130.000,0.000,0.000,1
2026-01-31 14:23:29,10315894,386.000,-4304.000,7074.000,176.000,5.000,-30.000,0.000,0.000,1
2026-01-31 14:23:29,10315934,373.000,-4899.000,6959.000,281.000,-32.000,100.000,0.000,0.000,1
2026-01-31 14:23:29,10315974,513.000,-3847.000,7440.000,1368.000,-181.000,3.000,0.000,0.000,1
2026-01-31 14:23:29,10316014,710.000,-3107.000,7981.000,-1403.000,-1009.000,346.000,0.000,0.000,1
