datetime_local,uptime_ms,acc_x,acc_y,acc_z,gyro_x,gyro_y,gyro_z,speed_mps,turn_rate_deg_s,gps_valid
2026-01-31 12:00:26,1702014,578.000,-635.000,8526.000,127.000,-1.000,-8.000,0.000,0.000,0
2026-01-31 12:00:26,1702054,471.000,-816.000,8447.000,105.000,5.000,-42.000,0.000,0.000,0
2026-01-31 12:00:26,1702094,657.000,-551.000,8425.000,151.000,-68.000,-66.000,0.000,0.000,0
2026-01-31 12:00:26,1702134,623.000,-651.000,8402.000,-138.000,47.000,-41.000,0.000,0.000,0
2026-01-31 12:00:26,1702174,581.000,-677.000,8402.000,-12.000,28.000,-61.000,0.000,0.000,0
2026-01-31 12:00:26,1702214,653.000,-595.000,8335.000,3.000,-15.000,-39.000,0.000,0.000,0
2026-01-31 12:00:26,1702254,605.000,-665.000,8382.000,-45.000,-13.000,-3.000,0.000,0.000,0
2026-01-31 12:00:26,1702294,591.000,-639.000,8419.000,-5.000,9.000,-13.000,0.000,0.000,0
2026-01-31 12:00:26,1702334,591.000,-681.000,8391.000,-38.000,-9.000,17.000,0.000,0.000,0
2026-01-31 12:00:26,1702374,599.000,-685.000,8341.000,-5.000,-5.000,12.000,0.000,0.000,0
2026-01-31 12:00:27,1702414,480.000,-753.000,8113.000,53.000,-72.000,13.000,0.000,0.000,0
2026-01-31 12:00:27,1702454,661.000,-432.000,8099.000,-188.000,-231.000,252.000,0.000,0.000,0
2026-01-31 12:00:27,1702494,352.000,-975.000,8216.000,-704.000,-638.000,862.000,0.000,0.000,0
2026-01-31 12:00:27,1702534,-398.000,-1378.000,7502.000,-1833.000,-939.000,2040.000,0.000,0.000,0
2026-01-31 12:00:27,1702574,-502.000,-1245.000,7671.000,-1060.000,-1876.000,98.000,0.000,0.000,0
2026-01-31 12:00:27,1702614,1184.000,-369.000,8866.000,-3914.000,-2978.000,678.000,0.000,0.000,0
2026-01-31 12:00:27,1702654,1297.000,-2495.000,7960.000,-5389.000,-3288.000,463.000,0.000,0.000,0
2026-01-31 12:00:27,1702694,1417.000,-1302.000,7913.000,-4126.000,-3085.000,-287.000,0.000,0.000,0
2026-01-31 12:00:27,1702734,2530.000,-2468.000,8357.000,-7043.000,-2905.000,-310.000,0.000,0.000,0
2026-01-31 12:00:27,1702774,2504.000,-3354.000,7135.000,-4617.000,-2612.000,-623.000,0.000,0.000,0
2026-01-31 12:00:27,1702814,3469.000,-3321.000,7871.000,-2576.000,-2181.000,-975.000,0.000,0.000,0
2026-01-31 12:00:27,1702854,3137.000,-4013.000,7277.000,-1322.000,-1508.000,-648.000,0.000,0.000,0
2026-01-31 12:00:27,1702894,3641.000,-3195.000,7695.000,-720.000,-1083.000,-291.000,0.000,0.000,0
2026-01-31 12:00:27,1702934,3450.000,-3939.000,7448.000,-1088.000,-442.000,74.000,0.000,0.000,0
2026-01-31 12:00:27,1702974,3240.000,-3845.000,7091.000,-161.000,4.000,270.000,0.000,0.000,0
2026-01-31 12:00:27,1703014,3223.000,-3689.000,7011.000,-305.000,202.000,364.000,0.000,0.000,0
2026-01-31 12:00:27,1703054,3060.000,-3755.000,6824.000,-97.000,158.000,409.000,0.000,0.000,0
2026-01-31 12:00:27,1703094,2961.000,-3712.000,6854.000,-345.000,54.000,356.000,0.000,0.000,0
2026-01-31 12:00:27,1703134,2949.000,-3915.000,7005.000,-239.000,-60.000,236.000,0.000,0.000,0
2026-01-31 12:00:27,1703174,2896.000,-3988.000,6933.000,-230.000,11.000,128.000,0.000,0.000,0
2026-01-31 12:00:27,1703214,2795.000,-3790.000,7071.000,129.000,-66.000,74.000,0.000,0.000,0
2026-01-31 12:00:27,1703254,2863.000,-3732.000,7022.000,-198.000,-44.000,36.000,0.000,0.000,0
2026-01-31 12:00:27,1703294,2795.000,-4030.000,7016.000,-182.000,-31.000,-58.000,0.000,0.000,0
2026-01-31 12:00:27,1703334,2853.000,-3703.000,6988.000,62.000,20.000,-46.000,0.000,0.000,0
2026-01-31 12:00:27,1703374,2784.000,-4074.000,6938.000,-132.000,63.000,-56.000,0.000,0.000,0
2026-01-31 12:00:28,1703414,2846.000,-3663.000,6971.000,205.000,22.000,1.000,0.000,0.000,0
2026-01-31 12:00:28,1703454,2846.000,-3908.000,7291.000,-227.000,41.000,65.000,0.000,0.000,0
2026-01-31 12:00:28,1703494,2860.000,-3995.000,6949.000,-53.000,72.000,-25.000,0.000,0.000,0
2026-01-31 12:00:28,1703534,2804.000,-3625.000,6979.000,-78.000,203.000,-119.000,0.000,0.000,0
2026-01-31 12:00:28,1703574,2719.000,-3935.000,6702.000,-503.000,25.000,-138.000,0.000,0.000,0
2026-01-31 12:00:28,1703614,2731.000,-3677.000,6913.000,-176.000,-86.000,-332.000,0.000,0.000,0
2026-01-31 12:00:28,1703654,2964.000,-3916.000,6963.000,-456.000,-139.000,-423.000,0.000,0.000,0
2026-01-31 12:00:28,1703694,2975.000,-4063.000,6858.000,-155.000,-59.000,-423.000,0.000,0.000,0
2026-01-31 12:00:28,1703734,3132.000,-3853.000,7044.000,-121.000,11.000,-327.000,0.000,0.000,0
2026-01-31 12:00:28,1703775,2992.000,-4372.000,6896.000,-396.000,73.000,-186.000,0.000,0.000,0
2026-01-31 12:00:28,1703814,3094.000,-3973.000,6883.000,368.000,14.000,-200.000,0.000,0.000,0
2026-01-31 12:00:28,1703854,3030.000,-3990.000,6952.000,-451.000,127.000,-17.000,0.000,0.000,0
2026-01-31 12:00:28,1703894,2930.000,-4369.000,6722.000,-6.000,26.000,-15.000,0.000,0.000,0
2026-01-31 12:00:28,1703934,2995.000,-3763.000,6984.000,330.000,-3.000,-26.000,0.000,0.000,0
2026-01-31 12:00:28,1703974,2987.000,-4063.000,6865.000,-107.000,-42.000,50.000,0.000,0.000,0
2026-01-31 12:00:28,1704015,3006.000,-3719.000,6886.000,57.000,33.000,-40.000,0.000,0.000,0
2026-01-31 12:00:28,1704054,2947.000,-4073.000,6974.000,-238.000,44.000,-100.000,0.000,0.000,0
2026-01-31 12:00:28,1704094,3064.000,-3851.000,6759.000,86.000,50.000,-77.000,0.000,0.000,0
2026-01-31 12:00:28,1704134,2989.000,-4082.000,6897.000,-254.000,95.000,-29.000,0.000,0.000,0
2026-01-31 12:00:28,1704174,2959.000,-4173.000,6768.000,46.000,11.000,45.000,0.000,0.000,0
2026-01-31 12:00:28,1704214,2976.000,-3957.000,6949.000,-26.000,19.000,109.000,0.000,0.000,0
2026-01-31 12:00:28,1704254,3003.000,-4022.000,6929.000,-57.000,-3.000,103.000,0.000,0.000,0
2026-01-31 12:00:28,1704294,2953.000,-3940.000,6885.000,-115.000,69.000,63.000,0.000,0.000,0
2026-01-31 12:00:28,1704334,2922.000,-3957.000,6868.000,-52.000,83.000,18.000,0.000,0.000,0
2026-01-31 12:00:28,1704374,2933.000,-4109.000,6903.000,-76.000,54.000,-3.000,0.000,0.000,0
2026-01-31 12:00:29,1704414,2971.000,-3920.000,6808.000,21.000,96.000,12.000,0.000,0.000,0
2026-01-31 12:00:29,1704454,2856.000,-3996.000,6867.000,-144.000,118.000,23.000,0.000,0.000,0
2026-01-31 12:00:29,1704494,2878.000,-3955.000,6671.000,101.000,42.000,-16.000,0.000,0.000,0
2026-01-31 12:00:29,1704534,2966.000,-4104.000,6915.000,191.000,8.000,-100.000,0.000,0.000,0
2026-01-31 12:00:29,1704574,3146.000,-3961.000,7063.000,168.000,-48.000,37.000,0.000,0.000,0
2026-01-31 12:00:29,1704614,2947.000,-4550.000,6771.000,-225.000,195.000,197.000,0.000,0.000,0
2026-01-31 12:00:29,1704654,2840.000,-3742.000,6876.000,699.000,117.000,154.000,0.000,0.000,0
2026-01-31 12:00:29,1704694,2816.000,-3735.000,6933.000,-377.000,5.000,228.000,0.000,0.000,0
2026-01-31 12:00:29,1704734,2888.000,-3838.000,6902.000,438.000,-98.000,-39.000,0.000,0.000,0
2026-01-31 12:00:29,1704774,2877.000,-3861.000,7063.000,-88.000,-40.000,-61.000,0.000,0.000,0
2026-01-31 12:00:29,1704814,2930.000,-4240.000,6835.000,154.000,-44.000,-69.000,0.000,0.000,0
2026-01-31 12:00:29,1704854,2971.000,-3577.000,7112.000,147.000,47.000,-35.000,0.000,0.000,0
2026-01-31 12:00:29,1704894,2864.000,-4290.000,6872.000,-458.000,50.000,33.000,0.000,0.000,0
2026-01-31 12:00:29,1704934,2948.000,-4028.000,6864.000,351.000,-3.000,-111.000,0.000,0.000,0
2026-01-31 12:00:29,1704974,2918.000,-3749.000,7060.000,-134.000,69.000,-30.000,0.000,0.000,0
2026-01-31 12:00:29,1705014,2864.000,-4336.000,6733.000,-232.000,43.000,26.000,0.000,0.000,0
2026-01-31 12:00:29,1705054,2937.000,-3720.000,6989.000,340.000,-9.000,-61.000,0.000,0.000,0
2026-01-31 12:00:29,1705094,2909.000,-4195.000,6775.000,-308.000,19.000,21.000,0.000,0.000,0
2026-01-31 12:00:29,1705134,2960.000,-3876.000,6957.000,344.000,-22.000,-143.000,0.000,0.000,0
2026-01-31 12:00:29,1705174,2985.000,-3820.000,6969.000,-216.000,3.000,-12.000,0.000,0.000,0
2026-01-31 12:00:29,1705214,2837.000,-4300.000,6801.000,-192.000,14.000,9.000,0.000,0.000,0
2026-01-31 12:00:29,1705254,2926.000,-3803.000,6997.000,279.000,-56.000,-80.000,0.000,0.000,0
2026-01-31 12:00:29,1705294,2978.000,-3997.000,6890.000,-98.000,-13.000,-30.000,0.000,0.000,0
2026-01-31 12:00:29,1705334,2906.000,-3911.000,6934.000,42.000,15.000,-31.000,0.000,0.000,0
2026-01-31 12:00:29,1705374,2945.000,-3922.000,6955.000,-65.000,-5.000,-43.000,0.000,0.000,0
2026-01-31 12:00:30,1705414,2943.000,-3921.000,6873.000,4.000,21.000,-99.000,0.000,0.000,0
2026-01-31 12:00:30,1705454,2887.000,-3963.000,6899.000,-60.000,37.000,-139.000,0.000,0.000,0
2026-01-31 12:00:30,1705494,2997.000,-3841.000,6940.000,-12.000,-12.000,-97.000,0.000,0.000,0
2026-01-31 12:00:30,1705534,3049.000,-4102.000,6918.000,-96.000,-20.000,-90.000,0.000,0.000,0
2026-01-31 12:00:30,1705574,3052.000,-3823.000,6912.000,211.000,39.000,-91.000,0.000,0.000,0
2026-01-31 12:00:30,1705614,2973.000,-4048.000,6947.000,-244.000,51.000,-30.000,0.000,0.000,0
2026-01-31 12:00:30,1705654,3014.000,-4066.000,6756.000,129.000,-25.000,-23.000,0.000,0.000,0
2026-01-31 12:00:30,1705694,2986.000,-3791.000,7028.000,-6.000,-11.000,-18.000,0.000,0.000,0
2026-01-31 12:00:30,1705734,2982.000,-4065.000,6796.000,-162.000,-48.000,47.000,0.000,0.000,0
2026-01-31 12:00:30,1705775,2966.000,-3854.000,6942.000,72.000,-16.000,-23.000,0.000,0.000,0
2026-01-31 12:00:30,1705814,2994.000,-3868.000,6906.000,-72.000,-46.000,-30.000,0.000,0.000,0
2026-01-31 12:00:30,1705854,2941.000,-3965.000,6872.000,-100.000,-4.000,-51.000,0.000,0.000,0
2026-01-31 12:00:30,1705894,3037.000,-3961.000,6887.000,-21.000,-46.000,-56.000,0.000,0.000,0
2026-01-31 12:00:30,1705934,3028.000,-4151.000,6963.000,-57.000,28.000,-51.000,0.000,0.000,0
2026-01-31 12:00:30,1705974,3096.000,-4082.000,6910.000,242.000,39.000,14.000,0.000,0.000,0
2026-01-31 12:00:30,1706015,2981.000,-4095.000,6838.000,-118.000,145.000,176.000,0.000,0.000,0
2026-01-31 12:00:30,1706054,3005.000,-3907.000,6851.000,202.000,-7.000,216.000,0.000,0.000,0
2026-01-31 12:00:30,1706094,2900.000,-3764.000,6913.000,-255.000,43.000,171.000,0.000,0.000,0
2026-01-31 12:00:30,1706134,2903.000,-4023.000,6859.000,-164.000,-30.000,39.000,0.000,0.000,0
2026-01-31 12:00:30,1706174,2970.000,-3778.000,6827.000,174.000,-16.000,-73.000,0.000,0.000,0
2026-01-31 12:00:30,1706214,2878.000,-3897.000,6909.000,-145.000,22.000,-40.000,0.000,0.000,0
2026-01-31 12:00:30,1706254,2977.000,-3866.000,6875.000,37.000,-51.000,-93.000,0.000,0.000,0
2026-01-31 12:00:30,1706294,3052.000,-4015.000,7001.000,-59.000,-2.000,-116.000,0.000,0.000,0
2026-01-31 12:00:30,1706334,2988.000,-4227.000,6819.000,-16.000,63.000,-39.000,0.000,0.000,0
2026-01-31 12:00:30,1706374,3019.000,-3932.000,7036.000,152.000,26.000,-31.000,0.000,0.000,0
2026-01-31 12:00:31,1706414,3049.000,-4023.000,6836.000,-167.000,38.000,92.000,0.000,0.000,0
2026-01-31 12:00:31,1706454,2972.000,-4087.000,6824.000,-72.000,73.000,59.000,0.000,0.000,0
2026-01-31 12:00:31,1706494,3016.000,-3729.000,6903.000,201.000,-16.000,44.000,0.000,0.000,0
2026-01-31 12:00:31,1706534,2908.000,-4102.000,6774.000,-300.000,53.000,55.000,0.000,0.000,0
2026-01-31 12:00:31,1706574,2996.000,-3865.000,6915.000,283.000,-60.000,-32.000,0.000,0.000,0
2026-01-31 12:00:31,1706614,3029.000,-3891.000,6917.000,-87.000,-17.000,10.000,0.000,0.000,0
2026-01-31 12:00:31,1706654,2987.000,-4008.000,6886.000,239.000,16.000,-8.000,0.000,0.000,0
2026-01-31 12:00:31,1706694,2940.000,-3849.000,6924.000,-100.000,-12.000,28.000,0.000,0.000,0
2026-01-31 12:00:31,1706734,2970.000,-4149.000,6847.000,-95.000,-60.000,5.000,0.000,0.000,0
2026-01-31 12:00:31,1706774,3049.000,-3823.000,6977.000,101.000,-62.000,10.000,0.000,0.000,0
2026-01-31 12:00:31,1706814,3012.000,-4066.000,6850.000,-96.000,20.000,65.000,0.000,0.000,0
2026-01-31 12:00:31,1706854,2945.000,-3899.000,6895.000,74.000,39.000,53.000,0.000,0.000,0
2026-01-31 12:00:31,1706894,2988.000,-4033.000,6871.000,26.000,-19.000,15.000,0.000,0.000,0
2026-01-31 12:00:31,1706934,2990.000,-3914.000,6873.000,89.000,12.000,10.000,0.000,0.000,0
2026-01-31 12:00:31,1706974,2964.000,-3962.000,6906.000,-64.000,26.000,16.000,0.000,0.000,0
2026-01-31 12:00:31,1707014,2997.000,-3852.000,6922.000,131.000,8.000,-8.000,0.000,0.000,0
2026-01-31 12:00:31,1707054,2969.000,-4031.000,6928.000,-38.000,26.000,2.000,0.000,0.000,0
2026-01-31 12:00:31,1707094,2998.000,-3927.000,6842.000,77.000,44.000,18.000,0.000,0.000,0
2026-01-31 12:00:31,1707134,2986.000,-3893.000,6938.000,64.000,35.000,-9.000,0.000,0.000,0
2026-01-31 12:00:31,1707174,2997.000,-3917.000,6816.000,-6.000,-6.000,-16.000,0.000,0.000,0
2026-01-31 12:00:31,1707214,2964.000,-4024.000,6898.000,15.000,27.000,-63.000,0.000,0.000,0
2026-01-31 12:00:31,1707254,3013.000,-3826.000,6895.000,106.000,-26.000,-51.000,0.000,0.000,0
2026-01-31 12:00:31,1707294,2968.000,-4007.000,6895.000,-65.000,-4.000,-14.000,0.000,0.000,0
2026-01-31 12:00:31,1707334,3027.000,-3904.000,6947.000,125.000,-49.000,-49.000,0.000,0.000,0
2026-01-31 12:00:31,1707374,3017.000,-3918.000,6942.000,-50.000,-8.000,-19.000,0.000,0.000,0
2026-01-31 12:00:32,1707414,3014.000,-3926.000,6926.000,-19.000,7.000,-26.000,0.000,0.000,0
2026-01-31 12:00:32,1707454,3008.000,-3980.000,6885.000,-31.000,9.000,-1.000,0.000,0.000,0
2026-01-31 12:00:32,1707494,3091.000,-3887.000,6930.000,-51.000,9.000,5.000,0.000,0.000,0
2026-01-31 12:00:32,1707534,3001.000,-3981.000,6861.000,-3.000,28.000,11.000,0.000,0.000,0
2026-01-31 12:00:32,1707574,3025.000,-3818.000,6875.000,-14.000,31.000,17.000,0.000,0.000,0
2026-01-31 12:00:32,1707614,2959.000,-3980.000,6888.000,-10.000,-14.000,-7.000,0.000,0.000,0
2026-01-31 12:00:32,1707654,3106.000,-3842.000,6888.000,26.000,-21.000,-36.000,0.000,0.000,0
2026-01-31 12:00:32,1707694,3006.000,-4006.000,6914.000,-45.000,54.000,-12.000,0.000,0.000,0
2026-01-31 12:00:32,1707734,3047.000,-3885.000,6882.000,77.000,6.000,-14.000,0.000,0.000,0
2026-01-31 12:00:32,1707775,3071.000,-3959.000,6867.000,-30.000,48.000,6.000,0.000,0.000,0
2026-01-31 12:00:32,1707814,3011.000,-3854.000,6899.000,65.000,28.000,30.000,0.000,0.000,0
2026-01-31 12:00:32,1707854,3121.000,-4061.000,6895.000,150.000,33.000,46.000,0.000,0.000,0
2026-01-31 12:00:32,1707894,3021.000,-3788.000,7029.000,176.000,141.000,158.000,0.000,0.000,0
2026-01-31 12:00:32,1707934,3111.000,-4377.000,7024.000,144.000,121.000,251.000,0.000,0.000,0
2026-01-31 12:00:32,1707974,3237.000,-3858.000,7169.000,462.000,318.000,416.000,0.000,0.000,0
2026-01-31 12:00:32,1708015,3248.000,-4341.000,7441.000,105.000,532.000,581.000,0.000,0.000,0
2026-01-31 12:00:32,1708054,3158.000,-4036.000,7243.000,465.000,658.000,791.000,0.000,0.000,0
2026-01-31 12:00:32,1708094,3133.000,-3949.000,7408.000,310.000,889.000,863.000,0.000,0.000,0
2026-01-31 12:00:32,1708134,2740.000,-3995.000,7369.000,-159.000,1034.000,1066.000,0.000,0.000,0
2026-01-31 12:00:32,1708174,2637.000,-4014.000,7283.000,-31.000,977.000,945.000,0.000,0.000,0
2026-01-31 12:00:32,1708214,2134.000,-3951.000,7411.000,-430.000,1120.000,632.000,0.000,0.000,0
2026-01-31 12:00:32,1708254,1764.000,-3695.000,7396.000,-369.000,1105.000,398.000,0.000,0.000,0
2026-01-31 12:00:32,1708294,1780.000,-4375.000,7220.000,-792.000,1062.000,61.000,0.000,0.000,0
2026-01-31 12:00:32,1708334,1467.000,-4020.000,7285.000,-91.000,1116.000,-96.000,0.000,0.000,0
2026-01-31 12:00:32,1708374,1467.000,-4064.000,7146.000,-765.000,1061.000,6.000,0.000,0.000,0
2026-01-31 12:00:33,1708414,1613.000,-4223.000,6529.000,-528.000,840.000,-50.000,0.000,0.000,0
2026-01-31 12:00:33,1708454,1712.000,-4074.000,6360.000,-287.000,419.000,-208.000,0.000,0.000,0
2026-01-31 12:00:33,1708494,2001.000,-4075.000,6158.000,306.000,-259.000,-297.000,0.000,0.000,0
2026-01-31 12:00:33,1708534,1911.000,-3937.000,6284.000,316.000,-763.000,-329.000,0.000,0.000,0
2026-01-31 12:00:33,1708574,1778.000,-3830.000,6755.000,425.000,-1127.000,-350.000,0.000,0.000,0
2026-01-31 12:00:33,1708614,2078.000,-4107.000,7281.000,-150.000,-1216.000,-193.000,0.000,0.000,0
2026-01-31 12:00:33,1708654,2512.000,-4041.000,7059.000,576.000,-1053.000,-105.000,0.000,0.000,0
2026-01-31 12:00:33,1708694,2688.000,-3827.000,7295.000,778.000,-708.000,-200.000,0.000,0.000,0
2026-01-31 12:00:33,1708734,2757.000,-3840.000,7204.000,924.000,-676.000,-147.000,0.000,0.000,0
2026-01-31 12:00:33,1708774,2676.000,-3954.000,7121.000,733.000,-586.000,-85.000,0.000,0.000,0
2026-01-31 12:00:33,1708814,2527.000,-3626.000,7244.000,989.000,-615.000,-170.000,0.000,0.000,0
2026-01-31 12:00:33,1708854,2467.000,-3862.000,7216.000,307.000,-597.000,-241.000,0.000,0.000,0
2026-01-31 12:00:33,1708894,2468.000,-3701.000,7077.000,825.000,-456.000,-328.000,0.000,0.000,0
2026-01-31 12:00:33,1708934,2524.000,-3579.000,7316.000,843.000,-336.000,-373.000,0.000,0.000,0
2026-01-31 12:00:33,1708974,2801.000,-2957.000,7297.000,1395.000,-267.000,-502.000,0.000,0.000,0
2026-01-31 12:00:33,1709014,2774.000,-3242.000,7326.000,843.000,-228.000,-640.000,0.000,0.000,0
2026-01-31 12:00:33,1709054,2952.000,-3076.000,7218.000,1135.000,-192.000,-767.000,0.000,0.000,0
2026-01-31 12:00:33,1709094,3024.000,-3049.000,7374.000,634.000,12.000,-592.000,0.000,0.000,0
2026-01-31 12:00:33,1709134,3007.000,-3348.000,7029.000,1086.000,132.000,-428.000,0.000,0.000,0
2026-01-31 12:00:33,1709174,2913.000,-2984.000,7321.000,1969.000,191.000,-430.000,0.000,0.000,0
2026-01-31 12:00:33,1709214,2966.000,-3001.000,7385.000,2225.000,231.000,-315.000,0.000,0.000,0
2026-01-31 12:00:33,1709254,2746.000,-2165.000,7717.000,2793.000,648.000,-198.000,0.000,0.000,0
2026-01-31 12:00:33,1709294,2795.000,-2120.000,8283.000,1817.000,838.000,102.000,0.000,0.000,0
2026-01-31 12:00:33,1709334,2602.000,-2359.000,8045.000,1993.000,1142.000,71.000,0.000,0.000,0
2026-01-31 12:00:33,1709374,2690.000,-2073.000,8284.000,2841.000,1298.000,-409.000,0.000,0.000,0
2026-01-31 12:00:34,1709414,2192.000,-1621.000,8400.000,3098.000,1625.000,-364.000,0.000,0.000,0
2026-01-31 12:00:34,1709454,2319.000,-1923.000,8971.000,3756.000,1714.000,-538.000,0.000,0.000,0
2026-01-31 12:00:34,1709494,1512.000,-397.000,9078.000,5998.000,2398.000,-1132.000,0.000,0.000,0
2026-01-31 12:00:34,1709534,1402.000,941.000,9540.000,5263.000,2674.000,-1564.000,0.000,0.000,0
2026-01-31 12:00:34,1709574,926.000,869.000,8896.000,3408.000,2965.000,-1833.000,0.000,0.000,0
2026-01-31 12:00:34,1709614,608.000,1038.000,9122.000,3150.000,2804.000,-2619.000,0.000,0.000,0
2026-01-31 12:00:34,1709654,457.000,1974.000,8874.000,4313.000,2533.000,-3615.000,0.000,0.000,0
2026-01-31 12:00:34,1709694,-347.000,5007.000,10010.000,2721.000,2368.000,-4706.000,0.000,0.000,0
2026-01-31 12:00:34,1709735,533.000,175.000,8545.000,-3299.000,1298.000,-5908.000,0.000,0.000,0
2026-01-31 12:00:34,1709774,526.000,-965.000,7801.000,-548.000,1217.000,-6231.000,0.000,0.000,0
2026-01-31 12:00:34,1709814,243.000,477.000,7968.000,3836.000,1551.000,-6214.000,0.000,0.000,0
2026-01-31 12:00:34,1709854,971.000,1315.000,7360.000,5533.000,1764.000,-5995.000,0.000,0.000,0
2026-01-31 12:00:34,1709894,-402.000,2458.000,6670.000,7481.000,2601.000,-5909.000,0.000,0.000,0
2026-01-31 12:00:34,1709934,-115.000,3451.000,6886.000,8295.000,2103.000,-5781.000,0.000,0.000,0
2026-01-31 12:00:34,1709974,-1684.000,3640.000,5564.000,9749.000,2015.000,-5957.000,0.000,0.000,0
2026-01-31 12:00:34,1710016,-1348.000,5870.000,6394.000,8831.000,773.000,-5404.000,0.000,0.000,0
2026-01-31 12:00:34,1710054,-1595.000,4370.000,5990.000,5957.000,140.000,-4403.000,0.000,0.000,0
2026-01-31 12:00:34,1710094,-1981.000,5775.000,6175.000,4454.000,-713.000,-3639.000,0.000,0.000,0
2026-01-31 12:00:34,1710134,-761.000,2544.000,6321.000,1438.000,-1099.000,-2588.000,0.000,0.000,0
2026-01-31 12:00:34,1710174,-2255.000,4853.000,6182.000,3430.000,647.000,-1648.000,0.000,0.000,0
2026-01-31 12:00:34,1710214,-3066.000,6608.000,5303.000,2341.000,383.000,-1965.000,0.000,0.000,0
2026-01-31 12:00:34,1710254,-3479.000,4599.000,5018.000,2204.000,43.000,-1132.000,0.000,0.000,0
2026-01-31 12:00:34,1710294,-2784.000,4460.000,5182.000,3283.000,-317.000,-767.000,0.000,0.000,0
2026-01-31 12:00:34,1710334,-3249.000,4533.000,5102.000,2938.000,-62.000,44.000,0.000,0.000,0
2026-01-31 12:00:34,1710374,-2239.000,5526.000,5771.000,3788.000,-367.000,241.000,0.000,0.000,0
2026-01-31 12:00:35,1710414,-2923.000,6374.000,5019.000,2841.000,-223.000,162.000,0.000,0.000,0
2026-01-31 12:00:35,1710454,-2991.000,6421.000,4497.000,2179.000,-348.000,211.000,0.000,0.000,0
2026-01-31 12:00:35,1710494,-2968.000,5920.000,4456.000,1366.000,-432.000,103.000,0.000,0.000,0
2026-01-31 12:00:35,1710534,-2873.000,6075.000,3991.000,1695.000,-926.000,69.000,0.000,0.000,0
2026-01-31 12:00:35,1710574,-3113.000,6437.000,4673.000,1217.000,-960.000,6.000,0.000,0.000,0
2026-01-31 12:00:35,1710614,-2619.000,5786.000,4524.000,2391.000,-1448.000,105.000,0.000,0.000,0
2026-01-31 12:00:35,1710654,-2418.000,7738.000,4646.000,2554.000,-1692.000,-79.000,0.000,0.000,0
2026-01-31 12:00:35,1710694,-2302.000,6941.000,4312.000,1145.000,-1769.000,-271.000,0.000,0.000,0
2026-01-31 12:00:35,1710734,-2592.000,6031.000,3910.000,2230.000,-1629.000,-727.000,0.000,0.000,0
2026-01-31 12:00:35,1710774,-2712.000,6791.000,3777.000,2040.000,-1616.000,-958.000,0.000,0.000,0
2026-01-31 12:00:35,1710814,-2552.000,6464.000,4041.000,2258.000,-1394.000,-1152.000,0.000,0.000,0
2026-01-31 12:00:35,1710854,-2362.000,6591.000,2946.000,2873.000,-1428.000,-1327.000,0.000,0.000,0
2026-01-31 12:00:35,1710894,-2668.000,7472.000,2831.000,3277.000,-1368.000,-1519.000,0.000,0.000,0
2026-01-31 12:00:35,1710934,-2056.000,8441.000,4796.000,2804.000,-1174.000,-1605.000,0.000,0.000,0
2026-01-31 12:00:35,1710974,-2534.000,7461.000,2836.000,1258.000,-699.000,-1592.000,0.000,0.000,0
2026-01-31 12:00:35,1711014,-2531.000,6846.000,2463.000,2171.000,-871.000,-1618.000,0.000,0.000,0
2026-01-31 12:00:35,1711054,-3288.000,6651.000,2154.000,3832.000,-686.000,-1661.000,0.000,0.000,0
2026-01-31 12:00:35,1711094,-2173.000,7280.000,2867.000,4068.000,-747.000,-1739.000,0.000,0.000,0
2026-01-31 12:00:35,1711134,-3644.000,7746.000,864.000,6112.000,198.000,-2646.000,0.000,0.000,0
2026-01-31 12:00:35,1711174,-2385.000,5292.000,671.000,3448.000,-510.000,-1497.000,0.000,0.000,0
2026-01-31 12:00:35,1711214,-4961.000,6649.000,821.000,4131.000,243.000,-1385.000,0.000,0.000,0
2026-01-31 12:00:35,1711254,-3703.000,8637.000,2694.000,2249.000,-996.000,-888.000,0.000,0.000,0
2026-01-31 12:00:35,1711294,-3563.000,5991.000,754.000,772.000,-1071.000,-449.000,0.000,0.000,0
2026-01-31 12:00:35,1711334,-2467.000,7587.000,791.000,-1918.000,-1608.000,482.000,0.000,0.000,0
2026-01-31 12:00:35,1711374,-4287.000,6014.000,930.000,1728.000,-842.000,709.000,0.000,0.000,0
2026-01-31 12:00:36,1711414,-2823.000,8294.000,1799.000,-1060.000,-2401.000,1099.000,0.000,0.000,0
2026-01-31 12:00:36,1711454,-4319.000,6534.000,899.000,1344.000,-929.000,981.000,0.000,0.000,0
2026-01-31 12:00:36,1711494,-2227.000,9674.000,639.000,-1953.000,-2076.000,1366.000,0.000,0.000,0
2026-01-31 12:00:36,1711534,-3681.000,4421.000,840.000,-1120.000,-1522.000,1534.000,0.000,0.000,0
2026-01-31 12:00:36,1711574,-2129.000,10339.000,2895.000,1578.000,-827.000,1374.000,0.000,0.000,0
2026-01-31 12:00:36,1711614,-3841.000,5399.000,217.000,-2888.000,-449.000,1582.000,0.000,0.000,0
2026-01-31 12:00:36,1711654,-2045.000,7830.000,3123.000,2564.000,-251.000,1005.000,0.000,0.000,0
2026-01-31 12:00:36,1711694,-3199.000,7922.000,532.000,-661.000,158.000,907.000,0.000,0.000,0
2026-01-31 12:00:36,1711734,-559.000,7277.000,2235.000,2682.000,1082.000,853.000,0.000,0.000,0
2026-01-31 12:00:36,1711774,-3930.000,8322.000,84.000,-480.000,998.000,571.000,0.000,0.000,0
2026-01-31 12:00:36,1711814,-1961.000,7302.000,1126.000,1122.000,693.000,570.000,0.000,0.000,0
2026-01-31 12:00:36,1711854,-2896.000,8963.000,1248.000,896.000,1570.000,295.000,0.000,0.000,0
2026-01-31 12:00:36,1711894,-1627.000,6823.000,412.000,-1278.000,742.000,300.000,0.000,0.000,0
2026-01-31 12:00:36,1711934,-1504.000,7792.000,984.000,1154.000,1387.000,308.000,0.000,0.000,0
2026-01-31 12:00:36,1711974,-1400.000,9475.000,2439.000,-972.000,1430.000,318.000,0.000,0.000,0
2026-01-31 12:00:36,1712015,-824.000,6059.000,807.000,-502.000,2374.000,321.000,0.000,0.000,0
2026-01-31 12:00:36,1712054,-1337.000,8655.000,1253.000,213.000,3032.000,300.000,0.000,0.000,0
2026-01-31 12:00:36,1712094,-2693.000,5463.000,-123.000,-696.000,3371.000,416.000,0.000,0.000,0
2026-01-31 12:00:36,1712134,-2887.000,9003.000,1224.000,467.000,3127.000,395.000,0.000,0.000,0
2026-01-31 12:00:36,1712174,-2266.000,5626.000,-171.000,-771.000,2831.000,519.000,0.000,0.000,0
2026-01-31 12:00:36,1712214,-3627.000,8464.000,1213.000,1763.000,2856.000,555.000,0.000,0.000,0
2026-01-31 12:00:36,1712254,-1872.000,6756.000,1866.000,178.000,2548.000,780.000,0.000,0.000,0
2026-01-31 12:00:36,1712294,-2197.000,7576.000,811.000,2472.000,3492.000,942.000,0.000,0.000,0
2026-01-31 12:00:36,1712334,-1900.000,9090.000,-424.000,-288.000,2746.000,1250.000,0.000,0.000,0
2026-01-31 12:00:36,1712374,-1654.000,6507.000,-48.000,620.000,2351.000,1546.000,0.000,0.000,0
2026-01-31 12:00:37,1712414,-2480.000,9363.000,1581.000,1466.000,2908.000,1761.000,0.000,0.000,0
2026-01-31 12:00:37,1712454,-417.000,7454.000,-646.000,-309.000,2277.000,2399.000,0.000,0.000,0
2026-01-31 12:00:37,1712494,350.000,8346.000,-544.000,-1244.000,2102.000,2957.000,0.000,0.000,0
2026-01-31 12:00:37,1712534,-35.000,6885.000,-1686.000,-2240.000,2744.000,3303.000,0.000,0.000,0
2026-01-31 12:00:37,1712574,854.000,8415.000,563.000,-101.000,3260.000,3147.000,0.000,0.000,0
2026-01-31 12:00:37,1712614,2396.000,8417.000,-473.000,-3075.000,4256.000,3591.000,0.000,0.000,0
2026-01-31 12:00:37,1712654,2537.000,6788.000,-1104.000,884.000,6003.000,3260.000,0.000,0.000,0
2026-01-31 12:00:37,1712694,3254.000,9153.000,245.000,314.000,6053.000,3197.000,0.000,0.000,0
2026-01-31 12:00:37,1712734,3285.000,11100.000,-1157.000,-4960.000,7318.000,4057.000,0.000,0.000,0
2026-01-31 12:00:37,1712774,2047.000,8782.000,-1021.000,-4724.000,7366.000,4099.000,0.000,0.000,0
2026-01-31 12:00:37,1712814,1686.000,6973.000,-505.000,-7888.000,6009.000,6376.000,0.000,0.000,0
2026-01-31 12:00:37,1712854,1392.000,2601.000,-496.000,-616.000,5777.000,5735.000,0.000,0.000,0
2026-01-31 12:00:37,1712894,1994.000,7783.000,1708.000,4606.000,5136.000,5545.000,0.000,0.000,0
2026-01-31 12:00:37,1712934,2040.000,8581.000,2704.000,-1992.000,4481.000,6428.000,0.000,0.000,0
2026-01-31 12:00:37,1712974,1719.000,6288.000,1737.000,-3965.000,3723.000,6872.000,0.000,0.000,0
2026-01-31 12:00:37,1713014,1783.000,6471.000,2647.000,-3704.000,2932.000,7634.000,0.000,0.000,0
2026-01-31 12:00:37,1713054,2195.000,5207.000,3747.000,-3298.000,1768.000,7610.000,0.000,0.000,0
2026-01-31 12:00:37,1713094,3140.000,3655.000,3070.000,1156.000,805.000,6338.000,0.000,0.000,0
2026-01-31 12:00:37,1713134,3773.000,3959.000,4063.000,3744.000,1393.000,4944.000,0.000,0.000,0
2026-01-31 12:00:37,1713174,4568.000,4535.000,3299.000,9140.000,1246.000,3428.000,0.000,0.000,0
2026-01-31 12:00:37,1713214,6528.000,7821.000,3522.000,10516.000,606.000,3512.000,0.000,0.000,0
2026-01-31 12:00:37,1713254,6641.000,8443.000,2406.000,4717.000,516.000,4546.000,0.000,0.000,0
2026-01-31 12:00:37,1713294,6109.000,6199.000,1297.000,298.000,106.000,5231.000,0.000,0.000,0
2026-01-31 12:00:37,1713334,5943.000,5139.000,1404.000,-630.000,-552.000,4473.000,0.000,0.000,0
2026-01-31 12:00:37,1713374,6478.000,3651.000,1529.000,852.000,-1492.000,3586.000,0.000,0.000,0
2026-01-31 12:00:38,1713414,8702.000,5472.000,1444.000,4005.000,-2357.000,3268.000,0.000,0.000,0
2026-01-31 12:00:38,1713454,10054.000,6698.000,855.000,3913.000,-1694.000,3465.000,0.000,0.000,0
2026-01-31 12:00:38,1713494,9600.000,5305.000,1159.000,757.000,-612.000,3011.000,0.000,0.000,0
2026-01-31 12:00:38,1713534,9350.000,4091.000,1512.000,-763.000,-443.000,2065.000,0.000,0.000,0
2026-01-31 12:00:38,1713574,7698.000,2937.000,946.000,477.000,162.000,1091.000,0.000,0.000,0
2026-01-31 12:00:38,1713614,6894.000,3155.000,762.000,3731.000,500.000,512.000,0.000,0.000,0
2026-01-31 12:00:38,1713654,7382.000,4070.000,948.000,3806.000,950.000,1009.000,0.000,0.000,0
2026-01-31 12:00:38,1713694,7704.000,3927.000,547.000,2575.000,1737.000,1830.000,0.000,0.000,0
2026-01-31 12:00:38,1713734,8147.000,4164.000,820.000,1922.000,2335.000,2540.000,0.000,0.000,0
2026-01-31 12:00:38,1713774,8404.000,3831.000,1090.000,1375.000,2648.000,2965.000,0.000,0.000,0
2026-01-31 12:00:38,1713814,8215.000,2831.000,904.000,1843.000,2652.000,2878.000,0.000,0.000,0
2026-01-31 12:00:38,1713854,7416.000,2607.000,1203.000,3289.000,2541.000,2479.000,0.000,0.000,0
2026-01-31 12:00:38,1713894,6360.000,2526.000,1096.000,4117.000,2087.000,1870.000,0.000,0.000,0
2026-01-31 12:00:38,1713934,6350.000,2671.000,1899.000,3592.000,906.000,1475.000,0.000,0.000,0
2026-01-31 12:00:38,1713974,6991.000,2444.000,2216.000,2007.000,-186.000,1374.000,0.000,0.000,0
2026-01-31 12:00:38,1714016,7295.000,2090.000,1858.000,153.000,-633.000,1210.000,0.000,0.000,0
2026-01-31 12:00:38,1714054,8088.000,1899.000,1663.000,-209.000,-486.000,1089.000,0.000,0.000,0
2026-01-31 12:00:38,1714094,7682.000,1272.000,1637.000,43.000,151.000,642.000,0.000,0.000,0
2026-01-31 12:00:38,1714134,7812.000,930.000,1559.000,998.000,178.000,7.000,0.000,0.000,0
2026-01-31 12:00:38,1714174,7956.000,964.000,1404.000,1550.000,148.000,-336.000,0.000,0.000,0
2026-01-31 12:00:38,1714214,7848.000,1096.000,1180.000,1417.000,296.000,-672.000,0.000,0.000,0
2026-01-31 12:00:38,1714254,7929.000,1218.000,1128.000,2273.000,345.000,-631.000,0.000,0.000,0
2026-01-31 12:00:38,1714294,7843.000,1391.000,1238.000,3087.000,272.000,-226.000,0.000,0.000,0
2026-01-31 12:00:38,1714334,8007.000,1388.000,1246.000,2682.000,61.000,339.000,0.000,0.000,0
2026-01-31 12:00:38,1714374,7925.000,1055.000,475.000,1951.000,257.000,1180.000,0.000,0.000,0
2026-01-31 12:00:39,1714414,7760.000,1098.000,1170.000,2404.000,237.000,1511.000,0.000,0.000,0
2026-01-31 12:00:39,1714454,7270.000,1055.000,962.000,2546.000,11.000,1380.000,0.000,0.000,0
2026-01-31 12:00:39,1714494,7203.000,1301.000,480.000,2964.000,-183.000,1241.000,0.000,0.000,0
2026-01-31 12:00:39,1714534,7608.000,2106.000,1271.000,2585.000,-369.000,1189.000,0.000,0.000,0
2026-01-31 12:00:39,1714574,7736.000,1777.000,1282.000,1063.000,-615.000,907.000,0.000,0.000,0
2026-01-31 12:00:39,1714614,7514.000,1021.000,704.000,644.000,-561.000,294.000,0.000,0.000,0
2026-01-31 12:00:39,1714654,7221.000,574.000,658.000,1723.000,-389.000,-374.000,0.000,0.000,0
2026-01-31 12:00:39,1714694,7099.000,678.000,748.000,2903.000,-297.000,-981.000,0.000,0.000,0
2026-01-31 12:00:39,1714734,7053.000,1102.000,712.000,3061.000,-322.000,-1050.000,0.000,0.000,0
2026-01-31 12:00:39,1714774,7537.000,1679.000,1052.000,771.000,-420.000,-460.000,0.000,0.000,0
2026-01-31 12:00:39,1714814,7084.000,1150.000,712.000,-558.000,-224.000,-372.000,0.000,0.000,0
2026-01-31 12:00:39,1714854,7277.000,1092.000,835.000,-462.000,-78.000,-519.000,0.000,0.000,0
2026-01-31 12:00:39,1714894,6952.000,1252.000,1058.000,26.000,60.000,-812.000,0.000,0.000,0
2026-01-31 12:00:39,1714934,6636.000,1798.000,1228.000,248.000,-137.000,-942.000,0.000,0.000,0
2026-01-31 12:00:39,1714974,6618.000,2338.000,1073.000,133.000,-9.000,-667.000,0.000,0.000,0
2026-01-31 12:00:39,1715014,6247.000,2450.000,582.000,193.000,486.000,-592.000,0.000,0.000,0
2026-01-31 12:00:39,1715054,6300.000,2956.000,700.000,1169.000,517.000,-725.000,0.000,0.000,0
2026-01-31 12:00:39,1715094,5586.000,4154.000,1170.000,1397.000,512.000,-820.000,0.000,0.000,0
2026-01-31 12:00:39,1715134,6184.000,4252.000,1049.000,-36.000,26.000,-1000.000,0.000,0.000,0
2026-01-31 12:00:39,1715174,7361.000,3953.000,1175.000,-1605.000,815.000,-1451.000,0.000,0.000,0
2026-01-31 12:00:39,1715214,6665.000,3113.000,1361.000,-747.000,1940.000,-2118.000,0.000,0.000,0
2026-01-31 12:00:39,1715254,6628.000,2769.000,1452.000,749.000,2616.000,-2864.000,0.000,0.000,0
2026-01-31 12:00:39,1715294,7030.000,3722.000,2000.000,1931.000,2877.000,-2964.000,0.000,0.000,0
2026-01-31 12:00:39,1715334,8085.000,5285.000,3431.000,626.000,2690.000,-2419.000,0.000,0.000,0
2026-01-31 12:00:39,1715374,8848.000,4887.000,3238.000,-2203.000,3120.000,-1993.000,0.000,0.000,0
2026-01-31 12:00:40,1715414,8221.000,3854.000,2589.000,-2790.000,4206.000,-1738.000,0.000,0.000,0
2026-01-31 12:00:40,1715454,9010.000,4880.000,3672.000,-2414.000,4581.000,-1021.000,0.000,0.000,0
2026-01-31 12:00:40,1715494,8384.000,3904.000,3400.000,-3810.000,5487.000,-454.000,0.000,0.000,0
2026-01-31 12:00:40,1715534,9897.000,4773.000,8818.000,-1699.000,4587.000,522.000,0.000,0.000,0
2026-01-31 12:00:40,1715574,10042.000,4362.000,6092.000,-1052.000,5327.000,-499.000,0.000,0.000,0
2026-01-31 12:00:40,1715614,5181.000,3670.000,2775.000,49.000,7209.000,-1935.000,0.000,0.000,0
2026-01-31 12:00:40,1715654,5221.000,5456.000,4443.000,1880.000,6157.000,-1940.000,0.000,0.000,0
2026-01-31 12:00:40,1715694,5930.000,3983.000,5770.000,448.000,5756.000,-1022.000,0.000,0.000,0
2026-01-31 12:00:40,1715735,5352.000,4966.000,4864.000,533.000,5369.000,-453.000,0.000,0.000,0
2026-01-31 12:00:40,1715774,5576.000,5061.000,5542.000,-1433.000,4895.000,388.000,0.000,0.000,0
2026-01-31 12:00:40,1715814,4151.000,4043.000,6348.000,-2346.000,4904.000,-238.000,0.000,0.000,0
2026-01-31 12:00:40,1715854,3673.000,4556.000,7055.000,-1241.000,4346.000,-1117.000,0.000,0.000,0
2026-01-31 12:00:40,1715894,6553.000,3311.000,5359.000,-995.000,3351.000,-958.000,0.000,0.000,0
2026-01-31 12:00:40,1715934,1776.000,6927.000,6597.000,12653.000,5397.000,1201.000,0.000,0.000,0
2026-01-31 12:00:40,1715974,-1355.000,4354.000,7539.000,8122.000,2803.000,-1033.000,0.000,0.000,0
2026-01-31 12:00:40,1716016,-685.000,2639.000,4441.000,5200.000,1367.000,-2024.000,0.000,0.000,0
2026-01-31 12:00:40,1716054,371.000,2383.000,1871.000,7839.000,1498.000,-260.000,0.000,0.000,0
2026-01-31 12:00:40,1716094,2761.000,3853.000,2359.000,13104.000,1737.000,1197.000,0.000,0.000,0
2026-01-31 12:00:40,1716134,595.000,6303.000,32.000,16216.000,562.000,1032.000,0.000,0.000,0
2026-01-31 12:00:40,1716174,2131.000,10593.000,2587.000,12394.000,-947.000,2759.000,0.000,0.000,0
2026-01-31 12:00:40,1716214,2077.000,3116.000,1139.000,3783.000,1264.000,4815.000,0.000,0.000,0
2026-01-31 12:00:40,1716254,2018.000,6411.000,-891.000,20188.000,2198.000,2650.000,0.000,0.000,0
2026-01-31 12:00:40,1716294,5240.000,4380.000,190.000,11783.000,2387.000,3659.000,0.000,0.000,0
2026-01-31 12:00:40,1716334,5802.000,9461.000,-2311.000,3547.000,980.000,6277.000,0.000,0.000,0
2026-01-31 12:00:40,1716374,4087.000,13379.000,-1096.000,-2439.000,-465.000,7485.000,0.000,0.000,0
2026-01-31 12:00:41,1716414,4491.000,10979.000,-772.000,-2935.000,-2109.000,4614.000,0.000,0.000,0
2026-01-31 12:00:41,1716454,5488.000,7453.000,942.000,-2226.000,-1544.000,3894.000,0.000,0.000,0
2026-01-31 12:00:41,1716494,5474.000,6932.000,-987.000,-7792.000,-1371.000,4049.000,0.000,0.000,0
2026-01-31 12:00:41,1716534,6932.000,4390.000,809.000,-7324.000,-523.000,2043.000,0.000,0.000,0
2026-01-31 12:00:41,1716574,5183.000,6192.000,769.000,-120.000,629.000,-508.000,0.000,0.000,0
2026-01-31 12:00:41,1716614,5391.000,6669.000,-67.000,-709.000,415.000,-311.000,0.000,0.000,0
2026-01-31 12:00:41,1716654,5262.000,5930.000,116.000,-4261.000,725.000,369.000,0.000,0.000,0
2026-01-31 12:00:41,1716694,5492.000,5637.000,516.000,-3352.000,479.000,711.000,0.000,0.000,0
2026-01-31 12:00:41,1716734,5591.000,6154.000,929.000,-2311.000,425.000,693.000,0.000,0.000,0
2026-01-31 12:00:41,1716774,5801.000,6475.000,1346.000,-2463.000,334.000,881.000,0.000,0.000,0
2026-01-31 12:00:41,1716814,5762.000,5464.000,1623.000,-3707.000,363.000,987.000,0.000,0.000,0
2026-01-31 12:00:41,1716854,5849.000,4835.000,1751.000,-3677.000,343.000,977.000,0.000,0.000,0
2026-01-31 12:00:41,1716894,5860.000,4899.000,1784.000,-2969.000,298.000,885.000,0.000,0.000,0
2026-01-31 12:00:41,1716934,5912.000,4961.000,1995.000,-2161.000,245.000,735.000,0.000,0.000,0
2026-01-31 12:00:41,1716974,5846.000,4709.000,2165.000,-1741.000,118.000,633.000,0.000,0.000,0
2026-01-31 12:00:41,1717014,5961.000,4952.000,2354.000,-1132.000,-8.000,541.000,0.000,0.000,0
2026-01-31 12:00:41,1717054,6001.000,4744.000,2417.000,-820.000,-41.000,426.000,0.000,0.000,0
2026-01-31 12:00:41,1717094,6087.000,4840.000,2535.000,-346.000,-63.000,259.000,0.000,0.000,0
2026-01-31 12:00:41,1717134,6201.000,4845.000,2505.000,-352.000,-38.000,209.000,0.000,0.000,0
2026-01-31 12:00:41,1717174,6157.000,4715.000,2518.000,-349.000,30.000,149.000,0.000,0.000,0
2026-01-31 12:00:41,1717214,6093.000,4663.000,2526.000,-190.000,38.000,110.000,0.000,0.000,0
2026-01-31 12:00:41,1717254,6127.000,4694.000,2532.000,-129.000,-4.000,108.000,0.000,0.000,0
2026-01-31 12:00:41,1717294,6172.000,4689.000,2547.000,-112.000,-12.000,154.000,0.000,0.000,0
2026-01-31 12:00:41,1717334,6143.000,4649.000,2542.000,-143.000,2.000,177.000,0.000,0.000,0
2026-01-31 12:00:41,1717374,6142.000,4658.000,2546.000,-128.000,-3.000,165.000,0.000,0.000,0
2026-01-31 12:00:42,1717414,6172.000,4740.000,2516.000,-52.000,25.000,107.000,0.000,0.000,0
2026-01-31 12:00:42,1717454,6178.000,4648.000,2511.000,-64.000,56.000,69.000,0.000,0.000,0
2026-01-31 12:00:42,1717494,6167.000,4716.000,2523.000,-104.000,74.000,80.000,0.000,0.000,0
2026-01-31 12:00:42,1717534,6178.000,4642.000,2560.000,-100.000,66.000,89.000,0.000,0.000,0
2026-01-31 12:00:42,1717574,6193.000,4712.000,2536.000,-84.000,49.000,87.000,0.000,0.000,0
2026-01-31 12:00:42,1717614,6198.000,4657.000,2533.000,-116.000,64.000,56.000,0.000,0.000,0
2026-01-31 12:00:42,1717654,6180.000,4682.000,2586.000,-128.000,44.000,58.000,0.000,0.000,0
2026-01-31 12:00:42,1717694,6171.000,4673.000,2573.000,-73.000,24.000,44.000,0.000,0.000,0
2026-01-31 12:00:42,1717735,6202.000,4708.000,2519.000,-96.000,33.000,21.000,0.000,0.000,0
2026-01-31 12:00:42,1717774,6139.000,4576.000,2567.000,-210.000,47.000,34.000,0.000,0.000,0
2026-01-31 12:00:42,1717814,6159.000,4689.000,2569.000,-47.000,11.000,14.000,0.000,0.000,0
2026-01-31 12:00:42,1717854,6199.000,4653.000,2609.000,-104.000,14.000,34.000,0.000,0.000,0
2026-01-31 12:00:42,1717894,6175.000,4661.000,2642.000,-124.000,19.000,31.000,0.000,0.000,0
2026-01-31 12:00:42,1717934,6167.000,4622.000,2609.000,-75.000,26.000,3.000,0.000,0.000,0
2026-01-31 12:00:42,1717974,6164.000,4634.000,2622.000,-52.000,16.000,-6.000,0.000,0.000,0
2026-01-31 12:00:42,1718015,6155.000,4595.000,2608.000,-29.000,16.000,-8.000,0.000,0.000,0
2026-01-31 12:00:42,1718054,6184.000,4641.000,2621.000,-39.000,8.000,3.000,0.000,0.000,0
2026-01-31 12:00:42,1718094,6184.000,4594.000,2631.000,-59.000,8.000,16.000,0.000,0.000,0
2026-01-31 12:00:42,1718134,6160.000,4554.000,2625.000,-88.000,1.000,42.000,0.000,0.000,0
2026-01-31 12:00:42,1718174,6213.000,4659.000,2641.000,39.000,-3.000,31.000,0.000,0.000,0
2026-01-31 12:00:42,1718214,6203.000,4642.000,2634.000,-29.000,33.000,16.000,0.000,0.000,0
2026-01-31 12:00:42,1718254,6168.000,4600.000,2632.000,-6.000,29.000,18.000,0.000,0.000,0
2026-01-31 12:00:42,1718294,6193.000,4631.000,2665.000,19.000,22.000,23.000,0.000,0.000,0
2026-01-31 12:00:42,1718334,6176.000,4647.000,2608.000,-22.000,38.000,10.000,0.000,0.000,0
2026-01-31 12:00:42,1718374,6167.000,4571.000,2610.000,-17.000,19.000,11.000,0.000,0.000,0
2026-01-31 12:00:43,1718414,6200.000,4643.000,2619.000,16.000,-1.000,26.000,0.000,0.000,0
2026-01-31 12:00:43,1718454,6204.000,4565.000,2635.000,-48.000,17.000,17.000,0.000,0.000,0
2026-01-31 12:00:43,1718494,6196.000,4624.000,2656.000,-22.000,18.000,10.000,0.000,0.000,0
2026-01-31 12:00:43,1718534,6206.000,4606.000,2643.000,-14.000,7.000,8.000,0.000,0.000,0
2026-01-31 12:00:43,1718574,6194.000,4617.000,2610.000,-9.000,9.000,-2.000,0.000,0.000,0
2026-01-31 12:00:43,1718614,6176.000,4619.000,2670.000,-48.000,17.000,-9.000,0.000,0.000,0
2026-01-31 12:00:43,1718654,6171.000,4605.000,2601.000,-64.000,23.000,7.000,0.000,0.000,0
2026-01-31 12:00:43,1718694,6195.000,4577.000,2629.000,-39.000,24.000,6.000,0.000,0.000,0
2026-01-31 12:00:43,1718734,6190.000,4608.000,2644.000,-16.000,18.000,12.000,0.000,0.000,0
2026-01-31 12:00:43,1718774,6168.000,4568.000,2648.000,-49.000,5.000,25.000,0.000,0.000,0
2026-01-31 12:00:43,1718814,6199.000,4603.000,2665.000,-16.000,-2.000,31.000,0.000,0.000,0
2026-01-31 12:00:43,1718854,6198.000,4605.000,2670.000,3.000,24.000,0.000,0.000,0.000,0
2026-01-31 12:00:43,1718894,6166.000,4565.000,2618.000,-39.000,35.000,-5.000,0.000,0.000,0
2026-01-31 12:00:43,1718934,6159.000,4608.000,2680.000,-3.000,-4.000,18.000,0.000,0.000,0
2026-01-31 12:00:43,1718974,6210.000,4646.000,2654.000,-14.000,8.000,13.000,0.000,0.000,0
2026-01-31 12:00:43,1719014,6170.000,4551.000,2641.000,-19.000,26.000,-4.000,0.000,0.000,0
2026-01-31 12:00:43,1719054,6169.000,4620.000,2642.000,26.000,-5.000,-17.000,0.000,0.000,0
2026-01-31 12:00:43,1719094,6196.000,4604.000,2634.000,-36.000,2.000,18.000,0.000,0.000,0
2026-01-31 12:00:43,1719134,6195.000,4607.000,2665.000,-16.000,8.000,27.000,0.000,0.000,0
2026-01-31 12:00:43,1719174,6204.000,4614.000,2654.000,-6.000,9.000,24.000,0.000,0.000,0
2026-01-31 12:00:43,1719214,6196.000,4592.000,2649.000,-17.000,18.000,16.000,0.000,0.000,0
2026-01-31 12:00:43,1719254,6178.000,4560.000,2675.000,-13.000,20.000,11.000,0.000,0.000,0
2026-01-31 12:00:43,1719294,6205.000,4616.000,2630.000,18.000,12.000,22.000,0.000,0.000,0
2026-01-31 12:00:43,1719334,6182.000,4577.000,2643.000,-36.000,19.000,20.000,0.000,0.000,0
2026-01-31 12:00:43,1719374,6191.000,4580.000,2663.000,0.000,12.000,20.000,0.000,0.000,0
2026-01-31 12:00:44,1719414,6202.000,4591.000,2641.000,-4.000,9.000,17.000,0.000,0.000,0
2026-01-31 12:00:44,1719454,6173.000,4571.000,2647.000,-23.000,0.000,20.000,0.000,0.000,0
2026-01-31 12:00:44,1719494,6220.000,4590.000,2661.000,16.000,4.000,18.000,0.000,0.000,0
2026-01-31 12:00:44,1719534,6218.000,4604.000,2666.000,-14.000,29.000,6.000,0.000,0.000,0
2026-01-31 12:00:44,1719574,6166.000,4556.000,2619.000,-7.000,27.000,-3.000,0.000,0.000,0
2026-01-31 12:00:44,1719614,6186.000,4605.000,2683.000,5.000,-3.000,25.000,0.000,0.000,0
2026-01-31 12:00:44,1719654,6217.000,4609.000,2680.000,-25.000,18.000,5.000,0.000,0.000,0
2026-01-31 12:00:44,1719694,6182.000,4520.000,2615.000,-27.000,42.000,-17.000,0.000,0.000,0
2026-01-31 12:00:44,1719734,6204.000,4591.000,2623.000,9.000,13.000,0.000,0.000,0.000,0
2026-01-31 12:00:44,1719774,6223.000,4557.000,2673.000,-32.000,7.000,23.000,0.000,0.000,0
2026-01-31 12:00:44,1719815,6193.000,4587.000,2672.000,-8.000,27.000,13.000,0.000,0.000,0
2026-01-31 12:00:44,1719854,6203.000,4615.000,2671.000,7.000,15.000,9.000,0.000,0.000,0
2026-01-31 12:00:44,1719894,6188.000,4601.000,2638.000,3.000,17.000,-6.000,0.000,0.000,0
2026-01-31 12:00:44,1719934,6187.000,4570.000,2682.000,-17.000,13.000,1.000,0.000,0.000,0
2026-01-31 12:00:44,1719974,6192.000,4599.000,2658.000,8.000,4.000,7.000,0.000,0.000,0
2026-01-31 12:00:44,1720015,6205.000,4582.000,2639.000,-26.000,20.000,3.000,0.000,0.000,0
2026-01-31 12:00:44,1720054,6189.000,4564.000,2677.000,-8.000,10.000,8.000,0.000,0.000,0
2026-01-31 12:00:44,1720094,6199.000,4589.000,2667.000,-12.000,6.000,9.000,0.000,0.000,0
2026-01-31 12:00:44,1720134,6196.000,4545.000,2663.000,-14.000,8.000,0.000,0.000,0.000,0
2026-01-31 12:00:44,1720174,6155.000,4571.000,2676.000,-26.000,13.000,7.000,0.000,0.000,0
2026-01-31 12:00:44,1720214,6225.000,4573.000,2636.000,19.000,-2.000,14.000,0.000,0.000,0
2026-01-31 12:00:44,1720254,6211.000,4598.000,2687.000,-28.000,26.000,2.000,0.000,0.000,0
2026-01-31 12:00:44,1720294,6172.000,4543.000,2635.000,-2.000,20.000,1.000,0.000,0.000,0
2026-01-31 12:00:44,1720334,6200.000,4619.000,2682.000,1.000,-11.000,23.000,0.000,0.000,0
2026-01-31 12:00:44,1720374,6232.000,4592.000,2694.000,-12.000,13.000,5.000,0.000,0.000,0
2026-01-31 12:00:45,1720414,6194.000,4568.000,2615.000,1.000,39.000,-15.000,0.000,0.000,0
2026-01-31 12:00:45,1720454,6196.000,4584.000,2630.000,-7.000,16.000,-3.000,0.000,0.000,0
2026-01-31 12:00:45,1720494,6200.000,4548.000,2646.000,-28.000,6.000,15.000,0.000,0.000,0
2026-01-31 12:00:45,1720534,6206.000,4566.000,2687.000,-20.000,16.000,16.000,0.000,0.000,0
2026-01-31 12:00:45,1720574,6207.000,4580.000,2664.000,6.000,12.000,-2.000,0.000,0.000,0
2026-01-31 12:00:45,1720614,6194.000,4588.000,2646.000,7.000,15.000,-8.000,0.000,0.000,0
2026-01-31 12:00:45,1720654,6187.000,4565.000,2675.000,-7.000,14.000,-1.000,0.000,0.000,0
2026-01-31 12:00:45,1720694,6189.000,4584.000,2656.000,3.000,1.000,10.000,0.000,0.000,0
2026-01-31 12:00:45,1720734,6191.000,4581.000,2639.000,-14.000,10.000,3.000,0.000,0.000,0
2026-01-31 12:00:45,1720774,6212.000,4586.000,2665.000,-1.000,12.000,6.000,0.000,0.000,0
2026-01-31 12:00:45,1720814,6211.000,4582.000,2660.000,-10.000,14.000,3.000,0.000,0.000,0
2026-01-31 12:00:45,1720854,6203.000,4570.000,2666.000,-5.000,9.000,3.000,0.000,0.000,0
2026-01-31 12:00:45,1720894,6202.000,4592.000,2666.000,5.000,9.000,5.000,0.000,0.000,0
2026-01-31 12:00:45,1720934,6212.000,4561.000,2648.000,-23.000,12.000,11.000,0.000,0.000,0
2026-01-31 12:00:45,1720974,6229.000,4617.000,2668.000,-4.000,17.000,3.000,0.000,0.000,0
2026-01-31 12:00:45,1721014,6189.000,4549.000,2660.000,-9.000,28.000,-10.000,0.000,0.000,0
2026-01-31 12:00:45,1721054,6171.000,4574.000,2669.000,-2.000,3.000,20.000,0.000,0.000,0
2026-01-31 12:00:45,1721094,6216.000,4609.000,2702.000,4.000,6.000,16.000,0.000,0.000,0
2026-01-31 12:00:45,1721134,6199.000,4578.000,2623.000,-14.000,40.000,-7.000,0.000,0.000,0
2026-01-31 12:00:45,1721174,6177.000,4568.000,2634.000,-4.000,24.000,-8.000,0.000,0.000,0
2026-01-31 12:00:45,1721214,6205.000,4594.000,2661.000,-1.000,-3.000,16.000,0.000,0.000,0
2026-01-31 12:00:45,1721254,6204.000,4533.000,2687.000,-48.000,15.000,19.000,0.000,0.000,0
2026-01-31 12:00:45,1721294,6200.000,4605.000,2686.000,8.000,19.000,6.000,0.000,0.000,0
2026-01-31 12:00:45,1721334,6189.000,4552.000,2647.000,-12.000,22.000,-5.000,0.000,0.000,0
2026-01-31 12:00:45,1721374,6183.000,4569.000,2687.000,5.000,13.000,1.000,0.000,0.000,0
2026-01-31 12:00:46,1721414,6191.000,4577.000,2661.000,-1.000,6.000,13.000,0.000,0.000,0
2026-01-31 12:00:46,1721454,6196.000,4580.000,2647.000,-6.000,8.000,8.000,0.000,0.000,0
2026-01-31 12:00:46,1721494,6197.000,4583.000,2663.000,-8.000,12.000,4.000,0.000,0.000,0
2026-01-31 12:00:46,1721534,6209.000,4565.000,2668.000,-10.000,9.000,5.000,0.000,0.000,0
2026-01-31 12:00:46,1721574,6191.000,4578.000,2666.000,7.000,11.000,8.000,0.000,0.000,0
2026-01-31 12:00:46,1721614,6166.000,4537.000,2661.000,-66.000,20.000,28.000,0.000,0.000,0
2026-01-31 12:00:46,1721654,6171.000,4586.000,2689.000,12.000,-1.000,19.000,0.000,0.000,0
2026-01-31 12:00:46,1721694,6205.000,4571.000,2657.000,-7.000,-4.000,20.000,0.000,0.000,0
2026-01-31 12:00:46,1721734,6227.000,4581.000,2675.000,-9.000,19.000,2.000,0.000,0.000,0
2026-01-31 12:00:46,1721774,6173.000,4545.000,2650.000,-13.000,18.000,1.000,0.000,0.000,0
2026-01-31 12:00:46,1721814,6207.000,4593.000,2699.000,6.000,-8.000,23.000,0.000,0.000,0
2026-01-31 12:00:46,1721855,6220.000,4588.000,2658.000,-5.000,23.000,0.000,0.000,0.000,0
2026-01-31 12:00:46,1721894,6198.000,4555.000,2615.000,-13.000,33.000,-8.000,0.000,0.000,0
2026-01-31 12:00:46,1721934,6201.000,4570.000,2661.000,-5.000,9.000,1.000,0.000,0.000,0
2026-01-31 12:00:46,1721974,6222.000,4538.000,2662.000,-36.000,6.000,22.000,0.000,0.000,0
2026-01-31 12:00:46,1722015,6207.000,4565.000,2699.000,-18.000,17.000,13.000,0.000,0.000,0
2026-01-31 12:00:46,1722054,6216.000,4580.000,2687.000,0.000,10.000,0.000,0.000,0.000,0
2026-01-31 12:00:46,1722094,6208.000,4580.000,2646.000,0.000,18.000,-16.000,0.000,0.000,0
2026-01-31 12:00:46,1722134,6177.000,4535.000,2673.000,-17.000,2.000,-11.000,0.000,0.000,0
2026-01-31 12:00:46,1722174,6191.000,4581.000,2652.000,-2.000,-32.000,12.000,0.000,0.000,0
2026-01-31 12:00:46,1722214,6199.000,4584.000,2642.000,-48.000,-34.000,13.000,0.000,0.000,0
2026-01-31 12:00:46,1722254,6214.000,4550.000,2665.000,-34.000,-54.000,-3.000,0.000,0.000,0
2026-01-31 12:00:46,1722294,6223.000,4571.000,2647.000,-14.000,-56.000,-10.000,0.000,0.000,0
2026-01-31 12:00:46,1722334,6214.000,4556.000,2666.000,3.000,-59.000,-17.000,0.000,0.000,0
2026-01-31 12:00:46,1722374,6202.000,4565.000,2663.000,12.000,-61.000,-17.000,0.000,0.000,0
2026-01-31 12:00:47,1722414,6214.000,4565.000,2628.000,9.000,-64.000,-7.000,0.000,0.000,0
2026-01-31 12:00:47,1722454,6223.000,4557.000,2630.000,23.000,-57.000,-4.000,0.000,0.000,0
2026-01-31 12:00:47,1722494,6217.000,4549.000,2639.000,4.000,-65.000,-4.000,0.000,0.000,0
2026-01-31 12:00:47,1722534,6201.000,4541.000,2642.000,30.000,-92.000,15.000,0.000,0.000,0
2026-01-31 12:00:47,1722574,6244.000,4623.000,2619.000,66.000,-78.000,5.000,0.000,0.000,0
2026-01-31 12:00:47,1722614,6233.000,4584.000,2582.000,24.000,-41.000,-11.000,0.000,0.000,0
2026-01-31 12:00:47,1722654,6213.000,4565.000,2570.000,42.000,-57.000,-14.000,0.000,0.000,0
2026-01-31 12:00:47,1722694,6214.000,4580.000,2579.000,38.000,-74.000,2.000,0.000,0.000,0
2026-01-31 12:00:47,1722734,6233.000,4570.000,2581.000,0.000,-70.000,19.000,0.000,0.000,0
2026-01-31 12:00:47,1722774,6242.000,4583.000,2585.000,34.000,-65.000,3.000,0.000,0.000,0
2026-01-31 12:00:47,1722814,6248.000,4599.000,2561.000,33.000,-69.000,4.000,0.000,0.000,0
2026-01-31 12:00:47,1722854,6238.000,4576.000,2538.000,30.000,-59.000,4.000,0.000,0.000,0
2026-01-31 12:00:47,1722894,6242.000,4573.000,2542.000,31.000,-48.000,0.000,0.000,0.000,0
2026-01-31 12:00:47,1722934,6238.000,4586.000,2524.000,35.000,-38.000,9.000,0.000,0.000,0
2026-01-31 12:00:47,1722974,6255.000,4594.000,2521.000,21.000,-31.000,8.000,0.000,0.000,0
2026-01-31 12:00:47,1723014,6223.000,4567.000,2538.000,17.000,-16.000,6.000,0.000,0.000,0
2026-01-31 12:00:47,1723054,6202.000,4607.000,2535.000,18.000,-12.000,9.000,0.000,0.000,0
2026-01-31 12:00:47,1723094,6225.000,4580.000,2504.000,13.000,13.000,4.000,0.000,0.000,0
2026-01-31 12:00:47,1723134,6254.000,4641.000,2524.000,7.000,31.000,-6.000,0.000,0.000,0
2026-01-31 12:00:47,1723174,6225.000,4521.000,2532.000,-21.000,36.000,-5.000,0.000,0.000,0
2026-01-31 12:00:47,1723214,6223.000,4637.000,2534.000,13.000,44.000,10.000,0.000,0.000,0
2026-01-31 12:00:47,1723254,6227.000,4560.000,2489.000,-46.000,88.000,-7.000,0.000,0.000,0
2026-01-31 12:00:47,1723294,6232.000,4590.000,2540.000,-31.000,65.000,-3.000,0.000,0.000,0
2026-01-31 12:00:47,1723334,6243.000,4613.000,2574.000,-64.000,58.000,2.000,0.000,0.000,0
2026-01-31 12:00:47,1723374,6215.000,4528.000,2566.000,-64.000,86.000,-4.000,0.000,0.000,0
2026-01-31 12:00:48,1723414,6226.000,4620.000,2569.000,-37.000,105.000,-12.000,0.000,0.000,0
2026-01-31 12:00:48,1723454,6229.000,4587.000,2552.000,-74.000,113.000,-15.000,0.000,0.000,0
2026-01-31 12:00:48,1723494,6208.000,4547.000,2590.000,-94.000,88.000,2.000,0.000,0.000,0
2026-01-31 12:00:48,1723534,6222.000,4599.000,2615.000,-47.000,75.000,5.000,0.000,0.000,0
2026-01-31 12:00:48,1723574,6217.000,4581.000,2606.000,-65.000,94.000,-7.000,0.000,0.000,0
2026-01-31 12:00:48,1723614,6206.000,4587.000,2604.000,-40.000,93.000,-20.000,0.000,0.000,0
2026-01-31 12:00:48,1723654,6210.000,4577.000,2586.000,-65.000,79.000,-14.000,0.000,0.000,0
2026-01-31 12:00:48,1723694,6178.000,4572.000,2631.000,-71.000,68.000,-6.000,0.000,0.000,0
2026-01-31 12:00:48,1723734,6210.000,4567.000,2646.000,-61.000,56.000,10.000,0.000,0.000,0
2026-01-31 12:00:48,1723774,6227.000,4585.000,2670.000,-59.000,66.000,1.000,0.000,0.000,0
2026-01-31 12:00:48,1723815,6218.000,4545.000,2657.000,-54.000,75.000,-12.000,0.000,0.000,0
2026-01-31 12:00:48,1723854,6197.000,4587.000,2664.000,-3.000,57.000,-10.000,0.000,0.000,0
2026-01-31 12:00:48,1723894,6200.000,4593.000,2672.000,-25.000,56.000,-10.000,0.000,0.000,0
2026-01-31 12:00:48,1723934,6187.000,4560.000,2633.000,-39.000,56.000,-7.000,0.000,0.000,0
2026-01-31 12:00:48,1723974,6184.000,4588.000,2658.000,-16.000,45.000,-1.000,0.000,0.000,0
2026-01-31 12:00:48,1724015,6204.000,4578.000,2655.000,-27.000,43.000,15.000,0.000,0.000,0
2026-01-31 12:00:48,1724054,6195.000,4564.000,2678.000,-19.000,42.000,9.000,0.000,0.000,0
2026-01-31 12:00:48,1724094,6195.000,4596.000,2685.000,-8.000,41.000,11.000,0.000,0.000,0
2026-01-31 12:00:48,1724134,6175.000,4562.000,2671.000,-23.000,32.000,4.000,0.000,0.000,0
2026-01-31 12:00:48,1724174,6194.000,4592.000,2682.000,-1.000,27.000,4.000,0.000,0.000,0
2026-01-31 12:00:48,1724214,6178.000,4557.000,2688.000,-25.000,30.000,6.000,0.000,0.000,0
2026-01-31 12:00:48,1724254,6196.000,4580.000,2677.000,-3.000,18.000,9.000,0.000,0.000,0
2026-01-31 12:00:48,1724294,6197.000,4576.000,2678.000,-27.000,23.000,7.000,0.000,0.000,0
2026-01-31 12:00:48,1724334,6200.000,4553.000,2688.000,-8.000,21.000,4.000,0.000,0.000,0
2026-01-31 12:00:48,1724374,6172.000,4561.000,2695.000,-11.000,22.000,12.000,0.000,0.000,0
2026-01-31 12:00:49,1724414,6212.000,4601.000,2679.000,7.000,14.000,17.000,0.000,0.000,0
2026-01-31 12:00:49,1724454,6194.000,4569.000,2694.000,-7.000,32.000,4.000,0.000,0.000,0
2026-01-31 12:00:49,1724494,6185.000,4577.000,2690.000,-8.000,17.000,16.000,0.000,0.000,0
2026-01-31 12:00:49,1724534,6200.000,4593.000,2723.000,-2.000,14.000,13.000,0.000,0.000,0
2026-01-31 12:00:49,1724574,6191.000,4575.000,2659.000,-8.000,30.000,-1.000,0.000,0.000,0
2026-01-31 12:00:49,1724614,6175.000,4576.000,2659.000,6.000,30.000,0.000,0.000,0.000,0
2026-01-31 12:00:49,1724654,6191.000,4585.000,2683.000,-14.000,8.000,10.000,0.000,0.000,0
2026-01-31 12:00:49,1724694,6209.000,4529.000,2682.000,-43.000,5.000,22.000,0.000,0.000,0
2026-01-31 12:00:49,1724734,6194.000,4592.000,2718.000,-3.000,10.000,10.000,0.000,0.000,0
2026-01-31 12:00:49,1724774,6196.000,4554.000,2698.000,-13.000,19.000,8.000,0.000,0.000,0
2026-01-31 12:00:49,1724814,6202.000,4560.000,2696.000,-6.000,10.000,2.000,0.000,0.000,0
2026-01-31 12:00:49,1724854,6181.000,4560.000,2701.000,-9.000,9.000,8.000,0.000,0.000,0
2026-01-31 12:00:49,1724894,6192.000,4559.000,2686.000,-5.000,5.000,7.000,0.000,0.000,0
2026-01-31 12:00:49,1724934,6208.000,4565.000,2689.000,-8.000,7.000,8.000,0.000,0.000,0
2026-01-31 12:00:49,1724974,6193.000,4564.000,2709.000,-4.000,9.000,6.000,0.000,0.000,0
2026-01-31 12:00:49,1725014,6202.000,4582.000,2687.000,0.000,12.000,8.000,0.000,0.000,0
2026-01-31 12:00:49,1725054,6191.000,4548.000,2688.000,-19.000,18.000,2.000,0.000,0.000,0
2026-01-31 12:00:49,1725094,6198.000,4582.000,2693.000,6.000,10.000,4.000,0.000,0.000,0
2026-01-31 12:00:49,1725134,6165.000,4533.000,2697.000,-31.000,11.000,7.000,0.000,0.000,0
2026-01-31 12:00:49,1725174,6205.000,4565.000,2696.000,18.000,2.000,12.000,0.000,0.000,0
2026-01-31 12:00:49,1725214,6201.000,4552.000,2699.000,-11.000,27.000,-6.000,0.000,0.000,0
2026-01-31 12:00:49,1725254,6181.000,4557.000,2700.000,-9.000,9.000,9.000,0.000,0.000,0
2026-01-31 12:00:49,1725294,6203.000,4598.000,2719.000,10.000,3.000,11.000,0.000,0.000,0
2026-01-31 12:00:49,1725334,6201.000,4554.000,2650.000,-18.000,38.000,-7.000,0.000,0.000,0
2026-01-31 12:00:49,1725374,6184.000,4561.000,2663.000,-3.000,23.000,-6.000,0.000,0.000,0
2026-01-31 12:00:50,1725414,6202.000,4561.000,2699.000,-18.000,-1.000,10.000,0.000,0.000,0
2026-01-31 12:00:50,1725454,6215.000,4539.000,2696.000,-28.000,9.000,17.000,0.000,0.000,0
2026-01-31 12:00:50,1725494,6205.000,4573.000,2722.000,0.000,24.000,1.000,0.000,0.000,0
2026-01-31 12:00:50,1725534,6204.000,4558.000,2686.000,3.000,20.000,-3.000,0.000,0.000,0
2026-01-31 12:00:50,1725574,6198.000,4567.000,2699.000,-1.000,10.000,2.000,0.000,0.000,0
2026-01-31 12:00:50,1725614,6186.000,4547.000,2698.000,-6.000,13.000,8.000,0.000,0.000,0
2026-01-31 12:00:50,1725654,6191.000,4578.000,2686.000,0.000,9.000,8.000,0.000,0.000,0
2026-01-31 12:00:50,1725694,6194.000,4564.000,2693.000,-11.000,2.000,12.000,0.000,0.000,0
2026-01-31 12:00:50,1725734,6211.000,4566.000,2707.000,-13.000,7.000,7.000,0.000,0.000,0
2026-01-31 12:00:50,1725774,6189.000,4556.000,2705.000,-2.000,18.000,4.000,0.000,0.000,0
2026-01-31 12:00:50,1725814,6200.000,4574.000,2685.000,-1.000,14.000,6.000,0.000,0.000,0
2026-01-31 12:00:50,1725855,6189.000,4546.000,2687.000,-21.000,17.000,8.000,0.000,0.000,0
2026-01-31 12:00:50,1725894,6198.000,4567.000,2702.000,-4.000,9.000,5.000,0.000,0.000,0
2026-01-31 12:00:50,1725934,6185.000,4553.000,2701.000,-5.000,12.000,7.000,0.000,0.000,0
2026-01-31 12:00:50,1725974,6207.000,4563.000,2686.000,8.000,4.000,12.000,0.000,0.000,0
2026-01-31 12:00:50,1726015,6213.000,4566.000,2704.000,-16.000,30.000,3.000,0.000,0.000,0
2026-01-31 12:00:50,1726054,6189.000,4548.000,2679.000,-2.000,19.000,0.000,0.000,0.000,0
2026-01-31 12:00:50,1726094,6189.000,4583.000,2715.000,3.000,-1.000,19.000,0.000,0.000,0
2026-01-31 12:00:50,1726134,6216.000,4572.000,2700.000,-18.000,15.000,4.000,0.000,0.000,0
2026-01-31 12:00:50,1726174,6187.000,4534.000,2651.000,-15.000,38.000,-7.000,0.000,0.000,0
2026-01-31 12:00:50,1726214,6192.000,4577.000,2692.000,0.000,11.000,5.000,0.000,0.000,0
2026-01-31 12:00:50,1726254,6198.000,4547.000,2692.000,-30.000,6.000,12.000,0.000,0.000,0
2026-01-31 12:00:50,1726294,6204.000,4537.000,2717.000,-22.000,18.000,7.000,0.000,0.000,0
2026-01-31 12:00:50,1726334,6204.000,4584.000,2700.000,0.000,27.000,-4.000,0.000,0.000,0
2026-01-31 12:00:50,1726374,6189.000,4550.000,2673.000,0.000,11.000,0.000,0.000,0.000,0
2026-01-31 12:00:51,1726414,6198.000,4570.000,2705.000,-13.000,8.000,5.000,0.000,0.000,0
2026-01-31 12:00:51,1726454,6182.000,4531.000,2717.000,-11.000,9.000,4.000,0.000,0.000,0
2026-01-31 12:00:51,1726494,6196.000,4587.000,2690.000,6.000,11.000,3.000,0.000,0.000,0
2026-01-31 12:00:51,1726534,6197.000,4559.000,2688.000,-14.000,11.000,5.000,0.000,0.000,0
2026-01-31 12:00:51,1726574,6199.000,4543.000,2700.000,-13.000,8.000,4.000,0.000,0.000,0
2026-01-31 12:00:51,1726614,6185.000,4546.000,2712.000,-6.000,8.000,6.000,0.000,0.000,0
2026-01-31 12:00:51,1726654,6196.000,4579.000,2695.000,-2.000,6.000,6.000,0.000,0.000,0
2026-01-31 12:00:51,1726694,6194.000,4555.000,2690.000,-17.000,6.000,-1.000,0.000,0.000,0
2026-01-31 12:00:51,1726734,6207.000,4577.000,2688.000,-2.000,-13.000,4.000,0.000,0.000,0
2026-01-31 12:00:51,1726774,6207.000,4526.000,2679.000,-26.000,-22.000,11.000,0.000,0.000,0
2026-01-31 12:00:51,1726814,6228.000,4570.000,2692.000,-4.000,-19.000,17.000,0.000,0.000,0
2026-01-31 12:00:51,1726854,6211.000,4547.000,2715.000,-14.000,-6.000,0.000,0.000,0.000,0
2026-01-31 12:00:51,1726894,6178.000,4563.000,2687.000,1.000,-18.000,0.000,0.000,0.000,0
2026-01-31 12:00:51,1726934,6199.000,4573.000,2719.000,5.000,-37.000,12.000,0.000,0.000,0
2026-01-31 12:00:51,1726974,6230.000,4580.000,2669.000,0.000,-17.000,-5.000,0.000,0.000,0
2026-01-31 12:00:51,1727014,6204.000,4525.000,2663.000,1.000,-2.000,-7.000,0.000,0.000,0
2026-01-31 12:00:51,1727054,6206.000,4570.000,2679.000,9.000,-30.000,6.000,0.000,0.000,0
2026-01-31 12:00:51,1727094,6194.000,4518.000,2678.000,-16.000,-32.000,19.000,0.000,0.000,0
2026-01-31 12:00:51,1727134,6224.000,4576.000,2690.000,10.000,-20.000,5.000,0.000,0.000,0
2026-01-31 12:00:51,1727174,6208.000,4544.000,2676.000,22.000,-27.000,5.000,0.000,0.000,0
2026-01-31 12:00:51,1727214,6208.000,4576.000,2642.000,24.000,-33.000,11.000,0.000,0.000,0
2026-01-31 12:00:51,1727254,6199.000,4542.000,2665.000,6.000,-32.000,11.000,0.000,0.000,0
2026-01-31 12:00:51,1727294,6210.000,4570.000,2653.000,28.000,-35.000,10.000,0.000,0.000,0
2026-01-31 12:00:51,1727334,6196.000,4560.000,2596.000,-6.000,-27.000,30.000,0.000,0.000,0
2026-01-31 12:00:51,1727374,6228.000,4565.000,2637.000,-19.000,-48.000,68.000,0.000,0.000,0
2026-01-31 12:00:52,1727414,6242.000,4518.000,2697.000,-45.000,-53.000,56.000,0.000,0.000,0
2026-01-31 12:00:52,1727454,6254.000,4573.000,2661.000,6.000,-37.000,19.000,0.000,0.000,0
2026-01-31 12:00:52,1727494,6223.000,4519.000,2606.000,-48.000,1.000,4.000,0.000,0.000,0
2026-01-31 12:00:52,1727534,6217.000,4535.000,2628.000,2.000,-16.000,-18.000,0.000,0.000,0
2026-01-31 12:00:52,1727574,6239.000,4547.000,2622.000,46.000,-34.000,-14.000,0.000,0.000,0
2026-01-31 12:00:52,1727614,6287.000,4617.000,2626.000,30.000,-19.000,-6.000,0.000,0.000,0
2026-01-31 12:00:52,1727654,6246.000,4520.000,2645.000,-15.000,-5.000,-23.000,0.000,0.000,0
2026-01-31 12:00:52,1727694,6212.000,4558.000,2628.000,39.000,-1.000,-18.000,0.000,0.000,0
2026-01-31 12:00:52,1727734,6216.000,4599.000,2629.000,21.000,27.000,-21.000,0.000,0.000,0
2026-01-31 12:00:52,1727774,6210.000,4539.000,2570.000,-16.000,59.000,-27.000,0.000,0.000,0
2026-01-31 12:00:52,1727815,6204.000,4569.000,2592.000,-1.000,43.000,-8.000,0.000,0.000,0
2026-01-31 12:00:52,1727854,6227.000,4565.000,2621.000,-42.000,22.000,10.000,0.000,0.000,0
2026-01-31 12:00:52,1727894,6220.000,4577.000,2674.000,-36.000,54.000,0.000,0.000,0.000,0
2026-01-31 12:00:52,1727934,6218.000,4579.000,2654.000,-14.000,70.000,-16.000,0.000,0.000,0
2026-01-31 12:00:52,1727974,6204.000,4561.000,2624.000,-14.000,56.000,-17.000,0.000,0.000,0
2026-01-31 12:00:52,1728015,6203.000,4567.000,2639.000,-28.000,47.000,-9.000,0.000,0.000,0
2026-01-31 12:00:52,1728054,6194.000,4534.000,2655.000,-38.000,44.000,-3.000,0.000,0.000,0
2026-01-31 12:00:52,1728094,6225.000,4574.000,2664.000,-21.000,43.000,4.000,0.000,0.000,0
2026-01-31 12:00:52,1728134,6226.000,4553.000,2663.000,-47.000,56.000,-1.000,0.000,0.000,0
2026-01-31 12:00:52,1728174,6219.000,4548.000,2657.000,-27.000,54.000,1.000,0.000,0.000,0
2026-01-31 12:00:52,1728214,6212.000,4578.000,2658.000,-16.000,49.000,0.000,0.000,0.000,0
2026-01-31 12:00:52,1728254,6217.000,4567.000,2669.000,-29.000,48.000,-3.000,0.000,0.000,0
2026-01-31 12:00:52,1728294,6198.000,4556.000,2673.000,-21.000,48.000,2.000,0.000,0.000,0
2026-01-31 12:00:52,1728334,6223.000,4571.000,2656.000,-18.000,52.000,-3.000,0.000,0.000,0
2026-01-31 12:00:52,1728374,6217.000,4550.000,2684.000,-23.000,45.000,-12.000,0.000,0.000,0
2026-01-31 12:00:53,1728414,6204.000,4569.000,2684.000,-23.000,32.000,2.000,0.000,0.000,0
2026-01-31 12:00:53,1728454,6199.000,4550.000,2709.000,-23.000,36.000,1.000,0.000,0.000,0
2026-01-31 12:00:53,1728494,6207.000,4576.000,2672.000,-10.000,54.000,-9.000,0.000,0.000,0
2026-01-31 12:00:53,1728534,6193.000,4544.000,2658.000,-26.000,51.000,-8.000,0.000,0.000,0
2026-01-31 12:00:53,1728574,6195.000,4552.000,2704.000,-23.000,25.000,-2.000,0.000,0.000,0
2026-01-31 12:00:53,1728614,6215.000,4551.000,2687.000,-25.000,24.000,14.000,0.000,0.000,0
2026-01-31 12:00:53,1728654,6216.000,4562.000,2726.000,-23.000,39.000,5.000,0.000,0.000,0
2026-01-31 12:00:53,1728694,6200.000,4547.000,2698.000,-7.000,39.000,-4.000,0.000,0.000,0
2026-01-31 12:00:53,1728734,6181.000,4569.000,2707.000,13.000,30.000,-4.000,0.000,0.000,0
2026-01-31 12:00:53,1728774,6185.000,4566.000,2700.000,-3.000,30.000,0.000,0.000,0.000,0
2026-01-31 12:00:53,1728814,6177.000,4545.000,2704.000,-8.000,25.000,4.000,0.000,0.000,0
2026-01-31 12:00:53,1728854,6187.000,4576.000,2709.000,4.000,17.000,11.000,0.000,0.000,0
2026-01-31 12:00:53,1728894,6193.000,4567.000,2704.000,-9.000,17.000,13.000,0.000,0.000,0
2026-01-31 12:00:53,1728934,6185.000,4548.000,2727.000,-12.000,18.000,8.000,0.000,0.000,0
2026-01-31 12:00:53,1728974,6201.000,4566.000,2707.000,7.000,13.000,12.000,0.000,0.000,0
2026-01-31 12:00:53,1729014,6182.000,4562.000,2703.000,-17.000,16.000,10.000,0.000,0.000,0
2026-01-31 12:00:53,1729054,6182.000,4559.000,2721.000,-4.000,9.000,18.000,0.000,0.000,0
2026-01-31 12:00:53,1729094,6211.000,4558.000,2707.000,-1.000,0.000,23.000,0.000,0.000,0
2026-01-31 12:00:53,1729134,6227.000,4581.000,2716.000,4.000,16.000,18.000,0.000,0.000,0
2026-01-31 12:00:53,1729174,6202.000,4539.000,2703.000,-10.000,27.000,3.000,0.000,0.000,0
2026-01-31 12:00:53,1729214,6180.000,4552.000,2710.000,2.000,8.000,16.000,0.000,0.000,0
2026-01-31 12:00:53,1729254,6215.000,4584.000,2737.000,-3.000,7.000,17.000,0.000,0.000,0
2026-01-31 12:00:53,1729294,6208.000,4556.000,2672.000,-13.000,33.000,-1.000,0.000,0.000,0
2026-01-31 12:00:53,1729334,6187.000,4552.000,2682.000,-6.000,24.000,-6.000,0.000,0.000,0
2026-01-31 12:00:53,1729374,6197.000,4551.000,2713.000,-11.000,7.000,6.000,0.000,0.000,0
2026-01-31 12:00:54,1729414,6212.000,4544.000,2707.000,-35.000,8.000,20.000,0.000,0.000,0
2026-01-31 12:00:54,1729454,6197.000,4560.000,2744.000,-9.000,25.000,-10.000,0.000,0.000,0
2026-01-31 12:00:54,1729494,6194.000,4567.000,2693.000,8.000,21.000,-9.000,0.000,0.000,0
2026-01-31 12:00:54,1729534,6181.000,4545.000,2707.000,-18.000,12.000,-3.000,0.000,0.000,0
2026-01-31 12:00:54,1729574,6187.000,4552.000,2729.000,-7.000,6.000,4.000,0.000,0.000,0
2026-01-31 12:00:54,1729614,6194.000,4555.000,2706.000,-14.000,12.000,0.000,0.000,0.000,0
2026-01-31 12:00:54,1729654,6190.000,4564.000,2709.000,-4.000,6.000,-6.000,0.000,0.000,0
2026-01-31 12:00:54,1729694,6199.000,4551.000,2710.000,-10.000,12.000,-2.000,0.000,0.000,0
2026-01-31 12:00:54,1729734,6195.000,4534.000,2712.000,-12.000,13.000,3.000,0.000,0.000,0
2026-01-31 12:00:54,1729774,6179.000,4561.000,2721.000,-4.000,9.000,10.000,0.000,0.000,0
2026-01-31 12:00:54,1729814,6205.000,4557.000,2716.000,-21.000,13.000,6.000,0.000,0.000,0
2026-01-31 12:00:54,1729854,6189.000,4551.000,2716.000,0.000,14.000,0.000,0.000,0.000,0
2026-01-31 12:00:54,1729894,6184.000,4565.000,2705.000,-17.000,12.000,6.000,0.000,0.000,0
2026-01-31 12:00:54,1729934,6202.000,4542.000,2711.000,-6.000,-6.000,12.000,0.000,0.000,0
2026-01-31 12:00:54,1729974,6218.000,4597.000,2725.000,-14.000,19.000,8.000,0.000,0.000,0
2026-01-31 12:00:54,1730015,6187.000,4567.000,2696.000,-29.000,26.000,-3.000,0.000,0.000,0
2026-01-31 12:00:54,1730054,6170.000,4565.000,2723.000,-28.000,1.000,4.000,0.000,0.000,0
2026-01-31 12:00:54,1730094,6202.000,4558.000,2768.000,-43.000,0.000,10.000,0.000,0.000,0
2026-01-31 12:00:54,1730134,6208.000,4549.000,2698.000,-13.000,22.000,-6.000,0.000,0.000,0
2026-01-31 12:00:54,1730174,6195.000,4550.000,2688.000,-13.000,28.000,-10.000,0.000,0.000,0
2026-01-31 12:00:54,1730214,6201.000,4550.000,2712.000,-36.000,8.000,7.000,0.000,0.000,0
2026-01-31 12:00:54,1730254,6210.000,4531.000,2755.000,-34.000,16.000,1.000,0.000,0.000,0
2026-01-31 12:00:54,1730294,6212.000,4575.000,2751.000,-2.000,35.000,-12.000,0.000,0.000,0
2026-01-31 12:00:54,1730334,6194.000,4559.000,2711.000,-14.000,40.000,-24.000,0.000,0.000,0
2026-01-31 12:00:54,1730374,6173.000,4545.000,2713.000,-25.000,30.000,-17.000,0.000,0.000,0
2026-01-31 12:00:55,1730414,6176.000,4551.000,2736.000,-32.000,21.000,-8.000,0.000,0.000,0
2026-01-31 12:00:55,1730454,6186.000,4554.000,2736.000,-30.000,9.000,0.000,0.000,0.000,0
2026-01-31 12:00:55,1730494,6192.000,4558.000,2735.000,-35.000,18.000,-11.000,0.000,0.000,0
2026-01-31 12:00:55,1730534,6196.000,4539.000,2753.000,-23.000,26.000,-12.000,0.000,0.000,0
2026-01-31 12:00:55,1730574,6200.000,4547.000,2734.000,-8.000,17.000,-9.000,0.000,0.000,0
2026-01-31 12:00:55,1730614,6170.000,4551.000,2748.000,-21.000,15.000,6.000,0.000,0.000,0
2026-01-31 12:00:55,1730654,6186.000,4570.000,2739.000,-16.000,14.000,7.000,0.000,0.000,0
2026-01-31 12:00:55,1730694,6191.000,4562.000,2752.000,-19.000,10.000,2.000,0.000,0.000,0
2026-01-31 12:00:55,1730734,6176.000,4532.000,2746.000,-19.000,15.000,-1.000,0.000,0.000,0
2026-01-31 12:00:55,1730774,6187.000,4528.000,2729.000,-7.000,1.000,9.000,0.000,0.000,0
2026-01-31 12:00:55,1730814,6206.000,4562.000,2735.000,-8.000,15.000,18.000,0.000,0.000,0
2026-01-31 12:00:55,1730854,6194.000,4544.000,2748.000,-13.000,30.000,8.000,0.000,0.000,0
2026-01-31 12:00:55,1730894,6159.000,4560.000,2722.000,-10.000,12.000,10.000,0.000,0.000,0
2026-01-31 12:00:55,1730934,6176.000,4571.000,2780.000,-28.000,-16.000,8.000,0.000,0.000,0
2026-01-31 12:00:55,1730974,6194.000,4527.000,2741.000,-20.000,-4.000,-17.000,0.000,0.000,0
2026-01-31 12:00:55,1731014,6188.000,4541.000,2700.000,11.000,11.000,-12.000,0.000,0.000,0
2026-01-31 12:00:55,1731054,6176.000,4542.000,2714.000,-17.000,-6.000,17.000,0.000,0.000,0
2026-01-31 12:00:55,1731094,6208.000,4516.000,2739.000,-34.000,-23.000,28.000,0.000,0.000,0
2026-01-31 12:00:55,1731134,6196.000,4545.000,2781.000,0.000,-16.000,18.000,0.000,0.000,0
2026-01-31 12:00:55,1731174,6201.000,4550.000,2756.000,17.000,-12.000,5.000,0.000,0.000,0
2026-01-31 12:00:55,1731214,6180.000,4549.000,2721.000,28.000,-10.000,2.000,0.000,0.000,0
2026-01-31 12:00:55,1731254,6188.000,4550.000,2712.000,6.000,-13.000,17.000,0.000,0.000,0
2026-01-31 12:00:55,1731294,6195.000,4573.000,2732.000,5.000,-23.000,13.000,0.000,0.000,0
2026-01-31 12:00:55,1731334,6200.000,4590.000,2732.000,0.000,-9.000,-5.000,0.000,0.000,0
2026-01-31 12:00:55,1731374,6172.000,4535.000,2694.000,-6.000,-12.000,-2.000,0.000,0.000,0
2026-01-31 12:00:56,1731414,6169.000,4550.000,2735.000,3.000,-26.000,3.000,0.000,0.000,0
2026-01-31 12:00:56,1731454,6187.000,4546.000,2736.000,16.000,-56.000,26.000,0.000,0.000,0
2026-01-31 12:00:56,1731494,6229.000,4600.000,2699.000,45.000,-54.000,57.000,0.000,0.000,0
2026-01-31 12:00:56,1731534,6196.000,4426.000,2817.000,9.000,-3.000,-17.000,0.000,0.000,0
2026-01-31 12:00:56,1731574,6258.000,4624.000,2748.000,211.000,14.000,8.000,0.000,0.000,0
2026-01-31 12:00:56,1731614,6272.000,4455.000,2590.000,49.000,61.000,20.000,0.000,0.000,0
2026-01-31 12:00:56,1731654,6206.000,4491.000,2620.000,36.000,43.000,-11.000,0.000,0.000,0
2026-01-31 12:00:56,1731694,6118.000,4591.000,2703.000,41.000,-3.000,2.000,0.000,0.000,0
2026-01-31 12:00:56,1731734,6126.000,4623.000,2678.000,-1.000,-39.000,108.000,0.000,0.000,0
2026-01-31 12:00:56,1731774,6258.000,4512.000,2690.000,-91.000,-18.000,65.000,0.000,0.000,0
2026-01-31 12:00:56,1731814,6223.000,4550.000,2739.000,-19.000,1.000,14.000,0.000,0.000,0
2026-01-31 12:00:56,1731854,6191.000,4590.000,2724.000,-5.000,2.000,-1.000,0.000,0.000,0
2026-01-31 12:00:56,1731894,6188.000,4559.000,2665.000,-6.000,13.000,14.000,0.000,0.000,0
2026-01-31 12:00:56,1731934,6228.000,4501.000,2676.000,-47.000,27.000,-10.000,0.000,0.000,0
2026-01-31 12:00:56,1731974,6236.000,4528.000,2698.000,-5.000,30.000,-28.000,0.000,0.000,0
2026-01-31 12:00:56,1732015,6199.000,4553.000,2692.000,7.000,64.000,-30.000,0.000,0.000,0
2026-01-31 12:00:56,1732054,6216.000,4595.000,2692.000,56.000,49.000,-10.000,0.000,0.000,0
2026-01-31 12:00:56,1732094,6245.000,4465.000,2834.000,43.000,43.000,-28.000,0.000,0.000,0
2026-01-31 12:00:56,1732134,6237.000,4910.000,2724.000,252.000,90.000,-104.000,0.000,0.000,0
2026-01-31 12:00:56,1732174,6173.000,4615.000,3654.000,40.000,165.000,-559.000,0.000,0.000,0
2026-01-31 12:00:56,1732214,6119.000,5808.000,3076.000,858.000,263.000,-684.000,0.000,0.000,0
2026-01-31 12:00:56,1732254,6473.000,5863.000,3660.000,-613.000,509.000,-579.000,0.000,0.000,0
2026-01-31 12:00:56,1732294,7269.000,6384.000,4043.000,-1969.000,1102.000,-974.000,0.000,0.000,0
2026-01-31 12:00:56,1732334,6511.000,5290.000,3439.000,-3835.000,1551.000,-1665.000,0.000,0.000,0
2026-01-31 12:00:56,1732374,6091.000,5027.000,3654.000,-4906.000,1546.000,-1876.000,0.000,0.000,0
2026-01-31 12:00:57,1732414,6136.000,4893.000,3715.000,-6722.000,1471.000,-1339.000,0.000,0.000,0
2026-01-31 12:00:57,1732454,5620.000,4311.000,4032.000,-8837.000,1730.000,-722.000,0.000,0.000,0
2026-01-31 12:00:57,1732494,5785.000,3399.000,4659.000,-9690.000,1828.000,-925.000,0.000,0.000,0
2026-01-31 12:00:57,1732534,4842.000,3660.000,4816.000,-7231.000,2044.000,-1769.000,0.000,0.000,0
2026-01-31 12:00:57,1732574,4502.000,2218.000,5010.000,-6757.000,1889.000,-1615.000,0.000,0.000,0
2026-01-31 12:00:57,1732614,4742.000,2710.000,5357.000,-6117.000,1717.000,-2055.000,0.000,0.000,0
2026-01-31 12:00:57,1732654,4136.000,2756.000,5878.000,-6605.000,1591.000,-1870.000,0.000,0.000,0
2026-01-31 12:00:57,1732694,4547.000,1983.000,6507.000,-7421.000,1456.000,-2082.000,0.000,0.000,0
2026-01-31 12:00:57,1732734,3534.000,755.000,6212.000,-5266.000,1325.000,-1833.000,0.000,0.000,0
2026-01-31 12:00:57,1732774,3846.000,1317.000,6871.000,-3091.000,639.000,-1556.000,0.000,0.000,0
2026-01-31 12:00:57,1732814,3828.000,808.000,6896.000,-3171.000,687.000,-1032.000,0.000,0.000,0
2026-01-31 12:00:57,1732854,3758.000,492.000,6847.000,-2976.000,686.000,-726.000,0.000,0.000,0
2026-01-31 12:00:57,1732894,3641.000,-43.000,7021.000,-1979.000,735.000,-580.000,0.000,0.000,0
2026-01-31 12:00:57,1732934,3751.000,632.000,7492.000,-1157.000,520.000,-484.000,0.000,0.000,0
2026-01-31 12:00:57,1732974,3451.000,25.000,7405.000,-1464.000,529.000,-384.000,0.000,0.000,0
2026-01-31 12:00:57,1733014,3423.000,4.000,7657.000,-1024.000,320.000,-251.000,0.000,0.000,0
2026-01-31 12:00:57,1733054,3267.000,-213.000,7394.000,-647.000,146.000,93.000,0.000,0.000,0
2026-01-31 12:00:57,1733094,3248.000,-153.000,7505.000,-553.000,-33.000,372.000,0.000,0.000,0
2026-01-31 12:00:57,1733134,3187.000,-211.000,7190.000,-560.000,-215.000,743.000,0.000,0.000,0
2026-01-31 12:00:57,1733174,3243.000,90.000,7109.000,-162.000,-399.000,826.000,0.000,0.000,0
2026-01-31 12:00:57,1733214,3528.000,159.000,7305.000,-604.000,-616.000,863.000,0.000,0.000,0
2026-01-31 12:00:57,1733254,3757.000,107.000,7196.000,-913.000,-866.000,848.000,0.000,0.000,0
2026-01-31 12:00:57,1733294,3906.000,-375.000,6845.000,-640.000,-955.000,695.000,0.000,0.000,0
2026-01-31 12:00:57,1733334,4388.000,-43.000,7520.000,778.000,-1285.000,332.000,0.000,0.000,0
2026-01-31 12:00:57,1733374,4475.000,232.000,7682.000,687.000,-1268.000,404.000,0.000,0.000,0
2026-01-31 12:00:58,1733414,4486.000,30.000,7918.000,433.000,-1077.000,110.000,0.000,0.000,0
2026-01-31 12:00:58,1733454,4605.000,-162.000,7963.000,935.000,-838.000,-204.000,0.000,0.000,0
2026-01-31 12:00:58,1733494,4638.000,588.000,7843.000,1417.000,-505.000,-309.000,0.000,0.000,0
2026-01-31 12:00:58,1733534,4531.000,117.000,7282.000,-205.000,18.000,-180.000,0.000,0.000,0
2026-01-31 12:00:58,1733574,4455.000,-146.000,6959.000,378.000,61.000,-170.000,0.000,0.000,0
2026-01-31 12:00:58,1733614,4728.000,520.000,7278.000,754.000,48.000,-109.000,0.000,0.000,0
2026-01-31 12:00:58,1733654,4508.000,369.000,7427.000,-32.000,303.000,169.000,0.000,0.000,0
2026-01-31 12:00:58,1733694,4312.000,-87.000,7400.000,-267.000,603.000,266.000,0.000,0.000,0
2026-01-31 12:00:58,1733735,4321.000,405.000,7404.000,-71.000,676.000,305.000,0.000,0.000,0
2026-01-31 12:00:58,1733774,4222.000,210.000,7335.000,-829.000,735.000,400.000,0.000,0.000,0
2026-01-31 12:00:58,1733814,4176.000,-36.000,7262.000,-429.000,654.000,282.000,0.000,0.000,0
2026-01-31 12:00:58,1733854,4171.000,84.000,7428.000,-344.000,672.000,203.000,0.000,0.000,0
2026-01-31 12:00:58,1733894,4164.000,-309.000,7405.000,-167.000,761.000,183.000,0.000,0.000,0
2026-01-31 12:00:58,1733934,4080.000,-257.000,7269.000,567.000,888.000,159.000,0.000,0.000,0
2026-01-31 12:00:58,1733974,3896.000,150.000,7336.000,1191.000,945.000,122.000,0.000,0.000,0
2026-01-31 12:00:58,1734016,3800.000,278.000,7592.000,860.000,978.000,221.000,0.000,0.000,0
2026-01-31 12:00:58,1734054,3693.000,99.000,7402.000,871.000,921.000,188.000,0.000,0.000,0
2026-01-31 12:00:58,1734094,3648.000,325.000,7644.000,1122.000,951.000,82.000,0.000,0.000,0
2026-01-31 12:00:58,1734134,3510.000,632.000,7727.000,929.000,1044.000,136.000,0.000,0.000,0
2026-01-31 12:00:58,1734174,3412.000,138.000,7720.000,906.000,1135.000,203.000,0.000,0.000,0
2026-01-31 12:00:58,1734214,2981.000,885.000,7548.000,766.000,517.000,316.000,0.000,0.000,0
2026-01-31 12:00:58,1734254,2937.000,665.000,6816.000,-371.000,-683.000,189.000,0.000,0.000,0
2026-01-31 12:00:58,1734294,3291.000,628.000,7724.000,-127.000,-1102.000,-141.000,0.000,0.000,0
2026-01-31 12:00:58,1734334,3602.000,939.000,8071.000,-259.000,-884.000,-319.000,0.000,0.000,0
2026-01-31 12:00:58,1734374,3661.000,519.000,7837.000,-572.000,-338.000,-403.000,0.000,0.000,0
2026-01-31 12:00:59,1734414,3871.000,364.000,7769.000,-187.000,-13.000,-403.000,0.000,0.000,0
2026-01-31 12:00:59,1734454,3756.000,160.000,7525.000,-340.000,230.000,-94.000,0.000,0.000,0
2026-01-31 12:00:59,1734494,3402.000,113.000,7416.000,-74.000,228.000,25.000,0.000,0.000,0
2026-01-31 12:00:59,1734534,3412.000,545.000,7618.000,52.000,-11.000,103.000,0.000,0.000,0
2026-01-31 12:00:59,1734574,3442.000,442.000,7573.000,-284.000,-43.000,149.000,0.000,0.000,0
2026-01-31 12:00:59,1734614,3652.000,501.000,7540.000,-14.000,-44.000,64.000,0.000,0.000,0
2026-01-31 12:00:59,1734654,3751.000,577.000,7651.000,70.000,-20.000,-45.000,0.000,0.000,0
2026-01-31 12:00:59,1734694,3657.000,363.000,7540.000,-290.000,-3.000,-26.000,0.000,0.000,0
2026-01-31 12:00:59,1734734,3553.000,227.000,7526.000,-255.000,-97.000,6.000,0.000,0.000,0
2026-01-31 12:00:59,1734774,3502.000,129.000,7540.000,-82.000,-191.000,17.000,0.000,0.000,0
2026-01-31 12:00:59,1734814,3547.000,373.000,7687.000,25.000,-220.000,62.000,0.000,0.000,0
2026-01-31 12:00:59,1734854,3543.000,258.000,7621.000,-60.000,-111.000,52.000,0.000,0.000,0
2026-01-31 12:00:59,1734894,3695.000,482.000,7698.000,81.000,-49.000,14.000,0.000,0.000,0
2026-01-31 12:00:59,1734934,3671.000,310.000,7573.000,-70.000,51.000,10.000,0.000,0.000,0
2026-01-31 12:00:59,1734974,3668.000,335.000,7560.000,123.000,46.000,-25.000,0.000,0.000,0
2026-01-31 12:00:59,1735014,3676.000,412.000,7605.000,-145.000,37.000,30.000,0.000,0.000,0
2026-01-31 12:00:59,1735054,3586.000,95.000,7439.000,-137.000,25.000,-3.000,0.000,0.000,0
2026-01-31 12:00:59,1735094,3675.000,419.000,7612.000,312.000,-31.000,-85.000,0.000,0.000,0
2026-01-31 12:00:59,1735134,3668.000,408.000,7632.000,-188.000,4.000,22.000,0.000,0.000,0
2026-01-31 12:00:59,1735174,3655.000,161.000,7513.000,-84.000,14.000,2.000,0.000,0.000,0
2026-01-31 12:00:59,1735214,3722.000,498.000,7655.000,124.000,27.000,-33.000,0.000,0.000,0
2026-01-31 12:00:59,1735254,3605.000,222.000,7460.000,-222.000,81.000,35.000,0.000,0.000,0
2026-01-31 12:00:59,1735294,3539.000,288.000,7618.000,127.000,7.000,-11.000,0.000,0.000,0
2026-01-31 12:00:59,1735334,3623.000,322.000,7602.000,-69.000,-80.000,47.000,0.000,0.000,0
2026-01-31 12:00:59,1735374,3714.000,299.000,7592.000,-82.000,109.000,45.000,0.000,0.000,0
2026-01-31 12:01:00,1735414,3537.000,311.000,7649.000,-56.000,115.000,20.000,0.000,0.000,0
2026-01-31 12:01:00,1735454,3596.000,305.000,7583.000,31.000,7.000,-4.000,0.000,0.000,0
2026-01-31 12:01:00,1735494,3701.000,418.000,7578.000,-75.000,223.000,-6.000,0.000,0.000,0
2026-01-31 12:01:00,1735534,3489.000,273.000,7622.000,-188.000,188.000,-16.000,0.000,0.000,0
2026-01-31 12:01:00,1735574,3508.000,216.000,7562.000,28.000,-80.000,-55.000,0.000,0.000,0
2026-01-31 12:01:00,1735614,3551.000,342.000,7677.000,-5.000,154.000,-25.000,0.000,0.000,0
2026-01-31 12:01:00,1735654,3312.000,-123.000,7802.000,-66.000,-118.000,5.000,0.000,0.000,0
2026-01-31 12:01:00,1735694,3749.000,228.000,7617.000,121.000,114.000,-16.000,0.000,0.000,0
2026-01-31 12:01:00,1735734,3741.000,260.000,7876.000,-30.000,348.000,-6.000,0.000,0.000,0
2026-01-31 12:01:00,1735774,3769.000,118.000,7769.000,26.000,513.000,-80.000,0.000,0.000,0
2026-01-31 12:01:00,1735815,3679.000,554.000,7931.000,121.000,728.000,-161.000,0.000,0.000,0
2026-01-31 12:01:00,1735854,3395.000,673.000,8164.000,-293.000,943.000,-249.000,0.000,0.000,0
2026-01-31 12:01:00,1735894,3984.000,477.000,8254.000,-708.000,1104.000,-338.000,0.000,0.000,0
2026-01-31 12:01:00,1735934,3119.000,680.000,8501.000,-425.000,1531.000,-571.000,0.000,0.000,0
2026-01-31 12:01:00,1735974,3098.000,317.000,8423.000,-1369.000,1741.000,-688.000,0.000,0.000,0
2026-01-31 12:01:00,1736016,2954.000,128.000,8539.000,-1532.000,1787.000,-743.000,0.000,0.000,0
2026-01-31 12:01:00,1736054,2888.000,-6.000,8476.000,-1960.000,1799.000,-679.000,0.000,0.000,0
2026-01-31 12:01:00,1736094,2558.000,-247.000,8313.000,-1803.000,1864.000,-927.000,0.000,0.000,0
2026-01-31 12:01:00,1736134,2602.000,-564.000,8219.000,-2727.000,1790.000,-1341.000,0.000,0.000,0
2026-01-31 12:01:00,1736174,2400.000,-777.000,8120.000,-3039.000,1520.000,-1334.000,0.000,0.000,0
2026-01-31 12:01:00,1736214,2313.000,-1215.000,8091.000,-3250.000,1232.000,-1297.000,0.000,0.000,0
2026-01-31 12:01:00,1736254,2177.000,-1374.000,7772.000,-3264.000,1180.000,-1353.000,0.000,0.000,0
2026-01-31 12:01:00,1736294,1959.000,-1684.000,7914.000,-2675.000,1045.000,-1212.000,0.000,0.000,0
2026-01-31 12:01:00,1736334,1834.000,-1507.000,7875.000,-1609.000,861.000,-1078.000,0.000,0.000,0
2026-01-31 12:01:00,1736374,1765.000,-1076.000,8164.000,-2120.000,843.000,-860.000,0.000,0.000,0
2026-01-31 12:01:01,1736414,1254.000,-2017.000,7924.000,-2257.000,980.000,-830.000,0.000,0.000,0
2026-01-31 12:01:01,1736454,1438.000,-1886.000,8286.000,-1775.000,843.000,-1245.000,0.000,0.000,0
2026-01-31 12:01:01,1736494,1491.000,-2398.000,8265.000,-2445.000,907.000,-1658.000,0.000,0.000,0
2026-01-31 12:01:01,1736534,1212.000,-2849.000,8328.000,-2778.000,1025.000,-1690.000,0.000,0.000,0
2026-01-31 12:01:01,1736574,1579.000,-3034.000,8759.000,-3295.000,1049.000,-1709.000,0.000,0.000,0
2026-01-31 12:01:01,1736614,1693.000,-3942.000,8726.000,-3849.000,1207.000,-1903.000,0.000,0.000,0
2026-01-31 12:01:01,1736654,1802.000,-4209.000,8409.000,-4074.000,1398.000,-1769.000,0.000,0.000,0
2026-01-31 12:01:01,1736694,1908.000,-4863.000,8253.000,-4788.000,1477.000,-1737.000,0.000,0.000,0
2026-01-31 12:01:01,1736734,1777.000,-5063.000,7614.000,-5108.000,1332.000,-1319.000,0.000,0.000,0
2026-01-31 12:01:01,1736774,1027.000,-5324.000,6756.000,-6387.000,1365.000,-420.000,0.000,0.000,0
2026-01-31 12:01:01,1736814,1018.000,-5178.000,6377.000,-6479.000,313.000,106.000,0.000,0.000,0
2026-01-31 12:01:01,1736854,1245.000,-5797.000,5826.000,-6595.000,-153.000,532.000,0.000,0.000,0
2026-01-31 12:01:01,1736894,1277.000,-5602.000,5250.000,-5779.000,-360.000,1140.000,0.000,0.000,0
2026-01-31 12:01:01,1736934,1091.000,-5844.000,5413.000,-5826.000,-547.000,1568.000,0.000,0.000,0
2026-01-31 12:01:01,1736974,838.000,-5730.000,4689.000,-4825.000,-802.000,1498.000,0.000,0.000,0
2026-01-31 12:01:01,1737014,485.000,-6130.000,4572.000,-5072.000,-462.000,1192.000,0.000,0.000,0
2026-01-31 12:01:01,1737054,339.000,-5871.000,4321.000,-4393.000,-267.000,1020.000,0.000,0.000,0
2026-01-31 12:01:01,1737094,119.000,-6314.000,3882.000,-3626.000,-18.000,823.000,0.000,0.000,0
2026-01-31 12:01:01,1737134,142.000,-6806.000,3637.000,-2629.000,298.000,585.000,0.000,0.000,0
2026-01-31 12:01:01,1737174,-75.000,-6587.000,3315.000,-1787.000,507.000,493.000,0.000,0.000,0
2026-01-31 12:01:01,1737214,-157.000,-6941.000,3180.000,-499.000,765.000,112.000,0.000,0.000,0
2026-01-31 12:01:01,1737254,-28.000,-7185.000,3278.000,-827.000,648.000,7.000,0.000,0.000,0
2026-01-31 12:01:01,1737294,374.000,-7587.000,2991.000,-366.000,554.000,-78.000,0.000,0.000,0
2026-01-31 12:01:01,1737334,677.000,-7856.000,3085.000,555.000,592.000,-110.000,0.000,0.000,0
2026-01-31 12:01:01,1737374,715.000,-7813.000,2971.000,1263.000,611.000,-154.000,0.000,0.000,0
2026-01-31 12:01:02,1737414,416.000,-7784.000,3040.000,1788.000,552.000,260.000,0.000,0.000,0
2026-01-31 12:01:02,1737454,309.000,-7524.000,3293.000,2133.000,258.000,629.000,0.000,0.000,0
2026-01-31 12:01:02,1737494,194.000,-7137.000,3516.000,1550.000,38.000,715.000,0.000,0.000,0
2026-01-31 12:01:02,1737534,362.000,-7358.000,3979.000,961.000,-146.000,715.000,0.000,0.000,0
2026-01-31 12:01:02,1737574,63.000,-7493.000,3998.000,608.000,-142.000,452.000,0.000,0.000,0
2026-01-31 12:01:02,1737614,-165.000,-7383.000,4063.000,830.000,-160.000,209.000,0.000,0.000,0
2026-01-31 12:01:02,1737654,163.000,-7322.000,4334.000,895.000,-406.000,146.000,0.000,0.000,0
2026-01-31 12:01:02,1737694,114.000,-7451.000,4151.000,621.000,-311.000,280.000,0.000,0.000,0
2026-01-31 12:01:02,1737735,66.000,-7601.000,4320.000,601.000,-277.000,164.000,0.000,0.000,0
2026-01-31 12:01:02,1737774,314.000,-7484.000,4328.000,933.000,-430.000,62.000,0.000,0.000,0
2026-01-31 12:01:02,1737814,15.000,-7084.000,4315.000,381.000,-418.000,138.000,0.000,0.000,0
2026-01-31 12:01:02,1737854,-28.000,-7253.000,4259.000,-253.000,-572.000,-54.000,0.000,0.000,0
2026-01-31 12:01:02,1737894,4.000,-7468.000,4233.000,-73.000,-627.000,-170.000,0.000,0.000,0
2026-01-31 12:01:02,1737934,44.000,-7180.000,4491.000,104.000,-563.000,-261.000,0.000,0.000,0
2026-01-31 12:01:02,1737974,141.000,-7311.000,4368.000,-356.000,-478.000,-38.000,0.000,0.000,0
2026-01-31 12:01:02,1738016,-98.000,-7099.000,4241.000,97.000,-193.000,62.000,0.000,0.000,0
2026-01-31 12:01:02,1738054,-118.000,-6905.000,4555.000,124.000,-79.000,174.000,0.000,0.000,0
2026-01-31 12:01:02,1738094,94.000,-6730.000,4390.000,598.000,-36.000,137.000,0.000,0.000,0
2026-01-31 12:01:02,1738134,4.000,-6658.000,4418.000,389.000,224.000,-209.000,0.000,0.000,0
2026-01-31 12:01:02,1738174,-287.000,-6810.000,4330.000,541.000,178.000,-758.000,0.000,0.000,0
2026-01-31 12:01:02,1738214,-564.000,-6554.000,4378.000,342.000,-208.000,-1233.000,0.000,0.000,0
2026-01-31 12:01:02,1738254,-286.000,-6581.000,4318.000,-74.000,-807.000,-1611.000,0.000,0.000,0
2026-01-31 12:01:02,1738294,-279.000,-6067.000,3996.000,289.000,-1391.000,-2116.000,0.000,0.000,0
2026-01-31 12:01:02,1738334,563.000,-6186.000,4365.000,263.000,-1799.000,-2502.000,0.000,0.000,0
2026-01-31 12:01:02,1738374,1196.000,-6910.000,4007.000,-2497.000,-2668.000,-3279.000,0.000,0.000,0
2026-01-31 12:01:03,1738414,3376.000,-7477.000,4603.000,-1831.000,-3342.000,-3367.000,0.000,0.000,0
2026-01-31 12:01:03,1738454,3879.000,-8088.000,4501.000,-2037.000,-2734.000,-2666.000,0.000,0.000,0
2026-01-31 12:01:03,1738494,4579.000,-8776.000,4119.000,-1677.000,-1712.000,-1864.000,0.000,0.000,0
2026-01-31 12:01:03,1738534,4011.000,-8355.000,4020.000,-1087.000,-820.000,-686.000,0.000,0.000,0
2026-01-31 12:01:03,1738574,4320.000,-8226.000,3652.000,-791.000,-742.000,222.000,0.000,0.000,0
2026-01-31 12:01:03,1738614,3564.000,-7649.000,2761.000,-780.000,-217.000,779.000,0.000,0.000,0
2026-01-31 12:01:03,1738654,3231.000,-7712.000,2917.000,-1103.000,36.000,737.000,0.000,0.000,0
2026-01-31 12:01:03,1738694,3086.000,-7004.000,2841.000,-348.000,-154.000,584.000,0.000,0.000,0
2026-01-31 12:01:03,1738734,2469.000,-7163.000,2576.000,-815.000,-174.000,189.000,0.000,0.000,0
2026-01-31 12:01:03,1738774,2446.000,-6755.000,2780.000,-362.000,-275.000,-91.000,0.000,0.000,0
2026-01-31 12:01:03,1738814,2482.000,-7079.000,2946.000,-574.000,-339.000,-409.000,0.000,0.000,0
2026-01-31 12:01:03,1738854,2583.000,-7254.000,2892.000,-371.000,-317.000,-562.000,0.000,0.000,0
2026-01-31 12:01:03,1738894,2785.000,-7459.000,3046.000,-192.000,-165.000,-513.000,0.000,0.000,0
2026-01-31 12:01:03,1738934,2821.000,-7380.000,3205.000,130.000,11.000,-326.000,0.000,0.000,0
2026-01-31 12:01:03,1738974,2900.000,-7669.000,3248.000,-360.000,167.000,-7.000,0.000,0.000,0
2026-01-31 12:01:03,1739014,2875.000,-7799.000,2670.000,95.000,263.000,81.000,0.000,0.000,0
2026-01-31 12:01:03,1739054,2873.000,-7602.000,2768.000,166.000,298.000,99.000,0.000,0.000,0
2026-01-31 12:01:03,1739094,2627.000,-7175.000,2947.000,14.000,-131.000,304.000,0.000,0.000,0
2026-01-31 12:01:03,1739134,2662.000,-7582.000,2788.000,-211.000,-323.000,103.000,0.000,0.000,0
2026-01-31 12:01:03,1739174,2889.000,-7292.000,2945.000,372.000,-192.000,-185.000,0.000,0.000,0
2026-01-31 12:01:03,1739214,2894.000,-7305.000,3008.000,216.000,-39.000,-164.000,0.000,0.000,0
2026-01-31 12:01:03,1739254,2896.000,-7509.000,2730.000,355.000,-22.000,-54.000,0.000,0.000,0
2026-01-31 12:01:03,1739294,2895.000,-7318.000,3276.000,387.000,-13.000,122.000,0.000,0.000,0
2026-01-31 12:01:03,1739334,3129.000,-8043.000,2891.000,553.000,92.000,407.000,0.000,0.000,0
2026-01-31 12:01:03,1739374,3149.000,-7516.000,2978.000,1307.000,623.000,663.000,0.000,0.000,0
2026-01-31 12:01:04,1739414,3038.000,-7497.000,3193.000,1325.000,906.000,897.000,0.000,0.000,0
2026-01-31 12:01:04,1739454,2878.000,-7327.000,3126.000,1470.000,887.000,1235.000,0.000,0.000,0
2026-01-31 12:01:04,1739494,2685.000,-7212.000,3465.000,1684.000,972.000,1168.000,0.000,0.000,0
2026-01-31 12:01:04,1739534,2303.000,-6750.000,3792.000,1437.000,887.000,1288.000,0.000,0.000,0
2026-01-31 12:01:04,1739574,2079.000,-7294.000,3668.000,680.000,547.000,1211.000,0.000,0.000,0
2026-01-31 12:01:04,1739614,1077.000,-6785.000,3417.000,987.000,542.000,1053.000,0.000,0.000,0
2026-01-31 12:01:04,1739654,617.000,-7024.000,3759.000,376.000,336.000,645.000,0.000,0.000,0
2026-01-31 12:01:04,1739694,1166.000,-7326.000,4085.000,724.000,-143.000,568.000,0.000,0.000,0
2026-01-31 12:01:04,1739735,1722.000,-7333.000,4209.000,1132.000,-303.000,850.000,0.000,0.000,0
2026-01-31 12:01:04,1739774,2116.000,-7175.000,4461.000,937.000,-77.000,1031.000,0.000,0.000,0
2026-01-31 12:01:04,1739814,2023.000,-7353.000,4607.000,933.000,65.000,999.000,0.000,0.000,0
2026-01-31 12:01:04,1739854,1795.000,-6958.000,4828.000,1271.000,202.000,886.000,0.000,0.000,0
2026-01-31 12:01:04,1739894,1438.000,-7153.000,4396.000,585.000,225.000,724.000,0.000,0.000,0
2026-01-31 12:01:04,1739934,1089.000,-7117.000,4392.000,891.000,188.000,449.000,0.000,0.000,0
2026-01-31 12:01:04,1739974,1163.000,-6899.000,4647.000,651.000,-27.000,477.000,0.000,0.000,0
2026-01-31 12:01:04,1740015,1181.000,-6867.000,4590.000,101.000,-281.000,563.000,0.000,0.000,0
2026-01-31 12:01:04,1740054,1461.000,-7014.000,4646.000,327.000,-410.000,356.000,0.000,0.000,0
2026-01-31 12:01:04,1740094,1432.000,-6857.000,4809.000,378.000,-170.000,236.000,0.000,0.000,0
2026-01-31 12:01:04,1740134,1271.000,-7097.000,4736.000,45.000,-5.000,148.000,0.000,0.000,0
2026-01-31 12:01:04,1740174,1048.000,-7179.000,4619.000,586.000,-7.000,31.000,0.000,0.000,0
2026-01-31 12:01:04,1740214,1045.000,-7046.000,4905.000,872.000,43.000,52.000,0.000,0.000,0
2026-01-31 12:01:04,1740254,1103.000,-7139.000,4983.000,753.000,260.000,225.000,0.000,0.000,0
2026-01-31 12:01:04,1740294,1104.000,-6790.000,5027.000,1262.000,599.000,173.000,0.000,0.000,0
2026-01-31 12:01:04,1740334,1107.000,-6903.000,5058.000,1352.000,916.000,9.000,0.000,0.000,0
2026-01-31 12:01:04,1740374,1133.000,-6570.000,5065.000,2241.000,1191.000,-95.000,0.000,0.000,0
2026-01-31 12:01:05,1740414,925.000,-6477.000,5365.000,2944.000,1191.000,-332.000,0.000,0.000,0
2026-01-31 12:01:05,1740454,1087.000,-5701.000,5604.000,3388.000,1401.000,-698.000,0.000,0.000,0
2026-01-31 12:01:05,1740494,848.000,-5488.000,6414.000,2431.000,1544.000,-676.000,0.000,0.000,0
2026-01-31 12:01:05,1740534,993.000,-5853.000,6271.000,1267.000,1497.000,-405.000,0.000,0.000,0
2026-01-31 12:01:05,1740574,700.000,-6222.000,6145.000,1279.000,1571.000,-307.000,0.000,0.000,0
2026-01-31 12:01:05,1740614,570.000,-5693.000,6278.000,2253.000,1288.000,-446.000,0.000,0.000,0
2026-01-31 12:01:05,1740654,607.000,-5390.000,6550.000,31.000,485.000,-313.000,0.000,0.000,0
2026-01-31 12:01:05,1740694,702.000,-6153.000,5946.000,-1055.000,-80.000,100.000,0.000,0.000,0
2026-01-31 12:01:05,1740734,620.000,-6225.000,5704.000,-234.000,-450.000,353.000,0.000,0.000,0
2026-01-31 12:01:05,1740774,1033.000,-5737.000,6090.000,85.000,-548.000,255.000,0.000,0.000,0
2026-01-31 12:01:05,1740814,945.000,-5676.000,6408.000,-511.000,-399.000,340.000,0.000,0.000,0
2026-01-31 12:01:05,1740854,895.000,-5661.000,6245.000,-796.000,-386.000,380.000,0.000,0.000,0
2026-01-31 12:01:05,1740894,759.000,-5558.000,6154.000,-592.000,-285.000,387.000,0.000,0.000,0
2026-01-31 12:01:05,1740934,793.000,-5656.000,6327.000,-645.000,-295.000,250.000,0.000,0.000,0
2026-01-31 12:01:05,1740974,936.000,-6010.000,6123.000,-517.000,-288.000,245.000,0.000,0.000,0
2026-01-31 12:01:05,1741014,869.000,-6045.000,6082.000,126.000,-125.000,101.000,0.000,0.000,0
2026-01-31 12:01:05,1741054,742.000,-5784.000,6118.000,276.000,-60.000,253.000,0.000,0.000,0
2026-01-31 12:01:05,1741094,528.000,-5912.000,5810.000,-114.000,-56.000,289.000,0.000,0.000,0
2026-01-31 12:01:05,1741134,426.000,-5860.000,5930.000,243.000,-172.000,113.000,0.000,0.000,0
2026-01-31 12:01:05,1741174,805.000,-5540.000,6287.000,5.000,-447.000,198.000,0.000,0.000,0
2026-01-31 12:01:05,1741214,808.000,-5906.000,6092.000,-440.000,-404.000,218.000,0.000,0.000,0
2026-01-31 12:01:05,1741254,762.000,-5844.000,6018.000,140.000,-332.000,-11.000,0.000,0.000,0
2026-01-31 12:01:05,1741294,816.000,-5685.000,6210.000,71.000,-282.000,-65.000,0.000,0.000,0
2026-01-31 12:01:05,1741334,779.000,-5968.000,5998.000,-156.000,-255.000,-39.000,0.000,0.000,0
2026-01-31 12:01:05,1741374,738.000,-6061.000,5970.000,442.000,-208.000,-86.000,0.000,0.000,0
2026-01-31 12:01:06,1741414,963.000,-5808.000,6272.000,393.000,-450.000,92.000,0.000,0.000,0
2026-01-31 12:01:06,1741454,1086.000,-6249.000,6012.000,112.000,-549.000,165.000,0.000,0.000,0
2026-01-31 12:01:06,1741494,1165.000,-5904.000,6154.000,431.000,-566.000,217.000,0.000,0.000,0
2026-01-31 12:01:06,1741534,1282.000,-5860.000,6162.000,50.000,-591.000,408.000,0.000,0.000,0
2026-01-31 12:01:06,1741574,949.000,-6061.000,5817.000,98.000,-455.000,559.000,0.000,0.000,0
2026-01-31 12:01:06,1741614,863.000,-5782.000,6047.000,650.000,-552.000,506.000,0.000,0.000,0
2026-01-31 12:01:06,1741654,935.000,-5822.000,6189.000,222.000,-676.000,550.000,0.000,0.000,0
2026-01-31 12:01:06,1741694,825.000,-6115.000,6142.000,-100.000,-653.000,456.000,0.000,0.000,0
2026-01-31 12:01:06,1741735,976.000,-6000.000,6173.000,99.000,-592.000,367.000,0.000,0.000,0
2026-01-31 12:01:06,1741774,942.000,-5735.000,6092.000,188.000,-453.000,418.000,0.000,0.000,0
2026-01-31 12:01:06,1741814,815.000,-5642.000,6094.000,163.000,-296.000,511.000,0.000,0.000,0
2026-01-31 12:01:06,1741854,750.000,-5672.000,6151.000,301.000,-167.000,359.000,0.000,0.000,0
2026-01-31 12:01:06,1741894,856.000,-5654.000,6146.000,338.000,-155.000,61.000,0.000,0.000,0
2026-01-31 12:01:06,1741934,1070.000,-5597.000,6155.000,401.000,-169.000,-1.000,0.000,0.000,0
2026-01-31 12:01:06,1741974,1132.000,-5493.000,6176.000,267.000,-127.000,79.000,0.000,0.000,0
2026-01-31 12:01:06,1742016,1160.000,-5635.000,6144.000,202.000,-111.000,178.000,0.000,0.000,0
2026-01-31 12:01:06,1742054,1053.000,-5535.000,6209.000,542.000,-169.000,171.000,0.000,0.000,0
2026-01-31 12:01:06,1742094,1103.000,-5500.000,6323.000,471.000,-250.000,147.000,0.000,0.000,0
2026-01-31 12:01:06,1742134,1125.000,-5547.000,6402.000,368.000,-309.000,71.000,0.000,0.000,0
2026-01-31 12:01:06,1742174,1168.000,-5637.000,6532.000,271.000,-354.000,-37.000,0.000,0.000,0
2026-01-31 12:01:06,1742214,1114.000,-5622.000,6588.000,181.000,-305.000,94.000,0.000,0.000,0
2026-01-31 12:01:06,1742254,1084.000,-5657.000,6627.000,76.000,-287.000,169.000,0.000,0.000,0
2026-01-31 12:01:06,1742294,1094.000,-5600.000,6607.000,174.000,-287.000,150.000,0.000,0.000,0
2026-01-31 12:01:06,1742334,1161.000,-5491.000,6593.000,183.000,-241.000,34.000,0.000,0.000,0
2026-01-31 12:01:06,1742374,1176.000,-5379.000,6497.000,-7.000,-153.000,-1.000,0.000,0.000,0
2026-01-31 12:01:07,1742414,1180.000,-5376.000,6443.000,-89.000,-88.000,9.000,0.000,0.000,0
2026-01-31 12:01:07,1742454,1227.000,-5324.000,6428.000,59.000,-53.000,43.000,0.000,0.000,0
2026-01-31 12:01:07,1742494,1234.000,-5397.000,6506.000,78.000,-5.000,62.000,0.000,0.000,0
2026-01-31 12:01:07,1742534,1342.000,-5492.000,6439.000,64.000,-7.000,87.000,0.000,0.000,0
2026-01-31 12:01:07,1742574,1041.000,-5503.000,6393.000,235.000,-22.000,-119.000,0.000,0.000,0
2026-01-31 12:01:07,1742614,1114.000,-5469.000,6345.000,-99.000,-121.000,-151.000,0.000,0.000,0
2026-01-31 12:01:07,1742654,1224.000,-5466.000,6328.000,-229.000,-140.000,39.000,0.000,0.000,0
2026-01-31 12:01:07,1742694,1251.000,-5291.000,6402.000,-71.000,-135.000,176.000,0.000,0.000,0
2026-01-31 12:01:07,1742734,1227.000,-5361.000,6411.000,-37.000,-87.000,132.000,0.000,0.000,0
2026-01-31 12:01:07,1742774,1291.000,-5532.000,6504.000,-144.000,-23.000,-27.000,0.000,0.000,0
2026-01-31 12:01:07,1742814,1176.000,-5784.000,6408.000,-148.000,61.000,-177.000,0.000,0.000,0
2026-01-31 12:01:07,1742854,1198.000,-5568.000,6491.000,72.000,99.000,-131.000,0.000,0.000,0
2026-01-31 12:01:07,1742894,1328.000,-5351.000,6604.000,-458.000,254.000,120.000,0.000,0.000,0
2026-01-31 12:01:07,1742934,1290.000,-5604.000,6607.000,-205.000,562.000,26.000,0.000,0.000,0
2026-01-31 12:01:07,1742974,1255.000,-5082.000,6821.000,635.000,907.000,-558.000,0.000,0.000,0
2026-01-31 12:01:07,1743014,1211.000,-5166.000,6558.000,307.000,1395.000,-892.000,0.000,0.000,0
2026-01-31 12:01:07,1743054,1056.000,-5217.000,6644.000,1549.000,1849.000,-1766.000,0.000,0.000,0
2026-01-31 12:01:07,1743094,810.000,-4637.000,6902.000,2493.000,1752.000,-1990.000,0.000,0.000,0
2026-01-31 12:01:07,1743134,785.000,-4504.000,6874.000,1425.000,1374.000,-1899.000,0.000,0.000,0
2026-01-31 12:01:07,1743174,1024.000,-5131.000,6830.000,-89.000,1030.000,-1775.000,0.000,0.000,0
2026-01-31 12:01:07,1743214,873.000,-5284.000,6637.000,579.000,803.000,-1737.000,0.000,0.000,0
2026-01-31 12:01:07,1743254,855.000,-4885.000,6791.000,777.000,491.000,-1776.000,0.000,0.000,0
2026-01-31 12:01:07,1743294,1016.000,-4841.000,6857.000,-963.000,169.000,-1571.000,0.000,0.000,0
2026-01-31 12:01:07,1743334,922.000,-5174.000,6325.000,-1755.000,24.000,-1486.000,0.000,0.000,0
2026-01-31 12:01:07,1743374,1318.000,-5011.000,6484.000,-179.000,-482.000,-2118.000,0.000,0.000,0
2026-01-31 12:01:08,1743414,1489.000,-4461.000,6707.000,25.000,-531.000,-2172.000,0.000,0.000,0
2026-01-31 12:01:08,1743454,1965.000,-5030.000,6162.000,-1851.000,-1118.000,-1852.000,0.000,0.000,0
2026-01-31 12:01:08,1743494,2632.000,-5765.000,6156.000,-872.000,-862.000,-2255.000,0.000,0.000,0
2026-01-31 12:01:08,1743534,2899.000,-5598.000,7210.000,563.000,-357.000,-1999.000,0.000,0.000,0
2026-01-31 12:01:08,1743574,2834.000,-6302.000,6328.000,-1113.000,-390.000,-650.000,0.000,0.000,0
2026-01-31 12:01:08,1743614,2823.000,-5051.000,6608.000,721.000,-36.000,37.000,0.000,0.000,0
2026-01-31 12:01:08,1743654,2549.000,-5636.000,6064.000,59.000,-2.000,1199.000,0.000,0.000,0
2026-01-31 12:01:08,1743694,2090.000,-6144.000,5787.000,447.000,-19.000,2040.000,0.000,0.000,0
2026-01-31 12:01:08,1743735,1743.000,-4587.000,7282.000,1844.000,302.000,2221.000,0.000,0.000,0
2026-01-31 12:01:08,1743774,1140.000,-4376.000,7038.000,1662.000,252.000,2093.000,0.000,0.000,0
2026-01-31 12:01:08,1743814,861.000,-3339.000,6889.000,2768.000,357.000,1174.000,0.000,0.000,0
2026-01-31 12:01:08,1743854,1181.000,-3396.000,7266.000,866.000,663.000,624.000,0.000,0.000,0
2026-01-31 12:01:08,1743894,1609.000,-4382.000,7169.000,-955.000,424.000,585.000,0.000,0.000,0
2026-01-31 12:01:08,1743934,2005.000,-6094.000,6424.000,-647.000,-31.000,794.000,0.000,0.000,0
2026-01-31 12:01:08,1743974,2077.000,-4794.000,6949.000,641.000,136.000,704.000,0.000,0.000,0
2026-01-31 12:01:08,1744015,1719.000,-4895.000,7924.000,-1039.000,887.000,1295.000,0.000,0.000,0
2026-01-31 12:01:08,1744055,1047.000,-4605.000,7040.000,-1988.000,1130.000,1161.000,0.000,0.000,0
2026-01-31 12:01:08,1744094,860.000,-4158.000,6906.000,-1199.000,881.000,680.000,0.000,0.000,0
2026-01-31 12:01:08,1744134,994.000,-5923.000,6635.000,-3576.000,911.000,396.000,0.000,0.000,0
2026-01-31 12:01:08,1744174,1652.000,-7744.000,6806.000,-1448.000,763.000,646.000,0.000,0.000,0
2026-01-31 12:01:08,1744214,1995.000,-5260.000,6626.000,-477.000,192.000,1020.000,0.000,0.000,0
2026-01-31 12:01:08,1744254,1591.000,-8116.000,4924.000,-3140.000,-511.000,1958.000,0.000,0.000,0
2026-01-31 12:01:08,1744294,1079.000,-7321.000,4533.000,-2021.000,-1294.000,2485.000,0.000,0.000,0
2026-01-31 12:01:08,1744334,264.000,-6600.000,4180.000,-2654.000,-2185.000,2706.000,0.000,0.000,0
2026-01-31 12:01:08,1744374,-1302.000,-6751.000,4371.000,-3587.000,-2973.000,2228.000,0.000,0.000,0
2026-01-31 12:01:09,1744414,-1339.000,-6981.000,5656.000,-4520.000,-4445.000,1414.000,0.000,0.000,0
2026-01-31 12:01:09,1744454,-352.000,-6123.000,5580.000,-4393.000,-6099.000,625.000,0.000,0.000,0
2026-01-31 12:01:09,1744494,1946.000,-7678.000,4752.000,-4871.000,-6783.000,977.000,0.000,0.000,0
2026-01-31 12:01:09,1744534,2389.000,-6847.000,6139.000,-200.000,-2438.000,720.000,0.000,0.000,0
2026-01-31 12:01:09,1744574,2324.000,-6117.000,7594.000,1192.000,-1305.000,1381.000,0.000,0.000,0
2026-01-31 12:01:09,1744614,2057.000,-6635.000,6008.000,226.000,-616.000,1586.000,0.000,0.000,0
2026-01-31 12:01:09,1744654,2036.000,-7064.000,5355.000,1613.000,792.000,1104.000,0.000,0.000,0
2026-01-31 12:01:09,1744694,1776.000,-6016.000,5883.000,1896.000,1558.000,1014.000,0.000,0.000,0
2026-01-31 12:01:09,1744734,1410.000,-6509.000,4606.000,-931.000,2094.000,731.000,0.000,0.000,0
2026-01-31 12:01:09,1744774,978.000,-6699.000,4271.000,-236.000,2354.000,142.000,0.000,0.000,0
2026-01-31 12:01:09,1744814,744.000,-6369.000,4264.000,-396.000,2134.000,-209.000,0.000,0.000,0
2026-01-31 12:01:09,1744854,431.000,-6584.000,3640.000,-1936.000,1843.000,-220.000,0.000,0.000,0
2026-01-31 12:01:09,1744894,-6.000,-7237.000,3060.000,-87.000,998.000,-381.000,0.000,0.000,0
2026-01-31 12:01:09,1744934,46.000,-7027.000,3395.000,457.000,330.000,-336.000,0.000,0.000,0
2026-01-31 12:01:09,1744974,342.000,-7433.000,3538.000,-372.000,-335.000,-340.000,0.000,0.000,0
2026-01-31 12:01:09,1745014,570.000,-7665.000,3543.000,399.000,-761.000,-248.000,0.000,0.000,0
2026-01-31 12:01:09,1745054,790.000,-7474.000,4109.000,503.000,-926.000,-81.000,0.000,0.000,0
2026-01-31 12:01:09,1745094,722.000,-7537.000,4114.000,-75.000,-1153.000,300.000,0.000,0.000,0
2026-01-31 12:01:09,1745134,899.000,-7254.000,4394.000,588.000,-1168.000,360.000,0.000,0.000,0
2026-01-31 12:01:09,1745174,970.000,-6994.000,5103.000,244.000,-998.000,334.000,0.000,0.000,0
2026-01-31 12:01:09,1745214,993.000,-7265.000,4835.000,-438.000,-751.000,402.000,0.000,0.000,0
2026-01-31 12:01:09,1745254,929.000,-7131.000,4709.000,389.000,-362.000,339.000,0.000,0.000,0
2026-01-31 12:01:09,1745294,750.000,-7045.000,4838.000,268.000,78.000,200.000,0.000,0.000,0
2026-01-31 12:01:09,1745334,751.000,-7339.000,4579.000,249.000,127.000,183.000,0.000,0.000,0
2026-01-31 12:01:09,1745374,585.000,-7268.000,4570.000,724.000,279.000,275.000,0.000,0.000,0
2026-01-31 12:01:10,1745414,596.000,-7102.000,4688.000,592.000,277.000,312.000,0.000,0.000,0
2026-01-31 12:01:10,1745454,597.000,-7176.000,4514.000,467.000,255.000,273.000,0.000,0.000,0
2026-01-31 12:01:10,1745494,602.000,-6963.000,4716.000,648.000,347.000,177.000,0.000,0.000,0
2026-01-31 12:01:10,1745534,773.000,-6967.000,4786.000,174.000,392.000,183.000,0.000,0.000,0
2026-01-31 12:01:10,1745574,544.000,-7116.000,4698.000,491.000,767.000,78.000,0.000,0.000,0
2026-01-31 12:01:10,1745614,453.000,-6800.000,4843.000,1145.000,982.000,-13.000,0.000,0.000,0
2026-01-31 12:01:10,1745654,429.000,-6986.000,4568.000,829.000,1235.000,56.000,0.000,0.000,0
2026-01-31 12:01:10,1745694,217.000,-7088.000,5075.000,758.000,2181.000,-51.000,0.000,0.000,0
2026-01-31 12:01:10,1745735,-149.000,-6777.000,5479.000,1048.000,2034.000,229.000,0.000,0.000,0
2026-01-31 12:01:10,1745774,-256.000,-6792.000,5106.000,772.000,1411.000,374.000,0.000,0.000,0
2026-01-31 12:01:10,1745814,-370.000,-6780.000,4827.000,668.000,1059.000,249.000,0.000,0.000,0
2026-01-31 12:01:10,1745854,-412.000,-6753.000,5153.000,405.000,741.000,65.000,0.000,0.000,0
2026-01-31 12:01:10,1745894,-377.000,-6549.000,5285.000,-149.000,63.000,141.000,0.000,0.000,0
2026-01-31 12:01:10,1745934,-158.000,-6737.000,4830.000,-276.000,-378.000,119.000,0.000,0.000,0
2026-01-31 12:01:10,1745974,-175.000,-6839.000,5126.000,-182.000,-147.000,-22.000,0.000,0.000,0
2026-01-31 12:01:10,1746015,-98.000,-6625.000,5294.000,-50.000,-211.000,29.000,0.000,0.000,0
2026-01-31 12:01:10,1746054,-155.000,-6642.000,5127.000,39.000,-203.000,40.000,0.000,0.000,0
2026-01-31 12:01:10,1746094,-223.000,-6735.000,5279.000,-16.000,-219.000,-11.000,0.000,0.000,0
2026-01-31 12:01:10,1746134,-135.000,-6763.000,5212.000,-201.000,-262.000,-11.000,0.000,0.000,0
2026-01-31 12:01:10,1746174,-132.000,-6830.000,5232.000,-175.000,-207.000,10.000,0.000,0.000,0
2026-01-31 12:01:10,1746214,-137.000,-6818.000,5194.000,-66.000,-160.000,36.000,0.000,0.000,0
2026-01-31 12:01:10,1746254,-160.000,-6700.000,5266.000,-42.000,-136.000,2.000,0.000,0.000,0
2026-01-31 12:01:10,1746294,-151.000,-6588.000,5301.000,-741.000,-160.000,4.000,0.000,0.000,0
2026-01-31 12:01:10,1746334,-148.000,-6976.000,4896.000,-1090.000,-159.000,-126.000,0.000,0.000,0
2026-01-31 12:01:10,1746374,-66.000,-6799.000,5156.000,-142.000,-142.000,-136.000,0.000,0.000,0
2026-01-31 12:01:11,1746414,4.000,-6385.000,5381.000,-2142.000,-123.000,-63.000,0.000,0.000,0
2026-01-31 12:01:11,1746454,67.000,-7150.000,4328.000,-4033.000,-119.000,-333.000,0.000,0.000,0
2026-01-31 12:01:11,1746494,218.000,-6586.000,4593.000,-4593.000,-150.000,-617.000,0.000,0.000,0
2026-01-31 12:01:11,1746534,324.000,-8002.000,3458.000,-6393.000,-283.000,-1204.000,0.000,0.000,0
2026-01-31 12:01:11,1746574,598.000,-7962.000,3270.000,-2833.000,-222.000,-1665.000,0.000,0.000,0
2026-01-31 12:01:11,1746614,584.000,-8174.000,3293.000,-2937.000,-32.000,-1838.000,0.000,0.000,0
2026-01-31 12:01:11,1746654,695.000,-8540.000,2454.000,-2006.000,-185.000,-1570.000,0.000,0.000,0
2026-01-31 12:01:11,1746694,720.000,-8529.000,2501.000,-1837.000,-75.000,-1160.000,0.000,0.000,0
2026-01-31 12:01:11,1746734,676.000,-8647.000,2100.000,-979.000,-159.000,-728.000,0.000,0.000,0
2026-01-31 12:01:11,1746774,694.000,-8131.000,2349.000,-258.000,-208.000,-231.000,0.000,0.000,0
2026-01-31 12:01:11,1746814,793.000,-8024.000,2284.000,-128.000,-397.000,266.000,0.000,0.000,0
2026-01-31 12:01:11,1746854,770.000,-7837.000,2584.000,118.000,-237.000,288.000,0.000,0.000,0
2026-01-31 12:01:11,1746894,741.000,-7811.000,2517.000,9.000,-121.000,247.000,0.000,0.000,0
2026-01-31 12:01:11,1746934,664.000,-7805.000,2510.000,59.000,-35.000,197.000,0.000,0.000,0
2026-01-31 12:01:11,1746974,695.000,-7750.000,2574.000,472.000,-24.000,188.000,0.000,0.000,0
2026-01-31 12:01:11,1747014,585.000,-7848.000,2457.000,-67.000,69.000,139.000,0.000,0.000,0
2026-01-31 12:01:11,1747054,645.000,-7990.000,2499.000,480.000,70.000,38.000,0.000,0.000,0
2026-01-31 12:01:11,1747094,684.000,-7924.000,2574.000,344.000,91.000,37.000,0.000,0.000,0
2026-01-31 12:01:11,1747134,715.000,-7919.000,2619.000,173.000,84.000,13.000,0.000,0.000,0
2026-01-31 12:01:11,1747174,807.000,-8022.000,2643.000,12.000,74.000,-28.000,0.000,0.000,0
2026-01-31 12:01:11,1747214,794.000,-8096.000,2645.000,71.000,137.000,-16.000,0.000,0.000,0
2026-01-31 12:01:11,1747254,805.000,-8021.000,2577.000,-6.000,87.000,25.000,0.000,0.000,0
2026-01-31 12:01:11,1747294,763.000,-8041.000,2536.000,-11.000,58.000,-28.000,0.000,0.000,0
2026-01-31 12:01:11,1747334,789.000,-7947.000,2623.000,-84.000,-20.000,-18.000,0.000,0.000,0
2026-01-31 12:01:11,1747374,788.000,-8027.000,2500.000,-78.000,-58.000,-41.000,0.000,0.000,0
2026-01-31 12:01:12,1747414,796.000,-7881.000,2581.000,29.000,-30.000,-50.000,0.000,0.000,0
2026-01-31 12:01:12,1747454,803.000,-8033.000,2541.000,-103.000,-98.000,-70.000,0.000,0.000,0
2026-01-31 12:01:12,1747494,823.000,-8018.000,2565.000,74.000,-104.000,-51.000,0.000,0.000,0
2026-01-31 12:01:12,1747534,790.000,-8045.000,2622.000,-121.000,-85.000,-9.000,0.000,0.000,0
2026-01-31 12:01:12,1747574,800.000,-8085.000,2563.000,-16.000,-101.000,14.000,0.000,0.000,0
2026-01-31 12:01:12,1747614,729.000,-7906.000,2591.000,-55.000,-66.000,-18.000,0.000,0.000,0
2026-01-31 12:01:12,1747654,773.000,-8059.000,2607.000,-37.000,-78.000,-170.000,0.000,0.000,0
2026-01-31 12:01:12,1747694,831.000,-8090.000,2597.000,-135.000,-67.000,-81.000,0.000,0.000,0
2026-01-31 12:01:12,1747734,812.000,-8178.000,2514.000,-57.000,-19.000,30.000,0.000,0.000,0
2026-01-31 12:01:12,1747774,790.000,-7991.000,2603.000,172.000,9.000,121.000,0.000,0.000,0
2026-01-31 12:01:12,1747814,758.000,-7952.000,2547.000,-167.000,-13.000,113.000,0.000,0.000,0
2026-01-31 12:01:12,1747854,779.000,-7981.000,2548.000,52.000,-6.000,22.000,0.000,0.000,0
2026-01-31 12:01:12,1747894,806.000,-7949.000,2596.000,-11.000,28.000,1.000,0.000,0.000,0
2026-01-31 12:01:12,1747934,787.000,-8027.000,2517.000,-82.000,-6.000,-5.000,0.000,0.000,0
2026-01-31 12:01:12,1747974,775.000,-7994.000,2578.000,86.000,6.000,11.000,0.000,0.000,0
2026-01-31 12:01:12,1748015,759.000,-7980.000,2576.000,8.000,18.000,15.000,0.000,0.000,0
2026-01-31 12:01:12,1748054,794.000,-7984.000,2587.000,79.000,-2.000,-7.000,0.000,0.000,0
2026-01-31 12:01:12,1748094,821.000,-8064.000,2544.000,-84.000,27.000,-4.000,0.000,0.000,0
2026-01-31 12:01:12,1748134,778.000,-7988.000,2554.000,83.000,8.000,-1.000,0.000,0.000,0
2026-01-31 12:01:12,1748174,780.000,-8031.000,2571.000,-171.000,-34.000,-20.000,0.000,0.000,0
2026-01-31 12:01:12,1748214,853.000,-7976.000,2564.000,63.000,-44.000,-3.000,0.000,0.000,0
2026-01-31 12:01:12,1748254,779.000,-8002.000,2587.000,-81.000,0.000,-24.000,0.000,0.000,0
2026-01-31 12:01:12,1748294,782.000,-8026.000,2546.000,-57.000,-10.000,-40.000,0.000,0.000,0
2026-01-31 12:01:12,1748334,797.000,-8013.000,2563.000,-14.000,-10.000,-17.000,0.000,0.000,0
2026-01-31 12:01:12,1748374,787.000,-8027.000,2507.000,-81.000,28.000,-34.000,0.000,0.000,0
2026-01-31 12:01:13,1748414,822.000,-8025.000,2520.000,178.000,21.000,-8.000,0.000,0.000,0
2026-01-31 12:01:13,1748454,778.000,-8004.000,2554.000,-93.000,14.000,-4.000,0.000,0.000,0
2026-01-31 12:01:13,1748494,832.000,-8054.000,2516.000,90.000,-28.000,5.000,0.000,0.000,0
2026-01-31 12:01:13,1748534,803.000,-7954.000,2604.000,143.000,37.000,8.000,0.000,0.000,0
2026-01-31 12:01:13,1748574,834.000,-8033.000,2561.000,-19.000,-2.000,-12.000,0.000,0.000,0
2026-01-31 12:01:13,1748614,829.000,-7966.000,2624.000,148.000,29.000,-11.000,0.000,0.000,0
2026-01-31 12:01:13,1748654,852.000,-8016.000,2579.000,59.000,36.000,-26.000,0.000,0.000,0
2026-01-31 12:01:13,1748694,818.000,-7985.000,2561.000,61.000,59.000,-22.000,0.000,0.000,0
2026-01-31 12:01:13,1748734,865.000,-8020.000,2563.000,138.000,10.000,-5.000,0.000,0.000,0
2026-01-31 12:01:13,1748774,813.000,-7986.000,2592.000,21.000,-12.000,-31.000,0.000,0.000,0
2026-01-31 12:01:13,1748814,816.000,-7997.000,2530.000,59.000,-94.000,-53.000,0.000,0.000,0
2026-01-31 12:01:13,1748854,875.000,-7961.000,2680.000,78.000,-89.000,-59.000,0.000,0.000,0
2026-01-31 12:01:13,1748894,871.000,-8040.000,2629.000,-8.000,-78.000,-39.000,0.000,0.000,0
2026-01-31 12:01:13,1748934,832.000,-8043.000,2726.000,187.000,-53.000,-42.000,0.000,0.000,0
2026-01-31 12:01:13,1748974,863.000,-8035.000,2728.000,-48.000,-34.000,-47.000,0.000,0.000,0
2026-01-31 12:01:13,1749014,847.000,-8046.000,2647.000,-139.000,-44.000,0.000,0.000,0.000,0
2026-01-31 12:01:13,1749054,859.000,-8024.000,2651.000,39.000,-29.000,7.000,0.000,0.000,0
2026-01-31 12:01:13,1749094,843.000,-7988.000,2687.000,-134.000,-3.000,11.000,0.000,0.000,0
2026-01-31 12:01:13,1749134,825.000,-7906.000,2603.000,-120.000,-30.000,0.000,0.000,0.000,0
2026-01-31 12:01:13,1749174,842.000,-7874.000,2640.000,-27.000,-18.000,-53.000,0.000,0.000,0
2026-01-31 12:01:13,1749214,877.000,-7998.000,2565.000,-144.000,-5.000,-85.000,0.000,0.000,0
2026-01-31 12:01:13,1749254,887.000,-7973.000,2552.000,-35.000,9.000,-60.000,0.000,0.000,0
2026-01-31 12:01:13,1749294,883.000,-7967.000,2556.000,-72.000,15.000,-48.000,0.000,0.000,0
2026-01-31 12:01:13,1749334,890.000,-7960.000,2559.000,-19.000,-24.000,-75.000,0.000,0.000,0
2026-01-31 12:01:13,1749374,930.000,-8008.000,2580.000,-86.000,-20.000,-103.000,0.000,0.000,0
2026-01-31 12:01:14,1749414,933.000,-7988.000,2606.000,-2.000,17.000,-62.000,0.000,0.000,0
2026-01-31 12:01:14,1749454,947.000,-7980.000,2606.000,59.000,39.000,-60.000,0.000,0.000,0
2026-01-31 12:01:14,1749494,926.000,-8039.000,2598.000,-58.000,60.000,-38.000,0.000,0.000,0
2026-01-31 12:01:14,1749534,927.000,-8061.000,2577.000,47.000,78.000,7.000,0.000,0.000,0
2026-01-31 12:01:14,1749574,910.000,-7982.000,2596.000,59.000,92.000,67.000,0.000,0.000,0
2026-01-31 12:01:14,1749614,851.000,-7960.000,2608.000,122.000,104.000,97.000,0.000,0.000,0
2026-01-31 12:01:14,1749654,855.000,-7967.000,2625.000,97.000,85.000,66.000,0.000,0.000,0
2026-01-31 12:01:14,1749694,909.000,-7962.000,2676.000,215.000,100.000,21.000,0.000,0.000,0
2026-01-31 12:01:14,1749734,835.000,-7972.000,2689.000,-20.000,139.000,-7.000,0.000,0.000,0
2026-01-31 12:01:14,1749774,836.000,-8163.000,2734.000,108.000,80.000,37.000,0.000,0.000,0
2026-01-31 12:01:14,1749815,865.000,-8023.000,2871.000,110.000,124.000,81.000,0.000,0.000,0
2026-01-31 12:01:14,1749854,774.000,-8115.000,3004.000,269.000,212.000,56.000,0.000,0.000,0
2026-01-31 12:01:14,1749894,826.000,-7966.000,2904.000,51.000,335.000,47.000,0.000,0.000,0
2026-01-31 12:01:14,1749934,861.000,-8042.000,2724.000,-100.000,518.000,59.000,0.000,0.000,0
2026-01-31 12:01:14,1749974,842.000,-7921.000,2559.000,-173.000,533.000,129.000,0.000,0.000,0
2026-01-31 12:01:14,1750015,816.000,-7928.000,2347.000,-65.000,458.000,136.000,0.000,0.000,0
2026-01-31 12:01:14,1750054,749.000,-7805.000,2377.000,29.000,347.000,96.000,0.000,0.000,0
2026-01-31 12:01:14,1750094,721.000,-7836.000,2346.000,-171.000,195.000,52.000,0.000,0.000,0
2026-01-31 12:01:14,1750134,739.000,-7829.000,2369.000,33.000,27.000,34.000,0.000,0.000,0
2026-01-31 12:01:14,1750174,728.000,-7786.000,2535.000,14.000,-70.000,-56.000,0.000,0.000,0
2026-01-31 12:01:14,1750214,736.000,-7854.000,2555.000,-62.000,-146.000,-131.000,0.000,0.000,0
2026-01-31 12:01:14,1750254,804.000,-7955.000,2669.000,74.000,-172.000,-181.000,0.000,0.000,0
2026-01-31 12:01:14,1750294,814.000,-8099.000,2715.000,-14.000,-153.000,-163.000,0.000,0.000,0
2026-01-31 12:01:14,1750334,850.000,-8132.000,2743.000,86.000,-85.000,-94.000,0.000,0.000,0
2026-01-31 12:01:14,1750374,779.000,-8088.000,2732.000,-35.000,-50.000,-22.000,0.000,0.000,0
2026-01-31 12:01:15,1750414,799.000,-8018.000,2734.000,5.000,-27.000,-25.000,0.000,0.000,0
2026-01-31 12:01:15,1750454,865.000,-7988.000,2707.000,1.000,-12.000,-6.000,0.000,0.000,0
2026-01-31 12:01:15,1750494,820.000,-7963.000,2700.000,-57.000,39.000,-38.000,0.000,0.000,0
2026-01-31 12:01:15,1750534,869.000,-7975.000,2674.000,38.000,27.000,-77.000,0.000,0.000,0
2026-01-31 12:01:15,1750574,859.000,-7970.000,2627.000,-86.000,54.000,-50.000,0.000,0.000,0
2026-01-31 12:01:15,1750614,851.000,-7945.000,2598.000,-61.000,41.000,-27.000,0.000,0.000,0
2026-01-31 12:01:15,1750654,844.000,-7904.000,2596.000,60.000,23.000,-27.000,0.000,0.000,0
2026-01-31 12:01:15,1750694,896.000,-7949.000,2576.000,-32.000,-31.000,-74.000,0.000,0.000,0
2026-01-31 12:01:15,1750734,898.000,-7970.000,2628.000,-28.000,-9.000,-75.000,0.000,0.000,0
2026-01-31 12:01:15,1750774,893.000,-7984.000,2609.000,-8.000,-41.000,-62.000,0.000,0.000,0
2026-01-31 12:01:15,1750814,913.000,-8023.000,2625.000,9.000,-62.000,-78.000,0.000,0.000,0
2026-01-31 12:01:15,1750854,894.000,-8012.000,2626.000,-21.000,-57.000,-31.000,0.000,0.000,0
2026-01-31 12:01:15,1750894,865.000,-7955.000,2674.000,3.000,-72.000,-41.000,0.000,0.000,0
2026-01-31 12:01:15,1750934,919.000,-7954.000,2701.000,71.000,-74.000,-49.000,0.000,0.000,0
2026-01-31 12:01:15,1750974,896.000,-7987.000,2660.000,-21.000,-11.000,-49.000,0.000,0.000,0
2026-01-31 12:01:15,1751014,881.000,-7954.000,2662.000,49.000,-17.000,-47.000,0.000,0.000,0
2026-01-31 12:01:15,1751054,885.000,-7903.000,2530.000,11.000,-23.000,-59.000,0.000,0.000,0
2026-01-31 12:01:15,1751094,863.000,-7986.000,2519.000,136.000,-109.000,-79.000,0.000,0.000,0
2026-01-31 12:01:15,1751134,914.000,-7875.000,2586.000,142.000,-158.000,-25.000,0.000,0.000,0
2026-01-31 12:01:15,1751174,829.000,-7853.000,2567.000,168.000,-110.000,16.000,0.000,0.000,0
2026-01-31 12:01:15,1751214,810.000,-7761.000,2785.000,399.000,-53.000,38.000,0.000,0.000,0
2026-01-31 12:01:15,1751254,900.000,-7846.000,3053.000,350.000,-59.000,29.000,0.000,0.000,0
2026-01-31 12:01:15,1751294,983.000,-8079.000,2961.000,75.000,37.000,-41.000,0.000,0.000,0
2026-01-31 12:01:15,1751334,980.000,-8147.000,2999.000,197.000,236.000,-72.000,0.000,0.000,0
2026-01-31 12:01:15,1751374,948.000,-8154.000,2904.000,177.000,238.000,4.000,0.000,0.000,0
2026-01-31 12:01:16,1751414,965.000,-8179.000,2906.000,39.000,201.000,52.000,0.000,0.000,0
2026-01-31 12:01:16,1751454,1018.000,-8052.000,2828.000,-1.000,173.000,166.000,0.000,0.000,0
2026-01-31 12:01:16,1751494,956.000,-8001.000,2821.000,-12.000,171.000,194.000,0.000,0.000,0
2026-01-31 12:01:16,1751534,948.000,-7995.000,2723.000,54.000,142.000,169.000,0.000,0.000,0
2026-01-31 12:01:16,1751574,850.000,-7977.000,2743.000,30.000,40.000,181.000,0.000,0.000,0
2026-01-31 12:01:16,1751614,792.000,-8096.000,2576.000,156.000,-86.000,184.000,0.000,0.000,0
2026-01-31 12:01:16,1751654,781.000,-7803.000,2831.000,302.000,-205.000,241.000,0.000,0.000,0
2026-01-31 12:01:16,1751694,727.000,-7993.000,2598.000,-183.000,-338.000,208.000,0.000,0.000,0
2026-01-31 12:01:16,1751734,763.000,-7728.000,2740.000,108.000,-412.000,184.000,0.000,0.000,0
2026-01-31 12:01:16,1751775,597.000,-7843.000,2370.000,30.000,-465.000,124.000,0.000,0.000,0
2026-01-31 12:01:16,1751814,643.000,-7649.000,2575.000,351.000,-704.000,76.000,0.000,0.000,0
2026-01-31 12:01:16,1751854,889.000,-7649.000,2656.000,231.000,-1017.000,-39.000,0.000,0.000,0
2026-01-31 12:01:16,1751894,1150.000,-7627.000,2972.000,392.000,-849.000,-152.000,0.000,0.000,0
2026-01-31 12:01:16,1751934,1270.000,-7735.000,3320.000,579.000,-667.000,-1.000,0.000,0.000,0
2026-01-31 12:01:16,1751974,1259.000,-7905.000,3315.000,426.000,-446.000,150.000,0.000,0.000,0
2026-01-31 12:01:16,1752015,1167.000,-7956.000,3302.000,588.000,-123.000,233.000,0.000,0.000,0
2026-01-31 12:01:16,1752054,937.000,-7905.000,3319.000,423.000,129.000,264.000,0.000,0.000,0
2026-01-31 12:01:16,1752094,875.000,-7916.000,3190.000,335.000,165.000,232.000,0.000,0.000,0
2026-01-31 12:01:16,1752134,718.000,-7759.000,3248.000,410.000,208.000,190.000,0.000,0.000,0
2026-01-31 12:01:16,1752174,651.000,-7859.000,3128.000,-141.000,115.000,9.000,0.000,0.000,0
2026-01-31 12:01:16,1752214,759.000,-7885.000,3249.000,134.000,-13.000,-62.000,0.000,0.000,0
2026-01-31 12:01:16,1752254,933.000,-7998.000,3075.000,-194.000,-41.000,-41.000,0.000,0.000,0
2026-01-31 12:01:16,1752294,920.000,-7886.000,3159.000,131.000,40.000,-5.000,0.000,0.000,0
2026-01-31 12:01:16,1752334,874.000,-7822.000,3097.000,-29.000,-11.000,30.000,0.000,0.000,0
2026-01-31 12:01:16,1752374,857.000,-7851.000,3042.000,-94.000,-84.000,41.000,0.000,0.000,0
2026-01-31 12:01:17,1752414,858.000,-7765.000,3101.000,38.000,-115.000,45.000,0.000,0.000,0
2026-01-31 12:01:17,1752454,845.000,-7735.000,3143.000,-30.000,-106.000,29.000,0.000,0.000,0
2026-01-31 12:01:17,1752494,892.000,-7765.000,3135.000,-38.000,-106.000,-19.000,0.000,0.000,0
2026-01-31 12:01:17,1752534,868.000,-7770.000,3124.000,124.000,-58.000,0.000,0.000,0.000,0
2026-01-31 12:01:17,1752574,866.000,-7785.000,3194.000,2.000,-51.000,2.000,0.000,0.000,0
2026-01-31 12:01:17,1752614,882.000,-7768.000,3229.000,79.000,0.000,-9.000,0.000,0.000,0
2026-01-31 12:01:17,1752654,852.000,-7926.000,3157.000,-126.000,6.000,-25.000,0.000,0.000,0
2026-01-31 12:01:17,1752694,846.000,-7854.000,3202.000,82.000,4.000,-7.000,0.000,0.000,0
2026-01-31 12:01:17,1752734,886.000,-7878.000,3161.000,-149.000,-1.000,4.000,0.000,0.000,0
2026-01-31 12:01:17,1752774,861.000,-7859.000,3131.000,44.000,13.000,63.000,0.000,0.000,0
2026-01-31 12:01:17,1752814,855.000,-7782.000,3173.000,-20.000,36.000,29.000,0.000,0.000,0
2026-01-31 12:01:17,1752854,893.000,-7842.000,3114.000,-84.000,8.000,15.000,0.000,0.000,0
2026-01-31 12:01:17,1752894,881.000,-7808.000,3104.000,-32.000,26.000,-7.000,0.000,0.000,0
2026-01-31 12:01:17,1752934,867.000,-7789.000,3099.000,-43.000,23.000,13.000,0.000,0.000,0
2026-01-31 12:01:17,1752974,872.000,-7819.000,3049.000,-76.000,-9.000,22.000,0.000,0.000,0
2026-01-31 12:01:17,1753014,878.000,-7817.000,3057.000,24.000,-23.000,41.000,0.000,0.000,0
2026-01-31 12:01:17,1753054,863.000,-7788.000,3125.000,62.000,-20.000,19.000,0.000,0.000,0
2026-01-31 12:01:17,1753094,841.000,-7867.000,3038.000,-160.000,-33.000,21.000,0.000,0.000,0
2026-01-31 12:01:17,1753134,836.000,-7795.000,3108.000,49.000,-27.000,28.000,0.000,0.000,0
2026-01-31 12:01:17,1753174,913.000,-7782.000,3125.000,16.000,-72.000,44.000,0.000,0.000,0
2026-01-31 12:01:17,1753214,863.000,-7857.000,3141.000,-27.000,12.000,-26.000,0.000,0.000,0
2026-01-31 12:01:17,1753254,913.000,-7896.000,3153.000,17.000,-30.000,5.000,0.000,0.000,0
2026-01-31 12:01:17,1753294,880.000,-7897.000,3096.000,-70.000,-24.000,76.000,0.000,0.000,0
2026-01-31 12:01:17,1753334,867.000,-7765.000,3162.000,119.000,21.000,76.000,0.000,0.000,0
2026-01-31 12:01:17,1753374,801.000,-7759.000,3058.000,-160.000,10.000,29.000,0.000,0.000,0
2026-01-31 12:01:18,1753414,826.000,-7800.000,3051.000,-46.000,-48.000,-55.000,0.000,0.000,0
2026-01-31 12:01:18,1753454,838.000,-7788.000,3110.000,-89.000,-68.000,-27.000,0.000,0.000,0
2026-01-31 12:01:18,1753494,918.000,-7817.000,3105.000,-31.000,-91.000,-24.000,0.000,0.000,0
2026-01-31 12:01:18,1753534,888.000,-7799.000,3130.000,-25.000,9.000,-44.000,0.000,0.000,0
2026-01-31 12:01:18,1753574,879.000,-7848.000,3070.000,-56.000,13.000,-55.000,0.000,0.000,0
2026-01-31 12:01:18,1753614,851.000,-7870.000,3036.000,26.000,9.000,-33.000,0.000,0.000,0
2026-01-31 12:01:18,1753654,842.000,-7866.000,3047.000,-112.000,-31.000,18.000,0.000,0.000,0
2026-01-31 12:01:18,1753694,892.000,-7855.000,3041.000,28.000,-68.000,36.000,0.000,0.000,0
2026-01-31 12:01:18,1753734,875.000,-7737.000,3146.000,59.000,-5.000,34.000,0.000,0.000,0
2026-01-31 12:01:18,1753774,892.000,-7872.000,3035.000,-107.000,-10.000,-19.000,0.000,0.000,0
2026-01-31 12:01:18,1753815,891.000,-7760.000,3132.000,15.000,67.000,-5.000,0.000,0.000,0
2026-01-31 12:01:18,1753854,845.000,-7845.000,2979.000,16.000,10.000,-6.000,0.000,0.000,0
2026-01-31 12:01:18,1753894,875.000,-7794.000,3111.000,22.000,2.000,-48.000,0.000,0.000,0
2026-01-31 12:01:18,1753934,865.000,-7885.000,2968.000,-69.000,-22.000,-24.000,0.000,0.000,0
2026-01-31 12:01:18,1753974,857.000,-7796.000,3082.000,36.000,-15.000,-32.000,0.000,0.000,0
2026-01-31 12:01:18,1754016,879.000,-7823.000,3016.000,98.000,-51.000,-26.000,0.000,0.000,0
2026-01-31 12:01:18,1754054,843.000,-7801.000,3076.000,-105.000,-60.000,-100.000,0.000,0.000,0
2026-01-31 12:01:18,1754094,881.000,-7858.000,3004.000,32.000,-113.000,-126.000,0.000,0.000,0
2026-01-31 12:01:18,1754134,935.000,-7812.000,3095.000,-51.000,-97.000,-103.000,0.000,0.000,0
2026-01-31 12:01:18,1754174,947.000,-7869.000,3076.000,82.000,-77.000,-34.000,0.000,0.000,0
2026-01-31 12:01:18,1754214,987.000,-7828.000,3055.000,62.000,-88.000,-13.000,0.000,0.000,0
2026-01-31 12:01:18,1754254,968.000,-7873.000,3067.000,51.000,-92.000,-34.000,0.000,0.000,0
2026-01-31 12:01:18,1754294,993.000,-7851.000,3064.000,32.000,-167.000,7.000,0.000,0.000,0
2026-01-31 12:01:18,1754334,972.000,-7791.000,3070.000,112.000,-172.000,42.000,0.000,0.000,0
2026-01-31 12:01:18,1754374,908.000,-7857.000,3048.000,-2.000,-196.000,-7.000,0.000,0.000,0
2026-01-31 12:01:19,1754414,943.000,-7841.000,3063.000,74.000,-282.000,-6.000,0.000,0.000,0
2026-01-31 12:01:19,1754454,1011.000,-7852.000,3107.000,78.000,-313.000,3.000,0.000,0.000,0
2026-01-31 12:01:19,1754494,987.000,-7819.000,3089.000,135.000,-271.000,12.000,0.000,0.000,0
2026-01-31 12:01:19,1754534,917.000,-7786.000,3015.000,94.000,-287.000,-11.000,0.000,0.000,0
2026-01-31 12:01:19,1754574,949.000,-7738.000,3112.000,111.000,-314.000,-48.000,0.000,0.000,0
2026-01-31 12:01:19,1754614,1000.000,-7831.000,3071.000,68.000,-332.000,-48.000,0.000,0.000,0
2026-01-31 12:01:19,1754654,1105.000,-7792.000,3234.000,126.000,-312.000,13.000,0.000,0.000,0
2026-01-31 12:01:19,1754694,1169.000,-7923.000,3131.000,81.000,-244.000,78.000,0.000,0.000,0
2026-01-31 12:01:19,1754734,1141.000,-7728.000,3269.000,249.000,-152.000,148.000,0.000,0.000,0
2026-01-31 12:01:19,1754774,1102.000,-7762.000,3109.000,-30.000,-128.000,100.000,0.000,0.000,0
2026-01-31 12:01:19,1754814,1084.000,-7714.000,3169.000,98.000,-167.000,40.000,0.000,0.000,0
2026-01-31 12:01:19,1754854,1181.000,-7789.000,3101.000,-64.000,-209.000,4.000,0.000,0.000,0
2026-01-31 12:01:19,1754894,1139.000,-7797.000,3186.000,13.000,-175.000,2.000,0.000,0.000,0
2026-01-31 12:01:19,1754934,1144.000,-7855.000,3099.000,-121.000,-219.000,14.000,0.000,0.000,0
2026-01-31 12:01:19,1754974,1138.000,-7772.000,3171.000,-52.000,-199.000,61.000,0.000,0.000,0
2026-01-31 12:01:19,1755014,1124.000,-7820.000,3099.000,-33.000,-213.000,60.000,0.000,0.000,0
2026-01-31 12:01:19,1755054,1147.000,-7722.000,3207.000,55.000,-186.000,52.000,0.000,0.000,0
2026-01-31 12:01:19,1755094,1129.000,-7809.000,3118.000,-63.000,-169.000,60.000,0.000,0.000,0
2026-01-31 12:01:19,1755134,1115.000,-7756.000,3176.000,94.000,-107.000,63.000,0.000,0.000,0
2026-01-31 12:01:19,1755174,1113.000,-7774.000,3144.000,-60.000,-109.000,63.000,0.000,0.000,0
2026-01-31 12:01:19,1755214,1113.000,-7819.000,3143.000,-68.000,-91.000,52.000,0.000,0.000,0
2026-01-31 12:01:19,1755254,1088.000,-7860.000,3120.000,48.000,-44.000,43.000,0.000,0.000,0
2026-01-31 12:01:19,1755294,1052.000,-7811.000,3175.000,-83.000,-34.000,65.000,0.000,0.000,0
2026-01-31 12:01:19,1755334,1068.000,-7715.000,3187.000,36.000,-12.000,76.000,0.000,0.000,0
2026-01-31 12:01:19,1755374,1016.000,-7771.000,3069.000,-148.000,-1.000,35.000,0.000,0.000,0
2026-01-31 12:01:20,1755414,1013.000,-7691.000,3086.000,-38.000,-20.000,23.000,0.000,0.000,0
2026-01-31 12:01:20,1755454,990.000,-7689.000,2973.000,-115.000,2.000,-34.000,0.000,0.000,0
2026-01-31 12:01:20,1755494,984.000,-7629.000,3096.000,41.000,-64.000,-57.000,0.000,0.000,0
2026-01-31 12:01:20,1755534,1041.000,-7636.000,3044.000,-136.000,-110.000,-117.000,0.000,0.000,0
2026-01-31 12:01:20,1755574,1007.000,-7666.000,3089.000,-42.000,-38.000,-242.000,0.000,0.000,0
2026-01-31 12:01:20,1755614,1015.000,-7688.000,3101.000,-92.000,-60.000,-303.000,0.000,0.000,0
2026-01-31 12:01:20,1755654,1119.000,-7826.000,3134.000,-144.000,-50.000,-366.000,0.000,0.000,0
2026-01-31 12:01:20,1755694,1185.000,-7921.000,3078.000,-159.000,-5.000,-300.000,0.000,0.000,0
2026-01-31 12:01:20,1755734,1221.000,-7832.000,3150.000,-196.000,51.000,-296.000,0.000,0.000,0
2026-01-31 12:01:20,1755775,1243.000,-7871.000,3014.000,-264.000,61.000,-306.000,0.000,0.000,0
2026-01-31 12:01:20,1755814,1358.000,-7744.000,3093.000,-437.000,53.000,-305.000,0.000,0.000,0
2026-01-31 12:01:20,1755854,1469.000,-7983.000,2891.000,-732.000,64.000,-381.000,0.000,0.000,0
2026-01-31 12:01:20,1755894,1585.000,-8030.000,2838.000,-422.000,161.000,-316.000,0.000,0.000,0
2026-01-31 12:01:20,1755934,1509.000,-7964.000,2761.000,-414.000,245.000,-114.000,0.000,0.000,0
2026-01-31 12:01:20,1755974,1431.000,-8025.000,2581.000,-413.000,197.000,0.000,0.000,0.000,0
2026-01-31 12:01:20,1756015,1483.000,-7889.000,2675.000,96.000,150.000,82.000,0.000,0.000,0
2026-01-31 12:01:20,1756054,1480.000,-7794.000,2747.000,-131.000,136.000,142.000,0.000,0.000,0
2026-01-31 12:01:20,1756094,1291.000,-7824.000,2682.000,-195.000,51.000,54.000,0.000,0.000,0
2026-01-31 12:01:20,1756134,1275.000,-7674.000,2817.000,-163.000,-2.000,-10.000,0.000,0.000,0
2026-01-31 12:01:20,1756174,1241.000,-7890.000,2737.000,-422.000,-79.000,-104.000,0.000,0.000,0
2026-01-31 12:01:20,1756214,1333.000,-7892.000,2774.000,-161.000,-105.000,-119.000,0.000,0.000,0
2026-01-31 12:01:20,1756254,1418.000,-7889.000,2815.000,-199.000,-34.000,-88.000,0.000,0.000,0
2026-01-31 12:01:20,1756294,1341.000,-7893.000,2723.000,-224.000,61.000,-58.000,0.000,0.000,0
2026-01-31 12:01:20,1756334,1341.000,-7997.000,2633.000,-208.000,76.000,-77.000,0.000,0.000,0
2026-01-31 12:01:20,1756374,1314.000,-7954.000,2558.000,-196.000,86.000,-16.000,0.000,0.000,0
2026-01-31 12:01:21,1756414,1257.000,-7918.000,2528.000,-51.000,36.000,9.000,0.000,0.000,0
2026-01-31 12:01:21,1756454,1241.000,-7865.000,2505.000,-1.000,-45.000,23.000,0.000,0.000,0
2026-01-31 12:01:21,1756494,1365.000,-7838.000,2596.000,-32.000,-132.000,19.000,0.000,0.000,0
2026-01-31 12:01:21,1756534,1391.000,-7775.000,2645.000,193.000,-33.000,9.000,0.000,0.000,0
2026-01-31 12:01:21,1756574,1320.000,-7876.000,2621.000,41.000,-31.000,-11.000,0.000,0.000,0
2026-01-31 12:01:21,1756614,1363.000,-7792.000,2711.000,167.000,-28.000,-29.000,0.000,0.000,0
2026-01-31 12:01:21,1756654,1403.000,-7922.000,2730.000,-33.000,-42.000,-56.000,0.000,0.000,0
2026-01-31 12:01:21,1756694,1422.000,-7936.000,2734.000,177.000,-8.000,-48.000,0.000,0.000,0
2026-01-31 12:01:21,1756734,1411.000,-7973.000,2753.000,26.000,29.000,-40.000,0.000,0.000,0
2026-01-31 12:01:21,1756774,1409.000,-7943.000,2713.000,-90.000,19.000,-17.000,0.000,0.000,0
2026-01-31 12:01:21,1756814,1446.000,-8005.000,2660.000,99.000,33.000,-2.000,0.000,0.000,0
2026-01-31 12:01:21,1756854,1401.000,-7937.000,2628.000,-9.000,58.000,57.000,0.000,0.000,0
2026-01-31 12:01:21,1756894,1423.000,-7841.000,2672.000,122.000,-33.000,10.000,0.000,0.000,0
2026-01-31 12:01:21,1756934,1359.000,-7900.000,2641.000,-124.000,2.000,10.000,0.000,0.000,0
2026-01-31 12:01:21,1756974,1380.000,-7879.000,2623.000,25.000,-40.000,15.000,0.000,0.000,0
2026-01-31 12:01:21,1757014,1365.000,-7844.000,2678.000,-3.000,-11.000,9.000,0.000,0.000,0
2026-01-31 12:01:21,1757054,1359.000,-7901.000,2650.000,11.000,-38.000,24.000,0.000,0.000,0
2026-01-31 12:01:21,1757094,1382.000,-7871.000,2706.000,2.000,-36.000,1.000,0.000,0.000,0
2026-01-31 12:01:21,1757134,1403.000,-7848.000,2718.000,41.000,-7.000,19.000,0.000,0.000,0
2026-01-31 12:01:21,1757174,1360.000,-7905.000,2688.000,41.000,16.000,4.000,0.000,0.000,0
2026-01-31 12:01:21,1757214,1391.000,-7838.000,2753.000,129.000,19.000,1.000,0.000,0.000,0
2026-01-31 12:01:21,1757254,1377.000,-7918.000,2657.000,51.000,44.000,25.000,0.000,0.000,0
2026-01-31 12:01:21,1757294,1377.000,-7864.000,2694.000,115.000,78.000,21.000,0.000,0.000,0
2026-01-31 12:01:21,1757334,1385.000,-7912.000,2625.000,-61.000,10.000,35.000,0.000,0.000,0
2026-01-31 12:01:21,1757374,1420.000,-7838.000,2701.000,89.000,-12.000,-19.000,0.000,0.000,0
2026-01-31 12:01:22,1757414,1392.000,-7908.000,2720.000,-83.000,-36.000,-35.000,0.000,0.000,0
2026-01-31 12:01:22,1757454,1420.000,-7938.000,2703.000,23.000,-51.000,-4.000,0.000,0.000,0
2026-01-31 12:01:22,1757494,1404.000,-7884.000,2729.000,14.000,-25.000,46.000,0.000,0.000,0
2026-01-31 12:01:22,1757534,1374.000,-7894.000,2739.000,-16.000,-16.000,20.000,0.000,0.000,0
2026-01-31 12:01:22,1757574,1400.000,-7874.000,2747.000,35.000,-23.000,25.000,0.000,0.000,0
2026-01-31 12:01:22,1757614,1360.000,-7903.000,2690.000,-45.000,9.000,48.000,0.000,0.000,0
2026-01-31 12:01:22,1757654,1351.000,-7833.000,2704.000,35.000,10.000,36.000,0.000,0.000,0
2026-01-31 12:01:22,1757694,1339.000,-7844.000,2657.000,65.000,24.000,5.000,0.000,0.000,0
2026-01-31 12:01:22,1757734,1347.000,-7781.000,2698.000,-43.000,-29.000,-15.000,0.000,0.000,0
2026-01-31 12:01:22,1757774,1361.000,-7872.000,2670.000,-26.000,-19.000,-66.000,0.000,0.000,0
2026-01-31 12:01:22,1757814,1407.000,-7918.000,2741.000,2.000,-36.000,-35.000,0.000,0.000,0
2026-01-31 12:01:22,1757854,1377.000,-7919.000,2746.000,-28.000,12.000,-6.000,0.000,0.000,0
2026-01-31 12:01:22,1757894,1405.000,-7943.000,2729.000,14.000,-2.000,32.000,0.000,0.000,0
2026-01-31 12:01:22,1757934,1406.000,-7882.000,2768.000,-5.000,39.000,35.000,0.000,0.000,0
2026-01-31 12:01:22,1757974,1391.000,-7928.000,2687.000,-20.000,42.000,34.000,0.000,0.000,0
2026-01-31 12:01:22,1758016,1372.000,-7876.000,2706.000,26.000,35.000,76.000,0.000,0.000,0
2026-01-31 12:01:22,1758054,1353.000,-7877.000,2651.000,-16.000,17.000,57.000,0.000,0.000,0
2026-01-31 12:01:22,1758094,1365.000,-7811.000,2686.000,16.000,21.000,63.000,0.000,0.000,0
2026-01-31 12:01:22,1758134,1368.000,-7824.000,2673.000,43.000,5.000,20.000,0.000,0.000,0
2026-01-31 12:01:22,1758174,1350.000,-7845.000,2682.000,21.000,5.000,-20.000,0.000,0.000,0
2026-01-31 12:01:22,1758214,1315.000,-7897.000,2667.000,-95.000,-36.000,-30.000,0.000,0.000,0
2026-01-31 12:01:22,1758254,1405.000,-7883.000,2755.000,33.000,-79.000,-7.000,0.000,0.000,0
2026-01-31 12:01:22,1758294,1366.000,-7909.000,2708.000,-8.000,-7.000,21.000,0.000,0.000,0
2026-01-31 12:01:22,1758334,1325.000,-7856.000,2770.000,68.000,9.000,6.000,0.000,0.000,0
2026-01-31 12:01:22,1758374,1356.000,-7903.000,2720.000,-29.000,-7.000,-18.000,0.000,0.000,0
2026-01-31 12:01:23,1758414,1382.000,-7877.000,2755.000,38.000,3.000,25.000,0.000,0.000,0
2026-01-31 12:01:23,1758454,1362.000,-7897.000,2717.000,7.000,37.000,6.000,0.000,0.000,0
2026-01-31 12:01:23,1758494,1337.000,-7857.000,2718.000,-13.000,38.000,-12.000,0.000,0.000,0
2026-01-31 12:01:23,1758534,1365.000,-7908.000,2673.000,-31.000,3.000,-40.000,0.000,0.000,0
2026-01-31 12:01:23,1758574,1397.000,-7923.000,2694.000,-52.000,-3.000,-20.000,0.000,0.000,0
2026-01-31 12:01:23,1758614,1388.000,-7811.000,2694.000,74.000,-9.000,58.000,0.000,0.000,0
2026-01-31 12:01:23,1758654,1346.000,-7826.000,2701.000,-73.000,0.000,-11.000,0.000,0.000,0
2026-01-31 12:01:23,1758694,1380.000,-7833.000,2713.000,119.000,-18.000,-50.000,0.000,0.000,0
2026-01-31 12:01:23,1758734,1401.000,-7894.000,2751.000,-119.000,5.000,-60.000,0.000,0.000,0
2026-01-31 12:01:23,1758774,1410.000,-7945.000,2654.000,36.000,-17.000,-10.000,0.000,0.000,0
2026-01-31 12:01:23,1758814,1353.000,-7810.000,2735.000,-25.000,13.000,-35.000,0.000,0.000,0
2026-01-31 12:01:23,1758854,1378.000,-7925.000,2641.000,-12.000,-34.000,-46.000,0.000,0.000,0
2026-01-31 12:01:23,1758894,1370.000,-7863.000,2731.000,93.000,-24.000,-39.000,0.000,0.000,0
2026-01-31 12:01:23,1758934,1431.000,-7763.000,2782.000,75.000,-43.000,12.000,0.000,0.000,0
2026-01-31 12:01:23,1758974,1447.000,-7826.000,2707.000,376.000,49.000,28.000,0.000,0.000,0
2026-01-31 12:01:23,1759014,1405.000,-7600.000,2892.000,468.000,137.000,34.000,0.000,0.000,0
2026-01-31 12:01:23,1759054,1495.000,-7762.000,2768.000,585.000,139.000,30.000,0.000,0.000,0
2026-01-31 12:01:23,1759094,1544.000,-7704.000,3028.000,1603.000,372.000,204.000,0.000,0.000,0
2026-01-31 12:01:23,1759134,1649.000,-7154.000,3364.000,1972.000,642.000,574.000,0.000,0.000,0
2026-01-31 12:01:23,1759174,1539.000,-7358.000,3220.000,2301.000,987.000,682.000,0.000,0.000,0
2026-01-31 12:01:23,1759214,1498.000,-7091.000,3851.000,4836.000,1532.000,992.000,0.000,0.000,0
2026-01-31 12:01:23,1759254,1549.000,-7154.000,4342.000,5381.000,2036.000,1665.000,0.000,0.000,0
2026-01-31 12:01:23,1759294,961.000,-6623.000,4488.000,6279.000,2406.000,2035.000,0.000,0.000,0
2026-01-31 12:01:23,1759334,513.000,-6213.000,4576.000,5794.000,2727.000,1772.000,0.000,0.000,0
2026-01-31 12:01:23,1759374,-661.000,-6037.000,4870.000,5955.000,2446.000,1694.000,0.000,0.000,0
2026-01-31 12:01:24,1759414,-373.000,-5833.000,5246.000,5487.000,1816.000,1591.000,0.000,0.000,0
2026-01-31 12:01:24,1759454,-640.000,-5789.000,5552.000,6274.000,1304.000,2065.000,0.000,0.000,0
2026-01-31 12:01:24,1759494,-73.000,-4943.000,5980.000,8190.000,893.000,2351.000,0.000,0.000,0
2026-01-31 12:01:24,1759534,-416.000,-3519.000,6118.000,8666.000,981.000,2541.000,0.000,0.000,0
2026-01-31 12:01:24,1759574,-674.000,-3299.000,7264.000,6192.000,542.000,2732.000,0.000,0.000,0
2026-01-31 12:01:24,1759614,-1158.000,-2833.000,7024.000,7001.000,137.000,2736.000,0.000,0.000,0
2026-01-31 12:01:24,1759654,-1244.000,-1536.000,8333.000,6515.000,-395.000,2559.000,0.000,0.000,0
2026-01-31 12:01:24,1759694,-1120.000,-2041.000,8301.000,3821.000,-951.000,3007.000,0.000,0.000,0
2026-01-31 12:01:24,1759734,-978.000,-1894.000,8079.000,4079.000,-1365.000,3401.000,0.000,0.000,0
2026-01-31 12:01:24,1759775,-1018.000,-530.000,8858.000,4339.000,-1512.000,3582.000,0.000,0.000,0
2026-01-31 12:01:24,1759814,-46.000,84.000,9326.000,2860.000,-1771.000,3783.000,0.000,0.000,0
2026-01-31 12:01:24,1759854,-473.000,-23.000,8998.000,3074.000,-1338.000,3282.000,0.000,0.000,0
2026-01-31 12:01:24,1759894,-545.000,1192.000,9437.000,4576.000,-907.000,2777.000,0.000,0.000,0
2026-01-31 12:01:24,1759934,-790.000,1776.000,9494.000,3616.000,-478.000,2613.000,0.000,0.000,0
2026-01-31 12:01:24,1759974,-1357.000,1906.000,9135.000,2776.000,-299.000,1592.000,0.000,0.000,0
2026-01-31 12:01:24,1760015,-1548.000,1969.000,9375.000,1469.000,-415.000,786.000,0.000,0.000,0
2026-01-31 12:01:24,1760054,-1405.000,1680.000,8944.000,454.000,-645.000,233.000,0.000,0.000,0
2026-01-31 12:01:24,1760094,-940.000,1694.000,8841.000,15.000,-746.000,6.000,0.000,0.000,0
2026-01-31 12:01:24,1760134,-638.000,1568.000,8670.000,183.000,-749.000,-528.000,0.000,0.000,0
2026-01-31 12:01:24,1760174,-664.000,2070.000,8091.000,980.000,-527.000,-937.000,0.000,0.000,0
2026-01-31 12:01:24,1760214,-673.000,2022.000,8611.000,1063.000,-405.000,-1612.000,0.000,0.000,0
2026-01-31 12:01:24,1760254,-682.000,2117.000,8161.000,1289.000,-454.000,-2120.000,0.000,0.000,0
2026-01-31 12:01:24,1760294,-744.000,1921.000,8510.000,913.000,-381.000,-2229.000,0.000,0.000,0
2026-01-31 12:01:24,1760334,-603.000,1512.000,7724.000,1002.000,-478.000,-2111.000,0.000,0.000,0
2026-01-31 12:01:24,1760374,-586.000,1494.000,8056.000,2759.000,-258.000,-2114.000,0.000,0.000,0
2026-01-31 12:01:25,1760414,-425.000,1772.000,7865.000,2569.000,-410.000,-2064.000,0.000,0.000,0
2026-01-31 12:01:25,1760454,-99.000,1167.000,7870.000,2232.000,-525.000,-1281.000,0.000,0.000,0
2026-01-31 12:01:25,1760494,552.000,2614.000,8324.000,3799.000,-785.000,-875.000,0.000,0.000,0
2026-01-31 12:01:25,1760534,520.000,2135.000,8226.000,2968.000,-288.000,147.000,0.000,0.000,0
2026-01-31 12:01:25,1760574,-202.000,2700.000,7447.000,4245.000,-237.000,334.000,0.000,0.000,0
2026-01-31 12:01:25,1760614,-457.000,3911.000,7492.000,2708.000,-573.000,133.000,0.000,0.000,0
2026-01-31 12:01:25,1760654,-431.000,2942.000,7760.000,1896.000,-1137.000,314.000,0.000,0.000,0
2026-01-31 12:01:25,1760694,62.000,3849.000,6952.000,2709.000,-1537.000,310.000,0.000,0.000,0
2026-01-31 12:01:25,1760734,679.000,4384.000,7139.000,2916.000,-1359.000,106.000,0.000,0.000,0
2026-01-31 12:01:25,1760774,625.000,7783.000,7063.000,3539.000,-1339.000,-25.000,0.000,0.000,0
2026-01-31 12:01:25,1760814,255.000,5236.000,6347.000,-1487.000,-1155.000,125.000,0.000,0.000,0
2026-01-31 12:01:25,1760854,781.000,4353.000,6294.000,494.000,-1130.000,-1036.000,0.000,0.000,0
2026-01-31 12:01:25,1760894,510.000,5555.000,6930.000,1491.000,-327.000,-1860.000,0.000,0.000,0
2026-01-31 12:01:25,1760934,400.000,6868.000,6971.000,410.000,55.000,-1955.000,0.000,0.000,0
2026-01-31 12:01:25,1760974,257.000,5485.000,7096.000,-4882.000,-240.000,-660.000,0.000,0.000,0
2026-01-31 12:01:25,1761014,716.000,2294.000,6824.000,-5298.000,-382.000,-727.000,0.000,0.000,0
2026-01-31 12:01:25,1761054,818.000,3033.000,6881.000,760.000,-114.000,-1813.000,0.000,0.000,0
2026-01-31 12:01:25,1761094,238.000,5031.000,7372.000,2129.000,394.000,-2400.000,0.000,0.000,0
2026-01-31 12:01:25,1761134,6.000,4062.000,7299.000,-1572.000,144.000,-1019.000,0.000,0.000,0
2026-01-31 12:01:25,1761174,596.000,1375.000,6903.000,-4367.000,152.000,1173.000,0.000,0.000,0
2026-01-31 12:01:25,1761214,561.000,2404.000,7098.000,-1160.000,306.000,1277.000,0.000,0.000,0
2026-01-31 12:01:25,1761254,260.000,3613.000,6974.000,807.000,349.000,1266.000,0.000,0.000,0
2026-01-31 12:01:25,1761294,-123.000,3928.000,7341.000,423.000,125.000,1170.000,0.000,0.000,0
2026-01-31 12:01:25,1761334,-376.000,4082.000,7043.000,-1224.000,-219.000,1652.000,0.000,0.000,0
2026-01-31 12:01:25,1761374,-493.000,3811.000,7047.000,-3232.000,-674.000,2596.000,0.000,0.000,0
2026-01-31 12:01:26,1761414,-501.000,2702.000,7017.000,-4099.000,-1359.000,2708.000,0.000,0.000,0
2026-01-31 12:01:26,1761454,-327.000,2237.000,7418.000,-2712.000,-2248.000,2141.000,0.000,0.000,0
2026-01-31 12:01:26,1761494,342.000,2656.000,7952.000,-2757.000,-2996.000,2058.000,0.000,0.000,0
2026-01-31 12:01:26,1761534,710.000,1136.000,7417.000,-2837.000,-3219.000,1087.000,0.000,0.000,0
2026-01-31 12:01:26,1761574,2304.000,2326.000,7808.000,-859.000,-3248.000,416.000,0.000,0.000,0
2026-01-31 12:01:26,1761614,2358.000,1979.000,7683.000,-129.000,-2658.000,535.000,0.000,0.000,0
2026-01-31 12:01:26,1761654,3671.000,2282.000,8161.000,436.000,-2810.000,696.000,0.000,0.000,0
2026-01-31 12:01:26,1761694,3402.000,1874.000,8121.000,2708.000,-1952.000,-23.000,0.000,0.000,0
2026-01-31 12:01:26,1761735,3151.000,3889.000,7819.000,3417.000,-1499.000,-451.000,0.000,0.000,0
2026-01-31 12:01:26,1761774,3168.000,2728.000,7128.000,230.000,-1037.000,10.000,0.000,0.000,0
2026-01-31 12:01:26,1761814,3558.000,1471.000,7276.000,493.000,-806.000,127.000,0.000,0.000,0
2026-01-31 12:01:26,1761854,4155.000,2328.000,7714.000,848.000,-224.000,469.000,0.000,0.000,0
2026-01-31 12:01:26,1761894,3921.000,3490.000,7331.000,2283.000,-22.000,116.000,0.000,0.000,0
2026-01-31 12:01:26,1761934,3592.000,4230.000,8228.000,1275.000,67.000,17.000,0.000,0.000,0
2026-01-31 12:01:26,1761974,2825.000,2883.000,6706.000,-649.000,296.000,183.000,0.000,0.000,0
2026-01-31 12:01:26,1762016,3119.000,1823.000,7313.000,-255.000,283.000,150.000,0.000,0.000,0
2026-01-31 12:01:26,1762054,2975.000,3216.000,7341.000,731.000,270.000,127.000,0.000,0.000,0
2026-01-31 12:01:26,1762094,3035.000,3332.000,7314.000,-278.000,180.000,83.000,0.000,0.000,0
2026-01-31 12:01:26,1762134,2916.000,2581.000,7160.000,-486.000,202.000,48.000,0.000,0.000,0
2026-01-31 12:01:26,1762174,2869.000,2840.000,7335.000,-13.000,190.000,13.000,0.000,0.000,0
2026-01-31 12:01:26,1762214,2892.000,3074.000,7265.000,-53.000,194.000,86.000,0.000,0.000,0
2026-01-31 12:01:26,1762254,2770.000,2905.000,7193.000,-269.000,285.000,75.000,0.000,0.000,0
2026-01-31 12:01:26,1762294,2831.000,2851.000,7325.000,238.000,155.000,44.000,0.000,0.000,0
2026-01-31 12:01:26,1762334,2854.000,2842.000,7203.000,265.000,203.000,45.000,0.000,0.000,0
2026-01-31 12:01:26,1762374,2925.000,2923.000,7210.000,370.000,324.000,81.000,0.000,0.000,0
2026-01-31 12:01:27,1762414,2891.000,2830.000,7281.000,419.000,399.000,99.000,0.000,0.000,0
2026-01-31 12:01:27,1762454,2839.000,2901.000,7325.000,586.000,428.000,51.000,0.000,0.000,0
2026-01-31 12:01:27,1762494,2741.000,2929.000,7217.000,459.000,467.000,32.000,0.000,0.000,0
2026-01-31 12:01:27,1762534,2710.000,2739.000,7395.000,633.000,374.000,-17.000,0.000,0.000,0
2026-01-31 12:01:27,1762574,2736.000,3254.000,7362.000,832.000,224.000,-14.000,0.000,0.000,0
2026-01-31 12:01:27,1762614,2720.000,3446.000,7369.000,166.000,158.000,-9.000,0.000,0.000,0
2026-01-31 12:01:27,1762654,2667.000,2923.000,7133.000,-96.000,87.000,0.000,0.000,0.000,0
2026-01-31 12:01:27,1762694,2724.000,3186.000,7302.000,154.000,24.000,-3.000,0.000,0.000,0
2026-01-31 12:01:27,1762734,2684.000,3277.000,7243.000,234.000,47.000,18.000,0.000,0.000,0
2026-01-31 12:01:27,1762774,2715.000,3187.000,7248.000,35.000,95.000,27.000,0.000,0.000,0
2026-01-31 12:01:27,1762814,2720.000,3145.000,7252.000,-31.000,114.000,9.000,0.000,0.000,0
2026-01-31 12:01:27,1762854,2646.000,3124.000,7213.000,26.000,138.000,7.000,0.000,0.000,0
2026-01-31 12:01:27,1762894,2589.000,3131.000,7309.000,32.000,119.000,0.000,0.000,0.000,0
2026-01-31 12:01:27,1762934,2631.000,3164.000,7276.000,45.000,84.000,-24.000,0.000,0.000,0
2026-01-31 12:01:27,1762974,2657.000,3158.000,7245.000,-103.000,76.000,-35.000,0.000,0.000,0
2026-01-31 12:01:27,1763014,2659.000,3149.000,7234.000,2.000,68.000,-35.000,0.000,0.000,0
2026-01-31 12:01:27,1763054,2661.000,3080.000,7275.000,11.000,56.000,-2.000,0.000,0.000,0
2026-01-31 12:01:27,1763094,2644.000,3155.000,7278.000,36.000,48.000,0.000,0.000,0.000,0
2026-01-31 12:01:27,1763134,2627.000,3131.000,7281.000,-20.000,35.000,16.000,0.000,0.000,0
2026-01-31 12:01:27,1763174,2653.000,3122.000,7232.000,43.000,24.000,40.000,0.000,0.000,0
2026-01-31 12:01:27,1763214,2660.000,3136.000,7236.000,88.000,57.000,51.000,0.000,0.000,0
2026-01-31 12:01:27,1763254,2637.000,3265.000,7258.000,26.000,79.000,47.000,0.000,0.000,0
2026-01-31 12:01:27,1763294,2586.000,3093.000,7294.000,-80.000,48.000,25.000,0.000,0.000,0
2026-01-31 12:01:27,1763334,2601.000,3182.000,7280.000,-23.000,-10.000,14.000,0.000,0.000,0
2026-01-31 12:01:27,1763374,2612.000,3138.000,7261.000,-65.000,-36.000,10.000,0.000,0.000,0
2026-01-31 12:01:28,1763414,2637.000,3158.000,7275.000,-43.000,-53.000,14.000,0.000,0.000,0
2026-01-31 12:01:28,1763454,2652.000,3107.000,7257.000,-30.000,-54.000,10.000,0.000,0.000,0
2026-01-31 12:01:28,1763494,2669.000,3120.000,7220.000,-10.000,-29.000,3.000,0.000,0.000,0
2026-01-31 12:01:28,1763534,2698.000,3111.000,7257.000,35.000,-9.000,9.000,0.000,0.000,0
2026-01-31 12:01:28,1763574,2645.000,3099.000,7247.000,9.000,16.000,20.000,0.000,0.000,0
2026-01-31 12:01:28,1763614,2626.000,3142.000,7302.000,64.000,13.000,23.000,0.000,0.000,0
2026-01-31 12:01:28,1763654,2633.000,3182.000,7254.000,-16.000,9.000,31.000,0.000,0.000,0
2026-01-31 12:01:28,1763694,2659.000,3102.000,7225.000,-33.000,14.000,23.000,0.000,0.000,0
2026-01-31 12:01:28,1763734,2666.000,3191.000,7250.000,36.000,6.000,5.000,0.000,0.000,0
2026-01-31 12:01:28,1763774,2642.000,3152.000,7239.000,-66.000,22.000,-3.000,0.000,0.000,0
2026-01-31 12:01:28,1763815,2660.000,3160.000,7248.000,15.000,40.000,-4.000,0.000,0.000,0
2026-01-31 12:01:28,1763854,2667.000,3126.000,7252.000,-14.000,70.000,3.000,0.000,0.000,0
2026-01-31 12:01:28,1763894,2664.000,3117.000,7274.000,-14.000,73.000,0.000,0.000,0.000,0
2026-01-31 12:01:28,1763934,2621.000,3114.000,7263.000,10.000,75.000,4.000,0.000,0.000,0
2026-01-31 12:01:28,1763974,2639.000,3180.000,7292.000,1.000,66.000,9.000,0.000,0.000,0
2026-01-31 12:01:28,1764015,2634.000,3142.000,7259.000,-55.000,71.000,6.000,0.000,0.000,0
2026-01-31 12:01:28,1764054,2629.000,3119.000,7260.000,-16.000,79.000,11.000,0.000,0.000,0
2026-01-31 12:01:28,1764094,2630.000,3159.000,7279.000,18.000,76.000,20.000,0.000,0.000,0
2026-01-31 12:01:28,1764134,2627.000,3114.000,7255.000,-19.000,87.000,17.000,0.000,0.000,0
2026-01-31 12:01:28,1764174,2621.000,3130.000,7255.000,-2.000,101.000,8.000,0.000,0.000,0
2026-01-31 12:01:28,1764214,2650.000,3058.000,7226.000,153.000,136.000,16.000,0.000,0.000,0
2026-01-31 12:01:28,1764254,2609.000,3270.000,7370.000,60.000,129.000,-26.000,0.000,0.000,0
2026-01-31 12:01:28,1764294,2501.000,3079.000,7294.000,-64.000,120.000,12.000,0.000,0.000,0
2026-01-31 12:01:28,1764334,2546.000,3164.000,7302.000,19.000,84.000,25.000,0.000,0.000,0
2026-01-31 12:01:28,1764374,2588.000,3129.000,7272.000,-43.000,77.000,4.000,0.000,0.000,0
2026-01-31 12:01:29,1764414,2557.000,3104.000,7278.000,40.000,70.000,-17.000,0.000,0.000,0
2026-01-31 12:01:29,1764454,2579.000,3220.000,7297.000,42.000,69.000,-11.000,0.000,0.000,0
2026-01-31 12:01:29,1764494,2522.000,3145.000,7261.000,9.000,78.000,-5.000,0.000,0.000,0
2026-01-31 12:01:29,1764534,2537.000,3168.000,7300.000,-4.000,84.000,-9.000,0.000,0.000,0
2026-01-31 12:01:29,1764574,2547.000,3137.000,7295.000,-25.000,81.000,-14.000,0.000,0.000,0
2026-01-31 12:01:29,1764614,2538.000,3177.000,7305.000,31.000,75.000,-15.000,0.000,0.000,0
2026-01-31 12:01:29,1764654,2509.000,3160.000,7300.000,-7.000,76.000,-7.000,0.000,0.000,0
2026-01-31 12:01:29,1764694,2500.000,3172.000,7299.000,51.000,55.000,-8.000,0.000,0.000,0
2026-01-31 12:01:29,1764734,2502.000,3221.000,7320.000,-27.000,44.000,-5.000,0.000,0.000,0
2026-01-31 12:01:29,1764774,2499.000,3130.000,7268.000,-52.000,38.000,-11.000,0.000,0.000,0
2026-01-31 12:01:29,1764814,2518.000,3163.000,7296.000,23.000,49.000,-16.000,0.000,0.000,0
2026-01-31 12:01:29,1764854,2498.000,3204.000,7294.000,20.000,61.000,-14.000,0.000,0.000,0
2026-01-31 12:01:29,1764894,2500.000,3173.000,7309.000,-52.000,63.000,-6.000,0.000,0.000,0
2026-01-31 12:01:29,1764934,2476.000,3089.000,7302.000,-26.000,63.000,6.000,0.000,0.000,0
2026-01-31 12:01:29,1764974,2519.000,3173.000,7334.000,20.000,41.000,3.000,0.000,0.000,0
2026-01-31 12:01:29,1765014,2475.000,3181.000,7311.000,-25.000,18.000,13.000,0.000,0.000,0
2026-01-31 12:01:29,1765054,2477.000,3144.000,7303.000,-6.000,17.000,11.000,0.000,0.000,0
2026-01-31 12:01:29,1765094,2448.000,3200.000,7346.000,-34.000,19.000,13.000,0.000,0.000,0
2026-01-31 12:01:29,1765134,2466.000,3132.000,7304.000,-80.000,-4.000,20.000,0.000,0.000,0
2026-01-31 12:01:29,1765174,2500.000,3174.000,7271.000,-17.000,-1.000,16.000,0.000,0.000,0
2026-01-31 12:01:29,1765214,2501.000,3207.000,7305.000,-12.000,5.000,-9.000,0.000,0.000,0
2026-01-31 12:01:29,1765254,2512.000,3126.000,7291.000,-54.000,13.000,-9.000,0.000,0.000,0
2026-01-31 12:01:29,1765294,2501.000,3127.000,7297.000,7.000,39.000,8.000,0.000,0.000,0
2026-01-31 12:01:29,1765334,2495.000,3145.000,7354.000,-36.000,45.000,6.000,0.000,0.000,0
2026-01-31 12:01:29,1765374,2490.000,3110.000,7315.000,-46.000,28.000,22.000,0.000,0.000,0
2026-01-31 12:01:30,1765414,2483.000,3183.000,7352.000,-28.000,12.000,30.000,0.000,0.000,0
2026-01-31 12:01:30,1765454,2482.000,3119.000,7297.000,-114.000,-4.000,22.000,0.000,0.000,0
2026-01-31 12:01:30,1765494,2516.000,3092.000,7306.000,3.000,-6.000,4.000,0.000,0.000,0
2026-01-31 12:01:30,1765534,2521.000,3159.000,7321.000,10.000,24.000,0.000,0.000,0.000,0
2026-01-31 12:01:30,1765574,2486.000,3076.000,7312.000,2.000,38.000,7.000,0.000,0.000,0
2026-01-31 12:01:30,1765614,2486.000,3132.000,7327.000,36.000,41.000,4.000,0.000,0.000,0
2026-01-31 12:01:30,1765654,2465.000,3122.000,7316.000,17.000,48.000,2.000,0.000,0.000,0
2026-01-31 12:01:30,1765694,2482.000,3139.000,7337.000,19.000,38.000,-7.000,0.000,0.000,0
2026-01-31 12:01:30,1765734,2483.000,3152.000,7322.000,3.000,24.000,-6.000,0.000,0.000,0
2026-01-31 12:01:30,1765774,2493.000,3128.000,7328.000,15.000,-2.000,-10.000,0.000,0.000,0
2026-01-31 12:01:30,1765815,2509.000,3131.000,7296.000,31.000,25.000,-6.000,0.000,0.000,0
2026-01-31 12:01:30,1765854,2455.000,3162.000,7332.000,21.000,50.000,8.000,0.000,0.000,0
2026-01-31 12:01:30,1765894,2428.000,3135.000,7329.000,-7.000,33.000,7.000,0.000,0.000,0
2026-01-31 12:01:30,1765934,2504.000,3171.000,7279.000,21.000,19.000,-2.000,0.000,0.000,0
2026-01-31 12:01:30,1765974,2477.000,3193.000,7315.000,13.000,42.000,2.000,0.000,0.000,0
2026-01-31 12:01:30,1766015,2446.000,3133.000,7324.000,-13.000,35.000,5.000,0.000,0.000,0
2026-01-31 12:01:30,1766054,2476.000,3135.000,7304.000,7.000,19.000,-5.000,0.000,0.000,0
2026-01-31 12:01:30,1766094,2485.000,3144.000,7311.000,21.000,32.000,-2.000,0.000,0.000,0
2026-01-31 12:01:30,1766134,2454.000,3141.000,7310.000,11.000,38.000,15.000,0.000,0.000,0
2026-01-31 12:01:30,1766174,2441.000,3203.000,7356.000,8.000,26.000,9.000,0.000,0.000,0
2026-01-31 12:01:30,1766214,2428.000,3146.000,7337.000,-94.000,6.000,7.000,0.000,0.000,0
2026-01-31 12:01:30,1766254,2440.000,3120.000,7304.000,-24.000,-20.000,-11.000,0.000,0.000,0
2026-01-31 12:01:30,1766294,2475.000,3200.000,7327.000,-17.000,-23.000,-8.000,0.000,0.000,0
2026-01-31 12:01:30,1766334,2486.000,3114.000,7299.000,-30.000,-12.000,1.000,0.000,0.000,0
2026-01-31 12:01:30,1766374,2479.000,3139.000,7321.000,-9.000,-1.000,-4.000,0.000,0.000,0
2026-01-31 12:01:31,1766414,2477.000,3127.000,7331.000,-9.000,-4.000,-3.000,0.000,0.000,0
2026-01-31 12:01:31,1766454,2469.000,3148.000,7304.000,15.000,3.000,10.000,0.000,0.000,0
2026-01-31 12:01:31,1766494,2466.000,3137.000,7348.000,-41.000,-3.000,13.000,0.000,0.000,0
2026-01-31 12:01:31,1766534,2437.000,3138.000,7309.000,-30.000,-16.000,13.000,0.000,0.000,0
2026-01-31 12:01:31,1766574,2494.000,3146.000,7332.000,-65.000,-57.000,1.000,0.000,0.000,0
2026-01-31 12:01:31,1766614,2497.000,3096.000,7297.000,-16.000,-49.000,0.000,0.000,0.000,0
2026-01-31 12:01:31,1766654,2459.000,3149.000,7347.000,-29.000,-23.000,8.000,0.000,0.000,0
2026-01-31 12:01:31,1766694,2471.000,3108.000,7327.000,-39.000,-43.000,7.000,0.000,0.000,0
2026-01-31 12:01:31,1766734,2542.000,3150.000,7300.000,-34.000,-47.000,1.000,0.000,0.000,0
2026-01-31 12:01:31,1766774,2516.000,3171.000,7315.000,3.000,-40.000,-3.000,0.000,0.000,0
2026-01-31 12:01:31,1766814,2560.000,3228.000,7492.000,-111.000,-72.000,-5.000,0.000,0.000,0
2026-01-31 12:01:31,1766854,2382.000,3069.000,7279.000,-197.000,-131.000,35.000,0.000,0.000,0
2026-01-31 12:01:31,1766894,2567.000,3076.000,7204.000,-152.000,-114.000,26.000,0.000,0.000,0
2026-01-31 12:01:31,1766934,2614.000,3035.000,7269.000,7.000,-14.000,7.000,0.000,0.000,0
2026-01-31 12:01:31,1766974,2524.000,3101.000,7346.000,68.000,17.000,12.000,0.000,0.000,0
2026-01-31 12:01:31,1767014,2535.000,3066.000,7348.000,10.000,23.000,21.000,0.000,0.000,0
2026-01-31 12:01:31,1767054,2523.000,3058.000,7320.000,27.000,8.000,12.000,0.000,0.000,0
2026-01-31 12:01:31,1767094,2563.000,3093.000,7327.000,21.000,-12.000,1.000,0.000,0.000,0
2026-01-31 12:01:31,1767134,2570.000,3115.000,7310.000,7.000,-13.000,-14.000,0.000,0.000,0
2026-01-31 12:01:31,1767174,2547.000,3087.000,7308.000,21.000,7.000,-9.000,0.000,0.000,0
2026-01-31 12:01:31,1767214,2554.000,3122.000,7324.000,10.000,13.000,-6.000,0.000,0.000,0
2026-01-31 12:01:31,1767254,2540.000,3078.000,7308.000,6.000,17.000,-3.000,0.000,0.000,0
2026-01-31 12:01:31,1767294,2554.000,3112.000,7331.000,36.000,13.000,-11.000,0.000,0.000,0
2026-01-31 12:01:31,1767334,2543.000,3114.000,7306.000,2.000,14.000,-15.000,0.000,0.000,0
2026-01-31 12:01:31,1767374,2537.000,3099.000,7325.000,13.000,18.000,-1.000,0.000,0.000,0
2026-01-31 12:01:32,1767414,2539.000,3129.000,7315.000,27.000,27.000,9.000,0.000,0.000,0
2026-01-31 12:01:32,1767454,2545.000,3102.000,7312.000,-22.000,26.000,10.000,0.000,0.000,0
2026-01-31 12:01:32,1767494,2597.000,3076.000,7280.000,10.000,28.000,3.000,0.000,0.000,0
2026-01-31 12:01:32,1767534,2547.000,3153.000,7310.000,27.000,52.000,0.000,0.000,0.000,0
2026-01-31 12:01:32,1767574,2492.000,3123.000,7326.000,13.000,52.000,3.000,0.000,0.000,0
2026-01-31 12:01:32,1767614,2519.000,3133.000,7322.000,31.000,37.000,-4.000,0.000,0.000,0
2026-01-31 12:01:32,1767654,2524.000,3104.000,7310.000,-23.000,33.000,-2.000,0.000,0.000,0
2026-01-31 12:01:32,1767694,2526.000,3112.000,7320.000,-9.000,32.000,2.000,0.000,0.000,0
2026-01-31 12:01:32,1767734,2505.000,3112.000,7333.000,4.000,35.000,13.000,0.000,0.000,0
2026-01-31 12:01:32,1767774,2509.000,3133.000,7325.000,-2.000,14.000,3.000,0.000,0.000,0
2026-01-31 12:01:32,1767815,2525.000,3106.000,7299.000,-16.000,10.000,-1.000,0.000,0.000,0
2026-01-31 12:01:32,1767854,2529.000,3126.000,7315.000,21.000,25.000,3.000,0.000,0.000,0
2026-01-31 12:01:32,1767894,2522.000,3135.000,7312.000,-13.000,36.000,3.000,0.000,0.000,0
2026-01-31 12:01:32,1767934,2515.000,3068.000,7310.000,-27.000,39.000,3.000,0.000,0.000,0
2026-01-31 12:01:32,1767974,2514.000,3128.000,7326.000,-4.000,34.000,-2.000,0.000,0.000,0
2026-01-31 12:01:32,1768014,2520.000,3123.000,7312.000,1.000,29.000,-5.000,0.000,0.000,0
2026-01-31 12:01:32,1768054,2514.000,3144.000,7319.000,13.000,26.000,-7.000,0.000,0.000,0
2026-01-31 12:01:32,1768094,2516.000,3109.000,7307.000,7.000,34.000,-3.000,0.000,0.000,0
2026-01-31 12:01:32,1768134,2501.000,3114.000,7315.000,4.000,47.000,4.000,0.000,0.000,0
2026-01-31 12:01:32,1768174,2484.000,3129.000,7331.000,10.000,44.000,10.000,0.000,0.000,0
2026-01-31 12:01:32,1768214,2518.000,3101.000,7290.000,-12.000,36.000,-4.000,0.000,0.000,0
2026-01-31 12:01:32,1768254,2539.000,3169.000,7323.000,43.000,50.000,-12.000,0.000,0.000,0
2026-01-31 12:01:32,1768294,2486.000,3142.000,7328.000,-7.000,62.000,-13.000,0.000,0.000,0
2026-01-31 12:01:32,1768334,2483.000,3125.000,7310.000,26.000,54.000,-7.000,0.000,0.000,0
2026-01-31 12:01:32,1768374,2477.000,3131.000,7340.000,4.000,52.000,-11.000,0.000,0.000,0
2026-01-31 12:01:33,1768414,2477.000,3102.000,7328.000,-26.000,46.000,-4.000,0.000,0.000,0
2026-01-31 12:01:33,1768454,2483.000,3154.000,7317.000,22.000,29.000,12.000,0.000,0.000,0
2026-01-31 12:01:33,1768494,2467.000,3110.000,7319.000,-19.000,35.000,0.000,0.000,0.000,0
2026-01-31 12:01:33,1768534,2477.000,3138.000,7318.000,39.000,25.000,-1.000,0.000,0.000,0
2026-01-31 12:01:33,1768574,2470.000,3151.000,7320.000,3.000,37.000,2.000,0.000,0.000,0
2026-01-31 12:01:33,1768614,2474.000,3146.000,7320.000,23.000,37.000,-3.000,0.000,0.000,0
2026-01-31 12:01:33,1768654,2478.000,3149.000,7316.000,16.000,47.000,-5.000,0.000,0.000,0
2026-01-31 12:01:33,1768694,2456.000,3149.000,7331.000,-2.000,50.000,-4.000,0.000,0.000,0
2026-01-31 12:01:33,1768734,2472.000,3159.000,7331.000,-24.000,37.000,-5.000,0.000,0.000,0
2026-01-31 12:01:33,1768774,2453.000,3087.000,7317.000,1.000,37.000,-5.000,0.000,0.000,0
2026-01-31 12:01:33,1768814,2455.000,3186.000,7351.000,20.000,36.000,-6.000,0.000,0.000,0
2026-01-31 12:01:33,1768854,2433.000,3140.000,7328.000,-23.000,18.000,-15.000,0.000,0.000,0
2026-01-31 12:01:33,1768894,2483.000,3159.000,7326.000,-11.000,-2.000,-8.000,0.000,0.000,0
2026-01-31 12:01:33,1768934,2471.000,3128.000,7326.000,5.000,25.000,6.000,0.000,0.000,0
2026-01-31 12:01:33,1768974,2427.000,3171.000,7356.000,-14.000,29.000,17.000,0.000,0.000,0
2026-01-31 12:01:33,1769014,2455.000,3094.000,7310.000,-55.000,13.000,17.000,0.000,0.000,0
2026-01-31 12:01:33,1769054,2491.000,3148.000,7313.000,3.000,24.000,9.000,0.000,0.000,0
2026-01-31 12:01:33,1769094,2444.000,3169.000,7329.000,-2.000,34.000,10.000,0.000,0.000,0
2026-01-31 12:01:33,1769134,2418.000,3115.000,7343.000,-21.000,35.000,4.000,0.000,0.000,0
2026-01-31 12:01:33,1769174,2448.000,3173.000,7334.000,-8.000,20.000,3.000,0.000,0.000,0
2026-01-31 12:01:33,1769214,2408.000,3137.000,7335.000,-24.000,30.000,4.000,0.000,0.000,0
2026-01-31 12:01:33,1769254,2459.000,3116.000,7318.000,-6.000,22.000,1.000,0.000,0.000,0
2026-01-31 12:01:33,1769294,2441.000,3139.000,7351.000,5.000,30.000,2.000,0.000,0.000,0
2026-01-31 12:01:33,1769334,2429.000,3130.000,7340.000,-12.000,20.000,6.000,0.000,0.000,0
2026-01-31 12:01:33,1769374,2431.000,3121.000,7328.000,0.000,11.000,-5.000,0.000,0.000,0
2026-01-31 12:01:34,1769414,2448.000,3151.000,7342.000,13.000,3.000,-10.000,0.000,0.000,0
2026-01-31 12:01:34,1769454,2444.000,3133.000,7337.000,-5.000,13.000,-5.000,0.000,0.000,0
2026-01-31 12:01:34,1769494,2468.000,3131.000,7316.000,15.000,13.000,1.000,0.000,0.000,0
2026-01-31 12:01:34,1769534,2454.000,3104.000,7337.000,30.000,31.000,3.000,0.000,0.000,0
2026-01-31 12:01:34,1769574,2438.000,3157.000,7343.000,20.000,35.000,9.000,0.000,0.000,0
2026-01-31 12:01:34,1769614,2429.000,3146.000,7328.000,15.000,39.000,16.000,0.000,0.000,0
2026-01-31 12:01:34,1769654,2427.000,3175.000,7337.000,20.000,27.000,12.000,0.000,0.000,0
2026-01-31 12:01:34,1769694,2434.000,3147.000,7330.000,-20.000,24.000,6.000,0.000,0.000,0
2026-01-31 12:01:34,1769734,2432.000,3131.000,7334.000,8.000,21.000,6.000,0.000,0.000,0
2026-01-31 12:01:34,1769774,2422.000,3136.000,7342.000,9.000,21.000,0.000,0.000,0.000,0
2026-01-31 12:01:34,1769814,2420.000,3169.000,7336.000,-8.000,26.000,7.000,0.000,0.000,0
2026-01-31 12:01:34,1769854,2400.000,3144.000,7336.000,-8.000,23.000,7.000,0.000,0.000,0
2026-01-31 12:01:34,1769894,2469.000,3168.000,7321.000,-39.000,7.000,1.000,0.000,0.000,0
2026-01-31 12:01:34,1769934,2438.000,3133.000,7305.000,5.000,30.000,-2.000,0.000,0.000,0
2026-01-31 12:01:34,1769974,2426.000,3181.000,7364.000,10.000,28.000,2.000,0.000,0.000,0
2026-01-31 12:01:34,1770015,2446.000,3119.000,7315.000,-1.000,35.000,13.000,0.000,0.000,0
2026-01-31 12:01:34,1770054,2406.000,3147.000,7351.000,1.000,33.000,13.000,0.000,0.000,0
2026-01-31 12:01:34,1770094,2416.000,3133.000,7342.000,13.000,25.000,21.000,0.000,0.000,0
2026-01-31 12:01:34,1770134,2420.000,3196.000,7348.000,0.000,20.000,23.000,0.000,0.000,0
2026-01-31 12:01:34,1770174,2388.000,3128.000,7342.000,-28.000,5.000,11.000,0.000,0.000,0
2026-01-31 12:01:34,1770214,2425.000,3175.000,7316.000,-4.000,-5.000,-4.000,0.000,0.000,0
2026-01-31 12:01:34,1770254,2420.000,3126.000,7336.000,-20.000,12.000,-1.000,0.000,0.000,0
2026-01-31 12:01:34,1770294,2434.000,3158.000,7349.000,-9.000,10.000,-6.000,0.000,0.000,0
2026-01-31 12:01:34,1770334,2425.000,3128.000,7320.000,-8.000,8.000,-1.000,0.000,0.000,0
2026-01-31 12:01:34,1770374,2432.000,3091.000,7337.000,-19.000,-11.000,-4.000,0.000,0.000,0
2026-01-31 12:01:35,1770414,2445.000,3163.000,7327.000,2.000,-5.000,4.000,0.000,0.000,0
2026-01-31 12:01:35,1770454,2445.000,3148.000,7341.000,-13.000,-4.000,18.000,0.000,0.000,0
2026-01-31 12:01:35,1770494,2435.000,3135.000,7335.000,-9.000,-5.000,15.000,0.000,0.000,0
2026-01-31 12:01:35,1770534,2414.000,3108.000,7337.000,-7.000,-4.000,4.000,0.000,0.000,0
2026-01-31 12:01:35,1770574,2435.000,3137.000,7342.000,16.000,-21.000,-1.000,0.000,0.000,0
2026-01-31 12:01:35,1770614,2442.000,3140.000,7317.000,-5.000,-16.000,5.000,0.000,0.000,0
2026-01-31 12:01:35,1770654,2409.000,3140.000,7343.000,14.000,1.000,7.000,0.000,0.000,0
2026-01-31 12:01:35,1770694,2412.000,3164.000,7353.000,-27.000,-27.000,9.000,0.000,0.000,0
2026-01-31 12:01:35,1770734,2486.000,3116.000,7303.000,-40.000,-39.000,-4.000,0.000,0.000,0
2026-01-31 12:01:35,1770774,2463.000,3182.000,7329.000,11.000,-26.000,-7.000,0.000,0.000,0
2026-01-31 12:01:35,1770814,2445.000,3118.000,7320.000,-23.000,-18.000,1.000,0.000,0.000,0
2026-01-31 12:01:35,1770854,2466.000,3139.000,7317.000,9.000,-22.000,-1.000,0.000,0.000,0
2026-01-31 12:01:35,1770894,2467.000,3121.000,7343.000,2.000,-16.000,0.000,0.000,0.000,0
2026-01-31 12:01:35,1770934,2451.000,3163.000,7329.000,-24.000,-23.000,12.000,0.000,0.000,0
2026-01-31 12:01:35,1770974,2465.000,3133.000,7322.000,-23.000,-27.000,7.000,0.000,0.000,0
2026-01-31 12:01:35,1771014,2466.000,3146.000,7316.000,1.000,-27.000,7.000,0.000,0.000,0
2026-01-31 12:01:35,1771054,2482.000,3129.000,7329.000,-25.000,-20.000,7.000,0.000,0.000,0
2026-01-31 12:01:35,1771094,2465.000,3111.000,7316.000,-22.000,-13.000,4.000,0.000,0.000,0
2026-01-31 12:01:35,1771134,2486.000,3146.000,7312.000,14.000,-10.000,6.000,0.000,0.000,0
2026-01-31 12:01:35,1771174,2464.000,3135.000,7317.000,12.000,-8.000,4.000,0.000,0.000,0
2026-01-31 12:01:35,1771214,2479.000,3142.000,7330.000,-26.000,-18.000,0.000,0.000,0.000,0
2026-01-31 12:01:35,1771254,2485.000,3144.000,7303.000,-9.000,-22.000,2.000,0.000,0.000,0
2026-01-31 12:01:35,1771294,2485.000,3130.000,7324.000,-24.000,-13.000,4.000,0.000,0.000,0
2026-01-31 12:01:35,1771334,2490.000,3129.000,7309.000,12.000,-5.000,7.000,0.000,0.000,0
2026-01-31 12:01:35,1771374,2504.000,3115.000,7307.000,-3.000,10.000,-2.000,0.000,0.000,0
2026-01-31 12:01:36,1771414,2491.000,3172.000,7336.000,26.000,11.000,-4.000,0.000,0.000,0
2026-01-31 12:01:36,1771454,2476.000,3125.000,7325.000,-16.000,15.000,13.000,0.000,0.000,0
2026-01-31 12:01:36,1771494,2462.000,3173.000,7329.000,2.000,11.000,18.000,0.000,0.000,0
2026-01-31 12:01:36,1771534,2494.000,3123.000,7285.000,-59.000,7.000,13.000,0.000,0.000,0
2026-01-31 12:01:36,1771574,2518.000,3120.000,7306.000,14.000,31.000,6.000,0.000,0.000,0
2026-01-31 12:01:36,1771614,2464.000,3159.000,7340.000,2.000,44.000,0.000,0.000,0.000,0
2026-01-31 12:01:36,1771654,2463.000,3113.000,7319.000,-2.000,43.000,-7.000,0.000,0.000,0
2026-01-31 12:01:36,1771694,2462.000,3146.000,7350.000,7.000,35.000,3.000,0.000,0.000,0
2026-01-31 12:01:36,1771734,2503.000,3150.000,7309.000,-27.000,28.000,5.000,0.000,0.000,0
2026-01-31 12:01:36,1771774,2480.000,3111.000,7315.000,-23.000,44.000,1.000,0.000,0.000,0
2026-01-31 12:01:36,1771814,2456.000,3123.000,7341.000,22.000,36.000,3.000,0.000,0.000,0
2026-01-31 12:01:36,1771854,2475.000,3133.000,7309.000,18.000,32.000,-5.000,0.000,0.000,0
2026-01-31 12:01:36,1771894,2466.000,3126.000,7339.000,22.000,36.000,-1.000,0.000,0.000,0
2026-01-31 12:01:36,1771934,2478.000,3175.000,7319.000,7.000,28.000,0.000,0.000,0.000,0
2026-01-31 12:01:36,1771974,2476.000,3106.000,7320.000,-11.000,36.000,-3.000,0.000,0.000,0
2026-01-31 12:01:36,1772015,2465.000,3149.000,7333.000,32.000,36.000,-4.000,0.000,0.000,0
2026-01-31 12:01:36,1772054,2462.000,3152.000,7328.000,-8.000,41.000,1.000,0.000,0.000,0
2026-01-31 12:01:36,1772094,2449.000,3115.000,7315.000,-6.000,42.000,0.000,0.000,0.000,0
2026-01-31 12:01:36,1772134,2453.000,3172.000,7332.000,29.000,36.000,4.000,0.000,0.000,0
2026-01-31 12:01:36,1772174,2460.000,3147.000,7321.000,7.000,38.000,-7.000,0.000,0.000,0
2026-01-31 12:01:36,1772214,2454.000,3131.000,7330.000,22.000,41.000,-8.000,0.000,0.000,0
2026-01-31 12:01:36,1772254,2439.000,3128.000,7328.000,15.000,45.000,0.000,0.000,0.000,0
2026-01-31 12:01:36,1772294,2431.000,3163.000,7341.000,24.000,52.000,7.000,0.000,0.000,0
2026-01-31 12:01:36,1772334,2460.000,3136.000,7317.000,-12.000,25.000,3.000,0.000,0.000,0
2026-01-31 12:01:36,1772374,2462.000,3213.000,7317.000,19.000,27.000,0.000,0.000,0.000,0
2026-01-31 12:01:37,1772414,2411.000,3164.000,7324.000,-35.000,33.000,-3.000,0.000,0.000,0
2026-01-31 12:01:37,1772454,2432.000,3165.000,7315.000,6.000,26.000,-3.000,0.000,0.000,0
2026-01-31 12:01:37,1772494,2455.000,3163.000,7336.000,-14.000,35.000,6.000,0.000,0.000,0
2026-01-31 12:01:37,1772534,2466.000,3113.000,7326.000,0.000,44.000,18.000,0.000,0.000,0
2026-01-31 12:01:37,1772574,2443.000,3120.000,7338.000,-10.000,51.000,22.000,0.000,0.000,0
2026-01-31 12:01:37,1772614,2420.000,3128.000,7336.000,30.000,52.000,19.000,0.000,0.000,0
2026-01-31 12:01:37,1772654,2417.000,3176.000,7343.000,31.000,43.000,21.000,0.000,0.000,0
2026-01-31 12:01:37,1772694,2392.000,3135.000,7328.000,-1.000,37.000,12.000,0.000,0.000,0
2026-01-31 12:01:37,1772734,2410.000,3215.000,7337.000,37.000,22.000,-12.000,0.000,0.000,0
2026-01-31 12:01:37,1772774,2412.000,3145.000,7318.000,-19.000,29.000,-8.000,0.000,0.000,0
2026-01-31 12:01:37,1772814,2401.000,3159.000,7329.000,20.000,23.000,-17.000,0.000,0.000,0
2026-01-31 12:01:37,1772854,2428.000,3203.000,7344.000,0.000,15.000,-18.000,0.000,0.000,0
2026-01-31 12:01:37,1772894,2417.000,3136.000,7315.000,-32.000,24.000,2.000,0.000,0.000,0
2026-01-31 12:01:37,1772934,2432.000,3144.000,7336.000,-10.000,33.000,4.000,0.000,0.000,0
2026-01-31 12:01:37,1772974,2419.000,3140.000,7320.000,12.000,38.000,-3.000,0.000,0.000,0
2026-01-31 12:01:37,1773014,2430.000,3195.000,7342.000,16.000,36.000,7.000,0.000,0.000,0
2026-01-31 12:01:37,1773054,2407.000,3145.000,7323.000,5.000,29.000,8.000,0.000,0.000,0
2026-01-31 12:01:37,1773094,2382.000,3188.000,7334.000,5.000,39.000,12.000,0.000,0.000,0
2026-01-31 12:01:37,1773134,2351.000,3146.000,7352.000,-16.000,26.000,12.000,0.000,0.000,0
2026-01-31 12:01:37,1773174,2418.000,3203.000,7329.000,-6.000,3.000,11.000,0.000,0.000,0
2026-01-31 12:01:37,1773214,2424.000,3180.000,7315.000,-38.000,11.000,11.000,0.000,0.000,0
2026-01-31 12:01:37,1773254,2393.000,3135.000,7344.000,-11.000,14.000,1.000,0.000,0.000,0
2026-01-31 12:01:37,1773294,2414.000,3181.000,7326.000,-12.000,11.000,-2.000,0.000,0.000,0
2026-01-31 12:01:37,1773334,2411.000,3151.000,7327.000,-14.000,30.000,5.000,0.000,0.000,0
2026-01-31 12:01:37,1773374,2393.000,3144.000,7339.000,1.000,37.000,11.000,0.000,0.000,0
2026-01-31 12:01:38,1773414,2392.000,3168.000,7346.000,-4.000,28.000,13.000,0.000,0.000,0
2026-01-31 12:01:38,1773454,2393.000,3156.000,7338.000,-24.000,17.000,8.000,0.000,0.000,0
2026-01-31 12:01:38,1773494,2389.000,3181.000,7341.000,31.000,17.000,-3.000,0.000,0.000,0
2026-01-31 12:01:38,1773534,2401.000,3170.000,7338.000,-10.000,18.000,-1.000,0.000,0.000,0
2026-01-31 12:01:38,1773574,2398.000,3142.000,7336.000,7.000,14.000,0.000,0.000,0.000,0
2026-01-31 12:01:38,1773614,2406.000,3178.000,7339.000,8.000,13.000,0.000,0.000,0.000,0
2026-01-31 12:01:38,1773654,2390.000,3147.000,7336.000,8.000,10.000,-5.000,0.000,0.000,0
2026-01-31 12:01:38,1773694,2406.000,3188.000,7326.000,14.000,11.000,-6.000,0.000,0.000,0
2026-01-31 12:01:38,1773734,2382.000,3160.000,7340.000,10.000,31.000,-5.000,0.000,0.000,0
2026-01-31 12:01:38,1773774,2403.000,3182.000,7335.000,22.000,20.000,-3.000,0.000,0.000,0
2026-01-31 12:01:38,1773814,2407.000,3170.000,7329.000,0.000,21.000,-6.000,0.000,0.000,0
2026-01-31 12:01:38,1773854,2406.000,3153.000,7335.000,-1.000,18.000,-5.000,0.000,0.000,0
2026-01-31 12:01:38,1773894,2403.000,3170.000,7333.000,24.000,26.000,8.000,0.000,0.000,0
2026-01-31 12:01:38,1773934,2358.000,3219.000,7380.000,-11.000,27.000,17.000,0.000,0.000,0
2026-01-31 12:01:38,1773974,2394.000,3143.000,7315.000,-39.000,-6.000,8.000,0.000,0.000,0
2026-01-31 12:01:38,1774015,2418.000,3208.000,7321.000,33.000,7.000,1.000,0.000,0.000,0
2026-01-31 12:01:38,1774054,2383.000,3179.000,7336.000,-20.000,9.000,-5.000,0.000,0.000,0
2026-01-31 12:01:38,1774094,2382.000,3179.000,7324.000,-5.000,1.000,2.000,0.000,0.000,0
2026-01-31 12:01:38,1774134,2387.000,3138.000,7343.000,-13.000,4.000,-4.000,0.000,0.000,0
2026-01-31 12:01:38,1774174,2368.000,3164.000,7351.000,-7.000,-7.000,3.000,0.000,0.000,0
2026-01-31 12:01:38,1774214,2378.000,3186.000,7340.000,-19.000,-23.000,0.000,0.000,0.000,0
2026-01-31 12:01:38,1774254,2400.000,3178.000,7335.000,-11.000,-32.000,-2.000,0.000,0.000,0
2026-01-31 12:01:38,1774294,2398.000,3143.000,7334.000,-35.000,-32.000,-1.000,0.000,0.000,0
2026-01-31 12:01:38,1774334,2409.000,3150.000,7335.000,0.000,-31.000,-2.000,0.000,0.000,0
2026-01-31 12:01:38,1774374,2405.000,3160.000,7322.000,-4.000,-26.000,-3.000,0.000,0.000,0
2026-01-31 12:01:39,1774414,2415.000,3173.000,7323.000,8.000,-21.000,-5.000,0.000,0.000,0
2026-01-31 12:01:39,1774454,2421.000,3180.000,7331.000,10.000,-23.000,-9.000,0.000,0.000,0
2026-01-31 12:01:39,1774494,2421.000,3170.000,7334.000,-29.000,-35.000,-5.000,0.000,0.000,0
2026-01-31 12:01:39,1774534,2423.000,3188.000,7321.000,-6.000,-44.000,2.000,0.000,0.000,0
2026-01-31 12:01:39,1774574,2433.000,3170.000,7331.000,-48.000,-39.000,8.000,0.000,0.000,0
2026-01-31 12:01:39,1774614,2437.000,3133.000,7304.000,-26.000,-34.000,10.000,0.000,0.000,0
2026-01-31 12:01:39,1774654,2446.000,3167.000,7345.000,1.000,-14.000,-3.000,0.000,0.000,0
2026-01-31 12:01:39,1774694,2448.000,3193.000,7316.000,-12.000,-29.000,7.000,0.000,0.000,0
2026-01-31 12:01:39,1774734,2439.000,3145.000,7320.000,-27.000,-19.000,18.000,0.000,0.000,0
2026-01-31 12:01:39,1774774,2414.000,3165.000,7349.000,-55.000,-25.000,20.000,0.000,0.000,0
2026-01-31 12:01:39,1774814,2464.000,3146.000,7307.000,-67.000,-40.000,21.000,0.000,0.000,0
2026-01-31 12:01:39,1774854,2499.000,3172.000,7300.000,-14.000,-27.000,16.000,0.000,0.000,0
2026-01-31 12:01:39,1774894,2457.000,3162.000,7322.000,-25.000,-7.000,13.000,0.000,0.000,0
2026-01-31 12:01:39,1774934,2444.000,3129.000,7311.000,-38.000,7.000,10.000,0.000,0.000,0
2026-01-31 12:01:39,1774974,2461.000,3143.000,7326.000,-9.000,15.000,9.000,0.000,0.000,0
2026-01-31 12:01:39,1775014,2456.000,3119.000,7302.000,-12.000,28.000,8.000,0.000,0.000,0
2026-01-31 12:01:39,1775054,2434.000,3138.000,7337.000,-24.000,34.000,10.000,0.000,0.000,0
2026-01-31 12:01:39,1775094,2448.000,3133.000,7323.000,8.000,29.000,6.000,0.000,0.000,0
2026-01-31 12:01:39,1775134,2446.000,3106.000,7324.000,-12.000,22.000,2.000,0.000,0.000,0
2026-01-31 12:01:39,1775174,2451.000,3147.000,7309.000,26.000,25.000,-1.000,0.000,0.000,0
2026-01-31 12:01:39,1775214,2451.000,3167.000,7325.000,21.000,43.000,-1.000,0.000,0.000,0
2026-01-31 12:01:39,1775254,2421.000,3127.000,7331.000,23.000,50.000,-6.000,0.000,0.000,0
2026-01-31 12:01:39,1775294,2470.000,3183.000,7314.000,26.000,45.000,-6.000,0.000,0.000,0
2026-01-31 12:01:39,1775334,2442.000,3101.000,7318.000,7.000,61.000,-11.000,0.000,0.000,0
2026-01-31 12:01:39,1775374,2421.000,3171.000,7346.000,68.000,59.000,-3.000,0.000,0.000,0
2026-01-31 12:01:40,1775414,2452.000,3143.000,7307.000,1.000,46.000,-7.000,0.000,0.000,0
2026-01-31 12:01:40,1775454,2435.000,3162.000,7332.000,27.000,47.000,0.000,0.000,0.000,0
2026-01-31 12:01:40,1775494,2414.000,3162.000,7329.000,26.000,52.000,5.000,0.000,0.000,0
2026-01-31 12:01:40,1775534,2392.000,3187.000,7346.000,14.000,52.000,11.000,0.000,0.000,0
2026-01-31 12:01:40,1775574,2416.000,3169.000,7313.000,-10.000,38.000,7.000,0.000,0.000,0
2026-01-31 12:01:40,1775614,2445.000,3176.000,7310.000,7.000,41.000,1.000,0.000,0.000,0
2026-01-31 12:01:40,1775654,2415.000,3199.000,7329.000,29.000,48.000,3.000,0.000,0.000,0
2026-01-31 12:01:40,1775694,2394.000,3165.000,7322.000,-14.000,41.000,2.000,0.000,0.000,0
2026-01-31 12:01:40,1775734,2402.000,3171.000,7327.000,14.000,44.000,-7.000,0.000,0.000,0
2026-01-31 12:01:40,1775774,2411.000,3169.000,7328.000,7.000,41.000,-4.000,0.000,0.000,0
2026-01-31 12:01:40,1775815,2380.000,3166.000,7338.000,-13.000,44.000,3.000,0.000,0.000,0
2026-01-31 12:01:40,1775854,2380.000,3167.000,7336.000,-2.000,36.000,10.000,0.000,0.000,0
2026-01-31 12:01:40,1775894,2385.000,3173.000,7337.000,-9.000,23.000,10.000,0.000,0.000,0
2026-01-31 12:01:40,1775934,2384.000,3127.000,7336.000,-29.000,16.000,1.000,0.000,0.000,0
2026-01-31 12:01:40,1775974,2419.000,3195.000,7323.000,19.000,10.000,-1.000,0.000,0.000,0
2026-01-31 12:01:40,1776015,2392.000,3176.000,7327.000,0.000,35.000,7.000,0.000,0.000,0
2026-01-31 12:01:40,1776054,2393.000,3171.000,7334.000,6.000,29.000,4.000,0.000,0.000,0
2026-01-31 12:01:40,1776094,2404.000,3192.000,7309.000,28.000,29.000,-3.000,0.000,0.000,0
2026-01-31 12:01:40,1776134,2381.000,3171.000,7347.000,10.000,39.000,-1.000,0.000,0.000,0
2026-01-31 12:01:40,1776174,2384.000,3213.000,7338.000,24.000,27.000,10.000,0.000,0.000,0
2026-01-31 12:01:40,1776214,2386.000,3131.000,7339.000,-24.000,23.000,-1.000,0.000,0.000,0
2026-01-31 12:01:40,1776254,2404.000,3178.000,7330.000,18.000,15.000,2.000,0.000,0.000,0
2026-01-31 12:01:40,1776294,2370.000,3189.000,7335.000,-2.000,36.000,8.000,0.000,0.000,0
2026-01-31 12:01:40,1776334,2348.000,3174.000,7352.000,-8.000,30.000,18.000,0.000,0.000,0
2026-01-31 12:01:40,1776374,2392.000,3207.000,7314.000,0.000,19.000,5.000,0.000,0.000,0
2026-01-31 12:01:41,1776414,2391.000,3170.000,7329.000,-4.000,32.000,3.000,0.000,0.000,0
2026-01-31 12:01:41,1776454,2375.000,3192.000,7334.000,24.000,30.000,-4.000,0.000,0.000,0
2026-01-31 12:01:41,1776494,2380.000,3180.000,7338.000,-4.000,28.000,-3.000,0.000,0.000,0
2026-01-31 12:01:41,1776534,2383.000,3157.000,7331.000,19.000,27.000,-2.000,0.000,0.000,0
2026-01-31 12:01:41,1776574,2349.000,3161.000,7354.000,10.000,38.000,4.000,0.000,0.000,0
2026-01-31 12:01:41,1776614,2405.000,3175.000,7307.000,165.000,47.000,25.000,0.000,0.000,0
2026-01-31 12:01:41,1776654,2342.000,3292.000,7421.000,20.000,48.000,1.000,0.000,0.000,0
2026-01-31 12:01:41,1776694,2337.000,3175.000,7343.000,-70.000,5.000,2.000,0.000,0.000,0
2026-01-31 12:01:41,1776734,2394.000,3174.000,7321.000,-6.000,-9.000,-5.000,0.000,0.000,0
2026-01-31 12:01:41,1776774,2387.000,3195.000,7317.000,-19.000,18.000,2.000,0.000,0.000,0
2026-01-31 12:01:41,1776814,2357.000,3190.000,7335.000,22.000,26.000,4.000,0.000,0.000,0
2026-01-31 12:01:41,1776854,2346.000,3181.000,7338.000,-8.000,24.000,2.000,0.000,0.000,0
2026-01-31 12:01:41,1776894,2364.000,3195.000,7325.000,14.000,23.000,-5.000,0.000,0.000,0
2026-01-31 12:01:41,1776934,2362.000,3194.000,7331.000,2.000,25.000,0.000,0.000,0.000,0
2026-01-31 12:01:41,1776974,2358.000,3201.000,7339.000,2.000,17.000,9.000,0.000,0.000,0
2026-01-31 12:01:41,1777014,2348.000,3191.000,7337.000,-19.000,9.000,4.000,0.000,0.000,0
2026-01-31 12:01:41,1777054,2376.000,3183.000,7334.000,-12.000,-6.000,3.000,0.000,0.000,0
2026-01-31 12:01:41,1777094,2382.000,3180.000,7320.000,-1.000,12.000,7.000,0.000,0.000,0
2026-01-31 12:01:41,1777134,2336.000,3207.000,7331.000,12.000,30.000,12.000,0.000,0.000,0
2026-01-31 12:01:41,1777174,2330.000,3214.000,7344.000,-21.000,20.000,12.000,0.000,0.000,0
2026-01-31 12:01:41,1777214,2387.000,3167.000,7311.000,-33.000,9.000,2.000,0.000,0.000,0
2026-01-31 12:01:41,1777254,2381.000,3262.000,7328.000,24.000,23.000,3.000,0.000,0.000,0
2026-01-31 12:01:41,1777294,2336.000,3158.000,7337.000,-26.000,29.000,4.000,0.000,0.000,0
2026-01-31 12:01:41,1777334,2366.000,3195.000,7339.000,5.000,16.000,2.000,0.000,0.000,0
2026-01-31 12:01:41,1777374,2363.000,3165.000,7329.000,-10.000,29.000,4.000,0.000,0.000,0
2026-01-31 12:01:42,1777414,2352.000,3186.000,7334.000,22.000,28.000,0.000,0.000,0.000,0
2026-01-31 12:01:42,1777454,2336.000,3216.000,7352.000,10.000,21.000,13.000,0.000,0.000,0
2026-01-31 12:01:42,1777494,2329.000,3181.000,7325.000,-26.000,3.000,5.000,0.000,0.000,0
2026-01-31 12:01:42,1777534,2358.000,3183.000,7337.000,-7.000,-6.000,-7.000,0.000,0.000,0
2026-01-31 12:01:42,1777574,2360.000,3198.000,7322.000,1.000,1.000,-8.000,0.000,0.000,0
2026-01-31 12:01:42,1777614,2358.000,3192.000,7337.000,-7.000,6.000,-4.000,0.000,0.000,0
2026-01-31 12:01:42,1777654,2353.000,3206.000,7338.000,19.000,4.000,-9.000,0.000,0.000,0
2026-01-31 12:01:42,1777694,2368.000,3191.000,7334.000,-6.000,-6.000,-9.000,0.000,0.000,0
2026-01-31 12:01:42,1777734,2349.000,3206.000,7345.000,-11.000,-10.000,-3.000,0.000,0.000,0
2026-01-31 12:01:42,1777774,2362.000,3205.000,7324.000,-1.000,-18.000,3.000,0.000,0.000,0
2026-01-31 12:01:42,1777814,2376.000,3218.000,7331.000,-16.000,-19.000,2.000,0.000,0.000,0
2026-01-31 12:01:42,1777854,2355.000,3200.000,7331.000,-9.000,-23.000,4.000,0.000,0.000,0
2026-01-31 12:01:42,1777894,2377.000,3203.000,7338.000,-31.000,-35.000,-5.000,0.000,0.000,0
2026-01-31 12:01:42,1777934,2382.000,3201.000,7324.000,-15.000,-39.000,2.000,0.000,0.000,0
2026-01-31 12:01:42,1777974,2367.000,3174.000,7326.000,-26.000,-20.000,9.000,0.000,0.000,0
2026-01-31 12:01:42,1778015,2347.000,3199.000,7352.000,-4.000,-17.000,11.000,0.000,0.000,0
2026-01-31 12:01:42,1778054,2387.000,3203.000,7322.000,-46.000,-29.000,15.000,0.000,0.000,0
2026-01-31 12:01:42,1778094,2431.000,3176.000,7303.000,-27.000,-27.000,3.000,0.000,0.000,0
2026-01-31 12:01:42,1778134,2376.000,3195.000,7343.000,-17.000,-29.000,2.000,0.000,0.000,0
2026-01-31 12:01:42,1778174,2394.000,3180.000,7324.000,-40.000,-27.000,2.000,0.000,0.000,0
2026-01-31 12:01:42,1778214,2418.000,3130.000,7320.000,-24.000,-13.000,-1.000,0.000,0.000,0
2026-01-31 12:01:42,1778254,2399.000,3183.000,7347.000,5.000,-10.000,5.000,0.000,0.000,0
2026-01-31 12:01:42,1778294,2385.000,3185.000,7339.000,-26.000,-23.000,16.000,0.000,0.000,0
2026-01-31 12:01:42,1778334,2388.000,3172.000,7332.000,-36.000,-37.000,17.000,0.000,0.000,0
2026-01-31 12:01:42,1778374,2417.000,3169.000,7312.000,-33.000,-39.000,9.000,0.000,0.000,0
2026-01-31 12:01:43,1778414,2407.000,3185.000,7318.000,-20.000,-36.000,6.000,0.000,0.000,0
2026-01-31 12:01:43,1778454,2422.000,3172.000,7319.000,-11.000,-26.000,8.000,0.000,0.000,0
2026-01-31 12:01:43,1778494,2426.000,3177.000,7310.000,-9.000,-12.000,7.000,0.000,0.000,0
2026-01-31 12:01:43,1778534,2425.000,3173.000,7342.000,2.000,-16.000,3.000,0.000,0.000,0
2026-01-31 12:01:43,1778574,2431.000,3154.000,7325.000,-39.000,-21.000,1.000,0.000,0.000,0
2026-01-31 12:01:43,1778614,2437.000,3183.000,7319.000,-1.000,-14.000,4.000,0.000,0.000,0
2026-01-31 12:01:43,1778654,2449.000,3170.000,7323.000,-26.000,-4.000,14.000,0.000,0.000,0
2026-01-31 12:01:43,1778694,2444.000,3134.000,7302.000,-13.000,6.000,8.000,0.000,0.000,0
2026-01-31 12:01:43,1778734,2433.000,3165.000,7317.000,33.000,17.000,-2.000,0.000,0.000,0
2026-01-31 12:01:43,1778774,2429.000,3181.000,7333.000,-13.000,15.000,6.000,0.000,0.000,0
2026-01-31 12:01:43,1778814,2439.000,3137.000,7300.000,15.000,22.000,9.000,0.000,0.000,0
2026-01-31 12:01:43,1778854,2384.000,3184.000,7356.000,-2.000,31.000,6.000,0.000,0.000,0
2026-01-31 12:01:43,1778894,2480.000,3185.000,7281.000,-1.000,19.000,-3.000,0.000,0.000,0
2026-01-31 12:01:43,1778934,2457.000,3172.000,7302.000,20.000,54.000,-7.000,0.000,0.000,0
2026-01-31 12:01:43,1778974,2391.000,3198.000,7348.000,53.000,60.000,-5.000,0.000,0.000,0
2026-01-31 12:01:43,1779014,2419.000,3160.000,7329.000,-11.000,45.000,-3.000,0.000,0.000,0
2026-01-31 12:01:43,1779054,2432.000,3161.000,7323.000,26.000,44.000,-2.000,0.000,0.000,0
2026-01-31 12:01:43,1779094,2402.000,3159.000,7337.000,3.000,53.000,5.000,0.000,0.000,0
2026-01-31 12:01:43,1779134,2395.000,3199.000,7331.000,29.000,48.000,9.000,0.000,0.000,0
2026-01-31 12:01:43,1779174,2380.000,3167.000,7334.000,-2.000,40.000,5.000,0.000,0.000,0
2026-01-31 12:01:43,1779214,2407.000,3209.000,7308.000,33.000,26.000,-10.000,0.000,0.000,0
2026-01-31 12:01:43,1779254,2386.000,3191.000,7323.000,-20.000,35.000,-13.000,0.000,0.000,0
2026-01-31 12:01:43,1779294,2403.000,3252.000,7328.000,22.000,30.000,-6.000,0.000,0.000,0
2026-01-31 12:01:43,1779334,2416.000,3157.000,7323.000,-27.000,48.000,-15.000,0.000,0.000,0
2026-01-31 12:01:43,1779374,2377.000,3140.000,7325.000,27.000,56.000,-13.000,0.000,0.000,0
2026-01-31 12:01:44,1779414,2393.000,3234.000,7346.000,36.000,51.000,-9.000,0.000,0.000,0
2026-01-31 12:01:44,1779454,2391.000,3168.000,7310.000,-2.000,52.000,-2.000,0.000,0.000,0
2026-01-31 12:01:44,1779494,2371.000,3221.000,7344.000,27.000,54.000,4.000,0.000,0.000,0
2026-01-31 12:01:44,1779534,2361.000,3178.000,7322.000,19.000,47.000,-4.000,0.000,0.000,0
2026-01-31 12:01:44,1779574,2394.000,3202.000,7341.000,9.000,40.000,-10.000,0.000,0.000,0
2026-01-31 12:01:44,1779614,2375.000,3161.000,7314.000,5.000,46.000,-4.000,0.000,0.000,0
2026-01-31 12:01:44,1779654,2338.000,3220.000,7343.000,26.000,49.000,6.000,0.000,0.000,0
2026-01-31 12:01:44,1779694,2351.000,3191.000,7322.000,-17.000,36.000,2.000,0.000,0.000,0
2026-01-31 12:01:44,1779734,2394.000,3244.000,7304.000,21.000,36.000,-3.000,0.000,0.000,0
2026-01-31 12:01:44,1779774,2362.000,3215.000,7329.000,13.000,53.000,-6.000,0.000,0.000,0
2026-01-31 12:01:44,1779815,2347.000,3190.000,7330.000,10.000,55.000,-7.000,0.000,0.000,0
2026-01-31 12:01:44,1779854,2361.000,3189.000,7310.000,40.000,60.000,-10.000,0.000,0.000,0
2026-01-31 12:01:44,1779894,2347.000,3209.000,7354.000,29.000,66.000,7.000,0.000,0.000,0
2026-01-31 12:01:44,1779934,2322.000,3206.000,7333.000,15.000,49.000,6.000,0.000,0.000,0
2026-01-31 12:01:44,1779974,2316.000,3223.000,7332.000,18.000,46.000,2.000,0.000,0.000,0
2026-01-31 12:01:44,1780015,2324.000,3232.000,7338.000,12.000,31.000,-7.000,0.000,0.000,0
2026-01-31 12:01:44,1780054,2331.000,3235.000,7339.000,-20.000,12.000,-1.000,0.000,0.000,0
2026-01-31 12:01:44,1780094,2338.000,3253.000,7345.000,-57.000,-16.000,8.000,0.000,0.000,0
2026-01-31 12:01:44,1780134,2355.000,3169.000,7325.000,-80.000,-18.000,13.000,0.000,0.000,0
2026-01-31 12:01:44,1780174,2349.000,3227.000,7336.000,-40.000,-10.000,15.000,0.000,0.000,0
2026-01-31 12:01:44,1780214,2337.000,3202.000,7314.000,-50.000,0.000,13.000,0.000,0.000,0
2026-01-31 12:01:44,1780254,2348.000,3205.000,7317.000,-1.000,28.000,15.000,0.000,0.000,0
2026-01-31 12:01:44,1780294,2332.000,3232.000,7343.000,-17.000,43.000,29.000,0.000,0.000,0
2026-01-31 12:01:44,1780334,2302.000,3190.000,7356.000,-14.000,44.000,35.000,0.000,0.000,0
2026-01-31 12:01:44,1780374,2314.000,3177.000,7356.000,-25.000,19.000,26.000,0.000,0.000,0
2026-01-31 12:01:45,1780414,2332.000,3170.000,7359.000,-3.000,-1.000,6.000,0.000,0.000,0
2026-01-31 12:01:45,1780454,2367.000,3187.000,7326.000,-26.000,-4.000,-3.000,0.000,0.000,0
2026-01-31 12:01:45,1780494,2345.000,3184.000,7325.000,3.000,22.000,1.000,0.000,0.000,0
2026-01-31 12:01:45,1780534,2285.000,3179.000,7384.000,-11.000,23.000,-1.000,0.000,0.000,0
2026-01-31 12:01:45,1780574,2365.000,3182.000,7324.000,-19.000,-14.000,-10.000,0.000,0.000,0
2026-01-31 12:01:45,1780614,2406.000,3218.000,7315.000,5.000,7.000,-19.000,0.000,0.000,0
2026-01-31 12:01:45,1780654,2339.000,3174.000,7337.000,23.000,37.000,-10.000,0.000,0.000,0
2026-01-31 12:01:45,1780694,2331.000,3210.000,7340.000,49.000,41.000,4.000,0.000,0.000,0
2026-01-31 12:01:45,1780734,2336.000,3201.000,7349.000,11.000,49.000,11.000,0.000,0.000,0
2026-01-31 12:01:45,1780774,2332.000,3175.000,7334.000,25.000,50.000,13.000,0.000,0.000,0
2026-01-31 12:01:45,1780814,2298.000,3202.000,7343.000,8.000,35.000,8.000,0.000,0.000,0
2026-01-31 12:01:45,1780854,2315.000,3240.000,7341.000,18.000,11.000,5.000,0.000,0.000,0
2026-01-31 12:01:45,1780894,2308.000,3215.000,7323.000,-14.000,11.000,1.000,0.000,0.000,0
2026-01-31 12:01:45,1780934,2300.000,3203.000,7337.000,0.000,4.000,-18.000,0.000,0.000,0
2026-01-31 12:01:45,1780974,2347.000,3245.000,7327.000,6.000,10.000,-18.000,0.000,0.000,0
2026-01-31 12:01:45,1781014,2329.000,3169.000,7337.000,-16.000,28.000,-10.000,0.000,0.000,0
2026-01-31 12:01:45,1781054,2309.000,3184.000,7338.000,-48.000,24.000,1.000,0.000,0.000,0
2026-01-31 12:01:45,1781094,2321.000,3183.000,7335.000,-13.000,10.000,-4.000,0.000,0.000,0
2026-01-31 12:01:45,1781134,2330.000,3210.000,7341.000,18.000,15.000,-1.000,0.000,0.000,0
2026-01-31 12:01:45,1781174,2323.000,3238.000,7346.000,-20.000,12.000,13.000,0.000,0.000,0
2026-01-31 12:01:45,1781214,2323.000,3200.000,7344.000,-19.000,4.000,10.000,0.000,0.000,0
2026-01-31 12:01:45,1781254,2303.000,3182.000,7339.000,-9.000,-5.000,1.000,0.000,0.000,0
2026-01-31 12:01:45,1781294,2321.000,3237.000,7357.000,-29.000,-24.000,0.000,0.000,0.000,0
2026-01-31 12:01:45,1781334,2323.000,3165.000,7323.000,-62.000,-22.000,2.000,0.000,0.000,0
2026-01-31 12:01:45,1781374,2288.000,3234.000,7358.000,11.000,-13.000,3.000,0.000,0.000,0
2026-01-31 12:01:46,1781414,2302.000,3182.000,7356.000,-81.000,-24.000,-2.000,0.000,0.000,0
2026-01-31 12:01:46,1781454,2358.000,3198.000,7333.000,-33.000,-42.000,-12.000,0.000,0.000,0
2026-01-31 12:01:46,1781494,2367.000,3244.000,7343.000,-15.000,-42.000,-7.000,0.000,0.000,0
2026-01-31 12:01:46,1781534,2348.000,3149.000,7363.000,-65.000,-33.000,4.000,0.000,0.000,0
2026-01-31 12:01:46,1781574,2377.000,3210.000,7341.000,-20.000,-29.000,10.000,0.000,0.000,0
2026-01-31 12:01:46,1781614,2347.000,3119.000,7337.000,-20.000,-16.000,8.000,0.000,0.000,0
2026-01-31 12:01:46,1781654,2345.000,3218.000,7374.000,-2.000,-33.000,9.000,0.000,0.000,0
2026-01-31 12:01:46,1781694,2329.000,3171.000,7347.000,-56.000,-37.000,7.000,0.000,0.000,0
2026-01-31 12:01:46,1781734,2322.000,3165.000,7347.000,-24.000,-52.000,-6.000,0.000,0.000,0
2026-01-31 12:01:46,1781774,2363.000,3240.000,7363.000,-93.000,-69.000,-15.000,0.000,0.000,0
2026-01-31 12:01:46,1781815,2346.000,3207.000,7342.000,-184.000,-82.000,-5.000,0.000,0.000,0
2026-01-31 12:01:46,1781854,2435.000,3285.000,7377.000,-176.000,-112.000,-14.000,0.000,0.000,0
2026-01-31 12:01:46,1781894,2488.000,3151.000,7347.000,-343.000,-127.000,-36.000,0.000,0.000,0
2026-01-31 12:01:46,1781934,2389.000,2925.000,7370.000,-354.000,-125.000,-63.000,0.000,0.000,0
2026-01-31 12:01:46,1781974,2506.000,3220.000,7437.000,-317.000,-187.000,-89.000,0.000,0.000,0
2026-01-31 12:01:46,1782015,2486.000,2970.000,7346.000,-710.000,-152.000,-158.000,0.000,0.000,0
2026-01-31 12:01:46,1782054,2472.000,2788.000,7360.000,-750.000,-100.000,-242.000,0.000,0.000,0
2026-01-31 12:01:46,1782094,2315.000,2944.000,7650.000,-986.000,-68.000,-282.000,0.000,0.000,0
2026-01-31 12:01:46,1782134,2352.000,2827.000,7527.000,-1436.000,-165.000,-410.000,0.000,0.000,0
2026-01-31 12:01:46,1782174,2517.000,2661.000,7486.000,-1534.000,-130.000,-470.000,0.000,0.000,0
2026-01-31 12:01:46,1782214,2420.000,2712.000,7793.000,-1894.000,-152.000,-600.000,0.000,0.000,0
2026-01-31 12:01:46,1782254,2586.000,2760.000,7721.000,-2645.000,-264.000,-655.000,0.000,0.000,0
2026-01-31 12:01:46,1782294,2287.000,2438.000,7837.000,-3250.000,-198.000,-760.000,0.000,0.000,0
2026-01-31 12:01:46,1782334,2446.000,2023.000,8053.000,-4180.000,-305.000,-861.000,0.000,0.000,0
2026-01-31 12:01:46,1782374,2375.000,1987.000,8212.000,-5327.000,-348.000,-953.000,0.000,0.000,0
2026-01-31 12:01:47,1782414,2576.000,740.000,8425.000,-6780.000,-366.000,-1149.000,0.000,0.000,0
2026-01-31 12:01:47,1782454,2385.000,-57.000,7732.000,-6685.000,-312.000,-1230.000,0.000,0.000,0
2026-01-31 12:01:47,1782494,2540.000,-167.000,7791.000,-6742.000,-431.000,-1300.000,0.000,0.000,0
2026-01-31 12:01:47,1782534,2963.000,-1435.000,8588.000,-6913.000,-285.000,-1577.000,0.000,0.000,0
2026-01-31 12:01:47,1782574,2428.000,-906.000,7830.000,-6896.000,-212.000,-1734.000,0.000,0.000,0
2026-01-31 12:01:47,1782614,2560.000,-2706.000,7946.000,-6689.000,-264.000,-2010.000,0.000,0.000,0
2026-01-31 12:01:47,1782654,2682.000,-2052.000,7492.000,-6492.000,-342.000,-1845.000,0.000,0.000,0
2026-01-31 12:01:47,1782694,2764.000,-3593.000,7154.000,-5933.000,-307.000,-1824.000,0.000,0.000,0
2026-01-31 12:01:47,1782734,2851.000,-3512.000,6821.000,-4331.000,-539.000,-1617.000,0.000,0.000,0
2026-01-31 12:01:47,1782774,3315.000,-4358.000,6980.000,-4306.000,-704.000,-1279.000,0.000,0.000,0
2026-01-31 12:01:47,1782814,3229.000,-3878.000,6432.000,-2733.000,-738.000,-977.000,0.000,0.000,0
2026-01-31 12:01:47,1782854,3233.000,-3861.000,6092.000,-2896.000,-657.000,-741.000,0.000,0.000,0
2026-01-31 12:01:47,1782894,3439.000,-4922.000,6205.000,-2055.000,-556.000,-711.000,0.000,0.000,0
2026-01-31 12:01:47,1782934,3484.000,-4047.000,6188.000,-1170.000,-584.000,-307.000,0.000,0.000,0
2026-01-31 12:01:47,1782974,3569.000,-4293.000,6361.000,-1280.000,-409.000,-133.000,0.000,0.000,0
2026-01-31 12:01:47,1783014,3527.000,-4619.000,6234.000,-675.000,-206.000,8.000,0.000,0.000,0
2026-01-31 12:01:47,1783054,3165.000,-4323.000,6086.000,-477.000,-58.000,163.000,0.000,0.000,0
2026-01-31 12:01:47,1783094,3218.000,-4841.000,6275.000,-31.000,-56.000,149.000,0.000,0.000,0
2026-01-31 12:01:47,1783134,3357.000,-4312.000,6196.000,460.000,39.000,299.000,0.000,0.000,0
2026-01-31 12:01:47,1783174,3432.000,-4730.000,6511.000,366.000,-26.000,102.000,0.000,0.000,0
2026-01-31 12:01:47,1783214,3464.000,-4491.000,6447.000,400.000,-86.000,126.000,0.000,0.000,0
2026-01-31 12:01:47,1783254,3450.000,-4326.000,6262.000,286.000,-113.000,72.000,0.000,0.000,0
2026-01-31 12:01:47,1783294,3467.000,-4553.000,6272.000,311.000,-210.000,36.000,0.000,0.000,0
2026-01-31 12:01:47,1783334,3479.000,-4405.000,6301.000,559.000,-142.000,25.000,0.000,0.000,0
2026-01-31 12:01:47,1783374,3480.000,-4243.000,6415.000,810.000,-158.000,56.000,0.000,0.000,0
2026-01-31 12:01:48,1783414,3526.000,-4218.000,6574.000,866.000,-174.000,99.000,0.000,0.000,0
2026-01-31 12:01:48,1783454,3488.000,-4232.000,6553.000,873.000,-170.000,166.000,0.000,0.000,0
2026-01-31 12:01:48,1783494,3431.000,-4487.000,6496.000,268.000,-198.000,192.000,0.000,0.000,0
2026-01-31 12:01:48,1783534,3416.000,-4077.000,6185.000,373.000,-165.000,118.000,0.000,0.000,0
2026-01-31 12:01:48,1783574,3568.000,-4186.000,6509.000,71.000,-135.000,-43.000,0.000,0.000,0
2026-01-31 12:01:48,1783614,3573.000,-4356.000,6628.000,224.000,-167.000,-103.000,0.000,0.000,0
2026-01-31 12:01:48,1783654,3331.000,-4024.000,6639.000,32.000,-169.000,-131.000,0.000,0.000,0
2026-01-31 12:01:48,1783694,3556.000,-3971.000,6754.000,89.000,-198.000,-153.000,0.000,0.000,0
2026-01-31 12:01:48,1783735,3477.000,-3701.000,6472.000,263.000,-30.000,-63.000,0.000,0.000,0
2026-01-31 12:01:48,1783774,3515.000,-4111.000,6510.000,-162.000,83.000,-74.000,0.000,0.000,0
2026-01-31 12:01:48,1783814,3594.000,-4481.000,6525.000,108.000,8.000,-85.000,0.000,0.000,0
2026-01-31 12:01:48,1783854,3457.000,-4464.000,6306.000,306.000,-39.000,-39.000,0.000,0.000,0
2026-01-31 12:01:48,1783894,3621.000,-4186.000,6258.000,954.000,-170.000,-4.000,0.000,0.000,0
2026-01-31 12:01:48,1783934,3928.000,-4086.000,6460.000,595.000,-295.000,303.000,0.000,0.000,0
2026-01-31 12:01:48,1783974,3667.000,-4327.000,6349.000,826.000,-203.000,328.000,0.000,0.000,0
2026-01-31 12:01:48,1784015,3331.000,-4098.000,6267.000,1720.000,-232.000,156.000,0.000,0.000,0
2026-01-31 12:01:48,1784054,3384.000,-3873.000,6519.000,2666.000,-311.000,-115.000,0.000,0.000,0
2026-01-31 12:01:48,1784094,3723.000,-3171.000,6881.000,2755.000,-288.000,-14.000,0.000,0.000,0
2026-01-31 12:01:48,1784134,4021.000,-2490.000,7377.000,1826.000,-131.000,82.000,0.000,0.000,0
2026-01-31 12:01:48,1784174,3820.000,-3215.000,7496.000,925.000,153.000,49.000,0.000,0.000,0
2026-01-31 12:01:48,1784214,3564.000,-2980.000,6943.000,762.000,29.000,211.000,0.000,0.000,0
2026-01-31 12:01:48,1784254,3783.000,-3119.000,7108.000,389.000,-23.000,112.000,0.000,0.000,0
2026-01-31 12:01:48,1784294,3654.000,-2968.000,6983.000,230.000,60.000,22.000,0.000,0.000,0
2026-01-31 12:01:48,1784334,3638.000,-3134.000,7053.000,-127.000,74.000,-47.000,0.000,0.000,0
2026-01-31 12:01:48,1784374,3508.000,-3327.000,6918.000,38.000,132.000,-198.000,0.000,0.000,0
2026-01-31 12:01:49,1784414,3508.000,-3010.000,6954.000,103.000,164.000,-167.000,0.000,0.000,0
2026-01-31 12:01:49,1784454,3731.000,-3039.000,7044.000,287.000,152.000,-112.000,0.000,0.000,0
2026-01-31 12:01:49,1784494,4050.000,-2818.000,7252.000,824.000,46.000,37.000,0.000,0.000,0
2026-01-31 12:01:49,1784534,4009.000,-2894.000,6895.000,170.000,256.000,163.000,0.000,0.000,0
2026-01-31 12:01:49,1784574,3919.000,-3272.000,6418.000,405.000,276.000,242.000,0.000,0.000,0
2026-01-31 12:01:49,1784614,3651.000,-3513.000,6907.000,685.000,169.000,251.000,0.000,0.000,0
2026-01-31 12:01:49,1784654,3388.000,-3334.000,6978.000,519.000,181.000,124.000,0.000,0.000,0
2026-01-31 12:01:49,1784694,3300.000,-2436.000,7290.000,898.000,34.000,-149.000,0.000,0.000,0
2026-01-31 12:01:49,1784734,3438.000,-2233.000,7803.000,1000.000,59.000,-226.000,0.000,0.000,0
2026-01-31 12:01:49,1784774,3337.000,-1663.000,7710.000,1080.000,132.000,-65.000,0.000,0.000,0
2026-01-31 12:01:49,1784814,3455.000,-2579.000,7787.000,230.000,133.000,-121.000,0.000,0.000,0
2026-01-31 12:01:49,1784854,3426.000,-2967.000,7126.000,29.000,3.000,-104.000,0.000,0.000,0
2026-01-31 12:01:49,1784894,3738.000,-2668.000,7151.000,-34.000,-260.000,-19.000,0.000,0.000,0
2026-01-31 12:01:49,1784934,3968.000,-2616.000,7042.000,-8.000,-262.000,39.000,0.000,0.000,0
2026-01-31 12:01:49,1784974,3908.000,-2360.000,6879.000,159.000,-121.000,94.000,0.000,0.000,0
2026-01-31 12:01:49,1785014,3651.000,-2754.000,7111.000,-149.000,30.000,66.000,0.000,0.000,0
2026-01-31 12:01:49,1785054,3460.000,-2333.000,7227.000,264.000,19.000,74.000,0.000,0.000,0
2026-01-31 12:01:49,1785094,3275.000,-2221.000,7394.000,143.000,182.000,-6.000,0.000,0.000,0
2026-01-31 12:01:49,1785134,3323.000,-2350.000,7557.000,287.000,247.000,-4.000,0.000,0.000,0
2026-01-31 12:01:49,1785174,3471.000,-2053.000,7668.000,445.000,149.000,31.000,0.000,0.000,0
2026-01-31 12:01:49,1785214,3731.000,-2174.000,7644.000,130.000,51.000,44.000,0.000,0.000,0
2026-01-31 12:01:49,1785254,3597.000,-2363.000,7217.000,-177.000,26.000,30.000,0.000,0.000,0
2026-01-31 12:01:49,1785294,3579.000,-2873.000,7135.000,-385.000,-92.000,-68.000,0.000,0.000,0
2026-01-31 12:01:49,1785334,3499.000,-3006.000,7123.000,-442.000,-225.000,-103.000,0.000,0.000,0
2026-01-31 12:01:49,1785374,3406.000,-3023.000,6972.000,-547.000,-251.000,-119.000,0.000,0.000,0
2026-01-31 12:01:50,1785414,3782.000,-2580.000,7081.000,31.000,-298.000,-130.000,0.000,0.000,0
2026-01-31 12:01:50,1785454,3769.000,-2119.000,7366.000,172.000,17.000,-132.000,0.000,0.000,0
2026-01-31 12:01:50,1785494,3538.000,-2421.000,7174.000,-76.000,300.000,-144.000,0.000,0.000,0
2026-01-31 12:01:50,1785534,3292.000,-2752.000,7208.000,204.000,320.000,-80.000,0.000,0.000,0
2026-01-31 12:01:50,1785574,3477.000,-2618.000,7589.000,553.000,109.000,31.000,0.000,0.000,0
2026-01-31 12:01:50,1785614,3709.000,-2125.000,7354.000,441.000,-46.000,132.000,0.000,0.000,0
2026-01-31 12:01:50,1785654,3839.000,-2540.000,7432.000,-78.000,-174.000,126.000,0.000,0.000,0
2026-01-31 12:01:50,1785694,3843.000,-2544.000,7124.000,-151.000,-176.000,31.000,0.000,0.000,0
2026-01-31 12:01:50,1785734,3832.000,-2479.000,6864.000,-215.000,-132.000,105.000,0.000,0.000,0
2026-01-31 12:01:50,1785775,3490.000,-2767.000,7151.000,10.000,-41.000,153.000,0.000,0.000,0
2026-01-31 12:01:50,1785814,3381.000,-2410.000,7073.000,610.000,91.000,146.000,0.000,0.000,0
2026-01-31 12:01:50,1785854,3568.000,-2259.000,7381.000,634.000,393.000,111.000,0.000,0.000,0
2026-01-31 12:01:50,1785894,3510.000,-2726.000,7298.000,380.000,509.000,180.000,0.000,0.000,0
2026-01-31 12:01:50,1785934,3433.000,-2136.000,7046.000,1015.000,393.000,217.000,0.000,0.000,0
2026-01-31 12:01:50,1785974,3601.000,-2268.000,7723.000,1018.000,314.000,101.000,0.000,0.000,0
2026-01-31 12:01:50,1786015,3574.000,-1682.000,7674.000,983.000,224.000,93.000,0.000,0.000,0
2026-01-31 12:01:50,1786054,3134.000,-1960.000,7641.000,424.000,124.000,-43.000,0.000,0.000,0
2026-01-31 12:01:50,1786094,3146.000,-2384.000,7603.000,367.000,-5.000,-65.000,0.000,0.000,0
2026-01-31 12:01:50,1786134,3142.000,-1468.000,7460.000,411.000,-154.000,-12.000,0.000,0.000,0
2026-01-31 12:01:50,1786174,3291.000,-2213.000,8214.000,-489.000,-347.000,-133.000,0.000,0.000,0
2026-01-31 12:01:50,1786214,3457.000,-1492.000,7602.000,-372.000,-751.000,-169.000,0.000,0.000,0
2026-01-31 12:01:50,1786254,3802.000,-2193.000,7641.000,-1375.000,-1119.000,-248.000,0.000,0.000,0
2026-01-31 12:01:50,1786294,3849.000,-1908.000,7101.000,-1283.000,-1334.000,-34.000,0.000,0.000,0
2026-01-31 12:01:50,1786334,3941.000,-2357.000,7476.000,-1575.000,-1475.000,-52.000,0.000,0.000,0
2026-01-31 12:01:50,1786374,4351.000,-2704.000,7081.000,-1819.000,-1478.000,99.000,0.000,0.000,0
2026-01-31 12:01:51,1786414,4411.000,-3172.000,6354.000,-1773.000,-1441.000,326.000,0.000,0.000,0
2026-01-31 12:01:51,1786454,4869.000,-3302.000,6328.000,-1092.000,-1547.000,565.000,0.000,0.000,0
2026-01-31 12:01:51,1786494,4500.000,-3298.000,6468.000,-906.000,-1404.000,784.000,0.000,0.000,0
2026-01-31 12:01:51,1786534,3997.000,-3353.000,6564.000,-223.000,-1440.000,714.000,0.000,0.000,0
2026-01-31 12:01:51,1786574,4891.000,-2735.000,6574.000,986.000,-1760.000,827.000,0.000,0.000,0
2026-01-31 12:01:51,1786614,5282.000,-1707.000,7003.000,381.000,-1757.000,1118.000,0.000,0.000,0
2026-01-31 12:01:51,1786654,5361.000,-2706.000,6424.000,-1204.000,-1063.000,1328.000,0.000,0.000,0
2026-01-31 12:01:51,1786694,4397.000,-2994.000,5062.000,-829.000,-193.000,773.000,0.000,0.000,0
2026-01-31 12:01:51,1786734,4212.000,-3388.000,5171.000,-1071.000,-187.000,581.000,0.000,0.000,0
2026-01-31 12:01:51,1786774,4514.000,-3905.000,6070.000,14.000,-289.000,701.000,0.000,0.000,0
2026-01-31 12:01:51,1786814,4241.000,-3666.000,6404.000,889.000,-431.000,858.000,0.000,0.000,0
2026-01-31 12:01:51,1786854,4873.000,-3528.000,7075.000,469.000,-683.000,998.000,0.000,0.000,0
2026-01-31 12:01:51,1786894,5724.000,-3474.000,7433.000,127.000,-645.000,1127.000,0.000,0.000,0
2026-01-31 12:01:51,1786934,4785.000,-3391.000,6702.000,-448.000,-274.000,1117.000,0.000,0.000,0
2026-01-31 12:01:51,1786974,5240.000,-3868.000,6744.000,-423.000,-361.000,1137.000,0.000,0.000,0
2026-01-31 12:01:51,1787014,4358.000,-4192.000,5513.000,-1015.000,143.000,1120.000,0.000,0.000,0
2026-01-31 12:01:51,1787054,4326.000,-4475.000,5098.000,-439.000,103.000,912.000,0.000,0.000,0
2026-01-31 12:01:51,1787094,4320.000,-3833.000,5244.000,960.000,110.000,897.000,0.000,0.000,0
2026-01-31 12:01:51,1787134,4340.000,-3597.000,6322.000,1724.000,342.000,798.000,0.000,0.000,0
2026-01-31 12:01:51,1787174,4590.000,-3560.000,6298.000,1529.000,268.000,791.000,0.000,0.000,0
2026-01-31 12:01:51,1787214,4396.000,-3448.000,5462.000,1251.000,99.000,933.000,0.000,0.000,0
2026-01-31 12:01:51,1787254,3863.000,-3833.000,4785.000,65.000,-97.000,1358.000,0.000,0.000,0
2026-01-31 12:01:51,1787294,4062.000,-4004.000,5083.000,482.000,-923.000,1199.000,0.000,0.000,0
2026-01-31 12:01:51,1787334,4026.000,-3645.000,5633.000,1231.000,-1537.000,1160.000,0.000,0.000,0
2026-01-31 12:01:51,1787374,4384.000,-3500.000,6143.000,429.000,-1915.000,1211.000,0.000,0.000,0
2026-01-31 12:01:52,1787414,4454.000,-3587.000,6265.000,-474.000,-1634.000,990.000,0.000,0.000,0
2026-01-31 12:01:52,1787454,4550.000,-3839.000,6394.000,-299.000,-1427.000,1017.000,0.000,0.000,0
2026-01-31 12:01:52,1787494,4407.000,-3863.000,6033.000,301.000,-1016.000,859.000,0.000,0.000,0
2026-01-31 12:01:52,1787534,4849.000,-3792.000,6303.000,303.000,-957.000,801.000,0.000,0.000,0
2026-01-31 12:01:52,1787574,4630.000,-3967.000,5985.000,83.000,-836.000,928.000,0.000,0.000,0
2026-01-31 12:01:52,1787614,4487.000,-4030.000,5458.000,528.000,-770.000,739.000,0.000,0.000,0
2026-01-31 12:01:52,1787654,4826.000,-3824.000,5765.000,657.000,-822.000,447.000,0.000,0.000,0
2026-01-31 12:01:52,1787694,4765.000,-3877.000,5467.000,641.000,-735.000,422.000,0.000,0.000,0
2026-01-31 12:01:52,1787734,5104.000,-3884.000,5737.000,754.000,-849.000,353.000,0.000,0.000,0
2026-01-31 12:01:52,1787774,5038.000,-3920.000,5951.000,-45.000,-972.000,475.000,0.000,0.000,0
2026-01-31 12:01:52,1787814,5396.000,-4315.000,6164.000,-477.000,-1002.000,722.000,0.000,0.000,0
2026-01-31 12:01:52,1787854,5212.000,-4481.000,5746.000,-207.000,-579.000,824.000,0.000,0.000,0
2026-01-31 12:01:52,1787894,5118.000,-4132.000,5714.000,409.000,-271.000,731.000,0.000,0.000,0
2026-01-31 12:01:52,1787934,5293.000,-4089.000,5870.000,345.000,-237.000,967.000,0.000,0.000,0
2026-01-31 12:01:52,1787974,4932.000,-4077.000,5664.000,377.000,-174.000,1081.000,0.000,0.000,0
2026-01-31 12:01:52,1788016,5081.000,-4327.000,5955.000,194.000,-172.000,989.000,0.000,0.000,0
2026-01-31 12:01:52,1788054,5004.000,-4350.000,5591.000,166.000,110.000,1114.000,0.000,0.000,0
2026-01-31 12:01:52,1788094,4378.000,-4372.000,5602.000,108.000,436.000,1247.000,0.000,0.000,0
2026-01-31 12:01:52,1788134,4143.000,-4115.000,5290.000,729.000,306.000,1168.000,0.000,0.000,0
2026-01-31 12:01:52,1788174,3721.000,-3918.000,5554.000,923.000,144.000,633.000,0.000,0.000,0
2026-01-31 12:01:52,1788214,4684.000,-4033.000,5815.000,258.000,-288.000,525.000,0.000,0.000,0
2026-01-31 12:01:52,1788254,3962.000,-4510.000,5564.000,-61.000,138.000,260.000,0.000,0.000,0
2026-01-31 12:01:52,1788294,4227.000,-4303.000,5809.000,56.000,-2.000,-108.000,0.000,0.000,0
2026-01-31 12:01:52,1788334,4448.000,-4586.000,5899.000,-563.000,35.000,-74.000,0.000,0.000,0
2026-01-31 12:01:52,1788374,4065.000,-4740.000,5764.000,-394.000,157.000,29.000,0.000,0.000,0
2026-01-31 12:01:53,1788414,3995.000,-4591.000,5849.000,-37.000,176.000,94.000,0.000,0.000,0
2026-01-31 12:01:53,1788454,3902.000,-4418.000,5903.000,-51.000,18.000,-61.000,0.000,0.000,0
2026-01-31 12:01:53,1788494,4165.000,-4493.000,5759.000,-348.000,1.000,250.000,0.000,0.000,0
2026-01-31 12:01:53,1788534,4086.000,-4034.000,5836.000,379.000,104.000,214.000,0.000,0.000,0
2026-01-31 12:01:53,1788574,4227.000,-4012.000,5952.000,-196.000,-31.000,-40.000,0.000,0.000,0
2026-01-31 12:01:53,1788614,3941.000,-4341.000,5707.000,-464.000,113.000,-143.000,0.000,0.000,0
2026-01-31 12:01:53,1788654,4032.000,-4237.000,5819.000,-196.000,96.000,-414.000,0.000,0.000,0
2026-01-31 12:01:53,1788694,4490.000,-4242.000,5894.000,-332.000,-131.000,-557.000,0.000,0.000,0
2026-01-31 12:01:53,1788734,4879.000,-4531.000,5836.000,-724.000,-229.000,-566.000,0.000,0.000,0
2026-01-31 12:01:53,1788774,5094.000,-4755.000,5391.000,-375.000,122.000,-456.000,0.000,0.000,0
2026-01-31 12:01:53,1788814,4525.000,-4547.000,5353.000,342.000,551.000,-642.000,0.000,0.000,0
2026-01-31 12:01:53,1788854,4379.000,-4294.000,5600.000,342.000,320.000,-732.000,0.000,0.000,0
2026-01-31 12:01:53,1788894,4357.000,-4569.000,5414.000,-392.000,104.000,-467.000,0.000,0.000,0
2026-01-31 12:01:53,1788934,4333.000,-4442.000,5626.000,-6.000,-182.000,-302.000,0.000,0.000,0
2026-01-31 12:01:53,1788974,4409.000,-4407.000,5629.000,-50.000,-206.000,-189.000,0.000,0.000,0
2026-01-31 12:01:53,1789014,4800.000,-4215.000,5904.000,-120.000,-524.000,-243.000,0.000,0.000,0
2026-01-31 12:01:53,1789054,5228.000,-4468.000,5778.000,-559.000,-409.000,-134.000,0.000,0.000,0
2026-01-31 12:01:53,1789094,5265.000,-4563.000,5366.000,-54.000,62.000,-212.000,0.000,0.000,0
2026-01-31 12:01:53,1789134,5075.000,-4488.000,5316.000,358.000,500.000,-504.000,0.000,0.000,0
2026-01-31 12:01:53,1789174,4603.000,-4452.000,5020.000,482.000,572.000,-681.000,0.000,0.000,0
2026-01-31 12:01:53,1789214,4174.000,-4561.000,5368.000,190.000,249.000,-656.000,0.000,0.000,0
2026-01-31 12:01:53,1789254,4519.000,-4620.000,5517.000,-424.000,-322.000,-230.000,0.000,0.000,0
2026-01-31 12:01:53,1789294,4653.000,-4990.000,5459.000,-985.000,-331.000,83.000,0.000,0.000,0
2026-01-31 12:01:53,1789334,5001.000,-4664.000,6026.000,-620.000,-359.000,-102.000,0.000,0.000,0
2026-01-31 12:01:53,1789374,5612.000,-4376.000,6240.000,-1268.000,-287.000,196.000,0.000,0.000,0
2026-01-31 12:01:54,1789414,5248.000,-4941.000,5763.000,-1518.000,285.000,-269.000,0.000,0.000,0
2026-01-31 12:01:54,1789454,4933.000,-4720.000,6348.000,-671.000,818.000,-688.000,0.000,0.000,0
2026-01-31 12:01:54,1789494,4615.000,-4602.000,6063.000,-555.000,1457.000,-609.000,0.000,0.000,0
2026-01-31 12:01:54,1789534,4336.000,-4589.000,6093.000,-342.000,1961.000,-790.000,0.000,0.000,0
2026-01-31 12:01:54,1789574,4228.000,-4540.000,6081.000,-215.000,2336.000,-785.000,0.000,0.000,0
2026-01-31 12:01:54,1789614,3834.000,-4183.000,5939.000,254.000,2818.000,-817.000,0.000,0.000,0
2026-01-31 12:01:54,1789654,3214.000,-3847.000,6643.000,403.000,2845.000,-1200.000,0.000,0.000,0
2026-01-31 12:01:54,1789694,3237.000,-3833.000,6324.000,-96.000,2946.000,-1024.000,0.000,0.000,0
2026-01-31 12:01:54,1789735,2763.000,-3520.000,6172.000,540.000,3140.000,-1431.000,0.000,0.000,0
2026-01-31 12:01:54,1789774,3178.000,-3361.000,6206.000,521.000,2994.000,-1332.000,0.000,0.000,0
2026-01-31 12:01:54,1789814,3090.000,-3552.000,6211.000,759.000,2739.000,-1277.000,0.000,0.000,0
2026-01-31 12:01:54,1789854,3367.000,-3076.000,6226.000,937.000,2670.000,-1104.000,0.000,0.000,0
2026-01-31 12:01:54,1789894,3317.000,-3212.000,6576.000,474.000,2759.000,-720.000,0.000,0.000,0
2026-01-31 12:01:54,1789934,3023.000,-3390.000,6699.000,1909.000,2672.000,-680.000,0.000,0.000,0
2026-01-31 12:01:54,1789974,2893.000,-2511.000,6890.000,3092.000,2583.000,-1016.000,0.000,0.000,0
2026-01-31 12:01:54,1790015,2449.000,-2088.000,7272.000,2258.000,2477.000,-1410.000,0.000,0.000,0
2026-01-31 12:01:54,1790054,2517.000,-2598.000,7284.000,1502.000,2277.000,-1716.000,0.000,0.000,0
2026-01-31 12:01:54,1790094,1914.000,-2395.000,6973.000,2495.000,2000.000,-2244.000,0.000,0.000,0
2026-01-31 12:01:54,1790134,2072.000,-1849.000,7250.000,2147.000,1503.000,-2375.000,0.000,0.000,0
2026-01-31 12:01:54,1790174,1883.000,-1968.000,7218.000,1243.000,905.000,-2137.000,0.000,0.000,0
2026-01-31 12:01:54,1790214,2221.000,-2401.000,7137.000,1395.000,365.000,-2165.000,0.000,0.000,0
2026-01-31 12:01:54,1790254,2182.000,-2198.000,7572.000,2526.000,215.000,-1995.000,0.000,0.000,0
2026-01-31 12:01:54,1790294,2547.000,-1794.000,7945.000,2507.000,33.000,-1377.000,0.000,0.000,0
2026-01-31 12:01:54,1790334,2380.000,-1742.000,8027.000,2308.000,-67.000,-1139.000,0.000,0.000,0
2026-01-31 12:01:54,1790374,3374.000,-1392.000,8448.000,2290.000,-399.000,-883.000,0.000,0.000,0
2026-01-31 12:01:55,1790414,3147.000,-1243.000,8481.000,2065.000,-40.000,-605.000,0.000,0.000,0
2026-01-31 12:01:55,1790454,3343.000,-690.000,8618.000,1995.000,-47.000,-325.000,0.000,0.000,0
2026-01-31 12:01:55,1790494,3046.000,-265.000,9175.000,1086.000,-205.000,-295.000,0.000,0.000,0
2026-01-31 12:01:55,1790534,3155.000,-194.000,9107.000,135.000,-517.000,-194.000,0.000,0.000,0
2026-01-31 12:01:55,1790574,3526.000,-199.000,8505.000,-807.000,-290.000,-512.000,0.000,0.000,0
2026-01-31 12:01:55,1790614,3381.000,-627.000,7724.000,-491.000,-100.000,-808.000,0.000,0.000,0
2026-01-31 12:01:55,1790654,3360.000,40.000,8147.000,172.000,-389.000,-1086.000,0.000,0.000,0
2026-01-31 12:01:55,1790694,3361.000,103.000,7747.000,-295.000,-446.000,-781.000,0.000,0.000,0
2026-01-31 12:01:55,1790734,3379.000,10.000,7644.000,-143.000,-484.000,-425.000,0.000,0.000,0
2026-01-31 12:01:55,1790774,3155.000,764.000,7999.000,833.000,-543.000,-349.000,0.000,0.000,0
2026-01-31 12:01:55,1790814,3613.000,873.000,8210.000,549.000,-720.000,-274.000,0.000,0.000,0
2026-01-31 12:01:55,1790854,2866.000,311.000,7365.000,778.000,-71.000,-78.000,0.000,0.000,0
2026-01-31 12:01:55,1790894,2593.000,418.000,7095.000,1043.000,207.000,-266.000,0.000,0.000,0
2026-01-31 12:01:55,1790934,3042.000,438.000,6913.000,543.000,-291.000,-406.000,0.000,0.000,0
2026-01-31 12:01:55,1790974,3064.000,163.000,7108.000,264.000,-517.000,-412.000,0.000,0.000,0
2026-01-31 12:01:55,1791014,2281.000,926.000,9887.000,-1078.000,-979.000,-195.000,0.000,0.000,0
2026-01-31 12:01:55,1791054,3410.000,-940.000,8714.000,-1750.000,-1466.000,-12.000,0.000,0.000,0
2026-01-31 12:01:55,1791094,3137.000,176.000,7890.000,428.000,-84.000,-364.000,0.000,0.000,0
2026-01-31 12:01:55,1791134,3289.000,64.000,8793.000,204.000,511.000,-1006.000,0.000,0.000,0
2026-01-31 12:01:55,1791174,3562.000,495.000,7819.000,821.000,512.000,-1285.000,0.000,0.000,0
2026-01-31 12:01:55,1791214,2755.000,401.000,7617.000,-92.000,648.000,-1185.000,0.000,0.000,0
2026-01-31 12:01:55,1791254,2848.000,-366.000,7888.000,158.000,218.000,-1092.000,0.000,0.000,0
2026-01-31 12:01:55,1791294,2778.000,6.000,7992.000,289.000,159.000,-800.000,0.000,0.000,0
2026-01-31 12:01:55,1791334,2861.000,-84.000,7872.000,-83.000,195.000,-427.000,0.000,0.000,0
2026-01-31 12:01:55,1791374,2746.000,117.000,7757.000,272.000,219.000,-133.000,0.000,0.000,0
2026-01-31 12:01:56,1791414,2760.000,360.000,7854.000,544.000,64.000,-96.000,0.000,0.000,0
2026-01-31 12:01:56,1791454,2935.000,678.000,7846.000,357.000,-24.000,43.000,0.000,0.000,0
2026-01-31 12:01:56,1791494,2983.000,528.000,7839.000,-9.000,0.000,90.000,0.000,0.000,0
2026-01-31 12:01:56,1791534,2999.000,715.000,7900.000,234.000,-6.000,-17.000,0.000,0.000,0
2026-01-31 12:01:56,1791574,2840.000,717.000,7857.000,167.000,6.000,-160.000,0.000,0.000,0
2026-01-31 12:01:56,1791614,2974.000,646.000,7901.000,78.000,-20.000,-215.000,0.000,0.000,0
2026-01-31 12:01:56,1791654,2974.000,468.000,7879.000,26.000,3.000,-243.000,0.000,0.000,0
2026-01-31 12:01:56,1791694,2941.000,504.000,7875.000,-11.000,25.000,-189.000,0.000,0.000,0
2026-01-31 12:01:56,1791735,2832.000,401.000,7803.000,-125.000,17.000,-102.000,0.000,0.000,0
2026-01-31 12:01:56,1791774,2853.000,469.000,7820.000,31.000,-81.000,-44.000,0.000,0.000,0
2026-01-31 12:01:56,1791814,2889.000,483.000,7856.000,-109.000,-144.000,4.000,0.000,0.000,0
2026-01-31 12:01:56,1791854,2937.000,539.000,7947.000,-108.000,-175.000,30.000,0.000,0.000,0
2026-01-31 12:01:56,1791894,2855.000,431.000,7900.000,-117.000,-121.000,-25.000,0.000,0.000,0
2026-01-31 12:01:56,1791934,2898.000,508.000,7948.000,89.000,-102.000,-28.000,0.000,0.000,0
2026-01-31 12:01:56,1791974,2757.000,516.000,7903.000,-100.000,-57.000,15.000,0.000,0.000,0
2026-01-31 12:01:56,1792016,2923.000,580.000,7884.000,119.000,-121.000,-18.000,0.000,0.000,0
2026-01-31 12:01:56,1792054,2870.000,634.000,7895.000,-85.000,-118.000,-46.000,0.000,0.000,0
2026-01-31 12:01:56,1792094,2937.000,556.000,7768.000,-60.000,-151.000,-122.000,0.000,0.000,0
2026-01-31 12:01:56,1792134,3014.000,577.000,7870.000,40.000,-197.000,-185.000,0.000,0.000,0
2026-01-31 12:01:56,1792174,2972.000,502.000,7837.000,-138.000,-211.000,-134.000,0.000,0.000,0
2026-01-31 12:01:56,1792214,2995.000,383.000,7826.000,-163.000,-225.000,-87.000,0.000,0.000,0
2026-01-31 12:01:56,1792254,3012.000,550.000,7906.000,-102.000,-223.000,-26.000,0.000,0.000,0
2026-01-31 12:01:56,1792294,3023.000,492.000,7858.000,-200.000,-200.000,5.000,0.000,0.000,0
2026-01-31 12:01:56,1792334,3031.000,551.000,7901.000,-149.000,-167.000,-27.000,0.000,0.000,0
2026-01-31 12:01:56,1792374,3113.000,470.000,7857.000,-126.000,-143.000,-90.000,0.000,0.000,0
2026-01-31 12:01:57,1792414,3088.000,393.000,7900.000,-97.000,-53.000,-117.000,0.000,0.000,0
2026-01-31 12:01:57,1792454,3080.000,370.000,7818.000,-46.000,-19.000,-100.000,0.000,0.000,0
2026-01-31 12:01:57,1792494,3128.000,440.000,7821.000,-19.000,-28.000,-71.000,0.000,0.000,0
2026-01-31 12:01:57,1792534,3135.000,444.000,7801.000,-66.000,-41.000,-51.000,0.000,0.000,0
2026-01-31 12:01:57,1792574,3131.000,436.000,7785.000,-35.000,-39.000,-54.000,0.000,0.000,0
2026-01-31 12:01:57,1792614,3115.000,412.000,7796.000,-33.000,-43.000,-73.000,0.000,0.000,0
2026-01-31 12:01:57,1792654,3131.000,480.000,7807.000,-7.000,-70.000,-62.000,0.000,0.000,0
2026-01-31 12:01:57,1792694,3174.000,416.000,7818.000,-104.000,-76.000,-12.000,0.000,0.000,0
2026-01-31 12:01:57,1792734,3143.000,388.000,7818.000,-40.000,-55.000,12.000,0.000,0.000,0
2026-01-31 12:01:57,1792774,3141.000,437.000,7829.000,-33.000,-47.000,27.000,0.000,0.000,0
2026-01-31 12:01:57,1792814,3121.000,432.000,7800.000,-19.000,-4.000,16.000,0.000,0.000,0
2026-01-31 12:01:57,1792854,3147.000,476.000,7794.000,2.000,-21.000,1.000,0.000,0.000,0
2026-01-31 12:01:57,1792894,3095.000,451.000,7799.000,-64.000,-29.000,3.000,0.000,0.000,0
2026-01-31 12:01:57,1792934,3141.000,410.000,7838.000,-66.000,-46.000,-2.000,0.000,0.000,0
2026-01-31 12:01:57,1792974,3123.000,422.000,7830.000,-32.000,-10.000,-1.000,0.000,0.000,0
2026-01-31 12:01:57,1793014,3131.000,407.000,7825.000,-17.000,4.000,-11.000,0.000,0.000,0
2026-01-31 12:01:57,1793054,3155.000,455.000,7810.000,8.000,16.000,4.000,0.000,0.000,0
2026-01-31 12:01:57,1793094,3113.000,423.000,7775.000,-15.000,26.000,-1.000,0.000,0.000,0
2026-01-31 12:01:57,1793134,3084.000,460.000,7785.000,-1.000,4.000,-26.000,0.000,0.000,0
2026-01-31 12:01:57,1793174,3162.000,390.000,7777.000,-64.000,-37.000,-25.000,0.000,0.000,0
2026-01-31 12:01:57,1793214,3151.000,429.000,7800.000,-36.000,-59.000,-4.000,0.000,0.000,0
2026-01-31 12:01:57,1793254,3138.000,391.000,7788.000,-39.000,-64.000,-4.000,0.000,0.000,0
2026-01-31 12:01:57,1793294,3134.000,402.000,7809.000,21.000,-58.000,-13.000,0.000,0.000,0
2026-01-31 12:01:57,1793334,3160.000,448.000,7821.000,9.000,-58.000,-1.000,0.000,0.000,0
2026-01-31 12:01:57,1793374,3182.000,427.000,7790.000,-63.000,-16.000,15.000,0.000,0.000,0
2026-01-31 12:01:58,1793414,3148.000,427.000,7742.000,-4.000,-15.000,-31.000,0.000,0.000,0
2026-01-31 12:01:58,1793454,3163.000,463.000,7764.000,-9.000,-63.000,-56.000,0.000,0.000,0
2026-01-31 12:01:58,1793494,3165.000,363.000,7747.000,-137.000,-89.000,-38.000,0.000,0.000,0
2026-01-31 12:01:58,1793534,3226.000,354.000,7776.000,-14.000,-113.000,-46.000,0.000,0.000,0
2026-01-31 12:01:58,1793574,3218.000,347.000,7793.000,-157.000,-87.000,-8.000,0.000,0.000,0
2026-01-31 12:01:58,1793614,3214.000,376.000,7787.000,-50.000,-61.000,9.000,0.000,0.000,0
2026-01-31 12:01:58,1793654,3217.000,427.000,7783.000,-54.000,-51.000,2.000,0.000,0.000,0
2026-01-31 12:01:58,1793694,3223.000,402.000,7756.000,-78.000,-35.000,-16.000,0.000,0.000,0
2026-01-31 12:01:58,1793734,3241.000,391.000,7746.000,-34.000,-57.000,-60.000,0.000,0.000,0
2026-01-31 12:01:58,1793774,3270.000,414.000,7752.000,-85.000,-65.000,-48.000,0.000,0.000,0
2026-01-31 12:01:58,1793815,3227.000,305.000,7752.000,-118.000,-58.000,-56.000,0.000,0.000,0
2026-01-31 12:01:58,1793854,3258.000,351.000,7770.000,-40.000,-79.000,-57.000,0.000,0.000,0
2026-01-31 12:01:58,1793894,3292.000,331.000,7767.000,-142.000,-71.000,-9.000,0.000,0.000,0
2026-01-31 12:01:58,1793934,3306.000,285.000,7788.000,-45.000,-58.000,-10.000,0.000,0.000,0
2026-01-31 12:01:58,1793974,3301.000,333.000,7756.000,-43.000,4.000,12.000,0.000,0.000,0
2026-01-31 12:01:58,1794015,3275.000,314.000,7747.000,28.000,16.000,2.000,0.000,0.000,0
2026-01-31 12:01:58,1794054,3311.000,318.000,7726.000,18.000,-11.000,14.000,0.000,0.000,0
2026-01-31 12:01:58,1794094,3310.000,200.000,7786.000,33.000,0.000,42.000,0.000,0.000,0
2026-01-31 12:01:58,1794134,3360.000,260.000,7819.000,91.000,22.000,102.000,0.000,0.000,0
2026-01-31 12:01:58,1794174,3288.000,213.000,7764.000,100.000,107.000,170.000,0.000,0.000,0
2026-01-31 12:01:58,1794214,3255.000,297.000,7782.000,269.000,137.000,163.000,0.000,0.000,0
2026-01-31 12:01:58,1794254,3304.000,345.000,7799.000,281.000,149.000,177.000,0.000,0.000,0
2026-01-31 12:01:58,1794294,3274.000,392.000,7744.000,287.000,185.000,238.000,0.000,0.000,0
2026-01-31 12:01:58,1794334,3193.000,598.000,7726.000,254.000,188.000,243.000,0.000,0.000,0
2026-01-31 12:01:58,1794374,3115.000,717.000,7692.000,139.000,105.000,160.000,0.000,0.000,0
2026-01-31 12:01:59,1794414,3178.000,521.000,7718.000,17.000,14.000,57.000,0.000,0.000,0
2026-01-31 12:01:59,1794454,3182.000,574.000,7757.000,73.000,-15.000,-19.000,0.000,0.000,0
2026-01-31 12:01:59,1794494,3164.000,474.000,7761.000,-33.000,-19.000,-36.000,0.000,0.000,0
2026-01-31 12:01:59,1794534,3223.000,470.000,7786.000,-17.000,-42.000,-38.000,0.000,0.000,0
2026-01-31 12:01:59,1794574,3192.000,399.000,7752.000,-43.000,-36.000,-41.000,0.000,0.000,0
2026-01-31 12:01:59,1794614,3153.000,503.000,7755.000,-7.000,-51.000,-49.000,0.000,0.000,0
2026-01-31 12:01:59,1794654,3197.000,437.000,7785.000,-77.000,-89.000,-56.000,0.000,0.000,0
2026-01-31 12:01:59,1794694,3249.000,460.000,7822.000,-31.000,-75.000,-44.000,0.000,0.000,0
2026-01-31 12:01:59,1794734,3168.000,467.000,7778.000,-53.000,-21.000,-30.000,0.000,0.000,0
2026-01-31 12:01:59,1794774,3273.000,468.000,7791.000,-60.000,-17.000,-47.000,0.000,0.000,0
2026-01-31 12:01:59,1794814,3261.000,405.000,7720.000,-50.000,7.000,-58.000,0.000,0.000,0
2026-01-31 12:01:59,1794854,3228.000,441.000,7707.000,-45.000,-11.000,-79.000,0.000,0.000,0
2026-01-31 12:01:59,1794894,3283.000,378.000,7712.000,-50.000,-70.000,-71.000,0.000,0.000,0
2026-01-31 12:01:59,1794934,3291.000,367.000,7749.000,-64.000,-96.000,-29.000,0.000,0.000,0
2026-01-31 12:01:59,1794974,3333.000,369.000,7753.000,-53.000,-76.000,3.000,0.000,0.000,0
2026-01-31 12:01:59,1795014,3271.000,441.000,7747.000,-56.000,-51.000,21.000,0.000,0.000,0
2026-01-31 12:01:59,1795054,3301.000,405.000,7763.000,-48.000,-53.000,20.000,0.000,0.000,0
2026-01-31 12:01:59,1795094,3272.000,445.000,7755.000,-23.000,-28.000,10.000,0.000,0.000,0
2026-01-31 12:01:59,1795134,3322.000,380.000,7765.000,-57.000,-20.000,2.000,0.000,0.000,0
2026-01-31 12:01:59,1795174,3288.000,404.000,7740.000,7.000,15.000,-6.000,0.000,0.000,0
2026-01-31 12:01:59,1795214,3321.000,403.000,7731.000,-26.000,15.000,-8.000,0.000,0.000,0
2026-01-31 12:01:59,1795254,3284.000,409.000,7715.000,-35.000,13.000,-4.000,0.000,0.000,0
2026-01-31 12:01:59,1795294,3316.000,397.000,7742.000,-41.000,-17.000,-24.000,0.000,0.000,0
2026-01-31 12:01:59,1795334,3349.000,362.000,7756.000,1.000,-1.000,-26.000,0.000,0.000,0
2026-01-31 12:01:59,1795374,3269.000,383.000,7751.000,20.000,36.000,-8.000,0.000,0.000,0
2026-01-31 12:02:00,1795414,3299.000,387.000,7735.000,-27.000,29.000,24.000,0.000,0.000,0
2026-01-31 12:02:00,1795454,3302.000,417.000,7733.000,-9.000,13.000,34.000,0.000,0.000,0
2026-01-31 12:02:00,1795494,3282.000,406.000,7735.000,-45.000,16.000,11.000,0.000,0.000,0
2026-01-31 12:02:00,1795534,3295.000,463.000,7769.000,22.000,22.000,-20.000,0.000,0.000,0
2026-01-31 12:02:00,1795574,3248.000,396.000,7730.000,-35.000,33.000,-37.000,0.000,0.000,0
2026-01-31 12:02:00,1795614,3275.000,367.000,7752.000,18.000,23.000,-46.000,0.000,0.000,0
2026-01-31 12:02:00,1795654,3278.000,398.000,7750.000,8.000,19.000,-28.000,0.000,0.000,0
2026-01-31 12:02:00,1795694,3307.000,363.000,7752.000,-41.000,20.000,11.000,0.000,0.000,0
2026-01-31 12:02:00,1795734,3282.000,391.000,7720.000,6.000,30.000,20.000,0.000,0.000,0
2026-01-31 12:02:00,1795774,3298.000,419.000,7734.000,21.000,10.000,3.000,0.000,0.000,0
2026-01-31 12:02:00,1795815,3268.000,398.000,7733.000,-20.000,8.000,0.000,0.000,0.000,0
2026-01-31 12:02:00,1795854,3311.000,406.000,7765.000,4.000,5.000,10.000,0.000,0.000,0
2026-01-31 12:02:00,1795894,3238.000,422.000,7712.000,-13.000,25.000,17.000,0.000,0.000,0
2026-01-31 12:02:00,1795934,3281.000,409.000,7763.000,-22.000,0.000,5.000,0.000,0.000,0
2026-01-31 12:02:00,1795974,3305.000,384.000,7764.000,-8.000,9.000,3.000,0.000,0.000,0
2026-01-31 12:02:00,1796015,3275.000,384.000,7723.000,16.000,30.000,0.000,0.000,0.000,0
2026-01-31 12:02:00,1796054,3279.000,447.000,7734.000,5.000,13.000,-14.000,0.000,0.000,0
2026-01-31 12:02:00,1796094,3292.000,415.000,7719.000,-14.000,-9.000,-24.000,0.000,0.000,0
2026-01-31 12:02:00,1796134,3324.000,431.000,7720.000,-20.000,-3.000,-33.000,0.000,0.000,0
2026-01-31 12:02:00,1796174,3283.000,327.000,7750.000,-1.000,-5.000,-87.000,0.000,0.000,0
2026-01-31 12:02:00,1796214,3281.000,391.000,7746.000,38.000,-5.000,-55.000,0.000,0.000,0
2026-01-31 12:02:00,1796254,3324.000,305.000,7737.000,-69.000,-3.000,25.000,0.000,0.000,0
2026-01-31 12:02:00,1796294,3254.000,518.000,7742.000,49.000,17.000,27.000,0.000,0.000,0
2026-01-31 12:02:00,1796334,3330.000,399.000,7739.000,22.000,3.000,-4.000,0.000,0.000,0
2026-01-31 12:02:00,1796374,3260.000,454.000,7744.000,88.000,30.000,-30.000,0.000,0.000,0
2026-01-31 12:02:01,1796414,3276.000,387.000,7763.000,-15.000,15.000,-1.000,0.000,0.000,0
2026-01-31 12:02:01,1796454,3312.000,372.000,7755.000,47.000,13.000,12.000,0.000,0.000,0
2026-01-31 12:02:01,1796494,3235.000,455.000,7759.000,22.000,46.000,28.000,0.000,0.000,0
2026-01-31 12:02:01,1796534,3289.000,431.000,7728.000,23.000,42.000,8.000,0.000,0.000,0
2026-01-31 12:02:01,1796574,3251.000,490.000,7727.000,74.000,26.000,-35.000,0.000,0.000,0
2026-01-31 12:02:01,1796614,3319.000,450.000,7740.000,-8.000,19.000,-18.000,0.000,0.000,0
2026-01-31 12:02:01,1796654,3275.000,417.000,7710.000,16.000,39.000,-34.000,0.000,0.000,0
2026-01-31 12:02:01,1796694,3300.000,451.000,7715.000,62.000,-14.000,-22.000,0.000,0.000,0
2026-01-31 12:02:01,1796734,3299.000,462.000,7772.000,-29.000,-30.000,6.000,0.000,0.000,0
2026-01-31 12:02:01,1796774,3330.000,362.000,7770.000,-36.000,9.000,37.000,0.000,0.000,0
2026-01-31 12:02:01,1796814,3220.000,455.000,7738.000,52.000,46.000,20.000,0.000,0.000,0
2026-01-31 12:02:01,1796854,3245.000,487.000,7736.000,29.000,19.000,13.000,0.000,0.000,0
2026-01-31 12:02:01,1796894,3280.000,505.000,7767.000,-32.000,-3.000,27.000,0.000,0.000,0
2026-01-31 12:02:01,1796934,3210.000,387.000,7707.000,-11.000,34.000,3.000,0.000,0.000,0
2026-01-31 12:02:01,1796974,3265.000,580.000,7787.000,56.000,-8.000,-29.000,0.000,0.000,0
2026-01-31 12:02:01,1797014,3347.000,415.000,7724.000,-115.000,10.000,16.000,0.000,0.000,0
2026-01-31 12:02:01,1797054,3264.000,482.000,7742.000,14.000,24.000,-37.000,0.000,0.000,0
2026-01-31 12:02:01,1797094,3314.000,381.000,7717.000,-29.000,3.000,-21.000,0.000,0.000,0
2026-01-31 12:02:01,1797134,3261.000,442.000,7739.000,-37.000,-8.000,14.000,0.000,0.000,0
2026-01-31 12:02:01,1797174,3325.000,378.000,7741.000,-69.000,-10.000,35.000,0.000,0.000,0
2026-01-31 12:02:01,1797214,3260.000,491.000,7756.000,23.000,11.000,8.000,0.000,0.000,0
2026-01-31 12:02:01,1797254,3269.000,431.000,7746.000,-14.000,15.000,-8.000,0.000,0.000,0
2026-01-31 12:02:01,1797294,3274.000,466.000,7740.000,11.000,15.000,-4.000,0.000,0.000,0
2026-01-31 12:02:01,1797334,3281.000,412.000,7746.000,-45.000,4.000,-4.000,0.000,0.000,0
2026-01-31 12:02:01,1797374,3302.000,439.000,7733.000,-1.000,6.000,-1.000,0.000,0.000,0
2026-01-31 12:02:02,1797414,3292.000,416.000,7732.000,-24.000,18.000,2.000,0.000,0.000,0
2026-01-31 12:02:02,1797454,3283.000,458.000,7738.000,-8.000,15.000,15.000,0.000,0.000,0
2026-01-31 12:02:02,1797494,3276.000,416.000,7756.000,-45.000,12.000,12.000,0.000,0.000,0
2026-01-31 12:02:02,1797534,3257.000,444.000,7730.000,-11.000,19.000,1.000,0.000,0.000,0
2026-01-31 12:02:02,1797574,3301.000,451.000,7741.000,-15.000,2.000,-1.000,0.000,0.000,0
2026-01-31 12:02:02,1797614,3310.000,414.000,7745.000,-24.000,8.000,-7.000,0.000,0.000,0
2026-01-31 12:02:02,1797654,3264.000,385.000,7737.000,19.000,22.000,-19.000,0.000,0.000,0
2026-01-31 12:02:02,1797694,3285.000,439.000,7715.000,-33.000,10.000,15.000,0.000,0.000,0
2026-01-31 12:02:02,1797734,3296.000,422.000,7746.000,-42.000,-15.000,32.000,0.000,0.000,0
2026-01-31 12:02:02,1797774,3287.000,459.000,7761.000,-20.000,-6.000,10.000,0.000,0.000,0
2026-01-31 12:02:02,1797814,3300.000,412.000,7760.000,8.000,26.000,-5.000,0.000,0.000,0
2026-01-31 12:02:02,1797855,3266.000,434.000,7715.000,1.000,27.000,-4.000,0.000,0.000,0
2026-01-31 12:02:02,1797894,3279.000,411.000,7742.000,-42.000,-3.000,9.000,0.000,0.000,0
2026-01-31 12:02:02,1797934,3300.000,403.000,7745.000,3.000,-10.000,-6.000,0.000,0.000,0
2026-01-31 12:02:02,1797974,3279.000,428.000,7732.000,-3.000,10.000,-7.000,0.000,0.000,0
2026-01-31 12:02:02,1798014,3290.000,410.000,7760.000,-36.000,17.000,8.000,0.000,0.000,0
2026-01-31 12:02:02,1798054,3303.000,384.000,7737.000,-3.000,9.000,-10.000,0.000,0.000,0
2026-01-31 12:02:02,1798094,3287.000,452.000,7749.000,21.000,25.000,-2.000,0.000,0.000,0
2026-01-31 12:02:02,1798134,3254.000,413.000,7722.000,-43.000,31.000,5.000,0.000,0.000,0
2026-01-31 12:02:02,1798174,3316.000,437.000,7725.000,41.000,5.000,-13.000,0.000,0.000,0
2026-01-31 12:02:02,1798214,3277.000,366.000,7734.000,-53.000,6.000,2.000,0.000,0.000,0
2026-01-31 12:02:02,1798254,3318.000,419.000,7752.000,26.000,6.000,-1.000,0.000,0.000,0
2026-01-31 12:02:02,1798294,3241.000,413.000,7711.000,-11.000,26.000,13.000,0.000,0.000,0
2026-01-31 12:02:02,1798334,3305.000,430.000,7734.000,50.000,-31.000,-11.000,0.000,0.000,0
2026-01-31 12:02:02,1798374,3322.000,474.000,7749.000,7.000,-22.000,-13.000,0.000,0.000,0
2026-01-31 12:02:03,1798414,3253.000,298.000,7740.000,-38.000,21.000,-20.000,0.000,0.000,0
2026-01-31 12:02:03,1798454,3322.000,445.000,7762.000,60.000,4.000,9.000,0.000,0.000,0
2026-01-31 12:02:03,1798494,3298.000,416.000,7742.000,-67.000,24.000,63.000,0.000,0.000,0
2026-01-31 12:02:03,1798534,3252.000,443.000,7730.000,-21.000,25.000,50.000,0.000,0.000,0
2026-01-31 12:02:03,1798574,3292.000,498.000,7734.000,28.000,5.000,8.000,0.000,0.000,0
2026-01-31 12:02:03,1798614,3282.000,386.000,7715.000,-50.000,4.000,-33.000,0.000,0.000,0
2026-01-31 12:02:03,1798654,3313.000,403.000,7753.000,18.000,-10.000,-43.000,0.000,0.000,0
2026-01-31 12:02:03,1798694,3308.000,350.000,7752.000,-63.000,-2.000,-4.000,0.000,0.000,0
2026-01-31 12:02:03,1798734,3271.000,400.000,7750.000,-21.000,10.000,36.000,0.000,0.000,0
2026-01-31 12:02:03,1798774,3319.000,439.000,7742.000,-13.000,18.000,34.000,0.000,0.000,0
2026-01-31 12:02:03,1798814,3276.000,458.000,7736.000,25.000,33.000,5.000,0.000,0.000,0
2026-01-31 12:02:03,1798854,3301.000,436.000,7727.000,-5.000,22.000,-16.000,0.000,0.000,0
2026-01-31 12:02:03,1798894,3275.000,410.000,7716.000,-9.000,17.000,-5.000,0.000,0.000,0
2026-01-31 12:02:03,1798934,3330.000,400.000,7741.000,-22.000,-8.000,4.000,0.000,0.000,0
2026-01-31 12:02:03,1798974,3287.000,393.000,7745.000,-16.000,24.000,25.000,0.000,0.000,0
2026-01-31 12:02:03,1799014,3284.000,416.000,7740.000,12.000,24.000,26.000,0.000,0.000,0
2026-01-31 12:02:03,1799054,3247.000,436.000,7713.000,-9.000,29.000,20.000,0.000,0.000,0
2026-01-31 12:02:03,1799094,3292.000,472.000,7742.000,-3.000,-12.000,-4.000,0.000,0.000,0
2026-01-31 12:02:03,1799134,3312.000,392.000,7734.000,-24.000,4.000,-16.000,0.000,0.000,0
2026-01-31 12:02:03,1799174,3248.000,398.000,7736.000,32.000,13.000,-32.000,0.000,0.000,0
2026-01-31 12:02:03,1799214,3300.000,410.000,7742.000,-33.000,-17.000,-6.000,0.000,0.000,0
2026-01-31 12:02:03,1799254,3314.000,387.000,7744.000,-22.000,-8.000,19.000,0.000,0.000,0
2026-01-31 12:02:03,1799294,3283.000,453.000,7757.000,-28.000,14.000,16.000,0.000,0.000,0
2026-01-31 12:02:03,1799334,3317.000,407.000,7729.000,1.000,19.000,-6.000,0.000,0.000,0
2026-01-31 12:02:03,1799374,3309.000,394.000,7719.000,-11.000,6.000,-7.000,0.000,0.000,0
2026-01-31 12:02:04,1799414,3287.000,349.000,7730.000,-19.000,-1.000,-3.000,0.000,0.000,0
2026-01-31 12:02:04,1799454,3297.000,431.000,7750.000,32.000,-16.000,12.000,0.000,0.000,0
2026-01-31 12:02:04,1799494,3299.000,392.000,7747.000,-58.000,8.000,29.000,0.000,0.000,0
2026-01-31 12:02:04,1799534,3295.000,443.000,7741.000,39.000,6.000,4.000,0.000,0.000,0
2026-01-31 12:02:04,1799574,3285.000,421.000,7729.000,-29.000,9.000,-11.000,0.000,0.000,0
2026-01-31 12:02:04,1799614,3328.000,382.000,7741.000,28.000,5.000,-19.000,0.000,0.000,0
2026-01-31 12:02:04,1799654,3290.000,439.000,7724.000,-19.000,23.000,1.000,0.000,0.000,0
2026-01-31 12:02:04,1799694,3316.000,354.000,7712.000,-13.000,11.000,7.000,0.000,0.000,0
2026-01-31 12:02:04,1799734,3320.000,439.000,7741.000,37.000,-5.000,4.000,0.000,0.000,0
2026-01-31 12:02:04,1799774,3299.000,385.000,7737.000,-34.000,0.000,30.000,0.000,0.000,0
2026-01-31 12:02:04,1799814,3319.000,402.000,7734.000,6.000,3.000,18.000,0.000,0.000,0
2026-01-31 12:02:04,1799855,3288.000,436.000,7729.000,17.000,8.000,11.000,0.000,0.000,0
2026-01-31 12:02:04,1799894,3328.000,416.000,7736.000,-9.000,-7.000,15.000,0.000,0.000,0
2026-01-31 12:02:04,1799934,3329.000,388.000,7742.000,-2.000,14.000,15.000,0.000,0.000,0
2026-01-31 12:02:04,1799974,3279.000,397.000,7716.000,69.000,23.000,-12.000,0.000,0.000,0
2026-01-31 12:02:04,1800016,3305.000,444.000,7743.000,38.000,5.000,-7.000,0.000,0.000,0
2026-01-31 12:02:04,1800054,3326.000,375.000,7763.000,-6.000,-4.000,-6.000,0.000,0.000,0
2026-01-31 12:02:04,1800094,3303.000,407.000,7778.000,21.000,33.000,23.000,0.000,0.000,0
2026-01-31 12:02:04,1800134,3325.000,419.000,7712.000,2.000,61.000,29.000,0.000,0.000,0
2026-01-31 12:02:04,1800174,3295.000,535.000,7728.000,54.000,42.000,-5.000,0.000,0.000,0
2026-01-31 12:02:04,1800214,3289.000,380.000,7691.000,-43.000,30.000,-17.000,0.000,0.000,0
2026-01-31 12:02:04,1800254,3272.000,423.000,7741.000,52.000,8.000,-45.000,0.000,0.000,0
2026-01-31 12:02:04,1800294,3304.000,362.000,7746.000,-8.000,6.000,3.000,0.000,0.000,0
2026-01-31 12:02:04,1800334,3279.000,423.000,7725.000,14.000,29.000,40.000,0.000,0.000,0
2026-01-31 12:02:04,1800374,3279.000,459.000,7733.000,28.000,12.000,27.000,0.000,0.000,0
2026-01-31 12:02:05,1800414,3288.000,468.000,7749.000,26.000,7.000,5.000,0.000,0.000,0
2026-01-31 12:02:05,1800454,3290.000,413.000,7746.000,13.000,19.000,-1.000,0.000,0.000,0
2026-01-31 12:02:05,1800494,3299.000,475.000,7720.000,50.000,30.000,9.000,0.000,0.000,0
2026-01-31 12:02:05,1800534,3328.000,457.000,7746.000,-12.000,-28.000,6.000,0.000,0.000,0
2026-01-31 12:02:05,1800574,3300.000,428.000,7743.000,24.000,-5.000,1.000,0.000,0.000,0
2026-01-31 12:02:05,1800614,3309.000,433.000,7754.000,19.000,21.000,6.000,0.000,0.000,0
2026-01-31 12:02:05,1800654,3259.000,489.000,7707.000,29.000,34.000,1.000,0.000,0.000,0
2026-01-31 12:02:05,1800694,3326.000,506.000,7713.000,2.000,-10.000,-3.000,0.000,0.000,0
2026-01-31 12:02:05,1800734,3297.000,372.000,7723.000,-30.000,-11.000,-17.000,0.000,0.000,0
2026-01-31 12:02:05,1800774,3265.000,445.000,7761.000,57.000,-11.000,-24.000,0.000,0.000,0
2026-01-31 12:02:05,1800814,3363.000,439.000,7759.000,-21.000,-3.000,25.000,0.000,0.000,0
2026-01-31 12:02:05,1800854,3287.000,483.000,7723.000,6.000,42.000,44.000,0.000,0.000,0
2026-01-31 12:02:05,1800894,3301.000,497.000,7685.000,31.000,31.000,1.000,0.000,0.000,0
2026-01-31 12:02:05,1800934,3274.000,441.000,7713.000,-13.000,-1.000,-32.000,0.000,0.000,0
2026-01-31 12:02:05,1800974,3353.000,407.000,7746.000,-19.000,-26.000,-19.000,0.000,0.000,0
2026-01-31 12:02:05,1801014,3302.000,376.000,7755.000,-39.000,12.000,19.000,0.000,0.000,0
2026-01-31 12:02:05,1801054,3287.000,416.000,7754.000,18.000,31.000,25.000,0.000,0.000,0
2026-01-31 12:02:05,1801094,3293.000,520.000,7735.000,26.000,37.000,35.000,0.000,0.000,0
2026-01-31 12:02:05,1801134,3283.000,517.000,7705.000,-23.000,41.000,26.000,0.000,0.000,0
2026-01-31 12:02:05,1801174,3291.000,490.000,7708.000,11.000,5.000,-30.000,0.000,0.000,0
2026-01-31 12:02:05,1801214,3314.000,429.000,7726.000,-29.000,-8.000,-37.000,0.000,0.000,0
2026-01-31 12:02:05,1801254,3286.000,424.000,7731.000,-26.000,-4.000,-19.000,0.000,0.000,0
2026-01-31 12:02:05,1801294,3323.000,397.000,7758.000,-30.000,20.000,22.000,0.000,0.000,0
2026-01-31 12:02:05,1801334,3269.000,469.000,7750.000,24.000,54.000,22.000,0.000,0.000,0
2026-01-31 12:02:05,1801374,3284.000,492.000,7707.000,-7.000,50.000,16.000,0.000,0.000,0
2026-01-31 12:02:06,1801414,3279.000,479.000,7687.000,-2.000,19.000,-17.000,0.000,0.000,0
2026-01-31 12:02:06,1801454,3348.000,444.000,7728.000,-2.000,-22.000,-35.000,0.000,0.000,0
2026-01-31 12:02:06,1801494,3246.000,377.000,7732.000,-14.000,9.000,-17.000,0.000,0.000,0
2026-01-31 12:02:06,1801534,3301.000,442.000,7750.000,6.000,-20.000,-1.000,0.000,0.000,0
2026-01-31 12:02:06,1801574,3336.000,443.000,7750.000,-31.000,3.000,41.000,0.000,0.000,0
2026-01-31 12:02:06,1801614,3285.000,479.000,7762.000,0.000,20.000,24.000,0.000,0.000,0
2026-01-31 12:02:06,1801654,3286.000,495.000,7727.000,-1.000,39.000,2.000,0.000,0.000,0
2026-01-31 12:02:06,1801694,3294.000,420.000,7695.000,22.000,17.000,-26.000,0.000,0.000,0
2026-01-31 12:02:06,1801734,3281.000,463.000,7720.000,-10.000,-4.000,-7.000,0.000,0.000,0
2026-01-31 12:02:06,1801774,3313.000,382.000,7738.000,-51.000,-26.000,13.000,0.000,0.000,0
2026-01-31 12:02:06,1801814,3286.000,451.000,7775.000,23.000,-4.000,-1.000,0.000,0.000,0
2026-01-31 12:02:06,1801855,3316.000,437.000,7775.000,-23.000,31.000,23.000,0.000,0.000,0
2026-01-31 12:02:06,1801894,3269.000,483.000,7717.000,22.000,51.000,11.000,0.000,0.000,0
2026-01-31 12:02:06,1801934,3293.000,479.000,7701.000,3.000,25.000,-2.000,0.000,0.000,0
2026-01-31 12:02:06,1801974,3292.000,479.000,7707.000,-11.000,-12.000,-17.000,0.000,0.000,0
2026-01-31 12:02:06,1802016,3330.000,422.000,7755.000,-49.000,-22.000,1.000,0.000,0.000,0
2026-01-31 12:02:06,1802054,3332.000,432.000,7747.000,-4.000,-3.000,-2.000,0.000,0.000,0
2026-01-31 12:02:06,1802094,3274.000,435.000,7747.000,-6.000,22.000,22.000,0.000,0.000,0
2026-01-31 12:02:06,1802134,3277.000,466.000,7714.000,-20.000,12.000,28.000,0.000,0.000,0
2026-01-31 12:02:06,1802174,3297.000,485.000,7727.000,-7.000,-2.000,7.000,0.000,0.000,0
2026-01-31 12:02:06,1802214,3339.000,471.000,7733.000,-2.000,-10.000,-24.000,0.000,0.000,0
2026-01-31 12:02:06,1802254,3256.000,414.000,7730.000,0.000,13.000,-32.000,0.000,0.000,0
2026-01-31 12:02:06,1802294,3315.000,413.000,7744.000,-25.000,-11.000,-10.000,0.000,0.000,0
2026-01-31 12:02:06,1802334,3346.000,411.000,7734.000,-18.000,5.000,28.000,0.000,0.000,0
2026-01-31 12:02:06,1802374,3271.000,458.000,7741.000,-14.000,19.000,28.000,0.000,0.000,0
2026-01-31 12:02:07,1802414,3318.000,442.000,7716.000,1.000,10.000,5.000,0.000,0.000,0
2026-01-31 12:02:07,1802454,3285.000,416.000,7720.000,-17.000,3.000,-11.000,0.000,0.000,0
2026-01-31 12:02:07,1802494,3311.000,436.000,7743.000,-24.000,-8.000,1.000,0.000,0.000,0
2026-01-31 12:02:07,1802534,3303.000,406.000,7739.000,-32.000,5.000,11.000,0.000,0.000,0
2026-01-31 12:02:07,1802574,3307.000,474.000,7727.000,15.000,13.000,-4.000,0.000,0.000,0
2026-01-31 12:02:07,1802614,3305.000,427.000,7718.000,-31.000,10.000,-7.000,0.000,0.000,0
2026-01-31 12:02:07,1802654,3324.000,423.000,7719.000,6.000,-6.000,-13.000,0.000,0.000,0
2026-01-31 12:02:07,1802694,3323.000,424.000,7742.000,-25.000,-6.000,6.000,0.000,0.000,0
2026-01-31 12:02:07,1802734,3321.000,417.000,7742.000,-12.000,7.000,19.000,0.000,0.000,0
2026-01-31 12:02:07,1802774,3325.000,438.000,7747.000,-1.000,22.000,12.000,0.000,0.000,0
2026-01-31 12:02:07,1802814,3308.000,460.000,7714.000,0.000,27.000,13.000,0.000,0.000,0
2026-01-31 12:02:07,1802854,3298.000,434.000,7720.000,-8.000,-3.000,-4.000,0.000,0.000,0
2026-01-31 12:02:07,1802894,3299.000,427.000,7729.000,-17.000,-10.000,-5.000,0.000,0.000,0
2026-01-31 12:02:07,1802934,3318.000,430.000,7735.000,-18.000,-17.000,1.000,0.000,0.000,0
2026-01-31 12:02:07,1802974,3320.000,452.000,7733.000,-25.000,-12.000,-2.000,0.000,0.000,0
2026-01-31 12:02:07,1803014,3355.000,423.000,7750.000,-1.000,7.000,-8.000,0.000,0.000,0
2026-01-31 12:02:07,1803054,3276.000,426.000,7726.000,13.000,42.000,-8.000,0.000,0.000,0
2026-01-31 12:02:07,1803094,3309.000,428.000,7708.000,-27.000,12.000,8.000,0.000,0.000,0
2026-01-31 12:02:07,1803134,3341.000,425.000,7725.000,-34.000,-8.000,15.000,0.000,0.000,0
2026-01-31 12:02:07,1803174,3299.000,427.000,7721.000,-27.000,0.000,6.000,0.000,0.000,0
2026-01-31 12:02:07,1803214,3346.000,442.000,7743.000,-4.000,3.000,-7.000,0.000,0.000,0
2026-01-31 12:02:07,1803254,3316.000,400.000,7715.000,-14.000,18.000,-4.000,0.000,0.000,0
2026-01-31 12:02:07,1803294,3299.000,418.000,7732.000,-5.000,8.000,-7.000,0.000,0.000,0
2026-01-31 12:02:07,1803334,3331.000,415.000,7725.000,-15.000,0.000,7.000,0.000,0.000,0
2026-01-31 12:02:07,1803374,3317.000,423.000,7734.000,-19.000,3.000,8.000,0.000,0.000,0
2026-01-31 12:02:08,1803414,3335.000,423.000,7728.000,5.000,4.000,-3.000,0.000,0.000,0
2026-01-31 12:02:08,1803454,3318.000,428.000,7734.000,-3.000,11.000,1.000,0.000,0.000,0
2026-01-31 12:02:08,1803494,3314.000,414.000,7721.000,-2.000,6.000,8.000,0.000,0.000,0
2026-01-31 12:02:08,1803534,3321.000,449.000,7741.000,-16.000,9.000,19.000,0.000,0.000,0
2026-01-31 12:02:08,1803574,3326.000,415.000,7715.000,-8.000,20.000,6.000,0.000,0.000,0
2026-01-31 12:02:08,1803614,3319.000,406.000,7704.000,-29.000,9.000,-8.000,0.000,0.000,0
2026-01-31 12:02:08,1803654,3325.000,417.000,7726.000,1.000,0.000,-5.000,0.000,0.000,0
2026-01-31 12:02:08,1803694,3336.000,381.000,7732.000,-33.000,-7.000,8.000,0.000,0.000,0
2026-01-31 12:02:08,1803734,3335.000,411.000,7738.000,5.000,8.000,13.000,0.000,0.000,0
2026-01-31 12:02:08,1803774,3313.000,415.000,7740.000,-8.000,21.000,13.000,0.000,0.000,0
2026-01-31 12:02:08,1803814,3297.000,434.000,7699.000,-27.000,17.000,-2.000,0.000,0.000,0
2026-01-31 12:02:08,1803855,3378.000,392.000,7741.000,10.000,-8.000,-16.000,0.000,0.000,0
2026-01-31 12:02:08,1803894,3329.000,370.000,7732.000,17.000,32.000,-7.000,0.000,0.000,0
2026-01-31 12:02:08,1803934,3333.000,330.000,7720.000,34.000,36.000,29.000,0.000,0.000,0
2026-01-31 12:02:08,1803974,3371.000,421.000,7722.000,54.000,27.000,74.000,0.000,0.000,0
2026-01-31 12:02:08,1804015,3317.000,432.000,7721.000,14.000,27.000,71.000,0.000,0.000,0
2026-01-31 12:02:08,1804054,3322.000,479.000,7731.000,39.000,30.000,26.000,0.000,0.000,0
2026-01-31 12:02:08,1804094,3303.000,414.000,7713.000,11.000,37.000,21.000,0.000,0.000,0
2026-01-31 12:02:08,1804134,3239.000,426.000,7682.000,-13.000,24.000,21.000,0.000,0.000,0
2026-01-31 12:02:08,1804174,3309.000,465.000,7720.000,30.000,-31.000,0.000,0.000,0.000,0
2026-01-31 12:02:08,1804214,3256.000,454.000,7714.000,-57.000,-31.000,-8.000,0.000,0.000,0
2026-01-31 12:02:08,1804254,3346.000,385.000,7757.000,-9.000,-60.000,-29.000,0.000,0.000,0
2026-01-31 12:02:08,1804294,3323.000,420.000,7803.000,4.000,-8.000,-11.000,0.000,0.000,0
2026-01-31 12:02:08,1804334,3284.000,386.000,7751.000,-28.000,23.000,19.000,0.000,0.000,0
2026-01-31 12:02:08,1804374,3321.000,512.000,7739.000,57.000,46.000,21.000,0.000,0.000,0
2026-01-31 12:02:09,1804414,3345.000,408.000,7701.000,-14.000,67.000,3.000,0.000,0.000,0
2026-01-31 12:02:09,1804454,3373.000,478.000,7696.000,57.000,53.000,-32.000,0.000,0.000,0
2026-01-31 12:02:09,1804494,3306.000,395.000,7649.000,-21.000,53.000,-28.000,0.000,0.000,0
2026-01-31 12:02:09,1804534,3383.000,390.000,7687.000,22.000,-13.000,-41.000,0.000,0.000,0
2026-01-31 12:02:09,1804574,3318.000,366.000,7701.000,-32.000,-22.000,11.000,0.000,0.000,0
2026-01-31 12:02:09,1804614,3322.000,417.000,7753.000,7.000,-42.000,27.000,0.000,0.000,0
2026-01-31 12:02:09,1804654,3330.000,429.000,7768.000,-9.000,-12.000,48.000,0.000,0.000,0
2026-01-31 12:02:09,1804694,3267.000,479.000,7723.000,15.000,20.000,37.000,0.000,0.000,0
2026-01-31 12:02:09,1804734,3336.000,474.000,7737.000,10.000,7.000,15.000,0.000,0.000,0
2026-01-31 12:02:09,1804774,3271.000,387.000,7757.000,23.000,32.000,-13.000,0.000,0.000,0
2026-01-31 12:02:09,1804814,3301.000,430.000,7735.000,18.000,29.000,10.000,0.000,0.000,0
2026-01-31 12:02:09,1804854,3307.000,425.000,7742.000,-39.000,33.000,40.000,0.000,0.000,0
2026-01-31 12:02:09,1804894,3302.000,486.000,7730.000,13.000,27.000,15.000,0.000,0.000,0
2026-01-31 12:02:09,1804934,3314.000,485.000,7736.000,-19.000,43.000,-6.000,0.000,0.000,0
2026-01-31 12:02:09,1804974,3321.000,428.000,7696.000,-10.000,44.000,-40.000,0.000,0.000,0
2026-01-31 12:02:09,1805014,3329.000,430.000,7698.000,13.000,28.000,-31.000,0.000,0.000,0
2026-01-31 12:02:09,1805054,3327.000,359.000,7703.000,-49.000,11.000,2.000,0.000,0.000,0
2026-01-31 12:02:09,1805094,3319.000,392.000,7704.000,10.000,-14.000,22.000,0.000,0.000,0
2026-01-31 12:02:09,1805134,3300.000,424.000,7746.000,-45.000,-13.000,47.000,0.000,0.000,0
2026-01-31 12:02:09,1805174,3300.000,478.000,7773.000,11.000,-12.000,28.000,0.000,0.000,0
2026-01-31 12:02:09,1805214,3306.000,462.000,7760.000,-27.000,15.000,11.000,0.000,0.000,0
2026-01-31 12:02:09,1805254,3288.000,452.000,7746.000,-6.000,41.000,-19.000,0.000,0.000,0
2026-01-31 12:02:09,1805294,3322.000,452.000,7709.000,-9.000,28.000,-43.000,0.000,0.000,0
2026-01-31 12:02:09,1805334,3333.000,395.000,7706.000,-21.000,20.000,-40.000,0.000,0.000,0
2026-01-31 12:02:09,1805374,3326.000,400.000,7702.000,-34.000,-2.000,-26.000,0.000,0.000,0
2026-01-31 12:02:10,1805414,3338.000,387.000,7738.000,-27.000,-11.000,3.000,0.000,0.000,0
2026-01-31 12:02:10,1805454,3322.000,406.000,7742.000,-16.000,4.000,24.000,0.000,0.000,0
2026-01-31 12:02:10,1805494,3319.000,442.000,7742.000,-6.000,20.000,29.000,0.000,0.000,0
2026-01-31 12:02:10,1805534,3293.000,455.000,7696.000,-17.000,28.000,14.000,0.000,0.000,0
2026-01-31 12:02:10,1805574,3343.000,479.000,7723.000,1.000,-7.000,-23.000,0.000,0.000,0
2026-01-31 12:02:10,1805614,3299.000,394.000,7711.000,-32.000,1.000,-28.000,0.000,0.000,0
2026-01-31 12:02:10,1805654,3297.000,409.000,7732.000,10.000,-15.000,-39.000,0.000,0.000,0
2026-01-31 12:02:10,1805694,3367.000,404.000,7760.000,-62.000,-23.000,10.000,0.000,0.000,0
2026-01-31 12:02:10,1805734,3337.000,396.000,7766.000,-32.000,17.000,28.000,0.000,0.000,0
2026-01-31 12:02:10,1805774,3328.000,442.000,7749.000,12.000,54.000,11.000,0.000,0.000,0
2026-01-31 12:02:10,1805814,3299.000,421.000,7691.000,25.000,73.000,-4.000,0.000,0.000,0
2026-01-31 12:02:10,1805855,3292.000,431.000,7672.000,-3.000,30.000,-6.000,0.000,0.000,0
2026-01-31 12:02:10,1805894,3341.000,356.000,7711.000,-36.000,-13.000,6.000,0.000,0.000,0
2026-01-31 12:02:10,1805934,3300.000,410.000,7745.000,-13.000,-11.000,23.000,0.000,0.000,0
2026-01-31 12:02:10,1805974,3294.000,416.000,7745.000,-18.000,0.000,23.000,0.000,0.000,0
2026-01-31 12:02:10,1806015,3320.000,446.000,7765.000,7.000,15.000,13.000,0.000,0.000,0
2026-01-31 12:02:10,1806054,3313.000,432.000,7743.000,-3.000,26.000,1.000,0.000,0.000,0
2026-01-31 12:02:10,1806094,3317.000,425.000,7728.000,7.000,43.000,-5.000,0.000,0.000,0
2026-01-31 12:02:10,1806134,3313.000,419.000,7709.000,6.000,35.000,-8.000,0.000,0.000,0
2026-01-31 12:02:10,1806174,3351.000,376.000,7704.000,-10.000,14.000,3.000,0.000,0.000,0
2026-01-31 12:02:10,1806214,3334.000,388.000,7726.000,-12.000,7.000,19.000,0.000,0.000,0
2026-01-31 12:02:10,1806254,3311.000,403.000,7716.000,-15.000,2.000,32.000,0.000,0.000,0
2026-01-31 12:02:10,1806294,3294.000,438.000,7749.000,-4.000,2.000,19.000,0.000,0.000,0
2026-01-31 12:02:10,1806334,3299.000,435.000,7757.000,-18.000,2.000,4.000,0.000,0.000,0
2026-01-31 12:02:10,1806374,3323.000,403.000,7728.000,-5.000,13.000,-13.000,0.000,0.000,0
2026-01-31 12:02:11,1806414,3284.000,423.000,7714.000,21.000,32.000,-16.000,0.000,0.000,0
2026-01-31 12:02:11,1806454,3320.000,400.000,7703.000,-26.000,-16.000,-17.000,0.000,0.000,0
2026-01-31 12:02:11,1806494,3398.000,364.000,7741.000,6.000,-26.000,3.000,0.000,0.000,0
2026-01-31 12:02:11,1806534,3282.000,399.000,7729.000,6.000,22.000,17.000,0.000,0.000,0
2026-01-31 12:02:11,1806574,3272.000,417.000,7729.000,6.000,2.000,13.000,0.000,0.000,0
2026-01-31 12:02:11,1806614,3371.000,423.000,7754.000,-24.000,-19.000,24.000,0.000,0.000,0
2026-01-31 12:02:11,1806654,3293.000,411.000,7725.000,-16.000,23.000,25.000,0.000,0.000,0
2026-01-31 12:02:11,1806694,3315.000,487.000,7714.000,6.000,9.000,5.000,0.000,0.000,0
2026-01-31 12:02:11,1806734,3355.000,401.000,7710.000,-35.000,-14.000,-24.000,0.000,0.000,0
2026-01-31 12:02:11,1806774,3314.000,354.000,7720.000,-15.000,-16.000,-40.000,0.000,0.000,0
2026-01-31 12:02:11,1806814,3341.000,358.000,7746.000,-8.000,-27.000,-18.000,0.000,0.000,0
2026-01-31 12:02:11,1806854,3302.000,370.000,7746.000,-46.000,-10.000,37.000,0.000,0.000,0
2026-01-31 12:02:11,1806894,3323.000,428.000,7748.000,-7.000,4.000,34.000,0.000,0.000,0
2026-01-31 12:02:11,1806934,3320.000,459.000,7702.000,5.000,26.000,0.000,0.000,0.000,0
2026-01-31 12:02:11,1806974,3338.000,413.000,7715.000,-6.000,2.000,-38.000,0.000,0.000,0
2026-01-31 12:02:11,1807014,3342.000,364.000,7724.000,-2.000,-3.000,-31.000,0.000,0.000,0
2026-01-31 12:02:11,1807054,3339.000,366.000,7719.000,-23.000,1.000,7.000,0.000,0.000,0
2026-01-31 12:02:11,1807094,3334.000,427.000,7721.000,-5.000,6.000,15.000,0.000,0.000,0
2026-01-31 12:02:11,1807134,3335.000,386.000,7724.000,-19.000,0.000,3.000,0.000,0.000,0
2026-01-31 12:02:11,1807174,3335.000,436.000,7720.000,7.000,1.000,0.000,0.000,0.000,0
2026-01-31 12:02:11,1807214,3347.000,365.000,7730.000,-32.000,6.000,-6.000,0.000,0.000,0
2026-01-31 12:02:11,1807254,3345.000,404.000,7735.000,25.000,13.000,-8.000,0.000,0.000,0
2026-01-31 12:02:11,1807294,3332.000,365.000,7707.000,-33.000,26.000,13.000,0.000,0.000,0
2026-01-31 12:02:11,1807334,3340.000,411.000,7719.000,30.000,12.000,4.000,0.000,0.000,0
2026-01-31 12:02:11,1807374,3328.000,412.000,7715.000,-37.000,-2.000,5.000,0.000,0.000,0
2026-01-31 12:02:12,1807414,3360.000,398.000,7741.000,18.000,-1.000,-1.000,0.000,0.000,0
2026-01-31 12:02:12,1807454,3333.000,381.000,7711.000,5.000,31.000,-4.000,0.000,0.000,0
2026-01-31 12:02:12,1807494,3308.000,446.000,7720.000,35.000,7.000,-1.000,0.000,0.000,0
2026-01-31 12:02:12,1807534,3362.000,380.000,7721.000,-68.000,2.000,41.000,0.000,0.000,0
2026-01-31 12:02:12,1807574,3333.000,454.000,7731.000,32.000,11.000,6.000,0.000,0.000,0
2026-01-31 12:02:12,1807614,3328.000,430.000,7714.000,-19.000,15.000,-21.000,0.000,0.000,0
2026-01-31 12:02:12,1807654,3361.000,388.000,7715.000,19.000,16.000,-30.000,0.000,0.000,0
2026-01-31 12:02:12,1807694,3315.000,366.000,7705.000,-10.000,7.000,-17.000,0.000,0.000,0
2026-01-31 12:02:12,1807734,3352.000,379.000,7737.000,-21.000,-7.000,17.000,0.000,0.000,0
2026-01-31 12:02:12,1807774,3338.000,394.000,7729.000,-6.000,5.000,21.000,0.000,0.000,0
2026-01-31 12:02:12,1807814,3313.000,425.000,7717.000,13.000,21.000,6.000,0.000,0.000,0
2026-01-31 12:02:12,1807855,3351.000,435.000,7714.000,15.000,6.000,-11.000,0.000,0.000,0
2026-01-31 12:02:12,1807894,3340.000,361.000,7723.000,-18.000,6.000,-9.000,0.000,0.000,0
2026-01-31 12:02:12,1807934,3346.000,414.000,7724.000,25.000,13.000,0.000,0.000,0.000,0
2026-01-31 12:02:12,1807974,3354.000,400.000,7720.000,-20.000,22.000,19.000,0.000,0.000,0
2026-01-31 12:02:12,1808014,3341.000,416.000,7713.000,21.000,33.000,6.000,0.000,0.000,0
2026-01-31 12:02:12,1808054,3340.000,429.000,7709.000,-12.000,12.000,4.000,0.000,0.000,0
2026-01-31 12:02:12,1808094,3327.000,388.000,7716.000,2.000,4.000,1.000,0.000,0.000,0
2026-01-31 12:02:12,1808134,3342.000,443.000,7724.000,-13.000,-2.000,0.000,0.000,0.000,0
2026-01-31 12:02:12,1808174,3355.000,376.000,7730.000,-25.000,9.000,5.000,0.000,0.000,0
2026-01-31 12:02:12,1808214,3338.000,440.000,7724.000,29.000,13.000,-12.000,0.000,0.000,0
2026-01-31 12:02:12,1808254,3321.000,398.000,7717.000,1.000,14.000,-10.000,0.000,0.000,0
2026-01-31 12:02:12,1808294,3335.000,441.000,7722.000,-6.000,4.000,-4.000,0.000,0.000,0
2026-01-31 12:02:12,1808334,3413.000,389.000,7737.000,5.000,13.000,2.000,0.000,0.000,0
2026-01-31 12:02:12,1808374,3291.000,375.000,7699.000,31.000,52.000,-3.000,0.000,0.000,0
2026-01-31 12:02:13,1808414,3311.000,426.000,7693.000,35.000,5.000,4.000,0.000,0.000,0
2026-01-31 12:02:13,1808454,3364.000,416.000,7722.000,-64.000,-18.000,57.000,0.000,0.000,0
2026-01-31 12:02:13,1808494,3334.000,430.000,7738.000,3.000,-3.000,40.000,0.000,0.000,0
2026-01-31 12:02:13,1808534,3323.000,467.000,7738.000,3.000,23.000,13.000,0.000,0.000,0
2026-01-31 12:02:13,1808574,3307.000,416.000,7697.000,-11.000,33.000,0.000,0.000,0.000,0
2026-01-31 12:02:13,1808614,3328.000,409.000,7712.000,2.000,-4.000,-22.000,0.000,0.000,0
2026-01-31 12:02:13,1808654,3358.000,354.000,7729.000,-27.000,11.000,16.000,0.000,0.000,0
2026-01-31 12:02:13,1808694,3318.000,406.000,7722.000,9.000,27.000,16.000,0.000,0.000,0
2026-01-31 12:02:13,1808734,3344.000,404.000,7719.000,0.000,24.000,14.000,0.000,0.000,0
2026-01-31 12:02:13,1808774,3327.000,399.000,7709.000,-4.000,28.000,18.000,0.000,0.000,0
2026-01-31 12:02:13,1808814,3305.000,439.000,7717.000,0.000,15.000,6.000,0.000,0.000,0
2026-01-31 12:02:13,1808854,3359.000,409.000,7744.000,-17.000,10.000,2.000,0.000,0.000,0
2026-01-31 12:02:13,1808894,3356.000,397.000,7721.000,0.000,39.000,4.000,0.000,0.000,0
2026-01-31 12:02:13,1808934,3338.000,403.000,7684.000,21.000,45.000,-1.000,0.000,0.000,0
2026-01-31 12:02:13,1808974,3339.000,430.000,7703.000,-9.000,11.000,3.000,0.000,0.000,0
2026-01-31 12:02:13,1809014,3343.000,382.000,7743.000,-5.000,-7.000,20.000,0.000,0.000,0
2026-01-31 12:02:13,1809054,3317.000,412.000,7740.000,-17.000,16.000,28.000,0.000,0.000,0
2026-01-31 12:02:13,1809094,3307.000,418.000,7737.000,-7.000,19.000,17.000,0.000,0.000,0
2026-01-31 12:02:13,1809134,3316.000,443.000,7734.000,-3.000,21.000,5.000,0.000,0.000,0
2026-01-31 12:02:13,1809174,3293.000,416.000,7696.000,-6.000,14.000,-5.000,0.000,0.000,0
2026-01-31 12:02:13,1809214,3371.000,398.000,7713.000,-28.000,-9.000,-8.000,0.000,0.000,0
2026-01-31 12:02:13,1809254,3349.000,368.000,7719.000,7.000,6.000,-16.000,0.000,0.000,0
2026-01-31 12:02:13,1809294,3309.000,366.000,7715.000,19.000,16.000,-17.000,0.000,0.000,0
2026-01-31 12:02:13,1809334,3332.000,421.000,7735.000,-26.000,-13.000,27.000,0.000,0.000,0
2026-01-31 12:02:13,1809374,3345.000,369.000,7729.000,-54.000,-15.000,43.000,0.000,0.000,0
2026-01-31 12:02:14,1809414,3317.000,474.000,7727.000,-12.000,21.000,-5.000,0.000,0.000,0
2026-01-31 12:02:14,1809454,3346.000,381.000,7710.000,2.000,10.000,-42.000,0.000,0.000,0
2026-01-31 12:02:14,1809494,3344.000,383.000,7711.000,9.000,5.000,-35.000,0.000,0.000,0
2026-01-31 12:02:14,1809534,3348.000,342.000,7725.000,-45.000,7.000,11.000,0.000,0.000,0
2026-01-31 12:02:14,1809574,3335.000,382.000,7727.000,-1.000,4.000,17.000,0.000,0.000,0
2026-01-31 12:02:14,1809614,3327.000,433.000,7725.000,2.000,8.000,11.000,0.000,0.000,0
2026-01-31 12:02:14,1809654,3352.000,412.000,7717.000,-26.000,10.000,10.000,0.000,0.000,0
2026-01-31 12:02:14,1809694,3333.000,391.000,7711.000,17.000,14.000,-14.000,0.000,0.000,0
2026-01-31 12:02:14,1809734,3347.000,402.000,7718.000,-4.000,16.000,-7.000,0.000,0.000,0
2026-01-31 12:02:14,1809774,3340.000,370.000,7720.000,-15.000,11.000,11.000,0.000,0.000,0
2026-01-31 12:02:14,1809814,3341.000,395.000,7718.000,-5.000,24.000,15.000,0.000,0.000,0
2026-01-31 12:02:14,1809855,3326.000,416.000,7714.000,2.000,15.000,11.000,0.000,0.000,0
2026-01-31 12:02:14,1809894,3328.000,430.000,7729.000,-17.000,3.000,2.000,0.000,0.000,0
2026-01-31 12:02:14,1809934,3334.000,362.000,7726.000,-18.000,8.000,-8.000,0.000,0.000,0
2026-01-31 12:02:14,1809974,3373.000,401.000,7734.000,10.000,22.000,-3.000,0.000,0.000,0
2026-01-31 12:02:14,1810015,3317.000,360.000,7687.000,-10.000,44.000,13.000,0.000,0.000,0
2026-01-31 12:02:14,1810054,3337.000,418.000,7712.000,-5.000,5.000,5.000,0.000,0.000,0
2026-01-31 12:02:14,1810094,3314.000,394.000,7692.000,-65.000,-10.000,-4.000,0.000,0.000,0
2026-01-31 12:02:14,1810134,3342.000,458.000,7741.000,-8.000,-28.000,-37.000,0.000,0.000,0
2026-01-31 12:02:14,1810174,3314.000,324.000,7737.000,-15.000,14.000,-29.000,0.000,0.000,0
2026-01-31 12:02:14,1810214,3312.000,377.000,7702.000,22.000,33.000,-6.000,0.000,0.000,0
2026-01-31 12:02:14,1810254,3360.000,414.000,7718.000,-30.000,1.000,37.000,0.000,0.000,0
2026-01-31 12:02:14,1810294,3353.000,390.000,7716.000,-36.000,-4.000,32.000,0.000,0.000,0
2026-01-31 12:02:14,1810334,3338.000,436.000,7730.000,8.000,14.000,1.000,0.000,0.000,0
2026-01-31 12:02:14,1810374,3349.000,377.000,7723.000,-13.000,14.000,-12.000,0.000,0.000,0
2026-01-31 12:02:15,1810414,3328.000,373.000,7718.000,7.000,19.000,-10.000,0.000,0.000,0
2026-01-31 12:02:15,1810454,3341.000,363.000,7727.000,-18.000,5.000,10.000,0.000,0.000,0
2026-01-31 12:02:15,1810494,3339.000,388.000,7728.000,-12.000,11.000,19.000,0.000,0.000,0
2026-01-31 12:02:15,1810534,3322.000,402.000,7719.000,0.000,10.000,7.000,0.000,0.000,0
2026-01-31 12:02:15,1810574,3341.000,389.000,7705.000,-3.000,6.000,-11.000,0.000,0.000,0
2026-01-31 12:02:15,1810614,3353.000,366.000,7736.000,8.000,-3.000,-11.000,0.000,0.000,0
2026-01-31 12:02:15,1810654,3351.000,376.000,7717.000,8.000,12.000,11.000,0.000,0.000,0
2026-01-31 12:02:15,1810694,3358.000,392.000,7730.000,-3.000,18.000,28.000,0.000,0.000,0
2026-01-31 12:02:15,1810734,3364.000,390.000,7708.000,8.000,26.000,19.000,0.000,0.000,0
2026-01-31 12:02:15,1810774,3321.000,386.000,7715.000,4.000,26.000,11.000,0.000,0.000,0
2026-01-31 12:02:15,1810814,3311.000,407.000,7721.000,-1.000,12.000,14.000,0.000,0.000,0
2026-01-31 12:02:15,1810854,3333.000,402.000,7746.000,-14.000,10.000,15.000,0.000,0.000,0
2026-01-31 12:02:15,1810894,3355.000,394.000,7750.000,-8.000,35.000,9.000,0.000,0.000,0
2026-01-31 12:02:15,1810934,3351.000,397.000,7575.000,-600.000,420.000,1.000,0.000,0.000,0
2026-01-31 12:02:15,1810974,3067.000,34.000,7767.000,-558.000,-45.000,156.000,0.000,0.000,0
2026-01-31 12:02:15,1811014,3575.000,202.000,7794.000,196.000,-230.000,-84.000,0.000,0.000,0
2026-01-31 12:02:15,1811054,3356.000,263.000,7842.000,-52.000,216.000,-128.000,0.000,0.000,0
2026-01-31 12:02:15,1811094,3366.000,-112.000,7753.000,194.000,23.000,-9.000,0.000,0.000,0
2026-01-31 12:02:15,1811134,3466.000,569.000,7616.000,843.000,-276.000,26.000,0.000,0.000,0
2026-01-31 12:02:15,1811174,3034.000,340.000,7812.000,-46.000,7.000,100.000,0.000,0.000,0
2026-01-31 12:02:15,1811214,3380.000,446.000,7702.000,127.000,-146.000,83.000,0.000,0.000,0
2026-01-31 12:02:15,1811254,3335.000,454.000,7766.000,6.000,41.000,-41.000,0.000,0.000,0
2026-01-31 12:02:15,1811294,3322.000,283.000,7655.000,75.000,58.000,-89.000,0.000,0.000,0
2026-01-31 12:02:15,1811334,3309.000,264.000,7688.000,40.000,-1.000,35.000,0.000,0.000,0
2026-01-31 12:02:15,1811374,3357.000,347.000,7738.000,15.000,-72.000,64.000,0.000,0.000,0
2026-01-31 12:02:16,1811414,3336.000,453.000,7752.000,-49.000,-32.000,57.000,0.000,0.000,0
2026-01-31 12:02:16,1811454,3275.000,390.000,7716.000,21.000,-9.000,-20.000,0.000,0.000,0
2026-01-31 12:02:16,1811494,3319.000,450.000,7704.000,37.000,-28.000,-69.000,0.000,0.000,0
2026-01-31 12:02:16,1811534,3347.000,322.000,7722.000,-59.000,-53.000,-35.000,0.000,0.000,0
2026-01-31 12:02:16,1811574,3398.000,330.000,7749.000,1.000,-53.000,-29.000,0.000,0.000,0
2026-01-31 12:02:16,1811614,3412.000,337.000,7748.000,-6.000,11.000,5.000,0.000,0.000,0
2026-01-31 12:02:16,1811654,3367.000,350.000,7724.000,33.000,39.000,14.000,0.000,0.000,0
2026-01-31 12:02:16,1811694,3357.000,365.000,7697.000,32.000,35.000,43.000,0.000,0.000,0
2026-01-31 12:02:16,1811734,3354.000,368.000,7692.000,13.000,30.000,60.000,0.000,0.000,0
2026-01-31 12:02:16,1811774,3329.000,436.000,7719.000,5.000,1.000,18.000,0.000,0.000,0
2026-01-31 12:02:16,1811814,3353.000,373.000,7709.000,4.000,-3.000,-20.000,0.000,0.000,0
2026-01-31 12:02:16,1811855,3367.000,382.000,7728.000,13.000,7.000,-24.000,0.000,0.000,0
2026-01-31 12:02:16,1811894,3357.000,330.000,7718.000,-21.000,-3.000,-9.000,0.000,0.000,0
2026-01-31 12:02:16,1811934,3379.000,363.000,7747.000,26.000,4.000,-1.000,0.000,0.000,0
2026-01-31 12:02:16,1811974,3369.000,367.000,7735.000,2.000,36.000,16.000,0.000,0.000,0
2026-01-31 12:02:16,1812015,3411.000,374.000,7714.000,52.000,53.000,28.000,0.000,0.000,0
2026-01-31 12:02:16,1812054,3351.000,363.000,7696.000,49.000,75.000,17.000,0.000,0.000,0
2026-01-31 12:02:16,1812094,3332.000,334.000,7705.000,42.000,47.000,24.000,0.000,0.000,0
2026-01-31 12:02:16,1812134,3354.000,380.000,7721.000,-10.000,40.000,78.000,0.000,0.000,0
2026-01-31 12:02:16,1812174,3353.000,426.000,7688.000,64.000,39.000,54.000,0.000,0.000,0
2026-01-31 12:02:16,1812214,3293.000,425.000,7691.000,30.000,30.000,20.000,0.000,0.000,0
2026-01-31 12:02:16,1812254,3308.000,376.000,7709.000,27.000,-17.000,0.000,0.000,0.000,0
2026-01-31 12:02:16,1812294,3353.000,416.000,7762.000,-13.000,-30.000,25.000,0.000,0.000,0
2026-01-31 12:02:16,1812334,3329.000,359.000,7738.000,-22.000,7.000,38.000,0.000,0.000,0
2026-01-31 12:02:16,1812374,3330.000,426.000,7736.000,53.000,18.000,-1.000,0.000,0.000,0
2026-01-31 12:02:17,1812414,3361.000,390.000,7694.000,-8.000,22.000,18.000,0.000,0.000,0
2026-01-31 12:02:17,1812454,3270.000,409.000,7705.000,-1.000,-7.000,6.000,0.000,0.000,0
2026-01-31 12:02:17,1812494,3392.000,399.000,7754.000,-25.000,-46.000,15.000,0.000,0.000,0
2026-01-31 12:02:17,1812534,3352.000,348.000,7738.000,-11.000,37.000,8.000,0.000,0.000,0
2026-01-31 12:02:17,1812574,3309.000,425.000,7669.000,57.000,53.000,21.000,0.000,0.000,0
2026-01-31 12:02:17,1812614,3279.000,429.000,7678.000,-71.000,7.000,34.000,0.000,0.000,0
2026-01-31 12:02:17,1812654,3354.000,410.000,7709.000,-25.000,-54.000,-8.000,0.000,0.000,0
2026-01-31 12:02:17,1812694,3372.000,348.000,7759.000,-38.000,-34.000,-22.000,0.000,0.000,0
2026-01-31 12:02:17,1812734,3287.000,311.000,7751.000,-41.000,14.000,22.000,0.000,0.000,0
2026-01-31 12:02:17,1812774,3339.000,438.000,7749.000,-30.000,-3.000,27.000,0.000,0.000,0
2026-01-31 12:02:17,1812814,3373.000,395.000,7682.000,-29.000,16.000,2.000,0.000,0.000,0
2026-01-31 12:02:17,1812854,3364.000,458.000,7694.000,11.000,4.000,-35.000,0.000,0.000,0
2026-01-31 12:02:17,1812894,3394.000,311.000,7686.000,-25.000,-4.000,-46.000,0.000,0.000,0
2026-01-31 12:02:17,1812934,3419.000,311.000,7711.000,-34.000,-3.000,-16.000,0.000,0.000,0
2026-01-31 12:02:17,1812974,3377.000,310.000,7701.000,-29.000,3.000,39.000,0.000,0.000,0
2026-01-31 12:02:17,1813014,3351.000,413.000,7716.000,-19.000,-3.000,68.000,0.000,0.000,0
2026-01-31 12:02:17,1813054,3352.000,391.000,7694.000,-4.000,-10.000,31.000,0.000,0.000,0
2026-01-31 12:02:17,1813094,3343.000,420.000,7732.000,-6.000,-13.000,-6.000,0.000,0.000,0
2026-01-31 12:02:17,1813134,3350.000,293.000,7740.000,-11.000,-8.000,-20.000,0.000,0.000,0
2026-01-31 12:02:17,1813174,3402.000,342.000,7775.000,20.000,11.000,-1.000,0.000,0.000,0
2026-01-31 12:02:17,1813214,3334.000,332.000,7711.000,19.000,62.000,38.000,0.000,0.000,0
2026-01-31 12:02:17,1813254,3322.000,458.000,7714.000,41.000,46.000,35.000,0.000,0.000,0
2026-01-31 12:02:17,1813294,3394.000,392.000,7678.000,-5.000,20.000,-2.000,0.000,0.000,0
2026-01-31 12:02:17,1813334,3357.000,404.000,7727.000,23.000,30.000,-35.000,0.000,0.000,0
2026-01-31 12:02:17,1813374,3318.000,370.000,7690.000,-45.000,26.000,-13.000,0.000,0.000,0
2026-01-31 12:02:18,1813414,3340.000,361.000,7706.000,-17.000,7.000,7.000,0.000,0.000,0
2026-01-31 12:02:18,1813454,3346.000,417.000,7690.000,-16.000,-10.000,14.000,0.000,0.000,0
2026-01-31 12:02:18,1813494,3347.000,398.000,7698.000,-36.000,-37.000,-2.000,0.000,0.000,0
2026-01-31 12:02:18,1813534,3400.000,377.000,7741.000,-35.000,-45.000,-19.000,0.000,0.000,0
2026-01-31 12:02:18,1813574,3393.000,304.000,7736.000,-28.000,4.000,-10.000,0.000,0.000,0
2026-01-31 12:02:18,1813614,3349.000,348.000,7696.000,19.000,21.000,0.000,0.000,0.000,0
2026-01-31 12:02:18,1813654,3359.000,378.000,7713.000,-41.000,-8.000,15.000,0.000,0.000,0
2026-01-31 12:02:18,1813694,3439.000,397.000,7740.000,-11.000,-32.000,-5.000,0.000,0.000,0
2026-01-31 12:02:18,1813734,3391.000,330.000,7725.000,5.000,36.000,-26.000,0.000,0.000,0
2026-01-31 12:02:18,1813774,3323.000,373.000,7682.000,60.000,39.000,-38.000,0.000,0.000,0
2026-01-31 12:02:18,1813814,3394.000,342.000,7708.000,-53.000,-10.000,13.000,0.000,0.000,0
2026-01-31 12:02:18,1813855,3423.000,355.000,7719.000,-20.000,-4.000,38.000,0.000,0.000,0
2026-01-31 12:02:18,1813894,3381.000,420.000,7723.000,-6.000,36.000,25.000,0.000,0.000,0
2026-01-31 12:02:18,1813934,3364.000,396.000,7689.000,15.000,46.000,-8.000,0.000,0.000,0
2026-01-31 12:02:18,1813974,3393.000,363.000,7685.000,-9.000,33.000,-15.000,0.000,0.000,0
2026-01-31 12:02:18,1814015,3364.000,323.000,7676.000,-19.000,19.000,5.000,0.000,0.000,0
2026-01-31 12:02:18,1814054,3394.000,335.000,7721.000,-10.000,1.000,4.000,0.000,0.000,0
2026-01-31 12:02:18,1814094,3368.000,367.000,7753.000,-7.000,20.000,36.000,0.000,0.000,0
2026-01-31 12:02:18,1814134,3392.000,384.000,7707.000,14.000,54.000,24.000,0.000,0.000,0
2026-01-31 12:02:18,1814174,3305.000,405.000,7684.000,21.000,59.000,-2.000,0.000,0.000,0
2026-01-31 12:02:18,1814214,3340.000,394.000,7697.000,-4.000,4.000,-14.000,0.000,0.000,0
2026-01-31 12:02:18,1814254,3415.000,332.000,7733.000,-37.000,-3.000,2.000,0.000,0.000,0
2026-01-31 12:02:18,1814294,3396.000,296.000,7721.000,26.000,39.000,2.000,0.000,0.000,0
2026-01-31 12:02:18,1814334,3331.000,385.000,7694.000,28.000,59.000,30.000,0.000,0.000,0
2026-01-31 12:02:18,1814374,3325.000,389.000,7680.000,-17.000,18.000,52.000,0.000,0.000,0
2026-01-31 12:02:19,1814414,3346.000,415.000,7725.000,-15.000,-15.000,25.000,0.000,0.000,0
2026-01-31 12:02:19,1814454,3370.000,367.000,7733.000,-1.000,-2.000,-13.000,0.000,0.000,0
2026-01-31 12:02:19,1814494,3383.000,333.000,7733.000,6.000,21.000,-12.000,0.000,0.000,0
2026-01-31 12:02:19,1814534,3331.000,358.000,7690.000,6.000,38.000,4.000,0.000,0.000,0
2026-01-31 12:02:19,1814574,3351.000,382.000,7684.000,-18.000,4.000,13.000,0.000,0.000,0
2026-01-31 12:02:19,1814614,3456.000,392.000,7725.000,-29.000,-32.000,5.000,0.000,0.000,0
2026-01-31 12:02:19,1814654,3355.000,270.000,7701.000,-11.000,30.000,-29.000,0.000,0.000,0
2026-01-31 12:02:19,1814694,3313.000,388.000,7717.000,47.000,15.000,-21.000,0.000,0.000,0
2026-01-31 12:02:19,1814734,3392.000,315.000,7731.000,-80.000,-12.000,50.000,0.000,0.000,0
2026-01-31 12:02:19,1814774,3364.000,385.000,7726.000,-8.000,5.000,38.000,0.000,0.000,0
2026-01-31 12:02:19,1814814,3362.000,417.000,7699.000,29.000,29.000,-21.000,0.000,0.000,0
2026-01-31 12:02:19,1814854,3383.000,348.000,7697.000,-31.000,13.000,-19.000,0.000,0.000,0
2026-01-31 12:02:19,1814894,3358.000,308.000,7703.000,4.000,9.000,0.000,0.000,0.000,0
2026-01-31 12:02:19,1814934,3377.000,355.000,7725.000,-2.000,9.000,22.000,0.000,0.000,0
2026-01-31 12:02:19,1814974,3341.000,360.000,7719.000,-17.000,14.000,36.000,0.000,0.000,0
2026-01-31 12:02:19,1815014,3354.000,398.000,7721.000,5.000,14.000,15.000,0.000,0.000,0
2026-01-31 12:02:19,1815054,3349.000,392.000,7700.000,-7.000,18.000,-13.000,0.000,0.000,0
2026-01-31 12:02:19,1815094,3360.000,342.000,7714.000,8.000,1.000,-30.000,0.000,0.000,0
2026-01-31 12:02:19,1815134,3375.000,358.000,7728.000,1.000,7.000,-19.000,0.000,0.000,0
2026-01-31 12:02:19,1815174,3374.000,320.000,7703.000,-9.000,22.000,4.000,0.000,0.000,0
2026-01-31 12:02:19,1815214,3374.000,371.000,7706.000,-10.000,13.000,9.000,0.000,0.000,0
2026-01-31 12:02:19,1815254,3358.000,349.000,7711.000,0.000,-2.000,13.000,0.000,0.000,0
2026-01-31 12:02:19,1815294,3352.000,362.000,7722.000,4.000,5.000,6.000,0.000,0.000,0
2026-01-31 12:02:19,1815334,3396.000,367.000,7736.000,4.000,-2.000,5.000,0.000,0.000,0
2026-01-31 12:02:19,1815374,3343.000,346.000,7707.000,-8.000,20.000,15.000,0.000,0.000,0
2026-01-31 12:02:20,1815414,3363.000,359.000,7721.000,16.000,8.000,11.000,0.000,0.000,0
2026-01-31 12:02:20,1815454,3374.000,396.000,7723.000,6.000,18.000,18.000,0.000,0.000,0
2026-01-31 12:02:20,1815494,3342.000,353.000,7717.000,3.000,20.000,-5.000,0.000,0.000,0
2026-01-31 12:02:20,1815534,3389.000,388.000,7708.000,39.000,18.000,-21.000,0.000,0.000,0
2026-01-31 12:02:20,1815574,3401.000,341.000,7713.000,4.000,27.000,9.000,0.000,0.000,0
2026-01-31 12:02:20,1815614,3303.000,367.000,7689.000,32.000,28.000,4.000,0.000,0.000,0
2026-01-31 12:02:20,1815654,3402.000,383.000,7726.000,-7.000,-3.000,25.000,0.000,0.000,0
2026-01-31 12:02:20,1815694,3376.000,383.000,7713.000,-8.000,21.000,35.000,0.000,0.000,0
2026-01-31 12:02:20,1815734,3336.000,406.000,7706.000,12.000,38.000,19.000,0.000,0.000,0
2026-01-31 12:02:20,1815774,3360.000,409.000,7713.000,2.000,20.000,-4.000,0.000,0.000,0
2026-01-31 12:02:20,1815814,3366.000,337.000,7706.000,1.000,18.000,-11.000,0.000,0.000,0
2026-01-31 12:02:20,1815856,3355.000,356.000,7727.000,5.000,22.000,-2.000,0.000,0.000,0
2026-01-31 12:02:20,1815894,3365.000,334.000,7724.000,3.000,23.000,24.000,0.000,0.000,0
2026-01-31 12:02:20,1815934,3339.000,379.000,7731.000,7.000,30.000,30.000,0.000,0.000,0
2026-01-31 12:02:20,1815974,3334.000,423.000,7688.000,8.000,18.000,9.000,0.000,0.000,0
2026-01-31 12:02:20,1816016,3348.000,393.000,7708.000,-10.000,-4.000,-8.000,0.000,0.000,0
2026-01-31 12:02:20,1816054,3382.000,374.000,7743.000,-30.000,-8.000,-6.000,0.000,0.000,0
2026-01-31 12:02:20,1816094,3403.000,330.000,7732.000,1.000,29.000,6.000,0.000,0.000,0
2026-01-31 12:02:20,1816134,3348.000,375.000,7681.000,12.000,51.000,13.000,0.000,0.000,0
2026-01-31 12:02:20,1816174,3325.000,339.000,7680.000,-3.000,7.000,12.000,0.000,0.000,0
2026-01-31 12:02:20,1816214,3359.000,388.000,7720.000,-24.000,-26.000,30.000,0.000,0.000,0
2026-01-31 12:02:20,1816254,3333.000,376.000,7744.000,-40.000,-20.000,33.000,0.000,0.000,0
2026-01-31 12:02:20,1816294,3373.000,406.000,7753.000,-13.000,5.000,14.000,0.000,0.000,0
2026-01-31 12:02:20,1816334,3320.000,401.000,7734.000,9.000,37.000,-13.000,0.000,0.000,0
2026-01-31 12:02:20,1816374,3361.000,355.000,7696.000,-3.000,31.000,-11.000,0.000,0.000,0
2026-01-31 12:02:21,1816414,3368.000,352.000,7697.000,-17.000,12.000,9.000,0.000,0.000,0
2026-01-31 12:02:21,1816454,3414.000,341.000,7703.000,5.000,6.000,19.000,0.000,0.000,0
2026-01-31 12:02:21,1816494,3270.000,356.000,7691.000,17.000,19.000,6.000,0.000,0.000,0
2026-01-31 12:02:21,1816534,3368.000,412.000,7726.000,-25.000,-30.000,27.000,0.000,0.000,0
2026-01-31 12:02:21,1816574,3371.000,361.000,7744.000,-65.000,-16.000,39.000,0.000,0.000,0
2026-01-31 12:02:21,1816614,3352.000,412.000,7736.000,22.000,22.000,-4.000,0.000,0.000,0
2026-01-31 12:02:21,1816654,3354.000,377.000,7706.000,5.000,47.000,-26.000,0.000,0.000,0
2026-01-31 12:02:21,1816694,3354.000,351.000,7703.000,-1.000,24.000,-27.000,0.000,0.000,0
2026-01-31 12:02:21,1816734,3356.000,328.000,7742.000,-24.000,-2.000,3.000,0.000,0.000,0
2026-01-31 12:02:21,1816774,3382.000,364.000,7723.000,0.000,40.000,46.000,0.000,0.000,0
2026-01-31 12:02:21,1816814,3287.000,418.000,7673.000,17.000,48.000,13.000,0.000,0.000,0
2026-01-31 12:02:21,1816854,3374.000,404.000,7701.000,-8.000,-15.000,-9.000,0.000,0.000,0
2026-01-31 12:02:21,1816894,3372.000,310.000,7706.000,-34.000,-18.000,-5.000,0.000,0.000,0
2026-01-31 12:02:21,1816934,3377.000,338.000,7762.000,15.000,-11.000,-13.000,0.000,0.000,0
2026-01-31 12:02:21,1816974,3344.000,336.000,7739.000,-5.000,25.000,29.000,0.000,0.000,0
2026-01-31 12:02:21,1817014,3332.000,408.000,7721.000,-1.000,36.000,38.000,0.000,0.000,0
2026-01-31 12:02:21,1817054,3358.000,405.000,7694.000,-5.000,32.000,8.000,0.000,0.000,0
2026-01-31 12:02:21,1817094,3352.000,401.000,7706.000,-3.000,7.000,-26.000,0.000,0.000,0
2026-01-31 12:02:21,1817134,3364.000,324.000,7722.000,-29.000,3.000,-18.000,0.000,0.000,0
2026-01-31 12:02:21,1817174,3434.000,344.000,7723.000,-3.000,18.000,8.000,0.000,0.000,0
2026-01-31 12:02:21,1817214,3340.000,316.000,7688.000,4.000,42.000,31.000,0.000,0.000,0
2026-01-31 12:02:21,1817254,3305.000,400.000,7694.000,2.000,0.000,30.000,0.000,0.000,0
2026-01-31 12:02:21,1817294,3343.000,387.000,7730.000,-48.000,-31.000,25.000,0.000,0.000,0
2026-01-31 12:02:21,1817334,3363.000,385.000,7753.000,-14.000,-16.000,-13.000,0.000,0.000,0
2026-01-31 12:02:21,1817374,3380.000,403.000,7734.000,18.000,30.000,-38.000,0.000,0.000,0
2026-01-31 12:02:22,1817414,3304.000,342.000,7695.000,25.000,52.000,-48.000,0.000,0.000,0
2026-01-31 12:02:22,1817454,3349.000,382.000,7697.000,-16.000,-6.000,-22.000,0.000,0.000,0
2026-01-31 12:02:22,1817494,3416.000,316.000,7709.000,-64.000,-18.000,25.000,0.000,0.000,0
2026-01-31 12:02:22,1817534,3367.000,380.000,7697.000,12.000,27.000,18.000,0.000,0.000,0
2026-01-31 12:02:22,1817574,3334.000,365.000,7713.000,2.000,24.000,9.000,0.000,0.000,0
2026-01-31 12:02:22,1817614,3366.000,340.000,7739.000,-22.000,3.000,3.000,0.000,0.000,0
2026-01-31 12:02:22,1817654,3350.000,345.000,7732.000,-1.000,27.000,30.000,0.000,0.000,0
2026-01-31 12:02:22,1817694,3320.000,389.000,7699.000,0.000,32.000,22.000,0.000,0.000,0
2026-01-31 12:02:22,1817734,3354.000,383.000,7693.000,-3.000,2.000,-5.000,0.000,0.000,0
2026-01-31 12:02:22,1817774,3387.000,343.000,7704.000,-17.000,-14.000,-22.000,0.000,0.000,0
2026-01-31 12:02:22,1817814,3370.000,331.000,7720.000,-1.000,-13.000,-20.000,0.000,0.000,0
2026-01-31 12:02:22,1817854,3369.000,317.000,7753.000,-9.000,-7.000,4.000,0.000,0.000,0
2026-01-31 12:02:22,1817894,3370.000,394.000,7713.000,6.000,33.000,41.000,0.000,0.000,0
2026-01-31 12:02:22,1817934,3347.000,407.000,7694.000,2.000,28.000,6.000,0.000,0.000,0
2026-01-31 12:02:22,1817974,3371.000,373.000,7707.000,-9.000,10.000,-20.000,0.000,0.000,0
2026-01-31 12:02:22,1818015,3351.000,334.000,7702.000,-7.000,21.000,-17.000,0.000,0.000,0
2026-01-31 12:02:22,1818054,3367.000,333.000,7704.000,-7.000,-1.000,-3.000,0.000,0.000,0
2026-01-31 12:02:22,1818094,3385.000,327.000,7720.000,-21.000,-16.000,22.000,0.000,0.000,0
2026-01-31 12:02:22,1818134,3363.000,373.000,7720.000,1.000,4.000,25.000,0.000,0.000,0
2026-01-31 12:02:22,1818174,3325.000,398.000,7734.000,-11.000,12.000,3.000,0.000,0.000,0
2026-01-31 12:02:22,1818214,3370.000,357.000,7726.000,-6.000,9.000,-14.000,0.000,0.000,0
2026-01-31 12:02:22,1818254,3359.000,346.000,7704.000,-16.000,22.000,-20.000,0.000,0.000,0
2026-01-31 12:02:22,1818294,3398.000,350.000,7700.000,19.000,1.000,-9.000,0.000,0.000,0
2026-01-31 12:02:22,1818334,3337.000,306.000,7714.000,4.000,15.000,-7.000,0.000,0.000,0
2026-01-31 12:02:22,1818374,3350.000,380.000,7713.000,-4.000,-1.000,20.000,0.000,0.000,0
2026-01-31 12:02:23,1818414,3388.000,380.000,7764.000,-53.000,-13.000,30.000,0.000,0.000,0
2026-01-31 12:02:23,1818454,3385.000,387.000,7740.000,17.000,28.000,14.000,0.000,0.000,0
2026-01-31 12:02:23,1818494,3316.000,405.000,7649.000,29.000,69.000,5.000,0.000,0.000,0
2026-01-31 12:02:23,1818534,3383.000,339.000,7672.000,-9.000,-2.000,-28.000,0.000,0.000,0
2026-01-31 12:02:23,1818574,3407.000,319.000,7705.000,-29.000,-41.000,-10.000,0.000,0.000,0
2026-01-31 12:02:23,1818614,3373.000,265.000,7758.000,-27.000,-11.000,15.000,0.000,0.000,0
2026-01-31 12:02:23,1818654,3367.000,371.000,7770.000,43.000,26.000,29.000,0.000,0.000,0
2026-01-31 12:02:23,1818694,3305.000,397.000,7655.000,17.000,51.000,30.000,0.000,0.000,0
2026-01-31 12:02:23,1818734,3360.000,452.000,7666.000,8.000,-15.000,-22.000,0.000,0.000,0
2026-01-31 12:02:23,1818774,3404.000,314.000,7718.000,-38.000,-57.000,-54.000,0.000,0.000,0
2026-01-31 12:02:23,1818814,3397.000,276.000,7774.000,4.000,-9.000,-45.000,0.000,0.000,0
2026-01-31 12:02:23,1818854,3366.000,300.000,7766.000,31.000,45.000,20.000,0.000,0.000,0
2026-01-31 12:02:23,1818894,3346.000,393.000,7709.000,5.000,67.000,77.000,0.000,0.000,0
2026-01-31 12:02:23,1818934,3323.000,444.000,7666.000,21.000,49.000,36.000,0.000,0.000,0
2026-01-31 12:02:23,1818974,3345.000,446.000,7703.000,-8.000,8.000,-28.000,0.000,0.000,0
2026-01-31 12:02:23,1819014,3384.000,335.000,7705.000,-3.000,-7.000,-52.000,0.000,0.000,0
2026-01-31 12:02:23,1819054,3386.000,297.000,7723.000,-3.000,8.000,-27.000,0.000,0.000,0
2026-01-31 12:02:23,1819094,3373.000,340.000,7699.000,9.000,21.000,40.000,0.000,0.000,0
2026-01-31 12:02:23,1819134,3355.000,401.000,7695.000,4.000,8.000,36.000,0.000,0.000,0
2026-01-31 12:02:23,1819174,3358.000,375.000,7705.000,5.000,-13.000,-8.000,0.000,0.000,0
2026-01-31 12:02:23,1819214,3434.000,361.000,7755.000,20.000,-22.000,-3.000,0.000,0.000,0
2026-01-31 12:02:23,1819254,3314.000,273.000,7722.000,26.000,53.000,17.000,0.000,0.000,0
2026-01-31 12:02:23,1819294,3302.000,413.000,7748.000,64.000,32.000,16.000,0.000,0.000,0
2026-01-31 12:02:23,1819334,3410.000,366.000,7742.000,-46.000,22.000,67.000,0.000,0.000,0
2026-01-31 12:02:23,1819374,3349.000,444.000,7709.000,39.000,62.000,43.000,0.000,0.000,0
2026-01-31 12:02:24,1819414,3318.000,450.000,7658.000,31.000,63.000,-9.000,0.000,0.000,0
2026-01-31 12:02:24,1819454,3371.000,347.000,7686.000,-10.000,-8.000,-21.000,0.000,0.000,0
2026-01-31 12:02:24,1819494,3364.000,295.000,7743.000,-20.000,-13.000,8.000,0.000,0.000,0
2026-01-31 12:02:24,1819534,3396.000,329.000,7775.000,-2.000,13.000,53.000,0.000,0.000,0
2026-01-31 12:02:24,1819574,3316.000,425.000,7732.000,13.000,66.000,71.000,0.000,0.000,0
2026-01-31 12:02:24,1819614,3275.000,432.000,7674.000,-5.000,62.000,15.000,0.000,0.000,0
2026-01-31 12:02:24,1819654,3347.000,448.000,7696.000,12.000,-5.000,-38.000,0.000,0.000,0
2026-01-31 12:02:24,1819694,3353.000,328.000,7770.000,-50.000,-18.000,-29.000,0.000,0.000,0
2026-01-31 12:02:24,1819734,3365.000,317.000,7748.000,19.000,34.000,-4.000,0.000,0.000,0
2026-01-31 12:02:24,1819774,3363.000,392.000,7722.000,10.000,68.000,27.000,0.000,0.000,0
2026-01-31 12:02:24,1819814,3342.000,364.000,7696.000,-7.000,50.000,26.000,0.000,0.000,0
2026-01-31 12:02:24,1819855,3324.000,390.000,7721.000,-33.000,10.000,33.000,0.000,0.000,0
2026-01-31 12:02:24,1819894,3349.000,381.000,7720.000,-6.000,10.000,33.000,0.000,0.000,0
2026-01-31 12:02:24,1819934,3327.000,376.000,7701.000,3.000,12.000,-3.000,0.000,0.000,0
2026-01-31 12:02:24,1819974,3314.000,324.000,7709.000,-4.000,-10.000,-21.000,0.000,0.000,0
2026-01-31 12:02:24,1820014,3315.000,341.000,7753.000,-31.000,-28.000,6.000,0.000,0.000,0
2026-01-31 12:02:24,1820054,3335.000,366.000,7751.000,-20.000,-18.000,37.000,0.000,0.000,0
2026-01-31 12:02:24,1820094,3362.000,446.000,7730.000,18.000,19.000,30.000,0.000,0.000,0
2026-01-31 12:02:24,1820134,3237.000,431.000,7658.000,11.000,33.000,-23.000,0.000,0.000,0
2026-01-31 12:02:24,1820174,3370.000,427.000,7714.000,-24.000,-54.000,-51.000,0.000,0.000,0
2026-01-31 12:02:24,1820214,3441.000,251.000,7744.000,-82.000,-52.000,-7.000,0.000,0.000,0
2026-01-31 12:02:24,1820254,3318.000,365.000,7687.000,40.000,34.000,23.000,0.000,0.000,0
2026-01-31 12:02:24,1820294,3328.000,410.000,7708.000,-54.000,-24.000,43.000,0.000,0.000,0
2026-01-31 12:02:24,1820334,3391.000,354.000,7749.000,-49.000,-41.000,21.000,0.000,0.000,0
2026-01-31 12:02:24,1820374,3346.000,402.000,7764.000,6.000,17.000,-24.000,0.000,0.000,0
2026-01-31 12:02:25,1820414,3357.000,351.000,7732.000,-16.000,42.000,-32.000,0.000,0.000,0
2026-01-31 12:02:25,1820454,3350.000,337.000,7697.000,10.000,40.000,-28.000,0.000,0.000,0
2026-01-31 12:02:25,1820494,3395.000,339.000,7668.000,-12.000,19.000,-5.000,0.000,0.000,0
2026-01-31 12:02:25,1820534,3370.000,339.000,7682.000,-12.000,-12.000,3.000,0.000,0.000,0
2026-01-31 12:02:25,1820574,3397.000,339.000,7736.000,-6.000,-40.000,15.000,0.000,0.000,0
2026-01-31 12:02:25,1820614,3347.000,347.000,7734.000,4.000,41.000,44.000,0.000,0.000,0
2026-01-31 12:02:25,1820654,3329.000,435.000,7737.000,35.000,49.000,21.000,0.000,0.000,0
2026-01-31 12:02:25,1820694,3329.000,385.000,7713.000,-22.000,38.000,15.000,0.000,0.000,0
2026-01-31 12:02:25,1820734,3357.000,381.000,7710.000,10.000,37.000,-14.000,0.000,0.000,0
2026-01-31 12:02:25,1820774,3361.000,361.000,7696.000,-5.000,36.000,-19.000,0.000,0.000,0
2026-01-31 12:02:25,1820814,3380.000,314.000,7695.000,-10.000,7.000,-19.000,0.000,0.000,0
2026-01-31 12:02:25,1820854,3350.000,328.000,7704.000,-39.000,1.000,11.000,0.000,0.000,0
2026-01-31 12:02:25,1820894,3355.000,330.000,7722.000,-6.000,-7.000,18.000,0.000,0.000,0
2026-01-31 12:02:25,1820934,3354.000,371.000,7733.000,-15.000,2.000,17.000,0.000,0.000,0
2026-01-31 12:02:25,1820974,3363.000,379.000,7763.000,-6.000,16.000,19.000,0.000,0.000,0
2026-01-31 12:02:25,1821014,3290.000,367.000,7691.000,44.000,69.000,-19.000,0.000,0.000,0
2026-01-31 12:02:25,1821054,3340.000,382.000,7713.000,-12.000,11.000,-10.000,0.000,0.000,0
2026-01-31 12:02:25,1821094,3391.000,326.000,7718.000,-37.000,-10.000,22.000,0.000,0.000,0
2026-01-31 12:02:25,1821134,3357.000,370.000,7718.000,-7.000,30.000,19.000,0.000,0.000,0
2026-01-31 12:02:25,1821174,3361.000,374.000,7693.000,-3.000,24.000,-13.000,0.000,0.000,0
2026-01-31 12:02:25,1821214,3326.000,349.000,7700.000,-18.000,1.000,-7.000,0.000,0.000,0
2026-01-31 12:02:25,1821254,3342.000,367.000,7712.000,-5.000,-25.000,6.000,0.000,0.000,0
2026-01-31 12:02:25,1821294,3373.000,345.000,7729.000,-48.000,-22.000,17.000,0.000,0.000,0
2026-01-31 12:02:25,1821334,3362.000,355.000,7738.000,8.000,-9.000,-2.000,0.000,0.000,0
2026-01-31 12:02:25,1821374,3336.000,316.000,7724.000,-3.000,9.000,-14.000,0.000,0.000,0
2026-01-31 12:02:26,1821414,3341.000,381.000,7732.000,-5.000,8.000,13.000,0.000,0.000,0
2026-01-31 12:02:26,1821454,3362.000,357.000,7729.000,-27.000,12.000,9.000,0.000,0.000,0
2026-01-31 12:02:26,1821494,3379.000,378.000,7733.000,22.000,34.000,-16.000,0.000,0.000,0
2026-01-31 12:02:26,1821534,3376.000,342.000,7694.000,1.000,54.000,-5.000,0.000,0.000,0
2026-01-31 12:02:26,1821574,3345.000,379.000,7665.000,16.000,42.000,9.000,0.000,0.000,0
2026-01-31 12:02:26,1821614,3354.000,337.000,7663.000,-35.000,-9.000,10.000,0.000,0.000,0
2026-01-31 12:02:26,1821654,3359.000,401.000,7699.000,-20.000,-43.000,-2.000,0.000,0.000,0
2026-01-31 12:02:26,1821694,3378.000,304.000,7758.000,-50.000,-52.000,-18.000,0.000,0.000,0
2026-01-31 12:02:26,1821734,3350.000,367.000,7791.000,7.000,-11.000,-5.000,0.000,0.000,0
2026-01-31 12:02:26,1821774,3329.000,372.000,7724.000,22.000,64.000,17.000,0.000,0.000,0
2026-01-31 12:02:26,1821814,3324.000,419.000,7681.000,-2.000,49.000,-6.000,0.000,0.000,0
2026-01-31 12:02:26,1821855,3406.000,389.000,7682.000,-13.000,0.000,-26.000,0.000,0.000,0
2026-01-31 12:02:26,1821894,3415.000,258.000,7686.000,-12.000,9.000,-43.000,0.000,0.000,0
2026-01-31 12:02:26,1821934,3379.000,282.000,7710.000,49.000,21.000,-11.000,0.000,0.000,0
2026-01-31 12:02:26,1821974,3373.000,303.000,7705.000,-30.000,-9.000,67.000,0.000,0.000,0
2026-01-31 12:02:26,1822014,3338.000,401.000,7733.000,-18.000,-11.000,81.000,0.000,0.000,0
2026-01-31 12:02:26,1822054,3321.000,423.000,7744.000,-32.000,2.000,40.000,0.000,0.000,0
2026-01-31 12:02:26,1822094,3330.000,423.000,7738.000,20.000,28.000,-32.000,0.000,0.000,0
2026-01-31 12:02:26,1822134,3339.000,361.000,7700.000,-9.000,36.000,-65.000,0.000,0.000,0
2026-01-31 12:02:26,1822174,3412.000,268.000,7727.000,0.000,12.000,-37.000,0.000,0.000,0
2026-01-31 12:02:26,1822214,3382.000,298.000,7707.000,8.000,41.000,25.000,0.000,0.000,0
2026-01-31 12:02:26,1822254,3332.000,367.000,7676.000,0.000,39.000,54.000,0.000,0.000,0
2026-01-31 12:02:26,1822294,3334.000,402.000,7690.000,-3.000,-19.000,28.000,0.000,0.000,0
2026-01-31 12:02:26,1822334,3362.000,387.000,7735.000,-32.000,-35.000,3.000,0.000,0.000,0
2026-01-31 12:02:26,1822374,3331.000,336.000,7750.000,3.000,-10.000,-32.000,0.000,0.000,0
2026-01-31 12:02:27,1822414,3359.000,377.000,7763.000,12.000,10.000,-18.000,0.000,0.000,0
2026-01-31 12:02:27,1822454,3353.000,320.000,7716.000,-13.000,37.000,4.000,0.000,0.000,0
2026-01-31 12:02:27,1822494,3370.000,389.000,7696.000,34.000,33.000,-13.000,0.000,0.000,0
2026-01-31 12:02:27,1822534,3372.000,345.000,7708.000,-10.000,7.000,-2.000,0.000,0.000,0
2026-01-31 12:02:27,1822574,3381.000,312.000,7740.000,3.000,-4.000,-5.000,0.000,0.000,0
2026-01-31 12:02:27,1822614,3400.000,309.000,7727.000,22.000,31.000,32.000,0.000,0.000,0
2026-01-31 12:02:27,1822654,3321.000,395.000,7689.000,25.000,39.000,56.000,0.000,0.000,0
2026-01-31 12:02:27,1822694,3318.000,386.000,7681.000,-6.000,-12.000,31.000,0.000,0.000,0
2026-01-31 12:02:27,1822734,3373.000,391.000,7724.000,-3.000,-38.000,-14.000,0.000,0.000,0
2026-01-31 12:02:27,1822774,3373.000,345.000,7745.000,11.000,-21.000,-31.000,0.000,0.000,0
2026-01-31 12:02:27,1822814,3428.000,345.000,7766.000,19.000,13.000,-2.000,0.000,0.000,0
2026-01-31 12:02:27,1822854,3288.000,297.000,7688.000,38.000,77.000,1.000,0.000,0.000,0
2026-01-31 12:02:27,1822894,3360.000,427.000,7690.000,40.000,21.000,11.000,0.000,0.000,0
2026-01-31 12:02:27,1822934,3403.000,376.000,7692.000,-24.000,-6.000,30.000,0.000,0.000,0
2026-01-31 12:02:27,1822974,3391.000,360.000,7728.000,9.000,7.000,-11.000,0.000,0.000,0
2026-01-31 12:02:27,1823014,3355.000,365.000,7711.000,32.000,33.000,-5.000,0.000,0.000,0
2026-01-31 12:02:27,1823054,3326.000,330.000,7711.000,-24.000,15.000,20.000,0.000,0.000,0
2026-01-31 12:02:27,1823094,3361.000,395.000,7737.000,-2.000,1.000,35.000,0.000,0.000,0
2026-01-31 12:02:27,1823134,3335.000,376.000,7722.000,-19.000,20.000,9.000,0.000,0.000,0
2026-01-31 12:02:27,1823174,3377.000,400.000,7728.000,36.000,19.000,-31.000,0.000,0.000,0
2026-01-31 12:02:27,1823214,3358.000,350.000,7684.000,-15.000,41.000,-13.000,0.000,0.000,0
2026-01-31 12:02:27,1823254,3380.000,357.000,7707.000,3.000,15.000,-2.000,0.000,0.000,0
2026-01-31 12:02:27,1823294,3372.000,352.000,7689.000,-18.000,-2.000,8.000,0.000,0.000,0
2026-01-31 12:02:27,1823334,3363.000,387.000,7737.000,-18.000,5.000,14.000,0.000,0.000,0
2026-01-31 12:02:27,1823374,3350.000,367.000,7714.000,-2.000,17.000,9.000,0.000,0.000,0
2026-01-31 12:02:28,1823414,3357.000,395.000,7737.000,-23.000,11.000,3.000,0.000,0.000,0
2026-01-31 12:02:28,1823454,3380.000,351.000,7717.000,-4.000,18.000,-6.000,0.000,0.000,0
2026-01-31 12:02:28,1823494,3327.000,397.000,7708.000,-6.000,33.000,-6.000,0.000,0.000,0
2026-01-31 12:02:28,1823534,3400.000,326.000,7706.000,-16.000,10.000,-12.000,0.000,0.000,0
2026-01-31 12:02:28,1823574,3346.000,379.000,7713.000,7.000,22.000,3.000,0.000,0.000,0
2026-01-31 12:02:28,1823614,3361.000,351.000,7705.000,-30.000,8.000,11.000,0.000,0.000,0
2026-01-31 12:02:28,1823654,3363.000,432.000,7724.000,21.000,2.000,2.000,0.000,0.000,0
2026-01-31 12:02:28,1823694,3273.000,342.000,7734.000,-23.000,15.000,-28.000,0.000,0.000,0
2026-01-31 12:02:28,1823734,3319.000,430.000,7738.000,-24.000,14.000,-55.000,0.000,0.000,0
2026-01-31 12:02:28,1823774,3405.000,323.000,7732.000,-54.000,16.000,-39.000,0.000,0.000,0
2026-01-31 12:02:28,1823814,3479.000,385.000,7740.000,-3.000,44.000,12.000,0.000,0.000,0
2026-01-31 12:02:28,1823855,3475.000,289.000,7676.000,-15.000,107.000,53.000,0.000,0.000,0
2026-01-31 12:02:28,1823894,3362.000,368.000,7610.000,69.000,105.000,30.000,0.000,0.000,0
2026-01-31 12:02:28,1823934,3359.000,317.000,7672.000,-30.000,6.000,60.000,0.000,0.000,0
2026-01-31 12:02:28,1823974,3361.000,295.000,7768.000,-49.000,-41.000,108.000,0.000,0.000,0
2026-01-31 12:02:28,1824015,3297.000,311.000,7811.000,-26.000,28.000,96.000,0.000,0.000,0
2026-01-31 12:02:28,1824054,3325.000,415.000,7803.000,62.000,90.000,49.000,0.000,0.000,0
2026-01-31 12:02:28,1824094,3255.000,417.000,7720.000,42.000,114.000,1.000,0.000,0.000,0
2026-01-31 12:02:28,1824134,3311.000,366.000,7708.000,45.000,88.000,-22.000,0.000,0.000,0
2026-01-31 12:02:28,1824174,3283.000,404.000,7721.000,40.000,81.000,-20.000,0.000,0.000,0
2026-01-31 12:02:28,1824214,3347.000,354.000,7747.000,-2.000,60.000,-4.000,0.000,0.000,0
2026-01-31 12:02:28,1824254,3292.000,368.000,7712.000,35.000,65.000,22.000,0.000,0.000,0
2026-01-31 12:02:28,1824294,3275.000,352.000,7750.000,28.000,33.000,40.000,0.000,0.000,0
2026-01-31 12:02:28,1824334,3255.000,426.000,7729.000,26.000,26.000,60.000,0.000,0.000,0
2026-01-31 12:02:28,1824374,3236.000,404.000,7729.000,-30.000,13.000,47.000,0.000,0.000,0
2026-01-31 12:02:29,1824414,3265.000,424.000,7711.000,18.000,-6.000,2.000,0.000,0.000,0
2026-01-31 12:02:29,1824454,3214.000,430.000,7714.000,-37.000,-38.000,-25.000,0.000,0.000,0
2026-01-31 12:02:29,1824494,3346.000,371.000,7762.000,0.000,-92.000,-63.000,0.000,0.000,0
2026-01-31 12:02:29,1824534,3322.000,341.000,7755.000,-25.000,-44.000,-35.000,0.000,0.000,0
2026-01-31 12:02:29,1824574,3260.000,364.000,7718.000,9.000,-30.000,-33.000,0.000,0.000,0
2026-01-31 12:02:29,1824614,3347.000,423.000,7732.000,-1.000,-81.000,-22.000,0.000,0.000,0
2026-01-31 12:02:29,1824654,3356.000,393.000,7740.000,-72.000,-62.000,-8.000,0.000,0.000,0
2026-01-31 12:02:29,1824694,3336.000,339.000,7732.000,-38.000,-44.000,-25.000,0.000,0.000,0
2026-01-31 12:02:29,1824734,3348.000,412.000,7723.000,-1.000,-37.000,-39.000,0.000,0.000,0
2026-01-31 12:02:29,1824774,3378.000,318.000,7708.000,-80.000,-42.000,-28.000,0.000,0.000,0
2026-01-31 12:02:29,1824814,3384.000,372.000,7719.000,-1.000,-50.000,-36.000,0.000,0.000,0
2026-01-31 12:02:29,1824854,3389.000,315.000,7713.000,-63.000,-34.000,-13.000,0.000,0.000,0
2026-01-31 12:02:29,1824894,3382.000,350.000,7720.000,-34.000,-29.000,-15.000,0.000,0.000,0
2026-01-31 12:02:29,1824934,3386.000,325.000,7732.000,-12.000,-12.000,-10.000,0.000,0.000,0
2026-01-31 12:02:29,1824974,3374.000,378.000,7708.000,-12.000,6.000,2.000,0.000,0.000,0
2026-01-31 12:02:29,1825014,3394.000,360.000,7709.000,-12.000,5.000,-3.000,0.000,0.000,0
2026-01-31 12:02:29,1825054,3423.000,360.000,7723.000,-16.000,8.000,-7.000,0.000,0.000,0
2026-01-31 12:02:29,1825094,3371.000,305.000,7712.000,-3.000,39.000,2.000,0.000,0.000,0
2026-01-31 12:02:29,1825134,3393.000,343.000,7732.000,16.000,35.000,15.000,0.000,0.000,0
2026-01-31 12:02:29,1825174,3374.000,332.000,7719.000,-13.000,51.000,54.000,0.000,0.000,0
2026-01-31 12:02:29,1825214,3348.000,368.000,7717.000,23.000,54.000,41.000,0.000,0.000,0
2026-01-31 12:02:29,1825254,3362.000,372.000,7718.000,19.000,42.000,16.000,0.000,0.000,0
2026-01-31 12:02:29,1825294,3336.000,347.000,7715.000,11.000,35.000,16.000,0.000,0.000,0
2026-01-31 12:02:29,1825334,3324.000,369.000,7733.000,27.000,28.000,14.000,0.000,0.000,0
2026-01-31 12:02:29,1825374,3319.000,391.000,7723.000,-6.000,26.000,16.000,0.000,0.000,0
2026-01-31 12:02:30,1825414,3361.000,381.000,7747.000,24.000,14.000,5.000,0.000,0.000,0
2026-01-31 12:02:30,1825454,3341.000,375.000,7724.000,31.000,60.000,0.000,0.000,0.000,0
2026-01-31 12:02:30,1825494,3268.000,383.000,7691.000,64.000,62.000,-8.000,0.000,0.000,0
2026-01-31 12:02:30,1825534,3338.000,400.000,7716.000,-26.000,-9.000,15.000,0.000,0.000,0
2026-01-31 12:02:30,1825574,3353.000,380.000,7726.000,-32.000,-15.000,31.000,0.000,0.000,0
2026-01-31 12:02:30,1825614,3324.000,392.000,7727.000,12.000,12.000,-3.000,0.000,0.000,0
2026-01-31 12:02:30,1825654,3336.000,391.000,7705.000,-5.000,6.000,-19.000,0.000,0.000,0
2026-01-31 12:02:30,1825694,3335.000,333.000,7708.000,4.000,-18.000,-21.000,0.000,0.000,0
2026-01-31 12:02:30,1825734,3374.000,377.000,7730.000,-25.000,-26.000,-2.000,0.000,0.000,0
2026-01-31 12:02:30,1825774,3340.000,347.000,7727.000,-5.000,-17.000,-3.000,0.000,0.000,0
2026-01-31 12:02:30,1825814,3359.000,430.000,7710.000,17.000,2.000,-17.000,0.000,0.000,0
2026-01-31 12:02:30,1825854,3361.000,365.000,7701.000,-9.000,5.000,-30.000,0.000,0.000,0
2026-01-31 12:02:30,1825894,3381.000,378.000,7706.000,32.000,-21.000,-40.000,0.000,0.000,0
2026-01-31 12:02:30,1825934,3361.000,344.000,7720.000,-29.000,-17.000,-8.000,0.000,0.000,0
2026-01-31 12:02:30,1825974,3406.000,367.000,7736.000,-2.000,-12.000,7.000,0.000,0.000,0
2026-01-31 12:02:30,1826016,3373.000,370.000,7711.000,24.000,33.000,5.000,0.000,0.000,0
2026-01-31 12:02:30,1826054,3351.000,383.000,7710.000,15.000,26.000,15.000,0.000,0.000,0
2026-01-31 12:02:30,1826094,3352.000,371.000,7703.000,5.000,13.000,18.000,0.000,0.000,0
2026-01-31 12:02:30,1826134,3355.000,410.000,7719.000,2.000,19.000,17.000,0.000,0.000,0
2026-01-31 12:02:30,1826174,3358.000,380.000,7720.000,12.000,19.000,2.000,0.000,0.000,0
2026-01-31 12:02:30,1826214,3385.000,368.000,7733.000,24.000,28.000,4.000,0.000,0.000,0
2026-01-31 12:02:30,1826254,3341.000,369.000,7695.000,15.000,47.000,16.000,0.000,0.000,0
2026-01-31 12:02:30,1826294,3350.000,436.000,7705.000,16.000,19.000,20.000,0.000,0.000,0
2026-01-31 12:02:30,1826334,3368.000,389.000,7719.000,-15.000,9.000,21.000,0.000,0.000,0
2026-01-31 12:02:30,1826374,3299.000,373.000,7720.000,22.000,29.000,-10.000,0.000,0.000,0
2026-01-31 12:02:31,1826414,3403.000,403.000,7737.000,-23.000,10.000,23.000,0.000,0.000,0
2026-01-31 12:02:31,1826454,3342.000,392.000,7714.000,-19.000,43.000,37.000,0.000,0.000,0
2026-01-31 12:02:31,1826494,3338.000,437.000,7705.000,16.000,40.000,6.000,0.000,0.000,0
2026-01-31 12:02:31,1826534,3335.000,399.000,7694.000,-19.000,20.000,-2.000,0.000,0.000,0
2026-01-31 12:02:31,1826574,3343.000,366.000,7710.000,-25.000,-8.000,-9.000,0.000,0.000,0
2026-01-31 12:02:31,1826614,3368.000,374.000,7744.000,-32.000,-10.000,12.000,0.000,0.000,0
2026-01-31 12:02:31,1826654,3343.000,359.000,7738.000,-8.000,21.000,11.000,0.000,0.000,0
2026-01-31 12:02:31,1826694,3324.000,411.000,7704.000,14.000,29.000,4.000,0.000,0.000,0
2026-01-31 12:02:31,1826734,3345.000,387.000,7707.000,-23.000,7.000,1.000,0.000,0.000,0
2026-01-31 12:02:31,1826774,3351.000,396.000,7710.000,-6.000,-13.000,-9.000,0.000,0.000,0
2026-01-31 12:02:31,1826814,3368.000,354.000,7737.000,-11.000,2.000,-3.000,0.000,0.000,0
2026-01-31 12:02:31,1826854,3350.000,387.000,7726.000,7.000,27.000,2.000,0.000,0.000,0
2026-01-31 12:02:31,1826894,3331.000,399.000,7696.000,-10.000,22.000,17.000,0.000,0.000,0
2026-01-31 12:02:31,1826934,3367.000,406.000,7718.000,-18.000,-4.000,4.000,0.000,0.000,0
2026-01-31 12:02:31,1826974,3338.000,402.000,7718.000,-25.000,8.000,-1.000,0.000,0.000,0
2026-01-31 12:02:31,1827014,3343.000,359.000,7735.000,-32.000,19.000,-19.000,0.000,0.000,0
2026-01-31 12:02:31,1827054,3367.000,333.000,7721.000,13.000,14.000,-19.000,0.000,0.000,0
2026-01-31 12:02:31,1827094,3328.000,372.000,7714.000,-19.000,25.000,11.000,0.000,0.000,0
2026-01-31 12:02:31,1827134,3365.000,363.000,7712.000,-15.000,0.000,12.000,0.000,0.000,0
2026-01-31 12:02:31,1827174,3336.000,354.000,7702.000,4.000,21.000,12.000,0.000,0.000,0
2026-01-31 12:02:31,1827214,3307.000,395.000,7710.000,40.000,26.000,-10.000,0.000,0.000,0
2026-01-31 12:02:31,1827254,3368.000,386.000,7719.000,-40.000,4.000,23.000,0.000,0.000,0
2026-01-31 12:02:31,1827294,3360.000,379.000,7732.000,-18.000,20.000,30.000,0.000,0.000,0
2026-01-31 12:02:31,1827334,3348.000,413.000,7723.000,11.000,42.000,10.000,0.000,0.000,0
2026-01-31 12:02:31,1827374,3343.000,376.000,7700.000,2.000,43.000,-5.000,0.000,0.000,0
2026-01-31 12:02:32,1827414,3316.000,353.000,7703.000,-3.000,21.000,-5.000,0.000,0.000,0
2026-01-31 12:02:32,1827454,3325.000,373.000,7726.000,-23.000,-3.000,21.000,0.000,0.000,0
2026-01-31 12:02:32,1827494,3333.000,381.000,7735.000,-13.000,0.000,22.000,0.000,0.000,0
2026-01-31 12:02:32,1827534,3321.000,392.000,7757.000,-8.000,20.000,8.000,0.000,0.000,0
2026-01-31 12:02:32,1827574,3315.000,396.000,7706.000,5.000,34.000,3.000,0.000,0.000,0
2026-01-31 12:02:32,1827614,3365.000,362.000,7704.000,-1.000,13.000,5.000,0.000,0.000,0
2026-01-31 12:02:32,1827654,3357.000,380.000,7707.000,3.000,10.000,1.000,0.000,0.000,0
2026-01-31 12:02:32,1827694,3348.000,344.000,7718.000,-15.000,1.000,14.000,0.000,0.000,0
2026-01-31 12:02:32,1827734,3278.000,501.000,7700.000,-4.000,1.000,11.000,0.000,0.000,0
2026-01-31 12:02:32,1827774,3344.000,381.000,7747.000,-55.000,-28.000,-20.000,0.000,0.000,0
2026-01-31 12:02:32,1827814,3331.000,391.000,7748.000,12.000,-7.000,-43.000,0.000,0.000,0
2026-01-31 12:02:32,1827855,3345.000,325.000,7740.000,-17.000,16.000,-24.000,0.000,0.000,0
2026-01-31 12:02:32,1827894,3352.000,358.000,7722.000,-22.000,17.000,6.000,0.000,0.000,0
2026-01-31 12:02:32,1827934,3379.000,374.000,7704.000,-1.000,12.000,8.000,0.000,0.000,0
2026-01-31 12:02:32,1827974,3314.000,373.000,7692.000,6.000,23.000,6.000,0.000,0.000,0
2026-01-31 12:02:32,1828016,3328.000,392.000,7705.000,-20.000,-20.000,5.000,0.000,0.000,0
2026-01-31 12:02:32,1828054,3416.000,364.000,7749.000,-23.000,-28.000,15.000,0.000,0.000,0
2026-01-31 12:02:32,1828094,3297.000,347.000,7724.000,17.000,34.000,-13.000,0.000,0.000,0
2026-01-31 12:02:32,1828134,3315.000,404.000,7717.000,16.000,7.000,-11.000,0.000,0.000,0
2026-01-31 12:02:32,1828174,3386.000,364.000,7727.000,-52.000,-6.000,22.000,0.000,0.000,0
2026-01-31 12:02:32,1828214,3350.000,378.000,7717.000,0.000,14.000,0.000,0.000,0.000,0
2026-01-31 12:02:32,1828254,3342.000,402.000,7709.000,-1.000,28.000,-14.000,0.000,0.000,0
2026-01-31 12:02:32,1828294,3381.000,361.000,7714.000,-7.000,3.000,-22.000,0.000,0.000,0
2026-01-31 12:02:32,1828334,3344.000,361.000,7718.000,-6.000,15.000,10.000,0.000,0.000,0
2026-01-31 12:02:32,1828374,3356.000,339.000,7714.000,-21.000,8.000,28.000,0.000,0.000,0
2026-01-31 12:02:33,1828414,3324.000,401.000,7721.000,7.000,11.000,22.000,0.000,0.000,0
2026-01-31 12:02:33,1828454,3346.000,370.000,7713.000,-22.000,7.000,7.000,0.000,0.000,0
2026-01-31 12:02:33,1828494,3361.000,399.000,7739.000,11.000,4.000,-11.000,0.000,0.000,0
2026-01-31 12:02:33,1828534,3355.000,348.000,7726.000,-6.000,17.000,-6.000,0.000,0.000,0
2026-01-31 12:02:33,1828574,3367.000,374.000,7720.000,8.000,29.000,5.000,0.000,0.000,0
2026-01-31 12:02:33,1828614,3346.000,369.000,7681.000,-1.000,28.000,13.000,0.000,0.000,0
2026-01-31 12:02:33,1828654,3361.000,387.000,7699.000,-8.000,1.000,7.000,0.000,0.000,0
2026-01-31 12:02:33,1828694,3345.000,347.000,7725.000,-22.000,-17.000,8.000,0.000,0.000,0
2026-01-31 12:02:33,1828734,3359.000,360.000,7757.000,-14.000,-14.000,8.000,0.000,0.000,0
2026-01-31 12:02:33,1828774,3335.000,389.000,7724.000,6.000,29.000,14.000,0.000,0.000,0
2026-01-31 12:02:33,1828814,3351.000,409.000,7706.000,-1.000,27.000,8.000,0.000,0.000,0
2026-01-31 12:02:33,1828854,3332.000,356.000,7694.000,-2.000,19.000,-18.000,0.000,0.000,0
2026-01-31 12:02:33,1828894,3354.000,381.000,7708.000,7.000,-4.000,-12.000,0.000,0.000,0
2026-01-31 12:02:33,1828934,3349.000,334.000,7718.000,-29.000,-13.000,-3.000,0.000,0.000,0
2026-01-31 12:02:33,1828974,3392.000,386.000,7745.000,8.000,-11.000,1.000,0.000,0.000,0
2026-01-31 12:02:33,1829014,3352.000,348.000,7722.000,1.000,24.000,5.000,0.000,0.000,0
2026-01-31 12:02:33,1829054,3285.000,401.000,7714.000,47.000,29.000,-16.000,0.000,0.000,0
2026-01-31 12:02:33,1829094,3375.000,408.000,7715.000,-26.000,-10.000,1.000,0.000,0.000,0
2026-01-31 12:02:33,1829134,3362.000,387.000,7728.000,22.000,19.000,-6.000,0.000,0.000,0
2026-01-31 12:02:33,1829174,3358.000,370.000,7708.000,-3.000,28.000,-7.000,0.000,0.000,0
2026-01-31 12:02:33,1829214,3380.000,375.000,7694.000,18.000,10.000,-10.000,0.000,0.000,0
2026-01-31 12:02:33,1829254,3349.000,348.000,7708.000,5.000,5.000,-2.000,0.000,0.000,0
2026-01-31 12:02:33,1829294,3355.000,387.000,7739.000,-10.000,-4.000,18.000,0.000,0.000,0
2026-01-31 12:02:33,1829334,3334.000,371.000,7717.000,-2.000,9.000,15.000,0.000,0.000,0
2026-01-31 12:02:33,1829374,3340.000,425.000,7733.000,18.000,13.000,-14.000,0.000,0.000,0
2026-01-31 12:02:34,1829414,3362.000,373.000,7712.000,9.000,18.000,-17.000,0.000,0.000,0
2026-01-31 12:02:34,1829454,3350.000,386.000,7712.000,14.000,15.000,-10.000,0.000,0.000,0
2026-01-31 12:02:34,1829494,3378.000,366.000,7717.000,1.000,3.000,7.000,0.000,0.000,0
2026-01-31 12:02:34,1829534,3347.000,384.000,7718.000,9.000,21.000,17.000,0.000,0.000,0
2026-01-31 12:02:34,1829574,3357.000,405.000,7714.000,16.000,17.000,16.000,0.000,0.000,0
2026-01-31 12:02:34,1829614,3341.000,402.000,7724.000,-5.000,18.000,14.000,0.000,0.000,0
2026-01-31 12:02:34,1829654,3341.000,406.000,7718.000,7.000,13.000,1.000,0.000,0.000,0
2026-01-31 12:02:34,1829694,3351.000,390.000,7710.000,-5.000,11.000,-9.000,0.000,0.000,0
2026-01-31 12:02:34,1829734,3365.000,363.000,7718.000,8.000,7.000,-13.000,0.000,0.000,0
2026-01-31 12:02:34,1829774,3363.000,373.000,7711.000,1.000,21.000,10.000,0.000,0.000,0
2026-01-31 12:02:34,1829814,3335.000,378.000,7721.000,-10.000,15.000,16.000,0.000,0.000,0
2026-01-31 12:02:34,1829855,3347.000,398.000,7705.000,-11.000,4.000,6.000,0.000,0.000,0
2026-01-31 12:02:34,1829894,3405.000,413.000,7743.000,-2.000,-2.000,3.000,0.000,0.000,0
2026-01-31 12:02:34,1829934,3309.000,355.000,7706.000,13.000,39.000,-13.000,0.000,0.000,0
2026-01-31 12:02:34,1829974,3321.000,412.000,7714.000,17.000,4.000,-16.000,0.000,0.000,0
2026-01-31 12:02:34,1830016,3408.000,376.000,7727.000,-54.000,-9.000,26.000,0.000,0.000,0
2026-01-31 12:02:34,1830055,3368.000,395.000,7732.000,-4.000,15.000,14.000,0.000,0.000,0
2026-01-31 12:02:34,1830094,3344.000,396.000,7708.000,9.000,46.000,0.000,0.000,0.000,0
2026-01-31 12:02:34,1830134,3315.000,409.000,7688.000,17.000,19.000,-16.000,0.000,0.000,0
2026-01-31 12:02:34,1830174,3348.000,369.000,7716.000,-43.000,-22.000,-5.000,0.000,0.000,0
2026-01-31 12:02:34,1830214,3391.000,357.000,7744.000,-25.000,-16.000,7.000,0.000,0.000,0
2026-01-31 12:02:34,1830254,3342.000,384.000,7707.000,7.000,31.000,5.000,0.000,0.000,0
2026-01-31 12:02:34,1830294,3365.000,400.000,7712.000,17.000,16.000,-22.000,0.000,0.000,0
2026-01-31 12:02:34,1830334,3339.000,381.000,7694.000,-22.000,-1.000,-8.000,0.000,0.000,0
2026-01-31 12:02:34,1830374,3365.000,392.000,7733.000,2.000,-19.000,-14.000,0.000,0.000,0
2026-01-31 12:02:35,1830414,3360.000,368.000,7735.000,-8.000,17.000,3.000,0.000,0.000,0
2026-01-31 12:02:35,1830454,3361.000,406.000,7720.000,21.000,37.000,-2.000,0.000,0.000,0
2026-01-31 12:02:35,1830494,3332.000,406.000,7685.000,-7.000,32.000,10.000,0.000,0.000,0
2026-01-31 12:02:35,1830534,3346.000,395.000,7697.000,-18.000,-4.000,5.000,0.000,0.000,0
2026-01-31 12:02:35,1830574,3378.000,404.000,7736.000,-15.000,-12.000,-1.000,0.000,0.000,0
2026-01-31 12:02:35,1830614,3363.000,363.000,7736.000,2.000,21.000,-1.000,0.000,0.000,0
2026-01-31 12:02:35,1830654,3326.000,388.000,7700.000,15.000,32.000,15.000,0.000,0.000,0
2026-01-31 12:02:35,1830694,3331.000,396.000,7718.000,-15.000,1.000,10.000,0.000,0.000,0
2026-01-31 12:02:35,1830734,3367.000,400.000,7728.000,0.000,4.000,-11.000,0.000,0.000,0
2026-01-31 12:02:35,1830774,3359.000,376.000,7717.000,8.000,25.000,-23.000,0.000,0.000,0
2026-01-31 12:02:35,1830814,3392.000,380.000,7705.000,26.000,25.000,-6.000,0.000,0.000,0
2026-01-31 12:02:35,1830854,3309.000,367.000,7696.000,46.000,21.000,-8.000,0.000,0.000,0
2026-01-31 12:02:35,1830894,3361.000,436.000,7725.000,63.000,-12.000,-9.000,0.000,0.000,0
2026-01-31 12:02:35,1830934,3382.000,427.000,7732.000,-21.000,20.000,14.000,0.000,0.000,0
2026-01-31 12:02:35,1830974,3325.000,415.000,7719.000,15.000,26.000,6.000,0.000,0.000,0
2026-01-31 12:02:35,1831014,3334.000,438.000,7703.000,-9.000,20.000,-1.000,0.000,0.000,0
2026-01-31 12:02:35,1831054,3370.000,390.000,7718.000,-19.000,14.000,-5.000,0.000,0.000,0
2026-01-31 12:02:35,1831094,3339.000,376.000,7711.000,-16.000,16.000,3.000,0.000,0.000,0
2026-01-31 12:02:35,1831134,3370.000,381.000,7725.000,22.000,14.000,1.000,0.000,0.000,0
2026-01-31 12:02:35,1831174,3313.000,435.000,7702.000,-2.000,19.000,11.000,0.000,0.000,0
2026-01-31 12:02:35,1831214,3350.000,420.000,7715.000,-8.000,-4.000,-1.000,0.000,0.000,0
2026-01-31 12:02:35,1831254,3358.000,433.000,7716.000,11.000,3.000,-16.000,0.000,0.000,0
2026-01-31 12:02:35,1831294,3359.000,363.000,7729.000,-3.000,13.000,-18.000,0.000,0.000,0
2026-01-31 12:02:35,1831334,3358.000,404.000,7723.000,36.000,23.000,0.000,0.000,0.000,0
2026-01-31 12:02:35,1831374,3338.000,408.000,7696.000,-15.000,26.000,28.000,0.000,0.000,0
2026-01-31 12:02:36,1831414,3351.000,452.000,7706.000,9.000,10.000,15.000,0.000,0.000,0
2026-01-31 12:02:36,1831454,3343.000,413.000,7724.000,1.000,3.000,-10.000,0.000,0.000,0
2026-01-31 12:02:36,1831494,3345.000,399.000,7726.000,-10.000,11.000,1.000,0.000,0.000,0
2026-01-31 12:02:36,1831534,3354.000,404.000,7718.000,8.000,17.000,11.000,0.000,0.000,0
2026-01-31 12:02:36,1831574,3334.000,439.000,7711.000,-7.000,15.000,16.000,0.000,0.000,0
2026-01-31 12:02:36,1831614,3349.000,414.000,7715.000,-16.000,8.000,3.000,0.000,0.000,0
2026-01-31 12:02:36,1831654,3363.000,413.000,7703.000,9.000,8.000,-10.000,0.000,0.000,0
2026-01-31 12:02:36,1831694,3326.000,398.000,7707.000,-18.000,10.000,-1.000,0.000,0.000,0
2026-01-31 12:02:36,1831734,3396.000,406.000,7727.000,-3.000,-11.000,8.000,0.000,0.000,0
2026-01-31 12:02:36,1831774,3342.000,375.000,7724.000,21.000,25.000,4.000,0.000,0.000,0
2026-01-31 12:02:36,1831814,3335.000,469.000,7704.000,-18.000,6.000,16.000,0.000,0.000,0
2026-01-31 12:02:36,1831855,3380.000,418.000,7730.000,-48.000,-6.000,16.000,0.000,0.000,0
2026-01-31 12:02:36,1831894,3341.000,426.000,7703.000,5.000,26.000,-17.000,0.000,0.000,0
2026-01-31 12:02:36,1831934,3325.000,464.000,7686.000,9.000,19.000,-34.000,0.000,0.000,0
2026-01-31 12:02:36,1831974,3372.000,412.000,7710.000,4.000,-25.000,-21.000,0.000,0.000,0
2026-01-31 12:02:36,1832015,3344.000,368.000,7734.000,-17.000,-19.000,-1.000,0.000,0.000,0
2026-01-31 12:02:36,1832054,3385.000,402.000,7751.000,34.000,6.000,-1.000,0.000,0.000,0
2026-01-31 12:02:36,1832094,3314.000,415.000,7704.000,23.000,39.000,12.000,0.000,0.000,0
2026-01-31 12:02:36,1832134,3331.000,455.000,7680.000,24.000,11.000,-1.000,0.000,0.000,0
2026-01-31 12:02:36,1832174,3383.000,440.000,7704.000,-6.000,-15.000,-14.000,0.000,0.000,0
2026-01-31 12:02:36,1832214,3349.000,407.000,7718.000,13.000,15.000,-14.000,0.000,0.000,0
2026-01-31 12:02:36,1832254,3371.000,437.000,7711.000,-2.000,20.000,0.000,0.000,0.000,0
2026-01-31 12:02:36,1832294,3375.000,415.000,7703.000,1.000,16.000,7.000,0.000,0.000,0
2026-01-31 12:02:36,1832334,3368.000,425.000,7706.000,-7.000,14.000,16.000,0.000,0.000,0
2026-01-31 12:02:36,1832374,3359.000,438.000,7715.000,3.000,14.000,19.000,0.000,0.000,0
2026-01-31 12:02:37,1832414,3348.000,438.000,7685.000,-9.000,18.000,11.000,0.000,0.000,0
2026-01-31 12:02:37,1832454,3358.000,428.000,7711.000,1.000,4.000,-6.000,0.000,0.000,0
2026-01-31 12:02:37,1832494,3365.000,390.000,7716.000,-10.000,1.000,-16.000,0.000,0.000,0
2026-01-31 12:02:37,1832534,3355.000,376.000,7732.000,20.000,11.000,-5.000,0.000,0.000,0
2026-01-31 12:02:37,1832574,3337.000,435.000,7725.000,11.000,19.000,13.000,0.000,0.000,0
2026-01-31 12:02:37,1832614,3365.000,465.000,7718.000,0.000,15.000,12.000,0.000,0.000,0
2026-01-31 12:02:37,1832654,3379.000,454.000,7701.000,30.000,37.000,-12.000,0.000,0.000,0
2026-01-31 12:02:37,1832694,3311.000,404.000,7684.000,55.000,41.000,-40.000,0.000,0.000,0
2026-01-31 12:02:37,1832734,3361.000,423.000,7721.000,16.000,-4.000,-15.000,0.000,0.000,0
2026-01-31 12:02:37,1832774,3398.000,399.000,7706.000,-38.000,3.000,44.000,0.000,0.000,0
2026-01-31 12:02:37,1832814,3355.000,460.000,7741.000,14.000,20.000,37.000,0.000,0.000,0
2026-01-31 12:02:37,1832854,3339.000,477.000,7704.000,21.000,43.000,18.000,0.000,0.000,0
2026-01-31 12:02:37,1832894,3322.000,473.000,7692.000,25.000,34.000,-19.000,0.000,0.000,0
2026-01-31 12:02:37,1832934,3376.000,419.000,7710.000,17.000,5.000,-27.000,0.000,0.000,0
2026-01-31 12:02:37,1832974,3348.000,413.000,7724.000,0.000,11.000,8.000,0.000,0.000,0
2026-01-31 12:02:37,1833014,3320.000,454.000,7698.000,-8.000,24.000,19.000,0.000,0.000,0
2026-01-31 12:02:37,1833054,3325.000,474.000,7695.000,17.000,-11.000,-21.000,0.000,0.000,0
2026-01-31 12:02:37,1833094,3369.000,427.000,7726.000,-24.000,-20.000,-26.000,0.000,0.000,0
2026-01-31 12:02:37,1833134,3334.000,443.000,7728.000,17.000,-5.000,-22.000,0.000,0.000,0
2026-01-31 12:02:37,1833174,3381.000,435.000,7707.000,-3.000,15.000,-7.000,0.000,0.000,0
2026-01-31 12:02:37,1833214,3326.000,458.000,7699.000,9.000,12.000,-9.000,0.000,0.000,0
2026-01-31 12:02:37,1833254,3377.000,451.000,7705.000,-6.000,-27.000,-13.000,0.000,0.000,0
2026-01-31 12:02:37,1833294,3332.000,438.000,7735.000,-10.000,-2.000,0.000,0.000,0.000,0
2026-01-31 12:02:37,1833334,3383.000,470.000,7738.000,-5.000,-5.000,5.000,0.000,0.000,0
2026-01-31 12:02:37,1833374,3338.000,455.000,7689.000,4.000,43.000,7.000,0.000,0.000,0
2026-01-31 12:02:38,1833414,3370.000,475.000,7683.000,14.000,3.000,-15.000,0.000,0.000,0
2026-01-31 12:02:38,1833454,3342.000,440.000,7714.000,-47.000,-20.000,-1.000,0.000,0.000,0
2026-01-31 12:02:38,1833494,3427.000,440.000,7735.000,-12.000,-18.000,8.000,0.000,0.000,0
2026-01-31 12:02:38,1833534,3357.000,417.000,7730.000,4.000,46.000,21.000,0.000,0.000,0
2026-01-31 12:02:38,1833574,3297.000,445.000,7695.000,30.000,41.000,10.000,0.000,0.000,0
2026-01-31 12:02:38,1833614,3349.000,516.000,7667.000,-24.000,2.000,35.000,0.000,0.000,0
2026-01-31 12:02:38,1833654,3391.000,471.000,7723.000,-58.000,-22.000,16.000,0.000,0.000,0
2026-01-31 12:02:38,1833694,3372.000,432.000,7739.000,5.000,6.000,-29.000,0.000,0.000,0
2026-01-31 12:02:38,1833734,3347.000,394.000,7699.000,15.000,54.000,-20.000,0.000,0.000,0
2026-01-31 12:02:38,1833774,3346.000,479.000,7707.000,-29.000,17.000,38.000,0.000,0.000,0
2026-01-31 12:02:38,1833814,3396.000,460.000,7704.000,-42.000,12.000,41.000,0.000,0.000,0
2026-01-31 12:02:38,1833855,3365.000,465.000,7683.000,36.000,49.000,-22.000,0.000,0.000,0
2026-01-31 12:02:38,1833894,3361.000,410.000,7679.000,22.000,25.000,-31.000,0.000,0.000,0
2026-01-31 12:02:38,1833934,3362.000,379.000,7725.000,-21.000,-8.000,22.000,0.000,0.000,0
2026-01-31 12:02:38,1833974,3335.000,413.000,7746.000,-51.000,7.000,69.000,0.000,0.000,0
2026-01-31 12:02:38,1834016,3328.000,518.000,7735.000,12.000,41.000,50.000,0.000,0.000,0
2026-01-31 12:02:38,1834054,3307.000,524.000,7688.000,-15.000,54.000,-1.000,0.000,0.000,0
2026-01-31 12:02:38,1834094,3364.000,458.000,7668.000,16.000,23.000,-50.000,0.000,0.000,0
2026-01-31 12:02:38,1834134,3362.000,354.000,7693.000,-8.000,-4.000,-14.000,0.000,0.000,0
2026-01-31 12:02:38,1834174,3357.000,405.000,7733.000,-10.000,-21.000,37.000,0.000,0.000,0
2026-01-31 12:02:38,1834214,3337.000,437.000,7725.000,-43.000,-5.000,67.000,0.000,0.000,0
2026-01-31 12:02:38,1834254,3337.000,465.000,7731.000,10.000,14.000,26.000,0.000,0.000,0
2026-01-31 12:02:38,1834294,3296.000,496.000,7723.000,-6.000,21.000,6.000,0.000,0.000,0
2026-01-31 12:02:38,1834334,3334.000,452.000,7719.000,-25.000,10.000,-9.000,0.000,0.000,0
2026-01-31 12:02:38,1834374,3411.000,450.000,7716.000,8.000,23.000,-30.000,0.000,0.000,0
2026-01-31 12:02:39,1834414,3316.000,390.000,7676.000,27.000,47.000,-42.000,0.000,0.000,0
2026-01-31 12:02:39,1834454,3346.000,433.000,7684.000,-24.000,-9.000,-4.000,0.000,0.000,0
2026-01-31 12:02:39,1834494,3412.000,390.000,7717.000,-67.000,-42.000,47.000,0.000,0.000,0
2026-01-31 12:02:39,1834534,3338.000,477.000,7739.000,-7.000,10.000,23.000,0.000,0.000,0
2026-01-31 12:02:39,1834574,3336.000,486.000,7712.000,2.000,24.000,-9.000,0.000,0.000,0
2026-01-31 12:02:39,1834614,3336.000,407.000,7701.000,-30.000,10.000,-19.000,0.000,0.000,0
2026-01-31 12:02:39,1834654,3365.000,427.000,7721.000,-18.000,0.000,-7.000,0.000,0.000,0
2026-01-31 12:02:39,1834694,3364.000,390.000,7709.000,-29.000,9.000,4.000,0.000,0.000,0
2026-01-31 12:02:39,1834734,3368.000,435.000,7726.000,9.000,18.000,2.000,0.000,0.000,0
2026-01-31 12:02:39,1834774,3370.000,378.000,7685.000,-11.000,21.000,9.000,0.000,0.000,0
2026-01-31 12:02:39,1834814,3349.000,464.000,7697.000,17.000,13.000,18.000,0.000,0.000,0
2026-01-31 12:02:39,1834854,3323.000,431.000,7713.000,-39.000,-10.000,13.000,0.000,0.000,0
2026-01-31 12:02:39,1834894,3387.000,440.000,7735.000,-2.000,-6.000,-2.000,0.000,0.000,0
2026-01-31 12:02:39,1834934,3323.000,481.000,7680.000,15.000,36.000,13.000,0.000,0.000,0
2026-01-31 12:02:39,1834974,3396.000,433.000,7681.000,-35.000,-7.000,-12.000,0.000,0.000,0
2026-01-31 12:02:39,1835014,3402.000,373.000,7701.000,5.000,-19.000,-19.000,0.000,0.000,0
2026-01-31 12:02:39,1835054,3341.000,375.000,7735.000,-7.000,-5.000,12.000,0.000,0.000,0
2026-01-31 12:02:39,1835094,3379.000,424.000,7748.000,-7.000,3.000,56.000,0.000,0.000,0
2026-01-31 12:02:39,1835134,3343.000,482.000,7724.000,-9.000,48.000,58.000,0.000,0.000,0
2026-01-31 12:02:39,1835174,3304.000,501.000,7677.000,24.000,51.000,-9.000,0.000,0.000,0
2026-01-31 12:02:39,1835214,3356.000,461.000,7683.000,-14.000,2.000,-54.000,0.000,0.000,0
2026-01-31 12:02:39,1835254,3438.000,400.000,7712.000,-15.000,-6.000,-30.000,0.000,0.000,0
2026-01-31 12:02:39,1835294,3311.000,371.000,7681.000,0.000,27.000,-12.000,0.000,0.000,0
2026-01-31 12:02:39,1835334,3358.000,434.000,7723.000,-35.000,-26.000,30.000,0.000,0.000,0
2026-01-31 12:02:39,1835374,3384.000,426.000,7747.000,-68.000,-9.000,56.000,0.000,0.000,0
2026-01-31 12:02:40,1835414,3322.000,488.000,7742.000,18.000,35.000,1.000,0.000,0.000,0
2026-01-31 12:02:40,1835454,3366.000,464.000,7716.000,-6.000,49.000,-19.000,0.000,0.000,0
2026-01-31 12:02:40,1835494,3337.000,393.000,7684.000,-6.000,40.000,-25.000,0.000,0.000,0
2026-01-31 12:02:40,1835534,3374.000,393.000,7689.000,-3.000,5.000,-18.000,0.000,0.000,0
2026-01-31 12:02:40,1835574,3402.000,377.000,7711.000,-41.000,-3.000,28.000,0.000,0.000,0
2026-01-31 12:02:40,1835614,3327.000,411.000,7701.000,5.000,11.000,29.000,0.000,0.000,0
2026-01-31 12:02:40,1835654,3328.000,460.000,7707.000,-9.000,-9.000,24.000,0.000,0.000,0
2026-01-31 12:02:40,1835694,3355.000,446.000,7731.000,9.000,-29.000,-6.000,0.000,0.000,0
2026-01-31 12:02:40,1835734,3376.000,427.000,7749.000,-23.000,-12.000,-12.000,0.000,0.000,0
2026-01-31 12:02:40,1835774,3369.000,368.000,7728.000,-9.000,34.000,-12.000,0.000,0.000,0
2026-01-31 12:02:40,1835814,3368.000,439.000,7686.000,39.000,49.000,-5.000,0.000,0.000,0
2026-01-31 12:02:40,1835855,3366.000,416.000,7667.000,-23.000,17.000,20.000,0.000,0.000,0
2026-01-31 12:02:40,1835894,3362.000,436.000,7700.000,-19.000,-24.000,14.000,0.000,0.000,0
2026-01-31 12:02:40,1835934,3385.000,392.000,7728.000,-33.000,-10.000,5.000,0.000,0.000,0
2026-01-31 12:02:40,1835974,3369.000,417.000,7751.000,16.000,13.000,-4.000,0.000,0.000,0
2026-01-31 12:02:40,1836015,3318.000,395.000,7721.000,-18.000,38.000,23.000,0.000,0.000,0
2026-01-31 12:02:40,1836054,3343.000,492.000,7679.000,15.000,29.000,27.000,0.000,0.000,0
2026-01-31 12:02:40,1836094,3354.000,423.000,7686.000,-17.000,-16.000,-35.000,0.000,0.000,0
2026-01-31 12:02:40,1836134,3405.000,394.000,7724.000,-7.000,-27.000,-42.000,0.000,0.000,0
2026-01-31 12:02:40,1836174,3449.000,319.000,7746.000,2.000,17.000,8.000,0.000,0.000,0
2026-01-31 12:02:40,1836214,3306.000,410.000,7685.000,61.000,68.000,29.000,0.000,0.000,0
2026-01-31 12:02:40,1836254,3313.000,468.000,7666.000,-14.000,3.000,43.000,0.000,0.000,0
2026-01-31 12:02:40,1836294,3403.000,439.000,7734.000,-47.000,-45.000,34.000,0.000,0.000,0
2026-01-31 12:02:40,1836334,3365.000,411.000,7769.000,-6.000,0.000,-7.000,0.000,0.000,0
2026-01-31 12:02:40,1836374,3324.000,434.000,7727.000,39.000,61.000,-23.000,0.000,0.000,0
2026-01-31 12:02:41,1836414,3345.000,471.000,7695.000,1.000,38.000,-9.000,0.000,0.000,0
2026-01-31 12:02:41,1836454,3371.000,425.000,7708.000,-31.000,-6.000,-11.000,0.000,0.000,0
2026-01-31 12:02:41,1836494,3401.000,408.000,7706.000,-11.000,2.000,-6.000,0.000,0.000,0
2026-01-31 12:02:41,1836534,3337.000,385.000,7709.000,7.000,21.000,3.000,0.000,0.000,0
2026-01-31 12:02:41,1836574,3353.000,430.000,7691.000,11.000,3.000,24.000,0.000,0.000,0
2026-01-31 12:02:41,1836614,3362.000,440.000,7710.000,-18.000,-13.000,30.000,0.000,0.000,0
2026-01-31 12:02:41,1836654,3357.000,444.000,7710.000,-11.000,-18.000,-7.000,0.000,0.000,0
2026-01-31 12:02:41,1836694,3350.000,438.000,7734.000,5.000,-5.000,-38.000,0.000,0.000,0
2026-01-31 12:02:41,1836734,3386.000,393.000,7721.000,-4.000,15.000,-37.000,0.000,0.000,0
2026-01-31 12:02:41,1836774,3387.000,391.000,7699.000,27.000,31.000,-20.000,0.000,0.000,0
2026-01-31 12:02:41,1836814,3354.000,450.000,7676.000,9.000,19.000,7.000,0.000,0.000,0
2026-01-31 12:02:41,1836854,3394.000,441.000,7715.000,-1.000,-14.000,-1.000,0.000,0.000,0
2026-01-31 12:02:41,1836894,3403.000,415.000,7697.000,10.000,9.000,-5.000,0.000,0.000,0
2026-01-31 12:02:41,1836934,3348.000,418.000,7703.000,16.000,16.000,0.000,0.000,0.000,0
2026-01-31 12:02:41,1836974,3366.000,413.000,7709.000,-7.000,-4.000,17.000,0.000,0.000,0
2026-01-31 12:02:41,1837014,3366.000,412.000,7723.000,-9.000,6.000,20.000,0.000,0.000,0
2026-01-31 12:02:41,1837054,3363.000,469.000,7724.000,22.000,18.000,2.000,0.000,0.000,0
2026-01-31 12:02:41,1837094,3391.000,432.000,7707.000,11.000,38.000,-5.000,0.000,0.000,0
2026-01-31 12:02:41,1837134,3320.000,427.000,7685.000,48.000,41.000,-33.000,0.000,0.000,0
2026-01-31 12:02:41,1837174,3364.000,426.000,7699.000,-1.000,3.000,-14.000,0.000,0.000,0
2026-01-31 12:02:41,1837214,3400.000,440.000,7724.000,-24.000,-3.000,24.000,0.000,0.000,0
2026-01-31 12:02:41,1837254,3357.000,446.000,7703.000,4.000,38.000,16.000,0.000,0.000,0
2026-01-31 12:02:41,1837294,3344.000,466.000,7692.000,36.000,22.000,-2.000,0.000,0.000,0
2026-01-31 12:02:41,1837334,3332.000,418.000,7700.000,-26.000,6.000,6.000,0.000,0.000,0
2026-01-31 12:02:41,1837374,3358.000,448.000,7721.000,-1.000,-10.000,11.000,0.000,0.000,0
2026-01-31 12:02:42,1837414,3368.000,438.000,7742.000,-17.000,7.000,5.000,0.000,0.000,0
2026-01-31 12:02:42,1837454,3342.000,442.000,7701.000,14.000,24.000,-15.000,0.000,0.000,0
2026-01-31 12:02:42,1837494,3377.000,449.000,7705.000,-1.000,15.000,-16.000,0.000,0.000,0
2026-01-31 12:02:42,1837534,3375.000,411.000,7676.000,-4.000,8.000,-9.000,0.000,0.000,0
2026-01-31 12:02:42,1837574,3394.000,427.000,7715.000,0.000,-1.000,-6.000,0.000,0.000,0
2026-01-31 12:02:42,1837614,3361.000,439.000,7714.000,-5.000,23.000,32.000,0.000,0.000,0
2026-01-31 12:02:42,1837654,3381.000,463.000,7697.000,1.000,16.000,23.000,0.000,0.000,0
2026-01-31 12:02:42,1837694,3337.000,470.000,7706.000,-12.000,13.000,5.000,0.000,0.000,0
2026-01-31 12:02:42,1837734,3354.000,435.000,7711.000,-17.000,-3.000,-9.000,0.000,0.000,0
2026-01-31 12:02:42,1837774,3380.000,417.000,7728.000,-12.000,10.000,-5.000,0.000,0.000,0
2026-01-31 12:02:42,1837814,3361.000,411.000,7707.000,4.000,27.000,-3.000,0.000,0.000,0
2026-01-31 12:02:42,1837876,3338.000,435.000,7680.000,-19.000,23.000,9.000,0.000,0.000,0
2026-01-31 12:02:42,1837894,3360.000,444.000,7685.000,-18.000,10.000,2.000,0.000,0.000,0
2026-01-31 12:02:42,1837934,3426.000,440.000,7723.000,-3.000,3.000,4.000,0.000,0.000,0
2026-01-31 12:02:42,1837974,3315.000,393.000,7698.000,18.000,41.000,-3.000,0.000,0.000,0
2026-01-31 12:02:42,1838015,3382.000,451.000,7716.000,-28.000,-6.000,25.000,0.000,0.000,0
2026-01-31 12:02:42,1838054,3400.000,445.000,7730.000,-46.000,7.000,45.000,0.000,0.000,0
2026-01-31 12:02:42,1838094,3333.000,462.000,7707.000,21.000,47.000,1.000,0.000,0.000,0
2026-01-31 12:02:42,1838134,3341.000,474.000,7682.000,17.000,32.000,-25.000,0.000,0.000,0
2026-01-31 12:02:42,1838174,3347.000,398.000,7700.000,-33.000,-4.000,-15.000,0.000,0.000,0
2026-01-31 12:02:42,1838214,3392.000,398.000,7740.000,-22.000,-9.000,12.000,0.000,0.000,0
2026-01-31 12:02:42,1838254,3372.000,409.000,7729.000,-8.000,34.000,30.000,0.000,0.000,0
2026-01-31 12:02:42,1838294,3317.000,481.000,7697.000,23.000,42.000,14.000,0.000,0.000,0
2026-01-31 12:02:42,1838334,3345.000,440.000,7681.000,-23.000,10.000,3.000,0.000,0.000,0
2026-01-31 12:02:42,1838374,3371.000,441.000,7723.000,3.000,-12.000,-16.000,0.000,0.000,0
2026-01-31 12:02:43,1838414,3363.000,396.000,7724.000,-18.000,5.000,2.000,0.000,0.000,0
2026-01-31 12:02:43,1838454,3372.000,438.000,7716.000,0.000,16.000,12.000,0.000,0.000,0
2026-01-31 12:02:43,1838494,3359.000,430.000,7698.000,-6.000,22.000,17.000,0.000,0.000,0
2026-01-31 12:02:43,1838534,3351.000,457.000,7708.000,-9.000,11.000,10.000,0.000,0.000,0
2026-01-31 12:02:43,1838574,3359.000,436.000,7708.000,-14.000,7.000,1.000,0.000,0.000,0
2026-01-31 12:02:43,1838614,3364.000,431.000,7724.000,-10.000,12.000,-7.000,0.000,0.000,0
2026-01-31 12:02:43,1838654,3359.000,420.000,7703.000,0.000,9.000,-5.000,0.000,0.000,0
2026-01-31 12:02:43,1838694,3366.000,426.000,7706.000,-19.000,10.000,10.000,0.000,0.000,0
2026-01-31 12:02:43,1838734,3354.000,417.000,7703.000,-13.000,9.000,11.000,0.000,0.000,0
2026-01-31 12:02:43,1838774,3383.000,448.000,7716.000,-11.000,4.000,11.000,0.000,0.000,0
2026-01-31 12:02:43,1838814,3377.000,415.000,7707.000,12.000,16.000,-2.000,0.000,0.000,0
2026-01-31 12:02:43,1838854,3317.000,447.000,7695.000,23.000,22.000,-16.000,0.000,0.000,0
2026-01-31 12:02:43,1838894,3371.000,427.000,7724.000,-34.000,-12.000,5.000,0.000,0.000,0
2026-01-31 12:02:43,1838934,3412.000,399.000,7735.000,-23.000,1.000,15.000,0.000,0.000,0
2026-01-31 12:02:43,1838974,3334.000,434.000,7708.000,-2.000,42.000,10.000,0.000,0.000,0
2026-01-31 12:02:43,1839014,3367.000,452.000,7693.000,-1.000,22.000,-9.000,0.000,0.000,0
2026-01-31 12:02:43,1839054,3343.000,421.000,7702.000,-15.000,15.000,-13.000,0.000,0.000,0
2026-01-31 12:02:43,1839094,3368.000,411.000,7716.000,-13.000,-4.000,-8.000,0.000,0.000,0
2026-01-31 12:02:43,1839134,3353.000,431.000,7705.000,-30.000,8.000,-2.000,0.000,0.000,0
2026-01-31 12:02:43,1839174,3367.000,446.000,7715.000,12.000,10.000,-13.000,0.000,0.000,0
2026-01-31 12:02:43,1839214,3354.000,371.000,7708.000,-20.000,17.000,3.000,0.000,0.000,0
2026-01-31 12:02:43,1839254,3382.000,463.000,7712.000,27.000,8.000,0.000,0.000,0.000,0
2026-01-31 12:02:43,1839294,3347.000,413.000,7696.000,-26.000,23.000,17.000,0.000,0.000,0
2026-01-31 12:02:43,1839334,3369.000,457.000,7707.000,28.000,7.000,-2.000,0.000,0.000,0
2026-01-31 12:02:43,1839374,3360.000,432.000,7697.000,-21.000,18.000,5.000,0.000,0.000,0
2026-01-31 12:02:44,1839414,3363.000,429.000,7720.000,3.000,4.000,-2.000,0.000,0.000,0
2026-01-31 12:02:44,1839454,3367.000,421.000,7722.000,-14.000,13.000,7.000,0.000,0.000,0
2026-01-31 12:02:44,1839494,3359.000,423.000,7711.000,-16.000,20.000,7.000,0.000,0.000,0
2026-01-31 12:02:44,1839534,3349.000,439.000,7709.000,6.000,18.000,-4.000,0.000,0.000,0
2026-01-31 12:02:44,1839574,3352.000,412.000,7706.000,2.000,-1.000,-13.000,0.000,0.000,0
2026-01-31 12:02:44,1839614,3361.000,434.000,7717.000,-10.000,-4.000,6.000,0.000,0.000,0
2026-01-31 12:02:44,1839654,3360.000,429.000,7709.000,-15.000,-1.000,3.000,0.000,0.000,0
2026-01-31 12:02:44,1839694,3420.000,458.000,7720.000,4.000,1.000,-1.000,0.000,0.000,0
2026-01-31 12:02:44,1839734,3347.000,377.000,7692.000,0.000,39.000,-5.000,0.000,0.000,0
2026-01-31 12:02:44,1839774,3324.000,456.000,7698.000,43.000,13.000,-8.000,0.000,0.000,0
2026-01-31 12:02:44,1839814,3383.000,419.000,7716.000,-73.000,-13.000,38.000,0.000,0.000,0
2026-01-31 12:02:44,1839854,3381.000,432.000,7724.000,-1.000,-1.000,16.000,0.000,0.000,0
2026-01-31 12:02:44,1839894,3357.000,472.000,7719.000,9.000,36.000,-1.000,0.000,0.000,0
2026-01-31 12:02:44,1839934,3367.000,425.000,7694.000,10.000,11.000,-21.000,0.000,0.000,0
2026-01-31 12:02:44,1839974,3368.000,409.000,7706.000,-21.000,3.000,0.000,0.000,0.000,0
2026-01-31 12:02:44,1840016,3369.000,404.000,7711.000,-12.000,8.000,16.000,0.000,0.000,0
2026-01-31 12:02:44,1840054,3359.000,451.000,7719.000,-1.000,7.000,15.000,0.000,0.000,0
2026-01-31 12:02:44,1840094,3354.000,419.000,7705.000,-10.000,21.000,12.000,0.000,0.000,0
2026-01-31 12:02:44,1840134,3367.000,436.000,7709.000,17.000,15.000,-7.000,0.000,0.000,0
2026-01-31 12:02:44,1840174,3374.000,410.000,7712.000,-9.000,14.000,0.000,0.000,0.000,0
2026-01-31 12:02:44,1840214,3346.000,421.000,7703.000,-4.000,16.000,7.000,0.000,0.000,0
2026-01-31 12:02:44,1840254,3400.000,447.000,7715.000,-2.000,12.000,15.000,0.000,0.000,0
2026-01-31 12:02:44,1840294,3350.000,429.000,7683.000,-10.000,28.000,7.000,0.000,0.000,0
2026-01-31 12:02:44,1840334,3356.000,438.000,7697.000,-5.000,1.000,-3.000,0.000,0.000,0
2026-01-31 12:02:44,1840374,3363.000,420.000,7719.000,-11.000,-9.000,2.000,0.000,0.000,0
2026-01-31 12:02:45,1840414,3376.000,425.000,7724.000,-9.000,6.000,2.000,0.000,0.000,0
2026-01-31 12:02:45,1840454,3357.000,418.000,7709.000,6.000,20.000,3.000,0.000,0.000,0
2026-01-31 12:02:45,1840494,3362.000,445.000,7696.000,-3.000,15.000,-1.000,0.000,0.000,0
2026-01-31 12:02:45,1840534,3368.000,415.000,7694.000,2.000,2.000,-6.000,0.000,0.000,0
2026-01-31 12:02:45,1840574,3364.000,452.000,7707.000,-3.000,-3.000,-17.000,0.000,0.000,0
2026-01-31 12:02:45,1840614,3410.000,407.000,7712.000,4.000,0.000,-4.000,0.000,0.000,0
2026-01-31 12:02:45,1840654,3333.000,414.000,7706.000,36.000,28.000,-13.000,0.000,0.000,0
2026-01-31 12:02:45,1840694,3369.000,453.000,7711.000,14.000,12.000,-2.000,0.000,0.000,0
2026-01-31 12:02:45,1840734,3395.000,448.000,7712.000,-29.000,-5.000,19.000,0.000,0.000,0
2026-01-31 12:02:45,1840774,3381.000,470.000,7711.000,18.000,22.000,-2.000,0.000,0.000,0
2026-01-31 12:02:45,1840814,3353.000,459.000,7693.000,14.000,27.000,-24.000,0.000,0.000,0
2026-01-31 12:02:45,1840854,3389.000,403.000,7704.000,-7.000,3.000,-22.000,0.000,0.000,0
2026-01-31 12:02:45,1840894,3361.000,406.000,7714.000,-5.000,10.000,13.000,0.000,0.000,0
2026-01-31 12:02:45,1840934,3379.000,419.000,7715.000,-12.000,9.000,29.000,0.000,0.000,0
2026-01-31 12:02:45,1840974,3350.000,466.000,7714.000,14.000,24.000,22.000,0.000,0.000,0
2026-01-31 12:02:45,1841014,3362.000,440.000,7701.000,8.000,20.000,-6.000,0.000,0.000,0
2026-01-31 12:02:45,1841054,3353.000,451.000,7702.000,20.000,19.000,-8.000,0.000,0.000,0
2026-01-31 12:02:45,1841094,3374.000,423.000,7711.000,-4.000,6.000,8.000,0.000,0.000,0
2026-01-31 12:02:45,1841134,3377.000,441.000,7717.000,15.000,18.000,12.000,0.000,0.000,0
2026-01-31 12:02:45,1841174,3356.000,452.000,7696.000,13.000,30.000,14.000,0.000,0.000,0
2026-01-31 12:02:45,1841214,3359.000,469.000,7698.000,-3.000,10.000,8.000,0.000,0.000,0
2026-01-31 12:02:45,1841254,3367.000,442.000,7709.000,-6.000,0.000,10.000,0.000,0.000,0
2026-01-31 12:02:45,1841294,3339.000,445.000,7725.000,-4.000,11.000,-2.000,0.000,0.000,0
2026-01-31 12:02:45,1841334,3374.000,439.000,7721.000,1.000,17.000,3.000,0.000,0.000,0
2026-01-31 12:02:45,1841374,3350.000,456.000,7712.000,-7.000,27.000,11.000,0.000,0.000,0
2026-01-31 12:02:46,1841414,3342.000,434.000,7694.000,-6.000,17.000,1.000,0.000,0.000,0
2026-01-31 12:02:46,1841454,3366.000,465.000,7705.000,0.000,6.000,-11.000,0.000,0.000,0
2026-01-31 12:02:46,1841494,3400.000,440.000,7717.000,0.000,12.000,6.000,0.000,0.000,0
2026-01-31 12:02:46,1841534,3305.000,399.000,7692.000,24.000,27.000,-14.000,0.000,0.000,0
2026-01-31 12:02:46,1841574,3370.000,487.000,7726.000,1.000,-5.000,20.000,0.000,0.000,0
2026-01-31 12:02:46,1841614,3400.000,447.000,7721.000,-69.000,4.000,50.000,0.000,0.000,0
2026-01-31 12:02:46,1841654,3368.000,480.000,7715.000,25.000,34.000,-3.000,0.000,0.000,0
2026-01-31 12:02:46,1841694,3333.000,466.000,7686.000,7.000,44.000,-27.000,0.000,0.000,0
2026-01-31 12:02:46,1841734,3365.000,414.000,7695.000,-20.000,-1.000,-9.000,0.000,0.000,0
2026-01-31 12:02:46,1841774,3368.000,412.000,7720.000,-18.000,-7.000,12.000,0.000,0.000,0
2026-01-31 12:02:46,1841814,3377.000,434.000,7730.000,-22.000,19.000,25.000,0.000,0.000,0
2026-01-31 12:02:46,1841855,3324.000,457.000,7694.000,3.000,37.000,7.000,0.000,0.000,0
2026-01-31 12:02:46,1841894,3356.000,453.000,7704.000,-4.000,4.000,-15.000,0.000,0.000,0
2026-01-31 12:02:46,1841934,3372.000,397.000,7710.000,-25.000,-4.000,1.000,0.000,0.000,0
2026-01-31 12:02:46,1841974,3382.000,444.000,7728.000,10.000,6.000,4.000,0.000,0.000,0
2026-01-31 12:02:46,1842014,3357.000,432.000,7701.000,-11.000,33.000,17.000,0.000,0.000,0
2026-01-31 12:02:46,1842054,3341.000,468.000,7693.000,8.000,26.000,9.000,0.000,0.000,0
2026-01-31 12:02:46,1842094,3363.000,438.000,7696.000,-7.000,6.000,3.000,0.000,0.000,0
2026-01-31 12:02:46,1842134,3356.000,460.000,7724.000,-10.000,5.000,2.000,0.000,0.000,0
2026-01-31 12:02:46,1842174,3359.000,407.000,7716.000,-24.000,13.000,4.000,0.000,0.000,0
2026-01-31 12:02:46,1842214,3364.000,447.000,7703.000,10.000,22.000,6.000,0.000,0.000,0
2026-01-31 12:02:46,1842254,3364.000,418.000,7708.000,4.000,6.000,0.000,0.000,0.000,0
2026-01-31 12:02:46,1842294,3343.000,440.000,7718.000,-18.000,10.000,15.000,0.000,0.000,0
2026-01-31 12:02:46,1842334,3386.000,424.000,7713.000,6.000,11.000,14.000,0.000,0.000,0
2026-01-31 12:02:46,1842374,3364.000,469.000,7713.000,14.000,28.000,12.000,0.000,0.000,0
2026-01-31 12:02:47,1842414,3305.000,412.000,7698.000,21.000,38.000,8.000,0.000,0.000,0
2026-01-31 12:02:47,1842454,3361.000,491.000,7719.000,-11.000,-15.000,17.000,0.000,0.000,0
2026-01-31 12:02:47,1842494,3339.000,330.000,7708.000,-113.000,-3.000,66.000,0.000,0.000,0
2026-01-31 12:02:47,1842534,3350.000,458.000,7735.000,35.000,13.000,8.000,0.000,0.000,0
2026-01-31 12:02:47,1842574,3351.000,442.000,7697.000,-20.000,38.000,-11.000,0.000,0.000,0
2026-01-31 12:02:47,1842614,3359.000,440.000,7695.000,14.000,17.000,-9.000,0.000,0.000,0
2026-01-31 12:02:47,1842654,3375.000,437.000,7696.000,-40.000,-13.000,6.000,0.000,0.000,0
2026-01-31 12:02:47,1842694,3341.000,481.000,7704.000,-80.000,-21.000,-31.000,0.000,0.000,0
2026-01-31 12:02:47,1842734,3360.000,447.000,7705.000,3.000,-32.000,-83.000,0.000,0.000,0
2026-01-31 12:02:47,1842774,3396.000,320.000,7744.000,-52.000,-9.000,-64.000,0.000,0.000,0
2026-01-31 12:02:47,1842814,3407.000,372.000,7731.000,14.000,10.000,-6.000,0.000,0.000,0
2026-01-31 12:02:47,1842854,3368.000,385.000,7717.000,-26.000,37.000,41.000,0.000,0.000,0
2026-01-31 12:02:47,1842894,3375.000,476.000,7688.000,16.000,37.000,37.000,0.000,0.000,0
2026-01-31 12:02:47,1842934,3350.000,461.000,7677.000,-6.000,31.000,8.000,0.000,0.000,0
2026-01-31 12:02:47,1842974,3357.000,444.000,7695.000,11.000,1.000,-11.000,0.000,0.000,0
2026-01-31 12:02:47,1843014,3374.000,370.000,7726.000,-17.000,1.000,10.000,0.000,0.000,0
2026-01-31 12:02:47,1843054,3358.000,417.000,7734.000,10.000,31.000,16.000,0.000,0.000,0
2026-01-31 12:02:47,1843094,3345.000,440.000,7715.000,-7.000,39.000,30.000,0.000,0.000,0
2026-01-31 12:02:47,1843134,3343.000,466.000,7686.000,4.000,29.000,14.000,0.000,0.000,0
2026-01-31 12:02:47,1843174,3350.000,459.000,7706.000,-8.000,10.000,-11.000,0.000,0.000,0
2026-01-31 12:02:47,1843214,3359.000,421.000,7685.000,-2.000,4.000,-22.000,0.000,0.000,0
2026-01-31 12:02:47,1843254,3391.000,421.000,7726.000,-9.000,-10.000,-4.000,0.000,0.000,0
2026-01-31 12:02:47,1843294,3384.000,373.000,7710.000,-3.000,7.000,11.000,0.000,0.000,0
2026-01-31 12:02:47,1843334,3292.000,426.000,7705.000,22.000,19.000,14.000,0.000,0.000,0
2026-01-31 12:02:47,1843374,3343.000,471.000,7713.000,-47.000,-21.000,32.000,0.000,0.000,0
2026-01-31 12:02:48,1843414,3384.000,457.000,7738.000,-14.000,-4.000,-9.000,0.000,0.000,0
2026-01-31 12:02:48,1843454,3351.000,434.000,7693.000,2.000,34.000,-43.000,0.000,0.000,0
2026-01-31 12:02:48,1843494,3402.000,407.000,7691.000,6.000,10.000,-38.000,0.000,0.000,0
2026-01-31 12:02:48,1843534,3369.000,377.000,7674.000,-27.000,3.000,-6.000,0.000,0.000,0
2026-01-31 12:02:48,1843574,3410.000,392.000,7712.000,-5.000,-5.000,24.000,0.000,0.000,0
2026-01-31 12:02:48,1843614,3330.000,440.000,7705.000,-10.000,7.000,33.000,0.000,0.000,0
2026-01-31 12:02:48,1843654,3371.000,441.000,7722.000,-4.000,-3.000,6.000,0.000,0.000,0
2026-01-31 12:02:48,1843694,3373.000,424.000,7712.000,2.000,17.000,-10.000,0.000,0.000,0
2026-01-31 12:02:48,1843734,3371.000,417.000,7699.000,23.000,18.000,-15.000,0.000,0.000,0
2026-01-31 12:02:48,1843774,3361.000,421.000,7719.000,-8.000,18.000,1.000,0.000,0.000,0
2026-01-31 12:02:48,1843814,3384.000,432.000,7708.000,11.000,16.000,11.000,0.000,0.000,0
2026-01-31 12:02:48,1843855,3365.000,433.000,7706.000,-19.000,33.000,13.000,0.000,0.000,0
2026-01-31 12:02:48,1843894,3373.000,421.000,7697.000,12.000,20.000,3.000,0.000,0.000,0
2026-01-31 12:02:48,1843934,3350.000,434.000,7712.000,0.000,24.000,8.000,0.000,0.000,0
2026-01-31 12:02:48,1843974,3374.000,412.000,7696.000,-17.000,12.000,14.000,0.000,0.000,0
2026-01-31 12:02:48,1844016,3359.000,441.000,7708.000,9.000,16.000,8.000,0.000,0.000,0
2026-01-31 12:02:48,1844054,3376.000,416.000,7722.000,-25.000,14.000,16.000,0.000,0.000,0
2026-01-31 12:02:48,1844094,3347.000,438.000,7760.000,-1.000,40.000,-3.000,0.000,0.000,0
2026-01-31 12:02:48,1844134,3415.000,596.000,7891.000,-34.000,61.000,-57.000,0.000,0.000,0
2026-01-31 12:02:48,1844174,3211.000,198.000,7566.000,-130.000,194.000,-143.000,0.000,0.000,0
2026-01-31 12:02:48,1844214,3288.000,515.000,7651.000,400.000,24.000,-171.000,0.000,0.000,0
2026-01-31 12:02:48,1844254,3297.000,332.000,7643.000,-181.000,-72.000,138.000,0.000,0.000,0
2026-01-31 12:02:48,1844294,3368.000,350.000,7711.000,-50.000,-138.000,188.000,0.000,0.000,0
2026-01-31 12:02:48,1844334,3548.000,665.000,7833.000,31.000,-61.000,167.000,0.000,0.000,0
2026-01-31 12:02:48,1844374,3448.000,492.000,7682.000,-111.000,108.000,124.000,0.000,0.000,0
2026-01-31 12:02:49,1844414,3332.000,547.000,7648.000,135.000,120.000,-55.000,0.000,0.000,0
2026-01-31 12:02:49,1844454,3253.000,468.000,7646.000,-46.000,34.000,-67.000,0.000,0.000,0
2026-01-31 12:02:49,1844494,3243.000,296.000,7739.000,-140.000,-70.000,-10.000,0.000,0.000,0
2026-01-31 12:02:49,1844534,3415.000,391.000,7865.000,-64.000,-58.000,17.000,0.000,0.000,0
2026-01-31 12:02:49,1844574,3317.000,338.000,7762.000,22.000,149.000,9.000,0.000,0.000,0
2026-01-31 12:02:49,1844614,3292.000,477.000,7682.000,131.000,156.000,-27.000,0.000,0.000,0
2026-01-31 12:02:49,1844654,3283.000,393.000,7657.000,-4.000,90.000,-6.000,0.000,0.000,0
2026-01-31 12:02:49,1844694,3338.000,409.000,7684.000,70.000,13.000,-9.000,0.000,0.000,0
2026-01-31 12:02:49,1844734,3374.000,408.000,7735.000,8.000,12.000,18.000,0.000,0.000,0
2026-01-31 12:02:49,1844774,3328.000,427.000,7725.000,76.000,37.000,25.000,0.000,0.000,0
2026-01-31 12:02:49,1844814,3299.000,516.000,7703.000,59.000,45.000,28.000,0.000,0.000,0
2026-01-31 12:02:49,1844854,3299.000,524.000,7704.000,29.000,6.000,18.000,0.000,0.000,0
2026-01-31 12:02:49,1844894,3289.000,506.000,7761.000,-26.000,-11.000,3.000,0.000,0.000,0
2026-01-31 12:02:49,1844934,3338.000,422.000,7753.000,18.000,-3.000,-43.000,0.000,0.000,0
2026-01-31 12:02:49,1844974,3302.000,426.000,7723.000,-18.000,57.000,-9.000,0.000,0.000,0
2026-01-31 12:02:49,1845014,3294.000,429.000,7699.000,36.000,29.000,-6.000,0.000,0.000,0
2026-01-31 12:02:49,1845054,3302.000,471.000,7739.000,-29.000,11.000,32.000,0.000,0.000,0
2026-01-31 12:02:49,1845094,3321.000,401.000,7724.000,-13.000,9.000,21.000,0.000,0.000,0
2026-01-31 12:02:49,1845134,3362.000,500.000,7728.000,67.000,36.000,2.000,0.000,0.000,0
2026-01-31 12:02:49,1845174,3222.000,411.000,7677.000,24.000,51.000,-6.000,0.000,0.000,0
2026-01-31 12:02:49,1845214,3306.000,497.000,7728.000,38.000,-38.000,4.000,0.000,0.000,0
2026-01-31 12:02:49,1845254,3365.000,425.000,7761.000,-79.000,-19.000,44.000,0.000,0.000,0
2026-01-31 12:02:49,1845294,3307.000,487.000,7701.000,71.000,13.000,-9.000,0.000,0.000,0
2026-01-31 12:02:49,1845334,3341.000,457.000,7716.000,41.000,8.000,0.000,0.000,0.000,0
2026-01-31 12:02:49,1845374,3382.000,395.000,7775.000,13.000,-15.000,23.000,0.000,0.000,0
2026-01-31 12:02:50,1845414,3467.000,339.000,7768.000,84.000,64.000,51.000,0.000,0.000,0
2026-01-31 12:02:50,1845454,3406.000,570.000,7711.000,164.000,129.000,144.000,0.000,0.000,0
2026-01-31 12:02:50,1845494,3233.000,543.000,7700.000,-19.000,133.000,145.000,0.000,0.000,0
2026-01-31 12:02:50,1845534,3194.000,506.000,7571.000,45.000,81.000,19.000,0.000,0.000,0
2026-01-31 12:02:50,1845574,3004.000,736.000,7628.000,38.000,-42.000,-116.000,0.000,0.000,0
2026-01-31 12:02:50,1845614,3350.000,504.000,7780.000,-220.000,-262.000,-156.000,0.000,0.000,0
2026-01-31 12:02:50,1845654,3342.000,341.000,7864.000,-98.000,-127.000,-193.000,0.000,0.000,0
2026-01-31 12:02:50,1845694,3159.000,434.000,7753.000,75.000,-22.000,-193.000,0.000,0.000,0
2026-01-31 12:02:50,1845734,3336.000,436.000,7789.000,39.000,-42.000,-139.000,0.000,0.000,0
2026-01-31 12:02:50,1845774,3323.000,551.000,7684.000,-68.000,-56.000,50.000,0.000,0.000,0
2026-01-31 12:02:50,1845815,3405.000,645.000,7671.000,-31.000,-67.000,1.000,0.000,0.000,0
2026-01-31 12:02:50,1845854,3388.000,497.000,7659.000,-98.000,-85.000,-65.000,0.000,0.000,0
2026-01-31 12:02:50,1845894,3417.000,413.000,7709.000,-31.000,-92.000,-103.000,0.000,0.000,0
2026-01-31 12:02:50,1845934,3435.000,396.000,7702.000,-94.000,-81.000,-41.000,0.000,0.000,0
2026-01-31 12:02:50,1845974,3439.000,409.000,7700.000,-86.000,-73.000,24.000,0.000,0.000,0
2026-01-31 12:02:50,1846015,3346.000,472.000,7717.000,-69.000,-50.000,-8.000,0.000,0.000,0
2026-01-31 12:02:50,1846054,3396.000,499.000,7711.000,-42.000,-41.000,-46.000,0.000,0.000,0
2026-01-31 12:02:50,1846094,3440.000,453.000,7704.000,-63.000,-27.000,-71.000,0.000,0.000,0
2026-01-31 12:02:50,1846134,3442.000,374.000,7696.000,3.000,8.000,-59.000,0.000,0.000,0
2026-01-31 12:02:50,1846174,3439.000,366.000,7699.000,-7.000,22.000,-7.000,0.000,0.000,0
2026-01-31 12:02:50,1846214,3438.000,361.000,7684.000,-2.000,41.000,42.000,0.000,0.000,0
2026-01-31 12:02:50,1846254,3397.000,448.000,7697.000,30.000,42.000,66.000,0.000,0.000,0
2026-01-31 12:02:50,1846294,3354.000,483.000,7696.000,-6.000,51.000,74.000,0.000,0.000,0
2026-01-31 12:02:50,1846334,3366.000,509.000,7708.000,35.000,44.000,28.000,0.000,0.000,0
2026-01-31 12:02:50,1846374,3371.000,513.000,7722.000,7.000,58.000,-3.000,0.000,0.000,0
2026-01-31 12:02:51,1846414,3380.000,433.000,7681.000,30.000,66.000,-27.000,0.000,0.000,0
2026-01-31 12:02:51,1846454,3370.000,488.000,7675.000,30.000,69.000,-12.000,0.000,0.000,0
2026-01-31 12:02:51,1846494,3391.000,459.000,7690.000,-37.000,31.000,19.000,0.000,0.000,0
2026-01-31 12:02:51,1846534,3384.000,458.000,7714.000,-3.000,31.000,15.000,0.000,0.000,0
2026-01-31 12:02:51,1846574,3329.000,453.000,7709.000,7.000,34.000,14.000,0.000,0.000,0
2026-01-31 12:02:51,1846614,3336.000,485.000,7694.000,-11.000,17.000,33.000,0.000,0.000,0
2026-01-31 12:02:51,1846654,3321.000,468.000,7702.000,-25.000,9.000,22.000,0.000,0.000,0
2026-01-31 12:02:51,1846694,3356.000,476.000,7708.000,-6.000,0.000,-7.000,0.000,0.000,0
2026-01-31 12:02:51,1846734,3332.000,453.000,7699.000,-10.000,11.000,-21.000,0.000,0.000,0
2026-01-31 12:02:51,1846774,3370.000,452.000,7700.000,-4.000,-20.000,-24.000,0.000,0.000,0
2026-01-31 12:02:51,1846814,3412.000,434.000,7708.000,-8.000,-8.000,-10.000,0.000,0.000,0
2026-01-31 12:02:51,1846854,3322.000,447.000,7692.000,21.000,8.000,-16.000,0.000,0.000,0
2026-01-31 12:02:51,1846894,3375.000,478.000,7701.000,10.000,-10.000,-9.000,0.000,0.000,0
2026-01-31 12:02:51,1846934,3390.000,480.000,7702.000,-6.000,-11.000,20.000,0.000,0.000,0
2026-01-31 12:02:51,1846974,3378.000,489.000,7693.000,-22.000,3.000,3.000,0.000,0.000,0
2026-01-31 12:02:51,1847014,3393.000,467.000,7685.000,-13.000,-13.000,-17.000,0.000,0.000,0
2026-01-31 12:02:51,1847054,3392.000,419.000,7687.000,-27.000,-22.000,-24.000,0.000,0.000,0
2026-01-31 12:02:51,1847094,3412.000,422.000,7723.000,-23.000,-16.000,-1.000,0.000,0.000,0
2026-01-31 12:02:51,1847134,3393.000,419.000,7706.000,-15.000,6.000,17.000,0.000,0.000,0
2026-01-31 12:02:51,1847174,3376.000,480.000,7690.000,0.000,15.000,10.000,0.000,0.000,0
2026-01-31 12:02:51,1847214,3399.000,445.000,7687.000,-16.000,14.000,-1.000,0.000,0.000,0
2026-01-31 12:02:51,1847254,3403.000,449.000,7701.000,14.000,9.000,-16.000,0.000,0.000,0
2026-01-31 12:02:51,1847294,3398.000,422.000,7708.000,-9.000,20.000,14.000,0.000,0.000,0
2026-01-31 12:02:51,1847334,3398.000,442.000,7697.000,11.000,26.000,20.000,0.000,0.000,0
2026-01-31 12:02:51,1847374,3393.000,463.000,7697.000,3.000,32.000,29.000,0.000,0.000,0
2026-01-31 12:02:52,1847414,3370.000,453.000,7691.000,-2.000,37.000,30.000,0.000,0.000,0
2026-01-31 12:02:52,1847454,3363.000,490.000,7687.000,13.000,34.000,14.000,0.000,0.000,0
2026-01-31 12:02:52,1847494,3375.000,456.000,7701.000,-20.000,16.000,3.000,0.000,0.000,0
2026-01-31 12:02:52,1847534,3385.000,421.000,7703.000,9.000,20.000,-5.000,0.000,0.000,0
2026-01-31 12:02:52,1847574,3372.000,439.000,7714.000,7.000,32.000,9.000,0.000,0.000,0
2026-01-31 12:02:52,1847614,3352.000,462.000,7679.000,-9.000,24.000,21.000,0.000,0.000,0
2026-01-31 12:02:52,1847654,3413.000,466.000,7710.000,-3.000,2.000,12.000,0.000,0.000,0
2026-01-31 12:02:52,1847694,3338.000,436.000,7690.000,40.000,31.000,-15.000,0.000,0.000,0
2026-01-31 12:02:52,1847734,3345.000,481.000,7705.000,-9.000,11.000,3.000,0.000,0.000,0
2026-01-31 12:02:52,1847774,3408.000,413.000,7717.000,-47.000,-11.000,25.000,0.000,0.000,0
2026-01-31 12:02:52,1847814,3371.000,492.000,7725.000,9.000,20.000,17.000,0.000,0.000,0
2026-01-31 12:02:52,1847855,3363.000,462.000,7699.000,-8.000,38.000,4.000,0.000,0.000,0
2026-01-31 12:02:52,1847894,3377.000,499.000,7674.000,15.000,15.000,-18.000,0.000,0.000,0
2026-01-31 12:02:52,1847934,3368.000,414.000,7681.000,-32.000,-3.000,-10.000,0.000,0.000,0
2026-01-31 12:02:52,1847974,3390.000,428.000,7712.000,-8.000,-16.000,-2.000,0.000,0.000,0
2026-01-31 12:02:52,1848016,3385.000,437.000,7716.000,-8.000,1.000,17.000,0.000,0.000,0
2026-01-31 12:02:52,1848054,3364.000,441.000,7694.000,-5.000,10.000,17.000,0.000,0.000,0
2026-01-31 12:02:52,1848094,3376.000,498.000,7699.000,9.000,-2.000,-2.000,0.000,0.000,0
2026-01-31 12:02:52,1848134,3389.000,441.000,7702.000,-24.000,-11.000,-14.000,0.000,0.000,0
2026-01-31 12:02:52,1848174,3389.000,445.000,7716.000,23.000,1.000,-31.000,0.000,0.000,0
2026-01-31 12:02:52,1848214,3414.000,422.000,7707.000,5.000,23.000,-9.000,0.000,0.000,0
2026-01-31 12:02:52,1848254,3376.000,435.000,7678.000,21.000,31.000,13.000,0.000,0.000,0
2026-01-31 12:02:52,1848294,3382.000,471.000,7685.000,11.000,17.000,16.000,0.000,0.000,0
2026-01-31 12:02:52,1848334,3379.000,473.000,7694.000,11.000,7.000,8.000,0.000,0.000,0
2026-01-31 12:02:52,1848374,3375.000,472.000,7709.000,5.000,7.000,-4.000,0.000,0.000,0
2026-01-31 12:02:53,1848414,3371.000,440.000,7713.000,12.000,3.000,-9.000,0.000,0.000,0
2026-01-31 12:02:53,1848454,3385.000,455.000,7705.000,0.000,23.000,-1.000,0.000,0.000,0
2026-01-31 12:02:53,1848494,3360.000,462.000,7688.000,22.000,20.000,-3.000,0.000,0.000,0
2026-01-31 12:02:53,1848534,3453.000,481.000,7713.000,26.000,7.000,5.000,0.000,0.000,0
2026-01-31 12:02:53,1848574,3311.000,445.000,7686.000,25.000,47.000,9.000,0.000,0.000,0
2026-01-31 12:02:53,1848614,3359.000,486.000,7703.000,24.000,8.000,5.000,0.000,0.000,0
2026-01-31 12:02:53,1848654,3414.000,481.000,7712.000,-28.000,11.000,41.000,0.000,0.000,0
2026-01-31 12:02:53,1848694,3381.000,494.000,7684.000,19.000,32.000,20.000,0.000,0.000,0
2026-01-31 12:02:53,1848734,3365.000,491.000,7690.000,30.000,30.000,-8.000,0.000,0.000,0
2026-01-31 12:02:53,1848774,3356.000,466.000,7682.000,3.000,12.000,-3.000,0.000,0.000,0
2026-01-31 12:02:53,1848814,3391.000,470.000,7714.000,6.000,-4.000,20.000,0.000,0.000,0
2026-01-31 12:02:53,1848854,3361.000,479.000,7716.000,-14.000,14.000,26.000,0.000,0.000,0
2026-01-31 12:02:53,1848894,3361.000,498.000,7690.000,18.000,15.000,-4.000,0.000,0.000,0
2026-01-31 12:02:53,1848934,3365.000,486.000,7693.000,-2.000,14.000,-13.000,0.000,0.000,0
2026-01-31 12:02:53,1848974,3386.000,456.000,7688.000,1.000,-2.000,-17.000,0.000,0.000,0
2026-01-31 12:02:53,1849014,3398.000,460.000,7712.000,-7.000,-2.000,1.000,0.000,0.000,0
2026-01-31 12:02:53,1849054,3381.000,460.000,7705.000,-4.000,12.000,19.000,0.000,0.000,0
2026-01-31 12:02:53,1849094,3390.000,483.000,7705.000,-9.000,24.000,30.000,0.000,0.000,0
2026-01-31 12:02:53,1849134,3363.000,495.000,7687.000,-9.000,23.000,19.000,0.000,0.000,0
2026-01-31 12:02:53,1849174,3359.000,511.000,7700.000,-8.000,7.000,-1.000,0.000,0.000,0
2026-01-31 12:02:53,1849214,3381.000,433.000,7711.000,-23.000,14.000,-7.000,0.000,0.000,0
2026-01-31 12:02:53,1849254,3372.000,469.000,7702.000,18.000,28.000,-1.000,0.000,0.000,0
2026-01-31 12:02:53,1849294,3371.000,461.000,7687.000,-33.000,16.000,10.000,0.000,0.000,0
2026-01-31 12:02:53,1849334,3400.000,482.000,7697.000,9.000,4.000,5.000,0.000,0.000,0
2026-01-31 12:02:53,1849374,3390.000,448.000,7699.000,-5.000,23.000,6.000,0.000,0.000,0
2026-01-31 12:02:54,1849414,3310.000,461.000,7697.000,36.000,25.000,-7.000,0.000,0.000,0
2026-01-31 12:02:54,1849454,3386.000,497.000,7721.000,-43.000,0.000,26.000,0.000,0.000,0
2026-01-31 12:02:54,1849494,3397.000,474.000,7718.000,-32.000,12.000,33.000,0.000,0.000,0
2026-01-31 12:02:54,1849534,3369.000,512.000,7690.000,15.000,39.000,1.000,0.000,0.000,0
2026-01-31 12:02:54,1849574,3354.000,489.000,7692.000,12.000,32.000,-21.000,0.000,0.000,0
2026-01-31 12:02:54,1849614,3363.000,433.000,7708.000,-31.000,2.000,1.000,0.000,0.000,0
2026-01-31 12:02:54,1849654,3401.000,458.000,7726.000,-11.000,7.000,15.000,0.000,0.000,0
2026-01-31 12:02:54,1849694,3358.000,473.000,7694.000,9.000,46.000,21.000,0.000,0.000,0
2026-01-31 12:02:54,1849734,3334.000,493.000,7679.000,1.000,29.000,3.000,0.000,0.000,0
2026-01-31 12:02:54,1849774,3370.000,490.000,7678.000,-12.000,-8.000,-3.000,0.000,0.000,0
2026-01-31 12:02:54,1849814,3373.000,456.000,7704.000,-32.000,-18.000,-6.000,0.000,0.000,0
2026-01-31 12:02:54,1849855,3402.000,454.000,7728.000,-8.000,-9.000,-5.000,0.000,0.000,0
2026-01-31 12:02:54,1849894,3373.000,443.000,7718.000,-12.000,34.000,15.000,0.000,0.000,0
2026-01-31 12:02:54,1849934,3367.000,473.000,7695.000,15.000,37.000,13.000,0.000,0.000,0
2026-01-31 12:02:54,1849974,3350.000,482.000,7685.000,-13.000,11.000,15.000,0.000,0.000,0
2026-01-31 12:02:54,1850015,3374.000,492.000,7711.000,-19.000,-6.000,-2.000,0.000,0.000,0
2026-01-31 12:02:54,1850054,3381.000,442.000,7721.000,-12.000,3.000,-12.000,0.000,0.000,0
2026-01-31 12:02:54,1850094,3381.000,444.000,7710.000,-8.000,21.000,-1.000,0.000,0.000,0
2026-01-31 12:02:54,1850134,3362.000,459.000,7671.000,-3.000,29.000,10.000,0.000,0.000,0
2026-01-31 12:02:54,1850174,3392.000,487.000,7691.000,-8.000,2.000,11.000,0.000,0.000,0
2026-01-31 12:02:54,1850214,3408.000,445.000,7703.000,-8.000,8.000,8.000,0.000,0.000,0
2026-01-31 12:02:54,1850254,3316.000,448.000,7716.000,16.000,31.000,-3.000,0.000,0.000,0
2026-01-31 12:02:54,1850294,3384.000,463.000,7719.000,-25.000,9.000,18.000,0.000,0.000,0
2026-01-31 12:02:54,1850334,3394.000,475.000,7715.000,-16.000,28.000,40.000,0.000,0.000,0
2026-01-31 12:02:54,1850374,3330.000,496.000,7660.000,-1.000,43.000,13.000,0.000,0.000,0
2026-01-31 12:02:55,1850414,3399.000,460.000,7704.000,-11.000,-27.000,-17.000,0.000,0.000,0
2026-01-31 12:02:55,1850454,3373.000,370.000,7730.000,-39.000,-5.000,14.000,0.000,0.000,0
2026-01-31 12:02:55,1850494,3376.000,450.000,7737.000,20.000,23.000,24.000,0.000,0.000,0
2026-01-31 12:02:55,1850534,3305.000,507.000,7702.000,-25.000,39.000,41.000,0.000,0.000,0
2026-01-31 12:02:55,1850574,3317.000,537.000,7696.000,-23.000,7.000,-1.000,0.000,0.000,0
2026-01-31 12:02:55,1850614,3399.000,468.000,7700.000,7.000,0.000,-35.000,0.000,0.000,0
2026-01-31 12:02:55,1850654,3353.000,413.000,7690.000,-23.000,10.000,-29.000,0.000,0.000,0
2026-01-31 12:02:55,1850694,3437.000,374.000,7724.000,-4.000,-12.000,-10.000,0.000,0.000,0
2026-01-31 12:02:55,1850734,3387.000,413.000,7690.000,-4.000,31.000,53.000,0.000,0.000,0
2026-01-31 12:02:55,1850774,3337.000,535.000,7690.000,13.000,8.000,32.000,0.000,0.000,0
2026-01-31 12:02:55,1850814,3352.000,498.000,7729.000,-48.000,-11.000,7.000,0.000,0.000,0
2026-01-31 12:02:55,1850854,3354.000,439.000,7729.000,1.000,1.000,-33.000,0.000,0.000,0
2026-01-31 12:02:55,1850894,3407.000,446.000,7705.000,5.000,37.000,-28.000,0.000,0.000,0
2026-01-31 12:02:55,1850934,3352.000,381.000,7656.000,9.000,28.000,-14.000,0.000,0.000,0
2026-01-31 12:02:55,1850974,3377.000,466.000,7707.000,1.000,-17.000,18.000,0.000,0.000,0
2026-01-31 12:02:55,1851014,3374.000,412.000,7719.000,-58.000,-12.000,50.000,0.000,0.000,0
2026-01-31 12:02:55,1851054,3432.000,517.000,7737.000,40.000,6.000,23.000,0.000,0.000,0
2026-01-31 12:02:55,1851094,3326.000,453.000,7687.000,4.000,60.000,7.000,0.000,0.000,0
2026-01-31 12:02:55,1851134,3370.000,491.000,7712.000,47.000,-4.000,-16.000,0.000,0.000,0
2026-01-31 12:02:55,1851174,3396.000,376.000,7683.000,-55.000,-14.000,23.000,0.000,0.000,0
2026-01-31 12:02:55,1851214,3370.000,498.000,7732.000,17.000,0.000,9.000,0.000,0.000,0
2026-01-31 12:02:55,1851254,3380.000,452.000,7716.000,-29.000,9.000,7.000,0.000,0.000,0
2026-01-31 12:02:55,1851294,3402.000,462.000,7715.000,16.000,22.000,-8.000,0.000,0.000,0
2026-01-31 12:02:55,1851334,3334.000,454.000,7679.000,5.000,35.000,-3.000,0.000,0.000,0
2026-01-31 12:02:55,1851374,3398.000,446.000,7720.000,-27.000,-9.000,10.000,0.000,0.000,0
2026-01-31 12:02:56,1851414,3363.000,399.000,7707.000,-18.000,18.000,19.000,0.000,0.000,0
2026-01-31 12:02:56,1851454,3377.000,455.000,7704.000,22.000,30.000,5.000,0.000,0.000,0
2026-01-31 12:02:56,1851494,3322.000,458.000,7656.000,3.000,21.000,14.000,0.000,0.000,0
2026-01-31 12:02:56,1851534,3428.000,443.000,7731.000,-44.000,-47.000,-1.000,0.000,0.000,0
2026-01-31 12:02:56,1851574,3405.000,419.000,7725.000,5.000,6.000,0.000,0.000,0.000,0
2026-01-31 12:02:56,1851614,3360.000,427.000,7713.000,15.000,41.000,-7.000,0.000,0.000,0
2026-01-31 12:02:56,1851654,3353.000,478.000,7678.000,5.000,35.000,18.000,0.000,0.000,0
2026-01-31 12:02:56,1851694,3360.000,436.000,7689.000,-35.000,4.000,22.000,0.000,0.000,0
2026-01-31 12:02:56,1851734,3382.000,490.000,7702.000,6.000,-6.000,2.000,0.000,0.000,0
2026-01-31 12:02:56,1851774,3387.000,434.000,7724.000,-30.000,0.000,-4.000,0.000,0.000,0
2026-01-31 12:02:56,1851814,3374.000,425.000,7699.000,15.000,20.000,-11.000,0.000,0.000,0
2026-01-31 12:02:56,1851855,3341.000,452.000,7684.000,-9.000,22.000,12.000,0.000,0.000,0
2026-01-31 12:02:56,1851895,3377.000,461.000,7689.000,-24.000,-17.000,12.000,0.000,0.000,0
2026-01-31 12:02:56,1851935,3445.000,433.000,7736.000,-13.000,-21.000,-13.000,0.000,0.000,0
2026-01-31 12:02:56,1851974,3364.000,406.000,7706.000,31.000,36.000,-30.000,0.000,0.000,0
2026-01-31 12:02:56,1852014,3320.000,449.000,7700.000,-13.000,27.000,-4.000,0.000,0.000,0
2026-01-31 12:02:56,1852054,3398.000,496.000,7736.000,-27.000,-7.000,44.000,0.000,0.000,0
2026-01-31 12:02:56,1852094,3354.000,474.000,7688.000,-35.000,35.000,27.000,0.000,0.000,0
2026-01-31 12:02:56,1852134,3389.000,507.000,7684.000,46.000,42.000,-47.000,0.000,0.000,0
2026-01-31 12:02:56,1852174,3412.000,419.000,7667.000,-19.000,13.000,-36.000,0.000,0.000,0
2026-01-31 12:02:56,1852214,3395.000,347.000,7705.000,-6.000,-12.000,-13.000,0.000,0.000,0
2026-01-31 12:02:56,1852254,3381.000,390.000,7743.000,4.000,15.000,43.000,0.000,0.000,0
2026-01-31 12:02:56,1852294,3338.000,518.000,7717.000,0.000,55.000,70.000,0.000,0.000,0
2026-01-31 12:02:56,1852334,3364.000,516.000,7677.000,26.000,53.000,-9.000,0.000,0.000,0
2026-01-31 12:02:56,1852374,3373.000,463.000,7664.000,22.000,32.000,-50.000,0.000,0.000,0
2026-01-31 12:02:57,1852414,3352.000,398.000,7684.000,17.000,1.000,-41.000,0.000,0.000,0
2026-01-31 12:02:57,1852454,3437.000,344.000,7708.000,-9.000,-21.000,2.000,0.000,0.000,0
2026-01-31 12:02:57,1852494,3380.000,406.000,7728.000,28.000,17.000,53.000,0.000,0.000,0
2026-01-31 12:02:57,1852534,3326.000,510.000,7728.000,3.000,23.000,68.000,0.000,0.000,0
2026-01-31 12:02:57,1852574,3297.000,538.000,7705.000,24.000,21.000,29.000,0.000,0.000,0
2026-01-31 12:02:57,1852614,3329.000,572.000,7687.000,20.000,8.000,-19.000,0.000,0.000,0
2026-01-31 12:02:57,1852654,3328.000,481.000,7678.000,-22.000,-19.000,-44.000,0.000,0.000,0
2026-01-31 12:02:57,1852694,3482.000,357.000,7739.000,-16.000,-33.000,-48.000,0.000,0.000,0
2026-01-31 12:02:57,1852734,3431.000,386.000,7739.000,21.000,38.000,16.000,0.000,0.000,0
2026-01-31 12:02:57,1852774,3360.000,430.000,7659.000,20.000,74.000,46.000,0.000,0.000,0
2026-01-31 12:02:57,1852814,3336.000,557.000,7632.000,34.000,21.000,51.000,0.000,0.000,0
2026-01-31 12:02:57,1852854,3350.000,492.000,7673.000,-39.000,-49.000,10.000,0.000,0.000,0
2026-01-31 12:02:57,1852894,3346.000,450.000,7758.000,-1.000,-63.000,-48.000,0.000,0.000,0
2026-01-31 12:02:57,1852934,3438.000,439.000,7793.000,-8.000,-6.000,-30.000,0.000,0.000,0
2026-01-31 12:02:57,1852974,3359.000,440.000,7723.000,6.000,76.000,12.000,0.000,0.000,0
2026-01-31 12:02:57,1853014,3385.000,511.000,7643.000,48.000,74.000,13.000,0.000,0.000,0
2026-01-31 12:02:57,1853054,3330.000,476.000,7623.000,0.000,21.000,-11.000,0.000,0.000,0
2026-01-31 12:02:57,1853094,3459.000,406.000,7765.000,-48.000,-96.000,-15.000,0.000,0.000,0
2026-01-31 12:02:57,1853134,3375.000,377.000,7780.000,-36.000,8.000,28.000,0.000,0.000,0
2026-01-31 12:02:57,1853174,3334.000,502.000,7756.000,37.000,62.000,28.000,0.000,0.000,0
2026-01-31 12:02:57,1853214,3330.000,543.000,7700.000,-28.000,68.000,29.000,0.000,0.000,0
2026-01-31 12:02:57,1853254,3372.000,493.000,7672.000,11.000,46.000,-33.000,0.000,0.000,0
2026-01-31 12:02:57,1853294,3394.000,468.000,7642.000,-11.000,39.000,-44.000,0.000,0.000,0
2026-01-31 12:02:57,1853334,3423.000,385.000,7653.000,-12.000,-11.000,-32.000,0.000,0.000,0
2026-01-31 12:02:57,1853374,3452.000,389.000,7703.000,-37.000,-25.000,28.000,0.000,0.000,0
2026-01-31 12:02:58,1853414,3351.000,385.000,7685.000,-17.000,10.000,65.000,0.000,0.000,0
2026-01-31 12:02:58,1853454,3317.000,540.000,7735.000,15.000,-19.000,52.000,0.000,0.000,0
2026-01-31 12:02:58,1853494,3323.000,494.000,7748.000,-30.000,-17.000,7.000,0.000,0.000,0
2026-01-31 12:02:58,1853534,3384.000,483.000,7735.000,7.000,36.000,-40.000,0.000,0.000,0
2026-01-31 12:02:58,1853574,3361.000,455.000,7670.000,20.000,50.000,-55.000,0.000,0.000,0
2026-01-31 12:02:58,1853614,3416.000,403.000,7688.000,-21.000,-1.000,-33.000,0.000,0.000,0
2026-01-31 12:02:58,1853654,3487.000,393.000,7693.000,-4.000,5.000,32.000,0.000,0.000,0
2026-01-31 12:02:58,1853694,3408.000,430.000,7668.000,17.000,49.000,48.000,0.000,0.000,0
2026-01-31 12:02:58,1853734,3311.000,491.000,7662.000,30.000,20.000,26.000,0.000,0.000,0
2026-01-31 12:02:58,1853774,3409.000,472.000,7717.000,-50.000,-43.000,42.000,0.000,0.000,0
2026-01-31 12:02:58,1853814,3350.000,472.000,7746.000,-32.000,-13.000,36.000,0.000,0.000,0
2026-01-31 12:02:58,1853855,3388.000,487.000,7762.000,-2.000,29.000,-32.000,0.000,0.000,0
2026-01-31 12:02:58,1853894,3370.000,413.000,7717.000,-2.000,77.000,-27.000,0.000,0.000,0
2026-01-31 12:02:58,1853934,3360.000,437.000,7666.000,28.000,78.000,-14.000,0.000,0.000,0
2026-01-31 12:02:58,1853974,3409.000,433.000,7666.000,-18.000,23.000,16.000,0.000,0.000,0
2026-01-31 12:02:58,1854015,3350.000,433.000,7687.000,-20.000,11.000,40.000,0.000,0.000,0
2026-01-31 12:02:58,1854054,3381.000,436.000,7700.000,-3.000,6.000,35.000,0.000,0.000,0
2026-01-31 12:02:58,1854094,3359.000,472.000,7694.000,10.000,17.000,21.000,0.000,0.000,0
2026-01-31 12:02:58,1854134,3329.000,464.000,7725.000,-8.000,-7.000,14.000,0.000,0.000,0
2026-01-31 12:02:58,1854174,3344.000,478.000,7743.000,-25.000,-5.000,7.000,0.000,0.000,0
2026-01-31 12:02:58,1854214,3370.000,487.000,7693.000,-9.000,27.000,-3.000,0.000,0.000,0
2026-01-31 12:02:58,1854254,3339.000,484.000,7643.000,-5.000,18.000,-26.000,0.000,0.000,0
2026-01-31 12:02:58,1854294,3384.000,433.000,7676.000,-39.000,-45.000,-33.000,0.000,0.000,0
2026-01-31 12:02:58,1854334,3439.000,388.000,7728.000,-39.000,-58.000,-10.000,0.000,0.000,0
2026-01-31 12:02:58,1854374,3386.000,388.000,7749.000,-6.000,0.000,28.000,0.000,0.000,0
2026-01-31 12:02:59,1854414,3330.000,473.000,7717.000,2.000,39.000,44.000,0.000,0.000,0
2026-01-31 12:02:59,1854454,3342.000,502.000,7692.000,-17.000,23.000,32.000,0.000,0.000,0
2026-01-31 12:02:59,1854494,3383.000,475.000,7686.000,-25.000,1.000,-22.000,0.000,0.000,0
2026-01-31 12:02:59,1854534,3455.000,421.000,7701.000,16.000,6.000,-50.000,0.000,0.000,0
2026-01-31 12:02:59,1854574,3332.000,382.000,7659.000,26.000,35.000,-41.000,0.000,0.000,0
2026-01-31 12:02:59,1854614,3435.000,420.000,7719.000,-50.000,-48.000,40.000,0.000,0.000,0
2026-01-31 12:02:59,1854654,3386.000,467.000,7714.000,-24.000,-14.000,56.000,0.000,0.000,0
2026-01-31 12:02:59,1854694,3342.000,523.000,7742.000,1.000,11.000,6.000,0.000,0.000,0
2026-01-31 12:02:59,1854734,3405.000,438.000,7721.000,-13.000,31.000,-32.000,0.000,0.000,0
2026-01-31 12:02:59,1854774,3356.000,390.000,7692.000,31.000,67.000,-35.000,0.000,0.000,0
2026-01-31 12:02:59,1854814,3361.000,434.000,7677.000,-8.000,28.000,13.000,0.000,0.000,0
2026-01-31 12:02:59,1854854,3410.000,418.000,7696.000,-41.000,-8.000,36.000,0.000,0.000,0
2026-01-31 12:02:59,1854894,3397.000,431.000,7695.000,-1.000,16.000,16.000,0.000,0.000,0
2026-01-31 12:02:59,1854934,3397.000,443.000,7694.000,21.000,21.000,-4.000,0.000,0.000,0
2026-01-31 12:02:59,1854974,3361.000,429.000,7694.000,-5.000,2.000,8.000,0.000,0.000,0
2026-01-31 12:02:59,1855014,3366.000,455.000,7719.000,-15.000,-15.000,15.000,0.000,0.000,0
2026-01-31 12:02:59,1855054,3411.000,469.000,7738.000,-22.000,1.000,6.000,0.000,0.000,0
2026-01-31 12:02:59,1855094,3392.000,424.000,7719.000,10.000,36.000,-22.000,0.000,0.000,0
2026-01-31 12:02:59,1855134,3355.000,441.000,7697.000,35.000,58.000,-16.000,0.000,0.000,0
2026-01-31 12:02:59,1855174,3360.000,445.000,7685.000,-16.000,22.000,18.000,0.000,0.000,0
2026-01-31 12:02:59,1855214,3420.000,420.000,7708.000,-24.000,2.000,29.000,0.000,0.000,0
2026-01-31 12:02:59,1855254,3389.000,450.000,7698.000,7.000,40.000,28.000,0.000,0.000,0
2026-01-31 12:02:59,1855294,3287.000,465.000,7658.000,7.000,33.000,5.000,0.000,0.000,0
2026-01-31 12:02:59,1855334,3382.000,453.000,7706.000,-15.000,-38.000,-4.000,0.000,0.000,0
2026-01-31 12:02:59,1855374,3367.000,425.000,7740.000,-42.000,-30.000,13.000,0.000,0.000,0
2026-01-31 12:03:00,1855414,3448.000,447.000,7761.000,7.000,13.000,-17.000,0.000,0.000,0
2026-01-31 12:03:00,1855454,3341.000,409.000,7695.000,37.000,75.000,-11.000,0.000,0.000,0
2026-01-31 12:03:00,1855494,3344.000,481.000,7657.000,17.000,46.000,12.000,0.000,0.000,0
2026-01-31 12:03:00,1855534,3417.000,432.000,7675.000,-60.000,-18.000,25.000,0.000,0.000,0
2026-01-31 12:03:00,1855574,3416.000,324.000,7799.000,-45.000,16.000,-21.000,0.000,0.000,0
2026-01-31 12:03:00,1855614,3370.000,515.000,7653.000,106.000,33.000,-21.000,0.000,0.000,0
2026-01-31 12:03:00,1855654,3317.000,445.000,7685.000,-9.000,3.000,1.000,0.000,0.000,0
2026-01-31 12:03:00,1855694,3390.000,443.000,7704.000,-18.000,-40.000,23.000,0.000,0.000,0
2026-01-31 12:03:00,1855734,3343.000,346.000,7719.000,-70.000,-11.000,36.000,0.000,0.000,0
2026-01-31 12:03:00,1855774,3375.000,480.000,7690.000,-25.000,5.000,11.000,0.000,0.000,0
2026-01-31 12:03:00,1855814,3392.000,454.000,7677.000,-12.000,-9.000,2.000,0.000,0.000,0
2026-01-31 12:03:00,1855854,3412.000,413.000,7678.000,-1.000,-24.000,-29.000,0.000,0.000,0
2026-01-31 12:03:00,1855894,3433.000,408.000,7735.000,13.000,-20.000,-12.000,0.000,0.000,0
2026-01-31 12:03:00,1855934,3425.000,382.000,7735.000,-16.000,19.000,38.000,0.000,0.000,0
2026-01-31 12:03:00,1855974,3379.000,448.000,7698.000,40.000,66.000,36.000,0.000,0.000,0
2026-01-31 12:03:00,1856015,3365.000,488.000,7664.000,21.000,57.000,28.000,0.000,0.000,0
2026-01-31 12:03:00,1856054,3340.000,504.000,7665.000,2.000,10.000,-2.000,0.000,0.000,0
2026-01-31 12:03:00,1856094,3409.000,450.000,7722.000,-20.000,-28.000,-36.000,0.000,0.000,0
2026-01-31 12:03:00,1856134,3432.000,365.000,7746.000,19.000,22.000,-40.000,0.000,0.000,0
2026-01-31 12:03:00,1856174,3373.000,428.000,7695.000,32.000,65.000,40.000,0.000,0.000,0
2026-01-31 12:03:00,1856214,3340.000,504.000,7659.000,21.000,46.000,61.000,0.000,0.000,0
2026-01-31 12:03:00,1856254,3362.000,508.000,7676.000,-14.000,5.000,17.000,0.000,0.000,0
2026-01-31 12:03:00,1856294,3390.000,454.000,7720.000,19.000,-7.000,-24.000,0.000,0.000,0
2026-01-31 12:03:00,1856334,3314.000,394.000,7740.000,23.000,16.000,-36.000,0.000,0.000,0
2026-01-31 12:03:00,1856374,3378.000,467.000,7735.000,31.000,24.000,20.000,0.000,0.000,0
2026-01-31 12:03:01,1856414,3396.000,505.000,7685.000,-21.000,57.000,64.000,0.000,0.000,0
2026-01-31 12:03:01,1856454,3357.000,529.000,7625.000,36.000,40.000,6.000,0.000,0.000,0
2026-01-31 12:03:01,1856494,3395.000,494.000,7661.000,4.000,-18.000,-38.000,0.000,0.000,0
2026-01-31 12:03:01,1856534,3367.000,391.000,7754.000,-21.000,-40.000,-29.000,0.000,0.000,0
2026-01-31 12:03:01,1856574,3391.000,433.000,7743.000,-15.000,-4.000,43.000,0.000,0.000,0
2026-01-31 12:03:01,1856614,3308.000,487.000,7711.000,12.000,41.000,42.000,0.000,0.000,0
2026-01-31 12:03:01,1856654,3367.000,563.000,7674.000,14.000,19.000,-3.000,0.000,0.000,0
2026-01-31 12:03:01,1856694,3391.000,450.000,7701.000,-20.000,1.000,-53.000,0.000,0.000,0
2026-01-31 12:03:01,1856734,3376.000,424.000,7703.000,15.000,4.000,-62.000,0.000,0.000,0
2026-01-31 12:03:01,1856774,3384.000,422.000,7726.000,-23.000,20.000,7.000,0.000,0.000,0
2026-01-31 12:03:01,1856814,3415.000,459.000,7704.000,-1.000,35.000,39.000,0.000,0.000,0
2026-01-31 12:03:01,1856854,3391.000,522.000,7656.000,27.000,53.000,29.000,0.000,0.000,0
2026-01-31 12:03:01,1856894,3324.000,513.000,7616.000,-24.000,24.000,9.000,0.000,0.000,0
2026-01-31 12:03:01,1856934,3394.000,459.000,7701.000,-32.000,-18.000,-7.000,0.000,0.000,0
2026-01-31 12:03:01,1856974,3374.000,373.000,7724.000,-31.000,-20.000,18.000,0.000,0.000,0
2026-01-31 12:03:01,1857014,3342.000,488.000,7730.000,10.000,2.000,31.000,0.000,0.000,0
2026-01-31 12:03:01,1857054,3412.000,500.000,7715.000,-38.000,-4.000,27.000,0.000,0.000,0
2026-01-31 12:03:01,1857094,3441.000,454.000,7696.000,16.000,34.000,-20.000,0.000,0.000,0
2026-01-31 12:03:01,1857134,3303.000,431.000,7684.000,49.000,56.000,-60.000,0.000,0.000,0
2026-01-31 12:03:01,1857174,3389.000,462.000,7721.000,-23.000,-2.000,4.000,0.000,0.000,0
2026-01-31 12:03:01,1857214,3446.000,438.000,7724.000,-59.000,28.000,66.000,0.000,0.000,0
2026-01-31 12:03:01,1857254,3374.000,525.000,7669.000,38.000,85.000,27.000,0.000,0.000,0
2026-01-31 12:03:01,1857294,3302.000,540.000,7612.000,27.000,54.000,-23.000,0.000,0.000,0
2026-01-31 12:03:01,1857334,3397.000,385.000,7718.000,-60.000,-82.000,-19.000,0.000,0.000,0
2026-01-31 12:03:01,1857374,3416.000,367.000,7768.000,-27.000,-39.000,22.000,0.000,0.000,0
2026-01-31 12:03:02,1857414,3352.000,466.000,7750.000,24.000,40.000,32.000,0.000,0.000,0
2026-01-31 12:03:02,1857454,3315.000,510.000,7698.000,-9.000,56.000,32.000,0.000,0.000,0
2026-01-31 12:03:02,1857494,3373.000,500.000,7662.000,9.000,25.000,-12.000,0.000,0.000,0
2026-01-31 12:03:02,1857534,3389.000,475.000,7652.000,0.000,2.000,-41.000,0.000,0.000,0
2026-01-31 12:03:02,1857574,3383.000,421.000,7710.000,-27.000,-31.000,-35.000,0.000,0.000,0
2026-01-31 12:03:02,1857614,3418.000,403.000,7723.000,-26.000,-22.000,7.000,0.000,0.000,0
2026-01-31 12:03:02,1857654,3374.000,437.000,7687.000,-11.000,23.000,39.000,0.000,0.000,0
2026-01-31 12:03:02,1857694,3366.000,534.000,7700.000,-1.000,-3.000,26.000,0.000,0.000,0
2026-01-31 12:03:02,1857734,3353.000,461.000,7695.000,-35.000,-29.000,-10.000,0.000,0.000,0
2026-01-31 12:03:02,1857774,3399.000,449.000,7741.000,-5.000,-13.000,-44.000,0.000,0.000,0
2026-01-31 12:03:02,1857814,3416.000,412.000,7703.000,-4.000,11.000,-22.000,0.000,0.000,0
2026-01-31 12:03:02,1857855,3407.000,453.000,7675.000,-1.000,11.000,0.000,0.000,0.000,0
2026-01-31 12:03:02,1857894,3429.000,422.000,7653.000,-38.000,2.000,-8.000,0.000,0.000,0
2026-01-31 12:03:02,1857934,3339.000,523.000,7654.000,13.000,-11.000,-4.000,0.000,0.000,0
2026-01-31 12:03:02,1857974,3387.000,424.000,7703.000,-92.000,-70.000,-6.000,0.000,0.000,0
2026-01-31 12:03:02,1858015,3450.000,433.000,7748.000,-9.000,-50.000,-25.000,0.000,0.000,0
2026-01-31 12:03:02,1858054,3354.000,447.000,7733.000,-19.000,21.000,4.000,0.000,0.000,0
2026-01-31 12:03:02,1858094,3429.000,494.000,7685.000,-12.000,22.000,-9.000,0.000,0.000,0
2026-01-31 12:03:02,1858134,3413.000,449.000,7670.000,-17.000,23.000,-43.000,0.000,0.000,0
2026-01-31 12:03:02,1858174,3468.000,396.000,7698.000,-3.000,15.000,-43.000,0.000,0.000,0
2026-01-31 12:03:02,1858214,3395.000,376.000,7673.000,-7.000,41.000,6.000,0.000,0.000,0
2026-01-31 12:03:02,1858254,3419.000,441.000,7659.000,3.000,18.000,31.000,0.000,0.000,0
2026-01-31 12:03:02,1858294,3370.000,468.000,7646.000,-21.000,0.000,36.000,0.000,0.000,0
2026-01-31 12:03:02,1858334,3386.000,509.000,7675.000,-14.000,-49.000,10.000,0.000,0.000,0
2026-01-31 12:03:02,1858374,3449.000,430.000,7740.000,-41.000,-48.000,-24.000,0.000,0.000,0
2026-01-31 12:03:03,1858414,3409.000,411.000,7755.000,26.000,30.000,-28.000,0.000,0.000,0
2026-01-31 12:03:03,1858454,3412.000,398.000,7702.000,15.000,76.000,11.000,0.000,0.000,0
2026-01-31 12:03:03,1858494,3351.000,489.000,7644.000,-1.000,39.000,31.000,0.000,0.000,0
2026-01-31 12:03:03,1858534,3381.000,475.000,7673.000,-22.000,-15.000,11.000,0.000,0.000,0
2026-01-31 12:03:03,1858574,3411.000,463.000,7706.000,-4.000,-10.000,-5.000,0.000,0.000,0
2026-01-31 12:03:03,1858614,3366.000,441.000,7680.000,-12.000,7.000,-8.000,0.000,0.000,0
2026-01-31 12:03:03,1858654,3430.000,464.000,7705.000,2.000,-25.000,-4.000,0.000,0.000,0
2026-01-31 12:03:03,1858694,3426.000,383.000,7701.000,-14.000,18.000,6.000,0.000,0.000,0
2026-01-31 12:03:03,1858734,3386.000,503.000,7674.000,43.000,43.000,7.000,0.000,0.000,0
2026-01-31 12:03:03,1858774,3390.000,450.000,7656.000,-54.000,-2.000,11.000,0.000,0.000,0
2026-01-31 12:03:03,1858814,3435.000,451.000,7687.000,-6.000,-35.000,-9.000,0.000,0.000,0
2026-01-31 12:03:03,1858854,3406.000,436.000,7709.000,-31.000,-4.000,2.000,0.000,0.000,0
2026-01-31 12:03:03,1858894,3462.000,381.000,7715.000,0.000,9.000,-18.000,0.000,0.000,0
2026-01-31 12:03:03,1858934,3398.000,403.000,7708.000,25.000,45.000,9.000,0.000,0.000,0
2026-01-31 12:03:03,1858974,3421.000,420.000,7691.000,8.000,39.000,39.000,0.000,0.000,0
2026-01-31 12:03:03,1859014,3371.000,493.000,7672.000,3.000,44.000,51.000,0.000,0.000,0
2026-01-31 12:03:03,1859054,3414.000,480.000,7670.000,20.000,18.000,-2.000,0.000,0.000,0
2026-01-31 12:03:03,1859094,3414.000,450.000,7688.000,8.000,14.000,-20.000,0.000,0.000,0
2026-01-31 12:03:03,1859134,3417.000,403.000,7694.000,12.000,12.000,-18.000,0.000,0.000,0
2026-01-31 12:03:03,1859174,3404.000,438.000,7705.000,19.000,16.000,9.000,0.000,0.000,0
2026-01-31 12:03:03,1859214,3403.000,467.000,7695.000,5.000,24.000,30.000,0.000,0.000,0
2026-01-31 12:03:03,1859254,3393.000,482.000,7691.000,22.000,35.000,1.000,0.000,0.000,0
2026-01-31 12:03:03,1859294,3384.000,450.000,7675.000,21.000,33.000,-11.000,0.000,0.000,0
2026-01-31 12:03:03,1859334,3373.000,437.000,7685.000,12.000,13.000,-9.000,0.000,0.000,0
2026-01-31 12:03:03,1859374,3411.000,416.000,7705.000,4.000,3.000,10.000,0.000,0.000,0
2026-01-31 12:03:04,1859414,3365.000,445.000,7690.000,16.000,27.000,13.000,0.000,0.000,0
2026-01-31 12:03:04,1859454,3412.000,504.000,7698.000,24.000,20.000,13.000,0.000,0.000,0
2026-01-31 12:03:04,1859494,3410.000,491.000,7691.000,20.000,25.000,4.000,0.000,0.000,0
2026-01-31 12:03:04,1859534,3383.000,416.000,7692.000,44.000,28.000,-33.000,0.000,0.000,0
2026-01-31 12:03:04,1859574,3377.000,469.000,7671.000,25.000,35.000,7.000,0.000,0.000,0
2026-01-31 12:03:04,1859614,3410.000,446.000,7693.000,-17.000,-12.000,38.000,0.000,0.000,0
2026-01-31 12:03:04,1859654,3354.000,512.000,7696.000,36.000,30.000,11.000,0.000,0.000,0
2026-01-31 12:03:04,1859694,3381.000,519.000,7683.000,39.000,6.000,-28.000,0.000,0.000,0
2026-01-31 12:03:04,1859734,3365.000,462.000,7678.000,24.000,-9.000,-30.000,0.000,0.000,0
2026-01-31 12:03:04,1859774,3410.000,433.000,7703.000,32.000,-27.000,-25.000,0.000,0.000,0
2026-01-31 12:03:04,1859814,3417.000,517.000,7716.000,188.000,-13.000,-45.000,0.000,0.000,0
2026-01-31 12:03:04,1859872,3380.000,424.000,7653.000,132.000,26.000,-36.000,0.000,0.000,0
2026-01-31 12:03:04,1859894,3404.000,413.000,7635.000,209.000,1.000,-41.000,0.000,0.000,0
2026-01-31 12:03:04,1859937,3428.000,487.000,7678.000,412.000,-56.000,-56.000,0.000,0.000,0
2026-01-31 12:03:04,1859974,3463.000,757.000,7719.000,393.000,-36.000,-58.000,0.000,0.000,0
2026-01-31 12:03:04,1860016,3336.000,634.000,7649.000,-73.000,41.000,31.000,0.000,0.000,0
2026-01-31 12:03:04,1860054,3430.000,659.000,7667.000,64.000,-9.000,-43.000,0.000,0.000,0
2026-01-31 12:03:04,1860094,3400.000,614.000,7683.000,-52.000,17.000,-26.000,0.000,0.000,0
2026-01-31 12:03:04,1860134,3384.000,554.000,7690.000,-19.000,11.000,-15.000,0.000,0.000,0
2026-01-31 12:03:04,1860174,3461.000,584.000,7681.000,-14.000,24.000,0.000,0.000,0.000,0
2026-01-31 12:03:04,1860214,3370.000,613.000,7645.000,-19.000,63.000,24.000,0.000,0.000,0
2026-01-31 12:03:04,1860254,3422.000,597.000,7648.000,12.000,11.000,9.000,0.000,0.000,0
2026-01-31 12:03:04,1860294,3326.000,657.000,7673.000,1.000,19.000,15.000,0.000,0.000,0
2026-01-31 12:03:04,1860334,3397.000,624.000,7707.000,-93.000,-16.000,14.000,0.000,0.000,0
2026-01-31 12:03:04,1860374,3505.000,597.000,7712.000,6.000,25.000,-4.000,0.000,0.000,0
2026-01-31 12:03:05,1860414,3341.000,581.000,7646.000,-28.000,66.000,-27.000,0.000,0.000,0
2026-01-31 12:03:05,1860454,3373.000,602.000,7636.000,43.000,-1.000,-38.000,0.000,0.000,0
2026-01-31 12:03:05,1860494,3414.000,607.000,7684.000,-81.000,-27.000,11.000,0.000,0.000,0
2026-01-31 12:03:05,1860534,3432.000,545.000,7693.000,-35.000,-2.000,22.000,0.000,0.000,0
2026-01-31 12:03:05,1860574,3376.000,635.000,7691.000,59.000,19.000,-12.000,0.000,0.000,0
2026-01-31 12:03:05,1860614,3341.000,701.000,7635.000,-18.000,21.000,0.000,0.000,0.000,0
2026-01-31 12:03:05,1860654,3482.000,624.000,7694.000,-25.000,-40.000,-30.000,0.000,0.000,0
2026-01-31 12:03:05,1860694,3407.000,656.000,7670.000,-25.000,-1.000,-24.000,0.000,0.000,0
2026-01-31 12:03:05,1860734,3411.000,551.000,7701.000,-23.000,22.000,-11.000,0.000,0.000,0
2026-01-31 12:03:05,1860774,3380.000,612.000,7652.000,19.000,29.000,-17.000,0.000,0.000,0
2026-01-31 12:03:05,1860814,3434.000,649.000,7675.000,-27.000,-12.000,14.000,0.000,0.000,0
2026-01-31 12:03:05,1860854,3396.000,557.000,7669.000,-62.000,-6.000,4.000,0.000,0.000,0
2026-01-31 12:03:05,1860894,3435.000,642.000,7691.000,40.000,4.000,-17.000,0.000,0.000,0
2026-01-31 12:03:05,1860934,3355.000,568.000,7662.000,-47.000,19.000,-4.000,0.000,0.000,0
2026-01-31 12:03:05,1860974,3415.000,591.000,7688.000,-3.000,-12.000,-2.000,0.000,0.000,0
2026-01-31 12:03:05,1861014,3449.000,601.000,7699.000,-14.000,12.000,21.000,0.000,0.000,0
2026-01-31 12:03:05,1861054,3371.000,589.000,7671.000,29.000,42.000,4.000,0.000,0.000,0
2026-01-31 12:03:05,1861094,3366.000,658.000,7653.000,-14.000,25.000,12.000,0.000,0.000,0
2026-01-31 12:03:05,1861134,3440.000,554.000,7684.000,-59.000,-13.000,9.000,0.000,0.000,0
2026-01-31 12:03:05,1861174,3358.000,641.000,7696.000,30.000,9.000,7.000,0.000,0.000,0
2026-01-31 12:03:05,1861214,3442.000,586.000,7689.000,-31.000,8.000,9.000,0.000,0.000,0
2026-01-31 12:03:05,1861254,3375.000,606.000,7652.000,4.000,39.000,-4.000,0.000,0.000,0
2026-01-31 12:03:05,1861294,3410.000,600.000,7667.000,-11.000,5.000,-15.000,0.000,0.000,0
2026-01-31 12:03:05,1861334,3452.000,557.000,7667.000,-7.000,-5.000,2.000,0.000,0.000,0
2026-01-31 12:03:05,1861374,3347.000,612.000,7653.000,-9.000,14.000,13.000,0.000,0.000,0
2026-01-31 12:03:06,1861414,3430.000,577.000,7675.000,-33.000,-25.000,0.000,0.000,0.000,0
2026-01-31 12:03:06,1861454,3413.000,605.000,7681.000,5.000,-19.000,2.000,0.000,0.000,0
2026-01-31 12:03:06,1861494,3390.000,574.000,7705.000,-33.000,-12.000,0.000,0.000,0.000,0
2026-01-31 12:03:06,1861534,3410.000,624.000,7711.000,7.000,10.000,7.000,0.000,0.000,0
2026-01-31 12:03:06,1861574,3419.000,557.000,7652.000,-12.000,41.000,-9.000,0.000,0.000,0
2026-01-31 12:03:06,1861614,3405.000,626.000,7643.000,29.000,24.000,-9.000,0.000,0.000,0
2026-01-31 12:03:06,1861654,3388.000,576.000,7648.000,-45.000,-13.000,-2.000,0.000,0.000,0
2026-01-31 12:03:06,1861694,3460.000,569.000,7694.000,-19.000,-25.000,-2.000,0.000,0.000,0
2026-01-31 12:03:06,1861734,3425.000,543.000,7681.000,-5.000,19.000,6.000,0.000,0.000,0
2026-01-31 12:03:06,1861774,3404.000,602.000,7668.000,14.000,27.000,9.000,0.000,0.000,0
2026-01-31 12:03:06,1861814,3440.000,593.000,7660.000,1.000,9.000,16.000,0.000,0.000,0
2026-01-31 12:03:06,1861855,3363.000,605.000,7659.000,7.000,25.000,0.000,0.000,0.000,0
2026-01-31 12:03:06,1861894,3413.000,596.000,7677.000,-10.000,5.000,-2.000,0.000,0.000,0
2026-01-31 12:03:06,1861934,3424.000,571.000,7679.000,-13.000,7.000,11.000,0.000,0.000,0
2026-01-31 12:03:06,1861974,3401.000,617.000,7678.000,-4.000,25.000,13.000,0.000,0.000,0
2026-01-31 12:03:06,1862015,3423.000,614.000,7680.000,-9.000,28.000,9.000,0.000,0.000,0
2026-01-31 12:03:06,1862054,3401.000,581.000,7659.000,4.000,29.000,-16.000,0.000,0.000,0
2026-01-31 12:03:06,1862094,3393.000,577.000,7673.000,1.000,18.000,-3.000,0.000,0.000,0
2026-01-31 12:03:06,1862134,3419.000,560.000,7678.000,-4.000,1.000,14.000,0.000,0.000,0
2026-01-31 12:03:06,1862174,3398.000,586.000,7681.000,-14.000,14.000,27.000,0.000,0.000,0
2026-01-31 12:03:06,1862214,3407.000,605.000,7660.000,0.000,24.000,21.000,0.000,0.000,0
2026-01-31 12:03:06,1862254,3383.000,598.000,7665.000,8.000,7.000,-4.000,0.000,0.000,0
2026-01-31 12:03:06,1862294,3414.000,598.000,7687.000,-10.000,-9.000,-6.000,0.000,0.000,0
2026-01-31 12:03:06,1862334,3430.000,566.000,7687.000,-19.000,16.000,11.000,0.000,0.000,0
2026-01-31 12:03:06,1862374,3392.000,605.000,7654.000,32.000,33.000,4.000,0.000,0.000,0
2026-01-31 12:03:07,1862414,3400.000,587.000,7666.000,-12.000,11.000,13.000,0.000,0.000,0
2026-01-31 12:03:07,1862454,3420.000,596.000,7675.000,4.000,0.000,14.000,0.000,0.000,0
2026-01-31 12:03:07,1862494,3398.000,608.000,7678.000,-5.000,16.000,6.000,0.000,0.000,0
2026-01-31 12:03:07,1862534,3424.000,581.000,7680.000,19.000,9.000,-13.000,0.000,0.000,0
2026-01-31 12:03:07,1862574,3372.000,599.000,7659.000,4.000,23.000,0.000,0.000,0.000,0
2026-01-31 12:03:07,1862614,3414.000,581.000,7663.000,6.000,-2.000,-6.000,0.000,0.000,0
2026-01-31 12:03:07,1862654,3448.000,620.000,7687.000,22.000,5.000,0.000,0.000,0.000,0
2026-01-31 12:03:07,1862694,3359.000,533.000,7657.000,19.000,25.000,-17.000,0.000,0.000,0
2026-01-31 12:03:07,1862734,3441.000,601.000,7710.000,-19.000,5.000,32.000,0.000,0.000,0
2026-01-31 12:03:07,1862774,3403.000,600.000,7679.000,-11.000,38.000,44.000,0.000,0.000,0
2026-01-31 12:03:07,1862814,3394.000,662.000,7662.000,59.000,49.000,10.000,0.000,0.000,0
2026-01-31 12:03:07,1862854,3396.000,651.000,7638.000,7.000,27.000,-4.000,0.000,0.000,0
2026-01-31 12:03:07,1862894,3398.000,557.000,7660.000,-1.000,-20.000,-23.000,0.000,0.000,0
2026-01-31 12:03:07,1862934,3428.000,576.000,7712.000,2.000,-12.000,-3.000,0.000,0.000,0
2026-01-31 12:03:07,1862974,3365.000,582.000,7707.000,-6.000,17.000,27.000,0.000,0.000,0
2026-01-31 12:03:07,1863014,3407.000,628.000,7689.000,19.000,31.000,19.000,0.000,0.000,0
2026-01-31 12:03:07,1863054,3366.000,671.000,7631.000,24.000,39.000,-1.000,0.000,0.000,0
2026-01-31 12:03:07,1863094,3417.000,622.000,7655.000,-16.000,-11.000,-37.000,0.000,0.000,0
2026-01-31 12:03:07,1863134,3394.000,593.000,7691.000,18.000,-3.000,-17.000,0.000,0.000,0
2026-01-31 12:03:07,1863174,3439.000,545.000,7682.000,-35.000,-2.000,20.000,0.000,0.000,0
2026-01-31 12:03:07,1863214,3379.000,636.000,7680.000,26.000,27.000,38.000,0.000,0.000,0
2026-01-31 12:03:07,1863254,3373.000,674.000,7676.000,-28.000,8.000,23.000,0.000,0.000,0
2026-01-31 12:03:07,1863294,3422.000,621.000,7696.000,-11.000,10.000,-1.000,0.000,0.000,0
2026-01-31 12:03:07,1863334,3388.000,608.000,7676.000,14.000,41.000,-23.000,0.000,0.000,0
2026-01-31 12:03:07,1863374,3410.000,606.000,7639.000,5.000,38.000,-15.000,0.000,0.000,0
2026-01-31 12:03:08,1863414,3414.000,591.000,7636.000,-35.000,-4.000,1.000,0.000,0.000,0
2026-01-31 12:03:08,1863454,3466.000,561.000,7678.000,-19.000,-21.000,14.000,0.000,0.000,0
2026-01-31 12:03:08,1863494,3331.000,631.000,7700.000,13.000,21.000,10.000,0.000,0.000,0
2026-01-31 12:03:08,1863534,3449.000,631.000,7714.000,-54.000,-4.000,38.000,0.000,0.000,0
2026-01-31 12:03:08,1863574,3377.000,639.000,7678.000,-13.000,46.000,25.000,0.000,0.000,0
2026-01-31 12:03:08,1863614,3397.000,651.000,7652.000,14.000,43.000,-25.000,0.000,0.000,0
2026-01-31 12:03:08,1863654,3397.000,588.000,7638.000,-3.000,16.000,-35.000,0.000,0.000,0
2026-01-31 12:03:08,1863694,3407.000,529.000,7667.000,-31.000,-20.000,-12.000,0.000,0.000,0
2026-01-31 12:03:08,1863734,3449.000,566.000,7715.000,-22.000,-12.000,37.000,0.000,0.000,0
2026-01-31 12:03:08,1863774,3380.000,608.000,7696.000,-21.000,33.000,45.000,0.000,0.000,0
2026-01-31 12:03:08,1863814,3368.000,654.000,7663.000,19.000,34.000,8.000,0.000,0.000,0
2026-01-31 12:03:08,1863855,3386.000,657.000,7653.000,-5.000,10.000,-24.000,0.000,0.000,0
2026-01-31 12:03:08,1863894,3427.000,549.000,7682.000,-6.000,0.000,-23.000,0.000,0.000,0
2026-01-31 12:03:08,1863934,3415.000,565.000,7701.000,1.000,22.000,9.000,0.000,0.000,0
2026-01-31 12:03:08,1863974,3413.000,599.000,7658.000,3.000,35.000,41.000,0.000,0.000,0
2026-01-31 12:03:08,1864014,3368.000,638.000,7665.000,-18.000,21.000,37.000,0.000,0.000,0
2026-01-31 12:03:08,1864054,3399.000,636.000,7680.000,-15.000,-4.000,13.000,0.000,0.000,0
2026-01-31 12:03:08,1864094,3395.000,602.000,7709.000,-24.000,23.000,-3.000,0.000,0.000,0
2026-01-31 12:03:08,1864134,3403.000,559.000,7663.000,31.000,45.000,-24.000,0.000,0.000,0
2026-01-31 12:03:08,1864174,3342.000,621.000,7656.000,5.000,28.000,-8.000,0.000,0.000,0
2026-01-31 12:03:08,1864214,3428.000,576.000,7666.000,-52.000,-18.000,11.000,0.000,0.000,0
2026-01-31 12:03:08,1864254,3442.000,612.000,7681.000,19.000,1.000,7.000,0.000,0.000,0
2026-01-31 12:03:08,1864294,3359.000,605.000,7668.000,3.000,6.000,-9.000,0.000,0.000,0
2026-01-31 12:03:08,1864334,3447.000,618.000,7694.000,-32.000,-4.000,10.000,0.000,0.000,0
2026-01-31 12:03:08,1864374,3391.000,554.000,7663.000,-16.000,21.000,19.000,0.000,0.000,0
2026-01-31 12:03:09,1864414,3369.000,648.000,7676.000,27.000,18.000,4.000,0.000,0.000,0
2026-01-31 12:03:09,1864454,3396.000,607.000,7663.000,-44.000,-4.000,17.000,0.000,0.000,0
2026-01-31 12:03:09,1864494,3385.000,613.000,7672.000,-17.000,-14.000,-13.000,0.000,0.000,0
2026-01-31 12:03:09,1864534,3445.000,574.000,7709.000,-13.000,-15.000,-28.000,0.000,0.000,0
2026-01-31 12:03:09,1864574,3390.000,567.000,7685.000,2.000,25.000,-12.000,0.000,0.000,0
2026-01-31 12:03:09,1864614,3383.000,570.000,7672.000,6.000,26.000,-4.000,0.000,0.000,0
2026-01-31 12:03:09,1864654,3425.000,614.000,7648.000,14.000,4.000,22.000,0.000,0.000,0
2026-01-31 12:03:09,1864694,3383.000,574.000,7655.000,-11.000,-8.000,5.000,0.000,0.000,0
2026-01-31 12:03:09,1864734,3424.000,630.000,7701.000,4.000,-17.000,-6.000,0.000,0.000,0
2026-01-31 12:03:09,1864774,3406.000,556.000,7694.000,-21.000,16.000,11.000,0.000,0.000,0
2026-01-31 12:03:09,1864814,3402.000,610.000,7672.000,33.000,27.000,6.000,0.000,0.000,0
2026-01-31 12:03:09,1864854,3384.000,616.000,7664.000,-3.000,27.000,19.000,0.000,0.000,0
2026-01-31 12:03:09,1864894,3393.000,643.000,7632.000,-9.000,4.000,14.000,0.000,0.000,0
2026-01-31 12:03:09,1864934,3410.000,623.000,7659.000,-67.000,-18.000,-20.000,0.000,0.000,0
2026-01-31 12:03:09,1864974,3428.000,576.000,7698.000,-1.000,-28.000,-39.000,0.000,0.000,0
2026-01-31 12:03:09,1865014,3411.000,524.000,7690.000,-26.000,8.000,-10.000,0.000,0.000,0
2026-01-31 12:03:09,1865054,3418.000,614.000,7680.000,-4.000,6.000,22.000,0.000,0.000,0
2026-01-31 12:03:09,1865094,3413.000,612.000,7663.000,12.000,22.000,10.000,0.000,0.000,0
2026-01-31 12:03:09,1865134,3321.000,657.000,7644.000,0.000,20.000,-14.000,0.000,0.000,0
2026-01-31 12:03:09,1865174,3488.000,587.000,7695.000,-36.000,-44.000,-26.000,0.000,0.000,0
2026-01-31 12:03:09,1865214,3422.000,534.000,7695.000,-13.000,12.000,-5.000,0.000,0.000,0
2026-01-31 12:03:09,1865254,3410.000,575.000,7672.000,22.000,38.000,12.000,0.000,0.000,0
2026-01-31 12:03:09,1865294,3414.000,642.000,7644.000,-11.000,22.000,32.000,0.000,0.000,0
2026-01-31 12:03:09,1865334,3401.000,595.000,7635.000,-22.000,-9.000,10.000,0.000,0.000,0
2026-01-31 12:03:09,1865374,3405.000,611.000,7682.000,-11.000,-19.000,-14.000,0.000,0.000,0
2026-01-31 12:03:10,1865414,3417.000,547.000,7712.000,-19.000,-14.000,-9.000,0.000,0.000,0
2026-01-31 12:03:10,1865454,3408.000,576.000,7690.000,-6.000,30.000,10.000,0.000,0.000,0
2026-01-31 12:03:10,1865494,3417.000,591.000,7653.000,12.000,34.000,10.000,0.000,0.000,0
2026-01-31 12:03:10,1865534,3417.000,631.000,7640.000,-7.000,13.000,5.000,0.000,0.000,0
2026-01-31 12:03:10,1865574,3456.000,575.000,7665.000,-8.000,-4.000,-2.000,0.000,0.000,0
2026-01-31 12:03:10,1865614,3406.000,578.000,7661.000,16.000,18.000,-11.000,0.000,0.000,0
2026-01-31 12:03:10,1865654,3402.000,578.000,7679.000,-7.000,5.000,7.000,0.000,0.000,0
2026-01-31 12:03:10,1865694,3412.000,602.000,7693.000,-15.000,3.000,30.000,0.000,0.000,0
2026-01-31 12:03:10,1865734,3414.000,605.000,7691.000,-5.000,19.000,11.000,0.000,0.000,0
2026-01-31 12:03:10,1865774,3438.000,607.000,7677.000,27.000,32.000,-14.000,0.000,0.000,0
2026-01-31 12:03:10,1865814,3399.000,576.000,7655.000,26.000,27.000,-10.000,0.000,0.000,0
2026-01-31 12:03:10,1865855,3427.000,584.000,7652.000,-9.000,7.000,17.000,0.000,0.000,0
2026-01-31 12:03:10,1865894,3447.000,581.000,7692.000,16.000,0.000,21.000,0.000,0.000,0
2026-01-31 12:03:10,1865934,3370.000,592.000,7671.000,46.000,34.000,9.000,0.000,0.000,0
2026-01-31 12:03:10,1865974,3362.000,645.000,7680.000,12.000,12.000,7.000,0.000,0.000,0
2026-01-31 12:03:10,1866015,3453.000,592.000,7694.000,-22.000,1.000,9.000,0.000,0.000,0
2026-01-31 12:03:10,1866054,3411.000,635.000,7687.000,26.000,37.000,2.000,0.000,0.000,0
2026-01-31 12:03:10,1866094,3405.000,609.000,7637.000,21.000,48.000,-9.000,0.000,0.000,0
2026-01-31 12:03:10,1866134,3412.000,596.000,7643.000,20.000,11.000,-20.000,0.000,0.000,0
2026-01-31 12:03:10,1866174,3416.000,580.000,7670.000,-12.000,-11.000,9.000,0.000,0.000,0
2026-01-31 12:03:10,1866214,3422.000,567.000,7699.000,-23.000,-11.000,31.000,0.000,0.000,0
2026-01-31 12:03:10,1866254,3360.000,648.000,7682.000,32.000,29.000,10.000,0.000,0.000,0
2026-01-31 12:03:10,1866294,3378.000,640.000,7659.000,1.000,18.000,1.000,0.000,0.000,0
2026-01-31 12:03:10,1866334,3406.000,637.000,7663.000,3.000,-7.000,-19.000,0.000,0.000,0
2026-01-31 12:03:10,1866374,3449.000,592.000,7678.000,9.000,-15.000,-36.000,0.000,0.000,0
2026-01-31 12:03:11,1866414,3440.000,566.000,7703.000,23.000,14.000,-21.000,0.000,0.000,0
2026-01-31 12:03:11,1866454,3417.000,579.000,7659.000,18.000,47.000,27.000,0.000,0.000,0
2026-01-31 12:03:11,1866494,3393.000,630.000,7649.000,24.000,30.000,45.000,0.000,0.000,0
2026-01-31 12:03:11,1866534,3377.000,673.000,7648.000,-4.000,2.000,39.000,0.000,0.000,0
2026-01-31 12:03:11,1866574,3385.000,637.000,7683.000,11.000,-14.000,1.000,0.000,0.000,0
2026-01-31 12:03:11,1866614,3415.000,590.000,7700.000,-27.000,8.000,-30.000,0.000,0.000,0
2026-01-31 12:03:11,1866654,3444.000,573.000,7678.000,42.000,28.000,-11.000,0.000,0.000,0
2026-01-31 12:03:11,1866694,3422.000,607.000,7652.000,21.000,42.000,26.000,0.000,0.000,0
2026-01-31 12:03:11,1866734,3361.000,615.000,7614.000,34.000,19.000,15.000,0.000,0.000,0
2026-01-31 12:03:11,1866774,3394.000,673.000,7690.000,5.000,-31.000,5.000,0.000,0.000,0
2026-01-31 12:03:11,1866814,3470.000,588.000,7698.000,21.000,-18.000,11.000,0.000,0.000,0
2026-01-31 12:03:11,1866854,3372.000,722.000,7695.000,173.000,32.000,-39.000,0.000,0.000,0
2026-01-31 12:03:11,1866894,3387.000,656.000,7639.000,49.000,41.000,-61.000,0.000,0.000,0
2026-01-31 12:03:11,1866934,3393.000,604.000,7658.000,58.000,15.000,-46.000,0.000,0.000,0
2026-01-31 12:03:11,1866974,3438.000,643.000,7667.000,36.000,-5.000,6.000,0.000,0.000,0
2026-01-31 12:03:11,1867014,3438.000,626.000,7684.000,46.000,15.000,5.000,0.000,0.000,0
2026-01-31 12:03:11,1867054,3347.000,679.000,7652.000,110.000,41.000,-13.000,0.000,0.000,0
2026-01-31 12:03:11,1867094,3458.000,703.000,7665.000,142.000,13.000,-54.000,0.000,0.000,0
2026-01-31 12:03:11,1867134,3513.000,663.000,7740.000,155.000,108.000,-76.000,0.000,0.000,0
2026-01-31 12:03:11,1867174,3506.000,643.000,7693.000,229.000,274.000,-122.000,0.000,0.000,0
2026-01-31 12:03:11,1867214,3432.000,792.000,7619.000,443.000,453.000,-220.000,0.000,0.000,0
2026-01-31 12:03:11,1867254,3331.000,756.000,7555.000,452.000,493.000,-350.000,0.000,0.000,0
2026-01-31 12:03:11,1867294,3296.000,824.000,7789.000,288.000,530.000,-381.000,0.000,0.000,0
2026-01-31 12:03:11,1867334,3308.000,1063.000,7931.000,170.000,621.000,-348.000,0.000,0.000,0
2026-01-31 12:03:11,1867374,3396.000,1268.000,8087.000,78.000,720.000,-368.000,0.000,0.000,0
2026-01-31 12:03:12,1867414,3317.000,1076.000,7876.000,-81.000,1180.000,-685.000,0.000,0.000,0
2026-01-31 12:03:12,1867454,2925.000,796.000,7792.000,57.000,1524.000,-714.000,0.000,0.000,0
2026-01-31 12:03:12,1867494,3000.000,984.000,7967.000,88.000,1649.000,-748.000,0.000,0.000,0
2026-01-31 12:03:12,1867534,2818.000,1204.000,7964.000,173.000,1969.000,-790.000,0.000,0.000,0
2026-01-31 12:03:12,1867574,2389.000,1029.000,7907.000,-103.000,2349.000,-760.000,0.000,0.000,0
2026-01-31 12:03:12,1867614,2136.000,1278.000,8383.000,-48.000,2455.000,-714.000,0.000,0.000,0
2026-01-31 12:03:12,1867654,1554.000,979.000,7756.000,-530.000,2440.000,-531.000,0.000,0.000,0
2026-01-31 12:03:12,1867694,1174.000,1190.000,8345.000,-128.000,2096.000,-524.000,0.000,0.000,0
2026-01-31 12:03:12,1867734,1074.000,783.000,7786.000,-773.000,1273.000,-116.000,0.000,0.000,0
2026-01-31 12:03:12,1867774,988.000,714.000,8310.000,-468.000,342.000,187.000,0.000,0.000,0
2026-01-31 12:03:12,1867815,1071.000,505.000,7926.000,-388.000,-174.000,407.000,0.000,0.000,0
2026-01-31 12:03:12,1867854,1356.000,420.000,8177.000,-991.000,-375.000,629.000,0.000,0.000,0
2026-01-31 12:03:12,1867894,1624.000,710.000,8390.000,-719.000,-499.000,682.000,0.000,0.000,0
2026-01-31 12:03:12,1867934,1703.000,363.000,8128.000,-544.000,-494.000,699.000,0.000,0.000,0
2026-01-31 12:03:12,1867974,1514.000,329.000,8217.000,-806.000,-479.000,836.000,0.000,0.000,0
2026-01-31 12:03:12,1868015,1587.000,647.000,8422.000,-529.000,-507.000,817.000,0.000,0.000,0
2026-01-31 12:03:12,1868054,1679.000,840.000,8500.000,-423.000,-299.000,510.000,0.000,0.000,0
2026-01-31 12:03:12,1868094,1990.000,266.000,8531.000,-305.000,-153.000,377.000,0.000,0.000,0
2026-01-31 12:03:12,1868134,1629.000,302.000,8223.000,-94.000,191.000,380.000,0.000,0.000,0
2026-01-31 12:03:12,1868174,1623.000,325.000,8192.000,308.000,260.000,423.000,0.000,0.000,0
2026-01-31 12:03:12,1868214,1629.000,488.000,8229.000,273.000,253.000,492.000,0.000,0.000,0
2026-01-31 12:03:12,1868254,1546.000,579.000,8051.000,333.000,268.000,372.000,0.000,0.000,0
2026-01-31 12:03:12,1868294,1620.000,743.000,8237.000,95.000,251.000,127.000,0.000,0.000,0
2026-01-31 12:03:12,1868334,1466.000,808.000,8428.000,65.000,295.000,-114.000,0.000,0.000,0
2026-01-31 12:03:12,1868374,1526.000,401.000,8252.000,-170.000,77.000,-237.000,0.000,0.000,0
2026-01-31 12:03:13,1868414,1350.000,274.000,8174.000,-218.000,-74.000,-318.000,0.000,0.000,0
2026-01-31 12:03:13,1868454,1521.000,480.000,8096.000,77.000,-242.000,-464.000,0.000,0.000,0
2026-01-31 12:03:13,1868494,1380.000,671.000,8303.000,115.000,-300.000,-659.000,0.000,0.000,0
2026-01-31 12:03:13,1868534,1379.000,502.000,8076.000,72.000,-382.000,-714.000,0.000,0.000,0
2026-01-31 12:03:13,1868574,1692.000,640.000,8379.000,177.000,-337.000,-628.000,0.000,0.000,0
2026-01-31 12:03:13,1868614,1631.000,300.000,8394.000,-507.000,-207.000,-388.000,0.000,0.000,0
2026-01-31 12:03:13,1868654,1805.000,486.000,8324.000,-69.000,-167.000,-384.000,0.000,0.000,0
2026-01-31 12:03:13,1868694,1758.000,694.000,8464.000,-106.000,-7.000,-323.000,0.000,0.000,0
2026-01-31 12:03:13,1868734,1686.000,476.000,8240.000,-232.000,50.000,-203.000,0.000,0.000,0
2026-01-31 12:03:13,1868774,1812.000,466.000,8277.000,145.000,-1.000,-140.000,0.000,0.000,0
2026-01-31 12:03:13,1868814,1700.000,564.000,8352.000,125.000,113.000,-99.000,0.000,0.000,0
2026-01-31 12:03:13,1868854,1684.000,315.000,8073.000,-44.000,63.000,-69.000,0.000,0.000,0
2026-01-31 12:03:13,1868894,1718.000,566.000,8348.000,200.000,112.000,-41.000,0.000,0.000,0
2026-01-31 12:03:13,1868934,1626.000,435.000,8072.000,-107.000,140.000,4.000,0.000,0.000,0
2026-01-31 12:03:13,1868974,1652.000,574.000,8226.000,141.000,26.000,-112.000,0.000,0.000,0
2026-01-31 12:03:13,1869014,1698.000,387.000,8153.000,-80.000,-8.000,-67.000,0.000,0.000,0
2026-01-31 12:03:13,1869054,1648.000,418.000,8186.000,-72.000,-140.000,14.000,0.000,0.000,0
2026-01-31 12:03:13,1869094,1758.000,572.000,8328.000,17.000,-96.000,-57.000,0.000,0.000,0
2026-01-31 12:03:13,1869134,1770.000,348.000,8298.000,-122.000,-27.000,20.000,0.000,0.000,0
2026-01-31 12:03:13,1869174,1657.000,532.000,8262.000,50.000,36.000,22.000,0.000,0.000,0
2026-01-31 12:03:13,1869214,1559.000,498.000,8170.000,9.000,17.000,-5.000,0.000,0.000,0
2026-01-31 12:03:13,1869254,1697.000,521.000,8351.000,48.000,-88.000,-11.000,0.000,0.000,0
2026-01-31 12:03:13,1869294,1652.000,529.000,8226.000,18.000,-61.000,62.000,0.000,0.000,0
2026-01-31 12:03:13,1869334,1630.000,513.000,8130.000,3.000,-145.000,87.000,0.000,0.000,0
2026-01-31 12:03:13,1869374,1816.000,439.000,8463.000,186.000,-141.000,35.000,0.000,0.000,0
2026-01-31 12:03:14,1869414,1763.000,632.000,8202.000,221.000,73.000,163.000,0.000,0.000,0
2026-01-31 12:03:14,1869454,1663.000,471.000,8234.000,63.000,51.000,169.000,0.000,0.000,0
2026-01-31 12:03:14,1869494,1753.000,683.000,8258.000,473.000,30.000,192.000,0.000,0.000,0
2026-01-31 12:03:14,1869534,1651.000,599.000,8104.000,341.000,-37.000,322.000,0.000,0.000,0
2026-01-31 12:03:14,1869574,1864.000,299.000,8192.000,422.000,-109.000,293.000,0.000,0.000,0
2026-01-31 12:03:14,1869614,1858.000,-103.000,8306.000,993.000,-23.000,280.000,0.000,0.000,0
2026-01-31 12:03:14,1869654,2338.000,-532.000,8499.000,1630.000,242.000,849.000,0.000,0.000,0
2026-01-31 12:03:14,1869694,1859.000,-1042.000,7973.000,2296.000,594.000,1623.000,0.000,0.000,0
2026-01-31 12:03:14,1869734,1677.000,1509.000,7908.000,7418.000,1067.000,2157.000,0.000,0.000,0
2026-01-31 12:03:14,1869775,1868.000,2953.000,7454.000,9082.000,1074.000,2042.000,0.000,0.000,0
2026-01-31 12:03:14,1869814,1407.000,4252.000,6976.000,10343.000,1580.000,1108.000,0.000,0.000,0
2026-01-31 12:03:14,1869854,1343.000,5499.000,6363.000,10951.000,1752.000,46.000,0.000,0.000,0
2026-01-31 12:03:14,1869894,931.000,6208.000,5442.000,11114.000,1562.000,-758.000,0.000,0.000,0
2026-01-31 12:03:14,1869934,758.000,6079.000,5094.000,10272.000,782.000,-1394.000,0.000,0.000,0
2026-01-31 12:03:14,1869974,782.000,6900.000,4229.000,10460.000,-132.000,-1698.000,0.000,0.000,0
2026-01-31 12:03:14,1870016,782.000,6974.000,3826.000,8858.000,-742.000,-1445.000,0.000,0.000,0
2026-01-31 12:03:14,1870054,969.000,7831.000,3098.000,7124.000,-1001.000,-1116.000,0.000,0.000,0
2026-01-31 12:03:14,1870094,659.000,7333.000,2498.000,7753.000,-685.000,-1176.000,0.000,0.000,0
2026-01-31 12:03:14,1870134,600.000,8812.000,2279.000,8060.000,-732.000,-1351.000,0.000,0.000,0
2026-01-31 12:03:14,1870174,474.000,7961.000,1382.000,4152.000,-658.000,-1092.000,0.000,0.000,0
2026-01-31 12:03:14,1870214,209.000,7342.000,507.000,4990.000,-435.000,-1110.000,0.000,0.000,0
2026-01-31 12:03:14,1870254,117.000,8561.000,154.000,8634.000,-637.000,-1713.000,0.000,0.000,0
2026-01-31 12:03:14,1870294,-210.000,9009.000,-27.000,5749.000,-1102.000,-1072.000,0.000,0.000,0
2026-01-31 12:03:14,1870334,-241.000,7572.000,-1318.000,2293.000,-1528.000,-1117.000,0.000,0.000,0
2026-01-31 12:03:14,1870374,-174.000,7522.000,-423.000,3684.000,-1175.000,-645.000,0.000,0.000,0
2026-01-31 12:03:15,1870414,-141.000,8005.000,-1413.000,3046.000,-1381.000,-412.000,0.000,0.000,0
2026-01-31 12:03:15,1870454,-379.000,7628.000,-2059.000,3565.000,-1721.000,-380.000,0.000,0.000,0
2026-01-31 12:03:15,1870494,590.000,8820.000,-2030.000,5128.000,-1545.000,-295.000,0.000,0.000,0
2026-01-31 12:03:15,1870534,48.000,7602.000,103.000,1352.000,285.000,125.000,0.000,0.000,0
2026-01-31 12:03:15,1870574,-213.000,7691.000,-2731.000,3880.000,10.000,-250.000,0.000,0.000,0
2026-01-31 12:03:15,1870614,-249.000,8509.000,-3090.000,3624.000,-252.000,-772.000,0.000,0.000,0
2026-01-31 12:03:15,1870654,-483.000,6483.000,-3210.000,1021.000,-685.000,-743.000,0.000,0.000,0
2026-01-31 12:03:15,1870694,-293.000,7571.000,-3188.000,4448.000,-967.000,-821.000,0.000,0.000,0
2026-01-31 12:03:15,1870734,-943.000,7152.000,-4343.000,3344.000,-805.000,-620.000,0.000,0.000,0
2026-01-31 12:03:15,1870774,-934.000,6686.000,-3810.000,1814.000,-585.000,-732.000,0.000,0.000,0
2026-01-31 12:03:15,1870814,-996.000,7567.000,-4109.000,2702.000,-522.000,-828.000,0.000,0.000,0
2026-01-31 12:03:15,1870854,-994.000,7287.000,-4074.000,-624.000,-270.000,-677.000,0.000,0.000,0
2026-01-31 12:03:15,1870894,-934.000,6565.000,-4003.000,-2539.000,-236.000,-584.000,0.000,0.000,0
2026-01-31 12:03:15,1870934,-1102.000,6462.000,-3492.000,-2724.000,34.000,-537.000,0.000,0.000,0
2026-01-31 12:03:15,1870974,-1359.000,6137.000,-3591.000,-2624.000,88.000,-95.000,0.000,0.000,0
2026-01-31 12:03:15,1871014,-1317.000,6880.000,-3777.000,-944.000,44.000,37.000,0.000,0.000,0
2026-01-31 12:03:15,1871054,-1264.000,7710.000,-3212.000,-771.000,-131.000,103.000,0.000,0.000,0
2026-01-31 12:03:15,1871094,-1022.000,7281.000,-3288.000,-1243.000,-156.000,137.000,0.000,0.000,0
2026-01-31 12:03:15,1871134,-1367.000,7445.000,-3048.000,-1166.000,-22.000,228.000,0.000,0.000,0
2026-01-31 12:03:15,1871174,-1344.000,7394.000,-3001.000,-2119.000,-186.000,336.000,0.000,0.000,0
2026-01-31 12:03:15,1871214,-1217.000,7207.000,-2878.000,-1025.000,-214.000,144.000,0.000,0.000,0
2026-01-31 12:03:15,1871254,-1071.000,7270.000,-2761.000,-606.000,-343.000,219.000,0.000,0.000,0
2026-01-31 12:03:15,1871294,-891.000,7300.000,-2624.000,-1153.000,-338.000,444.000,0.000,0.000,0
2026-01-31 12:03:15,1871334,-850.000,7455.000,-2692.000,-1055.000,-280.000,548.000,0.000,0.000,0
2026-01-31 12:03:15,1871374,-862.000,7521.000,-2477.000,-1037.000,-211.000,530.000,0.000,0.000,0
2026-01-31 12:03:16,1871414,-794.000,7387.000,-2135.000,-666.000,-95.000,446.000,0.000,0.000,0
2026-01-31 12:03:16,1871454,-821.000,7710.000,-2329.000,156.000,67.000,170.000,0.000,0.000,0
2026-01-31 12:03:16,1871494,-945.000,7710.000,-2573.000,58.000,143.000,30.000,0.000,0.000,0
2026-01-31 12:03:16,1871534,-912.000,7370.000,-2420.000,40.000,102.000,18.000,0.000,0.000,0
2026-01-31 12:03:16,1871574,-914.000,7833.000,-2412.000,69.000,13.000,-57.000,0.000,0.000,0
2026-01-31 12:03:16,1871614,-889.000,7460.000,-2338.000,-86.000,-30.000,-257.000,0.000,0.000,0
2026-01-31 12:03:16,1871654,-954.000,7375.000,-2468.000,-15.000,-36.000,-157.000,0.000,0.000,0
2026-01-31 12:03:16,1871694,-911.000,7409.000,-2522.000,-297.000,-52.000,59.000,0.000,0.000,0
2026-01-31 12:03:16,1871735,-967.000,7324.000,-2227.000,-192.000,86.000,190.000,0.000,0.000,0
2026-01-31 12:03:16,1871774,-910.000,7943.000,-2305.000,26.000,51.000,114.000,0.000,0.000,0
2026-01-31 12:03:16,1871814,-873.000,7412.000,-2492.000,-138.000,66.000,110.000,0.000,0.000,0
2026-01-31 12:03:16,1871854,-910.000,7635.000,-2444.000,60.000,36.000,-19.000,0.000,0.000,0
2026-01-31 12:03:16,1871894,-1017.000,7616.000,-2316.000,-27.000,45.000,-42.000,0.000,0.000,0
2026-01-31 12:03:16,1871934,-972.000,7495.000,-2490.000,-59.000,-23.000,-75.000,0.000,0.000,0
2026-01-31 12:03:16,1871974,-924.000,7496.000,-2363.000,118.000,-27.000,-77.000,0.000,0.000,0
2026-01-31 12:03:16,1872016,-917.000,7755.000,-2389.000,333.000,15.000,-162.000,0.000,0.000,0
2026-01-31 12:03:16,1872054,-989.000,7683.000,-2260.000,191.000,80.000,-249.000,0.000,0.000,0
2026-01-31 12:03:16,1872094,-949.000,7572.000,-2420.000,161.000,106.000,-329.000,0.000,0.000,0
2026-01-31 12:03:16,1872134,-1017.000,7295.000,-2610.000,217.000,112.000,-259.000,0.000,0.000,0
2026-01-31 12:03:16,1872174,-1049.000,7435.000,-2576.000,518.000,111.000,-255.000,0.000,0.000,0
2026-01-31 12:03:16,1872214,-1131.000,7530.000,-2386.000,821.000,197.000,-270.000,0.000,0.000,0
2026-01-31 12:03:16,1872254,-1073.000,7793.000,-2621.000,238.000,131.000,-200.000,0.000,0.000,0
2026-01-31 12:03:16,1872294,-1105.000,7304.000,-2676.000,-405.000,88.000,-106.000,0.000,0.000,0
2026-01-31 12:03:16,1872334,-1184.000,7413.000,-2807.000,-68.000,-47.000,-43.000,0.000,0.000,0
2026-01-31 12:03:16,1872374,-1027.000,7243.000,-2394.000,-408.000,58.000,201.000,0.000,0.000,0
2026-01-31 12:03:17,1872414,-1003.000,7947.000,-2649.000,137.000,7.000,-270.000,0.000,0.000,0
2026-01-31 12:03:17,1872454,-985.000,7078.000,-2412.000,-75.000,95.000,-358.000,0.000,0.000,0
2026-01-31 12:03:17,1872494,-1217.000,7305.000,-2609.000,773.000,267.000,-456.000,0.000,0.000,0
2026-01-31 12:03:17,1872534,-1358.000,7580.000,-2403.000,766.000,405.000,-484.000,0.000,0.000,0
2026-01-31 12:03:17,1872574,-1225.000,7335.000,-2592.000,805.000,530.000,-501.000,0.000,0.000,0
2026-01-31 12:03:17,1872614,-1167.000,7356.000,-2937.000,769.000,555.000,-435.000,0.000,0.000,0
2026-01-31 12:03:17,1872654,-1383.000,7422.000,-3233.000,1085.000,455.000,-385.000,0.000,0.000,0
2026-01-31 12:03:17,1872694,-1277.000,7198.000,-3044.000,924.000,102.000,-238.000,0.000,0.000,0
2026-01-31 12:03:17,1872734,-1348.000,7368.000,-3035.000,837.000,-13.000,-103.000,0.000,0.000,0
2026-01-31 12:03:17,1872774,-1192.000,7214.000,-3132.000,149.000,41.000,21.000,0.000,0.000,0
2026-01-31 12:03:17,1872814,-1404.000,7279.000,-3254.000,102.000,21.000,-35.000,0.000,0.000,0
2026-01-31 12:03:17,1872854,-1250.000,7120.000,-3020.000,57.000,-66.000,-15.000,0.000,0.000,0
2026-01-31 12:03:17,1872894,-1283.000,7385.000,-3020.000,296.000,0.000,-12.000,0.000,0.000,0
2026-01-31 12:03:17,1872934,-1264.000,7165.000,-3141.000,-157.000,62.000,81.000,0.000,0.000,0
2026-01-31 12:03:17,1872974,-1346.000,7193.000,-3344.000,-211.000,84.000,74.000,0.000,0.000,0
2026-01-31 12:03:17,1873014,-1302.000,7210.000,-3133.000,33.000,-3.000,50.000,0.000,0.000,0
2026-01-31 12:03:17,1873054,-1238.000,7210.000,-2961.000,-85.000,-15.000,79.000,0.000,0.000,0
2026-01-31 12:03:17,1873094,-1243.000,7321.000,-3087.000,-85.000,4.000,44.000,0.000,0.000,0
2026-01-31 12:03:17,1873134,-1315.000,7255.000,-3084.000,-92.000,27.000,18.000,0.000,0.000,0
2026-01-31 12:03:17,1873174,-1284.000,7250.000,-3100.000,-13.000,-19.000,40.000,0.000,0.000,0
2026-01-31 12:03:17,1873214,-1210.000,7317.000,-3090.000,-23.000,-51.000,40.000,0.000,0.000,0
2026-01-31 12:03:17,1873254,-1221.000,7261.000,-3039.000,-103.000,-19.000,27.000,0.000,0.000,0
2026-01-31 12:03:17,1873294,-1295.000,7211.000,-3055.000,15.000,3.000,-8.000,0.000,0.000,0
2026-01-31 12:03:17,1873334,-1212.000,7305.000,-3053.000,-10.000,-18.000,8.000,0.000,0.000,0
2026-01-31 12:03:17,1873374,-1277.000,7131.000,-3055.000,-191.000,50.000,67.000,0.000,0.000,0
2026-01-31 12:03:18,1873414,-1282.000,7346.000,-3075.000,-36.000,7.000,32.000,0.000,0.000,0
2026-01-31 12:03:18,1873454,-1238.000,7282.000,-3002.000,-16.000,-23.000,6.000,0.000,0.000,0
2026-01-31 12:03:18,1873494,-1252.000,7288.000,-2990.000,-155.000,-4.000,43.000,0.000,0.000,0
2026-01-31 12:03:18,1873534,-1304.000,7266.000,-3056.000,-193.000,-32.000,45.000,0.000,0.000,0
2026-01-31 12:03:18,1873574,-1246.000,7300.000,-2960.000,-196.000,-76.000,51.000,0.000,0.000,0
2026-01-31 12:03:18,1873614,-1227.000,7238.000,-2983.000,-351.000,-80.000,92.000,0.000,0.000,0
2026-01-31 12:03:18,1873654,-1299.000,7319.000,-2922.000,-238.000,-59.000,81.000,0.000,0.000,0
2026-01-31 12:03:18,1873694,-1239.000,7423.000,-2909.000,-413.000,-76.000,125.000,0.000,0.000,0
2026-01-31 12:03:18,1873735,-1238.000,7236.000,-2954.000,-652.000,-79.000,133.000,0.000,0.000,0
2026-01-31 12:03:18,1873774,-1224.000,7627.000,-2718.000,-581.000,-93.000,166.000,0.000,0.000,0
2026-01-31 12:03:18,1873814,-1165.000,7363.000,-2715.000,-1010.000,-126.000,198.000,0.000,0.000,0
2026-01-31 12:03:18,1873854,-1177.000,7230.000,-2726.000,-475.000,-107.000,62.000,0.000,0.000,0
2026-01-31 12:03:18,1873894,-1189.000,7508.000,-2642.000,-194.000,-87.000,22.000,0.000,0.000,0
2026-01-31 12:03:18,1873934,-1222.000,7482.000,-2694.000,-194.000,-40.000,131.000,0.000,0.000,0
2026-01-31 12:03:18,1873974,-1155.000,7407.000,-2646.000,-292.000,-34.000,192.000,0.000,0.000,0
2026-01-31 12:03:18,1874016,-1060.000,7556.000,-2479.000,-196.000,-25.000,122.000,0.000,0.000,0
2026-01-31 12:03:18,1874054,-1139.000,6918.000,-2466.000,-296.000,-62.000,-440.000,0.000,0.000,0
2026-01-31 12:03:18,1874094,-1319.000,8048.000,-2805.000,331.000,-18.000,-359.000,0.000,0.000,0
2026-01-31 12:03:18,1874134,-1156.000,7709.000,-2488.000,73.000,-25.000,-134.000,0.000,0.000,0
2026-01-31 12:03:18,1874174,-1264.000,7357.000,-2566.000,20.000,-20.000,-149.000,0.000,0.000,0
2026-01-31 12:03:18,1874214,-1320.000,7233.000,-2647.000,-143.000,-18.000,27.000,0.000,0.000,0
2026-01-31 12:03:18,1874254,-1256.000,7459.000,-2606.000,-173.000,-38.000,186.000,0.000,0.000,0
2026-01-31 12:03:18,1874294,-1258.000,7613.000,-2505.000,-281.000,0.000,216.000,0.000,0.000,0
2026-01-31 12:03:18,1874334,-1196.000,7309.000,-2521.000,-264.000,-39.000,161.000,0.000,0.000,0
2026-01-31 12:03:18,1874374,-1249.000,7543.000,-2474.000,8.000,-16.000,90.000,0.000,0.000,0
2026-01-31 12:03:19,1874414,-1204.000,7550.000,-2489.000,-148.000,-54.000,66.000,0.000,0.000,0
2026-01-31 12:03:19,1874454,-1159.000,7407.000,-2541.000,-389.000,-95.000,164.000,0.000,0.000,0
2026-01-31 12:03:19,1874494,-1152.000,7588.000,-2411.000,-406.000,-98.000,213.000,0.000,0.000,0
2026-01-31 12:03:19,1874534,-1117.000,7514.000,-2304.000,-434.000,-73.000,191.000,0.000,0.000,0
2026-01-31 12:03:19,1874574,-1109.000,7633.000,-2312.000,-291.000,-38.000,82.000,0.000,0.000,0
2026-01-31 12:03:19,1874614,-1148.000,7441.000,-2300.000,-227.000,54.000,49.000,0.000,0.000,0
2026-01-31 12:03:19,1874654,-1182.000,7570.000,-2350.000,-153.000,38.000,67.000,0.000,0.000,0
2026-01-31 12:03:19,1874694,-1125.000,7567.000,-2262.000,-126.000,10.000,97.000,0.000,0.000,0
2026-01-31 12:03:19,1874734,-1150.000,7672.000,-2268.000,-257.000,36.000,97.000,0.000,0.000,0
2026-01-31 12:03:19,1874774,-1114.000,7487.000,-2319.000,-183.000,-10.000,60.000,0.000,0.000,0
2026-01-31 12:03:19,1874814,-1086.000,7667.000,-2257.000,-122.000,-8.000,51.000,0.000,0.000,0
2026-01-31 12:03:19,1874854,-1170.000,7508.000,-2252.000,-423.000,-56.000,150.000,0.000,0.000,0
2026-01-31 12:03:19,1874894,-1132.000,7559.000,-2204.000,-284.000,-99.000,175.000,0.000,0.000,0
2026-01-31 12:03:19,1874934,-1070.000,7699.000,-2154.000,-237.000,-86.000,213.000,0.000,0.000,0
2026-01-31 12:03:19,1874974,-1048.000,7611.000,-2139.000,-299.000,-94.000,166.000,0.000,0.000,0
2026-01-31 12:03:19,1875014,-1052.000,7756.000,-2094.000,-141.000,-55.000,70.000,0.000,0.000,0
2026-01-31 12:03:19,1875054,-1023.000,7734.000,-1986.000,-169.000,-37.000,103.000,0.000,0.000,0
2026-01-31 12:03:19,1875094,-1020.000,7635.000,-2062.000,-591.000,-13.000,261.000,0.000,0.000,0
2026-01-31 12:03:19,1875134,-1007.000,7642.000,-2000.000,-790.000,-65.000,431.000,0.000,0.000,0
2026-01-31 12:03:19,1875174,-988.000,7708.000,-1907.000,-883.000,-87.000,561.000,0.000,0.000,0
2026-01-31 12:03:19,1875214,-962.000,7834.000,-1842.000,-1001.000,-101.000,634.000,0.000,0.000,0
2026-01-31 12:03:19,1875254,-891.000,7746.000,-1843.000,-1062.000,-189.000,559.000,0.000,0.000,0
2026-01-31 12:03:19,1875294,-883.000,7508.000,-1820.000,-724.000,-236.000,338.000,0.000,0.000,0
2026-01-31 12:03:19,1875334,-805.000,7760.000,-1820.000,987.000,-206.000,-95.000,0.000,0.000,0
2026-01-31 12:03:19,1875374,-849.000,7727.000,-1559.000,1044.000,-100.000,-173.000,0.000,0.000,0
2026-01-31 12:03:20,1875414,-611.000,8014.000,-1466.000,1173.000,65.000,-478.000,0.000,0.000,0
2026-01-31 12:03:20,1875454,-762.000,7818.000,-1857.000,730.000,329.000,-534.000,0.000,0.000,0
2026-01-31 12:03:20,1875494,-979.000,7270.000,-2218.000,691.000,355.000,-397.000,0.000,0.000,0
2026-01-31 12:03:20,1875534,-1073.000,7778.000,-2156.000,1009.000,218.000,-337.000,0.000,0.000,0
2026-01-31 12:03:20,1875574,-894.000,7683.000,-2148.000,553.000,129.000,-214.000,0.000,0.000,0
2026-01-31 12:03:20,1875614,-1064.000,7783.000,-2118.000,218.000,164.000,-99.000,0.000,0.000,0
2026-01-31 12:03:20,1875654,-1020.000,7680.000,-2351.000,-89.000,57.000,-39.000,0.000,0.000,0
2026-01-31 12:03:20,1875694,-1046.000,7617.000,-2283.000,-29.000,12.000,-50.000,0.000,0.000,0
2026-01-31 12:03:20,1875735,-1047.000,7638.000,-2198.000,-121.000,-52.000,5.000,0.000,0.000,0
2026-01-31 12:03:20,1875774,-938.000,7497.000,-2226.000,-416.000,-101.000,129.000,0.000,0.000,0
2026-01-31 12:03:20,1875814,-983.000,7649.000,-2171.000,-473.000,-88.000,224.000,0.000,0.000,0
2026-01-31 12:03:20,1875854,-1000.000,7627.000,-2052.000,-484.000,-114.000,253.000,0.000,0.000,0
2026-01-31 12:03:20,1875894,-970.000,7777.000,-2015.000,-512.000,-164.000,223.000,0.000,0.000,0
2026-01-31 12:03:20,1875934,-948.000,7644.000,-1977.000,-456.000,-169.000,217.000,0.000,0.000,0
2026-01-31 12:03:20,1875974,-942.000,7595.000,-1933.000,-375.000,-156.000,245.000,0.000,0.000,0
2026-01-31 12:03:20,1876016,-976.000,7718.000,-1936.000,-77.000,-124.000,165.000,0.000,0.000,0
2026-01-31 12:03:20,1876054,-893.000,7688.000,-1908.000,-156.000,-118.000,112.000,0.000,0.000,0
2026-01-31 12:03:20,1876094,-891.000,7757.000,-1806.000,-27.000,-32.000,24.000,0.000,0.000,0
2026-01-31 12:03:20,1876134,-912.000,7719.000,-1939.000,85.000,33.000,-73.000,0.000,0.000,0
2026-01-31 12:03:20,1876174,-905.000,7713.000,-1968.000,164.000,58.000,-110.000,0.000,0.000,0
2026-01-31 12:03:20,1876214,-897.000,7710.000,-1896.000,159.000,113.000,-115.000,0.000,0.000,0
2026-01-31 12:03:20,1876254,-907.000,7650.000,-1993.000,389.000,210.000,-161.000,0.000,0.000,0
2026-01-31 12:03:20,1876294,-988.000,7583.000,-2057.000,307.000,223.000,-170.000,0.000,0.000,0
2026-01-31 12:03:20,1876334,-1009.000,7756.000,-2022.000,410.000,199.000,-196.000,0.000,0.000,0
2026-01-31 12:03:20,1876374,-956.000,7766.000,-2135.000,100.000,138.000,-172.000,0.000,0.000,0
2026-01-31 12:03:21,1876414,-945.000,7618.000,-2074.000,29.000,116.000,-173.000,0.000,0.000,0
2026-01-31 12:03:21,1876454,-1037.000,7617.000,-2188.000,235.000,96.000,-181.000,0.000,0.000,0
2026-01-31 12:03:21,1876494,-949.000,7794.000,-2141.000,170.000,5.000,-166.000,0.000,0.000,0
2026-01-31 12:03:21,1876534,-928.000,7597.000,-2065.000,-110.000,21.000,-111.000,0.000,0.000,0
2026-01-31 12:03:21,1876574,-991.000,7569.000,-2075.000,-24.000,53.000,-36.000,0.000,0.000,0
2026-01-31 12:03:21,1876614,-1005.000,7705.000,-2148.000,-104.000,46.000,23.000,0.000,0.000,0
2026-01-31 12:03:21,1876654,-1029.000,7692.000,-2070.000,-203.000,25.000,54.000,0.000,0.000,0
2026-01-31 12:03:21,1876694,-1009.000,7638.000,-2060.000,-281.000,25.000,40.000,0.000,0.000,0
2026-01-31 12:03:21,1876734,-1060.000,7621.000,-2105.000,-161.000,32.000,21.000,0.000,0.000,0
2026-01-31 12:03:21,1876774,-1046.000,7702.000,-2027.000,17.000,6.000,-37.000,0.000,0.000,0
2026-01-31 12:03:21,1876814,-1024.000,7766.000,-2015.000,25.000,14.000,-63.000,0.000,0.000,0
2026-01-31 12:03:21,1876854,-1035.000,7675.000,-2042.000,-14.000,32.000,-81.000,0.000,0.000,0
2026-01-31 12:03:21,1876894,-1043.000,7597.000,-2054.000,-25.000,36.000,-74.000,0.000,0.000,0
2026-01-31 12:03:21,1876934,-1049.000,7640.000,-2060.000,20.000,50.000,-50.000,0.000,0.000,0
2026-01-31 12:03:21,1876974,-1056.000,7630.000,-2078.000,8.000,52.000,-28.000,0.000,0.000,0
2026-01-31 12:03:21,1877014,-1027.000,7671.000,-2039.000,1.000,37.000,2.000,0.000,0.000,0
2026-01-31 12:03:21,1877054,-1077.000,7667.000,-2074.000,-34.000,45.000,18.000,0.000,0.000,0
2026-01-31 12:03:21,1877094,-1046.000,7660.000,-2079.000,-33.000,14.000,2.000,0.000,0.000,0
2026-01-31 12:03:21,1877134,-1055.000,7675.000,-2055.000,-43.000,2.000,-2.000,0.000,0.000,0
2026-01-31 12:03:21,1877174,-1076.000,7674.000,-2046.000,-79.000,-18.000,17.000,0.000,0.000,0
2026-01-31 12:03:21,1877214,-1038.000,7647.000,-2036.000,-183.000,-31.000,62.000,0.000,0.000,0
2026-01-31 12:03:21,1877254,-1049.000,7704.000,-1999.000,-233.000,-36.000,124.000,0.000,0.000,0
2026-01-31 12:03:21,1877294,-997.000,7777.000,-2011.000,-333.000,-50.000,172.000,0.000,0.000,0
2026-01-31 12:03:21,1877334,-978.000,7703.000,-1926.000,-426.000,-55.000,186.000,0.000,0.000,0
2026-01-31 12:03:21,1877374,-1003.000,7639.000,-1898.000,-533.000,-75.000,223.000,0.000,0.000,0
2026-01-31 12:03:22,1877414,-944.000,7762.000,-1866.000,-340.000,-86.000,177.000,0.000,0.000,0
2026-01-31 12:03:22,1877454,-905.000,7744.000,-1830.000,-237.000,-79.000,126.000,0.000,0.000,0
2026-01-31 12:03:22,1877494,-935.000,7814.000,-1740.000,-71.000,-43.000,49.000,0.000,0.000,0
2026-01-31 12:03:22,1877534,-910.000,7745.000,-1781.000,-81.000,-32.000,-11.000,0.000,0.000,0
2026-01-31 12:03:22,1877574,-950.000,7720.000,-1804.000,29.000,9.000,-64.000,0.000,0.000,0
2026-01-31 12:03:22,1877614,-939.000,7697.000,-1791.000,124.000,26.000,-80.000,0.000,0.000,0
2026-01-31 12:03:22,1877654,-960.000,7703.000,-1829.000,184.000,60.000,-79.000,0.000,0.000,0
2026-01-31 12:03:22,1877694,-992.000,7705.000,-1909.000,342.000,77.000,-98.000,0.000,0.000,0
2026-01-31 12:03:22,1877734,-945.000,7702.000,-1855.000,396.000,74.000,-132.000,0.000,0.000,0
2026-01-31 12:03:22,1877775,-984.000,7779.000,-1883.000,448.000,97.000,-161.000,0.000,0.000,0
2026-01-31 12:03:22,1877814,-1007.000,7764.000,-1965.000,302.000,101.000,-126.000,0.000,0.000,0
2026-01-31 12:03:22,1877854,-1052.000,7670.000,-2025.000,154.000,104.000,-90.000,0.000,0.000,0
2026-01-31 12:03:22,1877894,-1036.000,7619.000,-2051.000,77.000,51.000,-53.000,0.000,0.000,0
2026-01-31 12:03:22,1877934,-987.000,7711.000,-1987.000,118.000,10.000,-31.000,0.000,0.000,0
2026-01-31 12:03:22,1877974,-1050.000,7709.000,-2025.000,-18.000,-3.000,0.000,0.000,0.000,0
2026-01-31 12:03:22,1878015,-1052.000,7580.000,-2026.000,-102.000,-18.000,25.000,0.000,0.000,0
2026-01-31 12:03:22,1878054,-1013.000,7701.000,-1995.000,59.000,-40.000,14.000,0.000,0.000,0
2026-01-31 12:03:22,1878094,-1001.000,7662.000,-1981.000,14.000,-25.000,14.000,0.000,0.000,0
2026-01-31 12:03:22,1878134,-1006.000,7709.000,-2008.000,-22.000,18.000,3.000,0.000,0.000,0
2026-01-31 12:03:22,1878174,-1061.000,7619.000,-1993.000,-15.000,42.000,-22.000,0.000,0.000,0
2026-01-31 12:03:22,1878214,-999.000,7711.000,-2005.000,63.000,37.000,-40.000,0.000,0.000,0
2026-01-31 12:03:22,1878254,-1058.000,7697.000,-2043.000,64.000,68.000,-33.000,0.000,0.000,0
2026-01-31 12:03:22,1878294,-1075.000,7661.000,-2085.000,99.000,51.000,-37.000,0.000,0.000,0
2026-01-31 12:03:22,1878334,-1005.000,7663.000,-2036.000,50.000,15.000,-22.000,0.000,0.000,0
2026-01-31 12:03:22,1878374,-984.000,7696.000,-2015.000,39.000,29.000,-31.000,0.000,0.000,0
2026-01-31 12:03:23,1878414,-1043.000,7670.000,-2003.000,-30.000,27.000,-21.000,0.000,0.000,0
2026-01-31 12:03:23,1878454,-1053.000,7611.000,-2083.000,-113.000,16.000,19.000,0.000,0.000,0
2026-01-31 12:03:23,1878494,-1071.000,7703.000,-2016.000,-46.000,1.000,40.000,0.000,0.000,0
2026-01-31 12:03:23,1878534,-1058.000,7605.000,-2062.000,-90.000,-17.000,58.000,0.000,0.000,0
2026-01-31 12:03:23,1878574,-1031.000,7726.000,-1971.000,-42.000,-26.000,55.000,0.000,0.000,0
2026-01-31 12:03:23,1878614,-1018.000,7668.000,-2030.000,-8.000,-1.000,22.000,0.000,0.000,0
2026-01-31 12:03:23,1878654,-998.000,7741.000,-1970.000,-44.000,9.000,15.000,0.000,0.000,0
2026-01-31 12:03:23,1878694,-962.000,7634.000,-1999.000,-104.000,25.000,14.000,0.000,0.000,0
2026-01-31 12:03:23,1878734,-1034.000,7712.000,-2040.000,-98.000,37.000,22.000,0.000,0.000,0
2026-01-31 12:03:23,1878774,-1010.000,7673.000,-1981.000,-175.000,-1.000,38.000,0.000,0.000,0
2026-01-31 12:03:23,1878814,-1030.000,7690.000,-1971.000,-117.000,-13.000,35.000,0.000,0.000,0
2026-01-31 12:03:23,1878854,-1011.000,7708.000,-1998.000,-97.000,-36.000,27.000,0.000,0.000,0
2026-01-31 12:03:23,1878894,-1026.000,7673.000,-1870.000,1.000,15.000,47.000,0.000,0.000,0
2026-01-31 12:03:23,1878934,-1029.000,7800.000,-2002.000,-56.000,-3.000,-6.000,0.000,0.000,0
2026-01-31 12:03:23,1878974,-980.000,7651.000,-1947.000,36.000,-7.000,-69.000,0.000,0.000,0
2026-01-31 12:03:23,1879014,-1013.000,7631.000,-1900.000,13.000,19.000,-46.000,0.000,0.000,0
2026-01-31 12:03:23,1879054,-1008.000,7729.000,-1952.000,-12.000,39.000,13.000,0.000,0.000,0
2026-01-31 12:03:23,1879094,-1031.000,7653.000,-1998.000,-48.000,61.000,2.000,0.000,0.000,0
2026-01-31 12:03:23,1879134,-1106.000,7708.000,-2004.000,69.000,47.000,-21.000,0.000,0.000,0
2026-01-31 12:03:23,1879174,-1024.000,7705.000,-1954.000,46.000,11.000,-40.000,0.000,0.000,0
2026-01-31 12:03:23,1879214,-1002.000,7664.000,-1954.000,0.000,10.000,-23.000,0.000,0.000,0
2026-01-31 12:03:23,1879254,-1074.000,7690.000,-2003.000,50.000,13.000,-4.000,0.000,0.000,0
2026-01-31 12:03:23,1879294,-1053.000,7720.000,-1950.000,-7.000,-5.000,17.000,0.000,0.000,0
2026-01-31 12:03:23,1879334,-1017.000,7640.000,-1979.000,-21.000,4.000,30.000,0.000,0.000,0
2026-01-31 12:03:23,1879374,-1055.000,7826.000,-1988.000,35.000,-3.000,-24.000,0.000,0.000,0
2026-01-31 12:03:24,1879414,-1016.000,7654.000,-1962.000,-6.000,-35.000,-60.000,0.000,0.000,0
2026-01-31 12:03:24,1879454,-1028.000,7656.000,-1973.000,-18.000,-22.000,-37.000,0.000,0.000,0
2026-01-31 12:03:24,1879494,-1041.000,7584.000,-1936.000,-33.000,8.000,55.000,0.000,0.000,0
2026-01-31 12:03:24,1879534,-1014.000,7814.000,-1944.000,16.000,23.000,71.000,0.000,0.000,0
2026-01-31 12:03:24,1879574,-1066.000,7732.000,-2013.000,9.000,19.000,16.000,0.000,0.000,0
2026-01-31 12:03:24,1879614,-1042.000,7721.000,-1989.000,-44.000,-26.000,-7.000,0.000,0.000,0
2026-01-31 12:03:24,1879654,-992.000,7614.000,-1962.000,-80.000,-23.000,26.000,0.000,0.000,0
2026-01-31 12:03:24,1879694,-988.000,7717.000,-1889.000,58.000,25.000,42.000,0.000,0.000,0
2026-01-31 12:03:24,1879734,-1030.000,7682.000,-2031.000,-8.000,39.000,13.000,0.000,0.000,0
2026-01-31 12:03:24,1879774,-1036.000,7721.000,-1979.000,-9.000,20.000,12.000,0.000,0.000,0
2026-01-31 12:03:24,1879814,-1016.000,7658.000,-1937.000,-49.000,1.000,2.000,0.000,0.000,0
2026-01-31 12:03:24,1879854,-1070.000,7706.000,-1963.000,47.000,24.000,-18.000,0.000,0.000,0
2026-01-31 12:03:24,1879894,-1064.000,7711.000,-1965.000,13.000,4.000,10.000,0.000,0.000,0
2026-01-31 12:03:24,1879934,-944.000,7659.000,-1976.000,-62.000,-11.000,35.000,0.000,0.000,0
2026-01-31 12:03:24,1879974,-999.000,7692.000,-1954.000,-12.000,25.000,28.000,0.000,0.000,0
2026-01-31 12:03:24,1880016,-1008.000,7661.000,-2002.000,28.000,11.000,1.000,0.000,0.000,0
2026-01-31 12:03:24,1880054,-996.000,7725.000,-1964.000,2.000,9.000,4.000,0.000,0.000,0
2026-01-31 12:03:24,1880094,-1029.000,7665.000,-1946.000,-37.000,20.000,16.000,0.000,0.000,0
2026-01-31 12:03:24,1880134,-1053.000,7706.000,-1963.000,26.000,21.000,43.000,0.000,0.000,0
2026-01-31 12:03:24,1880174,-1046.000,7644.000,-2001.000,-29.000,-11.000,60.000,0.000,0.000,0
2026-01-31 12:03:24,1880214,-987.000,7716.000,-1959.000,116.000,-3.000,73.000,0.000,0.000,0
2026-01-31 12:03:24,1880254,-995.000,7651.000,-2004.000,64.000,-9.000,71.000,0.000,0.000,0
2026-01-31 12:03:24,1880294,-996.000,7636.000,-2020.000,159.000,-18.000,57.000,0.000,0.000,0
2026-01-31 12:03:24,1880334,-984.000,7717.000,-2003.000,114.000,-21.000,114.000,0.000,0.000,0
2026-01-31 12:03:24,1880374,-955.000,7678.000,-1982.000,19.000,-17.000,117.000,0.000,0.000,0
2026-01-31 12:03:25,1880414,-924.000,7718.000,-2015.000,22.000,-12.000,68.000,0.000,0.000,0
2026-01-31 12:03:25,1880454,-973.000,7815.000,-2003.000,80.000,-7.000,50.000,0.000,0.000,0
2026-01-31 12:03:25,1880494,-895.000,7551.000,-2037.000,-135.000,-26.000,67.000,0.000,0.000,0
2026-01-31 12:03:25,1880534,-992.000,7819.000,-1869.000,-9.000,27.000,12.000,0.000,0.000,0
2026-01-31 12:03:25,1880574,-978.000,7736.000,-1970.000,12.000,63.000,-16.000,0.000,0.000,0
2026-01-31 12:03:25,1880614,-978.000,7617.000,-2103.000,-99.000,12.000,42.000,0.000,0.000,0
2026-01-31 12:03:25,1880654,-920.000,7887.000,-1929.000,-93.000,-1.000,20.000,0.000,0.000,0
2026-01-31 12:03:25,1880694,-965.000,7588.000,-1946.000,-404.000,12.000,40.000,0.000,0.000,0
2026-01-31 12:03:25,1880734,-984.000,7575.000,-1898.000,-12.000,42.000,72.000,0.000,0.000,0
2026-01-31 12:03:25,1880774,-848.000,7763.000,-1973.000,169.000,36.000,-6.000,0.000,0.000,0
2026-01-31 12:03:25,1880814,-987.000,7696.000,-2066.000,87.000,94.000,-7.000,0.000,0.000,0
2026-01-31 12:03:25,1880854,-994.000,7659.000,-2031.000,-113.000,11.000,11.000,0.000,0.000,0
2026-01-31 12:03:25,1880894,-895.000,7755.000,-1891.000,-52.000,-6.000,68.000,0.000,0.000,0
2026-01-31 12:03:25,1880934,-900.000,7633.000,-2040.000,-35.000,-7.000,60.000,0.000,0.000,0
2026-01-31 12:03:25,1880974,-959.000,7731.000,-1961.000,9.000,8.000,-23.000,0.000,0.000,0
2026-01-31 12:03:25,1881014,-964.000,7740.000,-1945.000,-63.000,-4.000,-30.000,0.000,0.000,0
2026-01-31 12:03:25,1881054,-897.000,7686.000,-1891.000,10.000,-2.000,-22.000,0.000,0.000,0
2026-01-31 12:03:25,1881094,-987.000,7822.000,-1932.000,58.000,36.000,-6.000,0.000,0.000,0
2026-01-31 12:03:25,1881134,-846.000,7717.000,-2027.000,-74.000,-34.000,-4.000,0.000,0.000,0
2026-01-31 12:03:25,1881174,-895.000,7656.000,-1954.000,2.000,23.000,-11.000,0.000,0.000,0
2026-01-31 12:03:25,1881214,-977.000,7727.000,-1925.000,-32.000,41.000,6.000,0.000,0.000,0
2026-01-31 12:03:25,1881254,-958.000,7649.000,-1968.000,-69.000,11.000,-4.000,0.000,0.000,0
2026-01-31 12:03:25,1881294,-936.000,7739.000,-1947.000,5.000,-7.000,6.000,0.000,0.000,0
2026-01-31 12:03:25,1881334,-944.000,7750.000,-1932.000,-66.000,-13.000,4.000,0.000,0.000,0
2026-01-31 12:03:25,1881374,-957.000,7632.000,-1935.000,-102.000,-16.000,2.000,0.000,0.000,0
2026-01-31 12:03:26,1881414,-922.000,7724.000,-1936.000,47.000,-29.000,-8.000,0.000,0.000,0
2026-01-31 12:03:26,1881454,-898.000,7764.000,-1922.000,-35.000,-3.000,3.000,0.000,0.000,0
2026-01-31 12:03:26,1881494,-961.000,7657.000,-1904.000,7.000,31.000,-7.000,0.000,0.000,0
2026-01-31 12:03:26,1881534,-987.000,7734.000,-1896.000,-25.000,32.000,4.000,0.000,0.000,0
2026-01-31 12:03:26,1881574,-937.000,7704.000,-1981.000,-37.000,20.000,-8.000,0.000,0.000,0
2026-01-31 12:03:26,1881614,-960.000,7677.000,-1982.000,1.000,5.000,0.000,0.000,0.000,0
2026-01-31 12:03:26,1881654,-938.000,7724.000,-1879.000,27.000,-17.000,-6.000,0.000,0.000,0
2026-01-31 12:03:26,1881694,-950.000,7637.000,-1908.000,-51.000,23.000,-10.000,0.000,0.000,0
2026-01-31 12:03:26,1881734,-943.000,7684.000,-1954.000,-26.000,19.000,19.000,0.000,0.000,0
2026-01-31 12:03:26,1881774,-943.000,7735.000,-1961.000,26.000,-9.000,10.000,0.000,0.000,0
2026-01-31 12:03:26,1881815,-960.000,7730.000,-1870.000,-6.000,8.000,1.000,0.000,0.000,0
2026-01-31 12:03:26,1881854,-953.000,7697.000,-1920.000,17.000,24.000,-5.000,0.000,0.000,0
2026-01-31 12:03:26,1881894,-953.000,7747.000,-1974.000,-12.000,18.000,17.000,0.000,0.000,0
2026-01-31 12:03:26,1881934,-925.000,7703.000,-1950.000,-34.000,-7.000,0.000,0.000,0.000,0
2026-01-31 12:03:26,1881974,-939.000,7726.000,-1884.000,-3.000,10.000,-8.000,0.000,0.000,0
2026-01-31 12:03:26,1882015,-941.000,7709.000,-1962.000,8.000,22.000,-15.000,0.000,0.000,0
2026-01-31 12:03:26,1882054,-952.000,7687.000,-1919.000,-21.000,5.000,8.000,0.000,0.000,0
2026-01-31 12:03:26,1882094,-946.000,7709.000,-1918.000,24.000,5.000,13.000,0.000,0.000,0
2026-01-31 12:03:26,1882134,-939.000,7783.000,-1910.000,33.000,8.000,0.000,0.000,0.000,0
2026-01-31 12:03:26,1882174,-939.000,7677.000,-1895.000,-9.000,13.000,-1.000,0.000,0.000,0
2026-01-31 12:03:26,1882214,-970.000,7686.000,-1963.000,49.000,10.000,-8.000,0.000,0.000,0
2026-01-31 12:03:26,1882254,-937.000,7753.000,-1947.000,42.000,-7.000,4.000,0.000,0.000,0
2026-01-31 12:03:26,1882294,-907.000,7655.000,-1910.000,-33.000,0.000,4.000,0.000,0.000,0
2026-01-31 12:03:26,1882334,-966.000,7717.000,-1905.000,44.000,34.000,-7.000,0.000,0.000,0
2026-01-31 12:03:26,1882374,-988.000,7748.000,-1951.000,-12.000,30.000,13.000,0.000,0.000,0
2026-01-31 12:03:27,1882414,-933.000,7700.000,-1956.000,-36.000,15.000,-2.000,0.000,0.000,0
2026-01-31 12:03:27,1882454,-972.000,7754.000,-1945.000,38.000,10.000,0.000,0.000,0.000,0
2026-01-31 12:03:27,1882494,-923.000,7711.000,-1941.000,-44.000,-7.000,8.000,0.000,0.000,0
2026-01-31 12:03:27,1882534,-923.000,7730.000,-1914.000,18.000,1.000,-8.000,0.000,0.000,0
2026-01-31 12:03:27,1882574,-967.000,7712.000,-1933.000,-20.000,13.000,5.000,0.000,0.000,0
2026-01-31 12:03:27,1882614,-950.000,7714.000,-1930.000,-17.000,11.000,9.000,0.000,0.000,0
2026-01-31 12:03:27,1882654,-965.000,7714.000,-1936.000,10.000,22.000,0.000,0.000,0.000,0
2026-01-31 12:03:27,1882694,-951.000,7723.000,-1942.000,18.000,3.000,3.000,0.000,0.000,0
2026-01-31 12:03:27,1882734,-934.000,7732.000,-1932.000,-5.000,6.000,3.000,0.000,0.000,0
2026-01-31 12:03:27,1882774,-972.000,7687.000,-1935.000,8.000,16.000,-8.000,0.000,0.000,0
2026-01-31 12:03:27,1882814,-927.000,7705.000,-1954.000,0.000,8.000,11.000,0.000,0.000,0
2026-01-31 12:03:27,1882854,-960.000,7677.000,-1939.000,-9.000,17.000,7.000,0.000,0.000,0
2026-01-31 12:03:27,1882894,-946.000,7739.000,-1933.000,-1.000,0.000,-1.000,0.000,0.000,0
2026-01-31 12:03:27,1882934,-939.000,7689.000,-1937.000,2.000,5.000,4.000,0.000,0.000,0
2026-01-31 12:03:27,1882974,-953.000,7731.000,-1933.000,12.000,16.000,1.000,0.000,0.000,0
2026-01-31 12:03:27,1883014,-949.000,7703.000,-1933.000,-48.000,12.000,9.000,0.000,0.000,0
2026-01-31 12:03:27,1883054,-957.000,7719.000,-1959.000,41.000,10.000,-6.000,0.000,0.000,0
2026-01-31 12:03:27,1883094,-952.000,7694.000,-1931.000,-22.000,2.000,19.000,0.000,0.000,0
2026-01-31 12:03:27,1883134,-916.000,7744.000,-1951.000,11.000,1.000,11.000,0.000,0.000,0
2026-01-31 12:03:27,1883174,-913.000,7702.000,-1937.000,-29.000,11.000,-12.000,0.000,0.000,0
2026-01-31 12:03:27,1883214,-1014.000,7679.000,-1931.000,40.000,21.000,5.000,0.000,0.000,0
2026-01-31 12:03:27,1883254,-940.000,7763.000,-1935.000,-17.000,15.000,20.000,0.000,0.000,0
2026-01-31 12:03:27,1883294,-954.000,7699.000,-1963.000,-14.000,28.000,4.000,0.000,0.000,0
2026-01-31 12:03:27,1883334,-959.000,7672.000,-1964.000,32.000,11.000,0.000,0.000,0.000,0
2026-01-31 12:03:27,1883374,-922.000,7747.000,-1931.000,9.000,-10.000,13.000,0.000,0.000,0
2026-01-31 12:03:28,1883414,-947.000,7674.000,-1927.000,-59.000,12.000,20.000,0.000,0.000,0
2026-01-31 12:03:28,1883454,-961.000,7707.000,-1919.000,10.000,23.000,31.000,0.000,0.000,0
2026-01-31 12:03:28,1883494,-962.000,7755.000,-1950.000,18.000,14.000,16.000,0.000,0.000,0
2026-01-31 12:03:28,1883534,-928.000,7697.000,-1944.000,24.000,21.000,-6.000,0.000,0.000,0
2026-01-31 12:03:28,1883574,-929.000,7700.000,-1950.000,30.000,41.000,-22.000,0.000,0.000,0
2026-01-31 12:03:28,1883614,-1103.000,7840.000,-2146.000,190.000,52.000,-152.000,0.000,0.000,0
2026-01-31 12:03:28,1883654,-977.000,7284.000,-2223.000,-140.000,-219.000,-54.000,0.000,0.000,0
2026-01-31 12:03:28,1883694,-841.000,7660.000,-1829.000,-34.000,-241.000,38.000,0.000,0.000,0
2026-01-31 12:03:28,1883734,-933.000,7835.000,-1848.000,-74.000,-144.000,115.000,0.000,0.000,0
2026-01-31 12:03:28,1883774,-717.000,7559.000,-1767.000,-130.000,8.000,145.000,0.000,0.000,0
2026-01-31 12:03:28,1883814,-891.000,7903.000,-1714.000,318.000,284.000,-49.000,0.000,0.000,0
2026-01-31 12:03:28,1883854,-1092.000,7666.000,-2325.000,-12.000,181.000,-106.000,0.000,0.000,0
2026-01-31 12:03:28,1883894,-1165.000,7493.000,-2183.000,-137.000,-29.000,10.000,0.000,0.000,0
2026-01-31 12:03:28,1883934,-1073.000,7750.000,-1719.000,-310.000,-76.000,175.000,0.000,0.000,0
2026-01-31 12:03:28,1883974,-910.000,7735.000,-2116.000,-280.000,-85.000,80.000,0.000,0.000,0
2026-01-31 12:03:28,1884016,-811.000,7864.000,-1862.000,164.000,-71.000,-1.000,0.000,0.000,0
2026-01-31 12:03:28,1884054,-864.000,7738.000,-1728.000,31.000,22.000,-59.000,0.000,0.000,0
2026-01-31 12:03:28,1884094,-982.000,7609.000,-2067.000,-27.000,89.000,-62.000,0.000,0.000,0
2026-01-31 12:03:28,1884134,-994.000,7570.000,-2090.000,112.000,50.000,-32.000,0.000,0.000,0
2026-01-31 12:03:28,1884174,-904.000,7772.000,-1884.000,256.000,9.000,-21.000,0.000,0.000,0
2026-01-31 12:03:28,1884214,-918.000,7794.000,-1924.000,73.000,42.000,-13.000,0.000,0.000,0
2026-01-31 12:03:28,1884254,-985.000,7553.000,-2068.000,-47.000,43.000,2.000,0.000,0.000,0
2026-01-31 12:03:28,1884294,-964.000,7793.000,-2009.000,87.000,-12.000,-41.000,0.000,0.000,0
2026-01-31 12:03:28,1884334,-955.000,7672.000,-1911.000,65.000,-17.000,-32.000,0.000,0.000,0
2026-01-31 12:03:28,1884374,-977.000,7728.000,-2029.000,-20.000,2.000,7.000,0.000,0.000,0
2026-01-31 12:03:29,1884414,-952.000,7713.000,-1972.000,5.000,-1.000,-7.000,0.000,0.000,0
2026-01-31 12:03:29,1884454,-955.000,7704.000,-1978.000,-27.000,-9.000,2.000,0.000,0.000,0
2026-01-31 12:03:29,1884494,-935.000,7667.000,-1965.000,-41.000,3.000,15.000,0.000,0.000,0
2026-01-31 12:03:29,1884534,-967.000,7656.000,-2033.000,24.000,-5.000,-7.000,0.000,0.000,0
2026-01-31 12:03:29,1884574,-974.000,7770.000,-1970.000,39.000,-4.000,1.000,0.000,0.000,0
2026-01-31 12:03:29,1884614,-963.000,7672.000,-1956.000,-88.000,-8.000,3.000,0.000,0.000,0
2026-01-31 12:03:29,1884654,-985.000,7661.000,-1955.000,-41.000,7.000,-1.000,0.000,0.000,0
2026-01-31 12:03:29,1884694,-960.000,7731.000,-2013.000,17.000,-8.000,-14.000,0.000,0.000,0
2026-01-31 12:03:29,1884734,-965.000,7672.000,-1977.000,-46.000,-13.000,8.000,0.000,0.000,0
2026-01-31 12:03:29,1884774,-955.000,7722.000,-1968.000,22.000,6.000,-2.000,0.000,0.000,0
2026-01-31 12:03:29,1884814,-962.000,7677.000,-2002.000,-52.000,20.000,1.000,0.000,0.000,0
2026-01-31 12:03:29,1884854,-1004.000,7659.000,-1957.000,-10.000,4.000,19.000,0.000,0.000,0
2026-01-31 12:03:29,1884894,-937.000,7738.000,-1921.000,28.000,-12.000,14.000,0.000,0.000,0
2026-01-31 12:03:29,1884934,-927.000,7702.000,-1983.000,-73.000,18.000,10.000,0.000,0.000,0
2026-01-31 12:03:29,1884974,-992.000,7756.000,-2027.000,-46.000,26.000,-3.000,0.000,0.000,0
2026-01-31 12:03:29,1885014,-956.000,7571.000,-1959.000,-64.000,-27.000,-12.000,0.000,0.000,0
2026-01-31 12:03:29,1885054,-928.000,7659.000,-1915.000,-52.000,-26.000,5.000,0.000,0.000,0
2026-01-31 12:03:29,1885094,-972.000,7728.000,-1927.000,46.000,35.000,30.000,0.000,0.000,0
2026-01-31 12:03:29,1885134,-1014.000,8013.000,-2120.000,-154.000,123.000,11.000,0.000,0.000,0
2026-01-31 12:03:29,1885174,-936.000,7742.000,-2069.000,136.000,-92.000,-120.000,0.000,0.000,0
2026-01-31 12:03:29,1885214,-955.000,7706.000,-1859.000,-62.000,-87.000,-125.000,0.000,0.000,0
2026-01-31 12:03:29,1885254,-942.000,7504.000,-1904.000,-95.000,-25.000,-32.000,0.000,0.000,0
2026-01-31 12:03:29,1885294,-944.000,7686.000,-1952.000,65.000,37.000,30.000,0.000,0.000,0
2026-01-31 12:03:29,1885334,-999.000,7678.000,-2054.000,-12.000,55.000,64.000,0.000,0.000,0
2026-01-31 12:03:29,1885374,-928.000,7748.000,-1923.000,33.000,6.000,55.000,0.000,0.000,0
2026-01-31 12:03:30,1885414,-953.000,7801.000,-1933.000,-31.000,-1.000,-7.000,0.000,0.000,0
2026-01-31 12:03:30,1885454,-1021.000,7658.000,-1982.000,-30.000,25.000,-36.000,0.000,0.000,0
2026-01-31 12:03:30,1885494,-989.000,7647.000,-1948.000,1.000,14.000,2.000,0.000,0.000,0
2026-01-31 12:03:30,1885534,-956.000,7697.000,-1962.000,4.000,12.000,13.000,0.000,0.000,0
2026-01-31 12:03:30,1885574,-950.000,7781.000,-1951.000,42.000,-7.000,-7.000,0.000,0.000,0
2026-01-31 12:03:30,1885614,-976.000,7640.000,-1956.000,-30.000,-2.000,-14.000,0.000,0.000,0
2026-01-31 12:03:30,1885654,-956.000,7694.000,-1951.000,-13.000,4.000,-1.000,0.000,0.000,0
2026-01-31 12:03:30,1885694,-958.000,7625.000,-1960.000,-48.000,24.000,2.000,0.000,0.000,0
2026-01-31 12:03:30,1885734,-1031.000,7696.000,-1931.000,61.000,35.000,5.000,0.000,0.000,0
2026-01-31 12:03:30,1885774,-977.000,7707.000,-1937.000,22.000,14.000,35.000,0.000,0.000,0
2026-01-31 12:03:30,1885815,-983.000,7684.000,-1995.000,-49.000,32.000,44.000,0.000,0.000,0
2026-01-31 12:03:30,1885854,-1009.000,7746.000,-1993.000,-1.000,3.000,6.000,0.000,0.000,0
2026-01-31 12:03:30,1885894,-944.000,7718.000,-1961.000,25.000,-34.000,-10.000,0.000,0.000,0
2026-01-31 12:03:30,1885934,-966.000,7699.000,-1958.000,30.000,10.000,-2.000,0.000,0.000,0
2026-01-31 12:03:30,1885974,-953.000,7716.000,-1949.000,-12.000,-1.000,34.000,0.000,0.000,0
2026-01-31 12:03:30,1886016,-977.000,7675.000,-1944.000,-24.000,23.000,17.000,0.000,0.000,0
2026-01-31 12:03:30,1886054,-1025.000,7776.000,-1978.000,29.000,7.000,-26.000,0.000,0.000,0
2026-01-31 12:03:30,1886094,-971.000,7692.000,-1940.000,-3.000,-11.000,-11.000,0.000,0.000,0
2026-01-31 12:03:30,1886134,-962.000,7666.000,-1956.000,-45.000,-2.000,-17.000,0.000,0.000,0
2026-01-31 12:03:30,1886174,-988.000,7733.000,-1957.000,1.000,-9.000,-8.000,0.000,0.000,0
2026-01-31 12:03:30,1886214,-879.000,7707.000,-1872.000,-70.000,10.000,32.000,0.000,0.000,0
2026-01-31 12:03:30,1886254,-913.000,7718.000,-1925.000,11.000,79.000,109.000,0.000,0.000,0
2026-01-31 12:03:30,1886294,-937.000,7625.000,-1969.000,11.000,-1.000,9.000,0.000,0.000,0
2026-01-31 12:03:30,1886334,-998.000,7775.000,-1881.000,53.000,6.000,-58.000,0.000,0.000,0
2026-01-31 12:03:30,1886374,-1011.000,7727.000,-1939.000,-1.000,12.000,-56.000,0.000,0.000,0
2026-01-31 12:03:31,1886414,-960.000,7569.000,-1984.000,-15.000,-4.000,-11.000,0.000,0.000,0
2026-01-31 12:03:31,1886454,-956.000,7745.000,-1920.000,53.000,15.000,28.000,0.000,0.000,0
2026-01-31 12:03:31,1886494,-972.000,7728.000,-1948.000,-23.000,24.000,50.000,0.000,0.000,0
2026-01-31 12:03:31,1886534,-940.000,7717.000,-1990.000,21.000,11.000,8.000,0.000,0.000,0
2026-01-31 12:03:31,1886574,-951.000,7718.000,-1959.000,-27.000,10.000,-11.000,0.000,0.000,0
2026-01-31 12:03:31,1886614,-995.000,7673.000,-1930.000,40.000,19.000,-29.000,0.000,0.000,0
2026-01-31 12:03:31,1886654,-980.000,7726.000,-1928.000,21.000,24.000,-11.000,0.000,0.000,0
2026-01-31 12:03:31,1886694,-969.000,7682.000,-1978.000,-15.000,26.000,0.000,0.000,0.000,0
2026-01-31 12:03:31,1886734,-969.000,7692.000,-1966.000,-17.000,-5.000,4.000,0.000,0.000,0
2026-01-31 12:03:31,1886774,-934.000,7751.000,-1949.000,-32.000,-6.000,8.000,0.000,0.000,0
2026-01-31 12:03:31,1886814,-995.000,7698.000,-1942.000,-121.000,-4.000,18.000,0.000,0.000,0
2026-01-31 12:03:31,1886854,-955.000,7836.000,-1909.000,109.000,-10.000,-6.000,0.000,0.000,0
2026-01-31 12:03:31,1886894,-956.000,7669.000,-1932.000,-20.000,7.000,12.000,0.000,0.000,0
2026-01-31 12:03:31,1886934,-963.000,7656.000,-1969.000,-1.000,24.000,14.000,0.000,0.000,0
2026-01-31 12:03:31,1886974,-970.000,7751.000,-1964.000,33.000,29.000,6.000,0.000,0.000,0
2026-01-31 12:03:31,1887014,-980.000,7701.000,-1965.000,-24.000,26.000,0.000,0.000,0.000,0
2026-01-31 12:03:31,1887054,-971.000,7673.000,-1958.000,-2.000,16.000,0.000,0.000,0.000,0
2026-01-31 12:03:31,1887094,-959.000,7745.000,-1959.000,25.000,5.000,2.000,0.000,0.000,0
2026-01-31 12:03:31,1887134,-960.000,7694.000,-1958.000,-18.000,13.000,-2.000,0.000,0.000,0
2026-01-31 12:03:31,1887174,-972.000,7676.000,-1941.000,26.000,17.000,-7.000,0.000,0.000,0
2026-01-31 12:03:31,1887214,-979.000,7716.000,-1947.000,28.000,11.000,-7.000,0.000,0.000,0
2026-01-31 12:03:31,1887254,-959.000,7721.000,-1951.000,-5.000,4.000,-3.000,0.000,0.000,0
2026-01-31 12:03:31,1887294,-961.000,7665.000,-1942.000,42.000,18.000,-8.000,0.000,0.000,0
2026-01-31 12:03:31,1887334,-968.000,7733.000,-1962.000,18.000,11.000,3.000,0.000,0.000,0
2026-01-31 12:03:31,1887374,-993.000,7703.000,-1983.000,43.000,20.000,5.000,0.000,0.000,0
2026-01-31 12:03:32,1887414,-981.000,7678.000,-1998.000,41.000,-3.000,3.000,0.000,0.000,0
2026-01-31 12:03:32,1887454,-963.000,7724.000,-1970.000,35.000,9.000,-2.000,0.000,0.000,0
2026-01-31 12:03:32,1887494,-993.000,7617.000,-1944.000,-5.000,25.000,15.000,0.000,0.000,0
2026-01-31 12:03:32,1887534,-972.000,7732.000,-2011.000,39.000,25.000,12.000,0.000,0.000,0
2026-01-31 12:03:32,1887574,-930.000,7705.000,-2009.000,18.000,17.000,2.000,0.000,0.000,0
2026-01-31 12:03:32,1887614,-958.000,7692.000,-1983.000,20.000,22.000,-13.000,0.000,0.000,0
2026-01-31 12:03:32,1887654,-971.000,7718.000,-1981.000,2.000,12.000,-8.000,0.000,0.000,0
2026-01-31 12:03:32,1887694,-961.000,7636.000,-1981.000,-46.000,12.000,14.000,0.000,0.000,0
2026-01-31 12:03:32,1887734,-981.000,7687.000,-1985.000,36.000,12.000,15.000,0.000,0.000,0
2026-01-31 12:03:32,1887774,-950.000,7728.000,-1964.000,-3.000,9.000,19.000,0.000,0.000,0
2026-01-31 12:03:32,1887815,-995.000,7610.000,-1977.000,13.000,45.000,31.000,0.000,0.000,0
2026-01-31 12:03:32,1887854,-947.000,7673.000,-1965.000,9.000,50.000,44.000,0.000,0.000,0
2026-01-31 12:03:32,1887894,-940.000,7718.000,-2046.000,-4.000,45.000,16.000,0.000,0.000,0
2026-01-31 12:03:32,1887934,-979.000,7717.000,-2023.000,33.000,26.000,-14.000,0.000,0.000,0
2026-01-31 12:03:32,1887974,-917.000,7727.000,-1985.000,-3.000,-10.000,-22.000,0.000,0.000,0
2026-01-31 12:03:32,1888016,-948.000,7698.000,-1973.000,-49.000,19.000,-21.000,0.000,0.000,0
2026-01-31 12:03:32,1888054,-949.000,7648.000,-1982.000,-35.000,6.000,-14.000,0.000,0.000,0
2026-01-31 12:03:32,1888094,-1067.000,7614.000,-2067.000,-76.000,-7.000,53.000,0.000,0.000,0
2026-01-31 12:03:32,1888134,-1068.000,7753.000,-1947.000,-124.000,-28.000,157.000,0.000,0.000,0
2026-01-31 12:03:32,1888174,-866.000,7854.000,-1942.000,-241.000,-84.000,337.000,0.000,0.000,0
2026-01-31 12:03:32,1888214,-899.000,7741.000,-2059.000,-1065.000,-263.000,645.000,0.000,0.000,0
2026-01-31 12:03:32,1888254,-765.000,7598.000,-1817.000,-892.000,-569.000,727.000,0.000,0.000,0
2026-01-31 12:03:32,1888294,-558.000,8099.000,-1331.000,-860.000,-546.000,722.000,0.000,0.000,0
2026-01-31 12:03:32,1888334,-705.000,8014.000,-1299.000,-1183.000,-253.000,601.000,0.000,0.000,0
2026-01-31 12:03:32,1888374,-590.000,7717.000,-1409.000,-1171.000,-54.000,326.000,0.000,0.000,0
2026-01-31 12:03:33,1888414,-703.000,7346.000,-1349.000,950.000,315.000,-78.000,0.000,0.000,0
2026-01-31 12:03:33,1888454,-635.000,8444.000,-1492.000,1623.000,294.000,-561.000,0.000,0.000,0
2026-01-31 12:03:33,1888494,-607.000,7680.000,-1866.000,1033.000,315.000,-820.000,0.000,0.000,0
2026-01-31 12:03:33,1888534,-853.000,7314.000,-1757.000,1244.000,430.000,-756.000,0.000,0.000,0
2026-01-31 12:03:33,1888574,-1029.000,7789.000,-2009.000,1540.000,395.000,-722.000,0.000,0.000,0
2026-01-31 12:03:33,1888614,-843.000,7697.000,-2034.000,875.000,286.000,-343.000,0.000,0.000,0
2026-01-31 12:03:33,1888654,-862.000,7653.000,-2163.000,580.000,246.000,-209.000,0.000,0.000,0
2026-01-31 12:03:33,1888694,-984.000,7909.000,-2338.000,392.000,52.000,-67.000,0.000,0.000,0
2026-01-31 12:03:33,1888734,-1025.000,7704.000,-2251.000,-138.000,-76.000,-7.000,0.000,0.000,0
2026-01-31 12:03:33,1888774,-964.000,7675.000,-2013.000,-127.000,-54.000,-61.000,0.000,0.000,0
2026-01-31 12:03:33,1888814,-967.000,7671.000,-2142.000,-161.000,1.000,-22.000,0.000,0.000,0
2026-01-31 12:03:33,1888854,-933.000,7565.000,-2178.000,-241.000,27.000,60.000,0.000,0.000,0
2026-01-31 12:03:33,1888894,-984.000,7650.000,-2156.000,-160.000,28.000,85.000,0.000,0.000,0
2026-01-31 12:03:33,1888934,-929.000,7693.000,-2090.000,-97.000,15.000,77.000,0.000,0.000,0
2026-01-31 12:03:33,1888974,-889.000,7656.000,-2087.000,-87.000,24.000,38.000,0.000,0.000,0
2026-01-31 12:03:33,1889014,-1016.000,7664.000,-2133.000,-167.000,14.000,76.000,0.000,0.000,0
2026-01-31 12:03:33,1889054,-935.000,7435.000,-2089.000,-233.000,-28.000,112.000,0.000,0.000,0
2026-01-31 12:03:33,1889094,-904.000,7900.000,-2009.000,72.000,6.000,21.000,0.000,0.000,0
2026-01-31 12:03:33,1889134,-892.000,7656.000,-2057.000,-149.000,1.000,67.000,0.000,0.000,0
2026-01-31 12:03:33,1889174,-939.000,7653.000,-2053.000,-81.000,3.000,66.000,0.000,0.000,0
2026-01-31 12:03:33,1889214,-913.000,7665.000,-2000.000,-160.000,-5.000,87.000,0.000,0.000,0
2026-01-31 12:03:33,1889254,-910.000,7699.000,-2081.000,-32.000,12.000,31.000,0.000,0.000,0
2026-01-31 12:03:33,1889294,-905.000,7708.000,-2028.000,69.000,6.000,24.000,0.000,0.000,0
2026-01-31 12:03:33,1889334,-874.000,7716.000,-2052.000,-139.000,-10.000,46.000,0.000,0.000,0
2026-01-31 12:03:33,1889374,-891.000,7624.000,-2001.000,-152.000,-7.000,61.000,0.000,0.000,0
2026-01-31 12:03:34,1889414,-910.000,7775.000,-1989.000,35.000,18.000,3.000,0.000,0.000,0
2026-01-31 12:03:34,1889454,-909.000,7588.000,-2005.000,-9.000,18.000,19.000,0.000,0.000,0
2026-01-31 12:03:34,1889494,-927.000,7755.000,-2048.000,-52.000,8.000,37.000,0.000,0.000,0
2026-01-31 12:03:34,1889534,-845.000,7675.000,-1973.000,-49.000,-27.000,33.000,0.000,0.000,0
2026-01-31 12:03:34,1889574,-826.000,7714.000,-1992.000,-44.000,5.000,12.000,0.000,0.000,0
2026-01-31 12:03:34,1889614,-922.000,7742.000,-2051.000,-25.000,15.000,8.000,0.000,0.000,0
2026-01-31 12:03:34,1889654,-853.000,7673.000,-1966.000,-91.000,-6.000,47.000,0.000,0.000,0
2026-01-31 12:03:34,1889694,-837.000,7680.000,-1976.000,-62.000,-1.000,33.000,0.000,0.000,0
2026-01-31 12:03:34,1889734,-867.000,7813.000,-1953.000,-79.000,21.000,12.000,0.000,0.000,0
2026-01-31 12:03:34,1889774,-920.000,7718.000,-1929.000,-152.000,36.000,3.000,0.000,0.000,0
2026-01-31 12:03:34,1889814,-818.000,7808.000,-1939.000,-37.000,5.000,5.000,0.000,0.000,0
2026-01-31 12:03:34,1889854,-886.000,7643.000,-2045.000,-137.000,-7.000,17.000,0.000,0.000,0
2026-01-31 12:03:34,1889894,-915.000,7656.000,-1950.000,-48.000,-24.000,21.000,0.000,0.000,0
2026-01-31 12:03:34,1889934,-847.000,7762.000,-1893.000,-1.000,-9.000,23.000,0.000,0.000,0
2026-01-31 12:03:34,1889974,-828.000,7705.000,-1985.000,-12.000,9.000,21.000,0.000,0.000,0
2026-01-31 12:03:34,1890015,-891.000,7693.000,-1961.000,14.000,18.000,21.000,0.000,0.000,0
2026-01-31 12:03:34,1890054,-901.000,7704.000,-1945.000,29.000,4.000,19.000,0.000,0.000,0
2026-01-31 12:03:34,1890094,-848.000,7743.000,-1971.000,25.000,-3.000,37.000,0.000,0.000,0
2026-01-31 12:03:34,1890134,-866.000,7728.000,-1949.000,7.000,17.000,30.000,0.000,0.000,0
2026-01-31 12:03:34,1890174,-869.000,7697.000,-1960.000,-16.000,15.000,24.000,0.000,0.000,0
2026-01-31 12:03:34,1890214,-853.000,7692.000,-1954.000,12.000,-7.000,17.000,0.000,0.000,0
2026-01-31 12:03:34,1890254,-903.000,7821.000,-2036.000,-68.000,-33.000,53.000,0.000,0.000,0
2026-01-31 12:03:34,1890294,-788.000,7695.000,-1871.000,64.000,-36.000,72.000,0.000,0.000,0
2026-01-31 12:03:34,1890334,-794.000,7743.000,-1936.000,-59.000,9.000,49.000,0.000,0.000,0
2026-01-31 12:03:34,1890374,-854.000,7691.000,-1971.000,-106.000,35.000,31.000,0.000,0.000,0
2026-01-31 12:03:35,1890414,-862.000,7679.000,-2017.000,-29.000,-17.000,-13.000,0.000,0.000,0
2026-01-31 12:03:35,1890454,-841.000,7793.000,-1900.000,31.000,-9.000,-4.000,0.000,0.000,0
2026-01-31 12:03:35,1890494,-821.000,7719.000,-1939.000,-7.000,20.000,19.000,0.000,0.000,0
2026-01-31 12:03:35,1890534,-852.000,7712.000,-1960.000,1.000,21.000,20.000,0.000,0.000,0
2026-01-31 12:03:35,1890574,-814.000,7696.000,-1933.000,17.000,-5.000,-11.000,0.000,0.000,0
2026-01-31 12:03:35,1890614,-854.000,7780.000,-1936.000,28.000,10.000,-27.000,0.000,0.000,0
2026-01-31 12:03:35,1890654,-827.000,7648.000,-1938.000,-12.000,23.000,-11.000,0.000,0.000,0
2026-01-31 12:03:35,1890694,-810.000,7755.000,-1938.000,96.000,31.000,-54.000,0.000,0.000,0
2026-01-31 12:03:35,1890734,-913.000,8275.000,-2010.000,-195.000,-74.000,-16.000,0.000,0.000,0
2026-01-31 12:03:35,1890774,-568.000,7736.000,-1873.000,-136.000,-56.000,129.000,0.000,0.000,0
2026-01-31 12:03:35,1890814,-704.000,7431.000,-2006.000,-180.000,-29.000,3.000,0.000,0.000,0
2026-01-31 12:03:35,1890854,-825.000,7673.000,-1941.000,189.000,100.000,-136.000,0.000,0.000,0
2026-01-31 12:03:35,1890894,-964.000,7654.000,-1938.000,-36.000,85.000,-48.000,0.000,0.000,0
2026-01-31 12:03:35,1890934,-842.000,7714.000,-1946.000,50.000,-22.000,-6.000,0.000,0.000,0
2026-01-31 12:03:35,1890974,-834.000,7673.000,-1948.000,67.000,16.000,-29.000,0.000,0.000,0
2026-01-31 12:03:35,1891014,-816.000,7779.000,-1942.000,44.000,23.000,-25.000,0.000,0.000,0
2026-01-31 12:03:35,1891054,-799.000,7714.000,-1893.000,14.000,42.000,14.000,0.000,0.000,0
2026-01-31 12:03:35,1891094,-857.000,7535.000,-1981.000,-18.000,56.000,43.000,0.000,0.000,0
2026-01-31 12:03:35,1891134,-863.000,7787.000,-1877.000,153.000,91.000,77.000,0.000,0.000,0
2026-01-31 12:03:35,1891174,-755.000,7809.000,-1924.000,-37.000,47.000,89.000,0.000,0.000,0
2026-01-31 12:03:35,1891214,-970.000,7691.000,-2082.000,-127.000,33.000,-1.000,0.000,0.000,0
2026-01-31 12:03:35,1891254,-860.000,7679.000,-1880.000,98.000,-38.000,-27.000,0.000,0.000,0
2026-01-31 12:03:35,1891294,-757.000,7674.000,-1876.000,-106.000,-15.000,52.000,0.000,0.000,0
2026-01-31 12:03:35,1891334,-807.000,7838.000,-1985.000,55.000,15.000,39.000,0.000,0.000,0
2026-01-31 12:03:35,1891374,-802.000,7519.000,-1969.000,-81.000,-42.000,40.000,0.000,0.000,0
2026-01-31 12:03:36,1891414,-795.000,7876.000,-1868.000,1.000,-16.000,12.000,0.000,0.000,0
2026-01-31 12:03:36,1891454,-811.000,7622.000,-1964.000,-141.000,-8.000,16.000,0.000,0.000,0
2026-01-31 12:03:36,1891494,-828.000,7724.000,-1928.000,19.000,7.000,-6.000,0.000,0.000,0
2026-01-31 12:03:36,1891534,-828.000,7733.000,-1901.000,25.000,-3.000,-7.000,0.000,0.000,0
2026-01-31 12:03:36,1891574,-807.000,7699.000,-1943.000,-27.000,-6.000,13.000,0.000,0.000,0
2026-01-31 12:03:36,1891614,-840.000,7727.000,-1930.000,69.000,4.000,-16.000,0.000,0.000,0
2026-01-31 12:03:36,1891654,-819.000,7692.000,-1918.000,46.000,15.000,-28.000,0.000,0.000,0
2026-01-31 12:03:36,1891694,-915.000,8540.000,-2096.000,-29.000,-52.000,-44.000,0.000,0.000,0
2026-01-31 12:03:36,1891734,-1195.000,9099.000,-1385.000,941.000,192.000,-97.000,0.000,0.000,0
2026-01-31 12:03:36,1891775,-569.000,7726.000,-1844.000,177.000,53.000,-104.000,0.000,0.000,0
2026-01-31 12:03:36,1891814,-850.000,7607.000,-2039.000,75.000,143.000,-76.000,0.000,0.000,0
2026-01-31 12:03:36,1891854,-996.000,7607.000,-2048.000,-63.000,65.000,-52.000,0.000,0.000,0
2026-01-31 12:03:36,1891894,-783.000,7735.000,-1755.000,68.000,-13.000,31.000,0.000,0.000,0
2026-01-31 12:03:36,1891934,-863.000,7778.000,-1918.000,-26.000,31.000,38.000,0.000,0.000,0
2026-01-31 12:03:36,1891974,-755.000,7799.000,-2014.000,-36.000,-34.000,37.000,0.000,0.000,0
2026-01-31 12:03:36,1892016,-817.000,7470.000,-1929.000,-267.000,-73.000,55.000,0.000,0.000,0
2026-01-31 12:03:36,1892054,-849.000,7962.000,-1742.000,118.000,-2.000,-60.000,0.000,0.000,0
2026-01-31 12:03:36,1892094,-858.000,7670.000,-1952.000,-62.000,-3.000,-15.000,0.000,0.000,0
2026-01-31 12:03:36,1892134,-797.000,7809.000,-1861.000,106.000,6.000,-30.000,0.000,0.000,0
2026-01-31 12:03:36,1892174,-864.000,7688.000,-1907.000,3.000,23.000,-21.000,0.000,0.000,0
2026-01-31 12:03:36,1892214,-896.000,8157.000,-1978.000,246.000,15.000,-97.000,0.000,0.000,0
2026-01-31 12:03:36,1892254,-508.000,6282.000,-2090.000,-1216.000,-139.000,355.000,0.000,0.000,0
2026-01-31 12:03:36,1892294,-858.000,7693.000,-1823.000,-168.000,10.000,43.000,0.000,0.000,0
2026-01-31 12:03:36,1892334,-800.000,7833.000,-1783.000,242.000,101.000,-159.000,0.000,0.000,0
2026-01-31 12:03:36,1892374,-977.000,7944.000,-1994.000,78.000,83.000,-88.000,0.000,0.000,0
2026-01-31 12:03:37,1892414,-957.000,7688.000,-1981.000,20.000,-61.000,-87.000,0.000,0.000,0
2026-01-31 12:03:37,1892454,-739.000,7728.000,-1757.000,147.000,-68.000,-40.000,0.000,0.000,0
2026-01-31 12:03:37,1892494,-840.000,7720.000,-1984.000,-62.000,30.000,-48.000,0.000,0.000,0
2026-01-31 12:03:37,1892534,-905.000,7674.000,-1880.000,109.000,23.000,-54.000,0.000,0.000,0
2026-01-31 12:03:37,1892574,-832.000,7760.000,-1879.000,75.000,8.000,-29.000,0.000,0.000,0
2026-01-31 12:03:37,1892614,-844.000,7719.000,-1961.000,-32.000,25.000,3.000,0.000,0.000,0
2026-01-31 12:03:37,1892654,-861.000,7659.000,-1886.000,8.000,17.000,-25.000,0.000,0.000,0
2026-01-31 12:03:37,1892694,-888.000,7759.000,-1930.000,24.000,18.000,-44.000,0.000,0.000,0
2026-01-31 12:03:37,1892734,-900.000,7653.000,-1927.000,-41.000,7.000,-6.000,0.000,0.000,0
2026-01-31 12:03:37,1892774,-888.000,7753.000,-1912.000,39.000,1.000,8.000,0.000,0.000,0
2026-01-31 12:03:37,1892814,-865.000,7737.000,-1891.000,1.000,8.000,12.000,0.000,0.000,0
2026-01-31 12:03:37,1892854,-886.000,7683.000,-1923.000,-14.000,7.000,18.000,0.000,0.000,0
2026-01-31 12:03:37,1892894,-860.000,7698.000,-1920.000,-21.000,4.000,-3.000,0.000,0.000,0
2026-01-31 12:03:37,1892934,-865.000,7699.000,-1906.000,12.000,9.000,20.000,0.000,0.000,0
2026-01-31 12:03:37,1892974,-870.000,7721.000,-1935.000,-13.000,15.000,26.000,0.000,0.000,0
2026-01-31 12:03:37,1893014,-876.000,7729.000,-1937.000,14.000,6.000,-7.000,0.000,0.000,0
2026-01-31 12:03:37,1893054,-844.000,7720.000,-1854.000,61.000,23.000,38.000,0.000,0.000,0
2026-01-31 12:03:37,1893094,-918.000,7741.000,-1990.000,-49.000,18.000,16.000,0.000,0.000,0
2026-01-31 12:03:37,1893134,-875.000,7761.000,-1915.000,-14.000,-9.000,-17.000,0.000,0.000,0
2026-01-31 12:03:37,1893174,-853.000,7724.000,-1906.000,6.000,-8.000,-15.000,0.000,0.000,0
2026-01-31 12:03:37,1893214,-812.000,7872.000,-1885.000,-133.000,-16.000,-8.000,0.000,0.000,0
2026-01-31 12:03:37,1893254,-972.000,7882.000,-2138.000,-273.000,39.000,5.000,0.000,0.000,0
2026-01-31 12:03:37,1893294,-837.000,7842.000,-1972.000,266.000,-121.000,-76.000,0.000,0.000,0
2026-01-31 12:03:37,1893334,-668.000,7548.000,-1613.000,-56.000,-16.000,36.000,0.000,0.000,0
2026-01-31 12:03:37,1893374,-930.000,7815.000,-2027.000,-9.000,108.000,45.000,0.000,0.000,0
2026-01-31 12:03:38,1893414,-906.000,7630.000,-1958.000,54.000,27.000,27.000,0.000,0.000,0
2026-01-31 12:03:38,1893454,-827.000,7858.000,-1849.000,71.000,14.000,20.000,0.000,0.000,0
2026-01-31 12:03:38,1893494,-878.000,7736.000,-1939.000,-32.000,33.000,-1.000,0.000,0.000,0
2026-01-31 12:03:38,1893534,-910.000,7622.000,-1975.000,-27.000,9.000,-14.000,0.000,0.000,0
2026-01-31 12:03:38,1893574,-849.000,7784.000,-1908.000,32.000,-17.000,-23.000,0.000,0.000,0
2026-01-31 12:03:38,1893614,-835.000,7722.000,-1914.000,-2.000,1.000,-8.000,0.000,0.000,0
2026-01-31 12:03:38,1893654,-887.000,7785.000,-1923.000,-20.000,12.000,8.000,0.000,0.000,0
2026-01-31 12:03:38,1893694,-892.000,7640.000,-1903.000,-19.000,19.000,32.000,0.000,0.000,0
2026-01-31 12:03:38,1893734,-867.000,7819.000,-1916.000,68.000,-3.000,-4.000,0.000,0.000,0
2026-01-31 12:03:38,1893774,-871.000,7730.000,-1924.000,-6.000,3.000,-17.000,0.000,0.000,0
2026-01-31 12:03:38,1893814,-859.000,7691.000,-1937.000,-38.000,-4.000,0.000,0.000,0.000,0
2026-01-31 12:03:38,1893854,-860.000,7693.000,-1908.000,40.000,4.000,9.000,0.000,0.000,0
2026-01-31 12:03:38,1893894,-851.000,7787.000,-1928.000,37.000,3.000,35.000,0.000,0.000,0
2026-01-31 12:03:38,1893934,-845.000,7679.000,-1976.000,-25.000,5.000,35.000,0.000,0.000,0
2026-01-31 12:03:38,1893974,-863.000,7731.000,-1916.000,37.000,6.000,25.000,0.000,0.000,0
2026-01-31 12:03:38,1894015,-852.000,7734.000,-1930.000,16.000,23.000,28.000,0.000,0.000,0
2026-01-31 12:03:38,1894054,-845.000,7677.000,-1945.000,-4.000,32.000,20.000,0.000,0.000,0
2026-01-31 12:03:38,1894094,-868.000,7718.000,-1932.000,44.000,37.000,17.000,0.000,0.000,0
2026-01-31 12:03:38,1894134,-849.000,7745.000,-1920.000,38.000,20.000,26.000,0.000,0.000,0
2026-01-31 12:03:38,1894174,-833.000,7739.000,-1930.000,-23.000,16.000,17.000,0.000,0.000,0
2026-01-31 12:03:38,1894214,-833.000,7744.000,-1959.000,-9.000,14.000,2.000,0.000,0.000,0
2026-01-31 12:03:38,1894254,-812.000,7716.000,-1918.000,-48.000,11.000,15.000,0.000,0.000,0
2026-01-31 12:03:38,1894294,-906.000,7697.000,-1885.000,-102.000,35.000,28.000,0.000,0.000,0
2026-01-31 12:03:38,1894334,-843.000,7822.000,-1932.000,-71.000,6.000,13.000,0.000,0.000,0
2026-01-31 12:03:38,1894374,-869.000,7891.000,-1979.000,-260.000,-19.000,-1.000,0.000,0.000,0
2026-01-31 12:03:39,1894414,-848.000,7802.000,-1675.000,-598.000,-74.000,103.000,0.000,0.000,0
2026-01-31 12:03:39,1894454,-795.000,7626.000,-1768.000,-1084.000,-117.000,320.000,0.000,0.000,0
2026-01-31 12:03:39,1894494,-866.000,8109.000,-1638.000,-1301.000,-92.000,452.000,0.000,0.000,0
2026-01-31 12:03:39,1894534,-731.000,7508.000,-1709.000,-1777.000,-306.000,548.000,0.000,0.000,0
2026-01-31 12:03:39,1894574,-693.000,7885.000,-1251.000,-1199.000,-258.000,347.000,0.000,0.000,0
2026-01-31 12:03:39,1894614,-647.000,7952.000,-1072.000,-365.000,-58.000,25.000,0.000,0.000,0
2026-01-31 12:03:39,1894654,-686.000,7532.000,-1280.000,163.000,172.000,-66.000,0.000,0.000,0
2026-01-31 12:03:39,1894694,-699.000,8100.000,-1344.000,598.000,193.000,-357.000,0.000,0.000,0
2026-01-31 12:03:39,1894734,-740.000,7527.000,-1492.000,372.000,196.000,-418.000,0.000,0.000,0
2026-01-31 12:03:39,1894774,-808.000,7676.000,-1574.000,952.000,118.000,-355.000,0.000,0.000,0
2026-01-31 12:03:39,1894814,-756.000,7894.000,-1430.000,490.000,115.000,-19.000,0.000,0.000,0
2026-01-31 12:03:39,1894854,-780.000,7992.000,-1637.000,203.000,134.000,-12.000,0.000,0.000,0
2026-01-31 12:03:39,1894894,-908.000,7668.000,-1733.000,185.000,88.000,-47.000,0.000,0.000,0
2026-01-31 12:03:39,1894934,-877.000,7787.000,-1636.000,547.000,24.000,-127.000,0.000,0.000,0
2026-01-31 12:03:39,1894974,-848.000,7747.000,-1702.000,515.000,24.000,-153.000,0.000,0.000,0
2026-01-31 12:03:39,1895014,-830.000,7644.000,-1783.000,739.000,25.000,-198.000,0.000,0.000,0
2026-01-31 12:03:39,1895054,-913.000,7524.000,-1808.000,1563.000,120.000,-347.000,0.000,0.000,0
2026-01-31 12:03:39,1895094,-962.000,7898.000,-2136.000,1748.000,213.000,-539.000,0.000,0.000,0
2026-01-31 12:03:39,1895134,-932.000,7725.000,-2000.000,1678.000,265.000,-501.000,0.000,0.000,0
2026-01-31 12:03:39,1895174,-955.000,7892.000,-2236.000,920.000,278.000,-353.000,0.000,0.000,0
2026-01-31 12:03:39,1895214,-959.000,7281.000,-2557.000,-44.000,215.000,-53.000,0.000,0.000,0
2026-01-31 12:03:39,1895254,-1045.000,7569.000,-2524.000,73.000,62.000,86.000,0.000,0.000,0
2026-01-31 12:03:39,1895294,-996.000,7822.000,-2247.000,-76.000,-44.000,100.000,0.000,0.000,0
2026-01-31 12:03:39,1895334,-908.000,7629.000,-2197.000,-538.000,-31.000,170.000,0.000,0.000,0
2026-01-31 12:03:39,1895374,-996.000,7303.000,-2295.000,-629.000,46.000,235.000,0.000,0.000,0
2026-01-31 12:03:40,1895414,-1063.000,7937.000,-2352.000,143.000,-30.000,-26.000,0.000,0.000,0
2026-01-31 12:03:40,1895454,-959.000,7432.000,-2081.000,-109.000,-52.000,-25.000,0.000,0.000,0
2026-01-31 12:03:40,1895494,-927.000,7745.000,-2182.000,-144.000,7.000,33.000,0.000,0.000,0
2026-01-31 12:03:40,1895534,-925.000,7590.000,-2252.000,-213.000,5.000,58.000,0.000,0.000,0
2026-01-31 12:03:40,1895574,-950.000,7687.000,-2163.000,14.000,43.000,-7.000,0.000,0.000,0
2026-01-31 12:03:40,1895614,-996.000,7667.000,-2230.000,-67.000,22.000,12.000,0.000,0.000,0
2026-01-31 12:03:40,1895654,-944.000,7602.000,-2225.000,-132.000,-19.000,26.000,0.000,0.000,0
2026-01-31 12:03:40,1895694,-957.000,7659.000,-2161.000,-100.000,-29.000,20.000,0.000,0.000,0
2026-01-31 12:03:40,1895734,-935.000,7708.000,-2107.000,-196.000,-8.000,64.000,0.000,0.000,0
2026-01-31 12:03:40,1895775,-907.000,7548.000,-2148.000,-280.000,8.000,85.000,0.000,0.000,0
2026-01-31 12:03:40,1895814,-925.000,7683.000,-2111.000,-75.000,31.000,62.000,0.000,0.000,0
2026-01-31 12:03:40,1895854,-939.000,7730.000,-2110.000,-274.000,21.000,120.000,0.000,0.000,0
2026-01-31 12:03:40,1895894,-886.000,7601.000,-2137.000,-253.000,11.000,106.000,0.000,0.000,0
2026-01-31 12:03:40,1895934,-889.000,7663.000,-2017.000,-280.000,35.000,89.000,0.000,0.000,0
2026-01-31 12:03:40,1895974,-901.000,7654.000,-2004.000,-163.000,49.000,94.000,0.000,0.000,0
2026-01-31 12:03:40,1896015,-856.000,7760.000,-2020.000,-117.000,4.000,69.000,0.000,0.000,0
2026-01-31 12:03:40,1896054,-871.000,7659.000,-2010.000,-255.000,1.000,57.000,0.000,0.000,0
2026-01-31 12:03:40,1896094,-885.000,7638.000,-1980.000,-157.000,7.000,54.000,0.000,0.000,0
2026-01-31 12:03:40,1896134,-847.000,7730.000,-1960.000,-103.000,-18.000,61.000,0.000,0.000,0
2026-01-31 12:03:40,1896174,-879.000,7785.000,-1960.000,-91.000,-19.000,43.000,0.000,0.000,0
2026-01-31 12:03:40,1896214,-751.000,7836.000,-1986.000,-43.000,-58.000,-41.000,0.000,0.000,0
2026-01-31 12:03:40,1896254,-815.000,7601.000,-1953.000,-143.000,-45.000,-50.000,0.000,0.000,0
2026-01-31 12:03:40,1896294,-918.000,7642.000,-1947.000,12.000,-9.000,-16.000,0.000,0.000,0
2026-01-31 12:03:40,1896334,-848.000,7776.000,-1947.000,-24.000,-9.000,70.000,0.000,0.000,0
2026-01-31 12:03:40,1896374,-818.000,7828.000,-1942.000,35.000,18.000,44.000,0.000,0.000,0
2026-01-31 12:03:41,1896414,-845.000,7634.000,-2004.000,-110.000,-29.000,22.000,0.000,0.000,0
2026-01-31 12:03:41,1896454,-854.000,7738.000,-1900.000,-109.000,-27.000,43.000,0.000,0.000,0
2026-01-31 12:03:41,1896494,-825.000,7709.000,-1883.000,-71.000,-3.000,49.000,0.000,0.000,0
2026-01-31 12:03:41,1896534,-857.000,7665.000,-1991.000,69.000,14.000,3.000,0.000,0.000,0
2026-01-31 12:03:41,1896574,-894.000,7834.000,-1949.000,43.000,7.000,19.000,0.000,0.000,0
2026-01-31 12:03:41,1896614,-839.000,7684.000,-1908.000,-57.000,-22.000,33.000,0.000,0.000,0
2026-01-31 12:03:41,1896654,-831.000,7722.000,-1961.000,41.000,-35.000,8.000,0.000,0.000,0
2026-01-31 12:03:41,1896694,-848.000,7749.000,-1872.000,-47.000,-13.000,23.000,0.000,0.000,0
2026-01-31 12:03:41,1896734,-828.000,7714.000,-1989.000,22.000,-5.000,5.000,0.000,0.000,0
2026-01-31 12:03:41,1896774,-805.000,7790.000,-1879.000,-25.000,-2.000,10.000,0.000,0.000,0
2026-01-31 12:03:41,1896814,-851.000,7668.000,-1902.000,-80.000,7.000,4.000,0.000,0.000,0
2026-01-31 12:03:41,1896854,-864.000,7764.000,-1913.000,-53.000,15.000,19.000,0.000,0.000,0
2026-01-31 12:03:41,1896894,-830.000,7734.000,-1916.000,-96.000,39.000,52.000,0.000,0.000,0
2026-01-31 12:03:41,1896934,-865.000,7720.000,-1932.000,-117.000,41.000,36.000,0.000,0.000,0
2026-01-31 12:03:41,1896974,-852.000,7810.000,-1944.000,-115.000,-8.000,9.000,0.000,0.000,0
2026-01-31 12:03:41,1897014,-771.000,7815.000,-1845.000,-12.000,-25.000,-74.000,0.000,0.000,0
2026-01-31 12:03:41,1897054,-809.000,7584.000,-1867.000,-71.000,-5.000,-74.000,0.000,0.000,0
2026-01-31 12:03:41,1897094,-853.000,7672.000,-1894.000,16.000,21.000,8.000,0.000,0.000,0
2026-01-31 12:03:41,1897134,-1055.000,7269.000,-1899.000,-1172.000,-127.000,427.000,0.000,0.000,0
2026-01-31 12:03:41,1897174,-1089.000,8603.000,-1532.000,1079.000,106.000,-51.000,0.000,0.000,0
2026-01-31 12:03:41,1897214,-627.000,7965.000,-1890.000,1148.000,-44.000,-175.000,0.000,0.000,0
2026-01-31 12:03:41,1897254,-830.000,7779.000,-2011.000,409.000,60.000,-143.000,0.000,0.000,0
2026-01-31 12:03:41,1897294,-906.000,7540.000,-2056.000,-240.000,53.000,2.000,0.000,0.000,0
2026-01-31 12:03:41,1897334,-839.000,7689.000,-1961.000,-121.000,-11.000,26.000,0.000,0.000,0
2026-01-31 12:03:41,1897374,-804.000,7695.000,-1933.000,105.000,12.000,-33.000,0.000,0.000,0
2026-01-31 12:03:42,1897414,-867.000,7682.000,-1951.000,45.000,70.000,-21.000,0.000,0.000,0
2026-01-31 12:03:42,1897454,-851.000,7726.000,-1985.000,95.000,60.000,-40.000,0.000,0.000,0
2026-01-31 12:03:42,1897494,-857.000,7669.000,-1998.000,6.000,20.000,-23.000,0.000,0.000,0
2026-01-31 12:03:42,1897534,-827.000,7700.000,-1951.000,19.000,13.000,-27.000,0.000,0.000,0
2026-01-31 12:03:42,1897574,-856.000,7698.000,-1980.000,97.000,35.000,-42.000,0.000,0.000,0
2026-01-31 12:03:42,1897614,-841.000,7745.000,-2044.000,28.000,22.000,-25.000,0.000,0.000,0
2026-01-31 12:03:42,1897654,-814.000,7670.000,-1910.000,62.000,31.000,-41.000,0.000,0.000,0
2026-01-31 12:03:42,1897694,-876.000,7781.000,-1938.000,196.000,96.000,-127.000,0.000,0.000,0
2026-01-31 12:03:42,1897734,-841.000,7287.000,-2073.000,219.000,93.000,-159.000,0.000,0.000,0
2026-01-31 12:03:42,1897775,-751.000,8558.000,-1826.000,1106.000,264.000,-631.000,0.000,0.000,0
2026-01-31 12:03:42,1897814,-1182.000,7231.000,-2272.000,-322.000,399.000,-404.000,0.000,0.000,0
2026-01-31 12:03:42,1897854,-982.000,7483.000,-2260.000,205.000,342.000,-418.000,0.000,0.000,0
2026-01-31 12:03:42,1897894,-1056.000,7702.000,-2114.000,865.000,488.000,-571.000,0.000,0.000,0
2026-01-31 12:03:42,1897934,-1074.000,7627.000,-2269.000,188.000,478.000,-266.000,0.000,0.000,0
2026-01-31 12:03:42,1897974,-1043.000,7150.000,-2387.000,-401.000,402.000,125.000,0.000,0.000,0
2026-01-31 12:03:42,1898015,-1001.000,7577.000,-2427.000,-136.000,215.000,281.000,0.000,0.000,0
2026-01-31 12:03:42,1898054,-845.000,7692.000,-2305.000,51.000,45.000,194.000,0.000,0.000,0
2026-01-31 12:03:42,1898094,-911.000,7866.000,-2133.000,42.000,31.000,37.000,0.000,0.000,0
2026-01-31 12:03:42,1898134,-991.000,7731.000,-2154.000,-388.000,58.000,28.000,0.000,0.000,0
2026-01-31 12:03:42,1898174,-1176.000,7661.000,-2243.000,-764.000,94.000,105.000,0.000,0.000,0
2026-01-31 12:03:42,1898214,-1092.000,7654.000,-2154.000,-906.000,37.000,147.000,0.000,0.000,0
2026-01-31 12:03:42,1898254,-943.000,7506.000,-2056.000,-1047.000,42.000,166.000,0.000,0.000,0
2026-01-31 12:03:42,1898294,-1021.000,7875.000,-1916.000,-731.000,48.000,88.000,0.000,0.000,0
2026-01-31 12:03:42,1898334,-925.000,7467.000,-1879.000,-803.000,-28.000,73.000,0.000,0.000,0
2026-01-31 12:03:42,1898374,-947.000,7628.000,-1862.000,-293.000,-53.000,44.000,0.000,0.000,0
2026-01-31 12:03:43,1898414,-880.000,7752.000,-1773.000,-42.000,-81.000,80.000,0.000,0.000,0
2026-01-31 12:03:43,1898454,-872.000,7776.000,-1789.000,-49.000,-45.000,91.000,0.000,0.000,0
2026-01-31 12:03:43,1898494,-938.000,7649.000,-1814.000,-49.000,-26.000,67.000,0.000,0.000,0
2026-01-31 12:03:43,1898534,-924.000,7835.000,-1781.000,55.000,-38.000,57.000,0.000,0.000,0
2026-01-31 12:03:43,1898574,-866.000,7739.000,-1770.000,-62.000,-27.000,65.000,0.000,0.000,0
2026-01-31 12:03:43,1898614,-858.000,7710.000,-1827.000,-42.000,-29.000,64.000,0.000,0.000,0
2026-01-31 12:03:43,1898654,-852.000,7782.000,-1741.000,20.000,-17.000,34.000,0.000,0.000,0
2026-01-31 12:03:43,1898694,-873.000,7703.000,-1781.000,-31.000,3.000,29.000,0.000,0.000,0
2026-01-31 12:03:43,1898734,-861.000,7817.000,-1780.000,-6.000,-7.000,17.000,0.000,0.000,0
2026-01-31 12:03:43,1898774,-845.000,7784.000,-1765.000,-6.000,0.000,-12.000,0.000,0.000,0
2026-01-31 12:03:43,1898814,-837.000,7829.000,-1664.000,37.000,40.000,-59.000,0.000,0.000,0
2026-01-31 12:03:43,1898854,-870.000,7690.000,-1825.000,-10.000,80.000,-56.000,0.000,0.000,0
2026-01-31 12:03:43,1898894,-913.000,7673.000,-1866.000,85.000,62.000,-50.000,0.000,0.000,0
2026-01-31 12:03:43,1898934,-887.000,7795.000,-1777.000,94.000,22.000,-64.000,0.000,0.000,0
2026-01-31 12:03:43,1898974,-924.000,7770.000,-1789.000,166.000,41.000,-91.000,0.000,0.000,0
2026-01-31 12:03:43,1899014,-916.000,7792.000,-1813.000,67.000,25.000,-69.000,0.000,0.000,0
2026-01-31 12:03:43,1899054,-951.000,7627.000,-1881.000,118.000,15.000,-72.000,0.000,0.000,0
2026-01-31 12:03:43,1899094,-951.000,7796.000,-1804.000,108.000,-6.000,-52.000,0.000,0.000,0
2026-01-31 12:03:43,1899134,-981.000,7685.000,-1854.000,17.000,15.000,-35.000,0.000,0.000,0
2026-01-31 12:03:43,1899174,-968.000,7752.000,-1850.000,29.000,-11.000,-30.000,0.000,0.000,0
2026-01-31 12:03:43,1899214,-932.000,7732.000,-1854.000,4.000,0.000,-29.000,0.000,0.000,0
2026-01-31 12:03:43,1899254,-982.000,7723.000,-1842.000,21.000,20.000,-34.000,0.000,0.000,0
2026-01-31 12:03:43,1899294,-988.000,7724.000,-1849.000,19.000,16.000,-4.000,0.000,0.000,0
2026-01-31 12:03:43,1899334,-948.000,7715.000,-1859.000,-50.000,5.000,28.000,0.000,0.000,0
2026-01-31 12:03:43,1899374,-933.000,7734.000,-1888.000,21.000,10.000,2.000,0.000,0.000,0
2026-01-31 12:03:44,1899414,-989.000,7701.000,-1877.000,23.000,3.000,14.000,0.000,0.000,0
2026-01-31 12:03:44,1899454,-934.000,7704.000,-1823.000,-9.000,-15.000,-2.000,0.000,0.000,0
2026-01-31 12:03:44,1899494,-950.000,7790.000,-1838.000,122.000,11.000,-31.000,0.000,0.000,0
2026-01-31 12:03:44,1899534,-947.000,7824.000,-1902.000,32.000,16.000,-11.000,0.000,0.000,0
2026-01-31 12:03:44,1899574,-955.000,7705.000,-1886.000,-83.000,-1.000,26.000,0.000,0.000,0
2026-01-31 12:03:44,1899614,-929.000,7706.000,-1805.000,69.000,-19.000,30.000,0.000,0.000,0
2026-01-31 12:03:44,1899654,-922.000,7792.000,-1887.000,14.000,8.000,44.000,0.000,0.000,0
2026-01-31 12:03:44,1899694,-932.000,7742.000,-1874.000,-77.000,11.000,48.000,0.000,0.000,0
2026-01-31 12:03:44,1899734,-920.000,7734.000,-1826.000,-104.000,-5.000,-1.000,0.000,0.000,0
2026-01-31 12:03:44,1899774,-939.000,7733.000,-1833.000,-86.000,17.000,-29.000,0.000,0.000,0
2026-01-31 12:03:44,1899814,-940.000,7763.000,-1841.000,-123.000,25.000,1.000,0.000,0.000,0
2026-01-31 12:03:44,1899854,-936.000,7725.000,-1839.000,-64.000,8.000,-4.000,0.000,0.000,0
2026-01-31 12:03:44,1899894,-951.000,7757.000,-1822.000,-44.000,16.000,1.000,0.000,0.000,0
2026-01-31 12:03:44,1899934,-945.000,7728.000,-1819.000,-80.000,11.000,19.000,0.000,0.000,0
2026-01-31 12:03:44,1899974,-925.000,7724.000,-1839.000,2.000,10.000,7.000,0.000,0.000,0
2026-01-31 12:03:44,1900015,-898.000,7770.000,-1809.000,-15.000,20.000,8.000,0.000,0.000,0
2026-01-31 12:03:44,1900054,-972.000,7713.000,-1775.000,-47.000,25.000,15.000,0.000,0.000,0
2026-01-31 12:03:44,1900094,-965.000,7775.000,-1832.000,-2.000,19.000,15.000,0.000,0.000,0
2026-01-31 12:03:44,1900134,-955.000,7741.000,-1831.000,-10.000,12.000,-2.000,0.000,0.000,0
2026-01-31 12:03:44,1900174,-957.000,7755.000,-1789.000,-10.000,10.000,-10.000,0.000,0.000,0
2026-01-31 12:03:44,1900214,-946.000,7739.000,-1833.000,1.000,3.000,-12.000,0.000,0.000,0
2026-01-31 12:03:44,1900254,-959.000,7735.000,-1802.000,18.000,3.000,0.000,0.000,0.000,0
2026-01-31 12:03:44,1900294,-930.000,7763.000,-1802.000,-1.000,-10.000,9.000,0.000,0.000,0
2026-01-31 12:03:44,1900334,-963.000,7750.000,-1819.000,9.000,6.000,-7.000,0.000,0.000,0
2026-01-31 12:03:44,1900374,-961.000,7710.000,-1800.000,3.000,2.000,-7.000,0.000,0.000,0
2026-01-31 12:03:45,1900414,-939.000,7734.000,-1827.000,30.000,8.000,-3.000,0.000,0.000,0
2026-01-31 12:03:45,1900454,-953.000,7738.000,-1817.000,33.000,-1.000,1.000,0.000,0.000,0
2026-01-31 12:03:45,1900494,-936.000,7755.000,-1818.000,14.000,6.000,13.000,0.000,0.000,0
2026-01-31 12:03:45,1900534,-955.000,7715.000,-1860.000,6.000,-10.000,24.000,0.000,0.000,0
2026-01-31 12:03:45,1900574,-953.000,7755.000,-1867.000,52.000,-45.000,25.000,0.000,0.000,0
2026-01-31 12:03:45,1900614,-912.000,7757.000,-1810.000,-23.000,-51.000,14.000,0.000,0.000,0
2026-01-31 12:03:45,1900654,-932.000,7733.000,-1798.000,118.000,-27.000,-21.000,0.000,0.000,0
2026-01-31 12:03:45,1900694,-972.000,7748.000,-1809.000,54.000,-6.000,-3.000,0.000,0.000,0
2026-01-31 12:03:45,1900734,-968.000,7744.000,-1841.000,-6.000,3.000,16.000,0.000,0.000,0
2026-01-31 12:03:45,1900774,-943.000,7779.000,-1834.000,1.000,1.000,13.000,0.000,0.000,0
2026-01-31 12:03:45,1900814,-898.000,7740.000,-1839.000,-17.000,4.000,-4.000,0.000,0.000,0
2026-01-31 12:03:45,1900854,-969.000,7710.000,-1837.000,9.000,19.000,-7.000,0.000,0.000,0
2026-01-31 12:03:45,1900894,-957.000,7761.000,-1812.000,-2.000,18.000,14.000,0.000,0.000,0
2026-01-31 12:03:45,1900934,-920.000,7744.000,-1860.000,-25.000,17.000,18.000,0.000,0.000,0
2026-01-31 12:03:45,1900974,-958.000,7735.000,-1829.000,-32.000,13.000,-6.000,0.000,0.000,0
2026-01-31 12:03:45,1901014,-951.000,7757.000,-1848.000,-79.000,5.000,4.000,0.000,0.000,0
2026-01-31 12:03:45,1901054,-933.000,7751.000,-1819.000,-100.000,5.000,19.000,0.000,0.000,0
2026-01-31 12:03:45,1901094,-960.000,7693.000,-1808.000,-74.000,13.000,31.000,0.000,0.000,0
2026-01-31 12:03:45,1901134,-940.000,7701.000,-1830.000,-1.000,-6.000,14.000,0.000,0.000,0
2026-01-31 12:03:45,1901174,-958.000,7819.000,-1800.000,88.000,-2.000,-22.000,0.000,0.000,0
2026-01-31 12:03:45,1901214,-948.000,7721.000,-1798.000,-59.000,8.000,0.000,0.000,0.000,0
2026-01-31 12:03:45,1901254,-941.000,7709.000,-1833.000,-21.000,14.000,8.000,0.000,0.000,0
2026-01-31 12:03:45,1901294,-973.000,7769.000,-1817.000,80.000,21.000,-2.000,0.000,0.000,0
2026-01-31 12:03:45,1901334,-919.000,7794.000,-1815.000,31.000,5.000,-8.000,0.000,0.000,0
2026-01-31 12:03:45,1901374,-923.000,7742.000,-1812.000,-25.000,18.000,-6.000,0.000,0.000,0
2026-01-31 12:03:46,1901414,-941.000,7687.000,-1807.000,-68.000,41.000,17.000,0.000,0.000,0
2026-01-31 12:03:46,1901454,-965.000,7706.000,-1813.000,-1.000,40.000,24.000,0.000,0.000,0
2026-01-31 12:03:46,1901494,-963.000,7778.000,-1768.000,47.000,36.000,26.000,0.000,0.000,0
2026-01-31 12:03:46,1901534,-980.000,7731.000,-1866.000,-12.000,23.000,26.000,0.000,0.000,0
2026-01-31 12:03:46,1901574,-965.000,7798.000,-1834.000,44.000,-6.000,6.000,0.000,0.000,0
2026-01-31 12:03:46,1901614,-958.000,7745.000,-1794.000,-29.000,2.000,2.000,0.000,0.000,0
2026-01-31 12:03:46,1901654,-933.000,7676.000,-1857.000,-11.000,-7.000,2.000,0.000,0.000,0
2026-01-31 12:03:46,1901694,-904.000,7764.000,-1841.000,50.000,-7.000,-3.000,0.000,0.000,0
2026-01-31 12:03:46,1901734,-963.000,7752.000,-1817.000,-11.000,9.000,18.000,0.000,0.000,0
2026-01-31 12:03:46,1901774,-927.000,7699.000,-1817.000,-48.000,-18.000,6.000,0.000,0.000,0
2026-01-31 12:03:46,1901815,-927.000,7722.000,-1837.000,15.000,18.000,7.000,0.000,0.000,0
2026-01-31 12:03:46,1901854,-975.000,7755.000,-1831.000,-8.000,15.000,26.000,0.000,0.000,0
2026-01-31 12:03:46,1901894,-868.000,7736.000,-1766.000,-57.000,-15.000,31.000,0.000,0.000,0
2026-01-31 12:03:46,1901934,-874.000,7717.000,-1752.000,-68.000,33.000,34.000,0.000,0.000,0
2026-01-31 12:03:46,1901974,-985.000,7732.000,-1889.000,-41.000,38.000,37.000,0.000,0.000,0
2026-01-31 12:03:46,1902016,-944.000,7733.000,-1791.000,1.000,22.000,27.000,0.000,0.000,0
2026-01-31 12:03:46,1902054,-907.000,7746.000,-1738.000,27.000,45.000,27.000,0.000,0.000,0
2026-01-31 12:03:46,1902094,-960.000,7840.000,-1904.000,65.000,45.000,-22.000,0.000,0.000,0
2026-01-31 12:03:46,1902134,-962.000,7700.000,-1822.000,-52.000,8.000,-20.000,0.000,0.000,0
2026-01-31 12:03:46,1902174,-916.000,7770.000,-1759.000,12.000,-4.000,20.000,0.000,0.000,0
2026-01-31 12:03:46,1902214,-915.000,7739.000,-1836.000,-32.000,16.000,22.000,0.000,0.000,0
2026-01-31 12:03:46,1902254,-907.000,7727.000,-1830.000,15.000,21.000,11.000,0.000,0.000,0
2026-01-31 12:03:46,1902294,-928.000,7812.000,-1816.000,27.000,13.000,-20.000,0.000,0.000,0
2026-01-31 12:03:46,1902334,-892.000,7696.000,-1786.000,-15.000,15.000,-2.000,0.000,0.000,0
2026-01-31 12:03:46,1902374,-933.000,7753.000,-1842.000,18.000,16.000,6.000,0.000,0.000,0
2026-01-31 12:03:47,1902414,-932.000,7717.000,-1849.000,38.000,16.000,13.000,0.000,0.000,0
2026-01-31 12:03:47,1902454,-966.000,7755.000,-1840.000,82.000,9.000,-8.000,0.000,0.000,0
2026-01-31 12:03:47,1902494,-933.000,7778.000,-1810.000,8.000,-13.000,9.000,0.000,0.000,0
2026-01-31 12:03:47,1902534,-886.000,7749.000,-1859.000,9.000,19.000,6.000,0.000,0.000,0
2026-01-31 12:03:47,1902574,-934.000,7753.000,-1822.000,2.000,9.000,7.000,0.000,0.000,0
2026-01-31 12:03:47,1902614,-949.000,7724.000,-1796.000,16.000,15.000,5.000,0.000,0.000,0
2026-01-31 12:03:47,1902654,-914.000,7744.000,-1844.000,9.000,18.000,1.000,0.000,0.000,0
2026-01-31 12:03:47,1902694,-925.000,7725.000,-1912.000,44.000,39.000,-6.000,0.000,0.000,0
2026-01-31 12:03:47,1902734,-951.000,7736.000,-1842.000,5.000,21.000,-1.000,0.000,0.000,0
2026-01-31 12:03:47,1902774,-920.000,7686.000,-1806.000,4.000,4.000,16.000,0.000,0.000,0
2026-01-31 12:03:47,1902814,-953.000,7778.000,-1891.000,48.000,5.000,17.000,0.000,0.000,0
2026-01-31 12:03:47,1902854,-915.000,7779.000,-1837.000,-20.000,-24.000,13.000,0.000,0.000,0
2026-01-31 12:03:47,1902894,-920.000,7715.000,-1802.000,-25.000,-3.000,9.000,0.000,0.000,0
2026-01-31 12:03:47,1902934,-922.000,7776.000,-1863.000,24.000,3.000,-12.000,0.000,0.000,0
2026-01-31 12:03:47,1902974,-921.000,7696.000,-1844.000,-23.000,12.000,-9.000,0.000,0.000,0
2026-01-31 12:03:47,1903014,-912.000,7755.000,-1808.000,21.000,9.000,-12.000,0.000,0.000,0
2026-01-31 12:03:47,1903054,-907.000,7768.000,-1833.000,21.000,17.000,-24.000,0.000,0.000,0
2026-01-31 12:03:47,1903094,-955.000,7732.000,-1927.000,-22.000,18.000,-31.000,0.000,0.000,0
2026-01-31 12:03:47,1903134,-992.000,7675.000,-1884.000,-23.000,-21.000,-23.000,0.000,0.000,0
2026-01-31 12:03:47,1903174,-908.000,7747.000,-1769.000,-15.000,-30.000,-9.000,0.000,0.000,0
2026-01-31 12:03:47,1903214,-942.000,7689.000,-1853.000,18.000,23.000,2.000,0.000,0.000,0
2026-01-31 12:03:47,1903254,-962.000,7775.000,-1885.000,-15.000,13.000,10.000,0.000,0.000,0
2026-01-31 12:03:47,1903294,-907.000,7716.000,-1806.000,-29.000,1.000,-5.000,0.000,0.000,0
2026-01-31 12:03:47,1903334,-915.000,7791.000,-1875.000,4.000,6.000,-14.000,0.000,0.000,0
2026-01-31 12:03:47,1903374,-932.000,7674.000,-1852.000,-35.000,21.000,-7.000,0.000,0.000,0
2026-01-31 12:03:48,1903414,-1004.000,7742.000,-1816.000,15.000,32.000,7.000,0.000,0.000,0
2026-01-31 12:03:48,1903454,-950.000,7751.000,-1855.000,-47.000,7.000,20.000,0.000,0.000,0
2026-01-31 12:03:48,1903494,-936.000,7730.000,-1893.000,-29.000,20.000,0.000,0.000,0.000,0
2026-01-31 12:03:48,1903534,-955.000,7762.000,-1842.000,-11.000,3.000,-12.000,0.000,0.000,0
2026-01-31 12:03:48,1903574,-921.000,7710.000,-1824.000,-49.000,-8.000,7.000,0.000,0.000,0
2026-01-31 12:03:48,1903614,-943.000,7700.000,-1834.000,-19.000,5.000,18.000,0.000,0.000,0
2026-01-31 12:03:48,1903654,-937.000,7766.000,-1835.000,18.000,-2.000,15.000,0.000,0.000,0
2026-01-31 12:03:48,1903694,-959.000,7741.000,-1821.000,-47.000,6.000,5.000,0.000,0.000,0
2026-01-31 12:03:48,1903734,-953.000,7737.000,-1822.000,-14.000,10.000,-1.000,0.000,0.000,0
2026-01-31 12:03:48,1903774,-937.000,7737.000,-1836.000,17.000,5.000,-1.000,0.000,0.000,0
2026-01-31 12:03:48,1903815,-925.000,7742.000,-1847.000,-20.000,10.000,10.000,0.000,0.000,0
2026-01-31 12:03:48,1903854,-938.000,7756.000,-1827.000,-4.000,5.000,6.000,0.000,0.000,0
2026-01-31 12:03:48,1903894,-941.000,7732.000,-1836.000,-18.000,11.000,-4.000,0.000,0.000,0
2026-01-31 12:03:48,1903934,-941.000,7752.000,-1835.000,18.000,6.000,-3.000,0.000,0.000,0
2026-01-31 12:03:48,1903974,-937.000,7721.000,-1817.000,-19.000,6.000,4.000,0.000,0.000,0
2026-01-31 12:03:48,1904015,-944.000,7715.000,-1832.000,-42.000,18.000,3.000,0.000,0.000,0
2026-01-31 12:03:48,1904054,-955.000,7734.000,-1831.000,-2.000,19.000,0.000,0.000,0.000,0
2026-01-31 12:03:48,1904094,-947.000,7720.000,-1826.000,-41.000,5.000,0.000,0.000,0.000,0
2026-01-31 12:03:48,1904134,-962.000,7752.000,-1845.000,13.000,8.000,0.000,0.000,0.000,0
2026-01-31 12:03:48,1904174,-932.000,7765.000,-1820.000,-4.000,2.000,0.000,0.000,0.000,0
2026-01-31 12:03:48,1904214,-923.000,7732.000,-1815.000,-15.000,15.000,-8.000,0.000,0.000,0
2026-01-31 12:03:48,1904254,-987.000,7748.000,-1812.000,-9.000,24.000,6.000,0.000,0.000,0
2026-01-31 12:03:48,1904294,-948.000,7746.000,-1846.000,-17.000,14.000,13.000,0.000,0.000,0
2026-01-31 12:03:48,1904334,-935.000,7745.000,-1849.000,-3.000,19.000,7.000,0.000,0.000,0
2026-01-31 12:03:48,1904374,-963.000,7767.000,-1824.000,9.000,10.000,-11.000,0.000,0.000,0
2026-01-31 12:03:49,1904414,-931.000,7729.000,-1835.000,-10.000,2.000,-6.000,0.000,0.000,0
2026-01-31 12:03:49,1904454,-948.000,7721.000,-1826.000,-23.000,9.000,13.000,0.000,0.000,0
2026-01-31 12:03:49,1904494,-943.000,7780.000,-1806.000,12.000,-4.000,11.000,0.000,0.000,0
2026-01-31 12:03:49,1904534,-946.000,7748.000,-1814.000,-11.000,7.000,-3.000,0.000,0.000,0
2026-01-31 12:03:49,1904574,-955.000,7735.000,-1807.000,-11.000,7.000,3.000,0.000,0.000,0
2026-01-31 12:03:49,1904614,-938.000,7741.000,-1826.000,-7.000,12.000,7.000,0.000,0.000,0
2026-01-31 12:03:49,1904654,-948.000,7735.000,-1824.000,-11.000,11.000,5.000,0.000,0.000,0
2026-01-31 12:03:49,1904694,-935.000,7766.000,-1810.000,3.000,8.000,-1.000,0.000,0.000,0
2026-01-31 12:03:49,1904734,-954.000,7718.000,-1835.000,-20.000,14.000,-2.000,0.000,0.000,0
2026-01-31 12:03:49,1904774,-948.000,7755.000,-1812.000,-1.000,11.000,4.000,0.000,0.000,0
2026-01-31 12:03:49,1904814,-938.000,7741.000,-1824.000,-20.000,13.000,7.000,0.000,0.000,0
2026-01-31 12:03:49,1904854,-948.000,7732.000,-1807.000,-26.000,8.000,11.000,0.000,0.000,0
2026-01-31 12:03:49,1904894,-931.000,7770.000,-1807.000,-1.000,8.000,10.000,0.000,0.000,0
2026-01-31 12:03:49,1904934,-954.000,7735.000,-1832.000,-6.000,15.000,-2.000,0.000,0.000,0
2026-01-31 12:03:49,1904974,-939.000,7750.000,-1797.000,-12.000,2.000,4.000,0.000,0.000,0
2026-01-31 12:03:49,1905014,-952.000,7711.000,-1820.000,-12.000,9.000,-1.000,0.000,0.000,0
2026-01-31 12:03:49,1905054,-936.000,7754.000,-1823.000,23.000,9.000,-2.000,0.000,0.000,0
2026-01-31 12:03:49,1905094,-917.000,7751.000,-1815.000,-5.000,10.000,4.000,0.000,0.000,0
2026-01-31 12:03:49,1905134,-976.000,7729.000,-1797.000,5.000,27.000,-2.000,0.000,0.000,0
2026-01-31 12:03:49,1905174,-974.000,7774.000,-1832.000,19.000,19.000,9.000,0.000,0.000,0
2026-01-31 12:03:49,1905214,-926.000,7731.000,-1835.000,-11.000,7.000,10.000,0.000,0.000,0
2026-01-31 12:03:49,1905254,-947.000,7779.000,-1810.000,-27.000,4.000,-1.000,0.000,0.000,0
2026-01-31 12:03:49,1905294,-921.000,7680.000,-1815.000,-33.000,3.000,8.000,0.000,0.000,0
2026-01-31 12:03:49,1905334,-939.000,7766.000,-1830.000,15.000,11.000,12.000,0.000,0.000,0
2026-01-31 12:03:49,1905374,-961.000,7778.000,-1802.000,15.000,6.000,5.000,0.000,0.000,0
2026-01-31 12:03:50,1905414,-951.000,7762.000,-1807.000,-15.000,8.000,-2.000,0.000,0.000,0
2026-01-31 12:03:50,1905454,-954.000,7702.000,-1814.000,-3.000,10.000,-9.000,0.000,0.000,0
2026-01-31 12:03:50,1905494,-943.000,7753.000,-1827.000,5.000,10.000,1.000,0.000,0.000,0
2026-01-31 12:03:50,1905534,-931.000,7734.000,-1808.000,-1.000,12.000,10.000,0.000,0.000,0
2026-01-31 12:03:50,1905574,-944.000,7766.000,-1809.000,-7.000,17.000,10.000,0.000,0.000,0
2026-01-31 12:03:50,1905614,-948.000,7753.000,-1837.000,16.000,12.000,-4.000,0.000,0.000,0
2026-01-31 12:03:50,1905654,-924.000,7745.000,-1805.000,-6.000,4.000,3.000,0.000,0.000,0
2026-01-31 12:03:50,1905694,-940.000,7709.000,-1831.000,17.000,14.000,6.000,0.000,0.000,0
2026-01-31 12:03:50,1905734,-940.000,7750.000,-1825.000,17.000,9.000,8.000,0.000,0.000,0
2026-01-31 12:03:50,1905774,-955.000,7734.000,-1819.000,-16.000,11.000,6.000,0.000,0.000,0
2026-01-31 12:03:50,1905815,-950.000,7729.000,-1824.000,-6.000,18.000,10.000,0.000,0.000,0
2026-01-31 12:03:50,1905854,-943.000,7744.000,-1804.000,-14.000,17.000,10.000,0.000,0.000,0
2026-01-31 12:03:50,1905894,-961.000,7752.000,-1830.000,30.000,20.000,-1.000,0.000,0.000,0
2026-01-31 12:03:50,1905934,-946.000,7748.000,-1811.000,-3.000,-4.000,5.000,0.000,0.000,0
2026-01-31 12:03:50,1905974,-916.000,7744.000,-1851.000,18.000,15.000,3.000,0.000,0.000,0
2026-01-31 12:03:50,1906015,-960.000,7727.000,-1795.000,18.000,27.000,3.000,0.000,0.000,0
2026-01-31 12:03:50,1906054,-988.000,7754.000,-1830.000,14.000,22.000,9.000,0.000,0.000,0
2026-01-31 12:03:50,1906094,-915.000,7727.000,-1849.000,-36.000,16.000,20.000,0.000,0.000,0
2026-01-31 12:03:50,1906134,-926.000,7759.000,-1857.000,42.000,22.000,-5.000,0.000,0.000,0
2026-01-31 12:03:50,1906174,-951.000,7728.000,-1844.000,-19.000,9.000,-5.000,0.000,0.000,0
2026-01-31 12:03:50,1906214,-925.000,7724.000,-1814.000,-14.000,7.000,9.000,0.000,0.000,0
2026-01-31 12:03:50,1906254,-948.000,7736.000,-1841.000,-15.000,10.000,14.000,0.000,0.000,0
2026-01-31 12:03:50,1906294,-940.000,7744.000,-1812.000,-13.000,11.000,14.000,0.000,0.000,0
2026-01-31 12:03:50,1906334,-961.000,7744.000,-1819.000,31.000,26.000,5.000,0.000,0.000,0
2026-01-31 12:03:50,1906374,-937.000,7757.000,-1833.000,-6.000,11.000,2.000,0.000,0.000,0
2026-01-31 12:03:51,1906414,-924.000,7709.000,-1830.000,-5.000,22.000,2.000,0.000,0.000,0
2026-01-31 12:03:51,1906454,-931.000,7770.000,-1848.000,16.000,17.000,4.000,0.000,0.000,0
2026-01-31 12:03:51,1906494,-933.000,7716.000,-1834.000,10.000,20.000,-3.000,0.000,0.000,0
2026-01-31 12:03:51,1906534,-953.000,7751.000,-1840.000,7.000,16.000,5.000,0.000,0.000,0
2026-01-31 12:03:51,1906574,-927.000,7756.000,-1856.000,-8.000,6.000,-7.000,0.000,0.000,0
2026-01-31 12:03:51,1906614,-963.000,7706.000,-1835.000,-11.000,18.000,5.000,0.000,0.000,0
2026-01-31 12:03:51,1906654,-935.000,7752.000,-1841.000,9.000,8.000,5.000,0.000,0.000,0
2026-01-31 12:03:51,1906694,-947.000,7737.000,-1850.000,-8.000,12.000,2.000,0.000,0.000,0
2026-01-31 12:03:51,1906734,-950.000,7766.000,-1824.000,-8.000,2.000,4.000,0.000,0.000,0
2026-01-31 12:03:51,1906774,-935.000,7737.000,-1862.000,-27.000,0.000,5.000,0.000,0.000,0
2026-01-31 12:03:51,1906814,-919.000,7786.000,-1841.000,2.000,-4.000,-4.000,0.000,0.000,0
2026-01-31 12:03:51,1906854,-937.000,7705.000,-1795.000,-53.000,13.000,17.000,0.000,0.000,0
2026-01-31 12:03:51,1906894,-980.000,7747.000,-1829.000,-8.000,24.000,16.000,0.000,0.000,0
2026-01-31 12:03:51,1906934,-906.000,7745.000,-1862.000,-33.000,5.000,15.000,0.000,0.000,0
2026-01-31 12:03:51,1906974,-944.000,7736.000,-1845.000,-5.000,19.000,2.000,0.000,0.000,0
2026-01-31 12:03:51,1907014,-928.000,7796.000,-1814.000,18.000,-2.000,-12.000,0.000,0.000,0
2026-01-31 12:03:51,1907054,-933.000,7701.000,-1842.000,-50.000,-2.000,7.000,0.000,0.000,0
2026-01-31 12:03:51,1907094,-950.000,7743.000,-1803.000,0.000,2.000,18.000,0.000,0.000,0
2026-01-31 12:03:51,1907134,-927.000,7785.000,-1827.000,21.000,-2.000,8.000,0.000,0.000,0
2026-01-31 12:03:51,1907174,-953.000,7752.000,-1800.000,-6.000,2.000,-14.000,0.000,0.000,0
2026-01-31 12:03:51,1907214,-936.000,7735.000,-1821.000,-6.000,5.000,-4.000,0.000,0.000,0
2026-01-31 12:03:51,1907254,-934.000,7727.000,-1830.000,-24.000,9.000,11.000,0.000,0.000,0
2026-01-31 12:03:51,1907294,-930.000,7757.000,-1821.000,-35.000,8.000,12.000,0.000,0.000,0
2026-01-31 12:03:51,1907334,-932.000,7761.000,-1841.000,-18.000,12.000,-7.000,0.000,0.000,0
2026-01-31 12:03:51,1907374,-951.000,7709.000,-1807.000,-42.000,13.000,5.000,0.000,0.000,0
2026-01-31 12:03:52,1907414,-937.000,7741.000,-1836.000,4.000,12.000,22.000,0.000,0.000,0
2026-01-31 12:03:52,1907454,-968.000,7760.000,-1796.000,27.000,11.000,31.000,0.000,0.000,0
2026-01-31 12:03:52,1907494,-939.000,7685.000,-1836.000,-93.000,-1.000,76.000,0.000,0.000,0
2026-01-31 12:03:52,1907534,-924.000,7781.000,-1821.000,38.000,12.000,45.000,0.000,0.000,0
2026-01-31 12:03:52,1907574,-911.000,7742.000,-1797.000,-77.000,7.000,29.000,0.000,0.000,0
2026-01-31 12:03:52,1907614,-936.000,7751.000,-1857.000,-67.000,-22.000,26.000,0.000,0.000,0
2026-01-31 12:03:52,1907654,-902.000,7772.000,-1761.000,-13.000,0.000,37.000,0.000,0.000,0
2026-01-31 12:03:52,1907694,-878.000,7745.000,-1790.000,-41.000,8.000,46.000,0.000,0.000,0
2026-01-31 12:03:52,1907734,-954.000,7743.000,-1772.000,-85.000,18.000,56.000,0.000,0.000,0
2026-01-31 12:03:52,1907774,-912.000,7735.000,-1810.000,-66.000,-15.000,46.000,0.000,0.000,0
2026-01-31 12:03:52,1907815,-896.000,7772.000,-1786.000,-25.000,1.000,37.000,0.000,0.000,0
2026-01-31 12:03:52,1907854,-908.000,7802.000,-1772.000,65.000,26.000,18.000,0.000,0.000,0
2026-01-31 12:03:52,1907894,-903.000,7789.000,-1800.000,16.000,15.000,27.000,0.000,0.000,0
2026-01-31 12:03:52,1907934,-915.000,7795.000,-1772.000,-18.000,4.000,23.000,0.000,0.000,0
2026-01-31 12:03:52,1907974,-887.000,7746.000,-1768.000,1.000,-8.000,12.000,0.000,0.000,0
2026-01-31 12:03:52,1908016,-912.000,7779.000,-1769.000,-21.000,18.000,2.000,0.000,0.000,0
2026-01-31 12:03:52,1908054,-890.000,7738.000,-1778.000,8.000,3.000,10.000,0.000,0.000,0
2026-01-31 12:03:52,1908094,-899.000,7741.000,-1813.000,-30.000,-3.000,9.000,0.000,0.000,0
2026-01-31 12:03:52,1908134,-894.000,7763.000,-1736.000,-30.000,5.000,25.000,0.000,0.000,0
2026-01-31 12:03:52,1908174,-890.000,7800.000,-1823.000,-27.000,3.000,5.000,0.000,0.000,0
2026-01-31 12:03:52,1908214,-860.000,7743.000,-1738.000,-35.000,-3.000,15.000,0.000,0.000,0
2026-01-31 12:03:52,1908254,-901.000,7829.000,-1796.000,-38.000,8.000,5.000,0.000,0.000,0
2026-01-31 12:03:52,1908294,-867.000,7758.000,-1807.000,-44.000,0.000,26.000,0.000,0.000,0
2026-01-31 12:03:52,1908334,-876.000,7793.000,-1735.000,-53.000,8.000,26.000,0.000,0.000,0
2026-01-31 12:03:52,1908374,-898.000,7824.000,-1785.000,-25.000,-2.000,26.000,0.000,0.000,0
2026-01-31 12:03:53,1908414,-864.000,7776.000,-1721.000,-33.000,-9.000,30.000,0.000,0.000,0
2026-01-31 12:03:53,1908454,-857.000,7738.000,-1736.000,-44.000,-7.000,23.000,0.000,0.000,0
2026-01-31 12:03:53,1908494,-888.000,7767.000,-1721.000,-17.000,7.000,19.000,0.000,0.000,0
2026-01-31 12:03:53,1908534,-885.000,7704.000,-1785.000,-76.000,-19.000,34.000,0.000,0.000,0
2026-01-31 12:03:53,1908574,-869.000,7816.000,-1692.000,-3.000,7.000,21.000,0.000,0.000,0
2026-01-31 12:03:53,1908614,-916.000,7751.000,-1713.000,-48.000,16.000,25.000,0.000,0.000,0
2026-01-31 12:03:53,1908654,-837.000,7740.000,-1770.000,-31.000,-19.000,35.000,0.000,0.000,0
2026-01-31 12:03:53,1908694,-840.000,7759.000,-1697.000,-30.000,-14.000,40.000,0.000,0.000,0
2026-01-31 12:03:53,1908734,-845.000,7791.000,-1734.000,-42.000,-4.000,30.000,0.000,0.000,0
2026-01-31 12:03:53,1908774,-830.000,7799.000,-1745.000,-41.000,-10.000,16.000,0.000,0.000,0
2026-01-31 12:03:53,1908814,-854.000,7803.000,-1688.000,-73.000,-3.000,17.000,0.000,0.000,0
2026-01-31 12:03:53,1908854,-860.000,7792.000,-1679.000,-110.000,3.000,19.000,0.000,0.000,0
2026-01-31 12:03:53,1908894,-877.000,7771.000,-1689.000,-74.000,13.000,13.000,0.000,0.000,0
2026-01-31 12:03:53,1908934,-886.000,7755.000,-1709.000,-47.000,22.000,12.000,0.000,0.000,0
2026-01-31 12:03:53,1908974,-875.000,7809.000,-1716.000,-12.000,17.000,9.000,0.000,0.000,0
2026-01-31 12:03:53,1909014,-839.000,7819.000,-1670.000,0.000,8.000,14.000,0.000,0.000,0
2026-01-31 12:03:53,1909054,-851.000,7754.000,-1707.000,-40.000,0.000,15.000,0.000,0.000,0
2026-01-31 12:03:53,1909094,-835.000,7754.000,-1702.000,-38.000,5.000,29.000,0.000,0.000,0
2026-01-31 12:03:53,1909134,-850.000,7764.000,-1682.000,-13.000,3.000,12.000,0.000,0.000,0
2026-01-31 12:03:53,1909174,-863.000,7794.000,-1697.000,-29.000,10.000,-3.000,0.000,0.000,0
2026-01-31 12:03:53,1909214,-849.000,7750.000,-1683.000,-67.000,9.000,9.000,0.000,0.000,0
2026-01-31 12:03:53,1909254,-865.000,7781.000,-1672.000,-3.000,26.000,-3.000,0.000,0.000,0
2026-01-31 12:03:53,1909294,-839.000,7805.000,-1678.000,-33.000,18.000,11.000,0.000,0.000,0
2026-01-31 12:03:53,1909334,-850.000,7776.000,-1716.000,-24.000,1.000,3.000,0.000,0.000,0
2026-01-31 12:03:53,1909374,-848.000,7818.000,-1634.000,-7.000,-5.000,-28.000,0.000,0.000,0
2026-01-31 12:03:54,1909414,-858.000,7791.000,-1690.000,-10.000,0.000,9.000,0.000,0.000,0
2026-01-31 12:03:54,1909454,-833.000,7842.000,-1698.000,23.000,-4.000,9.000,0.000,0.000,0
2026-01-31 12:03:54,1909494,-848.000,7783.000,-1653.000,-4.000,6.000,2.000,0.000,0.000,0
2026-01-31 12:03:54,1909534,-861.000,7826.000,-1680.000,14.000,13.000,6.000,0.000,0.000,0
2026-01-31 12:03:54,1909574,-828.000,7770.000,-1679.000,-9.000,24.000,12.000,0.000,0.000,0
2026-01-31 12:03:54,1909614,-863.000,7802.000,-1689.000,23.000,25.000,-5.000,0.000,0.000,0
2026-01-31 12:03:54,1909654,-845.000,7800.000,-1701.000,-3.000,10.000,1.000,0.000,0.000,0
2026-01-31 12:03:54,1909694,-841.000,7759.000,-1664.000,-11.000,7.000,14.000,0.000,0.000,0
2026-01-31 12:03:54,1909734,-864.000,7806.000,-1659.000,-1.000,7.000,10.000,0.000,0.000,0
2026-01-31 12:03:54,1909774,-869.000,7831.000,-1694.000,-12.000,7.000,7.000,0.000,0.000,0
2026-01-31 12:03:54,1909815,-825.000,7866.000,-1645.000,8.000,9.000,8.000,0.000,0.000,0
2026-01-31 12:03:54,1909854,-834.000,7782.000,-1690.000,-19.000,17.000,7.000,0.000,0.000,0
2026-01-31 12:03:54,1909894,-825.000,7798.000,-1645.000,-1.000,16.000,2.000,0.000,0.000,0
2026-01-31 12:03:54,1909934,-848.000,7781.000,-1690.000,7.000,24.000,6.000,0.000,0.000,0
2026-01-31 12:03:54,1909974,-850.000,7802.000,-1700.000,5.000,21.000,17.000,0.000,0.000,0
2026-01-31 12:03:54,1910016,-848.000,7786.000,-1661.000,-22.000,19.000,11.000,0.000,0.000,0
2026-01-31 12:03:54,1910054,-823.000,7771.000,-1672.000,-96.000,17.000,10.000,0.000,0.000,0
2026-01-31 12:03:54,1910094,-876.000,7806.000,-1692.000,-28.000,20.000,-6.000,0.000,0.000,0
2026-01-31 12:03:54,1910134,-853.000,7732.000,-1620.000,-20.000,17.000,9.000,0.000,0.000,0
2026-01-31 12:03:54,1910174,-849.000,7827.000,-1677.000,12.000,30.000,16.000,0.000,0.000,0
2026-01-31 12:03:54,1910214,-838.000,7788.000,-1681.000,-3.000,13.000,5.000,0.000,0.000,0
2026-01-31 12:03:54,1910254,-854.000,7798.000,-1653.000,2.000,20.000,1.000,0.000,0.000,0
2026-01-31 12:03:54,1910294,-847.000,7771.000,-1716.000,11.000,9.000,-4.000,0.000,0.000,0
2026-01-31 12:03:54,1910334,-830.000,7778.000,-1648.000,9.000,14.000,8.000,0.000,0.000,0
2026-01-31 12:03:54,1910374,-878.000,7781.000,-1623.000,17.000,26.000,5.000,0.000,0.000,0
2026-01-31 12:03:55,1910414,-863.000,7816.000,-1728.000,18.000,14.000,11.000,0.000,0.000,0
2026-01-31 12:03:55,1910454,-816.000,7784.000,-1685.000,2.000,10.000,7.000,0.000,0.000,0
2026-01-31 12:03:55,1910494,-855.000,7779.000,-1687.000,26.000,18.000,-13.000,0.000,0.000,0
2026-01-31 12:03:55,1910534,-827.000,7820.000,-1683.000,7.000,-2.000,1.000,0.000,0.000,0
2026-01-31 12:03:55,1910574,-846.000,7762.000,-1649.000,-25.000,8.000,12.000,0.000,0.000,0
2026-01-31 12:03:55,1910614,-835.000,7821.000,-1684.000,-27.000,3.000,9.000,0.000,0.000,0
2026-01-31 12:03:55,1910654,-802.000,7744.000,-1690.000,-40.000,5.000,12.000,0.000,0.000,0
2026-01-31 12:03:55,1910694,-829.000,7818.000,-1588.000,59.000,27.000,-5.000,0.000,0.000,0
2026-01-31 12:03:55,1910734,-983.000,7166.000,-1688.000,-658.000,30.000,198.000,0.000,0.000,0
2026-01-31 12:03:55,1910774,-1093.000,8356.000,-1542.000,391.000,105.000,-96.000,0.000,0.000,0
2026-01-31 12:03:55,1910814,-874.000,7898.000,-1593.000,232.000,74.000,-75.000,0.000,0.000,0
2026-01-31 12:03:55,1910854,-826.000,7844.000,-1719.000,-1.000,29.000,20.000,0.000,0.000,0
2026-01-31 12:03:55,1910894,-879.000,7693.000,-1697.000,-100.000,18.000,9.000,0.000,0.000,0
2026-01-31 12:03:55,1910934,-798.000,7823.000,-1613.000,4.000,-5.000,8.000,0.000,0.000,0
2026-01-31 12:03:55,1910974,-871.000,7750.000,-1678.000,-48.000,22.000,20.000,0.000,0.000,0
2026-01-31 12:03:55,1911014,-835.000,7817.000,-1645.000,5.000,-1.000,-5.000,0.000,0.000,0
2026-01-31 12:03:55,1911054,-841.000,7732.000,-1658.000,-22.000,10.000,8.000,0.000,0.000,0
2026-01-31 12:03:55,1911094,-826.000,7779.000,-1671.000,-23.000,-5.000,18.000,0.000,0.000,0
2026-01-31 12:03:55,1911134,-796.000,7812.000,-1675.000,13.000,0.000,-3.000,0.000,0.000,0
2026-01-31 12:03:55,1911174,-834.000,7786.000,-1636.000,-45.000,10.000,8.000,0.000,0.000,0
2026-01-31 12:03:55,1911214,-912.000,7861.000,-1564.000,63.000,41.000,17.000,0.000,0.000,0
2026-01-31 12:03:55,1911254,-855.000,7843.000,-1727.000,12.000,19.000,1.000,0.000,0.000,0
2026-01-31 12:03:55,1911294,-848.000,7841.000,-1656.000,-7.000,-11.000,-19.000,0.000,0.000,0
2026-01-31 12:03:55,1911334,-802.000,7757.000,-1643.000,-73.000,-34.000,-18.000,0.000,0.000,0
2026-01-31 12:03:55,1911374,-829.000,7767.000,-1690.000,-148.000,-18.000,8.000,0.000,0.000,0
2026-01-31 12:03:56,1911414,-760.000,7637.000,-1608.000,-180.000,-27.000,56.000,0.000,0.000,0
2026-01-31 12:03:56,1911454,-804.000,7657.000,-1691.000,-57.000,7.000,16.000,0.000,0.000,0
2026-01-31 12:03:56,1911494,-870.000,7822.000,-1659.000,-4.000,-7.000,-14.000,0.000,0.000,0
2026-01-31 12:03:56,1911534,-814.000,7751.000,-1576.000,-51.000,-10.000,7.000,0.000,0.000,0
2026-01-31 12:03:56,1911574,-849.000,7824.000,-1658.000,62.000,20.000,-11.000,0.000,0.000,0
2026-01-31 12:03:56,1911614,-873.000,7833.000,-1650.000,1.000,8.000,1.000,0.000,0.000,0
2026-01-31 12:03:56,1911654,-795.000,7874.000,-1598.000,-4.000,-3.000,11.000,0.000,0.000,0
2026-01-31 12:03:56,1911694,-820.000,7779.000,-1672.000,-67.000,16.000,7.000,0.000,0.000,0
2026-01-31 12:03:56,1911734,-838.000,7837.000,-1627.000,3.000,16.000,4.000,0.000,0.000,0
2026-01-31 12:03:56,1911774,-842.000,7769.000,-1621.000,-107.000,14.000,6.000,0.000,0.000,0
2026-01-31 12:03:56,1911815,-882.000,7837.000,-1643.000,25.000,30.000,18.000,0.000,0.000,0
2026-01-31 12:03:56,1911854,-867.000,7845.000,-1463.000,-185.000,-33.000,82.000,0.000,0.000,0
2026-01-31 12:03:56,1911894,-761.000,7562.000,-1697.000,-70.000,20.000,94.000,0.000,0.000,0
2026-01-31 12:03:56,1911934,-714.000,7375.000,-1694.000,174.000,-2.000,-78.000,0.000,0.000,0
2026-01-31 12:03:56,1911974,-796.000,7780.000,-1678.000,317.000,111.000,-133.000,0.000,0.000,0
2026-01-31 12:03:56,1912015,-839.000,7890.000,-1698.000,245.000,166.000,-121.000,0.000,0.000,0
2026-01-31 12:03:56,1912054,-918.000,7821.000,-1713.000,363.000,149.000,-127.000,0.000,0.000,0
2026-01-31 12:03:56,1912094,-878.000,7752.000,-1734.000,330.000,107.000,-93.000,0.000,0.000,0
2026-01-31 12:03:56,1912134,-838.000,7834.000,-1755.000,247.000,101.000,-78.000,0.000,0.000,0
2026-01-31 12:03:56,1912174,-844.000,7814.000,-1787.000,206.000,105.000,-101.000,0.000,0.000,0
2026-01-31 12:03:56,1912214,-869.000,7722.000,-1858.000,75.000,32.000,-45.000,0.000,0.000,0
2026-01-31 12:03:56,1912254,-897.000,7737.000,-1774.000,21.000,39.000,-16.000,0.000,0.000,0
2026-01-31 12:03:56,1912294,-911.000,7806.000,-1799.000,64.000,34.000,-35.000,0.000,0.000,0
2026-01-31 12:03:56,1912334,-918.000,7756.000,-1795.000,28.000,23.000,-32.000,0.000,0.000,0
2026-01-31 12:03:56,1912374,-906.000,7786.000,-1809.000,-49.000,21.000,-4.000,0.000,0.000,0
2026-01-31 12:03:57,1912414,-875.000,7684.000,-1836.000,-21.000,2.000,-7.000,0.000,0.000,0
2026-01-31 12:03:57,1912454,-881.000,7755.000,-1788.000,-10.000,9.000,0.000,0.000,0.000,0
2026-01-31 12:03:57,1912494,-892.000,7775.000,-1795.000,-20.000,18.000,-1.000,0.000,0.000,0
2026-01-31 12:03:57,1912534,-899.000,7754.000,-1816.000,-7.000,23.000,-1.000,0.000,0.000,0
2026-01-31 12:03:57,1912574,-899.000,7767.000,-1822.000,-15.000,18.000,-7.000,0.000,0.000,0
2026-01-31 12:03:57,1912614,-935.000,7742.000,-1795.000,-18.000,14.000,-1.000,0.000,0.000,0
2026-01-31 12:03:57,1912654,-904.000,7771.000,-1815.000,5.000,10.000,2.000,0.000,0.000,0
2026-01-31 12:03:57,1912694,-892.000,7745.000,-1808.000,-24.000,7.000,8.000,0.000,0.000,0
2026-01-31 12:03:57,1912734,-913.000,7721.000,-1792.000,1.000,3.000,2.000,0.000,0.000,0
2026-01-31 12:03:57,1912774,-908.000,7753.000,-1821.000,16.000,3.000,1.000,0.000,0.000,0
2026-01-31 12:03:57,1912814,-902.000,7732.000,-1804.000,-8.000,11.000,15.000,0.000,0.000,0
2026-01-31 12:03:57,1912854,-856.000,7816.000,-1808.000,22.000,4.000,3.000,0.000,0.000,0
2026-01-31 12:03:57,1912894,-894.000,7699.000,-1802.000,-21.000,25.000,-5.000,0.000,0.000,0
2026-01-31 12:03:57,1912934,-947.000,7766.000,-1802.000,10.000,24.000,11.000,0.000,0.000,0
2026-01-31 12:03:57,1912974,-874.000,7723.000,-1820.000,-8.000,17.000,19.000,0.000,0.000,0
2026-01-31 12:03:57,1913014,-912.000,7782.000,-1821.000,33.000,6.000,-6.000,0.000,0.000,0
2026-01-31 12:03:57,1913054,-872.000,7756.000,-1807.000,-24.000,-5.000,0.000,0.000,0.000,0
2026-01-31 12:03:57,1913094,-889.000,7705.000,-1813.000,2.000,7.000,2.000,0.000,0.000,0
2026-01-31 12:03:57,1913134,-899.000,7755.000,-1805.000,17.000,8.000,8.000,0.000,0.000,0
2026-01-31 12:03:57,1913174,-907.000,7792.000,-1811.000,12.000,16.000,0.000,0.000,0.000,0
2026-01-31 12:03:57,1913214,-902.000,7744.000,-1792.000,-8.000,22.000,5.000,0.000,0.000,0
2026-01-31 12:03:57,1913254,-888.000,7767.000,-1851.000,-2.000,16.000,-5.000,0.000,0.000,0
2026-01-31 12:03:57,1913294,-886.000,7711.000,-1796.000,9.000,13.000,-3.000,0.000,0.000,0
2026-01-31 12:03:57,1913334,-900.000,7759.000,-1841.000,1.000,27.000,9.000,0.000,0.000,0
2026-01-31 12:03:57,1913374,-879.000,7736.000,-1817.000,-2.000,8.000,6.000,0.000,0.000,0
2026-01-31 12:03:58,1913414,-908.000,7750.000,-1828.000,1.000,14.000,-5.000,0.000,0.000,0
2026-01-31 12:03:58,1913454,-900.000,7725.000,-1804.000,9.000,8.000,4.000,0.000,0.000,0
2026-01-31 12:03:58,1913494,-888.000,7740.000,-1822.000,17.000,20.000,11.000,0.000,0.000,0
2026-01-31 12:03:58,1913534,-899.000,7759.000,-1815.000,14.000,24.000,20.000,0.000,0.000,0
2026-01-31 12:03:58,1913574,-896.000,7773.000,-1839.000,9.000,16.000,-1.000,0.000,0.000,0
2026-01-31 12:03:58,1913614,-909.000,7728.000,-1820.000,2.000,12.000,-4.000,0.000,0.000,0
2026-01-31 12:03:58,1913654,-903.000,7744.000,-1807.000,15.000,8.000,4.000,0.000,0.000,0
2026-01-31 12:03:58,1913694,-851.000,7759.000,-1848.000,29.000,16.000,15.000,0.000,0.000,0
2026-01-31 12:03:58,1913734,-929.000,7756.000,-1768.000,13.000,29.000,18.000,0.000,0.000,0
2026-01-31 12:03:58,1913774,-903.000,7758.000,-1847.000,16.000,25.000,8.000,0.000,0.000,0
2026-01-31 12:03:58,1913814,-864.000,7748.000,-1882.000,10.000,21.000,10.000,0.000,0.000,0
2026-01-31 12:03:58,1913854,-866.000,7762.000,-1823.000,3.000,19.000,-9.000,0.000,0.000,0
2026-01-31 12:03:58,1913894,-902.000,7721.000,-1842.000,-8.000,14.000,-10.000,0.000,0.000,0
2026-01-31 12:03:58,1913934,-889.000,7742.000,-1824.000,1.000,5.000,10.000,0.000,0.000,0
2026-01-31 12:03:58,1913974,-904.000,7747.000,-1848.000,8.000,12.000,18.000,0.000,0.000,0
2026-01-31 12:03:58,1914016,-883.000,7795.000,-1812.000,6.000,7.000,7.000,0.000,0.000,0
2026-01-31 12:03:58,1914054,-886.000,7703.000,-1816.000,-43.000,13.000,-2.000,0.000,0.000,0
2026-01-31 12:03:58,1914094,-912.000,7751.000,-1858.000,41.000,11.000,-10.000,0.000,0.000,0
2026-01-31 12:03:58,1914134,-894.000,7669.000,-1813.000,-210.000,42.000,57.000,0.000,0.000,0
2026-01-31 12:03:58,1914174,-893.000,7812.000,-1895.000,59.000,5.000,-4.000,0.000,0.000,0
2026-01-31 12:03:58,1914214,-839.000,7867.000,-1814.000,205.000,-32.000,-84.000,0.000,0.000,0
2026-01-31 12:03:58,1914254,-940.000,7716.000,-1846.000,-121.000,5.000,-38.000,0.000,0.000,0
2026-01-31 12:03:58,1914294,-844.000,7707.000,-1825.000,-115.000,-21.000,-10.000,0.000,0.000,0
2026-01-31 12:03:58,1914334,-887.000,7640.000,-1805.000,42.000,23.000,10.000,0.000,0.000,0
2026-01-31 12:03:58,1914374,-944.000,7780.000,-1851.000,-2.000,25.000,41.000,0.000,0.000,0
2026-01-31 12:03:59,1914414,-911.000,7803.000,-1814.000,-39.000,5.000,17.000,0.000,0.000,0
2026-01-31 12:03:59,1914454,-892.000,7828.000,-1827.000,11.000,-18.000,-57.000,0.000,0.000,0
2026-01-31 12:03:59,1914494,-883.000,7689.000,-1819.000,-49.000,-13.000,-50.000,0.000,0.000,0
2026-01-31 12:03:59,1914534,-908.000,7731.000,-1776.000,19.000,26.000,14.000,0.000,0.000,0
2026-01-31 12:03:59,1914574,-924.000,7757.000,-1808.000,35.000,28.000,31.000,0.000,0.000,0
2026-01-31 12:03:59,1914614,-888.000,7819.000,-1883.000,11.000,12.000,10.000,0.000,0.000,0
2026-01-31 12:03:59,1914654,-905.000,7743.000,-1831.000,1.000,25.000,-17.000,0.000,0.000,0
2026-01-31 12:03:59,1914694,-952.000,7773.000,-1798.000,23.000,32.000,-32.000,0.000,0.000,0
2026-01-31 12:03:59,1914734,-897.000,7750.000,-1820.000,63.000,20.000,-15.000,0.000,0.000,0
2026-01-31 12:03:59,1914774,-901.000,7772.000,-1826.000,46.000,15.000,17.000,0.000,0.000,0
2026-01-31 12:03:59,1914814,-908.000,7773.000,-1824.000,51.000,11.000,9.000,0.000,0.000,0
2026-01-31 12:03:59,1914854,-930.000,7777.000,-1825.000,49.000,25.000,-20.000,0.000,0.000,0
2026-01-31 12:03:59,1914894,-933.000,7712.000,-1862.000,19.000,11.000,6.000,0.000,0.000,0
2026-01-31 12:03:59,1914934,-877.000,7693.000,-1833.000,-5.000,12.000,21.000,0.000,0.000,0
2026-01-31 12:03:59,1914974,-904.000,7793.000,-1837.000,17.000,21.000,12.000,0.000,0.000,0
2026-01-31 12:03:59,1915014,-902.000,7721.000,-1856.000,-43.000,11.000,3.000,0.000,0.000,0
2026-01-31 12:03:59,1915054,-919.000,7698.000,-1851.000,2.000,18.000,0.000,0.000,0.000,0
2026-01-31 12:03:59,1915094,-908.000,7730.000,-1849.000,11.000,20.000,7.000,0.000,0.000,0
2026-01-31 12:03:59,1915134,-885.000,7780.000,-1853.000,7.000,13.000,4.000,0.000,0.000,0
2026-01-31 12:03:59,1915174,-929.000,7782.000,-1840.000,-6.000,26.000,-7.000,0.000,0.000,0
2026-01-31 12:03:59,1915214,-901.000,7664.000,-1851.000,-43.000,11.000,18.000,0.000,0.000,0
2026-01-31 12:03:59,1915254,-918.000,7798.000,-1839.000,58.000,6.000,-10.000,0.000,0.000,0
2026-01-31 12:03:59,1915294,-895.000,7695.000,-1855.000,-15.000,5.000,-10.000,0.000,0.000,0
2026-01-31 12:03:59,1915334,-852.000,7768.000,-1805.000,0.000,12.000,-20.000,0.000,0.000,0
2026-01-31 12:03:59,1915374,-969.000,7672.000,-1847.000,-48.000,45.000,-11.000,0.000,0.000,0
2026-01-31 12:04:00,1915414,-967.000,7783.000,-1843.000,3.000,17.000,15.000,0.000,0.000,0
2026-01-31 12:04:00,1915454,-853.000,7695.000,-1819.000,-49.000,10.000,34.000,0.000,0.000,0
2026-01-31 12:04:00,1915494,-936.000,7832.000,-1880.000,43.000,22.000,-18.000,0.000,0.000,0
2026-01-31 12:04:00,1915534,-912.000,7701.000,-1835.000,-72.000,-10.000,-26.000,0.000,0.000,0
2026-01-31 12:04:00,1915574,-924.000,7712.000,-1868.000,1.000,6.000,-20.000,0.000,0.000,0
2026-01-31 12:04:00,1915614,-896.000,7755.000,-1838.000,47.000,-4.000,-14.000,0.000,0.000,0
2026-01-31 12:04:00,1915654,-893.000,7759.000,-1864.000,-79.000,18.000,38.000,0.000,0.000,0
2026-01-31 12:04:00,1915694,-926.000,7723.000,-1835.000,-12.000,6.000,5.000,0.000,0.000,0
2026-01-31 12:04:00,1915734,-808.000,7795.000,-1756.000,6.000,17.000,15.000,0.000,0.000,0
2026-01-31 12:04:00,1915774,-887.000,7959.000,-1967.000,11.000,3.000,-13.000,0.000,0.000,0
2026-01-31 12:04:00,1915816,-896.000,7735.000,-1806.000,76.000,-21.000,-84.000,0.000,0.000,0
2026-01-31 12:04:00,1915854,-1003.000,7607.000,-1841.000,-1.000,20.000,-61.000,0.000,0.000,0
2026-01-31 12:04:00,1915894,-884.000,7594.000,-1826.000,-134.000,-11.000,27.000,0.000,0.000,0
2026-01-31 12:04:00,1915934,-890.000,7720.000,-1798.000,-8.000,25.000,32.000,0.000,0.000,0
2026-01-31 12:04:00,1915974,-959.000,7712.000,-1918.000,8.000,-1.000,15.000,0.000,0.000,0
2026-01-31 12:04:00,1916016,-926.000,7685.000,-1801.000,-48.000,-53.000,-18.000,0.000,0.000,0
2026-01-31 12:04:00,1916054,-954.000,7731.000,-1834.000,-96.000,-3.000,-8.000,0.000,0.000,0
2026-01-31 12:04:00,1916094,-978.000,7713.000,-1847.000,-43.000,-7.000,-1.000,0.000,0.000,0
2026-01-31 12:04:00,1916134,-916.000,7806.000,-1828.000,8.000,-35.000,17.000,0.000,0.000,0
2026-01-31 12:04:00,1916174,-849.000,7794.000,-1790.000,-47.000,-38.000,2.000,0.000,0.000,0
2026-01-31 12:04:00,1916214,-929.000,7803.000,-1800.000,-87.000,-36.000,-26.000,0.000,0.000,0
2026-01-31 12:04:00,1916254,-959.000,7596.000,-1805.000,-216.000,-33.000,44.000,0.000,0.000,0
2026-01-31 12:04:00,1916294,-932.000,7610.000,-1718.000,-215.000,33.000,125.000,0.000,0.000,0
2026-01-31 12:04:00,1916334,-967.000,8112.000,-1859.000,133.000,-31.000,-33.000,0.000,0.000,0
2026-01-31 12:04:00,1916374,-946.000,7605.000,-1726.000,-132.000,-52.000,-66.000,0.000,0.000,0
2026-01-31 12:04:01,1916414,-901.000,7807.000,-1760.000,-37.000,-55.000,-35.000,0.000,0.000,0
2026-01-31 12:04:01,1916454,-995.000,7210.000,-1679.000,-376.000,126.000,243.000,0.000,0.000,0
2026-01-31 12:04:01,1916494,-1022.000,8226.000,-1952.000,266.000,43.000,72.000,0.000,0.000,0
2026-01-31 12:04:01,1916534,-884.000,7693.000,-1641.000,-20.000,-36.000,109.000,0.000,0.000,0
2026-01-31 12:04:01,1916574,-927.000,7761.000,-1714.000,-5.000,36.000,270.000,0.000,0.000,0
2026-01-31 12:04:01,1916614,-826.000,7665.000,-1684.000,13.000,-43.000,30.000,0.000,0.000,0
2026-01-31 12:04:01,1916654,-793.000,7320.000,-1789.000,-5.000,-56.000,-439.000,0.000,0.000,0
2026-01-31 12:04:01,1916694,-940.000,8424.000,-1773.000,302.000,-39.000,-194.000,0.000,0.000,0
2026-01-31 12:04:01,1916734,-1007.000,7376.000,-1810.000,-21.000,-26.000,-215.000,0.000,0.000,0
2026-01-31 12:04:01,1916774,-1046.000,7884.000,-1754.000,12.000,-31.000,38.000,0.000,0.000,0
2026-01-31 12:04:01,1916814,-914.000,7521.000,-1732.000,-270.000,6.000,488.000,0.000,0.000,0
2026-01-31 12:04:01,1916854,-866.000,7772.000,-1649.000,126.000,40.000,154.000,0.000,0.000,0
2026-01-31 12:04:01,1916894,-859.000,7420.000,-1717.000,-305.000,-57.000,-337.000,0.000,0.000,0
2026-01-31 12:04:01,1916934,-1018.000,8700.000,-1841.000,467.000,-11.000,-288.000,0.000,0.000,0
2026-01-31 12:04:01,1916974,-938.000,7464.000,-1719.000,-20.000,6.000,-193.000,0.000,0.000,0
2026-01-31 12:04:01,1917014,-918.000,7722.000,-1840.000,118.000,24.000,-60.000,0.000,0.000,0
2026-01-31 12:04:01,1917054,-908.000,7751.000,-1739.000,19.000,85.000,156.000,0.000,0.000,0
2026-01-31 12:04:01,1917094,-905.000,7780.000,-1760.000,130.000,120.000,178.000,0.000,0.000,0
2026-01-31 12:04:01,1917134,-930.000,7923.000,-1904.000,23.000,58.000,45.000,0.000,0.000,0
2026-01-31 12:04:01,1917174,-932.000,7805.000,-1832.000,-82.000,19.000,-18.000,0.000,0.000,0
2026-01-31 12:04:01,1917214,-909.000,7719.000,-1741.000,-8.000,41.000,-34.000,0.000,0.000,0
2026-01-31 12:04:01,1917254,-883.000,7687.000,-1815.000,-35.000,53.000,52.000,0.000,0.000,0
2026-01-31 12:04:01,1917294,-939.000,7836.000,-1831.000,13.000,74.000,138.000,0.000,0.000,0
2026-01-31 12:04:01,1917334,-854.000,7603.000,-1807.000,-164.000,10.000,325.000,0.000,0.000,0
2026-01-31 12:04:01,1917374,-874.000,7828.000,-1666.000,-14.000,-2.000,-45.000,0.000,0.000,0
2026-01-31 12:04:02,1917414,-906.000,7796.000,-1866.000,28.000,-37.000,-313.000,0.000,0.000,0
2026-01-31 12:04:02,1917454,-901.000,7897.000,-1733.000,83.000,15.000,-117.000,0.000,0.000,0
2026-01-31 12:04:02,1917494,-962.000,7489.000,-1898.000,-104.000,-21.000,-39.000,0.000,0.000,0
2026-01-31 12:04:02,1917534,-932.000,7853.000,-1778.000,23.000,-14.000,19.000,0.000,0.000,0
2026-01-31 12:04:02,1917574,-920.000,7710.000,-1832.000,-18.000,-4.000,53.000,0.000,0.000,0
2026-01-31 12:04:02,1917614,-926.000,7824.000,-1828.000,-46.000,2.000,7.000,0.000,0.000,0
2026-01-31 12:04:02,1917654,-938.000,7708.000,-1822.000,-29.000,18.000,13.000,0.000,0.000,0
2026-01-31 12:04:02,1917694,-906.000,7725.000,-1750.000,23.000,13.000,41.000,0.000,0.000,0
2026-01-31 12:04:02,1917734,-949.000,7705.000,-1823.000,-61.000,21.000,198.000,0.000,0.000,0
2026-01-31 12:04:02,1917775,-923.000,7716.000,-1752.000,-208.000,6.000,280.000,0.000,0.000,0
2026-01-31 12:04:02,1917814,-943.000,7491.000,-1629.000,-289.000,-116.000,-236.000,0.000,0.000,0
2026-01-31 12:04:02,1917854,-860.000,7996.000,-1870.000,-122.000,-157.000,-214.000,0.000,0.000,0
2026-01-31 12:04:02,1917894,-652.000,7513.000,-1476.000,-181.000,-18.000,139.000,0.000,0.000,0
2026-01-31 12:04:02,1917934,-968.000,8398.000,-1888.000,501.000,38.000,-28.000,0.000,0.000,0
2026-01-31 12:04:02,1917974,-871.000,7497.000,-1739.000,145.000,-38.000,135.000,0.000,0.000,0
2026-01-31 12:04:02,1918015,-917.000,7634.000,-1703.000,-145.000,-94.000,-170.000,0.000,0.000,0
2026-01-31 12:04:02,1918054,-791.000,7715.000,-1594.000,-94.000,-55.000,-87.000,0.000,0.000,0
2026-01-31 12:04:02,1918094,-910.000,8261.000,-1835.000,220.000,43.000,-50.000,0.000,0.000,0
2026-01-31 12:04:02,1918134,-916.000,7579.000,-1895.000,-11.000,-4.000,-56.000,0.000,0.000,0
2026-01-31 12:04:02,1918174,-862.000,7937.000,-1562.000,32.000,-23.000,-26.000,0.000,0.000,0
2026-01-31 12:04:02,1918214,-823.000,7684.000,-1644.000,-243.000,36.000,74.000,0.000,0.000,0
2026-01-31 12:04:02,1918254,-911.000,7758.000,-1851.000,-211.000,56.000,180.000,0.000,0.000,0
2026-01-31 12:04:02,1918294,-865.000,8063.000,-1819.000,157.000,-83.000,-82.000,0.000,0.000,0
2026-01-31 12:04:02,1918334,-947.000,7452.000,-1609.000,-295.000,-67.000,-74.000,0.000,0.000,0
2026-01-31 12:04:02,1918374,-905.000,7653.000,-1694.000,-326.000,-29.000,24.000,0.000,0.000,0
2026-01-31 12:04:03,1918414,-789.000,7658.000,-1668.000,27.000,36.000,130.000,0.000,0.000,0
2026-01-31 12:04:03,1918454,-885.000,7972.000,-1685.000,149.000,21.000,-6.000,0.000,0.000,0
2026-01-31 12:04:03,1918494,-953.000,7751.000,-1654.000,-55.000,27.000,-66.000,0.000,0.000,0
2026-01-31 12:04:03,1918534,-994.000,7769.000,-1676.000,-61.000,33.000,-52.000,0.000,0.000,0
2026-01-31 12:04:03,1918574,-961.000,7616.000,-1655.000,-18.000,34.000,3.000,0.000,0.000,0
2026-01-31 12:04:03,1918614,-891.000,7835.000,-1698.000,36.000,60.000,30.000,0.000,0.000,0
2026-01-31 12:04:03,1918654,-880.000,7787.000,-1692.000,-2.000,50.000,33.000,0.000,0.000,0
2026-01-31 12:04:03,1918694,-947.000,7824.000,-1671.000,46.000,55.000,55.000,0.000,0.000,0
2026-01-31 12:04:03,1918734,-937.000,7870.000,-1662.000,-12.000,74.000,198.000,0.000,0.000,0
2026-01-31 12:04:03,1918774,-923.000,7629.000,-1635.000,-67.000,1.000,-87.000,0.000,0.000,0
2026-01-31 12:04:03,1918814,-908.000,7891.000,-1614.000,153.000,-35.000,-287.000,0.000,0.000,0
2026-01-31 12:04:03,1918854,-902.000,8043.000,-1675.000,85.000,-26.000,-78.000,0.000,0.000,0
2026-01-31 12:04:03,1918894,-983.000,7587.000,-1838.000,-213.000,-105.000,20.000,0.000,0.000,0
2026-01-31 12:04:03,1918934,-1032.000,7781.000,-1669.000,-132.000,-113.000,132.000,0.000,0.000,0
2026-01-31 12:04:03,1918974,-852.000,8027.000,-1556.000,-130.000,-83.000,222.000,0.000,0.000,0
2026-01-31 12:04:03,1919014,-759.000,7680.000,-1604.000,-23.000,7.000,194.000,0.000,0.000,0
2026-01-31 12:04:03,1919054,-837.000,7505.000,-1743.000,-203.000,-64.000,-115.000,0.000,0.000,0
2026-01-31 12:04:03,1919094,-764.000,8032.000,-1588.000,91.000,-11.000,-48.000,0.000,0.000,0
2026-01-31 12:04:03,1919134,-988.000,8050.000,-1606.000,402.000,103.000,-124.000,0.000,0.000,0
2026-01-31 12:04:03,1919174,-1032.000,7621.000,-1894.000,-199.000,31.000,64.000,0.000,0.000,0
2026-01-31 12:04:03,1919214,-774.000,7721.000,-1614.000,-19.000,-20.000,219.000,0.000,0.000,0
2026-01-31 12:04:03,1919254,-748.000,7577.000,-1471.000,-87.000,-41.000,-85.000,0.000,0.000,0
2026-01-31 12:04:03,1919294,-767.000,8381.000,-1808.000,395.000,29.000,-187.000,0.000,0.000,0
2026-01-31 12:04:03,1919334,-874.000,7884.000,-1746.000,111.000,-22.000,-268.000,0.000,0.000,0
2026-01-31 12:04:03,1919374,-1000.000,7551.000,-1724.000,-73.000,-44.000,-148.000,0.000,0.000,0
2026-01-31 12:04:04,1919414,-944.000,7751.000,-1581.000,-84.000,-31.000,-24.000,0.000,0.000,0
2026-01-31 12:04:04,1919454,-987.000,7574.000,-1571.000,-253.000,114.000,208.000,0.000,0.000,0
2026-01-31 12:04:04,1919494,-900.000,8191.000,-1906.000,172.000,-56.000,-24.000,0.000,0.000,0
2026-01-31 12:04:04,1919534,-1046.000,7703.000,-1526.000,-186.000,-22.000,-18.000,0.000,0.000,0
2026-01-31 12:04:04,1919574,-919.000,7553.000,-1699.000,-251.000,-56.000,135.000,0.000,0.000,0
2026-01-31 12:04:04,1919614,-853.000,7670.000,-1505.000,50.000,41.000,202.000,0.000,0.000,0
2026-01-31 12:04:04,1919654,-860.000,8000.000,-1656.000,245.000,64.000,-7.000,0.000,0.000,0
2026-01-31 12:04:04,1919694,-958.000,7738.000,-1740.000,-14.000,21.000,-127.000,0.000,0.000,0
2026-01-31 12:04:04,1919734,-915.000,7696.000,-1622.000,-91.000,-30.000,-63.000,0.000,0.000,0
2026-01-31 12:04:04,1919774,-966.000,7645.000,-1594.000,-38.000,25.000,6.000,0.000,0.000,0
2026-01-31 12:04:04,1919814,-955.000,7835.000,-1626.000,111.000,42.000,43.000,0.000,0.000,0
2026-01-31 12:04:04,1919854,-916.000,7886.000,-1651.000,4.000,42.000,42.000,0.000,0.000,0
2026-01-31 12:04:04,1919894,-892.000,7779.000,-1647.000,-35.000,22.000,-1.000,0.000,0.000,0
2026-01-31 12:04:04,1919934,-941.000,7742.000,-1655.000,-21.000,29.000,-20.000,0.000,0.000,0
2026-01-31 12:04:04,1919974,-918.000,7752.000,-1673.000,-23.000,25.000,13.000,0.000,0.000,0
2026-01-31 12:04:04,1920015,-900.000,7803.000,-1663.000,5.000,26.000,14.000,0.000,0.000,0
2026-01-31 12:04:04,1920054,-911.000,7807.000,-1669.000,-34.000,16.000,3.000,0.000,0.000,0
2026-01-31 12:04:04,1920094,-925.000,7781.000,-1666.000,-32.000,13.000,15.000,0.000,0.000,0
2026-01-31 12:04:04,1920134,-918.000,7754.000,-1657.000,-26.000,26.000,44.000,0.000,0.000,0
2026-01-31 12:04:04,1920174,-871.000,7757.000,-1634.000,38.000,64.000,104.000,0.000,0.000,0
2026-01-31 12:04:04,1920214,-845.000,7728.000,-1683.000,-65.000,46.000,152.000,0.000,0.000,0
2026-01-31 12:04:04,1920254,-935.000,7641.000,-1642.000,38.000,-24.000,-190.000,0.000,0.000,0
2026-01-31 12:04:04,1920294,-956.000,8193.000,-1653.000,184.000,66.000,-138.000,0.000,0.000,0
2026-01-31 12:04:04,1920334,-982.000,7556.000,-1828.000,-581.000,-133.000,225.000,0.000,0.000,0
2026-01-31 12:04:04,1920374,-908.000,7620.000,-1532.000,-342.000,-174.000,268.000,0.000,0.000,0
2026-01-31 12:04:05,1920414,-881.000,8069.000,-1316.000,-415.000,-118.000,374.000,0.000,0.000,0
2026-01-31 12:04:05,1920454,-662.000,7605.000,-1446.000,-298.000,-81.000,238.000,0.000,0.000,0
2026-01-31 12:04:05,1920494,-827.000,7741.000,-1508.000,92.000,54.000,-168.000,0.000,0.000,0
2026-01-31 12:04:05,1920534,-824.000,8179.000,-1510.000,235.000,66.000,-67.000,0.000,0.000,0
2026-01-31 12:04:05,1920574,-817.000,8080.000,-1639.000,204.000,-52.000,-209.000,0.000,0.000,0
2026-01-31 12:04:05,1920614,-963.000,7572.000,-1614.000,182.000,-31.000,-340.000,0.000,0.000,0
2026-01-31 12:04:05,1920654,-852.000,7741.000,-1525.000,126.000,-1.000,-192.000,0.000,0.000,0
2026-01-31 12:04:05,1920694,-1000.000,7623.000,-1580.000,175.000,210.000,102.000,0.000,0.000,0
2026-01-31 12:04:05,1920734,-766.000,8249.000,-1625.000,525.000,65.000,-166.000,0.000,0.000,0
2026-01-31 12:04:05,1920774,-1084.000,7732.000,-1751.000,117.000,55.000,-261.000,0.000,0.000,0
2026-01-31 12:04:05,1920814,-1045.000,7493.000,-1758.000,-139.000,-48.000,-102.000,0.000,0.000,0
2026-01-31 12:04:05,1920854,-925.000,7935.000,-1403.000,-27.000,30.000,195.000,0.000,0.000,0
2026-01-31 12:04:05,1920894,-654.000,7739.000,-1833.000,-71.000,-13.000,401.000,0.000,0.000,0
2026-01-31 12:04:05,1920934,-928.000,7427.000,-1592.000,-62.000,0.000,-284.000,0.000,0.000,0
2026-01-31 12:04:05,1920974,-879.000,8456.000,-1695.000,375.000,4.000,-373.000,0.000,0.000,0
2026-01-31 12:04:05,1921014,-873.000,7707.000,-1572.000,-193.000,93.000,-88.000,0.000,0.000,0
2026-01-31 12:04:05,1921054,-1019.000,7898.000,-1934.000,236.000,35.000,-125.000,0.000,0.000,0
2026-01-31 12:04:05,1921094,-949.000,7524.000,-1575.000,-99.000,19.000,82.000,0.000,0.000,0
2026-01-31 12:04:05,1921134,-956.000,7852.000,-1718.000,33.000,54.000,137.000,0.000,0.000,0
2026-01-31 12:04:05,1921174,-938.000,7834.000,-1678.000,41.000,43.000,80.000,0.000,0.000,0
2026-01-31 12:04:05,1921214,-941.000,7913.000,-1623.000,-51.000,103.000,82.000,0.000,0.000,0
2026-01-31 12:04:05,1921254,-999.000,7667.000,-1685.000,-163.000,85.000,262.000,0.000,0.000,0
2026-01-31 12:04:05,1921294,-866.000,7780.000,-1677.000,-64.000,20.000,126.000,0.000,0.000,0
2026-01-31 12:04:05,1921334,-899.000,7192.000,-1728.000,-19.000,-20.000,-642.000,0.000,0.000,0
2026-01-31 12:04:05,1921374,-1079.000,8544.000,-1815.000,304.000,36.000,-325.000,0.000,0.000,0
2026-01-31 12:04:06,1921414,-1026.000,7630.000,-1562.000,-71.000,52.000,-107.000,0.000,0.000,0
2026-01-31 12:04:06,1921454,-1130.000,7856.000,-1686.000,116.000,32.000,44.000,0.000,0.000,0
2026-01-31 12:04:06,1921494,-998.000,7941.000,-1720.000,11.000,-53.000,132.000,0.000,0.000,0
2026-01-31 12:04:06,1921534,-862.000,7898.000,-1547.000,-7.000,-49.000,40.000,0.000,0.000,0
2026-01-31 12:04:06,1921574,-940.000,7914.000,-1706.000,72.000,-27.000,-30.000,0.000,0.000,0
2026-01-31 12:04:06,1921614,-925.000,7990.000,-1748.000,91.000,-64.000,-151.000,0.000,0.000,0
2026-01-31 12:04:06,1921654,-1223.000,7326.000,-1680.000,91.000,-18.000,-236.000,0.000,0.000,0
2026-01-31 12:04:06,1921694,-834.000,8068.000,-1594.000,674.000,-41.000,-372.000,0.000,0.000,0
2026-01-31 12:04:06,1921734,-906.000,7658.000,-1716.000,369.000,150.000,-221.000,0.000,0.000,0
2026-01-31 12:04:06,1921775,-889.000,7475.000,-2909.000,3248.000,595.000,-447.000,0.000,0.000,0
2026-01-31 12:04:06,1921814,-1685.000,7142.000,-2644.000,2643.000,780.000,-334.000,0.000,0.000,0
2026-01-31 12:04:06,1921854,-2479.000,7790.000,-4232.000,5692.000,494.000,-1147.000,0.000,0.000,0
2026-01-31 12:04:06,1921894,-1936.000,8653.000,-3589.000,3020.000,150.000,-680.000,0.000,0.000,0
2026-01-31 12:04:06,1921934,-1149.000,8926.000,-4008.000,464.000,126.000,-828.000,0.000,0.000,0
2026-01-31 12:04:06,1921974,-1520.000,7533.000,-4892.000,647.000,-827.000,-566.000,0.000,0.000,0
2026-01-31 12:04:06,1922016,-1488.000,11092.000,-2551.000,78.000,-1123.000,-1099.000,0.000,0.000,0
2026-01-31 12:04:06,1922054,-1402.000,9781.000,-3167.000,-3078.000,-1359.000,-1244.000,0.000,0.000,0
2026-01-31 12:04:06,1922094,-2102.000,11808.000,-3355.000,-9174.000,-1442.000,-114.000,0.000,0.000,0
2026-01-31 12:04:06,1922134,-1675.000,10082.000,-1716.000,-21329.000,-1378.000,1887.000,0.000,0.000,0
2026-01-31 12:04:06,1922174,-1866.000,8150.000,-3058.000,-25294.000,-1176.000,3084.000,0.000,0.000,0
2026-01-31 12:04:06,1922214,-1446.000,8945.000,258.000,-27423.000,-1592.000,3997.000,0.000,0.000,0
2026-01-31 12:04:06,1922254,-927.000,4683.000,1035.000,32762.000,-1045.000,4017.000,0.000,0.000,0
2026-01-31 12:04:06,1922294,-682.000,-4031.000,3922.000,-32750.000,-199.000,3018.000,0.000,0.000,0
2026-01-31 12:04:06,1922334,-463.000,-7891.000,6038.000,-20041.000,-548.000,-132.000,0.000,0.000,0
2026-01-31 12:04:06,1922374,648.000,-1103.000,6633.000,-3117.000,-1929.000,-1649.000,0.000,0.000,0
2026-01-31 12:04:07,1922414,1007.000,-3192.000,9516.000,-8903.000,-22.000,-869.000,0.000,0.000,0
2026-01-31 12:04:07,1922454,-121.000,-5886.000,6997.000,-9126.000,413.000,-434.000,0.000,0.000,0
2026-01-31 12:04:07,1922494,-40.000,-4520.000,5832.000,-3501.000,-295.000,-547.000,0.000,0.000,0
2026-01-31 12:04:07,1922534,113.000,-5214.000,7229.000,-3585.000,-60.000,-304.000,0.000,0.000,0
2026-01-31 12:04:07,1922574,-166.000,-5351.000,6643.000,-2727.000,-71.000,20.000,0.000,0.000,0
2026-01-31 12:04:07,1922614,-55.000,-5283.000,6222.000,-1696.000,-246.000,192.000,0.000,0.000,0
2026-01-31 12:04:07,1922654,-137.000,-5105.000,6475.000,-1787.000,110.000,455.000,0.000,0.000,0
2026-01-31 12:04:07,1922694,-369.000,-5667.000,5991.000,-1502.000,222.000,372.000,0.000,0.000,0
2026-01-31 12:04:07,1922734,-157.000,-5121.000,5930.000,-949.000,-28.000,334.000,0.000,0.000,0
2026-01-31 12:04:07,1922774,-195.000,-5492.000,6269.000,-1985.000,348.000,213.000,0.000,0.000,0
2026-01-31 12:04:07,1922814,-490.000,-6007.000,6069.000,-1335.000,139.000,220.000,0.000,0.000,0
2026-01-31 12:04:07,1922854,-189.000,-5632.000,5744.000,-365.000,-311.000,297.000,0.000,0.000,0
2026-01-31 12:04:07,1922894,-102.000,-5625.000,6185.000,-671.000,120.000,144.000,0.000,0.000,0
2026-01-31 12:04:07,1922934,-463.000,-6054.000,6432.000,-335.000,21.000,146.000,0.000,0.000,0
2026-01-31 12:04:07,1922974,-435.000,-5951.000,6033.000,-321.000,196.000,39.000,0.000,0.000,0
2026-01-31 12:04:07,1923014,-372.000,-5926.000,6176.000,-785.000,391.000,104.000,0.000,0.000,0
2026-01-31 12:04:07,1923054,-440.000,-6016.000,6053.000,-413.000,368.000,58.000,0.000,0.000,0
2026-01-31 12:04:07,1923094,-369.000,-5838.000,5937.000,-336.000,278.000,59.000,0.000,0.000,0
2026-01-31 12:04:07,1923134,-293.000,-5916.000,5954.000,-365.000,257.000,23.000,0.000,0.000,0
2026-01-31 12:04:07,1923174,-308.000,-5893.000,5992.000,-287.000,240.000,-17.000,0.000,0.000,0
2026-01-31 12:04:07,1923214,-293.000,-6011.000,6069.000,-457.000,231.000,-40.000,0.000,0.000,0
2026-01-31 12:04:07,1923254,-300.000,-6016.000,5852.000,-265.000,194.000,-21.000,0.000,0.000,0
2026-01-31 12:04:07,1923294,-323.000,-6028.000,5871.000,-348.000,172.000,-1.000,0.000,0.000,0
2026-01-31 12:04:07,1923334,-335.000,-6240.000,5815.000,-186.000,167.000,36.000,0.000,0.000,0
2026-01-31 12:04:07,1923374,-328.000,-5815.000,5862.000,169.000,48.000,121.000,0.000,0.000,0
2026-01-31 12:04:08,1923414,-450.000,-5991.000,5897.000,-191.000,-61.000,114.000,0.000,0.000,0
2026-01-31 12:04:08,1923454,-400.000,-6101.000,5879.000,-149.000,-120.000,46.000,0.000,0.000,0
2026-01-31 12:04:08,1923494,-344.000,-5926.000,6046.000,-57.000,-133.000,-17.000,0.000,0.000,0
2026-01-31 12:04:08,1923534,-342.000,-6174.000,6025.000,-321.000,-56.000,6.000,0.000,0.000,0
2026-01-31 12:04:08,1923574,-301.000,-6292.000,6015.000,-51.000,-2.000,-6.000,0.000,0.000,0
2026-01-31 12:04:08,1923614,-355.000,-5973.000,5790.000,-52.000,90.000,140.000,0.000,0.000,0
2026-01-31 12:04:08,1923654,-222.000,-6073.000,5916.000,-370.000,63.000,180.000,0.000,0.000,0
2026-01-31 12:04:08,1923694,-250.000,-6017.000,5601.000,-81.000,459.000,16.000,0.000,0.000,0
2026-01-31 12:04:08,1923735,-680.000,-6086.000,5850.000,206.000,182.000,-205.000,0.000,0.000,0
2026-01-31 12:04:08,1923774,-264.000,-5822.000,6494.000,230.000,-542.000,-152.000,0.000,0.000,0
2026-01-31 12:04:08,1923814,-1102.000,-6586.000,5875.000,-428.000,51.000,108.000,0.000,0.000,0
